model_name,name_dataset,bias_level,threshold,data_type,n_S,n_X,n_U,total_samples,ROC_AUC,Accuracy,Precision,Recall,F1_Score,Statistical_Parity_Diff_(ATE),Disparate_Impact_Ratio,Equal_Opportunity_Diff,Pos_Rate_S1,Pos_Rate_S0
SRCVAE,HR_N1000_HighBias_Thresh1.0_Seed1000_BIASED_ALL.csv,HighBias,1.0,BIASED_ALL,2,6,4,1000,0.63,0.89,0.0,0.0,0.0,0.0104000000283122,inf,0.0,0.0104000000283122,0.0
SRCVAE,HR_N1000_HighBias_Thresh1.0_Seed1000_BIASED_FAIRNESS.csv,HighBias,1.0,BIASED_FAIRNESS,1,6,0,1000,0.4097,0.895,0.0,0.0,0.0,0.0,inf,0.0,0.0,0.0
SRCVAE,HR_N1000_HighBias_Thresh1.0_Seed1000_BIASED_MASKED.csv,HighBias,1.0,BIASED_MASKED,0,6,0,1000,0.6829,0.895,0.0,0.0,0.0,,,,,
SRCVAE,HR_N1000_HighBias_Thresh1.0_Seed1000_FAIR_ALL.csv,HighBias,1.0,FAIR_ALL,2,6,4,1000,0.4934,0.915,0.915,1.0,0.9556,0.0,1.0,0.0,1.0,1.0
SRCVAE,HR_N1000_HighBias_Thresh1.0_Seed100_BIASED_ALL.csv,HighBias,1.0,BIASED_ALL,2,6,4,1000,0.6892,0.9,0.0,0.0,0.0,0.0,inf,0.0,0.0,0.0
SRCVAE,HR_N1000_HighBias_Thresh1.0_Seed100_BIASED_FAIRNESS.csv,HighBias,1.0,BIASED_FAIRNESS,1,6,0,1000,0.7419,0.88,0.0,0.0,0.0,0.0284000001847744,0.0,0.0,0.0,0.0284000001847744
SRCVAE,HR_N1000_HighBias_Thresh1.0_Seed100_BIASED_MASKED.csv,HighBias,1.0,BIASED_MASKED,0,6,0,1000,0.8522,0.9,0.5,0.05,0.0909,,,,,
SRCVAE,HR_N1000_HighBias_Thresh1.0_Seed100_FAIR_ALL.csv,HighBias,1.0,FAIR_ALL,2,6,4,1000,0.6865,0.925,0.925,1.0,0.961,0.0,1.0,0.0,1.0,1.0
SRCVAE,HR_N1000_HighBias_Thresh1.0_Seed1100_BIASED_ALL.csv,HighBias,1.0,BIASED_ALL,2,6,4,1000,0.9505,0.895,0.0,0.0,0.0,0.0,inf,0.0,0.0,0.0
SRCVAE,HR_N1000_HighBias_Thresh1.0_Seed1100_BIASED_FAIRNESS.csv,HighBias,1.0,BIASED_FAIRNESS,1,6,0,1000,0.7763,0.895,0.0,0.0,0.0,0.0,inf,0.0,0.0,0.0
SRCVAE,HR_N1000_HighBias_Thresh1.0_Seed1100_BIASED_MASKED.csv,HighBias,1.0,BIASED_MASKED,0,6,0,1000,0.7191,0.865,0.0,0.0,0.0,,,,,
SRCVAE,HR_N1000_HighBias_Thresh1.0_Seed1100_FAIR_ALL.csv,HighBias,1.0,FAIR_ALL,2,6,4,1000,0.5085,0.92,0.92,1.0,0.9583,0.0,1.0,0.0,1.0,1.0
SRCVAE,HR_N1000_HighBias_Thresh1.0_Seed1200_BIASED_ALL.csv,HighBias,1.0,BIASED_ALL,2,6,4,1000,0.5434,0.89,0.0,0.0,0.0,0.0,inf,0.0,0.0,0.0
SRCVAE,HR_N1000_HighBias_Thresh1.0_Seed1200_BIASED_FAIRNESS.csv,HighBias,1.0,BIASED_FAIRNESS,1,6,0,1000,0.8726,0.91,0.625,0.4545,0.5263,0.2623000144958496,inf,0.5,0.2623000144958496,0.0
SRCVAE,HR_N1000_HighBias_Thresh1.0_Seed1200_BIASED_MASKED.csv,HighBias,1.0,BIASED_MASKED,0,6,0,1000,0.6869,0.89,0.0,0.0,0.0,,,,,
SRCVAE,HR_N1000_HighBias_Thresh1.0_Seed1200_FAIR_ALL.csv,HighBias,1.0,FAIR_ALL,2,6,4,1000,0.5345,0.895,0.895,1.0,0.9446,0.0,1.0,0.0,1.0,1.0
SRCVAE,HR_N1000_HighBias_Thresh1.0_Seed1300_BIASED_ALL.csv,HighBias,1.0,BIASED_ALL,2,6,4,1000,0.7433,0.905,1.0,0.0952,0.1739,0.0204000007361173,0.0,0.1333,0.0,0.0204000007361173
SRCVAE,HR_N1000_HighBias_Thresh1.0_Seed1300_BIASED_FAIRNESS.csv,HighBias,1.0,BIASED_FAIRNESS,1,6,0,1000,0.8351,0.91,0.8,0.1905,0.3077,0.0522000007331371,7.940299987792969,0.2857,0.0597000010311603,0.0074999998323619
SRCVAE,HR_N1000_HighBias_Thresh1.0_Seed1300_BIASED_MASKED.csv,HighBias,1.0,BIASED_MASKED,0,6,0,1000,0.7486,0.885,0.0,0.0,0.0,,,,,
SRCVAE,HR_N1000_HighBias_Thresh1.0_Seed1300_FAIR_ALL.csv,HighBias,1.0,FAIR_ALL,2,6,4,1000,0.5938,0.92,0.92,1.0,0.9583,0.0,1.0,0.0,1.0,1.0
SRCVAE,HR_N1000_HighBias_Thresh1.0_Seed1400_BIASED_ALL.csv,HighBias,1.0,BIASED_ALL,2,6,4,1000,0.7133,0.865,0.0,0.0,0.0,0.0471000000834465,inf,0.0,0.0471000000834465,0.0
SRCVAE,HR_N1000_HighBias_Thresh1.0_Seed1400_BIASED_FAIRNESS.csv,HighBias,1.0,BIASED_FAIRNESS,1,6,0,1000,0.734,0.875,0.25,0.0435,0.0741,0.0689999982714653,inf,0.0625,0.0689999982714653,0.0
SRCVAE,HR_N1000_HighBias_Thresh1.0_Seed1400_BIASED_MASKED.csv,HighBias,1.0,BIASED_MASKED,0,6,0,1000,0.6536,0.83,0.0,0.0,0.0,,,,,
SRCVAE,HR_N1000_HighBias_Thresh1.0_Seed1400_FAIR_ALL.csv,HighBias,1.0,FAIR_ALL,2,6,4,1000,0.472,0.93,0.93,1.0,0.9637,0.0,1.0,0.0,1.0,1.0
SRCVAE,HR_N1000_HighBias_Thresh1.0_Seed1500_BIASED_ALL.csv,HighBias,1.0,BIASED_ALL,2,6,4,1000,0.5135,0.87,0.0,0.0,0.0,0.0060999998822808,1.3529000282287598,0.0,0.0234999991953372,0.017400000244379
SRCVAE,HR_N1000_HighBias_Thresh1.0_Seed1500_BIASED_FAIRNESS.csv,HighBias,1.0,BIASED_FAIRNESS,1,6,0,1000,0.7477,0.89,0.0,0.0,0.0,0.0,inf,0.0,0.0,0.0
SRCVAE,HR_N1000_HighBias_Thresh1.0_Seed1500_BIASED_MASKED.csv,HighBias,1.0,BIASED_MASKED,0,6,0,1000,0.6504,0.89,0.0,0.0,0.0,,,,,
SRCVAE,HR_N1000_HighBias_Thresh1.0_Seed1500_FAIR_ALL.csv,HighBias,1.0,FAIR_ALL,2,6,4,1000,0.5897,0.905,0.905,1.0,0.9501,0.0,1.0,0.0,1.0,1.0
SRCVAE,HR_N1000_HighBias_Thresh1.0_Seed1600_BIASED_ALL.csv,HighBias,1.0,BIASED_ALL,2,6,4,1000,0.5964,0.865,0.125,0.0476,0.069,0.0599999986588954,7.0,0.0625,0.0700000002980232,0.0099999997764825
SRCVAE,HR_N1000_HighBias_Thresh1.0_Seed1600_BIASED_FAIRNESS.csv,HighBias,1.0,BIASED_FAIRNESS,1,6,0,1000,0.1636,0.895,0.0,0.0,0.0,0.0,inf,0.0,0.0,0.0
SRCVAE,HR_N1000_HighBias_Thresh1.0_Seed1600_BIASED_MASKED.csv,HighBias,1.0,BIASED_MASKED,0,6,0,1000,0.5289,0.89,0.0,0.0,0.0,,,,,
SRCVAE,HR_N1000_HighBias_Thresh1.0_Seed1600_FAIR_ALL.csv,HighBias,1.0,FAIR_ALL,2,6,4,1000,0.4532,0.915,0.915,1.0,0.9556,0.0,1.0,0.0,1.0,1.0
SRCVAE,HR_N1000_HighBias_Thresh1.0_Seed1700_BIASED_ALL.csv,HighBias,1.0,BIASED_ALL,2,6,4,1000,0.4307,0.795,0.0,0.0,0.0,0.2424000054597854,inf,0.0,0.2424000054597854,0.0
SRCVAE,HR_N1000_HighBias_Thresh1.0_Seed1700_BIASED_FAIRNESS.csv,HighBias,1.0,BIASED_FAIRNESS,1,6,0,1000,0.7927,0.915,0.0,0.0,0.0,0.0,inf,0.0,0.0,0.0
SRCVAE,HR_N1000_HighBias_Thresh1.0_Seed1700_BIASED_MASKED.csv,HighBias,1.0,BIASED_MASKED,0,6,0,1000,0.8319,0.915,0.0,0.0,0.0,,,,,
SRCVAE,HR_N1000_HighBias_Thresh1.0_Seed1700_FAIR_ALL.csv,HighBias,1.0,FAIR_ALL,2,6,4,1000,0.3149,0.92,0.92,1.0,0.9583,0.0,1.0,0.0,1.0,1.0
SRCVAE,HR_N1000_HighBias_Thresh1.0_Seed1800_BIASED_ALL.csv,HighBias,1.0,BIASED_ALL,2,6,4,1000,0.7569,0.89,0.0,0.0,0.0,0.0206000003963708,inf,0.0,0.0206000003963708,0.0
SRCVAE,HR_N1000_HighBias_Thresh1.0_Seed1800_BIASED_FAIRNESS.csv,HighBias,1.0,BIASED_FAIRNESS,1,6,0,1000,0.7006,0.9,0.0,0.0,0.0,0.0,inf,0.0,0.0,0.0
SRCVAE,HR_N1000_HighBias_Thresh1.0_Seed1800_BIASED_MASKED.csv,HighBias,1.0,BIASED_MASKED,0,6,0,1000,0.8153,0.9,0.0,0.0,0.0,,,,,
SRCVAE,HR_N1000_HighBias_Thresh1.0_Seed1800_FAIR_ALL.csv,HighBias,1.0,FAIR_ALL,2,6,4,1000,0.5998,0.91,0.91,1.0,0.9529,0.0,1.0,0.0,1.0,1.0
SRCVAE,HR_N1000_HighBias_Thresh1.0_Seed1900_BIASED_ALL.csv,HighBias,1.0,BIASED_ALL,2,6,4,1000,0.8603,0.91,0.7143,0.2381,0.3571,0.025900000706315,0.4510999917984009,0.2636,0.0212999992072582,0.0472000017762184
SRCVAE,HR_N1000_HighBias_Thresh1.0_Seed1900_BIASED_FAIRNESS.csv,HighBias,1.0,BIASED_FAIRNESS,1,6,0,1000,0.6941,0.895,0.0,0.0,0.0,0.0,inf,0.0,0.0,0.0
SRCVAE,HR_N1000_HighBias_Thresh1.0_Seed1900_BIASED_MASKED.csv,HighBias,1.0,BIASED_MASKED,0,6,0,1000,0.677,0.895,0.0,0.0,0.0,,,,,
SRCVAE,HR_N1000_HighBias_Thresh1.0_Seed1900_FAIR_ALL.csv,HighBias,1.0,FAIR_ALL,2,6,4,1000,0.3584,0.92,0.92,1.0,0.9583,0.0,1.0,0.0,1.0,1.0
SRCVAE,HR_N1000_HighBias_Thresh1.0_Seed2000_BIASED_ALL.csv,HighBias,1.0,BIASED_ALL,2,6,4,1000,0.755,0.875,0.3333,0.0417,0.0741,0.0294000003486871,inf,0.0833,0.0294000003486871,0.0
SRCVAE,HR_N1000_HighBias_Thresh1.0_Seed2000_BIASED_FAIRNESS.csv,HighBias,1.0,BIASED_FAIRNESS,1,6,0,1000,0.648,0.88,0.0,0.0,0.0,0.0,inf,0.0,0.0,0.0
SRCVAE,HR_N1000_HighBias_Thresh1.0_Seed2000_BIASED_MASKED.csv,HighBias,1.0,BIASED_MASKED,0,6,0,1000,0.6776,0.875,0.0,0.0,0.0,,,,,
SRCVAE,HR_N1000_HighBias_Thresh1.0_Seed2000_FAIR_ALL.csv,HighBias,1.0,FAIR_ALL,2,6,4,1000,0.4874,0.92,0.92,1.0,0.9583,0.0,1.0,0.0,1.0,1.0
SRCVAE,HR_N1000_HighBias_Thresh1.0_Seed200_BIASED_ALL.csv,HighBias,1.0,BIASED_ALL,2,6,4,1000,0.5555,0.895,0.0,0.0,0.0,0.0,inf,0.0,0.0,0.0
SRCVAE,HR_N1000_HighBias_Thresh1.0_Seed200_BIASED_FAIRNESS.csv,HighBias,1.0,BIASED_FAIRNESS,1,6,0,1000,0.6927,0.895,0.0,0.0,0.0,0.0,inf,0.0,0.0,0.0
SRCVAE,HR_N1000_HighBias_Thresh1.0_Seed200_BIASED_MASKED.csv,HighBias,1.0,BIASED_MASKED,0,6,0,1000,0.734,0.89,0.0,0.0,0.0,,,,,
SRCVAE,HR_N1000_HighBias_Thresh1.0_Seed200_FAIR_ALL.csv,HighBias,1.0,FAIR_ALL,2,6,4,1000,0.5194,0.915,0.915,1.0,0.9556,0.0,1.0,0.0,1.0,1.0
SRCVAE,HR_N1000_HighBias_Thresh1.0_Seed300_BIASED_ALL.csv,HighBias,1.0,BIASED_ALL,2,6,4,1000,0.9278,0.905,1.0,0.1739,0.2963,0.0,1.0,0.0794,0.0199999995529651,0.0199999995529651
SRCVAE,HR_N1000_HighBias_Thresh1.0_Seed300_BIASED_FAIRNESS.csv,HighBias,1.0,BIASED_FAIRNESS,1,6,0,1000,0.8868,0.89,1.0,0.0435,0.0833,0.0152000002562999,inf,0.05,0.0152000002562999,0.0
SRCVAE,HR_N1000_HighBias_Thresh1.0_Seed300_BIASED_MASKED.csv,HighBias,1.0,BIASED_MASKED,0,6,0,1000,0.747,0.87,0.0,0.0,0.0,,,,,
SRCVAE,HR_N1000_HighBias_Thresh1.0_Seed300_FAIR_ALL.csv,HighBias,1.0,FAIR_ALL,2,6,4,1000,0.5333,0.925,0.925,1.0,0.961,0.0,1.0,0.0,1.0,1.0
SRCVAE,HR_N1000_HighBias_Thresh1.0_Seed400_BIASED_ALL.csv,HighBias,1.0,BIASED_ALL,2,6,4,1000,0.4564,0.9,0.0,0.0,0.0,0.0,inf,0.0,0.0,0.0
SRCVAE,HR_N1000_HighBias_Thresh1.0_Seed400_BIASED_FAIRNESS.csv,HighBias,1.0,BIASED_FAIRNESS,1,6,0,1000,0.7397,0.9,0.0,0.0,0.0,0.0,inf,0.0,0.0,0.0
SRCVAE,HR_N1000_HighBias_Thresh1.0_Seed400_BIASED_MASKED.csv,HighBias,1.0,BIASED_MASKED,0,6,0,1000,0.6553,0.9,0.0,0.0,0.0,,,,,
SRCVAE,HR_N1000_HighBias_Thresh1.0_Seed400_FAIR_ALL.csv,HighBias,1.0,FAIR_ALL,2,6,4,1000,0.4674,0.93,0.93,1.0,0.9637,0.0,1.0,0.0,1.0,1.0
SRCVAE,HR_N1000_HighBias_Thresh1.0_Seed500_BIASED_ALL.csv,HighBias,1.0,BIASED_ALL,2,6,4,1000,0.7583,0.865,0.0,0.0,0.0,0.0714000016450882,inf,0.0,0.0714000016450882,0.0
SRCVAE,HR_N1000_HighBias_Thresh1.0_Seed500_BIASED_FAIRNESS.csv,HighBias,1.0,BIASED_FAIRNESS,1,6,0,1000,0.8211,0.9,0.0,0.0,0.0,0.0,inf,0.0,0.0,0.0
SRCVAE,HR_N1000_HighBias_Thresh1.0_Seed500_BIASED_MASKED.csv,HighBias,1.0,BIASED_MASKED,0,6,0,1000,0.8119,0.845,0.28,0.35,0.3111,,,,,
SRCVAE,HR_N1000_HighBias_Thresh1.0_Seed500_FAIR_ALL.csv,HighBias,1.0,FAIR_ALL,2,6,4,1000,0.4259,0.89,0.89,1.0,0.9418,0.0,1.0,0.0,1.0,1.0
SRCVAE,HR_N1000_HighBias_Thresh1.0_Seed600_BIASED_ALL.csv,HighBias,1.0,BIASED_ALL,2,6,4,1000,0.6674,0.88,0.0,0.0,0.0,0.0098999999463558,inf,0.0,0.0098999999463558,0.0
SRCVAE,HR_N1000_HighBias_Thresh1.0_Seed600_BIASED_FAIRNESS.csv,HighBias,1.0,BIASED_FAIRNESS,1,6,0,1000,0.6836,0.88,0.0,0.0,0.0,0.0071999998763203,0.0,0.0,0.0,0.0071999998763203
SRCVAE,HR_N1000_HighBias_Thresh1.0_Seed600_BIASED_MASKED.csv,HighBias,1.0,BIASED_MASKED,0,6,0,1000,0.7605,0.895,0.625,0.2174,0.3226,,,,,
SRCVAE,HR_N1000_HighBias_Thresh1.0_Seed600_FAIR_ALL.csv,HighBias,1.0,FAIR_ALL,2,6,4,1000,0.4001,0.92,0.92,1.0,0.9583,0.0,1.0,0.0,1.0,1.0
SRCVAE,HR_N1000_HighBias_Thresh1.0_Seed700_BIASED_ALL.csv,HighBias,1.0,BIASED_ALL,2,6,4,1000,0.7478,0.9,0.0,0.0,0.0,0.0,inf,0.0,0.0,0.0
SRCVAE,HR_N1000_HighBias_Thresh1.0_Seed700_BIASED_FAIRNESS.csv,HighBias,1.0,BIASED_FAIRNESS,1,6,0,1000,0.8078,0.905,0.6667,0.1,0.1739,0.0295000001788139,5.27269983291626,0.1429,0.0364000014960765,0.0068999999202787
SRCVAE,HR_N1000_HighBias_Thresh1.0_Seed700_BIASED_MASKED.csv,HighBias,1.0,BIASED_MASKED,0,6,0,1000,0.8156,0.88,0.375,0.3,0.3333,,,,,
SRCVAE,HR_N1000_HighBias_Thresh1.0_Seed700_FAIR_ALL.csv,HighBias,1.0,FAIR_ALL,2,6,4,1000,0.6172,0.91,0.91,1.0,0.9529,0.0,1.0,0.0,1.0,1.0
SRCVAE,HR_N1000_HighBias_Thresh1.0_Seed800_BIASED_ALL.csv,HighBias,1.0,BIASED_ALL,2,6,4,1000,0.6834,0.895,1.0,0.0455,0.087,0.0102000003680586,0.0,0.0625,0.0,0.0102000003680586
SRCVAE,HR_N1000_HighBias_Thresh1.0_Seed800_BIASED_FAIRNESS.csv,HighBias,1.0,BIASED_FAIRNESS,1,6,0,1000,0.5901,0.885,0.0,0.0,0.0,0.0068999999202787,0.0,0.0,0.0,0.0068999999202787
SRCVAE,HR_N1000_HighBias_Thresh1.0_Seed800_BIASED_MASKED.csv,HighBias,1.0,BIASED_MASKED,0,6,0,1000,0.6517,0.89,0.0,0.0,0.0,,,,,
SRCVAE,HR_N1000_HighBias_Thresh1.0_Seed800_FAIR_ALL.csv,HighBias,1.0,FAIR_ALL,2,6,4,1000,0.5221,0.92,0.92,1.0,0.9583,0.0,1.0,0.0,1.0,1.0
SRCVAE,HR_N1000_HighBias_Thresh1.0_Seed900_BIASED_ALL.csv,HighBias,1.0,BIASED_ALL,2,6,4,1000,0.834,0.905,0.0,0.0,0.0,0.0,inf,0.0,0.0,0.0
SRCVAE,HR_N1000_HighBias_Thresh1.0_Seed900_BIASED_FAIRNESS.csv,HighBias,1.0,BIASED_FAIRNESS,1,6,0,1000,0.5284,0.885,0.0,0.0,0.0,0.0270000007003545,0.0,0.0,0.0,0.0270000007003545
SRCVAE,HR_N1000_HighBias_Thresh1.0_Seed900_BIASED_MASKED.csv,HighBias,1.0,BIASED_MASKED,0,6,0,1000,0.7726,0.88,0.1429,0.0526,0.0769,,,,,
SRCVAE,HR_N1000_HighBias_Thresh1.0_Seed900_FAIR_ALL.csv,HighBias,1.0,FAIR_ALL,2,6,4,1000,0.5893,0.92,0.92,1.0,0.9583,0.0,1.0,0.0,1.0,1.0
SRCVAE,HR_N1000_HighBias_Thresh2.5_Seed1000_BIASED_ALL.csv,HighBias,2.5,BIASED_ALL,2,6,4,1000,0.5568,0.845,0.0,0.0,0.0,0.157600000500679,18.33329963684082,0.0,0.166700005531311,0.0091000003740191
SRCVAE,HR_N1000_HighBias_Thresh2.5_Seed1000_BIASED_FAIRNESS.csv,HighBias,2.5,BIASED_FAIRNESS,1,6,0,1000,0.6941,0.92,0.0,0.0,0.0,0.0168999992311,inf,0.0,0.0168999992311,0.0
SRCVAE,HR_N1000_HighBias_Thresh2.5_Seed1000_BIASED_MASKED.csv,HighBias,2.5,BIASED_MASKED,0,6,0,1000,0.7045,0.92,0.0,0.0,0.0,,,,,
SRCVAE,HR_N1000_HighBias_Thresh2.5_Seed1000_FAIR_ALL.csv,HighBias,2.5,FAIR_ALL,2,6,4,1000,0.735,0.91,0.91,1.0,0.9529,0.0,1.0,0.0,1.0,1.0
SRCVAE,HR_N1000_HighBias_Thresh2.5_Seed100_BIASED_ALL.csv,HighBias,2.5,BIASED_ALL,2,6,4,1000,0.3182,0.925,0.0,0.0,0.0,0.0,inf,0.0,0.0,0.0
SRCVAE,HR_N1000_HighBias_Thresh2.5_Seed100_BIASED_FAIRNESS.csv,HighBias,2.5,BIASED_FAIRNESS,1,6,0,1000,0.5395,0.925,0.0,0.0,0.0,0.0,inf,0.0,0.0,0.0
SRCVAE,HR_N1000_HighBias_Thresh2.5_Seed100_BIASED_MASKED.csv,HighBias,2.5,BIASED_MASKED,0,6,0,1000,0.7751,0.795,0.2174,0.6667,0.3279,,,,,
SRCVAE,HR_N1000_HighBias_Thresh2.5_Seed100_FAIR_ALL.csv,HighBias,2.5,FAIR_ALL,2,6,4,1000,0.3825,0.915,0.915,1.0,0.9556,0.0,1.0,0.0,1.0,1.0
SRCVAE,HR_N1000_HighBias_Thresh2.5_Seed1100_BIASED_ALL.csv,HighBias,2.5,BIASED_ALL,2,6,4,1000,0.881,0.935,0.8571,0.3333,0.48,0.0472999997437,0.1806000024080276,0.4,0.0104000000283122,0.0577000007033348
SRCVAE,HR_N1000_HighBias_Thresh2.5_Seed1100_BIASED_FAIRNESS.csv,HighBias,2.5,BIASED_FAIRNESS,1,6,0,1000,0.7647,0.91,0.0,0.0,0.0,0.0,inf,0.0,0.0,0.0
SRCVAE,HR_N1000_HighBias_Thresh2.5_Seed1100_BIASED_MASKED.csv,HighBias,2.5,BIASED_MASKED,0,6,0,1000,0.8162,0.915,1.0,0.0556,0.1053,,,,,
SRCVAE,HR_N1000_HighBias_Thresh2.5_Seed1100_FAIR_ALL.csv,HighBias,2.5,FAIR_ALL,2,6,4,1000,0.4756,0.91,0.91,1.0,0.9529,0.0,1.0,0.0,1.0,1.0
SRCVAE,HR_N1000_HighBias_Thresh2.5_Seed1200_BIASED_ALL.csv,HighBias,2.5,BIASED_ALL,2,6,4,1000,0.7041,0.925,0.0,0.0,0.0,0.0,inf,0.0,0.0,0.0
SRCVAE,HR_N1000_HighBias_Thresh2.5_Seed1200_BIASED_FAIRNESS.csv,HighBias,2.5,BIASED_FAIRNESS,1,6,0,1000,0.7243,0.925,0.0,0.0,0.0,0.0,inf,0.0,0.0,0.0
SRCVAE,HR_N1000_HighBias_Thresh2.5_Seed1200_BIASED_MASKED.csv,HighBias,2.5,BIASED_MASKED,0,6,0,1000,0.7596,0.925,0.5,0.0667,0.1176,,,,,
SRCVAE,HR_N1000_HighBias_Thresh2.5_Seed1200_FAIR_ALL.csv,HighBias,2.5,FAIR_ALL,2,6,4,1000,0.4308,0.89,0.89,1.0,0.9418,0.0,1.0,0.0,1.0,1.0
SRCVAE,HR_N1000_HighBias_Thresh2.5_Seed1300_BIASED_ALL.csv,HighBias,2.5,BIASED_ALL,2,6,4,1000,0.8305,0.91,0.0,0.0,0.0,0.0210999995470047,inf,0.0,0.0210999995470047,0.0
SRCVAE,HR_N1000_HighBias_Thresh2.5_Seed1300_BIASED_FAIRNESS.csv,HighBias,2.5,BIASED_FAIRNESS,1,6,0,1000,0.538,0.92,0.0,0.0,0.0,0.0,inf,0.0,0.0,0.0
SRCVAE,HR_N1000_HighBias_Thresh2.5_Seed1300_BIASED_MASKED.csv,HighBias,2.5,BIASED_MASKED,0,6,0,1000,0.9029,0.93,1.0,0.125,0.2222,,,,,
SRCVAE,HR_N1000_HighBias_Thresh2.5_Seed1300_FAIR_ALL.csv,HighBias,2.5,FAIR_ALL,2,6,4,1000,0.5433,0.91,0.91,1.0,0.9529,0.0,1.0,0.0,1.0,1.0
SRCVAE,HR_N1000_HighBias_Thresh2.5_Seed1400_BIASED_ALL.csv,HighBias,2.5,BIASED_ALL,2,6,4,1000,0.7054,0.905,0.0,0.0,0.0,0.0102000003680586,0.0,0.0,0.0,0.0102000003680586
SRCVAE,HR_N1000_HighBias_Thresh2.5_Seed1400_BIASED_FAIRNESS.csv,HighBias,2.5,BIASED_FAIRNESS,1,6,0,1000,0.6426,0.865,0.0909,0.0556,0.069,0.0540000014007091,0.238999992609024,0.0833,0.0168999992311,0.0709000006318092
SRCVAE,HR_N1000_HighBias_Thresh2.5_Seed1400_BIASED_MASKED.csv,HighBias,2.5,BIASED_MASKED,0,6,0,1000,0.7112,0.915,1.0,0.0556,0.1053,,,,,
SRCVAE,HR_N1000_HighBias_Thresh2.5_Seed1400_FAIR_ALL.csv,HighBias,2.5,FAIR_ALL,2,6,4,1000,0.4698,0.905,0.9188,0.9837,0.9501,0.0111999996006488,1.0115000009536743,0.0105,0.9904000163078308,0.979200005531311
SRCVAE,HR_N1000_HighBias_Thresh2.5_Seed1500_BIASED_ALL.csv,HighBias,2.5,BIASED_ALL,2,6,4,1000,0.6974,0.92,0.0,0.0,0.0,0.0,inf,0.0,0.0,0.0
SRCVAE,HR_N1000_HighBias_Thresh2.5_Seed1500_BIASED_FAIRNESS.csv,HighBias,2.5,BIASED_FAIRNESS,1,6,0,1000,0.6151,0.92,0.0,0.0,0.0,0.0,inf,0.0,0.0,0.0
SRCVAE,HR_N1000_HighBias_Thresh2.5_Seed1500_BIASED_MASKED.csv,HighBias,2.5,BIASED_MASKED,0,6,0,1000,0.6892,0.92,0.0,0.0,0.0,,,,,
SRCVAE,HR_N1000_HighBias_Thresh2.5_Seed1500_FAIR_ALL.csv,HighBias,2.5,FAIR_ALL,2,6,4,1000,0.4003,0.9,0.9,1.0,0.9474,0.0,1.0,0.0,1.0,1.0
SRCVAE,HR_N1000_HighBias_Thresh2.5_Seed1600_BIASED_ALL.csv,HighBias,2.5,BIASED_ALL,2,6,4,1000,0.8414,0.935,1.0,0.1333,0.2353,0.0012000000569969,0.8867999911308289,0.0556,0.0093999998643994,0.0105999996885657
SRCVAE,HR_N1000_HighBias_Thresh2.5_Seed1600_BIASED_FAIRNESS.csv,HighBias,2.5,BIASED_FAIRNESS,1,6,0,1000,0.6303,0.925,0.0,0.0,0.0,0.0,inf,0.0,0.0,0.0
SRCVAE,HR_N1000_HighBias_Thresh2.5_Seed1600_BIASED_MASKED.csv,HighBias,2.5,BIASED_MASKED,0,6,0,1000,0.7294,0.925,0.0,0.0,0.0,,,,,
SRCVAE,HR_N1000_HighBias_Thresh2.5_Seed1600_FAIR_ALL.csv,HighBias,2.5,FAIR_ALL,2,6,4,1000,0.6853,0.91,0.91,1.0,0.9529,0.0,1.0,0.0,1.0,1.0
SRCVAE,HR_N1000_HighBias_Thresh2.5_Seed1700_BIASED_ALL.csv,HighBias,2.5,BIASED_ALL,2,6,4,1000,0.6041,0.925,0.0,0.0,0.0,0.0104999998584389,inf,0.0,0.0104999998584389,0.0
SRCVAE,HR_N1000_HighBias_Thresh2.5_Seed1700_BIASED_FAIRNESS.csv,HighBias,2.5,BIASED_FAIRNESS,1,6,0,1000,0.7945,0.935,1.0,0.0714,0.1333,0.0196000002324581,inf,0.0833,0.0196000002324581,0.0
SRCVAE,HR_N1000_HighBias_Thresh2.5_Seed1700_BIASED_MASKED.csv,HighBias,2.5,BIASED_MASKED,0,6,0,1000,0.9259,0.94,0.6667,0.2857,0.4,,,,,
SRCVAE,HR_N1000_HighBias_Thresh2.5_Seed1700_FAIR_ALL.csv,HighBias,2.5,FAIR_ALL,2,6,4,1000,0.4796,0.915,0.915,1.0,0.9556,0.0,1.0,0.0,1.0,1.0
SRCVAE,HR_N1000_HighBias_Thresh2.5_Seed1800_BIASED_ALL.csv,HighBias,2.5,BIASED_ALL,2,6,4,1000,0.8251,0.92,0.0,0.0,0.0,0.0,inf,0.0,0.0,0.0
SRCVAE,HR_N1000_HighBias_Thresh2.5_Seed1800_BIASED_FAIRNESS.csv,HighBias,2.5,BIASED_FAIRNESS,1,6,0,1000,0.6328,0.87,0.0,0.0,0.0,0.0751999989151954,0.0,0.0,0.0,0.0751999989151954
SRCVAE,HR_N1000_HighBias_Thresh2.5_Seed1800_BIASED_MASKED.csv,HighBias,2.5,BIASED_MASKED,0,6,0,1000,0.8322,0.9,0.0,0.0,0.0,,,,,
SRCVAE,HR_N1000_HighBias_Thresh2.5_Seed1800_FAIR_ALL.csv,HighBias,2.5,FAIR_ALL,2,6,4,1000,0.5222,0.905,0.905,1.0,0.9501,0.0,1.0,0.0,1.0,1.0
SRCVAE,HR_N1000_HighBias_Thresh2.5_Seed1900_BIASED_ALL.csv,HighBias,2.5,BIASED_ALL,2,6,4,1000,0.751,0.93,1.0,0.0667,0.125,0.0097000002861022,0.0,0.0714,0.0,0.0097000002861022
SRCVAE,HR_N1000_HighBias_Thresh2.5_Seed1900_BIASED_FAIRNESS.csv,HighBias,2.5,BIASED_FAIRNESS,1,6,0,1000,0.729,0.94,0.8,0.2667,0.4,0.0703999996185302,inf,0.2857,0.0703999996185302,0.0
SRCVAE,HR_N1000_HighBias_Thresh2.5_Seed1900_BIASED_MASKED.csv,HighBias,2.5,BIASED_MASKED,0,6,0,1000,0.7182,0.92,0.0,0.0,0.0,,,,,
SRCVAE,HR_N1000_HighBias_Thresh2.5_Seed1900_FAIR_ALL.csv,HighBias,2.5,FAIR_ALL,2,6,4,1000,0.438,0.915,0.915,1.0,0.9556,0.0,1.0,0.0,1.0,1.0
SRCVAE,HR_N1000_HighBias_Thresh2.5_Seed2000_BIASED_ALL.csv,HighBias,2.5,BIASED_ALL,2,6,4,1000,0.81,0.925,1.0,0.1176,0.2105,0.0212999992072582,0.0,0.125,0.0,0.0212999992072582
SRCVAE,HR_N1000_HighBias_Thresh2.5_Seed2000_BIASED_FAIRNESS.csv,HighBias,2.5,BIASED_FAIRNESS,1,6,0,1000,0.3121,0.905,0.0,0.0,0.0,0.0153999999165534,0.0,0.0,0.0,0.0153999999165534
SRCVAE,HR_N1000_HighBias_Thresh2.5_Seed2000_BIASED_MASKED.csv,HighBias,2.5,BIASED_MASKED,0,6,0,1000,0.7965,0.94,0.8571,0.3529,0.5,,,,,
SRCVAE,HR_N1000_HighBias_Thresh2.5_Seed2000_FAIR_ALL.csv,HighBias,2.5,FAIR_ALL,2,6,4,1000,0.379,0.915,0.915,1.0,0.9556,0.0,1.0,0.0,1.0,1.0
SRCVAE,HR_N1000_HighBias_Thresh2.5_Seed200_BIASED_ALL.csv,HighBias,2.5,BIASED_ALL,2,6,4,1000,0.9004,0.92,1.0,0.0588,0.1111,0.0096000004559755,0.0,0.0833,0.0,0.0096000004559755
SRCVAE,HR_N1000_HighBias_Thresh2.5_Seed200_BIASED_FAIRNESS.csv,HighBias,2.5,BIASED_FAIRNESS,1,6,0,1000,0.6503,0.725,0.0,0.0,0.0,0.2694999873638153,0.0,0.0,0.0,0.2694999873638153
SRCVAE,HR_N1000_HighBias_Thresh2.5_Seed200_BIASED_MASKED.csv,HighBias,2.5,BIASED_MASKED,0,6,0,1000,0.8714,0.915,0.0,0.0,0.0,,,,,
SRCVAE,HR_N1000_HighBias_Thresh2.5_Seed200_FAIR_ALL.csv,HighBias,2.5,FAIR_ALL,2,6,4,1000,0.4871,0.905,0.905,1.0,0.9501,0.0,1.0,0.0,1.0,1.0
SRCVAE,HR_N1000_HighBias_Thresh2.5_Seed300_BIASED_ALL.csv,HighBias,2.5,BIASED_ALL,2,6,4,1000,0.8512,0.915,0.0,0.0,0.0,0.0,inf,0.0,0.0,0.0
SRCVAE,HR_N1000_HighBias_Thresh2.5_Seed300_BIASED_FAIRNESS.csv,HighBias,2.5,BIASED_FAIRNESS,1,6,0,1000,0.2642,0.71,0.0,0.0,0.0,0.3129999935626983,0.0,0.0,0.0,0.3129999935626983
SRCVAE,HR_N1000_HighBias_Thresh2.5_Seed300_BIASED_MASKED.csv,HighBias,2.5,BIASED_MASKED,0,6,0,1000,0.7043,0.915,0.0,0.0,0.0,,,,,
SRCVAE,HR_N1000_HighBias_Thresh2.5_Seed300_FAIR_ALL.csv,HighBias,2.5,FAIR_ALL,2,6,4,1000,0.3995,0.915,0.915,1.0,0.9556,0.0,1.0,0.0,1.0,1.0
SRCVAE,HR_N1000_HighBias_Thresh2.5_Seed400_BIASED_ALL.csv,HighBias,2.5,BIASED_ALL,2,6,4,1000,0.7845,0.93,1.0,0.0667,0.125,0.0093999998643994,0.0,0.0769,0.0,0.0093999998643994
SRCVAE,HR_N1000_HighBias_Thresh2.5_Seed400_BIASED_FAIRNESS.csv,HighBias,2.5,BIASED_FAIRNESS,1,6,0,1000,0.4245,0.915,0.0,0.0,0.0,0.0071000000461936,1.9412000179290767,0.0,0.0147000001743435,0.0076000001281499
SRCVAE,HR_N1000_HighBias_Thresh2.5_Seed400_BIASED_MASKED.csv,HighBias,2.5,BIASED_MASKED,0,6,0,1000,0.8807,0.93,1.0,0.0667,0.125,,,,,
SRCVAE,HR_N1000_HighBias_Thresh2.5_Seed400_FAIR_ALL.csv,HighBias,2.5,FAIR_ALL,2,6,4,1000,0.4093,0.92,0.92,1.0,0.9583,0.0,1.0,0.0,1.0,1.0
SRCVAE,HR_N1000_HighBias_Thresh2.5_Seed500_BIASED_ALL.csv,HighBias,2.5,BIASED_ALL,2,6,4,1000,0.7056,0.925,0.0,0.0,0.0,0.0,inf,0.0,0.0,0.0
SRCVAE,HR_N1000_HighBias_Thresh2.5_Seed500_BIASED_FAIRNESS.csv,HighBias,2.5,BIASED_FAIRNESS,1,6,0,1000,0.6883,0.925,0.0,0.0,0.0,0.0,inf,0.0,0.0,0.0
SRCVAE,HR_N1000_HighBias_Thresh2.5_Seed500_BIASED_MASKED.csv,HighBias,2.5,BIASED_MASKED,0,6,0,1000,0.7013,0.925,0.0,0.0,0.0,,,,,
SRCVAE,HR_N1000_HighBias_Thresh2.5_Seed500_FAIR_ALL.csv,HighBias,2.5,FAIR_ALL,2,6,4,1000,0.5911,0.88,0.88,1.0,0.9362,0.0,1.0,0.0,1.0,1.0
SRCVAE,HR_N1000_HighBias_Thresh2.5_Seed600_BIASED_ALL.csv,HighBias,2.5,BIASED_ALL,2,6,4,1000,0.6943,0.92,0.0,0.0,0.0,0.0,inf,0.0,0.0,0.0
SRCVAE,HR_N1000_HighBias_Thresh2.5_Seed600_BIASED_FAIRNESS.csv,HighBias,2.5,BIASED_FAIRNESS,1,6,0,1000,0.8747,0.92,0.0,0.0,0.0,0.0,inf,0.0,0.0,0.0
SRCVAE,HR_N1000_HighBias_Thresh2.5_Seed600_BIASED_MASKED.csv,HighBias,2.5,BIASED_MASKED,0,6,0,1000,0.9399,0.93,1.0,0.125,0.2222,,,,,
SRCVAE,HR_N1000_HighBias_Thresh2.5_Seed600_FAIR_ALL.csv,HighBias,2.5,FAIR_ALL,2,6,4,1000,0.4677,0.92,0.92,1.0,0.9583,0.0,1.0,0.0,1.0,1.0
SRCVAE,HR_N1000_HighBias_Thresh2.5_Seed700_BIASED_ALL.csv,HighBias,2.5,BIASED_ALL,2,6,4,1000,0.6196,0.915,0.0,0.0,0.0,0.009800000116229,inf,0.0,0.009800000116229,0.0
SRCVAE,HR_N1000_HighBias_Thresh2.5_Seed700_BIASED_FAIRNESS.csv,HighBias,2.5,BIASED_FAIRNESS,1,6,0,1000,0.84,0.92,0.0,0.0,0.0,0.0,inf,0.0,0.0,0.0
SRCVAE,HR_N1000_HighBias_Thresh2.5_Seed700_BIASED_MASKED.csv,HighBias,2.5,BIASED_MASKED,0,6,0,1000,0.6128,0.825,0.0,0.0,0.0,,,,,
SRCVAE,HR_N1000_HighBias_Thresh2.5_Seed700_FAIR_ALL.csv,HighBias,2.5,FAIR_ALL,2,6,4,1000,0.5662,0.91,0.91,1.0,0.9529,0.0,1.0,0.0,1.0,1.0
SRCVAE,HR_N1000_HighBias_Thresh2.5_Seed800_BIASED_ALL.csv,HighBias,2.5,BIASED_ALL,2,6,4,1000,0.9384,0.93,0.5455,0.4,0.4615,0.0778999999165535,0.1272999942302703,0.0833,0.0114000001922249,0.0892999991774559
SRCVAE,HR_N1000_HighBias_Thresh2.5_Seed800_BIASED_FAIRNESS.csv,HighBias,2.5,BIASED_FAIRNESS,1,6,0,1000,0.822,0.925,0.0,0.0,0.0,0.0,inf,0.0,0.0,0.0
SRCVAE,HR_N1000_HighBias_Thresh2.5_Seed800_BIASED_MASKED.csv,HighBias,2.5,BIASED_MASKED,0,6,0,1000,0.8342,0.925,0.0,0.0,0.0,,,,,
SRCVAE,HR_N1000_HighBias_Thresh2.5_Seed800_FAIR_ALL.csv,HighBias,2.5,FAIR_ALL,2,6,4,1000,0.5269,0.91,0.91,1.0,0.9529,0.0,1.0,0.0,1.0,1.0
SRCVAE,HR_N1000_HighBias_Thresh2.5_Seed900_BIASED_ALL.csv,HighBias,2.5,BIASED_ALL,2,6,4,1000,0.9609,0.945,0.6667,0.3077,0.4211,0.0472000017762184,6.236000061035156,0.9,0.0562000013887882,0.0089999996125698
SRCVAE,HR_N1000_HighBias_Thresh2.5_Seed900_BIASED_FAIRNESS.csv,HighBias,2.5,BIASED_FAIRNESS,1,6,0,1000,0.9161,0.935,0.0,0.0,0.0,0.0,inf,0.0,0.0,0.0
SRCVAE,HR_N1000_HighBias_Thresh2.5_Seed900_BIASED_MASKED.csv,HighBias,2.5,BIASED_MASKED,0,6,0,1000,0.9255,0.935,0.0,0.0,0.0,,,,,
SRCVAE,HR_N1000_HighBias_Thresh2.5_Seed900_FAIR_ALL.csv,HighBias,2.5,FAIR_ALL,2,6,4,1000,0.5352,0.915,0.915,1.0,0.9556,0.0,1.0,0.0,1.0,1.0
SRCVAE,HR_N1000_LowBias_Thresh1.0_Seed1000_BIASED_ALL.csv,LowBias,1.0,BIASED_ALL,2,6,4,1000,0.6835,0.725,0.725,1.0,0.8406,0.0,1.0,0.0,1.0,1.0
SRCVAE,HR_N1000_LowBias_Thresh1.0_Seed1000_BIASED_FAIRNESS.csv,LowBias,1.0,BIASED_FAIRNESS,1,6,0,1000,0.61,0.73,0.7286,1.0,0.843,0.0076000001281499,1.007699966430664,0.0,1.0,0.9923999905586244
SRCVAE,HR_N1000_LowBias_Thresh1.0_Seed1000_BIASED_MASKED.csv,LowBias,1.0,BIASED_MASKED,0,6,0,1000,0.5006,0.72,0.7236,0.9931,0.8372,,,,,
SRCVAE,HR_N1000_LowBias_Thresh1.0_Seed1000_FAIR_ALL.csv,LowBias,1.0,FAIR_ALL,2,6,4,1000,0.3722,0.895,0.8995,0.9944,0.9446,0.0094999996945261,1.009600043296814,0.0103,1.0,0.9904999732971193
SRCVAE,HR_N1000_LowBias_Thresh1.0_Seed100_BIASED_ALL.csv,LowBias,1.0,BIASED_ALL,2,6,4,1000,0.5379,0.69,0.7005,0.9787,0.8166,0.0109000001102685,1.0111000537872314,0.0145,0.9902999997138976,0.9793999791145324
SRCVAE,HR_N1000_LowBias_Thresh1.0_Seed100_BIASED_FAIRNESS.csv,LowBias,1.0,BIASED_FAIRNESS,1,6,0,1000,0.493,0.685,0.701,0.9645,0.8119,0.1429000049829483,0.8571000099182129,0.1515,0.8571000099182129,1.0
SRCVAE,HR_N1000_LowBias_Thresh1.0_Seed100_BIASED_MASKED.csv,LowBias,1.0,BIASED_MASKED,0,6,0,1000,0.3619,0.43,0.6286,0.4681,0.5366,,,,,
SRCVAE,HR_N1000_LowBias_Thresh1.0_Seed100_FAIR_ALL.csv,LowBias,1.0,FAIR_ALL,2,6,4,1000,0.6824,0.915,0.915,1.0,0.9556,0.0,1.0,0.0,1.0,1.0
SRCVAE,HR_N1000_LowBias_Thresh1.0_Seed1100_BIASED_ALL.csv,LowBias,1.0,BIASED_ALL,2,6,4,1000,0.6129,0.715,0.715,1.0,0.8338,0.0,1.0,0.0,1.0,1.0
SRCVAE,HR_N1000_LowBias_Thresh1.0_Seed1100_BIASED_FAIRNESS.csv,LowBias,1.0,BIASED_FAIRNESS,1,6,0,1000,0.6077,0.715,0.715,1.0,0.8338,0.0,1.0,0.0,1.0,1.0
SRCVAE,HR_N1000_LowBias_Thresh1.0_Seed1100_BIASED_MASKED.csv,LowBias,1.0,BIASED_MASKED,0,6,0,1000,0.5996,0.705,0.7143,0.979,0.826,,,,,
SRCVAE,HR_N1000_LowBias_Thresh1.0_Seed1100_FAIR_ALL.csv,LowBias,1.0,FAIR_ALL,2,6,4,1000,0.5594,0.91,0.91,1.0,0.9529,0.0,1.0,0.0,1.0,1.0
SRCVAE,HR_N1000_LowBias_Thresh1.0_Seed1200_BIASED_ALL.csv,LowBias,1.0,BIASED_ALL,2,6,4,1000,0.5028,0.715,0.7259,0.9795,0.8338,0.0270000007003545,1.0277999639511108,0.0357,1.0,0.9729999899864196
SRCVAE,HR_N1000_LowBias_Thresh1.0_Seed1200_BIASED_FAIRNESS.csv,LowBias,1.0,BIASED_FAIRNESS,1,6,0,1000,0.6216,0.735,0.736,0.9932,0.8455,0.0222999993711709,0.977500021457672,0.02,0.9700999855995178,0.9925000071525574
SRCVAE,HR_N1000_LowBias_Thresh1.0_Seed1200_BIASED_MASKED.csv,LowBias,1.0,BIASED_MASKED,0,6,0,1000,0.5613,0.73,0.73,1.0,0.8439,,,,,
SRCVAE,HR_N1000_LowBias_Thresh1.0_Seed1200_FAIR_ALL.csv,LowBias,1.0,FAIR_ALL,2,6,4,1000,0.65,0.885,0.885,1.0,0.939,0.0,1.0,0.0,1.0,1.0
SRCVAE,HR_N1000_LowBias_Thresh1.0_Seed1300_BIASED_ALL.csv,LowBias,1.0,BIASED_ALL,2,6,4,1000,0.6764,0.735,0.735,1.0,0.8473,0.0,1.0,0.0,1.0,1.0
SRCVAE,HR_N1000_LowBias_Thresh1.0_Seed1300_BIASED_FAIRNESS.csv,LowBias,1.0,BIASED_FAIRNESS,1,6,0,1000,0.5958,0.735,0.735,1.0,0.8473,0.0,1.0,0.0,1.0,1.0
SRCVAE,HR_N1000_LowBias_Thresh1.0_Seed1300_BIASED_MASKED.csv,LowBias,1.0,BIASED_MASKED,0,6,0,1000,0.5506,0.735,0.735,1.0,0.8473,,,,,
SRCVAE,HR_N1000_LowBias_Thresh1.0_Seed1300_FAIR_ALL.csv,LowBias,1.0,FAIR_ALL,2,6,4,1000,0.7662,0.91,0.9141,0.9945,0.9526,0.0015999999595806,0.9983999729156494,0.012,0.9890999794006348,0.9907000064849854
SRCVAE,HR_N1000_LowBias_Thresh1.0_Seed1400_BIASED_ALL.csv,LowBias,1.0,BIASED_ALL,2,6,4,1000,0.5971,0.705,0.705,1.0,0.827,0.0,1.0,0.0,1.0,1.0
SRCVAE,HR_N1000_LowBias_Thresh1.0_Seed1400_BIASED_FAIRNESS.csv,LowBias,1.0,BIASED_FAIRNESS,1,6,0,1000,0.626,0.705,0.705,1.0,0.827,0.0,1.0,0.0,1.0,1.0
SRCVAE,HR_N1000_LowBias_Thresh1.0_Seed1400_BIASED_MASKED.csv,LowBias,1.0,BIASED_MASKED,0,6,0,1000,0.696,0.705,0.705,1.0,0.827,,,,,
SRCVAE,HR_N1000_LowBias_Thresh1.0_Seed1400_FAIR_ALL.csv,LowBias,1.0,FAIR_ALL,2,6,4,1000,0.516,0.92,0.9242,0.9946,0.9581,0.0189999993890523,1.0194000005722046,0.0101,1.0,0.9810000061988832
SRCVAE,HR_N1000_LowBias_Thresh1.0_Seed1500_BIASED_ALL.csv,LowBias,1.0,BIASED_ALL,2,6,4,1000,0.542,0.7,0.7,1.0,0.8235,0.0,1.0,0.0,1.0,1.0
SRCVAE,HR_N1000_LowBias_Thresh1.0_Seed1500_BIASED_FAIRNESS.csv,LowBias,1.0,BIASED_FAIRNESS,1,6,0,1000,0.544,0.7,0.7,1.0,0.8235,0.0,1.0,0.0,1.0,1.0
SRCVAE,HR_N1000_LowBias_Thresh1.0_Seed1500_BIASED_MASKED.csv,LowBias,1.0,BIASED_MASKED,0,6,0,1000,0.658,0.7,0.7,1.0,0.8235,,,,,
SRCVAE,HR_N1000_LowBias_Thresh1.0_Seed1500_FAIR_ALL.csv,LowBias,1.0,FAIR_ALL,2,6,4,1000,0.4256,0.895,0.895,1.0,0.9446,0.0,1.0,0.0,1.0,1.0
SRCVAE,HR_N1000_LowBias_Thresh1.0_Seed1600_BIASED_ALL.csv,LowBias,1.0,BIASED_ALL,2,6,4,1000,0.4897,0.685,0.685,1.0,0.8131,0.0,1.0,0.0,1.0,1.0
SRCVAE,HR_N1000_LowBias_Thresh1.0_Seed1600_BIASED_FAIRNESS.csv,LowBias,1.0,BIASED_FAIRNESS,1,6,0,1000,0.4733,0.685,0.685,1.0,0.8131,0.0,1.0,0.0,1.0,1.0
SRCVAE,HR_N1000_LowBias_Thresh1.0_Seed1600_BIASED_MASKED.csv,LowBias,1.0,BIASED_MASKED,0,6,0,1000,0.4326,0.5,0.6637,0.5474,0.6,,,,,
SRCVAE,HR_N1000_LowBias_Thresh1.0_Seed1600_FAIR_ALL.csv,LowBias,1.0,FAIR_ALL,2,6,4,1000,0.5501,0.91,0.91,1.0,0.9529,0.0,1.0,0.0,1.0,1.0
SRCVAE,HR_N1000_LowBias_Thresh1.0_Seed1700_BIASED_ALL.csv,LowBias,1.0,BIASED_ALL,2,6,4,1000,0.4588,0.74,0.74,1.0,0.8506,0.0,1.0,0.0,1.0,1.0
SRCVAE,HR_N1000_LowBias_Thresh1.0_Seed1700_BIASED_FAIRNESS.csv,LowBias,1.0,BIASED_FAIRNESS,1,6,0,1000,0.4758,0.74,0.74,1.0,0.8506,0.0,1.0,0.0,1.0,1.0
SRCVAE,HR_N1000_LowBias_Thresh1.0_Seed1700_BIASED_MASKED.csv,LowBias,1.0,BIASED_MASKED,0,6,0,1000,0.6171,0.745,0.7437,1.0,0.853,,,,,
SRCVAE,HR_N1000_LowBias_Thresh1.0_Seed1700_FAIR_ALL.csv,LowBias,1.0,FAIR_ALL,2,6,4,1000,0.4686,0.91,0.91,1.0,0.9529,0.0,1.0,0.0,1.0,1.0
SRCVAE,HR_N1000_LowBias_Thresh1.0_Seed1800_BIASED_ALL.csv,LowBias,1.0,BIASED_ALL,2,6,4,1000,0.5506,0.72,0.7236,0.9931,0.8372,0.0108000002801418,0.989199995994568,0.0139,0.989199995994568,1.0
SRCVAE,HR_N1000_LowBias_Thresh1.0_Seed1800_BIASED_FAIRNESS.csv,LowBias,1.0,BIASED_FAIRNESS,1,6,0,1000,0.5246,0.725,0.725,1.0,0.8406,0.0,1.0,0.0,1.0,1.0
SRCVAE,HR_N1000_LowBias_Thresh1.0_Seed1800_BIASED_MASKED.csv,LowBias,1.0,BIASED_MASKED,0,6,0,1000,0.3577,0.72,0.7259,0.9862,0.8363,,,,,
SRCVAE,HR_N1000_LowBias_Thresh1.0_Seed1800_FAIR_ALL.csv,LowBias,1.0,FAIR_ALL,2,6,4,1000,0.3861,0.89,0.899,0.9889,0.9418,0.00179999996908,1.0017999410629272,0.0022,0.9908000230789183,0.9890000224113464
SRCVAE,HR_N1000_LowBias_Thresh1.0_Seed1900_BIASED_ALL.csv,LowBias,1.0,BIASED_ALL,2,6,4,1000,0.4763,0.715,0.715,1.0,0.8338,0.0,1.0,0.0,1.0,1.0
SRCVAE,HR_N1000_LowBias_Thresh1.0_Seed1900_BIASED_FAIRNESS.csv,LowBias,1.0,BIASED_FAIRNESS,1,6,0,1000,0.4318,0.715,0.715,1.0,0.8338,0.0,1.0,0.0,1.0,1.0
SRCVAE,HR_N1000_LowBias_Thresh1.0_Seed1900_BIASED_MASKED.csv,LowBias,1.0,BIASED_MASKED,0,6,0,1000,0.5462,0.71,0.7136,0.993,0.8304,,,,,
SRCVAE,HR_N1000_LowBias_Thresh1.0_Seed1900_FAIR_ALL.csv,LowBias,1.0,FAIR_ALL,2,6,4,1000,0.4857,0.915,0.915,1.0,0.9556,0.0,1.0,0.0,1.0,1.0
SRCVAE,HR_N1000_LowBias_Thresh1.0_Seed2000_BIASED_ALL.csv,LowBias,1.0,BIASED_ALL,2,6,4,1000,0.5096,0.685,0.6884,0.9928,0.8131,0.0102000003680586,1.0103000402450562,0.0139,1.0,0.989799976348877
SRCVAE,HR_N1000_LowBias_Thresh1.0_Seed2000_BIASED_FAIRNESS.csv,LowBias,1.0,BIASED_FAIRNESS,1,6,0,1000,0.6129,0.69,0.69,1.0,0.8166,0.0,1.0,0.0,1.0,1.0
SRCVAE,HR_N1000_LowBias_Thresh1.0_Seed2000_BIASED_MASKED.csv,LowBias,1.0,BIASED_MASKED,0,6,0,1000,0.4337,0.69,0.6919,0.9928,0.8155,,,,,
SRCVAE,HR_N1000_LowBias_Thresh1.0_Seed2000_FAIR_ALL.csv,LowBias,1.0,FAIR_ALL,2,6,4,1000,0.453,0.91,0.91,1.0,0.9529,0.0,1.0,0.0,1.0,1.0
SRCVAE,HR_N1000_LowBias_Thresh1.0_Seed200_BIASED_ALL.csv,LowBias,1.0,BIASED_ALL,2,6,4,1000,0.6158,0.7,0.6974,0.9927,0.8193,0.0265999995172023,0.9731000065803528,0.0141,0.9625999927520752,0.989199995994568
SRCVAE,HR_N1000_LowBias_Thresh1.0_Seed200_BIASED_FAIRNESS.csv,LowBias,1.0,BIASED_FAIRNESS,1,6,0,1000,0.4891,0.685,0.685,1.0,0.8131,0.0,1.0,0.0,1.0,1.0
SRCVAE,HR_N1000_LowBias_Thresh1.0_Seed200_BIASED_MASKED.csv,LowBias,1.0,BIASED_MASKED,0,6,0,1000,0.5554,0.685,0.685,1.0,0.8131,,,,,
SRCVAE,HR_N1000_LowBias_Thresh1.0_Seed200_FAIR_ALL.csv,LowBias,1.0,FAIR_ALL,2,6,4,1000,0.494,0.905,0.905,1.0,0.9501,0.0,1.0,0.0,1.0,1.0
SRCVAE,HR_N1000_LowBias_Thresh1.0_Seed300_BIASED_ALL.csv,LowBias,1.0,BIASED_ALL,2,6,4,1000,0.5872,0.72,0.72,1.0,0.8372,0.0,1.0,0.0,1.0,1.0
SRCVAE,HR_N1000_LowBias_Thresh1.0_Seed300_BIASED_FAIRNESS.csv,LowBias,1.0,BIASED_FAIRNESS,1,6,0,1000,0.5722,0.72,0.72,1.0,0.8372,0.0,1.0,0.0,1.0,1.0
SRCVAE,HR_N1000_LowBias_Thresh1.0_Seed300_BIASED_MASKED.csv,LowBias,1.0,BIASED_MASKED,0,6,0,1000,0.6311,0.715,0.7186,0.9931,0.8338,,,,,
SRCVAE,HR_N1000_LowBias_Thresh1.0_Seed300_FAIR_ALL.csv,LowBias,1.0,FAIR_ALL,2,6,4,1000,0.4581,0.915,0.915,1.0,0.9556,0.0,1.0,0.0,1.0,1.0
SRCVAE,HR_N1000_LowBias_Thresh1.0_Seed400_BIASED_ALL.csv,LowBias,1.0,BIASED_ALL,2,6,4,1000,0.4432,0.46,0.6837,0.4653,0.5537,0.2196999937295913,0.6351000070571899,0.1977,0.3824000060558319,0.6019999980926514
SRCVAE,HR_N1000_LowBias_Thresh1.0_Seed400_BIASED_FAIRNESS.csv,LowBias,1.0,BIASED_FAIRNESS,1,6,0,1000,0.4981,0.72,0.72,1.0,0.8372,0.0,1.0,0.0,1.0,1.0
SRCVAE,HR_N1000_LowBias_Thresh1.0_Seed400_BIASED_MASKED.csv,LowBias,1.0,BIASED_MASKED,0,6,0,1000,0.4767,0.72,0.72,1.0,0.8372,,,,,
SRCVAE,HR_N1000_LowBias_Thresh1.0_Seed400_FAIR_ALL.csv,LowBias,1.0,FAIR_ALL,2,6,4,1000,0.5941,0.92,0.92,1.0,0.9583,0.0,1.0,0.0,1.0,1.0
SRCVAE,HR_N1000_LowBias_Thresh1.0_Seed500_BIASED_ALL.csv,LowBias,1.0,BIASED_ALL,2,6,4,1000,0.6355,0.685,0.7068,0.9507,0.8108,0.0394000001251697,1.042199969291687,0.0793,0.9726999998092652,0.9333000183105468
SRCVAE,HR_N1000_LowBias_Thresh1.0_Seed500_BIASED_FAIRNESS.csv,LowBias,1.0,BIASED_FAIRNESS,1,6,0,1000,0.5444,0.705,0.7085,0.993,0.827,0.0159000009298324,0.9840999841690063,0.0204,0.9840999841690063,1.0
SRCVAE,HR_N1000_LowBias_Thresh1.0_Seed500_BIASED_MASKED.csv,LowBias,1.0,BIASED_MASKED,0,6,0,1000,0.6334,0.695,0.7263,0.9155,0.81,,,,,
SRCVAE,HR_N1000_LowBias_Thresh1.0_Seed500_FAIR_ALL.csv,LowBias,1.0,FAIR_ALL,2,6,4,1000,0.4495,0.885,0.885,1.0,0.939,0.0,1.0,0.0,1.0,1.0
SRCVAE,HR_N1000_LowBias_Thresh1.0_Seed600_BIASED_ALL.csv,LowBias,1.0,BIASED_ALL,2,6,4,1000,0.4562,0.71,0.7172,0.9861,0.8304,0.0197999998927116,0.9801999926567078,0.0286,0.9801999926567078,1.0
SRCVAE,HR_N1000_LowBias_Thresh1.0_Seed600_BIASED_FAIRNESS.csv,LowBias,1.0,BIASED_FAIRNESS,1,6,0,1000,0.5719,0.715,0.7186,0.9931,0.8338,0.0076999999582767,1.0077999830245972,0.0109,1.0,0.9922999739646912
SRCVAE,HR_N1000_LowBias_Thresh1.0_Seed600_BIASED_MASKED.csv,LowBias,1.0,BIASED_MASKED,0,6,0,1000,0.4794,0.705,0.7157,0.9792,0.827,,,,,
SRCVAE,HR_N1000_LowBias_Thresh1.0_Seed600_FAIR_ALL.csv,LowBias,1.0,FAIR_ALL,2,6,4,1000,0.3864,0.915,0.915,1.0,0.9556,0.0,1.0,0.0,1.0,1.0
SRCVAE,HR_N1000_LowBias_Thresh1.0_Seed700_BIASED_ALL.csv,LowBias,1.0,BIASED_ALL,2,6,4,1000,0.4709,0.745,0.7475,0.9933,0.853,0.0006000000284984,1.000599980354309,0.0133,0.9902999997138976,0.9897000193595886
SRCVAE,HR_N1000_LowBias_Thresh1.0_Seed700_BIASED_FAIRNESS.csv,LowBias,1.0,BIASED_FAIRNESS,1,6,0,1000,0.6543,0.745,0.745,1.0,0.8539,0.0,1.0,0.0,1.0,1.0
SRCVAE,HR_N1000_LowBias_Thresh1.0_Seed700_BIASED_MASKED.csv,LowBias,1.0,BIASED_MASKED,0,6,0,1000,0.5978,0.745,0.745,1.0,0.8539,,,,,
SRCVAE,HR_N1000_LowBias_Thresh1.0_Seed700_FAIR_ALL.csv,LowBias,1.0,FAIR_ALL,2,6,4,1000,0.5417,0.905,0.905,1.0,0.9501,0.0,1.0,0.0,1.0,1.0
SRCVAE,HR_N1000_LowBias_Thresh1.0_Seed800_BIASED_ALL.csv,LowBias,1.0,BIASED_ALL,2,6,4,1000,0.475,0.73,0.732,0.9861,0.8402,0.0060999998822808,0.9937999844551086,0.0052,0.96670001745224,0.9726999998092652
SRCVAE,HR_N1000_LowBias_Thresh1.0_Seed800_BIASED_FAIRNESS.csv,LowBias,1.0,BIASED_FAIRNESS,1,6,0,1000,0.7715,0.72,0.72,1.0,0.8372,0.0,1.0,0.0,1.0,1.0
SRCVAE,HR_N1000_LowBias_Thresh1.0_Seed800_BIASED_MASKED.csv,LowBias,1.0,BIASED_MASKED,0,6,0,1000,0.581,0.72,0.72,1.0,0.8372,,,,,
SRCVAE,HR_N1000_LowBias_Thresh1.0_Seed800_FAIR_ALL.csv,LowBias,1.0,FAIR_ALL,2,6,4,1000,0.3105,0.915,0.915,1.0,0.9556,0.0,1.0,0.0,1.0,1.0
SRCVAE,HR_N1000_LowBias_Thresh1.0_Seed900_BIASED_ALL.csv,LowBias,1.0,BIASED_ALL,2,6,4,1000,0.6224,0.715,0.715,1.0,0.8338,0.0,1.0,0.0,1.0,1.0
SRCVAE,HR_N1000_LowBias_Thresh1.0_Seed900_BIASED_FAIRNESS.csv,LowBias,1.0,BIASED_FAIRNESS,1,6,0,1000,0.6312,0.715,0.715,1.0,0.8338,0.0,1.0,0.0,1.0,1.0
SRCVAE,HR_N1000_LowBias_Thresh1.0_Seed900_BIASED_MASKED.csv,LowBias,1.0,BIASED_MASKED,0,6,0,1000,0.5931,0.715,0.715,1.0,0.8338,,,,,
SRCVAE,HR_N1000_LowBias_Thresh1.0_Seed900_FAIR_ALL.csv,LowBias,1.0,FAIR_ALL,2,6,4,1000,0.37,0.91,0.91,1.0,0.9529,0.0,1.0,0.0,1.0,1.0
SRCVAE,HR_N1000_LowBias_Thresh2.5_Seed1000_BIASED_ALL.csv,LowBias,2.5,BIASED_ALL,2,6,4,1000,0.6062,0.695,0.695,1.0,0.8201,0.0,1.0,0.0,1.0,1.0
SRCVAE,HR_N1000_LowBias_Thresh2.5_Seed1000_BIASED_FAIRNESS.csv,LowBias,2.5,BIASED_FAIRNESS,1,6,0,1000,0.5783,0.695,0.695,1.0,0.8201,0.0,1.0,0.0,1.0,1.0
SRCVAE,HR_N1000_LowBias_Thresh2.5_Seed1000_BIASED_MASKED.csv,LowBias,2.5,BIASED_MASKED,0,6,0,1000,0.4918,0.695,0.699,0.9856,0.8179,,,,,
SRCVAE,HR_N1000_LowBias_Thresh2.5_Seed1000_FAIR_ALL.csv,LowBias,2.5,FAIR_ALL,2,6,4,1000,0.6914,0.895,0.895,1.0,0.9446,0.0,1.0,0.0,1.0,1.0
SRCVAE,HR_N1000_LowBias_Thresh2.5_Seed100_BIASED_ALL.csv,LowBias,2.5,BIASED_ALL,2,6,4,1000,0.5786,0.665,0.7035,0.8832,0.7832,0.0571999996900558,0.9355999827384948,0.0825,0.8317000269889832,0.8888999819755554
SRCVAE,HR_N1000_LowBias_Thresh2.5_Seed100_BIASED_FAIRNESS.csv,LowBias,2.5,BIASED_FAIRNESS,1,6,0,1000,0.6335,0.685,0.685,1.0,0.8131,0.0,1.0,0.0,1.0,1.0
SRCVAE,HR_N1000_LowBias_Thresh2.5_Seed100_BIASED_MASKED.csv,LowBias,2.5,BIASED_MASKED,0,6,0,1000,0.5876,0.685,0.685,1.0,0.8131,,,,,
SRCVAE,HR_N1000_LowBias_Thresh2.5_Seed100_FAIR_ALL.csv,LowBias,2.5,FAIR_ALL,2,6,4,1000,0.4225,0.905,0.905,1.0,0.9501,0.0,1.0,0.0,1.0,1.0
SRCVAE,HR_N1000_LowBias_Thresh2.5_Seed1100_BIASED_ALL.csv,LowBias,2.5,BIASED_ALL,2,6,4,1000,0.5093,0.68,0.6904,0.9784,0.8095,0.0103000001981854,1.0104999542236328,0.0122,0.9901000261306764,0.97979998588562
SRCVAE,HR_N1000_LowBias_Thresh2.5_Seed1100_BIASED_FAIRNESS.csv,LowBias,2.5,BIASED_FAIRNESS,1,6,0,1000,0.7089,0.695,0.695,1.0,0.8201,0.0,1.0,0.0,1.0,1.0
SRCVAE,HR_N1000_LowBias_Thresh2.5_Seed1100_BIASED_MASKED.csv,LowBias,2.5,BIASED_MASKED,0,6,0,1000,0.4143,0.68,0.6904,0.9784,0.8095,,,,,
SRCVAE,HR_N1000_LowBias_Thresh2.5_Seed1100_FAIR_ALL.csv,LowBias,2.5,FAIR_ALL,2,6,4,1000,0.5877,0.905,0.905,1.0,0.9501,0.0,1.0,0.0,1.0,1.0
SRCVAE,HR_N1000_LowBias_Thresh2.5_Seed1200_BIASED_ALL.csv,LowBias,2.5,BIASED_ALL,2,6,4,1000,0.6228,0.705,0.705,1.0,0.827,0.0,1.0,0.0,1.0,1.0
SRCVAE,HR_N1000_LowBias_Thresh2.5_Seed1200_BIASED_FAIRNESS.csv,LowBias,2.5,BIASED_FAIRNESS,1,6,0,1000,0.5493,0.705,0.705,1.0,0.827,0.0,1.0,0.0,1.0,1.0
SRCVAE,HR_N1000_LowBias_Thresh2.5_Seed1200_BIASED_MASKED.csv,LowBias,2.5,BIASED_MASKED,0,6,0,1000,0.6168,0.71,0.7085,1.0,0.8294,,,,,
SRCVAE,HR_N1000_LowBias_Thresh2.5_Seed1200_FAIR_ALL.csv,LowBias,2.5,FAIR_ALL,2,6,4,1000,0.4157,0.88,0.88,1.0,0.9362,0.0,1.0,0.0,1.0,1.0
SRCVAE,HR_N1000_LowBias_Thresh2.5_Seed1300_BIASED_ALL.csv,LowBias,2.5,BIASED_ALL,2,6,4,1000,0.5542,0.72,0.7222,0.9931,0.8363,0.018300000578165,0.9817000031471252,0.0135,0.9817000031471252,1.0
SRCVAE,HR_N1000_LowBias_Thresh2.5_Seed1300_BIASED_FAIRNESS.csv,LowBias,2.5,BIASED_FAIRNESS,1,6,0,1000,0.5234,0.72,0.72,1.0,0.8372,0.0,1.0,0.0,1.0,1.0
SRCVAE,HR_N1000_LowBias_Thresh2.5_Seed1300_BIASED_MASKED.csv,LowBias,2.5,BIASED_MASKED,0,6,0,1000,0.5492,0.715,0.7208,0.9861,0.8328,,,,,
SRCVAE,HR_N1000_LowBias_Thresh2.5_Seed1300_FAIR_ALL.csv,LowBias,2.5,FAIR_ALL,2,6,4,1000,0.5089,0.9,0.9,1.0,0.9474,0.0,1.0,0.0,1.0,1.0
SRCVAE,HR_N1000_LowBias_Thresh2.5_Seed1400_BIASED_ALL.csv,LowBias,2.5,BIASED_ALL,2,6,4,1000,0.6099,0.69,0.69,1.0,0.8166,0.0,1.0,0.0,1.0,1.0
SRCVAE,HR_N1000_LowBias_Thresh2.5_Seed1400_BIASED_FAIRNESS.csv,LowBias,2.5,BIASED_FAIRNESS,1,6,0,1000,0.5097,0.66,0.6882,0.9275,0.7901,0.101400002837181,0.8946999907493591,0.0974,0.8615000247955322,0.9629999995231628
SRCVAE,HR_N1000_LowBias_Thresh2.5_Seed1400_BIASED_MASKED.csv,LowBias,2.5,BIASED_MASKED,0,6,0,1000,0.5484,0.69,0.69,1.0,0.8166,,,,,
SRCVAE,HR_N1000_LowBias_Thresh2.5_Seed1400_FAIR_ALL.csv,LowBias,2.5,FAIR_ALL,2,6,4,1000,0.5034,0.915,0.915,1.0,0.9556,0.0,1.0,0.0,1.0,1.0
SRCVAE,HR_N1000_LowBias_Thresh2.5_Seed1500_BIASED_ALL.csv,LowBias,2.5,BIASED_ALL,2,6,4,1000,0.5016,0.68,0.6837,0.9853,0.8072,0.0373999997973442,1.0388000011444092,0.026,1.0,0.9625999927520752
SRCVAE,HR_N1000_LowBias_Thresh2.5_Seed1500_BIASED_FAIRNESS.csv,LowBias,2.5,BIASED_FAIRNESS,1,6,0,1000,0.5622,0.675,0.6784,0.9926,0.806,0.0070000002160668,1.007099986076355,0.0106,1.0,0.9929999709129332
SRCVAE,HR_N1000_LowBias_Thresh2.5_Seed1500_BIASED_MASKED.csv,LowBias,2.5,BIASED_MASKED,0,6,0,1000,0.5515,0.68,0.6818,0.9926,0.8084,,,,,
SRCVAE,HR_N1000_LowBias_Thresh2.5_Seed1500_FAIR_ALL.csv,LowBias,2.5,FAIR_ALL,2,6,4,1000,0.4879,0.895,0.895,1.0,0.9446,0.0,1.0,0.0,1.0,1.0
SRCVAE,HR_N1000_LowBias_Thresh2.5_Seed1600_BIASED_ALL.csv,LowBias,2.5,BIASED_ALL,2,6,4,1000,0.6043,0.66,0.6633,0.9848,0.7927,0.0421000011265277,1.0440000295639038,0.0294,1.0,0.9578999876976012
SRCVAE,HR_N1000_LowBias_Thresh2.5_Seed1600_BIASED_FAIRNESS.csv,LowBias,2.5,BIASED_FAIRNESS,1,6,0,1000,0.538,0.665,0.6633,1.0,0.7976,0.0070000002160668,1.006999969482422,0.0,1.0,0.9929999709129332
SRCVAE,HR_N1000_LowBias_Thresh2.5_Seed1600_BIASED_MASKED.csv,LowBias,2.5,BIASED_MASKED,0,6,0,1000,0.5614,0.675,0.6701,1.0,0.8024,,,,,
SRCVAE,HR_N1000_LowBias_Thresh2.5_Seed1600_FAIR_ALL.csv,LowBias,2.5,FAIR_ALL,2,6,4,1000,0.4493,0.905,0.905,1.0,0.9501,0.0,1.0,0.0,1.0,1.0
SRCVAE,HR_N1000_LowBias_Thresh2.5_Seed1700_BIASED_ALL.csv,LowBias,2.5,BIASED_ALL,2,6,4,1000,0.4513,0.71,0.7194,0.9792,0.8294,0.0399999991059303,1.041700005531311,0.0405,1.0,0.959999978542328
SRCVAE,HR_N1000_LowBias_Thresh2.5_Seed1700_BIASED_FAIRNESS.csv,LowBias,2.5,BIASED_FAIRNESS,1,6,0,1000,0.5626,0.725,0.7236,1.0,0.8397,0.0071000000461936,1.007099986076355,0.0,1.0,0.992900013923645
SRCVAE,HR_N1000_LowBias_Thresh2.5_Seed1700_BIASED_MASKED.csv,LowBias,2.5,BIASED_MASKED,0,6,0,1000,0.5527,0.725,0.7236,1.0,0.8397,,,,,
SRCVAE,HR_N1000_LowBias_Thresh2.5_Seed1700_FAIR_ALL.csv,LowBias,2.5,FAIR_ALL,2,6,4,1000,0.5303,0.9,0.9,1.0,0.9474,0.0,1.0,0.0,1.0,1.0
SRCVAE,HR_N1000_LowBias_Thresh2.5_Seed1800_BIASED_ALL.csv,LowBias,2.5,BIASED_ALL,2,6,4,1000,0.554,0.71,0.71,1.0,0.8304,0.0,1.0,0.0,1.0,1.0
SRCVAE,HR_N1000_LowBias_Thresh2.5_Seed1800_BIASED_FAIRNESS.csv,LowBias,2.5,BIASED_FAIRNESS,1,6,0,1000,0.4734,0.71,0.71,1.0,0.8304,0.0,1.0,0.0,1.0,1.0
SRCVAE,HR_N1000_LowBias_Thresh2.5_Seed1800_BIASED_MASKED.csv,LowBias,2.5,BIASED_MASKED,0,6,0,1000,0.538,0.715,0.7179,0.9859,0.8309,,,,,
SRCVAE,HR_N1000_LowBias_Thresh2.5_Seed1800_FAIR_ALL.csv,LowBias,2.5,FAIR_ALL,2,6,4,1000,0.6566,0.895,0.895,1.0,0.9446,0.0,1.0,0.0,1.0,1.0
SRCVAE,HR_N1000_LowBias_Thresh2.5_Seed1900_BIASED_ALL.csv,LowBias,2.5,BIASED_ALL,2,6,4,1000,0.5459,0.685,0.685,1.0,0.8131,0.0,1.0,0.0,1.0,1.0
SRCVAE,HR_N1000_LowBias_Thresh2.5_Seed1900_BIASED_FAIRNESS.csv,LowBias,2.5,BIASED_FAIRNESS,1,6,0,1000,0.545,0.685,0.685,1.0,0.8131,0.0,1.0,0.0,1.0,1.0
SRCVAE,HR_N1000_LowBias_Thresh2.5_Seed1900_BIASED_MASKED.csv,LowBias,2.5,BIASED_MASKED,0,6,0,1000,0.59,0.685,0.685,1.0,0.8131,,,,,
SRCVAE,HR_N1000_LowBias_Thresh2.5_Seed1900_FAIR_ALL.csv,LowBias,2.5,FAIR_ALL,2,6,4,1000,0.5113,0.91,0.91,1.0,0.9529,0.0,1.0,0.0,1.0,1.0
SRCVAE,HR_N1000_LowBias_Thresh2.5_Seed2000_BIASED_ALL.csv,LowBias,2.5,BIASED_ALL,2,6,4,1000,0.5728,0.67,0.67,1.0,0.8024,0.0,1.0,0.0,1.0,1.0
SRCVAE,HR_N1000_LowBias_Thresh2.5_Seed2000_BIASED_FAIRNESS.csv,LowBias,2.5,BIASED_FAIRNESS,1,6,0,1000,0.444,0.67,0.67,1.0,0.8024,0.0,1.0,0.0,1.0,1.0
SRCVAE,HR_N1000_LowBias_Thresh2.5_Seed2000_BIASED_MASKED.csv,LowBias,2.5,BIASED_MASKED,0,6,0,1000,0.5295,0.67,0.67,1.0,0.8024,,,,,
SRCVAE,HR_N1000_LowBias_Thresh2.5_Seed2000_FAIR_ALL.csv,LowBias,2.5,FAIR_ALL,2,6,4,1000,0.4219,0.9,0.9,1.0,0.9474,0.0,1.0,0.0,1.0,1.0
SRCVAE,HR_N1000_LowBias_Thresh2.5_Seed200_BIASED_ALL.csv,LowBias,2.5,BIASED_ALL,2,6,4,1000,0.6049,0.67,0.6683,1.0,0.8012,0.0105999996885657,1.010800004005432,0.0,1.0,0.989400029182434
SRCVAE,HR_N1000_LowBias_Thresh2.5_Seed200_BIASED_FAIRNESS.csv,LowBias,2.5,BIASED_FAIRNESS,1,6,0,1000,0.5995,0.67,0.6683,1.0,0.8012,0.0074000000022351,1.0075000524520874,0.0,1.0,0.9926000237464904
SRCVAE,HR_N1000_LowBias_Thresh2.5_Seed200_BIASED_MASKED.csv,LowBias,2.5,BIASED_MASKED,0,6,0,1000,0.5791,0.68,0.6751,1.0,0.8061,,,,,
SRCVAE,HR_N1000_LowBias_Thresh2.5_Seed200_FAIR_ALL.csv,LowBias,2.5,FAIR_ALL,2,6,4,1000,0.4267,0.895,0.895,1.0,0.9446,0.0,1.0,0.0,1.0,1.0
SRCVAE,HR_N1000_LowBias_Thresh2.5_Seed300_BIASED_ALL.csv,LowBias,2.5,BIASED_ALL,2,6,4,1000,0.6836,0.695,0.695,1.0,0.8201,0.0,1.0,0.0,1.0,1.0
SRCVAE,HR_N1000_LowBias_Thresh2.5_Seed300_BIASED_FAIRNESS.csv,LowBias,2.5,BIASED_FAIRNESS,1,6,0,1000,0.5278,0.695,0.695,1.0,0.8201,0.0,1.0,0.0,1.0,1.0
SRCVAE,HR_N1000_LowBias_Thresh2.5_Seed300_BIASED_MASKED.csv,LowBias,2.5,BIASED_MASKED,0,6,0,1000,0.5767,0.695,0.695,1.0,0.8201,,,,,
SRCVAE,HR_N1000_LowBias_Thresh2.5_Seed300_FAIR_ALL.csv,LowBias,2.5,FAIR_ALL,2,6,4,1000,0.4504,0.905,0.905,1.0,0.9501,0.0,1.0,0.0,1.0,1.0
SRCVAE,HR_N1000_LowBias_Thresh2.5_Seed400_BIASED_ALL.csv,LowBias,2.5,BIASED_ALL,2,6,4,1000,0.5043,0.705,0.7056,0.9929,0.8249,0.0125000001862645,0.9873999953269958,0.012,0.9782999753952026,0.9907000064849854
SRCVAE,HR_N1000_LowBias_Thresh2.5_Seed400_BIASED_FAIRNESS.csv,LowBias,2.5,BIASED_FAIRNESS,1,6,0,1000,0.5438,0.71,0.7071,1.0,0.8284,0.0113000003620982,0.9886000156402588,0.0,0.9818000197410583,0.9930999875068665
SRCVAE,HR_N1000_LowBias_Thresh2.5_Seed400_BIASED_MASKED.csv,LowBias,2.5,BIASED_MASKED,0,6,0,1000,0.5545,0.705,0.7056,0.9929,0.8249,,,,,
SRCVAE,HR_N1000_LowBias_Thresh2.5_Seed400_FAIR_ALL.csv,LowBias,2.5,FAIR_ALL,2,6,4,1000,0.4587,0.915,0.915,1.0,0.9556,0.0,1.0,0.0,1.0,1.0
SRCVAE,HR_N1000_LowBias_Thresh2.5_Seed500_BIASED_ALL.csv,LowBias,2.5,BIASED_ALL,2,6,4,1000,0.707,0.685,0.6869,0.9927,0.8119,0.0188999995589256,1.0191999673843384,0.0139,1.0,0.9811000227928162
SRCVAE,HR_N1000_LowBias_Thresh2.5_Seed500_BIASED_FAIRNESS.csv,LowBias,2.5,BIASED_FAIRNESS,1,6,0,1000,0.4821,0.665,0.6804,0.9635,0.7976,0.0071000000461936,0.9926999807357788,0.013,0.964900016784668,0.972000002861023
SRCVAE,HR_N1000_LowBias_Thresh2.5_Seed500_BIASED_MASKED.csv,LowBias,2.5,BIASED_MASKED,0,6,0,1000,0.7032,0.685,0.685,1.0,0.8131,,,,,
SRCVAE,HR_N1000_LowBias_Thresh2.5_Seed500_FAIR_ALL.csv,LowBias,2.5,FAIR_ALL,2,6,4,1000,0.5479,0.875,0.875,1.0,0.9333,0.0,1.0,0.0,1.0,1.0
SRCVAE,HR_N1000_LowBias_Thresh2.5_Seed600_BIASED_ALL.csv,LowBias,2.5,BIASED_ALL,2,6,4,1000,0.527,0.695,0.6985,0.9929,0.8201,0.0104999998584389,0.9894999861717224,0.0159,0.9894999861717224,1.0
SRCVAE,HR_N1000_LowBias_Thresh2.5_Seed600_BIASED_FAIRNESS.csv,LowBias,2.5,BIASED_FAIRNESS,1,6,0,1000,0.5005,0.695,0.6985,0.9929,0.8201,0.0071000000461936,1.007099986076355,0.0104,1.0,0.992900013923645
SRCVAE,HR_N1000_LowBias_Thresh2.5_Seed600_BIASED_MASKED.csv,LowBias,2.5,BIASED_MASKED,0,6,0,1000,0.4821,0.695,0.7005,0.9857,0.819,,,,,
SRCVAE,HR_N1000_LowBias_Thresh2.5_Seed600_FAIR_ALL.csv,LowBias,2.5,FAIR_ALL,2,6,4,1000,0.4682,0.905,0.905,1.0,0.9501,0.0,1.0,0.0,1.0,1.0
SRCVAE,HR_N1000_LowBias_Thresh2.5_Seed700_BIASED_ALL.csv,LowBias,2.5,BIASED_ALL,2,6,4,1000,0.4124,0.725,0.725,1.0,0.8406,0.0,1.0,0.0,1.0,1.0
SRCVAE,HR_N1000_LowBias_Thresh2.5_Seed700_BIASED_FAIRNESS.csv,LowBias,2.5,BIASED_FAIRNESS,1,6,0,1000,0.4421,0.725,0.725,1.0,0.8406,0.0,1.0,0.0,1.0,1.0
SRCVAE,HR_N1000_LowBias_Thresh2.5_Seed700_BIASED_MASKED.csv,LowBias,2.5,BIASED_MASKED,0,6,0,1000,0.4576,0.725,0.7273,0.9931,0.8397,,,,,
SRCVAE,HR_N1000_LowBias_Thresh2.5_Seed700_FAIR_ALL.csv,LowBias,2.5,FAIR_ALL,2,6,4,1000,0.5628,0.9,0.9,1.0,0.9474,0.0,1.0,0.0,1.0,1.0
SRCVAE,HR_N1000_LowBias_Thresh2.5_Seed800_BIASED_ALL.csv,LowBias,2.5,BIASED_ALL,2,6,4,1000,0.5561,0.705,0.705,1.0,0.827,0.0,1.0,0.0,1.0,1.0
SRCVAE,HR_N1000_LowBias_Thresh2.5_Seed800_BIASED_FAIRNESS.csv,LowBias,2.5,BIASED_FAIRNESS,1,6,0,1000,0.4824,0.715,0.7143,0.9929,0.8309,0.0015000000130385,1.0016000270843506,0.0099,0.9811000227928162,0.9796000123023988
SRCVAE,HR_N1000_LowBias_Thresh2.5_Seed800_BIASED_MASKED.csv,LowBias,2.5,BIASED_MASKED,0,6,0,1000,0.5447,0.71,0.7085,1.0,0.8294,,,,,
SRCVAE,HR_N1000_LowBias_Thresh2.5_Seed800_FAIR_ALL.csv,LowBias,2.5,FAIR_ALL,2,6,4,1000,0.4827,0.905,0.905,1.0,0.9501,0.0,1.0,0.0,1.0,1.0
SRCVAE,HR_N1000_LowBias_Thresh2.5_Seed900_BIASED_ALL.csv,LowBias,2.5,BIASED_ALL,2,6,4,1000,0.6332,0.695,0.695,1.0,0.8201,0.0,1.0,0.0,1.0,1.0
SRCVAE,HR_N1000_LowBias_Thresh2.5_Seed900_BIASED_FAIRNESS.csv,LowBias,2.5,BIASED_FAIRNESS,1,6,0,1000,0.4913,0.685,0.6919,0.9856,0.8131,0.0344999991357326,0.965499997138977,0.0455,0.965499997138977,1.0
SRCVAE,HR_N1000_LowBias_Thresh2.5_Seed900_BIASED_MASKED.csv,LowBias,2.5,BIASED_MASKED,0,6,0,1000,0.588,0.695,0.695,1.0,0.8201,,,,,
SRCVAE,HR_N1000_LowBias_Thresh2.5_Seed900_FAIR_ALL.csv,LowBias,2.5,FAIR_ALL,2,6,4,1000,0.5397,0.9,0.9,1.0,0.9474,0.0,1.0,0.0,1.0,1.0
SRCVAE,HR_N1000_MedBias_Thresh1.0_Seed1000_BIASED_ALL.csv,MedBias,1.0,BIASED_ALL,2,6,4,1000,0.6894,0.605,0.0,0.0,0.0,0.0229000002145767,3.4516000747680664,0.0,0.0322999991476535,0.0093000000342726
SRCVAE,HR_N1000_MedBias_Thresh1.0_Seed1000_BIASED_FAIRNESS.csv,MedBias,1.0,BIASED_FAIRNESS,1,6,0,1000,0.7079,0.605,0.0,0.0,0.0,0.0274000000208616,0.0,0.0,0.0,0.0274000000208616
SRCVAE,HR_N1000_MedBias_Thresh1.0_Seed1000_BIASED_MASKED.csv,MedBias,1.0,BIASED_MASKED,0,6,0,1000,0.8141,0.715,0.5833,0.84,0.6885,,,,,
SRCVAE,HR_N1000_MedBias_Thresh1.0_Seed1000_FAIR_ALL.csv,MedBias,1.0,FAIR_ALL,2,6,4,1000,0.4874,0.905,0.905,1.0,0.9501,0.0,1.0,0.0,1.0,1.0
SRCVAE,HR_N1000_MedBias_Thresh1.0_Seed100_BIASED_ALL.csv,MedBias,1.0,BIASED_ALL,2,6,4,1000,0.4735,0.63,0.0,0.0,0.0,0.0104999998584389,1.5303000211715698,0.0,0.0303000006824731,0.0197999998927116
SRCVAE,HR_N1000_MedBias_Thresh1.0_Seed100_BIASED_FAIRNESS.csv,MedBias,1.0,BIASED_FAIRNESS,1,6,0,1000,0.6431,0.65,0.4615,0.087,0.1463,0.0040000001899898,1.0621000528335571,0.0555,0.0678000003099441,0.063799999654293
SRCVAE,HR_N1000_MedBias_Thresh1.0_Seed100_BIASED_MASKED.csv,MedBias,1.0,BIASED_MASKED,0,6,0,1000,0.5424,0.6,0.2105,0.058,0.0909,,,,,
SRCVAE,HR_N1000_MedBias_Thresh1.0_Seed100_FAIR_ALL.csv,MedBias,1.0,FAIR_ALL,2,6,4,1000,0.5292,0.92,0.92,1.0,0.9583,0.0,1.0,0.0,1.0,1.0
SRCVAE,HR_N1000_MedBias_Thresh1.0_Seed1100_BIASED_ALL.csv,MedBias,1.0,BIASED_ALL,2,6,4,1000,0.7824,0.62,0.0,0.0,0.0,0.0,inf,0.0,0.0,0.0
SRCVAE,HR_N1000_MedBias_Thresh1.0_Seed1100_BIASED_FAIRNESS.csv,MedBias,1.0,BIASED_FAIRNESS,1,6,0,1000,0.6,0.62,0.5,0.0395,0.0732,0.0071000000461936,1.2544000148773191,0.0625,0.0351000018417835,0.0280000008642673
SRCVAE,HR_N1000_MedBias_Thresh1.0_Seed1100_BIASED_MASKED.csv,MedBias,1.0,BIASED_MASKED,0,6,0,1000,0.7627,0.71,0.8214,0.3026,0.4423,,,,,
SRCVAE,HR_N1000_MedBias_Thresh1.0_Seed1100_FAIR_ALL.csv,MedBias,1.0,FAIR_ALL,2,6,4,1000,0.4042,0.91,0.91,1.0,0.9529,0.0,1.0,0.0,1.0,1.0
SRCVAE,HR_N1000_MedBias_Thresh1.0_Seed1200_BIASED_ALL.csv,MedBias,1.0,BIASED_ALL,2,6,4,1000,0.7087,0.615,0.5455,0.1519,0.2376,0.0399999991059303,1.4443999528884888,0.0545,0.1299999952316284,0.0900000035762786
SRCVAE,HR_N1000_MedBias_Thresh1.0_Seed1200_BIASED_FAIRNESS.csv,MedBias,1.0,BIASED_FAIRNESS,1,6,0,1000,0.4631,0.595,0.25,0.0127,0.0241,0.0305000003427267,0.0,0.0263,0.0,0.0305000003427267
SRCVAE,HR_N1000_MedBias_Thresh1.0_Seed1200_BIASED_MASKED.csv,MedBias,1.0,BIASED_MASKED,0,6,0,1000,0.6755,0.585,0.1667,0.0127,0.0235,,,,,
SRCVAE,HR_N1000_MedBias_Thresh1.0_Seed1200_FAIR_ALL.csv,MedBias,1.0,FAIR_ALL,2,6,4,1000,0.4114,0.885,0.885,1.0,0.939,0.0,1.0,0.0,1.0,1.0
SRCVAE,HR_N1000_MedBias_Thresh1.0_Seed1300_BIASED_ALL.csv,MedBias,1.0,BIASED_ALL,2,6,4,1000,0.5769,0.65,0.0,0.0,0.0,0.0,inf,0.0,0.0,0.0
SRCVAE,HR_N1000_MedBias_Thresh1.0_Seed1300_BIASED_FAIRNESS.csv,MedBias,1.0,BIASED_FAIRNESS,1,6,0,1000,0.6529,0.65,0.5,0.0143,0.0278,0.0120999999344348,2.773600101470948,0.04,0.0188999995589256,0.006800000090152
SRCVAE,HR_N1000_MedBias_Thresh1.0_Seed1300_BIASED_MASKED.csv,MedBias,1.0,BIASED_MASKED,0,6,0,1000,0.6638,0.65,0.0,0.0,0.0,,,,,
SRCVAE,HR_N1000_MedBias_Thresh1.0_Seed1300_FAIR_ALL.csv,MedBias,1.0,FAIR_ALL,2,6,4,1000,0.4603,0.915,0.915,1.0,0.9556,0.0,1.0,0.0,1.0,1.0
SRCVAE,HR_N1000_MedBias_Thresh1.0_Seed1400_BIASED_ALL.csv,MedBias,1.0,BIASED_ALL,2,6,4,1000,0.539,0.615,0.0,0.0,0.0,0.0,inf,0.0,0.0,0.0
SRCVAE,HR_N1000_MedBias_Thresh1.0_Seed1400_BIASED_FAIRNESS.csv,MedBias,1.0,BIASED_FAIRNESS,1,6,0,1000,0.6509,0.615,0.5,0.0649,0.1149,0.099600002169609,5.712600231170654,0.0493,0.1207000017166137,0.0210999995470047
SRCVAE,HR_N1000_MedBias_Thresh1.0_Seed1400_BIASED_MASKED.csv,MedBias,1.0,BIASED_MASKED,0,6,0,1000,0.5524,0.61,0.4286,0.039,0.0714,,,,,
SRCVAE,HR_N1000_MedBias_Thresh1.0_Seed1400_FAIR_ALL.csv,MedBias,1.0,FAIR_ALL,2,6,4,1000,0.57,0.92,0.92,1.0,0.9583,0.0,1.0,0.0,1.0,1.0
SRCVAE,HR_N1000_MedBias_Thresh1.0_Seed1500_BIASED_ALL.csv,MedBias,1.0,BIASED_ALL,2,6,4,1000,0.7204,0.695,0.7241,0.2838,0.4078,0.0049000000581145,1.03410005569458,0.0369,0.1476999968290329,0.1429000049829483
SRCVAE,HR_N1000_MedBias_Thresh1.0_Seed1500_BIASED_FAIRNESS.csv,MedBias,1.0,BIASED_FAIRNESS,1,6,0,1000,0.5587,0.62,0.25,0.0135,0.0256,0.0272000003606081,0.0,0.0208,0.0,0.0272000003606081
SRCVAE,HR_N1000_MedBias_Thresh1.0_Seed1500_BIASED_MASKED.csv,MedBias,1.0,BIASED_MASKED,0,6,0,1000,0.6,0.625,0.4,0.027,0.0506,,,,,
SRCVAE,HR_N1000_MedBias_Thresh1.0_Seed1500_FAIR_ALL.csv,MedBias,1.0,FAIR_ALL,2,6,4,1000,0.4222,0.9,0.9,1.0,0.9474,0.0,1.0,0.0,1.0,1.0
SRCVAE,HR_N1000_MedBias_Thresh1.0_Seed1600_BIASED_ALL.csv,MedBias,1.0,BIASED_ALL,2,6,4,1000,0.5433,0.635,0.0,0.0,0.0,0.0012000000569969,0.9416999816894532,0.0,0.0194000005722045,0.0206000003963708
SRCVAE,HR_N1000_MedBias_Thresh1.0_Seed1600_BIASED_FAIRNESS.csv,MedBias,1.0,BIASED_FAIRNESS,1,6,0,1000,0.6762,0.7,0.7143,0.2174,0.3333,0.0194000005722045,0.8238999843597412,0.1855,0.0908999964594841,0.1102999970316886
SRCVAE,HR_N1000_MedBias_Thresh1.0_Seed1600_BIASED_MASKED.csv,MedBias,1.0,BIASED_MASKED,0,6,0,1000,0.464,0.585,0.1111,0.029,0.046,,,,,
SRCVAE,HR_N1000_MedBias_Thresh1.0_Seed1600_FAIR_ALL.csv,MedBias,1.0,FAIR_ALL,2,6,4,1000,0.5268,0.915,0.915,1.0,0.9556,0.0,1.0,0.0,1.0,1.0
SRCVAE,HR_N1000_MedBias_Thresh1.0_Seed1700_BIASED_ALL.csv,MedBias,1.0,BIASED_ALL,2,6,4,1000,0.7646,0.675,0.8182,0.125,0.2169,0.0188999995589256,0.7099000215530396,0.0562,0.0463000014424324,0.065200001001358
SRCVAE,HR_N1000_MedBias_Thresh1.0_Seed1700_BIASED_FAIRNESS.csv,MedBias,1.0,BIASED_FAIRNESS,1,6,0,1000,0.627,0.625,0.4286,0.125,0.1935,0.0527999997138977,0.5623000264167786,0.0833,0.0678000003099441,0.1206000000238418
SRCVAE,HR_N1000_MedBias_Thresh1.0_Seed1700_BIASED_MASKED.csv,MedBias,1.0,BIASED_MASKED,0,6,0,1000,0.6846,0.625,0.0,0.0,0.0,,,,,
SRCVAE,HR_N1000_MedBias_Thresh1.0_Seed1700_FAIR_ALL.csv,MedBias,1.0,FAIR_ALL,2,6,4,1000,0.6172,0.915,0.915,1.0,0.9556,0.0,1.0,0.0,1.0,1.0
SRCVAE,HR_N1000_MedBias_Thresh1.0_Seed1800_BIASED_ALL.csv,MedBias,1.0,BIASED_ALL,2,6,4,1000,0.5976,0.66,0.5,0.0588,0.1053,0.0167999994009733,1.53849995136261,0.0,0.0480999983847141,0.031199999153614
SRCVAE,HR_N1000_MedBias_Thresh1.0_Seed1800_BIASED_FAIRNESS.csv,MedBias,1.0,BIASED_FAIRNESS,1,6,0,1000,0.7175,0.685,0.7273,0.1176,0.2025,0.0595000013709068,0.2029999941587448,0.1569,0.0152000002562999,0.0746000036597251
SRCVAE,HR_N1000_MedBias_Thresh1.0_Seed1800_BIASED_MASKED.csv,MedBias,1.0,BIASED_MASKED,0,6,0,1000,0.673,0.645,0.0,0.0,0.0,,,,,
SRCVAE,HR_N1000_MedBias_Thresh1.0_Seed1800_FAIR_ALL.csv,MedBias,1.0,FAIR_ALL,2,6,4,1000,0.3472,0.905,0.905,1.0,0.9501,0.0,1.0,0.0,1.0,1.0
SRCVAE,HR_N1000_MedBias_Thresh1.0_Seed1900_BIASED_ALL.csv,MedBias,1.0,BIASED_ALL,2,6,4,1000,0.433,0.59,0.0714,0.0143,0.0238,0.0772000029683113,3.522900104522705,0.0244,0.1077999994158744,0.0306000001728534
SRCVAE,HR_N1000_MedBias_Thresh1.0_Seed1900_BIASED_FAIRNESS.csv,MedBias,1.0,BIASED_FAIRNESS,1,6,0,1000,0.584,0.625,0.0,0.0,0.0,0.0390999987721443,0.0,0.0,0.0,0.0390999987721443
SRCVAE,HR_N1000_MedBias_Thresh1.0_Seed1900_BIASED_MASKED.csv,MedBias,1.0,BIASED_MASKED,0,6,0,1000,0.2665,0.55,0.1154,0.0429,0.0625,,,,,
SRCVAE,HR_N1000_MedBias_Thresh1.0_Seed1900_FAIR_ALL.csv,MedBias,1.0,FAIR_ALL,2,6,4,1000,0.478,0.915,0.915,1.0,0.9556,0.0,1.0,0.0,1.0,1.0
SRCVAE,HR_N1000_MedBias_Thresh1.0_Seed2000_BIASED_ALL.csv,MedBias,1.0,BIASED_ALL,2,6,4,1000,0.7672,0.695,0.7742,0.3077,0.4404,0.097800001502037,1.9385000467300413,0.2211,0.2019000053405761,0.1041999980807304
SRCVAE,HR_N1000_MedBias_Thresh1.0_Seed2000_BIASED_FAIRNESS.csv,MedBias,1.0,BIASED_FAIRNESS,1,6,0,1000,0.7311,0.595,0.2,0.0128,0.0241,0.0333000011742115,0.0,0.0217,0.0,0.0333000011742115
SRCVAE,HR_N1000_MedBias_Thresh1.0_Seed2000_BIASED_MASKED.csv,MedBias,1.0,BIASED_MASKED,0,6,0,1000,0.801,0.705,0.913,0.2692,0.4158,,,,,
SRCVAE,HR_N1000_MedBias_Thresh1.0_Seed2000_FAIR_ALL.csv,MedBias,1.0,FAIR_ALL,2,6,4,1000,0.4609,0.915,0.9192,0.9945,0.9554,0.0199999995529651,1.020400047302246,0.0109,1.0,0.9800000190734864
SRCVAE,HR_N1000_MedBias_Thresh1.0_Seed200_BIASED_ALL.csv,MedBias,1.0,BIASED_ALL,2,6,4,1000,0.6535,0.655,0.5,0.0145,0.0282,0.0001999999949475,0.9801999926567078,0.0323,0.0098999999463558,0.0100999996066093
SRCVAE,HR_N1000_MedBias_Thresh1.0_Seed200_BIASED_FAIRNESS.csv,MedBias,1.0,BIASED_FAIRNESS,1,6,0,1000,0.5449,0.66,0.5385,0.1014,0.1707,0.0716999992728233,0.1811999976634979,0.142,0.0159000009298324,0.0876000002026557
SRCVAE,HR_N1000_MedBias_Thresh1.0_Seed200_BIASED_MASKED.csv,MedBias,1.0,BIASED_MASKED,0,6,0,1000,0.718,0.67,0.8,0.058,0.1081,,,,,
SRCVAE,HR_N1000_MedBias_Thresh1.0_Seed200_FAIR_ALL.csv,MedBias,1.0,FAIR_ALL,2,6,4,1000,0.3919,0.91,0.91,1.0,0.9529,0.0,1.0,0.0,1.0,1.0
SRCVAE,HR_N1000_MedBias_Thresh1.0_Seed300_BIASED_ALL.csv,MedBias,1.0,BIASED_ALL,2,6,4,1000,0.4255,0.53,0.2,0.0633,0.0962,0.1263000071048736,3.272700071334839,0.0512,0.1817999929189682,0.0555999986827373
SRCVAE,HR_N1000_MedBias_Thresh1.0_Seed300_BIASED_FAIRNESS.csv,MedBias,1.0,BIASED_FAIRNESS,1,6,0,1000,0.5738,0.57,0.1818,0.0253,0.0444,0.0083999997004866,0.8544999957084656,0.0019,0.0491999983787536,0.0575999990105629
SRCVAE,HR_N1000_MedBias_Thresh1.0_Seed300_BIASED_MASKED.csv,MedBias,1.0,BIASED_MASKED,0,6,0,1000,0.7444,0.575,0.2,0.0253,0.0449,,,,,
SRCVAE,HR_N1000_MedBias_Thresh1.0_Seed300_FAIR_ALL.csv,MedBias,1.0,FAIR_ALL,2,6,4,1000,0.3794,0.92,0.92,1.0,0.9583,0.0,1.0,0.0,1.0,1.0
SRCVAE,HR_N1000_MedBias_Thresh1.0_Seed400_BIASED_ALL.csv,MedBias,1.0,BIASED_ALL,2,6,4,1000,0.4798,0.67,0.5,0.0152,0.0294,0.0015999999595806,0.8518999814987183,0.025,0.0093000000342726,0.0109000001102685
SRCVAE,HR_N1000_MedBias_Thresh1.0_Seed400_BIASED_FAIRNESS.csv,MedBias,1.0,BIASED_FAIRNESS,1,6,0,1000,0.4925,0.66,0.0,0.0,0.0,0.0120999999344348,2.773600101470948,0.0,0.0188999995589256,0.006800000090152
SRCVAE,HR_N1000_MedBias_Thresh1.0_Seed400_BIASED_MASKED.csv,MedBias,1.0,BIASED_MASKED,0,6,0,1000,0.802,0.38,0.3441,0.9697,0.5079,,,,,
SRCVAE,HR_N1000_MedBias_Thresh1.0_Seed400_FAIR_ALL.csv,MedBias,1.0,FAIR_ALL,2,6,4,1000,0.5048,0.92,0.92,1.0,0.9583,0.0,1.0,0.0,1.0,1.0
SRCVAE,HR_N1000_MedBias_Thresh1.0_Seed500_BIASED_ALL.csv,MedBias,1.0,BIASED_ALL,2,6,4,1000,0.6193,0.675,1.0,0.0152,0.0299,0.0099999997764825,0.0,0.0294,0.0,0.0099999997764825
SRCVAE,HR_N1000_MedBias_Thresh1.0_Seed500_BIASED_FAIRNESS.csv,MedBias,1.0,BIASED_FAIRNESS,1,6,0,1000,0.7077,0.725,0.8235,0.2121,0.3373,0.0260000005364418,1.3353999853134155,0.0583,0.1033999994397163,0.0775000005960464
SRCVAE,HR_N1000_MedBias_Thresh1.0_Seed500_BIASED_MASKED.csv,MedBias,1.0,BIASED_MASKED,0,6,0,1000,0.6699,0.68,0.75,0.0455,0.0857,,,,,
SRCVAE,HR_N1000_MedBias_Thresh1.0_Seed500_FAIR_ALL.csv,MedBias,1.0,FAIR_ALL,2,6,4,1000,0.5438,0.88,0.8844,0.9944,0.9362,0.0094999996945261,0.9904999732971193,0.0106,0.9904999732971193,1.0
SRCVAE,HR_N1000_MedBias_Thresh1.0_Seed600_BIASED_ALL.csv,MedBias,1.0,BIASED_ALL,2,6,4,1000,0.5596,0.635,0.0,0.0,0.0,0.0141000002622604,2.5977001190185547,0.0,0.0230000000447034,0.0087999999523162
SRCVAE,HR_N1000_MedBias_Thresh1.0_Seed600_BIASED_FAIRNESS.csv,MedBias,1.0,BIASED_FAIRNESS,1,6,0,1000,0.3387,0.645,0.0,0.0,0.0,0.0071999998763203,0.0,0.0,0.0,0.0071999998763203
SRCVAE,HR_N1000_MedBias_Thresh1.0_Seed600_BIASED_MASKED.csv,MedBias,1.0,BIASED_MASKED,0,6,0,1000,0.6495,0.66,0.5833,0.1,0.1707,,,,,
SRCVAE,HR_N1000_MedBias_Thresh1.0_Seed600_FAIR_ALL.csv,MedBias,1.0,FAIR_ALL,2,6,4,1000,0.5944,0.915,0.9239,0.9891,0.9554,0.0091000003740191,0.9908000230789183,0.0002,0.9805999994277954,0.9897000193595886
SRCVAE,HR_N1000_MedBias_Thresh1.0_Seed700_BIASED_ALL.csv,MedBias,1.0,BIASED_ALL,2,6,4,1000,0.6822,0.625,0.0,0.0,0.0,0.0,inf,0.0,0.0,0.0
SRCVAE,HR_N1000_MedBias_Thresh1.0_Seed700_BIASED_FAIRNESS.csv,MedBias,1.0,BIASED_FAIRNESS,1,6,0,1000,0.6087,0.61,0.0,0.0,0.0,0.0210999995470047,0.0,0.0,0.0,0.0210999995470047
SRCVAE,HR_N1000_MedBias_Thresh1.0_Seed700_BIASED_MASKED.csv,MedBias,1.0,BIASED_MASKED,0,6,0,1000,0.702,0.6,0.0,0.0,0.0,,,,,
SRCVAE,HR_N1000_MedBias_Thresh1.0_Seed700_FAIR_ALL.csv,MedBias,1.0,FAIR_ALL,2,6,4,1000,0.6255,0.605,0.925,0.6133,0.7375,0.0764999985694885,1.1354000568389893,0.0859,0.6413000226020813,0.5648000240325928
SRCVAE,HR_N1000_MedBias_Thresh1.0_Seed800_BIASED_ALL.csv,MedBias,1.0,BIASED_ALL,2,6,4,1000,0.5388,0.65,0.0,0.0,0.0,0.0,inf,0.0,0.0,0.0
SRCVAE,HR_N1000_MedBias_Thresh1.0_Seed800_BIASED_FAIRNESS.csv,MedBias,1.0,BIASED_FAIRNESS,1,6,0,1000,0.7934,0.715,0.5699,0.7571,0.6503,0.0608000010251998,1.135699987411499,0.1905,0.5091000199317932,0.4483000040054321
SRCVAE,HR_N1000_MedBias_Thresh1.0_Seed800_BIASED_MASKED.csv,MedBias,1.0,BIASED_MASKED,0,6,0,1000,0.7931,0.715,0.8095,0.2429,0.3736,,,,,
SRCVAE,HR_N1000_MedBias_Thresh1.0_Seed800_FAIR_ALL.csv,MedBias,1.0,FAIR_ALL,2,6,4,1000,0.486,0.915,0.915,1.0,0.9556,0.0,1.0,0.0,1.0,1.0
SRCVAE,HR_N1000_MedBias_Thresh1.0_Seed900_BIASED_ALL.csv,MedBias,1.0,BIASED_ALL,2,6,4,1000,0.6248,0.655,0.25,0.0149,0.0282,0.0408000014722347,inf,0.0357,0.0408000014722347,0.0
SRCVAE,HR_N1000_MedBias_Thresh1.0_Seed900_BIASED_FAIRNESS.csv,MedBias,1.0,BIASED_FAIRNESS,1,6,0,1000,0.7303,0.72,0.6038,0.4776,0.5333,0.4415000081062317,4.276500225067139,0.4616,0.5763000249862671,0.1348000019788742
SRCVAE,HR_N1000_MedBias_Thresh1.0_Seed900_BIASED_MASKED.csv,MedBias,1.0,BIASED_MASKED,0,6,0,1000,0.6502,0.665,0.0,0.0,0.0,,,,,
SRCVAE,HR_N1000_MedBias_Thresh1.0_Seed900_FAIR_ALL.csv,MedBias,1.0,FAIR_ALL,2,6,4,1000,0.5506,0.915,0.9192,0.9945,0.9554,0.0201999992132186,0.97979998588562,0.0116,0.97979998588562,1.0
SRCVAE,HR_N1000_MedBias_Thresh2.5_Seed1000_BIASED_ALL.csv,MedBias,2.5,BIASED_ALL,2,6,4,1000,0.6591,0.66,0.0,0.0,0.0,0.00179999996908,0.8349000215530396,0.0,0.0092000002041459,0.0109999999403953
SRCVAE,HR_N1000_MedBias_Thresh2.5_Seed1000_BIASED_FAIRNESS.csv,MedBias,2.5,BIASED_FAIRNESS,1,6,0,1000,0.8064,0.705,0.8182,0.1364,0.2338,0.0097000002861022,1.1868000030517578,0.0221,0.0615000016987323,0.0518999993801116
SRCVAE,HR_N1000_MedBias_Thresh2.5_Seed1000_BIASED_MASKED.csv,MedBias,2.5,BIASED_MASKED,0,6,0,1000,0.8296,0.78,0.72,0.5455,0.6207,,,,,
SRCVAE,HR_N1000_MedBias_Thresh2.5_Seed1000_FAIR_ALL.csv,MedBias,2.5,FAIR_ALL,2,6,4,1000,0.5236,0.9,0.9,1.0,0.9474,0.0,1.0,0.0,1.0,1.0
SRCVAE,HR_N1000_MedBias_Thresh2.5_Seed100_BIASED_ALL.csv,MedBias,2.5,BIASED_ALL,2,6,4,1000,0.561,0.71,0.0,0.0,0.0,0.0,inf,0.0,0.0,0.0
SRCVAE,HR_N1000_MedBias_Thresh2.5_Seed100_BIASED_FAIRNESS.csv,MedBias,2.5,BIASED_FAIRNESS,1,6,0,1000,0.5834,0.715,0.5172,0.2586,0.3448,0.0688999965786933,0.5777999758720398,0.2436,0.0943000018596649,0.1632999926805496
SRCVAE,HR_N1000_MedBias_Thresh2.5_Seed100_BIASED_MASKED.csv,MedBias,2.5,BIASED_MASKED,0,6,0,1000,0.5006,0.675,0.2667,0.069,0.1096,,,,,
SRCVAE,HR_N1000_MedBias_Thresh2.5_Seed100_FAIR_ALL.csv,MedBias,2.5,FAIR_ALL,2,6,4,1000,0.5043,0.915,0.915,1.0,0.9556,0.0,1.0,0.0,1.0,1.0
SRCVAE,HR_N1000_MedBias_Thresh2.5_Seed1100_BIASED_ALL.csv,MedBias,2.5,BIASED_ALL,2,6,4,1000,0.6604,0.715,0.6786,0.2836,0.4,0.0115999998524785,0.9203000068664552,0.1857,0.1340000033378601,0.1456000059843063
SRCVAE,HR_N1000_MedBias_Thresh2.5_Seed1100_BIASED_FAIRNESS.csv,MedBias,2.5,BIASED_FAIRNESS,1,6,0,1000,0.7254,0.67,0.6,0.0448,0.0833,0.034800000488758,3.4179999828338623,0.1,0.0491999983787536,0.0143999997526407
SRCVAE,HR_N1000_MedBias_Thresh2.5_Seed1100_BIASED_MASKED.csv,MedBias,2.5,BIASED_MASKED,0,6,0,1000,0.5705,0.635,0.4118,0.209,0.2772,,,,,
SRCVAE,HR_N1000_MedBias_Thresh2.5_Seed1100_FAIR_ALL.csv,MedBias,2.5,FAIR_ALL,2,6,4,1000,0.3928,0.845,0.8989,0.9337,0.916,0.0171000007539987,0.9818999767303468,0.0187,0.9301999807357788,0.9473999738693236
SRCVAE,HR_N1000_MedBias_Thresh2.5_Seed1200_BIASED_ALL.csv,MedBias,2.5,BIASED_ALL,2,6,4,1000,0.6413,0.63,0.1667,0.0143,0.0263,0.0458000004291534,5.988999843597412,0.037,0.0549000017344951,0.0092000002041459
SRCVAE,HR_N1000_MedBias_Thresh2.5_Seed1200_BIASED_FAIRNESS.csv,MedBias,2.5,BIASED_FAIRNESS,1,6,0,1000,0.6046,0.665,0.5405,0.2857,0.3738,0.1371999979019165,0.4147999882698059,0.2978,0.0971999987959861,0.2344000041484832
SRCVAE,HR_N1000_MedBias_Thresh2.5_Seed1200_BIASED_MASKED.csv,MedBias,2.5,BIASED_MASKED,0,6,0,1000,0.5125,0.645,0.3333,0.0143,0.0274,,,,,
SRCVAE,HR_N1000_MedBias_Thresh2.5_Seed1200_FAIR_ALL.csv,MedBias,2.5,FAIR_ALL,2,6,4,1000,0.459,0.88,0.88,1.0,0.9362,0.0,1.0,0.0,1.0,1.0
SRCVAE,HR_N1000_MedBias_Thresh2.5_Seed1300_BIASED_ALL.csv,MedBias,2.5,BIASED_ALL,2,6,4,1000,0.5555,0.695,0.0,0.0,0.0,0.009800000116229,inf,0.0,0.009800000116229,0.0
SRCVAE,HR_N1000_MedBias_Thresh2.5_Seed1300_BIASED_FAIRNESS.csv,MedBias,2.5,BIASED_FAIRNESS,1,6,0,1000,0.7575,0.705,1.0,0.0167,0.0328,0.0147000001743435,inf,0.0357,0.0147000001743435,0.0
SRCVAE,HR_N1000_MedBias_Thresh2.5_Seed1300_BIASED_MASKED.csv,MedBias,2.5,BIASED_MASKED,0,6,0,1000,0.5599,0.685,0.2857,0.0333,0.0597,,,,,
SRCVAE,HR_N1000_MedBias_Thresh2.5_Seed1300_FAIR_ALL.csv,MedBias,2.5,FAIR_ALL,2,6,4,1000,0.6749,0.905,0.905,1.0,0.9501,0.0,1.0,0.0,1.0,1.0
SRCVAE,HR_N1000_MedBias_Thresh2.5_Seed1400_BIASED_ALL.csv,MedBias,2.5,BIASED_ALL,2,6,4,1000,0.5754,0.675,1.0,0.0152,0.0299,0.0105999996885657,0.0,0.0244,0.0,0.0105999996885657
SRCVAE,HR_N1000_MedBias_Thresh2.5_Seed1400_BIASED_FAIRNESS.csv,MedBias,2.5,BIASED_FAIRNESS,1,6,0,1000,0.4497,0.655,0.0,0.0,0.0,0.0212999992072582,0.0,0.0,0.0,0.0212999992072582
SRCVAE,HR_N1000_MedBias_Thresh2.5_Seed1400_BIASED_MASKED.csv,MedBias,2.5,BIASED_MASKED,0,6,0,1000,0.3258,0.62,0.0833,0.0152,0.0256,,,,,
SRCVAE,HR_N1000_MedBias_Thresh2.5_Seed1400_FAIR_ALL.csv,MedBias,2.5,FAIR_ALL,2,6,4,1000,0.4976,0.915,0.915,1.0,0.9556,0.0,1.0,0.0,1.0,1.0
SRCVAE,HR_N1000_MedBias_Thresh2.5_Seed1500_BIASED_ALL.csv,MedBias,2.5,BIASED_ALL,2,6,4,1000,0.542,0.67,0.0,0.0,0.0,0.0194000005722045,inf,0.0,0.0194000005722045,0.0
SRCVAE,HR_N1000_MedBias_Thresh2.5_Seed1500_BIASED_FAIRNESS.csv,MedBias,2.5,BIASED_FAIRNESS,1,6,0,1000,0.5753,0.66,0.25,0.0312,0.0556,0.0294000003486871,0.3862000107765198,0.0513,0.0185000002384185,0.0478999987244606
SRCVAE,HR_N1000_MedBias_Thresh2.5_Seed1500_BIASED_MASKED.csv,MedBias,2.5,BIASED_MASKED,0,6,0,1000,0.5877,0.675,0.0,0.0,0.0,,,,,
SRCVAE,HR_N1000_MedBias_Thresh2.5_Seed1500_FAIR_ALL.csv,MedBias,2.5,FAIR_ALL,2,6,4,1000,0.5182,0.895,0.895,1.0,0.9446,0.0,1.0,0.0,1.0,1.0
SRCVAE,HR_N1000_MedBias_Thresh2.5_Seed1600_BIASED_ALL.csv,MedBias,2.5,BIASED_ALL,2,6,4,1000,0.6541,0.705,0.0,0.0,0.0,0.0103000001981854,inf,0.0,0.0103000001981854,0.0
SRCVAE,HR_N1000_MedBias_Thresh2.5_Seed1600_BIASED_FAIRNESS.csv,MedBias,2.5,BIASED_FAIRNESS,1,6,0,1000,0.745,0.72,0.6667,0.069,0.125,0.0856999978423118,13.518500328063965,0.129,0.0926000028848648,0.006800000090152
SRCVAE,HR_N1000_MedBias_Thresh2.5_Seed1600_BIASED_MASKED.csv,MedBias,2.5,BIASED_MASKED,0,6,0,1000,0.6122,0.7,0.0,0.0,0.0,,,,,
SRCVAE,HR_N1000_MedBias_Thresh2.5_Seed1600_FAIR_ALL.csv,MedBias,2.5,FAIR_ALL,2,6,4,1000,0.7124,0.905,0.905,1.0,0.9501,0.0,1.0,0.0,1.0,1.0
SRCVAE,HR_N1000_MedBias_Thresh2.5_Seed1700_BIASED_ALL.csv,MedBias,2.5,BIASED_ALL,2,6,4,1000,0.6939,0.69,0.0,0.0,0.0,0.0109999999403953,0.0,0.0,0.0,0.0109999999403953
SRCVAE,HR_N1000_MedBias_Thresh2.5_Seed1700_BIASED_FAIRNESS.csv,MedBias,2.5,BIASED_FAIRNESS,1,6,0,1000,0.6654,0.69,0.0,0.0,0.0,0.0073000001721084,0.0,0.0,0.0,0.0073000001721084
SRCVAE,HR_N1000_MedBias_Thresh2.5_Seed1700_BIASED_MASKED.csv,MedBias,2.5,BIASED_MASKED,0,6,0,1000,0.6981,0.695,0.0,0.0,0.0,,,,,
SRCVAE,HR_N1000_MedBias_Thresh2.5_Seed1700_FAIR_ALL.csv,MedBias,2.5,FAIR_ALL,2,6,4,1000,0.606,0.905,0.905,1.0,0.9501,0.0,1.0,0.0,1.0,1.0
SRCVAE,HR_N1000_MedBias_Thresh2.5_Seed1800_BIASED_ALL.csv,MedBias,2.5,BIASED_ALL,2,6,4,1000,0.5736,0.71,0.0,0.0,0.0,0.0,inf,0.0,0.0,0.0
SRCVAE,HR_N1000_MedBias_Thresh2.5_Seed1800_BIASED_FAIRNESS.csv,MedBias,2.5,BIASED_FAIRNESS,1,6,0,1000,0.6588,0.735,1.0,0.0862,0.1587,0.0133999995887279,1.632200002670288,0.0405,0.0344999991357326,0.0210999995470047
SRCVAE,HR_N1000_MedBias_Thresh2.5_Seed1800_BIASED_MASKED.csv,MedBias,2.5,BIASED_MASKED,0,6,0,1000,0.6685,0.715,1.0,0.0172,0.0339,,,,,
SRCVAE,HR_N1000_MedBias_Thresh2.5_Seed1800_FAIR_ALL.csv,MedBias,2.5,FAIR_ALL,2,6,4,1000,0.3645,0.895,0.895,1.0,0.9446,0.0,1.0,0.0,1.0,1.0
SRCVAE,HR_N1000_MedBias_Thresh2.5_Seed1900_BIASED_ALL.csv,MedBias,2.5,BIASED_ALL,2,6,4,1000,0.5345,0.7,0.375,0.0517,0.0909,0.0384000018239021,2.8824000358581543,0.0539,0.0588000006973743,0.0204000007361173
SRCVAE,HR_N1000_MedBias_Thresh2.5_Seed1900_BIASED_FAIRNESS.csv,MedBias,2.5,BIASED_FAIRNESS,1,6,0,1000,0.4925,0.705,0.0,0.0,0.0,0.0068999999202787,0.0,0.0,0.0,0.0068999999202787
SRCVAE,HR_N1000_MedBias_Thresh2.5_Seed1900_BIASED_MASKED.csv,MedBias,2.5,BIASED_MASKED,0,6,0,1000,0.5894,0.705,0.0,0.0,0.0,,,,,
SRCVAE,HR_N1000_MedBias_Thresh2.5_Seed1900_FAIR_ALL.csv,MedBias,2.5,FAIR_ALL,2,6,4,1000,0.485,0.905,0.905,1.0,0.9501,0.0,1.0,0.0,1.0,1.0
SRCVAE,HR_N1000_MedBias_Thresh2.5_Seed2000_BIASED_ALL.csv,MedBias,2.5,BIASED_ALL,2,6,4,1000,0.5103,0.64,0.2727,0.0448,0.0769,0.0255999993532896,1.615399956703186,0.0882,0.0672999992966651,0.0417000018060207
SRCVAE,HR_N1000_MedBias_Thresh2.5_Seed2000_BIASED_FAIRNESS.csv,MedBias,2.5,BIASED_FAIRNESS,1,6,0,1000,0.647,0.66,0.4828,0.209,0.2917,0.0659999996423721,0.5928999781608582,0.1749,0.0961999967694282,0.1622000038623809
SRCVAE,HR_N1000_MedBias_Thresh2.5_Seed2000_BIASED_MASKED.csv,MedBias,2.5,BIASED_MASKED,0,6,0,1000,0.587,0.67,0.5385,0.1045,0.175,,,,,
SRCVAE,HR_N1000_MedBias_Thresh2.5_Seed2000_FAIR_ALL.csv,MedBias,2.5,FAIR_ALL,2,6,4,1000,0.6502,0.905,0.905,1.0,0.9501,0.0,1.0,0.0,1.0,1.0
SRCVAE,HR_N1000_MedBias_Thresh2.5_Seed200_BIASED_ALL.csv,MedBias,2.5,BIASED_ALL,2,6,4,1000,0.6954,0.735,0.8,0.1935,0.3117,0.0181000009179115,1.2777999639511108,0.0,0.0833000019192695,0.065200001001358
SRCVAE,HR_N1000_MedBias_Thresh2.5_Seed200_BIASED_FAIRNESS.csv,MedBias,2.5,BIASED_FAIRNESS,1,6,0,1000,0.7269,0.73,0.6333,0.3065,0.413,0.017799999564886,1.1238000392913818,0.3101,0.1617999970912933,0.1439000070095062
SRCVAE,HR_N1000_MedBias_Thresh2.5_Seed200_BIASED_MASKED.csv,MedBias,2.5,BIASED_MASKED,0,6,0,1000,0.5832,0.72,0.6667,0.1935,0.3,,,,,
SRCVAE,HR_N1000_MedBias_Thresh2.5_Seed200_FAIR_ALL.csv,MedBias,2.5,FAIR_ALL,2,6,4,1000,0.4294,0.885,0.8985,0.9833,0.939,0.0085000004619359,1.0087000131607056,0.0089,0.9894999861717224,0.9810000061988832
SRCVAE,HR_N1000_MedBias_Thresh2.5_Seed300_BIASED_ALL.csv,MedBias,2.5,BIASED_ALL,2,6,4,1000,0.6431,0.65,0.5,0.1143,0.186,0.0520999990403652,1.9904999732971191,0.0704,0.1048000007867813,0.0526000000536441
SRCVAE,HR_N1000_MedBias_Thresh2.5_Seed300_BIASED_FAIRNESS.csv,MedBias,2.5,BIASED_FAIRNESS,1,6,0,1000,0.6514,0.645,0.4,0.0286,0.0533,0.0373000018298625,0.0,0.0645,0.0,0.0373000018298625
SRCVAE,HR_N1000_MedBias_Thresh2.5_Seed300_BIASED_MASKED.csv,MedBias,2.5,BIASED_MASKED,0,6,0,1000,0.7337,0.69,0.8333,0.1429,0.2439,,,,,
SRCVAE,HR_N1000_MedBias_Thresh2.5_Seed300_FAIR_ALL.csv,MedBias,2.5,FAIR_ALL,2,6,4,1000,0.4264,0.91,0.91,1.0,0.9529,0.0,1.0,0.0,1.0,1.0
SRCVAE,HR_N1000_MedBias_Thresh2.5_Seed400_BIASED_ALL.csv,MedBias,2.5,BIASED_ALL,2,6,4,1000,0.7197,0.7,0.0,0.0,0.0,0.0121999997645616,2.301100015640259,0.0,0.0215000007301569,0.0093000000342726
SRCVAE,HR_N1000_MedBias_Thresh2.5_Seed400_BIASED_FAIRNESS.csv,MedBias,2.5,BIASED_FAIRNESS,1,6,0,1000,0.7197,0.72,1.0,0.0175,0.0345,0.0161000005900859,inf,0.0345,0.0161000005900859,0.0
SRCVAE,HR_N1000_MedBias_Thresh2.5_Seed400_BIASED_MASKED.csv,MedBias,2.5,BIASED_MASKED,0,6,0,1000,0.6782,0.72,0.6,0.0526,0.0968,,,,,
SRCVAE,HR_N1000_MedBias_Thresh2.5_Seed400_FAIR_ALL.csv,MedBias,2.5,FAIR_ALL,2,6,4,1000,0.3989,0.915,0.915,1.0,0.9556,0.0,1.0,0.0,1.0,1.0
SRCVAE,HR_N1000_MedBias_Thresh2.5_Seed500_BIASED_ALL.csv,MedBias,2.5,BIASED_ALL,2,6,4,1000,0.6158,0.695,0.0,0.0,0.0,0.0215000007301569,inf,0.0,0.0215000007301569,0.0
SRCVAE,HR_N1000_MedBias_Thresh2.5_Seed500_BIASED_FAIRNESS.csv,MedBias,2.5,BIASED_FAIRNESS,1,6,0,1000,0.7355,0.71,1.0,0.0169,0.0333,0.0168999992311,inf,0.0333,0.0168999992311,0.0
SRCVAE,HR_N1000_MedBias_Thresh2.5_Seed500_BIASED_MASKED.csv,MedBias,2.5,BIASED_MASKED,0,6,0,1000,0.5823,0.705,0.0,0.0,0.0,,,,,
SRCVAE,HR_N1000_MedBias_Thresh2.5_Seed500_FAIR_ALL.csv,MedBias,2.5,FAIR_ALL,2,6,4,1000,0.5072,0.875,0.875,1.0,0.9333,0.0,1.0,0.0,1.0,1.0
SRCVAE,HR_N1000_MedBias_Thresh2.5_Seed600_BIASED_ALL.csv,MedBias,2.5,BIASED_ALL,2,6,4,1000,0.701,0.705,0.5556,0.0833,0.1449,0.0220999997109174,0.5989000201225281,0.0057,0.032999999821186,0.0549999997019767
SRCVAE,HR_N1000_MedBias_Thresh2.5_Seed600_BIASED_FAIRNESS.csv,MedBias,2.5,BIASED_FAIRNESS,1,6,0,1000,0.653,0.7,0.0,0.0,0.0,0.0,inf,0.0,0.0,0.0
SRCVAE,HR_N1000_MedBias_Thresh2.5_Seed600_BIASED_MASKED.csv,MedBias,2.5,BIASED_MASKED,0,6,0,1000,0.6988,0.7,0.0,0.0,0.0,,,,,
SRCVAE,HR_N1000_MedBias_Thresh2.5_Seed600_FAIR_ALL.csv,MedBias,2.5,FAIR_ALL,2,6,4,1000,0.4631,0.91,0.91,1.0,0.9529,0.0,1.0,0.0,1.0,1.0
SRCVAE,HR_N1000_MedBias_Thresh2.5_Seed700_BIASED_ALL.csv,MedBias,2.5,BIASED_ALL,2,6,4,1000,0.3366,0.61,0.0,0.0,0.0,0.125,inf,0.0,0.125,0.0
SRCVAE,HR_N1000_MedBias_Thresh2.5_Seed700_BIASED_FAIRNESS.csv,MedBias,2.5,BIASED_FAIRNESS,1,6,0,1000,0.659,0.625,0.0,0.0,0.0,0.0676999986171722,0.0,0.0,0.0,0.0676999986171722
SRCVAE,HR_N1000_MedBias_Thresh2.5_Seed700_BIASED_MASKED.csv,MedBias,2.5,BIASED_MASKED,0,6,0,1000,0.6386,0.67,0.0,0.0,0.0,,,,,
SRCVAE,HR_N1000_MedBias_Thresh2.5_Seed700_FAIR_ALL.csv,MedBias,2.5,FAIR_ALL,2,6,4,1000,0.5237,0.905,0.905,1.0,0.9501,0.0,1.0,0.0,1.0,1.0
SRCVAE,HR_N1000_MedBias_Thresh2.5_Seed800_BIASED_ALL.csv,MedBias,2.5,BIASED_ALL,2,6,4,1000,0.6155,0.66,0.3333,0.0625,0.1053,0.0164000000804662,1.3184000253677368,0.0665,0.0680000036954879,0.0515000000596046
SRCVAE,HR_N1000_MedBias_Thresh2.5_Seed800_BIASED_FAIRNESS.csv,MedBias,2.5,BIASED_FAIRNESS,1,6,0,1000,0.5782,0.67,0.0,0.0,0.0,0.0125000001862645,2.846199989318848,0.0,0.019200000911951,0.006800000090152
SRCVAE,HR_N1000_MedBias_Thresh2.5_Seed800_BIASED_MASKED.csv,MedBias,2.5,BIASED_MASKED,0,6,0,1000,0.52,0.66,0.3333,0.0625,0.1053,,,,,
SRCVAE,HR_N1000_MedBias_Thresh2.5_Seed800_FAIR_ALL.csv,MedBias,2.5,FAIR_ALL,2,6,4,1000,0.6545,0.91,0.91,1.0,0.9529,0.0,1.0,0.0,1.0,1.0
SRCVAE,HR_N1000_MedBias_Thresh2.5_Seed900_BIASED_ALL.csv,MedBias,2.5,BIASED_ALL,2,6,4,1000,0.7212,0.7,0.0,0.0,0.0,0.0434999987483024,inf,0.0,0.0434999987483024,0.0
SRCVAE,HR_N1000_MedBias_Thresh2.5_Seed900_BIASED_FAIRNESS.csv,MedBias,2.5,BIASED_FAIRNESS,1,6,0,1000,0.7722,0.76,0.6667,0.2857,0.4,0.2217999994754791,4.622600078582764,0.4718,0.2829999923706054,0.0612000003457069
SRCVAE,HR_N1000_MedBias_Thresh2.5_Seed900_BIASED_MASKED.csv,MedBias,2.5,BIASED_MASKED,0,6,0,1000,0.7793,0.72,0.0,0.0,0.0,,,,,
SRCVAE,HR_N1000_MedBias_Thresh2.5_Seed900_FAIR_ALL.csv,MedBias,2.5,FAIR_ALL,2,6,4,1000,0.3984,0.91,0.91,1.0,0.9529,0.0,1.0,0.0,1.0,1.0
SRCVAE,HR_N1000_PolicyDom_Thresh1.0_Seed1000_BIASED_ALL.csv,PolicyDom,1.0,BIASED_ALL,2,6,4,1000,0.7105,0.98,0.0,0.0,0.0,0.0,inf,0.0,0.0,0.0
SRCVAE,HR_N1000_PolicyDom_Thresh1.0_Seed1000_BIASED_FAIRNESS.csv,PolicyDom,1.0,BIASED_FAIRNESS,1,6,0,1000,0.0651,0.98,0.0,0.0,0.0,0.0,inf,0.0,0.0,0.0
SRCVAE,HR_N1000_PolicyDom_Thresh1.0_Seed1000_BIASED_MASKED.csv,PolicyDom,1.0,BIASED_MASKED,0,6,0,1000,0.8189,0.98,0.0,0.0,0.0,,,,,
SRCVAE,HR_N1000_PolicyDom_Thresh1.0_Seed1000_FAIR_ALL.csv,PolicyDom,1.0,FAIR_ALL,2,6,4,1000,0.4597,0.9,0.9,1.0,0.9474,0.0,1.0,0.0,1.0,1.0
SRCVAE,HR_N1000_PolicyDom_Thresh1.0_Seed100_BIASED_ALL.csv,PolicyDom,1.0,BIASED_ALL,2,6,4,1000,0.805,0.97,0.0,0.0,0.0,0.0,inf,0.0,0.0,0.0
SRCVAE,HR_N1000_PolicyDom_Thresh1.0_Seed100_BIASED_FAIRNESS.csv,PolicyDom,1.0,BIASED_FAIRNESS,1,6,0,1000,0.4046,0.965,0.0,0.0,0.0,0.0166999995708465,inf,0.0,0.0166999995708465,0.0
SRCVAE,HR_N1000_PolicyDom_Thresh1.0_Seed100_BIASED_MASKED.csv,PolicyDom,1.0,BIASED_MASKED,0,6,0,1000,0.3832,0.97,0.0,0.0,0.0,,,,,
SRCVAE,HR_N1000_PolicyDom_Thresh1.0_Seed100_FAIR_ALL.csv,PolicyDom,1.0,FAIR_ALL,2,6,4,1000,0.6561,0.915,0.915,1.0,0.9556,0.0,1.0,0.0,1.0,1.0
SRCVAE,HR_N1000_PolicyDom_Thresh1.0_Seed1100_BIASED_ALL.csv,PolicyDom,1.0,BIASED_ALL,2,6,4,1000,0.7345,0.97,0.0,0.0,0.0,0.0,inf,0.0,0.0,0.0
SRCVAE,HR_N1000_PolicyDom_Thresh1.0_Seed1100_BIASED_FAIRNESS.csv,PolicyDom,1.0,BIASED_FAIRNESS,1,6,0,1000,0.7509,0.97,0.0,0.0,0.0,0.0,inf,0.0,0.0,0.0
SRCVAE,HR_N1000_PolicyDom_Thresh1.0_Seed1100_BIASED_MASKED.csv,PolicyDom,1.0,BIASED_MASKED,0,6,0,1000,0.5902,0.97,0.0,0.0,0.0,,,,,
SRCVAE,HR_N1000_PolicyDom_Thresh1.0_Seed1100_FAIR_ALL.csv,PolicyDom,1.0,FAIR_ALL,2,6,4,1000,0.3455,0.91,0.91,1.0,0.9529,0.0,1.0,0.0,1.0,1.0
SRCVAE,HR_N1000_PolicyDom_Thresh1.0_Seed1200_BIASED_ALL.csv,PolicyDom,1.0,BIASED_ALL,2,6,4,1000,0.9497,0.975,0.0,0.0,0.0,0.0,inf,0.0,0.0,0.0
SRCVAE,HR_N1000_PolicyDom_Thresh1.0_Seed1200_BIASED_FAIRNESS.csv,PolicyDom,1.0,BIASED_FAIRNESS,1,6,0,1000,0.8954,0.97,0.0,0.0,0.0,0.0071999998763203,0.0,0.0,0.0,0.0071999998763203
SRCVAE,HR_N1000_PolicyDom_Thresh1.0_Seed1200_BIASED_MASKED.csv,PolicyDom,1.0,BIASED_MASKED,0,6,0,1000,0.9005,0.975,0.0,0.0,0.0,,,,,
SRCVAE,HR_N1000_PolicyDom_Thresh1.0_Seed1200_FAIR_ALL.csv,PolicyDom,1.0,FAIR_ALL,2,6,4,1000,0.3933,0.87,0.8832,0.9831,0.9305,0.0127999996766448,0.9871000051498412,0.0151,0.977999985218048,0.9908000230789183
SRCVAE,HR_N1000_PolicyDom_Thresh1.0_Seed1300_BIASED_ALL.csv,PolicyDom,1.0,BIASED_ALL,2,6,4,1000,0.9286,0.98,0.0,0.0,0.0,0.0,inf,0.0,0.0,0.0
SRCVAE,HR_N1000_PolicyDom_Thresh1.0_Seed1300_BIASED_FAIRNESS.csv,PolicyDom,1.0,BIASED_FAIRNESS,1,6,0,1000,0.9477,0.98,0.0,0.0,0.0,0.0,inf,0.0,0.0,0.0
SRCVAE,HR_N1000_PolicyDom_Thresh1.0_Seed1300_BIASED_MASKED.csv,PolicyDom,1.0,BIASED_MASKED,0,6,0,1000,0.8584,0.965,0.0,0.0,0.0,,,,,
SRCVAE,HR_N1000_PolicyDom_Thresh1.0_Seed1300_FAIR_ALL.csv,PolicyDom,1.0,FAIR_ALL,2,6,4,1000,0.5128,0.91,0.91,1.0,0.9529,0.0,1.0,0.0,1.0,1.0
SRCVAE,HR_N1000_PolicyDom_Thresh1.0_Seed1400_BIASED_ALL.csv,PolicyDom,1.0,BIASED_ALL,2,6,4,1000,0.854,0.97,0.0,0.0,0.0,0.0,inf,0.0,0.0,0.0
SRCVAE,HR_N1000_PolicyDom_Thresh1.0_Seed1400_BIASED_FAIRNESS.csv,PolicyDom,1.0,BIASED_FAIRNESS,1,6,0,1000,0.8411,0.97,0.0,0.0,0.0,0.0,inf,0.0,0.0,0.0
SRCVAE,HR_N1000_PolicyDom_Thresh1.0_Seed1400_BIASED_MASKED.csv,PolicyDom,1.0,BIASED_MASKED,0,6,0,1000,0.6907,0.97,0.0,0.0,0.0,,,,,
SRCVAE,HR_N1000_PolicyDom_Thresh1.0_Seed1400_FAIR_ALL.csv,PolicyDom,1.0,FAIR_ALL,2,6,4,1000,0.5173,0.92,0.92,1.0,0.9583,0.0,1.0,0.0,1.0,1.0
SRCVAE,HR_N1000_PolicyDom_Thresh1.0_Seed1500_BIASED_ALL.csv,PolicyDom,1.0,BIASED_ALL,2,6,4,1000,0.8176,0.98,0.0,0.0,0.0,0.0,inf,0.0,0.0,0.0
SRCVAE,HR_N1000_PolicyDom_Thresh1.0_Seed1500_BIASED_FAIRNESS.csv,PolicyDom,1.0,BIASED_FAIRNESS,1,6,0,1000,0.8801,0.98,0.0,0.0,0.0,0.0,inf,0.0,0.0,0.0
SRCVAE,HR_N1000_PolicyDom_Thresh1.0_Seed1500_BIASED_MASKED.csv,PolicyDom,1.0,BIASED_MASKED,0,6,0,1000,0.8737,0.98,0.0,0.0,0.0,,,,,
SRCVAE,HR_N1000_PolicyDom_Thresh1.0_Seed1500_FAIR_ALL.csv,PolicyDom,1.0,FAIR_ALL,2,6,4,1000,0.5459,0.895,0.895,1.0,0.9446,0.0,1.0,0.0,1.0,1.0
SRCVAE,HR_N1000_PolicyDom_Thresh1.0_Seed1600_BIASED_ALL.csv,PolicyDom,1.0,BIASED_ALL,2,6,4,1000,0.5676,0.98,0.0,0.0,0.0,0.0,inf,0.0,0.0,0.0
SRCVAE,HR_N1000_PolicyDom_Thresh1.0_Seed1600_BIASED_FAIRNESS.csv,PolicyDom,1.0,BIASED_FAIRNESS,1,6,0,1000,0.8099,0.98,0.0,0.0,0.0,0.0,inf,0.0,0.0,0.0
SRCVAE,HR_N1000_PolicyDom_Thresh1.0_Seed1600_BIASED_MASKED.csv,PolicyDom,1.0,BIASED_MASKED,0,6,0,1000,0.4796,0.98,0.0,0.0,0.0,,,,,
SRCVAE,HR_N1000_PolicyDom_Thresh1.0_Seed1600_FAIR_ALL.csv,PolicyDom,1.0,FAIR_ALL,2,6,4,1000,0.5977,0.91,0.91,1.0,0.9529,0.0,1.0,0.0,1.0,1.0
SRCVAE,HR_N1000_PolicyDom_Thresh1.0_Seed1700_BIASED_ALL.csv,PolicyDom,1.0,BIASED_ALL,2,6,4,1000,0.8697,0.985,0.0,0.0,0.0,0.0,inf,0.0,0.0,0.0
SRCVAE,HR_N1000_PolicyDom_Thresh1.0_Seed1700_BIASED_FAIRNESS.csv,PolicyDom,1.0,BIASED_FAIRNESS,1,6,0,1000,0.2352,0.985,0.0,0.0,0.0,0.0,inf,0.0,0.0,0.0
SRCVAE,HR_N1000_PolicyDom_Thresh1.0_Seed1700_BIASED_MASKED.csv,PolicyDom,1.0,BIASED_MASKED,0,6,0,1000,0.9306,0.985,0.0,0.0,0.0,,,,,
SRCVAE,HR_N1000_PolicyDom_Thresh1.0_Seed1700_FAIR_ALL.csv,PolicyDom,1.0,FAIR_ALL,2,6,4,1000,0.355,0.91,0.91,1.0,0.9529,0.0,1.0,0.0,1.0,1.0
SRCVAE,HR_N1000_PolicyDom_Thresh1.0_Seed1800_BIASED_ALL.csv,PolicyDom,1.0,BIASED_ALL,2,6,4,1000,0.4755,0.985,0.0,0.0,0.0,0.0,inf,0.0,0.0,0.0
SRCVAE,HR_N1000_PolicyDom_Thresh1.0_Seed1800_BIASED_FAIRNESS.csv,PolicyDom,1.0,BIASED_FAIRNESS,1,6,0,1000,0.313,0.985,0.0,0.0,0.0,0.0,inf,0.0,0.0,0.0
SRCVAE,HR_N1000_PolicyDom_Thresh1.0_Seed1800_BIASED_MASKED.csv,PolicyDom,1.0,BIASED_MASKED,0,6,0,1000,0.6159,0.985,0.0,0.0,0.0,,,,,
SRCVAE,HR_N1000_PolicyDom_Thresh1.0_Seed1800_FAIR_ALL.csv,PolicyDom,1.0,FAIR_ALL,2,6,4,1000,0.5528,0.9,0.9,1.0,0.9474,0.0,1.0,0.0,1.0,1.0
SRCVAE,HR_N1000_PolicyDom_Thresh1.0_Seed1900_BIASED_ALL.csv,PolicyDom,1.0,BIASED_ALL,2,6,4,1000,0.7682,0.975,0.0,0.0,0.0,0.0,inf,0.0,0.0,0.0
SRCVAE,HR_N1000_PolicyDom_Thresh1.0_Seed1900_BIASED_FAIRNESS.csv,PolicyDom,1.0,BIASED_FAIRNESS,1,6,0,1000,0.801,0.975,0.0,0.0,0.0,0.0,inf,0.0,0.0,0.0
SRCVAE,HR_N1000_PolicyDom_Thresh1.0_Seed1900_BIASED_MASKED.csv,PolicyDom,1.0,BIASED_MASKED,0,6,0,1000,0.6503,0.975,0.0,0.0,0.0,,,,,
SRCVAE,HR_N1000_PolicyDom_Thresh1.0_Seed1900_FAIR_ALL.csv,PolicyDom,1.0,FAIR_ALL,2,6,4,1000,0.6185,0.915,0.915,1.0,0.9556,0.0,1.0,0.0,1.0,1.0
SRCVAE,HR_N1000_PolicyDom_Thresh1.0_Seed2000_BIASED_ALL.csv,PolicyDom,1.0,BIASED_ALL,2,6,4,1000,0.4185,0.975,0.0,0.0,0.0,0.0,inf,0.0,0.0,0.0
SRCVAE,HR_N1000_PolicyDom_Thresh1.0_Seed2000_BIASED_FAIRNESS.csv,PolicyDom,1.0,BIASED_FAIRNESS,1,6,0,1000,0.9364,0.975,0.0,0.0,0.0,0.0,inf,0.0,0.0,0.0
SRCVAE,HR_N1000_PolicyDom_Thresh1.0_Seed2000_BIASED_MASKED.csv,PolicyDom,1.0,BIASED_MASKED,0,6,0,1000,0.7836,0.975,0.0,0.0,0.0,,,,,
SRCVAE,HR_N1000_PolicyDom_Thresh1.0_Seed2000_FAIR_ALL.csv,PolicyDom,1.0,FAIR_ALL,2,6,4,1000,0.5571,0.91,0.91,1.0,0.9529,0.0,1.0,0.0,1.0,1.0
SRCVAE,HR_N1000_PolicyDom_Thresh1.0_Seed200_BIASED_ALL.csv,PolicyDom,1.0,BIASED_ALL,2,6,4,1000,0.8274,0.985,0.0,0.0,0.0,0.0,inf,0.0,0.0,0.0
SRCVAE,HR_N1000_PolicyDom_Thresh1.0_Seed200_BIASED_FAIRNESS.csv,PolicyDom,1.0,BIASED_FAIRNESS,1,6,0,1000,0.4975,0.985,0.0,0.0,0.0,0.0,inf,0.0,0.0,0.0
SRCVAE,HR_N1000_PolicyDom_Thresh1.0_Seed200_BIASED_MASKED.csv,PolicyDom,1.0,BIASED_MASKED,0,6,0,1000,0.9442,0.985,0.0,0.0,0.0,,,,,
SRCVAE,HR_N1000_PolicyDom_Thresh1.0_Seed200_FAIR_ALL.csv,PolicyDom,1.0,FAIR_ALL,2,6,4,1000,0.2966,0.875,0.9021,0.9669,0.9333,0.0388000011444091,1.0407999753952026,0.0417,0.989799976348877,0.9509999752044678
SRCVAE,HR_N1000_PolicyDom_Thresh1.0_Seed300_BIASED_ALL.csv,PolicyDom,1.0,BIASED_ALL,2,6,4,1000,0.7959,0.98,0.0,0.0,0.0,0.0,inf,0.0,0.0,0.0
SRCVAE,HR_N1000_PolicyDom_Thresh1.0_Seed300_BIASED_FAIRNESS.csv,PolicyDom,1.0,BIASED_FAIRNESS,1,6,0,1000,0.8533,0.98,0.0,0.0,0.0,0.0,inf,0.0,0.0,0.0
SRCVAE,HR_N1000_PolicyDom_Thresh1.0_Seed300_BIASED_MASKED.csv,PolicyDom,1.0,BIASED_MASKED,0,6,0,1000,0.986,0.98,0.0,0.0,0.0,,,,,
SRCVAE,HR_N1000_PolicyDom_Thresh1.0_Seed300_FAIR_ALL.csv,PolicyDom,1.0,FAIR_ALL,2,6,4,1000,0.5188,0.915,0.915,1.0,0.9556,0.0,1.0,0.0,1.0,1.0
SRCVAE,HR_N1000_PolicyDom_Thresh1.0_Seed400_BIASED_ALL.csv,PolicyDom,1.0,BIASED_ALL,2,6,4,1000,0.787,0.98,0.0,0.0,0.0,0.0,inf,0.0,0.0,0.0
SRCVAE,HR_N1000_PolicyDom_Thresh1.0_Seed400_BIASED_FAIRNESS.csv,PolicyDom,1.0,BIASED_FAIRNESS,1,6,0,1000,0.5,0.98,0.0,0.0,0.0,0.0,inf,0.0,0.0,0.0
SRCVAE,HR_N1000_PolicyDom_Thresh1.0_Seed400_BIASED_MASKED.csv,PolicyDom,1.0,BIASED_MASKED,0,6,0,1000,0.6773,0.98,0.0,0.0,0.0,,,,,
SRCVAE,HR_N1000_PolicyDom_Thresh1.0_Seed400_FAIR_ALL.csv,PolicyDom,1.0,FAIR_ALL,2,6,4,1000,0.5819,0.92,0.92,1.0,0.9583,0.0,1.0,0.0,1.0,1.0
SRCVAE,HR_N1000_PolicyDom_Thresh1.0_Seed500_BIASED_ALL.csv,PolicyDom,1.0,BIASED_ALL,2,6,4,1000,0.4092,0.975,0.0,0.0,0.0,0.0,inf,0.0,0.0,0.0
SRCVAE,HR_N1000_PolicyDom_Thresh1.0_Seed500_BIASED_FAIRNESS.csv,PolicyDom,1.0,BIASED_FAIRNESS,1,6,0,1000,0.8913,0.97,0.0,0.0,0.0,0.0071000000461936,0.0,0.0,0.0,0.0071000000461936
SRCVAE,HR_N1000_PolicyDom_Thresh1.0_Seed500_BIASED_MASKED.csv,PolicyDom,1.0,BIASED_MASKED,0,6,0,1000,0.92,0.975,0.0,0.0,0.0,,,,,
SRCVAE,HR_N1000_PolicyDom_Thresh1.0_Seed500_FAIR_ALL.csv,PolicyDom,1.0,FAIR_ALL,2,6,4,1000,0.4478,0.885,0.885,1.0,0.939,0.0,1.0,0.0,1.0,1.0
SRCVAE,HR_N1000_PolicyDom_Thresh1.0_Seed600_BIASED_ALL.csv,PolicyDom,1.0,BIASED_ALL,2,6,4,1000,0.9098,0.97,0.0,0.0,0.0,0.0,inf,0.0,0.0,0.0
SRCVAE,HR_N1000_PolicyDom_Thresh1.0_Seed600_BIASED_FAIRNESS.csv,PolicyDom,1.0,BIASED_FAIRNESS,1,6,0,1000,0.7251,0.97,0.0,0.0,0.0,0.0,inf,0.0,0.0,0.0
SRCVAE,HR_N1000_PolicyDom_Thresh1.0_Seed600_BIASED_MASKED.csv,PolicyDom,1.0,BIASED_MASKED,0,6,0,1000,0.6658,0.97,0.0,0.0,0.0,,,,,
SRCVAE,HR_N1000_PolicyDom_Thresh1.0_Seed600_FAIR_ALL.csv,PolicyDom,1.0,FAIR_ALL,2,6,4,1000,0.6715,0.915,0.915,1.0,0.9556,0.0,1.0,0.0,1.0,1.0
SRCVAE,HR_N1000_PolicyDom_Thresh1.0_Seed700_BIASED_ALL.csv,PolicyDom,1.0,BIASED_ALL,2,6,4,1000,0.6388,0.965,0.0,0.0,0.0,0.0,inf,0.0,0.0,0.0
SRCVAE,HR_N1000_PolicyDom_Thresh1.0_Seed700_BIASED_FAIRNESS.csv,PolicyDom,1.0,BIASED_FAIRNESS,1,6,0,1000,0.6751,0.965,0.0,0.0,0.0,0.0,inf,0.0,0.0,0.0
SRCVAE,HR_N1000_PolicyDom_Thresh1.0_Seed700_BIASED_MASKED.csv,PolicyDom,1.0,BIASED_MASKED,0,6,0,1000,0.8564,0.965,0.0,0.0,0.0,,,,,
SRCVAE,HR_N1000_PolicyDom_Thresh1.0_Seed700_FAIR_ALL.csv,PolicyDom,1.0,FAIR_ALL,2,6,4,1000,0.5188,0.905,0.905,1.0,0.9501,0.0,1.0,0.0,1.0,1.0
SRCVAE,HR_N1000_PolicyDom_Thresh1.0_Seed800_BIASED_ALL.csv,PolicyDom,1.0,BIASED_ALL,2,6,4,1000,0.5982,0.97,0.0,0.0,0.0,0.0201999992132186,inf,0.0,0.0201999992132186,0.0
SRCVAE,HR_N1000_PolicyDom_Thresh1.0_Seed800_BIASED_FAIRNESS.csv,PolicyDom,1.0,BIASED_FAIRNESS,1,6,0,1000,0.9579,0.98,0.0,0.0,0.0,0.0,inf,0.0,0.0,0.0
SRCVAE,HR_N1000_PolicyDom_Thresh1.0_Seed800_BIASED_MASKED.csv,PolicyDom,1.0,BIASED_MASKED,0,6,0,1000,0.9222,0.98,0.0,0.0,0.0,,,,,
SRCVAE,HR_N1000_PolicyDom_Thresh1.0_Seed800_FAIR_ALL.csv,PolicyDom,1.0,FAIR_ALL,2,6,4,1000,0.4767,0.915,0.915,1.0,0.9556,0.0,1.0,0.0,1.0,1.0
SRCVAE,HR_N1000_PolicyDom_Thresh1.0_Seed900_BIASED_ALL.csv,PolicyDom,1.0,BIASED_ALL,2,6,4,1000,0.9874,0.99,0.0,0.0,0.0,0.0,inf,0.0,0.0,0.0
SRCVAE,HR_N1000_PolicyDom_Thresh1.0_Seed900_BIASED_FAIRNESS.csv,PolicyDom,1.0,BIASED_FAIRNESS,1,6,0,1000,0.9924,0.99,0.0,0.0,0.0,0.0,inf,0.0,0.0,0.0
SRCVAE,HR_N1000_PolicyDom_Thresh1.0_Seed900_BIASED_MASKED.csv,PolicyDom,1.0,BIASED_MASKED,0,6,0,1000,0.9798,0.99,0.0,0.0,0.0,,,,,
SRCVAE,HR_N1000_PolicyDom_Thresh1.0_Seed900_FAIR_ALL.csv,PolicyDom,1.0,FAIR_ALL,2,6,4,1000,0.4106,0.91,0.91,1.0,0.9529,0.0,1.0,0.0,1.0,1.0
SRCVAE,HR_N1000_PolicyDom_Thresh2.5_Seed1000_BIASED_ALL.csv,PolicyDom,2.5,BIASED_ALL,2,6,4,1000,0.1055,0.995,0.0,0.0,0.0,0.0,inf,0.0,0.0,0.0
SRCVAE,HR_N1000_PolicyDom_Thresh2.5_Seed1000_BIASED_FAIRNESS.csv,PolicyDom,2.5,BIASED_FAIRNESS,1,6,0,1000,0.005,0.995,0.0,0.0,0.0,0.0,inf,0.0,0.0,0.0
SRCVAE,HR_N1000_PolicyDom_Thresh2.5_Seed1000_BIASED_MASKED.csv,PolicyDom,2.5,BIASED_MASKED,0,6,0,1000,0.8945,0.995,0.0,0.0,0.0,,,,,
SRCVAE,HR_N1000_PolicyDom_Thresh2.5_Seed1000_FAIR_ALL.csv,PolicyDom,2.5,FAIR_ALL,2,6,4,1000,0.5068,0.895,0.895,1.0,0.9446,0.0,1.0,0.0,1.0,1.0
SRCVAE,HR_N1000_PolicyDom_Thresh2.5_Seed100_BIASED_ALL.csv,PolicyDom,2.5,BIASED_ALL,2,6,4,1000,0.9442,0.985,0.0,0.0,0.0,0.0,inf,0.0,0.0,0.0
SRCVAE,HR_N1000_PolicyDom_Thresh2.5_Seed100_BIASED_FAIRNESS.csv,PolicyDom,2.5,BIASED_FAIRNESS,1,6,0,1000,0.6768,0.985,0.0,0.0,0.0,0.0,inf,0.0,0.0,0.0
SRCVAE,HR_N1000_PolicyDom_Thresh2.5_Seed100_BIASED_MASKED.csv,PolicyDom,2.5,BIASED_MASKED,0,6,0,1000,0.1743,0.985,0.0,0.0,0.0,,,,,
SRCVAE,HR_N1000_PolicyDom_Thresh2.5_Seed100_FAIR_ALL.csv,PolicyDom,2.5,FAIR_ALL,2,6,4,1000,0.4292,0.905,0.905,1.0,0.9501,0.0,1.0,0.0,1.0,1.0
SRCVAE,HR_N1000_PolicyDom_Thresh2.5_Seed1100_BIASED_ALL.csv,PolicyDom,2.5,BIASED_ALL,2,6,4,1000,0.9289,0.985,0.0,0.0,0.0,0.0,inf,0.0,0.0,0.0
SRCVAE,HR_N1000_PolicyDom_Thresh2.5_Seed1100_BIASED_FAIRNESS.csv,PolicyDom,2.5,BIASED_FAIRNESS,1,6,0,1000,0.9848,0.985,0.0,0.0,0.0,0.0,inf,0.0,0.0,0.0
SRCVAE,HR_N1000_PolicyDom_Thresh2.5_Seed1100_BIASED_MASKED.csv,PolicyDom,2.5,BIASED_MASKED,0,6,0,1000,0.9746,0.985,0.0,0.0,0.0,,,,,
SRCVAE,HR_N1000_PolicyDom_Thresh2.5_Seed1100_FAIR_ALL.csv,PolicyDom,2.5,FAIR_ALL,2,6,4,1000,0.6255,0.905,0.905,1.0,0.9501,0.0,1.0,0.0,1.0,1.0
SRCVAE,HR_N1000_PolicyDom_Thresh2.5_Seed1200_BIASED_ALL.csv,PolicyDom,2.5,BIASED_ALL,2,6,4,1000,0.9375,0.98,0.0,0.0,0.0,0.0,inf,0.0,0.0,0.0
SRCVAE,HR_N1000_PolicyDom_Thresh2.5_Seed1200_BIASED_FAIRNESS.csv,PolicyDom,2.5,BIASED_FAIRNESS,1,6,0,1000,0.8048,0.98,0.0,0.0,0.0,0.0,inf,0.0,0.0,0.0
SRCVAE,HR_N1000_PolicyDom_Thresh2.5_Seed1200_BIASED_MASKED.csv,PolicyDom,2.5,BIASED_MASKED,0,6,0,1000,0.8827,0.98,0.0,0.0,0.0,,,,,
SRCVAE,HR_N1000_PolicyDom_Thresh2.5_Seed1200_FAIR_ALL.csv,PolicyDom,2.5,FAIR_ALL,2,6,4,1000,0.4167,0.875,0.8794,0.9943,0.9333,0.0102000003680586,1.0103000402450562,0.0118,1.0,0.989799976348877
SRCVAE,HR_N1000_PolicyDom_Thresh2.5_Seed1300_BIASED_ALL.csv,PolicyDom,2.5,BIASED_ALL,2,6,4,1000,0.8816,0.985,0.0,0.0,0.0,0.0,inf,0.0,0.0,0.0
SRCVAE,HR_N1000_PolicyDom_Thresh2.5_Seed1300_BIASED_FAIRNESS.csv,PolicyDom,2.5,BIASED_FAIRNESS,1,6,0,1000,0.9763,0.985,0.0,0.0,0.0,0.0,inf,0.0,0.0,0.0
SRCVAE,HR_N1000_PolicyDom_Thresh2.5_Seed1300_BIASED_MASKED.csv,PolicyDom,2.5,BIASED_MASKED,0,6,0,1000,0.4484,0.985,0.0,0.0,0.0,,,,,
SRCVAE,HR_N1000_PolicyDom_Thresh2.5_Seed1300_FAIR_ALL.csv,PolicyDom,2.5,FAIR_ALL,2,6,4,1000,0.5867,0.9,0.9,1.0,0.9474,0.0,1.0,0.0,1.0,1.0
SRCVAE,HR_N1000_PolicyDom_Thresh2.5_Seed1400_BIASED_ALL.csv,PolicyDom,2.5,BIASED_ALL,2,6,4,1000,0.599,0.91,0.0,0.0,0.0,0.0861999988555908,0.1931000053882599,0.0,0.0206000003963708,0.1067999973893165
SRCVAE,HR_N1000_PolicyDom_Thresh2.5_Seed1400_BIASED_FAIRNESS.csv,PolicyDom,2.5,BIASED_FAIRNESS,1,6,0,1000,0.1538,0.955,0.0,0.0,0.0,0.0284000001847744,0.0,0.0,0.0,0.0284000001847744
SRCVAE,HR_N1000_PolicyDom_Thresh2.5_Seed1400_BIASED_MASKED.csv,PolicyDom,2.5,BIASED_MASKED,0,6,0,1000,0.2564,0.975,0.0,0.0,0.0,,,,,
SRCVAE,HR_N1000_PolicyDom_Thresh2.5_Seed1400_FAIR_ALL.csv,PolicyDom,2.5,FAIR_ALL,2,6,4,1000,0.5008,0.915,0.915,1.0,0.9556,0.0,1.0,0.0,1.0,1.0
SRCVAE,HR_N1000_PolicyDom_Thresh2.5_Seed1500_BIASED_ALL.csv,PolicyDom,2.5,BIASED_ALL,2,6,4,1000,0.1692,0.99,0.0,0.0,0.0,0.0,inf,0.0,0.0,0.0
SRCVAE,HR_N1000_PolicyDom_Thresh2.5_Seed1500_BIASED_FAIRNESS.csv,PolicyDom,2.5,BIASED_FAIRNESS,1,6,0,1000,0.1515,0.99,0.0,0.0,0.0,0.0,inf,0.0,0.0,0.0
SRCVAE,HR_N1000_PolicyDom_Thresh2.5_Seed1500_BIASED_MASKED.csv,PolicyDom,2.5,BIASED_MASKED,0,6,0,1000,0.2753,0.985,0.0,0.0,0.0,,,,,
SRCVAE,HR_N1000_PolicyDom_Thresh2.5_Seed1500_FAIR_ALL.csv,PolicyDom,2.5,FAIR_ALL,2,6,4,1000,0.594,0.895,0.895,1.0,0.9446,0.0,1.0,0.0,1.0,1.0
SRCVAE,HR_N1000_PolicyDom_Thresh2.5_Seed1600_BIASED_ALL.csv,PolicyDom,2.5,BIASED_ALL,2,6,4,1000,0.9545,0.99,0.0,0.0,0.0,0.0,inf,0.0,0.0,0.0
SRCVAE,HR_N1000_PolicyDom_Thresh2.5_Seed1600_BIASED_FAIRNESS.csv,PolicyDom,2.5,BIASED_FAIRNESS,1,6,0,1000,0.1995,0.99,0.0,0.0,0.0,0.0,inf,0.0,0.0,0.0
SRCVAE,HR_N1000_PolicyDom_Thresh2.5_Seed1600_BIASED_MASKED.csv,PolicyDom,2.5,BIASED_MASKED,0,6,0,1000,0.6641,0.99,0.0,0.0,0.0,,,,,
SRCVAE,HR_N1000_PolicyDom_Thresh2.5_Seed1600_FAIR_ALL.csv,PolicyDom,2.5,FAIR_ALL,2,6,4,1000,0.5385,0.905,0.905,1.0,0.9501,0.0,1.0,0.0,1.0,1.0
SRCVAE,HR_N1000_PolicyDom_Thresh2.5_Seed1700_BIASED_ALL.csv,PolicyDom,2.5,BIASED_ALL,2,6,4,1000,0.6692,0.99,0.0,0.0,0.0,0.0,inf,0.0,0.0,0.0
SRCVAE,HR_N1000_PolicyDom_Thresh2.5_Seed1700_BIASED_FAIRNESS.csv,PolicyDom,2.5,BIASED_FAIRNESS,1,6,0,1000,0.7045,0.99,0.0,0.0,0.0,0.0,inf,0.0,0.0,0.0
SRCVAE,HR_N1000_PolicyDom_Thresh2.5_Seed1700_BIASED_MASKED.csv,PolicyDom,2.5,BIASED_MASKED,0,6,0,1000,0.4066,0.99,0.0,0.0,0.0,,,,,
SRCVAE,HR_N1000_PolicyDom_Thresh2.5_Seed1700_FAIR_ALL.csv,PolicyDom,2.5,FAIR_ALL,2,6,4,1000,0.5672,0.9,0.9,1.0,0.9474,0.0,1.0,0.0,1.0,1.0
SRCVAE,HR_N1000_PolicyDom_Thresh2.5_Seed1800_BIASED_ALL.csv,PolicyDom,2.5,BIASED_ALL,2,6,4,1000,0.9495,0.99,0.0,0.0,0.0,0.0,inf,0.0,0.0,0.0
SRCVAE,HR_N1000_PolicyDom_Thresh2.5_Seed1800_BIASED_FAIRNESS.csv,PolicyDom,2.5,BIASED_FAIRNESS,1,6,0,1000,0.8965,0.99,0.0,0.0,0.0,0.0,inf,0.0,0.0,0.0
SRCVAE,HR_N1000_PolicyDom_Thresh2.5_Seed1800_BIASED_MASKED.csv,PolicyDom,2.5,BIASED_MASKED,0,6,0,1000,0.8763,0.99,0.0,0.0,0.0,,,,,
SRCVAE,HR_N1000_PolicyDom_Thresh2.5_Seed1800_FAIR_ALL.csv,PolicyDom,2.5,FAIR_ALL,2,6,4,1000,0.6361,0.895,0.895,1.0,0.9446,0.0,1.0,0.0,1.0,1.0
SRCVAE,HR_N1000_PolicyDom_Thresh2.5_Seed1900_BIASED_ALL.csv,PolicyDom,2.5,BIASED_ALL,2,6,4,1000,0.6379,0.985,0.0,0.0,0.0,0.0,inf,0.0,0.0,0.0
SRCVAE,HR_N1000_PolicyDom_Thresh2.5_Seed1900_BIASED_FAIRNESS.csv,PolicyDom,2.5,BIASED_FAIRNESS,1,6,0,1000,0.7699,0.985,0.0,0.0,0.0,0.0,inf,0.0,0.0,0.0
SRCVAE,HR_N1000_PolicyDom_Thresh2.5_Seed1900_BIASED_MASKED.csv,PolicyDom,2.5,BIASED_MASKED,0,6,0,1000,0.6836,0.985,0.0,0.0,0.0,,,,,
SRCVAE,HR_N1000_PolicyDom_Thresh2.5_Seed1900_FAIR_ALL.csv,PolicyDom,2.5,FAIR_ALL,2,6,4,1000,0.4704,0.91,0.91,1.0,0.9529,0.0,1.0,0.0,1.0,1.0
SRCVAE,HR_N1000_PolicyDom_Thresh2.5_Seed2000_BIASED_ALL.csv,PolicyDom,2.5,BIASED_ALL,2,6,4,1000,0.088,0.88,0.0,0.0,0.0,0.0089999996125698,0.9182999730110168,0.0,0.1009000018239021,0.1098999977111816
SRCVAE,HR_N1000_PolicyDom_Thresh2.5_Seed2000_BIASED_FAIRNESS.csv,PolicyDom,2.5,BIASED_FAIRNESS,1,6,0,1000,0.6091,0.985,0.0,0.0,0.0,0.0,inf,0.0,0.0,0.0
SRCVAE,HR_N1000_PolicyDom_Thresh2.5_Seed2000_BIASED_MASKED.csv,PolicyDom,2.5,BIASED_MASKED,0,6,0,1000,0.6514,0.985,0.0,0.0,0.0,,,,,
SRCVAE,HR_N1000_PolicyDom_Thresh2.5_Seed2000_FAIR_ALL.csv,PolicyDom,2.5,FAIR_ALL,2,6,4,1000,0.3472,0.9,0.9,1.0,0.9474,0.0,1.0,0.0,1.0,1.0
SRCVAE,HR_N1000_PolicyDom_Thresh2.5_Seed200_BIASED_ALL.csv,PolicyDom,2.5,BIASED_ALL,2,6,4,1000,0.4343,0.855,0.0,0.0,0.0,0.13680000603199,0.3158000111579895,0.0,0.0631999969482421,0.2000000029802322
SRCVAE,HR_N1000_PolicyDom_Thresh2.5_Seed200_BIASED_FAIRNESS.csv,PolicyDom,2.5,BIASED_FAIRNESS,1,6,0,1000,0.9924,0.99,0.0,0.0,0.0,0.0,inf,0.0,0.0,0.0
SRCVAE,HR_N1000_PolicyDom_Thresh2.5_Seed200_BIASED_MASKED.csv,PolicyDom,2.5,BIASED_MASKED,0,6,0,1000,0.0859,0.99,0.0,0.0,0.0,,,,,
SRCVAE,HR_N1000_PolicyDom_Thresh2.5_Seed200_FAIR_ALL.csv,PolicyDom,2.5,FAIR_ALL,2,6,4,1000,0.5805,0.895,0.895,1.0,0.9446,0.0,1.0,0.0,1.0,1.0
SRCVAE,HR_N1000_PolicyDom_Thresh2.5_Seed300_BIASED_ALL.csv,PolicyDom,2.5,BIASED_ALL,2,6,4,1000,0.9646,0.99,0.0,0.0,0.0,0.0,inf,0.0,0.0,0.0
SRCVAE,HR_N1000_PolicyDom_Thresh2.5_Seed300_BIASED_FAIRNESS.csv,PolicyDom,2.5,BIASED_FAIRNESS,1,6,0,1000,0.5253,0.99,0.0,0.0,0.0,0.0,inf,0.0,0.0,0.0
SRCVAE,HR_N1000_PolicyDom_Thresh2.5_Seed300_BIASED_MASKED.csv,PolicyDom,2.5,BIASED_MASKED,0,6,0,1000,0.7096,0.99,0.0,0.0,0.0,,,,,
SRCVAE,HR_N1000_PolicyDom_Thresh2.5_Seed300_FAIR_ALL.csv,PolicyDom,2.5,FAIR_ALL,2,6,4,1000,0.5057,0.905,0.905,1.0,0.9501,0.0,1.0,0.0,1.0,1.0
SRCVAE,HR_N1000_PolicyDom_Thresh2.5_Seed400_BIASED_ALL.csv,PolicyDom,2.5,BIASED_ALL,2,6,4,1000,0.9932,0.985,0.0,0.0,0.0,0.0,inf,0.0,0.0,0.0
SRCVAE,HR_N1000_PolicyDom_Thresh2.5_Seed400_BIASED_FAIRNESS.csv,PolicyDom,2.5,BIASED_FAIRNESS,1,6,0,1000,0.9814,0.985,0.0,0.0,0.0,0.0,inf,0.0,0.0,0.0
SRCVAE,HR_N1000_PolicyDom_Thresh2.5_Seed400_BIASED_MASKED.csv,PolicyDom,2.5,BIASED_MASKED,0,6,0,1000,1.0,0.985,0.0,0.0,0.0,,,,,
SRCVAE,HR_N1000_PolicyDom_Thresh2.5_Seed400_FAIR_ALL.csv,PolicyDom,2.5,FAIR_ALL,2,6,4,1000,0.4921,0.915,0.915,1.0,0.9556,0.0,1.0,0.0,1.0,1.0
SRCVAE,HR_N1000_PolicyDom_Thresh2.5_Seed500_BIASED_ALL.csv,PolicyDom,2.5,BIASED_ALL,2,6,4,1000,0.978,0.985,0.0,0.0,0.0,0.0,inf,0.0,0.0,0.0
SRCVAE,HR_N1000_PolicyDom_Thresh2.5_Seed500_BIASED_FAIRNESS.csv,PolicyDom,2.5,BIASED_FAIRNESS,1,6,0,1000,0.9103,0.985,0.0,0.0,0.0,0.0,inf,0.0,0.0,0.0
SRCVAE,HR_N1000_PolicyDom_Thresh2.5_Seed500_BIASED_MASKED.csv,PolicyDom,2.5,BIASED_MASKED,0,6,0,1000,0.6616,0.985,0.0,0.0,0.0,,,,,
SRCVAE,HR_N1000_PolicyDom_Thresh2.5_Seed500_FAIR_ALL.csv,PolicyDom,2.5,FAIR_ALL,2,6,4,1000,0.5474,0.875,0.875,1.0,0.9333,0.0,1.0,0.0,1.0,1.0
SRCVAE,HR_N1000_PolicyDom_Thresh2.5_Seed600_BIASED_ALL.csv,PolicyDom,2.5,BIASED_ALL,2,6,4,1000,0.9847,0.98,0.0,0.0,0.0,0.0,inf,0.0,0.0,0.0
SRCVAE,HR_N1000_PolicyDom_Thresh2.5_Seed600_BIASED_FAIRNESS.csv,PolicyDom,2.5,BIASED_FAIRNESS,1,6,0,1000,0.9758,0.98,0.0,0.0,0.0,0.0,inf,0.0,0.0,0.0
SRCVAE,HR_N1000_PolicyDom_Thresh2.5_Seed600_BIASED_MASKED.csv,PolicyDom,2.5,BIASED_MASKED,0,6,0,1000,0.9541,0.98,0.0,0.0,0.0,,,,,
SRCVAE,HR_N1000_PolicyDom_Thresh2.5_Seed600_FAIR_ALL.csv,PolicyDom,2.5,FAIR_ALL,2,6,4,1000,0.6031,0.905,0.905,1.0,0.9501,0.0,1.0,0.0,1.0,1.0
SRCVAE,HR_N1000_PolicyDom_Thresh2.5_Seed700_BIASED_ALL.csv,PolicyDom,2.5,BIASED_ALL,2,6,4,1000,0.7768,0.98,0.0,0.0,0.0,0.0,inf,0.0,0.0,0.0
SRCVAE,HR_N1000_PolicyDom_Thresh2.5_Seed700_BIASED_FAIRNESS.csv,PolicyDom,2.5,BIASED_FAIRNESS,1,6,0,1000,0.9158,0.98,0.0,0.0,0.0,0.0,inf,0.0,0.0,0.0
SRCVAE,HR_N1000_PolicyDom_Thresh2.5_Seed700_BIASED_MASKED.csv,PolicyDom,2.5,BIASED_MASKED,0,6,0,1000,0.9656,0.98,0.0,0.0,0.0,,,,,
SRCVAE,HR_N1000_PolicyDom_Thresh2.5_Seed700_FAIR_ALL.csv,PolicyDom,2.5,FAIR_ALL,2,6,4,1000,0.6431,0.9,0.9,1.0,0.9474,0.0,1.0,0.0,1.0,1.0
SRCVAE,HR_N1000_PolicyDom_Thresh2.5_Seed800_BIASED_ALL.csv,PolicyDom,2.5,BIASED_ALL,2,6,4,1000,0.8232,0.99,0.0,0.0,0.0,0.0,inf,0.0,0.0,0.0
SRCVAE,HR_N1000_PolicyDom_Thresh2.5_Seed800_BIASED_FAIRNESS.csv,PolicyDom,2.5,BIASED_FAIRNESS,1,6,0,1000,0.5076,0.98,0.0,0.0,0.0,0.0143999997526407,0.0,0.0,0.0,0.0143999997526407
SRCVAE,HR_N1000_PolicyDom_Thresh2.5_Seed800_BIASED_MASKED.csv,PolicyDom,2.5,BIASED_MASKED,0,6,0,1000,0.9773,0.99,0.0,0.0,0.0,,,,,
SRCVAE,HR_N1000_PolicyDom_Thresh2.5_Seed800_FAIR_ALL.csv,PolicyDom,2.5,FAIR_ALL,2,6,4,1000,0.6144,0.905,0.905,1.0,0.9501,0.0,1.0,0.0,1.0,1.0
SRCVAE,HR_N1000_PolicyDom_Thresh2.5_Seed900_BIASED_ALL.csv,PolicyDom,2.5,BIASED_ALL,2,6,4,1000,0.9217,0.99,0.0,0.0,0.0,0.0,inf,0.0,0.0,0.0
SRCVAE,HR_N1000_PolicyDom_Thresh2.5_Seed900_BIASED_FAIRNESS.csv,PolicyDom,2.5,BIASED_FAIRNESS,1,6,0,1000,0.7146,0.99,0.0,0.0,0.0,0.0,inf,0.0,0.0,0.0
SRCVAE,HR_N1000_PolicyDom_Thresh2.5_Seed900_BIASED_MASKED.csv,PolicyDom,2.5,BIASED_MASKED,0,6,0,1000,1.0,0.99,0.0,0.0,0.0,,,,,
SRCVAE,HR_N1000_PolicyDom_Thresh2.5_Seed900_FAIR_ALL.csv,PolicyDom,2.5,FAIR_ALL,2,6,4,1000,0.7075,0.9,0.9,1.0,0.9474,0.0,1.0,0.0,1.0,1.0
SRCVAE,HR_N1000_WealthDom_Thresh1.0_Seed1000_BIASED_ALL.csv,WealthDom,1.0,BIASED_ALL,2,6,4,1000,0.6351,0.77,0.77,1.0,0.8701,0.0,1.0,0.0,1.0,1.0
SRCVAE,HR_N1000_WealthDom_Thresh1.0_Seed1000_BIASED_FAIRNESS.csv,WealthDom,1.0,BIASED_FAIRNESS,1,6,0,1000,0.5637,0.77,0.77,1.0,0.8701,0.0,1.0,0.0,1.0,1.0
SRCVAE,HR_N1000_WealthDom_Thresh1.0_Seed1000_BIASED_MASKED.csv,WealthDom,1.0,BIASED_MASKED,0,6,0,1000,0.5538,0.77,0.77,1.0,0.8701,,,,,
SRCVAE,HR_N1000_WealthDom_Thresh1.0_Seed1000_FAIR_ALL.csv,WealthDom,1.0,FAIR_ALL,2,6,4,1000,0.5346,0.93,0.93,1.0,0.9637,0.0,1.0,0.0,1.0,1.0
SRCVAE,HR_N1000_WealthDom_Thresh1.0_Seed100_BIASED_ALL.csv,WealthDom,1.0,BIASED_ALL,2,6,4,1000,0.5825,0.76,0.7614,0.9934,0.8621,0.0078999996185302,0.9919999837875366,0.0141,0.9812999963760376,0.989199995994568
SRCVAE,HR_N1000_WealthDom_Thresh1.0_Seed100_BIASED_FAIRNESS.csv,WealthDom,1.0,BIASED_FAIRNESS,1,6,0,1000,0.6132,0.755,0.755,1.0,0.8604,0.0,1.0,0.0,1.0,1.0
SRCVAE,HR_N1000_WealthDom_Thresh1.0_Seed100_BIASED_MASKED.csv,WealthDom,1.0,BIASED_MASKED,0,6,0,1000,0.5894,0.755,0.755,1.0,0.8604,,,,,
SRCVAE,HR_N1000_WealthDom_Thresh1.0_Seed100_FAIR_ALL.csv,WealthDom,1.0,FAIR_ALL,2,6,4,1000,0.7112,0.935,0.935,1.0,0.9664,0.0,1.0,0.0,1.0,1.0
SRCVAE,HR_N1000_WealthDom_Thresh1.0_Seed1100_BIASED_ALL.csv,WealthDom,1.0,BIASED_ALL,2,6,4,1000,0.5145,0.76,0.76,1.0,0.8636,0.0,1.0,0.0,1.0,1.0
SRCVAE,HR_N1000_WealthDom_Thresh1.0_Seed1100_BIASED_FAIRNESS.csv,WealthDom,1.0,BIASED_FAIRNESS,1,6,0,1000,0.4653,0.76,0.76,1.0,0.8636,0.0,1.0,0.0,1.0,1.0
SRCVAE,HR_N1000_WealthDom_Thresh1.0_Seed1100_BIASED_MASKED.csv,WealthDom,1.0,BIASED_MASKED,0,6,0,1000,0.5029,0.76,0.76,1.0,0.8636,,,,,
SRCVAE,HR_N1000_WealthDom_Thresh1.0_Seed1100_FAIR_ALL.csv,WealthDom,1.0,FAIR_ALL,2,6,4,1000,0.429,0.93,0.93,1.0,0.9637,0.0,1.0,0.0,1.0,1.0
SRCVAE,HR_N1000_WealthDom_Thresh1.0_Seed1200_BIASED_ALL.csv,WealthDom,1.0,BIASED_ALL,2,6,4,1000,0.4905,0.78,0.78,1.0,0.8764,0.0,1.0,0.0,1.0,1.0
SRCVAE,HR_N1000_WealthDom_Thresh1.0_Seed1200_BIASED_FAIRNESS.csv,WealthDom,1.0,BIASED_FAIRNESS,1,6,0,1000,0.421,0.775,0.7789,0.9936,0.8732,0.0076000001281499,1.007599949836731,0.0099,1.0,0.9923999905586244
SRCVAE,HR_N1000_WealthDom_Thresh1.0_Seed1200_BIASED_MASKED.csv,WealthDom,1.0,BIASED_MASKED,0,6,0,1000,0.5154,0.78,0.78,1.0,0.8764,,,,,
SRCVAE,HR_N1000_WealthDom_Thresh1.0_Seed1200_FAIR_ALL.csv,WealthDom,1.0,FAIR_ALL,2,6,4,1000,0.5166,0.915,0.915,1.0,0.9556,0.0,1.0,0.0,1.0,1.0
SRCVAE,HR_N1000_WealthDom_Thresh1.0_Seed1300_BIASED_ALL.csv,WealthDom,1.0,BIASED_ALL,2,6,4,1000,0.6195,0.795,0.799,0.9938,0.8858,0.008899999782443,0.991100013256073,0.0112,0.991100013256073,1.0
SRCVAE,HR_N1000_WealthDom_Thresh1.0_Seed1300_BIASED_FAIRNESS.csv,WealthDom,1.0,BIASED_FAIRNESS,1,6,0,1000,0.6341,0.8,0.8,1.0,0.8889,0.0,1.0,0.0,1.0,1.0
SRCVAE,HR_N1000_WealthDom_Thresh1.0_Seed1300_BIASED_MASKED.csv,WealthDom,1.0,BIASED_MASKED,0,6,0,1000,0.5302,0.8,0.8,1.0,0.8889,,,,,
SRCVAE,HR_N1000_WealthDom_Thresh1.0_Seed1300_FAIR_ALL.csv,WealthDom,1.0,FAIR_ALL,2,6,4,1000,0.3505,0.935,0.935,1.0,0.9664,0.0,1.0,0.0,1.0,1.0
SRCVAE,HR_N1000_WealthDom_Thresh1.0_Seed1400_BIASED_ALL.csv,WealthDom,1.0,BIASED_ALL,2,6,4,1000,0.5055,0.74,0.7437,0.9933,0.8506,0.0110999997705221,0.9889000058174132,0.0161,0.9889000058174132,1.0
SRCVAE,HR_N1000_WealthDom_Thresh1.0_Seed1400_BIASED_FAIRNESS.csv,WealthDom,1.0,BIASED_FAIRNESS,1,6,0,1000,0.5061,0.745,0.745,1.0,0.8539,0.0,1.0,0.0,1.0,1.0
SRCVAE,HR_N1000_WealthDom_Thresh1.0_Seed1400_BIASED_MASKED.csv,WealthDom,1.0,BIASED_MASKED,0,6,0,1000,0.4227,0.73,0.7411,0.9799,0.8439,,,,,
SRCVAE,HR_N1000_WealthDom_Thresh1.0_Seed1400_FAIR_ALL.csv,WealthDom,1.0,FAIR_ALL,2,6,4,1000,0.5137,0.94,0.94,1.0,0.9691,0.0,1.0,0.0,1.0,1.0
SRCVAE,HR_N1000_WealthDom_Thresh1.0_Seed1500_BIASED_ALL.csv,WealthDom,1.0,BIASED_ALL,2,6,4,1000,0.4773,0.77,0.77,1.0,0.8701,0.0,1.0,0.0,1.0,1.0
SRCVAE,HR_N1000_WealthDom_Thresh1.0_Seed1500_BIASED_FAIRNESS.csv,WealthDom,1.0,BIASED_FAIRNESS,1,6,0,1000,0.5136,0.77,0.77,1.0,0.8701,0.0,1.0,0.0,1.0,1.0
SRCVAE,HR_N1000_WealthDom_Thresh1.0_Seed1500_BIASED_MASKED.csv,WealthDom,1.0,BIASED_MASKED,0,6,0,1000,0.5747,0.77,0.77,1.0,0.8701,,,,,
SRCVAE,HR_N1000_WealthDom_Thresh1.0_Seed1500_FAIR_ALL.csv,WealthDom,1.0,FAIR_ALL,2,6,4,1000,0.4539,0.915,0.915,1.0,0.9556,0.0,1.0,0.0,1.0,1.0
SRCVAE,HR_N1000_WealthDom_Thresh1.0_Seed1600_BIASED_ALL.csv,WealthDom,1.0,BIASED_ALL,2,6,4,1000,0.5734,0.735,0.735,1.0,0.8473,0.0,1.0,0.0,1.0,1.0
SRCVAE,HR_N1000_WealthDom_Thresh1.0_Seed1600_BIASED_FAIRNESS.csv,WealthDom,1.0,BIASED_FAIRNESS,1,6,0,1000,0.5559,0.735,0.735,1.0,0.8473,0.0,1.0,0.0,1.0,1.0
SRCVAE,HR_N1000_WealthDom_Thresh1.0_Seed1600_BIASED_MASKED.csv,WealthDom,1.0,BIASED_MASKED,0,6,0,1000,0.5713,0.735,0.735,1.0,0.8473,,,,,
SRCVAE,HR_N1000_WealthDom_Thresh1.0_Seed1600_FAIR_ALL.csv,WealthDom,1.0,FAIR_ALL,2,6,4,1000,0.3445,0.925,0.925,1.0,0.961,0.0,1.0,0.0,1.0,1.0
SRCVAE,HR_N1000_WealthDom_Thresh1.0_Seed1700_BIASED_ALL.csv,WealthDom,1.0,BIASED_ALL,2,6,4,1000,0.571,0.785,0.785,1.0,0.8796,0.0,1.0,0.0,1.0,1.0
SRCVAE,HR_N1000_WealthDom_Thresh1.0_Seed1700_BIASED_FAIRNESS.csv,WealthDom,1.0,BIASED_FAIRNESS,1,6,0,1000,0.5405,0.785,0.7879,0.9936,0.8789,0.0146000003442168,1.014799952507019,0.0096,1.0,0.9854000210762024
SRCVAE,HR_N1000_WealthDom_Thresh1.0_Seed1700_BIASED_MASKED.csv,WealthDom,1.0,BIASED_MASKED,0,6,0,1000,0.49,0.79,0.7919,0.9936,0.8814,,,,,
SRCVAE,HR_N1000_WealthDom_Thresh1.0_Seed1700_FAIR_ALL.csv,WealthDom,1.0,FAIR_ALL,2,6,4,1000,0.1993,0.925,0.9296,0.9946,0.961,0.009800000116229,1.0098999738693235,0.0104,1.0,0.9901999831199646
SRCVAE,HR_N1000_WealthDom_Thresh1.0_Seed1800_BIASED_ALL.csv,WealthDom,1.0,BIASED_ALL,2,6,4,1000,0.5245,0.785,0.785,1.0,0.8796,0.0,1.0,0.0,1.0,1.0
SRCVAE,HR_N1000_WealthDom_Thresh1.0_Seed1800_BIASED_FAIRNESS.csv,WealthDom,1.0,BIASED_FAIRNESS,1,6,0,1000,0.577,0.785,0.785,1.0,0.8796,0.0,1.0,0.0,1.0,1.0
SRCVAE,HR_N1000_WealthDom_Thresh1.0_Seed1800_BIASED_MASKED.csv,WealthDom,1.0,BIASED_MASKED,0,6,0,1000,0.5002,0.785,0.785,1.0,0.8796,,,,,
SRCVAE,HR_N1000_WealthDom_Thresh1.0_Seed1800_FAIR_ALL.csv,WealthDom,1.0,FAIR_ALL,2,6,4,1000,0.5707,0.93,0.93,1.0,0.9637,0.0,1.0,0.0,1.0,1.0
SRCVAE,HR_N1000_WealthDom_Thresh1.0_Seed1900_BIASED_ALL.csv,WealthDom,1.0,BIASED_ALL,2,6,4,1000,0.6654,0.77,0.77,1.0,0.8701,0.0,1.0,0.0,1.0,1.0
SRCVAE,HR_N1000_WealthDom_Thresh1.0_Seed1900_BIASED_FAIRNESS.csv,WealthDom,1.0,BIASED_FAIRNESS,1,6,0,1000,0.6606,0.77,0.77,1.0,0.8701,0.0,1.0,0.0,1.0,1.0
SRCVAE,HR_N1000_WealthDom_Thresh1.0_Seed1900_BIASED_MASKED.csv,WealthDom,1.0,BIASED_MASKED,0,6,0,1000,0.6169,0.77,0.77,1.0,0.8701,,,,,
SRCVAE,HR_N1000_WealthDom_Thresh1.0_Seed1900_FAIR_ALL.csv,WealthDom,1.0,FAIR_ALL,2,6,4,1000,0.2945,0.935,0.935,1.0,0.9664,0.0,1.0,0.0,1.0,1.0
SRCVAE,HR_N1000_WealthDom_Thresh1.0_Seed2000_BIASED_ALL.csv,WealthDom,1.0,BIASED_ALL,2,6,4,1000,0.6611,0.735,0.735,1.0,0.8473,0.0,1.0,0.0,1.0,1.0
SRCVAE,HR_N1000_WealthDom_Thresh1.0_Seed2000_BIASED_FAIRNESS.csv,WealthDom,1.0,BIASED_FAIRNESS,1,6,0,1000,0.5083,0.735,0.735,1.0,0.8473,0.0,1.0,0.0,1.0,1.0
SRCVAE,HR_N1000_WealthDom_Thresh1.0_Seed2000_BIASED_MASKED.csv,WealthDom,1.0,BIASED_MASKED,0,6,0,1000,0.4471,0.735,0.735,1.0,0.8473,,,,,
SRCVAE,HR_N1000_WealthDom_Thresh1.0_Seed2000_FAIR_ALL.csv,WealthDom,1.0,FAIR_ALL,2,6,4,1000,0.619,0.93,0.93,1.0,0.9637,0.0,1.0,0.0,1.0,1.0
SRCVAE,HR_N1000_WealthDom_Thresh1.0_Seed200_BIASED_ALL.csv,WealthDom,1.0,BIASED_ALL,2,6,4,1000,0.4795,0.755,0.755,1.0,0.8604,0.0,1.0,0.0,1.0,1.0
SRCVAE,HR_N1000_WealthDom_Thresh1.0_Seed200_BIASED_FAIRNESS.csv,WealthDom,1.0,BIASED_FAIRNESS,1,6,0,1000,0.5132,0.755,0.755,1.0,0.8604,0.0,1.0,0.0,1.0,1.0
SRCVAE,HR_N1000_WealthDom_Thresh1.0_Seed200_BIASED_MASKED.csv,WealthDom,1.0,BIASED_MASKED,0,6,0,1000,0.6559,0.755,0.755,1.0,0.8604,,,,,
SRCVAE,HR_N1000_WealthDom_Thresh1.0_Seed200_FAIR_ALL.csv,WealthDom,1.0,FAIR_ALL,2,6,4,1000,0.5833,0.93,0.93,1.0,0.9637,0.0,1.0,0.0,1.0,1.0
SRCVAE,HR_N1000_WealthDom_Thresh1.0_Seed300_BIASED_ALL.csv,WealthDom,1.0,BIASED_ALL,2,6,4,1000,0.5382,0.76,0.76,1.0,0.8636,0.0,1.0,0.0,1.0,1.0
SRCVAE,HR_N1000_WealthDom_Thresh1.0_Seed300_BIASED_FAIRNESS.csv,WealthDom,1.0,BIASED_FAIRNESS,1,6,0,1000,0.4729,0.76,0.76,1.0,0.8636,0.0,1.0,0.0,1.0,1.0
SRCVAE,HR_N1000_WealthDom_Thresh1.0_Seed300_BIASED_MASKED.csv,WealthDom,1.0,BIASED_MASKED,0,6,0,1000,0.578,0.76,0.76,1.0,0.8636,,,,,
SRCVAE,HR_N1000_WealthDom_Thresh1.0_Seed300_FAIR_ALL.csv,WealthDom,1.0,FAIR_ALL,2,6,4,1000,0.4419,0.94,0.94,1.0,0.9691,0.0,1.0,0.0,1.0,1.0
SRCVAE,HR_N1000_WealthDom_Thresh1.0_Seed400_BIASED_ALL.csv,WealthDom,1.0,BIASED_ALL,2,6,4,1000,0.4803,0.765,0.765,1.0,0.8669,0.0,1.0,0.0,1.0,1.0
SRCVAE,HR_N1000_WealthDom_Thresh1.0_Seed400_BIASED_FAIRNESS.csv,WealthDom,1.0,BIASED_FAIRNESS,1,6,0,1000,0.4357,0.755,0.7626,0.9869,0.8604,0.0144999995827674,1.0147000551223757,0.0196,1.0,0.9854999780654908
SRCVAE,HR_N1000_WealthDom_Thresh1.0_Seed400_BIASED_MASKED.csv,WealthDom,1.0,BIASED_MASKED,0,6,0,1000,0.6012,0.77,0.7772,0.9804,0.8671,,,,,
SRCVAE,HR_N1000_WealthDom_Thresh1.0_Seed400_FAIR_ALL.csv,WealthDom,1.0,FAIR_ALL,2,6,4,1000,0.3373,0.935,0.935,1.0,0.9664,0.0,1.0,0.0,1.0,1.0
SRCVAE,HR_N1000_WealthDom_Thresh1.0_Seed500_BIASED_ALL.csv,WealthDom,1.0,BIASED_ALL,2,6,4,1000,0.6967,0.75,0.75,1.0,0.8571,0.0,1.0,0.0,1.0,1.0
SRCVAE,HR_N1000_WealthDom_Thresh1.0_Seed500_BIASED_FAIRNESS.csv,WealthDom,1.0,BIASED_FAIRNESS,1,6,0,1000,0.5376,0.75,0.75,1.0,0.8571,0.0,1.0,0.0,1.0,1.0
SRCVAE,HR_N1000_WealthDom_Thresh1.0_Seed500_BIASED_MASKED.csv,WealthDom,1.0,BIASED_MASKED,0,6,0,1000,0.5879,0.75,0.75,1.0,0.8571,,,,,
SRCVAE,HR_N1000_WealthDom_Thresh1.0_Seed500_FAIR_ALL.csv,WealthDom,1.0,FAIR_ALL,2,6,4,1000,0.7874,0.905,0.905,1.0,0.9501,0.0,1.0,0.0,1.0,1.0
SRCVAE,HR_N1000_WealthDom_Thresh1.0_Seed600_BIASED_ALL.csv,WealthDom,1.0,BIASED_ALL,2,6,4,1000,0.564,0.76,0.7626,0.9934,0.8629,0.0206000003963708,0.9793999791145324,0.0154,0.9793999791145324,1.0
SRCVAE,HR_N1000_WealthDom_Thresh1.0_Seed600_BIASED_FAIRNESS.csv,WealthDom,1.0,BIASED_FAIRNESS,1,6,0,1000,0.5872,0.76,0.76,1.0,0.8636,0.0,1.0,0.0,1.0,1.0
SRCVAE,HR_N1000_WealthDom_Thresh1.0_Seed600_BIASED_MASKED.csv,WealthDom,1.0,BIASED_MASKED,0,6,0,1000,0.5961,0.76,0.76,1.0,0.8636,,,,,
SRCVAE,HR_N1000_WealthDom_Thresh1.0_Seed600_FAIR_ALL.csv,WealthDom,1.0,FAIR_ALL,2,6,4,1000,0.4607,0.935,0.935,1.0,0.9664,0.0,1.0,0.0,1.0,1.0
SRCVAE,HR_N1000_WealthDom_Thresh1.0_Seed700_BIASED_ALL.csv,WealthDom,1.0,BIASED_ALL,2,6,4,1000,0.5367,0.795,0.795,1.0,0.8858,0.0,1.0,0.0,1.0,1.0
SRCVAE,HR_N1000_WealthDom_Thresh1.0_Seed700_BIASED_FAIRNESS.csv,WealthDom,1.0,BIASED_FAIRNESS,1,6,0,1000,0.5406,0.795,0.795,1.0,0.8858,0.0,1.0,0.0,1.0,1.0
SRCVAE,HR_N1000_WealthDom_Thresh1.0_Seed700_BIASED_MASKED.csv,WealthDom,1.0,BIASED_MASKED,0,6,0,1000,0.5518,0.795,0.795,1.0,0.8858,,,,,
SRCVAE,HR_N1000_WealthDom_Thresh1.0_Seed700_FAIR_ALL.csv,WealthDom,1.0,FAIR_ALL,2,6,4,1000,0.4524,0.91,0.9192,0.9891,0.9529,0.0012000000569969,0.9987999796867372,0.0014,0.989400029182434,0.9905999898910522
SRCVAE,HR_N1000_WealthDom_Thresh1.0_Seed800_BIASED_ALL.csv,WealthDom,1.0,BIASED_ALL,2,6,4,1000,0.5266,0.765,0.765,1.0,0.8669,0.0,1.0,0.0,1.0,1.0
SRCVAE,HR_N1000_WealthDom_Thresh1.0_Seed800_BIASED_FAIRNESS.csv,WealthDom,1.0,BIASED_FAIRNESS,1,6,0,1000,0.52,0.765,0.765,1.0,0.8669,0.0,1.0,0.0,1.0,1.0
SRCVAE,HR_N1000_WealthDom_Thresh1.0_Seed800_BIASED_MASKED.csv,WealthDom,1.0,BIASED_MASKED,0,6,0,1000,0.5614,0.765,0.765,1.0,0.8669,,,,,
SRCVAE,HR_N1000_WealthDom_Thresh1.0_Seed800_FAIR_ALL.csv,WealthDom,1.0,FAIR_ALL,2,6,4,1000,0.5681,0.93,0.9347,0.9947,0.9637,0.0092000002041459,1.0092999935150146,0.01,1.0,0.9908000230789183
SRCVAE,HR_N1000_WealthDom_Thresh1.0_Seed900_BIASED_ALL.csv,WealthDom,1.0,BIASED_ALL,2,6,4,1000,0.4663,0.76,0.76,1.0,0.8636,0.0,1.0,0.0,1.0,1.0
SRCVAE,HR_N1000_WealthDom_Thresh1.0_Seed900_BIASED_FAIRNESS.csv,WealthDom,1.0,BIASED_FAIRNESS,1,6,0,1000,0.4605,0.755,0.7588,0.9934,0.8604,0.015599999576807,0.9843999743461608,0.0196,0.9843999743461608,1.0
SRCVAE,HR_N1000_WealthDom_Thresh1.0_Seed900_BIASED_MASKED.csv,WealthDom,1.0,BIASED_MASKED,0,6,0,1000,0.4616,0.76,0.76,1.0,0.8636,,,,,
SRCVAE,HR_N1000_WealthDom_Thresh1.0_Seed900_FAIR_ALL.csv,WealthDom,1.0,FAIR_ALL,2,6,4,1000,0.3449,0.94,0.94,1.0,0.9691,0.0,1.0,0.0,1.0,1.0
SRCVAE,HR_N1000_WealthDom_Thresh2.5_Seed1000_BIASED_ALL.csv,WealthDom,2.5,BIASED_ALL,2,6,4,1000,0.5499,0.745,0.745,1.0,0.8539,0.0,1.0,0.0,1.0,1.0
SRCVAE,HR_N1000_WealthDom_Thresh2.5_Seed1000_BIASED_FAIRNESS.csv,WealthDom,2.5,BIASED_FAIRNESS,1,6,0,1000,0.4541,0.75,0.7487,1.0,0.8563,0.006800000090152,1.0068000555038452,0.0,1.0,0.9932000041007996
SRCVAE,HR_N1000_WealthDom_Thresh2.5_Seed1000_BIASED_MASKED.csv,WealthDom,2.5,BIASED_MASKED,0,6,0,1000,0.4972,0.745,0.745,1.0,0.8539,,,,,
SRCVAE,HR_N1000_WealthDom_Thresh2.5_Seed1000_FAIR_ALL.csv,WealthDom,2.5,FAIR_ALL,2,6,4,1000,0.4285,0.925,0.925,1.0,0.961,0.0,1.0,0.0,1.0,1.0
SRCVAE,HR_N1000_WealthDom_Thresh2.5_Seed100_BIASED_ALL.csv,WealthDom,2.5,BIASED_ALL,2,6,4,1000,0.5627,0.735,0.735,1.0,0.8473,0.0,1.0,0.0,1.0,1.0
SRCVAE,HR_N1000_WealthDom_Thresh2.5_Seed100_BIASED_FAIRNESS.csv,WealthDom,2.5,BIASED_FAIRNESS,1,6,0,1000,0.5909,0.735,0.735,1.0,0.8473,0.0,1.0,0.0,1.0,1.0
SRCVAE,HR_N1000_WealthDom_Thresh2.5_Seed100_BIASED_MASKED.csv,WealthDom,2.5,BIASED_MASKED,0,6,0,1000,0.5483,0.735,0.735,1.0,0.8473,,,,,
SRCVAE,HR_N1000_WealthDom_Thresh2.5_Seed100_FAIR_ALL.csv,WealthDom,2.5,FAIR_ALL,2,6,4,1000,0.4378,0.925,0.925,1.0,0.961,0.0,1.0,0.0,1.0,1.0
SRCVAE,HR_N1000_WealthDom_Thresh2.5_Seed1100_BIASED_ALL.csv,WealthDom,2.5,BIASED_ALL,2,6,4,1000,0.6619,0.74,0.74,1.0,0.8506,0.0,1.0,0.0,1.0,1.0
SRCVAE,HR_N1000_WealthDom_Thresh2.5_Seed1100_BIASED_FAIRNESS.csv,WealthDom,2.5,BIASED_FAIRNESS,1,6,0,1000,0.6233,0.74,0.74,1.0,0.8506,0.0,1.0,0.0,1.0,1.0
SRCVAE,HR_N1000_WealthDom_Thresh2.5_Seed1100_BIASED_MASKED.csv,WealthDom,2.5,BIASED_MASKED,0,6,0,1000,0.6017,0.74,0.74,1.0,0.8506,,,,,
SRCVAE,HR_N1000_WealthDom_Thresh2.5_Seed1100_FAIR_ALL.csv,WealthDom,2.5,FAIR_ALL,2,6,4,1000,0.556,0.925,0.925,1.0,0.961,0.0,1.0,0.0,1.0,1.0
SRCVAE,HR_N1000_WealthDom_Thresh2.5_Seed1200_BIASED_ALL.csv,WealthDom,2.5,BIASED_ALL,2,6,4,1000,0.5279,0.755,0.7626,0.9869,0.8604,0.0185000002384185,1.0189000368118286,0.0233,1.0,0.9815000295639038
SRCVAE,HR_N1000_WealthDom_Thresh2.5_Seed1200_BIASED_FAIRNESS.csv,WealthDom,2.5,BIASED_FAIRNESS,1,6,0,1000,0.6127,0.76,0.7638,0.9935,0.8636,0.0071999998763203,1.007200002670288,0.0094,1.0,0.992799997329712
SRCVAE,HR_N1000_WealthDom_Thresh2.5_Seed1200_BIASED_MASKED.csv,WealthDom,2.5,BIASED_MASKED,0,6,0,1000,0.6095,0.765,0.765,1.0,0.8669,,,,,
SRCVAE,HR_N1000_WealthDom_Thresh2.5_Seed1200_FAIR_ALL.csv,WealthDom,2.5,FAIR_ALL,2,6,4,1000,0.3752,0.9,0.9091,0.989,0.9474,0.0212999992072582,1.0217000246047974,0.0227,1.0,0.9786999821662904
SRCVAE,HR_N1000_WealthDom_Thresh2.5_Seed1300_BIASED_ALL.csv,WealthDom,2.5,BIASED_ALL,2,6,4,1000,0.5125,0.77,0.7778,0.9872,0.8701,0.0189999993890523,0.9810000061988832,0.0263,0.9810000061988832,1.0
SRCVAE,HR_N1000_WealthDom_Thresh2.5_Seed1300_BIASED_FAIRNESS.csv,WealthDom,2.5,BIASED_FAIRNESS,1,6,0,1000,0.4879,0.765,0.7766,0.9808,0.8669,0.0207000002264976,1.0211000442504885,0.0278,1.0,0.979300022125244
SRCVAE,HR_N1000_WealthDom_Thresh2.5_Seed1300_BIASED_MASKED.csv,WealthDom,2.5,BIASED_MASKED,0,6,0,1000,0.5348,0.77,0.7778,0.9872,0.8701,,,,,
SRCVAE,HR_N1000_WealthDom_Thresh2.5_Seed1300_FAIR_ALL.csv,WealthDom,2.5,FAIR_ALL,2,6,4,1000,0.5524,0.925,0.925,1.0,0.961,0.0,1.0,0.0,1.0,1.0
SRCVAE,HR_N1000_WealthDom_Thresh2.5_Seed1400_BIASED_ALL.csv,WealthDom,2.5,BIASED_ALL,2,6,4,1000,0.4695,0.7,0.7143,0.9722,0.8235,0.0229000002145767,1.0236999988555908,0.027,0.9907000064849854,0.9677000045776368
SRCVAE,HR_N1000_WealthDom_Thresh2.5_Seed1400_BIASED_FAIRNESS.csv,WealthDom,2.5,BIASED_FAIRNESS,1,6,0,1000,0.4487,0.71,0.7194,0.9792,0.8294,0.0364999994635582,0.9631999731063844,0.0526,0.955900013446808,0.9923999905586244
SRCVAE,HR_N1000_WealthDom_Thresh2.5_Seed1400_BIASED_MASKED.csv,WealthDom,2.5,BIASED_MASKED,0,6,0,1000,0.592,0.72,0.72,1.0,0.8372,,,,,
SRCVAE,HR_N1000_WealthDom_Thresh2.5_Seed1400_FAIR_ALL.csv,WealthDom,2.5,FAIR_ALL,2,6,4,1000,0.5204,0.935,0.935,1.0,0.9664,0.0,1.0,0.0,1.0,1.0
SRCVAE,HR_N1000_WealthDom_Thresh2.5_Seed1500_BIASED_ALL.csv,WealthDom,2.5,BIASED_ALL,2,6,4,1000,0.5189,0.75,0.75,1.0,0.8571,0.0,1.0,0.0,1.0,1.0
SRCVAE,HR_N1000_WealthDom_Thresh2.5_Seed1500_BIASED_FAIRNESS.csv,WealthDom,2.5,BIASED_FAIRNESS,1,6,0,1000,0.6423,0.75,0.7525,0.9933,0.8563,0.0138999996706843,1.0140999555587769,0.0098,1.0,0.9861000180244446
SRCVAE,HR_N1000_WealthDom_Thresh2.5_Seed1500_BIASED_MASKED.csv,WealthDom,2.5,BIASED_MASKED,0,6,0,1000,0.4987,0.75,0.75,1.0,0.8571,,,,,
SRCVAE,HR_N1000_WealthDom_Thresh2.5_Seed1500_FAIR_ALL.csv,WealthDom,2.5,FAIR_ALL,2,6,4,1000,0.4674,0.915,0.915,1.0,0.9556,0.0,1.0,0.0,1.0,1.0
SRCVAE,HR_N1000_WealthDom_Thresh2.5_Seed1600_BIASED_ALL.csv,WealthDom,2.5,BIASED_ALL,2,6,4,1000,0.5288,0.705,0.705,1.0,0.827,0.0,1.0,0.0,1.0,1.0
SRCVAE,HR_N1000_WealthDom_Thresh2.5_Seed1600_BIASED_FAIRNESS.csv,WealthDom,2.5,BIASED_FAIRNESS,1,6,0,1000,0.5923,0.7,0.7035,0.9929,0.8235,0.0065000001341104,1.006500005722046,0.0092,1.0,0.993499994277954
SRCVAE,HR_N1000_WealthDom_Thresh2.5_Seed1600_BIASED_MASKED.csv,WealthDom,2.5,BIASED_MASKED,0,6,0,1000,0.5836,0.685,0.699,0.9716,0.8131,,,,,
SRCVAE,HR_N1000_WealthDom_Thresh2.5_Seed1600_FAIR_ALL.csv,WealthDom,2.5,FAIR_ALL,2,6,4,1000,0.5645,0.92,0.92,1.0,0.9583,0.0,1.0,0.0,1.0,1.0
SRCVAE,HR_N1000_WealthDom_Thresh2.5_Seed1700_BIASED_ALL.csv,WealthDom,2.5,BIASED_ALL,2,6,4,1000,0.5672,0.77,0.77,1.0,0.8701,0.0,1.0,0.0,1.0,1.0
SRCVAE,HR_N1000_WealthDom_Thresh2.5_Seed1700_BIASED_FAIRNESS.csv,WealthDom,2.5,BIASED_FAIRNESS,1,6,0,1000,0.5443,0.77,0.77,1.0,0.8701,0.0,1.0,0.0,1.0,1.0
SRCVAE,HR_N1000_WealthDom_Thresh2.5_Seed1700_BIASED_MASKED.csv,WealthDom,2.5,BIASED_MASKED,0,6,0,1000,0.5603,0.77,0.77,1.0,0.8701,,,,,
SRCVAE,HR_N1000_WealthDom_Thresh2.5_Seed1700_FAIR_ALL.csv,WealthDom,2.5,FAIR_ALL,2,6,4,1000,0.3379,0.93,0.93,1.0,0.9637,0.0,1.0,0.0,1.0,1.0
SRCVAE,HR_N1000_WealthDom_Thresh2.5_Seed1800_BIASED_ALL.csv,WealthDom,2.5,BIASED_ALL,2,6,4,1000,0.5111,0.745,0.7629,0.9673,0.853,0.0438000001013278,1.0462000370025637,0.0461,0.9905999898910522,0.9467999935150146
SRCVAE,HR_N1000_WealthDom_Thresh2.5_Seed1800_BIASED_FAIRNESS.csv,WealthDom,2.5,BIASED_FAIRNESS,1,6,0,1000,0.529,0.765,0.765,1.0,0.8669,0.0,1.0,0.0,1.0,1.0
SRCVAE,HR_N1000_WealthDom_Thresh2.5_Seed1800_BIASED_MASKED.csv,WealthDom,2.5,BIASED_MASKED,0,6,0,1000,0.5615,0.765,0.765,1.0,0.8669,,,,,
SRCVAE,HR_N1000_WealthDom_Thresh2.5_Seed1800_FAIR_ALL.csv,WealthDom,2.5,FAIR_ALL,2,6,4,1000,0.4314,0.915,0.915,1.0,0.9556,0.0,1.0,0.0,1.0,1.0
SRCVAE,HR_N1000_WealthDom_Thresh2.5_Seed1900_BIASED_ALL.csv,WealthDom,2.5,BIASED_ALL,2,6,4,1000,0.6026,0.745,0.745,1.0,0.8539,0.0,1.0,0.0,1.0,1.0
SRCVAE,HR_N1000_WealthDom_Thresh2.5_Seed1900_BIASED_FAIRNESS.csv,WealthDom,2.5,BIASED_FAIRNESS,1,6,0,1000,0.5661,0.745,0.745,1.0,0.8539,0.0,1.0,0.0,1.0,1.0
SRCVAE,HR_N1000_WealthDom_Thresh2.5_Seed1900_BIASED_MASKED.csv,WealthDom,2.5,BIASED_MASKED,0,6,0,1000,0.676,0.745,0.745,1.0,0.8539,,,,,
SRCVAE,HR_N1000_WealthDom_Thresh2.5_Seed1900_FAIR_ALL.csv,WealthDom,2.5,FAIR_ALL,2,6,4,1000,0.3654,0.925,0.925,1.0,0.961,0.0,1.0,0.0,1.0,1.0
SRCVAE,HR_N1000_WealthDom_Thresh2.5_Seed2000_BIASED_ALL.csv,WealthDom,2.5,BIASED_ALL,2,6,4,1000,0.4166,0.71,0.7136,0.993,0.8304,0.0108000002801418,1.0109000205993652,0.0141,1.0,0.989199995994568
SRCVAE,HR_N1000_WealthDom_Thresh2.5_Seed2000_BIASED_FAIRNESS.csv,WealthDom,2.5,BIASED_FAIRNESS,1,6,0,1000,0.4718,0.715,0.715,1.0,0.8338,0.0,1.0,0.0,1.0,1.0
SRCVAE,HR_N1000_WealthDom_Thresh2.5_Seed2000_BIASED_MASKED.csv,WealthDom,2.5,BIASED_MASKED,0,6,0,1000,0.535,0.715,0.715,1.0,0.8338,,,,,
SRCVAE,HR_N1000_WealthDom_Thresh2.5_Seed2000_FAIR_ALL.csv,WealthDom,2.5,FAIR_ALL,2,6,4,1000,0.552,0.92,0.92,1.0,0.9583,0.0,1.0,0.0,1.0,1.0
SRCVAE,HR_N1000_WealthDom_Thresh2.5_Seed200_BIASED_ALL.csv,WealthDom,2.5,BIASED_ALL,2,6,4,1000,0.4972,0.725,0.725,1.0,0.8406,0.0,1.0,0.0,1.0,1.0
SRCVAE,HR_N1000_WealthDom_Thresh2.5_Seed200_BIASED_FAIRNESS.csv,WealthDom,2.5,BIASED_FAIRNESS,1,6,0,1000,0.4721,0.725,0.725,1.0,0.8406,0.0,1.0,0.0,1.0,1.0
SRCVAE,HR_N1000_WealthDom_Thresh2.5_Seed200_BIASED_MASKED.csv,WealthDom,2.5,BIASED_MASKED,0,6,0,1000,0.4708,0.725,0.725,1.0,0.8406,,,,,
SRCVAE,HR_N1000_WealthDom_Thresh2.5_Seed200_FAIR_ALL.csv,WealthDom,2.5,FAIR_ALL,2,6,4,1000,0.4151,0.92,0.92,1.0,0.9583,0.0,1.0,0.0,1.0,1.0
SRCVAE,HR_N1000_WealthDom_Thresh2.5_Seed300_BIASED_ALL.csv,WealthDom,2.5,BIASED_ALL,2,6,4,1000,0.4355,0.735,0.735,1.0,0.8473,0.0,1.0,0.0,1.0,1.0
SRCVAE,HR_N1000_WealthDom_Thresh2.5_Seed300_BIASED_FAIRNESS.csv,WealthDom,2.5,BIASED_FAIRNESS,1,6,0,1000,0.5726,0.74,0.7596,0.9456,0.8424,0.0428000018000602,0.9538999795913696,0.0691,0.885200023651123,0.9280999898910522
SRCVAE,HR_N1000_WealthDom_Thresh2.5_Seed300_BIASED_MASKED.csv,WealthDom,2.5,BIASED_MASKED,0,6,0,1000,0.4169,0.725,0.7347,0.9796,0.8397,,,,,
SRCVAE,HR_N1000_WealthDom_Thresh2.5_Seed300_FAIR_ALL.csv,WealthDom,2.5,FAIR_ALL,2,6,4,1000,0.5135,0.925,0.925,1.0,0.961,0.0,1.0,0.0,1.0,1.0
SRCVAE,HR_N1000_WealthDom_Thresh2.5_Seed400_BIASED_ALL.csv,WealthDom,2.5,BIASED_ALL,2,6,4,1000,0.4496,0.74,0.7424,0.9932,0.8497,0.0212999992072582,0.9786999821662904,0.0154,0.9786999821662904,1.0
SRCVAE,HR_N1000_WealthDom_Thresh2.5_Seed400_BIASED_FAIRNESS.csv,WealthDom,2.5,BIASED_FAIRNESS,1,6,0,1000,0.4613,0.74,0.74,1.0,0.8506,0.0,1.0,0.0,1.0,1.0
SRCVAE,HR_N1000_WealthDom_Thresh2.5_Seed400_BIASED_MASKED.csv,WealthDom,2.5,BIASED_MASKED,0,6,0,1000,0.5318,0.74,0.74,1.0,0.8506,,,,,
SRCVAE,HR_N1000_WealthDom_Thresh2.5_Seed400_FAIR_ALL.csv,WealthDom,2.5,FAIR_ALL,2,6,4,1000,0.6162,0.93,0.93,1.0,0.9637,0.0,1.0,0.0,1.0,1.0
SRCVAE,HR_N1000_WealthDom_Thresh2.5_Seed500_BIASED_ALL.csv,WealthDom,2.5,BIASED_ALL,2,6,4,1000,0.6167,0.725,0.7286,0.9932,0.8406,0.0093000000342726,1.0094000101089478,0.0122,1.0,0.9907000064849854
SRCVAE,HR_N1000_WealthDom_Thresh2.5_Seed500_BIASED_FAIRNESS.csv,WealthDom,2.5,BIASED_FAIRNESS,1,6,0,1000,0.6722,0.73,0.73,1.0,0.8439,0.0,1.0,0.0,1.0,1.0
SRCVAE,HR_N1000_WealthDom_Thresh2.5_Seed500_BIASED_MASKED.csv,WealthDom,2.5,BIASED_MASKED,0,6,0,1000,0.721,0.73,0.73,1.0,0.8439,,,,,
SRCVAE,HR_N1000_WealthDom_Thresh2.5_Seed500_FAIR_ALL.csv,WealthDom,2.5,FAIR_ALL,2,6,4,1000,0.4903,0.895,0.895,1.0,0.9446,0.0,1.0,0.0,1.0,1.0
SRCVAE,HR_N1000_WealthDom_Thresh2.5_Seed600_BIASED_ALL.csv,WealthDom,2.5,BIASED_ALL,2,6,4,1000,0.5713,0.735,0.735,1.0,0.8473,0.0,1.0,0.0,1.0,1.0
SRCVAE,HR_N1000_WealthDom_Thresh2.5_Seed600_BIASED_FAIRNESS.csv,WealthDom,2.5,BIASED_FAIRNESS,1,6,0,1000,0.4299,0.675,0.7181,0.9184,0.806,0.0593999996781349,1.0642999410629272,0.0794,0.9825000166893004,0.9230999946594238
SRCVAE,HR_N1000_WealthDom_Thresh2.5_Seed600_BIASED_MASKED.csv,WealthDom,2.5,BIASED_MASKED,0,6,0,1000,0.6275,0.745,0.7449,0.9932,0.8513,,,,,
SRCVAE,HR_N1000_WealthDom_Thresh2.5_Seed600_FAIR_ALL.csv,WealthDom,2.5,FAIR_ALL,2,6,4,1000,0.3625,0.93,0.93,1.0,0.9637,0.0,1.0,0.0,1.0,1.0
SRCVAE,HR_N1000_WealthDom_Thresh2.5_Seed700_BIASED_ALL.csv,WealthDom,2.5,BIASED_ALL,2,6,4,1000,0.5383,0.77,0.77,1.0,0.8701,0.0,1.0,0.0,1.0,1.0
SRCVAE,HR_N1000_WealthDom_Thresh2.5_Seed700_BIASED_FAIRNESS.csv,WealthDom,2.5,BIASED_FAIRNESS,1,6,0,1000,0.5375,0.77,0.77,1.0,0.8701,0.0,1.0,0.0,1.0,1.0
SRCVAE,HR_N1000_WealthDom_Thresh2.5_Seed700_BIASED_MASKED.csv,WealthDom,2.5,BIASED_MASKED,0,6,0,1000,0.5524,0.77,0.77,1.0,0.8701,,,,,
SRCVAE,HR_N1000_WealthDom_Thresh2.5_Seed700_FAIR_ALL.csv,WealthDom,2.5,FAIR_ALL,2,6,4,1000,0.4584,0.915,0.915,1.0,0.9556,0.0,1.0,0.0,1.0,1.0
SRCVAE,HR_N1000_WealthDom_Thresh2.5_Seed800_BIASED_ALL.csv,WealthDom,2.5,BIASED_ALL,2,6,4,1000,0.5565,0.75,0.75,1.0,0.8571,0.0,1.0,0.0,1.0,1.0
SRCVAE,HR_N1000_WealthDom_Thresh2.5_Seed800_BIASED_FAIRNESS.csv,WealthDom,2.5,BIASED_FAIRNESS,1,6,0,1000,0.4161,0.75,0.75,1.0,0.8571,0.0,1.0,0.0,1.0,1.0
SRCVAE,HR_N1000_WealthDom_Thresh2.5_Seed800_BIASED_MASKED.csv,WealthDom,2.5,BIASED_MASKED,0,6,0,1000,0.4713,0.745,0.7487,0.9933,0.8539,,,,,
SRCVAE,HR_N1000_WealthDom_Thresh2.5_Seed800_FAIR_ALL.csv,WealthDom,2.5,FAIR_ALL,2,6,4,1000,0.5402,0.925,0.925,1.0,0.961,0.0,1.0,0.0,1.0,1.0
SRCVAE,HR_N1000_WealthDom_Thresh2.5_Seed900_BIASED_ALL.csv,WealthDom,2.5,BIASED_ALL,2,6,4,1000,0.4869,0.74,0.74,1.0,0.8506,0.0,1.0,0.0,1.0,1.0
SRCVAE,HR_N1000_WealthDom_Thresh2.5_Seed900_BIASED_FAIRNESS.csv,WealthDom,2.5,BIASED_FAIRNESS,1,6,0,1000,0.5647,0.74,0.74,1.0,0.8506,0.0,1.0,0.0,1.0,1.0
SRCVAE,HR_N1000_WealthDom_Thresh2.5_Seed900_BIASED_MASKED.csv,WealthDom,2.5,BIASED_MASKED,0,6,0,1000,0.5603,0.74,0.74,1.0,0.8506,,,,,
SRCVAE,HR_N1000_WealthDom_Thresh2.5_Seed900_FAIR_ALL.csv,WealthDom,2.5,FAIR_ALL,2,6,4,1000,0.7266,0.925,0.9296,0.9946,0.961,0.0098999999463558,0.9901000261306764,0.0103,0.9901000261306764,1.0
