model_name,name_dataset,bias_level,threshold,data_type,n_S,n_X,n_U,total_samples,ROC_AUC,Accuracy,Precision,Recall,F1_Score,Statistical_Parity_Diff_(ATE),Disparate_Impact_Ratio,Equal_Opportunity_Diff,Pos_Rate_S1,Pos_Rate_S0
XGBoost,HR_N10000_HighBias_Thresh1.0_Seed1000_BIASED_ALL.csv,HighBias,1.0,BIASED_ALL,1,6,4,10000,0.9417,0.9347,0.7164,0.5821,0.6423,0.1925,8.6414,0.1282,0.2177,0.0252
XGBoost,HR_N10000_HighBias_Thresh1.0_Seed1000_BIASED_FAIRNESS.csv,HighBias,1.0,BIASED_FAIRNESS,1,6,0,10000,0.9417,0.9347,0.7164,0.5821,0.6423,0.1925,8.6414,0.1282,0.2177,0.0252
XGBoost,HR_N10000_HighBias_Thresh1.0_Seed1000_FAIR_ALL.csv,HighBias,1.0,FAIR_ALL,1,6,4,10000,0.659,0.8954,0.918,0.9724,0.9444,0.0023,0.9977,0.0005,0.966,0.9682
XGBoost,HR_N10000_HighBias_Thresh1.0_Seed100_BIASED_ALL.csv,HighBias,1.0,BIASED_ALL,1,6,4,10000,0.9422,0.9286,0.6515,0.5966,0.6229,0.2151,9.4368,0.2616,0.2405,0.0255
XGBoost,HR_N10000_HighBias_Thresh1.0_Seed100_BIASED_FAIRNESS.csv,HighBias,1.0,BIASED_FAIRNESS,1,6,0,10000,0.9422,0.9286,0.6515,0.5966,0.6229,0.2151,9.4368,0.2616,0.2405,0.0255
XGBoost,HR_N10000_HighBias_Thresh1.0_Seed100_FAIR_ALL.csv,HighBias,1.0,FAIR_ALL,1,6,4,10000,0.659,0.8992,0.9174,0.9779,0.9467,0.0048,0.9951,0.0047,0.9716,0.9763
XGBoost,HR_N10000_HighBias_Thresh1.0_Seed1100_BIASED_ALL.csv,HighBias,1.0,BIASED_ALL,1,6,4,10000,0.9449,0.9312,0.7017,0.6144,0.6552,0.2179,8.9636,0.2891,0.2453,0.0274
XGBoost,HR_N10000_HighBias_Thresh1.0_Seed1100_BIASED_FAIRNESS.csv,HighBias,1.0,BIASED_FAIRNESS,1,6,0,10000,0.9449,0.9312,0.7017,0.6144,0.6552,0.2179,8.9636,0.2891,0.2453,0.0274
XGBoost,HR_N10000_HighBias_Thresh1.0_Seed1100_FAIR_ALL.csv,HighBias,1.0,FAIR_ALL,1,6,4,10000,0.6519,0.903,0.9265,0.9718,0.9486,0.0066,0.9932,0.0056,0.9615,0.9681
XGBoost,HR_N10000_HighBias_Thresh1.0_Seed1200_BIASED_ALL.csv,HighBias,1.0,BIASED_ALL,1,6,4,10000,0.9453,0.9358,0.7026,0.5886,0.6405,0.1898,8.7588,0.3284,0.2142,0.0245
XGBoost,HR_N10000_HighBias_Thresh1.0_Seed1200_BIASED_FAIRNESS.csv,HighBias,1.0,BIASED_FAIRNESS,1,6,0,10000,0.9453,0.9358,0.7026,0.5886,0.6405,0.1898,8.7588,0.3284,0.2142,0.0245
XGBoost,HR_N10000_HighBias_Thresh1.0_Seed1200_FAIR_ALL.csv,HighBias,1.0,FAIR_ALL,1,6,4,10000,0.709,0.9029,0.9256,0.9726,0.9485,0.0016,1.0016,0.0007,0.9669,0.9653
XGBoost,HR_N10000_HighBias_Thresh1.0_Seed1300_BIASED_ALL.csv,HighBias,1.0,BIASED_ALL,1,6,4,10000,0.9444,0.9327,0.6766,0.595,0.6332,0.2096,9.7918,0.2863,0.2334,0.0238
XGBoost,HR_N10000_HighBias_Thresh1.0_Seed1300_BIASED_FAIRNESS.csv,HighBias,1.0,BIASED_FAIRNESS,1,6,0,10000,0.9444,0.9327,0.6766,0.595,0.6332,0.2096,9.7918,0.2863,0.2334,0.0238
XGBoost,HR_N10000_HighBias_Thresh1.0_Seed1300_FAIR_ALL.csv,HighBias,1.0,FAIR_ALL,1,6,4,10000,0.6984,0.906,0.9229,0.9796,0.9504,0.007,1.0072,0.0066,0.9807,0.9737
XGBoost,HR_N10000_HighBias_Thresh1.0_Seed1400_BIASED_ALL.csv,HighBias,1.0,BIASED_ALL,1,6,4,10000,0.9328,0.9281,0.6841,0.5542,0.6123,0.1883,8.3599,0.2487,0.2138,0.0256
XGBoost,HR_N10000_HighBias_Thresh1.0_Seed1400_BIASED_FAIRNESS.csv,HighBias,1.0,BIASED_FAIRNESS,1,6,0,10000,0.9328,0.9281,0.6841,0.5542,0.6123,0.1883,8.3599,0.2487,0.2138,0.0256
XGBoost,HR_N10000_HighBias_Thresh1.0_Seed1400_FAIR_ALL.csv,HighBias,1.0,FAIR_ALL,1,6,4,10000,0.6606,0.8938,0.9183,0.9704,0.9436,0.0018,0.9981,0.003,0.9667,0.9685
XGBoost,HR_N10000_HighBias_Thresh1.0_Seed1500_BIASED_ALL.csv,HighBias,1.0,BIASED_ALL,1,6,4,10000,0.9428,0.9308,0.6867,0.5603,0.6171,0.1943,9.2993,0.2549,0.2177,0.0234
XGBoost,HR_N10000_HighBias_Thresh1.0_Seed1500_BIASED_FAIRNESS.csv,HighBias,1.0,BIASED_FAIRNESS,1,6,0,10000,0.9428,0.9308,0.6867,0.5603,0.6171,0.1943,9.2993,0.2549,0.2177,0.0234
XGBoost,HR_N10000_HighBias_Thresh1.0_Seed1500_FAIR_ALL.csv,HighBias,1.0,FAIR_ALL,1,6,4,10000,0.6869,0.8912,0.9172,0.9684,0.9421,0.0016,1.0017,0.0008,0.9664,0.9647
XGBoost,HR_N10000_HighBias_Thresh1.0_Seed1600_BIASED_ALL.csv,HighBias,1.0,BIASED_ALL,1,6,4,10000,0.942,0.9286,0.6635,0.6139,0.6377,0.2179,8.2849,0.2833,0.2478,0.0299
XGBoost,HR_N10000_HighBias_Thresh1.0_Seed1600_BIASED_FAIRNESS.csv,HighBias,1.0,BIASED_FAIRNESS,1,6,0,10000,0.942,0.9286,0.6635,0.6139,0.6377,0.2179,8.2849,0.2833,0.2478,0.0299
XGBoost,HR_N10000_HighBias_Thresh1.0_Seed1600_FAIR_ALL.csv,HighBias,1.0,FAIR_ALL,1,6,4,10000,0.6538,0.8892,0.9163,0.9669,0.9409,0.0125,1.013,0.0124,0.9716,0.9592
XGBoost,HR_N10000_HighBias_Thresh1.0_Seed1700_BIASED_ALL.csv,HighBias,1.0,BIASED_ALL,1,6,4,10000,0.9464,0.9318,0.6847,0.6098,0.6451,0.2189,10.0337,0.2731,0.2431,0.0242
XGBoost,HR_N10000_HighBias_Thresh1.0_Seed1700_BIASED_FAIRNESS.csv,HighBias,1.0,BIASED_FAIRNESS,1,6,0,10000,0.9464,0.9318,0.6847,0.6098,0.6451,0.2189,10.0337,0.2731,0.2431,0.0242
XGBoost,HR_N10000_HighBias_Thresh1.0_Seed1700_FAIR_ALL.csv,HighBias,1.0,FAIR_ALL,1,6,4,10000,0.6677,0.8969,0.9214,0.9703,0.9452,0.0075,1.0078,0.0052,0.9707,0.9632
XGBoost,HR_N10000_HighBias_Thresh1.0_Seed1800_BIASED_ALL.csv,HighBias,1.0,BIASED_ALL,1,6,4,10000,0.9459,0.9284,0.6475,0.6418,0.6446,0.2306,8.6769,0.2857,0.2606,0.03
XGBoost,HR_N10000_HighBias_Thresh1.0_Seed1800_BIASED_FAIRNESS.csv,HighBias,1.0,BIASED_FAIRNESS,1,6,0,10000,0.9459,0.9284,0.6475,0.6418,0.6446,0.2306,8.6769,0.2857,0.2606,0.03
XGBoost,HR_N10000_HighBias_Thresh1.0_Seed1800_FAIR_ALL.csv,HighBias,1.0,FAIR_ALL,1,6,4,10000,0.6473,0.8999,0.9207,0.9748,0.947,0.0084,1.0087,0.0052,0.9767,0.9684
XGBoost,HR_N10000_HighBias_Thresh1.0_Seed1900_BIASED_ALL.csv,HighBias,1.0,BIASED_ALL,1,6,4,10000,0.9421,0.9246,0.6475,0.6096,0.6279,0.2205,7.9591,0.2115,0.2522,0.0317
XGBoost,HR_N10000_HighBias_Thresh1.0_Seed1900_BIASED_FAIRNESS.csv,HighBias,1.0,BIASED_FAIRNESS,1,6,0,10000,0.9421,0.9246,0.6475,0.6096,0.6279,0.2205,7.9591,0.2115,0.2522,0.0317
XGBoost,HR_N10000_HighBias_Thresh1.0_Seed1900_FAIR_ALL.csv,HighBias,1.0,FAIR_ALL,1,6,4,10000,0.6686,0.8972,0.9238,0.9682,0.9455,0.0047,0.9951,0.0052,0.9614,0.9661
XGBoost,HR_N10000_HighBias_Thresh1.0_Seed2000_BIASED_ALL.csv,HighBias,1.0,BIASED_ALL,1,6,4,10000,0.9391,0.9311,0.6928,0.5859,0.6349,0.1895,7.6213,0.1383,0.2181,0.0286
XGBoost,HR_N10000_HighBias_Thresh1.0_Seed2000_BIASED_FAIRNESS.csv,HighBias,1.0,BIASED_FAIRNESS,1,6,0,10000,0.9391,0.9311,0.6928,0.5859,0.6349,0.1895,7.6213,0.1383,0.2181,0.0286
XGBoost,HR_N10000_HighBias_Thresh1.0_Seed2000_FAIR_ALL.csv,HighBias,1.0,FAIR_ALL,1,6,4,10000,0.6288,0.8971,0.92,0.9724,0.9455,0.0332,1.0346,0.0305,0.9931,0.9599
XGBoost,HR_N10000_HighBias_Thresh1.0_Seed200_BIASED_ALL.csv,HighBias,1.0,BIASED_ALL,1,6,4,10000,0.9328,0.9254,0.6714,0.5529,0.6065,0.1877,7.8253,0.1336,0.2152,0.0275
XGBoost,HR_N10000_HighBias_Thresh1.0_Seed200_BIASED_FAIRNESS.csv,HighBias,1.0,BIASED_FAIRNESS,1,6,0,10000,0.9328,0.9254,0.6714,0.5529,0.6065,0.1877,7.8253,0.1336,0.2152,0.0275
XGBoost,HR_N10000_HighBias_Thresh1.0_Seed200_FAIR_ALL.csv,HighBias,1.0,FAIR_ALL,1,6,4,10000,0.6663,0.8991,0.9212,0.9734,0.9466,0.0042,0.9956,0.0047,0.9668,0.9711
XGBoost,HR_N10000_HighBias_Thresh1.0_Seed300_BIASED_ALL.csv,HighBias,1.0,BIASED_ALL,1,6,4,10000,0.9376,0.9229,0.654,0.5371,0.5898,0.2073,10.4834,0.1623,0.2291,0.0219
XGBoost,HR_N10000_HighBias_Thresh1.0_Seed300_BIASED_FAIRNESS.csv,HighBias,1.0,BIASED_FAIRNESS,1,6,0,10000,0.9376,0.9229,0.654,0.5371,0.5898,0.2073,10.4834,0.1623,0.2291,0.0219
XGBoost,HR_N10000_HighBias_Thresh1.0_Seed300_FAIR_ALL.csv,HighBias,1.0,FAIR_ALL,1,6,4,10000,0.6496,0.8996,0.9209,0.9742,0.9468,0.0012,0.9987,0.0025,0.9695,0.9707
XGBoost,HR_N10000_HighBias_Thresh1.0_Seed400_BIASED_ALL.csv,HighBias,1.0,BIASED_ALL,1,6,4,10000,0.9436,0.9282,0.6574,0.6202,0.6383,0.1987,6.3254,0.1281,0.236,0.0373
XGBoost,HR_N10000_HighBias_Thresh1.0_Seed400_BIASED_FAIRNESS.csv,HighBias,1.0,BIASED_FAIRNESS,1,6,0,10000,0.9436,0.9282,0.6574,0.6202,0.6383,0.1987,6.3254,0.1281,0.236,0.0373
XGBoost,HR_N10000_HighBias_Thresh1.0_Seed400_FAIR_ALL.csv,HighBias,1.0,FAIR_ALL,1,6,4,10000,0.6528,0.8924,0.9206,0.9656,0.9425,0.0071,0.9926,0.0059,0.9531,0.9602
XGBoost,HR_N10000_HighBias_Thresh1.0_Seed500_BIASED_ALL.csv,HighBias,1.0,BIASED_ALL,1,6,4,10000,0.9326,0.9224,0.6335,0.5686,0.5993,0.2254,10.0936,0.2592,0.2502,0.0248
XGBoost,HR_N10000_HighBias_Thresh1.0_Seed500_BIASED_FAIRNESS.csv,HighBias,1.0,BIASED_FAIRNESS,1,6,0,10000,0.9326,0.9224,0.6335,0.5686,0.5993,0.2254,10.0936,0.2592,0.2502,0.0248
XGBoost,HR_N10000_HighBias_Thresh1.0_Seed500_FAIR_ALL.csv,HighBias,1.0,FAIR_ALL,1,6,4,10000,0.6583,0.9,0.9185,0.9775,0.9471,0.0108,0.989,0.0101,0.9666,0.9774
XGBoost,HR_N10000_HighBias_Thresh1.0_Seed600_BIASED_ALL.csv,HighBias,1.0,BIASED_ALL,1,6,4,10000,0.9308,0.9239,0.6812,0.4771,0.5612,0.1986,16.5459,0.3637,0.2114,0.0128
XGBoost,HR_N10000_HighBias_Thresh1.0_Seed600_BIASED_FAIRNESS.csv,HighBias,1.0,BIASED_FAIRNESS,1,6,0,10000,0.9308,0.9239,0.6812,0.4771,0.5612,0.1986,16.5459,0.3637,0.2114,0.0128
XGBoost,HR_N10000_HighBias_Thresh1.0_Seed600_FAIR_ALL.csv,HighBias,1.0,FAIR_ALL,1,6,4,10000,0.6564,0.8938,0.9201,0.9683,0.9436,0.0047,1.0049,0.0039,0.9689,0.9642
XGBoost,HR_N10000_HighBias_Thresh1.0_Seed700_BIASED_ALL.csv,HighBias,1.0,BIASED_ALL,1,6,4,10000,0.9352,0.9166,0.5847,0.5841,0.5844,0.2668,15.0283,0.3849,0.2858,0.019
XGBoost,HR_N10000_HighBias_Thresh1.0_Seed700_BIASED_FAIRNESS.csv,HighBias,1.0,BIASED_FAIRNESS,1,6,0,10000,0.9352,0.9166,0.5847,0.5841,0.5844,0.2668,15.0283,0.3849,0.2858,0.019
XGBoost,HR_N10000_HighBias_Thresh1.0_Seed700_FAIR_ALL.csv,HighBias,1.0,FAIR_ALL,1,6,4,10000,0.66,0.8779,0.9121,0.9578,0.9344,0.0341,1.0361,0.032,0.9771,0.943
XGBoost,HR_N10000_HighBias_Thresh1.0_Seed800_BIASED_ALL.csv,HighBias,1.0,BIASED_ALL,1,6,4,10000,0.939,0.9236,0.6813,0.568,0.6195,0.2006,7.2639,0.1234,0.2326,0.032
XGBoost,HR_N10000_HighBias_Thresh1.0_Seed800_BIASED_FAIRNESS.csv,HighBias,1.0,BIASED_FAIRNESS,1,6,0,10000,0.939,0.9236,0.6813,0.568,0.6195,0.2006,7.2639,0.1234,0.2326,0.032
XGBoost,HR_N10000_HighBias_Thresh1.0_Seed800_FAIR_ALL.csv,HighBias,1.0,FAIR_ALL,1,6,4,10000,0.6497,0.8911,0.9177,0.9677,0.942,0.0253,1.0264,0.0231,0.9812,0.956
XGBoost,HR_N10000_HighBias_Thresh1.0_Seed900_BIASED_ALL.csv,HighBias,1.0,BIASED_ALL,1,6,4,10000,0.9448,0.9272,0.6532,0.6156,0.6339,0.1875,5.4813,0.1227,0.2294,0.0418
XGBoost,HR_N10000_HighBias_Thresh1.0_Seed900_BIASED_FAIRNESS.csv,HighBias,1.0,BIASED_FAIRNESS,1,6,0,10000,0.9448,0.9272,0.6532,0.6156,0.6339,0.1875,5.4813,0.1227,0.2294,0.0418
XGBoost,HR_N10000_HighBias_Thresh1.0_Seed900_FAIR_ALL.csv,HighBias,1.0,FAIR_ALL,1,6,4,10000,0.6689,0.8938,0.9158,0.9731,0.9436,0.0203,0.9793,0.0156,0.956,0.9762
XGBoost,HR_N10000_HighBias_Thresh2.5_Seed1000_BIASED_ALL.csv,HighBias,2.5,BIASED_ALL,1,6,4,10000,0.931,0.9437,0.6717,0.5188,0.5854,0.1468,10.1469,0.0784,0.1629,0.0161
XGBoost,HR_N10000_HighBias_Thresh2.5_Seed1000_BIASED_FAIRNESS.csv,HighBias,2.5,BIASED_FAIRNESS,1,6,0,10000,0.931,0.9437,0.6717,0.5188,0.5854,0.1468,10.1469,0.0784,0.1629,0.0161
XGBoost,HR_N10000_HighBias_Thresh2.5_Seed1000_FAIR_ALL.csv,HighBias,2.5,FAIR_ALL,1,6,4,10000,0.6069,0.8748,0.9078,0.959,0.9327,0.0053,0.9944,0.0059,0.952,0.9573
XGBoost,HR_N10000_HighBias_Thresh2.5_Seed100_BIASED_ALL.csv,HighBias,2.5,BIASED_ALL,1,6,4,10000,0.9338,0.9388,0.6211,0.5138,0.5624,0.1648,13.3091,0.2291,0.1782,0.0134
XGBoost,HR_N10000_HighBias_Thresh2.5_Seed100_BIASED_FAIRNESS.csv,HighBias,2.5,BIASED_FAIRNESS,1,6,0,10000,0.9338,0.9388,0.6211,0.5138,0.5624,0.1648,13.3091,0.2291,0.1782,0.0134
XGBoost,HR_N10000_HighBias_Thresh2.5_Seed100_FAIR_ALL.csv,HighBias,2.5,FAIR_ALL,1,6,4,10000,0.6309,0.8843,0.9099,0.9684,0.9383,0.0092,0.9905,0.0079,0.9596,0.9688
XGBoost,HR_N10000_HighBias_Thresh2.5_Seed1100_BIASED_ALL.csv,HighBias,2.5,BIASED_ALL,1,6,4,10000,0.9312,0.9294,0.5547,0.5226,0.5382,0.1944,13.4762,0.3426,0.21,0.0156
XGBoost,HR_N10000_HighBias_Thresh2.5_Seed1100_BIASED_FAIRNESS.csv,HighBias,2.5,BIASED_FAIRNESS,1,6,0,10000,0.9312,0.9294,0.5547,0.5226,0.5382,0.1944,13.4762,0.3426,0.21,0.0156
XGBoost,HR_N10000_HighBias_Thresh2.5_Seed1100_FAIR_ALL.csv,HighBias,2.5,FAIR_ALL,1,6,4,10000,0.6219,0.8916,0.9167,0.9693,0.9423,0.0175,1.0182,0.0179,0.9776,0.9601
XGBoost,HR_N10000_HighBias_Thresh2.5_Seed1200_BIASED_ALL.csv,HighBias,2.5,BIASED_ALL,1,6,4,10000,0.9302,0.9357,0.5794,0.4955,0.5342,0.1583,10.6925,0.2864,0.1746,0.0163
XGBoost,HR_N10000_HighBias_Thresh2.5_Seed1200_BIASED_FAIRNESS.csv,HighBias,2.5,BIASED_FAIRNESS,1,6,0,10000,0.9302,0.9357,0.5794,0.4955,0.5342,0.1583,10.6925,0.2864,0.1746,0.0163
XGBoost,HR_N10000_HighBias_Thresh2.5_Seed1200_FAIR_ALL.csv,HighBias,2.5,FAIR_ALL,1,6,4,10000,0.6444,0.8969,0.9168,0.9754,0.9452,0.0064,1.0066,0.0041,0.9738,0.9674
XGBoost,HR_N10000_HighBias_Thresh2.5_Seed1300_BIASED_ALL.csv,HighBias,2.5,BIASED_ALL,1,6,4,10000,0.9254,0.9353,0.5712,0.5112,0.5396,0.1593,9.2749,0.1263,0.1785,0.0192
XGBoost,HR_N10000_HighBias_Thresh2.5_Seed1300_BIASED_FAIRNESS.csv,HighBias,2.5,BIASED_FAIRNESS,1,6,0,10000,0.9254,0.9353,0.5712,0.5112,0.5396,0.1593,9.2749,0.1263,0.1785,0.0192
XGBoost,HR_N10000_HighBias_Thresh2.5_Seed1300_FAIR_ALL.csv,HighBias,2.5,FAIR_ALL,1,6,4,10000,0.6377,0.8934,0.9152,0.9733,0.9433,0.015,0.9846,0.0096,0.9588,0.9738
XGBoost,HR_N10000_HighBias_Thresh2.5_Seed1400_BIASED_ALL.csv,HighBias,2.5,BIASED_ALL,1,6,4,10000,0.9352,0.9383,0.6557,0.4504,0.534,0.1337,10.7856,0.1971,0.1474,0.0137
XGBoost,HR_N10000_HighBias_Thresh2.5_Seed1400_BIASED_FAIRNESS.csv,HighBias,2.5,BIASED_FAIRNESS,1,6,0,10000,0.9352,0.9383,0.6557,0.4504,0.534,0.1337,10.7856,0.1971,0.1474,0.0137
XGBoost,HR_N10000_HighBias_Thresh2.5_Seed1400_FAIR_ALL.csv,HighBias,2.5,FAIR_ALL,1,6,4,10000,0.6189,0.8884,0.9088,0.9749,0.9407,0.0176,0.9821,0.0189,0.9611,0.9786
XGBoost,HR_N10000_HighBias_Thresh2.5_Seed1500_BIASED_ALL.csv,HighBias,2.5,BIASED_ALL,1,6,4,10000,0.9264,0.9363,0.6197,0.4965,0.5513,0.1752,17.2571,0.2886,0.1859,0.0108
XGBoost,HR_N10000_HighBias_Thresh2.5_Seed1500_BIASED_FAIRNESS.csv,HighBias,2.5,BIASED_FAIRNESS,1,6,0,10000,0.9264,0.9363,0.6197,0.4965,0.5513,0.1752,17.2571,0.2886,0.1859,0.0108
XGBoost,HR_N10000_HighBias_Thresh2.5_Seed1500_FAIR_ALL.csv,HighBias,2.5,FAIR_ALL,1,6,4,10000,0.6191,0.8818,0.9106,0.9642,0.9366,0.0149,0.9845,0.0172,0.9491,0.964
XGBoost,HR_N10000_HighBias_Thresh2.5_Seed1600_BIASED_ALL.csv,HighBias,2.5,BIASED_ALL,1,6,4,10000,0.9251,0.9433,0.675,0.5605,0.6125,0.1757,13.4818,0.2489,0.1898,0.0141
XGBoost,HR_N10000_HighBias_Thresh2.5_Seed1600_BIASED_FAIRNESS.csv,HighBias,2.5,BIASED_FAIRNESS,1,6,0,10000,0.9251,0.9433,0.675,0.5605,0.6125,0.1757,13.4818,0.2489,0.1898,0.0141
XGBoost,HR_N10000_HighBias_Thresh2.5_Seed1600_FAIR_ALL.csv,HighBias,2.5,FAIR_ALL,1,6,4,10000,0.6379,0.8756,0.9082,0.9593,0.933,0.0115,0.988,0.0115,0.9466,0.9581
XGBoost,HR_N10000_HighBias_Thresh2.5_Seed1700_BIASED_ALL.csv,HighBias,2.5,BIASED_ALL,1,6,4,10000,0.9376,0.9398,0.666,0.4916,0.5657,0.1581,14.4931,0.2955,0.1698,0.0117
XGBoost,HR_N10000_HighBias_Thresh2.5_Seed1700_BIASED_FAIRNESS.csv,HighBias,2.5,BIASED_FAIRNESS,1,6,0,10000,0.9376,0.9398,0.666,0.4916,0.5657,0.1581,14.4931,0.2955,0.1698,0.0117
XGBoost,HR_N10000_HighBias_Thresh2.5_Seed1700_FAIR_ALL.csv,HighBias,2.5,FAIR_ALL,1,6,4,10000,0.6188,0.8887,0.911,0.9725,0.9408,0.0026,0.9973,0.0031,0.9684,0.971
XGBoost,HR_N10000_HighBias_Thresh2.5_Seed1800_BIASED_ALL.csv,HighBias,2.5,BIASED_ALL,1,6,4,10000,0.9323,0.9356,0.614,0.5621,0.5869,0.1893,11.9042,0.2657,0.2066,0.0174
XGBoost,HR_N10000_HighBias_Thresh2.5_Seed1800_BIASED_FAIRNESS.csv,HighBias,2.5,BIASED_FAIRNESS,1,6,0,10000,0.9323,0.9356,0.614,0.5621,0.5869,0.1893,11.9042,0.2657,0.2066,0.0174
XGBoost,HR_N10000_HighBias_Thresh2.5_Seed1800_FAIR_ALL.csv,HighBias,2.5,FAIR_ALL,1,6,4,10000,0.6324,0.8888,0.9143,0.9686,0.9407,0.0038,0.9961,0.0069,0.9616,0.9654
XGBoost,HR_N10000_HighBias_Thresh2.5_Seed1900_BIASED_ALL.csv,HighBias,2.5,BIASED_ALL,1,6,4,10000,0.9327,0.9384,0.654,0.4804,0.5539,0.1454,10.6591,0.1174,0.1604,0.015
XGBoost,HR_N10000_HighBias_Thresh2.5_Seed1900_BIASED_FAIRNESS.csv,HighBias,2.5,BIASED_FAIRNESS,1,6,0,10000,0.9327,0.9384,0.654,0.4804,0.5539,0.1454,10.6591,0.1174,0.1604,0.015
XGBoost,HR_N10000_HighBias_Thresh2.5_Seed1900_FAIR_ALL.csv,HighBias,2.5,FAIR_ALL,1,6,4,10000,0.5995,0.8986,0.9153,0.9794,0.9463,0.0083,1.0086,0.0085,0.9821,0.9738
XGBoost,HR_N10000_HighBias_Thresh2.5_Seed2000_BIASED_ALL.csv,HighBias,2.5,BIASED_ALL,1,6,4,10000,0.936,0.9358,0.5862,0.5845,0.5854,0.2114,17.5183,0.3368,0.2242,0.0128
XGBoost,HR_N10000_HighBias_Thresh2.5_Seed2000_BIASED_FAIRNESS.csv,HighBias,2.5,BIASED_FAIRNESS,1,6,0,10000,0.936,0.9358,0.5862,0.5845,0.5854,0.2114,17.5183,0.3368,0.2242,0.0128
XGBoost,HR_N10000_HighBias_Thresh2.5_Seed2000_FAIR_ALL.csv,HighBias,2.5,FAIR_ALL,1,6,4,10000,0.6298,0.8914,0.9097,0.9775,0.9424,0.004,1.0041,0.0041,0.9786,0.9746
XGBoost,HR_N10000_HighBias_Thresh2.5_Seed200_BIASED_ALL.csv,HighBias,2.5,BIASED_ALL,1,6,4,10000,0.9287,0.9362,0.636,0.4637,0.5363,0.1475,12.6384,0.1848,0.1602,0.0127
XGBoost,HR_N10000_HighBias_Thresh2.5_Seed200_BIASED_FAIRNESS.csv,HighBias,2.5,BIASED_FAIRNESS,1,6,0,10000,0.9287,0.9362,0.636,0.4637,0.5363,0.1475,12.6384,0.1848,0.1602,0.0127
XGBoost,HR_N10000_HighBias_Thresh2.5_Seed200_FAIR_ALL.csv,HighBias,2.5,FAIR_ALL,1,6,4,10000,0.6421,0.8966,0.9176,0.9739,0.9449,0.009,1.0094,0.0048,0.9728,0.9638
XGBoost,HR_N10000_HighBias_Thresh2.5_Seed300_BIASED_ALL.csv,HighBias,2.5,BIASED_ALL,1,6,4,10000,0.9411,0.9383,0.6383,0.5461,0.5886,0.1874,16.0771,0.2694,0.1998,0.0124
XGBoost,HR_N10000_HighBias_Thresh2.5_Seed300_BIASED_FAIRNESS.csv,HighBias,2.5,BIASED_FAIRNESS,1,6,0,10000,0.9411,0.9383,0.6383,0.5461,0.5886,0.1874,16.0771,0.2694,0.1998,0.0124
XGBoost,HR_N10000_HighBias_Thresh2.5_Seed300_FAIR_ALL.csv,HighBias,2.5,FAIR_ALL,1,6,4,10000,0.6106,0.8878,0.912,0.97,0.9402,0.0051,0.9947,0.005,0.9629,0.968
XGBoost,HR_N10000_HighBias_Thresh2.5_Seed400_BIASED_ALL.csv,HighBias,2.5,BIASED_ALL,1,6,4,10000,0.9301,0.9388,0.646,0.4634,0.5397,0.1524,15.4282,0.2117,0.163,0.0106
XGBoost,HR_N10000_HighBias_Thresh2.5_Seed400_BIASED_FAIRNESS.csv,HighBias,2.5,BIASED_FAIRNESS,1,6,0,10000,0.9301,0.9388,0.646,0.4634,0.5397,0.1524,15.4282,0.2117,0.163,0.0106
XGBoost,HR_N10000_HighBias_Thresh2.5_Seed400_FAIR_ALL.csv,HighBias,2.5,FAIR_ALL,1,6,4,10000,0.6164,0.8829,0.9076,0.9693,0.9374,0.0211,1.022,0.0199,0.9816,0.9605
XGBoost,HR_N10000_HighBias_Thresh2.5_Seed500_BIASED_ALL.csv,HighBias,2.5,BIASED_ALL,1,6,4,10000,0.932,0.9294,0.5515,0.4971,0.5229,0.2077,28.2207,0.3636,0.2153,0.0076
XGBoost,HR_N10000_HighBias_Thresh2.5_Seed500_BIASED_FAIRNESS.csv,HighBias,2.5,BIASED_FAIRNESS,1,6,0,10000,0.932,0.9294,0.5515,0.4971,0.5229,0.2077,28.2207,0.3636,0.2153,0.0076
XGBoost,HR_N10000_HighBias_Thresh2.5_Seed500_FAIR_ALL.csv,HighBias,2.5,FAIR_ALL,1,6,4,10000,0.6274,0.8838,0.9115,0.9657,0.9378,0.0135,1.0141,0.01,0.9708,0.9573
XGBoost,HR_N10000_HighBias_Thresh2.5_Seed600_BIASED_ALL.csv,HighBias,2.5,BIASED_ALL,1,6,4,10000,0.9192,0.936,0.6041,0.5036,0.5493,0.1756,14.7599,0.2818,0.1884,0.0128
XGBoost,HR_N10000_HighBias_Thresh2.5_Seed600_BIASED_FAIRNESS.csv,HighBias,2.5,BIASED_FAIRNESS,1,6,0,10000,0.9192,0.936,0.6041,0.5036,0.5493,0.1756,14.7599,0.2818,0.1884,0.0128
XGBoost,HR_N10000_HighBias_Thresh2.5_Seed600_FAIR_ALL.csv,HighBias,2.5,FAIR_ALL,1,6,4,10000,0.6179,0.8969,0.9138,0.9793,0.9454,0.0025,1.0026,0.0008,0.9783,0.9758
XGBoost,HR_N10000_HighBias_Thresh2.5_Seed700_BIASED_ALL.csv,HighBias,2.5,BIASED_ALL,1,6,4,10000,0.9394,0.9376,0.6134,0.5237,0.565,0.1699,12.5834,0.2136,0.1845,0.0147
XGBoost,HR_N10000_HighBias_Thresh2.5_Seed700_BIASED_FAIRNESS.csv,HighBias,2.5,BIASED_FAIRNESS,1,6,0,10000,0.9394,0.9376,0.6134,0.5237,0.565,0.1699,12.5834,0.2136,0.1845,0.0147
XGBoost,HR_N10000_HighBias_Thresh2.5_Seed700_FAIR_ALL.csv,HighBias,2.5,FAIR_ALL,1,6,4,10000,0.5955,0.8791,0.903,0.97,0.9353,0.0011,1.0011,0.0007,0.9685,0.9674
XGBoost,HR_N10000_HighBias_Thresh2.5_Seed800_BIASED_ALL.csv,HighBias,2.5,BIASED_ALL,1,6,4,10000,0.9355,0.9311,0.6038,0.504,0.5494,0.1757,11.1034,0.1286,0.193,0.0174
XGBoost,HR_N10000_HighBias_Thresh2.5_Seed800_BIASED_FAIRNESS.csv,HighBias,2.5,BIASED_FAIRNESS,1,6,0,10000,0.9355,0.9311,0.6038,0.504,0.5494,0.1757,11.1034,0.1286,0.193,0.0174
XGBoost,HR_N10000_HighBias_Thresh2.5_Seed800_FAIR_ALL.csv,HighBias,2.5,FAIR_ALL,1,6,4,10000,0.6219,0.8876,0.9088,0.9735,0.94,0.0065,0.9933,0.0112,0.9649,0.9714
XGBoost,HR_N10000_HighBias_Thresh2.5_Seed900_BIASED_ALL.csv,HighBias,2.5,BIASED_ALL,1,6,4,10000,0.9382,0.9389,0.6158,0.5427,0.5769,0.1452,6.8072,0.08,0.1703,0.025
XGBoost,HR_N10000_HighBias_Thresh2.5_Seed900_BIASED_FAIRNESS.csv,HighBias,2.5,BIASED_FAIRNESS,1,6,0,10000,0.9382,0.9389,0.6158,0.5427,0.5769,0.1452,6.8072,0.08,0.1703,0.025
XGBoost,HR_N10000_HighBias_Thresh2.5_Seed900_FAIR_ALL.csv,HighBias,2.5,FAIR_ALL,1,6,4,10000,0.5992,0.8801,0.9081,0.9653,0.9358,0.0122,1.0127,0.0124,0.9711,0.9589
XGBoost,HR_N10000_LowBias_Thresh1.0_Seed1000_BIASED_ALL.csv,LowBias,1.0,BIASED_ALL,1,6,4,10000,0.7126,0.7101,0.7764,0.8356,0.8049,0.141,1.1935,0.1007,0.8699,0.7289
XGBoost,HR_N10000_LowBias_Thresh1.0_Seed1000_BIASED_FAIRNESS.csv,LowBias,1.0,BIASED_FAIRNESS,1,6,0,10000,0.7126,0.7101,0.7764,0.8356,0.8049,0.141,1.1935,0.1007,0.8699,0.7289
XGBoost,HR_N10000_LowBias_Thresh1.0_Seed1000_FAIR_ALL.csv,LowBias,1.0,FAIR_ALL,1,6,4,10000,0.6489,0.8829,0.9082,0.9683,0.9372,0.0021,1.0022,0.0021,0.9645,0.9624
XGBoost,HR_N10000_LowBias_Thresh1.0_Seed100_BIASED_ALL.csv,LowBias,1.0,BIASED_ALL,1,6,4,10000,0.6989,0.7129,0.7741,0.8461,0.8085,0.1904,1.2625,0.1376,0.9157,0.7253
XGBoost,HR_N10000_LowBias_Thresh1.0_Seed100_BIASED_FAIRNESS.csv,LowBias,1.0,BIASED_FAIRNESS,1,6,0,10000,0.6989,0.7129,0.7741,0.8461,0.8085,0.1904,1.2625,0.1376,0.9157,0.7253
XGBoost,HR_N10000_LowBias_Thresh1.0_Seed100_FAIR_ALL.csv,LowBias,1.0,FAIR_ALL,1,6,4,10000,0.6624,0.8864,0.9082,0.9729,0.9394,0.0101,0.9896,0.0102,0.9622,0.9723
XGBoost,HR_N10000_LowBias_Thresh1.0_Seed1100_BIASED_ALL.csv,LowBias,1.0,BIASED_ALL,1,6,4,10000,0.7212,0.7104,0.7873,0.8159,0.8013,0.0962,1.1349,0.0671,0.8091,0.7129
XGBoost,HR_N10000_LowBias_Thresh1.0_Seed1100_BIASED_FAIRNESS.csv,LowBias,1.0,BIASED_FAIRNESS,1,6,0,10000,0.7212,0.7104,0.7873,0.8159,0.8013,0.0962,1.1349,0.0671,0.8091,0.7129
XGBoost,HR_N10000_LowBias_Thresh1.0_Seed1100_FAIR_ALL.csv,LowBias,1.0,FAIR_ALL,1,6,4,10000,0.6422,0.8944,0.9166,0.9727,0.9438,0.0118,1.0122,0.0113,0.975,0.9633
XGBoost,HR_N10000_LowBias_Thresh1.0_Seed1200_BIASED_ALL.csv,LowBias,1.0,BIASED_ALL,1,6,4,10000,0.7064,0.7009,0.7708,0.8248,0.7969,0.0492,1.0659,0.0424,0.7956,0.7465
XGBoost,HR_N10000_LowBias_Thresh1.0_Seed1200_BIASED_FAIRNESS.csv,LowBias,1.0,BIASED_FAIRNESS,1,6,0,10000,0.7064,0.7009,0.7708,0.8248,0.7969,0.0492,1.0659,0.0424,0.7956,0.7465
XGBoost,HR_N10000_LowBias_Thresh1.0_Seed1200_FAIR_ALL.csv,LowBias,1.0,FAIR_ALL,1,6,4,10000,0.694,0.89,0.9151,0.969,0.9412,0.0055,0.9943,0.0064,0.9589,0.9644
XGBoost,HR_N10000_LowBias_Thresh1.0_Seed1300_BIASED_ALL.csv,LowBias,1.0,BIASED_ALL,1,6,4,10000,0.7162,0.7104,0.7817,0.829,0.8047,0.0509,1.0681,0.0271,0.7987,0.7478
XGBoost,HR_N10000_LowBias_Thresh1.0_Seed1300_BIASED_FAIRNESS.csv,LowBias,1.0,BIASED_FAIRNESS,1,6,0,10000,0.7162,0.7104,0.7817,0.829,0.8047,0.0509,1.0681,0.0271,0.7987,0.7478
XGBoost,HR_N10000_LowBias_Thresh1.0_Seed1300_FAIR_ALL.csv,LowBias,1.0,FAIR_ALL,1,6,4,10000,0.668,0.882,0.9114,0.9639,0.9369,0.0066,1.0069,0.0073,0.9661,0.9595
XGBoost,HR_N10000_LowBias_Thresh1.0_Seed1400_BIASED_ALL.csv,LowBias,1.0,BIASED_ALL,1,6,4,10000,0.7112,0.7067,0.7822,0.8235,0.8023,0.0383,0.9505,0.0484,0.7344,0.7726
XGBoost,HR_N10000_LowBias_Thresh1.0_Seed1400_BIASED_FAIRNESS.csv,LowBias,1.0,BIASED_FAIRNESS,1,6,0,10000,0.7112,0.7067,0.7822,0.8235,0.8023,0.0383,0.9505,0.0484,0.7344,0.7726
XGBoost,HR_N10000_LowBias_Thresh1.0_Seed1400_FAIR_ALL.csv,LowBias,1.0,FAIR_ALL,1,6,4,10000,0.6688,0.8884,0.9118,0.9707,0.9403,0.0079,0.9918,0.0067,0.9586,0.9665
XGBoost,HR_N10000_LowBias_Thresh1.0_Seed1500_BIASED_ALL.csv,LowBias,1.0,BIASED_ALL,1,6,4,10000,0.7199,0.7117,0.7793,0.834,0.8057,0.1308,1.1795,0.0977,0.8591,0.7284
XGBoost,HR_N10000_LowBias_Thresh1.0_Seed1500_BIASED_FAIRNESS.csv,LowBias,1.0,BIASED_FAIRNESS,1,6,0,10000,0.7199,0.7117,0.7793,0.834,0.8057,0.1308,1.1795,0.0977,0.8591,0.7284
XGBoost,HR_N10000_LowBias_Thresh1.0_Seed1500_FAIR_ALL.csv,LowBias,1.0,FAIR_ALL,1,6,4,10000,0.6395,0.8766,0.9106,0.9577,0.9336,0.0114,1.012,0.0119,0.9606,0.9492
XGBoost,HR_N10000_LowBias_Thresh1.0_Seed1600_BIASED_ALL.csv,LowBias,1.0,BIASED_ALL,1,6,4,10000,0.691,0.7048,0.7758,0.826,0.8001,0.1096,1.1503,0.0871,0.8386,0.729
XGBoost,HR_N10000_LowBias_Thresh1.0_Seed1600_BIASED_FAIRNESS.csv,LowBias,1.0,BIASED_FAIRNESS,1,6,0,10000,0.691,0.7048,0.7758,0.826,0.8001,0.1096,1.1503,0.0871,0.8386,0.729
XGBoost,HR_N10000_LowBias_Thresh1.0_Seed1600_FAIR_ALL.csv,LowBias,1.0,FAIR_ALL,1,6,4,10000,0.6409,0.8777,0.9069,0.9631,0.9342,0.0015,0.9984,0.0009,0.9563,0.9578
XGBoost,HR_N10000_LowBias_Thresh1.0_Seed1700_BIASED_ALL.csv,LowBias,1.0,BIASED_ALL,1,6,4,10000,0.717,0.7021,0.7736,0.8247,0.7983,0.0608,1.0817,0.0424,0.8046,0.7438
XGBoost,HR_N10000_LowBias_Thresh1.0_Seed1700_BIASED_FAIRNESS.csv,LowBias,1.0,BIASED_FAIRNESS,1,6,0,10000,0.717,0.7021,0.7736,0.8247,0.7983,0.0608,1.0817,0.0424,0.8046,0.7438
XGBoost,HR_N10000_LowBias_Thresh1.0_Seed1700_FAIR_ALL.csv,LowBias,1.0,FAIR_ALL,1,6,4,10000,0.6475,0.8846,0.9105,0.9679,0.9383,0.0078,0.9919,0.0042,0.9592,0.967
XGBoost,HR_N10000_LowBias_Thresh1.0_Seed1800_BIASED_ALL.csv,LowBias,1.0,BIASED_ALL,1,6,4,10000,0.6937,0.7277,0.7814,0.8699,0.8232,0.0889,1.1133,0.0629,0.8737,0.7848
XGBoost,HR_N10000_LowBias_Thresh1.0_Seed1800_BIASED_FAIRNESS.csv,LowBias,1.0,BIASED_FAIRNESS,1,6,0,10000,0.6937,0.7277,0.7814,0.8699,0.8232,0.0889,1.1133,0.0629,0.8737,0.7848
XGBoost,HR_N10000_LowBias_Thresh1.0_Seed1800_FAIR_ALL.csv,LowBias,1.0,FAIR_ALL,1,6,4,10000,0.6417,0.8856,0.9142,0.9647,0.9388,0.0045,1.0047,0.0027,0.9628,0.9583
XGBoost,HR_N10000_LowBias_Thresh1.0_Seed1900_BIASED_ALL.csv,LowBias,1.0,BIASED_ALL,1,6,4,10000,0.7058,0.7091,0.7677,0.8523,0.8078,0.0973,1.1269,0.0714,0.8637,0.7665
XGBoost,HR_N10000_LowBias_Thresh1.0_Seed1900_BIASED_FAIRNESS.csv,LowBias,1.0,BIASED_FAIRNESS,1,6,0,10000,0.7058,0.7091,0.7677,0.8523,0.8078,0.0973,1.1269,0.0714,0.8637,0.7665
XGBoost,HR_N10000_LowBias_Thresh1.0_Seed1900_FAIR_ALL.csv,LowBias,1.0,FAIR_ALL,1,6,4,10000,0.6443,0.8907,0.9159,0.9689,0.9416,0.0069,0.9928,0.0061,0.9581,0.965
XGBoost,HR_N10000_LowBias_Thresh1.0_Seed2000_BIASED_ALL.csv,LowBias,1.0,BIASED_ALL,1,6,4,10000,0.7113,0.7101,0.7844,0.8262,0.8047,0.0004,1.0006,0.0201,0.7619,0.7614
XGBoost,HR_N10000_LowBias_Thresh1.0_Seed2000_BIASED_FAIRNESS.csv,LowBias,1.0,BIASED_FAIRNESS,1,6,0,10000,0.7113,0.7101,0.7844,0.8262,0.8047,0.0004,1.0006,0.0201,0.7619,0.7614
XGBoost,HR_N10000_LowBias_Thresh1.0_Seed2000_FAIR_ALL.csv,LowBias,1.0,FAIR_ALL,1,6,4,10000,0.6856,0.8884,0.9112,0.9717,0.9405,0.0068,1.007,0.0058,0.9722,0.9654
XGBoost,HR_N10000_LowBias_Thresh1.0_Seed200_BIASED_ALL.csv,LowBias,1.0,BIASED_ALL,1,6,4,10000,0.7101,0.7007,0.7723,0.8255,0.798,0.1234,1.1696,0.0978,0.8509,0.7275
XGBoost,HR_N10000_LowBias_Thresh1.0_Seed200_BIASED_FAIRNESS.csv,LowBias,1.0,BIASED_FAIRNESS,1,6,0,10000,0.7101,0.7007,0.7723,0.8255,0.798,0.1234,1.1696,0.0978,0.8509,0.7275
XGBoost,HR_N10000_LowBias_Thresh1.0_Seed200_FAIR_ALL.csv,LowBias,1.0,FAIR_ALL,1,6,4,10000,0.6386,0.8802,0.9147,0.9576,0.9356,0.0004,1.0004,0.0029,0.9521,0.9516
XGBoost,HR_N10000_LowBias_Thresh1.0_Seed300_BIASED_ALL.csv,LowBias,1.0,BIASED_ALL,1,6,4,10000,0.7139,0.719,0.7774,0.8512,0.8126,0.0861,1.1137,0.0563,0.8435,0.7574
XGBoost,HR_N10000_LowBias_Thresh1.0_Seed300_BIASED_FAIRNESS.csv,LowBias,1.0,BIASED_FAIRNESS,1,6,0,10000,0.7139,0.719,0.7774,0.8512,0.8126,0.0861,1.1137,0.0563,0.8435,0.7574
XGBoost,HR_N10000_LowBias_Thresh1.0_Seed300_FAIR_ALL.csv,LowBias,1.0,FAIR_ALL,1,6,4,10000,0.6298,0.8937,0.9113,0.9782,0.9436,0.0102,1.0105,0.009,0.9826,0.9724
XGBoost,HR_N10000_LowBias_Thresh1.0_Seed400_BIASED_ALL.csv,LowBias,1.0,BIASED_ALL,1,6,4,10000,0.6991,0.7023,0.769,0.8335,0.8,0.1187,1.1606,0.0812,0.8574,0.7387
XGBoost,HR_N10000_LowBias_Thresh1.0_Seed400_BIASED_FAIRNESS.csv,LowBias,1.0,BIASED_FAIRNESS,1,6,0,10000,0.6991,0.7023,0.769,0.8335,0.8,0.1187,1.1606,0.0812,0.8574,0.7387
XGBoost,HR_N10000_LowBias_Thresh1.0_Seed400_FAIR_ALL.csv,LowBias,1.0,FAIR_ALL,1,6,4,10000,0.6503,0.8811,0.9089,0.9654,0.9363,0.0352,1.037,0.0299,0.9856,0.9504
XGBoost,HR_N10000_LowBias_Thresh1.0_Seed500_BIASED_ALL.csv,LowBias,1.0,BIASED_ALL,1,6,4,10000,0.7168,0.7128,0.7797,0.8354,0.8066,0.0472,1.0625,0.0221,0.8012,0.754
XGBoost,HR_N10000_LowBias_Thresh1.0_Seed500_BIASED_FAIRNESS.csv,LowBias,1.0,BIASED_FAIRNESS,1,6,0,10000,0.7168,0.7128,0.7797,0.8354,0.8066,0.0472,1.0625,0.0221,0.8012,0.754
XGBoost,HR_N10000_LowBias_Thresh1.0_Seed500_FAIR_ALL.csv,LowBias,1.0,FAIR_ALL,1,6,4,10000,0.6319,0.8843,0.9094,0.969,0.9382,0.0123,1.0128,0.014,0.9745,0.9622
XGBoost,HR_N10000_LowBias_Thresh1.0_Seed600_BIASED_ALL.csv,LowBias,1.0,BIASED_ALL,1,6,4,10000,0.7079,0.7098,0.775,0.8356,0.8041,0.098,1.1325,0.0589,0.8378,0.7398
XGBoost,HR_N10000_LowBias_Thresh1.0_Seed600_BIASED_FAIRNESS.csv,LowBias,1.0,BIASED_FAIRNESS,1,6,0,10000,0.7079,0.7098,0.775,0.8356,0.8041,0.098,1.1325,0.0589,0.8378,0.7398
XGBoost,HR_N10000_LowBias_Thresh1.0_Seed600_FAIR_ALL.csv,LowBias,1.0,FAIR_ALL,1,6,4,10000,0.6438,0.8907,0.91,0.976,0.9419,0.0064,0.9934,0.0059,0.9687,0.9751
XGBoost,HR_N10000_LowBias_Thresh1.0_Seed700_BIASED_ALL.csv,LowBias,1.0,BIASED_ALL,1,6,4,10000,0.7171,0.7067,0.7715,0.8364,0.8027,0.0848,1.1135,0.0554,0.8323,0.7475
XGBoost,HR_N10000_LowBias_Thresh1.0_Seed700_BIASED_FAIRNESS.csv,LowBias,1.0,BIASED_FAIRNESS,1,6,0,10000,0.7171,0.7067,0.7715,0.8364,0.8027,0.0848,1.1135,0.0554,0.8323,0.7475
XGBoost,HR_N10000_LowBias_Thresh1.0_Seed700_FAIR_ALL.csv,LowBias,1.0,FAIR_ALL,1,6,4,10000,0.6601,0.8731,0.9053,0.9591,0.9314,0.0177,1.0187,0.0138,0.9641,0.9464
XGBoost,HR_N10000_LowBias_Thresh1.0_Seed800_BIASED_ALL.csv,LowBias,1.0,BIASED_ALL,1,6,4,10000,0.6905,0.6858,0.763,0.8115,0.7865,0.0522,1.0703,0.039,0.7952,0.743
XGBoost,HR_N10000_LowBias_Thresh1.0_Seed800_BIASED_FAIRNESS.csv,LowBias,1.0,BIASED_FAIRNESS,1,6,0,10000,0.6905,0.6858,0.763,0.8115,0.7865,0.0522,1.0703,0.039,0.7952,0.743
XGBoost,HR_N10000_LowBias_Thresh1.0_Seed800_FAIR_ALL.csv,LowBias,1.0,FAIR_ALL,1,6,4,10000,0.6028,0.8814,0.9084,0.9665,0.9365,0.0017,0.9983,0.0022,0.9617,0.9634
XGBoost,HR_N10000_LowBias_Thresh1.0_Seed900_BIASED_ALL.csv,LowBias,1.0,BIASED_ALL,1,6,4,10000,0.7135,0.7057,0.7769,0.8253,0.8004,0.0839,1.1141,0.0708,0.819,0.7351
XGBoost,HR_N10000_LowBias_Thresh1.0_Seed900_BIASED_FAIRNESS.csv,LowBias,1.0,BIASED_FAIRNESS,1,6,0,10000,0.7135,0.7057,0.7769,0.8253,0.8004,0.0839,1.1141,0.0708,0.819,0.7351
XGBoost,HR_N10000_LowBias_Thresh1.0_Seed900_FAIR_ALL.csv,LowBias,1.0,FAIR_ALL,1,6,4,10000,0.661,0.8748,0.9105,0.9554,0.9324,0.0169,1.018,0.0156,0.9604,0.9435
XGBoost,HR_N10000_LowBias_Thresh2.5_Seed1000_BIASED_ALL.csv,LowBias,2.5,BIASED_ALL,1,6,4,10000,0.6761,0.688,0.7486,0.8308,0.7875,0.1313,1.179,0.0973,0.865,0.7336
XGBoost,HR_N10000_LowBias_Thresh2.5_Seed1000_BIASED_FAIRNESS.csv,LowBias,2.5,BIASED_FAIRNESS,1,6,0,10000,0.6761,0.688,0.7486,0.8308,0.7875,0.1313,1.179,0.0973,0.865,0.7336
XGBoost,HR_N10000_LowBias_Thresh2.5_Seed1000_FAIR_ALL.csv,LowBias,2.5,FAIR_ALL,1,6,4,10000,0.6397,0.8754,0.8999,0.9686,0.933,0.0024,0.9975,0.0044,0.962,0.9644
XGBoost,HR_N10000_LowBias_Thresh2.5_Seed100_BIASED_ALL.csv,LowBias,2.5,BIASED_ALL,1,6,4,10000,0.6759,0.6789,0.7516,0.8046,0.7772,0.1177,1.1659,0.0883,0.8274,0.7097
XGBoost,HR_N10000_LowBias_Thresh2.5_Seed100_BIASED_FAIRNESS.csv,LowBias,2.5,BIASED_FAIRNESS,1,6,0,10000,0.6759,0.6789,0.7516,0.8046,0.7772,0.1177,1.1659,0.0883,0.8274,0.7097
XGBoost,HR_N10000_LowBias_Thresh2.5_Seed100_FAIR_ALL.csv,LowBias,2.5,FAIR_ALL,1,6,4,10000,0.5827,0.8697,0.9006,0.9609,0.9298,0.0011,1.0011,0.0026,0.9586,0.9576
XGBoost,HR_N10000_LowBias_Thresh2.5_Seed1100_BIASED_ALL.csv,LowBias,2.5,BIASED_ALL,1,6,4,10000,0.6883,0.6947,0.7585,0.826,0.7908,0.1087,1.1493,0.0903,0.8371,0.7284
XGBoost,HR_N10000_LowBias_Thresh2.5_Seed1100_BIASED_FAIRNESS.csv,LowBias,2.5,BIASED_FAIRNESS,1,6,0,10000,0.6883,0.6947,0.7585,0.826,0.7908,0.1087,1.1493,0.0903,0.8371,0.7284
XGBoost,HR_N10000_LowBias_Thresh2.5_Seed1100_FAIR_ALL.csv,LowBias,2.5,FAIR_ALL,1,6,4,10000,0.5836,0.8848,0.9057,0.9738,0.9385,0.0009,0.9991,0.0007,0.9704,0.9713
XGBoost,HR_N10000_LowBias_Thresh2.5_Seed1200_BIASED_ALL.csv,LowBias,2.5,BIASED_ALL,1,6,4,10000,0.6795,0.6927,0.7473,0.8385,0.7903,0.1055,1.142,0.0754,0.8485,0.743
XGBoost,HR_N10000_LowBias_Thresh2.5_Seed1200_BIASED_FAIRNESS.csv,LowBias,2.5,BIASED_FAIRNESS,1,6,0,10000,0.6795,0.6927,0.7473,0.8385,0.7903,0.1055,1.142,0.0754,0.8485,0.743
XGBoost,HR_N10000_LowBias_Thresh2.5_Seed1200_FAIR_ALL.csv,LowBias,2.5,FAIR_ALL,1,6,4,10000,0.6538,0.8836,0.9068,0.9705,0.9376,0.0086,0.9911,0.0073,0.9587,0.9674
XGBoost,HR_N10000_LowBias_Thresh2.5_Seed1300_BIASED_ALL.csv,LowBias,2.5,BIASED_ALL,1,6,4,10000,0.6667,0.6816,0.7461,0.824,0.7831,0.0926,1.1246,0.0644,0.8359,0.7433
XGBoost,HR_N10000_LowBias_Thresh2.5_Seed1300_BIASED_FAIRNESS.csv,LowBias,2.5,BIASED_FAIRNESS,1,6,0,10000,0.6667,0.6816,0.7461,0.824,0.7831,0.0926,1.1246,0.0644,0.8359,0.7433
XGBoost,HR_N10000_LowBias_Thresh2.5_Seed1300_FAIR_ALL.csv,LowBias,2.5,FAIR_ALL,1,6,4,10000,0.6142,0.872,0.9062,0.9571,0.931,0.0179,1.019,0.0173,0.965,0.947
XGBoost,HR_N10000_LowBias_Thresh2.5_Seed1400_BIASED_ALL.csv,LowBias,2.5,BIASED_ALL,1,6,4,10000,0.6683,0.6869,0.7524,0.8223,0.7858,0.1302,1.1798,0.1082,0.8547,0.7244
XGBoost,HR_N10000_LowBias_Thresh2.5_Seed1400_BIASED_FAIRNESS.csv,LowBias,2.5,BIASED_FAIRNESS,1,6,0,10000,0.6683,0.6869,0.7524,0.8223,0.7858,0.1302,1.1798,0.1082,0.8547,0.7244
XGBoost,HR_N10000_LowBias_Thresh2.5_Seed1400_FAIR_ALL.csv,LowBias,2.5,FAIR_ALL,1,6,4,10000,0.6032,0.8722,0.9013,0.9631,0.9312,0.0086,1.009,0.01,0.965,0.9564
XGBoost,HR_N10000_LowBias_Thresh2.5_Seed1500_BIASED_ALL.csv,LowBias,2.5,BIASED_ALL,1,6,4,10000,0.6766,0.693,0.7561,0.8279,0.7904,0.0801,1.108,0.0435,0.8218,0.7417
XGBoost,HR_N10000_LowBias_Thresh2.5_Seed1500_BIASED_FAIRNESS.csv,LowBias,2.5,BIASED_FAIRNESS,1,6,0,10000,0.6766,0.693,0.7561,0.8279,0.7904,0.0801,1.108,0.0435,0.8218,0.7417
XGBoost,HR_N10000_LowBias_Thresh2.5_Seed1500_FAIR_ALL.csv,LowBias,2.5,FAIR_ALL,1,6,4,10000,0.6205,0.8709,0.9023,0.9603,0.9304,0.0061,1.0064,0.0069,0.9605,0.9544
XGBoost,HR_N10000_LowBias_Thresh2.5_Seed1600_BIASED_ALL.csv,LowBias,2.5,BIASED_ALL,1,6,4,10000,0.6675,0.6733,0.7464,0.8018,0.7731,0.0715,1.0988,0.0663,0.7958,0.7243
XGBoost,HR_N10000_LowBias_Thresh2.5_Seed1600_BIASED_FAIRNESS.csv,LowBias,2.5,BIASED_FAIRNESS,1,6,0,10000,0.6675,0.6733,0.7464,0.8018,0.7731,0.0715,1.0988,0.0663,0.7958,0.7243
XGBoost,HR_N10000_LowBias_Thresh2.5_Seed1600_FAIR_ALL.csv,LowBias,2.5,FAIR_ALL,1,6,4,10000,0.6307,0.8714,0.8974,0.9667,0.9307,0.026,0.9732,0.0229,0.9442,0.9702
XGBoost,HR_N10000_LowBias_Thresh2.5_Seed1700_BIASED_ALL.csv,LowBias,2.5,BIASED_ALL,1,6,4,10000,0.6757,0.6833,0.752,0.8117,0.7807,0.1152,1.1612,0.0912,0.8299,0.7147
XGBoost,HR_N10000_LowBias_Thresh2.5_Seed1700_BIASED_FAIRNESS.csv,LowBias,2.5,BIASED_FAIRNESS,1,6,0,10000,0.6757,0.6833,0.752,0.8117,0.7807,0.1152,1.1612,0.0912,0.8299,0.7147
XGBoost,HR_N10000_LowBias_Thresh2.5_Seed1700_FAIR_ALL.csv,LowBias,2.5,FAIR_ALL,1,6,4,10000,0.607,0.8748,0.9009,0.9671,0.9329,0.0068,1.007,0.007,0.9703,0.9635
XGBoost,HR_N10000_LowBias_Thresh2.5_Seed1800_BIASED_ALL.csv,LowBias,2.5,BIASED_ALL,1,6,4,10000,0.6623,0.6976,0.7492,0.8612,0.8013,0.0515,1.0645,0.0221,0.8498,0.7983
XGBoost,HR_N10000_LowBias_Thresh2.5_Seed1800_BIASED_FAIRNESS.csv,LowBias,2.5,BIASED_FAIRNESS,1,6,0,10000,0.6623,0.6976,0.7492,0.8612,0.8013,0.0515,1.0645,0.0221,0.8498,0.7983
XGBoost,HR_N10000_LowBias_Thresh2.5_Seed1800_FAIR_ALL.csv,LowBias,2.5,FAIR_ALL,1,6,4,10000,0.6205,0.8848,0.9055,0.974,0.9385,0.0095,1.0098,0.0087,0.9774,0.9679
XGBoost,HR_N10000_LowBias_Thresh2.5_Seed1900_BIASED_ALL.csv,LowBias,2.5,BIASED_ALL,1,6,4,10000,0.6741,0.6906,0.7445,0.8467,0.7923,0.1152,1.152,0.074,0.8732,0.758
XGBoost,HR_N10000_LowBias_Thresh2.5_Seed1900_BIASED_FAIRNESS.csv,LowBias,2.5,BIASED_FAIRNESS,1,6,0,10000,0.6741,0.6906,0.7445,0.8467,0.7923,0.1152,1.152,0.074,0.8732,0.758
XGBoost,HR_N10000_LowBias_Thresh2.5_Seed1900_FAIR_ALL.csv,LowBias,2.5,FAIR_ALL,1,6,4,10000,0.6266,0.8853,0.9089,0.9702,0.9386,0.0022,1.0023,0.0012,0.9651,0.9629
XGBoost,HR_N10000_LowBias_Thresh2.5_Seed2000_BIASED_ALL.csv,LowBias,2.5,BIASED_ALL,1,6,4,10000,0.68,0.6899,0.7612,0.8127,0.7861,0.0964,1.1341,0.0762,0.8153,0.7189
XGBoost,HR_N10000_LowBias_Thresh2.5_Seed2000_BIASED_FAIRNESS.csv,LowBias,2.5,BIASED_FAIRNESS,1,6,0,10000,0.68,0.6899,0.7612,0.8127,0.7861,0.0964,1.1341,0.0762,0.8153,0.7189
XGBoost,HR_N10000_LowBias_Thresh2.5_Seed2000_FAIR_ALL.csv,LowBias,2.5,FAIR_ALL,1,6,4,10000,0.6128,0.8734,0.9016,0.9644,0.9319,0.0078,1.0082,0.0103,0.9666,0.9587
XGBoost,HR_N10000_LowBias_Thresh2.5_Seed200_BIASED_ALL.csv,LowBias,2.5,BIASED_ALL,1,6,4,10000,0.6727,0.6692,0.7508,0.7852,0.7676,0.1127,1.1627,0.0911,0.8053,0.6926
XGBoost,HR_N10000_LowBias_Thresh2.5_Seed200_BIASED_FAIRNESS.csv,LowBias,2.5,BIASED_FAIRNESS,1,6,0,10000,0.6727,0.6692,0.7508,0.7852,0.7676,0.1127,1.1627,0.0911,0.8053,0.6926
XGBoost,HR_N10000_LowBias_Thresh2.5_Seed200_FAIR_ALL.csv,LowBias,2.5,FAIR_ALL,1,6,4,10000,0.617,0.8784,0.906,0.9654,0.9347,0.0037,0.9962,0.0064,0.9583,0.962
XGBoost,HR_N10000_LowBias_Thresh2.5_Seed300_BIASED_ALL.csv,LowBias,2.5,BIASED_ALL,1,6,4,10000,0.6833,0.6879,0.7542,0.8166,0.7842,0.0826,1.1137,0.0588,0.809,0.7264
XGBoost,HR_N10000_LowBias_Thresh2.5_Seed300_BIASED_FAIRNESS.csv,LowBias,2.5,BIASED_FAIRNESS,1,6,0,10000,0.6833,0.6879,0.7542,0.8166,0.7842,0.0826,1.1137,0.0588,0.809,0.7264
XGBoost,HR_N10000_LowBias_Thresh2.5_Seed300_FAIR_ALL.csv,LowBias,2.5,FAIR_ALL,1,6,4,10000,0.5998,0.8782,0.9028,0.9692,0.9348,0.0004,0.9996,0.0015,0.9664,0.9668
XGBoost,HR_N10000_LowBias_Thresh2.5_Seed400_BIASED_ALL.csv,LowBias,2.5,BIASED_ALL,1,6,4,10000,0.6765,0.6847,0.7489,0.8208,0.7832,0.1358,1.1885,0.0988,0.8561,0.7203
XGBoost,HR_N10000_LowBias_Thresh2.5_Seed400_BIASED_FAIRNESS.csv,LowBias,2.5,BIASED_FAIRNESS,1,6,0,10000,0.6765,0.6847,0.7489,0.8208,0.7832,0.1358,1.1885,0.0988,0.8561,0.7203
XGBoost,HR_N10000_LowBias_Thresh2.5_Seed400_FAIR_ALL.csv,LowBias,2.5,FAIR_ALL,1,6,4,10000,0.6133,0.868,0.9025,0.9561,0.9285,0.0197,1.0208,0.0199,0.9641,0.9444
XGBoost,HR_N10000_LowBias_Thresh2.5_Seed500_BIASED_ALL.csv,LowBias,2.5,BIASED_ALL,1,6,4,10000,0.6609,0.6706,0.7438,0.8011,0.7714,0.0833,1.1154,0.0496,0.8056,0.7223
XGBoost,HR_N10000_LowBias_Thresh2.5_Seed500_BIASED_FAIRNESS.csv,LowBias,2.5,BIASED_FAIRNESS,1,6,0,10000,0.6609,0.6706,0.7438,0.8011,0.7714,0.0833,1.1154,0.0496,0.8056,0.7223
XGBoost,HR_N10000_LowBias_Thresh2.5_Seed500_FAIR_ALL.csv,LowBias,2.5,FAIR_ALL,1,6,4,10000,0.5833,0.8754,0.9005,0.9685,0.9333,0.0159,1.0165,0.0149,0.9781,0.9622
XGBoost,HR_N10000_LowBias_Thresh2.5_Seed600_BIASED_ALL.csv,LowBias,2.5,BIASED_ALL,1,6,4,10000,0.6749,0.6883,0.7466,0.8289,0.7856,0.0621,1.0832,0.0583,0.8085,0.7464
XGBoost,HR_N10000_LowBias_Thresh2.5_Seed600_BIASED_FAIRNESS.csv,LowBias,2.5,BIASED_FAIRNESS,1,6,0,10000,0.6749,0.6883,0.7466,0.8289,0.7856,0.0621,1.0832,0.0583,0.8085,0.7464
XGBoost,HR_N10000_LowBias_Thresh2.5_Seed600_FAIR_ALL.csv,LowBias,2.5,FAIR_ALL,1,6,4,10000,0.5898,0.8817,0.9013,0.9755,0.9369,0.0023,1.0023,0.0004,0.9766,0.9743
XGBoost,HR_N10000_LowBias_Thresh2.5_Seed700_BIASED_ALL.csv,LowBias,2.5,BIASED_ALL,1,6,4,10000,0.6854,0.6841,0.7538,0.8072,0.7796,0.1725,1.2505,0.1304,0.8614,0.6889
XGBoost,HR_N10000_LowBias_Thresh2.5_Seed700_BIASED_FAIRNESS.csv,LowBias,2.5,BIASED_FAIRNESS,1,6,0,10000,0.6854,0.6841,0.7538,0.8072,0.7796,0.1725,1.2505,0.1304,0.8614,0.6889
XGBoost,HR_N10000_LowBias_Thresh2.5_Seed700_FAIR_ALL.csv,LowBias,2.5,FAIR_ALL,1,6,4,10000,0.6125,0.8666,0.8951,0.9629,0.9278,0.0065,0.9932,0.0061,0.9533,0.9598
XGBoost,HR_N10000_LowBias_Thresh2.5_Seed800_BIASED_ALL.csv,LowBias,2.5,BIASED_ALL,1,6,4,10000,0.6657,0.6701,0.7439,0.7987,0.7703,0.072,1.0996,0.0571,0.7942,0.7222
XGBoost,HR_N10000_LowBias_Thresh2.5_Seed800_BIASED_FAIRNESS.csv,LowBias,2.5,BIASED_FAIRNESS,1,6,0,10000,0.6657,0.6701,0.7439,0.7987,0.7703,0.072,1.0996,0.0571,0.7942,0.7222
XGBoost,HR_N10000_LowBias_Thresh2.5_Seed800_FAIR_ALL.csv,LowBias,2.5,FAIR_ALL,1,6,4,10000,0.6138,0.876,0.8996,0.9699,0.9334,0.0126,1.0131,0.0107,0.9746,0.962
XGBoost,HR_N10000_LowBias_Thresh2.5_Seed900_BIASED_ALL.csv,LowBias,2.5,BIASED_ALL,1,6,4,10000,0.6773,0.6833,0.7527,0.8087,0.7797,0.1383,1.1965,0.1103,0.8422,0.7038
XGBoost,HR_N10000_LowBias_Thresh2.5_Seed900_BIASED_FAIRNESS.csv,LowBias,2.5,BIASED_FAIRNESS,1,6,0,10000,0.6773,0.6833,0.7527,0.8087,0.7797,0.1383,1.1965,0.1103,0.8422,0.7038
XGBoost,HR_N10000_LowBias_Thresh2.5_Seed900_FAIR_ALL.csv,LowBias,2.5,FAIR_ALL,1,6,4,10000,0.6057,0.8719,0.8985,0.9661,0.9311,0.0072,0.9925,0.0088,0.9578,0.965
XGBoost,HR_N10000_MedBias_Thresh1.0_Seed1000_BIASED_ALL.csv,MedBias,1.0,BIASED_ALL,1,6,4,10000,0.8314,0.7762,0.7071,0.6324,0.6677,0.2675,2.1198,0.1227,0.5064,0.2389
XGBoost,HR_N10000_MedBias_Thresh1.0_Seed1000_BIASED_FAIRNESS.csv,MedBias,1.0,BIASED_FAIRNESS,1,6,0,10000,0.8314,0.7762,0.7071,0.6324,0.6677,0.2675,2.1198,0.1227,0.5064,0.2389
XGBoost,HR_N10000_MedBias_Thresh1.0_Seed1000_FAIR_ALL.csv,MedBias,1.0,FAIR_ALL,1,6,4,10000,0.6585,0.8866,0.9107,0.9701,0.9395,0.0007,1.0007,0.0007,0.9673,0.9666
XGBoost,HR_N10000_MedBias_Thresh1.0_Seed100_BIASED_ALL.csv,MedBias,1.0,BIASED_ALL,1,6,4,10000,0.8173,0.757,0.6808,0.609,0.6429,0.2624,2.086,0.1513,0.504,0.2416
XGBoost,HR_N10000_MedBias_Thresh1.0_Seed100_BIASED_FAIRNESS.csv,MedBias,1.0,BIASED_FAIRNESS,1,6,0,10000,0.8173,0.757,0.6808,0.609,0.6429,0.2624,2.086,0.1513,0.504,0.2416
XGBoost,HR_N10000_MedBias_Thresh1.0_Seed100_FAIR_ALL.csv,MedBias,1.0,FAIR_ALL,1,6,4,10000,0.6278,0.884,0.9089,0.9694,0.9382,0.0162,1.0168,0.0167,0.9794,0.9632
XGBoost,HR_N10000_MedBias_Thresh1.0_Seed1100_BIASED_ALL.csv,MedBias,1.0,BIASED_ALL,1,6,4,10000,0.8176,0.7536,0.6584,0.6453,0.6518,0.3304,2.3144,0.1858,0.5818,0.2514
XGBoost,HR_N10000_MedBias_Thresh1.0_Seed1100_BIASED_FAIRNESS.csv,MedBias,1.0,BIASED_FAIRNESS,1,6,0,10000,0.8176,0.7536,0.6584,0.6453,0.6518,0.3304,2.3144,0.1858,0.5818,0.2514
XGBoost,HR_N10000_MedBias_Thresh1.0_Seed1100_FAIR_ALL.csv,MedBias,1.0,FAIR_ALL,1,6,4,10000,0.6397,0.8947,0.9181,0.9714,0.944,0.0162,1.0168,0.0122,0.9785,0.9623
XGBoost,HR_N10000_MedBias_Thresh1.0_Seed1200_BIASED_ALL.csv,MedBias,1.0,BIASED_ALL,1,6,4,10000,0.8199,0.7622,0.6768,0.6389,0.6573,0.2651,2.0294,0.1558,0.5226,0.2575
XGBoost,HR_N10000_MedBias_Thresh1.0_Seed1200_BIASED_FAIRNESS.csv,MedBias,1.0,BIASED_FAIRNESS,1,6,0,10000,0.8199,0.7622,0.6768,0.6389,0.6573,0.2651,2.0294,0.1558,0.5226,0.2575
XGBoost,HR_N10000_MedBias_Thresh1.0_Seed1200_FAIR_ALL.csv,MedBias,1.0,FAIR_ALL,1,6,4,10000,0.6733,0.8921,0.9211,0.9645,0.9423,0.0108,1.0113,0.0075,0.964,0.9532
XGBoost,HR_N10000_MedBias_Thresh1.0_Seed1300_BIASED_ALL.csv,MedBias,1.0,BIASED_ALL,1,6,4,10000,0.8086,0.7568,0.6667,0.6124,0.6384,0.3251,2.4378,0.1873,0.5512,0.2261
XGBoost,HR_N10000_MedBias_Thresh1.0_Seed1300_BIASED_FAIRNESS.csv,MedBias,1.0,BIASED_FAIRNESS,1,6,0,10000,0.8086,0.7568,0.6667,0.6124,0.6384,0.3251,2.4378,0.1873,0.5512,0.2261
XGBoost,HR_N10000_MedBias_Thresh1.0_Seed1300_FAIR_ALL.csv,MedBias,1.0,FAIR_ALL,1,6,4,10000,0.6826,0.8922,0.917,0.9697,0.9426,0.0075,1.0078,0.0083,0.9707,0.9632
XGBoost,HR_N10000_MedBias_Thresh1.0_Seed1400_BIASED_ALL.csv,MedBias,1.0,BIASED_ALL,1,6,4,10000,0.82,0.7636,0.695,0.6326,0.6623,0.2664,2.0524,0.124,0.5195,0.2531
XGBoost,HR_N10000_MedBias_Thresh1.0_Seed1400_BIASED_FAIRNESS.csv,MedBias,1.0,BIASED_FAIRNESS,1,6,0,10000,0.82,0.7636,0.695,0.6326,0.6623,0.2664,2.0524,0.124,0.5195,0.2531
XGBoost,HR_N10000_MedBias_Thresh1.0_Seed1400_FAIR_ALL.csv,MedBias,1.0,FAIR_ALL,1,6,4,10000,0.6416,0.8816,0.9135,0.9608,0.9366,0.0194,0.9799,0.0186,0.9437,0.9631
XGBoost,HR_N10000_MedBias_Thresh1.0_Seed1500_BIASED_ALL.csv,MedBias,1.0,BIASED_ALL,1,6,4,10000,0.8134,0.7683,0.6884,0.6316,0.6588,0.238,1.9351,0.0852,0.4925,0.2545
XGBoost,HR_N10000_MedBias_Thresh1.0_Seed1500_BIASED_FAIRNESS.csv,MedBias,1.0,BIASED_FAIRNESS,1,6,0,10000,0.8134,0.7683,0.6884,0.6316,0.6588,0.238,1.9351,0.0852,0.4925,0.2545
XGBoost,HR_N10000_MedBias_Thresh1.0_Seed1500_FAIR_ALL.csv,MedBias,1.0,FAIR_ALL,1,6,4,10000,0.6609,0.8852,0.9151,0.9631,0.9385,0.0085,0.9912,0.0091,0.9511,0.9596
XGBoost,HR_N10000_MedBias_Thresh1.0_Seed1600_BIASED_ALL.csv,MedBias,1.0,BIASED_ALL,1,6,4,10000,0.8263,0.7683,0.6911,0.6518,0.6709,0.2255,1.8218,0.1035,0.5,0.2745
XGBoost,HR_N10000_MedBias_Thresh1.0_Seed1600_BIASED_FAIRNESS.csv,MedBias,1.0,BIASED_FAIRNESS,1,6,0,10000,0.8263,0.7683,0.6911,0.6518,0.6709,0.2255,1.8218,0.1035,0.5,0.2745
XGBoost,HR_N10000_MedBias_Thresh1.0_Seed1600_FAIR_ALL.csv,MedBias,1.0,FAIR_ALL,1,6,4,10000,0.6655,0.8806,0.9102,0.9631,0.9359,0.0021,0.9978,0.0006,0.9563,0.9584
XGBoost,HR_N10000_MedBias_Thresh1.0_Seed1700_BIASED_ALL.csv,MedBias,1.0,BIASED_ALL,1,6,4,10000,0.8149,0.7532,0.698,0.5745,0.6303,0.273,2.2444,0.1656,0.4924,0.2194
XGBoost,HR_N10000_MedBias_Thresh1.0_Seed1700_BIASED_FAIRNESS.csv,MedBias,1.0,BIASED_FAIRNESS,1,6,0,10000,0.8149,0.7532,0.698,0.5745,0.6303,0.273,2.2444,0.1656,0.4924,0.2194
XGBoost,HR_N10000_MedBias_Thresh1.0_Seed1700_FAIR_ALL.csv,MedBias,1.0,FAIR_ALL,1,6,4,10000,0.669,0.8884,0.9133,0.9695,0.9406,0.0035,1.0036,0.0027,0.9689,0.9654
XGBoost,HR_N10000_MedBias_Thresh1.0_Seed1800_BIASED_ALL.csv,MedBias,1.0,BIASED_ALL,1,6,4,10000,0.8268,0.7722,0.7062,0.6342,0.6683,0.2981,2.27,0.1553,0.5329,0.2348
XGBoost,HR_N10000_MedBias_Thresh1.0_Seed1800_BIASED_FAIRNESS.csv,MedBias,1.0,BIASED_FAIRNESS,1,6,0,10000,0.8268,0.7722,0.7062,0.6342,0.6683,0.2981,2.27,0.1553,0.5329,0.2348
XGBoost,HR_N10000_MedBias_Thresh1.0_Seed1800_FAIR_ALL.csv,MedBias,1.0,FAIR_ALL,1,6,4,10000,0.6466,0.8894,0.915,0.9687,0.9411,0.022,1.023,0.02,0.9804,0.9584
XGBoost,HR_N10000_MedBias_Thresh1.0_Seed1900_BIASED_ALL.csv,MedBias,1.0,BIASED_ALL,1,6,4,10000,0.8203,0.7601,0.6753,0.6536,0.6643,0.3301,2.3115,0.2163,0.5818,0.2517
XGBoost,HR_N10000_MedBias_Thresh1.0_Seed1900_BIASED_FAIRNESS.csv,MedBias,1.0,BIASED_FAIRNESS,1,6,0,10000,0.8203,0.7601,0.6753,0.6536,0.6643,0.3301,2.3115,0.2163,0.5818,0.2517
XGBoost,HR_N10000_MedBias_Thresh1.0_Seed1900_FAIR_ALL.csv,MedBias,1.0,FAIR_ALL,1,6,4,10000,0.6735,0.8906,0.9183,0.9662,0.9416,0.0045,0.9954,0.0021,0.958,0.9625
XGBoost,HR_N10000_MedBias_Thresh1.0_Seed2000_BIASED_ALL.csv,MedBias,1.0,BIASED_ALL,1,6,4,10000,0.8215,0.7624,0.6863,0.6144,0.6484,0.2922,2.2727,0.174,0.5218,0.2296
XGBoost,HR_N10000_MedBias_Thresh1.0_Seed2000_BIASED_FAIRNESS.csv,MedBias,1.0,BIASED_FAIRNESS,1,6,0,10000,0.8215,0.7624,0.6863,0.6144,0.6484,0.2922,2.2727,0.174,0.5218,0.2296
XGBoost,HR_N10000_MedBias_Thresh1.0_Seed2000_FAIR_ALL.csv,MedBias,1.0,FAIR_ALL,1,6,4,10000,0.6511,0.8867,0.9158,0.9643,0.9394,0.0201,1.0211,0.0178,0.9737,0.9536
XGBoost,HR_N10000_MedBias_Thresh1.0_Seed200_BIASED_ALL.csv,MedBias,1.0,BIASED_ALL,1,6,4,10000,0.8199,0.7568,0.6763,0.6566,0.6663,0.2908,2.079,0.1567,0.5603,0.2695
XGBoost,HR_N10000_MedBias_Thresh1.0_Seed200_BIASED_FAIRNESS.csv,MedBias,1.0,BIASED_FAIRNESS,1,6,0,10000,0.8199,0.7568,0.6763,0.6566,0.6663,0.2908,2.079,0.1567,0.5603,0.2695
XGBoost,HR_N10000_MedBias_Thresh1.0_Seed200_FAIR_ALL.csv,MedBias,1.0,FAIR_ALL,1,6,4,10000,0.653,0.8967,0.9169,0.9752,0.9451,0.003,1.003,0.0002,0.9725,0.9695
XGBoost,HR_N10000_MedBias_Thresh1.0_Seed300_BIASED_ALL.csv,MedBias,1.0,BIASED_ALL,1,6,4,10000,0.8215,0.7663,0.6961,0.6089,0.6496,0.3059,2.4091,0.2134,0.5229,0.2171
XGBoost,HR_N10000_MedBias_Thresh1.0_Seed300_BIASED_FAIRNESS.csv,MedBias,1.0,BIASED_FAIRNESS,1,6,0,10000,0.8215,0.7663,0.6961,0.6089,0.6496,0.3059,2.4091,0.2134,0.5229,0.2171
XGBoost,HR_N10000_MedBias_Thresh1.0_Seed300_FAIR_ALL.csv,MedBias,1.0,FAIR_ALL,1,6,4,10000,0.6711,0.8917,0.9149,0.9715,0.9424,0.0087,0.991,0.0086,0.962,0.9707
XGBoost,HR_N10000_MedBias_Thresh1.0_Seed400_BIASED_ALL.csv,MedBias,1.0,BIASED_ALL,1,6,4,10000,0.8188,0.7563,0.67,0.6055,0.6361,0.2788,2.1878,0.1671,0.5136,0.2348
XGBoost,HR_N10000_MedBias_Thresh1.0_Seed400_BIASED_FAIRNESS.csv,MedBias,1.0,BIASED_FAIRNESS,1,6,0,10000,0.8188,0.7563,0.67,0.6055,0.6361,0.2788,2.1878,0.1671,0.5136,0.2348
XGBoost,HR_N10000_MedBias_Thresh1.0_Seed400_FAIR_ALL.csv,MedBias,1.0,FAIR_ALL,1,6,4,10000,0.6383,0.8812,0.9131,0.9606,0.9362,0.0031,1.0033,0.002,0.9571,0.954
XGBoost,HR_N10000_MedBias_Thresh1.0_Seed500_BIASED_ALL.csv,MedBias,1.0,BIASED_ALL,1,6,4,10000,0.8151,0.7554,0.6686,0.6225,0.6447,0.2497,1.9709,0.0971,0.5069,0.2572
XGBoost,HR_N10000_MedBias_Thresh1.0_Seed500_BIASED_FAIRNESS.csv,MedBias,1.0,BIASED_FAIRNESS,1,6,0,10000,0.8151,0.7554,0.6686,0.6225,0.6447,0.2497,1.9709,0.0971,0.5069,0.2572
XGBoost,HR_N10000_MedBias_Thresh1.0_Seed500_FAIR_ALL.csv,MedBias,1.0,FAIR_ALL,1,6,4,10000,0.6408,0.8917,0.9131,0.9736,0.9424,0.0006,1.0007,0.0018,0.9708,0.9701
XGBoost,HR_N10000_MedBias_Thresh1.0_Seed600_BIASED_ALL.csv,MedBias,1.0,BIASED_ALL,1,6,4,10000,0.8131,0.7584,0.6761,0.6148,0.644,0.3114,2.3453,0.1902,0.5428,0.2315
XGBoost,HR_N10000_MedBias_Thresh1.0_Seed600_BIASED_FAIRNESS.csv,MedBias,1.0,BIASED_FAIRNESS,1,6,0,10000,0.8131,0.7584,0.6761,0.6148,0.644,0.3114,2.3453,0.1902,0.5428,0.2315
XGBoost,HR_N10000_MedBias_Thresh1.0_Seed600_FAIR_ALL.csv,MedBias,1.0,FAIR_ALL,1,6,4,10000,0.6479,0.8878,0.9146,0.9672,0.9402,0.0162,0.9833,0.0144,0.9525,0.9687
XGBoost,HR_N10000_MedBias_Thresh1.0_Seed700_BIASED_ALL.csv,MedBias,1.0,BIASED_ALL,1,6,4,10000,0.8262,0.7687,0.6813,0.6465,0.6634,0.3124,2.2996,0.1505,0.5529,0.2404
XGBoost,HR_N10000_MedBias_Thresh1.0_Seed700_BIASED_FAIRNESS.csv,MedBias,1.0,BIASED_FAIRNESS,1,6,0,10000,0.8262,0.7687,0.6813,0.6465,0.6634,0.3124,2.2996,0.1505,0.5529,0.2404
XGBoost,HR_N10000_MedBias_Thresh1.0_Seed700_FAIR_ALL.csv,MedBias,1.0,FAIR_ALL,1,6,4,10000,0.6418,0.8682,0.9055,0.9534,0.9288,0.0156,1.0165,0.016,0.9607,0.9452
XGBoost,HR_N10000_MedBias_Thresh1.0_Seed800_BIASED_ALL.csv,MedBias,1.0,BIASED_ALL,1,6,4,10000,0.8284,0.763,0.6774,0.6597,0.6684,0.2474,1.8852,0.0948,0.5268,0.2795
XGBoost,HR_N10000_MedBias_Thresh1.0_Seed800_BIASED_FAIRNESS.csv,MedBias,1.0,BIASED_FAIRNESS,1,6,0,10000,0.8284,0.763,0.6774,0.6597,0.6684,0.2474,1.8852,0.0948,0.5268,0.2795
XGBoost,HR_N10000_MedBias_Thresh1.0_Seed800_FAIR_ALL.csv,MedBias,1.0,FAIR_ALL,1,6,4,10000,0.6469,0.8818,0.9123,0.9623,0.9366,0.0269,0.9721,0.0228,0.9388,0.9658
XGBoost,HR_N10000_MedBias_Thresh1.0_Seed900_BIASED_ALL.csv,MedBias,1.0,BIASED_ALL,1,6,4,10000,0.8089,0.759,0.6677,0.6421,0.6547,0.307,2.2144,0.1854,0.5598,0.2528
XGBoost,HR_N10000_MedBias_Thresh1.0_Seed900_BIASED_FAIRNESS.csv,MedBias,1.0,BIASED_FAIRNESS,1,6,0,10000,0.8089,0.759,0.6677,0.6421,0.6547,0.307,2.2144,0.1854,0.5598,0.2528
XGBoost,HR_N10000_MedBias_Thresh1.0_Seed900_FAIR_ALL.csv,MedBias,1.0,FAIR_ALL,1,6,4,10000,0.6467,0.8799,0.913,0.9591,0.9355,0.0172,1.0181,0.0158,0.9661,0.9489
XGBoost,HR_N10000_MedBias_Thresh2.5_Seed1000_BIASED_ALL.csv,MedBias,2.5,BIASED_ALL,1,6,4,10000,0.7946,0.754,0.6134,0.5692,0.5905,0.3702,3.0658,0.2989,0.5494,0.1792
XGBoost,HR_N10000_MedBias_Thresh2.5_Seed1000_BIASED_FAIRNESS.csv,MedBias,2.5,BIASED_FAIRNESS,1,6,0,10000,0.7946,0.754,0.6134,0.5692,0.5905,0.3702,3.0658,0.2989,0.5494,0.1792
XGBoost,HR_N10000_MedBias_Thresh2.5_Seed1000_FAIR_ALL.csv,MedBias,2.5,FAIR_ALL,1,6,4,10000,0.6282,0.873,0.9052,0.9592,0.9315,0.0057,1.006,0.0031,0.9574,0.9517
XGBoost,HR_N10000_MedBias_Thresh2.5_Seed100_BIASED_ALL.csv,MedBias,2.5,BIASED_ALL,1,6,4,10000,0.7903,0.7533,0.6185,0.5603,0.588,0.3465,2.9269,0.3002,0.5263,0.1798
XGBoost,HR_N10000_MedBias_Thresh2.5_Seed100_BIASED_FAIRNESS.csv,MedBias,2.5,BIASED_FAIRNESS,1,6,0,10000,0.7903,0.7533,0.6185,0.5603,0.588,0.3465,2.9269,0.3002,0.5263,0.1798
XGBoost,HR_N10000_MedBias_Thresh2.5_Seed100_FAIR_ALL.csv,MedBias,2.5,FAIR_ALL,1,6,4,10000,0.607,0.8784,0.9024,0.9699,0.9349,0.0113,1.0117,0.0111,0.9758,0.9645
XGBoost,HR_N10000_MedBias_Thresh2.5_Seed1100_BIASED_ALL.csv,MedBias,2.5,BIASED_ALL,1,6,4,10000,0.8001,0.7562,0.6224,0.5614,0.5904,0.3498,2.9774,0.2612,0.5268,0.1769
XGBoost,HR_N10000_MedBias_Thresh2.5_Seed1100_BIASED_FAIRNESS.csv,MedBias,2.5,BIASED_FAIRNESS,1,6,0,10000,0.8001,0.7562,0.6224,0.5614,0.5904,0.3498,2.9774,0.2612,0.5268,0.1769
XGBoost,HR_N10000_MedBias_Thresh2.5_Seed1100_FAIR_ALL.csv,MedBias,2.5,FAIR_ALL,1,6,4,10000,0.6268,0.8801,0.9111,0.9615,0.9356,0.0045,1.0047,0.0021,0.9592,0.9547
XGBoost,HR_N10000_MedBias_Thresh2.5_Seed1200_BIASED_ALL.csv,MedBias,2.5,BIASED_ALL,1,6,4,10000,0.7979,0.7511,0.6145,0.5638,0.5881,0.3561,2.9566,0.2827,0.538,0.182
XGBoost,HR_N10000_MedBias_Thresh2.5_Seed1200_BIASED_FAIRNESS.csv,MedBias,2.5,BIASED_FAIRNESS,1,6,0,10000,0.7979,0.7511,0.6145,0.5638,0.5881,0.3561,2.9566,0.2827,0.538,0.182
XGBoost,HR_N10000_MedBias_Thresh2.5_Seed1200_FAIR_ALL.csv,MedBias,2.5,FAIR_ALL,1,6,4,10000,0.6198,0.8897,0.9107,0.9736,0.9411,0.0109,1.0113,0.0064,0.9756,0.9647
XGBoost,HR_N10000_MedBias_Thresh2.5_Seed1300_BIASED_ALL.csv,MedBias,2.5,BIASED_ALL,1,6,4,10000,0.7919,0.7632,0.6307,0.5361,0.5796,0.3031,2.7846,0.1891,0.4729,0.1698
XGBoost,HR_N10000_MedBias_Thresh2.5_Seed1300_BIASED_FAIRNESS.csv,MedBias,2.5,BIASED_FAIRNESS,1,6,0,10000,0.7919,0.7632,0.6307,0.5361,0.5796,0.3031,2.7846,0.1891,0.4729,0.1698
XGBoost,HR_N10000_MedBias_Thresh2.5_Seed1300_FAIR_ALL.csv,MedBias,2.5,FAIR_ALL,1,6,4,10000,0.6182,0.8894,0.907,0.9782,0.9413,0.0058,1.0059,0.0063,0.9806,0.9748
XGBoost,HR_N10000_MedBias_Thresh2.5_Seed1400_BIASED_ALL.csv,MedBias,2.5,BIASED_ALL,1,6,4,10000,0.7913,0.7519,0.6277,0.5673,0.596,0.3588,2.9665,0.2908,0.5413,0.1825
XGBoost,HR_N10000_MedBias_Thresh2.5_Seed1400_BIASED_FAIRNESS.csv,MedBias,2.5,BIASED_FAIRNESS,1,6,0,10000,0.7913,0.7519,0.6277,0.5673,0.596,0.3588,2.9665,0.2908,0.5413,0.1825
XGBoost,HR_N10000_MedBias_Thresh2.5_Seed1400_FAIR_ALL.csv,MedBias,2.5,FAIR_ALL,1,6,4,10000,0.5926,0.8769,0.9049,0.9647,0.9339,0.0001,1.0001,0.0002,0.961,0.9608
XGBoost,HR_N10000_MedBias_Thresh2.5_Seed1500_BIASED_ALL.csv,MedBias,2.5,BIASED_ALL,1,6,4,10000,0.7831,0.749,0.5977,0.5471,0.5713,0.3069,2.6303,0.25,0.4952,0.1883
XGBoost,HR_N10000_MedBias_Thresh2.5_Seed1500_BIASED_FAIRNESS.csv,MedBias,2.5,BIASED_FAIRNESS,1,6,0,10000,0.7831,0.749,0.5977,0.5471,0.5713,0.3069,2.6303,0.25,0.4952,0.1883
XGBoost,HR_N10000_MedBias_Thresh2.5_Seed1500_FAIR_ALL.csv,MedBias,2.5,FAIR_ALL,1,6,4,10000,0.6276,0.8846,0.9049,0.9744,0.9383,0.0133,1.0138,0.0109,0.9801,0.9667
XGBoost,HR_N10000_MedBias_Thresh2.5_Seed1600_BIASED_ALL.csv,MedBias,2.5,BIASED_ALL,1,6,4,10000,0.7981,0.7627,0.6533,0.5439,0.5936,0.3442,3.1078,0.2926,0.5075,0.1633
XGBoost,HR_N10000_MedBias_Thresh2.5_Seed1600_BIASED_FAIRNESS.csv,MedBias,2.5,BIASED_FAIRNESS,1,6,0,10000,0.7981,0.7627,0.6533,0.5439,0.5936,0.3442,3.1078,0.2926,0.5075,0.1633
XGBoost,HR_N10000_MedBias_Thresh2.5_Seed1600_FAIR_ALL.csv,MedBias,2.5,FAIR_ALL,1,6,4,10000,0.6284,0.8752,0.9012,0.9669,0.9329,0.0067,1.0069,0.0065,0.9671,0.9605
XGBoost,HR_N10000_MedBias_Thresh2.5_Seed1700_BIASED_ALL.csv,MedBias,2.5,BIASED_ALL,1,6,4,10000,0.7882,0.7553,0.6493,0.5469,0.5937,0.2752,2.4281,0.1956,0.468,0.1927
XGBoost,HR_N10000_MedBias_Thresh2.5_Seed1700_BIASED_FAIRNESS.csv,MedBias,2.5,BIASED_FAIRNESS,1,6,0,10000,0.7882,0.7553,0.6493,0.5469,0.5937,0.2752,2.4281,0.1956,0.468,0.1927
XGBoost,HR_N10000_MedBias_Thresh2.5_Seed1700_FAIR_ALL.csv,MedBias,2.5,FAIR_ALL,1,6,4,10000,0.6203,0.8816,0.9065,0.9686,0.9365,0.0026,0.9973,0.0003,0.9624,0.965
XGBoost,HR_N10000_MedBias_Thresh2.5_Seed1800_BIASED_ALL.csv,MedBias,2.5,BIASED_ALL,1,6,4,10000,0.7791,0.7479,0.6188,0.5097,0.559,0.2895,2.6917,0.183,0.4607,0.1711
XGBoost,HR_N10000_MedBias_Thresh2.5_Seed1800_BIASED_FAIRNESS.csv,MedBias,2.5,BIASED_FAIRNESS,1,6,0,10000,0.7791,0.7479,0.6188,0.5097,0.559,0.2895,2.6917,0.183,0.4607,0.1711
XGBoost,HR_N10000_MedBias_Thresh2.5_Seed1800_FAIR_ALL.csv,MedBias,2.5,FAIR_ALL,1,6,4,10000,0.618,0.8878,0.9083,0.9743,0.9402,0.0036,0.9963,0.0031,0.968,0.9717
XGBoost,HR_N10000_MedBias_Thresh2.5_Seed1900_BIASED_ALL.csv,MedBias,2.5,BIASED_ALL,1,6,4,10000,0.7941,0.7493,0.6199,0.5552,0.5858,0.3147,2.6539,0.1955,0.5049,0.1903
XGBoost,HR_N10000_MedBias_Thresh2.5_Seed1900_BIASED_FAIRNESS.csv,MedBias,2.5,BIASED_FAIRNESS,1,6,0,10000,0.7941,0.7493,0.6199,0.5552,0.5858,0.3147,2.6539,0.1955,0.5049,0.1903
XGBoost,HR_N10000_MedBias_Thresh2.5_Seed1900_FAIR_ALL.csv,MedBias,2.5,FAIR_ALL,1,6,4,10000,0.6284,0.8862,0.9111,0.969,0.9392,0.0101,1.0105,0.0121,0.9709,0.9608
XGBoost,HR_N10000_MedBias_Thresh2.5_Seed2000_BIASED_ALL.csv,MedBias,2.5,BIASED_ALL,1,6,4,10000,0.7894,0.7513,0.6037,0.5418,0.5711,0.3126,2.758,0.1911,0.4905,0.1778
XGBoost,HR_N10000_MedBias_Thresh2.5_Seed2000_BIASED_FAIRNESS.csv,MedBias,2.5,BIASED_FAIRNESS,1,6,0,10000,0.7894,0.7513,0.6037,0.5418,0.5711,0.3126,2.758,0.1911,0.4905,0.1778
XGBoost,HR_N10000_MedBias_Thresh2.5_Seed2000_FAIR_ALL.csv,MedBias,2.5,FAIR_ALL,1,6,4,10000,0.6214,0.8796,0.9052,0.9679,0.9355,0.0076,1.0079,0.0057,0.9703,0.9627
XGBoost,HR_N10000_MedBias_Thresh2.5_Seed200_BIASED_ALL.csv,MedBias,2.5,BIASED_ALL,1,6,4,10000,0.7884,0.753,0.6288,0.5556,0.5899,0.3458,2.9613,0.2313,0.5221,0.1763
XGBoost,HR_N10000_MedBias_Thresh2.5_Seed200_BIASED_FAIRNESS.csv,MedBias,2.5,BIASED_FAIRNESS,1,6,0,10000,0.7884,0.753,0.6288,0.5556,0.5899,0.3458,2.9613,0.2313,0.5221,0.1763
XGBoost,HR_N10000_MedBias_Thresh2.5_Seed200_FAIR_ALL.csv,MedBias,2.5,FAIR_ALL,1,6,4,10000,0.6581,0.8814,0.9088,0.966,0.9365,0.018,1.0188,0.0152,0.9749,0.9569
XGBoost,HR_N10000_MedBias_Thresh2.5_Seed300_BIASED_ALL.csv,MedBias,2.5,BIASED_ALL,1,6,4,10000,0.7853,0.7483,0.6174,0.5333,0.5722,0.2959,2.6241,0.2575,0.478,0.1822
XGBoost,HR_N10000_MedBias_Thresh2.5_Seed300_BIASED_FAIRNESS.csv,MedBias,2.5,BIASED_FAIRNESS,1,6,0,10000,0.7853,0.7483,0.6174,0.5333,0.5722,0.2959,2.6241,0.2575,0.478,0.1822
XGBoost,HR_N10000_MedBias_Thresh2.5_Seed300_FAIR_ALL.csv,MedBias,2.5,FAIR_ALL,1,6,4,10000,0.6128,0.8797,0.9084,0.964,0.9354,0.0019,0.998,0.0026,0.9573,0.9593
XGBoost,HR_N10000_MedBias_Thresh2.5_Seed400_BIASED_ALL.csv,MedBias,2.5,BIASED_ALL,1,6,4,10000,0.7856,0.7503,0.6096,0.5152,0.5585,0.3377,3.1343,0.2561,0.4959,0.1582
XGBoost,HR_N10000_MedBias_Thresh2.5_Seed400_BIASED_FAIRNESS.csv,MedBias,2.5,BIASED_FAIRNESS,1,6,0,10000,0.7856,0.7503,0.6096,0.5152,0.5585,0.3377,3.1343,0.2561,0.4959,0.1582
XGBoost,HR_N10000_MedBias_Thresh2.5_Seed400_FAIR_ALL.csv,MedBias,2.5,FAIR_ALL,1,6,4,10000,0.6406,0.8688,0.9036,0.9562,0.9291,0.0053,1.0056,0.0029,0.9558,0.9506
XGBoost,HR_N10000_MedBias_Thresh2.5_Seed500_BIASED_ALL.csv,MedBias,2.5,BIASED_ALL,1,6,4,10000,0.7976,0.7559,0.6267,0.5437,0.5822,0.3175,2.7984,0.2162,0.4941,0.1765
XGBoost,HR_N10000_MedBias_Thresh2.5_Seed500_BIASED_FAIRNESS.csv,MedBias,2.5,BIASED_FAIRNESS,1,6,0,10000,0.7976,0.7559,0.6267,0.5437,0.5822,0.3175,2.7984,0.2162,0.4941,0.1765
XGBoost,HR_N10000_MedBias_Thresh2.5_Seed500_FAIR_ALL.csv,MedBias,2.5,FAIR_ALL,1,6,4,10000,0.6069,0.8817,0.9052,0.9704,0.9367,0.0091,1.0095,0.0087,0.9733,0.9641
XGBoost,HR_N10000_MedBias_Thresh2.5_Seed600_BIASED_ALL.csv,MedBias,2.5,BIASED_ALL,1,6,4,10000,0.7832,0.7548,0.6206,0.5179,0.5646,0.3009,2.8038,0.1983,0.4677,0.1668
XGBoost,HR_N10000_MedBias_Thresh2.5_Seed600_BIASED_FAIRNESS.csv,MedBias,2.5,BIASED_FAIRNESS,1,6,0,10000,0.7832,0.7548,0.6206,0.5179,0.5646,0.3009,2.8038,0.1983,0.4677,0.1668
XGBoost,HR_N10000_MedBias_Thresh2.5_Seed600_FAIR_ALL.csv,MedBias,2.5,FAIR_ALL,1,6,4,10000,0.6307,0.8757,0.9095,0.9579,0.9331,0.0225,1.0238,0.0176,0.969,0.9465
XGBoost,HR_N10000_MedBias_Thresh2.5_Seed700_BIASED_ALL.csv,MedBias,2.5,BIASED_ALL,1,6,4,10000,0.7965,0.7591,0.6327,0.5354,0.58,0.3302,3.0238,0.2533,0.4934,0.1632
XGBoost,HR_N10000_MedBias_Thresh2.5_Seed700_BIASED_FAIRNESS.csv,MedBias,2.5,BIASED_FAIRNESS,1,6,0,10000,0.7965,0.7591,0.6327,0.5354,0.58,0.3302,3.0238,0.2533,0.4934,0.1632
XGBoost,HR_N10000_MedBias_Thresh2.5_Seed700_FAIR_ALL.csv,MedBias,2.5,FAIR_ALL,1,6,4,10000,0.6488,0.8772,0.8999,0.9707,0.9339,0.0246,0.9747,0.0226,0.9475,0.972
XGBoost,HR_N10000_MedBias_Thresh2.5_Seed800_BIASED_ALL.csv,MedBias,2.5,BIASED_ALL,1,6,4,10000,0.7947,0.7503,0.6197,0.5527,0.5843,0.2803,2.4043,0.1867,0.4799,0.1996
XGBoost,HR_N10000_MedBias_Thresh2.5_Seed800_BIASED_FAIRNESS.csv,MedBias,2.5,BIASED_FAIRNESS,1,6,0,10000,0.7947,0.7503,0.6197,0.5527,0.5843,0.2803,2.4043,0.1867,0.4799,0.1996
XGBoost,HR_N10000_MedBias_Thresh2.5_Seed800_FAIR_ALL.csv,MedBias,2.5,FAIR_ALL,1,6,4,10000,0.6359,0.8791,0.903,0.9696,0.9351,0.0018,1.0019,0.0022,0.9659,0.9641
XGBoost,HR_N10000_MedBias_Thresh2.5_Seed900_BIASED_ALL.csv,MedBias,2.5,BIASED_ALL,1,6,4,10000,0.7847,0.7547,0.6191,0.5312,0.5718,0.2795,2.5336,0.2273,0.4617,0.1822
XGBoost,HR_N10000_MedBias_Thresh2.5_Seed900_BIASED_FAIRNESS.csv,MedBias,2.5,BIASED_FAIRNESS,1,6,0,10000,0.7847,0.7547,0.6191,0.5312,0.5718,0.2795,2.5336,0.2273,0.4617,0.1822
XGBoost,HR_N10000_MedBias_Thresh2.5_Seed900_FAIR_ALL.csv,MedBias,2.5,FAIR_ALL,1,6,4,10000,0.603,0.8699,0.9033,0.9579,0.9298,0.0211,1.0223,0.0185,0.9688,0.9477
XGBoost,HR_N10000_PolicyDom_Thresh1.0_Seed1000_BIASED_ALL.csv,PolicyDom,1.0,BIASED_ALL,1,6,4,10000,0.964,0.9823,0.6354,0.3297,0.4342,0.0138,3.0842,0.0211,0.0204,0.0066
XGBoost,HR_N10000_PolicyDom_Thresh1.0_Seed1000_BIASED_FAIRNESS.csv,PolicyDom,1.0,BIASED_FAIRNESS,1,6,0,10000,0.964,0.9823,0.6354,0.3297,0.4342,0.0138,3.0842,0.0211,0.0204,0.0066
XGBoost,HR_N10000_PolicyDom_Thresh1.0_Seed1000_FAIR_ALL.csv,PolicyDom,1.0,FAIR_ALL,1,6,4,10000,0.6489,0.8829,0.9082,0.9683,0.9372,0.0021,1.0022,0.0021,0.9645,0.9624
XGBoost,HR_N10000_PolicyDom_Thresh1.0_Seed100_BIASED_ALL.csv,PolicyDom,1.0,BIASED_ALL,1,6,4,10000,0.9644,0.9804,0.5882,0.3553,0.443,0.0215,4.204,0.0566,0.0282,0.0067
XGBoost,HR_N10000_PolicyDom_Thresh1.0_Seed100_BIASED_FAIRNESS.csv,PolicyDom,1.0,BIASED_FAIRNESS,1,6,0,10000,0.9644,0.9804,0.5882,0.3553,0.443,0.0215,4.204,0.0566,0.0282,0.0067
XGBoost,HR_N10000_PolicyDom_Thresh1.0_Seed100_FAIR_ALL.csv,PolicyDom,1.0,FAIR_ALL,1,6,4,10000,0.6624,0.8864,0.9082,0.9729,0.9394,0.0101,0.9896,0.0102,0.9622,0.9723
XGBoost,HR_N10000_PolicyDom_Thresh1.0_Seed1100_BIASED_ALL.csv,PolicyDom,1.0,BIASED_ALL,1,6,4,10000,0.9612,0.9814,0.592,0.5176,0.5523,0.0431,7.7837,0.2889,0.0495,0.0064
XGBoost,HR_N10000_PolicyDom_Thresh1.0_Seed1100_BIASED_FAIRNESS.csv,PolicyDom,1.0,BIASED_FAIRNESS,1,6,0,10000,0.9612,0.9814,0.592,0.5176,0.5523,0.0431,7.7837,0.2889,0.0495,0.0064
XGBoost,HR_N10000_PolicyDom_Thresh1.0_Seed1100_FAIR_ALL.csv,PolicyDom,1.0,FAIR_ALL,1,6,4,10000,0.6422,0.8944,0.9166,0.9727,0.9438,0.0118,1.0122,0.0113,0.975,0.9633
XGBoost,HR_N10000_PolicyDom_Thresh1.0_Seed1200_BIASED_ALL.csv,PolicyDom,1.0,BIASED_ALL,1,6,4,10000,0.9573,0.982,0.6852,0.3663,0.4774,0.0271,8.0979,0.22,0.0309,0.0038
XGBoost,HR_N10000_PolicyDom_Thresh1.0_Seed1200_BIASED_FAIRNESS.csv,PolicyDom,1.0,BIASED_FAIRNESS,1,6,0,10000,0.9573,0.982,0.6852,0.3663,0.4774,0.0271,8.0979,0.22,0.0309,0.0038
XGBoost,HR_N10000_PolicyDom_Thresh1.0_Seed1200_FAIR_ALL.csv,PolicyDom,1.0,FAIR_ALL,1,6,4,10000,0.694,0.89,0.9151,0.969,0.9412,0.0055,0.9943,0.0064,0.9589,0.9644
XGBoost,HR_N10000_PolicyDom_Thresh1.0_Seed1300_BIASED_ALL.csv,PolicyDom,1.0,BIASED_ALL,1,6,4,10000,0.9715,0.9838,0.5789,0.4611,0.5133,0.0285,5.515,0.1808,0.0348,0.0063
XGBoost,HR_N10000_PolicyDom_Thresh1.0_Seed1300_BIASED_FAIRNESS.csv,PolicyDom,1.0,BIASED_FAIRNESS,1,6,0,10000,0.9715,0.9838,0.5789,0.4611,0.5133,0.0285,5.515,0.1808,0.0348,0.0063
XGBoost,HR_N10000_PolicyDom_Thresh1.0_Seed1300_FAIR_ALL.csv,PolicyDom,1.0,FAIR_ALL,1,6,4,10000,0.668,0.882,0.9114,0.9639,0.9369,0.0066,1.0069,0.0073,0.9661,0.9595
XGBoost,HR_N10000_PolicyDom_Thresh1.0_Seed1400_BIASED_ALL.csv,PolicyDom,1.0,BIASED_ALL,1,6,4,10000,0.9679,0.9804,0.6577,0.346,0.4534,0.0292,9.3353,0.2207,0.0327,0.0035
XGBoost,HR_N10000_PolicyDom_Thresh1.0_Seed1400_BIASED_FAIRNESS.csv,PolicyDom,1.0,BIASED_FAIRNESS,1,6,0,10000,0.9679,0.9804,0.6577,0.346,0.4534,0.0292,9.3353,0.2207,0.0327,0.0035
XGBoost,HR_N10000_PolicyDom_Thresh1.0_Seed1400_FAIR_ALL.csv,PolicyDom,1.0,FAIR_ALL,1,6,4,10000,0.6688,0.8884,0.9118,0.9707,0.9403,0.0079,0.9918,0.0067,0.9586,0.9665
XGBoost,HR_N10000_PolicyDom_Thresh1.0_Seed1500_BIASED_ALL.csv,PolicyDom,1.0,BIASED_ALL,1,6,4,10000,0.9696,0.9806,0.6346,0.4562,0.5308,0.0237,3.3103,0.0324,0.034,0.0103
XGBoost,HR_N10000_PolicyDom_Thresh1.0_Seed1500_BIASED_FAIRNESS.csv,PolicyDom,1.0,BIASED_FAIRNESS,1,6,0,10000,0.9696,0.9806,0.6346,0.4562,0.5308,0.0237,3.3103,0.0324,0.034,0.0103
XGBoost,HR_N10000_PolicyDom_Thresh1.0_Seed1500_FAIR_ALL.csv,PolicyDom,1.0,FAIR_ALL,1,6,4,10000,0.6395,0.8766,0.9106,0.9577,0.9336,0.0114,1.012,0.0119,0.9606,0.9492
XGBoost,HR_N10000_PolicyDom_Thresh1.0_Seed1600_BIASED_ALL.csv,PolicyDom,1.0,BIASED_ALL,1,6,4,10000,0.9656,0.9811,0.6235,0.481,0.543,0.0366,6.1444,0.2088,0.0437,0.0071
XGBoost,HR_N10000_PolicyDom_Thresh1.0_Seed1600_BIASED_FAIRNESS.csv,PolicyDom,1.0,BIASED_FAIRNESS,1,6,0,10000,0.9656,0.9811,0.6235,0.481,0.543,0.0366,6.1444,0.2088,0.0437,0.0071
XGBoost,HR_N10000_PolicyDom_Thresh1.0_Seed1600_FAIR_ALL.csv,PolicyDom,1.0,FAIR_ALL,1,6,4,10000,0.6409,0.8777,0.9069,0.9631,0.9342,0.0015,0.9984,0.0009,0.9563,0.9578
XGBoost,HR_N10000_PolicyDom_Thresh1.0_Seed1700_BIASED_ALL.csv,PolicyDom,1.0,BIASED_ALL,1,6,4,10000,0.9754,0.9838,0.7154,0.4604,0.5602,0.029,6.0669,0.2445,0.0347,0.0057
XGBoost,HR_N10000_PolicyDom_Thresh1.0_Seed1700_BIASED_FAIRNESS.csv,PolicyDom,1.0,BIASED_FAIRNESS,1,6,0,10000,0.9754,0.9838,0.7154,0.4604,0.5602,0.029,6.0669,0.2445,0.0347,0.0057
XGBoost,HR_N10000_PolicyDom_Thresh1.0_Seed1700_FAIR_ALL.csv,PolicyDom,1.0,FAIR_ALL,1,6,4,10000,0.6475,0.8846,0.9105,0.9679,0.9383,0.0078,0.9919,0.0042,0.9592,0.967
XGBoost,HR_N10000_PolicyDom_Thresh1.0_Seed1800_BIASED_ALL.csv,PolicyDom,1.0,BIASED_ALL,1,6,4,10000,0.9701,0.98,0.5929,0.4029,0.4798,0.0215,3.3708,0.0856,0.0306,0.0091
XGBoost,HR_N10000_PolicyDom_Thresh1.0_Seed1800_BIASED_FAIRNESS.csv,PolicyDom,1.0,BIASED_FAIRNESS,1,6,0,10000,0.9701,0.98,0.5929,0.4029,0.4798,0.0215,3.3708,0.0856,0.0306,0.0091
XGBoost,HR_N10000_PolicyDom_Thresh1.0_Seed1800_FAIR_ALL.csv,PolicyDom,1.0,FAIR_ALL,1,6,4,10000,0.6417,0.8856,0.9142,0.9647,0.9388,0.0045,1.0047,0.0027,0.9628,0.9583
XGBoost,HR_N10000_PolicyDom_Thresh1.0_Seed1900_BIASED_ALL.csv,PolicyDom,1.0,BIASED_ALL,1,6,4,10000,0.9676,0.9799,0.6232,0.4,0.4873,0.0356,8.7101,0.1906,0.0402,0.0046
XGBoost,HR_N10000_PolicyDom_Thresh1.0_Seed1900_BIASED_FAIRNESS.csv,PolicyDom,1.0,BIASED_FAIRNESS,1,6,0,10000,0.9676,0.9799,0.6232,0.4,0.4873,0.0356,8.7101,0.1906,0.0402,0.0046
XGBoost,HR_N10000_PolicyDom_Thresh1.0_Seed1900_FAIR_ALL.csv,PolicyDom,1.0,FAIR_ALL,1,6,4,10000,0.6443,0.8907,0.9159,0.9689,0.9416,0.0069,0.9928,0.0061,0.9581,0.965
XGBoost,HR_N10000_PolicyDom_Thresh1.0_Seed2000_BIASED_ALL.csv,PolicyDom,1.0,BIASED_ALL,1,6,4,10000,0.9678,0.982,0.6022,0.3094,0.4088,0.0133,3.1255,0.0153,0.0195,0.0063
XGBoost,HR_N10000_PolicyDom_Thresh1.0_Seed2000_BIASED_FAIRNESS.csv,PolicyDom,1.0,BIASED_FAIRNESS,1,6,0,10000,0.9678,0.982,0.6022,0.3094,0.4088,0.0133,3.1255,0.0153,0.0195,0.0063
XGBoost,HR_N10000_PolicyDom_Thresh1.0_Seed2000_FAIR_ALL.csv,PolicyDom,1.0,FAIR_ALL,1,6,4,10000,0.6856,0.8884,0.9112,0.9717,0.9405,0.0068,1.007,0.0058,0.9722,0.9654
XGBoost,HR_N10000_PolicyDom_Thresh1.0_Seed200_BIASED_ALL.csv,PolicyDom,1.0,BIASED_ALL,1,6,4,10000,0.9777,0.9828,0.663,0.5607,0.6076,0.0407,6.3823,0.165,0.0482,0.0076
XGBoost,HR_N10000_PolicyDom_Thresh1.0_Seed200_BIASED_FAIRNESS.csv,PolicyDom,1.0,BIASED_FAIRNESS,1,6,0,10000,0.9777,0.9828,0.663,0.5607,0.6076,0.0407,6.3823,0.165,0.0482,0.0076
XGBoost,HR_N10000_PolicyDom_Thresh1.0_Seed200_FAIR_ALL.csv,PolicyDom,1.0,FAIR_ALL,1,6,4,10000,0.6386,0.8802,0.9147,0.9576,0.9356,0.0004,1.0004,0.0029,0.9521,0.9516
XGBoost,HR_N10000_PolicyDom_Thresh1.0_Seed300_BIASED_ALL.csv,PolicyDom,1.0,BIASED_ALL,1,6,4,10000,0.973,0.9794,0.5267,0.4093,0.4606,0.0263,4.0468,0.0837,0.0349,0.0086
XGBoost,HR_N10000_PolicyDom_Thresh1.0_Seed300_BIASED_FAIRNESS.csv,PolicyDom,1.0,BIASED_FAIRNESS,1,6,0,10000,0.973,0.9794,0.5267,0.4093,0.4606,0.0263,4.0468,0.0837,0.0349,0.0086
XGBoost,HR_N10000_PolicyDom_Thresh1.0_Seed300_FAIR_ALL.csv,PolicyDom,1.0,FAIR_ALL,1,6,4,10000,0.6298,0.8937,0.9113,0.9782,0.9436,0.0102,1.0105,0.009,0.9826,0.9724
XGBoost,HR_N10000_PolicyDom_Thresh1.0_Seed400_BIASED_ALL.csv,PolicyDom,1.0,BIASED_ALL,1,6,4,10000,0.9581,0.9784,0.5783,0.4364,0.4974,0.0307,4.2904,0.0563,0.04,0.0093
XGBoost,HR_N10000_PolicyDom_Thresh1.0_Seed400_BIASED_FAIRNESS.csv,PolicyDom,1.0,BIASED_FAIRNESS,1,6,0,10000,0.9581,0.9784,0.5783,0.4364,0.4974,0.0307,4.2904,0.0563,0.04,0.0093
XGBoost,HR_N10000_PolicyDom_Thresh1.0_Seed400_FAIR_ALL.csv,PolicyDom,1.0,FAIR_ALL,1,6,4,10000,0.6503,0.8811,0.9089,0.9654,0.9363,0.0352,1.037,0.0299,0.9856,0.9504
XGBoost,HR_N10000_PolicyDom_Thresh1.0_Seed500_BIASED_ALL.csv,PolicyDom,1.0,BIASED_ALL,1,6,4,10000,0.97,0.9801,0.525,0.4492,0.4841,0.0411,8.4311,0.211,0.0467,0.0055
XGBoost,HR_N10000_PolicyDom_Thresh1.0_Seed500_BIASED_FAIRNESS.csv,PolicyDom,1.0,BIASED_FAIRNESS,1,6,0,10000,0.97,0.9801,0.525,0.4492,0.4841,0.0411,8.4311,0.211,0.0467,0.0055
XGBoost,HR_N10000_PolicyDom_Thresh1.0_Seed500_FAIR_ALL.csv,PolicyDom,1.0,FAIR_ALL,1,6,4,10000,0.6319,0.8843,0.9094,0.969,0.9382,0.0123,1.0128,0.014,0.9745,0.9622
XGBoost,HR_N10000_PolicyDom_Thresh1.0_Seed600_BIASED_ALL.csv,PolicyDom,1.0,BIASED_ALL,1,6,4,10000,0.9738,0.981,0.5112,0.52,0.5156,0.03,3.7571,0.0218,0.0409,0.0109
XGBoost,HR_N10000_PolicyDom_Thresh1.0_Seed600_BIASED_FAIRNESS.csv,PolicyDom,1.0,BIASED_FAIRNESS,1,6,0,10000,0.9738,0.981,0.5112,0.52,0.5156,0.03,3.7571,0.0218,0.0409,0.0109
XGBoost,HR_N10000_PolicyDom_Thresh1.0_Seed600_FAIR_ALL.csv,PolicyDom,1.0,FAIR_ALL,1,6,4,10000,0.6438,0.8907,0.91,0.976,0.9419,0.0064,0.9934,0.0059,0.9687,0.9751
XGBoost,HR_N10000_PolicyDom_Thresh1.0_Seed700_BIASED_ALL.csv,PolicyDom,1.0,BIASED_ALL,1,6,4,10000,0.9674,0.9809,0.615,0.5349,0.5721,0.0327,4.015,0.1352,0.0436,0.0108
XGBoost,HR_N10000_PolicyDom_Thresh1.0_Seed700_BIASED_FAIRNESS.csv,PolicyDom,1.0,BIASED_FAIRNESS,1,6,0,10000,0.9674,0.9809,0.615,0.5349,0.5721,0.0327,4.015,0.1352,0.0436,0.0108
XGBoost,HR_N10000_PolicyDom_Thresh1.0_Seed700_FAIR_ALL.csv,PolicyDom,1.0,FAIR_ALL,1,6,4,10000,0.6601,0.8731,0.9053,0.9591,0.9314,0.0177,1.0187,0.0138,0.9641,0.9464
XGBoost,HR_N10000_PolicyDom_Thresh1.0_Seed800_BIASED_ALL.csv,PolicyDom,1.0,BIASED_ALL,1,6,4,10000,0.9674,0.9812,0.6592,0.5221,0.5827,0.0306,3.8413,0.1381,0.0414,0.0108
XGBoost,HR_N10000_PolicyDom_Thresh1.0_Seed800_BIASED_FAIRNESS.csv,PolicyDom,1.0,BIASED_FAIRNESS,1,6,0,10000,0.9674,0.9812,0.6592,0.5221,0.5827,0.0306,3.8413,0.1381,0.0414,0.0108
XGBoost,HR_N10000_PolicyDom_Thresh1.0_Seed800_FAIR_ALL.csv,PolicyDom,1.0,FAIR_ALL,1,6,4,10000,0.6028,0.8814,0.9084,0.9665,0.9365,0.0017,0.9983,0.0022,0.9617,0.9634
XGBoost,HR_N10000_PolicyDom_Thresh1.0_Seed900_BIASED_ALL.csv,PolicyDom,1.0,BIASED_ALL,1,6,4,10000,0.9605,0.9821,0.686,0.4029,0.5076,0.0333,9.8685,0.3592,0.0371,0.0038
XGBoost,HR_N10000_PolicyDom_Thresh1.0_Seed900_BIASED_FAIRNESS.csv,PolicyDom,1.0,BIASED_FAIRNESS,1,6,0,10000,0.9605,0.9821,0.686,0.4029,0.5076,0.0333,9.8685,0.3592,0.0371,0.0038
XGBoost,HR_N10000_PolicyDom_Thresh1.0_Seed900_FAIR_ALL.csv,PolicyDom,1.0,FAIR_ALL,1,6,4,10000,0.661,0.8748,0.9105,0.9554,0.9324,0.0169,1.018,0.0156,0.9604,0.9435
XGBoost,HR_N10000_PolicyDom_Thresh2.5_Seed1000_BIASED_ALL.csv,PolicyDom,2.5,BIASED_ALL,1,6,4,10000,0.9665,0.9861,0.4444,0.2735,0.3386,0.0136,4.45,0.0626,0.0176,0.004
XGBoost,HR_N10000_PolicyDom_Thresh2.5_Seed1000_BIASED_FAIRNESS.csv,PolicyDom,2.5,BIASED_FAIRNESS,1,6,0,10000,0.9665,0.9861,0.4444,0.2735,0.3386,0.0136,4.45,0.0626,0.0176,0.004
XGBoost,HR_N10000_PolicyDom_Thresh2.5_Seed1000_FAIR_ALL.csv,PolicyDom,2.5,FAIR_ALL,1,6,4,10000,0.6397,0.8754,0.8999,0.9686,0.933,0.0024,0.9975,0.0044,0.962,0.9644
XGBoost,HR_N10000_PolicyDom_Thresh2.5_Seed100_BIASED_ALL.csv,PolicyDom,2.5,BIASED_ALL,1,6,4,10000,0.9566,0.988,0.596,0.4646,0.5221,0.0211,5.5584,0.1672,0.0257,0.0046
XGBoost,HR_N10000_PolicyDom_Thresh2.5_Seed100_BIASED_FAIRNESS.csv,PolicyDom,2.5,BIASED_FAIRNESS,1,6,0,10000,0.9566,0.988,0.596,0.4646,0.5221,0.0211,5.5584,0.1672,0.0257,0.0046
XGBoost,HR_N10000_PolicyDom_Thresh2.5_Seed100_FAIR_ALL.csv,PolicyDom,2.5,FAIR_ALL,1,6,4,10000,0.5827,0.8697,0.9006,0.9609,0.9298,0.0011,1.0011,0.0026,0.9586,0.9576
XGBoost,HR_N10000_PolicyDom_Thresh2.5_Seed1100_BIASED_ALL.csv,PolicyDom,2.5,BIASED_ALL,1,6,4,10000,0.9597,0.9886,0.6406,0.3388,0.4432,0.0126,4.7652,0.0317,0.0159,0.0033
XGBoost,HR_N10000_PolicyDom_Thresh2.5_Seed1100_BIASED_FAIRNESS.csv,PolicyDom,2.5,BIASED_FAIRNESS,1,6,0,10000,0.9597,0.9886,0.6406,0.3388,0.4432,0.0126,4.7652,0.0317,0.0159,0.0033
XGBoost,HR_N10000_PolicyDom_Thresh2.5_Seed1100_FAIR_ALL.csv,PolicyDom,2.5,FAIR_ALL,1,6,4,10000,0.5836,0.8848,0.9057,0.9738,0.9385,0.0009,0.9991,0.0007,0.9704,0.9713
XGBoost,HR_N10000_PolicyDom_Thresh2.5_Seed1200_BIASED_ALL.csv,PolicyDom,2.5,BIASED_ALL,1,6,4,10000,0.9373,0.9876,0.6129,0.3016,0.4043,0.015,7.2726,0.2381,0.0173,0.0024
XGBoost,HR_N10000_PolicyDom_Thresh2.5_Seed1200_BIASED_FAIRNESS.csv,PolicyDom,2.5,BIASED_FAIRNESS,1,6,0,10000,0.9373,0.9876,0.6129,0.3016,0.4043,0.015,7.2726,0.2381,0.0173,0.0024
XGBoost,HR_N10000_PolicyDom_Thresh2.5_Seed1200_FAIR_ALL.csv,PolicyDom,2.5,FAIR_ALL,1,6,4,10000,0.6538,0.8836,0.9068,0.9705,0.9376,0.0086,0.9911,0.0073,0.9587,0.9674
XGBoost,HR_N10000_PolicyDom_Thresh2.5_Seed1300_BIASED_ALL.csv,PolicyDom,2.5,BIASED_ALL,1,6,4,10000,0.9082,0.991,0.6667,0.3125,0.4255,0.0073,3.5847,0.0081,0.0102,0.0028
XGBoost,HR_N10000_PolicyDom_Thresh2.5_Seed1300_BIASED_FAIRNESS.csv,PolicyDom,2.5,BIASED_FAIRNESS,1,6,0,10000,0.9082,0.991,0.6667,0.3125,0.4255,0.0073,3.5847,0.0081,0.0102,0.0028
XGBoost,HR_N10000_PolicyDom_Thresh2.5_Seed1300_FAIR_ALL.csv,PolicyDom,2.5,FAIR_ALL,1,6,4,10000,0.6142,0.872,0.9062,0.9571,0.931,0.0179,1.019,0.0173,0.965,0.947
XGBoost,HR_N10000_PolicyDom_Thresh2.5_Seed1400_BIASED_ALL.csv,PolicyDom,2.5,BIASED_ALL,1,6,4,10000,0.9771,0.9852,0.5472,0.4056,0.4659,0.0348,28.3278,0.4802,0.0361,0.0013
XGBoost,HR_N10000_PolicyDom_Thresh2.5_Seed1400_BIASED_FAIRNESS.csv,PolicyDom,2.5,BIASED_FAIRNESS,1,6,0,10000,0.9771,0.9852,0.5472,0.4056,0.4659,0.0348,28.3278,0.4802,0.0361,0.0013
XGBoost,HR_N10000_PolicyDom_Thresh2.5_Seed1400_FAIR_ALL.csv,PolicyDom,2.5,FAIR_ALL,1,6,4,10000,0.6032,0.8722,0.9013,0.9631,0.9312,0.0086,1.009,0.01,0.965,0.9564
XGBoost,HR_N10000_PolicyDom_Thresh2.5_Seed1500_BIASED_ALL.csv,PolicyDom,2.5,BIASED_ALL,1,6,4,10000,0.9714,0.9844,0.5106,0.338,0.4068,0.0239,8.2063,0.133,0.0273,0.0033
XGBoost,HR_N10000_PolicyDom_Thresh2.5_Seed1500_BIASED_FAIRNESS.csv,PolicyDom,2.5,BIASED_FAIRNESS,1,6,0,10000,0.9714,0.9844,0.5106,0.338,0.4068,0.0239,8.2063,0.133,0.0273,0.0033
XGBoost,HR_N10000_PolicyDom_Thresh2.5_Seed1500_FAIR_ALL.csv,PolicyDom,2.5,FAIR_ALL,1,6,4,10000,0.6205,0.8709,0.9023,0.9603,0.9304,0.0061,1.0064,0.0069,0.9605,0.9544
XGBoost,HR_N10000_PolicyDom_Thresh2.5_Seed1600_BIASED_ALL.csv,PolicyDom,2.5,BIASED_ALL,1,6,4,10000,0.9695,0.9881,0.6279,0.4186,0.5023,0.0194,6.105,0.131,0.0232,0.0038
XGBoost,HR_N10000_PolicyDom_Thresh2.5_Seed1600_BIASED_FAIRNESS.csv,PolicyDom,2.5,BIASED_FAIRNESS,1,6,0,10000,0.9695,0.9881,0.6279,0.4186,0.5023,0.0194,6.105,0.131,0.0232,0.0038
XGBoost,HR_N10000_PolicyDom_Thresh2.5_Seed1600_FAIR_ALL.csv,PolicyDom,2.5,FAIR_ALL,1,6,4,10000,0.6307,0.8714,0.8974,0.9667,0.9307,0.026,0.9732,0.0229,0.9442,0.9702
XGBoost,HR_N10000_PolicyDom_Thresh2.5_Seed1700_BIASED_ALL.csv,PolicyDom,2.5,BIASED_ALL,1,6,4,10000,0.9797,0.987,0.5481,0.5692,0.5585,0.0325,7.1969,0.2637,0.0377,0.0052
XGBoost,HR_N10000_PolicyDom_Thresh2.5_Seed1700_BIASED_FAIRNESS.csv,PolicyDom,2.5,BIASED_FAIRNESS,1,6,0,10000,0.9797,0.987,0.5481,0.5692,0.5585,0.0325,7.1969,0.2637,0.0377,0.0052
XGBoost,HR_N10000_PolicyDom_Thresh2.5_Seed1700_FAIR_ALL.csv,PolicyDom,2.5,FAIR_ALL,1,6,4,10000,0.607,0.8748,0.9009,0.9671,0.9329,0.0068,1.007,0.007,0.9703,0.9635
XGBoost,HR_N10000_PolicyDom_Thresh2.5_Seed1800_BIASED_ALL.csv,PolicyDom,2.5,BIASED_ALL,1,6,4,10000,0.9453,0.9872,0.625,0.2713,0.3784,0.0137,7.6168,0.0681,0.0158,0.0021
XGBoost,HR_N10000_PolicyDom_Thresh2.5_Seed1800_BIASED_FAIRNESS.csv,PolicyDom,2.5,BIASED_FAIRNESS,1,6,0,10000,0.9453,0.9872,0.625,0.2713,0.3784,0.0137,7.6168,0.0681,0.0158,0.0021
XGBoost,HR_N10000_PolicyDom_Thresh2.5_Seed1800_FAIR_ALL.csv,PolicyDom,2.5,FAIR_ALL,1,6,4,10000,0.6205,0.8848,0.9055,0.974,0.9385,0.0095,1.0098,0.0087,0.9774,0.9679
XGBoost,HR_N10000_PolicyDom_Thresh2.5_Seed1900_BIASED_ALL.csv,PolicyDom,2.5,BIASED_ALL,1,6,4,10000,0.9407,0.9863,0.5968,0.2741,0.3756,0.0138,6.0795,0.0515,0.0165,0.0027
XGBoost,HR_N10000_PolicyDom_Thresh2.5_Seed1900_BIASED_FAIRNESS.csv,PolicyDom,2.5,BIASED_FAIRNESS,1,6,0,10000,0.9407,0.9863,0.5968,0.2741,0.3756,0.0138,6.0795,0.0515,0.0165,0.0027
XGBoost,HR_N10000_PolicyDom_Thresh2.5_Seed1900_FAIR_ALL.csv,PolicyDom,2.5,FAIR_ALL,1,6,4,10000,0.6266,0.8853,0.9089,0.9702,0.9386,0.0022,1.0023,0.0012,0.9651,0.9629
XGBoost,HR_N10000_PolicyDom_Thresh2.5_Seed2000_BIASED_ALL.csv,PolicyDom,2.5,BIASED_ALL,1,6,4,10000,0.9605,0.9873,0.5181,0.3675,0.43,0.0123,3.2498,0.0026,0.0177,0.0055
XGBoost,HR_N10000_PolicyDom_Thresh2.5_Seed2000_BIASED_FAIRNESS.csv,PolicyDom,2.5,BIASED_FAIRNESS,1,6,0,10000,0.9605,0.9873,0.5181,0.3675,0.43,0.0123,3.2498,0.0026,0.0177,0.0055
XGBoost,HR_N10000_PolicyDom_Thresh2.5_Seed2000_FAIR_ALL.csv,PolicyDom,2.5,FAIR_ALL,1,6,4,10000,0.6128,0.8734,0.9016,0.9644,0.9319,0.0078,1.0082,0.0103,0.9666,0.9587
XGBoost,HR_N10000_PolicyDom_Thresh2.5_Seed200_BIASED_ALL.csv,PolicyDom,2.5,BIASED_ALL,1,6,4,10000,0.9551,0.988,0.6667,0.4789,0.5574,0.0259,8.6978,0.2275,0.0293,0.0034
XGBoost,HR_N10000_PolicyDom_Thresh2.5_Seed200_BIASED_FAIRNESS.csv,PolicyDom,2.5,BIASED_FAIRNESS,1,6,0,10000,0.9551,0.988,0.6667,0.4789,0.5574,0.0259,8.6978,0.2275,0.0293,0.0034
XGBoost,HR_N10000_PolicyDom_Thresh2.5_Seed200_FAIR_ALL.csv,PolicyDom,2.5,FAIR_ALL,1,6,4,10000,0.617,0.8784,0.906,0.9654,0.9347,0.0037,0.9962,0.0064,0.9583,0.962
XGBoost,HR_N10000_PolicyDom_Thresh2.5_Seed300_BIASED_ALL.csv,PolicyDom,2.5,BIASED_ALL,1,6,4,10000,0.9445,0.9892,0.6027,0.3929,0.4757,0.0155,5.6277,0.0625,0.0189,0.0034
XGBoost,HR_N10000_PolicyDom_Thresh2.5_Seed300_BIASED_FAIRNESS.csv,PolicyDom,2.5,BIASED_FAIRNESS,1,6,0,10000,0.9445,0.9892,0.6027,0.3929,0.4757,0.0155,5.6277,0.0625,0.0189,0.0034
XGBoost,HR_N10000_PolicyDom_Thresh2.5_Seed300_FAIR_ALL.csv,PolicyDom,2.5,FAIR_ALL,1,6,4,10000,0.5998,0.8782,0.9028,0.9692,0.9348,0.0004,0.9996,0.0015,0.9664,0.9668
XGBoost,HR_N10000_PolicyDom_Thresh2.5_Seed400_BIASED_ALL.csv,PolicyDom,2.5,BIASED_ALL,1,6,4,10000,0.9592,0.9824,0.3115,0.1407,0.1939,0.0157,8.1574,0.0891,0.0179,0.0022
XGBoost,HR_N10000_PolicyDom_Thresh2.5_Seed400_BIASED_FAIRNESS.csv,PolicyDom,2.5,BIASED_FAIRNESS,1,6,0,10000,0.9592,0.9824,0.3115,0.1407,0.1939,0.0157,8.1574,0.0891,0.0179,0.0022
XGBoost,HR_N10000_PolicyDom_Thresh2.5_Seed400_FAIR_ALL.csv,PolicyDom,2.5,FAIR_ALL,1,6,4,10000,0.6133,0.868,0.9025,0.9561,0.9285,0.0197,1.0208,0.0199,0.9641,0.9444
XGBoost,HR_N10000_PolicyDom_Thresh2.5_Seed500_BIASED_ALL.csv,PolicyDom,2.5,BIASED_ALL,1,6,4,10000,0.9772,0.9876,0.5,0.2589,0.3412,0.0153,9.0446,0.1093,0.0172,0.0019
XGBoost,HR_N10000_PolicyDom_Thresh2.5_Seed500_BIASED_FAIRNESS.csv,PolicyDom,2.5,BIASED_FAIRNESS,1,6,0,10000,0.9772,0.9876,0.5,0.2589,0.3412,0.0153,9.0446,0.1093,0.0172,0.0019
XGBoost,HR_N10000_PolicyDom_Thresh2.5_Seed500_FAIR_ALL.csv,PolicyDom,2.5,FAIR_ALL,1,6,4,10000,0.5833,0.8754,0.9005,0.9685,0.9333,0.0159,1.0165,0.0149,0.9781,0.9622
XGBoost,HR_N10000_PolicyDom_Thresh2.5_Seed600_BIASED_ALL.csv,PolicyDom,2.5,BIASED_ALL,1,6,4,10000,0.9678,0.9903,0.5616,0.4271,0.4852,0.0044,1.6426,0.1129,0.0112,0.0068
XGBoost,HR_N10000_PolicyDom_Thresh2.5_Seed600_BIASED_FAIRNESS.csv,PolicyDom,2.5,BIASED_FAIRNESS,1,6,0,10000,0.9678,0.9903,0.5616,0.4271,0.4852,0.0044,1.6426,0.1129,0.0112,0.0068
XGBoost,HR_N10000_PolicyDom_Thresh2.5_Seed600_FAIR_ALL.csv,PolicyDom,2.5,FAIR_ALL,1,6,4,10000,0.5898,0.8817,0.9013,0.9755,0.9369,0.0023,1.0023,0.0004,0.9766,0.9743
XGBoost,HR_N10000_PolicyDom_Thresh2.5_Seed700_BIASED_ALL.csv,PolicyDom,2.5,BIASED_ALL,1,6,4,10000,0.9683,0.9859,0.5596,0.4357,0.49,0.0243,6.0863,0.02,0.0291,0.0048
XGBoost,HR_N10000_PolicyDom_Thresh2.5_Seed700_BIASED_FAIRNESS.csv,PolicyDom,2.5,BIASED_FAIRNESS,1,6,0,10000,0.9683,0.9859,0.5596,0.4357,0.49,0.0243,6.0863,0.02,0.0291,0.0048
XGBoost,HR_N10000_PolicyDom_Thresh2.5_Seed700_FAIR_ALL.csv,PolicyDom,2.5,FAIR_ALL,1,6,4,10000,0.6125,0.8666,0.8951,0.9629,0.9278,0.0065,0.9932,0.0061,0.9533,0.9598
XGBoost,HR_N10000_PolicyDom_Thresh2.5_Seed800_BIASED_ALL.csv,PolicyDom,2.5,BIASED_ALL,1,6,4,10000,0.9554,0.9868,0.642,0.3662,0.4664,0.0203,7.7569,0.2043,0.0233,0.003
XGBoost,HR_N10000_PolicyDom_Thresh2.5_Seed800_BIASED_FAIRNESS.csv,PolicyDom,2.5,BIASED_FAIRNESS,1,6,0,10000,0.9554,0.9868,0.642,0.3662,0.4664,0.0203,7.7569,0.2043,0.0233,0.003
XGBoost,HR_N10000_PolicyDom_Thresh2.5_Seed800_FAIR_ALL.csv,PolicyDom,2.5,FAIR_ALL,1,6,4,10000,0.6138,0.876,0.8996,0.9699,0.9334,0.0126,1.0131,0.0107,0.9746,0.962
XGBoost,HR_N10000_PolicyDom_Thresh2.5_Seed900_BIASED_ALL.csv,PolicyDom,2.5,BIASED_ALL,1,6,4,10000,0.9605,0.987,0.5618,0.3906,0.4608,0.0161,4.1013,0.0425,0.0213,0.0052
XGBoost,HR_N10000_PolicyDom_Thresh2.5_Seed900_BIASED_FAIRNESS.csv,PolicyDom,2.5,BIASED_FAIRNESS,1,6,0,10000,0.9605,0.987,0.5618,0.3906,0.4608,0.0161,4.1013,0.0425,0.0213,0.0052
XGBoost,HR_N10000_PolicyDom_Thresh2.5_Seed900_FAIR_ALL.csv,PolicyDom,2.5,FAIR_ALL,1,6,4,10000,0.6057,0.8719,0.8985,0.9661,0.9311,0.0072,0.9925,0.0088,0.9578,0.965
XGBoost,HR_N10000_WealthDom_Thresh1.0_Seed1000_BIASED_ALL.csv,WealthDom,1.0,BIASED_ALL,1,6,4,10000,0.7568,0.7538,0.8142,0.8785,0.8451,0.0716,1.089,0.0439,0.8755,0.8039
XGBoost,HR_N10000_WealthDom_Thresh1.0_Seed1000_BIASED_FAIRNESS.csv,WealthDom,1.0,BIASED_FAIRNESS,1,6,0,10000,0.7568,0.7538,0.8142,0.8785,0.8451,0.0716,1.089,0.0439,0.8755,0.8039
XGBoost,HR_N10000_WealthDom_Thresh1.0_Seed1000_FAIR_ALL.csv,WealthDom,1.0,FAIR_ALL,1,6,4,10000,0.6801,0.9084,0.9284,0.9764,0.9518,0.0023,0.9976,0.0029,0.9718,0.9741
XGBoost,HR_N10000_WealthDom_Thresh1.0_Seed100_BIASED_ALL.csv,WealthDom,1.0,BIASED_ALL,1,6,4,10000,0.7455,0.7614,0.8149,0.8919,0.8517,0.0463,1.056,0.0284,0.8728,0.8265
XGBoost,HR_N10000_WealthDom_Thresh1.0_Seed100_BIASED_FAIRNESS.csv,WealthDom,1.0,BIASED_FAIRNESS,1,6,0,10000,0.7455,0.7614,0.8149,0.8919,0.8517,0.0463,1.056,0.0284,0.8728,0.8265
XGBoost,HR_N10000_WealthDom_Thresh1.0_Seed100_FAIR_ALL.csv,WealthDom,1.0,FAIR_ALL,1,6,4,10000,0.6985,0.9123,0.9295,0.9796,0.9539,0.0071,1.0073,0.006,0.9809,0.9737
XGBoost,HR_N10000_WealthDom_Thresh1.0_Seed1100_BIASED_ALL.csv,WealthDom,1.0,BIASED_ALL,1,6,4,10000,0.7505,0.7577,0.8176,0.8799,0.8476,0.0693,1.0863,0.047,0.8727,0.8034
XGBoost,HR_N10000_WealthDom_Thresh1.0_Seed1100_BIASED_FAIRNESS.csv,WealthDom,1.0,BIASED_FAIRNESS,1,6,0,10000,0.7505,0.7577,0.8176,0.8799,0.8476,0.0693,1.0863,0.047,0.8727,0.8034
XGBoost,HR_N10000_WealthDom_Thresh1.0_Seed1100_FAIR_ALL.csv,WealthDom,1.0,FAIR_ALL,1,6,4,10000,0.7007,0.9132,0.9339,0.9759,0.9545,0.0217,0.9779,0.0203,0.9587,0.9804
XGBoost,HR_N10000_WealthDom_Thresh1.0_Seed1200_BIASED_ALL.csv,WealthDom,1.0,BIASED_ALL,1,6,4,10000,0.7487,0.7517,0.8208,0.866,0.8428,0.0527,1.0663,0.0393,0.8478,0.7951
XGBoost,HR_N10000_WealthDom_Thresh1.0_Seed1200_BIASED_FAIRNESS.csv,WealthDom,1.0,BIASED_FAIRNESS,1,6,0,10000,0.7487,0.7517,0.8208,0.866,0.8428,0.0527,1.0663,0.0393,0.8478,0.7951
XGBoost,HR_N10000_WealthDom_Thresh1.0_Seed1200_FAIR_ALL.csv,WealthDom,1.0,FAIR_ALL,1,6,4,10000,0.7049,0.9117,0.936,0.9713,0.9533,0.017,1.0177,0.0134,0.9756,0.9587
XGBoost,HR_N10000_WealthDom_Thresh1.0_Seed1300_BIASED_ALL.csv,WealthDom,1.0,BIASED_ALL,1,6,4,10000,0.7516,0.7527,0.8233,0.8637,0.843,0.0752,1.0959,0.0477,0.8597,0.7845
XGBoost,HR_N10000_WealthDom_Thresh1.0_Seed1300_BIASED_FAIRNESS.csv,WealthDom,1.0,BIASED_FAIRNESS,1,6,0,10000,0.7516,0.7527,0.8233,0.8637,0.843,0.0752,1.0959,0.0477,0.8597,0.7845
XGBoost,HR_N10000_WealthDom_Thresh1.0_Seed1300_FAIR_ALL.csv,WealthDom,1.0,FAIR_ALL,1,6,4,10000,0.6855,0.9171,0.9332,0.9811,0.9566,0.0034,1.0035,0.0022,0.9805,0.9771
XGBoost,HR_N10000_WealthDom_Thresh1.0_Seed1400_BIASED_ALL.csv,WealthDom,1.0,BIASED_ALL,1,6,4,10000,0.749,0.7497,0.8092,0.8823,0.8441,0.0508,1.0618,0.0223,0.8731,0.8223
XGBoost,HR_N10000_WealthDom_Thresh1.0_Seed1400_BIASED_FAIRNESS.csv,WealthDom,1.0,BIASED_FAIRNESS,1,6,0,10000,0.749,0.7497,0.8092,0.8823,0.8441,0.0508,1.0618,0.0223,0.8731,0.8223
XGBoost,HR_N10000_WealthDom_Thresh1.0_Seed1400_FAIR_ALL.csv,WealthDom,1.0,FAIR_ALL,1,6,4,10000,0.687,0.9119,0.9308,0.9777,0.9537,0.0173,0.9824,0.0137,0.9623,0.9796
XGBoost,HR_N10000_WealthDom_Thresh1.0_Seed1500_BIASED_ALL.csv,WealthDom,1.0,BIASED_ALL,1,6,4,10000,0.7483,0.7497,0.8167,0.8688,0.842,0.0607,1.076,0.037,0.8591,0.7984
XGBoost,HR_N10000_WealthDom_Thresh1.0_Seed1500_BIASED_FAIRNESS.csv,WealthDom,1.0,BIASED_FAIRNESS,1,6,0,10000,0.7483,0.7497,0.8167,0.8688,0.842,0.0607,1.076,0.037,0.8591,0.7984
XGBoost,HR_N10000_WealthDom_Thresh1.0_Seed1500_FAIR_ALL.csv,WealthDom,1.0,FAIR_ALL,1,6,4,10000,0.6871,0.9112,0.9297,0.978,0.9533,0.0038,1.0039,0.0005,0.9764,0.9725
XGBoost,HR_N10000_WealthDom_Thresh1.0_Seed1600_BIASED_ALL.csv,WealthDom,1.0,BIASED_ALL,1,6,4,10000,0.7364,0.7426,0.8138,0.8606,0.8365,0.118,1.1524,0.0841,0.8924,0.7743
XGBoost,HR_N10000_WealthDom_Thresh1.0_Seed1600_BIASED_FAIRNESS.csv,WealthDom,1.0,BIASED_FAIRNESS,1,6,0,10000,0.7364,0.7426,0.8138,0.8606,0.8365,0.118,1.1524,0.0841,0.8924,0.7743
XGBoost,HR_N10000_WealthDom_Thresh1.0_Seed1600_FAIR_ALL.csv,WealthDom,1.0,FAIR_ALL,1,6,4,10000,0.6912,0.9046,0.9279,0.9725,0.9497,0.011,0.9887,0.0085,0.9628,0.9737
XGBoost,HR_N10000_WealthDom_Thresh1.0_Seed1700_BIASED_ALL.csv,WealthDom,1.0,BIASED_ALL,1,6,4,10000,0.7505,0.7502,0.8131,0.8753,0.8431,0.0533,1.0659,0.0341,0.8624,0.8091
XGBoost,HR_N10000_WealthDom_Thresh1.0_Seed1700_BIASED_FAIRNESS.csv,WealthDom,1.0,BIASED_FAIRNESS,1,6,0,10000,0.7505,0.7502,0.8131,0.8753,0.8431,0.0533,1.0659,0.0341,0.8624,0.8091
XGBoost,HR_N10000_WealthDom_Thresh1.0_Seed1700_FAIR_ALL.csv,WealthDom,1.0,FAIR_ALL,1,6,4,10000,0.6832,0.9128,0.9298,0.9799,0.9542,0.0017,0.9983,0.0037,0.9757,0.9774
XGBoost,HR_N10000_WealthDom_Thresh1.0_Seed1800_BIASED_ALL.csv,WealthDom,1.0,BIASED_ALL,1,6,4,10000,0.7298,0.751,0.8174,0.8762,0.8458,0.0909,1.1125,0.0643,0.8988,0.8079
XGBoost,HR_N10000_WealthDom_Thresh1.0_Seed1800_BIASED_FAIRNESS.csv,WealthDom,1.0,BIASED_FAIRNESS,1,6,0,10000,0.7298,0.751,0.8174,0.8762,0.8458,0.0909,1.1125,0.0643,0.8988,0.8079
XGBoost,HR_N10000_WealthDom_Thresh1.0_Seed1800_FAIR_ALL.csv,WealthDom,1.0,FAIR_ALL,1,6,4,10000,0.6986,0.9157,0.9316,0.9812,0.9558,0.0073,1.0075,0.0059,0.9834,0.976
XGBoost,HR_N10000_WealthDom_Thresh1.0_Seed1900_BIASED_ALL.csv,WealthDom,1.0,BIASED_ALL,1,6,4,10000,0.75,0.7601,0.8201,0.8822,0.85,0.0989,1.1238,0.073,0.8977,0.7988
XGBoost,HR_N10000_WealthDom_Thresh1.0_Seed1900_BIASED_FAIRNESS.csv,WealthDom,1.0,BIASED_FAIRNESS,1,6,0,10000,0.75,0.7601,0.8201,0.8822,0.85,0.0989,1.1238,0.073,0.8977,0.7988
XGBoost,HR_N10000_WealthDom_Thresh1.0_Seed1900_FAIR_ALL.csv,WealthDom,1.0,FAIR_ALL,1,6,4,10000,0.666,0.9128,0.9352,0.9739,0.9542,0.0028,0.9971,0.0034,0.9689,0.9717
XGBoost,HR_N10000_WealthDom_Thresh1.0_Seed2000_BIASED_ALL.csv,WealthDom,1.0,BIASED_ALL,1,6,4,10000,0.7363,0.7508,0.8155,0.8732,0.8434,0.0588,1.073,0.0399,0.8635,0.8047
XGBoost,HR_N10000_WealthDom_Thresh1.0_Seed2000_BIASED_FAIRNESS.csv,WealthDom,1.0,BIASED_FAIRNESS,1,6,0,10000,0.7363,0.7508,0.8155,0.8732,0.8434,0.0588,1.073,0.0399,0.8635,0.8047
XGBoost,HR_N10000_WealthDom_Thresh1.0_Seed2000_FAIR_ALL.csv,WealthDom,1.0,FAIR_ALL,1,6,4,10000,0.7163,0.9071,0.9351,0.9673,0.9509,0.0062,1.0065,0.0044,0.967,0.9608
XGBoost,HR_N10000_WealthDom_Thresh1.0_Seed200_BIASED_ALL.csv,WealthDom,1.0,BIASED_ALL,1,6,4,10000,0.7321,0.7357,0.8055,0.861,0.8323,0.0644,1.081,0.0478,0.8589,0.7945
XGBoost,HR_N10000_WealthDom_Thresh1.0_Seed200_BIASED_FAIRNESS.csv,WealthDom,1.0,BIASED_FAIRNESS,1,6,0,10000,0.7321,0.7357,0.8055,0.861,0.8323,0.0644,1.081,0.0478,0.8589,0.7945
XGBoost,HR_N10000_WealthDom_Thresh1.0_Seed200_FAIR_ALL.csv,WealthDom,1.0,FAIR_ALL,1,6,4,10000,0.7024,0.9092,0.9316,0.9737,0.9522,0.0089,0.9909,0.0105,0.9642,0.9731
XGBoost,HR_N10000_WealthDom_Thresh1.0_Seed300_BIASED_ALL.csv,WealthDom,1.0,BIASED_ALL,1,6,4,10000,0.7312,0.7557,0.8186,0.8752,0.8459,0.0676,1.0846,0.0366,0.8663,0.7987
XGBoost,HR_N10000_WealthDom_Thresh1.0_Seed300_BIASED_FAIRNESS.csv,WealthDom,1.0,BIASED_FAIRNESS,1,6,0,10000,0.7312,0.7557,0.8186,0.8752,0.8459,0.0676,1.0846,0.0366,0.8663,0.7987
XGBoost,HR_N10000_WealthDom_Thresh1.0_Seed300_FAIR_ALL.csv,WealthDom,1.0,FAIR_ALL,1,6,4,10000,0.6801,0.9116,0.9293,0.9792,0.9536,0.0036,0.9963,0.0055,0.9749,0.9786
XGBoost,HR_N10000_WealthDom_Thresh1.0_Seed400_BIASED_ALL.csv,WealthDom,1.0,BIASED_ALL,1,6,4,10000,0.7442,0.7583,0.8224,0.8724,0.8466,0.1027,1.1315,0.0685,0.8834,0.7807
XGBoost,HR_N10000_WealthDom_Thresh1.0_Seed400_BIASED_FAIRNESS.csv,WealthDom,1.0,BIASED_FAIRNESS,1,6,0,10000,0.7442,0.7583,0.8224,0.8724,0.8466,0.1027,1.1315,0.0685,0.8834,0.7807
XGBoost,HR_N10000_WealthDom_Thresh1.0_Seed400_FAIR_ALL.csv,WealthDom,1.0,FAIR_ALL,1,6,4,10000,0.6905,0.9086,0.9263,0.9788,0.9519,0.0114,0.9884,0.0112,0.9677,0.9791
XGBoost,HR_N10000_WealthDom_Thresh1.0_Seed500_BIASED_ALL.csv,WealthDom,1.0,BIASED_ALL,1,6,4,10000,0.7663,0.7592,0.8253,0.8731,0.8485,0.0811,1.1023,0.0577,0.874,0.7929
XGBoost,HR_N10000_WealthDom_Thresh1.0_Seed500_BIASED_FAIRNESS.csv,WealthDom,1.0,BIASED_FAIRNESS,1,6,0,10000,0.7663,0.7592,0.8253,0.8731,0.8485,0.0811,1.1023,0.0577,0.874,0.7929
XGBoost,HR_N10000_WealthDom_Thresh1.0_Seed500_FAIR_ALL.csv,WealthDom,1.0,FAIR_ALL,1,6,4,10000,0.6725,0.9128,0.9282,0.9818,0.9543,0.0096,1.0099,0.0086,0.9869,0.9772
XGBoost,HR_N10000_WealthDom_Thresh1.0_Seed600_BIASED_ALL.csv,WealthDom,1.0,BIASED_ALL,1,6,4,10000,0.7612,0.7494,0.8282,0.849,0.8385,0.0165,1.0211,0.001,0.797,0.7805
XGBoost,HR_N10000_WealthDom_Thresh1.0_Seed600_BIASED_FAIRNESS.csv,WealthDom,1.0,BIASED_FAIRNESS,1,6,0,10000,0.7612,0.7494,0.8282,0.849,0.8385,0.0165,1.0211,0.001,0.797,0.7805
XGBoost,HR_N10000_WealthDom_Thresh1.0_Seed600_FAIR_ALL.csv,WealthDom,1.0,FAIR_ALL,1,6,4,10000,0.6436,0.9177,0.9301,0.9853,0.9569,0.0094,1.0096,0.0088,0.9895,0.9801
XGBoost,HR_N10000_WealthDom_Thresh1.0_Seed700_BIASED_ALL.csv,WealthDom,1.0,BIASED_ALL,1,6,4,10000,0.7636,0.7561,0.8176,0.8764,0.846,0.0625,1.0781,0.0328,0.8631,0.8006
XGBoost,HR_N10000_WealthDom_Thresh1.0_Seed700_BIASED_FAIRNESS.csv,WealthDom,1.0,BIASED_FAIRNESS,1,6,0,10000,0.7636,0.7561,0.8176,0.8764,0.846,0.0625,1.0781,0.0328,0.8631,0.8006
XGBoost,HR_N10000_WealthDom_Thresh1.0_Seed700_FAIR_ALL.csv,WealthDom,1.0,FAIR_ALL,1,6,4,10000,0.6699,0.8988,0.9235,0.9704,0.9464,0.0042,0.9957,0.0051,0.9645,0.9687
XGBoost,HR_N10000_WealthDom_Thresh1.0_Seed800_BIASED_ALL.csv,WealthDom,1.0,BIASED_ALL,1,6,4,10000,0.7463,0.7512,0.8097,0.8809,0.8438,0.1009,1.1261,0.0662,0.9008,0.7999
XGBoost,HR_N10000_WealthDom_Thresh1.0_Seed800_BIASED_FAIRNESS.csv,WealthDom,1.0,BIASED_FAIRNESS,1,6,0,10000,0.7463,0.7512,0.8097,0.8809,0.8438,0.1009,1.1261,0.0662,0.9008,0.7999
XGBoost,HR_N10000_WealthDom_Thresh1.0_Seed800_FAIR_ALL.csv,WealthDom,1.0,FAIR_ALL,1,6,4,10000,0.6267,0.9146,0.9285,0.9834,0.9552,0.0096,0.9903,0.0069,0.9742,0.9837
XGBoost,HR_N10000_WealthDom_Thresh1.0_Seed900_BIASED_ALL.csv,WealthDom,1.0,BIASED_ALL,1,6,4,10000,0.7352,0.7464,0.8089,0.8754,0.8408,0.0458,1.0562,0.0335,0.8602,0.8144
XGBoost,HR_N10000_WealthDom_Thresh1.0_Seed900_BIASED_FAIRNESS.csv,WealthDom,1.0,BIASED_FAIRNESS,1,6,0,10000,0.7352,0.7464,0.8089,0.8754,0.8408,0.0458,1.0562,0.0335,0.8602,0.8144
XGBoost,HR_N10000_WealthDom_Thresh1.0_Seed900_FAIR_ALL.csv,WealthDom,1.0,FAIR_ALL,1,6,4,10000,0.6683,0.9003,0.9275,0.9678,0.9472,0.0085,0.9912,0.0069,0.9583,0.9668
XGBoost,HR_N10000_WealthDom_Thresh2.5_Seed1000_BIASED_ALL.csv,WealthDom,2.5,BIASED_ALL,1,6,4,10000,0.7076,0.7211,0.7887,0.8523,0.8193,0.1195,1.156,0.0891,0.8858,0.7662
XGBoost,HR_N10000_WealthDom_Thresh2.5_Seed1000_BIASED_FAIRNESS.csv,WealthDom,2.5,BIASED_FAIRNESS,1,6,0,10000,0.7076,0.7211,0.7887,0.8523,0.8193,0.1195,1.156,0.0891,0.8858,0.7662
XGBoost,HR_N10000_WealthDom_Thresh2.5_Seed1000_FAIR_ALL.csv,WealthDom,2.5,FAIR_ALL,1,6,4,10000,0.6368,0.9022,0.9196,0.9789,0.9483,0.0052,0.9947,0.0042,0.9718,0.977
XGBoost,HR_N10000_WealthDom_Thresh2.5_Seed100_BIASED_ALL.csv,WealthDom,2.5,BIASED_ALL,1,6,4,10000,0.7135,0.7339,0.7989,0.8604,0.8285,0.0709,1.0906,0.0452,0.8539,0.7829
XGBoost,HR_N10000_WealthDom_Thresh2.5_Seed100_BIASED_FAIRNESS.csv,WealthDom,2.5,BIASED_FAIRNESS,1,6,0,10000,0.7135,0.7339,0.7989,0.8604,0.8285,0.0709,1.0906,0.0452,0.8539,0.7829
XGBoost,HR_N10000_WealthDom_Thresh2.5_Seed100_FAIR_ALL.csv,WealthDom,2.5,FAIR_ALL,1,6,4,10000,0.6626,0.8983,0.9217,0.9718,0.9461,0.009,0.9907,0.0093,0.962,0.9711
XGBoost,HR_N10000_WealthDom_Thresh2.5_Seed1100_BIASED_ALL.csv,WealthDom,2.5,BIASED_ALL,1,6,4,10000,0.6968,0.7219,0.7894,0.8575,0.822,0.0998,1.1274,0.0782,0.8836,0.7838
XGBoost,HR_N10000_WealthDom_Thresh2.5_Seed1100_BIASED_FAIRNESS.csv,WealthDom,2.5,BIASED_FAIRNESS,1,6,0,10000,0.6968,0.7219,0.7894,0.8575,0.822,0.0998,1.1274,0.0782,0.8836,0.7838
XGBoost,HR_N10000_WealthDom_Thresh2.5_Seed1100_FAIR_ALL.csv,WealthDom,2.5,FAIR_ALL,1,6,4,10000,0.6357,0.9062,0.9266,0.9758,0.9506,0.0179,0.9818,0.0174,0.9613,0.9792
XGBoost,HR_N10000_WealthDom_Thresh2.5_Seed1200_BIASED_ALL.csv,WealthDom,2.5,BIASED_ALL,1,6,4,10000,0.7181,0.738,0.7992,0.867,0.8317,0.0767,1.0975,0.0546,0.8637,0.7869
XGBoost,HR_N10000_WealthDom_Thresh2.5_Seed1200_BIASED_FAIRNESS.csv,WealthDom,2.5,BIASED_FAIRNESS,1,6,0,10000,0.7181,0.738,0.7992,0.867,0.8317,0.0767,1.0975,0.0546,0.8637,0.7869
XGBoost,HR_N10000_WealthDom_Thresh2.5_Seed1200_FAIR_ALL.csv,WealthDom,2.5,FAIR_ALL,1,6,4,10000,0.6618,0.9046,0.9271,0.973,0.9495,0.017,0.9825,0.0189,0.9556,0.9727
XGBoost,HR_N10000_WealthDom_Thresh2.5_Seed1300_BIASED_ALL.csv,WealthDom,2.5,BIASED_ALL,1,6,4,10000,0.7144,0.7323,0.7959,0.8645,0.8288,0.0942,1.1198,0.061,0.8804,0.7862
XGBoost,HR_N10000_WealthDom_Thresh2.5_Seed1300_BIASED_FAIRNESS.csv,WealthDom,2.5,BIASED_FAIRNESS,1,6,0,10000,0.7144,0.7323,0.7959,0.8645,0.8288,0.0942,1.1198,0.061,0.8804,0.7862
XGBoost,HR_N10000_WealthDom_Thresh2.5_Seed1300_FAIR_ALL.csv,WealthDom,2.5,FAIR_ALL,1,6,4,10000,0.655,0.913,0.9272,0.9831,0.9543,0.0012,0.9987,0.0031,0.9793,0.9806
XGBoost,HR_N10000_WealthDom_Thresh2.5_Seed1400_BIASED_ALL.csv,WealthDom,2.5,BIASED_ALL,1,6,4,10000,0.7131,0.7306,0.7984,0.8555,0.826,0.07,1.0898,0.0471,0.8497,0.7797
XGBoost,HR_N10000_WealthDom_Thresh2.5_Seed1400_BIASED_FAIRNESS.csv,WealthDom,2.5,BIASED_FAIRNESS,1,6,0,10000,0.7131,0.7306,0.7984,0.8555,0.826,0.07,1.0898,0.0471,0.8497,0.7797
XGBoost,HR_N10000_WealthDom_Thresh2.5_Seed1400_FAIR_ALL.csv,WealthDom,2.5,FAIR_ALL,1,6,4,10000,0.6482,0.9004,0.9216,0.9746,0.9474,0.0055,0.9944,0.0058,0.9687,0.9742
XGBoost,HR_N10000_WealthDom_Thresh2.5_Seed1500_BIASED_ALL.csv,WealthDom,2.5,BIASED_ALL,1,6,4,10000,0.7098,0.7337,0.7942,0.8687,0.8298,0.0918,1.1161,0.0681,0.8819,0.7902
XGBoost,HR_N10000_WealthDom_Thresh2.5_Seed1500_BIASED_FAIRNESS.csv,WealthDom,2.5,BIASED_FAIRNESS,1,6,0,10000,0.7098,0.7337,0.7942,0.8687,0.8298,0.0918,1.1161,0.0681,0.8819,0.7902
XGBoost,HR_N10000_WealthDom_Thresh2.5_Seed1500_FAIR_ALL.csv,WealthDom,2.5,FAIR_ALL,1,6,4,10000,0.6396,0.9058,0.9212,0.9815,0.9504,0.0004,0.9996,0.0001,0.9793,0.9797
XGBoost,HR_N10000_WealthDom_Thresh2.5_Seed1600_BIASED_ALL.csv,WealthDom,2.5,BIASED_ALL,1,6,4,10000,0.7052,0.721,0.7878,0.8553,0.8202,0.0558,1.0706,0.0486,0.8468,0.791
XGBoost,HR_N10000_WealthDom_Thresh2.5_Seed1600_BIASED_FAIRNESS.csv,WealthDom,2.5,BIASED_FAIRNESS,1,6,0,10000,0.7052,0.721,0.7878,0.8553,0.8202,0.0558,1.0706,0.0486,0.8468,0.791
XGBoost,HR_N10000_WealthDom_Thresh2.5_Seed1600_FAIR_ALL.csv,WealthDom,2.5,FAIR_ALL,1,6,4,10000,0.6436,0.8943,0.9203,0.9688,0.9439,0.0052,0.9946,0.0055,0.962,0.9672
XGBoost,HR_N10000_WealthDom_Thresh2.5_Seed1700_BIASED_ALL.csv,WealthDom,2.5,BIASED_ALL,1,6,4,10000,0.7197,0.7314,0.7922,0.8662,0.8276,0.1047,1.1339,0.0807,0.8866,0.7819
XGBoost,HR_N10000_WealthDom_Thresh2.5_Seed1700_BIASED_FAIRNESS.csv,WealthDom,2.5,BIASED_FAIRNESS,1,6,0,10000,0.7197,0.7314,0.7922,0.8662,0.8276,0.1047,1.1339,0.0807,0.8866,0.7819
XGBoost,HR_N10000_WealthDom_Thresh2.5_Seed1700_FAIR_ALL.csv,WealthDom,2.5,FAIR_ALL,1,6,4,10000,0.624,0.9032,0.9222,0.9772,0.9489,0.0061,1.0063,0.003,0.9785,0.9724
XGBoost,HR_N10000_WealthDom_Thresh2.5_Seed1800_BIASED_ALL.csv,WealthDom,2.5,BIASED_ALL,1,6,4,10000,0.7007,0.7372,0.7974,0.8752,0.8345,0.0826,1.1025,0.0653,0.8882,0.8056
XGBoost,HR_N10000_WealthDom_Thresh2.5_Seed1800_BIASED_FAIRNESS.csv,WealthDom,2.5,BIASED_FAIRNESS,1,6,0,10000,0.7007,0.7372,0.7974,0.8752,0.8345,0.0826,1.1025,0.0653,0.8882,0.8056
XGBoost,HR_N10000_WealthDom_Thresh2.5_Seed1800_FAIR_ALL.csv,WealthDom,2.5,FAIR_ALL,1,6,4,10000,0.6337,0.8959,0.9263,0.9637,0.9446,0.0207,1.0217,0.0169,0.9729,0.9522
XGBoost,HR_N10000_WealthDom_Thresh2.5_Seed1900_BIASED_ALL.csv,WealthDom,2.5,BIASED_ALL,1,6,4,10000,0.7042,0.7269,0.7926,0.8603,0.8251,0.0879,1.1118,0.0591,0.8739,0.786
XGBoost,HR_N10000_WealthDom_Thresh2.5_Seed1900_BIASED_FAIRNESS.csv,WealthDom,2.5,BIASED_FAIRNESS,1,6,0,10000,0.7042,0.7269,0.7926,0.8603,0.8251,0.0879,1.1118,0.0591,0.8739,0.786
XGBoost,HR_N10000_WealthDom_Thresh2.5_Seed1900_FAIR_ALL.csv,WealthDom,2.5,FAIR_ALL,1,6,4,10000,0.6741,0.9083,0.93,0.9743,0.9517,0.0015,0.9984,0.0008,0.9693,0.9708
XGBoost,HR_N10000_WealthDom_Thresh2.5_Seed2000_BIASED_ALL.csv,WealthDom,2.5,BIASED_ALL,1,6,4,10000,0.7255,0.7422,0.8022,0.8707,0.835,0.0398,1.0497,0.022,0.8408,0.801
XGBoost,HR_N10000_WealthDom_Thresh2.5_Seed2000_BIASED_FAIRNESS.csv,WealthDom,2.5,BIASED_FAIRNESS,1,6,0,10000,0.7255,0.7422,0.8022,0.8707,0.835,0.0398,1.0497,0.022,0.8408,0.801
XGBoost,HR_N10000_WealthDom_Thresh2.5_Seed2000_FAIR_ALL.csv,WealthDom,2.5,FAIR_ALL,1,6,4,10000,0.6545,0.909,0.9256,0.9801,0.9521,0.0033,1.0034,0.0023,0.9795,0.9762
XGBoost,HR_N10000_WealthDom_Thresh2.5_Seed200_BIASED_ALL.csv,WealthDom,2.5,BIASED_ALL,1,6,4,10000,0.6974,0.7127,0.7849,0.8418,0.8123,0.1065,1.1402,0.0868,0.8659,0.7594
XGBoost,HR_N10000_WealthDom_Thresh2.5_Seed200_BIASED_FAIRNESS.csv,WealthDom,2.5,BIASED_FAIRNESS,1,6,0,10000,0.6974,0.7127,0.7849,0.8418,0.8123,0.1065,1.1402,0.0868,0.8659,0.7594
XGBoost,HR_N10000_WealthDom_Thresh2.5_Seed200_FAIR_ALL.csv,WealthDom,2.5,FAIR_ALL,1,6,4,10000,0.6403,0.9009,0.9258,0.9702,0.9475,0.0001,1.0001,0.0009,0.9653,0.9652
XGBoost,HR_N10000_WealthDom_Thresh2.5_Seed300_BIASED_ALL.csv,WealthDom,2.5,BIASED_ALL,1,6,4,10000,0.715,0.734,0.7928,0.8691,0.8292,0.1033,1.1319,0.073,0.8863,0.783
XGBoost,HR_N10000_WealthDom_Thresh2.5_Seed300_BIASED_FAIRNESS.csv,WealthDom,2.5,BIASED_FAIRNESS,1,6,0,10000,0.715,0.734,0.7928,0.8691,0.8292,0.1033,1.1319,0.073,0.8863,0.783
XGBoost,HR_N10000_WealthDom_Thresh2.5_Seed300_FAIR_ALL.csv,WealthDom,2.5,FAIR_ALL,1,6,4,10000,0.6148,0.9026,0.9217,0.9771,0.9486,0.0125,0.9873,0.0111,0.9665,0.979
XGBoost,HR_N10000_WealthDom_Thresh2.5_Seed400_BIASED_ALL.csv,WealthDom,2.5,BIASED_ALL,1,6,4,10000,0.7066,0.7311,0.7907,0.868,0.8276,0.1193,1.1528,0.0875,0.9,0.7807
XGBoost,HR_N10000_WealthDom_Thresh2.5_Seed400_BIASED_FAIRNESS.csv,WealthDom,2.5,BIASED_FAIRNESS,1,6,0,10000,0.7066,0.7311,0.7907,0.868,0.8276,0.1193,1.1528,0.0875,0.9,0.7807
XGBoost,HR_N10000_WealthDom_Thresh2.5_Seed400_FAIR_ALL.csv,WealthDom,2.5,FAIR_ALL,1,6,4,10000,0.6454,0.8939,0.9183,0.9705,0.9437,0.0088,0.9909,0.0105,0.9625,0.9713
XGBoost,HR_N10000_WealthDom_Thresh2.5_Seed500_BIASED_ALL.csv,WealthDom,2.5,BIASED_ALL,1,6,4,10000,0.7033,0.731,0.7932,0.8667,0.8283,0.0843,1.1063,0.0581,0.8775,0.7932
XGBoost,HR_N10000_WealthDom_Thresh2.5_Seed500_BIASED_FAIRNESS.csv,WealthDom,2.5,BIASED_FAIRNESS,1,6,0,10000,0.7033,0.731,0.7932,0.8667,0.8283,0.0843,1.1063,0.0581,0.8775,0.7932
XGBoost,HR_N10000_WealthDom_Thresh2.5_Seed500_FAIR_ALL.csv,WealthDom,2.5,FAIR_ALL,1,6,4,10000,0.6721,0.9014,0.9229,0.9743,0.9479,0.0099,0.9899,0.0081,0.9641,0.9739
XGBoost,HR_N10000_WealthDom_Thresh2.5_Seed600_BIASED_ALL.csv,WealthDom,2.5,BIASED_ALL,1,6,4,10000,0.725,0.7341,0.8011,0.8557,0.8275,0.0681,1.0879,0.0459,0.8438,0.7757
XGBoost,HR_N10000_WealthDom_Thresh2.5_Seed600_BIASED_FAIRNESS.csv,WealthDom,2.5,BIASED_FAIRNESS,1,6,0,10000,0.725,0.7341,0.8011,0.8557,0.8275,0.0681,1.0879,0.0459,0.8438,0.7757
XGBoost,HR_N10000_WealthDom_Thresh2.5_Seed600_FAIR_ALL.csv,WealthDom,2.5,FAIR_ALL,1,6,4,10000,0.6538,0.8967,0.9258,0.9653,0.9452,0.0018,0.9981,0.0039,0.9607,0.9625
XGBoost,HR_N10000_WealthDom_Thresh2.5_Seed700_BIASED_ALL.csv,WealthDom,2.5,BIASED_ALL,1,6,4,10000,0.7351,0.7343,0.7989,0.8591,0.8279,0.0579,1.074,0.0242,0.8403,0.7824
XGBoost,HR_N10000_WealthDom_Thresh2.5_Seed700_BIASED_FAIRNESS.csv,WealthDom,2.5,BIASED_FAIRNESS,1,6,0,10000,0.7351,0.7343,0.7989,0.8591,0.8279,0.0579,1.074,0.0242,0.8403,0.7824
XGBoost,HR_N10000_WealthDom_Thresh2.5_Seed700_FAIR_ALL.csv,WealthDom,2.5,FAIR_ALL,1,6,4,10000,0.6433,0.8991,0.9147,0.981,0.9467,0.0041,0.9958,0.0054,0.9764,0.9804
XGBoost,HR_N10000_WealthDom_Thresh2.5_Seed800_BIASED_ALL.csv,WealthDom,2.5,BIASED_ALL,1,6,4,10000,0.7075,0.7249,0.7855,0.8653,0.8234,0.1073,1.1368,0.0683,0.8921,0.7847
XGBoost,HR_N10000_WealthDom_Thresh2.5_Seed800_BIASED_FAIRNESS.csv,WealthDom,2.5,BIASED_FAIRNESS,1,6,0,10000,0.7075,0.7249,0.7855,0.8653,0.8234,0.1073,1.1368,0.0683,0.8921,0.7847
XGBoost,HR_N10000_WealthDom_Thresh2.5_Seed800_FAIR_ALL.csv,WealthDom,2.5,FAIR_ALL,1,6,4,10000,0.6444,0.9006,0.9209,0.9756,0.9474,0.0046,1.0047,0.0056,0.9764,0.9717
XGBoost,HR_N10000_WealthDom_Thresh2.5_Seed900_BIASED_ALL.csv,WealthDom,2.5,BIASED_ALL,1,6,4,10000,0.7027,0.7269,0.7845,0.871,0.8255,0.0659,1.082,0.0452,0.87,0.8041
XGBoost,HR_N10000_WealthDom_Thresh2.5_Seed900_BIASED_FAIRNESS.csv,WealthDom,2.5,BIASED_FAIRNESS,1,6,0,10000,0.7027,0.7269,0.7845,0.871,0.8255,0.0659,1.082,0.0452,0.87,0.8041
XGBoost,HR_N10000_WealthDom_Thresh2.5_Seed900_FAIR_ALL.csv,WealthDom,2.5,FAIR_ALL,1,6,4,10000,0.6177,0.8956,0.9198,0.9708,0.9446,0.0031,0.9968,0.0057,0.9664,0.9695
XGBoost,HR_N1000_HighBias_Thresh1.0_Seed1000_BIASED_ALL.csv,HighBias,1.0,BIASED_ALL,1,6,4,1000,0.9356,0.915,0.6,0.5714,0.5854,0.2162,10.2958,0.4875,0.2394,0.0233
XGBoost,HR_N1000_HighBias_Thresh1.0_Seed1000_BIASED_FAIRNESS.csv,HighBias,1.0,BIASED_FAIRNESS,1,6,0,1000,0.9356,0.915,0.6,0.5714,0.5854,0.2162,10.2958,0.4875,0.2394,0.0233
XGBoost,HR_N1000_HighBias_Thresh1.0_Seed1000_FAIR_ALL.csv,HighBias,1.0,FAIR_ALL,1,6,4,1000,0.6879,0.885,0.9124,0.9672,0.939,0.0163,1.0169,0.0189,0.9818,0.9655
XGBoost,HR_N1000_HighBias_Thresh1.0_Seed100_BIASED_ALL.csv,HighBias,1.0,BIASED_ALL,1,6,4,1000,0.8944,0.935,0.7333,0.55,0.6286,0.2062,15.5339,0.375,0.2203,0.0142
XGBoost,HR_N1000_HighBias_Thresh1.0_Seed100_BIASED_FAIRNESS.csv,HighBias,1.0,BIASED_FAIRNESS,1,6,0,1000,0.8944,0.935,0.7333,0.55,0.6286,0.2062,15.5339,0.375,0.2203,0.0142
XGBoost,HR_N1000_HighBias_Thresh1.0_Seed100_FAIR_ALL.csv,HighBias,1.0,FAIR_ALL,1,6,4,1000,0.5865,0.915,0.9286,0.9838,0.9554,0.0509,0.9487,0.0344,0.9423,0.9932
XGBoost,HR_N1000_HighBias_Thresh1.0_Seed1100_BIASED_ALL.csv,HighBias,1.0,BIASED_ALL,1,6,4,1000,0.9298,0.935,0.7222,0.619,0.6667,0.2618,19.5862,0.3333,0.2759,0.0141
XGBoost,HR_N1000_HighBias_Thresh1.0_Seed1100_BIASED_FAIRNESS.csv,HighBias,1.0,BIASED_FAIRNESS,1,6,0,1000,0.9298,0.935,0.7222,0.619,0.6667,0.2618,19.5862,0.3333,0.2759,0.0141
XGBoost,HR_N1000_HighBias_Thresh1.0_Seed1100_FAIR_ALL.csv,HighBias,1.0,FAIR_ALL,1,6,4,1000,0.7441,0.91,0.9235,0.9837,0.9526,0.0034,1.0035,0.0041,0.9825,0.979
XGBoost,HR_N1000_HighBias_Thresh1.0_Seed1200_BIASED_ALL.csv,HighBias,1.0,BIASED_ALL,1,6,4,1000,0.917,0.925,0.6842,0.5909,0.6341,0.2643,19.3689,0.65,0.2787,0.0144
XGBoost,HR_N1000_HighBias_Thresh1.0_Seed1200_BIASED_FAIRNESS.csv,HighBias,1.0,BIASED_FAIRNESS,1,6,0,1000,0.917,0.925,0.6842,0.5909,0.6341,0.2643,19.3689,0.65,0.2787,0.0144
XGBoost,HR_N1000_HighBias_Thresh1.0_Seed1200_FAIR_ALL.csv,HighBias,1.0,FAIR_ALL,1,6,4,1000,0.6457,0.87,0.9005,0.9609,0.9297,0.0003,1.0004,0.0153,0.9552,0.9549
XGBoost,HR_N1000_HighBias_Thresh1.0_Seed1300_BIASED_ALL.csv,HighBias,1.0,BIASED_ALL,1,6,4,1000,0.9463,0.93,0.6522,0.7143,0.6818,0.2535,9.4291,0.2143,0.2836,0.0301
XGBoost,HR_N1000_HighBias_Thresh1.0_Seed1300_BIASED_FAIRNESS.csv,HighBias,1.0,BIASED_FAIRNESS,1,6,0,1000,0.9463,0.93,0.6522,0.7143,0.6818,0.2535,9.4291,0.2143,0.2836,0.0301
XGBoost,HR_N1000_HighBias_Thresh1.0_Seed1300_FAIR_ALL.csv,HighBias,1.0,FAIR_ALL,1,6,4,1000,0.502,0.91,0.9278,0.9783,0.9524,0.0455,1.0476,0.0333,1.0,0.9545
XGBoost,HR_N1000_HighBias_Thresh1.0_Seed1400_BIASED_ALL.csv,HighBias,1.0,BIASED_ALL,1,6,4,1000,0.9472,0.905,0.5714,0.6957,0.6275,0.3128,7.3448,0.3839,0.3621,0.0493
XGBoost,HR_N1000_HighBias_Thresh1.0_Seed1400_BIASED_FAIRNESS.csv,HighBias,1.0,BIASED_FAIRNESS,1,6,0,1000,0.9472,0.905,0.5714,0.6957,0.6275,0.3128,7.3448,0.3839,0.3621,0.0493
XGBoost,HR_N1000_HighBias_Thresh1.0_Seed1400_FAIR_ALL.csv,HighBias,1.0,FAIR_ALL,1,6,4,1000,0.5764,0.915,0.9378,0.9731,0.9551,0.0204,0.979,0.0382,0.9508,0.9712
XGBoost,HR_N1000_HighBias_Thresh1.0_Seed1500_BIASED_ALL.csv,HighBias,1.0,BIASED_ALL,1,6,4,1000,0.9122,0.915,0.619,0.5909,0.6047,0.1863,5.1923,0.0118,0.2308,0.0444
XGBoost,HR_N1000_HighBias_Thresh1.0_Seed1500_BIASED_FAIRNESS.csv,HighBias,1.0,BIASED_FAIRNESS,1,6,0,1000,0.9122,0.915,0.619,0.5909,0.6047,0.1863,5.1923,0.0118,0.2308,0.0444
XGBoost,HR_N1000_HighBias_Thresh1.0_Seed1500_FAIR_ALL.csv,HighBias,1.0,FAIR_ALL,1,6,4,1000,0.6249,0.86,0.9091,0.9392,0.9239,0.0227,0.9759,0.0172,0.9194,0.942
XGBoost,HR_N1000_HighBias_Thresh1.0_Seed1600_BIASED_ALL.csv,HighBias,1.0,BIASED_ALL,1,6,4,1000,0.9444,0.925,0.7143,0.4762,0.5714,0.2219,17.5294,0.0294,0.2353,0.0134
XGBoost,HR_N1000_HighBias_Thresh1.0_Seed1600_BIASED_FAIRNESS.csv,HighBias,1.0,BIASED_FAIRNESS,1,6,0,1000,0.9444,0.925,0.7143,0.4762,0.5714,0.2219,17.5294,0.0294,0.2353,0.0134
XGBoost,HR_N1000_HighBias_Thresh1.0_Seed1600_FAIR_ALL.csv,HighBias,1.0,FAIR_ALL,1,6,4,1000,0.6509,0.895,0.9133,0.9781,0.9446,0.002,1.0021,0.0026,0.9815,0.9795
XGBoost,HR_N1000_HighBias_Thresh1.0_Seed1700_BIASED_ALL.csv,HighBias,1.0,BIASED_ALL,1,6,4,1000,0.9589,0.93,0.6,0.5294,0.5625,0.11,3.5847,0.0556,0.1525,0.0426
XGBoost,HR_N1000_HighBias_Thresh1.0_Seed1700_BIASED_FAIRNESS.csv,HighBias,1.0,BIASED_FAIRNESS,1,6,0,1000,0.9589,0.93,0.6,0.5294,0.5625,0.11,3.5847,0.0556,0.1525,0.0426
XGBoost,HR_N1000_HighBias_Thresh1.0_Seed1700_FAIR_ALL.csv,HighBias,1.0,FAIR_ALL,1,6,4,1000,0.6821,0.88,0.9167,0.9565,0.9362,0.0308,1.0323,0.0353,0.9821,0.9514
XGBoost,HR_N1000_HighBias_Thresh1.0_Seed1800_BIASED_ALL.csv,HighBias,1.0,BIASED_ALL,1,6,4,1000,0.9406,0.925,0.6923,0.45,0.5455,0.1683,9.2453,0.3,0.1887,0.0204
XGBoost,HR_N1000_HighBias_Thresh1.0_Seed1800_BIASED_FAIRNESS.csv,HighBias,1.0,BIASED_FAIRNESS,1,6,0,1000,0.9406,0.925,0.6923,0.45,0.5455,0.1683,9.2453,0.3,0.1887,0.0204
XGBoost,HR_N1000_HighBias_Thresh1.0_Seed1800_FAIR_ALL.csv,HighBias,1.0,FAIR_ALL,1,6,4,1000,0.6332,0.885,0.9077,0.9725,0.939,0.0157,0.984,0.0183,0.9636,0.9793
XGBoost,HR_N1000_HighBias_Thresh1.0_Seed1900_BIASED_ALL.csv,HighBias,1.0,BIASED_ALL,1,6,4,1000,0.9133,0.935,0.7222,0.619,0.6667,0.2541,35.3077,0.4559,0.2615,0.0074
XGBoost,HR_N1000_HighBias_Thresh1.0_Seed1900_BIASED_FAIRNESS.csv,HighBias,1.0,BIASED_FAIRNESS,1,6,0,1000,0.9133,0.935,0.7222,0.619,0.6667,0.2541,35.3077,0.4559,0.2615,0.0074
XGBoost,HR_N1000_HighBias_Thresh1.0_Seed1900_FAIR_ALL.csv,HighBias,1.0,FAIR_ALL,1,6,4,1000,0.517,0.89,0.9175,0.9674,0.9418,0.0005,0.9995,0.0011,0.9697,0.9701
XGBoost,HR_N1000_HighBias_Thresh1.0_Seed2000_BIASED_ALL.csv,HighBias,1.0,BIASED_ALL,1,6,4,1000,0.9422,0.915,0.7333,0.4583,0.5641,0.2386,35.1228,0.5556,0.2456,0.007
XGBoost,HR_N1000_HighBias_Thresh1.0_Seed2000_BIASED_FAIRNESS.csv,HighBias,1.0,BIASED_FAIRNESS,1,6,0,1000,0.9422,0.915,0.7333,0.4583,0.5641,0.2386,35.1228,0.5556,0.2456,0.007
XGBoost,HR_N1000_HighBias_Thresh1.0_Seed2000_FAIR_ALL.csv,HighBias,1.0,FAIR_ALL,1,6,4,1000,0.7442,0.915,0.9282,0.9837,0.9551,0.0262,0.9733,0.0118,0.9545,0.9808
XGBoost,HR_N1000_HighBias_Thresh1.0_Seed200_BIASED_ALL.csv,HighBias,1.0,BIASED_ALL,1,6,4,1000,0.9276,0.925,0.65,0.619,0.6341,0.1638,4.6318,0.025,0.209,0.0451
XGBoost,HR_N1000_HighBias_Thresh1.0_Seed200_BIASED_FAIRNESS.csv,HighBias,1.0,BIASED_FAIRNESS,1,6,0,1000,0.9276,0.925,0.65,0.619,0.6341,0.1638,4.6318,0.025,0.209,0.0451
XGBoost,HR_N1000_HighBias_Thresh1.0_Seed200_FAIR_ALL.csv,HighBias,1.0,FAIR_ALL,1,6,4,1000,0.657,0.905,0.9184,0.9836,0.9499,0.0395,0.9602,0.0272,0.9531,0.9926
XGBoost,HR_N1000_HighBias_Thresh1.0_Seed300_BIASED_ALL.csv,HighBias,1.0,BIASED_ALL,1,6,4,1000,0.945,0.91,0.6,0.6522,0.625,0.3109,14.8889,0.75,0.3333,0.0224
XGBoost,HR_N1000_HighBias_Thresh1.0_Seed300_BIASED_FAIRNESS.csv,HighBias,1.0,BIASED_FAIRNESS,1,6,0,1000,0.945,0.91,0.6,0.6522,0.625,0.3109,14.8889,0.75,0.3333,0.0224
XGBoost,HR_N1000_HighBias_Thresh1.0_Seed300_FAIR_ALL.csv,HighBias,1.0,FAIR_ALL,1,6,4,1000,0.5919,0.895,0.9227,0.9676,0.9446,0.0035,1.0036,0.0018,0.9722,0.9688
XGBoost,HR_N1000_HighBias_Thresh1.0_Seed400_BIASED_ALL.csv,HighBias,1.0,BIASED_ALL,1,6,4,1000,0.9297,0.925,0.6087,0.7,0.6512,0.3299,23.9262,0.2222,0.3443,0.0144
XGBoost,HR_N1000_HighBias_Thresh1.0_Seed400_BIASED_FAIRNESS.csv,HighBias,1.0,BIASED_FAIRNESS,1,6,0,1000,0.9297,0.925,0.6087,0.7,0.6512,0.3299,23.9262,0.2222,0.3443,0.0144
XGBoost,HR_N1000_HighBias_Thresh1.0_Seed400_FAIR_ALL.csv,HighBias,1.0,FAIR_ALL,1,6,4,1000,0.6663,0.91,0.9421,0.9624,0.9521,0.0446,1.0476,0.0255,0.9821,0.9375
XGBoost,HR_N1000_HighBias_Thresh1.0_Seed500_BIASED_ALL.csv,HighBias,1.0,BIASED_ALL,1,6,4,1000,0.9569,0.93,0.6364,0.7,0.6667,0.1789,4.4505,0.125,0.2308,0.0519
XGBoost,HR_N1000_HighBias_Thresh1.0_Seed500_BIASED_FAIRNESS.csv,HighBias,1.0,BIASED_FAIRNESS,1,6,0,1000,0.9569,0.93,0.6364,0.7,0.6667,0.1789,4.4505,0.125,0.2308,0.0519
XGBoost,HR_N1000_HighBias_Thresh1.0_Seed500_FAIR_ALL.csv,HighBias,1.0,FAIR_ALL,1,6,4,1000,0.763,0.87,0.9043,0.9551,0.929,0.0726,0.9246,0.0386,0.8906,0.9632
XGBoost,HR_N1000_HighBias_Thresh1.0_Seed600_BIASED_ALL.csv,HighBias,1.0,BIASED_ALL,1,6,4,1000,0.9386,0.935,0.7778,0.6087,0.6829,0.2007,7.9754,0.4524,0.2295,0.0288
XGBoost,HR_N1000_HighBias_Thresh1.0_Seed600_BIASED_FAIRNESS.csv,HighBias,1.0,BIASED_FAIRNESS,1,6,0,1000,0.9386,0.935,0.7778,0.6087,0.6829,0.2007,7.9754,0.4524,0.2295,0.0288
XGBoost,HR_N1000_HighBias_Thresh1.0_Seed600_FAIR_ALL.csv,HighBias,1.0,FAIR_ALL,1,6,4,1000,0.444,0.89,0.9219,0.962,0.9415,0.0081,0.9915,0.0177,0.9545,0.9627
XGBoost,HR_N1000_HighBias_Thresh1.0_Seed700_BIASED_ALL.csv,HighBias,1.0,BIASED_ALL,1,6,4,1000,0.9414,0.92,0.6,0.6,0.6,0.2382,7.9091,0.1429,0.2727,0.0345
XGBoost,HR_N1000_HighBias_Thresh1.0_Seed700_BIASED_FAIRNESS.csv,HighBias,1.0,BIASED_FAIRNESS,1,6,0,1000,0.9414,0.92,0.6,0.6,0.6,0.2382,7.9091,0.1429,0.2727,0.0345
XGBoost,HR_N1000_HighBias_Thresh1.0_Seed700_FAIR_ALL.csv,HighBias,1.0,FAIR_ALL,1,6,4,1000,0.5928,0.89,0.9082,0.978,0.9418,0.0276,1.0284,0.0305,1.0,0.9724
XGBoost,HR_N1000_HighBias_Thresh1.0_Seed800_BIASED_ALL.csv,HighBias,1.0,BIASED_ALL,1,6,4,1000,0.9456,0.945,0.7619,0.7273,0.7442,0.2815,11.2045,0.4235,0.3091,0.0276
XGBoost,HR_N1000_HighBias_Thresh1.0_Seed800_BIASED_FAIRNESS.csv,HighBias,1.0,BIASED_FAIRNESS,1,6,0,1000,0.9456,0.945,0.7619,0.7273,0.7442,0.2815,11.2045,0.4235,0.3091,0.0276
XGBoost,HR_N1000_HighBias_Thresh1.0_Seed800_FAIR_ALL.csv,HighBias,1.0,FAIR_ALL,1,6,4,1000,0.5988,0.91,0.9192,0.9891,0.9529,0.0154,1.0156,0.0165,1.0,0.9846
XGBoost,HR_N1000_HighBias_Thresh1.0_Seed900_BIASED_ALL.csv,HighBias,1.0,BIASED_ALL,1,6,4,1000,0.9375,0.935,0.75,0.4737,0.5806,0.1528,8.5385,0.0385,0.1731,0.0203
XGBoost,HR_N1000_HighBias_Thresh1.0_Seed900_BIASED_FAIRNESS.csv,HighBias,1.0,BIASED_FAIRNESS,1,6,0,1000,0.9375,0.935,0.75,0.4737,0.5806,0.1528,8.5385,0.0385,0.1731,0.0203
XGBoost,HR_N1000_HighBias_Thresh1.0_Seed900_FAIR_ALL.csv,HighBias,1.0,FAIR_ALL,1,6,4,1000,0.5618,0.885,0.9171,0.962,0.939,0.0238,1.0248,0.0255,0.9821,0.9583
XGBoost,HR_N1000_HighBias_Thresh2.5_Seed1000_BIASED_ALL.csv,HighBias,2.5,BIASED_ALL,1,6,4,1000,0.8724,0.895,0.2857,0.2667,0.2759,0.2132,31.0678,0.3333,0.2203,0.0071
XGBoost,HR_N1000_HighBias_Thresh2.5_Seed1000_BIASED_FAIRNESS.csv,HighBias,2.5,BIASED_FAIRNESS,1,6,0,1000,0.8724,0.895,0.2857,0.2667,0.2759,0.2132,31.0678,0.3333,0.2203,0.0071
XGBoost,HR_N1000_HighBias_Thresh2.5_Seed1000_FAIR_ALL.csv,HighBias,2.5,FAIR_ALL,1,6,4,1000,0.6654,0.9,0.9133,0.9835,0.9471,0.0288,1.0296,0.0238,1.0,0.9712
XGBoost,HR_N1000_HighBias_Thresh2.5_Seed100_BIASED_ALL.csv,HighBias,2.5,BIASED_ALL,1,6,4,1000,0.8937,0.925,0.5,0.4,0.4444,0.1268,5.6923,0.1667,0.1538,0.027
XGBoost,HR_N1000_HighBias_Thresh2.5_Seed100_BIASED_FAIRNESS.csv,HighBias,2.5,BIASED_FAIRNESS,1,6,0,1000,0.8937,0.925,0.5,0.4,0.4444,0.1268,5.6923,0.1667,0.1538,0.027
XGBoost,HR_N1000_HighBias_Thresh2.5_Seed100_FAIR_ALL.csv,HighBias,2.5,FAIR_ALL,1,6,4,1000,0.5394,0.915,0.9192,0.9945,0.9554,0.0123,1.0124,0.0068,1.0,0.9877
XGBoost,HR_N1000_HighBias_Thresh2.5_Seed1100_BIASED_ALL.csv,HighBias,2.5,BIASED_ALL,1,6,4,1000,0.906,0.92,0.55,0.6111,0.5789,0.345,51.3704,0.3333,0.3519,0.0068
XGBoost,HR_N1000_HighBias_Thresh2.5_Seed1100_BIASED_FAIRNESS.csv,HighBias,2.5,BIASED_FAIRNESS,1,6,0,1000,0.906,0.92,0.55,0.6111,0.5789,0.345,51.3704,0.3333,0.3519,0.0068
XGBoost,HR_N1000_HighBias_Thresh2.5_Seed1100_FAIR_ALL.csv,HighBias,2.5,FAIR_ALL,1,6,4,1000,0.4368,0.88,0.9072,0.967,0.9362,0.0071,1.0074,0.01,0.9744,0.9672
XGBoost,HR_N1000_HighBias_Thresh2.5_Seed1200_BIASED_ALL.csv,HighBias,2.5,BIASED_ALL,1,6,4,1000,0.9218,0.94,0.7143,0.3333,0.4545,0.0849,12.4615,0.4167,0.0923,0.0074
XGBoost,HR_N1000_HighBias_Thresh2.5_Seed1200_BIASED_FAIRNESS.csv,HighBias,2.5,BIASED_FAIRNESS,1,6,0,1000,0.9218,0.94,0.7143,0.3333,0.4545,0.0849,12.4615,0.4167,0.0923,0.0074
XGBoost,HR_N1000_HighBias_Thresh2.5_Seed1200_FAIR_ALL.csv,HighBias,2.5,FAIR_ALL,1,6,4,1000,0.6157,0.845,0.9061,0.9213,0.9136,0.0325,1.0364,0.0027,0.9265,0.8939
XGBoost,HR_N1000_HighBias_Thresh2.5_Seed1300_BIASED_ALL.csv,HighBias,2.5,BIASED_ALL,1,6,4,1000,0.9677,0.96,0.7,0.875,0.7778,0.2381,9.3333,0.1091,0.2667,0.0286
XGBoost,HR_N1000_HighBias_Thresh2.5_Seed1300_BIASED_FAIRNESS.csv,HighBias,2.5,BIASED_FAIRNESS,1,6,0,1000,0.9677,0.96,0.7,0.875,0.7778,0.2381,9.3333,0.1091,0.2667,0.0286
XGBoost,HR_N1000_HighBias_Thresh2.5_Seed1300_FAIR_ALL.csv,HighBias,2.5,FAIR_ALL,1,6,4,1000,0.504,0.9,0.9091,0.989,0.9474,0.0154,1.0156,0.0172,1.0,0.9846
XGBoost,HR_N1000_HighBias_Thresh2.5_Seed1400_BIASED_ALL.csv,HighBias,2.5,BIASED_ALL,1,6,4,1000,0.8968,0.925,0.6364,0.3889,0.4828,0.1143,6.3729,0.3333,0.1356,0.0213
XGBoost,HR_N1000_HighBias_Thresh2.5_Seed1400_BIASED_FAIRNESS.csv,HighBias,2.5,BIASED_FAIRNESS,1,6,0,1000,0.8968,0.925,0.6364,0.3889,0.4828,0.1143,6.3729,0.3333,0.1356,0.0213
XGBoost,HR_N1000_HighBias_Thresh2.5_Seed1400_FAIR_ALL.csv,HighBias,2.5,FAIR_ALL,1,6,4,1000,0.5966,0.915,0.9239,0.9891,0.9554,0.0016,0.9983,0.0093,0.9839,0.9855
XGBoost,HR_N1000_HighBias_Thresh2.5_Seed1500_BIASED_ALL.csv,HighBias,2.5,BIASED_ALL,1,6,4,1000,0.8519,0.92,0.5,0.25,0.3333,0.0759,4.7436,0.4,0.0962,0.0203
XGBoost,HR_N1000_HighBias_Thresh2.5_Seed1500_BIASED_FAIRNESS.csv,HighBias,2.5,BIASED_FAIRNESS,1,6,0,1000,0.8519,0.92,0.5,0.25,0.3333,0.0759,4.7436,0.4,0.0962,0.0203
XGBoost,HR_N1000_HighBias_Thresh2.5_Seed1500_FAIR_ALL.csv,HighBias,2.5,FAIR_ALL,1,6,4,1000,0.5492,0.84,0.9022,0.9222,0.9121,0.0505,0.9458,0.0707,0.8824,0.9329
XGBoost,HR_N1000_HighBias_Thresh2.5_Seed1600_BIASED_ALL.csv,HighBias,2.5,BIASED_ALL,1,6,4,1000,0.9492,0.93,0.5294,0.6,0.5625,0.2881,inf,0.6429,0.2881,0.0
XGBoost,HR_N1000_HighBias_Thresh2.5_Seed1600_BIASED_FAIRNESS.csv,HighBias,2.5,BIASED_FAIRNESS,1,6,0,1000,0.9492,0.93,0.5294,0.6,0.5625,0.2881,inf,0.6429,0.2881,0.0
XGBoost,HR_N1000_HighBias_Thresh2.5_Seed1600_FAIR_ALL.csv,HighBias,2.5,FAIR_ALL,1,6,4,1000,0.707,0.9,0.9219,0.9725,0.9465,0.0308,1.0323,0.0121,0.9821,0.9514
XGBoost,HR_N1000_HighBias_Thresh2.5_Seed1700_BIASED_ALL.csv,HighBias,2.5,BIASED_ALL,1,6,4,1000,0.9558,0.945,0.6364,0.5,0.56,0.1894,29.2157,0.0,0.1961,0.0067
XGBoost,HR_N1000_HighBias_Thresh2.5_Seed1700_BIASED_FAIRNESS.csv,HighBias,2.5,BIASED_FAIRNESS,1,6,0,1000,0.9558,0.945,0.6364,0.5,0.56,0.1894,29.2157,0.0,0.1961,0.0067
XGBoost,HR_N1000_HighBias_Thresh2.5_Seed1700_FAIR_ALL.csv,HighBias,2.5,FAIR_ALL,1,6,4,1000,0.6342,0.905,0.9271,0.9727,0.9493,0.0567,1.0602,0.0394,1.0,0.9433
XGBoost,HR_N1000_HighBias_Thresh2.5_Seed1800_BIASED_ALL.csv,HighBias,2.5,BIASED_ALL,1,6,4,1000,0.9664,0.955,0.7333,0.6875,0.7097,0.179,12.903,0.25,0.194,0.015
XGBoost,HR_N1000_HighBias_Thresh2.5_Seed1800_BIASED_FAIRNESS.csv,HighBias,2.5,BIASED_FAIRNESS,1,6,0,1000,0.9664,0.955,0.7333,0.6875,0.7097,0.179,12.903,0.25,0.194,0.015
XGBoost,HR_N1000_HighBias_Thresh2.5_Seed1800_FAIR_ALL.csv,HighBias,2.5,FAIR_ALL,1,6,4,1000,0.7046,0.855,0.9043,0.9392,0.9214,0.0103,1.011,0.0023,0.9474,0.9371
XGBoost,HR_N1000_HighBias_Thresh2.5_Seed1900_BIASED_ALL.csv,HighBias,2.5,BIASED_ALL,1,6,4,1000,0.9232,0.965,0.8333,0.6667,0.7407,0.1472,19.9859,0.7143,0.1549,0.0078
XGBoost,HR_N1000_HighBias_Thresh2.5_Seed1900_BIASED_FAIRNESS.csv,HighBias,2.5,BIASED_FAIRNESS,1,6,0,1000,0.9232,0.965,0.8333,0.6667,0.7407,0.1472,19.9859,0.7143,0.1549,0.0078
XGBoost,HR_N1000_HighBias_Thresh2.5_Seed1900_FAIR_ALL.csv,HighBias,2.5,FAIR_ALL,1,6,4,1000,0.5098,0.865,0.9105,0.9454,0.9276,0.0224,0.9766,0.021,0.9344,0.9568
XGBoost,HR_N1000_HighBias_Thresh2.5_Seed2000_BIASED_ALL.csv,HighBias,2.5,BIASED_ALL,1,6,4,1000,0.9412,0.925,0.5833,0.4118,0.4828,0.1495,20.4286,0.5385,0.1571,0.0077
XGBoost,HR_N1000_HighBias_Thresh2.5_Seed2000_BIASED_FAIRNESS.csv,HighBias,2.5,BIASED_FAIRNESS,1,6,0,1000,0.9412,0.925,0.5833,0.4118,0.4828,0.1495,20.4286,0.5385,0.1571,0.0077
XGBoost,HR_N1000_HighBias_Thresh2.5_Seed2000_FAIR_ALL.csv,HighBias,2.5,FAIR_ALL,1,6,4,1000,0.6355,0.895,0.9219,0.9672,0.944,0.012,1.0126,0.0051,0.9683,0.9562
XGBoost,HR_N1000_HighBias_Thresh2.5_Seed200_BIASED_ALL.csv,HighBias,2.5,BIASED_ALL,1,6,4,1000,0.9325,0.915,0.5,0.5294,0.5143,0.3051,inf,0.6,0.3051,0.0
XGBoost,HR_N1000_HighBias_Thresh2.5_Seed200_BIASED_FAIRNESS.csv,HighBias,2.5,BIASED_FAIRNESS,1,6,0,1000,0.9325,0.915,0.5,0.5294,0.5143,0.3051,inf,0.6,0.3051,0.0
XGBoost,HR_N1000_HighBias_Thresh2.5_Seed200_FAIR_ALL.csv,HighBias,2.5,FAIR_ALL,1,6,4,1000,0.588,0.88,0.9067,0.9669,0.9358,0.044,0.955,0.0307,0.9344,0.9784
XGBoost,HR_N1000_HighBias_Thresh2.5_Seed300_BIASED_ALL.csv,HighBias,2.5,BIASED_ALL,1,6,4,1000,0.9042,0.915,0.5,0.4118,0.4516,0.1808,24.6812,0.2115,0.1884,0.0076
XGBoost,HR_N1000_HighBias_Thresh2.5_Seed300_BIASED_FAIRNESS.csv,HighBias,2.5,BIASED_FAIRNESS,1,6,0,1000,0.9042,0.915,0.5,0.4118,0.4516,0.1808,24.6812,0.2115,0.1884,0.0076
XGBoost,HR_N1000_HighBias_Thresh2.5_Seed300_FAIR_ALL.csv,HighBias,2.5,FAIR_ALL,1,6,4,1000,0.4809,0.87,0.9153,0.9454,0.9301,0.0642,1.0697,0.0618,0.9861,0.9219
XGBoost,HR_N1000_HighBias_Thresh2.5_Seed400_BIASED_ALL.csv,HighBias,2.5,BIASED_ALL,1,6,4,1000,0.9434,0.945,0.6667,0.5333,0.5926,0.1542,21.3529,0.0385,0.1618,0.0076
XGBoost,HR_N1000_HighBias_Thresh2.5_Seed400_BIASED_FAIRNESS.csv,HighBias,2.5,BIASED_FAIRNESS,1,6,0,1000,0.9434,0.945,0.6667,0.5333,0.5926,0.1542,21.3529,0.0385,0.1618,0.0076
XGBoost,HR_N1000_HighBias_Thresh2.5_Seed400_FAIR_ALL.csv,HighBias,2.5,FAIR_ALL,1,6,4,1000,0.5095,0.895,0.9179,0.9728,0.9446,0.0157,0.984,0.0167,0.9636,0.9793
XGBoost,HR_N1000_HighBias_Thresh2.5_Seed500_BIASED_ALL.csv,HighBias,2.5,BIASED_ALL,1,6,4,1000,0.9481,0.965,0.7857,0.7333,0.7586,0.1557,8.1613,0.0227,0.1774,0.0217
XGBoost,HR_N1000_HighBias_Thresh2.5_Seed500_BIASED_FAIRNESS.csv,HighBias,2.5,BIASED_FAIRNESS,1,6,0,1000,0.9481,0.965,0.7857,0.7333,0.7586,0.1557,8.1613,0.0227,0.1774,0.0217
XGBoost,HR_N1000_HighBias_Thresh2.5_Seed500_FAIR_ALL.csv,HighBias,2.5,FAIR_ALL,1,6,4,1000,0.755,0.865,0.8942,0.9602,0.926,0.0253,0.9735,0.0167,0.9286,0.9538
XGBoost,HR_N1000_HighBias_Thresh2.5_Seed600_BIASED_ALL.csv,HighBias,2.5,BIASED_ALL,1,6,4,1000,0.964,0.945,0.6923,0.5625,0.6207,0.1723,13.1441,0.4167,0.1864,0.0142
XGBoost,HR_N1000_HighBias_Thresh2.5_Seed600_BIASED_FAIRNESS.csv,HighBias,2.5,BIASED_FAIRNESS,1,6,0,1000,0.964,0.945,0.6923,0.5625,0.6207,0.1723,13.1441,0.4167,0.1864,0.0142
XGBoost,HR_N1000_HighBias_Thresh2.5_Seed600_FAIR_ALL.csv,HighBias,2.5,FAIR_ALL,1,6,4,1000,0.6855,0.905,0.9188,0.9837,0.9501,0.0281,0.9717,0.0325,0.9649,0.993
XGBoost,HR_N1000_HighBias_Thresh2.5_Seed700_BIASED_ALL.csv,HighBias,2.5,BIASED_ALL,1,6,4,1000,0.9052,0.94,0.6667,0.5,0.5714,0.1615,12.5439,0.0,0.1754,0.014
XGBoost,HR_N1000_HighBias_Thresh2.5_Seed700_BIASED_FAIRNESS.csv,HighBias,2.5,BIASED_FAIRNESS,1,6,0,1000,0.9052,0.94,0.6667,0.5,0.5714,0.1615,12.5439,0.0,0.1754,0.014
XGBoost,HR_N1000_HighBias_Thresh2.5_Seed700_FAIR_ALL.csv,HighBias,2.5,FAIR_ALL,1,6,4,1000,0.6809,0.905,0.9179,0.9835,0.9496,0.0083,1.0086,0.0221,0.9811,0.9728
XGBoost,HR_N1000_HighBias_Thresh2.5_Seed800_BIASED_ALL.csv,HighBias,2.5,BIASED_ALL,1,6,4,1000,0.9564,0.935,0.6,0.4,0.48,0.0794,3.8571,0.75,0.1071,0.0278
XGBoost,HR_N1000_HighBias_Thresh2.5_Seed800_BIASED_FAIRNESS.csv,HighBias,2.5,BIASED_FAIRNESS,1,6,0,1000,0.9564,0.935,0.6,0.4,0.48,0.0794,3.8571,0.75,0.1071,0.0278
XGBoost,HR_N1000_HighBias_Thresh2.5_Seed800_FAIR_ALL.csv,HighBias,2.5,FAIR_ALL,1,6,4,1000,0.5572,0.86,0.9096,0.9396,0.9243,0.0392,1.0422,0.0345,0.9672,0.9281
XGBoost,HR_N1000_HighBias_Thresh2.5_Seed900_BIASED_ALL.csv,HighBias,2.5,BIASED_ALL,1,6,4,1000,0.9548,0.945,0.5714,0.6154,0.5926,0.2132,31.0678,0.6154,0.2203,0.0071
XGBoost,HR_N1000_HighBias_Thresh2.5_Seed900_BIASED_FAIRNESS.csv,HighBias,2.5,BIASED_FAIRNESS,1,6,0,1000,0.9548,0.945,0.5714,0.6154,0.5926,0.2132,31.0678,0.6154,0.2203,0.0071
XGBoost,HR_N1000_HighBias_Thresh2.5_Seed900_FAIR_ALL.csv,HighBias,2.5,FAIR_ALL,1,6,4,1000,0.6667,0.88,0.9162,0.9563,0.9358,0.0419,0.9567,0.0574,0.9275,0.9695
XGBoost,HR_N1000_LowBias_Thresh1.0_Seed1000_BIASED_ALL.csv,LowBias,1.0,BIASED_ALL,1,6,4,1000,0.7471,0.74,0.8,0.8552,0.8267,0.0559,1.0739,0.001,0.8116,0.7557
XGBoost,HR_N1000_LowBias_Thresh1.0_Seed1000_BIASED_FAIRNESS.csv,LowBias,1.0,BIASED_FAIRNESS,1,6,0,1000,0.7471,0.74,0.8,0.8552,0.8267,0.0559,1.0739,0.001,0.8116,0.7557
XGBoost,HR_N1000_LowBias_Thresh1.0_Seed1000_FAIR_ALL.csv,LowBias,1.0,FAIR_ALL,1,6,4,1000,0.626,0.87,0.901,0.9611,0.9301,0.0389,1.0411,0.034,0.9855,0.9466
XGBoost,HR_N1000_LowBias_Thresh1.0_Seed100_BIASED_ALL.csv,LowBias,1.0,BIASED_ALL,1,6,4,1000,0.7058,0.69,0.7762,0.7872,0.7817,0.1498,1.2191,0.08,0.8333,0.6835
XGBoost,HR_N1000_LowBias_Thresh1.0_Seed100_BIASED_FAIRNESS.csv,LowBias,1.0,BIASED_FAIRNESS,1,6,0,1000,0.7058,0.69,0.7762,0.7872,0.7817,0.1498,1.2191,0.08,0.8333,0.6835
XGBoost,HR_N1000_LowBias_Thresh1.0_Seed100_FAIR_ALL.csv,LowBias,1.0,FAIR_ALL,1,6,4,1000,0.6053,0.9,0.9137,0.9836,0.9474,0.0082,0.9917,0.0066,0.9787,0.9869
XGBoost,HR_N1000_LowBias_Thresh1.0_Seed1100_BIASED_ALL.csv,LowBias,1.0,BIASED_ALL,1,6,4,1000,0.6864,0.69,0.7647,0.8182,0.7905,0.1332,1.1851,0.1169,0.8529,0.7197
XGBoost,HR_N1000_LowBias_Thresh1.0_Seed1100_BIASED_FAIRNESS.csv,LowBias,1.0,BIASED_FAIRNESS,1,6,0,1000,0.6864,0.69,0.7647,0.8182,0.7905,0.1332,1.1851,0.1169,0.8529,0.7197
XGBoost,HR_N1000_LowBias_Thresh1.0_Seed1100_FAIR_ALL.csv,LowBias,1.0,FAIR_ALL,1,6,4,1000,0.6326,0.895,0.9171,0.9725,0.944,0.0024,1.0025,0.0139,0.9667,0.9643
XGBoost,HR_N1000_LowBias_Thresh1.0_Seed1200_BIASED_ALL.csv,LowBias,1.0,BIASED_ALL,1,6,4,1000,0.7029,0.675,0.7755,0.7808,0.7782,0.0169,1.0232,0.0292,0.7463,0.7293
XGBoost,HR_N1000_LowBias_Thresh1.0_Seed1200_BIASED_FAIRNESS.csv,LowBias,1.0,BIASED_FAIRNESS,1,6,0,1000,0.7029,0.675,0.7755,0.7808,0.7782,0.0169,1.0232,0.0292,0.7463,0.7293
XGBoost,HR_N1000_LowBias_Thresh1.0_Seed1200_FAIR_ALL.csv,LowBias,1.0,FAIR_ALL,1,6,4,1000,0.6258,0.85,0.8848,0.9548,0.9185,0.0425,1.0452,0.04,0.9841,0.9416
XGBoost,HR_N1000_LowBias_Thresh1.0_Seed1300_BIASED_ALL.csv,LowBias,1.0,BIASED_ALL,1,6,4,1000,0.7256,0.735,0.8092,0.8367,0.8227,0.0642,1.0869,0.0285,0.803,0.7388
XGBoost,HR_N1000_LowBias_Thresh1.0_Seed1300_BIASED_FAIRNESS.csv,LowBias,1.0,BIASED_FAIRNESS,1,6,0,1000,0.7256,0.735,0.8092,0.8367,0.8227,0.0642,1.0869,0.0285,0.803,0.7388
XGBoost,HR_N1000_LowBias_Thresh1.0_Seed1300_FAIR_ALL.csv,LowBias,1.0,FAIR_ALL,1,6,4,1000,0.5374,0.885,0.9119,0.967,0.9387,0.0279,1.0292,0.0249,0.9841,0.9562
XGBoost,HR_N1000_LowBias_Thresh1.0_Seed1400_BIASED_ALL.csv,LowBias,1.0,BIASED_ALL,1,6,4,1000,0.6659,0.675,0.7568,0.7943,0.7751,0.1597,0.7965,0.1479,0.625,0.7847
XGBoost,HR_N1000_LowBias_Thresh1.0_Seed1400_BIASED_FAIRNESS.csv,LowBias,1.0,BIASED_FAIRNESS,1,6,0,1000,0.6659,0.675,0.7568,0.7943,0.7751,0.1597,0.7965,0.1479,0.625,0.7847
XGBoost,HR_N1000_LowBias_Thresh1.0_Seed1400_FAIR_ALL.csv,LowBias,1.0,FAIR_ALL,1,6,4,1000,0.5915,0.9,0.9227,0.9728,0.9471,0.0063,0.9935,0.014,0.9655,0.9718
XGBoost,HR_N1000_LowBias_Thresh1.0_Seed1500_BIASED_ALL.csv,LowBias,1.0,BIASED_ALL,1,6,4,1000,0.6867,0.675,0.7517,0.8,0.7751,0.121,1.1699,0.1249,0.8333,0.7123
XGBoost,HR_N1000_LowBias_Thresh1.0_Seed1500_BIASED_FAIRNESS.csv,LowBias,1.0,BIASED_FAIRNESS,1,6,0,1000,0.6867,0.675,0.7517,0.8,0.7751,0.121,1.1699,0.1249,0.8333,0.7123
XGBoost,HR_N1000_LowBias_Thresh1.0_Seed1500_FAIR_ALL.csv,LowBias,1.0,FAIR_ALL,1,6,4,1000,0.6457,0.86,0.9037,0.9441,0.9235,0.0585,0.9385,0.0568,0.8929,0.9514
XGBoost,HR_N1000_LowBias_Thresh1.0_Seed1600_BIASED_ALL.csv,LowBias,1.0,BIASED_ALL,1,6,4,1000,0.6526,0.635,0.7162,0.7737,0.7439,0.1831,1.2655,0.1784,0.8727,0.6897
XGBoost,HR_N1000_LowBias_Thresh1.0_Seed1600_BIASED_FAIRNESS.csv,LowBias,1.0,BIASED_FAIRNESS,1,6,0,1000,0.6526,0.635,0.7162,0.7737,0.7439,0.1831,1.2655,0.1784,0.8727,0.6897
XGBoost,HR_N1000_LowBias_Thresh1.0_Seed1600_FAIR_ALL.csv,LowBias,1.0,FAIR_ALL,1,6,4,1000,0.6743,0.9,0.9175,0.978,0.9468,0.0201,1.0209,0.007,0.9839,0.9638
XGBoost,HR_N1000_LowBias_Thresh1.0_Seed1700_BIASED_ALL.csv,LowBias,1.0,BIASED_ALL,1,6,4,1000,0.6633,0.7,0.7683,0.8514,0.8077,0.0228,0.9724,0.0076,0.8036,0.8264
XGBoost,HR_N1000_LowBias_Thresh1.0_Seed1700_BIASED_FAIRNESS.csv,LowBias,1.0,BIASED_FAIRNESS,1,6,0,1000,0.6633,0.7,0.7683,0.8514,0.8077,0.0228,0.9724,0.0076,0.8036,0.8264
XGBoost,HR_N1000_LowBias_Thresh1.0_Seed1700_FAIR_ALL.csv,LowBias,1.0,FAIR_ALL,1,6,4,1000,0.7469,0.885,0.9251,0.9505,0.9377,0.0371,1.0401,0.013,0.9623,0.9252
XGBoost,HR_N1000_LowBias_Thresh1.0_Seed1800_BIASED_ALL.csv,LowBias,1.0,BIASED_ALL,1,6,4,1000,0.6601,0.7,0.764,0.8483,0.8039,0.08,1.1026,0.1267,0.8594,0.7794
XGBoost,HR_N1000_LowBias_Thresh1.0_Seed1800_BIASED_FAIRNESS.csv,LowBias,1.0,BIASED_FAIRNESS,1,6,0,1000,0.6601,0.7,0.764,0.8483,0.8039,0.08,1.1026,0.1267,0.8594,0.7794
XGBoost,HR_N1000_LowBias_Thresh1.0_Seed1800_FAIR_ALL.csv,LowBias,1.0,FAIR_ALL,1,6,4,1000,0.6396,0.855,0.9037,0.9389,0.921,0.0099,1.0106,0.0176,0.9423,0.9324
XGBoost,HR_N1000_LowBias_Thresh1.0_Seed1900_BIASED_ALL.csv,LowBias,1.0,BIASED_ALL,1,6,4,1000,0.7492,0.72,0.7843,0.8392,0.8108,0.0978,1.1338,0.011,0.8286,0.7308
XGBoost,HR_N1000_LowBias_Thresh1.0_Seed1900_BIASED_FAIRNESS.csv,LowBias,1.0,BIASED_FAIRNESS,1,6,0,1000,0.7492,0.72,0.7843,0.8392,0.8108,0.0978,1.1338,0.011,0.8286,0.7308
XGBoost,HR_N1000_LowBias_Thresh1.0_Seed1900_FAIR_ALL.csv,LowBias,1.0,FAIR_ALL,1,6,4,1000,0.6233,0.9,0.9179,0.9781,0.9471,0.0105,0.9892,0.02,0.9677,0.9783
XGBoost,HR_N1000_LowBias_Thresh1.0_Seed2000_BIASED_ALL.csv,LowBias,1.0,BIASED_ALL,1,6,4,1000,0.6069,0.63,0.7388,0.7174,0.7279,0.3611,1.6097,0.336,0.9535,0.5924
XGBoost,HR_N1000_LowBias_Thresh1.0_Seed2000_BIASED_FAIRNESS.csv,LowBias,1.0,BIASED_FAIRNESS,1,6,0,1000,0.6069,0.63,0.7388,0.7174,0.7279,0.3611,1.6097,0.336,0.9535,0.5924
XGBoost,HR_N1000_LowBias_Thresh1.0_Seed2000_FAIR_ALL.csv,LowBias,1.0,FAIR_ALL,1,6,4,1000,0.7282,0.9,0.9175,0.978,0.9468,0.0071,0.9927,0.0248,0.9649,0.972
XGBoost,HR_N1000_LowBias_Thresh1.0_Seed200_BIASED_ALL.csv,LowBias,1.0,BIASED_ALL,1,6,4,1000,0.6954,0.685,0.7372,0.8394,0.785,0.0663,1.0873,0.0276,0.8254,0.7591
XGBoost,HR_N1000_LowBias_Thresh1.0_Seed200_BIASED_FAIRNESS.csv,LowBias,1.0,BIASED_FAIRNESS,1,6,0,1000,0.6954,0.685,0.7372,0.8394,0.785,0.0663,1.0873,0.0276,0.8254,0.7591
XGBoost,HR_N1000_LowBias_Thresh1.0_Seed200_FAIR_ALL.csv,LowBias,1.0,FAIR_ALL,1,6,4,1000,0.5278,0.89,0.9162,0.9669,0.9409,0.0083,0.9913,0.0084,0.9492,0.9574
XGBoost,HR_N1000_LowBias_Thresh1.0_Seed300_BIASED_ALL.csv,LowBias,1.0,BIASED_ALL,1,6,4,1000,0.7315,0.72,0.7785,0.8542,0.8146,0.1162,0.8597,0.0523,0.7121,0.8284
XGBoost,HR_N1000_LowBias_Thresh1.0_Seed300_BIASED_FAIRNESS.csv,LowBias,1.0,BIASED_FAIRNESS,1,6,0,1000,0.7315,0.72,0.7785,0.8542,0.8146,0.1162,0.8597,0.0523,0.7121,0.8284
XGBoost,HR_N1000_LowBias_Thresh1.0_Seed300_FAIR_ALL.csv,LowBias,1.0,FAIR_ALL,1,6,4,1000,0.6033,0.9,0.9179,0.9781,0.9471,0.0424,1.0442,0.037,1.0,0.9576
XGBoost,HR_N1000_LowBias_Thresh1.0_Seed400_BIASED_ALL.csv,LowBias,1.0,BIASED_ALL,1,6,4,1000,0.6799,0.69,0.7628,0.8264,0.7933,0.1187,1.1607,0.1,0.8571,0.7385
XGBoost,HR_N1000_LowBias_Thresh1.0_Seed400_BIASED_FAIRNESS.csv,LowBias,1.0,BIASED_FAIRNESS,1,6,0,1000,0.6799,0.69,0.7628,0.8264,0.7933,0.1187,1.1607,0.1,0.8571,0.7385
XGBoost,HR_N1000_LowBias_Thresh1.0_Seed400_FAIR_ALL.csv,LowBias,1.0,FAIR_ALL,1,6,4,1000,0.642,0.91,0.9192,0.9891,0.9529,0.0086,0.9914,0.0086,0.9841,0.9927
XGBoost,HR_N1000_LowBias_Thresh1.0_Seed500_BIASED_ALL.csv,LowBias,1.0,BIASED_ALL,1,6,4,1000,0.661,0.675,0.7452,0.8239,0.7826,0.1285,1.1726,0.1442,0.873,0.7445
XGBoost,HR_N1000_LowBias_Thresh1.0_Seed500_BIASED_FAIRNESS.csv,LowBias,1.0,BIASED_FAIRNESS,1,6,0,1000,0.661,0.675,0.7452,0.8239,0.7826,0.1285,1.1726,0.1442,0.873,0.7445
XGBoost,HR_N1000_LowBias_Thresh1.0_Seed500_FAIR_ALL.csv,LowBias,1.0,FAIR_ALL,1,6,4,1000,0.6831,0.85,0.893,0.9435,0.9176,0.0319,0.9663,0.0109,0.9143,0.9462
XGBoost,HR_N1000_LowBias_Thresh1.0_Seed600_BIASED_ALL.csv,LowBias,1.0,BIASED_ALL,1,6,4,1000,0.6322,0.685,0.7647,0.8125,0.7879,0.0978,1.1338,0.0527,0.8286,0.7308
XGBoost,HR_N1000_LowBias_Thresh1.0_Seed600_BIASED_FAIRNESS.csv,LowBias,1.0,BIASED_FAIRNESS,1,6,0,1000,0.6322,0.685,0.7647,0.8125,0.7879,0.0978,1.1338,0.0527,0.8286,0.7308
XGBoost,HR_N1000_LowBias_Thresh1.0_Seed600_FAIR_ALL.csv,LowBias,1.0,FAIR_ALL,1,6,4,1000,0.5222,0.885,0.9211,0.9563,0.9383,0.0219,1.0232,0.0334,0.9655,0.9437
XGBoost,HR_N1000_LowBias_Thresh1.0_Seed700_BIASED_ALL.csv,LowBias,1.0,BIASED_ALL,1,6,4,1000,0.6331,0.71,0.7725,0.8658,0.8165,0.0214,1.0259,0.065,0.85,0.8286
XGBoost,HR_N1000_LowBias_Thresh1.0_Seed700_BIASED_FAIRNESS.csv,LowBias,1.0,BIASED_FAIRNESS,1,6,0,1000,0.6331,0.71,0.7725,0.8658,0.8165,0.0214,1.0259,0.065,0.85,0.8286
XGBoost,HR_N1000_LowBias_Thresh1.0_Seed700_FAIR_ALL.csv,LowBias,1.0,FAIR_ALL,1,6,4,1000,0.7019,0.89,0.9119,0.9724,0.9412,0.044,0.955,0.0608,0.9344,0.9784
XGBoost,HR_N1000_LowBias_Thresh1.0_Seed800_BIASED_ALL.csv,LowBias,1.0,BIASED_ALL,1,6,4,1000,0.7646,0.725,0.7908,0.8403,0.8148,0.117,1.1601,0.0707,0.8475,0.7305
XGBoost,HR_N1000_LowBias_Thresh1.0_Seed800_BIASED_FAIRNESS.csv,LowBias,1.0,BIASED_FAIRNESS,1,6,0,1000,0.7646,0.725,0.7908,0.8403,0.8148,0.117,1.1601,0.0707,0.8475,0.7305
XGBoost,HR_N1000_LowBias_Thresh1.0_Seed800_FAIR_ALL.csv,LowBias,1.0,FAIR_ALL,1,6,4,1000,0.599,0.905,0.9184,0.9836,0.9499,0.0052,1.0053,0.0021,0.9836,0.9784
XGBoost,HR_N1000_LowBias_Thresh1.0_Seed900_BIASED_ALL.csv,LowBias,1.0,BIASED_ALL,1,6,4,1000,0.7522,0.735,0.8082,0.8252,0.8166,0.085,1.1201,0.0741,0.7925,0.7075
XGBoost,HR_N1000_LowBias_Thresh1.0_Seed900_BIASED_FAIRNESS.csv,LowBias,1.0,BIASED_FAIRNESS,1,6,0,1000,0.7522,0.735,0.8082,0.8252,0.8166,0.085,1.1201,0.0741,0.7925,0.7075
XGBoost,HR_N1000_LowBias_Thresh1.0_Seed900_FAIR_ALL.csv,LowBias,1.0,FAIR_ALL,1,6,4,1000,0.6273,0.875,0.9067,0.9615,0.9333,0.0214,0.9779,0.0243,0.95,0.9714
XGBoost,HR_N1000_LowBias_Thresh2.5_Seed1000_BIASED_ALL.csv,LowBias,2.5,BIASED_ALL,1,6,4,1000,0.7171,0.705,0.7597,0.8417,0.7986,0.016,0.9793,0.0344,0.7586,0.7746
XGBoost,HR_N1000_LowBias_Thresh2.5_Seed1000_BIASED_FAIRNESS.csv,LowBias,2.5,BIASED_FAIRNESS,1,6,0,1000,0.7171,0.705,0.7597,0.8417,0.7986,0.016,0.9793,0.0344,0.7586,0.7746
XGBoost,HR_N1000_LowBias_Thresh2.5_Seed1000_FAIR_ALL.csv,LowBias,2.5,FAIR_ALL,1,6,4,1000,0.6217,0.88,0.9101,0.9609,0.9348,0.0388,1.0416,0.0359,0.9706,0.9318
XGBoost,HR_N1000_LowBias_Thresh2.5_Seed100_BIASED_ALL.csv,LowBias,2.5,BIASED_ALL,1,6,4,1000,0.6762,0.665,0.7536,0.7591,0.7564,0.0089,1.013,0.0469,0.6964,0.6875
XGBoost,HR_N1000_LowBias_Thresh2.5_Seed100_BIASED_FAIRNESS.csv,LowBias,2.5,BIASED_FAIRNESS,1,6,0,1000,0.6762,0.665,0.7536,0.7591,0.7564,0.0089,1.013,0.0469,0.6964,0.6875
XGBoost,HR_N1000_LowBias_Thresh2.5_Seed100_FAIR_ALL.csv,LowBias,2.5,FAIR_ALL,1,6,4,1000,0.4935,0.88,0.9067,0.9669,0.9358,0.0219,1.0229,0.0441,0.9811,0.9592
XGBoost,HR_N1000_LowBias_Thresh2.5_Seed1100_BIASED_ALL.csv,LowBias,2.5,BIASED_ALL,1,6,4,1000,0.6304,0.68,0.7419,0.8273,0.7823,0.1509,1.2065,0.1153,0.8814,0.7305
XGBoost,HR_N1000_LowBias_Thresh2.5_Seed1100_BIASED_FAIRNESS.csv,LowBias,2.5,BIASED_FAIRNESS,1,6,0,1000,0.6304,0.68,0.7419,0.8273,0.7823,0.1509,1.2065,0.1153,0.8814,0.7305
XGBoost,HR_N1000_LowBias_Thresh2.5_Seed1100_FAIR_ALL.csv,LowBias,2.5,FAIR_ALL,1,6,4,1000,0.6522,0.86,0.9091,0.9392,0.9239,0.0395,1.0427,0.0534,0.9636,0.9241
XGBoost,HR_N1000_LowBias_Thresh2.5_Seed1200_BIASED_ALL.csv,LowBias,2.5,BIASED_ALL,1,6,4,1000,0.7078,0.675,0.7533,0.8014,0.7766,0.0593,0.9231,0.0464,0.7123,0.7717
XGBoost,HR_N1000_LowBias_Thresh2.5_Seed1200_BIASED_FAIRNESS.csv,LowBias,2.5,BIASED_FAIRNESS,1,6,0,1000,0.7078,0.675,0.7533,0.8014,0.7766,0.0593,0.9231,0.0464,0.7123,0.7717
XGBoost,HR_N1000_LowBias_Thresh2.5_Seed1200_FAIR_ALL.csv,LowBias,2.5,FAIR_ALL,1,6,4,1000,0.5464,0.85,0.8842,0.9545,0.918,0.0248,1.0263,0.0164,0.9672,0.9424
XGBoost,HR_N1000_LowBias_Thresh2.5_Seed1300_BIASED_ALL.csv,LowBias,2.5,BIASED_ALL,1,6,4,1000,0.6996,0.72,0.7933,0.8264,0.8095,0.0902,1.1246,0.1042,0.8136,0.7234
XGBoost,HR_N1000_LowBias_Thresh2.5_Seed1300_BIASED_FAIRNESS.csv,LowBias,2.5,BIASED_FAIRNESS,1,6,0,1000,0.6996,0.72,0.7933,0.8264,0.8095,0.0902,1.1246,0.1042,0.8136,0.7234
XGBoost,HR_N1000_LowBias_Thresh2.5_Seed1300_FAIR_ALL.csv,LowBias,2.5,FAIR_ALL,1,6,4,1000,0.5547,0.88,0.9021,0.9722,0.9358,0.0055,0.9943,0.0141,0.9661,0.9716
XGBoost,HR_N1000_LowBias_Thresh2.5_Seed1400_BIASED_ALL.csv,LowBias,2.5,BIASED_ALL,1,6,4,1000,0.6572,0.7,0.7407,0.8696,0.8,0.008,1.0099,0.0132,0.8154,0.8074
XGBoost,HR_N1000_LowBias_Thresh2.5_Seed1400_BIASED_FAIRNESS.csv,LowBias,2.5,BIASED_FAIRNESS,1,6,0,1000,0.6572,0.7,0.7407,0.8696,0.8,0.008,1.0099,0.0132,0.8154,0.8074
XGBoost,HR_N1000_LowBias_Thresh2.5_Seed1400_FAIR_ALL.csv,LowBias,2.5,FAIR_ALL,1,6,4,1000,0.5389,0.92,0.9239,0.9945,0.9579,0.0224,1.0229,0.0081,1.0,0.9776
XGBoost,HR_N1000_LowBias_Thresh2.5_Seed1500_BIASED_ALL.csv,LowBias,2.5,BIASED_ALL,1,6,4,1000,0.6253,0.61,0.7101,0.7206,0.7153,0.1219,0.8319,0.0091,0.6034,0.7254
XGBoost,HR_N1000_LowBias_Thresh2.5_Seed1500_BIASED_FAIRNESS.csv,LowBias,2.5,BIASED_FAIRNESS,1,6,0,1000,0.6253,0.61,0.7101,0.7206,0.7153,0.1219,0.8319,0.0091,0.6034,0.7254
XGBoost,HR_N1000_LowBias_Thresh2.5_Seed1500_FAIR_ALL.csv,LowBias,2.5,FAIR_ALL,1,6,4,1000,0.6559,0.88,0.8934,0.9832,0.9362,0.0302,0.9696,0.0331,0.963,0.9932
XGBoost,HR_N1000_LowBias_Thresh2.5_Seed1600_BIASED_ALL.csv,LowBias,2.5,BIASED_ALL,1,6,4,1000,0.6605,0.64,0.7113,0.7652,0.7372,0.1848,1.2811,0.1818,0.8421,0.6573
XGBoost,HR_N1000_LowBias_Thresh2.5_Seed1600_BIASED_FAIRNESS.csv,LowBias,2.5,BIASED_FAIRNESS,1,6,0,1000,0.6605,0.64,0.7113,0.7652,0.7372,0.1848,1.2811,0.1818,0.8421,0.6573
XGBoost,HR_N1000_LowBias_Thresh2.5_Seed1600_FAIR_ALL.csv,LowBias,2.5,FAIR_ALL,1,6,4,1000,0.6297,0.865,0.9053,0.9503,0.9272,0.0072,1.0076,0.0012,0.9556,0.9484
XGBoost,HR_N1000_LowBias_Thresh2.5_Seed1700_BIASED_ALL.csv,LowBias,2.5,BIASED_ALL,1,6,4,1000,0.6183,0.695,0.7578,0.8472,0.8,0.1083,1.1401,0.0772,0.8814,0.773
XGBoost,HR_N1000_LowBias_Thresh2.5_Seed1700_BIASED_FAIRNESS.csv,LowBias,2.5,BIASED_FAIRNESS,1,6,0,1000,0.6183,0.695,0.7578,0.8472,0.8,0.1083,1.1401,0.0772,0.8814,0.773
XGBoost,HR_N1000_LowBias_Thresh2.5_Seed1700_FAIR_ALL.csv,LowBias,2.5,FAIR_ALL,1,6,4,1000,0.6325,0.86,0.9043,0.9444,0.9239,0.0193,0.9796,0.0078,0.9259,0.9452
XGBoost,HR_N1000_LowBias_Thresh2.5_Seed1800_BIASED_ALL.csv,LowBias,2.5,BIASED_ALL,1,6,4,1000,0.6272,0.665,0.7389,0.8169,0.7759,0.1405,1.1891,0.1465,0.8833,0.7429
XGBoost,HR_N1000_LowBias_Thresh2.5_Seed1800_BIASED_FAIRNESS.csv,LowBias,2.5,BIASED_FAIRNESS,1,6,0,1000,0.6272,0.665,0.7389,0.8169,0.7759,0.1405,1.1891,0.1465,0.8833,0.7429
XGBoost,HR_N1000_LowBias_Thresh2.5_Seed1800_FAIR_ALL.csv,LowBias,2.5,FAIR_ALL,1,6,4,1000,0.6071,0.88,0.8974,0.9777,0.9358,0.0112,0.9885,0.021,0.9672,0.9784
XGBoost,HR_N1000_LowBias_Thresh2.5_Seed1900_BIASED_ALL.csv,LowBias,2.5,BIASED_ALL,1,6,4,1000,0.736,0.7,0.7655,0.8102,0.7872,0.2827,1.4378,0.228,0.9286,0.6458
XGBoost,HR_N1000_LowBias_Thresh2.5_Seed1900_BIASED_FAIRNESS.csv,LowBias,2.5,BIASED_FAIRNESS,1,6,0,1000,0.736,0.7,0.7655,0.8102,0.7872,0.2827,1.4378,0.228,0.9286,0.6458
XGBoost,HR_N1000_LowBias_Thresh2.5_Seed1900_FAIR_ALL.csv,LowBias,2.5,FAIR_ALL,1,6,4,1000,0.6451,0.88,0.9202,0.9505,0.9351,0.0349,0.9633,0.0398,0.9178,0.9528
XGBoost,HR_N1000_LowBias_Thresh2.5_Seed2000_BIASED_ALL.csv,LowBias,2.5,BIASED_ALL,1,6,4,1000,0.6452,0.655,0.7338,0.7612,0.7473,0.1567,1.2409,0.1129,0.807,0.6503
XGBoost,HR_N1000_LowBias_Thresh2.5_Seed2000_BIASED_FAIRNESS.csv,LowBias,2.5,BIASED_FAIRNESS,1,6,0,1000,0.6452,0.655,0.7338,0.7612,0.7473,0.1567,1.2409,0.1129,0.807,0.6503
XGBoost,HR_N1000_LowBias_Thresh2.5_Seed2000_FAIR_ALL.csv,LowBias,2.5,FAIR_ALL,1,6,4,1000,0.6279,0.885,0.9067,0.9722,0.9383,0.049,1.0515,0.0382,1.0,0.951
XGBoost,HR_N1000_LowBias_Thresh2.5_Seed200_BIASED_ALL.csv,LowBias,2.5,BIASED_ALL,1,6,4,1000,0.6798,0.695,0.7308,0.8571,0.7889,0.0387,0.9511,0.0969,0.7538,0.7926
XGBoost,HR_N1000_LowBias_Thresh2.5_Seed200_BIASED_FAIRNESS.csv,LowBias,2.5,BIASED_FAIRNESS,1,6,0,1000,0.6798,0.695,0.7308,0.8571,0.7889,0.0387,0.9511,0.0969,0.7538,0.7926
XGBoost,HR_N1000_LowBias_Thresh2.5_Seed200_FAIR_ALL.csv,LowBias,2.5,FAIR_ALL,1,6,4,1000,0.5903,0.885,0.9062,0.9721,0.938,0.0779,0.9205,0.0814,0.902,0.9799
XGBoost,HR_N1000_LowBias_Thresh2.5_Seed300_BIASED_ALL.csv,LowBias,2.5,BIASED_ALL,1,6,4,1000,0.6449,0.63,0.7241,0.7554,0.7394,0.089,1.1276,0.1799,0.7869,0.6978
XGBoost,HR_N1000_LowBias_Thresh2.5_Seed300_BIASED_FAIRNESS.csv,LowBias,2.5,BIASED_FAIRNESS,1,6,0,1000,0.6449,0.63,0.7241,0.7554,0.7394,0.089,1.1276,0.1799,0.7869,0.6978
XGBoost,HR_N1000_LowBias_Thresh2.5_Seed300_FAIR_ALL.csv,LowBias,2.5,FAIR_ALL,1,6,4,1000,0.5755,0.865,0.901,0.9558,0.9276,0.012,1.0126,0.0133,0.9683,0.9562
XGBoost,HR_N1000_LowBias_Thresh2.5_Seed400_BIASED_ALL.csv,LowBias,2.5,BIASED_ALL,1,6,4,1000,0.7267,0.76,0.8026,0.8714,0.8356,0.1053,1.1441,0.1184,0.8364,0.731
XGBoost,HR_N1000_LowBias_Thresh2.5_Seed400_BIASED_FAIRNESS.csv,LowBias,2.5,BIASED_FAIRNESS,1,6,0,1000,0.7267,0.76,0.8026,0.8714,0.8356,0.1053,1.1441,0.1184,0.8364,0.731
XGBoost,HR_N1000_LowBias_Thresh2.5_Seed400_FAIR_ALL.csv,LowBias,2.5,FAIR_ALL,1,6,4,1000,0.5239,0.885,0.9211,0.9563,0.9383,0.0266,1.0283,0.0373,0.9683,0.9416
XGBoost,HR_N1000_LowBias_Thresh2.5_Seed500_BIASED_ALL.csv,LowBias,2.5,BIASED_ALL,1,6,4,1000,0.6386,0.63,0.7086,0.781,0.7431,0.0728,1.0991,0.1149,0.807,0.7343
XGBoost,HR_N1000_LowBias_Thresh2.5_Seed500_BIASED_FAIRNESS.csv,LowBias,2.5,BIASED_FAIRNESS,1,6,0,1000,0.6386,0.63,0.7086,0.781,0.7431,0.0728,1.0991,0.1149,0.807,0.7343
XGBoost,HR_N1000_LowBias_Thresh2.5_Seed500_FAIR_ALL.csv,LowBias,2.5,FAIR_ALL,1,6,4,1000,0.7271,0.85,0.8919,0.9429,0.9167,0.0712,0.9249,0.0758,0.8769,0.9481
XGBoost,HR_N1000_LowBias_Thresh2.5_Seed600_BIASED_ALL.csv,LowBias,2.5,BIASED_ALL,1,6,4,1000,0.6427,0.65,0.7273,0.8,0.7619,0.0344,0.9559,0.1061,0.7458,0.7801
XGBoost,HR_N1000_LowBias_Thresh2.5_Seed600_BIASED_FAIRNESS.csv,LowBias,2.5,BIASED_FAIRNESS,1,6,0,1000,0.6427,0.65,0.7273,0.8,0.7619,0.0344,0.9559,0.1061,0.7458,0.7801
XGBoost,HR_N1000_LowBias_Thresh2.5_Seed600_FAIR_ALL.csv,LowBias,2.5,FAIR_ALL,1,6,4,1000,0.5891,0.88,0.911,0.9613,0.9355,0.0167,1.0175,0.0273,0.9667,0.95
XGBoost,HR_N1000_LowBias_Thresh2.5_Seed700_BIASED_ALL.csv,LowBias,2.5,BIASED_ALL,1,6,4,1000,0.6394,0.7,0.7576,0.8621,0.8065,0.0595,1.0737,0.085,0.8667,0.8071
XGBoost,HR_N1000_LowBias_Thresh2.5_Seed700_BIASED_FAIRNESS.csv,LowBias,2.5,BIASED_FAIRNESS,1,6,0,1000,0.6394,0.7,0.7576,0.8621,0.8065,0.0595,1.0737,0.085,0.8667,0.8071
XGBoost,HR_N1000_LowBias_Thresh2.5_Seed700_FAIR_ALL.csv,LowBias,2.5,FAIR_ALL,1,6,4,1000,0.6111,0.89,0.9031,0.9833,0.9415,0.003,1.003,0.0041,0.9821,0.9792
XGBoost,HR_N1000_LowBias_Thresh2.5_Seed800_BIASED_ALL.csv,LowBias,2.5,BIASED_ALL,1,6,4,1000,0.6784,0.69,0.7687,0.8014,0.7847,0.0525,1.0728,0.0329,0.7736,0.7211
XGBoost,HR_N1000_LowBias_Thresh2.5_Seed800_BIASED_FAIRNESS.csv,LowBias,2.5,BIASED_FAIRNESS,1,6,0,1000,0.6784,0.69,0.7687,0.8014,0.7847,0.0525,1.0728,0.0329,0.7736,0.7211
XGBoost,HR_N1000_LowBias_Thresh2.5_Seed800_FAIR_ALL.csv,LowBias,2.5,FAIR_ALL,1,6,4,1000,0.5545,0.88,0.9026,0.9724,0.9362,0.0129,1.0132,0.0136,0.9839,0.971
XGBoost,HR_N1000_LowBias_Thresh2.5_Seed900_BIASED_ALL.csv,LowBias,2.5,BIASED_ALL,1,6,4,1000,0.6556,0.67,0.7589,0.7698,0.7643,0.0998,1.1476,0.0708,0.7759,0.6761
XGBoost,HR_N1000_LowBias_Thresh2.5_Seed900_BIASED_FAIRNESS.csv,LowBias,2.5,BIASED_FAIRNESS,1,6,0,1000,0.6556,0.67,0.7589,0.7698,0.7643,0.0998,1.1476,0.0708,0.7759,0.6761
XGBoost,HR_N1000_LowBias_Thresh2.5_Seed900_FAIR_ALL.csv,LowBias,2.5,FAIR_ALL,1,6,4,1000,0.5067,0.845,0.8942,0.9389,0.916,0.0046,1.0049,0.0037,0.9483,0.9437
XGBoost,HR_N1000_MedBias_Thresh1.0_Seed1000_BIASED_ALL.csv,MedBias,1.0,BIASED_ALL,1,6,4,1000,0.8388,0.77,0.6986,0.68,0.6892,0.3625,2.3571,0.1606,0.6296,0.2671
XGBoost,HR_N1000_MedBias_Thresh1.0_Seed1000_BIASED_FAIRNESS.csv,MedBias,1.0,BIASED_FAIRNESS,1,6,0,1000,0.8388,0.77,0.6986,0.68,0.6892,0.3625,2.3571,0.1606,0.6296,0.2671
XGBoost,HR_N1000_MedBias_Thresh1.0_Seed1000_FAIR_ALL.csv,MedBias,1.0,FAIR_ALL,1,6,4,1000,0.7377,0.885,0.9115,0.9669,0.9383,0.0288,1.0302,0.0182,0.9811,0.9524
XGBoost,HR_N1000_MedBias_Thresh1.0_Seed100_BIASED_ALL.csv,MedBias,1.0,BIASED_ALL,1,6,4,1000,0.8102,0.755,0.6613,0.5942,0.626,0.3056,2.3898,0.2782,0.5254,0.2199
XGBoost,HR_N1000_MedBias_Thresh1.0_Seed100_BIASED_FAIRNESS.csv,MedBias,1.0,BIASED_FAIRNESS,1,6,0,1000,0.8102,0.755,0.6613,0.5942,0.626,0.3056,2.3898,0.2782,0.5254,0.2199
XGBoost,HR_N1000_MedBias_Thresh1.0_Seed100_FAIR_ALL.csv,MedBias,1.0,FAIR_ALL,1,6,4,1000,0.7639,0.905,0.9231,0.9783,0.9499,0.0141,0.9856,0.0029,0.9649,0.979
XGBoost,HR_N1000_MedBias_Thresh1.0_Seed1100_BIASED_ALL.csv,MedBias,1.0,BIASED_ALL,1,6,4,1000,0.8276,0.78,0.7581,0.6184,0.6812,0.1799,1.6951,0.1518,0.4386,0.2587
XGBoost,HR_N1000_MedBias_Thresh1.0_Seed1100_BIASED_FAIRNESS.csv,MedBias,1.0,BIASED_FAIRNESS,1,6,0,1000,0.8276,0.78,0.7581,0.6184,0.6812,0.1799,1.6951,0.1518,0.4386,0.2587
XGBoost,HR_N1000_MedBias_Thresh1.0_Seed1100_FAIR_ALL.csv,MedBias,1.0,FAIR_ALL,1,6,4,1000,0.5693,0.89,0.9167,0.967,0.9412,0.0288,1.0302,0.0186,0.9811,0.9524
XGBoost,HR_N1000_MedBias_Thresh1.0_Seed1200_BIASED_ALL.csv,MedBias,1.0,BIASED_ALL,1,6,4,1000,0.8579,0.785,0.7308,0.7215,0.7261,0.3118,2.1038,0.1226,0.5942,0.2824
XGBoost,HR_N1000_MedBias_Thresh1.0_Seed1200_BIASED_FAIRNESS.csv,MedBias,1.0,BIASED_FAIRNESS,1,6,0,1000,0.8579,0.785,0.7308,0.7215,0.7261,0.3118,2.1038,0.1226,0.5942,0.2824
XGBoost,HR_N1000_MedBias_Thresh1.0_Seed1200_FAIR_ALL.csv,MedBias,1.0,FAIR_ALL,1,6,4,1000,0.5979,0.84,0.8877,0.9379,0.9121,0.0717,1.0786,0.0638,0.9841,0.9124
XGBoost,HR_N1000_MedBias_Thresh1.0_Seed1300_BIASED_ALL.csv,MedBias,1.0,BIASED_ALL,1,6,4,1000,0.7153,0.73,0.6538,0.4857,0.5574,0.1853,1.8789,0.0089,0.3962,0.2109
XGBoost,HR_N1000_MedBias_Thresh1.0_Seed1300_BIASED_FAIRNESS.csv,MedBias,1.0,BIASED_FAIRNESS,1,6,0,1000,0.7153,0.73,0.6538,0.4857,0.5574,0.1853,1.8789,0.0089,0.3962,0.2109
XGBoost,HR_N1000_MedBias_Thresh1.0_Seed1300_FAIR_ALL.csv,MedBias,1.0,FAIR_ALL,1,6,4,1000,0.5959,0.875,0.9115,0.9563,0.9333,0.0593,1.063,0.0661,1.0,0.9407
XGBoost,HR_N1000_MedBias_Thresh1.0_Seed1400_BIASED_ALL.csv,MedBias,1.0,BIASED_ALL,1,6,4,1000,0.7807,0.71,0.6145,0.6623,0.6375,0.314,1.9693,0.0965,0.6379,0.3239
XGBoost,HR_N1000_MedBias_Thresh1.0_Seed1400_BIASED_FAIRNESS.csv,MedBias,1.0,BIASED_FAIRNESS,1,6,0,1000,0.7807,0.71,0.6145,0.6623,0.6375,0.314,1.9693,0.0965,0.6379,0.3239
XGBoost,HR_N1000_MedBias_Thresh1.0_Seed1400_FAIR_ALL.csv,MedBias,1.0,FAIR_ALL,1,6,4,1000,0.7033,0.895,0.9223,0.9674,0.9443,0.0024,1.0025,0.0045,0.9667,0.9643
XGBoost,HR_N1000_MedBias_Thresh1.0_Seed1500_BIASED_ALL.csv,MedBias,1.0,BIASED_ALL,1,6,4,1000,0.7994,0.76,0.7097,0.5946,0.6471,0.22,1.874,0.3285,0.4717,0.2517
XGBoost,HR_N1000_MedBias_Thresh1.0_Seed1500_BIASED_FAIRNESS.csv,MedBias,1.0,BIASED_FAIRNESS,1,6,0,1000,0.7994,0.76,0.7097,0.5946,0.6471,0.22,1.874,0.3285,0.4717,0.2517
XGBoost,HR_N1000_MedBias_Thresh1.0_Seed1500_FAIR_ALL.csv,MedBias,1.0,FAIR_ALL,1,6,4,1000,0.7111,0.875,0.9058,0.9611,0.9326,0.0033,1.0035,0.0124,0.9571,0.9538
XGBoost,HR_N1000_MedBias_Thresh1.0_Seed1600_BIASED_ALL.csv,MedBias,1.0,BIASED_ALL,1,6,4,1000,0.8013,0.79,0.7213,0.6377,0.6769,0.2564,2.0936,0.189,0.4909,0.2345
XGBoost,HR_N1000_MedBias_Thresh1.0_Seed1600_BIASED_FAIRNESS.csv,MedBias,1.0,BIASED_FAIRNESS,1,6,0,1000,0.8013,0.79,0.7213,0.6377,0.6769,0.2564,2.0936,0.189,0.4909,0.2345
XGBoost,HR_N1000_MedBias_Thresh1.0_Seed1600_FAIR_ALL.csv,MedBias,1.0,FAIR_ALL,1,6,4,1000,0.6651,0.89,0.9128,0.9727,0.9418,0.0078,1.008,0.0088,0.9808,0.973
XGBoost,HR_N1000_MedBias_Thresh1.0_Seed1700_BIASED_ALL.csv,MedBias,1.0,BIASED_ALL,1,6,4,1000,0.8223,0.755,0.7018,0.5556,0.6202,0.3651,3.059,0.1667,0.5424,0.1773
XGBoost,HR_N1000_MedBias_Thresh1.0_Seed1700_BIASED_FAIRNESS.csv,MedBias,1.0,BIASED_FAIRNESS,1,6,0,1000,0.8223,0.755,0.7018,0.5556,0.6202,0.3651,3.059,0.1667,0.5424,0.1773
XGBoost,HR_N1000_MedBias_Thresh1.0_Seed1700_FAIR_ALL.csv,MedBias,1.0,FAIR_ALL,1,6,4,1000,0.6062,0.865,0.9194,0.9344,0.9268,0.0228,1.0247,0.011,0.9464,0.9236
XGBoost,HR_N1000_MedBias_Thresh1.0_Seed1800_BIASED_ALL.csv,MedBias,1.0,BIASED_ALL,1,6,4,1000,0.8313,0.795,0.6957,0.7059,0.7007,0.2992,2.2149,0.1848,0.5455,0.2463
XGBoost,HR_N1000_MedBias_Thresh1.0_Seed1800_BIASED_FAIRNESS.csv,MedBias,1.0,BIASED_FAIRNESS,1,6,0,1000,0.8313,0.795,0.6957,0.7059,0.7007,0.2992,2.2149,0.1848,0.5455,0.2463
XGBoost,HR_N1000_MedBias_Thresh1.0_Seed1800_FAIR_ALL.csv,MedBias,1.0,FAIR_ALL,1,6,4,1000,0.6412,0.88,0.9026,0.9724,0.9362,0.0089,1.0091,0.0105,0.9815,0.9726
XGBoost,HR_N1000_MedBias_Thresh1.0_Seed1900_BIASED_ALL.csv,MedBias,1.0,BIASED_ALL,1,6,4,1000,0.7384,0.75,0.6852,0.5286,0.5968,0.1424,1.6508,0.0857,0.3611,0.2188
XGBoost,HR_N1000_MedBias_Thresh1.0_Seed1900_BIASED_FAIRNESS.csv,MedBias,1.0,BIASED_FAIRNESS,1,6,0,1000,0.7384,0.75,0.6852,0.5286,0.5968,0.1424,1.6508,0.0857,0.3611,0.2188
XGBoost,HR_N1000_MedBias_Thresh1.0_Seed1900_FAIR_ALL.csv,MedBias,1.0,FAIR_ALL,1,6,4,1000,0.6577,0.885,0.9255,0.9508,0.938,0.0065,0.9931,0.0077,0.9355,0.942
XGBoost,HR_N1000_MedBias_Thresh1.0_Seed2000_BIASED_ALL.csv,MedBias,1.0,BIASED_ALL,1,6,4,1000,0.8371,0.755,0.7101,0.6282,0.6667,0.26,1.9286,0.1005,0.54,0.28
XGBoost,HR_N1000_MedBias_Thresh1.0_Seed2000_BIASED_FAIRNESS.csv,MedBias,1.0,BIASED_FAIRNESS,1,6,0,1000,0.8371,0.755,0.7101,0.6282,0.6667,0.26,1.9286,0.1005,0.54,0.28
XGBoost,HR_N1000_MedBias_Thresh1.0_Seed2000_FAIR_ALL.csv,MedBias,1.0,FAIR_ALL,1,6,4,1000,0.7322,0.9,0.9358,0.9563,0.9459,0.0067,1.0071,0.0023,0.94,0.9333
XGBoost,HR_N1000_MedBias_Thresh1.0_Seed200_BIASED_ALL.csv,MedBias,1.0,BIASED_ALL,1,6,4,1000,0.7828,0.7,0.5634,0.5797,0.5714,0.3855,2.6503,0.0748,0.619,0.2336
XGBoost,HR_N1000_MedBias_Thresh1.0_Seed200_BIASED_FAIRNESS.csv,MedBias,1.0,BIASED_FAIRNESS,1,6,0,1000,0.7828,0.7,0.5634,0.5797,0.5714,0.3855,2.6503,0.0748,0.619,0.2336
XGBoost,HR_N1000_MedBias_Thresh1.0_Seed200_FAIR_ALL.csv,MedBias,1.0,FAIR_ALL,1,6,4,1000,0.5427,0.895,0.9215,0.967,0.9437,0.0244,1.0258,0.0255,0.971,0.9466
XGBoost,HR_N1000_MedBias_Thresh1.0_Seed300_BIASED_ALL.csv,MedBias,1.0,BIASED_ALL,1,6,4,1000,0.8216,0.765,0.7162,0.6709,0.6928,0.4111,2.6808,0.2279,0.6557,0.2446
XGBoost,HR_N1000_MedBias_Thresh1.0_Seed300_BIASED_FAIRNESS.csv,MedBias,1.0,BIASED_FAIRNESS,1,6,0,1000,0.8216,0.765,0.7162,0.6709,0.6928,0.4111,2.6808,0.2279,0.6557,0.2446
XGBoost,HR_N1000_MedBias_Thresh1.0_Seed300_FAIR_ALL.csv,MedBias,1.0,FAIR_ALL,1,6,4,1000,0.6546,0.905,0.9231,0.9783,0.9499,0.0495,0.9502,0.0378,0.9429,0.9923
XGBoost,HR_N1000_MedBias_Thresh1.0_Seed400_BIASED_ALL.csv,MedBias,1.0,BIASED_ALL,1,6,4,1000,0.8012,0.775,0.6615,0.6515,0.6565,0.1482,1.5189,0.0038,0.434,0.2857
XGBoost,HR_N1000_MedBias_Thresh1.0_Seed400_BIASED_FAIRNESS.csv,MedBias,1.0,BIASED_FAIRNESS,1,6,0,1000,0.8012,0.775,0.6615,0.6515,0.6565,0.1482,1.5189,0.0038,0.434,0.2857
XGBoost,HR_N1000_MedBias_Thresh1.0_Seed400_FAIR_ALL.csv,MedBias,1.0,FAIR_ALL,1,6,4,1000,0.4947,0.875,0.9162,0.9511,0.9333,0.0119,0.9876,0.008,0.9464,0.9583
XGBoost,HR_N1000_MedBias_Thresh1.0_Seed500_BIASED_ALL.csv,MedBias,1.0,BIASED_ALL,1,6,4,1000,0.7696,0.745,0.6316,0.5455,0.5854,0.1814,1.7806,0.1692,0.4138,0.2324
XGBoost,HR_N1000_MedBias_Thresh1.0_Seed500_BIASED_FAIRNESS.csv,MedBias,1.0,BIASED_FAIRNESS,1,6,0,1000,0.7696,0.745,0.6316,0.5455,0.5854,0.1814,1.7806,0.1692,0.4138,0.2324
XGBoost,HR_N1000_MedBias_Thresh1.0_Seed500_FAIR_ALL.csv,MedBias,1.0,FAIR_ALL,1,6,4,1000,0.7576,0.86,0.8984,0.9492,0.9231,0.0145,0.9846,0.0491,0.9254,0.9398
XGBoost,HR_N1000_MedBias_Thresh1.0_Seed600_BIASED_ALL.csv,MedBias,1.0,BIASED_ALL,1,6,4,1000,0.8451,0.79,0.7258,0.6429,0.6818,0.3455,2.7028,0.1117,0.5484,0.2029
XGBoost,HR_N1000_MedBias_Thresh1.0_Seed600_BIASED_FAIRNESS.csv,MedBias,1.0,BIASED_FAIRNESS,1,6,0,1000,0.8451,0.79,0.7258,0.6429,0.6818,0.3455,2.7028,0.1117,0.5484,0.2029
XGBoost,HR_N1000_MedBias_Thresh1.0_Seed600_FAIR_ALL.csv,MedBias,1.0,FAIR_ALL,1,6,4,1000,0.599,0.895,0.9223,0.9674,0.9443,0.025,1.0261,0.0448,0.9828,0.9577
XGBoost,HR_N1000_MedBias_Thresh1.0_Seed700_BIASED_ALL.csv,MedBias,1.0,BIASED_ALL,1,6,4,1000,0.8068,0.725,0.6515,0.5733,0.6099,0.288,2.1685,0.1126,0.5345,0.2465
XGBoost,HR_N1000_MedBias_Thresh1.0_Seed700_BIASED_FAIRNESS.csv,MedBias,1.0,BIASED_FAIRNESS,1,6,0,1000,0.8068,0.725,0.6515,0.5733,0.6099,0.288,2.1685,0.1126,0.5345,0.2465
XGBoost,HR_N1000_MedBias_Thresh1.0_Seed700_FAIR_ALL.csv,MedBias,1.0,FAIR_ALL,1,6,4,1000,0.5883,0.88,0.9067,0.9669,0.9358,0.05,1.0526,0.048,1.0,0.95
XGBoost,HR_N1000_MedBias_Thresh1.0_Seed800_BIASED_ALL.csv,MedBias,1.0,BIASED_ALL,1,6,4,1000,0.8309,0.785,0.7143,0.6429,0.6767,0.1925,1.7344,0.0,0.4545,0.2621
XGBoost,HR_N1000_MedBias_Thresh1.0_Seed800_BIASED_FAIRNESS.csv,MedBias,1.0,BIASED_FAIRNESS,1,6,0,1000,0.8309,0.785,0.7143,0.6429,0.6767,0.1925,1.7344,0.0,0.4545,0.2621
XGBoost,HR_N1000_MedBias_Thresh1.0_Seed800_FAIR_ALL.csv,MedBias,1.0,FAIR_ALL,1,6,4,1000,0.5783,0.88,0.9119,0.9617,0.9362,0.0268,1.028,0.0308,0.9836,0.9568
XGBoost,HR_N1000_MedBias_Thresh1.0_Seed900_BIASED_ALL.csv,MedBias,1.0,BIASED_ALL,1,6,4,1000,0.8548,0.785,0.7143,0.597,0.6504,0.276,2.3898,0.1732,0.4746,0.1986
XGBoost,HR_N1000_MedBias_Thresh1.0_Seed900_BIASED_FAIRNESS.csv,MedBias,1.0,BIASED_FAIRNESS,1,6,0,1000,0.8548,0.785,0.7143,0.597,0.6504,0.276,2.3898,0.1732,0.4746,0.1986
XGBoost,HR_N1000_MedBias_Thresh1.0_Seed900_FAIR_ALL.csv,MedBias,1.0,FAIR_ALL,1,6,4,1000,0.5963,0.9,0.9179,0.9781,0.9471,0.0105,0.9892,0.02,0.9677,0.9783
XGBoost,HR_N1000_MedBias_Thresh2.5_Seed1000_BIASED_ALL.csv,MedBias,2.5,BIASED_ALL,1,6,4,1000,0.7835,0.695,0.5362,0.5606,0.5481,0.3094,2.2657,0.2463,0.5538,0.2444
XGBoost,HR_N1000_MedBias_Thresh2.5_Seed1000_BIASED_FAIRNESS.csv,MedBias,2.5,BIASED_FAIRNESS,1,6,0,1000,0.7835,0.695,0.5362,0.5606,0.5481,0.3094,2.2657,0.2463,0.5538,0.2444
XGBoost,HR_N1000_MedBias_Thresh2.5_Seed1000_FAIR_ALL.csv,MedBias,2.5,FAIR_ALL,1,6,4,1000,0.7078,0.87,0.9096,0.95,0.9293,0.0402,1.0433,0.0229,0.9677,0.9275
XGBoost,HR_N1000_MedBias_Thresh2.5_Seed100_BIASED_ALL.csv,MedBias,2.5,BIASED_ALL,1,6,4,1000,0.7652,0.73,0.537,0.5,0.5179,0.1974,1.9068,0.1758,0.4151,0.2177
XGBoost,HR_N1000_MedBias_Thresh2.5_Seed100_BIASED_FAIRNESS.csv,MedBias,2.5,BIASED_FAIRNESS,1,6,0,1000,0.7652,0.73,0.537,0.5,0.5179,0.1974,1.9068,0.1758,0.4151,0.2177
XGBoost,HR_N1000_MedBias_Thresh2.5_Seed100_FAIR_ALL.csv,MedBias,2.5,FAIR_ALL,1,6,4,1000,0.51,0.895,0.9133,0.9781,0.9446,0.0011,0.9989,0.0005,0.9792,0.9803
XGBoost,HR_N1000_MedBias_Thresh2.5_Seed1100_BIASED_ALL.csv,MedBias,2.5,BIASED_ALL,1,6,4,1000,0.7636,0.72,0.5821,0.5821,0.5821,0.1784,1.636,0.1532,0.459,0.2806
XGBoost,HR_N1000_MedBias_Thresh2.5_Seed1100_BIASED_FAIRNESS.csv,MedBias,2.5,BIASED_FAIRNESS,1,6,0,1000,0.7636,0.72,0.5821,0.5821,0.5821,0.1784,1.636,0.1532,0.459,0.2806
XGBoost,HR_N1000_MedBias_Thresh2.5_Seed1100_FAIR_ALL.csv,MedBias,2.5,FAIR_ALL,1,6,4,1000,0.5627,0.9,0.9045,0.9945,0.9474,0.0152,0.9848,0.0161,0.9848,1.0
XGBoost,HR_N1000_MedBias_Thresh2.5_Seed1200_BIASED_ALL.csv,MedBias,2.5,BIASED_ALL,1,6,4,1000,0.8367,0.77,0.6935,0.6143,0.6515,0.4054,3.4709,0.292,0.5694,0.1641
XGBoost,HR_N1000_MedBias_Thresh2.5_Seed1200_BIASED_FAIRNESS.csv,MedBias,2.5,BIASED_FAIRNESS,1,6,0,1000,0.8367,0.77,0.6935,0.6143,0.6515,0.4054,3.4709,0.292,0.5694,0.1641
XGBoost,HR_N1000_MedBias_Thresh2.5_Seed1200_FAIR_ALL.csv,MedBias,2.5,FAIR_ALL,1,6,4,1000,0.6568,0.82,0.8846,0.9148,0.8994,0.0522,1.0585,0.0376,0.9437,0.8915
XGBoost,HR_N1000_MedBias_Thresh2.5_Seed1300_BIASED_ALL.csv,MedBias,2.5,BIASED_ALL,1,6,4,1000,0.7333,0.71,0.5217,0.4,0.4528,0.2977,3.3114,0.1205,0.4265,0.1288
XGBoost,HR_N1000_MedBias_Thresh2.5_Seed1300_BIASED_FAIRNESS.csv,MedBias,2.5,BIASED_FAIRNESS,1,6,0,1000,0.7333,0.71,0.5217,0.4,0.4528,0.2977,3.3114,0.1205,0.4265,0.1288
XGBoost,HR_N1000_MedBias_Thresh2.5_Seed1300_FAIR_ALL.csv,MedBias,2.5,FAIR_ALL,1,6,4,1000,0.5851,0.875,0.9105,0.9558,0.9326,0.0134,0.986,0.0271,0.9412,0.9545
XGBoost,HR_N1000_MedBias_Thresh2.5_Seed1400_BIASED_ALL.csv,MedBias,2.5,BIASED_ALL,1,6,4,1000,0.775,0.75,0.6667,0.4848,0.5614,0.3087,3.0726,0.1818,0.4576,0.1489
XGBoost,HR_N1000_MedBias_Thresh2.5_Seed1400_BIASED_FAIRNESS.csv,MedBias,2.5,BIASED_FAIRNESS,1,6,0,1000,0.775,0.75,0.6667,0.4848,0.5614,0.3087,3.0726,0.1818,0.4576,0.1489
XGBoost,HR_N1000_MedBias_Thresh2.5_Seed1400_FAIR_ALL.csv,MedBias,2.5,FAIR_ALL,1,6,4,1000,0.5694,0.905,0.9184,0.9836,0.9499,0.0068,1.007,0.0017,0.9846,0.9778
XGBoost,HR_N1000_MedBias_Thresh2.5_Seed1500_BIASED_ALL.csv,MedBias,2.5,BIASED_ALL,1,6,4,1000,0.7945,0.745,0.6444,0.4531,0.5321,0.1738,1.9758,0.1097,0.3519,0.1781
XGBoost,HR_N1000_MedBias_Thresh2.5_Seed1500_BIASED_FAIRNESS.csv,MedBias,2.5,BIASED_FAIRNESS,1,6,0,1000,0.7945,0.745,0.6444,0.4531,0.5321,0.1738,1.9758,0.1097,0.3519,0.1781
XGBoost,HR_N1000_MedBias_Thresh2.5_Seed1500_FAIR_ALL.csv,MedBias,2.5,FAIR_ALL,1,6,4,1000,0.7604,0.86,0.9126,0.933,0.9227,0.054,0.9421,0.0284,0.8788,0.9328
XGBoost,HR_N1000_MedBias_Thresh2.5_Seed1600_BIASED_ALL.csv,MedBias,2.5,BIASED_ALL,1,6,4,1000,0.7875,0.79,0.6667,0.5517,0.6038,0.3815,3.7852,0.27,0.5185,0.137
XGBoost,HR_N1000_MedBias_Thresh2.5_Seed1600_BIASED_FAIRNESS.csv,MedBias,2.5,BIASED_FAIRNESS,1,6,0,1000,0.7875,0.79,0.6667,0.5517,0.6038,0.3815,3.7852,0.27,0.5185,0.137
XGBoost,HR_N1000_MedBias_Thresh2.5_Seed1600_FAIR_ALL.csv,MedBias,2.5,FAIR_ALL,1,6,4,1000,0.7142,0.89,0.9162,0.9669,0.9409,0.0398,1.0422,0.0215,0.9831,0.9433
XGBoost,HR_N1000_MedBias_Thresh2.5_Seed1700_BIASED_ALL.csv,MedBias,2.5,BIASED_ALL,1,6,4,1000,0.7457,0.74,0.5789,0.541,0.5593,0.3486,2.9901,0.1767,0.5238,0.1752
XGBoost,HR_N1000_MedBias_Thresh2.5_Seed1700_BIASED_FAIRNESS.csv,MedBias,2.5,BIASED_FAIRNESS,1,6,0,1000,0.7457,0.74,0.5789,0.541,0.5593,0.3486,2.9901,0.1767,0.5238,0.1752
XGBoost,HR_N1000_MedBias_Thresh2.5_Seed1700_FAIR_ALL.csv,MedBias,2.5,FAIR_ALL,1,6,4,1000,0.6195,0.875,0.9194,0.9448,0.9319,0.0724,1.0796,0.0505,0.9821,0.9097
XGBoost,HR_N1000_MedBias_Thresh2.5_Seed1800_BIASED_ALL.csv,MedBias,2.5,BIASED_ALL,1,6,4,1000,0.7423,0.74,0.56,0.4828,0.5185,0.2793,2.6523,0.2429,0.4483,0.169
XGBoost,HR_N1000_MedBias_Thresh2.5_Seed1800_BIASED_FAIRNESS.csv,MedBias,2.5,BIASED_FAIRNESS,1,6,0,1000,0.7423,0.74,0.56,0.4828,0.5185,0.2793,2.6523,0.2429,0.4483,0.169
XGBoost,HR_N1000_MedBias_Thresh2.5_Seed1800_FAIR_ALL.csv,MedBias,2.5,FAIR_ALL,1,6,4,1000,0.6528,0.875,0.8929,0.9777,0.9333,0.0258,0.9739,0.0318,0.9608,0.9866
XGBoost,HR_N1000_MedBias_Thresh2.5_Seed1900_BIASED_ALL.csv,MedBias,2.5,BIASED_ALL,1,6,4,1000,0.7342,0.735,0.5641,0.3793,0.4536,0.2004,2.4429,0.1643,0.3393,0.1389
XGBoost,HR_N1000_MedBias_Thresh2.5_Seed1900_BIASED_FAIRNESS.csv,MedBias,2.5,BIASED_FAIRNESS,1,6,0,1000,0.7342,0.735,0.5641,0.3793,0.4536,0.2004,2.4429,0.1643,0.3393,0.1389
XGBoost,HR_N1000_MedBias_Thresh2.5_Seed1900_FAIR_ALL.csv,MedBias,2.5,FAIR_ALL,1,6,4,1000,0.5598,0.865,0.901,0.9558,0.9276,0.0422,0.9566,0.0459,0.9298,0.972
XGBoost,HR_N1000_MedBias_Thresh2.5_Seed2000_BIASED_ALL.csv,MedBias,2.5,BIASED_ALL,1,6,4,1000,0.7116,0.67,0.5082,0.4627,0.4844,0.3675,2.7543,0.4936,0.5769,0.2095
XGBoost,HR_N1000_MedBias_Thresh2.5_Seed2000_BIASED_FAIRNESS.csv,MedBias,2.5,BIASED_FAIRNESS,1,6,0,1000,0.7116,0.67,0.5082,0.4627,0.4844,0.3675,2.7543,0.4936,0.5769,0.2095
XGBoost,HR_N1000_MedBias_Thresh2.5_Seed2000_FAIR_ALL.csv,MedBias,2.5,FAIR_ALL,1,6,4,1000,0.7081,0.895,0.9124,0.9779,0.944,0.0151,1.0157,0.0023,0.9811,0.966
XGBoost,HR_N1000_MedBias_Thresh2.5_Seed200_BIASED_ALL.csv,MedBias,2.5,BIASED_ALL,1,6,4,1000,0.7672,0.745,0.6078,0.5,0.5487,0.3489,3.5588,0.164,0.4853,0.1364
XGBoost,HR_N1000_MedBias_Thresh2.5_Seed200_BIASED_FAIRNESS.csv,MedBias,2.5,BIASED_FAIRNESS,1,6,0,1000,0.7672,0.745,0.6078,0.5,0.5487,0.3489,3.5588,0.164,0.4853,0.1364
XGBoost,HR_N1000_MedBias_Thresh2.5_Seed200_FAIR_ALL.csv,MedBias,2.5,FAIR_ALL,1,6,4,1000,0.6186,0.875,0.9101,0.9556,0.9322,0.0084,1.0089,0.0172,0.9508,0.9424
XGBoost,HR_N1000_MedBias_Thresh2.5_Seed300_BIASED_ALL.csv,MedBias,2.5,BIASED_ALL,1,6,4,1000,0.7716,0.73,0.6379,0.5286,0.5781,0.3134,2.68,0.3118,0.5,0.1866
XGBoost,HR_N1000_MedBias_Thresh2.5_Seed300_BIASED_FAIRNESS.csv,MedBias,2.5,BIASED_FAIRNESS,1,6,0,1000,0.7716,0.73,0.6379,0.5286,0.5781,0.3134,2.68,0.3118,0.5,0.1866
XGBoost,HR_N1000_MedBias_Thresh2.5_Seed300_FAIR_ALL.csv,MedBias,2.5,FAIR_ALL,1,6,4,1000,0.5183,0.87,0.9062,0.956,0.9305,0.0294,1.0309,0.0338,0.9815,0.9521
XGBoost,HR_N1000_MedBias_Thresh2.5_Seed400_BIASED_ALL.csv,MedBias,2.5,BIASED_ALL,1,6,4,1000,0.6925,0.71,0.4902,0.4386,0.463,0.2616,2.504,0.1601,0.4355,0.1739
XGBoost,HR_N1000_MedBias_Thresh2.5_Seed400_BIASED_FAIRNESS.csv,MedBias,2.5,BIASED_FAIRNESS,1,6,0,1000,0.6925,0.71,0.4902,0.4386,0.463,0.2616,2.504,0.1601,0.4355,0.1739
XGBoost,HR_N1000_MedBias_Thresh2.5_Seed400_FAIR_ALL.csv,MedBias,2.5,FAIR_ALL,1,6,4,1000,0.631,0.86,0.9101,0.9399,0.9247,0.0595,1.0643,0.0665,0.9848,0.9254
XGBoost,HR_N1000_MedBias_Thresh2.5_Seed500_BIASED_ALL.csv,MedBias,2.5,BIASED_ALL,1,6,4,1000,0.7932,0.8,0.7111,0.5424,0.6154,0.1136,1.5932,0.0184,0.3051,0.1915
XGBoost,HR_N1000_MedBias_Thresh2.5_Seed500_BIASED_FAIRNESS.csv,MedBias,2.5,BIASED_FAIRNESS,1,6,0,1000,0.7932,0.8,0.7111,0.5424,0.6154,0.1136,1.5932,0.0184,0.3051,0.1915
XGBoost,HR_N1000_MedBias_Thresh2.5_Seed500_FAIR_ALL.csv,MedBias,2.5,FAIR_ALL,1,6,4,1000,0.6946,0.845,0.8871,0.9429,0.9141,0.0408,0.9567,0.03,0.9016,0.9424
XGBoost,HR_N1000_MedBias_Thresh2.5_Seed600_BIASED_ALL.csv,MedBias,2.5,BIASED_ALL,1,6,4,1000,0.7641,0.715,0.5246,0.5333,0.5289,0.216,1.9643,0.125,0.44,0.224
XGBoost,HR_N1000_MedBias_Thresh2.5_Seed600_BIASED_FAIRNESS.csv,MedBias,2.5,BIASED_FAIRNESS,1,6,0,1000,0.7641,0.715,0.5246,0.5333,0.5289,0.216,1.9643,0.125,0.44,0.224
XGBoost,HR_N1000_MedBias_Thresh2.5_Seed600_FAIR_ALL.csv,MedBias,2.5,FAIR_ALL,1,6,4,1000,0.632,0.875,0.911,0.956,0.933,0.0219,1.0231,0.0129,0.9697,0.9478
XGBoost,HR_N1000_MedBias_Thresh2.5_Seed700_BIASED_ALL.csv,MedBias,2.5,BIASED_ALL,1,6,4,1000,0.7832,0.76,0.6324,0.6515,0.6418,0.2518,1.9851,0.15,0.5075,0.2556
XGBoost,HR_N1000_MedBias_Thresh2.5_Seed700_BIASED_FAIRNESS.csv,MedBias,2.5,BIASED_FAIRNESS,1,6,0,1000,0.7832,0.76,0.6324,0.6515,0.6418,0.2518,1.9851,0.15,0.5075,0.2556
XGBoost,HR_N1000_MedBias_Thresh2.5_Seed700_FAIR_ALL.csv,MedBias,2.5,FAIR_ALL,1,6,4,1000,0.5555,0.875,0.9021,0.9669,0.9333,0.0048,0.9951,0.0065,0.9667,0.9714
XGBoost,HR_N1000_MedBias_Thresh2.5_Seed800_BIASED_ALL.csv,MedBias,2.5,BIASED_ALL,1,6,4,1000,0.7552,0.745,0.6383,0.4688,0.5405,0.3841,3.8423,0.4632,0.5192,0.1351
XGBoost,HR_N1000_MedBias_Thresh2.5_Seed800_BIASED_FAIRNESS.csv,MedBias,2.5,BIASED_FAIRNESS,1,6,0,1000,0.7552,0.745,0.6383,0.4688,0.5405,0.3841,3.8423,0.4632,0.5192,0.1351
XGBoost,HR_N1000_MedBias_Thresh2.5_Seed800_FAIR_ALL.csv,MedBias,2.5,FAIR_ALL,1,6,4,1000,0.5853,0.88,0.9115,0.9615,0.9358,0.0953,0.9034,0.087,0.8909,0.9862
XGBoost,HR_N1000_MedBias_Thresh2.5_Seed900_BIASED_ALL.csv,MedBias,2.5,BIASED_ALL,1,6,4,1000,0.8532,0.845,0.7778,0.625,0.6931,0.31,3.1698,0.2692,0.4528,0.1429
XGBoost,HR_N1000_MedBias_Thresh2.5_Seed900_BIASED_FAIRNESS.csv,MedBias,2.5,BIASED_FAIRNESS,1,6,0,1000,0.8532,0.845,0.7778,0.625,0.6931,0.31,3.1698,0.2692,0.4528,0.1429
XGBoost,HR_N1000_MedBias_Thresh2.5_Seed900_FAIR_ALL.csv,MedBias,2.5,FAIR_ALL,1,6,4,1000,0.5464,0.885,0.9077,0.9725,0.939,0.0078,1.008,0.0084,0.9808,0.973
XGBoost,HR_N1000_PolicyDom_Thresh1.0_Seed1000_BIASED_ALL.csv,PolicyDom,1.0,BIASED_ALL,1,6,4,1000,0.9872,0.985,1.0,0.25,0.4,0.0164,inf,1.0,0.0164,0.0
XGBoost,HR_N1000_PolicyDom_Thresh1.0_Seed1000_BIASED_FAIRNESS.csv,PolicyDom,1.0,BIASED_FAIRNESS,1,6,0,1000,0.9872,0.985,1.0,0.25,0.4,0.0164,inf,1.0,0.0164,0.0
XGBoost,HR_N1000_PolicyDom_Thresh1.0_Seed1000_FAIR_ALL.csv,PolicyDom,1.0,FAIR_ALL,1,6,4,1000,0.626,0.87,0.901,0.9611,0.9301,0.0389,1.0411,0.034,0.9855,0.9466
XGBoost,HR_N1000_PolicyDom_Thresh1.0_Seed100_BIASED_ALL.csv,PolicyDom,1.0,BIASED_ALL,1,6,4,1000,0.9974,0.99,0.75,1.0,0.8571,0.0857,7.0,0.0,0.1,0.0143
XGBoost,HR_N1000_PolicyDom_Thresh1.0_Seed100_BIASED_FAIRNESS.csv,PolicyDom,1.0,BIASED_FAIRNESS,1,6,0,1000,0.9974,0.99,0.75,1.0,0.8571,0.0857,7.0,0.0,0.1,0.0143
XGBoost,HR_N1000_PolicyDom_Thresh1.0_Seed100_FAIR_ALL.csv,PolicyDom,1.0,FAIR_ALL,1,6,4,1000,0.6053,0.9,0.9137,0.9836,0.9474,0.0082,0.9917,0.0066,0.9787,0.9869
XGBoost,HR_N1000_PolicyDom_Thresh1.0_Seed1100_BIASED_ALL.csv,PolicyDom,1.0,BIASED_ALL,1,6,4,1000,0.9802,0.98,0.6667,0.6667,0.6667,0.0968,inf,0.8,0.0968,0.0
XGBoost,HR_N1000_PolicyDom_Thresh1.0_Seed1100_BIASED_FAIRNESS.csv,PolicyDom,1.0,BIASED_FAIRNESS,1,6,0,1000,0.9802,0.98,0.6667,0.6667,0.6667,0.0968,inf,0.8,0.0968,0.0
XGBoost,HR_N1000_PolicyDom_Thresh1.0_Seed1100_FAIR_ALL.csv,PolicyDom,1.0,FAIR_ALL,1,6,4,1000,0.6326,0.895,0.9171,0.9725,0.944,0.0024,1.0025,0.0139,0.9667,0.9643
XGBoost,HR_N1000_PolicyDom_Thresh1.0_Seed1200_BIASED_ALL.csv,PolicyDom,1.0,BIASED_ALL,1,6,4,1000,0.9959,0.99,0.8,0.8,0.8,0.0573,8.9032,0.25,0.0645,0.0072
XGBoost,HR_N1000_PolicyDom_Thresh1.0_Seed1200_BIASED_FAIRNESS.csv,PolicyDom,1.0,BIASED_FAIRNESS,1,6,0,1000,0.9959,0.99,0.8,0.8,0.8,0.0573,8.9032,0.25,0.0645,0.0072
XGBoost,HR_N1000_PolicyDom_Thresh1.0_Seed1200_FAIR_ALL.csv,PolicyDom,1.0,FAIR_ALL,1,6,4,1000,0.6258,0.85,0.8848,0.9548,0.9185,0.0425,1.0452,0.04,0.9841,0.9416
XGBoost,HR_N1000_PolicyDom_Thresh1.0_Seed1300_BIASED_ALL.csv,PolicyDom,1.0,BIASED_ALL,1,6,4,1000,0.9872,0.98,0.5,0.5,0.5,0.0345,5.4507,0.6667,0.0423,0.0078
XGBoost,HR_N1000_PolicyDom_Thresh1.0_Seed1300_BIASED_FAIRNESS.csv,PolicyDom,1.0,BIASED_FAIRNESS,1,6,0,1000,0.9872,0.98,0.5,0.5,0.5,0.0345,5.4507,0.6667,0.0423,0.0078
XGBoost,HR_N1000_PolicyDom_Thresh1.0_Seed1300_FAIR_ALL.csv,PolicyDom,1.0,FAIR_ALL,1,6,4,1000,0.5374,0.885,0.9119,0.967,0.9387,0.0279,1.0292,0.0249,0.9841,0.9562
XGBoost,HR_N1000_PolicyDom_Thresh1.0_Seed1400_BIASED_ALL.csv,PolicyDom,1.0,BIASED_ALL,1,6,4,1000,0.991,0.985,0.6667,1.0,0.8,0.0564,2.9873,0.0,0.0847,0.0284
XGBoost,HR_N1000_PolicyDom_Thresh1.0_Seed1400_BIASED_FAIRNESS.csv,PolicyDom,1.0,BIASED_FAIRNESS,1,6,0,1000,0.991,0.985,0.6667,1.0,0.8,0.0564,2.9873,0.0,0.0847,0.0284
XGBoost,HR_N1000_PolicyDom_Thresh1.0_Seed1400_FAIR_ALL.csv,PolicyDom,1.0,FAIR_ALL,1,6,4,1000,0.5915,0.9,0.9227,0.9728,0.9471,0.0063,0.9935,0.014,0.9655,0.9718
XGBoost,HR_N1000_PolicyDom_Thresh1.0_Seed1500_BIASED_ALL.csv,PolicyDom,1.0,BIASED_ALL,1,6,4,1000,0.8737,0.985,0.6667,0.5,0.5714,0.0268,4.7797,0.6667,0.0339,0.0071
XGBoost,HR_N1000_PolicyDom_Thresh1.0_Seed1500_BIASED_FAIRNESS.csv,PolicyDom,1.0,BIASED_FAIRNESS,1,6,0,1000,0.8737,0.985,0.6667,0.5,0.5714,0.0268,4.7797,0.6667,0.0339,0.0071
XGBoost,HR_N1000_PolicyDom_Thresh1.0_Seed1500_FAIR_ALL.csv,PolicyDom,1.0,FAIR_ALL,1,6,4,1000,0.6457,0.86,0.9037,0.9441,0.9235,0.0585,0.9385,0.0568,0.8929,0.9514
XGBoost,HR_N1000_PolicyDom_Thresh1.0_Seed1600_BIASED_ALL.csv,PolicyDom,1.0,BIASED_ALL,1,6,4,1000,1.0,1.0,1.0,1.0,1.0,0.0184,2.2787,0.0,0.0328,0.0144
XGBoost,HR_N1000_PolicyDom_Thresh1.0_Seed1600_BIASED_FAIRNESS.csv,PolicyDom,1.0,BIASED_FAIRNESS,1,6,0,1000,1.0,1.0,1.0,1.0,1.0,0.0184,2.2787,0.0,0.0328,0.0144
XGBoost,HR_N1000_PolicyDom_Thresh1.0_Seed1600_FAIR_ALL.csv,PolicyDom,1.0,FAIR_ALL,1,6,4,1000,0.6743,0.9,0.9175,0.978,0.9468,0.0201,1.0209,0.007,0.9839,0.9638
XGBoost,HR_N1000_PolicyDom_Thresh1.0_Seed1700_BIASED_ALL.csv,PolicyDom,1.0,BIASED_ALL,1,6,4,1000,0.9459,0.975,0.25,0.3333,0.2857,0.0005,0.9739,0.5,0.0196,0.0201
XGBoost,HR_N1000_PolicyDom_Thresh1.0_Seed1700_BIASED_FAIRNESS.csv,PolicyDom,1.0,BIASED_FAIRNESS,1,6,0,1000,0.9459,0.975,0.25,0.3333,0.2857,0.0005,0.9739,0.5,0.0196,0.0201
XGBoost,HR_N1000_PolicyDom_Thresh1.0_Seed1700_FAIR_ALL.csv,PolicyDom,1.0,FAIR_ALL,1,6,4,1000,0.7469,0.885,0.9251,0.9505,0.9377,0.0371,1.0401,0.013,0.9623,0.9252
XGBoost,HR_N1000_PolicyDom_Thresh1.0_Seed1800_BIASED_ALL.csv,PolicyDom,1.0,BIASED_ALL,1,6,4,1000,0.9475,0.98,0.0,0.0,0.0,0.007,0.0,0.0,0.0,0.007
XGBoost,HR_N1000_PolicyDom_Thresh1.0_Seed1800_BIASED_FAIRNESS.csv,PolicyDom,1.0,BIASED_FAIRNESS,1,6,0,1000,0.9475,0.98,0.0,0.0,0.0,0.007,0.0,0.0,0.0,0.007
XGBoost,HR_N1000_PolicyDom_Thresh1.0_Seed1800_FAIR_ALL.csv,PolicyDom,1.0,FAIR_ALL,1,6,4,1000,0.6396,0.855,0.9037,0.9389,0.921,0.0099,1.0106,0.0176,0.9423,0.9324
XGBoost,HR_N1000_PolicyDom_Thresh1.0_Seed1900_BIASED_ALL.csv,PolicyDom,1.0,BIASED_ALL,1,6,4,1000,0.9887,0.985,0.6667,0.8,0.7273,0.0524,4.6667,0.5,0.0667,0.0143
XGBoost,HR_N1000_PolicyDom_Thresh1.0_Seed1900_BIASED_FAIRNESS.csv,PolicyDom,1.0,BIASED_FAIRNESS,1,6,0,1000,0.9887,0.985,0.6667,0.8,0.7273,0.0524,4.6667,0.5,0.0667,0.0143
XGBoost,HR_N1000_PolicyDom_Thresh1.0_Seed1900_FAIR_ALL.csv,PolicyDom,1.0,FAIR_ALL,1,6,4,1000,0.6233,0.9,0.9179,0.9781,0.9471,0.0105,0.9892,0.02,0.9677,0.9783
XGBoost,HR_N1000_PolicyDom_Thresh1.0_Seed2000_BIASED_ALL.csv,PolicyDom,1.0,BIASED_ALL,1,6,4,1000,0.9528,0.99,1.0,0.6,0.75,0.037,6.6957,0.1667,0.0435,0.0065
XGBoost,HR_N1000_PolicyDom_Thresh1.0_Seed2000_BIASED_FAIRNESS.csv,PolicyDom,1.0,BIASED_FAIRNESS,1,6,0,1000,0.9528,0.99,1.0,0.6,0.75,0.037,6.6957,0.1667,0.0435,0.0065
XGBoost,HR_N1000_PolicyDom_Thresh1.0_Seed2000_FAIR_ALL.csv,PolicyDom,1.0,FAIR_ALL,1,6,4,1000,0.7282,0.9,0.9175,0.978,0.9468,0.0071,0.9927,0.0248,0.9649,0.972
XGBoost,HR_N1000_PolicyDom_Thresh1.0_Seed200_BIASED_ALL.csv,PolicyDom,1.0,BIASED_ALL,1,6,4,1000,0.8782,0.99,1.0,0.3333,0.5,0.0167,inf,1.0,0.0167,0.0
XGBoost,HR_N1000_PolicyDom_Thresh1.0_Seed200_BIASED_FAIRNESS.csv,PolicyDom,1.0,BIASED_FAIRNESS,1,6,0,1000,0.8782,0.99,1.0,0.3333,0.5,0.0167,inf,1.0,0.0167,0.0
XGBoost,HR_N1000_PolicyDom_Thresh1.0_Seed200_FAIR_ALL.csv,PolicyDom,1.0,FAIR_ALL,1,6,4,1000,0.5278,0.89,0.9162,0.9669,0.9409,0.0083,0.9913,0.0084,0.9492,0.9574
XGBoost,HR_N1000_PolicyDom_Thresh1.0_Seed300_BIASED_ALL.csv,PolicyDom,1.0,BIASED_ALL,1,6,4,1000,0.9911,0.99,0.75,0.75,0.75,0.0233,2.7037,0.5,0.037,0.0137
XGBoost,HR_N1000_PolicyDom_Thresh1.0_Seed300_BIASED_FAIRNESS.csv,PolicyDom,1.0,BIASED_FAIRNESS,1,6,0,1000,0.9911,0.99,0.75,0.75,0.75,0.0233,2.7037,0.5,0.037,0.0137
XGBoost,HR_N1000_PolicyDom_Thresh1.0_Seed300_FAIR_ALL.csv,PolicyDom,1.0,FAIR_ALL,1,6,4,1000,0.6033,0.9,0.9179,0.9781,0.9471,0.0424,1.0442,0.037,1.0,0.9576
XGBoost,HR_N1000_PolicyDom_Thresh1.0_Seed400_BIASED_ALL.csv,PolicyDom,1.0,BIASED_ALL,1,6,4,1000,0.9821,0.97,0.375,0.75,0.5,0.0226,1.6642,0.5,0.0566,0.034
XGBoost,HR_N1000_PolicyDom_Thresh1.0_Seed400_BIASED_FAIRNESS.csv,PolicyDom,1.0,BIASED_FAIRNESS,1,6,0,1000,0.9821,0.97,0.375,0.75,0.5,0.0226,1.6642,0.5,0.0566,0.034
XGBoost,HR_N1000_PolicyDom_Thresh1.0_Seed400_FAIR_ALL.csv,PolicyDom,1.0,FAIR_ALL,1,6,4,1000,0.642,0.91,0.9192,0.9891,0.9529,0.0086,0.9914,0.0086,0.9841,0.9927
XGBoost,HR_N1000_PolicyDom_Thresh1.0_Seed500_BIASED_ALL.csv,PolicyDom,1.0,BIASED_ALL,1,6,4,1000,0.9908,0.99,0.8,0.8,0.8,0.0595,9.3333,1.0,0.0667,0.0071
XGBoost,HR_N1000_PolicyDom_Thresh1.0_Seed500_BIASED_FAIRNESS.csv,PolicyDom,1.0,BIASED_FAIRNESS,1,6,0,1000,0.9908,0.99,0.8,0.8,0.8,0.0595,9.3333,1.0,0.0667,0.0071
XGBoost,HR_N1000_PolicyDom_Thresh1.0_Seed500_FAIR_ALL.csv,PolicyDom,1.0,FAIR_ALL,1,6,4,1000,0.6831,0.85,0.893,0.9435,0.9176,0.0319,0.9663,0.0109,0.9143,0.9462
XGBoost,HR_N1000_PolicyDom_Thresh1.0_Seed600_BIASED_ALL.csv,PolicyDom,1.0,BIASED_ALL,1,6,4,1000,0.9854,0.985,1.0,0.5,0.6667,0.0028,1.1949,0.0,0.0169,0.0142
XGBoost,HR_N1000_PolicyDom_Thresh1.0_Seed600_BIASED_FAIRNESS.csv,PolicyDom,1.0,BIASED_FAIRNESS,1,6,0,1000,0.9854,0.985,1.0,0.5,0.6667,0.0028,1.1949,0.0,0.0169,0.0142
XGBoost,HR_N1000_PolicyDom_Thresh1.0_Seed600_FAIR_ALL.csv,PolicyDom,1.0,FAIR_ALL,1,6,4,1000,0.5222,0.885,0.9211,0.9563,0.9383,0.0219,1.0232,0.0334,0.9655,0.9437
XGBoost,HR_N1000_PolicyDom_Thresh1.0_Seed700_BIASED_ALL.csv,PolicyDom,1.0,BIASED_ALL,1,6,4,1000,0.9682,0.98,0.8,0.5714,0.6667,0.0725,inf,0.8,0.0725,0.0
XGBoost,HR_N1000_PolicyDom_Thresh1.0_Seed700_BIASED_FAIRNESS.csv,PolicyDom,1.0,BIASED_FAIRNESS,1,6,0,1000,0.9682,0.98,0.8,0.5714,0.6667,0.0725,inf,0.8,0.0725,0.0
XGBoost,HR_N1000_PolicyDom_Thresh1.0_Seed700_FAIR_ALL.csv,PolicyDom,1.0,FAIR_ALL,1,6,4,1000,0.7019,0.89,0.9119,0.9724,0.9412,0.044,0.955,0.0608,0.9344,0.9784
XGBoost,HR_N1000_PolicyDom_Thresh1.0_Seed800_BIASED_ALL.csv,PolicyDom,1.0,BIASED_ALL,1,6,4,1000,0.9885,0.975,0.4,0.5,0.4444,0.033,3.2619,0.5,0.0476,0.0146
XGBoost,HR_N1000_PolicyDom_Thresh1.0_Seed800_BIASED_FAIRNESS.csv,PolicyDom,1.0,BIASED_FAIRNESS,1,6,0,1000,0.9885,0.975,0.4,0.5,0.4444,0.033,3.2619,0.5,0.0476,0.0146
XGBoost,HR_N1000_PolicyDom_Thresh1.0_Seed800_FAIR_ALL.csv,PolicyDom,1.0,FAIR_ALL,1,6,4,1000,0.599,0.905,0.9184,0.9836,0.9499,0.0052,1.0053,0.0021,0.9836,0.9784
XGBoost,HR_N1000_PolicyDom_Thresh1.0_Seed900_BIASED_ALL.csv,PolicyDom,1.0,BIASED_ALL,1,6,4,1000,0.9116,0.99,0.5,0.5,0.5,0.0392,inf,0.5,0.0392,0.0
XGBoost,HR_N1000_PolicyDom_Thresh1.0_Seed900_BIASED_FAIRNESS.csv,PolicyDom,1.0,BIASED_FAIRNESS,1,6,0,1000,0.9116,0.99,0.5,0.5,0.5,0.0392,inf,0.5,0.0392,0.0
XGBoost,HR_N1000_PolicyDom_Thresh1.0_Seed900_FAIR_ALL.csv,PolicyDom,1.0,FAIR_ALL,1,6,4,1000,0.6273,0.875,0.9067,0.9615,0.9333,0.0214,0.9779,0.0243,0.95,0.9714
XGBoost,HR_N1000_PolicyDom_Thresh2.5_Seed1000_BIASED_ALL.csv,PolicyDom,2.5,BIASED_ALL,1,6,4,1000,1.0,0.995,0.0,0.0,0.0,0.0,inf,0.0,0.0,0.0
XGBoost,HR_N1000_PolicyDom_Thresh2.5_Seed1000_BIASED_FAIRNESS.csv,PolicyDom,2.5,BIASED_FAIRNESS,1,6,0,1000,1.0,0.995,0.0,0.0,0.0,0.0,inf,0.0,0.0,0.0
XGBoost,HR_N1000_PolicyDom_Thresh2.5_Seed1000_FAIR_ALL.csv,PolicyDom,2.5,FAIR_ALL,1,6,4,1000,0.6217,0.88,0.9101,0.9609,0.9348,0.0388,1.0416,0.0359,0.9706,0.9318
XGBoost,HR_N1000_PolicyDom_Thresh2.5_Seed100_BIASED_ALL.csv,PolicyDom,2.5,BIASED_ALL,1,6,4,1000,0.912,0.99,1.0,0.3333,0.5,0.0196,inf,1.0,0.0196,0.0
XGBoost,HR_N1000_PolicyDom_Thresh2.5_Seed100_BIASED_FAIRNESS.csv,PolicyDom,2.5,BIASED_FAIRNESS,1,6,0,1000,0.912,0.99,1.0,0.3333,0.5,0.0196,inf,1.0,0.0196,0.0
XGBoost,HR_N1000_PolicyDom_Thresh2.5_Seed100_FAIR_ALL.csv,PolicyDom,2.5,FAIR_ALL,1,6,4,1000,0.4935,0.88,0.9067,0.9669,0.9358,0.0219,1.0229,0.0441,0.9811,0.9592
XGBoost,HR_N1000_PolicyDom_Thresh2.5_Seed1100_BIASED_ALL.csv,PolicyDom,2.5,BIASED_ALL,1,6,4,1000,0.9332,0.995,1.0,0.6667,0.8,0.0092,2.2787,0.5,0.0164,0.0072
XGBoost,HR_N1000_PolicyDom_Thresh2.5_Seed1100_BIASED_FAIRNESS.csv,PolicyDom,2.5,BIASED_FAIRNESS,1,6,0,1000,0.9332,0.995,1.0,0.6667,0.8,0.0092,2.2787,0.5,0.0164,0.0072
XGBoost,HR_N1000_PolicyDom_Thresh2.5_Seed1100_FAIR_ALL.csv,PolicyDom,2.5,FAIR_ALL,1,6,4,1000,0.6522,0.86,0.9091,0.9392,0.9239,0.0395,1.0427,0.0534,0.9636,0.9241
XGBoost,HR_N1000_PolicyDom_Thresh2.5_Seed1200_BIASED_ALL.csv,PolicyDom,2.5,BIASED_ALL,1,6,4,1000,0.9439,0.985,0.6667,0.5,0.5714,0.0469,inf,0.5,0.0469,0.0
XGBoost,HR_N1000_PolicyDom_Thresh2.5_Seed1200_BIASED_FAIRNESS.csv,PolicyDom,2.5,BIASED_FAIRNESS,1,6,0,1000,0.9439,0.985,0.6667,0.5,0.5714,0.0469,inf,0.5,0.0469,0.0
XGBoost,HR_N1000_PolicyDom_Thresh2.5_Seed1200_FAIR_ALL.csv,PolicyDom,2.5,FAIR_ALL,1,6,4,1000,0.5464,0.85,0.8842,0.9545,0.918,0.0248,1.0263,0.0164,0.9672,0.9424
XGBoost,HR_N1000_PolicyDom_Thresh2.5_Seed1300_BIASED_ALL.csv,PolicyDom,2.5,BIASED_ALL,1,6,4,1000,0.9915,0.99,0.6667,0.6667,0.6667,0.0223,3.9701,0.5,0.0299,0.0075
XGBoost,HR_N1000_PolicyDom_Thresh2.5_Seed1300_BIASED_FAIRNESS.csv,PolicyDom,2.5,BIASED_FAIRNESS,1,6,0,1000,0.9915,0.99,0.6667,0.6667,0.6667,0.0223,3.9701,0.5,0.0299,0.0075
XGBoost,HR_N1000_PolicyDom_Thresh2.5_Seed1300_FAIR_ALL.csv,PolicyDom,2.5,FAIR_ALL,1,6,4,1000,0.5547,0.88,0.9021,0.9722,0.9358,0.0055,0.9943,0.0141,0.9661,0.9716
XGBoost,HR_N1000_PolicyDom_Thresh2.5_Seed1400_BIASED_ALL.csv,PolicyDom,2.5,BIASED_ALL,1,6,4,1000,0.8144,0.98,0.6,0.6,0.6,0.0607,9.5593,0.75,0.0678,0.0071
XGBoost,HR_N1000_PolicyDom_Thresh2.5_Seed1400_BIASED_FAIRNESS.csv,PolicyDom,2.5,BIASED_FAIRNESS,1,6,0,1000,0.8144,0.98,0.6,0.6,0.6,0.0607,9.5593,0.75,0.0678,0.0071
XGBoost,HR_N1000_PolicyDom_Thresh2.5_Seed1400_FAIR_ALL.csv,PolicyDom,2.5,FAIR_ALL,1,6,4,1000,0.5389,0.92,0.9239,0.9945,0.9579,0.0224,1.0229,0.0081,1.0,0.9776
XGBoost,HR_N1000_PolicyDom_Thresh2.5_Seed1500_BIASED_ALL.csv,PolicyDom,2.5,BIASED_ALL,1,6,4,1000,0.8763,0.985,0.0,0.0,0.0,0.0167,inf,0.0,0.0167,0.0
XGBoost,HR_N1000_PolicyDom_Thresh2.5_Seed1500_BIASED_FAIRNESS.csv,PolicyDom,2.5,BIASED_FAIRNESS,1,6,0,1000,0.8763,0.985,0.0,0.0,0.0,0.0167,inf,0.0,0.0167,0.0
XGBoost,HR_N1000_PolicyDom_Thresh2.5_Seed1500_FAIR_ALL.csv,PolicyDom,2.5,FAIR_ALL,1,6,4,1000,0.6559,0.88,0.8934,0.9832,0.9362,0.0302,0.9696,0.0331,0.963,0.9932
XGBoost,HR_N1000_PolicyDom_Thresh2.5_Seed1600_BIASED_ALL.csv,PolicyDom,2.5,BIASED_ALL,1,6,4,1000,0.9646,0.99,0.0,0.0,0.0,0.0,inf,0.0,0.0,0.0
XGBoost,HR_N1000_PolicyDom_Thresh2.5_Seed1600_BIASED_FAIRNESS.csv,PolicyDom,2.5,BIASED_FAIRNESS,1,6,0,1000,0.9646,0.99,0.0,0.0,0.0,0.0,inf,0.0,0.0,0.0
XGBoost,HR_N1000_PolicyDom_Thresh2.5_Seed1600_FAIR_ALL.csv,PolicyDom,2.5,FAIR_ALL,1,6,4,1000,0.6297,0.865,0.9053,0.9503,0.9272,0.0072,1.0076,0.0012,0.9556,0.9484
XGBoost,HR_N1000_PolicyDom_Thresh2.5_Seed1700_BIASED_ALL.csv,PolicyDom,2.5,BIASED_ALL,1,6,4,1000,0.9722,0.975,0.0,0.0,0.0,0.0517,inf,0.0,0.0517,0.0
XGBoost,HR_N1000_PolicyDom_Thresh2.5_Seed1700_BIASED_FAIRNESS.csv,PolicyDom,2.5,BIASED_FAIRNESS,1,6,0,1000,0.9722,0.975,0.0,0.0,0.0,0.0517,inf,0.0,0.0517,0.0
XGBoost,HR_N1000_PolicyDom_Thresh2.5_Seed1700_FAIR_ALL.csv,PolicyDom,2.5,FAIR_ALL,1,6,4,1000,0.6325,0.86,0.9043,0.9444,0.9239,0.0193,0.9796,0.0078,0.9259,0.9452
XGBoost,HR_N1000_PolicyDom_Thresh2.5_Seed1800_BIASED_ALL.csv,PolicyDom,2.5,BIASED_ALL,1,6,4,1000,0.9874,0.99,0.0,0.0,0.0,0.0,inf,0.0,0.0,0.0
XGBoost,HR_N1000_PolicyDom_Thresh2.5_Seed1800_BIASED_FAIRNESS.csv,PolicyDom,2.5,BIASED_FAIRNESS,1,6,0,1000,0.9874,0.99,0.0,0.0,0.0,0.0,inf,0.0,0.0,0.0
XGBoost,HR_N1000_PolicyDom_Thresh2.5_Seed1800_FAIR_ALL.csv,PolicyDom,2.5,FAIR_ALL,1,6,4,1000,0.6071,0.88,0.8974,0.9777,0.9358,0.0112,0.9885,0.021,0.9672,0.9784
XGBoost,HR_N1000_PolicyDom_Thresh2.5_Seed1900_BIASED_ALL.csv,PolicyDom,2.5,BIASED_ALL,1,6,4,1000,0.9281,0.98,0.0,0.0,0.0,0.0071,0.0,0.0,0.0,0.0071
XGBoost,HR_N1000_PolicyDom_Thresh2.5_Seed1900_BIASED_FAIRNESS.csv,PolicyDom,2.5,BIASED_FAIRNESS,1,6,0,1000,0.9281,0.98,0.0,0.0,0.0,0.0071,0.0,0.0,0.0,0.0071
XGBoost,HR_N1000_PolicyDom_Thresh2.5_Seed1900_FAIR_ALL.csv,PolicyDom,2.5,FAIR_ALL,1,6,4,1000,0.6451,0.88,0.9202,0.9505,0.9351,0.0349,0.9633,0.0398,0.9178,0.9528
XGBoost,HR_N1000_PolicyDom_Thresh2.5_Seed2000_BIASED_ALL.csv,PolicyDom,2.5,BIASED_ALL,1,6,4,1000,0.9848,0.985,0.5,0.3333,0.4,0.0121,2.7736,0.3333,0.0189,0.0068
XGBoost,HR_N1000_PolicyDom_Thresh2.5_Seed2000_BIASED_FAIRNESS.csv,PolicyDom,2.5,BIASED_FAIRNESS,1,6,0,1000,0.9848,0.985,0.5,0.3333,0.4,0.0121,2.7736,0.3333,0.0189,0.0068
XGBoost,HR_N1000_PolicyDom_Thresh2.5_Seed2000_FAIR_ALL.csv,PolicyDom,2.5,FAIR_ALL,1,6,4,1000,0.6279,0.885,0.9067,0.9722,0.9383,0.049,1.0515,0.0382,1.0,0.951
XGBoost,HR_N1000_PolicyDom_Thresh2.5_Seed200_BIASED_ALL.csv,PolicyDom,2.5,BIASED_ALL,1,6,4,1000,0.9975,0.995,1.0,0.5,0.6667,0.0154,inf,0.5,0.0154,0.0
XGBoost,HR_N1000_PolicyDom_Thresh2.5_Seed200_BIASED_FAIRNESS.csv,PolicyDom,2.5,BIASED_FAIRNESS,1,6,0,1000,0.9975,0.995,1.0,0.5,0.6667,0.0154,inf,0.5,0.0154,0.0
XGBoost,HR_N1000_PolicyDom_Thresh2.5_Seed200_FAIR_ALL.csv,PolicyDom,2.5,FAIR_ALL,1,6,4,1000,0.5903,0.885,0.9062,0.9721,0.938,0.0779,0.9205,0.0814,0.902,0.9799
XGBoost,HR_N1000_PolicyDom_Thresh2.5_Seed300_BIASED_ALL.csv,PolicyDom,2.5,BIASED_ALL,1,6,4,1000,0.9949,0.99,0.5,0.5,0.5,0.0299,inf,0.5,0.0299,0.0
XGBoost,HR_N1000_PolicyDom_Thresh2.5_Seed300_BIASED_FAIRNESS.csv,PolicyDom,2.5,BIASED_FAIRNESS,1,6,0,1000,0.9949,0.99,0.5,0.5,0.5,0.0299,inf,0.5,0.0299,0.0
XGBoost,HR_N1000_PolicyDom_Thresh2.5_Seed300_FAIR_ALL.csv,PolicyDom,2.5,FAIR_ALL,1,6,4,1000,0.5755,0.865,0.901,0.9558,0.9276,0.012,1.0126,0.0133,0.9683,0.9562
XGBoost,HR_N1000_PolicyDom_Thresh2.5_Seed400_BIASED_ALL.csv,PolicyDom,2.5,BIASED_ALL,1,6,4,1000,0.9831,0.985,0.5,0.6667,0.5714,0.0429,7.0,0.6667,0.05,0.0071
XGBoost,HR_N1000_PolicyDom_Thresh2.5_Seed400_BIASED_FAIRNESS.csv,PolicyDom,2.5,BIASED_FAIRNESS,1,6,0,1000,0.9831,0.985,0.5,0.6667,0.5714,0.0429,7.0,0.6667,0.05,0.0071
XGBoost,HR_N1000_PolicyDom_Thresh2.5_Seed400_FAIR_ALL.csv,PolicyDom,2.5,FAIR_ALL,1,6,4,1000,0.5239,0.885,0.9211,0.9563,0.9383,0.0266,1.0283,0.0373,0.9683,0.9416
XGBoost,HR_N1000_PolicyDom_Thresh2.5_Seed500_BIASED_ALL.csv,PolicyDom,2.5,BIASED_ALL,1,6,4,1000,0.9535,0.97,0.0,0.0,0.0,0.0469,inf,0.0,0.0469,0.0
XGBoost,HR_N1000_PolicyDom_Thresh2.5_Seed500_BIASED_FAIRNESS.csv,PolicyDom,2.5,BIASED_FAIRNESS,1,6,0,1000,0.9535,0.97,0.0,0.0,0.0,0.0469,inf,0.0,0.0469,0.0
XGBoost,HR_N1000_PolicyDom_Thresh2.5_Seed500_FAIR_ALL.csv,PolicyDom,2.5,FAIR_ALL,1,6,4,1000,0.7271,0.85,0.8919,0.9429,0.9167,0.0712,0.9249,0.0758,0.8769,0.9481
XGBoost,HR_N1000_PolicyDom_Thresh2.5_Seed600_BIASED_ALL.csv,PolicyDom,2.5,BIASED_ALL,1,6,4,1000,0.9911,0.98,0.5,0.5,0.5,0.0365,5.8235,0.0,0.0441,0.0076
XGBoost,HR_N1000_PolicyDom_Thresh2.5_Seed600_BIASED_FAIRNESS.csv,PolicyDom,2.5,BIASED_FAIRNESS,1,6,0,1000,0.9911,0.98,0.5,0.5,0.5,0.0365,5.8235,0.0,0.0441,0.0076
XGBoost,HR_N1000_PolicyDom_Thresh2.5_Seed600_FAIR_ALL.csv,PolicyDom,2.5,FAIR_ALL,1,6,4,1000,0.5891,0.88,0.911,0.9613,0.9355,0.0167,1.0175,0.0273,0.9667,0.95
XGBoost,HR_N1000_PolicyDom_Thresh2.5_Seed700_BIASED_ALL.csv,PolicyDom,2.5,BIASED_ALL,1,6,4,1000,0.8482,0.975,0.3333,0.25,0.2857,0.0004,0.9706,0.3333,0.0147,0.0152
XGBoost,HR_N1000_PolicyDom_Thresh2.5_Seed700_BIASED_FAIRNESS.csv,PolicyDom,2.5,BIASED_FAIRNESS,1,6,0,1000,0.8482,0.975,0.3333,0.25,0.2857,0.0004,0.9706,0.3333,0.0147,0.0152
XGBoost,HR_N1000_PolicyDom_Thresh2.5_Seed700_FAIR_ALL.csv,PolicyDom,2.5,FAIR_ALL,1,6,4,1000,0.6111,0.89,0.9031,0.9833,0.9415,0.003,1.003,0.0041,0.9821,0.9792
XGBoost,HR_N1000_PolicyDom_Thresh2.5_Seed800_BIASED_ALL.csv,PolicyDom,2.5,BIASED_ALL,1,6,4,1000,0.9975,0.995,1.0,0.5,0.6667,0.0164,inf,0.5,0.0164,0.0
XGBoost,HR_N1000_PolicyDom_Thresh2.5_Seed800_BIASED_FAIRNESS.csv,PolicyDom,2.5,BIASED_FAIRNESS,1,6,0,1000,0.9975,0.995,1.0,0.5,0.6667,0.0164,inf,0.5,0.0164,0.0
XGBoost,HR_N1000_PolicyDom_Thresh2.5_Seed800_FAIR_ALL.csv,PolicyDom,2.5,FAIR_ALL,1,6,4,1000,0.5545,0.88,0.9026,0.9724,0.9362,0.0129,1.0132,0.0136,0.9839,0.971
XGBoost,HR_N1000_PolicyDom_Thresh2.5_Seed900_BIASED_ALL.csv,PolicyDom,2.5,BIASED_ALL,1,6,4,1000,1.0,0.995,0.6667,1.0,0.8,0.0566,inf,1.0,0.0566,0.0
XGBoost,HR_N1000_PolicyDom_Thresh2.5_Seed900_BIASED_FAIRNESS.csv,PolicyDom,2.5,BIASED_FAIRNESS,1,6,0,1000,1.0,0.995,0.6667,1.0,0.8,0.0566,inf,1.0,0.0566,0.0
XGBoost,HR_N1000_PolicyDom_Thresh2.5_Seed900_FAIR_ALL.csv,PolicyDom,2.5,FAIR_ALL,1,6,4,1000,0.5067,0.845,0.8942,0.9389,0.916,0.0046,1.0049,0.0037,0.9483,0.9437
XGBoost,HR_N1000_WealthDom_Thresh1.0_Seed1000_BIASED_ALL.csv,WealthDom,1.0,BIASED_ALL,1,6,4,1000,0.8171,0.825,0.8742,0.9026,0.8882,0.1471,1.1944,0.1079,0.9038,0.7568
XGBoost,HR_N1000_WealthDom_Thresh1.0_Seed1000_BIASED_FAIRNESS.csv,WealthDom,1.0,BIASED_FAIRNESS,1,6,0,1000,0.8171,0.825,0.8742,0.9026,0.8882,0.1471,1.1944,0.1079,0.9038,0.7568
XGBoost,HR_N1000_WealthDom_Thresh1.0_Seed1000_FAIR_ALL.csv,WealthDom,1.0,FAIR_ALL,1,6,4,1000,0.6671,0.925,0.934,0.9892,0.9608,0.0217,1.0222,0.0155,1.0,0.9783
XGBoost,HR_N1000_WealthDom_Thresh1.0_Seed100_BIASED_ALL.csv,WealthDom,1.0,BIASED_ALL,1,6,4,1000,0.7608,0.76,0.8503,0.8278,0.8389,0.0722,1.1009,0.0982,0.7885,0.7162
XGBoost,HR_N1000_WealthDom_Thresh1.0_Seed100_BIASED_FAIRNESS.csv,WealthDom,1.0,BIASED_FAIRNESS,1,6,0,1000,0.7608,0.76,0.8503,0.8278,0.8389,0.0722,1.1009,0.0982,0.7885,0.7162
XGBoost,HR_N1000_WealthDom_Thresh1.0_Seed100_FAIR_ALL.csv,WealthDom,1.0,FAIR_ALL,1,6,4,1000,0.6518,0.915,0.9427,0.9679,0.9551,0.0314,1.033,0.0184,0.9825,0.951
XGBoost,HR_N1000_WealthDom_Thresh1.0_Seed1100_BIASED_ALL.csv,WealthDom,1.0,BIASED_ALL,1,6,4,1000,0.7185,0.72,0.7857,0.8684,0.825,0.0702,1.0856,0.0892,0.8909,0.8207
XGBoost,HR_N1000_WealthDom_Thresh1.0_Seed1100_BIASED_FAIRNESS.csv,WealthDom,1.0,BIASED_FAIRNESS,1,6,0,1000,0.7185,0.72,0.7857,0.8684,0.825,0.0702,1.0856,0.0892,0.8909,0.8207
XGBoost,HR_N1000_WealthDom_Thresh1.0_Seed1100_FAIR_ALL.csv,WealthDom,1.0,FAIR_ALL,1,6,4,1000,0.5703,0.92,0.9474,0.9677,0.9574,0.0506,1.0541,0.0472,0.9844,0.9338
XGBoost,HR_N1000_WealthDom_Thresh1.0_Seed1200_BIASED_ALL.csv,WealthDom,1.0,BIASED_ALL,1,6,4,1000,0.7293,0.75,0.8193,0.8718,0.8447,0.0793,1.0988,0.0857,0.8824,0.803
XGBoost,HR_N1000_WealthDom_Thresh1.0_Seed1200_BIASED_FAIRNESS.csv,WealthDom,1.0,BIASED_FAIRNESS,1,6,0,1000,0.7293,0.75,0.8193,0.8718,0.8447,0.0793,1.0988,0.0857,0.8824,0.803
XGBoost,HR_N1000_WealthDom_Thresh1.0_Seed1200_FAIR_ALL.csv,WealthDom,1.0,FAIR_ALL,1,6,4,1000,0.6803,0.9,0.9137,0.9836,0.9474,0.0224,1.0229,0.0248,1.0,0.9776
XGBoost,HR_N1000_WealthDom_Thresh1.0_Seed1300_BIASED_ALL.csv,WealthDom,1.0,BIASED_ALL,1,6,4,1000,0.7792,0.79,0.8315,0.925,0.8757,0.0553,1.0634,0.0171,0.9265,0.8712
XGBoost,HR_N1000_WealthDom_Thresh1.0_Seed1300_BIASED_FAIRNESS.csv,WealthDom,1.0,BIASED_FAIRNESS,1,6,0,1000,0.7792,0.79,0.8315,0.925,0.8757,0.0553,1.0634,0.0171,0.9265,0.8712
XGBoost,HR_N1000_WealthDom_Thresh1.0_Seed1300_FAIR_ALL.csv,WealthDom,1.0,FAIR_ALL,1,6,4,1000,0.61,0.915,0.9337,0.9786,0.9556,0.016,0.9838,0.0183,0.9692,0.9852
XGBoost,HR_N1000_WealthDom_Thresh1.0_Seed1400_BIASED_ALL.csv,WealthDom,1.0,BIASED_ALL,1,6,4,1000,0.6989,0.74,0.8012,0.8658,0.8323,0.0621,1.0793,0.0753,0.8451,0.7829
XGBoost,HR_N1000_WealthDom_Thresh1.0_Seed1400_BIASED_FAIRNESS.csv,WealthDom,1.0,BIASED_FAIRNESS,1,6,0,1000,0.6989,0.74,0.8012,0.8658,0.8323,0.0621,1.0793,0.0753,0.8451,0.7829
XGBoost,HR_N1000_WealthDom_Thresh1.0_Seed1400_FAIR_ALL.csv,WealthDom,1.0,FAIR_ALL,1,6,4,1000,0.5607,0.92,0.9433,0.9734,0.9581,0.0127,1.0131,0.0077,0.9796,0.9669
XGBoost,HR_N1000_WealthDom_Thresh1.0_Seed1500_BIASED_ALL.csv,WealthDom,1.0,BIASED_ALL,1,6,4,1000,0.7486,0.795,0.8229,0.9351,0.8754,0.1258,1.1499,0.0926,0.9649,0.8392
XGBoost,HR_N1000_WealthDom_Thresh1.0_Seed1500_BIASED_FAIRNESS.csv,WealthDom,1.0,BIASED_FAIRNESS,1,6,0,1000,0.7486,0.795,0.8229,0.9351,0.8754,0.1258,1.1499,0.0926,0.9649,0.8392
XGBoost,HR_N1000_WealthDom_Thresh1.0_Seed1500_FAIR_ALL.csv,WealthDom,1.0,FAIR_ALL,1,6,4,1000,0.6316,0.905,0.9184,0.9836,0.9499,0.0249,0.9747,0.0343,0.9615,0.9865
XGBoost,HR_N1000_WealthDom_Thresh1.0_Seed1600_BIASED_ALL.csv,WealthDom,1.0,BIASED_ALL,1,6,4,1000,0.7681,0.745,0.8158,0.8435,0.8294,0.1048,1.1438,0.0423,0.8333,0.7286
XGBoost,HR_N1000_WealthDom_Thresh1.0_Seed1600_BIASED_FAIRNESS.csv,WealthDom,1.0,BIASED_FAIRNESS,1,6,0,1000,0.7681,0.745,0.8158,0.8435,0.8294,0.1048,1.1438,0.0423,0.8333,0.7286
XGBoost,HR_N1000_WealthDom_Thresh1.0_Seed1600_FAIR_ALL.csv,WealthDom,1.0,FAIR_ALL,1,6,4,1000,0.7211,0.925,0.925,1.0,0.961,0.0,1.0,0.0,1.0,1.0
XGBoost,HR_N1000_WealthDom_Thresh1.0_Seed1700_BIASED_ALL.csv,WealthDom,1.0,BIASED_ALL,1,6,4,1000,0.6906,0.76,0.8079,0.9108,0.8563,0.052,1.0599,0.0207,0.9206,0.8686
XGBoost,HR_N1000_WealthDom_Thresh1.0_Seed1700_BIASED_FAIRNESS.csv,WealthDom,1.0,BIASED_FAIRNESS,1,6,0,1000,0.6906,0.76,0.8079,0.9108,0.8563,0.052,1.0599,0.0207,0.9206,0.8686
XGBoost,HR_N1000_WealthDom_Thresh1.0_Seed1700_FAIR_ALL.csv,WealthDom,1.0,FAIR_ALL,1,6,4,1000,0.7796,0.905,0.9282,0.9731,0.9501,0.036,1.0373,0.0394,1.0,0.964
XGBoost,HR_N1000_WealthDom_Thresh1.0_Seed1800_BIASED_ALL.csv,WealthDom,1.0,BIASED_ALL,1,6,4,1000,0.7826,0.785,0.8353,0.9045,0.8685,0.1014,1.1232,0.0996,0.9245,0.8231
XGBoost,HR_N1000_WealthDom_Thresh1.0_Seed1800_BIASED_FAIRNESS.csv,WealthDom,1.0,BIASED_FAIRNESS,1,6,0,1000,0.7826,0.785,0.8353,0.9045,0.8685,0.1014,1.1232,0.0996,0.9245,0.8231
XGBoost,HR_N1000_WealthDom_Thresh1.0_Seed1800_FAIR_ALL.csv,WealthDom,1.0,FAIR_ALL,1,6,4,1000,0.7492,0.915,0.9333,0.9785,0.9554,0.0094,1.0097,0.0026,0.9818,0.9724
XGBoost,HR_N1000_WealthDom_Thresh1.0_Seed1900_BIASED_ALL.csv,WealthDom,1.0,BIASED_ALL,1,6,4,1000,0.7504,0.735,0.8217,0.8377,0.8296,0.1246,1.1669,0.0627,0.871,0.7464
XGBoost,HR_N1000_WealthDom_Thresh1.0_Seed1900_BIASED_FAIRNESS.csv,WealthDom,1.0,BIASED_FAIRNESS,1,6,0,1000,0.7504,0.735,0.8217,0.8377,0.8296,0.1246,1.1669,0.0627,0.871,0.7464
XGBoost,HR_N1000_WealthDom_Thresh1.0_Seed1900_FAIR_ALL.csv,WealthDom,1.0,FAIR_ALL,1,6,4,1000,0.687,0.905,0.9375,0.9626,0.9499,0.006,1.0062,0.0014,0.9643,0.9583
XGBoost,HR_N1000_WealthDom_Thresh1.0_Seed2000_BIASED_ALL.csv,WealthDom,1.0,BIASED_ALL,1,6,4,1000,0.7951,0.76,0.8037,0.8912,0.8452,0.131,1.1694,0.0662,0.9048,0.7737
XGBoost,HR_N1000_WealthDom_Thresh1.0_Seed2000_BIASED_FAIRNESS.csv,WealthDom,1.0,BIASED_FAIRNESS,1,6,0,1000,0.7951,0.76,0.8037,0.8912,0.8452,0.131,1.1694,0.0662,0.9048,0.7737
XGBoost,HR_N1000_WealthDom_Thresh1.0_Seed2000_FAIR_ALL.csv,WealthDom,1.0,FAIR_ALL,1,6,4,1000,0.732,0.925,0.9296,0.9946,0.961,0.0071,1.0072,0.0075,1.0,0.9929
XGBoost,HR_N1000_WealthDom_Thresh1.0_Seed200_BIASED_ALL.csv,WealthDom,1.0,BIASED_ALL,1,6,4,1000,0.7332,0.7,0.8138,0.7815,0.7973,0.0388,0.9474,0.0634,0.6984,0.7372
XGBoost,HR_N1000_WealthDom_Thresh1.0_Seed200_BIASED_FAIRNESS.csv,WealthDom,1.0,BIASED_FAIRNESS,1,6,0,1000,0.7332,0.7,0.8138,0.7815,0.7973,0.0388,0.9474,0.0634,0.6984,0.7372
XGBoost,HR_N1000_WealthDom_Thresh1.0_Seed200_FAIR_ALL.csv,WealthDom,1.0,FAIR_ALL,1,6,4,1000,0.664,0.93,0.9433,0.9839,0.9632,0.0222,1.023,0.0234,0.9848,0.9627
XGBoost,HR_N1000_WealthDom_Thresh1.0_Seed300_BIASED_ALL.csv,WealthDom,1.0,BIASED_ALL,1,6,4,1000,0.7881,0.785,0.8609,0.8553,0.8581,0.0439,1.0592,0.0408,0.7846,0.7407
XGBoost,HR_N1000_WealthDom_Thresh1.0_Seed300_BIASED_FAIRNESS.csv,WealthDom,1.0,BIASED_FAIRNESS,1,6,0,1000,0.7881,0.785,0.8609,0.8553,0.8581,0.0439,1.0592,0.0408,0.7846,0.7407
XGBoost,HR_N1000_WealthDom_Thresh1.0_Seed300_FAIR_ALL.csv,WealthDom,1.0,FAIR_ALL,1,6,4,1000,0.7061,0.91,0.9381,0.9681,0.9529,0.0196,1.0203,0.0218,0.9836,0.964
XGBoost,HR_N1000_WealthDom_Thresh1.0_Seed400_BIASED_ALL.csv,WealthDom,1.0,BIASED_ALL,1,6,4,1000,0.773,0.74,0.8483,0.8039,0.8255,0.2349,1.3602,0.2353,0.8871,0.6522
XGBoost,HR_N1000_WealthDom_Thresh1.0_Seed400_BIASED_FAIRNESS.csv,WealthDom,1.0,BIASED_FAIRNESS,1,6,0,1000,0.773,0.74,0.8483,0.8039,0.8255,0.2349,1.3602,0.2353,0.8871,0.6522
XGBoost,HR_N1000_WealthDom_Thresh1.0_Seed400_FAIR_ALL.csv,WealthDom,1.0,FAIR_ALL,1,6,4,1000,0.6298,0.92,0.934,0.984,0.9583,0.0268,0.973,0.0274,0.9661,0.9929
XGBoost,HR_N1000_WealthDom_Thresh1.0_Seed500_BIASED_ALL.csv,WealthDom,1.0,BIASED_ALL,1,6,4,1000,0.7393,0.715,0.7853,0.8533,0.8179,0.1081,1.1378,0.0907,0.8929,0.7847
XGBoost,HR_N1000_WealthDom_Thresh1.0_Seed500_BIASED_FAIRNESS.csv,WealthDom,1.0,BIASED_FAIRNESS,1,6,0,1000,0.7393,0.715,0.7853,0.8533,0.8179,0.1081,1.1378,0.0907,0.8929,0.7847
XGBoost,HR_N1000_WealthDom_Thresh1.0_Seed500_FAIR_ALL.csv,WealthDom,1.0,FAIR_ALL,1,6,4,1000,0.7746,0.89,0.9077,0.9779,0.9415,0.0169,1.0175,0.0096,0.9859,0.969
XGBoost,HR_N1000_WealthDom_Thresh1.0_Seed600_BIASED_ALL.csv,WealthDom,1.0,BIASED_ALL,1,6,4,1000,0.7485,0.75,0.8148,0.8684,0.8408,0.0308,1.0385,0.0008,0.8308,0.8
XGBoost,HR_N1000_WealthDom_Thresh1.0_Seed600_BIASED_FAIRNESS.csv,WealthDom,1.0,BIASED_FAIRNESS,1,6,0,1000,0.7485,0.75,0.8148,0.8684,0.8408,0.0308,1.0385,0.0008,0.8308,0.8
XGBoost,HR_N1000_WealthDom_Thresh1.0_Seed600_FAIR_ALL.csv,WealthDom,1.0,FAIR_ALL,1,6,4,1000,0.4731,0.93,0.9391,0.9893,0.9635,0.0036,0.9964,0.0148,0.9825,0.986
XGBoost,HR_N1000_WealthDom_Thresh1.0_Seed700_BIASED_ALL.csv,WealthDom,1.0,BIASED_ALL,1,6,4,1000,0.7305,0.79,0.8382,0.9119,0.8735,0.1416,1.1718,0.0627,0.9655,0.8239
XGBoost,HR_N1000_WealthDom_Thresh1.0_Seed700_BIASED_FAIRNESS.csv,WealthDom,1.0,BIASED_FAIRNESS,1,6,0,1000,0.7305,0.79,0.8382,0.9119,0.8735,0.1416,1.1718,0.0627,0.9655,0.8239
XGBoost,HR_N1000_WealthDom_Thresh1.0_Seed700_FAIR_ALL.csv,WealthDom,1.0,FAIR_ALL,1,6,4,1000,0.7186,0.905,0.9275,0.9728,0.9496,0.0001,0.9999,0.0117,0.9649,0.965
XGBoost,HR_N1000_WealthDom_Thresh1.0_Seed800_BIASED_ALL.csv,WealthDom,1.0,BIASED_ALL,1,6,4,1000,0.7845,0.72,0.7939,0.8562,0.8239,0.0667,1.0833,0.0895,0.8667,0.8
XGBoost,HR_N1000_WealthDom_Thresh1.0_Seed800_BIASED_FAIRNESS.csv,WealthDom,1.0,BIASED_FAIRNESS,1,6,0,1000,0.7845,0.72,0.7939,0.8562,0.8239,0.0667,1.0833,0.0895,0.8667,0.8
XGBoost,HR_N1000_WealthDom_Thresh1.0_Seed800_FAIR_ALL.csv,WealthDom,1.0,FAIR_ALL,1,6,4,1000,0.4665,0.885,0.9316,0.9465,0.939,0.0498,1.0533,0.055,0.9841,0.9343
XGBoost,HR_N1000_WealthDom_Thresh1.0_Seed900_BIASED_ALL.csv,WealthDom,1.0,BIASED_ALL,1,6,4,1000,0.7171,0.73,0.7988,0.8618,0.8291,0.011,0.9866,0.0281,0.8125,0.8235
XGBoost,HR_N1000_WealthDom_Thresh1.0_Seed900_BIASED_FAIRNESS.csv,WealthDom,1.0,BIASED_FAIRNESS,1,6,0,1000,0.7171,0.73,0.7988,0.8618,0.8291,0.011,0.9866,0.0281,0.8125,0.8235
XGBoost,HR_N1000_WealthDom_Thresh1.0_Seed900_FAIR_ALL.csv,WealthDom,1.0,FAIR_ALL,1,6,4,1000,0.6684,0.93,0.9394,0.9894,0.9637,0.0099,0.9901,0.0111,0.9831,0.9929
XGBoost,HR_N1000_WealthDom_Thresh2.5_Seed1000_BIASED_ALL.csv,WealthDom,2.5,BIASED_ALL,1,6,4,1000,0.7297,0.71,0.7862,0.8389,0.8117,0.0691,1.089,0.0303,0.8462,0.777
XGBoost,HR_N1000_WealthDom_Thresh2.5_Seed1000_BIASED_FAIRNESS.csv,WealthDom,2.5,BIASED_FAIRNESS,1,6,0,1000,0.7297,0.71,0.7862,0.8389,0.8117,0.0691,1.089,0.0303,0.8462,0.777
XGBoost,HR_N1000_WealthDom_Thresh2.5_Seed1000_FAIR_ALL.csv,WealthDom,2.5,FAIR_ALL,1,6,4,1000,0.6177,0.895,0.9316,0.9568,0.944,0.068,1.073,0.0584,1.0,0.932
XGBoost,HR_N1000_WealthDom_Thresh2.5_Seed100_BIASED_ALL.csv,WealthDom,2.5,BIASED_ALL,1,6,4,1000,0.6812,0.735,0.7866,0.8776,0.8296,0.0395,1.0488,0.0331,0.8491,0.8095
XGBoost,HR_N1000_WealthDom_Thresh2.5_Seed100_BIASED_FAIRNESS.csv,WealthDom,2.5,BIASED_FAIRNESS,1,6,0,1000,0.6812,0.735,0.7866,0.8776,0.8296,0.0395,1.0488,0.0331,0.8491,0.8095
XGBoost,HR_N1000_WealthDom_Thresh2.5_Seed100_FAIR_ALL.csv,WealthDom,2.5,FAIR_ALL,1,6,4,1000,0.6166,0.9,0.9231,0.973,0.9474,0.0134,0.9864,0.0133,0.9655,0.9789
XGBoost,HR_N1000_WealthDom_Thresh2.5_Seed1100_BIASED_ALL.csv,WealthDom,2.5,BIASED_ALL,1,6,4,1000,0.7169,0.7,0.7651,0.8581,0.8089,0.0163,0.9805,0.0231,0.8182,0.8345
XGBoost,HR_N1000_WealthDom_Thresh2.5_Seed1100_BIASED_FAIRNESS.csv,WealthDom,2.5,BIASED_FAIRNESS,1,6,0,1000,0.7169,0.7,0.7651,0.8581,0.8089,0.0163,0.9805,0.0231,0.8182,0.8345
XGBoost,HR_N1000_WealthDom_Thresh2.5_Seed1100_FAIR_ALL.csv,WealthDom,2.5,FAIR_ALL,1,6,4,1000,0.4919,0.895,0.9227,0.9676,0.9446,0.0071,0.9927,0.0084,0.9649,0.972
XGBoost,HR_N1000_WealthDom_Thresh2.5_Seed1200_BIASED_ALL.csv,WealthDom,2.5,BIASED_ALL,1,6,4,1000,0.7461,0.785,0.8235,0.915,0.8669,0.02,0.9766,0.0002,0.8361,0.8561
XGBoost,HR_N1000_WealthDom_Thresh2.5_Seed1200_BIASED_FAIRNESS.csv,WealthDom,2.5,BIASED_FAIRNESS,1,6,0,1000,0.7461,0.785,0.8235,0.915,0.8669,0.02,0.9766,0.0002,0.8361,0.8561
XGBoost,HR_N1000_WealthDom_Thresh2.5_Seed1200_FAIR_ALL.csv,WealthDom,2.5,FAIR_ALL,1,6,4,1000,0.5778,0.895,0.9086,0.9835,0.9446,0.0013,0.9987,0.0011,0.9841,0.9854
XGBoost,HR_N1000_WealthDom_Thresh2.5_Seed1300_BIASED_ALL.csv,WealthDom,2.5,BIASED_ALL,1,6,4,1000,0.6936,0.72,0.8012,0.8526,0.8261,0.0088,1.0106,0.0579,0.8364,0.8276
XGBoost,HR_N1000_WealthDom_Thresh2.5_Seed1300_BIASED_FAIRNESS.csv,WealthDom,2.5,BIASED_FAIRNESS,1,6,0,1000,0.6936,0.72,0.8012,0.8526,0.8261,0.0088,1.0106,0.0579,0.8364,0.8276
XGBoost,HR_N1000_WealthDom_Thresh2.5_Seed1300_FAIR_ALL.csv,WealthDom,2.5,FAIR_ALL,1,6,4,1000,0.5189,0.9,0.9231,0.973,0.9474,0.0486,0.951,0.0522,0.9437,0.9922
XGBoost,HR_N1000_WealthDom_Thresh2.5_Seed1400_BIASED_ALL.csv,WealthDom,2.5,BIASED_ALL,1,6,4,1000,0.6667,0.67,0.75,0.8125,0.78,0.0009,0.9989,0.0091,0.7794,0.7803
XGBoost,HR_N1000_WealthDom_Thresh2.5_Seed1400_BIASED_FAIRNESS.csv,WealthDom,2.5,BIASED_FAIRNESS,1,6,0,1000,0.6667,0.67,0.75,0.8125,0.78,0.0009,0.9989,0.0091,0.7794,0.7803
XGBoost,HR_N1000_WealthDom_Thresh2.5_Seed1400_FAIR_ALL.csv,WealthDom,2.5,FAIR_ALL,1,6,4,1000,0.6076,0.935,0.9394,0.9947,0.9662,0.0317,0.9683,0.0167,0.9683,1.0
XGBoost,HR_N1000_WealthDom_Thresh2.5_Seed1500_BIASED_ALL.csv,WealthDom,2.5,BIASED_ALL,1,6,4,1000,0.7501,0.78,0.8354,0.88,0.8571,0.1429,1.1905,0.0846,0.8929,0.75
XGBoost,HR_N1000_WealthDom_Thresh2.5_Seed1500_BIASED_FAIRNESS.csv,WealthDom,2.5,BIASED_FAIRNESS,1,6,0,1000,0.7501,0.78,0.8354,0.88,0.8571,0.1429,1.1905,0.0846,0.8929,0.75
XGBoost,HR_N1000_WealthDom_Thresh2.5_Seed1500_FAIR_ALL.csv,WealthDom,2.5,FAIR_ALL,1,6,4,1000,0.6024,0.875,0.9115,0.9563,0.9333,0.0031,1.0032,0.0016,0.9623,0.9592
XGBoost,HR_N1000_WealthDom_Thresh2.5_Seed1600_BIASED_ALL.csv,WealthDom,2.5,BIASED_ALL,1,6,4,1000,0.6661,0.7,0.7682,0.8227,0.7945,0.0867,1.1179,0.0272,0.8222,0.7355
XGBoost,HR_N1000_WealthDom_Thresh2.5_Seed1600_BIASED_FAIRNESS.csv,WealthDom,2.5,BIASED_FAIRNESS,1,6,0,1000,0.6661,0.7,0.7682,0.8227,0.7945,0.0867,1.1179,0.0272,0.8222,0.7355
XGBoost,HR_N1000_WealthDom_Thresh2.5_Seed1600_FAIR_ALL.csv,WealthDom,2.5,FAIR_ALL,1,6,4,1000,0.6399,0.895,0.9179,0.9728,0.9446,0.0094,1.0097,0.0105,0.9818,0.9724
XGBoost,HR_N1000_WealthDom_Thresh2.5_Seed1700_BIASED_ALL.csv,WealthDom,2.5,BIASED_ALL,1,6,4,1000,0.6618,0.75,0.7955,0.9091,0.8485,0.0967,1.1143,0.0283,0.9429,0.8462
XGBoost,HR_N1000_WealthDom_Thresh2.5_Seed1700_BIASED_FAIRNESS.csv,WealthDom,2.5,BIASED_FAIRNESS,1,6,0,1000,0.6618,0.75,0.7955,0.9091,0.8485,0.0967,1.1143,0.0283,0.9429,0.8462
XGBoost,HR_N1000_WealthDom_Thresh2.5_Seed1700_FAIR_ALL.csv,WealthDom,2.5,FAIR_ALL,1,6,4,1000,0.6144,0.925,0.9296,0.9946,0.961,0.007,1.007,0.0076,1.0,0.993
XGBoost,HR_N1000_WealthDom_Thresh2.5_Seed1800_BIASED_ALL.csv,WealthDom,2.5,BIASED_ALL,1,6,4,1000,0.6048,0.69,0.7862,0.817,0.8013,0.1886,1.2544,0.153,0.9298,0.7413
XGBoost,HR_N1000_WealthDom_Thresh2.5_Seed1800_BIASED_FAIRNESS.csv,WealthDom,2.5,BIASED_FAIRNESS,1,6,0,1000,0.6048,0.69,0.7862,0.817,0.8013,0.1886,1.2544,0.153,0.9298,0.7413
XGBoost,HR_N1000_WealthDom_Thresh2.5_Seed1800_FAIR_ALL.csv,WealthDom,2.5,FAIR_ALL,1,6,4,1000,0.5172,0.89,0.9171,0.9672,0.9415,0.025,1.0261,0.0176,0.9828,0.9577
XGBoost,HR_N1000_WealthDom_Thresh2.5_Seed1900_BIASED_ALL.csv,WealthDom,2.5,BIASED_ALL,1,6,4,1000,0.7487,0.745,0.8101,0.8591,0.8339,0.0976,1.1276,0.0218,0.8627,0.7651
XGBoost,HR_N1000_WealthDom_Thresh2.5_Seed1900_BIASED_FAIRNESS.csv,WealthDom,2.5,BIASED_FAIRNESS,1,6,0,1000,0.7487,0.745,0.8101,0.8591,0.8339,0.0976,1.1276,0.0218,0.8627,0.7651
XGBoost,HR_N1000_WealthDom_Thresh2.5_Seed1900_FAIR_ALL.csv,WealthDom,2.5,FAIR_ALL,1,6,4,1000,0.5459,0.9,0.9275,0.9676,0.9471,0.0007,1.0008,0.0065,0.9655,0.9648
XGBoost,HR_N1000_WealthDom_Thresh2.5_Seed2000_BIASED_ALL.csv,WealthDom,2.5,BIASED_ALL,1,6,4,1000,0.7009,0.685,0.774,0.7902,0.782,0.1,1.1429,0.059,0.8,0.7
XGBoost,HR_N1000_WealthDom_Thresh2.5_Seed2000_BIASED_FAIRNESS.csv,WealthDom,2.5,BIASED_FAIRNESS,1,6,0,1000,0.7009,0.685,0.774,0.7902,0.782,0.1,1.1429,0.059,0.8,0.7
XGBoost,HR_N1000_WealthDom_Thresh2.5_Seed2000_FAIR_ALL.csv,WealthDom,2.5,FAIR_ALL,1,6,4,1000,0.6474,0.9,0.9184,0.9783,0.9474,0.0395,0.9602,0.0419,0.9531,0.9926
XGBoost,HR_N1000_WealthDom_Thresh2.5_Seed200_BIASED_ALL.csv,WealthDom,2.5,BIASED_ALL,1,6,4,1000,0.6638,0.695,0.7561,0.8552,0.8026,0.0311,1.0383,0.0186,0.8413,0.8102
XGBoost,HR_N1000_WealthDom_Thresh2.5_Seed200_BIASED_FAIRNESS.csv,WealthDom,2.5,BIASED_FAIRNESS,1,6,0,1000,0.6638,0.695,0.7561,0.8552,0.8026,0.0311,1.0383,0.0186,0.8413,0.8102
XGBoost,HR_N1000_WealthDom_Thresh2.5_Seed200_FAIR_ALL.csv,WealthDom,2.5,FAIR_ALL,1,6,4,1000,0.608,0.91,0.9235,0.9837,0.9526,0.0015,1.0016,0.0067,0.9811,0.9796
XGBoost,HR_N1000_WealthDom_Thresh2.5_Seed300_BIASED_ALL.csv,WealthDom,2.5,BIASED_ALL,1,6,4,1000,0.671,0.69,0.7545,0.8571,0.8025,0.0251,1.0304,0.0043,0.8525,0.8273
XGBoost,HR_N1000_WealthDom_Thresh2.5_Seed300_BIASED_FAIRNESS.csv,WealthDom,2.5,BIASED_FAIRNESS,1,6,0,1000,0.671,0.69,0.7545,0.8571,0.8025,0.0251,1.0304,0.0043,0.8525,0.8273
XGBoost,HR_N1000_WealthDom_Thresh2.5_Seed300_FAIR_ALL.csv,WealthDom,2.5,FAIR_ALL,1,6,4,1000,0.4171,0.9,0.9231,0.973,0.9474,0.0114,1.0118,0.012,0.9831,0.9716
XGBoost,HR_N1000_WealthDom_Thresh2.5_Seed400_BIASED_ALL.csv,WealthDom,2.5,BIASED_ALL,1,6,4,1000,0.7631,0.74,0.8158,0.8378,0.8267,0.123,1.1714,0.0806,0.8406,0.7176
XGBoost,HR_N1000_WealthDom_Thresh2.5_Seed400_BIASED_FAIRNESS.csv,WealthDom,2.5,BIASED_FAIRNESS,1,6,0,1000,0.7631,0.74,0.8158,0.8378,0.8267,0.123,1.1714,0.0806,0.8406,0.7176
XGBoost,HR_N1000_WealthDom_Thresh2.5_Seed400_FAIR_ALL.csv,WealthDom,2.5,FAIR_ALL,1,6,4,1000,0.6375,0.93,0.9388,0.9892,0.9634,0.0154,0.9844,0.0317,0.9697,0.9851
XGBoost,HR_N1000_WealthDom_Thresh2.5_Seed500_BIASED_ALL.csv,WealthDom,2.5,BIASED_ALL,1,6,4,1000,0.6777,0.705,0.7771,0.8356,0.8053,0.0231,1.0297,0.0211,0.8,0.7769
XGBoost,HR_N1000_WealthDom_Thresh2.5_Seed500_BIASED_FAIRNESS.csv,WealthDom,2.5,BIASED_FAIRNESS,1,6,0,1000,0.6777,0.705,0.7771,0.8356,0.8053,0.0231,1.0297,0.0211,0.8,0.7769
XGBoost,HR_N1000_WealthDom_Thresh2.5_Seed500_FAIR_ALL.csv,WealthDom,2.5,FAIR_ALL,1,6,4,1000,0.6582,0.885,0.9021,0.9777,0.9383,0.0005,0.9995,0.0065,0.9697,0.9701
XGBoost,HR_N1000_WealthDom_Thresh2.5_Seed600_BIASED_ALL.csv,WealthDom,2.5,BIASED_ALL,1,6,4,1000,0.6985,0.7,0.7736,0.8367,0.8039,0.0413,1.0528,0.1249,0.8246,0.7832
XGBoost,HR_N1000_WealthDom_Thresh2.5_Seed600_BIASED_FAIRNESS.csv,WealthDom,2.5,BIASED_FAIRNESS,1,6,0,1000,0.6985,0.7,0.7736,0.8367,0.8039,0.0413,1.0528,0.1249,0.8246,0.7832
XGBoost,HR_N1000_WealthDom_Thresh2.5_Seed600_FAIR_ALL.csv,WealthDom,2.5,FAIR_ALL,1,6,4,1000,0.5565,0.92,0.9293,0.9892,0.9583,0.0145,1.0147,0.0156,1.0,0.9855
XGBoost,HR_N1000_WealthDom_Thresh2.5_Seed700_BIASED_ALL.csv,WealthDom,2.5,BIASED_ALL,1,6,4,1000,0.6869,0.73,0.7907,0.8831,0.8344,0.1812,1.2257,0.1474,0.9841,0.8029
XGBoost,HR_N1000_WealthDom_Thresh2.5_Seed700_BIASED_FAIRNESS.csv,WealthDom,2.5,BIASED_FAIRNESS,1,6,0,1000,0.6869,0.73,0.7907,0.8831,0.8344,0.1812,1.2257,0.1474,0.9841,0.8029
XGBoost,HR_N1000_WealthDom_Thresh2.5_Seed700_FAIR_ALL.csv,WealthDom,2.5,FAIR_ALL,1,6,4,1000,0.6757,0.905,0.9184,0.9836,0.9499,0.0043,1.0044,0.0233,0.9831,0.9787
XGBoost,HR_N1000_WealthDom_Thresh2.5_Seed800_BIASED_ALL.csv,WealthDom,2.5,BIASED_ALL,1,6,4,1000,0.7757,0.785,0.8166,0.92,0.8652,0.0818,1.1001,0.0689,0.8986,0.8168
XGBoost,HR_N1000_WealthDom_Thresh2.5_Seed800_BIASED_FAIRNESS.csv,WealthDom,2.5,BIASED_FAIRNESS,1,6,0,1000,0.7757,0.785,0.8166,0.92,0.8652,0.0818,1.1001,0.0689,0.8986,0.8168
XGBoost,HR_N1000_WealthDom_Thresh2.5_Seed800_FAIR_ALL.csv,WealthDom,2.5,FAIR_ALL,1,6,4,1000,0.6099,0.92,0.9246,0.9946,0.9583,0.0145,0.9855,0.0156,0.9855,1.0
XGBoost,HR_N1000_WealthDom_Thresh2.5_Seed900_BIASED_ALL.csv,WealthDom,2.5,BIASED_ALL,1,6,4,1000,0.7079,0.7,0.7857,0.8176,0.8013,0.0568,1.0754,0.0553,0.8103,0.7535
XGBoost,HR_N1000_WealthDom_Thresh2.5_Seed900_BIASED_FAIRNESS.csv,WealthDom,2.5,BIASED_FAIRNESS,1,6,0,1000,0.7079,0.7,0.7857,0.8176,0.8013,0.0568,1.0754,0.0553,0.8103,0.7535
XGBoost,HR_N1000_WealthDom_Thresh2.5_Seed900_FAIR_ALL.csv,WealthDom,2.5,FAIR_ALL,1,6,4,1000,0.654,0.92,0.9293,0.9892,0.9583,0.0117,0.9883,0.0136,0.9815,0.9932
