candidate_id,G_Gender,S_ImmigStatus,U_wealth,U_prob,H_policy,C_shadow,X_uni,X_code,X_behav,X_ref,X_exp,X_permit,Y_Target
0,0,0,0.48211123517243604,-2.0714229390038112,10.438993504556638,0.0,3,12.772825044310553,10.375958548183597,0,7,1,0
1,0,0,2.457838633769748,-1.3738029723401077,9.625189536152908,0.0,2,17.50527737967905,9.69863665304315,0,2,0,0
2,1,1,1.950626769621199,-1.1654115101257272,7.929793310404126,0.0,3,32.624263042146914,29.530215819057805,0,6,0,0
3,0,0,2.729780646969689,0.28794872632500745,6.686693766128566,0.0,2,53.92706898109442,33.09499086230373,0,5,0,0
4,0,1,2.313040424478948,-1.4848035065293756,6.217222174294214,0.0,3,30.001355624821375,47.36717423038476,0,6,0,0
5,1,0,1.527560543411206,0.31724618651021297,10.483685452927283,0.0,3,55.50597370649715,12.929424344578383,0,6,1,0
6,0,1,5.637236459508304,0.6364515438388076,3.5975185486982197,1.2685374758560934,1,59.19725731444453,70.17482561513381,1,7,0,1
7,0,0,3.4150132322683135,-1.344604175011606,8.735498080652162,0.0,2,30.921657662608926,13.809668230885897,0,3,0,0
8,0,0,1.6312408412348494,0.2734618227798706,7.902867735277141,0.0,2,55.524201514962236,31.315333066871297,0,5,0,0
9,0,0,2.4005269597926833,0.8372394982627481,8.830361974085633,0.0,3,61.59302298975598,34.75926232308899,0,3,1,0
10,1,0,1.9714881965270474,-0.424545278580929,11.683441164240117,0.0,3,42.86031188375712,0.0,0,2,1,0
11,1,0,2.170143777312967,-0.14937205476535217,11.82973860906969,0.0,2,47.99700763221073,0.317015276867739,0,2,1,0
12,0,0,5.078301162659731,-0.16812863284709012,7.370915280582601,0.0,1,46.30011672199011,24.784012180937435,0,3,0,0
13,0,0,2.226516357345945,0.0030728249765080303,10.54876077539022,0.0,2,50.42396156798794,30.57243693303042,0,5,1,0
14,0,1,1.9444631166465054,-0.36821842609914535,7.605937352638166,0.0,2,44.34264643436828,44.63979172258893,0,1,0,0
15,0,1,1.2870312834434094,0.6046961380360631,1.9498055438330462,0.0,3,60.05169607756964,77.05354024021206,0,9,0,1
16,1,0,1.1726184654511564,-2.1097313035252125,13.623106513915005,0.0,3,22.88362659059012,0.0,0,8,1,0
17,0,1,1.2798350307847348,1.0176013543120601,2.8966302454164174,0.0,3,67.97687615978107,71.43016299550976,0,4,0,0
18,1,0,1.1994609868236639,0.37193113183916154,11.70271818797029,0.0,3,61.41137695869355,13.304110457634083,0,4,1,0
19,1,0,1.4306603993035454,0.17922598676485613,10.26325536202772,0.0,2,41.485739249653506,10.450046879543917,0,5,1,0
20,1,0,1.3163291103288635,1.241927522710808,9.790800414114466,0.0,3,68.96217826061518,20.2426474917073,0,3,1,0
21,0,0,1.99019302760886,-0.9820177908953914,10.92060236601213,0.0,3,35.51413372489227,17.413931155595,0,4,1,0
22,1,0,2.5465835928054084,-1.0717072912296117,9.896816299743737,0.0,2,28.58066150370385,0.0,0,5,0,0
23,0,0,1.8747175349379945,-0.00017673092631820863,9.587981579157802,0.0,2,45.89494620645907,26.558443588145202,0,2,1,0
24,0,0,1.6126598199011033,0.20929166254615977,9.143594482235189,0.0,3,56.47052307506402,33.90986706070776,0,7,1,0
25,0,0,2.0881772738282045,0.07493406902225075,9.103481961098913,0.0,2,45.92068964803096,24.911603703899914,0,4,1,0
26,0,1,1.2165814364763228,-0.03942959691698399,2.800008975641881,0.0,3,49.45950652032505,66.21896183596054,0,7,0,0
27,1,0,2.0065850695937852,-0.4018788770912129,12.349394324853215,0.0,2,36.310473748804995,2.14033616616309,0,3,1,0
28,0,0,1.3047372065031229,1.113354270334753,6.8146095970199445,0.0,3,67.79674167707675,34.110406585307466,0,2,0,0
29,0,1,2.597511716073461,-1.5148390054125789,4.476029745149205,0.0,3,28.829058944252495,54.08132664052492,0,5,0,0
30,0,0,1.6259919596227708,-0.9539533488693088,9.405289811816015,0.0,3,35.329459908341256,25.993057933656694,0,8,1,0
31,0,0,2.675271678113498,0.6693213228124087,7.732621952041024,0.0,2,58.64679463903832,36.83992776458065,0,4,1,0
32,1,0,1.999400530929596,0.4608125229891217,9.192317404082758,0.0,2,58.1668148960267,18.06026280389769,0,6,0,0
33,0,0,1.2514222012757992,0.9160667351424117,7.525592429885267,0.0,3,64.34009930778763,37.742254607262225,0,4,0,0
34,0,1,4.086708045981791,2.028459485988246,2.6383981461458914,6.120709398466173,1,79.68675052337058,78.2522520423739,1,4,0,1
35,1,0,0.9786053684805376,-1.153744020787468,12.127827126899211,0.0,3,33.31524902583688,0.0,0,4,1,0
36,0,0,1.0941814459123693,-1.7531895157915742,10.171996464316644,0.0,3,23.830845526689167,15.231438168978686,0,2,1,0
37,0,0,0.8193102049438239,-2.2332600581876023,10.62417277067802,0.0,3,15.769438685550302,4.087195836360648,0,4,0,0
38,0,0,1.3896011980784475,0.4024581091281204,8.24975873072016,0.0,3,55.325155255681885,39.37846715906243,0,9,1,0
39,1,1,2.666490121265825,0.5188929839489823,7.602493704266837,0.0,1,51.47882994136511,46.4893442104096,0,6,1,0
40,1,0,1.8038884047647685,-0.5641686164718657,10.290452973920273,0.0,3,42.56368978011983,0.670057495810973,0,3,0,0
41,1,0,0.813503069127936,-0.16401158591326573,11.260956444984338,0.0,3,47.22957477892377,5.248654611888691,0,3,1,0
42,1,1,5.351690661659387,0.060765156677884846,6.088549192177872,0.0,1,51.4532636569898,41.975047457182086,0,5,0,0
43,1,0,3.2975746140289206,0.9089484009554083,11.511122904485674,1.701487919189188,1,66.83414971442838,14.339554197456607,1,3,0,0
44,1,1,1.0149678319936104,-0.28856488080575715,6.461478208010043,0.0,3,46.40503015880881,31.806271264255013,0,4,0,0
45,1,0,1.3831999841392082,-0.6112652821642951,9.602634635438369,0.0,2,42.06246675293213,0.0,0,2,0,0
46,0,0,2.424264949453458,0.8065941834714899,9.372877653238898,0.0,3,64.40309956742806,35.058215511259185,0,3,1,0
47,0,1,0.6556324581780334,2.0523599105954498,2.3824453351819956,0.3288207795321361,3,78.12633896696671,72.65495632310542,1,1,0,1
48,0,0,5.038516926579189,1.4956089126935825,6.348154140318331,3.096426794577904,1,68.06084153131704,46.30440118148175,1,6,0,0
49,0,1,3.0019105804480226,-1.2495827855446426,4.76146900600659,0.0,2,29.729179406710955,51.35100291136091,0,7,0,0
50,1,0,1.9939149683029265,0.37424948104409517,11.241017767163815,0.0,2,55.77557683192159,11.122993018875821,0,4,1,0
51,1,1,2.6192561671197248,0.4046387767866343,4.76656447713544,0.0,2,56.85344011941744,53.49205224826965,0,11,0,0
52,1,0,6.378869035721578,0.32749898172192915,11.191734816987086,0.0,1,54.57706797670728,11.135539271786614,0,4,1,0
53,0,1,0.883420823775982,-0.09540285429336147,3.6870519951372884,0.0,3,48.49502230189958,59.18621837134445,0,5,0,0
54,0,1,3.5235241221643046,-1.6386092099401337,5.417755350152529,0.0,2,22.390460061858235,44.18554984701046,0,4,0,0
55,0,0,0.8711835275333218,0.4129112865737944,9.133612650907574,0.0,3,56.47685525400468,31.411469847087155,0,4,1,0
56,0,0,3.7235637436021447,-0.8147345237474514,7.511442993707467,0.0,1,61.90335670297673,20.931999670474475,0,3,0,0
57,1,0,2.02794016641308,0.43219863115632257,10.943927804484874,0.0,2,78.43825456187865,12.119573908355665,0,4,1,0
58,1,0,2.56522940225511,-1.5352450223199976,11.950096317099595,0.0,2,27.79383290970139,0.0,0,6,1,0
59,0,1,1.7784881046247374,-1.7605358373433788,6.375887836311579,0.0,2,22.206446287886138,35.004247148032526,0,3,0,0
60,1,0,1.1881945937866791,-1.2104478623052055,11.874856570955714,0.0,3,25.8486408911454,0.0,0,6,1,0
61,1,0,1.4270461094255038,-0.3780845587847098,12.808007200310165,0.0,2,44.653661629182466,6.128637310507282,0,5,1,0
62,1,0,0.9515246344774905,-0.8151023524398259,13.33619217547829,0.0,3,61.586099801308706,0.0,0,4,1,0
63,0,0,1.1970811891528201,0.10656151212110276,9.107373273936792,0.0,3,50.56091685381632,28.756418425980712,0,8,1,0
64,0,1,1.665865452057048,-0.6208274789812879,4.589854634195974,0.0,3,38.70699388115524,52.589010400029444,0,4,0,0
65,0,1,1.4145342642632146,0.9895825301890264,2.883560710724846,0.0,3,68.66427425901624,67.13366173978842,0,6,0,1
66,1,0,0.6504724893805411,0.023855627871682526,10.684645166183234,0.0,2,100.0,13.243370782462225,0,7,1,0
67,0,0,0.5260745314919045,-0.14975845180562822,9.864562609251852,0.0,3,48.24678035339265,28.739334184751115,0,4,1,0
68,0,0,1.4765744750488696,0.5964136189846465,6.281931555101789,0.0,3,65.6857591497019,35.934889449530075,0,5,0,0
69,1,0,1.1732711684354016,-0.9150718709662162,14.518575384581608,0.0,3,37.82985239763585,1.247155556807194,0,6,1,0
70,1,0,1.6513240981766328,1.6812345770308716,9.898664768749073,0.0,3,73.74384801297141,21.324768426644678,0,2,1,0
71,0,0,1.559293362982901,-0.25825119195825635,9.385619126722043,0.0,3,50.86401356308401,30.512834271370963,0,6,1,0
72,0,1,1.2789783543429896,-0.3136364518882259,4.098459987322245,0.0,3,45.833094524396884,61.4418212669636,0,7,0,0
73,0,1,2.767158535948301,1.740757754479708,2.843073105245494,0.7417287712227886,3,76.58664197096066,63.5654898580095,1,2,0,1
74,0,0,3.4939455722951918,-1.863556493350838,11.689349151402949,0.0,2,22.08569638044602,4.684448801788594,0,2,1,0
75,1,0,1.416959420388055,0.47904164800830423,12.461585732625755,0.0,3,59.080104960561926,7.29512770715064,0,1,1,0
76,1,0,1.5094017866393084,-1.4835979820325802,9.790030701811093,0.0,3,26.283829950872875,2.096988233405016,0,5,0,0
77,0,0,0.8331035739547396,-1.1567108473576388,10.015241435342176,0.0,2,31.35852624903492,18.32158425821826,0,2,1,0
78,0,0,2.1217125546931035,-0.8564751814581458,9.905031163265816,0.0,2,37.974593364331504,22.27442975586837,0,4,1,0
79,1,0,1.1457650394234966,0.034755545124970255,10.916411874045945,0.0,3,51.10707916353292,5.687089601146265,0,4,1,0
80,0,0,1.9063175809835977,-0.4071020068680684,9.426895493609344,0.0,3,43.65354741104521,31.667520281152754,0,7,1,0
81,1,1,1.0139706515039044,-1.7484198481235405,9.948438337982935,0.0,2,27.2593689709768,17.929871698455244,0,4,0,0
82,1,0,2.3943795820868514,1.0146407510254425,6.823422736200414,0.0,2,67.4699371607857,30.879807430779703,0,9,0,0
83,0,0,1.1763834273373504,1.9406719430634274,6.723790453406339,0.11599205599194734,3,79.35348198745268,60.334296135386225,1,11,1,0
84,1,0,1.4754940228882103,1.2086005729228084,9.43331130795193,0.0,3,68.03184933617929,25.78795402425849,0,7,1,0
85,0,0,3.289608726613456,1.0287274613635027,7.552530381207191,1.9292535194671394,1,67.98338563342887,52.77148917522792,1,9,1,0
86,0,0,1.1755966294397144,0.5149099554015025,10.822856048890516,0.0,2,52.652398688026196,31.91529494380351,0,3,1,0
87,0,1,2.729940941370493,0.5402589086480041,3.007359465863666,0.0,2,54.768166242399644,71.45900457010355,0,8,0,1
88,0,0,1.3696783742525713,0.5847043783626423,8.71020164239576,0.0,3,58.866182945800595,36.008372132358886,0,4,1,0
89,1,0,1.601004948098363,-0.8458081751011909,11.94958000852971,0.0,3,37.88701085916411,0.0,0,2,1,0
90,0,1,3.1609110001186824,-0.5039738136858574,4.21066648102366,0.0,2,39.02003847106593,59.34067953352564,0,8,0,0
91,1,1,2.188454908085978,1.4949575090385232,4.134890711497285,2.0121163739935124,2,71.73188997534155,54.19511159524459,1,7,0,1
92,0,0,1.973337495417612,0.06714800896426454,10.377269508862502,0.0,2,51.24172703544749,22.82802374807368,0,1,1,0
93,0,0,2.555029916581189,-1.2949510156559116,10.43881483434489,0.0,2,10.477175682921171,21.211307404595193,0,7,1,0
94,1,0,0.6969728015368352,-2.3629471825855926,12.824231251873332,0.0,3,16.4713324373601,0.0,0,6,1,0
95,0,0,0.9375506727915495,-0.48012499721435997,10.212469814664436,0.0,3,43.57660190081387,17.984004098914163,0,4,1,0
96,1,0,1.7003682265637357,-1.2354463312449981,12.184589425054202,0.0,3,31.337877814806944,0.0,0,3,1,0
97,1,1,2.464384872565559,0.29768907332306,5.300946699944222,0.0,2,56.78861557582151,52.21162358692768,0,8,0,0
98,0,0,1.9131801736347551,0.4190755786472332,8.373951773345452,0.0,2,53.52106488161527,29.164910811174412,0,6,0,0
99,0,0,1.6301820169509555,0.46243576512434853,10.0147868812823,0.0,3,56.366573243907425,35.63793274866183,0,6,1,0
100,1,0,1.2296232805797531,0.27559425896081186,7.861989099059016,0.0,2,64.23547286197174,11.301086131229196,0,5,0,0
101,1,0,1.836592337160658,-0.449614790634759,11.718798860118506,0.0,3,42.90289501018899,4.071047604537675,0,3,1,0
102,1,0,1.8419051165175961,1.2568459454734766,10.856766878549578,0.0,3,69.66222710605032,26.65854031699075,0,7,1,0
103,0,0,1.0332943515375468,0.5424150035165926,8.25966875300908,0.0,3,58.177395361140384,38.21953563581153,0,7,1,0
104,1,0,1.7508133613335135,-0.6806749994886163,9.907763117728097,0.0,3,41.553412737546395,3.6771285631442048,0,5,0,0
105,1,0,2.103125452976186,1.7790527592885523,9.658247742824637,2.665800186751064,2,74.42343842910662,30.74323505919967,1,3,1,0
106,1,1,1.7443669213316044,-0.8004409993530687,8.932739368116307,0.0,3,37.7523081550713,29.99954915480039,0,6,1,0
107,1,1,1.3526985189995482,-0.5544892216000701,7.0429081568457725,0.0,3,32.34636230343151,29.909070109412262,0,4,0,0
108,0,1,8.10247548512653,-1.0517443686562284,5.0105377975203185,0.0,1,35.11080979089458,47.39802760845405,0,4,0,0
109,0,0,2.3481087619135583,-0.924467671332999,9.450269390631039,0.0,2,36.010413284857506,21.79055396775212,0,7,1,0
110,0,0,0.6055898960153696,1.4013648453324656,9.557871603188483,0.08345116136253067,3,72.22900749029824,36.7019405643681,1,2,1,0
111,1,0,1.0538210425012793,-1.042657983270108,13.716140737070953,0.0,3,35.58373780716202,0.0,0,4,1,0
112,0,0,0.7641670540307024,-0.40635649533916934,9.915317050276238,0.0,3,44.18219173008912,27.238402618524432,0,3,1,0
113,0,0,0.8192064829133731,-0.17010928603783237,8.346297321826192,0.0,3,47.18911486608979,33.809197778277664,0,8,1,0
114,0,1,1.7102212268825985,-0.5304661146811958,5.434855681571801,0.0,3,44.42402275185771,43.44385987204197,0,2,0,0
115,0,1,0.7538125077244026,-0.5622132452807056,6.748445990742752,0.0,3,41.47198075853353,56.39610223928795,0,6,1,0
116,1,1,0.9302207939722158,-2.1500546775727147,11.726166473693572,0.0,3,16.817021623228538,6.5241861305975934,0,2,1,0
117,0,0,2.4129076555751814,0.8883383218074862,8.731710385659062,0.026233498130955824,2,63.46819315450504,38.8640437522909,1,5,1,0
118,0,0,1.9513791806687522,2.415276772179026,5.015418793223019,4.550084379724043,2,84.20214399194411,47.9212131448815,1,5,0,1
119,1,1,2.5609535605661624,1.5654199873211851,3.9134797767730465,2.8266915502886976,2,73.25348807167872,55.707654826021844,1,5,0,1
120,0,0,3.1025306711781226,0.8662552022885021,7.260334691168878,0.0,2,63.571865749441656,50.36248027775039,0,7,1,0
121,0,1,3.674765659633262,-0.8759666176090737,5.2335999872769445,0.0,2,37.26020100922967,52.7231951842495,0,3,0,0
122,1,0,1.3931548505515716,0.5972355334787374,10.685889740984946,0.0,3,59.51738442973137,10.069039976376175,0,3,1,0
123,0,1,1.6703540716169283,0.27629690137930796,4.657442322428229,0.0,3,51.28694385376036,54.93684652949629,0,1,0,0
124,1,1,1.262399918684513,0.8948590936650321,4.23516510494198,0.0,3,78.07798763328046,68.0440588795174,0,9,0,0
125,1,1,1.1569103331099748,0.4573802748448903,7.308236376244475,0.0,3,58.196398962031466,43.40184992157773,0,5,0,0
126,1,0,0.9740664987250769,1.6432687669065629,9.734221998710932,0.0,3,75.39688748147915,21.763031219171268,0,2,0,0
127,0,0,1.454775022437209,-2.0611910829492235,9.476537373717049,0.0,3,20.986821813652824,7.1780130947681355,0,4,0,0
128,1,1,1.0569047187379148,1.1200429949217634,5.074138692033419,0.0,3,66.84250847176457,45.51686017777613,0,3,0,0
129,0,0,1.6486913624375241,-0.23226790143843068,9.309552122465258,0.0,3,46.09499720993834,31.01607560790971,0,5,1,0
130,1,0,1.613511738412779,0.574868563417772,9.808963496997576,0.0,3,59.790004965370976,20.398132567740305,0,8,1,0
131,1,0,2.561553730774469,0.3549950934320809,12.137651554917293,0.0,2,55.13255513890766,0.0,0,4,1,0
132,0,1,2.7321003942730315,0.4368828532179951,4.500346054326408,0.0,2,55.957970470606504,73.97919842871175,0,6,1,0
133,1,0,1.9078833462425155,-1.0483123606450453,11.424675991259312,0.0,3,30.619011569667933,3.089568089264043,0,6,1,0
134,0,1,2.058302015712884,0.8609772972352082,2.4463804034699876,0.0,3,65.57035098169705,79.73440203002417,0,10,0,1
135,1,0,1.9083285555450744,-0.2709927456225693,9.079521234155374,0.0,2,46.36966496560742,6.218215927612246,0,5,0,0
136,1,0,2.294388981569443,-2.2309365430650496,11.785410010857055,0.0,2,19.108402448512706,0.0,0,4,1,0
137,0,1,1.083446713830572,0.26623679353647206,4.945612371648801,0.0,3,56.0272088871199,59.77948245912704,0,3,0,1
138,0,0,3.312383978765186,0.11036467853867113,9.142223072091626,0.0,2,49.20970796397962,31.44020363061742,0,5,1,0
139,0,0,1.6438043437247343,0.5058841735705567,10.302281057332817,0.0,3,57.13074707617952,23.63485549838073,0,3,1,0
140,0,1,0.7144850910425483,-0.8427191199011723,5.9033562963312445,0.0,3,37.9852197806415,42.67553043358757,0,2,0,0
141,1,0,0.797430870371182,1.0671648332307522,10.36336046938936,0.0,3,45.56756044721752,15.359335848955205,0,4,1,0
142,0,1,2.9887733767164004,0.745277918569944,3.5045492387574533,0.0,2,57.39786741190461,76.74202038878423,0,8,0,1
143,1,0,1.3541572205961403,-1.1340767321719618,11.491741815291682,0.0,3,30.9044110496881,3.8475653350077987,0,3,1,0
144,0,0,1.8035021138983256,-0.7443969690060195,9.159670426089612,0.0,3,33.988797524690256,23.460771575304005,0,4,1,0
145,1,0,1.5900492432240092,0.15593815377371736,11.19572564415359,0.0,3,53.29430111211341,9.486874135381578,0,5,1,0
146,1,0,1.2970219942560164,0.3090137718971048,10.376345616561599,0.0,3,54.465475299480744,13.418144396227625,0,5,1,0
147,0,0,1.8384956254796716,0.3971707230551455,7.948993185004283,0.0,3,55.9235782113048,40.51011019472923,0,8,1,0
148,1,1,1.468405372238797,1.1208737938356659,5.636551266217675,0.541421205809,2,66.4790363394196,43.23907504342466,1,2,0,0
149,1,0,1.9940220288202788,-0.5946404408024601,12.354936716755626,0.0,2,39.92767293629619,0.0,0,4,1,0
150,1,1,5.300365126702729,1.593439853743394,4.983062493830316,4.325664932256071,1,73.39219152359287,53.57161106710685,1,5,0,1
151,1,1,1.48825163666034,-0.530302271756838,8.012973433705632,0.0,3,42.00730521728519,25.358407462710627,0,2,0,0
152,0,0,2.9607504401390408,1.7196793760985485,7.561449587466745,2.688285589421192,2,73.98081773574076,38.52072013595336,1,4,1,0
153,0,0,1.345208378597433,-0.11631166187898814,9.458841271765053,0.0,2,49.276294348763024,24.150438083014887,0,3,1,0
154,1,1,2.3724158084383262,0.43460868342319464,5.630192423284902,0.0,3,58.46943585900488,41.298852724939515,0,5,0,0
155,0,1,2.5908152575780194,-1.329917114562509,6.557121090354547,0.0,3,29.574508125575058,45.57089615762672,0,3,0,0
156,1,1,2.6389565077536634,-1.817142636058121,7.770102313577568,0.0,2,22.098383372781512,19.675285372217093,0,4,0,0
157,0,0,0.896684477532613,-0.5105506379804677,11.22878918058779,0.0,3,44.39490526888962,11.103910121452671,0,1,1,0
158,1,0,5.255723740884698,-0.23946648148164912,11.65444838206293,0.0,1,44.885580098264,0.0,0,4,1,0
159,1,0,1.2530495578830534,-0.5459114685929772,13.055786728006048,0.0,3,33.829484430820756,0.0,0,3,1,0
160,1,0,3.3634076919984626,0.8117464075412735,10.197041472008518,1.3141998204408085,1,62.533284207197454,18.83275858216175,1,5,1,0
161,0,0,0.9535447719332101,0.7244604004910323,7.189997544099237,0.0,3,60.420908737511844,39.80431622493852,0,6,1,0
162,1,0,1.7455312715688667,0.5037009712380983,8.57127096101502,0.0,2,57.603020804360234,14.584706860358633,0,4,0,0
163,0,1,4.326551137387583,-0.3103603507134156,3.7467160537864745,0.0,1,45.9538108262536,58.76138196209992,0,8,0,0
164,1,0,0.6513427234375502,0.521309554747927,10.327302193623993,0.0,3,57.384921454418794,21.103795718901914,0,7,1,0
165,1,1,1.4175554815134266,-0.7570133450480714,7.2883444080058535,0.0,3,37.11998711603366,33.580491170077174,0,6,0,0
166,0,0,3.2856280826444677,-0.5477924113755159,9.866697755023129,0.0,2,43.60723571301013,25.052240135458455,0,5,1,0
167,0,0,2.1954708429346854,0.9997525627044737,8.95891947847719,0.0,3,65.38055141908075,41.940586757922006,0,3,1,0
168,1,0,2.007004048506777,-1.2048040484753777,11.917633706123455,0.0,3,32.11133913906466,0.09052644944010835,0,5,1,0
169,1,0,1.7303887776184554,-3.2757416675647635,11.451969872733232,0.0,2,0.8497467739747164,0.0,0,7,1,0
170,1,0,1.1458509110969588,1.1313924769970118,10.660872790208394,0.0,3,68.34909100623587,15.984509448418844,0,1,1,0
171,0,1,1.2729677673258217,-0.4651230049266317,3.140073656653758,0.0,2,40.72230271791568,63.49427144715658,0,6,0,0
172,0,0,2.761186830944661,-1.2777245665774912,10.545094129255169,0.0,2,31.157884205782835,15.12285695815013,0,4,1,0
173,0,0,1.1026146303872508,0.10653640213397494,10.038074414349675,0.0,3,52.83756739033882,25.924842911775766,0,4,1,0
174,1,0,0.7161559206992336,0.7744635044653895,10.174092825534629,0.0,3,61.88356785214803,18.1750675275334,0,6,1,0
175,1,1,1.1590848058572916,-0.9498110079037261,7.339441389808743,0.0,3,40.65196586397425,23.446904889478866,0,1,0,0
176,1,0,1.9711538899149392,-0.025278999283197802,10.746953558493797,0.0,3,49.39485476258729,18.829135115382808,0,6,1,0
177,1,0,2.204649397134758,-0.5016978961324923,11.553644913968055,0.0,2,41.88345310411478,5.871219981751906,0,1,1,0
178,0,0,1.1037596428123952,-1.5551965135469132,11.096540530870158,0.0,3,24.526967114188942,4.7877239694740314,0,3,1,0
179,0,1,1.1690965088732173,-0.619668660814449,3.3447481502793432,0.0,3,41.531255550945176,66.00715630386875,0,8,0,1
180,0,0,1.2235866796919423,-0.29578827318190243,8.06248970739157,0.0,3,45.00254568658173,29.987889681757963,0,3,0,0
181,0,0,2.083592784713451,0.09819518285827133,7.5121102760106,0.0,2,49.85050582202299,24.61683409669008,0,2,0,0
182,0,1,2.1462843126960345,-0.5345104558356911,4.756044738514431,0.0,2,42.37605651835667,49.90722183410653,0,2,0,0
183,0,1,1.771115674235491,-1.0771649612113159,6.046841673159388,0.0,2,17.246351309054937,41.131294794585486,0,4,0,0
184,0,1,2.1330714370054626,0.5003923360857911,3.3934624758824725,0.0,2,55.989041856782926,66.97055867999731,0,6,0,0
185,0,1,1.1769981856833183,-0.9072616450737351,4.797431193151246,0.0,3,51.57725715370904,55.03195019717691,0,5,0,1
186,0,0,2.7122587596061614,1.8929402584970094,6.68519802934349,4.318581369589448,2,76.92174970190891,50.213072642774826,1,5,1,1
187,0,0,1.4136631653780432,-0.080184600509047,9.419716690329565,0.0,3,41.95136975625851,25.7354932755023,0,4,1,0
188,0,0,1.2580219350729245,-0.01700301003709094,10.126789341172847,0.0,3,54.92944126130155,24.25303164532437,0,5,1,0
189,0,0,1.091230756258514,0.5207851670994573,8.27820150409666,0.0,3,57.731040319481565,40.86663697226749,0,6,1,0
190,0,0,1.496333445534549,-0.6559803106222801,6.734357420685446,0.0,3,39.87892318106044,32.79119096536291,0,9,0,0
191,1,0,1.6388536088851917,-0.8952973470950818,9.550861897979201,0.0,3,47.964230971728284,0.0,0,3,0,0
192,0,0,1.3284025954992034,1.4272139800651853,6.390625156179729,0.6670092785227697,3,72.31053150843024,50.109904693437024,1,8,1,0
193,0,0,4.376298203396992,-0.5072147242601972,7.3077081405414965,0.0,1,43.69900363564644,23.178102062810165,0,3,0,0
194,1,1,1.369600089699531,-1.1927067678715166,7.376115668137919,0.0,3,34.135589787958146,26.560528800610665,0,3,0,0
195,0,1,2.6477360704549393,1.4328116106094642,2.5847565190132484,1.62516740120738,2,71.2359304816896,76.25380832685795,1,6,0,1
196,1,1,1.5968556160568284,0.9622924311388547,6.266492509802002,0.0,3,63.79736998681882,44.28886766651154,0,4,0,0
197,1,1,2.768438581352251,0.10593023341201388,4.23820537118299,0.0,2,57.67826089561827,53.96427428301482,0,9,0,0
198,1,1,3.186306641802494,-0.6376751260593271,6.486117339396391,0.0,2,39.11060114460527,32.69241938391797,0,4,0,0
199,0,0,1.9420431858761615,1.0375199936915593,6.888207438675297,0.6328363947981738,2,68.57957893927446,50.97816580744281,1,10,1,0
200,0,0,2.2764187556899667,-0.7351058317975251,9.675499429546004,0.0,2,40.587331874371316,26.352564229455098,0,8,1,0
201,0,0,5.913772308272935,0.7353035361679386,8.734993566299444,0.40330410346591905,1,60.43775086069998,34.059137294471206,1,6,1,0
202,0,0,1.2242352552557216,1.6830893982617459,8.21668437656528,0.5672146712346358,3,74.78200373508334,46.997399949815645,1,4,1,0
203,1,0,2.126785460019848,-0.39200077630812713,10.614421127901522,0.0,3,44.825740960833755,7.446142319139994,0,4,1,0
204,1,0,1.0809718697242923,-0.28487918913711185,12.62968801430974,0.0,3,44.75499870110571,1.678171362212933,0,3,1,0
205,0,0,2.2993483543578126,-1.652694304947977,10.368229663374967,0.0,2,25.229474430101728,13.112828133201464,0,5,1,0
206,0,0,2.6188051982283174,0.3065652483079811,8.489313930918561,0.0,2,54.968369011119876,45.777995143838496,0,7,1,0
207,1,0,1.20548005371052,0.4720338148969158,11.45803365870501,0.0,2,57.545045308338,8.555167814651558,0,3,1,0
208,1,0,1.5157799620973413,-0.4868120380779691,9.262232485928529,0.0,3,40.02246175117726,2.0076199342646808,0,4,0,0
209,1,0,1.928485441145046,-1.9791079682131119,12.076800766795921,0.0,3,20.139289941376976,0.0,0,1,1,0
210,0,0,1.9657261459377675,0.12304839449220017,6.814946435993372,0.0,3,54.79663597496132,28.1762878212937,0,3,0,0
211,0,0,1.715351595388406,-1.1999777666570708,10.910368693779233,0.0,2,28.979905804054834,12.857943968028659,0,3,1,0
212,0,0,0.794678318140413,0.4492999787793795,7.844029431160449,0.0,3,57.6637188709273,40.325595956695864,0,7,1,0
213,0,0,2.07706977327751,-1.2528927834409476,9.21692348235516,0.0,3,28.563018871689568,21.647489044829662,0,9,1,0
214,0,0,0.4706840559802559,-0.8764147895160128,9.947201468464069,0.0,3,36.98915443723422,27.967251645818784,0,6,1,0
215,0,0,5.132780030628191,-0.6248155888538107,9.362367734589728,0.0,1,37.8589152051868,32.77532287160662,0,9,1,0
216,0,0,1.1087060479646582,-0.7095900308343921,9.841812769639823,0.0,3,44.53524743449517,21.43582102599516,0,4,1,0
217,1,0,1.5565388605402177,0.09105057146026095,9.586894725518755,0.0,3,52.98774905532757,13.786399115712788,0,6,0,0
218,1,0,3.005781179075096,-0.9222539430471861,8.839863085290602,0.0,2,40.210099719016725,6.1769654013650115,0,9,0,0
219,0,0,1.4464007261734304,-0.18057569595149678,9.898169982954684,0.0,3,46.886176140194365,26.01754716870545,0,5,1,0
220,1,0,1.1841493743561018,0.47019694473651674,9.633543300955724,0.0,3,57.5016805877874,26.719695360060815,0,10,1,0
221,1,0,1.7032288538740592,1.5916424952466066,9.389956730965409,0.0,3,74.3596546473086,23.582550784138103,0,7,1,0
222,1,1,1.3769504646571884,0.5323319541484801,4.905135111870314,0.0,2,56.20751610787779,51.04748727627049,0,10,0,0
223,1,0,2.2061787067575054,0.4640291481209144,10.086658791939959,0.0,2,54.671580333262774,8.19857067572557,0,3,0,0
224,0,0,0.8439574003952308,0.004675137090785865,8.310465486773298,0.0,3,50.98567116432312,35.35419372633925,0,6,1,0
225,1,0,1.5398518048236818,0.5645048509044973,9.792862413273662,0.0,3,61.797635498540735,18.069536736326626,0,7,1,0
226,0,0,1.854572973160397,0.27604844106970394,8.8181502056709,0.0,2,52.59905976621716,27.085819984205436,0,2,1,0
227,1,0,1.8602858735922798,0.2731746145785496,11.451931614344142,0.0,2,49.65319510072786,10.13198426876742,0,3,1,0
228,0,0,1.6938688288484038,-1.2647882274995386,9.100113614997298,0.0,3,34.11619399010906,23.735042035988357,0,8,1,0
229,0,0,2.178037145805482,1.2242011161578625,7.730552898029535,0.9732899447658723,2,65.04359262799944,44.858028202728455,1,6,1,0
230,0,0,0.7655129627711047,0.9907998175437536,8.161059335031018,0.0,3,63.20496215484867,41.83007994976353,0,2,1,0
231,0,1,2.2796846332843193,0.27422019164523764,3.465315056462041,0.0,2,54.798887628489865,59.829376777220816,0,4,0,0
232,0,0,3.0741352360773178,0.8873052121038714,7.6505149837645785,0.0,2,63.85450547602225,39.04391877765961,0,6,1,0
233,0,0,1.2565634206240144,-0.08623823518393037,10.522753006289856,0.0,3,53.54376580055864,29.061788377812565,0,5,1,0
234,0,0,1.7614158147191628,-0.39658320068491915,8.905342224014367,0.0,2,44.40400191263306,32.48147450427915,0,7,1,0
235,1,1,1.1642878875908742,0.22778113829304056,5.902567080037652,0.0,3,51.817993727718196,37.140406700867196,0,3,0,0
236,0,0,1.2675181973551897,1.3895098605428087,9.133560970544545,1.671087100327732,2,69.76192062388861,40.75828577016886,1,4,1,0
237,0,1,8.120800507260364,1.1182377059938087,3.8158079320191094,2.003648584205403,1,65.43057034802281,69.63106791546473,1,3,0,0
238,1,0,2.8314433926062197,-1.1822537412402847,11.712910874055797,0.0,2,31.855907107810474,0.0,0,3,1,0
239,1,1,0.9212320940762383,0.22726491758901923,6.053342866189653,0.0,3,51.92679695222152,39.74772494229745,0,3,0,0
240,0,0,1.5168199384135743,0.22580558017246719,8.915778179902418,0.0,3,52.42874147154209,30.52103795067219,0,6,1,0
241,1,1,2.9167238860384863,-0.38223873654749496,6.151685466417969,0.0,2,47.36383251317912,34.4858695370284,0,3,0,0
242,0,0,1.7694743387479501,-1.548762309277006,9.075687667752872,0.0,3,28.491440849971873,9.831453035548776,0,2,0,0
243,1,0,1.138275615115617,0.3488670147509379,10.555005783215126,0.0,3,53.547943246548606,20.850112528824035,0,8,1,0
244,1,0,1.7615577388558759,-1.8339900877248536,12.205561627967054,0.0,2,25.566615341309205,0.0,0,4,1,0
245,1,0,0.5099633818746045,1.788748882099141,9.601591615201588,0.20634062966851577,3,74.96775361321288,19.77935115485726,1,2,0,0
246,0,0,2.2579965100920507,-1.1243876971697673,9.40972718569481,0.0,2,31.76657621988794,23.20908326794473,0,7,1,0
247,1,0,3.5914293524287206,-0.5774254197267739,12.784798162813617,0.0,2,42.09486784917679,5.654053706525437,0,6,1,0
248,0,0,1.7852722010759465,0.06331726452407654,9.057568974649698,0.0,3,50.969260426364094,27.713361175532143,0,5,1,0
249,0,0,3.0381938487471474,-0.4649055311791871,8.037306040392824,0.0,1,41.00356145062576,33.66578826888987,0,8,1,0
250,0,1,2.063263058365484,1.4691307686501962,3.529244672455215,0.0,3,73.60825627247627,76.60316265498086,0,5,0,1
251,0,1,1.6316907652742076,1.5929274630431898,3.815668333651911,2.0201042702064145,2,74.56516617338448,74.82576426471437,1,5,0,1
252,1,1,2.231462326138425,-0.6010262642958333,6.936557610935411,0.0,2,44.21824194964493,31.288525323586587,0,4,0,0
253,1,0,1.2255056691462167,-0.4062685448403602,13.219543965026276,0.0,2,40.537617982228376,0.0,0,1,1,0
254,0,0,1.5560838116492508,0.37930657525187916,9.11022163354386,0.0,3,56.56037452030677,30.9160439986227,0,3,1,0
255,0,0,2.6685740804096967,1.901406950417261,7.828590089938374,0.12951753612366582,3,74.5990651840358,42.0857291465537,1,2,1,0
256,1,0,1.5598016101192018,-0.7123193021641155,9.301656257154688,0.0,3,39.83278950249,1.6649059408925755,0,4,0,0
257,0,1,0.863153509724956,1.238112839165917,4.375645971809585,0.0,3,68.66425665423442,65.5233761575822,0,4,0,0
258,0,0,1.369930318972441,-1.2012795730033703,10.567346630438914,0.0,3,32.426795038541286,20.8044410087069,0,5,1,0
259,1,0,1.4271112170690126,1.667552217016233,10.193190000249585,1.8496363332581842,2,79.46200019242804,26.00406999491454,1,4,1,0
260,0,1,1.0620138048507632,0.39997991347279754,4.412941347584163,0.0,3,55.28983028998236,58.042474638572514,0,2,0,0
261,1,0,1.984592894291942,0.12164852322754623,11.804312409241879,0.0,3,53.52816778740872,1.7993216780905792,0,3,1,0
262,1,1,3.60388752789005,1.035721502736034,6.389937931909236,1.8290956590831153,1,66.86378576793076,41.70420556501747,1,2,0,0
263,0,1,2.412040288547568,-0.7225789204824307,4.9557423094543225,0.0,2,35.663366520976886,56.312876058217334,0,7,0,0
264,0,0,2.2589426993335575,1.3345165755406416,8.278979544552216,0.961065484065355,2,69.27961872125793,35.0339755968856,1,3,1,0
265,0,0,5.715524204444584,-1.5756983786778114,10.9734009753181,0.0,1,27.387822532885888,11.887636331063582,0,3,1,0
266,0,1,3.0627647372761726,0.09290380387999833,4.466700875740486,0.0,1,50.227832411725196,59.350559092397795,0,4,0,0
267,0,1,2.7362674486701155,-0.48143688941063423,4.1947150542343685,0.0,2,42.5870965351182,59.04898993139043,0,6,0,0
268,0,1,0.947076791943813,1.6907276446681188,2.4597368383057283,0.0,3,76.10947614294359,80.37091710349645,0,5,0,1
269,0,0,1.4253864898271522,-0.4250901593917108,6.537597106443207,0.0,3,43.55672936933104,31.317723433884613,0,7,0,0
270,1,0,4.889947641646414,-2.339028989690912,9.933556775333157,0.0,1,28.245376543617475,0.0,0,6,0,0
271,0,0,0.9904422599574335,0.3843829477694483,10.106192682125203,0.0,3,56.54001866114528,32.48323045264622,0,6,1,0
272,0,0,0.4839242669152022,0.08475573359535016,9.792427500459624,0.0,3,33.4210626572727,27.853111787902268,0,2,1,0
273,1,0,0.9065317164889102,-0.08233466706412136,7.6749618658418735,0.0,3,49.53169654260846,20.68087530009759,0,11,0,0
274,0,0,1.693857077339461,2.0826993771739124,7.305198258749065,0.49698352740051477,3,80.26632459183548,41.97098007320085,1,1,1,0
275,1,1,5.31972839430027,0.8506570969303043,4.869102207098937,1.2068932328998678,1,63.64091826810595,55.67356560701783,1,6,0,1
276,0,0,0.5223019727132346,0.9524277897328388,7.315400656465722,0.0,3,64.5850108841942,28.957502767635727,0,5,0,0
277,0,0,0.8549018244752267,1.6760210805464337,5.867642423589233,0.0,3,77.46612505841718,43.079967989982514,0,4,0,0
278,1,1,1.5499671773422747,-1.2758715708342032,7.1934707208936635,0.0,2,33.35518152070098,26.73288346856251,0,7,0,0
279,1,0,2.317765261399372,-0.8610965237426511,13.90540627387812,0.0,3,38.01259109150197,0.0,0,6,1,0
280,0,0,1.809663416631523,-1.4124356553009356,10.463509994153599,0.0,2,25.8309611662546,15.33765790308519,0,4,1,0
281,0,0,0.7991932688862058,1.416029288893722,6.819009232558626,0.0,3,37.588012595818874,40.231197917653226,0,4,0,0
282,0,0,1.4321167376782664,-1.03209132707599,9.984298487939023,0.0,3,33.49487768178229,16.271033421526454,0,2,1,0
283,0,0,2.503821581676291,-0.2814409748796948,9.5723095185424,0.0,2,47.32921271480239,21.240191010247084,0,2,1,0
284,1,1,4.479295997957137,0.45473251311100904,5.422018908206537,0.0,2,61.90202778833568,41.085581466351535,0,3,0,0
285,0,0,1.659208618118418,0.016284128450436017,6.966374040749411,0.0,3,50.74345616506766,30.903858451233702,0,5,0,0
286,1,0,2.667613276872235,2.108451276134424,6.940268840081772,3.9612372733641994,2,80.85309454848817,30.929878808926254,1,7,0,0
287,1,0,0.8897263521605139,-0.5080061818637847,8.994845608062331,0.0,3,41.958340549396866,8.180022497773628,0,5,0,0
288,0,0,1.2982165773692385,-0.4925341100395222,8.905209744154641,0.0,3,42.116085808116665,27.209052718959676,0,6,1,0
289,1,1,2.203448518238031,-1.0568821061282625,7.22224259103344,0.0,3,17.817135658462124,29.968218839003008,0,5,0,0
290,1,0,2.012547821677462,-0.40921213826645275,10.031619442480627,0.0,2,42.236854635311275,7.763004264091337,0,6,0,0
291,0,1,0.5343091721020734,-0.885553303093208,5.003663453091832,0.0,3,37.29497124943078,57.339264552187814,0,7,0,0
292,1,0,1.0851779591757205,-0.44034035935815585,10.535020199010203,0.0,3,43.97702585589246,4.01760387635446,0,4,0,0
293,0,0,0.7494690767803137,1.9739381849046327,5.2468592096055096,0.7906128449829213,3,81.69962816518994,49.23724720428435,1,4,0,1
294,1,0,1.0987456497147667,0.22968030269148257,7.960085532998987,0.0,3,34.082361899106125,17.601133370237704,0,5,0,0
295,0,0,6.451371920768647,-0.5331055996832329,9.58327360894744,0.0,1,47.69565613666481,22.806491845882025,0,6,1,0
296,0,1,2.1700346460388253,0.08974062278145847,5.478733234090919,0.0,2,48.86663358933051,67.81563718087493,0,3,1,0
297,0,1,0.5810318147112338,-0.452841037708555,4.510924347461834,0.0,3,42.74810804901363,60.56151896614855,0,7,0,0
298,0,0,1.4026902864069064,-0.5573595616398651,9.320291056202374,0.0,3,57.502345840219185,31.913047312472177,0,7,1,0
299,1,0,1.8524021364022525,-0.7693220529439964,12.712765651481487,0.0,3,39.58226901721099,2.0404613670301446,0,3,1,0
300,1,1,1.5888139525902756,0.1497122875912715,5.817287718888963,0.0,2,52.88561211186534,36.9813339879087,0,5,0,0
301,0,0,0.7632155423879846,-0.28967669286127223,10.069079058361291,0.0,3,44.337307528490506,27.606602650947913,0,6,1,0
302,0,0,4.4601362421574295,0.7156318697095805,9.00914787663401,0.0,1,60.49198960466396,34.487284012790035,0,4,1,0
303,1,0,1.6987557903520047,0.23134060131503334,11.458933845815409,0.0,3,52.873873072282386,8.873985803114786,0,4,1,0
304,1,0,3.6675326573554075,-0.30146088933228704,12.511455148476783,0.0,1,44.51218912150205,1.011974282387297,0,2,1,0
305,0,0,1.153045123908073,0.2823044718915943,9.099635250096743,0.0,3,53.95471593679844,34.17083868979026,0,7,1,0
306,1,0,3.9761146178606235,0.6839762882503021,11.386301173055214,0.0,2,60.533405631541335,16.07798780883649,0,5,1,0
307,0,1,0.8503403957679787,-1.3500429452331058,5.196424649240059,0.0,3,29.410857007198,46.790115365418046,0,3,0,0
308,1,0,0.9108246296546384,0.7051596220112956,10.108791096326595,0.0,3,60.369272539494276,20.97161428975704,0,7,1,0
309,0,0,1.8238039379283375,2.137073823353737,7.31909181601678,3.599395629325925,2,82.26799302593584,52.634694293059745,1,6,1,1
310,0,1,1.024781494402653,-2.2464106767257834,5.610803387768822,0.0,3,15.190363006287381,42.31566676328981,0,7,0,0
311,1,0,2.7518282720214344,-0.5853890785222634,10.35713010256446,0.0,2,41.94460565112458,0.0,0,1,0,0
312,0,0,0.958372161915718,1.9074798139092137,5.089369965041883,0.45340494313383783,3,81.48000323163551,48.83011963440606,1,5,0,0
313,1,0,0.4774243055351818,0.010905395814207505,11.42549035900986,0.0,3,44.11027312630187,10.681516934128965,0,4,1,0
314,0,1,1.3589675272322976,0.23885239880730189,6.877729928585916,0.0,2,52.738769022364856,59.0941732860187,0,5,0,0
315,1,0,0.7502195298291695,0.2918456815040244,9.80593106140527,0.0,3,54.219240437606956,9.058961697580699,0,4,0,0
316,0,0,0.9660159525625015,1.1692581242108133,5.855815834879325,0.0,3,82.25234389546537,48.25507444161117,0,7,0,0
317,1,0,1.0709779061630933,0.1408009299979928,10.338841999123467,0.0,3,52.53774285266244,17.099627015963456,0,9,1,0
318,0,0,1.5328418720692512,-2.015765869885485,10.970954720835937,0.0,3,20.613153970370686,7.820151193419651,0,5,0,0
319,0,0,3.294372050935477,0.83112448200997,6.15991124631291,0.0,2,62.41872722825189,39.191815716828025,0,5,0,0
320,0,0,0.9725493748478224,1.5551483968217041,8.17533947893666,0.0,3,69.23767837095481,39.528664767660814,0,3,1,0
321,1,0,2.255137254864252,1.6956355782070653,10.964631833147912,2.6724064040940085,2,71.1366986970398,30.28537587557349,1,5,1,0
322,1,0,1.838418310201492,-0.13574501782866083,9.171119057806372,0.0,2,49.263816686886265,7.435496476908479,0,4,0,0
323,0,1,1.1682414541478767,0.22618805067760708,6.378314882249251,0.0,3,52.80952857506725,55.83294344647583,0,2,0,0
324,0,0,2.8672720545399755,0.33853516875522,9.784896213361636,0.0,2,54.50040294885114,38.20005773132526,0,6,1,0
325,0,1,2.812942498641804,-0.9616726050457172,3.8331572348497045,0.0,2,35.61807757698038,59.74748518457054,0,10,0,0
326,0,1,1.301766370022684,0.007440825380987843,5.009888591424606,0.0,3,50.259051962484236,63.44315270300521,0,5,1,0
327,1,0,1.4699726616966455,0.6167790135999596,9.889353837854635,0.0,2,57.87306854862238,16.42492153442426,0,6,1,0
328,0,1,1.4530614081806517,-0.7081663861260946,4.916867485921762,0.0,2,37.287423243217205,55.61733752676477,0,6,0,0
329,0,0,0.8699576908888319,-1.394617727457443,9.891643791295628,0.0,3,29.954998014566147,19.995614288692185,0,7,1,0
330,1,0,1.6507571018228133,-1.1412375465748648,12.749293334206746,0.0,2,33.29672514785815,0.0,0,1,1,0
331,1,0,0.9663274832747356,0.3511611720619713,11.193424604532765,0.0,3,46.038202514925715,18.709340893868145,0,6,1,0
332,1,0,0.7428171484674757,1.1325725742830817,10.765414207039557,0.07516281979418216,3,67.72179173756523,17.45984180063008,1,4,1,0
333,0,0,2.374239722459292,-0.4953218064362082,10.023072891401679,0.0,2,45.09927988831994,26.40377506545428,0,5,1,0
334,1,0,0.6760094666948753,0.4135743579434672,10.361798069871849,0.0,3,49.1774846212044,11.431666500092174,0,6,1,0
335,0,1,1.698815000211448,-1.8248841672538347,8.110207637062503,0.0,2,22.47476109380979,43.61751756983678,0,7,1,0
336,0,0,0.9725729507284864,-1.1159772227112803,10.923987768098401,0.0,3,22.848282546821746,15.02686781262509,0,2,1,0
337,1,1,0.8298149092648403,0.659762663869361,5.200115862376325,0.0,2,62.085777991496066,43.05797959637255,0,3,0,0
338,0,0,3.104747823620342,0.36305560973179174,8.477563548272393,0.0,2,55.35047277426194,38.40914010210414,0,5,1,0
339,1,0,2.367737012467704,0.31740411795636897,11.98240469695991,0.0,2,54.924276789068664,3.690651414049502,0,2,1,0
340,1,0,2.619677255843182,-0.040189071844346086,11.050433027106063,0.0,2,50.07782013778392,5.863429486186662,0,3,1,0
341,1,1,1.2729043723433668,0.5427594130548558,5.803422279568977,0.0,3,58.23524994663399,46.63136869166228,0,7,0,0
342,0,1,2.004819503505832,-1.2744347951764714,6.758422217239614,0.0,2,28.725501298631354,54.4574548711832,0,5,1,0
343,1,0,1.4664348966633445,-0.1483143054256665,11.113601211112332,0.0,3,41.8432789241323,12.464081318113191,0,5,1,0
344,0,0,1.1525102171980524,-0.48342424210350027,8.741811171946438,0.0,3,43.71300939735931,30.4128567106319,0,5,1,0
345,0,0,0.7591220896131101,-0.8366730876408808,9.64371313079802,0.0,3,37.01356473142533,25.31956771269995,0,1,1,0
346,0,1,1.5761271857028527,0.8109015592312457,5.898638269713495,0.0,2,59.61308108661305,69.74741285365151,0,5,1,0
347,0,0,1.0312441907997738,0.13154897790302517,9.868653620153104,0.0,3,52.1072609050206,27.29378028683518,0,2,1,0
348,1,0,1.9982841038651717,0.7117906199685301,8.691628216742481,0.0,3,60.72536547155521,19.36605971857322,0,7,0,0
349,0,1,1.00101816657068,0.7975314192181713,2.301637733715717,0.0,3,61.718965333662844,67.75532317514151,0,6,0,1
350,1,1,0.9687760026410748,-0.5833912588858227,6.216147115587043,0.0,3,41.161757284615,34.91335395672158,0,5,0,0
351,1,0,2.3544630997182554,0.05854704897407104,10.41248397090827,0.0,2,51.6837376168443,11.254605631120741,0,5,1,0
352,0,0,2.90721316365785,-0.5429053074563331,9.038007948721843,0.0,2,42.165407077817,30.890811280840097,0,5,1,0
353,1,0,1.2448256509252762,1.0311730065202345,9.370904761434902,0.0,3,64.55955650761639,22.517331868147913,0,4,1,0
354,0,0,1.7456266502598803,-0.8361686200876867,7.245105357808168,0.0,2,38.00612598569718,19.979836004562348,0,5,0,0
355,0,0,1.1018408430342617,0.3954543255302675,8.18326322733876,0.0,3,55.94198637129636,35.59603541180872,0,6,1,0
356,1,0,1.1742468063147646,0.29901657018866645,10.345221115757514,0.0,2,55.00993078872287,14.73701220636444,0,4,1,0
357,0,0,0.7736560497440298,0.41122221832122446,7.446073090483271,0.0,3,56.16859646266813,39.88570404088631,0,7,1,0
358,0,0,3.2191210682279614,-0.6851559971141751,8.845033925743358,0.0,2,40.032180562994135,31.431203085504283,0,6,1,0
359,0,1,1.3199528952325916,0.860851468572181,4.226627884250691,0.0,2,62.70948677334025,71.53576645374281,0,7,0,0
360,1,1,1.1541897636070795,-1.638533120429518,6.679705055472785,0.0,3,25.179528663261156,35.06037021361732,0,10,0,0
361,1,1,2.496873128536814,-0.2220953723489093,6.374287242248702,0.0,2,41.673151411455365,34.36297871717381,0,3,0,0
362,0,1,1.6156228326938604,-0.5183307562486014,3.747591747615584,0.0,3,41.359482888194684,62.860057935613,0,6,0,1
363,0,1,1.075050863753287,0.12618463819424622,3.8760592725422565,0.0,3,43.567454563822956,64.03979434018936,0,6,0,1
364,0,0,0.9948934845190878,-0.6221472070146989,7.867358519221739,0.0,3,47.98986825570103,26.614226936495836,0,5,0,0
365,0,1,2.4419789813501076,0.0857014689741777,3.9585653071421034,0.0,1,51.18506295146581,71.51878134342853,0,9,0,1
366,0,0,1.3906364363029502,0.2660500058990498,8.273708505677869,0.0,3,53.13255657766936,40.266767383904956,0,8,1,0
367,1,0,2.054894951715313,1.056828489526071,10.052644457874527,1.2454943627705763,2,65.23531937784925,16.85834250227638,1,4,1,0
368,0,1,1.8522170895126961,-1.5383280075640833,7.271266225313299,0.0,3,27.37290465975811,44.943911259164594,0,5,0,0
369,1,1,2.093928729450504,0.2305224885058646,6.242634545960735,0.0,3,53.576204281922614,38.636324788272645,0,3,0,0
370,1,0,1.703683257103096,0.6188842255191823,12.255226251164077,0.0,2,57.64791437924489,16.88277090207129,0,9,1,0
371,1,1,1.6882684247718505,-0.049607676672837116,7.000855032007897,0.0,2,42.89009294757795,38.18943483434699,0,6,0,0
372,1,0,1.382303520382966,-0.13063298319494407,11.259055908751076,0.0,2,47.34141656223362,10.812509842388502,0,5,1,0
373,0,0,3.0115166016454986,-1.1518290717267208,11.076563330870377,0.0,2,30.254205946963936,14.230721383194355,0,3,1,0
374,0,1,2.185750422470848,0.909945338848123,5.047551740331062,0.0,3,71.43542996045201,59.13471893086426,0,3,0,0
375,1,0,1.057994993234787,0.712089680996728,10.06339888835763,0.0,3,58.84054706390951,31.917129439909388,0,12,1,0
376,0,0,2.1996858362768563,1.3184879810886119,8.746534093183978,0.11249573097747134,3,65.74084996750412,43.26695839650801,1,8,1,0
377,0,0,3.5914055375057434,-0.16718913469021154,6.395875676964564,0.0,2,46.66744382977739,42.11165396892678,0,8,0,0
378,0,0,1.885399151335299,1.660124104868089,5.286131285752329,0.7011741447657579,3,74.70035716046685,45.99422799818883,1,6,0,0
379,0,0,3.8796366761782344,0.7752156434901202,8.567971066256135,0.1674385648952873,2,62.68436725620167,42.3201308565385,1,8,1,0
380,1,0,2.006402749184575,-0.7999193754500844,11.542445151244758,0.0,2,43.84071386713916,4.726661907484624,0,9,1,0
381,1,0,1.9112927423678479,-1.4490218190496875,12.22974858113445,0.0,2,29.435078802701263,0.0,0,6,1,0
382,1,0,0.9432364810802489,-1.0269518702246447,12.216887048788184,0.0,3,32.20829185485681,0.0,0,3,1,0
383,1,0,2.3959208439595145,1.403393947884577,11.246006607784375,1.1519110670309831,2,71.03732121642734,16.262982974134633,1,5,1,0
384,0,0,0.9822189329374333,-0.2595823800552521,7.4218527956722244,0.0,2,47.604880703722195,26.108999446136686,0,5,0,0
385,1,0,1.888079451573574,0.2744929787721429,9.662291443687973,0.0,2,53.47752455529,24.596294260965596,0,8,1,0
386,0,0,1.765841616048029,0.28916477643502364,10.943560525652527,0.0,3,52.516305284627705,29.783464545269396,0,1,1,0
387,0,0,2.2043314998015897,-0.15352257123757007,8.494099609460788,0.0,3,47.956575389573636,30.294446730354785,0,5,1,0
388,1,0,1.4733954996916272,0.4885580683416547,11.442184014606106,0.0,3,56.41187632100137,16.084764675371865,0,7,1,0
389,0,0,0.5919562897536856,-0.7503861203125629,9.480111874280626,0.0,3,36.47409829581232,25.5783644828354,0,6,0,0
390,1,0,1.4705628988508865,-0.3419803358050944,11.359782769327241,0.0,3,47.30300187905336,9.67718131823443,0,5,1,0
391,1,0,1.878872327905269,-0.05753999649951357,12.359227456324536,0.0,2,48.19961543674802,0.0,0,5,1,0
392,1,1,1.4961278500188415,0.3579606907188052,5.879907589330037,0.0,3,55.701783191016624,46.487867317939546,0,7,0,0
393,1,1,2.3561038677513784,0.6720140271907157,4.3541416760350415,0.14799206160050227,2,61.170686854437626,53.67974896402845,1,6,0,0
394,1,0,0.6360109734140864,1.2072720110841368,8.612944128142136,0.32223780508664257,2,69.58193079213606,13.417598380269354,1,4,0,0
395,1,1,2.058172483038025,1.1964658076346184,3.92054093952623,0.13759584601027575,3,72.29537842873022,55.553078100067964,1,8,0,1
396,0,0,1.406125054991762,-0.801851556218661,12.213627374791583,0.0,3,38.14940240509317,10.124210155940307,0,2,1,0
397,0,0,1.1822663718703006,0.5107079121876072,9.081494296176787,0.0,3,56.71930000862962,30.820292389057823,0,3,1,0
398,0,0,1.8783077365002405,1.378103133643421,7.493002693226965,1.328724679945867,2,71.4213296572119,42.575530645107115,1,4,1,0
399,0,0,1.4021046322461432,0.08740452849340433,7.439841689157005,0.0,2,51.775807577106434,32.17196215978832,0,6,0,0
400,1,0,1.3820618824976156,-0.005256972225284783,11.38431844316741,0.0,2,48.51782686020123,5.628846709443488,0,4,0,0
401,0,1,2.3077208031264957,-0.07945699757477719,5.248051269013968,0.0,2,47.79704599194941,51.23601673017179,0,1,0,0
402,1,0,1.8101823452159196,-0.8264968966555203,10.791141433408043,0.0,3,39.34104629203243,11.792667442470563,0,9,1,0
403,0,0,1.7891642514117414,0.08691222297745649,9.37970441083743,0.0,3,52.166233461944266,25.913060870173208,0,6,1,0
404,1,0,2.0389649879517213,-1.4687317787412708,12.194771475626187,0.0,2,27.600270481479402,0.0,0,5,1,0
405,1,1,2.3693563026010893,1.1578518755204172,4.522365770214028,0.7451056142942528,2,67.91354474725345,54.87384629328268,1,6,0,1
406,1,1,1.7514303016333825,1.413157325474961,4.626422509529473,1.170890553136709,2,69.4305102169606,58.066157385925884,1,7,0,1
407,0,0,1.7608307139284323,-0.8039661673897773,9.5975546271283,0.0,2,38.27572657465372,22.689964376687595,0,6,1,0
408,0,1,1.566622059999529,0.8091173940956637,2.3721354101260865,0.0,3,62.24012427177887,73.39386136597003,0,8,0,1
409,0,0,1.9340584700461296,1.6468863362225419,7.062071689835382,2.6264770406908298,2,78.83167208637045,47.887735639928884,1,6,1,0
410,1,0,0.5706105693256617,-0.3023380008447474,12.047163273299768,0.0,3,45.92209983857854,6.549570071848768,0,6,1,0
411,0,1,1.4589944438072953,0.22908893702299354,5.2708693896202075,0.0,3,47.92656212239,61.66823634112126,0,3,0,0
412,0,0,2.262816901581106,-0.48086379748264346,8.460645750961323,0.0,2,44.61374184666603,32.85099724066176,0,8,1,0
413,0,1,1.6031379875989729,1.0186596091857347,5.371929969956474,0.0,3,65.31334035352893,60.76076362702212,0,2,0,0
414,0,0,0.5888032101180927,0.07965654261569549,7.379304531809329,0.0,3,50.443492813678766,30.19909623305693,0,6,0,0
415,1,0,1.1020399157983698,0.3526639839978731,11.864302563942354,0.0,3,54.54544582445964,6.354888395128545,0,3,1,0
416,1,1,0.6439808098872924,-1.34035537143733,7.179866292454688,0.0,3,30.442512133054226,24.76260829410933,0,4,0,0
417,0,0,2.6258104137096465,0.406232930778596,5.653728783131213,0.0,2,58.72062891356927,40.00447409162294,0,9,0,0
418,1,1,2.0240146601838296,1.2172932393544207,5.379962774614256,1.4613736953045955,2,69.82863133891192,50.624058149399886,1,4,0,0
419,0,0,1.9693893015349622,-0.07516730405516214,6.718362611086986,0.0,2,49.05944241006955,36.067095250006474,0,8,0,0
420,1,1,0.9175635318342856,-1.0585667210705867,7.748769354646385,0.0,3,32.67440773986775,31.723394096052548,0,5,0,0
421,0,1,0.988022093608166,1.847518971433523,1.5058502068135144,0.3526566610763968,3,79.12733441366915,82.17594043499912,1,7,0,1
422,0,0,1.6630593873977537,-1.146014063171577,9.873986709804074,0.0,3,33.74750562870287,15.90478782807202,0,4,1,0
423,1,0,1.9915476347609233,0.6079128556584291,8.398422874858321,0.0,3,60.7623476973795,19.59180196753227,0,6,0,0
424,0,0,1.5632633350049805,0.07998981998919745,7.855569854811553,0.0,2,50.56180451410919,33.26351917239489,0,6,1,0
425,1,0,1.1118112292711637,1.3253287940685081,9.267236589095688,0.0,3,69.28899291257609,21.45049113021066,0,4,1,0
426,0,0,0.7833186519136963,2.011127876667993,6.419623018422403,0.09158917865411104,3,61.26977556517131,48.893592079984714,1,5,1,0
427,1,0,1.1957196413821476,1.110911417612022,9.140612101596114,0.0,3,67.65826895679936,27.914852727627977,0,7,1,0
428,0,0,2.17509075339801,0.30541892387362546,8.984479575181336,0.0,2,54.402142621906286,28.863351189445417,0,1,1,0
429,0,0,1.6799786870904503,-0.4615046076452428,11.31646521362548,0.0,2,43.742573680346624,14.09103415728932,0,4,1,0
430,1,1,2.003223117313568,-0.7033338399478853,6.88570055307086,0.0,2,40.33544179191222,34.06565894294875,0,5,0,0
431,0,0,1.4816462421933696,0.4003895256860835,8.876587719540957,0.0,3,58.94687046859479,31.194981339278154,0,4,1,0
432,1,1,2.2471253841726737,1.48701083601314,4.0420196174734135,1.8164516259296406,2,72.38038435301374,62.8320224662937,1,9,0,1
433,0,0,1.0895248784693476,0.8554200121475893,8.047824531471885,0.0,3,64.04019908627778,41.81532075732539,0,6,1,0
434,0,1,1.7406268179592252,-1.1205764076143188,6.4008951600795605,0.0,3,33.09727028241515,46.00638347521903,0,4,0,0
435,1,0,1.7123378631005481,-0.06116266057146483,8.073830683897796,0.0,3,49.296662161388745,17.739229696807662,0,8,0,0
436,0,1,0.8765855908429968,0.004271199693937623,5.231033010400543,0.0,3,50.636830103990896,57.150389014704594,0,4,0,0
437,1,0,1.4465664531553104,-0.5478818744225508,11.707412723553512,0.0,3,38.08463218429598,0.0,0,3,1,0
438,0,0,0.9128105066880156,-0.3477722761218866,7.228113669943637,0.0,3,40.7461989689852,25.941418152509577,0,6,0,0
439,0,0,2.2220156072043973,0.9684029535795808,8.299489464012677,0.25948254314472824,2,63.17860085024875,37.014431884093185,1,3,1,0
440,0,1,0.8578022519041179,-0.09538932532292455,4.587888636095857,0.0,3,46.47488081547564,57.13380071346522,0,4,0,1
441,1,0,1.140319980643379,-0.022596351451200144,11.199428171728579,0.0,3,50.24073098533114,8.924236746658655,0,4,1,0
442,1,0,1.5682890259575175,0.22784746064280362,10.905959887171647,0.0,3,54.88645789997893,18.50487909959485,0,8,1,0
443,1,1,0.6048562696022696,-0.8474029118471597,7.05682832743293,0.0,3,33.17377994899141,31.07858567254392,0,5,0,0
444,1,0,1.392526810295861,-0.41639916408607053,10.693033332059926,0.0,3,42.590661262052336,2.594461369863807,0,6,0,0
445,0,1,2.493210513955656,1.2935726043812301,2.8991415565949734,2.345839078946188,2,75.42066359267307,70.20378435419734,1,3,0,1
446,0,0,2.618803803466143,0.514320700335681,9.260659413472647,0.0,2,57.78825465552916,32.44632777243822,0,3,1,0
447,1,1,1.4309714415432186,-1.1262113211943205,8.575125263299812,0.0,2,37.73148731470635,27.56129831041177,0,6,0,0
448,0,0,1.9025632632876033,0.7199355314028328,8.184967047077379,0.0,3,77.10479970832804,36.49203235352991,0,5,1,0
449,0,0,1.7904990281474287,-0.17213567820976164,10.430954652143935,0.0,3,47.70083729835841,19.426125263762664,0,1,1,0
450,0,0,0.7935950776017618,-0.4408928336075978,10.845196854382632,0.0,3,46.02771435910258,26.74505464727544,0,2,1,0
451,1,0,1.8526127926305074,-2.4944922052034264,10.507817410766542,0.0,2,12.003635411758731,0.0,0,9,0,0
452,1,1,1.5409352037683433,-0.16940650967022386,8.575167004054933,0.0,3,47.51635863401739,41.733316367025346,0,7,1,0
453,1,1,1.3210399521724012,-0.7314547846922416,7.120885895604736,0.0,3,38.763149801231584,30.266249259412106,0,4,0,0
454,1,0,2.3094600761518502,-0.7343537428863267,9.309465217851177,0.0,3,36.023881765630826,0.0,0,4,0,0
455,0,0,1.2821879761816264,-1.0455682928554264,9.885008419030765,0.0,3,34.8076104507727,24.206066706926563,0,10,1,0
456,1,1,0.9672072480761841,-1.8482066850102448,8.52791976220387,0.0,3,21.800057355669008,28.519829831806064,0,8,0,0
457,1,0,0.9746578399051595,-0.10364502912510061,11.950909024638651,0.0,3,42.43347067537748,0.827971841909088,0,6,1,0
458,1,0,2.8040419831186685,2.0294629381451843,9.229250472323931,2.525654269178825,2,78.84290760634056,28.848031904790023,1,5,1,0
459,0,0,1.328793938190065,-0.11907597808437652,9.228152349571527,0.0,2,55.3595501695232,32.51384262839907,0,6,1,0
460,0,1,1.0362900434219597,-0.7476026808153112,4.514265695363592,0.0,3,39.26473240837045,54.048680200563055,0,4,0,0
461,1,0,1.168101818515124,0.1379148910373331,10.383451254708953,0.0,2,50.617268722755014,15.320411778628245,0,6,1,0
462,0,1,3.3756224149104535,0.0881840026663906,6.639302649276551,0.0,1,55.65755278268942,62.96257489852015,0,8,1,0
463,0,0,3.1950929365629004,-0.7911197788900697,10.32015703504118,0.0,2,39.85205859948743,18.81460090485703,0,4,1,0
464,1,0,1.3199217673897266,0.6219038469083912,8.078057633661494,0.0,3,58.66410218725342,19.43634972349826,0,6,0,0
465,0,1,1.8178330672964502,1.2320617207139033,2.559295402088983,0.0,3,56.422832514354496,71.93575664294492,0,8,0,1
466,1,1,2.1379648946283445,1.8473223405102528,2.7743813261336925,3.2763743474796243,2,78.73608127544034,68.73914759470924,1,11,0,1
467,0,0,1.6963191304145357,-0.5131314083780912,8.61966880276999,0.0,3,39.984342181321956,18.453517341734898,0,3,0,0
468,1,1,1.8212426150035677,-0.7870602900355333,6.553691703135872,0.0,3,38.63031351647931,34.2377705919145,0,6,0,1
469,1,0,1.9908598926864198,-0.5490841245124035,10.87045921399793,0.0,3,38.53347118082196,0.0,0,3,0,0
470,1,0,0.9480256218527784,-0.5169673963877139,11.418852422677041,0.0,3,41.26411571700479,7.332169784753848,0,5,1,0
471,1,0,1.4310433363711483,0.8739208838582826,9.856766845287469,0.0,3,61.289906405486256,21.17430706314045,0,7,1,0
472,0,1,3.9821339594296754,-0.16300208652648152,5.092777306728428,0.0,2,1.318041074229896,53.593469725436265,0,4,0,0
473,0,0,1.3970045480978037,0.27842204196771636,7.270642824327658,0.0,3,57.32958073136007,32.20565610852895,0,4,0,0
474,1,0,2.4673875642177383,-1.066010107760348,11.526953612585825,0.0,2,34.14303948764479,0.0,0,4,1,0
475,1,0,0.6024939629532006,0.1841489531995214,10.404234938887313,0.0,3,53.38339164674235,15.58825303193656,0,8,1,0
476,1,0,0.6646721535362169,-0.43436441033628853,11.57816743803726,0.0,3,43.63748523712865,3.979472188473982,0,3,1,0
477,1,0,1.3867460347363976,-1.9540377462144127,12.818740976890675,0.0,2,22.823748588970222,0.0,0,9,1,0
478,1,0,2.4143423430838213,0.7651078573773255,10.257507656054031,0.0,3,60.39243977067899,10.71523373339874,0,3,0,0
479,1,0,1.2041873500973075,2.2300598934472293,8.975736757356724,3.670069461452323,2,100.0,37.221920752738264,1,8,1,0
480,0,0,1.8791300754792872,-0.5981550772245153,9.333919736367084,0.0,3,43.62872574034512,20.195943904420364,0,2,0,0
481,1,0,1.4397703380188025,0.006039669326993274,10.341796944081818,0.0,3,50.235556490535544,10.731053794305794,0,7,1,0
482,1,0,3.1450266272832876,0.8805681831269526,10.5126339193443,0.27394078751903794,2,60.922447432104455,13.786180590960534,1,3,1,0
483,0,0,1.7932789301521774,0.5745109787277066,8.238725951956281,0.0,3,63.58154790795466,34.32228578601836,0,4,1,0
484,1,0,1.56157887859233,1.3578052137917536,10.321852307618153,1.958711863127171,2,67.73177411034087,21.967917571605167,1,3,1,0
485,0,0,2.6760949195636754,0.8242027837761771,8.144741009442038,0.0,2,62.05432850054209,39.701448902954596,0,7,1,0
486,1,1,2.2168112865613216,-0.39758192946430093,7.417089667041228,0.0,2,44.730041028287566,33.93982544219846,0,4,0,0
487,0,0,3.016904591191219,0.28406104987691194,9.56849273315995,0.0,2,54.52733823218917,29.818660752012462,0,5,1,0
488,0,0,1.2295154882584494,-1.4241689869819696,11.246534095466524,0.0,3,26.90267969421624,15.955500924809916,0,5,1,0
489,0,0,2.022919768955646,-0.6930856204086497,10.024778302962826,0.0,3,46.18847250916982,21.557526801197252,0,5,1,0
490,0,0,4.292462029712279,1.2630538484880949,6.681817150036146,3.0033278018964022,1,68.29555288549216,38.278145020428596,1,4,0,0
491,0,1,1.6859420857926508,-0.40341069444479605,4.851119530769217,0.0,3,33.25341659998665,55.54372596719719,0,5,0,0
492,0,1,1.8893411273144767,0.22587145728423302,3.5470003551519578,0.0,2,53.50828305135978,64.20119916963039,0,6,0,0
493,1,0,1.6570310991752484,-0.6619363530131452,13.87656138663552,0.0,2,40.51158230321319,4.844405040081762,0,6,1,0
494,0,0,4.014270671939372,-1.2427128725641554,11.616730482256697,0.0,1,31.53697739324365,10.229756333589645,0,3,1,0
495,0,0,1.0229474648627912,0.04333427293889145,8.469283470186793,0.0,3,51.687293687015874,37.74990797732138,0,8,1,0
496,0,0,1.676152495934964,-0.01519337622368118,8.752267675984463,0.0,3,52.092963925728355,33.275303912833394,0,7,1,0
497,0,1,2.9654219164465787,-0.9815692140949698,4.914833181963412,0.0,2,42.9408429736021,50.23305559684183,0,5,0,0
498,1,0,1.2275183203155173,0.3599017716737209,10.757911182326422,0.0,3,56.08772473330109,10.72456557042543,0,4,1,0
499,0,0,1.0728392327623824,0.5494058265649209,8.673927185536956,0.0,3,55.3417439464354,27.780800126779784,0,1,1,0
500,0,1,1.7646616629714562,0.6856800137022091,5.622173040984638,0.0,2,57.79874036862636,66.25486355399987,0,6,0,0
501,0,0,2.0139601190456533,-1.193936110627412,9.730447557803565,0.0,2,41.146360833254974,18.929088805792013,0,7,0,0
502,0,0,3.042417836066531,-0.5961386831014961,10.384725931501933,0.0,1,41.10935849902302,21.415765080047755,0,3,1,0
503,1,0,1.0643182814034917,-1.0219645919440925,11.446759459381218,0.0,3,34.32547718652383,8.310313145391838,0,8,1,0
504,1,0,2.88251739699956,-0.4158762460624245,10.661283548539513,0.0,2,46.72963114759825,7.12161781601425,0,3,1,0
505,0,1,2.9160757070739973,0.31614217033613834,3.1127089127715557,0.0,2,54.725404661355945,62.371527598179064,0,3,0,0
506,0,0,1.5882164157015473,-0.128261285755782,10.890645006628677,0.0,3,48.721951478786316,25.215551871284266,0,3,1,0
507,0,0,0.9880379584143494,1.683253445737127,7.103476387788889,0.3068155477683122,3,73.34287102891304,51.16363297581047,1,6,1,0
508,1,1,1.0035143227058325,-0.4903833966132145,6.962308908675291,0.0,3,41.93054452856656,34.92099851894011,0,4,0,0
509,0,0,1.8751561454444878,-0.3824159250725208,8.779152605098096,0.0,2,45.32479744393582,29.583827616029843,0,6,1,0
510,1,0,1.082600656421309,-0.22812422131894017,11.527850615827564,0.0,3,46.404911588583914,8.078526816090811,0,5,1,0
511,1,0,4.70282178281928,0.3158557803902492,10.899952757812127,0.0,1,54.48629728699465,18.754742537664328,0,8,1,0
512,1,0,1.5540314589329032,0.06701950978988949,9.112670152717918,0.0,2,51.013553320730665,9.057348052753108,0,3,0,0
513,0,1,1.4354970626290673,0.4503077847279951,5.101222221410263,0.0,3,56.12060408331276,56.4445079387946,0,4,0,0
514,0,1,2.1167569486513274,0.7341108161525792,1.7262499261044373,0.0,3,60.74925655065885,79.59326131233091,0,9,0,1
515,0,0,1.5340383183056392,0.08869519020738847,9.84501071622334,0.0,3,50.95080658299644,26.518670221387474,0,5,1,0
516,0,0,0.9708802249048356,1.207887248050926,7.554936107100708,0.0,3,68.08989792238157,39.94374750470605,0,4,1,0
517,0,0,4.110946358567181,0.29302346436049204,8.361461994640473,0.0,1,55.97719522189837,37.70068276824418,0,4,1,0
518,0,0,1.4363800592284859,-1.9419091070281875,10.114758465741547,0.0,3,22.287302002458134,0.7183424366975757,0,6,0,0
519,0,0,2.702946402027252,-0.9319664257061592,11.297643309001721,0.0,1,36.69675452062368,14.216464109162192,0,2,1,0
520,1,0,1.3147586116208771,-0.9034637726914262,11.99414759681226,0.0,3,37.27474854529223,0.9617267004943502,0,7,1,0
521,0,0,1.0571497451438083,-0.7710025930297337,7.633982545963179,0.0,2,39.45106605188566,18.20769648004191,0,2,0,0
522,0,1,1.2177060693111068,-0.3832551716105226,5.226133059171007,0.0,3,34.1673932227923,47.780104448066574,0,2,0,0
523,1,0,4.160492956125038,-0.6300285028831436,11.77845658526762,0.0,2,36.488353883940206,0.0,0,2,1,0
524,0,0,1.397059469406031,0.47755215680030044,9.100844053583529,0.0,3,58.02204920997494,35.15436758982857,0,6,1,0
525,1,0,3.5840056258876687,-2.0121203167888857,11.408648436753895,0.0,2,21.78476847809206,0.0,0,6,1,0
526,1,0,1.3283066064179385,0.5714537022838558,9.96321664637091,0.0,3,64.67608173678856,18.12838220667612,0,7,1,0
527,0,0,1.4496705917282557,0.7469931217684781,5.679138369152826,0.0,3,61.53088347582718,39.717375275582505,0,7,0,0
528,0,0,2.7969257326027677,-1.049958701410249,7.903769494258477,0.0,2,35.43332971539991,19.01382440429034,0,4,0,0
529,1,0,1.9948140386146505,-0.05113927158695829,7.847117524286062,0.0,3,48.6200583853274,18.017130659946286,0,10,0,0
530,0,0,2.008978569137732,0.21876035136261202,5.99484220963968,0.0,2,52.543642246552366,36.00010987795805,0,3,0,0
531,1,1,1.012528269361411,-1.2005528766329188,6.976567591611708,0.0,2,31.902508048234456,27.059000336762036,0,4,0,0
532,1,0,1.0463124331289464,0.6439554591298292,8.795975771304766,0.0,3,61.211431011296725,11.316860042379949,0,6,0,0
533,0,0,0.5806526018159311,-1.0029616258169338,9.883457242777165,0.0,3,32.77250106456919,25.294453514064042,0,9,1,0
534,0,1,0.812726989555752,-0.6420859939395388,5.806683324549212,0.0,3,39.98330810356079,48.6566065213608,0,3,0,0
535,1,0,0.8602210813869885,-0.526420096906759,11.611129162645728,0.0,3,42.0588112569504,2.930489017714273,0,6,1,0
536,0,0,0.8885448100454073,-0.1395452807306424,7.428348465634812,0.0,3,43.9300936924232,22.549618273837282,0,1,0,0
537,0,1,1.5605068323794251,-0.07985074513386187,3.0333905194791666,0.0,3,49.336418593456656,65.41674306243364,0,5,0,0
538,0,0,1.067540954960409,0.6364573514893187,7.7039279245517855,0.0,3,61.00133883868336,40.33166601398641,0,6,1,0
539,0,0,1.1965433974125708,1.1901364333343891,8.492956068738913,0.0,3,67.84409593495714,35.24678287799691,0,3,1,0
540,1,1,1.49470013386879,-1.6426495159495293,7.055548304393476,0.0,3,24.832869946417095,25.86886561221847,0,5,0,0
541,1,0,2.5364555953140715,0.5851142008511389,8.560825561720593,0.0,2,55.461194150794036,20.679473112613614,0,6,0,0
542,0,0,2.4858223828351935,-1.083298551297327,7.338977517167224,0.0,3,31.82649591090713,30.675633192100193,0,11,0,0
543,1,0,1.6498607466773914,-1.560532269703373,10.047349927314363,0.0,3,25.716038484556893,0.0,0,6,0,0
544,1,1,2.0383039013006368,0.5349129682714847,5.545197144225952,0.0,2,58.49034718447564,44.31825256371205,0,5,0,0
545,0,0,1.1122153747381107,0.24285396035007928,7.844361656544114,0.0,3,55.612119574458276,24.352583784187434,0,1,0,0
546,0,0,2.051686379891723,1.3801654375506467,5.123902921170207,0.0,3,70.40495564714453,45.23216107241347,0,5,0,0
547,1,0,0.5704152461370666,-0.6890562677407236,10.84615138112013,0.0,3,38.859082308344895,6.599542461212864,0,7,1,0
548,0,0,2.801034703391409,-0.2525050279320517,9.381214203288632,0.0,2,45.96136620010236,31.172854960872506,0,5,1,0
549,0,0,1.1097755360829131,1.6771972243819122,5.684870505746446,2.2069755699911227,2,76.22547619103301,37.94186172284061,1,1,0,0
550,1,1,0.715711017235139,-0.25800073659170514,6.130649236748887,0.0,3,45.904546639102776,34.62824992155607,0,4,0,0
551,1,0,1.8066008922667383,-1.3057496803786084,10.88407928673351,0.0,2,31.71566673043474,0.0,0,3,0,0
552,0,0,1.9111571616392844,-0.4273902725101986,8.268089715946015,0.0,3,45.10720608057358,38.98583152281729,0,11,1,0
553,0,0,1.7787481991096086,-1.483071483427766,9.09344374206604,0.0,2,25.876544665587822,27.743726023242537,0,5,1,0
554,1,0,1.0891965491017954,-1.5553847073971379,10.32563146491759,0.0,3,26.213085101593744,0.0,0,5,0,0
555,1,1,1.9434710281696275,-0.7058824413466551,6.281782450490323,0.0,2,37.19804689663585,40.54309740788514,0,6,0,0
556,1,1,2.0509142816823673,2.126874859025921,2.7329134356662728,1.0203119485508472,3,81.82118564837491,69.64084045207746,1,7,0,1
557,0,1,2.5467586804203184,-1.508869882736264,6.6706212412193615,0.0,2,27.542343758704416,37.66836404805442,0,2,0,0
558,1,0,1.3571293327264367,0.20216058561946032,8.50126729095537,0.0,3,52.311677618615384,15.160589115226596,0,6,0,0
559,0,0,0.9160162909827472,1.4538852979684058,7.054270070337244,0.9988119832592781,3,71.37297093705385,54.21853448657025,1,10,1,0
560,1,1,2.3727629090582965,1.0516397983749493,5.3815638851257415,0.0,2,65.74909103446659,46.66175066103592,0,3,0,0
561,0,1,2.099904000349675,-1.1893051762847884,5.607510166541664,0.0,3,23.60435409623902,37.87609223365323,0,2,0,0
562,0,0,1.185405630645986,0.16909569799378288,9.519641960080506,0.0,2,51.62155384091871,28.93554913503391,0,4,1,0
563,1,0,3.439190263558267,0.048765515049356174,10.489710763172575,0.0,2,50.8958766109215,6.9511856739853535,0,4,1,0
564,1,0,3.2224178996020916,-0.2790290531528362,9.793269388187888,0.0,2,43.83504115856256,3.016567176330538,0,3,0,0
565,1,1,1.6066143800897268,0.08650452663309069,6.536718105189925,0.0,3,51.21605742253565,35.73837951360691,0,3,0,0
566,0,1,1.866872382859008,-1.3939813343655092,7.731616383052341,0.0,2,29.643118797685883,33.29489405317633,0,3,0,0
567,0,0,1.817867883735308,-0.6060933966712078,10.33799389465817,0.0,3,50.57955631535691,25.680526954536997,0,6,1,0
568,1,0,2.3791643925668775,-0.31667409959705606,9.505540181227861,0.0,2,45.38124287585085,8.17836588310826,0,6,0,0
569,1,0,1.2785346066246337,-0.19499977070173902,12.59260148686264,0.0,3,50.48410116522098,5.837891102581378,0,4,1,0
570,0,0,1.3505790227087395,1.0946703939118416,6.199057403101574,0.9229711797331903,2,66.48863339736002,36.84182477533167,1,5,0,0
571,1,0,0.6813572147506637,1.1053869961334957,11.093391781715148,0.0,3,65.98868062604856,11.563824782359523,0,4,1,0
572,1,0,1.3706359900384595,0.27453048993386725,12.317032578419596,0.0,2,55.74105250282707,9.412674435041325,0,2,1,0
573,1,0,3.543777993222015,-0.049486697723737455,12.126010241181438,0.0,2,46.745251994989275,6.346424994397929,0,4,1,0
574,1,0,0.4059842124230491,0.3052642198235651,13.046212552447868,0.0,3,54.45187945549252,5.216540337437598,0,4,1,0
575,0,0,1.2153570408355308,-1.7604809787246587,7.81976684764203,0.0,3,23.79605539111258,26.709908535885404,0,7,0,0
576,1,0,1.3159801695469466,-0.7469807797240883,11.011426586958834,0.0,3,60.31665889031302,8.933338176510375,0,9,1,0
577,0,1,2.43667097686413,0.46454936772811806,3.5505758723053344,0.0,2,57.654351411012996,69.249277538176,0,7,0,0
578,1,1,1.3120992399756655,-0.7805904456154761,6.304531585890691,0.0,3,39.35714413313587,34.073087800396294,0,7,0,0
579,1,1,2.0549506385423153,-1.1218014719555285,8.619394569800717,0.0,2,20.295098816905117,22.154826857515708,0,2,0,0
580,1,1,1.31144502646623,-0.3838075761929048,7.055754925994231,0.0,2,45.065025190755115,39.02293410718839,0,5,0,0
581,1,0,1.972522273531979,2.017746594268815,9.121799772102031,2.949864738723562,2,80.85675804862798,29.814485423720942,1,7,1,0
582,0,0,0.7215760263194103,-0.10386210383720995,9.241661302815569,0.0,3,46.74901321255639,28.73067740521074,0,5,1,0
583,0,0,1.410951851943079,0.2822428862875072,4.828157980279817,0.0,3,53.62046180597897,50.761797038526645,0,12,0,0
584,1,0,1.4088252884462313,-0.1282944778479519,9.501432165430362,0.0,2,47.424448594618006,4.408210185561323,0,4,0,0
585,0,0,2.605810036976885,1.2365594960604296,8.790827305492659,1.9150239779357487,2,69.76275077326572,41.27160989312065,1,4,1,0
586,1,0,1.5864866164510125,-1.685469107185914,12.093931501324263,0.0,2,22.53368330528573,0.3093929321906117,0,5,1,0
587,1,0,1.4279009630426513,-0.3984162808513263,11.831435654868262,0.0,3,47.50319383174644,11.00963728154502,0,8,1,0
588,1,0,1.8467649997828768,-0.5550137150174457,11.555942515048919,0.0,2,40.49896129279575,12.070475915712365,0,4,1,0
589,0,0,3.3502220753692233,1.5642659565446437,7.202596751636317,1.3564928804033862,2,73.75247930355398,48.52934425574383,1,6,1,0
590,1,0,1.374339818433295,0.35189840933843625,10.440235139040169,0.0,3,55.869068124718154,15.805525637265934,0,4,1,0
591,0,1,1.7450381966866335,-0.8902043209612123,6.814090178969094,0.0,3,33.437513412214095,44.61485411239802,0,3,0,0
592,1,0,2.5604921202694393,-0.08132864022089385,13.372488162508724,0.0,2,47.835375355994564,6.323125423992694,0,2,1,0
593,1,1,1.9437241124946896,-1.4318545045104654,9.445196601482904,0.0,2,28.245485032377502,28.41459933071972,0,6,1,0
594,1,1,1.613965936030442,0.5437835511023865,5.868290730638286,0.0,3,56.71988281870564,44.1331793547079,0,3,0,1
595,1,1,2.2077709431478727,-0.9844231851270657,10.540467625239728,0.0,2,33.58237610218224,32.80186883850896,0,5,1,0
596,0,0,1.1973679730565108,-0.7913383441294969,10.73393039691202,0.0,3,39.32192595472794,18.048894953007366,0,3,1,0
597,0,0,2.7757971591006037,2.104466020220693,6.022028946726888,2.7607590707525604,2,80.75349972915997,63.612518794150944,1,7,1,0
598,1,0,1.246799110128801,-1.1810155335159032,12.75664368974082,0.0,3,32.986424611373984,0.0,0,3,1,0
599,1,1,1.5347574956316865,-0.5639482169044423,6.181048640466185,0.0,3,53.16749471028921,33.27695409651428,0,5,0,0
600,0,0,3.9198145008603986,0.2506168806145747,9.121506036762199,0.0,2,53.209443881638464,27.318024390912903,0,2,1,0
601,1,0,0.8168539786126607,-0.9969973540508674,10.583456380152734,0.0,3,36.339116129706596,0.0,0,5,0,0
602,0,0,1.4392268258215646,-0.2886522144629842,10.007885370568493,0.0,3,48.30645597623992,18.847296403527494,0,3,1,0
603,0,0,1.6496332067958308,0.10142600990951994,8.944457982608343,0.0,3,51.41750024909457,29.036829775064362,0,5,1,0
604,0,0,3.680025088137132,0.10023135040692699,9.165640494805723,0.0,2,51.963226854465674,32.03684877432728,0,5,1,0
605,0,0,3.834136373892911,-0.08185261271070741,9.142271251967557,0.0,1,49.03022821042846,29.139627950966926,0,6,1,0
606,1,0,5.18199003929214,-0.35077754720875653,13.429384718823167,0.0,1,46.938098729263565,4.267111966712699,0,5,1,0
607,1,0,1.470102331783407,-0.5485280155907389,11.214099126843408,0.0,3,40.78352159325544,0.0,0,1,0,0
608,1,0,1.0485452002979156,-1.967353653850416,12.81148869462596,0.0,3,20.698957008246037,0.0,0,6,1,0
609,1,0,1.3890228328805188,-0.19572292461090862,9.889344465993897,0.0,2,45.31945208070654,6.584178430611742,0,2,0,0
610,1,1,1.7575785308586351,1.0674379717052174,4.64731476242234,0.0,3,67.78941035626154,56.7774788701645,0,8,0,0
611,0,1,1.9756168729671846,-0.7989213731455559,7.170418377625678,0.0,3,41.83494945520044,51.075120946505116,0,5,1,0
612,0,0,1.2299221667346896,-0.5263420739305974,9.69395680286925,0.0,3,33.57245106200888,23.943664567831256,0,5,1,0
613,1,0,0.4722676068938466,-0.5205557570696618,9.834629858623996,0.0,2,41.40367918415683,0.0,0,6,0,0
614,1,0,1.0784031075121356,-0.7495683512524085,9.365038344953119,0.0,3,37.9453305363531,7.207639894027812,0,7,0,0
615,1,0,0.5238791339732023,-2.480255269028929,9.871533763568733,0.0,3,18.226884750168317,0.0,0,8,0,0
616,1,1,2.7181639469694727,-2.6145332561065837,8.484576974778436,0.0,2,9.300187290076627,12.217781618400473,0,2,0,0
617,0,0,1.9203169637234527,0.6817964706453671,5.827589798865517,0.0,3,65.0399013622507,40.725726035016926,0,2,0,0
618,0,0,6.161635413906015,-1.5572217642512758,10.908169065401767,0.0,1,25.818160488895018,23.718672181395025,0,10,1,0
619,0,0,2.2725321946343797,-0.45739870229432145,10.304058584077405,0.0,2,39.26274628309194,21.034619543047427,0,4,1,0
620,1,0,1.4886554917461972,-0.6647382016595279,11.663835231179796,0.0,3,40.13994479720212,9.548066168675092,0,8,1,0
621,1,0,1.273917002380977,-0.3327973046634449,10.926606196149935,0.0,3,46.940345402015126,9.870144974196624,0,8,1,0
622,0,0,1.267713540329693,-0.3046745041273719,9.811405564672969,0.0,3,41.72775371152939,23.72184789737764,0,3,1,0
623,1,0,2.70665436033528,-0.5297285352364444,11.520225855596973,0.0,2,42.492414839184775,4.765614857154103,0,6,1,0
624,0,1,0.6496767668295138,0.5654154952009598,2.3944177782604457,0.0,3,58.30889369472738,67.39062407520883,0,3,0,0
625,1,1,5.623666154025999,0.4676978497449516,6.797407642591636,0.0,1,70.44227063181735,36.93604044504794,0,2,0,0
626,1,1,1.4626154688084723,-1.2900891698223864,7.38043541776158,0.0,3,32.410781231996395,27.49136803264218,0,6,0,0
627,1,0,3.102762712714608,-1.4962728288867337,13.208242344170944,0.0,2,25.271548386920728,0.0,0,1,1,0
628,1,0,0.9556762918404819,-0.3510323319502049,10.551144316930023,0.0,3,43.50345539506975,16.01815232518451,0,5,1,0
629,1,0,1.1123870571117789,-1.4404982183599186,11.277072066631474,0.0,3,27.988837633577877,1.8008896770938012,0,7,1,0
630,0,1,1.6263915477548978,-0.9610298031243331,5.191752123000094,0.0,3,36.024054409409516,49.93921425320085,0,4,0,0
631,1,0,1.0269755996587764,0.4565447126369236,10.796063066216366,0.0,3,56.83603610797378,13.653313839040539,0,5,1,0
632,0,0,1.2915597452422485,0.026487004708436537,6.949323785562125,0.0,2,50.347426297102935,30.55156356312593,0,4,0,0
633,0,0,1.58270936069914,0.6754407790757292,7.710464523608627,0.0,3,59.871101206439334,36.942334337782384,0,6,0,0
634,0,0,1.313286727437765,-1.4114503191295078,10.163694021011207,0.0,3,19.592081669373464,12.122588304009676,0,3,0,0
635,1,0,1.0657570864859558,-1.030009240537431,11.709558442224818,0.0,3,34.975303305340745,2.4241312474140297,0,5,1,0
636,1,0,2.922352027114241,-0.12576709765612534,10.681840553923575,0.0,2,51.055724833187426,8.053843129468948,0,6,1,0
637,1,1,2.0396601908427647,-0.9431585885500215,7.874648102263478,0.0,2,35.140309714811195,22.611987289914673,0,3,0,0
638,0,0,4.1193102602883025,0.05414454775048804,5.823547810176947,0.0,2,50.61262842569282,40.284537783042154,0,6,0,0
639,1,1,0.6708248589158096,0.7460984852857028,6.485406753941306,0.0,3,61.959645757261825,38.20075931136422,0,4,0,0
640,1,1,1.6387201164029777,-0.1572685315054314,6.062726878369222,0.0,3,43.53978903010429,40.538554422410655,0,5,0,0
641,0,1,1.2734429043150792,-0.2726807962521893,4.676350483752936,0.0,3,45.551931232755,62.32630610790178,0,8,0,0
642,0,0,1.7516246330331233,-0.5451905367724411,8.902826633521917,0.0,3,98.5031383894477,27.083205244671518,0,5,1,0
643,1,0,1.9790201222464443,1.7709285684115244,9.2029761346509,0.0,3,76.48172691613486,31.71873533729275,0,9,1,0
644,1,0,2.036305279759076,-0.37743600441611685,10.155525827968088,0.0,3,31.11821177234723,14.470260273258553,0,7,1,0
645,1,0,1.1781815443354804,-0.6339020632783752,9.373377341447338,0.0,3,40.80997485441477,4.332438492409642,0,6,0,0
646,0,1,1.9077062560400881,-0.22656171367922398,4.360712518847874,0.0,2,47.068258925849115,55.200867703705825,0,3,0,0
647,0,0,1.15782222851317,0.8263386420994034,6.005893389681482,0.0,3,62.51211331903872,42.56710999608165,0,6,0,0
648,0,0,0.4553154893999625,0.372134171486328,6.09077742148486,0.0,3,55.42561122332956,40.135446375718445,0,5,0,0
649,0,0,0.6860255646634102,-0.04667748704899167,8.048453020682011,0.0,3,46.98201502756167,40.21213104900125,0,9,1,0
650,1,0,3.6634411106375877,0.3856536848829226,8.08550449143094,0.0,1,56.10014553347515,15.120514736218276,0,6,0,0
651,0,0,2.1646662513663837,-0.296603563171885,9.689191576538352,0.0,3,43.48555070439672,21.681436679528893,0,7,1,0
652,0,0,1.9096094574267124,0.03498256459036217,9.566635821056149,0.0,2,50.192587907140265,33.594428287888796,0,6,1,0
653,1,0,1.827018610956793,-0.23453455067350626,10.694575507930493,0.0,2,52.947956436217886,14.091230071586892,0,8,1,0
654,1,0,1.563894488849141,-0.21803709724905285,12.226676019576066,0.0,3,49.01194742087217,0.8540544739163165,0,3,1,0
655,0,0,1.015499113026985,0.3406898511063354,7.726447127277301,0.0,3,55.20587188191764,31.990058837972775,0,5,0,0
656,1,0,2.1092171732937297,0.4382852972075444,11.28949168157993,0.0,3,55.78904111838466,8.672621444685603,0,4,1,0
657,1,1,3.332181168197016,0.7459844051139511,5.672524907555704,0.15891747865112554,2,61.14037691360018,57.60543335534849,1,7,0,0
658,1,0,1.072766684707831,1.1643801059182737,9.70201698124451,0.0,3,65.33062774434218,17.522937450630792,0,4,0,0
659,0,0,2.3283359216692316,0.7673750348243894,9.331287104169348,0.0395836604922091,2,61.66239288334642,25.485636715418877,1,0,1,0
660,1,1,3.0620376286928734,-2.1187119344559147,11.567290653307037,0.0,2,17.19410754800797,11.879353281414534,0,3,1,0
661,0,0,1.691008919498018,2.136776852994105,7.591436465002417,0.7010637135065838,3,80.17568487108139,53.46765818074117,1,6,1,0
662,1,0,1.2065362570137306,0.005101059267712733,10.99103343736914,0.0,3,45.73767010131317,15.4382556446832,0,6,1,0
663,1,0,1.819633732737237,0.0034313346356386228,9.544466867939997,0.0,2,53.806702142840784,23.025047474255896,0,7,0,0
664,0,1,0.6259173393476923,1.1967271131936374,3.481440880845385,1.5197394321762272,2,67.89926713895703,69.74533828830614,1,4,0,1
665,1,0,1.1587000363812092,-1.332542831085475,12.38665222719544,0.0,3,29.16263338407178,3.1921555369132717,0,7,1,0
666,1,0,1.9116775897538785,-1.890852030067279,10.615988003463555,0.0,2,22.979339743270216,0.0,0,7,0,0
667,1,0,0.7284916818796382,0.31799398522089933,8.972279309968874,0.0,3,51.93004009812611,11.642072963070563,0,4,0,0
668,0,0,1.0425299448065435,-1.057467443217346,8.997477775851108,0.0,3,34.59307910904048,22.66803833140757,0,7,0,0
669,1,0,0.8659552885037993,0.678006817548396,9.350062717143445,0.0,3,62.35901676018414,15.892741628838012,0,3,0,0
670,1,0,1.2462872776834446,0.7833618770737966,9.302915877641281,0.0,3,53.976590113567894,25.973019116645904,0,9,1,0
671,1,0,1.3435652463166088,-0.7179396314457626,10.951026869725732,0.0,2,37.083155052070374,20.0970507656747,0,10,1,0
672,1,1,0.6988863951082687,2.178893993855554,3.213653093230262,1.006351943633964,3,81.80925156720633,65.65102951222491,1,6,0,1
673,1,1,1.7014397358909843,-2.2356668444679295,9.18429380181338,0.0,3,13.190627748340901,11.614549258804582,0,5,0,0
674,1,0,0.5179454193828004,-0.44334626875226146,11.972337407500387,0.0,3,33.715052004683315,9.687971682457247,0,7,1,0
675,1,0,4.333259483093673,0.15560801806341615,12.276578898602912,0.0,1,54.446471270214666,4.26365409119793,0,2,1,0
676,0,0,0.9405055146720459,-0.5653338230568213,7.130353105909916,0.0,3,42.75056163642819,24.535503550719397,0,8,0,0
677,1,0,0.9320599337495112,-0.2110297124959492,11.591636241205224,0.0,3,47.43690056896366,17.391715828324447,0,9,1,0
678,0,0,1.4834630775904531,-0.15688767750462831,9.942495791417512,0.0,2,52.19249422705276,23.069788018804804,0,3,1,0
679,0,0,0.791366279894953,1.4599397940500543,7.327399639986358,0.0,3,71.84471238377765,42.61903152558912,0,5,1,0
680,0,1,1.7574516887293308,0.5341022872250493,4.30598015189599,0.0,2,55.848347299073616,61.29721863488907,0,3,0,0
681,1,0,1.6733844917525442,-0.46442009933986234,11.923084358393014,0.0,3,44.41634509157758,5.594239204591013,0,6,1,0
682,0,1,2.5857445196861533,-0.15149947564430014,4.103044818575942,0.0,2,46.85428332637358,58.4275712955042,0,4,0,0
683,0,1,2.4926291031724763,-0.12446251445318159,3.6488330224755905,0.0,2,47.37996437577089,64.25714138051234,0,7,0,0
684,0,0,2.3904032094088423,-1.2666509504188344,7.538629796253923,0.0,2,30.839298724795714,25.567637648194314,0,7,0,0
685,1,0,1.5067938412819921,-1.6519674165060565,9.828941441361062,0.0,2,26.31055903769242,5.695735892928238,0,8,0,0
686,0,1,1.3571147038739781,-1.2326420811209255,4.938122469583001,0.0,3,24.91952047526438,59.02715865398712,0,11,0,1
687,1,0,1.3800776103329913,0.8842610482925395,8.084012045338426,0.5421818632897522,2,62.19772472907381,21.37152590667458,1,4,0,0
688,1,0,0.8051811028747854,0.4332352961680947,8.48230355827677,0.0,2,57.7756720292121,13.745163403038179,0,5,0,0
689,1,1,1.5091482887303358,-3.1556690353128376,8.782543046248632,0.0,3,1.8077644025110766,10.688172593846097,0,6,0,0
690,1,1,1.3585925544373805,0.04639707441149122,8.425397220072607,0.0,3,53.35472128000849,37.25419679003488,0,6,1,0
691,1,1,1.2187128464214756,-0.5124836179194466,7.202911740824105,0.0,3,42.50541045956375,35.046714871546506,0,5,0,0
692,0,0,1.2703232337482078,1.2257742036220431,6.8061024193449375,0.0,3,68.92717305729772,52.58217251222025,0,10,1,0
693,0,0,1.79241104479579,-1.5078907568547404,9.157285755683729,0.0,2,25.760302064616024,23.88866915358136,0,6,1,0
694,0,1,2.3113679202558597,0.34698011108384735,5.865818063993518,0.0,3,54.26110866402274,52.634545076970696,0,6,0,0
695,1,1,1.1134828984143328,-1.488048687858761,11.135620423476542,0.0,3,27.10823220801634,22.9703381345062,0,6,0,0
696,0,0,2.092172052102034,0.05122568009901364,7.953613470610589,0.0,2,51.32451297757703,41.71681431604985,0,8,1,0
697,0,0,3.0231743099633746,-1.0509349770671625,9.870859793580253,0.0,2,34.203419807446,16.124428901839316,0,4,1,0
698,0,0,0.9813985598176167,1.4223309158425366,6.867306362706206,0.0,3,75.07024485583912,40.267650477998494,0,4,0,0
699,0,1,2.0782143715366725,-0.40613883850695714,3.9557668971886466,0.0,2,43.91305257897695,55.222690213127876,0,4,0,0
700,0,0,1.9276732181645566,1.408534734877214,6.646147301247873,0.6777437221387452,3,71.99420914521828,52.723786477496475,1,8,1,0
701,1,0,1.0462533603372932,0.40603830124149337,12.117835234921,0.0,3,55.652935018266255,12.770310197830032,0,5,1,0
702,1,0,0.6001085820386202,0.9952123281745504,10.52232079626573,0.0,3,64.96998449427544,17.283625666332508,0,2,1,0
703,1,1,1.1166083758521395,0.2872415435544199,7.222125735192181,0.0,2,53.35312165565256,41.1837315757743,0,5,0,0
704,0,0,0.8126763579735837,0.024355633729566253,10.211206099177248,0.0,3,52.152773724156866,21.834790199901892,0,2,1,0
705,1,1,1.4341365694277484,0.7541432550330157,5.091790713846749,0.0,3,61.53608202100019,53.744416029975504,0,7,0,1
706,0,0,1.5097907214590713,-0.4023040280149538,10.182439890722902,0.0,3,41.94550798325913,24.53167118109119,0,4,1,0
707,1,0,3.022540563434726,-0.2448208464138266,10.60838843711998,0.0,2,47.943354377389575,2.8814188526000093,0,3,0,0
708,0,1,1.5724896402391495,-1.5995870367920693,5.324901879755641,0.0,3,12.412465941464779,41.787519936856484,0,5,0,0
709,0,0,1.9763121152202903,0.9845716807466675,8.114393670484183,0.49971086298730616,2,64.34063309100817,32.96722382941247,1,1,1,0
710,1,1,1.2489861477629984,0.09554126931586812,6.527513278864059,0.0,3,51.28622360460892,55.49584846228238,0,12,1,0
711,0,0,2.8827900724431665,0.5389188439336288,6.593187723198405,0.0,2,61.68706753734408,32.44518812849579,0,2,0,0
712,1,1,1.2621734232374338,-0.42802424086154683,6.995453204309427,0.0,3,43.90849754729755,33.9119152295859,0,3,0,0
713,0,0,2.000626445036873,0.6118229033200401,9.470540260769354,0.0,2,58.58868200609489,34.41410148376221,0,4,1,0
714,1,0,2.042203637299081,2.2371723564577324,10.190628991531547,0.9246398542088223,3,83.44704829544114,28.56247695099175,1,3,1,0
715,1,1,4.17676730061327,-0.8765676821124457,8.444202589646459,0.0,1,34.49109344519037,41.90748400466883,0,10,1,0
716,1,0,6.253754989510223,-0.802768445620216,9.725281828659055,0.0,1,40.955803946733084,2.0715227612171794,0,6,0,0
717,0,0,2.870054151813178,1.1791404148424753,7.476749067626888,0.44976948193658695,2,67.49755854377969,44.78713805651898,1,7,1,1
718,1,1,3.1545617467680858,0.12340331771721486,6.421915986219224,0.0,2,51.8245841633313,30.75468753341523,0,1,0,0
719,1,0,1.6374753995050049,0.10357469760180169,11.357025814123771,0.0,3,52.67073128948351,7.8629523802288235,0,3,1,0
720,0,0,0.707508095190588,-0.7252213073314602,9.650534247835694,0.0,3,40.68285522520868,22.310966809079368,0,5,1,0
721,0,1,1.0393161769687518,0.7132945610467794,3.417964404173263,0.0,3,63.33954343358557,61.67348621536749,0,4,0,1
722,0,0,2.4709485523403174,0.12694687312995992,9.597020317860311,0.0,2,53.150924255061824,22.466998592003634,0,2,1,0
723,0,0,2.5554672694020253,-0.9246319215287283,9.499527469548795,0.0,2,44.90990403767306,25.969947214594658,0,7,1,0
724,1,1,3.886240879771319,-0.8032669919509159,7.70146630230826,0.0,1,35.748360060291894,22.078555726516537,0,3,0,0
725,0,0,0.7397712262634863,-0.5183878686899985,7.307576995296641,0.0,3,43.60236776061028,24.456056922217915,0,5,0,0
726,0,0,3.0633405152674387,0.957344376549554,6.7982876396117655,0.37561784904574474,2,66.06192984785062,45.32231007131196,1,6,1,0
727,1,1,0.9235938518631042,-0.7735095517105914,7.219673221720828,0.0,3,37.30272727199216,31.477741474846958,0,6,0,0
728,0,1,1.1245424424315689,-0.5586434070623462,5.745270649971335,0.0,3,42.88870516420257,45.95388351111043,0,3,0,0
729,0,0,1.3858987574670962,0.6217785292350931,8.743575687079044,0.0,3,59.84819853625673,32.14958269431029,0,3,1,0
730,1,0,1.6056958935222185,-0.7760872006167394,11.195264228778763,0.0,2,36.46210938302721,2.130039189599481,0,6,1,0
731,1,0,1.1056562204663254,0.7967118724751537,9.829103453305834,0.0,3,61.88188759315909,19.892539262142318,0,4,1,0
732,1,0,1.755865010902497,0.06806081567138714,11.345827739868044,0.0,2,49.74400242165957,9.503188122730545,0,4,1,0
733,1,0,1.8501618693463815,-0.8868896195299665,14.625956481172686,0.0,3,36.97859517036781,0.0,0,5,1,0
734,1,0,1.4754261318118718,-0.46312846367291266,10.287580960817195,0.0,2,42.87347493208371,17.26392120365302,0,7,1,0
735,1,0,1.31114730385876,-0.5492168285249962,11.085338803155416,0.0,3,41.668983069705526,2.898387734579548,0,5,1,0
736,0,0,1.4865718750012307,0.5587979198575961,7.624074239755691,0.0,3,58.299331996667306,40.945822850948026,0,6,1,0
737,0,0,2.1023220165733143,1.0437914520819258,7.388953193923732,0.5365389931710038,2,65.65847033344198,44.91774465374429,1,6,1,1
738,0,0,2.8303366408814146,-0.6929225987874392,7.438822688573957,0.0,2,37.13159232167965,31.982220248147314,0,8,0,0
739,0,0,1.2632098011872204,1.0101491157247326,6.936574421622771,0.0,3,66.18155357776867,32.06176903341619,0,2,0,0
740,1,1,1.3019839417785954,-0.5393276903209364,6.389885539417051,0.0,3,42.064107973649,39.28420477420467,0,8,0,0
741,0,0,0.8008758242328536,-0.9499131940089344,10.763313181366412,0.0,3,32.81558718725469,17.668668849305668,0,4,1,0
742,0,0,0.7986958115276346,-0.9576407666737721,10.635071576371647,0.0,2,33.88996303475764,14.261756494111966,0,4,1,0
743,1,1,1.7188515538409017,-0.3853199903746057,8.622490326224233,0.0,2,44.016546714654595,31.909153302829715,0,3,0,0
744,1,0,1.9779919242114095,-2.5495539895101107,10.149521038412432,0.0,3,14.878523105108258,0.0,0,6,0,0
745,0,0,0.8855007139047326,-0.9706998864842961,10.327028477111103,0.0,3,32.85154121428952,17.850412030442683,0,4,1,0
746,1,1,1.8732282538518397,-0.5236837164265283,7.386345507441877,0.0,3,39.225761706515044,26.67968714192634,0,5,0,0
747,0,1,1.3325067760561573,0.4030978519763742,3.3053531946869423,0.0,3,56.75576139965105,60.98022232051926,0,3,0,0
748,0,1,1.3389195432535437,-0.682247963344137,7.343408530507178,0.0,3,41.026311719988136,51.23262273161606,0,4,1,0
749,0,0,1.8695444678240751,0.6094468360083323,7.342223405481156,0.0,3,59.90802952754202,43.02350967035659,0,8,1,0
750,1,0,1.1651578843085277,-1.8012333001838787,10.109320540329318,0.0,3,23.634571911013204,0.0,0,3,0,0
751,0,0,3.0949421936864345,-0.3974334515828894,7.367617300871189,0.0,2,42.08847442264048,32.24966148951061,0,8,0,0
752,0,0,1.4589123899820071,-0.9834286414166454,10.213103876173504,0.0,2,32.23356995727063,18.62565244015504,0,5,1,0
753,1,0,1.6119460140350461,0.8334930786204511,9.434524147792557,0.0,3,63.188025323532734,21.863616285278486,0,6,1,0
754,1,1,1.223023715793809,-0.4948623044418469,6.367805495132168,0.0,3,41.660651686849036,37.144067385907626,0,6,0,0
755,1,0,2.265309029047448,0.6237527509114226,10.049865520683039,0.0,2,59.59517131578645,38.0188802532632,0,16,1,0
756,1,0,3.3500698492250063,-1.037933587154307,12.229596422701281,0.0,2,33.28837593438441,0.0,0,4,1,0
757,1,0,4.566811376872138,0.40220948947962515,9.895200962825433,0.0,1,55.21619487332525,19.685814118537316,0,7,1,0
758,0,0,3.921770029606578,1.4769333140461998,6.899808106218349,3.8132215265279017,1,67.84252747942575,47.45357210503497,1,6,1,0
759,1,1,1.3003429657495003,1.5741730697791214,4.349684868472565,0.0,3,74.64538397791542,52.51168540960802,0,2,0,0
760,0,0,1.9042140243892929,-0.3443710584488225,10.100240903298296,0.0,2,44.63804229535817,19.705139502742455,0,2,1,0
761,1,1,1.8892205398256512,-0.5928768163331655,6.842898476486706,0.0,2,40.54631082491613,30.913682650421144,0,5,0,0
762,0,0,0.6272096938864224,-1.240096608696397,9.32973655390776,0.0,3,30.886540301208253,23.45488839570167,0,7,1,0
763,1,0,1.127263210682421,0.8388488485078904,9.571172387884664,0.0,3,62.648968832538564,11.945914409979435,0,3,0,0
764,1,1,4.1199652390581445,-0.7558128618246142,7.43554603346346,0.0,1,41.067025863761,29.482124860458157,0,3,0,0
765,0,0,5.204054690275982,0.24828045219266612,10.01072082146644,0.0,2,54.32825048427885,25.85896593436286,0,2,1,0
766,1,0,2.5341720075542233,-1.891966698242478,9.707145610482018,0.0,2,22.030145709428325,0.0,0,2,0,0
767,0,0,2.638993112376658,0.7681122948690015,9.328218629168713,0.0,2,62.24255400029883,35.15066618467852,0,3,1,0
768,1,0,2.482842038105742,-1.5401876728884543,12.060737958605053,0.0,2,29.731583360074676,0.0,0,4,1,0
769,1,0,1.230527640801328,0.5304123695977117,10.946245079053554,0.0,3,57.807193335167845,12.101935686089924,0,4,0,0
770,1,1,2.3161334512527474,-0.5968574279119016,7.10434983577433,0.0,2,38.28542577789166,27.38935527859574,0,2,0,0
771,1,0,1.2552436144997459,0.7594202211496714,10.723597905559787,0.0,3,62.24814233950283,13.970931368618592,0,3,1,0
772,0,0,1.7490750393479455,-1.1959845001385623,9.982397824527741,0.0,2,32.088761825075565,20.276254678368147,0,7,1,0
773,0,0,1.681735461658487,-0.272310555549301,7.62929620562296,0.0,2,43.381218031300676,29.200674368537953,0,5,0,0
774,1,0,2.1705924926555475,1.3540089624539273,9.714809902478638,0.0,3,68.71923059891299,24.174522208214167,0,8,1,0
775,1,0,5.885239525443085,1.4723904748760417,9.644339463738662,4.555408632511876,1,71.78022665225305,18.228087169856895,1,0,1,0
776,1,0,2.6896758044411055,1.0506249001327366,9.209586677853205,1.4650674211897337,2,65.65465359192025,18.829440337263307,1,5,0,0
777,1,1,2.338630280895347,-0.24469156343688284,6.22491772970089,0.0,2,45.88604180736296,36.45223518525619,0,5,0,0
778,0,0,3.079852386166153,-0.47333799193471704,8.863228571065367,0.0,2,48.76490839057851,35.06247864773178,0,5,1,0
779,0,0,1.1004505246147247,0.3633430797429879,6.885756470357367,0.0,3,55.29958049817947,30.48424206771635,0,4,0,0
780,0,0,0.9228420124734675,0.8877259881317363,7.459924386128076,0.0,3,60.5442434007043,42.974372993687474,0,8,1,0
781,1,0,2.505379100625267,0.32877654516063454,11.32739703790405,0.0,2,55.56675483237673,10.983514876799607,0,5,1,0
782,1,1,2.1684087301079136,0.23429076438714885,5.11230084329976,0.0,2,53.32631807245719,42.95932757012002,0,7,0,0
783,1,1,0.4934283034241211,0.99978617961074,4.849231781253121,0.0,3,0.0,52.42933440284704,0,5,0,0
784,0,1,2.430376048765632,-0.794263384507082,3.5370047359818133,0.0,2,39.16736170993442,64.92538228303951,0,9,0,0
785,0,0,2.1386136485501948,0.5855219089630262,9.261638097402564,0.0,3,58.36278757776623,30.527712698583105,0,3,1,0
786,0,0,1.5513408096845698,-0.20662373711556153,9.96251770536026,0.0,2,46.17181400051205,29.652709614379177,0,5,1,0
787,0,0,0.9650013404403988,0.16653382217577492,8.62235357186101,0.0,3,42.96521910518965,37.739999420500645,0,5,1,0
788,1,1,1.846075366481698,-0.8286184168377082,5.748638726498685,0.0,2,38.13111010084783,36.12286762349336,0,7,0,0
789,0,0,1.2821126718147589,0.449067658130597,8.773644020095816,0.0,2,57.25998384335781,28.530720359830575,0,2,1,0
790,1,1,0.4240185285965689,1.552924565674287,5.616899810541851,0.2550124051523344,3,73.80673764985107,48.63456867327606,1,2,0,0
791,0,0,2.099254094236976,1.1437424875123048,7.766422463326405,0.0,3,66.67543009647305,42.028798289572215,0,4,1,0
792,0,1,2.889591667860178,1.7901142276403028,6.737105998127397,3.0549900638873946,2,76.84068037708046,64.19737062983137,1,3,1,0
793,0,0,2.244391790027841,0.7912757462200639,8.098107599622715,0.0,2,64.68423479838043,35.80896641004365,0,4,1,0
794,0,1,2.2655231548704617,0.2566996048529815,4.174852773768387,0.0,3,54.97517791948104,60.720941851629405,0,3,0,0
795,0,0,1.0261743028096233,-2.0936439927093837,9.794720636787002,0.0,2,22.994475703285474,14.785617392355618,0,6,1,0
796,0,1,1.1140010898814616,-0.2416934386522416,4.124628347827961,0.0,3,46.18612066768515,56.28658826031732,0,5,0,0
797,1,0,1.6090287381160588,0.41029322526249423,11.615142180167075,0.0,3,56.68073170795745,13.56593677272845,0,6,1,0
798,0,1,2.143625793998279,-0.9765750874743854,5.7305458185843,0.0,2,36.025598055135916,47.20660841728792,0,4,0,0
799,0,0,4.482791766710069,0.09241562890370529,8.757119133847546,0.0,1,23.93217679350575,35.72405769645342,0,8,1,0
800,1,0,1.1001452716245683,0.3507385777270753,10.694632502091531,0.0,3,56.106395105669975,15.676775325002609,0,5,1,0
801,0,0,2.688019400315619,1.8426961704362335,8.476659926890617,2.8097303568726026,2,76.44562715762373,44.77396854049287,1,1,1,0
802,1,0,3.017503860607144,-0.17124250211988298,11.983710083113143,0.0,2,45.40936229395985,3.5473408294970477,0,3,1,0
803,0,0,2.4694030489440735,-0.3063537731739559,9.508866117664835,0.0,2,37.57199706023712,30.677294368939066,0,7,1,0
804,0,0,3.68004661614707,-0.5012489145360142,9.90964613076272,0.0,2,42.33456192975022,32.90654455199482,0,11,1,0
805,1,0,1.3927880961565033,-1.0809437759970555,12.157589621025215,0.0,3,34.26225145190715,2.4879482991341986,0,4,1,0
806,1,0,1.4418693759570265,0.5916695830677734,9.912643188071543,0.022072123798345444,2,58.8873788710587,20.157606665275818,1,7,1,0
807,0,1,1.0479057647085468,0.056662993738508145,4.068102886758919,0.0,3,51.38462682600891,58.666038647224404,0,3,0,0
808,1,0,1.132330088824832,0.004029316109630645,10.641398222476168,0.0,3,50.55284416494428,18.490731923677913,0,11,1,0
809,0,0,1.1736978075034719,0.47036856706432,9.624388678885003,0.0,3,56.98270575294356,25.44465509518927,0,1,1,0
810,1,0,2.3952385483065357,0.8220857692484423,10.004999696060695,0.0,2,63.44630479591189,18.69426747698449,0,7,1,0
811,1,0,1.6522010370716858,0.24125135425055166,11.675510349144389,0.0,3,54.00048980815173,14.433626422008606,0,6,1,0
812,0,1,3.123957279024675,0.10663955458476562,4.71591259348408,0.0,2,51.59669288440543,55.431914346608906,0,3,0,0
813,1,0,1.5566985363820098,-2.17436027848776,11.995246167839657,0.0,3,16.518284391215687,0.0,0,3,1,0
814,0,1,2.3772637841961664,0.5509890656078155,3.2420822358333297,0.0,2,58.323050771110154,62.81687382980575,0,3,0,1
815,1,0,1.7673607491444405,1.6915792625633908,10.915543902517879,0.0,3,76.2748620805702,29.368831158219173,0,5,1,0
816,0,0,4.479465457866756,-0.09188054638432414,7.353994723940539,0.0,2,49.808501714636954,25.11891417324237,0,4,0,0
817,0,1,1.490841831869527,0.00805720019146711,4.945096633177255,0.0,3,44.21916974434197,50.69561167740773,0,2,0,0
818,1,0,2.44404936569785,-0.36606096043310055,12.040335197105637,0.0,2,41.163868756621525,0.4133403302607519,0,5,1,0
819,1,0,1.4688478544100372,-0.6644905184549016,10.205385699376457,0.0,3,43.038341009954515,1.5852320796972301,0,3,0,0
820,0,0,1.5718643383540836,-0.4034807867588537,7.357652534242151,0.0,3,44.10063946681143,26.65044817986549,0,6,0,0
821,0,0,0.6402281378164292,0.2702527649636228,9.57303147380902,0.0,3,55.24485192928511,24.154216249279102,0,3,1,0
822,0,0,1.8902748902855506,-0.42899422134551035,9.521119174848309,0.0,2,41.53283103085092,30.227265237193922,0,8,1,0
823,0,1,1.9560974760471832,-0.12011457819664896,5.475258854041924,0.0,2,47.94835694547614,56.31441970455636,0,5,0,0
824,0,1,6.8134602392480765,-1.7153276167171896,8.223777745469487,0.0,1,25.372743276720236,43.65181680730221,0,6,1,0
825,1,0,2.9725368453475514,-0.6500018407908447,9.706273168448899,0.0,2,36.327835689208015,3.3078503733831996,0,5,0,0
826,0,0,1.6253761123763322,-0.1255063068287579,7.034616574671913,0.0,3,48.485325194193756,23.706060252745136,0,4,0,0
827,1,0,2.989972189122532,-0.05485615328726458,8.166100466014312,0.0,1,49.25763973809682,15.418079307557425,0,8,0,0
828,0,0,1.620469207985375,-0.1431670501289065,9.051090073256713,0.0,2,48.10107501531938,32.38902065713086,0,5,1,0
829,1,0,1.327513467178796,0.7868233994930561,10.51483083658783,0.0,3,62.68390466214357,15.09107772608679,0,3,1,0
830,0,1,1.6665237670449737,0.9143227627079187,4.339299233414927,0.0,3,63.01786990658678,71.42533475877636,0,7,0,0
831,1,0,3.485085682750882,1.2910080645657387,9.720954913814053,1.548631560931005,2,78.57969720156706,29.173601575388492,1,8,1,0
832,1,0,1.101438878912849,0.7199914092693954,10.795298456964101,0.0,3,62.42227720063749,14.98671691741068,0,4,1,0
833,1,0,1.826953340492827,-1.34089483785209,11.8893193544075,0.0,2,29.836179586141277,0.0,0,7,1,0
834,0,1,2.4073549536053287,0.5106720462020192,6.207981869518613,0.0,2,61.21677273373699,60.89797499182237,0,3,1,0
835,1,0,0.6847487172428166,-1.5571043506847781,13.623655205328284,0.0,2,28.691935981328793,0.0,0,5,1,0
836,1,0,1.4695434958656257,0.39798030832801573,10.973325248782917,0.0,3,53.87203892192234,9.971767087176474,0,3,1,0
837,1,0,1.459208514471753,0.40549318335875745,8.151510115922866,0.0,3,54.97352961023476,15.382909314143268,0,6,0,0
838,1,0,1.4179453561612358,0.9589838347021383,9.516122003869198,0.5835772994618207,2,63.99691256384738,21.581892433601304,1,5,1,0
839,1,0,2.9964192101042175,-0.22193193431871233,11.465597657735609,0.0,2,47.81720825483825,11.774702989416902,0,7,1,0
840,1,0,1.4753933808250588,-0.5072740729644032,12.174238006276383,0.0,3,42.394408701912354,3.8649231751117243,0,6,1,0
841,0,0,1.3195053087583009,0.3029244006579263,5.399790298048465,0.0,3,54.552031588417265,43.52090272569163,0,9,0,0
842,0,1,0.7120124082116621,0.636248542795499,2.5628085264521077,0.0,3,63.81740639906423,74.97208548216021,0,8,0,1
843,1,0,0.6184839734087308,-1.3016503923007643,12.229955966806667,0.0,3,31.03113562555808,0.0,0,0,1,0
844,0,0,1.7230316894005078,-0.6869928696318913,9.601589082754659,0.0,2,63.798543176550375,27.686586204514768,0,3,1,0
845,0,1,2.0588442185768407,0.6365850256230413,2.4858930009909606,0.0,2,59.54538881088372,73.86976973389734,0,8,0,1
846,1,0,1.641158093783382,-0.941556748219178,11.37504990216108,0.0,2,37.50156491218492,0.0,0,4,1,0
847,0,1,4.700755137272516,1.668610623106607,2.4348540317687735,5.0582171469641946,1,61.305907181045555,88.56389755973272,1,9,0,1
848,0,1,1.2992499428894726,-0.918789003701484,3.6111455495181755,0.0,2,35.651893267162286,54.06809747942632,0,2,0,1
849,1,1,1.1748957413304506,0.9036066421768023,8.863408473558069,0.0,3,71.8640016175623,42.55430944525173,0,5,1,0
850,0,0,1.508098612902454,-0.7841599673473909,7.176364275397688,0.0,3,37.338702842144095,27.946709343430065,0,6,0,0
851,0,0,1.3944778444297823,-0.07900285318890099,6.863898169907095,0.0,2,50.120220279094994,29.401332077525105,0,5,0,0
852,0,0,3.0541186702872194,0.6089636493130639,8.540535784177939,0.0,3,58.052972711561466,41.07680303066638,0,9,1,0
853,1,1,1.2924291656271603,-1.6146548627073092,8.07507116176443,0.0,3,24.277337040393615,26.35485832943654,0,5,0,0
854,0,1,2.7350634353459835,-0.6582387428419493,4.740879642343718,0.0,2,39.607606786511504,54.421717185787664,0,5,0,1
855,1,1,1.9326950214411882,-0.26954338384162946,6.915516346517909,0.0,2,46.09910926581438,33.33523331416692,0,3,0,0
856,1,1,3.7471723493045785,-1.135683807868314,7.619664754197732,0.0,2,32.55305424266648,30.095245118199365,0,8,0,0
857,0,1,0.957511292033372,-0.38754515536992656,4.639647684692655,0.0,3,43.60408913506994,55.59899441206433,0,4,0,0
858,1,0,1.271421534165545,0.5766139005409294,10.848881832487583,0.0,3,55.325227818507635,12.21034053713605,0,2,1,0
859,1,0,2.7897636924209444,-0.9463145047575997,11.191142892280414,0.0,2,36.70659825365551,2.5188691752008445,0,6,1,0
860,0,0,1.468934754283964,-0.6446432784037682,10.113934956962211,0.0,3,43.87709124325495,20.347490765996366,0,3,1,0
861,0,0,1.5105576505907126,-0.7205094972061032,10.173173245064763,0.0,2,39.580317656129914,14.996782216990631,0,3,1,0
862,0,1,1.0497782666229987,-1.341639017074849,8.568395716694821,0.0,2,29.769150467864115,39.593183679891396,0,2,0,0
863,0,0,1.6227229793895506,0.4805614417311313,5.305066376657369,0.0,3,58.36780635014513,42.6055486331742,0,8,0,0
864,0,1,3.2650975351374694,-0.15757018527336614,4.300384034453553,0.0,1,49.66381049726457,58.85081483310477,0,4,0,1
865,0,0,2.352024248715905,1.0853762726875955,7.692385425040024,1.2300959669076668,2,65.09312116953679,36.74407888951484,1,3,1,0
866,1,0,1.3786081211648151,0.9200505657313502,10.050869126247772,0.0,3,68.20491923854844,22.382088151651192,0,7,1,0
867,0,0,1.4917175993001919,-0.8686783641429573,10.069499949268163,0.0,3,25.94239872672104,27.597249225508005,0,6,0,0
868,0,1,2.165832567126682,-0.9315839627555529,5.119949197085798,0.0,3,35.601895513339414,47.69475521121177,0,3,0,0
869,0,0,1.2119252788571604,0.1176940467559769,9.740633877509149,0.0,3,56.35565313002905,28.273094650026167,0,3,1,0
870,1,0,0.5826123027748189,-1.4082169294274782,12.28406170968846,0.0,3,28.502718328457682,0.0,0,6,1,0
871,1,1,1.2721097067063065,-0.5289651955789043,6.673231550376214,0.0,3,42.96250335253692,36.5605532298179,0,6,0,0
872,1,0,3.8482947755799084,1.510753666789834,10.45322257312547,1.911536676991319,2,75.47086490031896,19.786620182526494,1,3,1,0
873,1,0,0.6183931397601702,0.10513282396587705,11.34730792354258,0.0,3,51.259537449374534,10.252906254116038,0,5,1,0
874,1,0,1.4910260669281716,-0.6168025263130434,12.471682941163623,0.0,3,40.746770624406544,0.0,0,7,1,0
875,1,1,1.647007063881113,-2.0041336062629176,8.252757733780173,0.0,3,20.166341635945933,9.076341617405586,0,6,0,0
876,0,0,1.7932908533598106,1.243712701945856,7.75427126854829,0.17257230543557323,3,68.21432431663568,38.676892631768524,1,5,1,0
877,1,0,1.1894972702322304,-0.144885246717969,11.215063901952842,0.0,2,48.54813796302553,8.709002355891496,0,5,1,0
878,1,1,1.1049330817227434,-0.007874767160299442,6.281531789642638,0.0,3,50.93725237355026,38.132549325741394,0,5,0,0
879,0,0,1.964908078201953,0.3718564120526732,7.981074895903674,0.0,3,55.54558084703427,40.697123508303164,0,7,1,0
880,1,1,2.1772359062877706,-1.5519025156368058,8.2476976862192,0.0,2,27.743318845907066,22.792206444401856,0,4,0,0
881,1,0,3.411532616100214,0.24609613123788898,10.467439215249607,0.0,2,54.18510225709188,17.86964369273022,0,3,1,0
882,1,0,2.0792417626520767,0.5651748355687152,9.051344308957836,0.0,2,56.669464361456434,7.823451774019141,0,3,0,0
883,1,0,1.7433836282659914,-0.9434860743446987,9.615473485857615,0.0,3,36.28889190637317,0.0,0,1,0,0
884,0,0,0.8786224334857876,-0.02408889191875987,7.682625837914398,0.0,3,49.91243522707265,45.01339180582504,0,7,1,0
885,0,0,2.3576956397300877,-0.534371861877858,6.79613977635404,0.0,2,42.21557763689964,25.2840814916696,0,5,0,0
886,1,0,2.9266454281521233,-0.37360202238918244,8.552078303184997,0.0,2,45.821565158269166,11.275831588017889,0,7,0,0
887,0,0,0.8775979124341252,-1.0673976125914444,11.42592630916358,0.0,3,34.44090418599513,16.3265573552785,0,4,1,0
888,1,0,0.9613966591373342,-1.3268887993635352,13.64259235548655,0.0,3,29.44176993400843,0.0,0,3,1,0
889,1,0,3.0531482835670753,1.5159893598868812,8.261477848411124,2.8170289542320255,2,73.91061488964331,37.193802536442675,1,9,1,0
890,1,1,1.7550685865738107,0.05629645982668672,7.362073058367047,0.0,3,47.31774110932992,33.226144693610635,0,2,0,0
891,0,0,1.0552571512190432,-0.8502546719515953,9.503226897109593,0.0,3,37.09402886784827,22.05845568008493,0,5,0,0
892,1,0,2.1853230303611544,-0.02962078820719553,11.00397253386416,0.0,2,50.33246570809301,11.81972650343041,0,5,1,0
893,1,0,1.348909342820627,1.0737223381069052,9.891998472208739,0.0,3,65.02351327178305,16.28812830121403,0,3,1,0
894,0,1,1.736636032010219,-0.4334430498678331,5.376918473395211,0.0,3,43.53573113232121,71.63105381621267,0,13,0,0
895,1,0,2.532710921756101,-0.30838571697139144,12.131729093349598,0.0,2,46.10573728111966,12.521274377021053,0,8,1,0
896,0,0,0.7939324961458741,-0.40047593592414144,8.741262277090266,0.0,3,43.30382916907939,12.102476172308286,0,1,0,0
897,1,0,2.8474297336274974,0.25125295088291494,11.663531868030127,0.0,2,55.06234937871864,6.802004354335377,0,1,1,0
898,0,1,1.4392001884357206,0.8071245909555743,4.633255057380206,0.0,3,62.81210080510056,65.03731091697956,0,4,0,1
899,1,0,1.350152545868242,0.14752614908637776,11.325097696984871,0.0,2,51.99356056790462,14.522118569456616,0,6,1,0
900,1,0,1.08597506812313,-0.26476570130091887,11.258235083936908,0.0,3,45.8991107123997,6.068251210647465,0,4,1,0
901,1,0,1.4948914383198535,-0.4380601845789274,10.101800971282957,0.0,2,44.126560621249475,0.0,0,3,0,0
902,1,0,2.3515012861856146,2.3923291840232106,8.493305737814167,4.19701421473283,2,83.31134242989168,31.63112918856312,1,3,1,0
903,0,0,2.2620498957037602,1.7720988013517436,7.8492843523677065,3.446577895933482,2,100.0,40.17912729797642,1,1,1,0
904,1,1,0.7698365072507493,0.04178830392378497,6.180598475330076,0.0,3,51.77185653154097,43.94721722006392,0,6,0,0
905,1,0,1.0052424369837205,1.106070338192674,7.535652582982508,0.0,3,66.32020608030972,30.010151075812,0,8,0,0
906,0,1,2.1365563189525005,-0.5301707796196159,4.276793096583132,0.0,2,46.26339741247272,60.53569979086913,0,6,0,0
907,1,0,4.417797775017264,-0.11015873250089425,10.700966459331509,0.0,1,48.36188993743144,7.84779138269084,0,5,0,0
908,0,0,1.6946111001983786,0.08967462684626878,9.024746400072715,0.0,3,51.91839458833722,26.660534342015666,0,2,1,0
909,0,1,2.311856846915855,-0.700359597916003,7.884452432532721,0.0,3,39.01327594261034,49.50541296978564,0,4,1,0
910,0,0,1.338315231147805,-0.6572116948606233,10.736641832057582,0.0,3,43.69547476476053,29.875406203565774,0,7,1,0
911,0,0,1.568906429403141,-1.3724921647643582,11.829495819035353,0.0,3,28.23415258289552,10.44602178441916,0,3,1,0
912,0,0,1.7217774375749042,-0.29467532688001086,9.533479977407291,0.0,2,44.90076088061718,23.638033386384915,0,2,1,0
913,0,0,3.598584296392424,-1.4688896765969979,8.547826795270302,0.0,1,27.587327780766703,13.904519620121572,0,7,0,0
914,0,0,0.7388448625046593,-0.01584952042701341,8.255395759932197,0.0,3,52.19929234194595,23.923525802679794,0,4,0,0
915,1,0,0.8859845667700506,-1.1981474472053015,11.926032365753365,0.0,3,32.78831550378792,0.0,0,5,1,0
916,1,1,2.0347873427369456,-0.39938938054450673,8.574812760492886,0.0,2,48.68550362179193,36.46756566258484,0,3,0,0
917,1,1,3.537211725340568,1.4493593946121741,5.058393353564984,1.4530626105324036,2,70.42385390528531,52.171400288078665,1,5,0,0
918,0,0,1.211635699122588,-1.6345361526745172,11.584579160689483,0.0,3,25.772387715691437,6.676871595392983,0,3,1,0
919,1,0,1.3633156054970834,-0.9840056872369705,9.824986732833176,0.0,3,37.602656345455365,1.0428315086453286,0,5,0,0
920,0,0,0.9598075358768503,-1.1005120749002453,10.342475536624985,0.0,3,30.269678590474847,19.480208163982596,0,6,1,0
921,0,0,1.7877781035087212,0.3565244101099631,10.292187854794882,0.0,2,52.82335806089936,27.82446310365942,0,4,1,0
922,1,1,1.0659089954421979,0.9004835129217725,4.277258083023975,0.0,3,60.29118423030077,57.40826816048997,0,5,0,0
923,0,1,2.749983041612256,-0.390717161187041,4.964414977564563,0.0,2,40.281541512909904,61.952117466533124,0,8,0,1
924,1,0,1.1893393967053423,0.4392119293308777,10.785210042917829,0.0,3,57.00364504384482,12.037917775629769,0,4,1,0
925,0,0,0.7399736734674179,0.4118583470112326,6.626091196024823,0.0,3,57.89062415423663,33.542292959205234,0,5,0,0
926,1,0,2.9703001399247264,-0.7274571025803904,11.70994098652221,0.0,1,39.40190601730386,0.2655371488160263,0,4,1,0
927,0,0,0.7760657861470024,0.21824894233560455,9.83437183323532,0.0,3,69.38419279521489,31.484583725359407,0,6,1,0
928,1,0,2.1951207706843245,-1.2895244579706902,12.928763659536349,0.0,2,29.886527902737306,0.0,0,4,1,0
929,1,1,1.113250616849059,-1.3310139239404215,7.09875498729884,0.0,3,27.120691896472774,25.68660377757337,0,6,0,0
930,1,0,1.9134328776852316,-1.069464829044413,12.321994951787488,0.0,2,34.155211999446735,0.0,0,4,1,0
931,0,0,2.5347406711505958,0.28996746198416185,8.093220009625512,0.0,2,49.50637169772638,40.670389846660036,0,9,1,0
932,0,1,1.1472457742612332,0.42746418161944005,5.400514195470534,0.0,2,55.67824524080303,57.824233732035694,0,3,0,0
933,1,0,1.5494183630819287,-0.7888435849619202,11.590582543724404,0.0,3,39.24564509294624,6.59091913263876,0,7,1,0
934,1,0,3.403696376955943,-2.117699020665754,9.669092147467964,0.0,2,16.953786757474838,0.0,0,4,0,0
935,1,0,3.247660531018755,-1.4786955673851887,10.196025828383226,0.0,2,28.79314185964128,0.0,0,6,0,0
936,1,0,3.1742590172406975,0.47747951952072676,9.51740568816535,0.0,1,57.45308910815518,8.66788169020682,0,3,0,0
937,0,1,2.7084898144146248,-0.6149857253616327,7.040562412054202,0.0,3,41.16058205685712,49.96108945467363,0,4,0,0
938,1,0,3.3892697791480844,-1.2377946968218092,11.128294946005383,0.0,1,32.34049245156249,0.348666362296739,0,6,0,0
939,1,1,1.0054640865374096,-0.9280126583682883,7.60092901110449,0.0,3,35.02274767173093,29.744581117240266,0,5,0,0
940,1,0,0.7417162032029948,-1.6973148303931032,11.546823971870735,0.0,3,25.52305601899033,0.0,0,3,1,0
941,1,0,2.0575925812230222,1.460865017540295,9.265575130038984,0.0,3,72.64084217214882,34.56219839470674,0,9,1,0
942,0,0,1.5802707130537024,-0.17749999986854806,10.682399636938031,0.0,3,48.10285150466296,17.556426563613165,0,3,1,0
943,0,1,1.1733678215552903,0.25161640681843883,6.533324255115683,0.0,3,55.54769558143552,56.34936893975861,0,2,0,0
944,1,0,2.5697962632546525,-1.553491124582117,11.597559241716228,0.0,2,27.574509235205973,0.0,0,4,1,0
945,0,1,1.196201984963499,-0.48320677377714083,4.0266721324897565,0.0,3,43.07689289010485,60.63943504519097,0,11,0,1
946,1,1,2.5978990690967794,0.9604501198353297,5.374951001907579,0.2659248750758033,2,64.21945435799009,45.99487088881943,1,2,0,1
947,1,0,0.892512450014795,-0.8664202712126391,15.054283787225565,0.0,3,36.60178321890162,1.5808240146982058,0,5,1,0
948,1,0,4.576184106994634,0.3455377231376818,11.982016471074852,0.0,2,51.38468275137219,11.768872965350694,0,4,1,0
949,0,0,1.4652153070105405,0.5323478487265033,9.164971768793336,0.0,3,57.02908082841658,38.71571472339168,0,6,1,0
950,1,0,3.6851070743519276,-1.213645837580247,11.457550997624658,0.0,1,32.64087232669043,0.0,0,0,1,0
951,0,0,0.7631631879339007,0.726174936984512,7.9574433324337965,0.0,3,61.08837824214947,41.62261441554652,0,7,1,0
952,1,0,1.3448314589082628,-0.26216313645173167,12.102538941320427,0.0,2,46.476271439814994,11.158170623706873,0,6,1,0
953,0,1,1.6980833095955992,-0.10393748284310785,3.3115365067599276,0.0,3,46.66311822649502,61.50989983257814,0,6,0,0
954,0,1,1.0539476952120979,-0.6315529496382563,3.8592427449388262,0.0,3,39.62567140820313,60.56318366196737,0,8,0,0
955,1,0,3.965564245921756,1.1470771155247017,9.402310899863743,2.351388265203405,1,66.49160100194445,25.029335622422067,1,7,1,0
956,1,0,1.5059417597968707,0.8989955703424101,9.573586788708516,0.0,3,67.84442182561897,11.165930504645166,0,2,0,0
957,0,0,3.99431952567908,-0.5880710079152995,7.30155474578596,0.0,1,42.17598521188892,22.600477981901136,0,4,0,0
958,0,0,0.7448549030820736,0.1550550819888354,9.478379810776621,0.0,3,52.49415000788624,27.111875146644252,0,5,1,0
959,1,1,2.723754344495188,0.47854495917873585,7.587585273536808,0.0,2,57.091497974191256,46.181535381636614,0,5,0,0
960,1,0,1.1725569341841287,-0.7232243072965757,12.524189959435788,0.0,3,36.64010142466045,0.0,0,1,1,0
961,0,0,3.5850822416180086,2.528061777791314,6.945595912116808,9.514491893803594,1,89.31083549576148,52.55266049392279,1,3,1,1
962,1,1,1.3949416422283227,-1.1018501087599546,6.579953942372828,0.0,2,35.28995641878217,38.06820614971933,0,7,0,0
963,1,0,4.190464505704507,-0.9635623375217038,11.149607861593562,0.0,1,35.5831310614406,7.777789988366509,0,10,1,0
964,1,0,1.508162384037066,0.2871525578670322,7.911474093985655,0.0,3,54.111258373432655,15.529663624496095,0,6,0,0
965,0,0,3.7861672105072133,0.9456597164073649,7.900033754151227,1.696963846314765,1,63.33846628537698,35.143934831739216,1,2,0,0
966,0,1,1.2658499506609275,-0.37807701214605843,5.423826762053916,0.0,3,44.15705819999312,50.34654552332418,0,2,0,0
967,0,0,0.6891595291001579,-0.971758921100139,9.8383291051845,0.0,3,37.36940063411865,20.475510239937943,0,2,1,0
968,1,0,1.7537496415463825,0.32592490174778177,8.962903619435508,0.0,3,54.027395778821806,16.134009475355253,0,6,0,0
969,0,1,0.9576230818095924,0.9927303246907397,2.211943574621544,0.0,3,63.864064045799026,73.56603555830547,0,7,0,1
970,1,0,2.441360677021586,-0.6912128314946298,11.2450695712023,0.0,2,40.75004532387589,3.612731937767606,0,5,1,0
971,1,0,1.5689171127513757,0.10767284867225493,11.172997063694545,0.0,3,39.4260232634997,5.821816653142264,0,2,1,0
972,0,0,1.4949654853577423,-0.8995005677541642,9.9342500005554,0.0,3,38.60666631418105,12.640275482745613,0,3,1,0
973,1,0,1.3761625293468902,0.576252809522254,11.069198932086955,0.0,2,58.45584954858237,15.600271573169191,0,5,1,0
974,1,0,1.9143835862267367,-0.47812924000148815,11.26954897379207,0.0,3,41.879058507132264,5.166179562000028,0,5,1,0
975,1,0,1.6187483670500387,0.2503887150426045,10.772385114957551,0.0,2,55.18276420384459,15.244068484977046,0,5,1,0
976,0,0,0.4862042587238137,1.0761952351359725,8.984136416380853,0.0,3,65.86400965503111,40.37143288985351,0,3,1,0
977,1,1,1.3821868353147058,0.31157174850484265,6.326657050213296,0.0,3,55.26975401949786,39.53040964192906,0,5,0,0
978,0,0,1.9923198445790145,-1.8269207680808843,9.982009160732655,0.0,3,25.22408556698143,19.534679766094868,0,9,1,0
979,0,0,0.7850111300956204,1.5164509003725992,7.9663970492596174,0.265194380279462,3,74.48413038630939,42.929061818625925,1,2,1,0
980,1,0,1.7465474234657348,-0.5245918482979874,11.386600845607747,0.0,3,49.85300673814236,2.3074051258951327,0,5,1,0
981,0,0,1.1779480636329973,-0.7777581924738994,10.228147068878245,0.0,3,38.2244918662644,15.082612492488263,0,5,1,0
982,0,0,0.4575855717882579,-0.5200515945779093,9.38401063282002,0.0,3,40.32382075373828,28.309622292124757,0,7,1,0
983,0,1,3.564761407071882,0.9193051336039106,4.606863857044948,0.4593781526890416,2,63.44381913285634,62.78786247385077,1,3,0,0
984,1,0,1.377670729916833,-0.5980181102910157,12.586065057041772,0.0,3,43.197895314662304,5.880308831272101,0,5,1,0
985,0,0,2.0750139822491644,-0.3596252413834743,7.547475329795299,0.0,2,43.11578890342581,29.376125725540177,0,9,0,0
986,1,1,1.6157775107116734,-0.24355259961912387,6.542213820398891,0.0,3,40.93258105819605,34.04399420072767,0,4,0,0
987,1,0,1.2747982492651626,-0.9945435383616065,10.761193058306082,0.0,2,33.67491819952935,0.0,0,2,0,0
988,1,1,1.5767815873078388,-0.7280696185429161,7.4136157830484155,0.0,3,37.74103377961973,32.72895501525735,0,5,0,0
989,0,0,0.9251350165510925,-1.3439085386035887,9.58756492489414,0.0,3,27.573997524743756,24.389401864406558,0,9,1,0
990,0,1,1.5500803446828213,0.5663167894436184,5.853432153808032,0.0,3,57.92729487397438,60.086253130728316,0,4,1,0
991,1,0,3.970717090695972,-0.9908757283626749,12.734435456265901,0.0,1,34.43179536372594,2.043395537382063,0,6,1,0
992,1,0,1.8659875979102842,0.6681258315088925,10.089345451354568,0.0,2,58.92447116629896,17.32596793758543,0,6,1,0
993,1,0,1.420875234185271,1.0687654513022773,7.821313418897641,0.894915934827878,2,69.20201476121667,24.802940081594382,1,6,0,0
994,1,1,1.6214703799351637,2.264417459276264,3.8605844227878414,3.7404808586580343,2,83.19642005307952,63.314248546203444,1,7,0,1
995,1,0,2.571683021967854,-0.45579748577937795,10.6928407592649,0.0,2,41.280721322889036,3.386641868817236,0,4,0,0
996,0,0,1.9442128597809887,0.04381957571701671,5.56189356042811,0.0,2,50.145779360535336,38.85563695305043,0,8,0,0
997,1,0,0.770061364059886,-0.920196930040341,8.839697634151118,0.0,3,24.868982803924318,12.707896730208263,0,7,0,0
998,0,1,1.627679384920207,0.4569569443069143,3.010621652227475,0.0,3,57.608298295967614,63.091552270966446,0,5,0,0
999,1,0,1.2215660515552256,0.1373433389882497,11.910938092027449,0.0,3,55.40730526043918,5.23501861679257,0,3,1,0
