candidate_id,G_Gender,S_ImmigStatus,U_wealth,U_prob,H_policy,C_shadow,X_uni,X_code,X_behav,X_ref,X_exp,X_permit,Y_Target
0,0,1,0.4623546633578715,0.006850972365365634,1.1423557919957297,0.0,3,50.21862449256534,61.22031012651552,0,3,0,1
1,0,0,2.168105062162221,-0.5494124929460726,1.5086732314428173,0.0,2,24.288349074430233,44.58969151773436,0,4,1,1
2,0,0,2.1241473024443667,-1.8527377033852799,1.4774448540283598,0.0,1,20.700277515335,34.111460873058476,0,6,1,1
3,1,0,1.770586619682461,-0.6185955753766632,1.9014619078917616,0.0,2,44.94047388796271,37.03892870270511,0,3,0,0
4,0,1,1.6039061849206013,0.6670245918605623,0.6744114870294472,0.3221260322275882,2,62.58562023599591,75.65023720267479,1,6,0,1
5,0,1,4.1063649854497015,1.8675238578313744,0.5732456274779709,7.978006829705687,1,78.49299414495881,93.17167647947868,1,10,1,1
6,1,0,0.6414317025526948,-0.03379431326870276,3.02691671573806,0.0,3,52.97521913162158,45.89210220484431,0,5,1,0
7,1,0,1.8572351656604724,0.4119487971152264,1.8596178472123839,0.8472303358072218,2,57.79938080819873,46.68209452681671,1,5,1,1
8,0,0,2.6883721168142887,-0.7529623114297308,2.2732747267552966,0.0,1,39.42931650891801,53.817001905311926,0,8,1,0
9,0,0,1.9093978924730746,2.14144984077111,0.5273388914184203,5.398365150340279,2,82.74412744378172,80.33526755461823,1,9,1,1
10,0,0,0.84534555596186,-0.48928157028945163,2.7712027979451106,0.0,3,47.06609642034435,43.846065771855294,0,4,1,0
11,0,0,1.9640920150835546,0.01718226970082197,1.3330910457900862,0.0,2,49.30727395773174,51.27019187112148,0,5,1,1
12,0,1,4.537134544403262,0.6366796367699975,2.1129179867571617,3.014648675440526,1,53.61292013035539,61.62979919074219,1,5,0,0
13,0,1,1.007062807861745,0.309537984298419,0.7543736700275449,0.29921354255863275,2,54.17957900721204,61.15892200886986,1,2,0,1
14,0,0,1.8435785126706503,1.3104461647680556,1.2524209994440147,3.562405436064441,2,69.93520182137698,74.94116122267778,1,10,0,1
15,0,0,1.6500979687426054,-1.038866028823427,2.6131800398564167,0.0,2,0.0,39.26915770642174,0,6,0,1
16,1,0,2.1986011709023616,0.11249146362502617,0.8196137624978653,0.0,1,52.359944560306126,41.18433856088795,0,3,1,1
17,0,0,1.5416655303694973,-0.08213214426225564,0.6206244984707285,0.0,2,48.77775723239905,44.56682978458452,0,2,0,1
18,0,0,0.289173676271474,1.6008913906290771,1.386344497891789,1.7696516597521985,3,65.58443786054634,64.11065163105349,1,2,1,0
19,0,1,0.6789436624522672,-1.5960129729592016,1.7349792492358176,0.0,3,26.312434751429148,49.63977298064072,0,8,1,1
20,0,0,1.463317788945389,-0.3915608069105026,1.9779142599256339,0.0,2,46.56246210625446,38.04520863963976,0,2,1,1
21,1,1,1.838978546702872,-0.4321759186335382,1.301531583157875,0.0,2,43.84867677873578,60.70739311838699,0,11,0,1
22,0,0,2.857067707161127,-0.3883841673754024,1.850856350367631,0.0,1,44.13434282042111,45.41165561050869,0,4,1,0
23,0,0,4.983866219147569,-0.8880220063082855,2.231180599624496,0.0,1,35.181421652000644,46.74697211085967,0,8,1,1
24,0,0,2.2278531696794945,-1.7558474869405827,2.1671115585020884,0.0,1,23.890413954571393,41.255020892318974,0,9,1,0
25,1,1,0.9375530226944166,0.9697318776680836,0.9940952586051199,0.0,3,63.47721841317956,63.37261394749171,0,5,1,1
26,1,0,1.2530359918095337,-0.00752528367869875,1.9794380769689306,0.0,3,49.1074863111917,47.75561418194666,0,5,1,1
27,1,1,0.6073880231012877,1.3560458611357067,0.8032725590700859,1.403188758706973,3,70.98615873023014,63.20383511104295,1,7,0,1
28,1,1,1.4334697067382056,1.6004697028648531,0.6399273287228358,3.260410519340931,2,75.11995943516581,71.1467828653251,1,6,1,1
29,1,1,0.9791163667729696,-0.7295046961847649,1.117548663791458,0.0,3,39.64158226418702,45.34336118248925,0,0,0,1
30,0,0,2.2808378097546895,-1.859543806494426,2.295424604728157,0.0,1,23.12978160413121,39.05368672776601,0,7,0,1
31,0,0,2.46408695078201,-0.20979956083089826,2.11917352034929,0.0,1,41.54738953759246,50.814575004968155,0,9,1,1
32,0,0,1.7027292181752878,0.41171923351034834,1.799769364194719,1.170267365567942,2,54.58250691466089,62.18942057163836,1,8,1,1
33,0,1,5.255719157908777,2.2136664074635135,0.6745454794413296,8.69885404007844,1,81.71889005662777,84.14986804923441,1,6,1,1
34,0,0,1.3929380383706549,1.0124783902224008,0.5317578370154826,2.0332390876376905,2,70.16689124271124,60.26595378003546,1,5,0,1
35,0,0,1.790620172399078,0.5734545099310956,1.0668456177886452,0.5831854421129266,2,59.21285217482237,49.03581173662731,1,2,1,1
36,1,0,2.017095651137438,-1.28373880309064,2.0330787419370937,0.0,1,29.447491687982055,33.006546707813776,0,4,1,0
37,0,0,1.255410745190838,-0.583257603854132,1.734107637959478,0.0,2,44.02685376571656,48.12688433738615,0,5,0,1
38,0,0,2.3652449099139563,-1.0235009044467307,0.8032388227120324,0.0,1,39.39964996818372,48.4446879122173,0,7,1,1
39,1,0,0.9734168403646863,0.34013317463452786,1.4418896088949684,0.0,2,55.386567311446186,43.7001289803993,0,3,0,1
40,0,0,1.3251467806744222,-0.3049506949156519,0.8017235603963228,0.0,2,46.14629223256746,55.554930306227796,0,9,0,1
41,0,1,1.2112939633686615,0.17737288641046217,1.3547348724826507,0.0,3,51.25808832948233,63.45429247330538,0,7,1,0
42,0,1,3.7770580137018515,0.5275805403963788,1.2174079243986946,1.445404433640884,1,57.299065413192835,69.05178688040799,1,4,1,1
43,0,0,0.9350423714468165,-0.5919592012662631,2.409312475011466,0.0,3,40.60536614666823,44.12700718049946,0,5,1,1
44,1,0,3.264079066885152,1.5283247446993793,1.6490996737865147,5.151524269543445,1,68.93193201357694,55.23849963210902,1,1,0,1
45,1,1,1.6445668200631647,-0.7755015588657113,2.953445915390836,0.0,2,39.122721733347944,48.89021356885144,0,6,1,0
46,1,1,1.6127052666138884,0.3847387149254034,1.7546215493727964,0.0,2,55.842838091597905,56.20663757956456,0,5,1,1
47,1,1,1.6901398151766038,-0.8052975262029287,0.6481294801684587,0.0,2,39.01578126983204,53.23225059203214,0,5,0,1
48,0,0,2.5944771518508856,0.34634402764257743,2.32330976241441,0.5613892489102622,1,53.768783182035875,55.55179083248187,1,5,1,1
49,1,0,0.8470302208923878,0.9081490846452591,1.8562171626969,2.326970426460446,2,63.14773010498252,52.474563007695224,1,5,0,1
50,0,1,2.361149288301414,0.050605604908913096,1.700294015201366,0.0,1,52.88791095469821,55.81794755590001,0,3,0,0
51,1,0,1.9786687836265289,1.328935999853392,1.122479238078724,2.790195519044949,2,71.51922459322584,57.00602943467644,1,5,1,1
52,0,0,1.5513363958417359,1.9370969774160967,1.1229005932174028,4.886810985756589,2,78.60164440351048,70.578826914908,1,5,1,1
53,0,0,3.47248780016361,0.5547686489237689,1.0472630419197158,1.6455319871370175,1,57.7608198818477,53.52803476864475,1,4,0,1
54,0,0,2.709091946059954,0.092407294736998,1.8327692265767639,0.09121564569234908,1,51.19255654643442,47.97511834470226,1,5,1,1
55,0,0,1.4600448429331,-0.04131251435037941,0.7565996512334737,0.0,2,50.37033997546744,50.742526107949395,0,6,0,1
56,0,0,2.5838720765268324,0.4660488796490922,1.8940704844051977,0.560558841833079,1,55.1863875231354,47.26839723046669,1,4,1,1
57,0,0,2.286422813390745,1.2065948313109824,0.8747729109218985,2.1104647030581534,2,71.6356438829081,60.09839905328095,1,5,0,1
58,1,1,1.2641634159940232,-1.3449611182438355,1.345334975299108,0.0,2,36.71352350171286,45.78592645584098,0,7,0,0
59,0,0,1.1840863158900345,-0.15983010036969655,1.0927371039632918,0.0,3,47.622385319616335,51.47374107497574,0,4,1,1
60,1,0,1.9560813214020707,-0.0694600866299932,1.8043803067743307,0.0,2,49.17583523028264,46.93453508167225,0,5,1,1
61,1,0,1.40206971678338,0.7975503517919363,3.083699387355396,0.0,3,71.18825288302777,59.74659089268585,0,6,0,1
62,0,0,1.7466089953041262,0.41608602916016135,1.1327212385439018,0.575079519264249,2,56.79961855900969,59.03328922891811,1,5,1,1
63,0,0,2.051290886722096,1.0698489632930885,0.6130751317466534,3.161419478542191,1,64.62000017658052,58.67156463887182,1,5,0,1
64,0,0,0.9673079541546178,1.0384846019032092,1.6338121351204822,2.2363459576150952,2,61.09771724774076,60.02472849325671,1,4,1,1
65,0,0,1.0726000536532765,-0.07183624908682032,1.4832885772950979,0.0,2,49.66841734840073,43.307239495524186,0,3,1,0
66,1,1,3.4099582061065297,0.13080492558668766,0.9453250812927467,0.0,1,51.98859532184993,58.27523744914593,0,6,1,1
67,0,0,1.5137508324494684,0.016732225239755625,0.388510200243694,0.0,2,49.29789454770119,48.43655792118434,0,4,0,1
68,1,0,3.333503747301831,1.9061018156940148,1.0168498723737576,8.150424912349504,1,77.61710601678345,57.87978742514127,1,3,1,1
69,1,0,0.5328155317534922,0.43172241539403644,1.3868819347685444,0.0,3,55.59523406515413,51.54016827438704,0,4,0,1
70,0,0,0.780191236999259,2.3963361915248753,1.444274984669163,5.723983999425659,2,86.58736595958815,77.59071216076988,1,7,1,1
71,0,0,1.5776052642043503,0.5206000224907633,1.1731374012460098,0.8880468318722476,2,57.76006533897367,57.88462420272596,1,5,1,1
72,0,1,1.9420127760183399,0.337134617033522,1.8948850211991526,1.045255855421027,2,57.97190593563961,62.83525470189737,1,5,0,1
73,0,1,0.7657198886628518,0.860393641102317,1.7213596963545499,0.24814998837901098,3,63.5874872469939,66.76085715625541,1,4,1,1
74,0,1,2.6650133956983333,-0.8414938166997203,2.222755626790768,0.0,2,59.25468275043231,48.796504852436804,0,4,1,1
75,0,0,1.6565382845729775,-0.20879913890340632,1.3618155624007857,0.0,1,47.993641108096476,42.700580366696,0,5,1,0
76,0,0,0.8460386521749915,0.5230607295866879,0.7033529817464551,0.0,3,57.93371832556279,56.71814462142242,0,5,0,0
77,0,0,1.478166621049334,0.9817036768177596,2.1604782989571847,1.5069016557014205,2,64.03409286866992,52.16088181145124,1,2,1,1
78,1,1,1.1095218540043146,0.39735834149057503,3.1111624550654455,0.9376747561177902,2,55.833963708201665,56.19027777114791,1,3,0,1
79,1,1,1.0073086326155072,-0.3464813213767485,2.7084169966067595,0.0,2,43.74625376419133,45.192985752523036,0,3,0,0
80,1,0,0.8329031732091001,-0.797387498687778,2.1680144473155414,0.0,2,29.853518957726997,34.02882619127439,0,2,1,1
81,1,0,1.7486769106383633,-0.7768552329792959,1.4959077442253288,0.0,2,38.56150744189327,31.75855322575512,0,3,1,1
82,1,0,1.989088094379544,-0.6483742971595823,1.7075235124091497,0.0,2,37.60612251506272,37.765660459010036,0,4,0,1
83,1,0,1.4191815633520373,1.3553254670720623,1.111550729539286,3.071440894192607,2,70.14067736735251,62.847158575393046,1,6,1,1
84,1,0,2.549304110826066,-0.44542307900171857,1.7446620088496365,0.0,1,42.317702352207654,49.30653964022472,0,7,0,0
85,0,1,2.765469194672769,1.506852358604883,0.36051556972846166,6.441598530212984,1,73.2604852564462,81.175984774975,1,7,1,1
86,0,0,3.903753577522516,0.03835085856747817,2.750239328611702,0.0,1,50.939452115836424,52.860664105614624,0,6,1,0
87,1,1,2.822958419397921,0.29086000280505836,1.1552849655319977,0.0,1,55.45645833985135,63.440536360226815,0,4,0,1
88,1,0,4.805102916574288,0.06968207975017914,1.2049731849323395,0.0,1,57.74120126221932,39.74259790674055,0,2,0,1
89,0,0,3.21834442373372,1.4877122758854522,0.939208809395934,5.229233391005186,1,72.49164408622619,52.89896030369281,1,0,1,1
90,0,1,2.999404255841102,-0.5332266913744091,1.4073807844200328,0.0,1,51.76855368491664,56.42532618094327,0,6,1,1
91,1,0,2.2811450609269093,0.4780743871739539,2.256711113287494,1.5191445845628937,1,59.49338152196042,50.09692250927479,1,5,1,1
92,1,1,1.0765268176744374,2.5398917474973466,0.8077599584811006,2.115486449052307,3,89.78410745589002,68.00433062300813,1,2,1,1
93,1,0,1.3990805943210336,-0.18754891887055505,1.8199835641730269,0.24725779749774013,3,55.321749000154966,46.53357060428401,1,4,1,1
94,0,0,1.968956350363179,0.09361797362682653,1.818014966299338,0.0,1,51.6718067172376,54.93307656464217,0,8,1,1
95,1,1,0.6278939769976118,0.780542167788061,1.3277846766453967,0.3402788715158027,3,60.3474153162283,68.60298349376826,1,8,1,1
96,0,0,1.4999147240615365,0.17598264024208154,1.7431776595577582,0.0,2,52.310017709916224,53.918644691476665,0,4,1,1
97,1,0,1.591584496597525,-0.7651813230704192,2.3478236671566046,0.0,1,38.2386522692791,28.147098667233365,0,2,0,1
98,0,1,0.5096276319161723,0.8625304449117692,1.3696435524397157,1.3870449231695883,3,100.0,50.7902491012373,1,1,0,1
99,0,0,2.2273768046804245,-0.4501017709678275,0.9541747483676146,0.0,1,43.00271077940416,49.54762777401677,0,8,0,1
100,1,0,1.1450911474507566,-1.7097003186829756,2.571872565501163,0.0,2,24.515253125640076,32.924979819498695,0,6,1,1
101,0,1,1.4021938617975198,-0.7827340753605961,1.0597519466906042,0.0,2,37.11339657017878,53.27867278042241,0,5,1,1
102,0,0,2.0973447743697924,-0.8747902372539403,1.4214051456396102,0.0,2,37.7999326928872,53.37817402944494,0,11,1,1
103,1,0,1.1634338208562223,-1.1631007884319289,0.6791797510539305,0.0,2,19.12601953670608,33.255582981540094,0,3,0,1
104,0,0,0.9406160166450127,-1.7812192308920873,2.8232000292044743,0.0,3,25.40222800620089,31.17869683548305,0,5,1,0
105,0,0,3.151768458094712,0.00329312526665896,3.399928089771426,0.0,1,51.17965084790165,55.438985967835194,0,8,1,0
106,0,0,1.38295943770543,1.9540848817215823,2.3709997084739562,4.871823661456469,2,81.24697927677693,68.3931105176718,1,4,0,1
107,1,0,1.5981136848838,-0.41039840440102604,2.8840543551729514,0.0,2,43.42750465326495,43.658005716941425,0,7,1,1
108,0,0,0.9736108142996829,-0.48744547835926977,1.1480444381101111,0.0,2,43.32638424182552,44.533050798897925,0,5,1,0
109,0,0,1.007596811862873,0.9511734850341517,0.5896817588965564,2.3100089607438226,2,1.1705888772438442,63.077669842307046,1,7,0,1
110,0,0,3.4482010079986742,0.685135446069728,1.497536839807719,1.7859996716732294,1,60.41199392455554,60.73417147844203,1,6,1,1
111,0,1,1.481804209420669,-0.28702753767120615,0.9058597225344367,0.0,2,45.66436088575358,63.141065914144114,0,7,1,0
112,0,0,0.8001657441337522,-0.6417186418682709,2.042776591198572,0.0,3,40.3551015805082,42.829295066039286,0,4,1,1
113,0,0,1.119149077311405,0.8435906081090668,2.1633118677662933,1.8629987999972752,2,61.744160166572726,58.59549854839301,1,4,1,1
114,1,0,1.9814827819858467,-2.514563134545438,2.1608327194156867,0.0,2,53.86024144372545,24.45717468396419,0,7,1,1
115,1,0,1.8006479584376787,1.2673696915440156,1.2651131297708242,2.150925970337007,2,60.65978717751367,61.36255365075847,1,5,0,1
116,0,0,1.2231549829121307,0.5153376361308472,1.3231453052769857,0.14189845090919873,3,53.79336926158998,55.26514180894878,1,6,1,1
117,0,1,1.1851497783016391,-1.379612440221991,2.3728721754652526,0.0,1,33.93452787447561,49.65713055513145,0,6,1,0
118,0,0,1.4334247577028532,0.4950679671361408,1.2119322974343543,0.0,2,57.137452317906124,50.43933717371908,0,6,0,1
119,0,0,1.3896799228506598,-1.2334498666854667,1.5583741802113935,0.0,2,31.63975476735536,31.99106782810089,0,5,1,0
120,0,0,0.5723656083125596,1.8135291512922687,2.151763684378232,0.8912238590769164,3,77.81095376928725,62.41767655599997,1,5,1,1
121,0,1,1.282036200635575,0.431670387678433,0.9377054078549325,0.9300108694023574,2,58.43337151207496,72.31456280641525,1,8,1,1
122,1,1,2.133531533795325,-0.1596505261675191,1.7264992205501186,0.0,1,46.57781000827776,58.279653391361904,0,5,1,0
123,0,1,1.400492053498958,0.3151947572578169,1.4503436574803596,0.0,2,53.6757688098019,65.7175707519769,0,5,0,0
124,1,0,3.069815820212497,-0.35340752375646356,1.504445333745998,0.0,1,45.97562153253378,43.87603615002851,0,8,1,1
125,0,0,1.6134754497956996,-0.17690531430932166,2.0735065785923714,0.0,2,45.62483759692337,42.48765494896375,0,2,1,0
126,0,0,0.5928746232762774,0.4955724723939174,0.636898518019209,0.0,3,56.07384541579647,54.84397620219613,0,6,0,1
127,0,1,2.482353716077267,-0.4472757299369823,0.8911617327334196,0.0,1,42.702590469135764,66.13138388701006,0,10,0,1
128,0,1,3.6661098146633404,0.6683773639278269,1.393712180650565,2.0300893596717247,1,59.92569948055901,73.92356137035402,1,8,1,1
129,1,0,0.7945195763519959,0.9364774506444419,1.418481915339134,0.9200019682782131,3,64.39444950745666,58.33276914357066,1,7,1,1
130,1,1,2.882284353756654,-0.7948792545821949,1.0190571601634397,0.0,1,47.7533357202074,50.61563216140663,0,5,1,1
131,0,0,2.54085945555217,0.4111739394545145,0.9433597719803224,1.3322550858430329,1,52.705981264457144,55.565599299665486,1,6,1,1
132,1,1,2.9518950095532834,0.9585324726183818,1.614049674161882,2.8513333105425525,1,68.47174631468513,55.19482884615029,1,1,1,1
133,1,1,1.2510631998014343,0.13012768857135681,1.7178899563113001,0.0,2,50.57921696589339,58.085671665551246,0,6,1,1
134,0,0,1.5368517740646337,-0.13341808454754264,0.8340914747764749,0.0,2,46.9292084763717,44.8226461558002,0,4,0,1
135,0,0,1.6844879242393587,-1.0144418740283423,1.6111205004251372,0.0,3,34.21012609366733,36.86878031949695,0,4,1,1
136,1,0,0.7075444201044242,-0.6053512622337545,1.1568431024254526,0.0,3,39.61449964239979,47.41683641083008,0,9,0,0
137,0,0,2.402888743591338,0.7242288128312333,0.6962693236132571,3.0600110919744266,1,60.84189553380342,53.86176367494204,1,6,0,1
138,1,0,2.438087611949649,-1.3479388311217466,4.834815269805952,0.008601744860404104,1,25.641182382570257,35.00547019744512,1,7,1,1
139,1,0,1.0095837171729851,0.7240382414961158,1.337667795685091,0.0,3,61.33024834648233,47.08348268463806,0,2,1,1
140,0,1,2.6564764430503867,0.5097717474787914,1.064544556896172,1.900897070799794,1,57.271408609989614,62.22407003280284,1,5,1,1
141,0,1,0.8745176721705404,-1.0302488917337986,2.335656900473846,0.0,3,100.0,55.28919210312483,0,7,1,1
142,1,0,2.658513591971063,0.28565965535348387,1.2715118698486993,1.2202355524334503,1,54.19907451860919,52.71789392279142,1,6,1,1
143,1,0,3.913001515364729,-0.7476487778032402,1.8415848436458961,0.0,1,46.20528551703494,44.630255233871694,0,6,1,1
144,0,0,1.3397476377585118,0.2174318269317756,2.05544518964837,0.0,2,52.986042349683515,48.31913867807643,0,4,1,1
145,1,0,1.1579684756648223,-1.3956244933630495,2.8165232803156157,0.0,2,28.869608278640502,28.0844547210037,0,3,1,0
146,0,0,1.0481430021658857,-2.1405084567987145,1.6859409970220072,0.0,2,14.798355641909845,28.87777084856705,0,6,1,1
147,1,0,1.315645640310015,-0.9370656838399158,1.922599969864773,0.0,2,36.233848249088624,32.87516855003482,0,5,1,0
148,1,0,2.5378068938381513,-0.07291019867571877,1.5676297995225474,0.0,1,48.54081368894578,36.187368186449575,0,4,1,1
149,0,1,0.7335788107545618,-0.7200079918618036,2.744059066209,0.0,3,32.94090800830619,51.39065138116595,0,4,1,1
150,1,0,0.6903571362692511,-0.3665475683741508,3.697163883435084,0.0,3,44.991032844410036,44.27000907985522,0,6,1,0
151,1,0,3.426735182774494,0.11028407869752446,2.709002122031732,0.0,1,38.93015605044739,38.96202928769425,0,2,1,0
152,0,1,0.3861312216408603,0.29414657030956426,0.47803547284001374,0.0,3,54.05735794192754,62.992461340225525,0,6,0,1
153,0,0,2.147447738227698,0.2247671339704799,3.584457047269826,0.07859775582467546,1,55.58404162363456,58.23281509099304,1,6,1,1
154,0,1,1.458378171655488,0.6124051898543496,1.450041471189158,0.67074887192905,2,57.795429586827915,77.25895186756264,1,8,1,1
155,1,0,0.836974312421744,1.4664840000363866,2.4298333159205487,1.2877832992444915,3,70.39698129250235,60.73571356999545,1,7,1,1
156,0,0,1.526488925657026,-0.760917614582324,0.45923120982994003,0.0,2,38.75175903502381,46.841369716108986,0,6,0,1
157,1,0,1.7089083809074392,1.090502026654466,1.081045812275832,2.415111365028179,2,67.97111222011864,59.62782365972406,1,5,1,1
158,1,0,1.5559348038624923,0.9150592638454961,2.1999241486496004,1.0771911796646298,2,63.06591597816465,60.46065532769497,1,9,1,1
159,1,0,0.9166489712784593,0.21059021937216274,1.3117244117654205,0.0,2,46.478646592505164,55.64661571418959,0,11,1,1
160,0,1,0.6828065426680919,-0.01705319435512935,0.5382707282116792,0.0,3,48.73151267967785,58.12615027364842,0,4,0,1
161,1,0,2.2184289709995633,-1.6757790199541345,3.1168788631154274,0.0,2,23.293889907035684,18.25888430455769,0,5,1,0
162,1,1,1.2026197818619788,-1.1403284893413244,1.7200783575711949,0.0,3,30.36978660999283,47.15972629335201,0,3,0,1
163,1,0,1.5789306601232842,-0.3158240094203357,1.0667469101106726,0.0,2,45.05203898494065,40.74221914099835,0,5,1,1
164,1,0,2.829020650857087,-1.0637313537253097,0.7571206209533352,0.0,1,35.06925019974353,41.92638076095962,0,7,0,1
165,0,1,1.145284974939201,0.011759361149011044,1.5016014076232849,0.0,3,50.92723988900393,62.783414660392644,0,6,1,1
166,1,0,1.542870615276031,-1.4230788374708636,1.1213206465027343,0.0,2,27.826241121183553,25.947505511509423,0,2,1,0
167,0,0,1.2780409439301175,-0.6605408425905905,1.5348848211944364,0.0,2,40.194630096656596,45.9520004232531,0,5,1,1
168,1,0,2.0455048820956607,0.8285764047009309,2.272753811395429,2.5533729090311534,1,62.643923279901635,60.174377923659854,1,9,0,1
169,0,0,1.1218228876016112,1.077567474297814,0.48628980117735454,0.3077266103214669,3,67.39749597899173,62.22075078624227,1,4,0,1
170,0,0,1.1625670357636404,-0.2795351024481797,2.180056494213555,0.0,3,46.83463015739714,43.998290982283976,0,4,1,0
171,0,0,1.9212252889051806,1.3050545966494453,2.7576520646399816,3.4465196904162334,2,74.11478521139821,63.65003259091455,1,6,1,1
172,0,1,3.109384065392858,-0.6789869480508233,0.5288319780772552,0.0,1,41.51269104680749,52.823322126786344,0,3,0,1
173,1,0,2.322421252168213,-1.0554939788456956,1.5371275551936798,0.0,1,33.49283367939473,33.99943769246475,0,6,1,1
174,1,0,1.2219408217951528,-0.91644198391267,3.419049367352025,0.0,2,37.08739033284993,27.770905297115174,0,2,0,1
175,1,0,2.8052326360397406,0.09126869031614779,0.5982256491512633,0.0,1,46.38793367063311,48.61095058298811,0,5,0,1
176,1,0,0.8716778996191866,-1.1757318779081676,2.04171541224292,0.0,3,32.800001825376754,39.57859730145624,0,4,1,1
177,0,1,0.8274435376309505,0.74553152659658,-0.2044519036111998,0.25568524344320104,3,59.38730971479176,70.96583463437288,1,7,0,1
178,0,0,1.9324226000424771,-0.24184962650594782,0.5675282101924685,0.0,1,54.41660023733168,54.122040354351206,0,7,1,1
179,1,1,3.00167118332134,0.5225159844713327,0.36047362279291556,1.0965453519224946,1,56.43733738897861,61.39996345542457,1,6,0,1
180,1,1,2.3855000683618455,0.3134109990383191,0.9317330514470574,0.4137845451250508,1,55.75673077140758,67.81414747685116,1,7,1,1
181,0,0,0.4403185635628863,1.6538799722158173,1.4032252267582934,1.7007034254118445,3,76.37481312926944,70.52853649512502,1,5,1,1
182,0,1,0.9017552408197241,1.0272867443326954,0.26478631739743896,3.032112797885599,2,64.00319716702606,72.83144568121278,1,5,0,1
183,0,0,1.342452414418078,0.20334715056660288,0.866941697356748,0.0,3,55.11573939575522,65.72664842810308,0,8,1,0
184,1,0,3.425440014884388,1.8419653954698778,1.5079457231646036,6.743125869126902,1,75.05991177022071,56.23132367113537,1,3,0,1
185,1,0,2.0001742045982778,-1.0004185555269898,1.5840860378036312,0.0,1,25.0399441498527,28.616076750485625,0,5,0,0
186,0,1,0.8917651442883251,-0.44809950462857573,1.6942744391236741,0.0,3,45.1379546665735,51.752165097623134,0,4,1,1
187,1,0,1.0938048016053847,-0.49514732325810457,1.8289826808865444,0.0,2,41.36391789401965,47.08518059536296,0,9,1,1
188,0,0,1.9477982819097657,0.8197451167784243,1.1451625054081367,3.3412425994193775,1,61.19319921104972,63.03211341556385,1,7,0,1
189,0,0,3.4518472974730154,1.2846805849449452,1.7749289371247419,4.564418668215373,1,66.91656459036102,64.49744372759534,1,3,1,1
190,1,0,1.8570008520522472,-0.7034645493552667,1.7323478109539394,0.0,1,40.242183900878636,32.18420101834856,0,6,1,1
191,1,0,1.5933552293986177,1.1600043945878993,1.5177906781267663,2.83070020088977,2,66.07374489186567,56.606615728591436,1,5,1,1
192,0,0,2.44203988479441,-0.6240504998694986,2.2932966361143574,0.0,1,41.404409654284315,33.08443529365296,0,0,1,0
193,1,0,0.6925150194641474,-0.5620366295629471,2.264144725364502,0.0,3,61.19740677605505,40.559892923736996,0,5,0,1
194,1,0,1.108808993152458,1.9506600360403699,0.5919767249681915,1.6400343556898906,3,79.35718731371547,67.10784866518613,1,5,0,1
195,1,0,1.5890042252038903,0.18644920462882075,3.9164363638886632,0.0,2,51.13533259972223,45.66793709184079,0,2,0,0
196,1,0,1.6195106446852885,0.6947174829243895,0.8481107092539539,1.8879627259490395,2,60.535095072362225,50.43405359349749,1,7,0,1
197,0,1,3.267810202275663,-0.3639199099569482,1.7574286290017997,0.0,1,47.324665732764615,62.16414406489158,0,2,1,1
198,1,0,1.4944764066373701,0.9507476197468093,0.4264752233348526,2.0327790037630087,2,71.87933839697641,56.71683828270976,1,6,0,1
199,1,0,2.775173510235419,0.21979371560470634,1.5829762954353568,0.0,1,49.90828833249687,48.69065781390726,0,4,0,1
200,0,0,1.8939764939427066,-0.06613030781300211,1.2779559069888913,0.0,2,50.16796576881943,52.45262116359016,0,6,1,0
201,0,1,2.3761293961582575,-0.6332187395980271,0.38443114217415575,0.0,1,41.09358118986806,46.9638118421374,0,5,0,1
202,1,0,3.4647757102962324,-0.4629568273023241,1.6161114097741023,0.0,1,43.17887788822408,55.5630618535981,0,10,1,1
203,0,1,1.6534038639549418,-0.17428085113381406,2.5381519173441625,0.0,2,45.976112697422536,55.23665172733302,0,2,1,0
204,1,1,1.0491300489829458,-0.07526372873011232,2.2989644292801374,0.0,2,46.900351891188684,53.1028864751848,0,4,0,1
205,1,0,1.0290256770668136,1.8117620435174304,0.6396909524093232,4.56992428564057,2,86.69983450556862,60.03213891525228,1,3,1,1
206,1,1,1.0855944305327299,-0.6193458201263907,2.0096227807675824,0.0,3,41.161021430472196,37.5893938971644,0,1,1,0
207,0,0,1.9103292846438258,0.4695577261906403,0.5534460697106632,0.7874259370887555,1,57.49795637791088,49.185853520451566,1,2,1,1
208,0,0,1.5210633746454092,-1.2991677624185636,2.611486832744202,0.0,1,28.934296606310944,28.283443129573918,0,1,1,0
209,1,0,1.3575852554855077,-0.7863185826058937,2.478151485360085,0.0,2,38.1122460177731,37.56298793960553,0,5,1,0
210,0,0,1.2600259492084391,1.1743555264155796,0.43925063905544653,1.057263739866603,3,67.98551270943685,61.345135532195705,1,5,0,1
211,0,1,3.134027420151299,-1.669356156096222,2.800574425919385,0.0,1,25.805371497557548,35.724125899825125,0,3,0,1
212,1,0,1.996617823933823,-0.05228828997498675,3.679692957688682,0.0,1,46.95981403058416,41.20328154167566,0,1,1,0
213,1,1,3.1008374609631595,-1.5721052190255485,3.558466015996715,0.0,1,26.536824990202213,34.30949681970725,0,2,0,0
214,1,0,1.8787855577452968,2.7475758677849353,1.5901532367935385,11.61629826875495,1,91.3099412307528,78.75955718522795,1,8,1,1
215,0,0,0.8497394486208715,0.39484397967685486,0.737000671824676,0.2718162943059649,3,57.15737196025635,52.36132994449314,1,5,0,1
216,0,0,2.5131934542940586,0.18598256409681851,2.659374523861652,0.0,2,52.786218621132804,62.86247687893043,0,10,1,1
217,1,0,2.067861736059394,-1.0937603614057807,2.135911914568913,0.0,1,30.063581214185895,30.981422148422787,0,4,0,0
218,0,0,4.9612460057219,0.47451275639505996,1.3739254337841753,1.5098856824950375,1,59.038624616442114,54.158645162471345,1,5,1,1
219,0,0,1.4900107304320693,-0.15768779579694678,1.104161254396982,0.0,2,48.33457737134939,49.18035966097755,0,6,0,1
220,1,0,3.9402582347247925,-0.7584014439189098,2.1899171371041835,0.0,1,36.079446289375866,34.51413901500306,0,4,1,0
221,0,0,1.7392561952006762,0.3174418374885834,0.5330861137691474,1.0181011388964296,2,57.39893343711892,49.89632885711925,1,4,0,1
222,0,0,2.4569773546197236,0.35053913918248586,0.6009805346255768,0.0,1,57.912229111766386,61.467187918267946,0,10,1,1
223,0,0,1.1599972932164508,0.3915187268641936,1.2546569646321961,0.0808896096314112,2,54.885058304110416,45.75755417691948,1,2,1,1
224,0,0,1.183341731124552,0.13471627927100513,0.46947574021621685,0.0,2,51.61791479421139,59.717849890125656,0,6,1,1
225,1,1,1.3600149498533929,-1.099193325036633,1.5014816653482037,0.0,3,33.5078210367242,39.74267562599081,0,3,1,1
226,1,0,2.343082130819719,-1.1404200582855266,1.5832696627976137,0.0,1,33.964801372591914,32.90253306246224,0,5,1,0
227,1,0,1.5759879505573209,1.563272437571315,1.0912248904254471,4.034960138466028,2,75.03178761652812,58.43562413093306,1,5,0,1
228,0,0,0.7738712716794341,-1.2254077778196,2.298503362398556,0.0,3,44.87852307643631,37.91366471500706,0,7,0,1
229,0,0,1.0111109700442644,0.2811051779791913,1.367810198443008,0.03482080518822864,2,54.30657766475875,53.006831112452616,1,4,1,1
230,0,0,1.0854807991708417,1.213808047040078,1.2163775773804888,2.1606370132970487,2,69.50325454588044,58.742499165297666,1,4,1,1
231,1,1,2.77570009382877,0.994295967834009,2.5415939443624285,3.17365376260649,1,67.0269289923206,49.63071637919872,1,5,1,1
232,0,0,1.2174202900283693,0.8016658217673545,1.2878227679199772,1.2125226981571267,2,61.785450241979085,56.8720555251089,1,6,0,1
233,1,0,1.5207239147279765,0.7939184750927696,2.108378225331645,1.0783516604263736,2,60.79680810791435,52.85652317647171,1,5,1,1
234,1,0,2.1010790684266634,-0.11141040175226583,2.732496453690741,0.0,2,49.036697107709045,44.757517089194685,0,5,1,0
235,0,0,2.8836185607309965,0.07024716209715749,1.0524278178025752,0.0,1,54.641869142261065,55.657712129504695,0,7,0,1
236,0,0,1.5153764970598056,-0.5309899890695523,1.4892797299578693,0.0,2,44.99618010246189,48.09454302027858,0,4,0,1
237,1,0,0.7696010104790805,-0.4434758839787885,1.2919857236245023,0.0,3,43.562041660600826,51.99592771867589,0,9,1,0
238,1,0,2.741123922761857,-0.7780681940371875,1.9730015849940263,0.0,1,40.14247957937999,33.0974361000209,0,4,1,0
239,1,0,2.782007353043068,-0.6982891081576552,1.3271427286695676,0.0,1,40.311975773707694,46.11728961961316,0,5,1,1
240,0,0,2.0325230838362507,0.5704107952935471,1.1462449599352897,1.083619287286133,1,59.46244227799121,55.790118144983225,1,6,1,1
241,0,0,1.3447238305300135,1.082580324498672,1.8416829680967997,1.982441574082822,2,66.21269612525559,52.66799468957673,1,4,1,1
242,0,1,1.7947303506623886,0.12300131308002323,1.1901731811346459,0.9844576615128369,2,51.77793688299456,62.271702398523374,1,5,1,1
243,0,0,1.00139024779755,0.013099195711462511,1.2932420758886283,0.02952377886980062,2,52.4977882033093,59.65242710556973,1,6,1,1
244,1,0,2.695623251919185,0.8942385739842265,1.7394953210723696,3.2624875049651676,1,66.71315308757266,41.985093641901564,1,3,1,1
245,0,0,1.4799764533534803,0.5486927253627599,2.885218666020947,1.164315874125598,2,55.29204510324359,51.09238026632467,1,3,1,1
246,0,0,0.7397222233390223,-0.03151298539070921,1.4285822384991864,0.0,3,51.089586828962325,59.54592132656926,0,8,1,1
247,0,1,1.981061936175842,-0.4132370183979508,1.9556767555159906,0.0,1,42.55804573977419,50.21258707609483,0,3,1,0
248,0,0,1.533795530045873,-0.7442689424708128,1.9725867457651918,0.0,2,45.45439965101998,46.318093326286906,0,6,1,1
249,0,0,1.0420957221306995,-0.3631858351873861,2.6269329362978855,0.023020266525487942,3,43.11144297275875,47.59428130324569,1,7,0,0
250,1,0,1.9637175821921382,0.23403181921981678,1.6263849913522785,0.0,2,53.883797162345886,44.159252439654544,0,4,1,0
251,0,0,1.1086935388679142,-2.2548140952080686,2.0283114433598226,0.0,3,28.54860657892301,30.409419530194327,0,2,1,1
252,0,0,1.6979623077675934,0.7614386518775766,0.5536533373164232,0.6942895213315755,2,64.88224049116528,54.05785486432059,1,4,0,1
253,1,0,0.7253777021558951,0.35333119465490176,0.6803525040257216,0.28112345948691,3,55.45299527155664,58.32846968299246,1,8,1,1
254,1,0,1.509102543440002,1.1785384563640384,1.7934446751433062,2.271457738651705,2,64.15799888446529,50.97023601068013,1,3,1,1
255,1,0,1.7397578205934017,-0.29373693083342023,2.624384537940955,0.0,2,45.66319263113277,35.847275697630494,0,5,1,0
256,0,1,2.4568537846242386,-0.3592575931900564,1.9034497054653492,0.0,1,42.86499775738655,52.292881057598485,0,4,1,0
257,1,0,0.7540971234133103,1.8934043845302004,1.0494930895336465,5.164022621235515,2,79.7499778412812,65.31805625157371,1,4,1,1
258,1,1,0.9619153915766157,1.0971205339351668,1.3715236985453654,0.5309315566319875,3,67.1962360359334,69.78161441321602,1,7,1,1
259,1,0,3.121822348811416,-0.3527096927002928,2.896076799535253,0.0,1,44.74399620584976,40.73535790256034,0,5,0,0
260,0,1,4.019153742889849,-0.0070722129330350915,1.0515380825623188,0.0,1,52.620241528988714,58.81862528737776,0,5,1,1
261,1,0,0.646884834116174,1.1220040953718333,1.3767336841402693,0.38595627917454906,3,68.8321476645915,56.848248053117196,1,7,1,0
262,0,0,0.7949705797801201,0.949473630436075,1.1780455205438076,0.22841598183602657,3,62.94999175608438,62.88044208078603,1,7,1,1
263,1,0,1.6522831298898752,0.5111398283496978,0.918873882430671,0.07216847064244158,2,57.447705160326244,55.128705516464535,1,6,1,1
264,1,1,2.8377718052786425,-0.7177708394778701,0.6153944585540567,0.0,1,37.97111912424789,50.213493453072225,0,6,0,1
265,0,0,0.9159358120647615,-0.22467055368403283,0.5277793178302886,0.0,3,47.8245248809933,53.92414263789315,0,8,0,1
266,1,1,1.8706653645519857,-1.1131699437451008,1.8704140079244054,0.0,2,31.17059782774443,38.83749727574835,0,3,0,0
267,0,0,2.012343230781666,-0.9302435876821813,1.4403550690078104,0.0,1,39.92606210222527,33.1292073559931,0,2,1,1
268,0,0,2.4446827980633037,-1.8633469698826473,1.710689728835036,0.0,1,22.32657749413335,40.34428917181181,0,7,1,1
269,1,0,5.4903210209904305,-0.7412642778913533,2.2554021351359377,0.03201752423740478,1,38.34320511319807,27.18318756798642,1,3,1,0
270,1,0,2.6908739684706173,-0.9342928665843924,1.5428971242332226,0.0,1,34.9653441379112,47.22346809814357,0,7,1,0
271,0,0,2.109197701992881,-0.47776700916236026,1.3527814588181655,0.0,1,43.20778905855601,51.696746555043184,0,8,1,1
272,1,0,0.6916636335781944,0.4523234802764042,1.0183836662061132,0.6719427199396206,2,55.981331952895104,55.5802953628808,1,8,1,1
273,1,0,2.4773805351481504,1.1029041229567156,3.397506438985735,3.5580257640007997,1,67.87033354052323,57.74161296210573,1,5,1,1
274,0,0,1.1444813830285447,0.3697997780406793,2.5200071087157174,0.0,3,54.254395369139175,55.4298595439256,0,5,1,1
275,1,0,1.7566547229160283,0.8959898991573287,0.6800948158642651,1.3988217638579794,2,64.74675447932059,56.5931667925697,1,7,1,1
276,0,1,1.9692968677927694,-0.3285716223998007,1.2138344925123485,0.0,1,36.89873912652534,52.153100899022725,0,3,0,0
277,0,0,1.9018829837683413,-0.23118428466433938,2.5025862960251875,0.0,2,46.869897884172914,55.59523517922921,0,6,1,0
278,1,0,0.9455788294834785,0.6769934090607858,0.5244662590615351,0.0,3,61.4878906957879,56.94343299917677,0,7,0,1
279,1,1,2.0799136381043155,1.552548195777109,0.3185573826322665,6.3225672965299555,1,76.01733390052625,64.41668443465291,1,2,0,1
280,1,0,0.8781185694316416,-0.8882377945445148,1.6760488314669166,0.0,3,35.29035688965023,30.02901948475944,0,3,1,0
281,1,1,2.3919172771470105,0.43370138659216556,1.788645081396413,0.5857657142955209,1,57.80020006894117,61.738047166218955,1,6,1,1
282,1,0,2.674887990739826,-0.9199947115615249,0.728216828840468,0.0,1,35.88235849741677,35.753404737862375,0,7,0,1
283,0,0,2.1724726183535554,0.5476634423687962,2.0847987660379728,1.6952699751759948,1,58.179589105263844,50.706614818566585,1,4,1,1
284,1,0,1.716166618076422,-1.208020966543646,1.7300072429122153,0.0,2,36.339785943110115,33.80715856274897,0,5,1,0
285,1,0,1.0054423997319648,1.9000181171478072,1.5330925048418156,4.761221681489406,2,79.19090412300847,54.51106683901337,1,3,0,1
286,1,0,1.0953115411093144,1.8307816698410135,0.8180363380590577,4.493347865528862,2,79.41588469828912,57.95946203684339,1,4,1,1
287,1,0,1.1139374926057826,-0.31843188214405693,1.3422059741054932,0.0,2,43.16942154612402,41.819844932787625,0,5,1,1
288,1,0,5.984384749352684,-1.565156672915346,1.9154873027656312,0.0,1,26.064502531451378,29.12549225457417,0,4,1,0
289,1,0,2.5168546449043703,0.09366023913830962,1.6413975332608297,0.0,1,49.64814565261709,49.77017384032183,0,7,1,1
290,1,1,1.8954412929038784,-0.09755807410070413,1.2568028802620557,0.0,2,48.903948190743506,53.454651857677504,0,5,0,1
291,1,1,2.5255315059472525,-0.76931910961153,1.7207676970674517,0.0,1,37.22569589328345,52.467545167016446,0,7,0,1
292,0,1,2.7141057095096097,-0.6793665328727745,0.9254238643931428,0.0,1,39.62794924244374,51.40777683927012,0,5,1,1
293,1,0,0.8243654531544231,0.41712567336082873,1.920271505061907,0.007443538455526422,3,56.18175661070087,48.579214825190874,1,4,1,0
294,1,0,0.9889674388667559,0.8327461261327318,2.0631768224617426,0.40152522302247046,3,69.74721716760033,60.56372529376616,1,7,0,1
295,1,1,1.5342257576710752,0.5544648599903907,2.071965948307081,0.8441252964855065,2,55.897028809878215,66.86401491303235,1,7,1,1
296,0,0,2.024016808450606,0.9734939987420685,1.0233265079505414,2.567708508589482,2,67.83116742580769,68.7484252341888,1,9,1,1
297,1,0,2.208695262282553,-1.074001571411042,2.244041646061439,0.0,1,34.75810552650287,41.05719376883788,0,5,1,0
298,1,1,2.5570539869050255,1.8993448744012138,1.3511375881147696,7.030791204265792,1,81.0588741874903,79.49481391546979,1,6,1,1
299,0,0,1.5676581760569013,-0.513661804705274,1.5395798751034906,0.0,1,57.30100764627932,48.173342593003106,0,5,0,0
300,0,0,1.313143081345499,0.8178075823019726,0.7161127412658049,1.6925036464046979,2,64.91648035675324,56.81906182562679,1,4,1,1
301,0,1,1.2689883343840542,-0.32740670321050847,0.4133327509212997,0.0,2,45.6691577220584,65.50097846567009,0,8,0,1
302,1,0,2.646687623583987,-0.8813151823519871,1.7214338019737088,0.0,1,73.13128719023484,35.67765682881025,0,4,1,1
303,0,0,2.3321888137863276,-0.8136603296454353,1.6070148966637525,0.0,1,39.36664202952106,35.956587253811044,0,2,0,1
304,1,0,1.746438323301489,0.5674763107329519,1.5952222232135695,0.9493239770426275,2,56.343709045406,49.01859043626489,1,3,1,0
305,0,0,2.452297721576933,1.359469347522887,1.634968943977864,5.410930651190192,1,69.8463157879008,66.93622290448117,1,7,0,1
306,0,0,1.9675645439878109,-1.5537178486281775,3.563662104542645,0.0,1,33.667102757463816,38.62139427039158,0,6,1,0
307,1,1,1.4523762050432736,-0.3084522022857118,1.9463142271819296,0.0,2,46.574396326924514,45.38082261352027,0,2,0,1
308,0,0,2.489851594379952,1.1258252584880934,1.992461239232454,3.7059514743838666,1,64.77934724847634,63.28518263720021,1,3,1,1
309,0,0,1.0623490183865527,-0.6795111058147599,1.3459551960548288,0.0,2,21.805082381543063,44.92393283378956,0,5,0,0
310,0,1,2.772845712758284,-0.36849960555305145,0.300223126931324,0.0,1,43.599065390718806,65.66408091039891,0,8,0,1
311,1,0,1.025598154550819,-0.11555840691969735,1.5863247296490104,0.0,2,46.68166446092887,39.97004603697326,0,3,1,1
312,0,1,0.6151456282793402,0.49054713510933157,1.7444815438137176,0.0,3,57.602890731220874,53.72470757078608,0,5,1,1
313,0,1,2.1175584963497998,-1.2097351166915484,1.1415133657388914,0.0,1,30.118775207032474,48.60714234429468,0,5,0,1
314,1,0,1.047043859331351,-0.1097389333910456,1.6359942618451835,0.0,2,47.55973440173527,34.528785344481115,0,4,1,1
315,0,1,1.8162204628193819,-0.232669785527546,2.0682383443258683,0.0,1,43.695636856902766,61.5866387543422,0,7,1,1
316,0,1,2.7162046090939143,1.1525048420123734,0.8446337913575882,4.1889767662822655,1,67.73620846086285,73.36817578653283,1,6,0,1
317,0,1,1.8203115254278852,-1.8277488464941736,1.9316586142929886,0.0,2,23.28199539406422,43.66930579366239,0,7,1,0
318,1,0,1.480223417299833,0.11616982337613947,0.6630447377680688,0.32200463823723036,2,52.67108630415116,51.68948953998294,1,7,0,1
319,1,0,2.4952128647541745,0.5854808353903341,1.1915176725629095,1.956885333797004,1,60.50378384130177,50.15210524034231,1,6,1,1
320,0,0,0.8209481407111172,-2.0453122852182966,1.8736776274375868,0.0,2,16.802744235701102,33.55162394018997,0,6,0,0
321,0,0,4.698921311190774,0.06887706719571603,2.3886324506112113,0.0,1,52.35001671694737,42.91507427092222,0,3,1,0
322,0,1,1.9875563192871781,0.7410889809638064,1.0918857368170263,1.3603201711857063,2,59.525973699143925,67.72734200253647,1,5,1,1
323,1,0,1.110583110828285,-0.8727902816260676,1.3537759567458498,0.0,2,32.94320983384918,41.890361965408275,0,6,1,1
324,0,1,3.758645312521288,-0.2798291419350609,0.8266373389568351,0.0,1,45.89406010163828,53.19661376517638,0,3,0,1
325,1,0,1.649865888770879,0.3597933110657802,1.4423764091801978,0.0,2,56.834508650810236,51.07853067684212,0,5,1,0
326,1,0,2.2350400548129987,1.9354753076085864,1.0677992747729517,3.911113858433077,2,80.69740682970053,69.44144554549726,1,5,1,1
327,1,0,3.0141972276627014,0.7984459956477532,2.131207650095694,2.7915498711867364,1,62.05766931035167,54.8246132141885,1,7,1,1
328,0,1,0.9381897827658148,0.2573050279914723,1.0500842622221316,0.13912512473661698,2,53.76997866780267,55.15819006450539,1,2,1,1
329,0,1,1.961752509184182,-0.3925429742601819,0.7403143273496325,0.0,1,45.1011764588225,60.01403600639225,0,7,0,1
330,0,0,0.9141133310200543,0.09303046721760178,1.4532254396034054,0.0,2,51.80174311950476,52.809351670975346,0,8,0,1
331,0,0,1.6722964120001385,0.1321896215292853,1.8077540529482157,0.0,2,51.30177092569122,50.59550226512664,0,5,1,1
332,0,0,1.256202160977427,2.005940768206939,1.1894785777956918,1.2712397804819164,3,79.77380849929163,65.55161156913707,1,3,1,1
333,0,0,1.033589621125505,0.17840053002695663,2.6593818392630855,0.0,2,37.099815475887,44.98613766767049,0,5,1,0
334,0,0,1.0684429414448906,-1.0151163169117772,1.8477040833143317,0.0,3,34.68722473295035,46.502082176493715,0,8,1,1
335,1,0,3.941132610304202,1.1912434281317756,0.7246324913744372,4.456237913889081,1,68.01049927482102,64.63299589456065,1,9,0,1
336,0,1,1.5149651723568314,-1.0844368812963159,1.970300266838721,0.0,2,32.46958524616374,43.10011697614118,0,3,1,0
337,1,0,5.03520773301882,-0.39845696142183684,2.6423271685248544,0.0,1,36.57943272591472,44.234421606125565,0,6,1,0
338,1,0,1.655133003432961,0.8785233693138556,1.5040640949884039,1.4283807420610746,2,58.66588170489379,55.23767164129652,1,4,1,1
339,1,1,1.707379187967981,-0.29615845585650225,1.4892152661024163,0.0,2,44.41401138072494,47.46527705855865,0,4,1,0
340,1,0,1.5112821850866163,0.6282717583288326,1.8766848836230166,0.8320118501096618,2,57.15599860289534,49.85524209038523,1,7,0,1
341,0,1,6.3149427007929555,0.46393755831365424,0.5303782452225222,1.246338187030001,1,56.00651932029734,67.98605570662997,1,6,0,1
342,1,0,2.489688814857537,0.437936118710668,1.7266799428073294,1.4917831080545954,1,56.36543633034217,47.42828604423143,1,2,1,1
343,1,0,2.5069826790318346,-1.6584272477225648,2.4622817786786744,0.0,1,24.454695798060367,12.143786894311813,0,0,1,0
344,1,0,0.5382045837459976,-0.7918151227058422,1.636467659013641,0.0,3,41.053784616325366,31.682739349787695,0,3,1,0
345,1,1,0.9738886208360236,0.36323321109160306,0.13691227010555718,0.0,2,49.085537250873045,53.90020754720077,0,3,0,1
346,0,0,1.1572319163820366,-0.42267627572364896,1.14279895527901,0.0,2,39.24561580553457,53.5840518183168,0,5,1,1
347,0,1,2.7162349197818005,0.13667486063837928,0.6188179854792476,0.0,1,52.95453908923549,62.052978839066085,0,3,0,1
348,0,0,0.9421245798918042,-0.7528370914800177,2.4113326053814506,0.0,3,38.97327664974355,36.75939946030681,0,2,0,0
349,0,1,1.8805667994700337,-1.8443336812365403,1.7697766844209981,0.0,2,24.622925757113197,37.004084920556686,0,4,0,0
350,1,0,1.2124066228143195,-0.6445813015425546,1.5072158641751852,0.0,2,40.78539166813133,42.472958805216976,0,3,1,0
351,0,1,2.757518284210986,-0.08073471960305363,1.051446326409383,0.0,1,48.12441954527072,53.89647678517539,0,2,1,1
352,0,1,2.5553419257576953,-1.0935420012206238,1.8169303924542624,0.0,1,33.8375850157076,42.43808845686487,0,4,1,0
353,0,1,1.0845431645921375,-0.4875880925725922,2.022032039808753,0.0,3,44.11977008775368,61.56050431242615,0,3,1,0
354,0,1,1.6110515357477366,0.047200133685755506,2.1589615840929737,0.0,2,51.0108264233942,46.31967381781498,0,3,1,1
355,1,0,2.8353477628035693,0.3049190810008818,2.7617229813378246,0.8887296251737737,1,58.59520418593289,42.127122265974485,1,6,1,1
356,1,1,1.9453318962843498,0.4709086298313845,1.15310826262552,0.0,1,60.049632084049584,58.20310078141439,0,7,1,1
357,1,0,1.2669739624231766,-0.3609317216561082,1.615774973398709,0.0,2,45.997790112187445,34.26391139424867,0,2,1,1
358,1,1,0.9695316986123093,0.4300934770275652,0.5955561177611267,0.961920176958615,3,56.04514483009353,64.44995950290232,1,8,0,1
359,0,0,0.7632099504761256,0.1470288805006108,0.5742831936628325,0.0,2,52.00343412754382,48.79857572752735,0,4,0,1
360,0,0,2.258248767478068,0.9488696610647197,2.5442705228248608,2.3091944895698115,2,64.1660257617067,60.31706083100681,1,3,1,1
361,1,0,1.9256330338678418,-0.11575241140839658,1.4801391035186238,0.0,1,47.65889568227848,50.72117871671727,0,9,1,0
362,1,0,3.1958332487403887,-0.19112664423985093,3.1576445835136635,0.0,1,46.63531894160093,49.28581023543931,0,5,1,0
363,1,0,1.570228350630736,0.6069591048284884,2.6388972191281552,0.0,2,59.893201363216804,52.25285127518196,0,6,1,0
364,1,0,2.3351231886110106,1.446919398672344,1.1415898649293026,5.041154466845544,1,68.0759876452793,53.16717666659276,1,2,1,1
365,0,0,1.8337555364433755,-0.08584027594537987,1.9220220277156148,0.0,2,47.62705899106307,56.70740298675227,0,7,1,1
366,1,0,2.944824549547105,-0.6197723135124438,1.261627784867251,0.0,1,40.97530554838538,38.10233414668521,0,5,0,1
367,1,0,3.3266485304309406,-1.4402997198017968,0.9049841655937356,0.0,1,28.339174130683798,37.72052181273585,0,4,0,1
368,1,0,1.7554301685788969,3.1115453320842623,0.95698527179014,14.040658245128132,1,97.53808209546439,85.06125500730666,1,9,1,1
369,1,0,1.4023260684668677,1.2043927288128873,0.9521577888318891,2.879844943816752,2,68.76522655170633,55.28140504586461,1,5,0,1
370,1,0,2.113015543312861,-0.10601362340938346,1.7853381587607218,0.0,2,48.47968539414028,44.41638097513559,0,5,0,1
371,1,1,1.290913149380454,-0.6009041012624466,0.8745014900533186,0.0,2,41.58144100510794,69.90727921585601,0,12,1,1
372,0,1,1.7509703914619037,-1.3077593761795636,1.6692000174692876,0.0,1,30.808167047210944,55.547462095067274,0,6,1,1
373,1,0,1.4732115384121929,1.4758164631689543,0.3913539261379142,2.983223934315187,2,70.43532186640584,51.78532594233328,1,3,0,1
374,0,1,2.566822619604554,-0.9896254812719669,2.7543299006035102,0.0,1,35.74216729495228,44.65885738534045,0,4,1,0
375,1,1,2.6707013545628246,0.6288140745920054,1.199611986261645,2.1077260250339798,1,59.9038469184386,61.315919811223374,1,6,0,1
376,1,1,1.5499717929777332,1.1568792418221008,0.1460914790796548,2.200835626143826,2,65.17988695341222,62.770071354222104,1,4,0,1
377,0,0,0.9909944023966702,-0.10396417092218856,1.6337300544515847,0.0,2,48.40403130714025,50.44470296118664,0,7,1,1
378,1,1,1.1114183027557145,-0.29955954218490527,1.5406230102417517,0.0,3,45.826560810514216,49.06467291297946,0,4,1,1
379,1,1,2.9907480758714016,-0.24708354646337763,0.6713817234546029,0.0,1,59.784372621473985,48.48839728450376,0,3,0,1
380,1,1,2.1413715786943466,-1.2666424854698783,2.6762692021499612,0.0,1,30.583792065965717,49.74198841676179,0,7,1,0
381,0,0,1.295988927615831,-0.04028974698914181,1.2590969228647269,0.0,1,47.159092364555974,48.169051316427094,0,6,1,1
382,1,1,4.730556450522956,-0.9601642937506815,0.896795130997036,0.0,1,36.83527001421489,58.43533222051678,0,6,0,1
383,0,0,9.632570025395127,-1.0110290279374414,1.7652142096676247,0.0,1,36.027276307444964,35.34596799341009,0,3,1,1
384,1,0,0.8690855022937788,-1.181538437749391,2.309797715239417,0.0,3,30.56026561601432,30.471116808561458,0,4,1,0
385,1,0,2.4659899802298617,1.792698257479532,1.3575958134497426,6.311187430590428,1,76.92043600813896,67.04376338729682,1,6,1,1
386,0,1,2.8874234945864226,1.5763427103446064,0.9888328470995899,5.78042597222624,1,75.75136529780063,68.49846356790897,1,3,1,1
387,0,0,1.4885340897621457,-0.7247174108801154,1.2320868292098137,0.0,2,38.87420865932315,42.272383887179046,0,7,1,1
388,1,0,2.7075643576733834,-1.0734206729529165,1.948543344742851,0.0,1,29.806996492857923,31.21381029103273,0,4,1,0
389,1,1,1.0270345357197188,0.2725512542750302,0.884285762200618,0.27489743735874417,2,54.658424701645856,67.28530932468355,1,8,0,1
390,0,0,2.426424745477058,-1.0503797618185067,0.953310259694009,0.0,2,41.488875900521066,47.51452321639057,0,7,1,0
391,0,0,1.8727441986494584,0.6707768692775391,2.076375278374175,1.2154634387877545,2,60.43459940907623,64.90487627213409,1,8,1,1
392,1,0,1.7796020045725862,-0.16113671843986307,1.9727141211102586,0.0,2,47.06477118660487,41.039674439148264,0,4,0,1
393,0,1,0.6167431534329052,1.0070155695101504,0.7173954229653308,0.0,3,67.79042799029794,77.99493907158394,0,9,0,1
394,1,0,3.008146045324217,-0.9282332694488671,2.8178179828381547,0.0,1,35.389075761347634,38.2167723065341,0,4,1,0
395,1,1,2.2494481175444254,0.10758961212863398,1.5466788916049807,0.0,1,54.232130150945096,54.822071941851675,0,6,1,1
396,0,0,2.4689246665411893,0.631621175709834,1.3439535724123783,1.301262970287542,1,70.37330939479693,62.48755314536264,1,7,0,1
397,1,0,1.9907500394008983,0.8668791481651313,0.6889844330135159,3.0448623544745415,1,57.67994434153502,64.95263238437636,1,10,1,1
398,0,1,0.8479493297435194,-1.003158572014962,1.26782826543171,0.0,3,35.12429240859162,46.24951730404652,0,3,1,0
399,0,0,1.9389644313181118,-0.7505412433144435,1.5870817730300617,0.0,2,36.886173250153966,37.60995617033097,0,3,1,1
400,0,0,2.2447535100756264,-2.3189713000964036,2.474621108590628,0.0,1,16.072185714250022,35.52802963894532,0,7,1,1
401,1,0,1.5674026200012623,-1.156678561211144,2.8127540031167544,0.0,2,33.25934316444229,23.376860280580843,0,1,1,0
402,1,1,1.1036200810219658,-2.9984825229394323,1.3717643358343539,0.0,2,5.031975107706647,26.989496973459083,0,7,1,0
403,1,0,1.7657550285819137,-1.6382224585147247,1.3119352816139236,0.0,2,26.053588519272573,22.951902504819394,0,4,0,0
404,0,0,1.4386041771118092,-0.5301542412639122,1.8429200935149246,0.0,2,41.94853914776114,33.88608249927609,0,2,1,1
405,1,1,5.280900942716897,0.666664634020067,2.8440130078837402,2.2275333663058823,1,59.63134855819704,40.41599684775511,1,2,1,0
406,0,0,2.9108884553563827,-0.03909818722070925,1.0428716037707284,0.0,1,50.767257810782006,54.6244591211406,0,6,1,1
407,1,0,2.188984866600944,-1.3271462834712007,1.4566281238015115,0.0,1,29.75092091044124,32.290153881322944,0,5,1,1
408,1,1,1.2978354314690976,0.7716664194070769,2.361218762576181,0.885935094179525,2,63.26356859425116,70.77631861206488,1,9,1,1
409,1,0,1.8791562488288056,-0.44652728364905386,2.025099667753706,0.0,2,43.36474860857549,36.83032188428509,0,4,1,1
410,0,1,0.8330423172644186,-0.1876849354656155,1.0542056957729482,0.0,3,46.14943443501794,54.64004197223054,0,5,1,1
411,0,1,0.7147036755771378,-0.4720288796128636,1.7657361521071464,0.0,3,44.3964605340346,62.77688075531278,0,9,1,1
412,0,1,0.7196849134280863,0.8753833806212156,0.8405952209886898,0.0,3,63.75387782599168,58.97340999399412,0,2,0,1
413,1,0,6.027614898322209,-1.1262568318569417,2.45777663615465,0.0,1,33.4330790032624,36.486752550569555,0,5,1,1
414,1,0,2.1751896116232428,-0.7911594432873214,1.157063462920001,0.0,1,40.20857951510672,37.731067666035685,0,5,1,1
415,1,0,2.2580520498633896,1.158269239375618,1.3963107346953927,4.25453549573488,1,68.03312023446475,65.56803727103232,1,7,1,1
416,1,0,1.1499856723999822,-1.0133110322561047,1.3444603061862697,0.0,2,32.75389830251333,41.86791960484876,0,5,1,0
417,0,0,0.9033637631430534,-0.3628670505559675,2.325941593648788,0.0,2,44.36004113215716,47.59445995292829,0,6,0,0
418,0,0,1.5545750320283058,2.2326452678274475,1.606210827879082,5.386393357156451,2,77.52343790513642,56.766295852879445,1,1,0,1
419,1,0,1.7905185913771022,-0.5760741727290993,1.943763914957889,0.0,2,41.911365934090604,38.04933166808251,0,5,1,1
420,0,1,1.2821006738580534,-0.22986693279575562,0.24881016017096813,0.0,2,46.41738008715672,56.249613589956226,0,3,0,1
421,0,0,1.8534522730084741,-0.2381234683068565,2.0632878255646077,0.0,2,45.82353839104158,45.92635016756788,0,6,1,1
422,1,0,1.1858198709277725,-0.7320707066089466,3.241962240265395,0.0,2,39.79021363697609,33.07374228183817,0,4,1,0
423,0,0,4.866268962448261,0.16597816638812185,0.08858305825356039,0.0,1,51.67951815323323,54.73300219394565,0,8,0,1
424,0,0,1.7613105454618847,-0.0436668419247616,0.8707827873094794,0.0,2,47.70923819983702,48.00218139401743,0,4,0,1
425,1,0,1.906028000972523,2.1336698589943377,2.1620355695137166,7.817548389386749,1,81.02375616057064,69.57601104671531,1,5,1,1
426,1,1,2.137263319243477,0.8800904184464985,1.6483703935178344,1.955290073986668,2,54.3181942620831,55.632376313173026,1,3,0,1
427,1,1,2.8815653390545415,-0.4626553898093351,2.1536790902384193,0.0,1,42.812675889554356,52.86149419752228,0,6,1,0
428,0,0,0.591162602519663,0.6651498795511385,1.1815819017872815,0.10713846261074132,3,61.02023204712495,58.646236554918204,1,6,1,1
429,1,1,1.0536713933700037,-0.3808815556490748,1.7759159960872664,0.0,3,43.914719278727816,53.68305311835416,0,5,1,1
430,0,0,1.7969831690597322,0.6484524644943808,0.5804521624953972,0.7952349528274427,2,61.04380362679287,48.946873262716906,1,3,0,1
431,1,1,6.988646014523337,-1.4542760609028869,0.8513448260617162,0.0,1,28.291248562399208,52.38434031191426,0,9,0,1
432,0,0,2.871993051847815,-0.17217051654660923,1.8745030269816558,0.0,1,46.27832127187465,43.96745201686022,0,5,1,1
433,0,0,1.5907379505554957,-0.457858033491482,1.8106285053897841,0.0,2,40.12050118333448,44.92288369941582,0,4,1,1
434,0,1,2.182978233571602,0.3571399356591211,0.5619958303559863,0.6202104638250485,1,57.529010520936964,58.71327623215821,1,5,0,1
435,1,0,0.8693470125257062,0.7986838797470752,1.7609347204520462,1.8086794001300575,2,62.78827338924606,55.081137493702144,1,7,1,1
436,0,1,1.2488558145364832,-0.694639253235538,1.5606102371031465,0.0,3,41.82325631325325,52.78955592192415,0,8,1,1
437,0,1,0.935948326312668,0.20070433635947083,1.9492243636519486,0.39159736501971854,2,52.75148365235788,58.65209972771851,1,4,1,1
438,0,0,1.839182985019931,-0.9979006702853793,1.5217602287064298,0.0,1,35.160396734765314,34.65431076677444,0,2,0,0
439,0,1,3.9528103838309745,-1.6638580100000313,1.277662974603454,0.0,1,24.899846222483095,47.553183044170765,0,8,1,1
440,0,1,2.4013771976435168,-2.1138362448681054,1.9838090944184321,0.0,1,19.93163885384825,44.482836101012936,0,8,1,1
441,0,0,1.7262973808044761,0.29428849024493875,1.0672703938997852,0.4349973262939334,2,53.47054324430472,61.18266849817633,1,5,1,1
442,0,0,1.6615813091262697,-0.7417747935057029,1.5142146203751903,0.13145698228823144,2,39.42525614767365,41.54044053033243,1,4,1,1
443,1,0,1.236457892777624,0.4614812530758846,1.4667364640184246,0.0,3,56.56311661320187,45.71717259103621,0,4,1,1
444,1,1,1.1811388647161147,-0.16581326518795153,1.652093320864076,0.0,3,42.99986240940324,61.43933043854259,0,6,1,0
445,1,0,1.2954615085488215,-0.2607229937746295,1.2811845513204319,0.1506241108358557,2,49.95812436939206,38.66705322028304,1,3,0,1
446,1,0,2.036493292709351,-0.207127700639072,0.5145831437806903,0.0,2,48.472300139695605,44.21718907672281,0,4,0,1
447,0,0,0.7625591178771659,0.7141768306307884,1.467905196034152,0.1849921576889027,3,49.58003141663312,57.200320391556566,1,5,1,1
448,1,0,4.9987961511800405,0.6252290203204688,1.367235847831692,2.4628977698664962,1,60.42160419400336,51.77087827746138,1,5,1,1
449,0,0,0.9143377818718004,1.3690341576121443,1.0591217999955553,0.982312919972978,3,72.30809537084954,62.0599980190728,1,4,0,1
450,1,0,0.7237539442637331,-0.22803643533943677,2.2129261131515268,0.0,2,43.96639294455751,39.82389508692164,0,5,1,0
451,1,1,1.8474522442827916,-0.9539752333413145,1.5170093374647777,0.0,2,32.6533504026064,45.63234200817121,0,5,0,1
452,1,0,1.781618898123981,-0.4734192460939531,3.6786881198786094,0.0,2,37.29006979064487,33.1655765632747,0,2,1,0
453,1,0,1.18818849824243,0.59279217350053,2.3980417616582166,1.020589911225954,3,59.02939225347745,51.439962316435484,1,5,0,1
454,0,0,2.294295173734343,0.8269916293316419,1.738477289182328,1.9131373971160874,1,61.46003272081201,54.84941791865073,1,4,0,1
455,1,0,0.8640812734652835,-0.4478542811204578,1.8134768800687655,0.0,3,43.81701102768451,43.0373162174138,0,6,1,1
456,0,0,1.7058147185354704,0.8212545971255487,1.0807972472258573,3.1555232174140255,1,62.22472247535855,63.52060583285549,1,7,1,1
457,1,1,2.609150498255711,-1.8886101543308702,0.8555798552433693,0.0,1,20.93093130245561,34.857579111197495,0,5,0,1
458,1,0,1.349006217148414,1.1242349128930853,3.842892056686772,1.8667029296529942,3,66.889653627682,56.37262944656229,1,5,1,1
459,0,1,3.173424617428613,-0.011730377026696258,1.6233856343510316,0.0,1,51.39462301015793,55.2202784279675,0,3,1,0
460,1,0,2.123933752925532,-0.30502498332090716,1.8611393307756132,0.0,1,45.254339105222144,49.642612283150854,0,9,1,1
461,0,0,3.3923474876103064,0.30438944710154403,2.305492621642207,0.6723505351020629,1,53.91531236881326,55.64386553345254,1,2,1,0
462,1,0,1.2026482985584528,0.16299362466602846,1.0853686272347272,0.0,2,53.91592357161206,40.580467559794926,0,6,1,1
463,0,1,0.8929530804300452,0.667285332831745,1.3885293020698772,0.25212556672492875,3,60.66183489864706,67.56496330426558,1,5,1,1
464,0,1,1.2253510185435361,1.8031284997180126,1.1941908930692802,3.863024998658185,2,76.81572015270231,76.66105658932972,1,5,1,1
465,0,1,1.2580439787078403,-1.3982246670690368,0.7305176800704412,0.0,2,30.81149366643846,50.775558421472866,0,5,0,1
466,0,0,3.2894478827388216,0.13026844299904708,0.36353543335627725,0.0,1,49.21773303251891,45.4421029108836,0,4,0,1
467,0,0,2.8850355725490013,-0.16405710294248568,1.4428363877286619,0.050134334185496066,1,28.797631936992417,37.52095051300001,1,1,1,0
468,0,1,3.963756805902434,0.751796413679197,1.6619739910483031,2.7495287268665964,1,61.277149304496035,59.95987808624325,1,3,0,1
469,1,0,1.2052585779363072,-1.3296023311196974,1.0880250618868674,0.0,2,29.99145570136703,25.520048705948604,0,3,0,0
470,1,0,2.5026530378091847,0.8771646279336573,1.4371878171452086,2.945457468179541,1,62.71281541053953,51.833672086425494,1,4,1,1
471,1,0,1.5040131542914774,0.363745326439879,1.8933218651604644,0.12428135634627512,2,54.93509190664529,45.84821958542199,1,4,1,1
472,1,1,1.7334632012877167,0.631311938961783,1.322587739208217,0.909925068240631,2,61.606762042730885,57.47371293169223,1,3,0,1
473,1,0,1.2652875953741844,-0.7749093427078251,2.1054600632348337,0.0,3,35.8547529917142,48.41730928510289,0,11,1,1
474,1,0,1.7668325855199913,-1.7966666645719058,0.8790313471447944,0.0,1,22.7422043052362,22.266849499523847,0,3,0,1
475,1,1,1.2353024869516307,-0.9452547907678096,2.382622979424944,0.0,2,35.089101205855854,38.2446750413605,0,2,1,0
476,1,0,2.3964015929576603,-1.835651864174348,1.6614709846314217,0.0,1,21.93752122396186,20.953623554287812,0,1,1,1
477,0,0,1.884868647993924,0.5769849465681076,1.7995088313280425,1.3366719935074014,2,60.680589644371295,45.624590905561114,1,3,1,0
478,0,1,1.507895378390213,1.175475310204375,1.3337577160926557,2.6167154143626954,2,67.47816627120737,65.73761651446586,1,4,1,1
479,1,0,6.407139491519917,-1.0872879693516315,0.8878709806992033,0.0,1,32.68017744770222,27.78926750146669,0,8,0,1
480,0,1,0.9141893107589955,1.9663554542515438,1.698021538281243,2.01674022879643,3,76.66034368379006,82.29013871587263,1,8,1,1
481,1,0,1.8618406961228555,-1.8468325872949711,3.2709311099348257,0.0,2,22.750570899580936,22.92718720029404,0,3,1,0
482,1,0,0.5920768845729566,-1.864486603222049,3.2364865130808793,0.0,3,22.9327034917054,21.464698785066805,0,3,1,0
483,0,0,2.9590322018622803,0.26190959737149094,1.3964165944649367,0.226839452220133,1,52.00186151532051,55.77013762634696,1,7,0,1
484,0,0,1.0473802359345266,-0.601093315635849,1.4596463219189533,0.0,3,39.62437306801876,47.129913881687486,0,7,1,1
485,1,0,1.0669999797574685,-0.19737628665155005,1.1498895776459357,0.0,2,47.92408522151205,40.24674229993376,0,3,0,1
486,0,1,2.090972900107239,-0.6509026481998613,1.2314118763072333,0.0,1,44.367780351664166,47.877542637245725,0,4,1,1
487,1,0,0.8532211341291309,-1.186063797839098,3.199847992520229,0.0,3,33.94414899954819,45.33374908966627,0,8,1,1
488,0,0,1.1327660280063512,1.6530455053741189,0.215342934332366,3.934447905610145,2,74.52652601492694,67.1380314740692,1,5,0,1
489,1,0,1.0428365592612732,-0.2546104891391188,2.4609508187431457,0.0,3,48.91647794405105,46.09849828082204,0,8,1,0
490,0,0,2.8308156216075933,0.9439965050360342,1.7159981510231452,3.3573471600990406,1,69.39343679903257,51.26227005547498,1,1,1,1
491,1,1,2.7317887690774327,-0.46193623469408096,1.0437801789629988,0.0,1,42.26810296859426,47.72725403151949,0,3,0,1
492,0,0,1.2477014889828266,-0.15544672122664596,1.1299118885228907,0.0,2,47.024080504765664,49.147418357976406,0,5,0,1
493,0,0,0.9402983727918082,-0.14050382154744204,0.8820223062605204,0.0,3,48.18933917883766,59.45761397611267,0,5,1,1
494,1,1,2.2314863794892377,-1.0061541121304827,2.0903868920359376,0.0,1,33.734174812997296,43.42905116445665,0,4,0,0
495,0,0,1.6870400069571603,-1.004373569175466,2.4103583580004657,0.0,2,37.24088607034494,39.49211868675213,0,5,1,1
496,1,1,0.8201778427472601,-0.08176660163490782,1.7073973212686322,0.0,3,49.256981747696535,54.286139962061895,0,5,1,1
497,1,1,1.0538188426248942,0.3253571656879974,1.9116956076541376,0.0,3,55.614607406618106,48.001302535908515,0,2,1,0
498,0,0,0.7460568986900094,-0.42996923963375283,1.0161086659254392,0.0,3,53.34653520217922,51.2963757394589,0,6,1,1
499,0,0,1.6444396908941568,2.1915701857820955,1.8196636578797536,5.266041639520543,2,81.79811401163961,75.99467326397632,1,8,1,1
500,1,1,1.2211694152677601,-1.9013846268818135,1.6142251401134318,0.0,2,15.466936178506938,37.49854115267975,0,5,0,0
501,0,1,1.0805441682977028,0.5688201079070861,1.946674467011729,1.6322653207177829,2,57.425618278883114,69.79905487676666,1,7,1,1
502,1,1,1.8858569789262245,0.04553860143201995,1.0631041174172133,0.0,2,51.64516621771256,56.09438756073397,0,8,1,1
503,1,0,1.8515564044193367,0.5814881154011803,1.58153316288141,0.6044093972939383,2,59.47900385469354,49.2446459741507,1,3,0,1
504,0,0,0.8150098326677158,-0.5431242998114278,1.001332649093418,0.0,3,42.28579935875605,43.51573171859625,0,4,0,1
505,1,0,1.4409779534738127,-0.08077731270031481,1.002237872283268,0.0,2,46.38933610487684,47.57074492855448,0,7,0,1
506,0,1,1.0252884278618473,-0.7903772036188116,0.8526331517280483,0.0,2,39.45526095926386,57.851765812562206,0,4,1,1
507,0,0,0.9631586646671682,0.23770785241398432,1.2412627547889967,0.0,2,53.87711548509833,53.31227628999881,0,6,0,1
508,1,1,7.198131591970933,0.9802624564463331,0.44333964495194605,2.1607701586918,1,60.60509548838239,74.81803324691627,1,11,0,1
509,1,0,0.813423229586503,0.7585051555335744,2.2935638085971015,0.0,3,60.42045500010076,52.15275512046313,0,5,1,1
510,0,0,2.38113763342958,1.373885793471157,1.7725321670660317,3.218731229425876,2,70.78896755369968,61.338986940339645,1,4,1,1
511,1,0,2.2660392331630423,0.8536385389489723,2.3547893625804477,2.1076806180788763,1,67.68060776954388,51.7435063114445,1,4,1,1
512,0,1,1.7316173170707034,0.4093070629546026,2.118711021483308,0.4165401522873974,2,56.68598080845269,62.11732969479268,1,4,1,1
513,0,0,1.6824331171354234,2.5109817699786774,1.2960493546342833,10.741492489095906,1,98.20271181257453,83.2212067059538,1,11,1,1
514,0,1,1.0676896886773184,0.6027369132518725,2.157051175763758,0.7470022630068097,2,61.00116095725804,67.09117572139525,1,6,1,1
515,0,0,2.5719250508975815,-0.6716141373118827,1.7730816782774943,0.0,1,39.279728386691446,43.91544230748855,0,5,1,1
516,1,1,1.3802414649002168,1.2762403259009159,2.103288339782974,3.025444212726317,2,76.97716203264775,60.499698089084234,1,3,1,1
517,0,0,1.139021440280657,-0.09813789885451277,1.1422651840947915,0.0,2,51.92283475154042,43.8815466420824,0,4,0,0
518,0,0,3.00055252367543,0.7118615325393597,1.4698591627538693,2.486463240568591,1,61.65811618915683,59.44169584161771,1,6,1,1
519,1,1,1.4288095919021861,-1.1987178739470694,2.758584282228311,0.0,2,32.306440121409736,30.08960258625161,0,3,0,1
520,0,0,1.6973199699011403,-0.8209965079283095,1.8739407397715828,0.0,2,37.99890011402972,53.65823836573377,0,11,1,0
521,0,0,3.356523509622013,0.5981088280448268,1.1848153710668599,1.3201707397756213,1,56.79001920389507,56.06962760604914,1,4,0,1
522,0,1,2.7399315697012403,-0.4400632401067986,0.540424812736325,0.0,1,43.05500155700323,58.826719234749504,0,6,0,1
523,0,0,0.6944107292030639,-0.3802523016269874,1.1885935214253134,0.0,3,48.17189929598482,50.03609792330305,0,7,1,1
524,0,1,1.3752656427690262,-0.4511631717884675,0.9829137382328778,0.0,2,44.069221764968724,49.53522163961762,0,4,1,1
525,0,0,0.45813893437073633,0.34750605202363827,1.5291014792795667,0.0,3,55.32806044477415,45.97496999682485,0,4,1,0
526,0,1,0.513403711210818,-0.6867639104040513,0.8620753764741134,0.0,3,37.13645325283077,50.10280904368657,0,4,0,1
527,0,1,2.2534491142699427,1.0202606772267628,0.714064048793998,3.4049022478721716,1,45.58075919462212,74.07007864472178,1,4,1,1
528,1,0,1.507317523010639,0.3851145789783873,1.6594026476781734,0.0,2,50.85113139182786,38.8083505977069,0,1,1,1
529,1,0,2.365041320477565,0.8049293375128901,1.5977055953753847,2.948028791296788,1,50.51306121967379,43.83390873546867,1,2,1,1
530,1,0,1.7472558434567889,-0.9886312129716197,1.9053742621347403,0.0,1,33.74394524678574,37.10702589505607,0,6,1,1
531,1,1,0.8634965993840221,-0.1947556374451545,1.0211380809413977,0.0,2,44.61836146734694,56.169765697751195,0,6,0,0
532,1,0,0.9532197226380402,-0.21403536902995515,1.6483226160850413,0.0,3,49.57349156103666,38.37621035440864,0,3,1,0
533,1,1,1.5630667159145788,-0.8184223907086933,1.7087514853798045,0.0,2,21.254102830043777,40.55699383025056,0,1,1,0
534,0,0,1.9200251680746114,-1.6439783044050909,1.7957413449256248,0.0,2,25.933168581504745,25.803040098129884,0,2,1,0
535,0,1,1.8236677857022954,-0.43476538029198164,0.748512710109595,0.0,2,42.05563202961911,56.7352200194329,0,10,0,1
536,1,0,1.4745569056927603,-0.2240324625917949,0.8739465658632236,0.0,2,46.61001560667024,48.842847964558004,0,5,1,1
537,1,0,0.760662971984717,-0.005009874417049213,1.7549577523874598,0.0,3,32.97944859272906,44.14960752427048,0,6,1,1
538,1,0,1.9048527196147464,0.631714903975779,2.309854229190297,1.2636289398631273,2,59.250377091452016,51.47945634699341,1,4,1,0
539,1,0,1.7711783810819712,0.5570069144007405,2.763705263671409,1.212567487810798,2,58.137312114395975,43.83148110648892,1,3,1,1
540,0,1,1.149728838264608,-0.03742641180038726,1.8019354151781657,0.1730871157792513,2,49.80822769498094,57.9018610433805,1,4,1,1
541,1,0,1.6544619978408237,1.4140947192434425,1.7141637449731613,3.050277775947619,2,72.58904464654852,66.17923752166173,1,8,1,1
542,1,1,2.3176136690614824,-1.8261375101844497,1.6465516335699184,0.0,2,22.762235668359313,31.239283721422975,0,4,1,0
543,0,0,0.7828805112904005,-0.9086965488544729,1.789025991121659,0.0,3,38.31162739481612,34.87820100591492,0,2,1,1
544,1,0,1.8324734266210212,0.40700964271079676,0.9915339616683885,0.3885766398667012,2,59.62471022719615,51.743456800412694,1,6,1,1
545,0,0,0.8681052997290181,-0.1451148108223299,1.867633502281659,0.0,3,46.09052437787101,48.22499972326013,0,6,1,0
546,1,0,0.9701335776634797,-2.508765718954424,2.1871807052363694,0.0,2,0.0,43.842442794098346,0,12,1,0
547,0,1,1.6020466939559526,0.38010251467729345,1.2738996189085747,0.0,2,55.37544382623887,63.95363883306446,0,2,0,1
548,1,0,3.272009251195111,1.0503947754092933,0.22090744536286944,4.3851360658442164,1,84.43436393299191,55.31883265373653,1,4,0,1
549,0,0,1.8009522860039753,0.3561518277878318,0.6956060586532854,0.29415735521845154,1,54.916217180264084,48.184889651298214,1,3,1,1
550,1,0,1.8537506374805863,0.5216497242197046,1.5182151087814804,0.0,2,55.85248725630134,51.743146128190595,0,6,1,1
551,1,0,1.545530910435276,-1.521050445563807,1.477650754918559,0.0,1,27.570655532716643,29.865965252420025,0,4,1,0
552,1,0,3.57538852009758,0.26152315210873944,3.088412715853406,0.0,1,53.20982982071386,41.998961549783274,0,2,1,0
553,0,0,1.3994384869595928,-0.71084929794076,1.8100497962315822,0.0,2,40.31404397940107,39.56772424914057,0,3,1,0
554,1,0,2.445752824776057,-1.1998854510912187,2.479880110992005,0.0,1,32.40348514855332,25.114229605440592,0,2,1,0
555,1,0,4.254017170208166,1.2320807733493035,2.2966387194397737,5.047621412112708,1,68.81886079849775,45.364512471186515,1,5,0,1
556,0,0,1.7329910171077836,0.10349947760726713,1.7160381533551814,0.0,2,51.72953473705522,52.16330483092637,0,5,1,0
557,0,0,1.160413587125016,0.8379124261513952,1.6128368983605834,0.11533657725690527,2,69.49248420661831,56.160875352239756,1,4,1,1
558,0,1,1.043889133182901,-0.24957263175975924,1.7396885730335248,0.0,3,47.0652759417945,58.91667777003048,0,7,1,1
559,0,0,1.2178725077702655,-0.3150318732271745,0.21600419551017402,0.0,3,43.463948503034544,53.57367914456772,0,9,0,1
560,1,0,1.8183487259826676,0.9580493080447705,1.041725221539897,2.6194226332480004,2,64.25344962329089,56.80327872945463,1,6,1,1
561,1,0,1.1341865924975703,0.7282570344124359,1.6728667831572004,0.0,3,60.48925026801887,49.396420328423105,0,3,1,1
562,1,1,1.7151793810123126,-2.1989127180097876,1.6031754144816701,0.0,1,16.242985426104827,29.66977569214172,0,2,0,0
563,0,0,1.0425249762129156,0.24724398579203236,2.925039619275555,0.0,2,53.161762528192774,61.22979575109542,0,4,1,0
564,0,0,1.4745905459720519,-1.053461923713282,1.444623078742139,0.20671628070143755,3,35.91736287859558,37.39336573882544,1,4,1,0
565,0,1,1.3202727474985596,0.7203561565804628,1.7845121908922477,0.15847081944438637,3,61.59023226640005,63.19698979063702,1,3,0,1
566,1,0,1.960530471997846,2.5360796883169727,0.8596806097924674,6.476483685085625,2,94.30375514857747,73.71165815410964,1,6,1,1
567,0,1,1.5108732725910003,-0.25346272404215964,2.9108535539492255,0.0,2,42.760588643191156,58.608236424615,0,7,1,0
568,0,0,2.339024983505808,-0.4122241421287836,0.6319545519113681,0.0,1,46.496397955443165,48.00054920175513,0,5,1,1
569,0,0,1.0418841412469029,-0.1254892137153192,0.010072250200498845,0.1829677726419594,3,49.82748268599755,56.162632114721745,1,6,0,1
570,1,0,0.8717268861197214,-1.398212376880975,1.4361161867717487,0.0,3,27.975489714811467,26.214874847381317,0,4,0,0
571,0,0,2.1370693977423154,-2.5162935600133136,1.9927362924304475,0.0,1,12.24822914401474,29.037107485065274,0,7,1,0
572,1,1,4.279235883631271,-0.9673027395796372,3.999443021958099,0.0,1,35.55241144080327,55.83408274728803,0,8,0,0
573,1,1,1.347834667300725,-0.4979129570668103,0.20959546124099693,0.3533824108422079,2,43.0028621452044,50.637033615373056,1,4,0,1
574,0,0,1.123679726966447,2.0405836711248493,2.116587052970108,5.612092783322441,2,84.8875812097985,73.53218994414223,1,7,0,1
575,1,0,2.192371047163453,-0.23978379217899248,1.544301974457942,0.0,2,46.067129443489286,43.988849146120664,0,6,0,1
576,0,0,1.8718182370746743,0.12132010432105145,1.0603906200273547,0.0,2,50.04805602167849,49.34257505639799,0,4,1,1
577,1,0,0.8963662845607369,1.3424229206600893,2.2073962610575064,3.8556103200713783,2,80.07287811692989,60.674829339454845,1,5,1,1
578,1,1,1.6601621768679449,-2.5933326909528125,2.9528040624682124,0.0,2,17.113803289089184,24.25967922638489,0,3,1,0
579,0,0,1.7134310082829556,-1.171905723271008,0.6283334251512726,0.0,2,32.74883462673917,51.03088788281208,0,6,0,0
580,0,0,1.8904670858682793,1.3399175540724808,2.3938738853035204,3.4610096403437285,2,70.84090710619047,65.12059007757661,1,7,1,1
581,0,0,5.616618508442088,0.9450020446349753,1.5643154853400867,3.3255796869174947,1,66.01952911733316,50.38581001211224,1,1,1,1
582,0,0,2.6154044434134662,-0.444382171898716,1.8073020377393667,0.0,1,44.32618854436409,43.59828935356603,0,5,1,1
583,1,0,1.2414403638991678,-1.362693905402197,2.3075873195720087,0.0,3,28.438912569049656,29.198852092714134,0,6,0,0
584,1,1,0.8220051322401654,1.2715427529734018,1.0751744181176166,2.2421463138938638,2,66.81216918932346,64.57408030029477,1,4,0,1
585,1,1,0.6542055944751919,-0.3573758855524005,1.825455006803662,0.0,3,44.871763357685495,46.92054717095109,0,3,1,1
586,0,0,3.298638024359182,-1.5730157710793324,1.7891665289119185,0.0,1,26.810014198977026,33.20005567974409,0,5,1,0
587,1,1,0.9374950939664821,0.15067698477679187,1.9085762530445616,0.2292741528960387,2,52.65887287735596,43.972059637806765,1,7,1,1
588,0,0,1.1582886578994662,1.8159109057131244,1.0676538011833163,4.5123885233972025,2,78.57781850881729,59.15431676059349,1,2,1,1
589,0,0,1.6851040566958466,-0.2948869857121611,1.0264017194312276,0.0,2,44.274904090076916,39.60828220098034,0,4,1,1
590,1,0,1.3283660895238443,1.2828648306767045,2.278679001308395,2.3724664405241582,2,67.06779059942264,53.51731852604745,1,3,1,0
591,0,0,0.7498783132604188,0.34505218415740047,1.8711679464207576,0.0,3,53.6519283939775,56.27725700711264,0,5,1,0
592,1,0,1.6812599121882645,-1.1827177151079606,2.3144375501456853,0.0,2,30.889180235995358,36.993174207393096,0,6,0,0
593,1,0,2.4086586866574082,-0.9076697686534588,1.7805040026292303,0.0,1,32.983246417085795,39.31614709964745,0,6,1,0
594,0,0,3.07071514845764,1.1223236010477333,1.785419275547336,4.423451082908675,1,67.06250574094253,59.80042174683829,1,4,1,1
595,0,0,1.8365415789186421,0.16301609292062746,1.6066676665356572,0.07654563697774958,1,55.28254058496686,54.48718684609325,1,5,0,1
596,1,0,1.8946862182775122,-2.6104556056776436,2.1730953475682036,0.0,2,10.503387881461046,20.186143172773598,0,5,1,1
597,0,1,1.037865310477282,2.060158774529051,1.477670961598466,5.406252941616376,2,79.2022094661982,76.91850173049286,1,7,0,1
598,1,1,0.9376828878052136,-0.4899901974546455,0.6227422372155667,0.0,3,42.34770082320192,49.63489135476931,0,5,0,1
599,0,0,3.2829545040997856,0.9247142234766949,0.04402071889161718,3.2455500862176674,1,0.0,61.53934962907408,1,7,0,1
600,0,0,1.3991457760449695,-0.4682813903717712,1.334946167606274,0.0,3,41.08899996436132,45.35122352495651,0,5,0,1
601,0,1,0.716913758748865,0.9928014475433616,0.6230684759701376,1.8685163366627715,2,66.69255541707182,70.5274801092776,1,5,0,1
602,1,0,3.058318981056614,-0.6629256161599036,1.4429196025711402,0.0,1,41.07473582783478,49.869417510688756,0,9,1,1
603,1,0,1.3472907003063255,1.268218614341165,1.8887064612657878,2.976333676836961,2,63.83838948006379,55.414732282420374,1,5,1,1
604,1,0,1.1306094950104912,1.0408628444298562,1.898386639794417,1.153459266938418,3,64.5992896342028,54.804019444304565,1,4,1,1
605,1,0,0.8771082606947153,1.3498789443783104,2.7962171508343063,0.8507323704196053,3,71.7453412083669,64.5620015684793,1,7,1,1
606,0,1,1.7735011860282022,-1.0463330223090472,1.5121004141237395,0.0,2,34.371136393357,51.18075512333315,0,7,1,1
607,1,0,2.3329026228493928,0.03888659333954296,2.3175502490954702,0.0,1,49.74928398779403,43.81167656724442,0,5,1,1
608,0,0,1.3130824685283058,-0.3647654812825873,2.2946503234083764,0.0,2,43.323156510950696,53.903932542058364,0,8,1,1
609,1,0,2.0478029126853476,0.537349969692482,1.6368996329582037,1.9265477060667304,1,58.99036178978001,57.99687372091351,1,3,0,1
610,0,1,1.0856853140691032,1.8402604660305801,1.563267642799833,4.10268771773627,2,67.9267849241865,83.65792501327667,1,5,1,1
611,0,0,1.5206794151741891,-0.3505690482114778,2.786381804005533,0.0,2,100.0,44.241528670605014,0,4,1,0
612,1,1,1.2741303675878017,0.3260992160190258,0.1816203027104556,0.02438884513392102,2,54.718384355275056,51.4208940465104,1,2,0,1
613,1,0,0.5688542010759601,0.7459822848306962,2.039470645812692,0.5928542063270412,3,61.474741545540795,45.32292104288881,1,3,1,0
614,1,0,2.0052662461251516,1.6153703244655007,2.3062217503777913,3.7889801560724,2,74.45471383470016,59.06160879549958,1,5,1,1
615,0,0,1.2273574856319696,1.8344222748813208,0.7164258738155787,1.8345918862152457,3,79.64390282661856,75.19158049532933,1,6,0,1
616,0,0,0.7760149316636953,-1.811672924544946,1.5088029510025038,0.0,3,24.494665006608486,29.310115924798946,0,4,1,0
617,0,1,2.013895623698995,-0.6590043859767063,0.8727776174380529,0.0,2,41.04199299073813,53.139999486628625,0,4,1,1
618,1,0,1.3295158368787485,-1.6279104364083146,2.105834144572878,0.0,2,0.0,27.817105722340084,0,5,1,0
619,0,1,3.134916445447013,0.6988572593777839,2.955573061784537,1.5405133399459807,1,70.87728739559492,68.51472247747807,1,6,1,0
620,1,0,1.259311135872505,1.8215006664831788,1.6979631608515784,4.830365311415603,2,77.98507310224976,68.86219601736387,1,8,0,1
621,1,0,0.8285182952331784,-0.7429659574384407,1.7322522815277468,0.0,2,41.30531193041329,39.65263287395651,0,7,0,0
622,1,0,2.237444992431923,0.5982263003232233,1.1174045413593292,1.2356465860235886,1,59.3909412735346,47.018695879702996,1,3,1,1
623,1,1,2.934335460873669,-0.5813296691118274,0.6581364655567732,0.0,1,41.58563972362249,54.174467101223094,0,5,0,1
624,0,0,1.2304557154113924,-0.4506086340448606,1.961340180968977,0.0,1,43.87030275542749,57.84786854820184,0,12,0,1
625,1,1,1.2287642505598546,2.0545482783672386,0.6056115702851705,5.471794342326967,2,46.50765651587437,79.34993951291743,1,8,0,1
626,1,1,2.495259427767032,-0.8727241744928765,2.1958321801795018,0.0,1,36.031455808795975,42.34554958462154,0,3,1,0
627,0,1,2.6214605833040325,-1.170047511847653,1.4292273645091076,0.0,1,30.318277116732283,42.42273251406555,0,3,1,0
628,0,0,1.7694172524910514,-0.5822106470665948,2.6959353328779687,0.0,2,43.49390615971173,41.69548112724535,0,4,0,1
629,1,1,1.7231052599162315,2.0827934010881477,0.8717202260810444,5.851073392570204,2,100.0,76.73155304560434,1,6,0,1
630,0,0,1.324324581513268,-0.8757858857148129,1.3310605216581108,0.0,2,36.43544968169222,42.3709622258807,0,6,1,1
631,1,1,2.0775301216460895,-0.6776866910557187,1.1031084345508684,0.0,1,45.771040459416945,44.494440473847085,0,3,0,0
632,0,0,1.6114173296616767,2.2711615307011717,0.6301579439851908,5.849915652076695,2,85.49942262685286,71.80377722323199,1,4,0,1
633,0,0,2.188282703040238,1.6777691501749703,1.092264853842575,5.5276815435021955,1,76.88091682073899,65.91004731441787,1,4,1,1
634,1,0,0.6745313427298352,-1.818665803057919,1.752039551307853,0.0,3,23.64797785537361,32.522199791637604,0,8,1,0
635,0,1,2.942063846619621,0.3916976694195898,1.9500704526934647,0.14666279389612025,1,42.1767959126628,68.58220139027715,1,6,1,1
636,1,1,2.089643198303381,-1.2448395092999354,1.0776383101924811,0.0,1,30.912518282567383,39.69798598295692,0,4,0,1
637,0,1,2.7473789178985992,-1.2485445686399512,2.044819640698697,0.0,1,30.30641955423572,40.57290077276436,0,2,1,0
638,0,0,0.8822977627427533,0.12334150090326518,1.5655962683065343,0.0,3,52.69891379204978,57.87862443450743,0,8,1,0
639,0,0,1.5998507425297896,-0.5893182739405639,2.1615573680905116,0.0,2,41.228466915341244,40.79602375318009,0,5,0,1
640,0,1,1.965455145219524,0.48770365951254896,0.6238070060128909,1.068526419393267,2,73.99697359684868,69.51674330397363,1,8,1,1
641,0,1,1.3223852211644738,0.7347555633034508,1.3507991356184161,1.694496288177766,2,59.726431240936854,68.05604933559927,1,5,0,1
642,1,0,3.9437104943663255,-1.0140705104391674,1.7365519959637739,0.0,1,37.00937451966454,28.550922690220602,0,4,0,1
643,0,0,1.5323344780019248,1.9670431454128565,1.8843727067097187,4.289660516354531,2,78.33943085260346,76.21194012354756,1,8,1,1
644,0,1,1.347615703516422,1.7176002230181304,0.30724255646974463,4.369559223829121,2,75.21160229104312,72.96179568899919,1,4,1,1
645,0,0,1.5883416797302825,0.11690614985555636,1.5418023487781578,0.0,2,51.672853467009105,48.764066381559445,0,4,1,1
646,1,0,2.810015409916911,0.23715167882662544,1.295496420270347,1.0287616043402554,1,50.01678310941568,38.3440359870684,1,2,1,1
647,1,1,1.1261583541568583,0.6155109753952057,0.4830812337696219,0.27620840604305086,3,58.87590331426448,60.23768833423291,1,5,0,0
648,1,0,0.9989699866573193,1.6880183514011875,1.8659011706444752,1.8930790185157496,3,74.70427576154563,60.78642749379217,1,5,1,1
649,1,0,1.0167796988424158,-0.3904318803748649,1.84969033819183,0.0,2,43.13484861631142,36.91467201239425,0,4,1,1
650,0,0,1.4065755366844583,0.49466649083717396,1.037834442694915,0.2557898639276696,2,53.20739588350718,72.13014888636793,1,12,1,1
651,0,0,0.9789227923297313,0.37027426617600123,1.6945414257955442,0.0,3,56.67223991308113,60.95616379688,0,9,1,1
652,1,0,0.7933677853279865,1.351821999812712,1.717771972624627,1.8338811804866664,3,79.66174114161609,67.2291982221995,1,9,1,1
653,0,0,1.8158451371752953,-0.3933245201973514,3.424409881107809,0.0,1,44.73033554215703,53.76377865070761,0,6,0,0
654,0,0,1.66137427431459,-0.659740375687796,2.9540271168929353,0.0,2,20.39905720796532,35.42917135969727,0,2,1,0
655,0,0,0.962857513045338,-0.11664733314793532,1.5178169523840186,0.0,3,48.418380531952245,37.193199226291796,0,1,1,1
656,0,0,5.236428527542293,1.5988158389486127,1.454918227748987,6.417945389649822,1,74.65907757397932,65.1387709979184,1,4,1,1
657,1,0,2.91106815549533,-0.720357947232113,1.6149161761015778,0.0,1,40.57089803645852,33.49644524240943,0,7,1,1
658,1,1,2.211234314319828,-0.7674290427973385,2.81300146908496,0.0,1,37.49488217078652,47.04883500392831,0,5,1,1
659,1,0,1.0394338148896007,0.8787931737725082,1.3447014309810739,0.6590570018244508,3,63.84352611424463,48.8665546553981,1,3,1,1
660,0,0,0.7356622984548125,2.0895848726979094,1.136051999819292,2.8669532447665342,3,80.67605741775512,68.62986813602927,1,3,0,1
661,1,0,1.974167544473072,0.28400614011603637,1.6130046279841932,0.9093052082000896,1,53.40963689567378,49.729005448210806,1,7,1,1
662,1,0,1.8059091311665685,-1.921421808416552,2.3799165612288746,0.0,2,20.099607702944695,22.20859298958814,0,4,1,0
663,0,0,1.970258621024152,-1.5378039872408202,1.222227249243292,0.0,1,27.271845779547952,34.7521019708306,0,6,0,0
664,0,0,1.644129327234354,-0.19895251488150992,2.688716957458885,0.0,2,47.399090430608176,39.07893308495782,0,0,1,0
665,0,1,0.8073095230588923,0.6690431286483166,0.23897701286234307,0.0,3,61.42575269305325,75.11612343236489,0,5,0,1
666,1,0,1.591935357828192,0.602579662586913,0.42578110376205136,0.0,2,60.04500387063885,53.55772647879556,0,5,0,0
667,1,0,1.9219902171037992,0.24506807489360866,1.7343677239337922,0.8590728915116831,1,100.0,49.27544893329301,1,6,0,1
668,0,0,1.2055906432292225,-0.30614067786249505,1.8026712133313094,0.0,2,44.29755280738477,46.35706707597111,0,6,1,1
669,0,1,1.6051066313774676,-0.587976015201474,1.600338994878245,0.0,2,41.43640153628105,51.13182089762531,0,3,1,0
670,0,1,1.591984585853139,-1.148378666752458,0.9466515600966693,0.0,2,32.4621369215077,49.450330953101265,0,5,0,1
671,0,0,1.523589063006091,-0.024827463130463016,2.3935790299358404,0.0,2,50.43611901537039,51.57608168888619,0,6,1,1
672,1,0,1.7810585716079297,0.07510470929818469,1.5235626959024855,0.0,2,53.6453284158419,53.57404929818307,0,1,1,1
673,0,0,1.4068623783211995,-0.272570017850308,1.0253447740175416,0.0,2,45.655914702417405,48.924540234779286,0,3,1,1
674,1,0,3.1987186384897184,-2.131944837705424,1.9868980680208386,0.0,1,18.15107122970774,19.526787207472037,0,5,1,0
675,0,0,1.7658419795002294,0.8292232825513011,1.3406637259489314,0.5143268232293402,2,61.97569452582575,52.586886941480266,1,5,1,1
676,1,0,1.674521005958763,0.3016355371449111,1.5618586275362794,0.18936186541448852,2,54.988982949008175,53.6891594313451,1,5,1,1
677,0,0,1.2949648513958845,0.4141883128263663,2.349272461921021,0.0,2,59.90417143448774,60.826855001468836,0,10,1,0
678,1,0,2.378239551135344,0.43910887501224005,1.0520234154987294,0.08417121066670064,1,58.14289888032084,41.31434779647385,1,1,0,1
679,0,1,2.27688099682435,1.1538564947256746,1.133637949660885,1.7766290482604394,2,67.52668672596488,76.39593144826084,1,7,0,1
680,1,0,1.8038994488356572,-0.20072116228028014,2.634908864120815,0.0,2,48.15448098540649,39.37970844119492,0,4,1,0
681,1,1,0.6366409744621059,-1.3083166622130709,3.147592547167883,0.0,3,30.4247188456259,41.333060867139075,0,5,1,1
682,1,1,3.1583126659304623,-2.0754029411169594,2.2900685866500994,0.0,1,21.357314619041947,38.96224958728251,0,5,1,0
683,1,0,1.078683627875268,-1.7654483910632166,2.2406497925181936,0.0,2,24.320915831283358,27.21695502024969,0,5,1,0
684,1,1,1.9304374113674694,-0.7050783651742629,1.1208183262896814,0.0,1,39.41376922619975,59.5493337829825,0,10,0,0
685,1,0,2.177898426226335,-1.0243099131732207,2.9546655380418203,0.0,1,35.18990106800404,39.379620620299804,0,7,0,0
686,0,1,1.4899694107583155,-1.8525112602060736,0.9292421988098798,0.0,2,21.677249674386566,40.66138646569339,0,5,0,1
687,0,1,2.0793340611293587,1.2943142994220622,0.7733039996515734,3.4889372749373475,1,66.70613755134356,74.62144768054497,1,6,1,1
688,0,1,0.6377464577016322,-0.6657135963175703,1.6318653533336858,0.0,3,42.26482135405719,44.727050019228315,0,2,1,0
689,1,1,2.580260385391468,0.8436876014066407,1.8060628417438154,3.415836758167494,1,62.67249909844732,65.6972224487059,1,4,1,1
690,1,1,1.867941173814125,1.7356426569691383,1.5726096070051936,3.620668758769142,2,74.46698882598787,72.95040520913633,1,6,1,1
691,0,0,4.5524232708406345,-0.08732792963665972,1.0479032050650972,0.0,1,49.2214710044204,49.55363296773101,0,6,1,1
692,0,0,1.6022610638413055,1.549118835182317,0.37208489398165157,4.676080666555408,2,72.03191764334669,68.2209212695817,1,6,0,1
693,0,0,1.3110702971014803,-1.0223808805690582,1.8809302520661546,0.0,2,35.276293900443214,41.23333056194318,0,5,1,0
694,1,1,2.8712788044320097,0.4138682065363154,0.7334070855697193,0.9231625866548122,1,56.02541602897278,61.03722096408901,1,4,1,1
695,1,0,1.6088908981595544,0.09060048646059556,0.7887361332390521,0.0,2,51.70068335350351,49.72285079886477,0,8,1,1
696,0,1,2.787235298152959,0.990704807143763,0.9920201613058964,3.257693678055329,1,64.86459337722069,72.36042346415627,1,8,0,1
697,0,1,0.5070621360059036,-0.7663930750842248,1.438159875405513,0.0,2,38.7908773741421,51.47830943166961,0,4,1,0
698,0,1,1.0663437263324633,-0.4902117235934895,1.262020732065134,0.0,2,43.669185841357,59.362774126321916,0,7,1,1
699,1,0,1.160943320692251,-1.9538126046649253,2.2294351003903574,0.0,3,16.34344445811955,32.67656493311672,0,5,1,0
700,0,0,3.6937915193808686,-0.8594702074176858,0.8095803633694243,0.0,1,36.95052571624599,37.48814634835447,0,5,0,1
701,1,0,1.5810335037747483,0.5705581105200221,0.5453679397119534,0.9248774089911693,2,56.48779114543358,47.68494470918987,1,4,0,1
702,0,0,2.9495415306087143,1.326168506562535,1.2491865579942012,5.238193225782245,1,4.121757430540072,67.33880123755192,1,6,1,1
703,0,0,0.8624949699034641,-0.6316068181420379,1.5150458340574442,0.0,2,39.859483666684696,50.317215250901114,0,6,1,1
704,1,0,0.7811008448248171,-1.7140974304239802,1.1633295467259155,0.0,2,24.81550280574001,26.588773645320906,0,2,0,1
705,0,0,2.854470130162475,-1.1890538433677282,1.4848491209714259,0.0,1,32.47425000556151,39.87208562273422,0,6,1,0
706,1,0,2.220617491125242,1.778341358971797,0.5009719948503516,7.482468932022589,1,72.25372565370421,65.86748764656045,1,7,0,1
707,1,0,2.111103572577349,-1.7851557608990316,2.5419737359790626,0.0,2,23.926157432120423,29.61913948108496,0,7,1,1
708,0,0,1.3695334182263132,-1.7044377292952269,1.8192133783370485,0.14472701584171066,2,0.0,33.32720173261003,1,4,1,0
709,0,0,2.3287213327287093,0.1490006777116605,1.2215984745840398,0.0,2,53.659672083443915,50.624427382884775,0,5,1,1
710,0,0,1.4066348105360136,0.16596437010713513,1.7254204019246138,0.0,2,51.503786863910854,52.285497697792806,0,5,1,0
711,0,0,2.827862747029605,0.17380095831567113,2.4740794387340834,0.3334614520231597,1,51.49841188624981,52.315230922762076,1,5,1,1
712,1,0,3.4541222855995923,-0.22099209575072426,1.3489318763820313,0.06273067345664174,1,47.15961093471623,42.50709466721034,1,5,1,1
713,1,0,0.9172823221404083,0.6057417579689113,1.8331320562009727,0.0,3,59.25643211793677,51.773286325625484,0,2,1,0
714,1,1,1.2514272499956918,-0.4589642044069111,1.105568222137433,0.0,2,42.5418278840382,54.97753384457757,0,7,0,1
715,1,0,3.0683606153834635,0.5796156112364818,2.137817829981781,2.1673336264913328,1,58.63253708857237,57.70023184042149,1,4,1,1
716,1,0,2.9248249704385785,-2.050112317174025,2.517156077330177,0.0,1,19.802771664071702,18.050943132721326,0,2,1,1
717,1,0,1.0800760864282228,-0.7567618482250477,1.7333476434091877,0.0,2,39.09064588099158,35.90714106930063,0,5,1,0
718,1,0,1.3712820026176646,1.8196976128990592,0.88814627158221,4.429935040300914,2,75.45910879247855,71.887050859256,1,5,0,1
719,0,1,0.7253698136306724,-0.6586661221619143,0.11033226397355944,0.0,3,40.126490890237804,73.21817640271094,0,7,1,1
720,1,0,1.7051673550215345,2.5298194160475833,0.8549952797261258,6.324751503715904,2,86.00793127760697,68.55241542351905,1,4,1,1
721,1,0,4.346913973662278,0.6311546364896898,2.782638638430829,0.8607138177296186,1,60.374137570250824,53.439578129193805,1,5,1,1
722,0,0,1.1689045687957162,-0.3268477568446365,1.2349715026674253,0.0,2,44.58772401533387,40.54763430178362,0,7,1,1
723,0,0,1.5924486231477064,0.3434403037600632,2.6305183584164435,0.0,2,56.553700535167835,48.175945677745695,0,1,1,1
724,0,1,1.17499427123188,0.12075372417835037,1.577832997927997,0.0,2,50.008576863927814,61.96863992483497,0,6,1,1
725,1,0,2.2001423572758156,-0.3537588495061152,1.908692586708069,0.0,1,46.02584574118035,40.30853420511356,0,4,0,1
726,1,0,1.069641425847097,-1.2646644232045874,1.9400816377659595,0.0,2,31.097225114316796,26.789400422266564,0,3,1,0
727,1,0,1.2623739891963173,0.3202628862210812,1.4057638664515224,0.3667793071016683,2,56.60672928056889,46.52790648410178,1,5,1,1
728,0,1,2.0357849834448123,0.6102389104126742,1.4596062893402317,0.22425787437106937,2,61.95084166735998,69.28367415987466,1,6,1,1
729,0,0,1.5947885450555992,-1.1913772300453453,1.2911256253564916,0.0,2,30.387192800872413,36.929075720271115,0,5,1,0
730,0,1,1.679384466098707,-0.0999858998945446,0.45587513972323407,0.0,1,33.77001855100143,62.788841589065235,0,5,0,1
731,1,0,1.0537105999615828,1.372239404692233,2.154828046211067,3.4553873115532436,2,63.47127635749703,59.5752124224636,1,5,1,1
732,0,0,1.7586779658160727,-1.2134748607097805,2.0418329791984555,0.0,2,31.886096009254814,28.152636524130727,0,2,1,0
733,1,0,1.8459379344330136,-0.3974555136216329,1.4300680579532812,0.0,1,43.433670889946754,46.85190891258643,0,8,1,1
734,1,0,1.593275617240949,0.6960522120173258,0.5323714206304258,1.760888209794519,2,62.871725142776285,48.27015891308163,1,3,0,1
735,1,0,1.5104504374373986,1.3393169887412935,2.48028836662035,3.3122271748331857,2,70.28074649845574,55.205045850248,1,6,1,1
736,0,0,1.1748495663086125,1.2612024042615924,3.238046058994115,2.1937754778397536,2,70.15171857982584,68.98400522492778,1,7,1,1
737,1,0,2.0138438976738433,0.19844004672843704,1.091515559174698,0.0,2,53.21189385369075,49.1200419766994,0,4,0,1
738,1,0,1.5679430536050343,0.4293453847578157,1.8393591495718895,0.0,2,56.37371697249667,52.01402955626338,0,7,0,1
739,0,0,2.6009768258825443,-2.3267730430175333,2.4330496899473175,0.0,2,15.609118094500246,27.645979919775822,0,4,1,0
740,0,0,0.689433245760164,-1.171222461938844,2.064502819300858,0.0,3,31.987290298020365,38.482816640484096,0,5,1,1
741,1,0,1.0981862418229726,1.0785170752177864,2.164054215179075,1.64906129886469,2,65.18023854676088,54.874125890944086,1,5,1,1
742,1,0,0.7652538166823605,0.597675660674532,1.03846343725772,0.0438646757348414,3,57.148998235204694,42.02379117527653,1,3,0,1
743,0,0,0.7134110154142577,0.08859867940729002,1.7731040889430907,0.0,3,50.90787185321833,49.15859233462474,0,3,1,1
744,1,0,0.622863353652409,-1.068852712045328,2.901783496323267,0.0,3,34.76686419829344,44.90968978327056,0,9,1,1
745,0,0,3.259180263917459,-1.8495844100470955,2.45692559466611,0.0,1,17.472971124909147,35.58779273038375,0,8,1,0
746,1,0,2.1362589455435232,0.4464359443854718,2.5803858056888362,0.2150224378655602,1,57.145508287161796,46.02009760197099,1,4,1,0
747,1,0,3.410250142994521,0.1858266267804817,1.5695797731392815,0.10164557311752587,1,53.06351877360893,47.49632846496267,1,7,1,1
748,0,1,2.06001357445394,-0.6187260259781964,1.8182117911354214,0.09634816483318898,2,42.563952264437525,66.51259984489194,1,12,1,1
749,1,0,1.4595565254275864,0.3771437677035235,2.0015771731384784,0.0,2,55.149606378424444,39.34763384975953,0,1,1,0
750,0,1,1.4368777900305068,0.5693785187216416,1.4032376820548578,0.0,2,59.23743307069869,66.95611185655814,0,6,1,1
751,0,0,0.7093039610672129,1.715054269684158,1.9118703386826204,1.7506581974187352,3,75.36145562618651,69.41845029555118,1,6,1,1
752,1,0,1.951894983210087,-1.082061134581038,1.5750760017904808,0.0,2,32.8676740221972,26.516053294228893,0,3,1,1
753,0,0,2.2122808626645587,2.0315219938364106,0.43567424193697635,8.272094162822723,1,80.14479406698797,66.69324677685596,1,5,0,1
754,1,1,1.307807738854145,0.5856583072343864,0.9913286690084305,0.5838933367488163,2,58.901352439197,58.4488467520558,1,3,0,1
755,1,1,1.4719366894459418,-1.3370107239720908,1.5176567865561004,0.0,2,30.403428504868344,42.944495778531376,0,5,0,0
756,1,1,1.4562415345200115,0.2874574865655764,0.4771083668533401,0.0,2,54.17186151432316,66.26065414604653,0,6,1,1
757,1,0,3.081280178477993,0.16318082008342588,1.63920163012815,0.0,1,53.76172759161405,58.89424056987946,0,10,1,1
758,1,0,3.2796306027124524,-1.1669930653536607,1.1512348339886054,0.0,1,7.848926894436712,37.60168651800085,0,4,1,0
759,1,1,0.7328984049980177,-2.109226353702309,3.7388556887279565,0.0,3,18.3183321967088,26.99954914072767,0,5,1,0
760,1,1,3.0674210097169117,-0.1004389807587668,0.7859168780310604,0.0,1,47.624112182507524,54.935011814717406,0,4,1,1
761,0,0,2.1858655048471993,0.9847963154337512,1.141337570226077,3.826357851663074,1,63.961610480537374,63.356432443365904,1,5,1,1
762,0,0,1.9091308681693295,-0.06821972819388834,1.169095899656128,0.0,1,49.88927914450758,39.79832170662348,0,3,0,1
763,1,0,1.9714524309252326,0.7424438181733695,0.9620036223079472,2.2958930669757347,2,57.14174185461629,61.58863789722098,1,8,0,1
764,1,0,1.8388200432322273,0.12436074258288947,1.612109230902009,0.0,2,46.02071214739924,38.880914248652644,0,2,1,0
765,0,1,1.790359517079003,-0.663952891276371,0.7772164665004307,0.2138129481630231,1,40.69316526315671,59.23457594741327,1,7,1,1
766,1,0,1.5207569412757667,0.15342078814377832,2.2670219544094135,0.0,2,54.12105126604551,55.612418774056415,0,7,1,1
767,0,0,1.6594694454634642,-1.9775267015917801,2.051381110341409,0.0,2,20.286117050900188,27.01083996908201,0,3,1,0
768,0,0,2.9890199148614456,0.5488204315942418,1.7049897451719143,2.208668637481535,1,57.1184831210571,52.427781198251246,1,5,1,1
769,1,0,1.0527958564088173,-0.38629602157800086,1.3630746348243088,0.0,2,38.75375652120328,50.37727841878699,0,11,1,1
770,1,1,2.1739699276627857,1.36287844358205,1.5760917268172832,5.985292290894611,1,71.50044226145393,61.54175155286183,1,2,1,1
771,0,0,1.281011833241194,0.010404063464832506,1.7920189649800313,0.0,2,49.7089810359559,55.11804049819907,0,8,0,1
772,0,0,2.3185782121819165,0.04087333173182005,1.4137152243369486,0.0,1,48.70400354553177,51.39413452293484,0,5,1,1
773,1,0,1.620356210225504,-0.06148003412388785,1.122265831493634,0.0,2,48.13312072114019,49.67240669048398,0,4,1,1
774,0,0,1.4721419506851607,-0.141296090570624,1.4212008377236418,0.0,2,50.1680627470922,49.28883879908486,0,7,1,0
775,1,1,1.7953859915226071,-1.2521870105690176,1.2173736868310483,0.0,2,31.701731969037272,52.86301953507488,0,7,1,0
776,0,0,1.8525673780736993,-0.422309319068141,1.4279723788522034,0.0,2,37.82619136824321,49.42828304545984,0,7,1,1
777,1,0,2.1054133781920377,1.257224344684256,2.1443646946286106,4.183231201302707,1,70.21138170796084,51.75507595475167,1,5,1,1
778,1,0,1.1166979347248462,-0.7181899372526827,2.6683003048807463,0.0,2,38.13081483740229,40.14281648356362,0,7,1,1
779,1,0,1.3257397665360249,-1.198582278884832,1.3174879171199456,0.0,2,34.53153989134444,27.019608579039947,0,6,1,1
780,1,0,1.5264821529192294,-0.3058413811935889,1.3853983185298062,0.0,2,46.73086944911208,39.91029453243181,0,4,0,0
781,0,0,2.555706062329202,-1.6608203984095424,1.6909871367724685,0.0,1,22.862254814922796,39.90450434092167,0,9,0,1
782,0,1,1.8529852330626966,-0.972556549058358,0.9090984425220471,0.0,2,35.72358704189602,46.250431876201255,0,2,0,1
783,1,0,1.3022231163666498,-0.19580813174067882,1.967848658478098,0.0,2,46.5981869709124,34.41382507421148,0,2,1,0
784,0,0,3.8703611596779903,-1.0749683654905122,2.1493821630316363,0.0,1,41.13040018618782,38.42066709707837,0,3,0,0
785,0,0,0.9072222026841842,1.0546806458464177,2.7346961540746686,0.733089576459121,3,66.68808944492908,54.55332201869202,1,3,1,1
786,0,0,1.160805404453429,-0.7741975342743751,1.364281087865896,0.0,2,37.27490355530984,51.97940794624876,0,7,1,1
787,0,0,1.299512558018598,-0.5825399917229219,1.4078169163751582,0.0,2,39.109668491771025,50.78764758920024,0,8,1,1
788,0,1,1.3339582791659406,-0.09383553948833223,1.4555278207985032,0.0,2,48.40604678464316,62.97658185782894,0,4,0,1
789,0,0,1.470092242895596,0.43856259731699665,2.03825230733553,1.1245439832497375,2,56.985922698373464,43.71807616953019,1,1,1,1
790,1,0,0.9793830466423167,1.9456764032980451,1.1761974622309765,4.030271399601805,2,80.8047838256251,66.10059767056627,1,4,1,1
791,1,1,0.8342588921682195,-0.44325724763645735,1.3314792201787635,0.0,3,44.266908455161435,55.27856114847662,0,7,0,1
792,1,0,1.9392132404793614,0.5331053093315414,1.4575214462794277,0.9548135907684542,1,57.51776814041859,47.62961233813025,1,3,1,1
793,0,0,2.4249867464826846,0.9961146638608912,1.3652858962379684,3.831456506479285,1,71.76209861437432,58.00824496923628,1,6,1,1
794,1,0,1.992426970667357,-1.4757692358396015,1.1950662954882516,0.0,2,23.847279270956367,30.42408812631535,0,6,0,1
795,0,0,1.9284285694456567,1.4311780867255546,1.6493120631298475,3.5913778499037177,2,71.66399017925106,66.95226417099946,1,5,1,1
796,1,0,1.5909959268645162,0.2681141453961041,3.026521495405188,0.0,2,53.86873132404808,45.19316373351054,0,3,1,1
797,1,0,1.4404921240897688,1.0156096467494033,3.459382415197534,2.124697879707703,2,64.42362724172555,44.62795160894099,1,4,1,1
798,0,1,0.7546706047717159,-0.6997201927698542,1.5697488483513742,0.0,3,39.20256512144571,42.684166514524705,0,1,0,1
799,0,0,1.2172898010978561,0.21755400232546354,1.8465396411247776,0.0,2,54.5589428672948,58.34881845658963,0,7,1,1
800,0,1,2.2098571173365436,-0.30262373056447317,1.0856964852958302,0.0,1,45.858648637112125,58.87937158598373,0,6,0,1
801,1,0,2.741905238636269,0.2074110116281052,1.0279946216237945,1.078937832015468,1,51.83526632370351,39.6534406356725,1,1,1,1
802,0,0,1.6958295683998494,0.5178623867882288,1.249394819216415,0.4364493165641106,2,57.66440371007632,58.868374436064,1,7,1,1
803,0,1,1.2080285205350119,-0.2915456396805127,1.6455077782549505,0.0,2,42.968086850648945,47.98353501286151,0,2,0,0
804,1,0,1.9098053615618151,0.43392003063342144,3.7209348705541787,0.5865743029860897,2,55.211581598230126,47.132198891143965,1,4,1,1
805,1,1,1.5085072912236668,-0.11864053045940809,1.3013687723141778,0.0,2,48.57351274934564,57.29089685505243,0,7,1,1
806,0,0,1.4003372529204898,-1.0217007092555093,3.051721861586109,0.0,2,33.78769575419043,45.17891793215103,0,8,1,1
807,1,0,2.4156953535768135,-0.6571522700174527,2.012578683004014,0.0,2,46.09696491783882,34.98254397217095,0,2,0,0
808,0,0,0.7172645202727985,0.8464123921350388,1.6152769485143572,0.013402547752435323,3,62.92180695599902,61.51437383584441,1,5,1,1
809,1,0,1.5701840145020336,0.5485274481286692,2.087136077225036,0.09302862739863282,2,59.96558433872878,47.93403919128449,1,3,1,0
810,1,0,0.6134998304150096,0.23801479580346835,1.994315304720021,0.0,3,52.16805576889355,52.332123125486476,0,5,1,1
811,0,0,2.823427259358378,1.7968624065139258,2.158912893434284,7.212468278491727,1,76.71612170505423,63.289717666755294,1,3,1,1
812,1,1,0.32497642939451266,-0.02415240998004722,1.4756500412703606,0.0,3,51.226213000201334,48.77694013803567,0,3,1,1
813,1,0,2.425802328831618,0.3948134887118382,2.686658466422327,0.9362710228222823,1,55.77063916642382,44.34588941721677,1,3,1,1
814,0,0,2.4218506069633396,0.4697175473040652,2.3078653106763176,1.8988719338803064,1,53.58779855275652,43.5388832011257,1,0,1,1
815,0,1,1.0725802529335138,0.9391560296963546,1.0644426721040743,2.4212314739235916,2,58.83650233483037,69.43874668779756,1,5,0,1
816,0,0,2.7499729320102912,0.9825198870629134,1.6141012039503,3.6954492314087,1,68.77090615493903,50.97178719023683,1,1,0,1
817,1,0,1.5753456175495248,0.8478571400974746,0.3775054420659809,1.702576011593042,2,61.621778987725435,58.19408827067802,1,6,0,1
818,0,0,1.0866150786451145,0.3123281830143253,0.8670626651581734,0.0,2,55.73746801668464,59.83289812355299,0,7,1,1
819,1,0,2.144495497773537,1.1862820397990326,2.838375514965242,4.163752261259279,1,67.07776416088808,49.45426157975153,1,5,1,1
820,0,0,1.9486474646707754,-1.2574696935924634,1.9975320141549597,0.0,2,30.12623064195642,30.089273533143608,0,2,1,0
821,0,0,3.0847104454367344,-0.001095797843639137,3.6323825865123966,0.0,1,51.57812559097976,45.59098360655658,0,6,1,1
822,1,0,3.225693371681233,0.09052874919734058,1.9255073618539456,0.07711777073388004,1,51.21032541992222,53.08900644337884,1,7,1,0
823,0,0,2.9011739680825572,1.3454675543573646,0.6703484676829469,4.446790883428617,1,69.59680676718848,67.10354552367662,1,3,1,1
824,0,0,1.3163256838783188,-0.45226796843248174,2.616771030993777,0.0,2,43.73842999200735,35.24045048526807,0,5,1,1
825,1,0,1.9425814224171445,-1.2403416855688325,3.4475231920287235,0.0,2,32.78826586004538,30.661645122908542,0,4,0,0
826,0,0,1.8818109549497672,0.1398567238735305,2.489608383759908,0.0,1,51.5417654732264,56.22256660571846,0,6,1,1
827,0,0,1.7385234909223946,0.7274051321213948,0.8162734357684162,0.5322008874587633,2,63.33555996925756,55.414713136720586,1,4,0,1
828,1,1,3.7859632384347326,-0.7453695157031875,1.3366266853853335,0.0,1,39.3423865333957,46.09168615565002,0,4,1,0
829,1,1,2.2723174598225513,0.5888822584845191,0.5359423311742801,0.9794890001839675,1,56.117246172411,54.846225981576545,1,3,1,1
830,1,0,2.614864512097725,-1.082868093107609,2.9135403119458516,0.0,1,33.29925634354939,28.779938072939043,0,5,1,0
831,1,1,0.9817815686771694,0.7439532343497662,1.1103853386339584,0.0,3,71.45791205064884,66.3428340249904,0,4,1,1
832,1,0,1.0541093698351263,-1.495985134002461,1.6540290460166416,0.0,2,28.419159565566922,29.718614597016476,0,5,1,1
833,0,0,1.8808776126354203,0.8101330734939687,0.4021183847894541,1.6997488946165065,2,62.674606694663815,66.88439024528242,1,8,0,1
834,0,0,0.6629298548438118,-0.38263210769885886,1.7764997349396057,0.0,3,45.705873029156685,40.38310510748705,0,2,1,0
835,0,1,1.1751913744726705,2.2029780217150883,-0.12965365030673554,2.5104544980395915,3,82.99231673810142,79.53349736782886,1,4,0,1
836,0,0,2.2532548921256805,0.15287600793768213,2.575440644737011,0.4795395634441003,1,49.69737181721693,31.10344750710254,1,3,1,1
837,1,1,1.0948586069160369,0.15715880247654945,2.2336231108684834,0.0,2,52.906175009853975,56.6668714001736,0,4,1,1
838,0,0,1.2573025322858333,1.385342846573125,1.4315954267385078,3.0326143160910415,2,70.06768229854518,66.03410124048483,1,6,0,1
839,0,1,1.5516723801455756,-0.30745477687499373,1.658335747405291,0.0,2,45.6672934205182,45.06758347712564,0,2,1,1
840,0,1,1.13456549836802,-1.0625457648457457,1.5545510665342972,0.0,2,34.94239068574303,50.710888005318566,0,5,1,1
841,1,0,0.8403734873186175,-1.2474951193699633,2.194315659580017,0.0,2,32.250305316100444,27.178641397624354,0,4,1,0
842,0,1,1.492642425925138,0.07441230991568372,1.2544100030718697,0.0,2,50.598122988908486,60.944692086000195,0,6,1,0
843,1,0,4.338152020486221,0.2757659669810155,1.6895290742061222,0.0,1,54.21545562968028,44.08406389719975,0,4,1,1
844,0,1,0.9006028403754909,-1.1690796712108107,0.6472156985441181,0.0,3,33.53132021338527,51.53458809287219,0,5,0,1
845,1,1,2.339412088447694,0.6000085964093999,1.0685319825598019,1.4160979911024416,1,57.564141384617535,61.13268163065676,1,4,0,1
846,1,0,2.2965563795894552,0.5944125321294885,1.6709184340804586,1.9075570818147445,1,58.74480351984322,42.29884293824434,1,0,0,1
847,1,0,2.1598475877237773,0.5577533892377073,1.4505813195786545,1.666417714985148,1,59.028937185715186,51.615029711254856,1,5,1,1
848,0,0,0.8680685534300172,2.762291109699831,1.0070878477227891,6.926329438146378,2,53.570322493115654,81.367069769442,1,5,1,1
849,0,0,2.6539110373150594,0.6302441347261629,0.391115516643588,1.9149476372479952,1,57.17604274233939,57.165208960175015,1,3,0,1
850,0,1,1.4528467854072242,0.09706252565921351,3.042136988241687,0.0,3,54.206120898288404,65.95714821735625,0,4,0,0
851,0,0,2.5221730421434208,0.19155224571911872,1.7789904248325696,0.0,1,51.450243633821174,38.61344996517002,0,2,1,1
852,1,0,1.1245658362106459,-0.8009486718604051,1.8298654690366807,0.0,2,37.50462967015687,36.361544256760006,0,6,1,1
853,0,1,3.3079793362219108,-1.2950448430777959,1.2777563756115284,0.0,1,75.60770070404017,46.5380956474048,0,2,1,0
854,1,0,0.8794872056955819,2.2783290827195954,1.4841954457361464,2.2793773489419937,3,85.01793597744961,64.8476124858286,1,4,1,1
855,1,1,0.6700483785385182,0.4161789693310711,0.3053548172687657,0.0,3,57.38123891148574,57.96865073668318,0,4,0,1
856,0,1,1.8992340041127982,-0.4632967976065013,1.8666223019344126,0.0,1,41.982112468764804,57.82834280052447,0,6,0,1
857,1,0,1.6043479390600603,0.20892801170946385,1.5068464392003862,0.2403869733568098,2,54.77266376583616,46.548437613103424,1,7,0,1
858,1,0,1.6984372003035193,2.072725356964957,0.7468815075004055,8.07832712116885,1,83.82863631764243,65.79526437746628,1,5,0,1
859,0,0,1.7599161379417503,-0.15960411343738043,2.253579146756509,0.0,2,42.829816101098636,41.753242812128605,0,3,1,1
860,0,0,1.645486086178446,1.5460691012540668,2.0663832778040003,3.7168884540346094,2,73.04776381640022,53.9425875517305,1,1,0,1
861,0,0,1.2933998184186577,1.7780095188239928,1.8284150056545108,4.233318525964932,2,74.35130325316186,61.06960099907799,1,3,1,1
862,0,1,1.1755649477701313,-0.6686979718592799,0.43482600989602505,0.0,3,39.0895809847163,49.5525918198284,0,4,0,1
863,0,0,1.0450128101388192,0.29256583881787085,1.939705021948668,0.0,3,100.0,51.85121935402462,0,4,1,0
864,0,1,1.6659372626376392,-1.0844580845216458,0.6711082979102074,0.0,1,33.03053617869246,47.19474878823934,0,5,0,1
865,1,1,1.1110674414236883,-0.7317191033359499,1.460878899903027,0.0,2,38.965194770230326,45.711700534680425,0,5,1,1
866,1,0,1.640282559159469,0.44694648725441893,1.4024372543762949,0.38362369369432037,1,57.131551080048794,47.19295022861226,1,4,1,1
867,0,0,1.0508487862955724,0.9307819884571576,1.094177356132486,1.6720150238808726,2,62.14807271837784,66.97511907890576,1,8,1,1
868,1,0,3.2177144750195157,0.2524671509427738,3.021018611271631,0.4841567495782669,1,53.2397967476449,33.313177567529436,1,1,0,0
869,1,1,1.7454478579045503,-1.5523220634568413,1.4273384590526443,0.0,2,27.36343991392101,39.503134396262894,0,7,1,0
870,1,1,2.361886088013617,0.6133890769545212,3.0618583821153056,1.6676112405719945,1,59.545703743774745,58.54208340560503,1,3,0,1
871,0,1,3.731660677501506,0.5637816248181339,1.586366061340008,1.4761846317872462,1,56.623963743352405,61.28343090042981,1,3,0,0
872,0,0,1.084539755800833,-0.00038336486507070926,2.042179739056985,0.0,2,48.465938165917876,46.26374839453426,0,6,1,1
873,1,0,1.3846202998955306,-2.609251861189042,2.418048322199418,0.0,2,11.842670452621741,12.402093630705737,0,2,1,0
874,0,0,2.351577623924366,-1.1605992192808086,1.4378068273339781,0.0,1,34.30926074939269,35.16328290450069,0,3,1,1
875,0,0,1.94491775246532,1.8227378700642223,1.2758954021078266,7.502998421714041,1,70.99576407527842,73.98636016788716,1,6,1,1
876,0,0,2.599443589805539,-0.4167093945827328,1.1454160907093827,0.0,1,43.84325697219815,56.46265345714461,0,11,1,1
877,0,0,1.1216603621212167,0.3010058213694173,2.859935864786639,0.0,3,50.69053658035588,60.06884783346099,0,7,0,1
878,0,0,2.3404957619454767,-1.6643971544345881,2.23340557581385,0.0,1,24.730024090576023,36.17982436297178,0,8,1,0
879,0,1,0.87456282579677,1.3562672650807204,2.5146213988320154,1.926679331301315,2,69.44460847458166,79.4038130293222,1,8,1,1
880,1,0,1.1008963606752098,1.5603746934216696,0.8528268617246902,4.584632867736118,2,71.34724347080923,60.099222949704696,1,4,0,1
881,0,1,1.4156526940863483,-0.4718179784601469,0.8346149909395507,0.0,2,40.754539715078394,53.36616376938342,0,6,0,1
882,1,0,0.7466608265933602,1.4281218576054486,0.6139057179262151,0.601537890631236,3,72.38549068841535,60.695841377725074,1,5,1,1
883,0,0,1.1587414080964606,-0.5688826204366206,1.897152761198894,0.0,2,42.22713448701073,43.188874815041274,0,3,0,0
884,0,0,1.5068466339526077,0.16458191658853227,1.4785199978009202,0.1705664600764233,2,53.899666620532294,45.83960843309434,1,3,1,1
885,0,0,1.3625457277858166,0.9687901267861236,1.5832282070593435,0.18904632487363926,3,64.605440712523,59.209100228570556,1,5,1,0
886,1,1,2.787640320247914,-1.2918395393586144,2.6638007817422236,0.0,1,33.08586692796865,30.393132568389625,0,5,1,1
887,0,0,1.024382046683517,-0.8164995453999085,2.5865906758157085,0.0,3,39.27676404279633,42.09071135946122,0,6,1,0
888,1,0,1.2680257065838554,1.3256673721667531,1.932371233591795,3.23477534178208,2,69.32436497791943,48.973160129117844,1,1,1,1
889,1,0,0.7396007149633222,0.3391108087354586,1.4708794062641535,0.0,3,51.83309118724643,58.19259167346259,0,9,0,0
890,1,1,1.1081803730543505,-0.9680302609334471,2.3373795908943626,0.0,2,34.49285077521986,44.10460182458227,0,5,1,1
891,1,1,0.9036905925363615,-0.7999553263947466,0.930177287688933,0.0,3,39.36595243981977,41.8728166065829,0,3,0,0
892,1,0,3.055328440597048,-0.5917227888945381,1.854525029440378,0.0,1,42.39167560882169,47.88802734557245,0,10,0,1
893,1,0,1.5269486360647486,-0.29050694126422844,1.89079220461331,0.0,2,46.50728571679793,39.40525554040323,0,5,0,1
894,0,0,0.9236248374308744,-0.22168379832521032,1.0510151134405958,0.0,2,47.01492880938357,52.603845644784315,0,6,1,1
895,0,1,3.766205566488064,0.5973484704392507,2.4447879265014434,0.6884918894920433,1,58.07558790954894,60.98443611914267,1,5,1,1
896,0,0,1.162721293330071,0.7910148246815795,1.1279193855040086,0.0,3,61.64073716857134,69.0317031215031,0,10,1,0
897,0,0,1.2062613122209211,0.0002457291640023095,2.6517664480399183,0.0,2,49.907674139197304,55.803810063913964,0,8,1,1
898,0,0,3.518829109543746,-1.3570640043106867,1.605211761269171,0.0,1,30.628227438630848,35.47680711179083,0,4,0,1
899,1,0,3.096510794222584,0.10529652760267552,2.197633325454168,0.17846875796123618,1,65.9645192635736,46.821629881112784,1,5,1,0
900,0,1,0.9183626759265612,-0.07674649856841645,1.0160774558785466,0.0,2,46.74626502080522,57.607644529893975,0,5,1,1
901,0,0,2.592585628632975,1.727779624882196,0.9563250755191375,5.9190769749191015,1,74.81090478821741,63.836322821983636,1,4,1,1
902,0,1,1.2095192195575926,-0.13742215093563498,0.9118855072895585,0.0,3,48.64248568997436,56.0835077634233,0,3,0,1
903,1,0,0.9860494913799785,0.3467498030538665,2.88206086667901,0.0,3,54.87170987019412,52.523068612504744,0,7,0,0
904,1,0,1.1928617034214724,0.31661138661631405,2.77126758417585,0.28712265377230284,2,55.076035866438936,54.63721508194091,1,8,1,0
905,0,0,3.5615390967599927,0.2644527905886869,1.9062468979295397,0.8772342363355722,1,53.534633553460246,55.40265287469678,1,7,1,1
906,1,0,2.6850057425296776,-1.7079775585388637,1.9875689449918674,0.0,1,24.77915007902279,24.80712334746188,0,3,1,1
907,1,1,1.9402154927330575,1.4394522014021964,0.1705372265594754,2.5572220208411838,2,93.04362364982833,71.31625692983916,1,7,0,1
908,1,0,1.5430092932856547,-0.09692065122329542,2.7902232857101805,0.0,2,51.550478557077284,47.124554450816206,0,8,1,1
909,0,0,1.5889356725779622,-1.135056456859362,1.073303126715732,0.0,2,34.076439477632015,38.93207094694654,0,5,1,1
910,0,0,0.9415984205583253,-0.36525393210383034,1.2696888533862545,0.0,2,48.056779529464315,46.504096715426584,0,4,1,1
911,1,0,1.2896532606154238,-0.21526832325444764,2.934456364192113,0.0,3,46.47342951599527,38.314096517756425,0,2,0,0
912,0,1,1.9717032727742736,-0.9787794194207126,1.3940531127612612,0.0,1,35.61041981105505,53.14149933432145,0,6,1,1
913,1,1,3.381247998509608,2.9032411777906266,0.15340385573186574,11.777613826737994,1,94.17031128989699,92.1293939329329,1,9,0,1
914,1,0,2.607243944546075,-1.1361816814031145,1.170528033725937,0.0,1,31.757113330466368,35.62553041717446,0,5,1,1
915,1,1,1.3068873714233111,0.552282407079406,2.40406266054908,0.4446243303285051,2,57.86433069491077,64.35946490097325,1,4,1,0
916,1,1,1.707934418926296,0.605576486423666,0.784491378617044,1.8054075340103175,1,59.28950366477541,65.82937374581289,1,7,0,1
917,1,0,1.7461350998352934,1.3296393236587132,1.9932149456630444,2.5597996016857136,2,71.44028201502121,52.967263307609215,1,3,1,1
918,0,0,3.2904841460695002,0.838490642043167,1.624781578608312,3.0855388195191793,1,60.49538151951996,47.84417060325117,1,0,1,1
919,1,0,2.175751373907644,-0.46323647916682426,0.9217320125642166,0.0,2,43.03010853551254,52.898418311570545,0,10,1,1
920,0,0,1.6945140687003413,0.47685253814698075,2.0609428244585697,1.012641179206308,2,58.113242735928814,51.863045589812664,1,4,1,1
921,0,1,1.6713576501274943,0.7571763994859732,0.19400567250991468,0.7021995585601387,2,61.37198240054236,68.35727647733069,1,5,0,1
922,1,0,5.925654748884674,-0.8822973667902143,1.8067984804746415,0.0,1,36.973852916512534,27.632312146024702,0,1,0,1
923,1,1,1.305273577218702,1.4480786158235273,0.30524850200896864,4.203316820287226,2,73.95318063277777,63.58187534318464,1,5,0,1
924,1,0,3.4890325089439274,-0.3920834814510669,1.8715110904227594,0.0,1,47.35094332177872,38.59432469370694,0,8,1,0
925,1,1,3.181615285005547,0.34521609399189523,1.0528694439545871,1.3828605678393187,1,54.94336676755075,59.534821871139975,1,6,1,1
926,0,0,2.216145421934861,0.6397864739954338,0.9509545233121786,1.5867146297228192,1,61.89403131860246,64.37686247822135,1,8,0,1
927,0,0,1.3823348765259065,-0.7842373378057287,1.2322079837886204,0.0,2,38.72300160205479,41.52259031908532,0,5,1,0
928,1,1,1.6853338008619025,-0.6828798075505268,1.6948110902037483,0.0,1,38.091732478281465,39.11897197236213,0,2,0,1
929,0,1,4.20512809013195,-0.28957963298202594,0.8989915280581824,0.0,1,45.7556527543625,55.11484788804054,0,4,1,1
930,1,1,3.257345600287447,-1.9588593405738344,2.255178204561979,0.0,1,20.257476960244784,45.453767833290854,0,9,1,0
931,0,1,3.413544735579429,0.05774911795432544,1.4819897501498616,0.0,1,52.714161836541166,55.13749444479336,0,5,1,1
932,1,0,0.5867313874899088,-0.05087829418777937,1.2921226621128026,0.0827412067603801,3,41.42577634655113,43.91078518256794,1,5,0,1
933,0,1,2.8330834568699523,1.060001954214991,0.7713584659816597,3.034962729574679,1,66.26752204667693,71.42588547266183,1,4,1,1
934,0,1,1.891027175832643,0.1248139992450107,2.4725031037149554,0.0,1,51.695187689924815,61.305778236472605,0,6,1,1
935,0,1,1.0364078489734574,0.06990582094124294,1.0893962215039914,0.0,2,57.90048418382022,69.99788013214894,0,8,0,0
936,0,1,1.3740281504972847,1.1864777798896469,1.6737385951327242,1.6050757600284276,3,67.3295715767049,73.42429945660166,1,5,0,1
937,1,0,2.4297525733509,-0.21513962554860747,1.2534505277391101,0.0,1,46.631750310176486,38.41467585642115,0,1,1,1
938,0,0,2.5952691631408342,-1.0012079046665905,1.597065823141009,0.0,1,35.351438222502345,31.65690575926859,0,3,1,0
939,1,0,5.743173718596607,0.4067436093516241,1.8668669292657745,1.5688865824514449,1,54.84253765722089,49.16222669251938,1,4,1,1
940,0,0,1.7594819682803342,0.006894418984994517,1.578546099383619,0.0,2,48.72635484311178,55.08443790113004,0,4,1,0
941,0,0,1.0963332940612585,-0.20339162193909624,1.3400663696462043,0.0,2,45.77979300460963,46.891285457781805,0,4,1,1
942,1,0,1.0684513003078329,-1.148252332795646,1.6378127199180212,0.0,2,86.05155400706388,35.3470571311673,0,6,1,1
943,1,1,1.4256881004495592,-2.5715840780650057,2.5204839874011027,0.0,3,15.630026055071585,29.200262264355437,0,5,1,0
944,1,1,1.5385856366473727,0.3364000654318018,1.1852388751934277,0.5371419094933066,2,54.68832240061061,59.88527187419584,1,6,0,1
945,0,0,2.340394441025471,2.947378353607255,1.4258239303472358,12.222270021727834,1,100.0,84.61595247142729,1,5,0,1
946,0,1,0.9243709466241701,1.1862961703351487,0.5627372784442979,2.786494582725234,2,66.12279553714465,66.46431848816736,1,2,1,1
947,0,1,1.3741220288341518,-1.00621339557032,0.36160194042605065,0.0,2,31.66384686077308,49.817502452856495,0,5,0,1
948,1,1,2.9902573041672817,-0.7002841075967307,0.6419078565246299,0.0,1,39.95885252152522,46.88535037522365,0,5,0,1
949,0,0,0.9242036858998791,-0.5855546062164857,1.2069386561629378,0.30754225306725713,3,48.12199042868861,42.629554889442424,1,5,0,1
950,1,0,3.3280349221474346,-0.17122971935687062,1.3532239384981746,0.0,1,48.79222556748007,48.339882945359165,0,7,1,1
951,1,1,1.6144304538379917,-0.5596317614577326,1.672843658039415,0.0,3,43.73485880898087,44.00078940942365,0,2,1,0
952,1,0,1.4927632389054895,-1.233406185890559,1.2809398078669976,0.02817292867715504,2,30.69367700773439,40.00503294820367,1,8,1,1
953,1,0,1.6739524390534959,-1.5692076435132167,2.2712098521081328,0.0,2,24.841241261109083,29.995645635099564,0,5,1,0
954,0,1,4.083005775408826,1.1832775525276582,1.443400727987124,4.161575058392106,1,69.78445888433012,74.36117551788506,1,9,1,1
955,1,0,2.6385861652557394,2.220056386869935,3.466742675326784,9.459607033624064,1,81.88167324623862,68.92216219515953,1,5,1,1
956,0,0,1.9379276432286683,-0.5060555358559693,1.307303604452259,0.0,2,42.09256088416043,42.748386812686995,0,4,1,1
957,1,1,1.8020484320287107,-0.07855181845830532,1.333029836337092,0.0,1,49.45371169415913,62.360791266560184,0,9,1,1
958,1,0,0.8353089717459532,-0.6193844180187787,0.7225689028126973,0.6397489753113363,3,44.62934229543231,32.51718933669703,1,2,0,1
959,1,0,0.9129773595794688,-2.5869148171882963,2.164469012877497,0.0,3,11.605107881761839,21.962817213923024,0,6,1,0
960,0,1,0.7772810125443705,0.27187712946633913,0.6875118854590135,0.0,3,61.24184539365409,62.13484896702386,0,5,0,1
961,0,0,1.940416349316022,-1.5517753987486325,1.402911481763955,0.0,2,29.056898661153273,29.253170637740787,0,3,0,1
962,1,0,0.9942907416913854,0.6790363456846714,1.7389288866258472,0.1293883140726054,3,62.987847540155435,48.45034205766946,1,3,0,0
963,0,1,2.7014351969159294,1.421115905496392,1.4335776708355072,4.907734267656791,1,69.71938428524521,73.95546544932992,1,3,1,1
964,1,0,1.0515483153373424,-1.8586346298717231,1.6518506933887622,0.0,3,17.34715542062345,24.57465244971375,0,4,1,0
965,1,0,3.3783727334419855,-1.195113539064008,1.7885166861750443,0.0,1,26.411088753199095,26.65917077724027,0,2,1,1
966,0,1,0.5717021922296566,-0.5662734096147732,1.5392998244566165,0.0,3,65.78455381622854,60.22196045875845,0,8,1,0
967,1,1,1.274196337032567,-0.24194324138620632,1.25331669203901,0.0,2,47.29557930974814,46.243751945903476,0,8,0,1
968,1,0,2.4354481673364607,0.22091371909061144,1.6504163464829777,0.35652246953111705,1,54.07429283069518,43.54623056542527,1,1,1,1
969,1,0,2.6933480325069343,0.5069807926934818,1.1513926343874128,1.099477434269197,1,0.0,45.944398016002,1,6,1,1
970,1,1,1.1340790349365324,0.8699542394797151,0.9662757447061353,0.712264513818173,3,63.22176858128979,67.09178692609387,1,9,0,1
971,0,1,2.5517774328135583,1.8883999034480412,1.190428328109211,7.819783891037693,1,78.22912470341717,74.36172861761243,1,3,1,1
972,1,1,3.1494778844888964,0.9693487292030385,1.1066077176738642,3.6292716224459913,1,64.91593697157988,66.17297717765797,1,6,0,1
973,1,0,3.244285874571968,0.510573534971534,2.244303313947169,0.6558090834740682,1,58.41874873646546,45.81176124848429,1,4,1,1
974,1,0,1.4542497685780307,-0.18688979817294502,1.064815824203397,0.0,2,46.105698520414855,45.528157914437905,0,8,1,1
975,0,0,1.099797615981189,0.1495463004597384,2.763085366813206,0.0,2,52.60346631230339,45.750739122577684,0,3,1,1
976,0,0,2.8318741307849216,-0.8059907543893199,1.8122541661803278,0.0,1,39.79067106400816,46.79336990298421,0,7,1,1
977,0,0,0.7681308374800865,0.2016613249387117,1.8456349772005904,0.0,3,47.704944826691296,54.959262435211045,0,7,1,1
978,0,0,3.487376200707457,0.2851734287479781,1.722115419755699,0.0,1,50.56862090488786,46.3995764259719,0,4,0,0
979,1,1,1.4200193417182574,-0.044039283542690065,2.1057573193323837,0.0,2,48.823340944257254,56.29475796853335,0,2,1,1
980,0,0,1.3858455463060046,-0.029010703966195428,3.4041755596823773,0.0,2,50.52558705154062,49.080274829659174,0,3,1,1
981,1,0,3.4957528425787885,-0.8133517281355273,2.7164071451545846,0.0,1,31.759375892949784,34.434018605559984,0,4,1,0
982,1,0,0.824251311881576,-2.5851539029585755,3.4810202887675317,0.0,3,10.849187736195299,20.88123247112074,0,6,1,0
983,1,0,1.6714647154704132,1.6000057818786864,0.4192482690481764,6.104483710184774,1,74.47188515987914,58.02953286422406,1,4,0,1
984,0,1,2.077695047880431,1.5612251965246304,1.3667544307824375,3.760799950701139,2,76.48923402019317,77.8659762933164,1,6,1,1
985,0,0,2.6714627769030455,-2.603127176531545,3.8613417171781927,0.0,1,11.398997625400337,20.93591939187892,0,3,1,0
986,1,0,1.6736779499050245,-0.08927125070664726,1.3988365640740827,0.0,2,41.68564632077298,43.211585553054725,0,5,0,1
987,1,0,2.1598538755237606,1.38954504244987,0.8475624984283643,5.074046551122892,1,70.27467260162693,67.31452219030798,1,10,1,1
988,1,0,0.9255461560612276,0.3608684801481267,1.9737929533275567,0.0,2,57.261809089099245,49.60801070461308,0,4,1,1
989,1,1,1.7185202343383317,1.9050488646811148,0.649438008732983,4.421389967335224,2,77.94175278041637,74.92507882283255,1,4,0,1
990,0,0,1.8348156993955989,-0.47785653728560484,1.7989975715959654,0.0,2,42.00599135091495,53.025021793406474,0,8,1,1
991,1,0,1.3652677938412086,-0.22649318266689164,0.8287697532445158,0.09492106484332008,2,47.892605205571904,38.02509166934131,1,2,0,1
992,0,0,3.2525782235040057,-0.4938701429275178,1.8616433363333555,0.0,1,41.91695330308058,36.03138443267541,0,2,0,1
993,0,0,1.907898693456468,0.6323032797201248,2.6849393336100595,2.1432246451128214,1,60.7363321262989,51.69469941413556,1,2,1,1
994,0,0,1.6807256207579506,0.9452189925339209,0.8189062788841781,1.9297696663594381,2,64.52764437689851,65.49077338565233,1,8,0,1
995,0,0,4.428900645467716,0.888584022178601,2.4653737018674873,3.313616603306573,1,62.2152011415602,50.0151018177132,1,3,1,1
996,1,1,0.8693842991039435,1.5654649761366473,-0.3068426970561985,1.4630395209972327,3,69.81341639529442,68.52500542871489,1,3,0,1
997,0,0,0.9886727607969954,2.2106280232511017,1.5016218551453453,5.101641484748819,2,84.81794638666709,62.191990612479856,1,2,1,1
998,0,0,0.5117836585773168,0.4409167915667096,2.966922129766037,0.0,3,49.33941541355233,49.85002774621786,0,3,1,1
999,0,0,1.8178233992830908,1.4708634491838315,0.9932550580900558,3.694046421653935,2,71.52449501473605,66.59180608419412,1,6,1,1
