candidate_id,G_Gender,S_ImmigStatus,U_wealth,U_prob,H_policy,C_shadow,X_uni,X_code,X_behav,X_ref,X_exp,X_permit,Y_Target
0,0,0,3.280788421268456,1.5279687806007687,0.21679396744622412,4.618662904110962,1,72.672790659331,78.30417332671485,1,7,0,1
1,1,0,1.9102285362608367,-3.2442486996554942,0.9338642311528268,0.0,2,0.8478050776715568,26.0134895033593,0,5,0,0
2,0,1,3.4531587416822664,0.3565183587973508,-0.17437428819479492,0.0,1,67.28818243643371,59.23312953416638,0,4,0,1
3,0,0,1.5255017449930202,-0.39365391630950164,0.24057409826987733,0.0,2,44.55850024907104,53.70375873818057,0,4,0,1
4,1,0,1.4601046452223703,-0.11905036496466412,0.40503542721892527,0.0,2,47.813077043842,52.55931505891628,0,2,0,1
5,1,1,2.4059295057029257,0.977861574553146,0.29729116777138836,0.627167134389744,2,68.16222356169064,69.77558833987372,1,6,0,1
6,0,0,3.1441319771313454,-0.36710148186338426,-0.273342343700576,0.0,1,46.1544394994345,49.21733151388306,0,5,0,1
7,1,0,2.490309039022421,0.17591602838424056,1.6591090597065734,0.0,1,53.25544965240563,74.22527108166624,0,10,0,1
8,0,0,0.847052813127762,0.2119805558696515,-0.4973472197830594,0.0,3,33.920860138830285,56.40813919914229,0,2,0,1
9,1,0,2.0726345315872403,-0.08149479546848346,-0.7089201942413923,0.0,1,49.97041910425532,57.431240791090346,0,4,0,1
10,0,0,1.1335226409021824,-0.3050239108524931,0.6167862288919727,0.0,3,20.2023813644564,55.966894917339445,0,3,0,1
11,1,0,1.3439508370737376,-0.2949619498189765,-0.2741659972508225,0.0,2,42.93941766008715,46.88159183475706,0,4,0,1
12,0,0,0.8915146211718425,0.09977177740707073,0.10338626000934419,0.0,2,53.07184501474057,58.72309617864578,0,4,0,1
13,0,1,1.502417435866487,1.09529183489695,-0.2397523608597948,0.4576601865808539,2,65.2456820881198,73.38939474219548,1,6,0,1
14,1,0,1.5901062021163175,-0.22593517019961606,-0.4506325873702557,0.0,2,45.98423524242011,51.91734346169932,0,4,0,1
15,0,0,4.349029782058936,0.7457642232086898,-0.019482219059952437,0.6324291626990424,1,60.98108592616196,70.02431072651446,1,4,0,1
16,1,1,1.8277531948059906,1.7208172478162984,0.19761762740902608,2.4170077237705865,2,76.22736909803214,72.9457398960519,1,3,0,1
17,0,0,1.0848481642028716,0.14217918875836522,-0.3875330685589939,0.0,3,51.66410848089559,62.33354471050391,0,6,0,1
18,1,0,1.7608573954051556,0.2797950904522816,-0.29775404129259664,0.0,2,48.051317104995974,66.63937649557874,0,6,0,1
19,1,0,1.3360911600219978,-0.0313760727407229,-0.16973878237393,0.0,3,48.72297366885911,58.86582581035085,0,4,0,1
20,0,0,0.7914138440021895,-0.14706819862876713,0.2751271667463939,0.0,2,49.611785626603556,67.31885551524472,0,9,0,1
21,1,0,0.7696308051794697,-0.15855133539913438,1.108811599740798,0.0,3,48.20369846518852,59.37856265700232,0,5,0,1
22,1,1,1.538490311367222,0.9547953967078772,-0.23096410196572298,0.8036929724244236,2,64.80643163908346,74.18942007250925,1,6,0,1
23,0,0,0.7208051515877617,0.33710315879353525,-0.11447508815971666,0.0,3,53.706399694946505,65.02256102203052,0,6,0,1
24,1,1,0.9273100444134218,0.344177905179638,0.5001522863507867,0.0,3,55.05382383062411,71.74828645681495,0,7,0,1
25,1,0,1.8987456340370543,-0.9251045174393957,0.09893057499339497,0.0,1,36.32990070968143,62.45047089912714,0,8,0,1
26,0,0,1.1461227714201907,0.36213317678106904,0.05104080721452446,0.0,2,55.05186078190427,63.93658689098301,0,4,0,1
27,1,1,1.572817848007672,-1.384895036842566,0.1283874129684832,0.0,1,29.698119524401914,43.022307101804,0,4,0,1
28,1,0,1.0259966640832459,0.08077744763736706,1.2486957638098473,0.0,3,51.94984865154998,54.44396026805809,0,4,0,1
29,1,0,1.3189178940100839,-1.8077401862140015,1.3906395338805935,0.0,3,22.43610688409147,44.25113773713519,0,6,0,0
30,0,0,1.4889878400709307,-2.0428882250135896,0.31130554599925375,0.0,2,22.903144124998278,39.27272279090586,0,5,0,1
31,1,0,1.7486873225387114,-0.9168001210760925,0.3428532336630503,0.0,2,35.83475875736284,56.5996783800265,0,5,0,1
32,0,0,1.7844995542232691,-0.8719460233725417,0.30868953970142377,0.0,1,43.50271196980284,57.44618902970601,0,6,0,0
33,1,0,0.7477467055634135,1.8275880084943943,0.49825831546146754,1.2358901021575934,3,77.46137102861101,88.65014847650713,1,9,0,1
34,1,1,1.7495789985657455,-1.1904873529634277,0.5632752168605076,0.0,2,25.093271976299825,43.29922059892811,0,3,0,1
35,1,1,3.8260416615361366,-0.33012586751196454,0.07484760076496506,0.0,1,44.74277025569316,54.27445164858886,0,2,0,1
36,1,0,1.9565748942120158,-0.22258391152005963,0.1365921241079191,0.0,1,46.87658428331726,51.4612561120956,0,3,0,1
37,0,1,0.49721086191466707,0.47353761243759224,0.6751745665814718,0.0,3,55.48211615949677,69.06341375180281,0,7,0,1
38,1,0,2.0653148796748657,-0.21263327726019554,-0.5530384623324867,0.0,2,48.079594928315444,51.532339639633214,0,3,0,1
39,0,0,1.5700802995913472,1.7167106581331306,0.26889626258951793,2.9234841996394567,2,76.97227919982534,91.7879877904658,1,12,0,1
40,1,0,1.3037444530931415,-0.21515085662367947,-0.5136655122663444,0.0,2,45.897753435563736,59.185597624300144,0,6,0,1
41,1,0,2.2932518177914902,0.614030931651802,0.5461320512381718,0.0,1,56.36021667805639,61.899203731863,0,5,0,1
42,1,0,0.9418195760794086,1.1786815827139112,1.772725690372959,1.6216037262957892,2,67.66465479025942,82.3705171720503,1,9,0,1
43,1,0,1.8059422593645336,-1.5471505802041607,0.6770961672242052,0.0,2,25.579143488097046,46.05582057855592,0,6,0,0
44,0,0,3.012978753952787,2.3997268485704226,1.8068764435159945,8.315751315301691,1,87.01279791789146,93.40113849192278,1,10,0,1
45,0,0,1.5684157384913864,-0.6196623830199692,0.3918361559067587,0.0,1,42.34389877970826,50.85954775714021,0,3,0,1
46,1,0,1.0450456413927973,1.522039643617811,-0.002332824048413615,0.0,3,0.0,80.24220355565018,0,7,0,1
47,1,0,1.50647315313901,1.4148595553500072,0.9193350410230271,1.677148698554459,2,71.00709786139544,72.25637146215914,1,4,0,1
48,1,0,0.996551858945922,0.14829382689157522,0.00686227168379865,0.0,3,55.1107975846467,58.828165508487,0,7,0,1
49,1,0,3.3865079448953725,-1.4364170112629653,-0.31876130178074913,0.0,1,30.75361633683833,47.94836018483601,0,8,0,1
50,0,0,3.7611386565640803,-0.29328266995923574,-0.09042661767236443,0.0,1,46.106395642294125,51.99534512174036,0,2,0,1
51,0,0,5.553047656133039,0.4997791797825357,0.6988190422440296,0.15399191047125127,1,56.497521200894376,69.18013032208916,1,7,0,1
52,1,1,1.5054507824242704,-0.6124732755220013,0.24998164541353807,0.0,2,41.66569534182168,60.87988784828099,0,9,0,1
53,0,0,1.2210823870208736,1.0373591352592928,-0.17012959724749796,1.1022106243264889,2,65.80135009577728,74.24388488603275,1,7,0,1
54,0,1,1.8565342942742473,-0.08895172799192563,0.13294532826684408,0.0,2,49.99630756462816,60.13878868732926,0,6,0,1
55,0,0,4.078484980019373,-0.11129520259618694,-0.04422185427662393,0.0,1,45.588424232252294,65.30066620071172,0,7,0,1
56,1,0,1.2591024751786224,-1.0615803120795884,-0.0263167950394036,0.0,3,34.48548572362159,61.99947348310796,0,11,0,1
57,1,1,1.3770070210141125,0.14360015987161315,0.40370106899609093,0.0,3,53.20453079648041,53.502779212391054,0,3,0,0
58,1,1,3.3096433351889445,-0.5416785427802813,-0.2292180748810722,0.0,1,42.48079831134873,58.21898103113581,0,8,0,1
59,1,0,1.412577617652572,1.3097842170062235,0.3575891357444134,1.9270881461315188,2,66.92796193377487,78.52809537829577,1,8,0,1
60,1,0,0.8568443122977304,-0.7675035839690542,0.38477033962398166,0.0,3,39.45299594074525,47.62834893344294,0,3,0,1
61,0,1,1.8163747825454148,-0.5058643587291294,-0.05775596219087908,0.0,2,44.81841599438307,55.27631521347845,0,4,0,1
62,1,1,2.0516578922888287,0.9484017449122286,1.3958775139369104,1.8364691045038337,1,49.472171192895644,67.34169073025923,1,5,0,1
63,1,0,5.368189922315919,0.9137625933568454,-0.5085687090747792,1.7158043623095407,1,65.255285115123,74.48322173057974,1,7,0,1
64,0,0,3.0191461917581686,0.8053482688084311,-0.20305534110236226,1.4938952913007881,1,61.549816699635066,73.37825031441695,1,9,0,1
65,0,0,1.8159843576129993,0.6702540708736511,0.20137271837230653,0.6461537462616866,1,54.85691250570701,63.63342111750514,1,3,0,1
66,1,0,0.5767924781837561,-1.7771906854033779,0.4562396691934382,0.0,2,22.28991970785399,48.9837387480551,0,8,0,1
67,0,1,1.085068712683822,2.22487692657753,0.30462779581415694,4.132787271812036,2,83.98352797869822,79.29884907625227,1,5,0,1
68,1,0,2.7980017190310256,-1.5765909910111093,0.44482572235667933,0.0,1,27.154267459258993,38.40095431225797,0,3,0,0
69,1,0,1.2593160583111598,-1.831310796776219,-0.1415419236522268,0.0,3,20.76525714838991,44.306146508430956,0,6,0,1
70,0,0,2.048894954530621,-0.6778994034763314,-0.092316789412314,0.0,1,40.77757145084887,49.61601464579353,0,4,0,1
71,0,1,3.802872800511027,0.13597041057931647,0.502603681372632,0.0,1,53.51121763817196,66.5229615197062,0,7,0,1
72,0,0,1.6171853971270247,-1.7545726132192063,0.33460932969779184,0.0,2,25.71465957975525,42.64863177340658,0,5,0,1
73,0,0,1.2899554059765213,-0.36942713082707745,0.16900130266605198,0.0,2,44.88873335996433,61.686652778286586,0,8,0,1
74,0,1,0.8664342647694093,0.32028972570770065,0.9911224514114515,0.0,2,60.640356564604616,66.43897817424444,0,5,0,1
75,1,0,1.5368775543489601,0.8599574647126159,-0.05143248918240463,0.0,2,62.007104232426585,80.45651318719429,0,10,0,1
76,1,0,1.904649968680322,1.0162189852116787,0.625327946717957,2.4526031459306434,1,63.45434798588969,67.00588000151357,1,3,0,1
77,1,1,0.8913703825962733,0.3982512300954164,0.2689749836479139,0.0,2,75.65318313231109,63.04727240269505,0,4,0,1
78,1,0,2.065945360688925,0.5454648681271707,-0.23109491271504848,0.19658267345442906,1,59.309287619893986,68.45366067881041,1,8,0,1
79,0,0,2.1230466277312336,0.2670943112817378,-0.32293831647526927,0.0,1,50.894067495882595,72.28997077506821,0,10,0,1
80,0,0,2.124195765205112,0.3705865636102362,0.6687117074973814,0.0,2,62.78227269692625,63.4909340144725,0,9,0,1
81,1,1,1.4928532544195203,-0.9833305206381248,0.8613604132126477,0.0,2,35.78596779494114,36.53215946946841,0,0,0,1
82,0,0,1.1137779787515203,0.12951643965174733,-0.18382941937643166,0.0,3,51.73146928319116,56.759228092691416,0,3,0,1
83,0,1,1.7916171435757215,0.6908586943341163,0.0738519892683808,0.6048949484033006,1,59.62691506187414,70.97222424421454,1,4,0,1
84,0,0,0.9525950484378544,-0.5765194349396294,-0.11863043323395114,0.0,2,41.66019218238805,56.62846817157942,0,6,0,1
85,1,1,2.191761392555823,-0.7007417342196618,-0.2827022794859819,0.0,1,40.452815046512136,53.02213175001634,0,4,0,1
86,1,0,1.1083870161810736,-0.42854142301388465,-0.11341518841577042,0.0,2,49.272441066028996,50.232795324320534,0,2,0,1
87,0,1,0.7596359368377306,-2.1244679819271277,1.5183228652856464,0.0,2,22.603619980434807,30.54472508724248,0,2,0,1
88,0,1,1.578183805707564,-0.3752411513632084,0.028216156361981208,0.0,2,44.871454808440646,65.93908994239123,0,8,0,1
89,1,0,2.997137740379834,2.6768471163868504,-0.4179302244970391,9.994432632424097,1,89.15716017740135,99.00206944236696,1,12,0,1
90,1,0,1.4601995667752568,0.4985723369718174,-0.3278964920654158,0.0,3,58.08570542207671,61.82198795513003,0,4,0,1
91,1,0,1.1336846365687183,-1.3690934408041568,-0.36853686134931746,0.0,2,25.981310112887922,39.69445722103936,0,2,0,1
92,0,0,1.7012385495132014,-0.5019923186190228,-0.3975436956796576,0.0,2,43.20716602557375,54.62787322672849,0,4,0,1
93,1,0,1.4355761760158143,0.3382398849063855,-0.18120774555569896,0.0,2,55.13787479571689,56.3068956257413,0,3,0,1
94,1,0,3.5001699786611704,0.06662256274438805,0.10022878072151338,0.0,1,46.918103249869105,60.0398586467723,0,4,0,1
95,0,0,1.161404807111092,-0.7461077139662625,0.7729383717153511,0.0,3,45.26410897675796,48.432385451127615,0,1,0,1
96,0,0,2.656341229776262,0.04943769001239268,1.073751858580426,0.0,1,50.85050600440809,57.554604690880524,0,4,0,1
97,1,1,1.8683429531204636,-0.9295699495982633,0.13908670806161805,0.0,1,37.409249164958496,44.17018906514557,0,4,0,1
98,1,1,1.8042112652104763,0.3253828644340244,-0.2188661544432405,0.0,1,54.8136768734417,67.07585893769388,0,7,0,1
99,1,0,2.647421558734317,-0.11828086432521225,0.9298501428932129,0.0,1,48.846199567142556,56.245523348402614,0,2,0,1
100,1,0,0.7994717188986887,-0.8214588300722543,0.06751059550895114,0.0,2,39.326987017146735,51.74682004323357,0,3,0,1
101,1,1,1.683689805035705,0.7472180423661471,1.0860535513316654,0.30472827943999803,2,62.48360278209499,63.58258762713896,1,5,0,1
102,0,0,1.495035061228325,-0.22246274973007113,0.059565530979400545,0.0,1,46.05088847839584,65.70458777913574,0,6,0,1
103,1,0,1.5090544121840062,-0.2844165167405076,1.311557556118424,0.0,2,44.6408139059855,58.74621427850806,0,5,0,0
104,0,0,0.8804390106383366,-1.430911823706272,0.029468193061752253,0.0,3,27.81150396355548,46.474094308941794,0,5,0,1
105,1,0,1.4348221264948877,1.2481952862167287,0.3740548597244201,2.2995641614008706,2,68.20581808850406,78.15552286708288,1,7,0,1
106,1,0,1.4920169380291872,-0.7009775889314865,0.4050223841366558,0.0,2,34.878970677748676,47.769946318326944,0,2,0,1
107,1,0,1.5375056920449455,0.10645439726338027,0.8595746885027564,0.0,1,52.14342120062591,64.5294495412201,0,7,0,1
108,1,0,1.2983072305269234,1.2045478461568773,0.07026065020696085,1.2221508586285104,2,69.43580609977073,68.21315952974696,1,3,0,1
109,0,0,2.0520853169037863,-0.6736759129298108,-0.3620001768002685,0.0,2,39.4895917872924,52.6010779948818,0,5,0,1
110,0,0,2.237462850958683,0.7895969531261795,0.8685108861646826,0.17506429168134224,2,62.91384957591361,72.45032547705343,1,4,0,1
111,0,1,1.2952639781719957,-0.9563483294124889,0.04402159780065945,0.0,2,30.869753829961013,48.30561530056483,0,5,0,1
112,0,0,1.1733235763035748,-0.8053713154555177,-0.3595221136609174,0.0,2,37.93693721264977,59.20595938979846,0,9,0,1
113,1,1,1.2690821799762766,-0.25857076505562454,0.43108245528293315,0.0,2,46.10868355994643,54.432459778046145,0,5,0,1
114,0,0,0.9015982282155387,0.9230659060762663,0.1872278502199111,0.0,3,80.8097213489639,80.47941694723971,0,10,0,1
115,0,0,2.084702062929965,-0.5505963379086327,1.3371024754181062,0.0,1,43.778925877603086,50.098158939377875,0,2,0,1
116,1,0,0.7473416318355551,-0.9274443922111223,0.20718569203110151,0.0,2,35.780795372885066,51.19382976560149,0,3,0,1
117,0,1,2.1485442525033793,-0.6407430359875742,-0.3069467877616152,0.0,1,40.35098586917273,48.24780343455391,0,2,0,1
118,0,0,1.0256396837816557,0.4254191229922185,-0.018841277832677358,0.0,2,56.30306197048354,61.054406144735296,0,3,0,0
119,0,0,1.6534582916944516,0.5644308070876588,0.10186596599980584,0.0,2,57.739181133759615,58.37723288809986,0,2,0,1
120,1,0,2.6803273924513724,-1.5970006256247815,-0.0646344764757982,0.0,1,24.54006554825544,49.73428478453568,0,8,0,1
121,0,0,1.0951300906735095,1.0656003549734259,-0.3682534853183276,3.3696252466943166,1,67.10472314603189,74.05828528262418,1,8,0,1
122,0,0,2.746040827282174,-0.3565326502274181,1.661157957417002,0.0,1,45.11545985149978,58.6225780099784,0,6,0,1
123,1,0,1.3344435867398219,0.7519911606803052,0.15420845438137107,0.0,2,46.555388831504615,72.25784131051321,0,5,0,1
124,0,0,1.1804596094335131,0.914610733679729,-0.05215626556017027,0.5274345380643106,2,64.0538522019997,71.99331386041561,1,7,0,1
125,1,1,0.9673860562248991,0.6598556078359565,-0.21219455383586944,0.0,2,64.51120285860122,65.3880815003478,0,4,0,1
126,0,0,1.058441085005945,-0.3994823129903065,0.6730180309636977,0.0,2,49.45969493210708,56.402596796872345,0,3,0,1
127,1,0,2.3657566052418133,-0.9311625091618017,-0.42019376601944747,0.0,1,36.0288246677089,43.89202502797189,0,5,0,1
128,1,0,0.9211416487210748,1.6995911783270778,1.3238085049393273,0.41521506740147135,3,75.1315034207338,87.9078482307126,1,11,0,1
129,0,0,2.03401290948445,-0.6295093416104108,-0.25562093065679803,0.0,2,40.27413625209337,54.48192400281743,0,6,0,1
130,1,0,1.9992579838787026,0.5955889013568593,-0.41725801845464383,0.0,2,59.18124023127774,70.26198562110437,0,4,0,1
131,0,0,3.3943145812835143,2.1572724684380393,0.17198125031376776,7.310505677269838,1,81.87659031983831,79.34115534853684,1,4,0,1
132,1,0,2.8602393392564482,0.6690087024094109,0.018778851206514156,0.35731221803167806,1,59.81552445749612,74.54442670587078,1,7,0,1
133,1,1,1.1274073833746312,1.6517533311079464,-0.0829182695141181,2.3615376817877034,2,74.51420486065298,78.74368335578308,1,6,0,1
134,0,0,0.8131197059383999,-0.6045080417390124,0.18845748092310372,0.0,3,40.207865504976304,45.69026154066692,0,3,0,1
135,0,0,2.0122512672361443,-0.26064349880501453,0.1447338573166862,0.0,1,100.0,51.22056553089669,0,2,0,1
136,1,0,0.9873988252268464,0.13105175496137136,1.973828964032513,0.0,3,53.736414941461966,57.75414095946045,0,3,0,1
137,1,0,1.585557580710131,0.8806780787541876,1.5265975818827013,0.4476930817147946,2,64.28139516470394,66.41561306013882,1,5,0,1
138,1,0,1.6031476232524173,-0.5565060661720024,-0.03712769624555283,0.0,2,40.65240656861663,63.09595295722759,0,9,0,1
139,0,1,1.7926562373023454,-0.7417943704656913,-0.09307454121979017,0.0,2,100.0,56.955184797851835,0,6,0,1
140,1,1,1.9575641256636558,-0.7758853524261219,-0.49402767119824714,0.0,2,40.055364852248054,67.28924874751506,0,13,0,1
141,0,0,1.1204355885955772,0.8614757975220894,-0.009966168082918773,0.3704896907839627,2,62.97618167250755,62.793917512054385,1,5,0,1
142,1,0,1.4715098919579015,-0.5396516007177018,-0.10819541436083294,0.0,2,0.0,56.76544329062973,0,6,0,1
143,0,0,1.9838604129770607,0.0350914078211662,0.6762837840230574,0.0,2,50.171196229177255,64.78406146449466,0,7,0,1
144,1,1,0.8059047548866529,0.25243214625880284,-0.23466354925687538,0.0,3,56.69438423167575,67.74341487446873,0,7,0,0
145,0,0,2.6130009076744,1.2111562023772966,-0.11019457682772728,3.132550666062537,1,67.25416259619047,66.71893566065195,1,3,0,1
146,1,1,0.7462169481478125,0.6660573424869535,0.12100793412496826,0.0,3,63.500136698346225,64.91240130450191,0,4,0,0
147,0,0,1.1071181984090812,0.45829224062150414,-0.19825725624794777,0.0,2,57.23855317963697,57.869548028661825,0,5,0,1
148,1,0,1.1553106798009953,0.5787783491210136,0.20850548613946726,0.0,2,61.99952798458654,63.723043873137875,0,4,0,1
149,0,0,0.9011377705053186,-0.6837243195846945,0.4170669874686568,0.0,2,40.4511641963099,54.92679932853256,0,4,0,1
150,1,1,1.9828207257915353,0.0015588839651957877,0.9186339738809469,0.0,2,45.53093294620037,70.06363738315721,0,7,0,1
151,1,0,4.240820024322528,-1.012992622647063,0.03649684647938539,0.0,1,34.79858970595927,46.25994749494047,0,4,0,1
152,0,0,1.2048900400971696,-0.5866426589470443,0.1836546470220156,0.0,2,42.125684592479836,52.31599885601583,0,3,0,1
153,1,1,2.2750543765469478,-0.5227580101149634,-0.7598393332632055,0.0,1,42.15403587679912,49.87196532518697,0,3,0,1
154,1,1,1.5168462074047888,-0.42700212848915575,0.35574279347561055,0.0,2,40.5097068112304,53.98202700649974,0,4,0,1
155,0,0,2.2966105665079697,0.7836799728698908,0.4616471034082306,0.8197661126801103,1,64.24942231952267,69.95131962789283,1,5,0,1
156,0,1,1.8062255365602182,-0.19014842245785274,0.7877201354480513,0.0,2,43.30716103235471,56.85615845292769,0,4,0,1
157,1,1,2.456340302435622,-0.38691394726308936,1.2047192677356309,0.0,1,46.80164660254207,53.607953945839895,0,3,0,1
158,1,1,1.5313088336733636,-1.955561583552295,0.06758614237793016,0.0,2,18.56352034738503,34.67737247293776,0,3,0,1
159,1,1,1.163853353149863,0.36695009274950885,-0.15034184492453154,0.0,3,54.590226473894404,66.50047644444844,0,7,0,1
160,0,1,2.1915779061331557,0.45457967100003593,-0.19975621328237364,0.0,1,56.13780081632144,74.15907484679914,0,7,0,1
161,0,0,0.7893722576092861,-1.495333819494654,1.0995113510548133,0.0,2,28.892137031553197,51.775454954811266,0,7,0,1
162,1,0,0.574613042538302,0.17600807058267554,1.5062418918197562,0.0,2,56.12043531425177,66.25405237016389,0,8,0,1
163,1,0,1.0475470790014263,-1.243848799543701,0.6792036736051059,0.0,3,28.763852055074818,49.1699053130319,0,6,0,1
164,0,0,0.6709582534809769,-0.30678447010486504,0.07236579489868422,0.0,3,45.96947136632376,58.81111377276573,0,4,0,1
165,0,0,1.9038632793906018,-0.3895232719901816,-0.374841893923566,0.0,2,43.90822713782065,50.72570818190858,0,2,0,1
166,0,1,4.027264734532421,-0.48861943330247787,0.9527296912323356,0.0,1,41.56662381850187,55.079167983091544,0,6,0,1
167,1,0,1.4382559186907835,-0.33320715541007534,0.6540499135728708,0.0,2,42.318541850773634,50.464619719434886,0,3,0,1
168,0,0,2.274031537338276,1.4374643154322102,-0.5032513008868719,3.939465311215575,1,74.06398703060347,67.99943085855135,1,6,0,1
169,0,0,0.9537724967551884,-0.7454062389807746,1.4782964188136145,0.0,2,39.256377523855974,50.126961153952806,0,2,0,0
170,0,1,1.2900632449512441,-1.2861148698090272,0.14222096690347868,0.0,2,31.234591160478324,44.546397039721796,0,4,0,0
171,1,1,1.027502857570906,0.0732227983713258,-0.07023145629556529,0.0,2,51.68561756642401,61.66989822128768,0,4,0,1
172,0,1,1.1915469978617457,1.4530080270547,0.009990038043227562,1.554277539812122,2,72.2316947550222,70.54399632454351,1,3,0,1
173,1,0,0.9451533196533658,-0.6260661873755553,1.204822061473423,0.0,2,40.25618546334522,58.93182992842028,0,8,0,1
174,1,0,0.6964840502386158,0.40088852934115593,-0.21277299530269228,0.0,2,55.196685606403975,60.285995359126844,0,6,0,1
175,1,0,4.243840984797708,0.712107977948027,1.233834827055404,0.3276916068472392,1,60.711515464522435,73.24740607161388,1,5,0,1
176,1,1,1.2398304630155914,0.8428273522998334,0.20862879101583642,0.0,2,63.46256983829224,68.43470330121029,0,6,0,1
177,0,1,2.1019945502757347,-0.04390474204793434,0.9788432853537914,0.0,2,48.5735091732574,57.69241062362802,0,4,0,1
178,0,1,1.3734884106513725,-1.1111661103514354,-0.3051930340920646,0.0,3,35.42934119101616,40.67306650261664,0,2,0,1
179,1,1,3.151525387722706,-1.0761553795541339,-0.21616042226647478,0.0,1,34.79319672054414,47.735903866649366,0,4,0,1
180,0,0,1.5592913688688181,0.02204406818187134,-0.6434872303297133,0.0,2,48.20247429813614,62.98323671682942,0,3,0,1
181,0,1,1.4723802844113412,0.11157207154747904,0.011054158655069134,0.0,2,35.79980164140959,57.98542792823963,0,3,0,1
182,0,1,0.698000391198697,-0.02578471990804967,0.3017930027673458,0.0,3,52.47826364145726,64.75862628783779,0,7,0,1
183,0,0,0.926939118185572,0.04245653934035535,-0.24145253188577098,0.0,2,49.8667427588037,65.38025308128869,0,6,0,1
184,1,0,0.3303424832022634,1.9105317189878124,0.2950622571274767,0.8593778062624192,3,100.0,78.8280161811401,1,4,0,1
185,1,0,2.9365150536949822,-1.287201274748775,-0.30641150240753584,0.0,1,31.183654411293325,54.858996909416334,0,9,0,1
186,1,0,1.4781664145069708,1.7720098760530203,0.278170910999097,3.135029309623032,2,78.40764560904077,71.3002529839389,1,2,0,1
187,1,1,1.6238143410369041,-0.14794065582654703,0.7864369022915115,0.0,2,47.65658191924259,60.26806912308638,0,2,0,1
188,1,1,1.672438625892386,-0.42715034060608975,-0.2728056914426735,0.0,2,44.91783826599587,45.33395188266208,0,2,0,1
189,1,1,2.101508829667602,1.1296013833385687,1.1714637022236547,1.3550800053463707,1,65.92144803213566,66.07790939605233,1,6,0,1
190,1,0,3.94803130127315,2.0218674620029957,0.8471865623127639,6.3275031618012205,1,80.45620143138501,78.17305222259233,1,4,0,1
191,0,1,1.2879125633452682,-0.34906880093283066,0.34907806746813075,0.0,2,60.90055663963997,52.311793360178825,0,3,0,1
192,0,0,2.409721694888854,1.5222155179119237,-0.0072368505065267,6.1059362609742,1,73.45801646096106,73.33787931669953,1,4,0,1
193,0,0,2.727372411125621,-0.011933349415762774,0.1187274285325178,0.0,1,48.63385741839227,57.088979682686684,0,6,0,1
194,0,0,1.8289391829731936,0.3980350160248632,-0.12522252329255731,0.0,2,55.59782377429318,61.71854627540752,0,3,0,1
195,0,0,0.7223088966076459,-0.9345225583997148,0.6167244257920725,0.0,3,37.561845437066616,49.8679243456944,0,5,0,1
196,0,1,1.9673008667377412,-1.5736028550227221,-0.011119751922351626,0.0,1,26.202176602385613,37.86444605565889,0,2,0,0
197,1,0,0.9796083836472412,-0.6733221251708823,1.237222646564104,0.0,3,39.523346992903456,55.946754435864925,0,5,0,1
198,1,1,0.8966312848680433,-0.15743261840070696,-0.37435765318617004,0.0,3,48.09569806345213,49.09028995110659,0,2,0,1
199,1,1,1.2689448711836766,0.007217908383534033,0.19813118617142345,0.0,2,55.54649115756858,60.927059893767236,0,5,0,1
200,1,1,2.4455266680081613,-1.6043756470942776,0.5966257226374544,0.0,1,24.43778873371551,49.92377684871185,0,7,0,1
201,0,0,0.664094393371993,0.8545349243815512,0.575462800594544,0.0,3,64.4049715618078,56.39573100118685,0,2,0,1
202,0,0,2.0912077216102656,-0.6844820253150806,-0.3191917387082222,0.0,2,40.2764157966269,59.957531174546226,0,9,0,1
203,1,0,0.6763876298382551,0.7349851889093088,0.5348019508511576,0.0,3,63.370342740129715,63.39809459793823,0,4,0,1
204,1,0,1.7944390997190773,-0.022771539514654514,-0.6805008754462933,0.0,2,50.28066495955204,57.51506504920045,0,5,0,1
205,1,1,1.1452685727811567,0.6628884643689691,-0.07259498523315656,0.0,2,62.901251274995744,73.51759196298799,0,9,0,1
206,1,0,1.4955164871454314,-1.2668293679760065,-0.514191410549332,0.0,2,21.35706154711479,46.30317750723697,0,5,0,1
207,0,1,3.0014324805999077,-2.0173866473864415,-0.1728955080443602,0.0,1,20.050580936364067,30.60773078278624,0,3,0,1
208,1,0,1.5377536515268344,0.5689886277882047,0.1375384317089221,0.0,2,58.459187252361716,69.34265276202548,0,6,0,1
209,1,1,0.5531216511101525,0.6295413179902151,0.08887655884651093,0.0,3,58.77827988276477,68.28198909255029,0,6,0,0
210,0,0,0.46788744272794675,1.770897718672689,-0.3320783676666322,0.6937425750437428,3,76.35806830942315,82.87179358842972,1,3,0,1
211,1,1,1.1832068604545514,-1.2500063391907736,0.24171020808640287,0.0,2,26.84768470079059,49.901173185631464,0,7,0,1
212,0,1,1.736617037976464,1.0645161526112146,0.1333080949991156,0.5452998214678105,2,56.00753242407054,69.23527768910517,1,5,0,1
213,0,0,3.425022901037686,-1.2273798341289706,0.29635853563098763,0.0,1,31.925561218145557,46.14255740628217,0,3,0,1
214,0,1,1.9473473281265006,-0.579911946841043,-0.3943977503514019,0.0,2,40.653560346038375,64.14411315472294,0,9,0,1
215,1,0,3.0940533295858783,1.9370302749443842,-0.5759074077955973,6.092232446766291,1,79.74492248243084,79.74947686649178,1,6,0,1
216,1,0,0.8936586964540095,-1.9423781788872783,0.017535537403583802,0.0,2,19.430342205783358,38.80204973354876,0,4,0,1
217,1,0,1.4111413311449548,0.042115343847946934,0.20016797371603617,0.0,2,48.50518401624174,68.92701481371792,0,9,0,1
218,0,0,1.6210756237559358,-1.1828762640778268,-0.3902566572872824,0.0,2,39.35972113378892,49.19190752297426,0,5,0,1
219,1,0,1.7917971644132091,0.4224924489995034,0.2715908525073558,0.0,1,66.2450477733411,70.36450626167415,0,8,0,1
220,0,0,1.5805184365493312,-0.672339691294878,-0.24520119200971444,0.0,2,39.69776945055111,48.78001660722825,0,4,0,1
221,1,1,2.4104699624241306,1.0258285853995939,0.3595710687851058,1.3361970904706282,1,66.46471950429338,69.31030059061852,1,3,0,1
222,0,0,1.7711690586023725,-1.5973102585309964,0.5604677139674332,0.0,2,28.118312722701575,44.44205862617339,0,6,0,1
223,1,0,2.7751814365855094,-0.8860561620715662,-0.004891400567333502,0.0,1,36.65714926265498,39.6286519847031,0,3,0,1
224,0,0,4.4983837842494205,0.13741345442895164,-0.44756204886641576,0.0,1,52.40140613657995,51.09759158238636,0,0,0,1
225,0,0,1.5814262796129253,-0.17741463795489165,1.601980959132738,0.0,2,47.467620857703785,55.8252466908565,0,7,0,0
226,1,0,1.7890948239922433,0.052289042175751546,0.30807645957353386,0.0,2,52.323050786883314,55.892581765389,0,2,0,1
227,0,1,0.609257372928042,-0.9298740194680394,0.36317507890299117,0.0,3,41.8159474541945,51.11455200256691,0,7,0,1
228,1,1,1.6621794152089333,-0.5088082184010538,-0.22770995997085672,0.0,1,42.980980384404305,47.57014068637671,0,2,0,1
229,1,0,1.4409379149916621,0.9622485088123774,-0.2491944069651411,1.8278929849553116,1,64.52183621612723,69.00132161540965,1,5,0,1
230,0,0,1.8710301391476658,0.2589725118034663,0.2104900439630834,0.0,2,43.09963664852263,72.5622619222195,0,10,0,1
231,1,1,2.560501019986724,0.7524942543560477,0.11505743609553531,0.5131754020626267,1,59.98283798969798,66.27340853536246,1,4,0,1
232,0,0,1.761146498395098,0.2322894188821238,0.008899616909282185,0.0,2,54.01095052546647,59.02931442351598,0,4,0,1
233,0,0,2.7770977687480993,0.5783658065475208,0.06851345578148876,0.5309418395365537,1,57.18124821435156,73.55685024299784,1,4,0,1
234,0,0,1.2286780644315203,0.5959987981172767,-0.28680528677000616,0.0,2,59.90006216568672,63.12948904736201,0,6,0,1
235,1,0,2.023246862574617,1.0881648797464776,0.09926741999441908,2.7476686566631985,1,66.66841110248055,74.97889216046107,1,8,0,1
236,0,1,2.446866786987268,-1.7107396079718653,0.060209875607594,0.0,1,23.016056624084523,42.89061718339829,0,4,0,1
237,1,0,1.8627513923660253,-0.09430392194672178,0.07256063178746033,0.0,2,36.25448086045684,56.086997838464306,0,3,0,1
238,1,0,1.6251010818760339,0.4709802602880575,0.39670904888704517,0.0,2,56.168033553126534,61.48487965966511,0,4,0,1
239,0,0,1.0870710680076565,-0.8098502078250296,-0.605955349174802,0.0,3,39.546104750425165,44.596315531182725,0,4,0,1
240,1,1,1.1860038901302465,-1.5891162178755809,0.014653819830600925,0.0,3,62.90241714739153,38.03827714313684,0,5,0,1
241,1,1,1.2685692550369283,-0.4375549327385507,1.053096356433746,0.0,2,46.55441815785741,71.15072243467337,0,10,0,1
242,1,1,0.7854460660351863,0.5113765658729752,1.1763929759100449,0.0,2,57.349748160137054,55.97313377364942,0,3,0,0
243,1,0,1.3611098802764219,0.17255683758563167,-0.30869557846431744,0.0,2,46.99199720304235,66.54162711998583,0,6,0,1
244,1,1,1.6524960553016692,-1.204656837304233,1.1072765794652202,0.0,2,32.90093134158443,53.497913837148715,0,6,0,1
245,0,0,1.1116405879752809,-0.1224853347239827,0.716206995108373,0.0,2,47.78840473369401,53.06284344580032,0,3,0,0
246,1,0,0.5992418110381371,0.07718597869076427,0.048231231716314264,0.0,3,52.09552535269747,69.139297753566,0,5,0,1
247,1,0,1.724328458556342,0.8861734181617263,0.49033721909954175,0.3087419042145093,2,63.59289148714374,67.46296651085747,1,6,0,1
248,0,0,1.333915050329193,-0.1567180322753605,2.763183636562648,0.0,2,47.175239624569095,58.851524929874245,0,5,0,1
249,0,1,2.3673203224293164,0.16830399793956016,-0.5159397315798746,0.0,1,54.74152366093586,62.553914487382855,0,4,0,1
250,0,0,1.6333427326696937,0.4675527752236451,0.6949657911108682,0.0,2,59.434943330354265,67.92202643681661,0,6,0,1
251,0,0,2.0779951184480763,-2.503054710068588,0.3477008734119779,0.0,2,12.013389909492291,32.41706409801371,0,5,0,1
252,1,0,1.6868000263836458,-0.6692874245789621,0.7254418010270351,0.0,2,39.982267290615304,51.89118859241375,0,4,0,1
253,1,0,1.1370417133539894,0.16107674341287964,-0.15415975299171228,0.0,2,51.49673438072844,58.57546913871511,0,3,0,1
254,1,0,2.44419467570813,-0.3099564820396451,0.1315951832358322,0.0,1,44.49205224969582,55.18003421049075,0,4,0,1
255,1,1,0.8380913632970776,1.2751181072671829,-0.5915110451187228,0.0,3,64.46103347424591,78.91143193712162,0,8,0,1
256,0,0,2.8498539399981944,-0.5407529748385107,-0.2978848675338767,0.0,1,41.61635319822046,54.1327666904259,0,4,0,1
257,1,0,0.7566360907986883,-1.1460476996607938,0.5319650234344988,0.0,3,32.20676775870923,42.42892424110188,0,3,0,1
258,0,0,1.870648700284811,0.8373002916879471,0.14129730701495838,1.091594328555536,1,59.94317997938372,70.23227691344178,1,6,0,1
259,0,1,2.166268343092623,0.5201928533125345,-0.2700650163683765,0.0,2,57.84082017122341,65.7678868238623,0,6,0,1
260,0,0,1.5109995225549802,-0.38339153676519183,0.8410462555942622,0.0,2,44.8190524163414,58.386368012555074,0,6,0,1
261,0,1,1.206599249275567,0.6991639606052504,0.5016421494939407,0.0,2,96.3759700754244,72.08527870586313,0,6,0,1
262,0,0,0.9634090915978071,1.296739351995589,1.0174112503202806,0.0,3,68.1315971366343,77.4700478885094,0,6,0,1
263,0,0,1.1661435963416231,-0.6921178947366143,-0.5122833367008373,0.0,3,40.23012566822222,46.532185033189045,0,2,0,1
264,1,0,1.0928008935075457,-3.0149636219475724,-0.36886983888841196,0.0,2,0.7521618872282865,35.25121547641411,0,7,0,1
265,1,0,1.6082271046112804,0.7911013983445737,0.4230593944524893,0.913070816102046,1,54.80377367396956,53.09963286299622,1,0,0,1
266,1,1,1.4149744595309852,-1.5664731618403624,0.17433686566215315,0.0,2,26.132479312502774,37.86303486703636,0,2,0,1
267,1,0,1.287375197031679,0.8803147123507941,0.5462161573284416,0.0,3,67.74506542538067,66.7094487893681,0,3,0,1
268,0,0,1.149382742888786,-0.708906993813117,0.3934456105797985,0.0,2,35.79159868053955,62.565133280829095,0,8,0,1
269,1,0,2.491393674197911,0.5522630297796853,0.7259544348277633,0.0,2,57.8263695178149,55.71332241378023,0,6,0,1
270,0,0,1.651087126455938,-0.6605544372463219,0.3122060032505649,0.0,2,40.3421485263924,51.190159807296006,0,4,0,1
271,0,0,0.8690908638479619,0.995686252133484,0.4337805770522219,0.0,3,64.11097610399182,70.95148405349315,0,5,0,1
272,0,0,0.7284650992585956,0.8872645834814211,-0.36419931789180976,0.1292559965875409,2,66.85476898865868,64.40730615435847,1,2,0,1
273,1,1,4.907216342233623,-0.1671885759325882,-0.6209537584047276,0.0,1,39.58061091000867,56.67390560162184,0,4,0,1
274,1,1,1.2544034041555767,-0.09602076622826153,0.5715420550252439,0.0,3,51.03231719200347,59.46340810617702,0,7,0,1
275,0,1,2.4614124974219806,1.2383155112258921,0.22257111914019506,3.0043912689187953,1,70.7412897878417,72.66766161085029,1,5,0,1
276,1,1,1.8828434811930503,1.0271074449828754,-0.43732998901182935,0.29528748022158285,2,66.27795849664264,67.69669536849334,1,4,0,1
277,1,0,2.0066674072774355,-0.2497468205089478,-0.17052450948566966,0.0,2,37.46532264440957,61.14480909817268,0,7,0,1
278,1,0,1.0008733741061788,-0.2946039203858349,-0.0865609338801116,0.0,3,45.37052714103537,53.19827513404785,0,3,0,1
279,1,0,1.803195999814039,1.4406759562117073,0.522102676885959,2.0114295060389873,2,70.6054258827589,79.56952361377161,1,7,0,1
280,0,0,0.9254771988807696,0.6148484323521193,0.5612903889188452,0.0,2,48.295000651621336,62.112205101287074,0,4,0,1
281,1,0,2.590806290597252,0.31078888623061035,1.1601940531687742,0.0,1,54.07987630877268,58.7346688640834,0,0,0,1
282,0,1,1.510376378195511,1.7316605550080315,0.5902850838320974,2.7452559768876807,2,79.16615394383068,75.8164417210645,1,6,0,1
283,1,1,1.5266971155436597,0.6152547896187338,0.32707537276610305,0.0,2,63.88010531489005,68.28946574451406,0,5,0,1
284,1,1,1.1533197969242632,-0.1409150469007238,0.7916018546890796,0.0,3,43.49422618812607,59.65028573735684,0,5,0,1
285,1,0,2.0805066950862003,0.38856549235004606,0.1538767324916536,0.0,1,56.178868927683794,61.65836530139716,0,4,0,1
286,1,0,1.06723454268827,-0.936074421368228,0.3107974138002775,0.0,3,36.26822080172759,47.269955065468494,0,3,0,1
287,0,0,1.1206754810865935,0.12186872873332706,-0.5150548362171453,0.0,2,52.926249281052584,57.18989792798407,0,4,0,1
288,0,0,2.2435775800543265,-0.746717819872289,-0.19239109976362928,0.0,1,37.60442581632553,44.52293827673119,0,2,0,1
289,1,0,3.3863588434121508,-0.7867743610951,-0.17512247581479382,0.0,1,39.84715378372637,47.29824414841258,0,2,0,1
290,0,1,1.62337050619325,1.1131673441162193,-0.3250471201465623,2.286890684963919,1,67.37899505211608,74.40456897545221,1,7,0,1
291,0,0,2.2447612049500667,0.055739427602372466,0.5856090109500973,0.0,1,47.26802615864334,53.9061613922381,0,4,0,1
292,1,0,1.0605176357026445,-0.5357157810872573,-0.0348824727267177,0.0,3,47.59566853972875,52.590375669480544,0,4,0,1
293,0,0,2.2608391654702995,-0.12900535824716636,1.233438090877416,0.0,1,34.50188093282402,51.215400053363346,0,1,0,0
294,1,0,1.2045663250160015,0.19474343506766298,1.7187111365532457,0.0,2,52.50184266800004,82.38546892275474,0,12,0,1
295,1,0,0.9848276911722784,-0.3624486989981901,1.0885879683430526,0.0,3,45.087536745832864,48.98166773243788,0,2,0,1
296,0,0,3.061914768489025,1.0722678908103054,0.5577822159928614,1.9422361043462615,1,67.1154748988795,73.5500002903128,1,6,0,1
297,1,0,0.9662303207337122,-0.00852275335866366,0.20762686138332773,0.0,2,50.45572725329264,60.67124776089451,0,5,0,1
298,1,1,1.0747004064915782,-0.6111567192571865,0.05815884096692956,0.0,2,42.21932527002359,58.63482102980207,0,6,0,1
299,1,0,1.2508309230594217,-1.55514253035178,0.4516724117260007,0.0,3,26.922981513178552,39.95650660218503,0,3,0,1
300,0,0,2.3281766578290073,1.33902082753776,0.37088257267518193,3.528354754892981,1,69.55543263830651,75.01029021068013,1,9,0,1
301,0,1,1.5085569582272935,-0.10168374340187528,-0.057677693655736405,0.0,1,49.438564232999546,63.613446542756215,0,7,0,1
302,1,1,1.444877391016471,1.2755790191701442,0.304797654993142,0.0,3,79.58207516939272,69.29489207013212,0,3,0,1
303,0,0,1.0124842729115855,-0.5390023088185645,0.12695582490833326,0.0,3,46.62533641527365,58.365869404671216,0,7,0,0
304,1,0,1.9689561412431442,-0.17788425899261237,-0.5164599053680387,0.0,1,46.836501879621416,62.53853591490663,0,8,0,1
305,1,0,1.0285346357041862,0.539698429419466,0.9298577984292594,0.0,2,58.05074134856755,74.06860487904869,0,8,0,1
306,0,0,2.097620320289578,-1.4069656890722284,0.2598067470817672,0.0,1,28.72627849888788,35.309471683426665,0,4,0,1
307,0,0,2.144717750603749,-0.8878396747792607,-0.026469311613927016,0.0,1,35.74702830574765,50.11063120127892,0,2,0,0
308,1,0,1.6266126083187347,0.18688640750665395,-0.305284507940089,0.0,3,52.04889199607464,54.21116765957838,0,3,0,1
309,0,1,2.2378845757489,0.15073307977437553,-0.1446588195847238,0.0,1,51.55486923091816,56.91908060639221,0,3,0,1
310,0,1,1.1112225615463638,-2.593394331202978,0.28566573906400183,0.0,2,29.310233522626564,33.12973075419146,0,3,0,0
311,1,0,1.9251696576027661,-1.3155623616841827,-0.12371477376847338,0.0,1,29.169565028840925,43.807770417950536,0,2,0,1
312,1,0,1.7810886930030296,0.5462117946098418,0.36382669052659306,0.0,2,58.11732680894554,63.08367097413541,0,7,0,1
313,0,1,0.7184266456413505,-0.15963607612190187,0.9957142851102856,0.0,2,45.6241441652376,58.37329386201842,0,2,0,1
314,1,0,1.055087496497507,-0.5020824229482626,-0.29671098951067987,0.0,2,41.28801007561877,63.669644351668765,0,3,0,1
315,0,1,1.201099665251111,0.5955209120472748,0.3913375927066904,0.0,2,56.36844277343125,63.941984759336215,0,4,0,1
316,1,0,2.0680201869031185,0.7942068548949915,0.46419669222438814,0.05291017923423946,1,61.47136029280715,80.71260595848968,1,10,0,1
317,1,0,1.65523189767971,0.09949294725915868,-0.11610745388804586,0.0,2,51.0106006856538,53.74178742920593,0,2,0,1
318,0,0,1.5387899201919972,-0.8374981669573422,-0.4532372145415432,0.0,2,32.77013015412977,42.290699797006454,0,2,0,1
319,0,1,2.6688421870514087,0.31840721671235866,0.43054945874674183,0.0,1,56.557079125848595,60.16790302123893,0,5,0,1
320,0,0,1.9183484738643126,-0.8616355673652953,-0.018897049285315364,0.0,2,37.164023179644076,42.43864688060821,0,1,0,1
321,0,0,2.0514235268766265,-1.209562686436537,0.3593589310508137,0.0,1,30.93223286373972,48.897435238590724,0,5,0,1
322,1,0,1.2995833813501543,0.4291084329001239,-0.7034644688509998,0.0,3,53.392689992181985,64.97383668496825,0,6,0,1
323,1,1,1.1869942990576303,1.925051835020308,0.06597883693996273,3.1574634908551515,2,78.92583958779369,73.723854661931,1,2,0,1
324,0,0,1.7761464335494666,1.691991267424296,0.029937029577256413,1.7169782015700181,2,74.84871352972743,80.44736282641988,1,7,0,1
325,0,0,1.5117473750347652,-1.0211119733255678,-0.3482020470549338,0.0,2,33.819961375606816,44.46476561842155,0,2,0,1
326,0,0,2.5963434645933017,0.7243052000435565,0.08408959716013725,0.5916052472925116,1,62.658642217017835,66.82459401832322,1,8,0,1
327,1,1,1.9184340896412955,1.220499037465428,0.6973637574481031,1.842413771268487,2,67.82057493780513,75.30622395456011,1,8,0,1
328,0,1,3.367893776379665,0.48563387754577436,0.20038478261846135,0.6258775443630668,1,61.4727460834947,66.19306667798624,1,6,0,1
329,0,0,1.5299127497916751,0.20242731141967624,0.021555988268477877,0.0,2,52.0000460932771,55.044436330654044,0,1,0,1
330,1,0,1.9004213776369179,0.11892099800624906,0.44599394319673774,0.0,2,52.80138118992337,59.61293756997021,0,4,0,1
331,1,1,1.5757008920816862,0.7792506124934893,0.20486642784909653,1.0567126093598247,1,60.55742495396093,68.29068113238002,1,6,0,1
332,1,0,1.7346340417515906,-0.590431308089559,-0.1845311508448957,0.0,2,43.91235942901571,53.81093129114933,0,6,0,1
333,1,0,0.8627371714400903,-0.2215629417048439,-0.21318755009093418,0.0,3,46.26198947621878,64.23397935757846,0,6,0,1
334,0,0,1.5451213513460362,0.38837643244185543,-0.18783611702158018,0.0,2,55.95937759197436,70.22665748628992,0,9,0,1
335,0,0,1.3013547177363776,-1.267542064167907,0.4271747442839117,0.0,2,33.63701607889105,53.64793507829123,0,9,0,1
336,1,0,1.3707838181016936,-0.42349643629291783,0.03468522840767596,0.0,3,47.637807204362836,56.91963736102032,0,6,0,1
337,1,0,1.0050779662059346,-1.0345330955105236,-0.5467245909314534,0.0,3,19.448654098396098,43.6374039096006,0,3,0,1
338,0,0,1.5151158803050775,-0.5517221060880333,0.8968233512924878,0.0,2,41.72750889736867,55.09019460136104,0,5,0,1
339,1,0,0.7296824987196203,0.9577700958050798,-0.5864479280270288,0.0,3,63.73566237944158,67.34704003973971,0,2,0,1
340,0,0,2.6240369547420186,1.0981305075671433,-0.6771679394189717,2.9244500387251753,1,65.20112130098171,78.66235796591076,1,7,0,1
341,0,0,1.4546233779544835,0.6028783748636067,-0.6206118590587754,0.0,2,59.64037061688026,60.70945503195909,0,1,0,1
342,1,0,0.9983004199415995,-0.042477759843297866,0.13054160914259824,0.0,2,48.575159920044584,57.22366124500269,0,3,0,1
343,0,0,1.2703470794860945,-1.2747115448483515,-0.2800066906619311,0.0,2,30.488130300855634,54.76812038326,0,9,0,1
344,1,0,2.0549534920269403,1.104620263212936,-0.15862065687379043,1.5330800820102501,2,66.15514347590279,63.74491727317263,1,7,0,1
345,0,0,2.551746382057333,-1.6314732393015055,-0.2859500433126838,0.0,1,25.48327795708629,53.25711837925034,0,9,0,1
346,0,1,1.3368542731766915,-3.1005843319395563,-0.46624732547825953,0.0,2,3.532055298908182,31.6774801582553,0,5,0,1
347,1,1,1.2139949566796084,-2.86818142749681,0.36534486124348137,0.0,2,8.980192671999722,25.248525755655315,0,5,0,1
348,1,0,1.2553302136050348,-0.8256019016904356,-0.4992972612702403,0.0,2,34.15464057550002,53.35326836049222,0,3,0,1
349,1,0,0.727453284606494,0.6388681683718185,0.6732355017605496,0.0,3,61.028254566958665,64.68853189206497,0,3,0,1
350,1,0,0.6214881040624917,0.4817077912639378,-0.6249515622136254,0.0,2,60.12670741706874,60.01661352060989,0,2,0,1
351,1,1,1.4305564453828485,0.8427739260531296,-0.46168547251564596,0.0,2,66.25427864648648,61.984044394242005,0,7,0,1
352,0,0,1.4262538508330134,-0.07715215113694344,-0.42686317588454203,0.0,2,49.086108263285944,63.408782003468794,0,7,0,1
353,0,0,2.173104699882161,-1.0506029996478814,-0.23645679082043053,0.0,2,35.005198848123285,43.223754501087996,0,2,0,0
354,1,0,1.1158240710878449,0.4181635778544125,-0.268107757297599,0.0,2,59.73514573240461,64.04529059683661,0,5,0,1
355,0,1,1.9500602551317292,0.23809230333584777,-0.613013603564237,0.0,2,84.83438336882227,72.29976765685863,0,9,0,1
356,1,0,2.5137697473120926,0.11669023289083226,-0.003289728882363194,0.0,1,51.238944100636225,60.84110374819538,0,5,0,1
357,1,1,1.3595183869954113,0.16559609935932804,1.6156442982637027,0.0,2,51.556302150564804,62.42841524854308,0,4,0,1
358,0,1,0.8460711894396475,0.4670575705024117,-0.09199599940820831,0.0,2,58.6315217927025,54.042698615966415,0,7,0,1
359,0,0,1.6475152055284334,1.2173942818133119,2.1152054649413645,0.8037130531718171,2,70.66797702936915,73.20323011924035,1,5,0,1
360,0,0,0.6942887211028618,-0.31211009152066055,1.0261375979893763,0.0,3,46.012093974896715,53.97240050683304,0,4,0,1
361,1,0,2.423047374528337,1.3880815361189947,-0.34936163429008804,3.7976995114329495,1,70.41639254915097,67.20279730907687,1,2,0,1
362,0,0,2.2603035794354147,0.008105671804741598,0.11311085652675082,0.0,2,48.031247519032256,68.35218738726842,0,8,0,1
363,0,0,0.9669331678042125,-0.8626685581128815,-0.3063858432212912,0.0,3,38.98423091287543,50.0008374486753,0,7,0,1
364,0,1,1.7676733009807575,-0.2412279149816,1.756249968976289,0.0,2,46.709003986770384,57.206159784436515,0,5,0,1
365,1,0,1.1771614204033571,0.6410369354828164,-0.040868166116867846,0.0,3,56.480477467860915,66.05792344233814,0,4,0,1
366,0,0,1.1239296790678306,1.594061217386861,-0.8053821401224852,2.4920531469065828,2,75.47621788975535,74.57209104542493,1,4,0,1
367,0,0,3.10865976889565,0.44258942609088614,0.5674655735045847,0.0,1,56.84829115830318,75.21886051138938,0,12,0,0
368,0,0,1.6060972352879386,-1.2039147333544025,-0.0877191208828761,0.0,2,32.83217959625916,44.82321379352241,0,4,0,1
369,1,0,2.4587890392974727,-0.39954897360437913,2.601461020374589,0.0,1,0.0,55.705781918713704,0,4,0,0
370,0,0,1.9364024170942684,2.358695227549923,0.05546948612668172,7.546601709485876,1,85.23950948973318,87.70508793666048,1,6,0,1
371,0,0,2.1710760400732427,0.4937107925168321,-0.14158803429928205,0.4661441871728432,1,57.75087090514196,60.05644662194122,1,1,0,1
372,1,1,1.8000589070960724,0.6110363034601142,0.14167996883420872,0.0,2,58.695423095260004,69.21142047315227,0,6,0,1
373,1,1,2.54994188386602,0.5981351404009975,0.17963172430992677,0.0,1,58.26541385362565,58.58062215462316,0,2,0,1
374,0,0,0.5473318629288495,0.2787066284270459,0.29193049540119775,0.0,3,0.0,60.02485365716468,0,4,0,0
375,1,0,2.0490401927568085,1.3451610438033608,2.14515737538389,1.734926337334619,2,56.80015818332008,70.87654705101255,1,4,0,1
376,1,0,0.9489484959051823,-1.028415223312083,-0.021894804984472445,0.0,3,31.44217409829419,57.875917954932945,0,9,0,1
377,1,0,2.3464582535799816,0.5863788727571329,1.430320416412919,0.0,1,58.64739286993329,62.78241909484826,0,6,0,1
378,1,1,1.1568650922536377,-0.23170583172696915,-0.24578120652482938,0.0,2,41.84939230491783,55.15505374633625,0,4,0,0
379,0,1,1.7939767878172548,0.6821968235750405,0.08720607734397999,0.0,2,61.056586259266155,67.8223580718783,0,4,0,1
380,0,1,1.466908254503737,0.1662044111953379,0.7505441967036005,0.0,2,54.954789228718056,55.54961937628883,0,1,0,1
381,1,1,2.732990762815054,0.3761334012472499,0.0680291129229588,0.0,1,53.41787701603378,65.84569220588487,0,6,0,1
382,1,0,0.750565242634671,0.7740018837275161,1.2644963580659534,0.0,3,61.65769542611714,71.73056148576103,0,6,0,1
383,1,1,0.6751605922325046,1.0971402894550428,0.39530203769454486,0.9698804574187226,2,67.53520092041938,63.34560680380463,1,4,0,0
384,0,0,3.6205520009984884,-1.9501912948208706,1.2813049705730661,0.0,1,21.204937356382583,47.98635700672796,0,7,0,1
385,0,0,1.3589245483352703,-1.0428450540198486,0.3493303226699817,0.0,3,33.46264631281894,45.593353892665576,0,4,0,0
386,1,0,3.750512862271003,0.02474138165386217,0.06471657385198393,0.0,1,50.77634489338389,63.64259430494857,0,6,0,1
387,0,1,1.8927899053810708,-0.2774889728032477,0.5781069473577802,0.0,2,45.911752308927724,59.93750486497392,0,6,0,0
388,0,0,2.873929540925064,1.2026608565672234,0.21411014641599196,2.74177531287002,1,67.49824547646148,64.92539314597705,1,2,0,1
389,0,1,1.4785472688086172,-0.6996806740394853,-0.1315703695600234,0.0,2,38.33663031657765,50.187333581666536,0,5,0,1
390,0,0,0.5365375876602249,0.038099857035540675,0.4497170944751642,0.0,3,50.24626287629604,65.06159800527455,0,7,0,1
391,1,0,0.7466633744912397,-1.599172152911128,0.3777228487608236,0.0,2,28.419809937331305,53.65455468357357,0,8,0,1
392,1,1,2.0510467885199652,-0.18436607120300905,0.6591138566842645,0.0,1,46.97916621156659,51.200131409781754,0,3,0,1
393,0,1,2.465445903061827,0.1840747756127982,-0.20343545629148974,0.0,1,53.37717267467474,67.58807094367019,0,5,0,1
394,1,0,1.150517651700943,-0.5017100634331801,-0.8577457154627416,0.0,2,46.97611379056824,64.1980581071629,0,7,0,1
395,0,0,4.571642066960908,1.1225665655688908,0.32129911042739223,2.62943443923738,1,79.17468395053622,67.86504179321308,1,4,0,1
396,0,0,2.1306676658113206,0.45198898360699497,0.7615645528280658,0.0,1,56.85872652427302,62.17784441707286,0,4,0,1
397,0,0,2.47786666904307,1.02234524951518,1.22346710393037,2.4085431325977007,1,66.13273947645843,61.72451342951595,1,2,0,1
398,1,1,1.9082413204742679,-0.05663554841130167,-0.23556367763729108,0.0,2,26.486369156393472,54.91889927121932,0,4,0,1
399,1,1,1.6321608789827753,2.3337152248671176,2.0741868172506788,5.025868414936456,2,83.80213058294076,82.82880906701254,1,4,0,1
400,1,0,0.8161061614582507,-0.1761914838888433,0.5195956964624447,0.0,3,48.136686863882964,51.958966775682285,0,4,0,1
401,1,1,1.3061566600227599,-2.3471761727742675,0.9053545303589112,0.0,3,15.762924644758654,35.04555100511471,0,4,0,0
402,0,0,0.7400419226461268,0.7532515285673851,0.5278170797632127,0.0,3,57.07812851011994,68.3938481843561,0,6,0,1
403,0,0,1.0571800374913642,-1.1284288870766814,0.48120438887052963,0.0,3,38.14158164536835,50.90765733634582,0,5,0,1
404,1,0,1.4416940490642338,-0.4399991661933204,0.396525514371928,0.0,3,43.85500381632033,56.08649309242782,0,7,0,1
405,1,1,1.4933800974298617,-0.31820476603042797,0.9772554774725797,0.0,2,41.126292800254284,52.429483194271704,0,4,0,1
406,0,1,9.484884163197734,-0.898091113168375,0.15386222917937542,0.0,1,39.20873359752684,47.55723808308825,0,5,0,1
407,0,0,0.8525862110384174,-0.17928166825373712,-0.04551347190513593,0.0,3,46.75547379039232,57.8319732037487,0,5,0,1
408,0,0,2.298286522673038,1.252218598053246,-0.3343853294933274,2.079681896105688,1,69.18133810494308,71.58737646147814,1,7,0,1
409,0,1,1.1971768113186543,0.6989980486880384,0.9022156442519111,0.0,3,46.03736046460438,69.73516456491753,0,6,0,1
410,0,0,0.855471233746285,1.47992128971485,0.2254486700913449,0.16315791276483088,3,73.0219472102305,79.57338900001733,1,6,0,1
411,1,0,1.9580762472785922,1.2863670129847342,1.4806480301514011,1.7320458403730348,2,70.84500504169542,78.25136603542789,1,6,0,1
412,0,0,4.971829623792578,1.768629540135905,-0.49730280970558277,4.875000180117527,1,77.0266791253596,78.0458669821526,1,5,0,1
413,0,1,2.3326671400304932,0.09477988635511957,1.4706172243558449,0.0,1,50.40674581585004,61.2304439315481,0,5,0,1
414,0,0,3.5185281795021983,-2.07287405839394,0.03556547349723056,0.0,1,19.1724144073307,37.99885576512419,0,4,0,0
415,0,0,1.8156541843853236,0.5002537781592128,1.8008872506906932,0.0,2,57.30654918461701,69.93026509173335,0,6,0,1
416,0,1,1.3305764177404793,-1.350601554834858,0.43913956564439954,0.0,2,32.311053247658855,57.63314198066035,0,12,0,1
417,1,0,3.634610250435218,-0.8891500015901513,0.33191362612151576,0.0,1,37.82697574322407,55.217999798512956,0,6,0,1
418,1,0,1.8219481145886163,-1.537727690574295,-0.4459164776608869,0.0,2,29.452039346782968,50.355255021739744,0,7,0,1
419,1,1,2.521779609905362,0.3981350128005292,0.8191978073871994,0.0,1,57.127528097968,55.05624973187806,0,2,0,0
420,1,0,1.4756374171751652,0.303035811518824,0.2715540288763472,0.0,2,54.69355027410059,69.7198023506375,0,8,0,1
421,1,0,0.6727585713499631,1.9641172390111992,1.0195314625886776,0.04488954274304008,3,81.289081950259,84.80545442916218,1,7,0,1
422,0,0,1.1005633490905258,0.169360180004436,0.17374108205333955,0.0,3,48.40153256068291,57.35455002186576,0,7,0,1
423,0,0,3.9979532493845946,0.7258166532562809,0.36494817805722524,1.0626292621397577,1,60.367633444917715,60.335710579403624,1,4,0,1
424,0,0,1.5546426142638259,-0.22443829264810725,-0.25500742819552935,0.0,2,46.84355112616891,54.63709620524732,0,7,0,1
425,1,0,0.989646741402875,-1.061779441782223,1.256875195835915,0.0,2,33.984762880175246,63.49168753492451,0,11,0,1
426,1,0,1.6860493657334334,-0.7853266799979535,0.19449109915711751,0.0,2,50.99899349047948,52.00305105563001,0,4,0,1
427,0,0,0.9720739715282771,1.8148279079527552,0.9711945254116718,0.0,3,79.89640656540517,81.82629096136252,0,4,0,1
428,0,0,2.1269153170044874,0.25713439318480535,-0.5982262059899953,0.0,2,54.847010373876856,57.25894842662878,0,2,0,1
429,0,0,3.38102726225319,2.276949896610851,-0.06958580541038246,7.710346689642659,1,82.87433433108923,91.0589511101403,1,8,0,1
430,0,0,1.643743062447216,-0.5476340993635019,0.34090118175656237,0.0,2,42.32647071596961,59.00571773138802,0,4,0,1
431,1,0,1.5224068909611206,1.556265082784995,1.2985819123072189,1.35832045055884,2,81.18791738963226,75.24450836576978,1,4,0,1
432,0,1,0.88371687708152,-1.0143502897004024,1.1190328868822363,0.0,2,33.71242096154685,50.71097131597507,0,5,0,1
433,0,1,1.7354158179098924,1.0885494592726812,2.0503883295900525,1.403114411404244,2,66.97053891020842,66.92169829729706,1,3,0,1
434,1,0,2.2955102626982815,-1.3137922622961224,0.12123367269022613,0.0,1,26.51433823147038,48.887391820999866,0,7,0,0
435,1,0,0.945162187013233,0.42021288813180874,0.6542231661580492,0.0,3,54.94052427775343,73.65236215724894,0,11,0,1
436,0,0,0.7560043035582034,-0.2304723468955797,-0.43179435377815245,0.0,3,46.93063838003062,68.55654817803622,0,8,0,1
437,0,0,1.7797663977550244,-0.6848401364016853,0.8301191520457026,0.0,2,43.90314102380087,49.24238645422951,0,3,0,1
438,0,1,1.652068275879259,-0.5945263749950804,-0.4360835140727093,0.0,2,42.186436374014775,61.605891913440495,0,9,0,0
439,1,0,5.1311189820916905,0.6699848833713062,0.41690816627240534,0.46318090849279436,1,70.33267171169229,68.27957670034411,1,6,0,1
440,0,0,1.8272193170291113,-1.0079784422285136,0.7538129163272039,0.0,1,31.860294698990383,41.85942364487332,0,5,0,1
441,1,1,3.018324271628532,0.2651528411491217,0.34505939609445985,0.0,1,53.65942126893543,57.31547636124952,0,4,0,1
442,1,0,0.8047879914964127,-1.6844262157558294,-0.3802660084804112,0.0,3,17.305683313416417,45.38209079447688,0,4,0,1
443,1,0,1.0784422397365518,1.8204833326539993,0.23852643125193898,3.18836360101304,2,77.92202582712515,73.97844866892305,1,5,0,1
444,1,0,1.285255756242286,2.0071259109747634,-0.2191372490340049,1.4077444363620852,3,82.06125457662527,79.7159418145103,1,3,0,1
445,0,1,0.673917623130201,0.3520033279026801,0.10027611889233648,0.0,3,56.48886875682939,56.31617321226126,0,3,0,1
446,0,1,1.9636537485598715,-0.32437113865497375,1.0884333420007677,0.0,2,45.450122337993555,56.74677216118126,0,5,0,0
447,0,1,5.842214747261739,0.4875626462211551,-0.5546712775132351,0.046935238215036146,1,52.930459821916386,65.33921141048313,1,6,0,1
448,0,0,1.0447755149027353,-0.5779064951325978,0.19512361380766682,0.0,2,42.933789704162116,50.969786451589734,0,3,0,1
449,1,0,0.8216022456384361,-0.8267190217777007,0.4721871611314041,0.0,2,38.40584485941179,42.78834671405603,0,2,0,1
450,0,0,1.631217002342959,-0.7196868877104661,0.1894288344832512,0.0,2,39.44708989200002,58.147613709057694,0,8,0,0
451,0,0,1.237813730931697,0.21084590493155211,-0.21341345051382388,0.0,2,53.914580129971085,61.0494831398171,0,5,0,1
452,1,0,0.9229684535738317,0.12428792495458106,0.9975772365278305,0.0,3,47.68372669827494,60.92907598433919,0,5,0,1
453,0,0,1.4894865802814583,-1.4456577688485048,-0.10189624197434105,0.0,2,21.35401475134977,40.52102970350415,0,3,0,0
454,1,0,3.0023069008527554,0.3367162356410232,0.6719700445987569,0.0,1,57.74040204222738,58.29371767931312,0,2,0,1
455,1,1,1.4217111379629765,-0.8779009709880776,0.60223165693003,0.0,2,36.31028405730758,58.32095510256699,0,9,0,1
456,1,1,1.3869520726327507,-0.344451020806013,1.3662915311478376,0.0,2,45.34140202552527,49.38336809917719,0,2,0,0
457,0,1,2.675549478161456,-0.8960337662011828,1.1319086722524225,0.0,1,36.79629781842728,43.16679034787467,0,4,0,1
458,0,1,1.2467882701442632,0.7851795604449553,0.10023605051538724,0.0,2,62.59877221037985,71.27359547744814,0,5,0,1
459,0,1,1.0678645234342588,0.6775357505665142,-0.5462945875922427,0.0,2,59.357689602600935,71.05609078930769,0,2,0,1
460,1,0,3.723260536425953,-1.3548995145987501,0.5618902689499982,0.0,1,29.446488438690313,45.42037443679474,0,4,0,1
461,0,0,3.9304404566899187,-1.5017209255416588,1.8896950068248912,0.0,1,31.088960870586487,40.99597171502422,0,2,0,0
462,1,1,2.4222581644101053,0.33743931429922863,-0.2778565677620394,0.0,1,53.57551357819441,64.03661823683547,0,4,0,1
463,0,0,4.214652730005584,-1.282520413495063,1.1060088227634612,0.0,1,30.904698499503898,43.9824726765969,0,5,0,1
464,1,1,2.7574989777161263,-2.1188822708609756,-0.5631069591382811,0.0,1,16.841489314639233,43.31500247650427,0,7,0,1
465,0,1,1.0738741017230067,0.16137809966151812,0.007664173330343585,0.0,3,39.35552263740918,57.532533244320604,0,5,0,1
466,1,0,0.5516408106422822,-0.764883371634228,-0.08077745102196413,0.0,3,36.69368492898228,50.47845050467512,0,3,0,1
467,0,0,1.9570684524950734,-1.4502424225440793,-0.2750152149023955,0.0,2,27.12727299399887,49.52470488494719,0,7,0,1
468,0,0,0.9577267669137807,0.8694781945618238,0.5363198540445663,0.0,2,59.800334092867324,61.90225645744069,0,3,0,1
469,1,0,1.6654757473214423,-0.4333433037089614,0.7889012293964003,0.0,2,39.17823104433197,58.89626769764267,0,5,0,0
470,1,0,1.2578515935631016,0.24257190520376726,0.3769795210466786,0.0,2,62.99989699601791,60.517131108421154,0,2,0,1
471,0,0,2.2621639933181816,0.4753895663298695,0.8720516670479523,0.0,1,57.16146294241203,65.74028500185072,0,6,0,1
472,0,0,1.4532012818654234,0.842725444180727,0.4336252295106696,0.0,2,61.57817407068764,72.03698366911648,0,6,0,1
473,0,0,2.7038316457139855,0.6756364732529899,0.08038483491693617,1.3872367608780434,1,67.9369625132344,67.96130440934044,1,4,0,1
474,1,0,1.1551883281488524,-1.7443424234416738,0.039665881197973894,0.0,2,22.464440921335434,43.11542169941103,0,5,0,1
475,1,0,4.672541125991315,0.6013422620946349,0.3564087265902329,0.2239419073395218,1,100.0,63.923610713386665,1,4,0,1
476,0,1,1.1741135542540082,0.23818875173064272,-0.6315681844303074,0.0,3,53.270523236936135,69.30093077610121,0,7,0,1
477,1,1,1.9831989194436446,0.5809807709431702,-0.2205099025929295,0.0,2,58.509183986595666,71.49731044225757,0,7,0,1
478,0,1,2.077438935204062,-0.09065669536105644,-0.2323507909081775,0.0,1,42.096628868373365,55.821236534325244,0,5,0,1
479,1,0,2.8053657294295116,0.060351497719631206,-0.7921029405597867,0.0,1,51.409023292907214,63.9284001886645,0,6,0,1
480,0,1,1.4383693918887464,-0.49022824089568284,-0.30652689543337985,0.0,2,41.95025570935159,73.19786457853719,0,6,0,1
481,1,0,1.9307878967026855,0.4700526584288465,1.293740705899816,0.0,2,56.713615371403954,70.52433473565873,0,8,0,1
482,1,0,1.1075958717619678,-1.3025934513592103,-0.6560830191658739,0.0,3,31.074787933730875,48.713480124964974,0,7,0,1
483,1,1,2.4426179691288117,0.94761655363468,0.609946476895417,1.7616939488807517,1,65.82035277859907,73.2740568474799,1,6,0,1
484,1,1,1.7451665965495995,0.5571155116232749,-0.12535823164728918,0.0,2,56.219310564662244,69.67965106601416,0,7,0,1
485,1,0,1.3472516080320347,1.185012834166132,0.3530942664456493,0.821637518078389,2,66.84786581255179,79.60768744395628,1,8,0,1
486,0,0,2.695023857840405,0.030495434988585028,0.45417849140211713,0.0,2,50.97278978974297,53.931000451675736,0,1,0,1
487,0,0,1.2782284391058096,0.9367326871312478,0.19387742927107857,0.0,3,63.04303384819178,60.391943612600976,0,2,0,1
488,0,0,0.7275068949268432,0.1307959349586567,0.01535408182267731,0.0,3,51.10057822393783,61.5158778513959,0,5,0,1
489,0,0,2.2894145755357314,0.07852467884983717,1.6120356873880999,0.0,1,50.214166859041626,60.96204379018751,0,5,0,1
490,0,0,1.9099870398631034,0.5357171850556479,-0.1547812978618108,0.0,2,57.43493240111013,59.376789764069905,0,2,0,1
491,1,0,1.5062566424833075,0.13371928316238044,0.4327714393717021,0.0,2,55.56710311814982,58.39499531399132,0,3,0,1
492,1,0,2.0362866026341675,-0.657488432966688,0.2164690089114519,0.0,2,41.96101584098358,56.86763751585468,0,8,0,1
493,0,0,0.8126057511246881,0.164610474400392,-0.3923191034102005,0.0,3,52.76763244251066,61.2828821275662,0,5,0,1
494,0,0,3.0249563114877382,0.9516427416244103,0.4573365906859236,1.6284188085628815,1,63.95803469407302,63.35300882214558,1,2,0,1
495,1,1,2.9856332182078433,-2.0802584270123945,-0.24313464225122355,0.0,1,26.584170957199355,43.229518450415526,0,7,0,1
496,1,0,1.2663195772646543,-1.1574251455714173,0.7984577612591047,0.0,3,33.63178648449595,46.561701436396746,0,7,0,1
497,0,0,1.4919226244660049,0.26072666928535165,-0.3673770355708388,0.0,2,53.53121067611916,56.56067014409119,0,3,0,1
498,0,0,2.452533068527225,0.022381104179359235,0.015892893757781558,0.0,1,54.57186584305999,54.84234223253304,0,3,0,1
499,0,0,2.4732442989298677,1.188364710016253,0.14353092509617477,3.710928459574964,1,70.52706380024907,74.98374499705513,1,4,0,1
500,1,0,2.461159610661366,-0.9111566105991914,0.054074380318488234,0.0,2,37.35893144573477,53.73398319377491,0,8,0,1
501,1,1,1.7287622763048096,0.189679485405366,0.2250043722855166,0.0,2,53.09278298769744,59.07489234016475,0,3,0,1
502,0,0,3.2613097893920338,0.6293800440917134,0.2722848158834736,0.16926681792331053,1,92.16583117120493,66.96468189243888,1,6,0,1
503,0,0,0.9362549827891585,0.47673973726785196,0.1352935701518654,0.0,3,49.985873916312904,57.23909622252194,0,1,0,1
504,0,0,1.5998118432132382,-0.3405180981270372,-0.11516476194723205,0.0,2,44.62534893540275,50.59285805893015,0,2,0,1
505,0,1,1.5537756417622275,-0.6029830911860128,-0.45179378865728126,0.0,2,39.47593539139477,50.60014266044235,0,4,0,1
506,1,1,1.5941832179867224,0.08174985767564437,0.6035860718892367,0.0,2,45.77754606969892,58.69261517533432,0,4,0,1
507,0,0,1.327148087380508,-0.29219773602445415,0.028441329031522487,0.0,2,46.153657251093,57.754726876471175,0,7,0,1
508,0,0,1.4054798343782156,-0.4722632996166916,-0.03789978486318459,0.0,3,42.673515196750785,70.83198944794425,0,12,0,1
509,1,0,1.4780818004960656,0.9718502064348268,0.42324765715173296,1.2765155896288598,1,63.47798031873717,70.55349839528458,1,4,0,1
510,0,1,1.5690379412939086,0.6726018723354821,0.4245397499472535,0.0,2,57.9987786924524,67.69572972108436,0,8,0,1
511,1,1,1.0272026652421666,-0.9337565344105381,0.17372224249137505,0.0,2,34.54485399596609,49.07406049185767,0,5,0,1
512,1,0,2.2460594475826476,0.9431197303532345,0.08242426732530657,2.7802214100911296,1,64.86238147832056,73.66818909537504,1,7,0,1
513,1,0,2.2416432923780936,-0.0424092515692394,0.326298494168912,0.0,1,49.68540544506894,61.37450157910792,0,6,0,1
514,0,0,1.6076973517779334,-0.6568683302874123,1.3010684023712205,0.0,2,30.776956992991188,51.763517965616586,0,3,0,1
515,0,0,0.8039250744842088,1.1487321268147779,0.15815422229893197,0.0,3,66.67868505591409,70.88934919742925,0,6,0,1
516,0,0,1.6557621547897061,-0.24779192821404622,-0.34042011524789795,0.0,2,49.24796697131458,52.42988421727635,0,5,0,1
517,1,0,1.0399153071696137,1.8587773570594595,0.4690590293570862,0.0,3,77.21981703986987,76.31653068262,0,4,0,1
518,1,0,1.200112418881005,1.0857993927724163,0.5292687544091891,1.8185294988976353,2,59.73778715713875,64.19227831878848,1,3,0,1
519,0,0,1.1821520145328979,-1.130419206911048,0.9985407896131218,0.0,2,34.23565207372344,46.397251439091,0,4,0,1
520,0,0,0.6821925079034922,-0.10753767518462339,0.05022454212877989,0.0,3,48.71399105399228,45.740874220219254,0,1,0,1
521,1,0,3.487170569568443,0.35959843384474804,-0.3490219919878304,0.0,1,56.58124796185426,54.34862564327815,0,1,0,1
522,0,0,4.3479594981972225,-1.3658988015376194,-0.3166959732967964,0.0,1,31.36579889506625,51.08722941592767,0,5,0,1
523,0,1,2.079285785291877,0.4308436062840152,0.4688595433334518,0.0,2,42.43502730168924,66.34279366132414,0,4,0,1
524,1,1,1.1160773089142784,0.427140318067296,-0.5083482236913618,0.0,3,56.72083522431703,76.60571498779939,0,12,0,1
525,0,0,2.513738065247051,1.3915865359675772,-0.17503854206737612,3.8536029239529337,1,85.66381365739537,80.42802997527625,1,11,0,1
526,1,1,1.3136335651408728,-1.416894107778542,0.8752893618178109,0.0,1,29.35781050819772,51.42708961108731,0,9,0,1
527,0,1,2.5982714341930646,-0.7197545250814594,0.11608979856785556,0.0,1,39.82581337687197,54.27267993341509,0,4,0,1
528,0,1,2.3513257335923408,-0.3701293828473349,0.15816913743568597,0.0,1,44.53648183784168,52.13034147445592,0,4,0,1
529,0,1,1.251768380206509,1.2490617060600235,0.14600666335876722,1.9561674122923423,2,63.53432378461635,62.92863225405457,1,3,0,1
530,0,0,1.1514749115003806,1.3633508034149326,0.22659281681211763,0.0,3,72.12924899680435,64.69945740717347,0,2,0,1
531,1,1,3.351344494690624,-0.562929602907347,0.09467311553812541,0.0,1,42.22996347660234,48.61869230902359,0,2,0,1
532,1,0,1.385643905320623,2.029706298585884,1.290931006490534,3.432485733424429,2,79.30654461246927,80.00535669470995,1,5,0,1
533,0,0,2.447120504608289,-1.1339672196477952,-0.07159822539175968,0.0,1,27.213604817409376,41.279527228224126,0,3,0,1
534,1,0,0.6707681261943151,-0.4552550337426315,0.3383385649103233,0.0,3,42.804100410651685,60.235481054456535,0,6,0,1
535,0,1,1.305818699498734,-0.5880866556717665,-0.04409288141731246,0.0,2,41.01439715960796,59.00001322661431,0,7,0,1
536,0,1,3.3362634000775384,0.21790687255901653,-0.5862746520496804,0.0,1,51.67212668424571,55.89885098119697,0,3,0,1
537,0,0,1.1124302526776122,0.6606842579327952,0.31448455288684024,0.0,2,58.62293242373279,64.39002322545129,0,5,0,0
538,0,1,2.732100036212982,-1.4896160448063145,0.6781330495448028,0.0,1,28.085565049560586,53.97054855365828,0,6,0,1
539,0,1,2.4736209556216107,-0.3384795194858875,-0.27319882806912354,0.0,1,46.36241222112815,55.792741410902046,0,5,0,1
540,0,0,0.9996277562228968,0.1294234548853311,0.19986412964243896,0.0,3,52.40647146714529,61.17635033166609,0,6,0,0
541,1,1,2.587727549286784,1.634306043886419,-0.14351721833292122,4.5441828811816345,1,74.42471625601856,88.56120723604036,1,9,0,1
542,0,0,1.8038579015960616,-0.12998830699847397,1.1891876373206607,0.0,2,50.878995696916256,60.37515355657781,0,5,0,1
543,1,1,1.4567540994147237,-1.072014297664265,1.4805524366882568,0.0,2,26.226302506727013,52.783721174551516,0,3,0,1
544,0,1,2.3433384194391076,1.4768712867761593,0.023031201032598224,4.195397697409459,1,70.84434364537324,78.16487396379,1,6,0,1
545,1,0,2.4799583859894936,1.63820326219444,-0.37301599363077015,4.592386693391594,1,74.91931210174693,72.44478335373542,1,4,0,1
546,1,0,1.487566765979443,0.33244980605654434,-0.37324672313023494,0.0,2,55.37772137321177,60.55641368520464,0,4,0,0
547,0,0,1.5393135363104742,-1.3957279532133515,0.023720237627247072,0.0,2,29.58704667250112,47.711331900969284,0,5,0,1
548,0,0,1.8374166807256256,-0.3000396902425771,-0.45933991932874985,0.0,1,32.1956203097139,43.55890475097425,0,1,0,1
549,0,1,1.4879144408772647,-0.1288718303666976,0.6948408294953264,0.0,1,47.994863444789544,61.27926109435562,0,4,0,1
550,1,0,0.6249797262062526,-0.2523710939022414,2.6156097391531747,0.0,3,44.90913509342172,60.055901054448896,0,5,0,0
551,0,0,3.3793546762931785,0.7799998842530912,0.5851422640290974,0.9616695218196755,1,59.09528247102488,70.9469143334735,1,7,0,1
552,1,1,1.0307584151670302,0.2582514674276297,0.8280941753780843,0.0,2,54.10202235140937,66.58552017165836,0,7,0,1
553,1,0,1.6221989165832067,-0.35417977680218565,0.8681855558331334,0.0,1,46.41896780684934,64.11149846541174,0,8,0,1
554,0,0,1.2377226949344562,0.21079919385192028,-0.2692549313739295,0.0,3,54.06963405792689,63.35000428782634,0,4,0,1
555,1,0,2.592863816007115,1.513825310506221,-0.02094649836353791,4.945268283533395,1,71.16706155897832,77.75748061180208,1,6,0,1
556,1,0,1.2393871907835972,0.1556289465523384,0.3502558062956387,0.0,2,52.991176416606685,57.00670611864497,0,3,0,1
557,0,0,1.656611448008812,2.4188150980749827,-0.3703629692222459,3.8713951426870032,2,85.9088344121453,81.13010011673387,1,4,0,1
558,0,0,1.15413085210263,1.2309743890103313,-0.23489711840335592,1.587158473293521,2,69.57720471454302,67.81420538822337,1,3,0,1
559,0,0,1.0167985867826275,-0.9990973650589289,0.13312212370807716,0.0,2,34.61026814331971,47.67389552696856,0,4,0,1
560,0,0,1.6192789638078984,0.746455884801982,0.3375902195040303,0.08912263826162287,2,62.23555265518812,56.37037722075679,1,3,0,1
561,1,1,1.4502721508593601,-0.5118767214646864,0.5155474513583612,0.0,2,36.17969840967026,52.77493769661071,0,4,0,1
562,0,0,2.2002882907181562,-1.2562959362915485,-0.2616833047138587,0.0,2,30.24837568664485,41.587839188590245,0,2,0,1
563,0,0,0.9707494654632244,-0.655487261186623,0.09125710760765486,0.0,2,42.152634215141816,55.78284922977063,0,5,0,1
564,0,0,1.1981506070743342,0.9198459959148471,0.43704765887600666,0.0,2,64.61399072323076,68.60427473450727,0,3,0,1
565,0,0,1.3978708664748278,-0.12627917927834204,-0.24160258151237501,0.0,2,48.77195995695761,63.25589637505668,0,3,0,1
566,1,1,1.3521370595802271,-1.0368335853937192,-0.4450388721185766,0.0,2,34.26075844597759,32.61240847543667,0,1,0,1
567,1,1,1.6865903598815741,0.627872933742509,-0.021891244997745276,0.0,2,59.49607206274466,60.45700128014131,0,6,0,1
568,0,0,1.3538853399459285,-0.36565563978311305,1.2469085268422038,0.0,2,42.46525427725036,60.72411679641343,0,7,0,1
569,1,1,1.4161027047159196,-1.6586870731231136,-0.6423345541323128,0.0,2,21.948404744788455,46.11512964597282,0,5,0,1
570,1,0,2.634259289728774,1.0644855032590659,0.20611296962858094,2.8741425851692037,1,66.46587654184937,66.34570748938188,1,4,0,1
571,0,1,1.2240874055138906,-0.3131161892699451,0.3383560911047363,0.0,2,46.46104657194237,69.38879244201875,0,5,0,1
572,1,0,1.252315779909541,0.6297058545871667,-0.3268443085135562,0.0,3,59.56503388511084,66.72751008783996,0,6,0,1
573,1,0,1.3940596167802097,0.10865362527658462,-0.2246839244071434,0.0,2,65.43754621392321,67.48129167018948,0,8,0,1
574,0,0,1.3262630754629736,0.39513975885813224,1.2598899689385423,0.0,2,56.448588354934024,59.78936249985,0,4,0,1
575,0,1,0.4235007322781982,-0.315106114925461,-0.08879451171593032,0.0,3,45.69458730348636,56.34560172674208,0,6,0,1
576,1,0,2.2223745072645076,-0.11456950581839453,0.9322943368181574,0.0,1,48.67771516124884,64.21031682459675,0,5,0,1
577,0,0,2.710966604396617,-0.7949223610964039,-0.5095597020865361,0.0,1,29.894328293674146,39.390928376357664,0,0,0,1
578,0,0,1.8350356747610301,0.3465462377069798,0.10043620605542285,0.0,1,54.52938996496485,70.16640465996622,0,7,0,1
579,1,0,1.219269813045983,0.022675850921828705,-0.22210258676720762,0.0,2,50.60176879865328,63.72205478252613,0,7,0,1
580,0,1,3.8735457829533892,0.9797389822603324,1.6150426496239636,2.0016168461518036,1,64.42503589551463,71.56495139959092,1,3,0,1
581,0,0,2.251931282211367,0.7668966167603598,-0.42726971447618184,0.0,2,50.18738073844787,64.71860871062485,0,4,0,1
582,1,1,1.1232601798765747,0.4903333100088326,0.16414060182026985,0.0,3,57.66462413944742,61.797682214620856,0,4,0,1
583,0,0,2.2732796503768724,-1.668956248240782,0.9311806554469798,0.0,1,23.895869197169272,43.048412442840956,0,6,0,1
584,1,0,1.7592536392105018,-0.5243662197210395,0.9134434239435439,0.0,2,41.8170439757097,47.86901457644385,0,2,0,0
585,1,0,1.5677388017778608,0.6803820417266709,0.3253559689477947,0.2565844632430774,2,57.59816919352142,79.56620977538793,1,11,0,1
586,0,0,5.721741063530158,0.9300973890935669,-0.5559542126021727,1.358422308246292,1,63.894165402448195,67.46954377800274,1,5,0,1
587,1,0,2.2148003057213845,1.6165133180959004,-0.0548178382186108,5.019693480626501,1,73.32245853152165,73.63345353631505,1,3,0,1
588,0,0,0.9962545571210057,1.1821926755846144,-0.21695952997150608,0.0,3,66.9408008657944,68.99713771594324,0,3,0,1
589,1,0,0.8498961782847196,-0.6081279854026518,-0.5728926369656512,0.0,2,43.300352284464715,49.05855321468319,0,2,0,1
590,0,1,0.9414257029016272,-0.6305533387608914,0.3000235172252708,0.0,2,34.23059361209844,48.65056598947997,0,3,0,1
591,1,1,1.7994572883665936,-1.2390001117142564,0.9636408250333505,0.0,2,91.33245640223487,47.80023170515517,0,6,0,1
592,0,1,1.0535687489956798,-1.1857706924006697,0.4498520471456936,0.0,2,36.63243324154621,49.50306822144539,0,4,0,1
593,1,0,1.798103105731096,-0.6821136801314724,0.6961000529584775,0.0,2,39.84620236307102,59.63518894332825,0,8,0,1
594,1,0,0.8954274011801926,-1.6436431906154503,-0.19929126998214872,0.0,3,23.20005162695956,51.22911529455336,0,6,0,1
595,0,0,2.3165153045651063,-0.35191077497299245,0.5255790036745971,0.0,2,48.914930005787554,62.02286479716745,0,7,0,1
596,0,0,2.198792747390706,0.4048949752915093,-0.035310656279120084,0.0,2,59.24007007344248,63.71787085620384,0,4,0,1
597,1,0,0.9869978659818361,0.332562115167998,0.6834636123703738,0.0,3,55.56011832255415,71.31179919732176,0,8,0,1
598,1,0,2.677580925574674,-1.2559315387414143,0.6325154947987326,0.0,1,30.369128902882906,51.31930668089832,0,6,0,1
599,0,1,1.4388259001297932,-0.6958771863770958,-0.40127053618595615,0.0,2,39.38816487718717,53.387555813599555,0,6,0,1
600,1,0,2.200461230849705,-2.5040974609279663,0.7508008629564221,0.0,1,13.258524629573335,35.75957574533399,0,3,0,0
601,1,0,1.8103915581417047,0.9882700101477093,0.6936620129436268,1.516509044243627,2,64.54131110608765,72.86022550005126,1,6,0,1
602,1,0,0.9315038045011923,1.1624943249428643,0.45700493262772646,0.0,3,68.0437817597955,67.75484250848244,0,3,0,1
603,1,1,1.868389442174165,-0.8479809752903094,0.16599045035111365,0.0,1,41.04920295914402,51.82007803793626,0,6,0,1
604,0,0,1.7678818908959872,0.43163696607237495,0.09751598590532644,0.0,2,57.05418394195998,64.03060225809647,0,4,0,1
605,1,1,1.8276084048820456,0.2708542034431822,-0.2118253441688218,0.0,1,55.90972579534261,56.55004668566026,0,2,0,1
606,0,1,2.020939479144703,-1.3571429329508304,0.4931435084583817,0.0,2,29.569312849084024,57.6584557612995,0,10,0,1
607,0,0,0.9678701887032802,1.0434063391138384,0.5992992210057995,0.06358053918866835,2,64.83808492132302,59.8268097925248,1,4,0,1
608,0,0,0.968050164374145,0.00579603862262734,0.8604768532237097,0.0,3,40.582326334227766,64.5855513951373,0,6,0,1
609,1,0,1.8342775486729996,-1.2455073778050967,-0.07399843865902891,0.0,2,30.778363095550787,55.495387313853676,0,8,0,1
610,0,1,1.5169555903249092,-0.5810375825572618,-0.17672458041090774,0.0,2,41.25929748419166,62.02091489940712,0,8,0,1
611,1,0,1.8113737403316004,-0.13880256335535182,0.018462650653169148,0.0,2,48.04039263688676,55.30406755339204,0,4,0,1
612,1,1,1.4714657108798992,0.6801749133263052,-0.557044128363187,0.0,2,62.748472004387956,69.03699017258566,0,3,0,1
613,1,0,1.9798723357548178,-1.0515758444837295,0.166372908237772,0.0,1,28.665492269522822,52.989994545817524,0,7,0,1
614,1,0,1.404657088244451,1.5306599420676998,0.0984699898594316,2.664385491966697,2,74.04882890489597,76.94661044568845,1,6,0,1
615,1,0,1.7962806917514167,-0.2963428134993466,-0.5443500455846328,0.0,2,46.49497009323614,62.30778678408294,0,6,0,1
616,0,1,1.2321991553555478,0.19725556664591448,0.05352578072038899,0.0,2,53.626684899905875,70.66612372137094,0,4,0,1
617,0,0,1.1761244728413816,-0.3073478109456704,-0.5273799291726282,0.0,2,46.77439011434332,45.48574497387162,0,2,0,1
618,0,1,2.35238552912526,0.3271141985727061,-0.066705120261429,0.0,1,49.30268742413422,63.514807664303795,0,5,0,1
619,1,1,2.630861180599174,1.0530952541561294,0.19769688517984482,2.448941231783363,1,5.5158842268907335,61.99147185109214,1,2,0,1
620,1,1,1.5254081633090648,0.7635823569654954,-0.14218665698852098,0.0,2,62.147244490655645,69.40038633824419,0,6,0,1
621,0,1,1.5084475897872822,-1.01138829991179,0.5084475109479402,0.0,2,37.046827815504834,42.654376551251524,0,2,0,0
622,1,0,2.202882373257662,0.4509199903879204,0.2442434807134472,0.0,1,55.45795725943108,59.96137675578648,0,3,0,1
623,1,0,3.061659013057646,-0.035976099315117874,-0.2989887772349806,0.0,1,47.90645611758155,57.89916777322569,0,3,0,1
624,1,0,1.9537905076297923,-1.1175495250441732,0.8879219210043275,0.0,1,33.02585029539892,45.1081036765101,0,5,0,1
625,1,0,2.4518997071627733,1.306758980466308,0.6851646935586626,2.929635914712585,1,70.93167963563151,75.75101039751507,1,4,0,1
626,0,0,1.9349978461983814,-0.8200596040777465,0.6053693050921274,0.0,2,39.174933679932195,54.061558720956285,0,3,0,1
627,0,0,2.468658612501157,-0.4057691770392516,0.17095483742760048,0.0,1,42.13109069201473,58.54860614488388,0,3,0,1
628,1,0,3.722940170765714,-0.6697770118962841,-0.0825301762834737,0.0,1,38.05489653295992,54.358791942812765,0,8,0,1
629,1,0,1.5231830451781712,1.0171081048345012,0.2362094577376162,0.5554336045532781,2,67.37792617340844,79.6069349862596,1,8,0,1
630,1,0,1.8724551909765523,-0.44624984703238824,0.26041790109215224,0.0,2,42.64305590411959,54.96802151886508,0,5,0,1
631,0,0,1.5860708348625723,-0.9248153701750942,0.019706143602008883,0.0,3,40.334226697326216,47.72745070187783,0,4,0,0
632,0,0,1.836684628536918,-0.7620822694879745,0.16315163571089392,0.0,2,36.50789641774992,47.73169950261658,0,5,0,1
633,1,0,5.266662140292531,0.49758011439311267,1.8098394005080938,0.0,1,56.864443025937064,55.7440586074134,0,2,0,1
634,0,0,2.179257904469365,1.238619807273147,-0.8225646672355219,2.898499369234041,1,66.87016647237004,72.91280168522778,1,6,0,1
635,0,0,0.8713026248275465,-0.584597613100556,-0.17377440304806413,0.0,2,41.355376160326735,55.50412159886839,0,6,0,1
636,0,0,1.2469955309810805,0.3680477097078254,0.5096232519702812,0.0,3,44.69854150340858,53.691762719925265,0,0,0,1
637,0,0,1.9462737573243256,1.700646151635777,-0.4873499624019682,5.342594707361506,1,74.00028033488027,78.3548226658739,1,4,0,1
638,0,0,3.1509992751850744,-0.44781962223717225,0.44621351342206417,0.0,1,44.091200453789874,56.813192601284385,0,3,0,1
639,1,1,1.9171518042030131,-0.26351502385708553,-0.8142820041171513,0.0,1,45.13951650802369,66.86996835162533,0,9,0,1
640,0,0,3.748994950874491,-0.43099187016932117,1.3183743496232074,0.0,1,41.21562364416473,59.371442775476474,0,6,0,1
641,1,0,2.1125589210515296,-0.038133703693862396,-0.34052164084095504,0.0,1,49.867262861004676,57.933419464626,0,7,0,1
642,0,0,1.6829328856287202,0.3247853185887547,0.5545850028291678,0.0,2,55.06770510197774,62.62403635728487,0,5,0,1
643,0,0,3.6809477144932847,-1.4146566154768496,-0.10583686831682454,0.0,1,30.840791154146007,47.16710441398086,0,6,0,1
644,0,0,0.49641474899580074,0.14196994613829375,1.3954640858695508,0.0,3,50.62147533777374,53.2560414023772,0,8,0,1
645,0,0,1.453679300786684,1.1554955050057698,0.12949260352176767,0.9858278886978178,2,67.01827105851989,74.3608040159219,1,6,0,1
646,1,1,1.0904022064159786,-0.8353440088396905,-0.09577245428071937,0.0,2,37.531807786806056,66.05634905957457,0,5,0,1
647,0,0,0.7438030131807237,-1.671549238395162,-0.03219041216420256,0.0,3,26.626855378346868,35.32852429979959,0,2,0,1
648,0,0,6.28577065605211,-0.26590226223427316,0.08750500748748269,0.0,1,45.57630096895272,51.872631249514825,0,3,0,1
649,0,0,1.8999061530141215,-1.1713553067934168,0.37819673409945576,0.0,2,39.73770670769979,51.0093361092812,0,5,0,1
650,0,1,2.1890992633800184,-0.012819597535630327,-0.35290764908360295,0.0,1,49.7555667826891,55.524656325448596,0,3,0,1
651,0,0,1.450006458552806,-0.7506246622909892,1.6447884980876084,0.0,2,38.39708757784731,48.96692391151177,0,5,0,0
652,1,0,1.620826409679664,-0.2975817381102781,-0.23762899929780246,0.0,2,46.56653734472802,57.07104969784574,0,6,0,1
653,1,0,0.7532861242123191,-0.056379968527305875,-0.26791723688559804,0.0,3,49.04794717510205,53.05231952286678,0,4,0,1
654,1,0,0.8266475165089744,-0.12951751272592135,1.6959976068294436,0.0,2,68.56751857976326,52.973427107848735,0,2,0,1
655,0,0,3.296000616764164,-0.5734065507574803,-0.5426802859593811,0.0,1,40.93465614846994,36.66973319735119,0,1,0,1
656,0,0,1.3568686770150553,-0.6594768604120859,0.2614307365633974,0.0,3,39.90745179173774,52.140018508450375,0,4,0,1
657,0,1,2.1815709389214435,-0.3771966104562404,0.11790738770993522,0.0,1,42.5935124908908,63.62051551658166,0,5,0,1
658,1,1,1.3782879976582232,-1.0349734989241182,0.0605928982644369,0.0,2,36.572257739619275,61.28840012538694,0,9,0,1
659,1,0,0.9082570148223633,-0.4439801594171268,-0.2579924233256604,0.0,3,43.484253285243796,50.52238809033259,0,2,0,1
660,0,0,2.436086264726851,0.25320260346253876,0.4793251819681741,0.0,1,54.93779851579103,58.01489423894105,0,2,0,1
661,0,0,2.7079179851370485,-1.1695718500147383,-0.1481652194979532,0.0,1,36.505523083167944,59.57584961978006,0,9,0,1
662,1,0,1.5924420597307005,1.7858632644298085,0.8075082500822663,2.821269423835338,2,77.06537853405472,72.00470462969167,1,5,0,1
663,0,0,0.9221307889797636,-0.03626596440246447,0.6563791887721094,0.0,3,49.41698909517231,55.56855089052658,0,4,0,1
664,1,0,1.1050234699605193,0.11501317250181177,0.6390806718705079,0.0,2,54.083767182708634,60.21479925997001,0,6,0,1
665,1,0,1.008845835116255,1.4650737212609097,0.2789407965733561,2.4400269626705224,2,71.46409462073407,73.41673636037723,1,4,0,1
666,1,0,2.895856953009142,-1.1890541244776582,0.8058611066156401,0.0,1,31.77573684395595,59.02327686688408,0,7,0,1
667,0,0,0.7052393850975183,1.630508989012663,-0.3146043457476729,0.0,3,75.87967807589678,74.97943564501988,0,5,0,1
668,1,0,1.2443724762057715,0.19906460569769405,-0.09705072204758046,0.0,3,52.76529211931919,59.346406316165044,0,4,0,0
669,0,0,1.6858809287445067,-1.1831270678514505,-0.3220212685833801,0.0,2,34.540943756306696,55.62802746079287,0,8,0,1
670,1,0,7.077811739367092,-0.4288769759077962,-0.23516852116504103,0.0,1,41.47278130821229,52.62602086395835,0,3,0,1
671,0,0,0.676955773000124,2.4924768358895792,-0.6847429219223042,5.019800796776094,2,84.51415249616502,93.91308922997267,1,8,0,1
672,0,0,1.5834676590478667,-0.2012430361476787,-0.5762767204598185,0.0,2,46.903562594676856,54.24617811240158,0,3,0,1
673,1,0,0.9556150127391473,0.548436174315342,-0.07669579137646268,0.0,3,59.18266281000554,71.50259151467884,0,7,0,1
674,0,0,1.4137390373708472,0.41525776763949773,-0.38701956754065014,0.0,2,55.97162319191819,60.29096613068656,0,4,0,1
675,0,1,1.2296921700329817,1.389899587950864,0.3125511829337206,1.44166940765932,2,71.03445741937054,69.1340556396215,1,2,0,1
676,0,0,2.103841688662902,1.088127944719515,-0.012095007086406644,0.6931053516902318,2,65.76555575592484,76.98754074695636,1,8,0,1
677,1,0,0.8141990593355634,-0.18599719595135575,0.4824728418467993,0.0,3,43.23916449727354,68.3543954599634,0,8,0,1
678,1,1,1.878286623165153,0.8921147204939073,0.45019140918432127,2.263012567798367,1,63.599559813385866,72.81743378044747,1,6,0,1
679,0,0,2.055571052812369,0.6382682535346871,0.3267541512598295,0.0,2,57.341584865891896,67.1513897451951,0,5,0,1
680,0,0,1.4140879033410603,0.6940138487646882,0.005564499033365613,0.0,2,58.871120792887886,65.43870251162774,0,4,0,1
681,1,1,1.4281556120917118,-0.044033606575962336,0.797489857748733,0.0,2,49.57611110161676,56.3647681055765,0,3,0,1
682,0,0,2.194896246688414,-1.109282163591828,1.409966570765874,0.0,1,33.304692684020125,43.28591271126968,0,4,0,0
683,1,0,2.539581589438237,0.18627068570381516,1.8739541753959428,0.0,1,53.41518001476682,53.21162601199753,0,1,0,1
684,0,0,2.0586538603945987,0.35069230373820753,0.1783011542295667,0.0,1,54.54650787146993,65.71517452608666,0,6,0,1
685,0,0,1.5992753459916245,1.287841876301976,0.08162113614346136,0.7269342525599986,2,69.44367991371044,74.24304211841714,1,6,0,1
686,0,1,2.21271054300111,-0.6288391446746977,0.4412199695174186,0.0,1,42.49113864437399,51.68700660230391,0,4,0,1
687,0,1,1.267926248318377,0.4984144743011047,-0.07149342358066556,0.0,2,57.63547573729965,61.93136409374379,0,4,0,1
688,1,0,0.8707079769599547,-0.20716718902947756,-0.06625407091184078,0.0,3,45.79109939460974,64.26619398447319,0,6,0,1
689,1,1,1.7461230504213503,-0.3345509039179141,1.0795573271569685,0.0,2,44.56996046537953,60.242750635102055,0,6,0,1
690,0,1,0.641090099625526,0.19445139153599447,1.2777729182222073,0.0,2,58.050030894033185,69.63832313372633,0,6,0,1
691,0,1,0.6434466471970158,0.9081084100241067,0.7858076490981436,0.0,3,64.28456659584232,66.99383099187514,0,6,0,1
692,0,0,1.9059839424330107,1.270102081321669,0.13943257195099912,0.17031070495243372,2,69.11153952026817,74.78779289497486,1,7,0,1
693,1,0,2.223682198662576,1.4515909304243997,-0.20803572437097775,2.8831957534418184,2,71.79968241832228,72.49618805454709,1,4,0,1
694,1,0,1.3409283255291466,0.342594505727909,0.09991299806247712,0.0,2,44.88473566280091,55.82953517429332,0,2,0,1
695,0,0,1.6714221285605964,-1.5705198390328123,-0.1911213064133995,0.0,2,26.02765227860187,37.55015787119126,0,2,0,1
696,0,0,1.3169901789344853,1.5781353318930134,0.7879355503248102,3.1488971754917645,2,74.5702980557209,79.51029055343982,1,7,0,1
697,0,0,0.7275828074303334,-1.6494394997968576,0.6776164944799028,0.0,3,24.385848107822547,44.34050899714842,0,6,0,1
698,0,0,0.8486806377755266,1.9695567030864534,-0.3934363303916838,3.5540321507298165,2,79.84939454677153,72.36788584992452,1,1,0,1
699,1,0,1.3101048418961838,0.5909226997087333,-0.29535964797158254,0.0,3,56.318589719655044,65.5728656912897,0,6,0,1
700,1,1,0.8773503398283892,-0.8941962877653012,0.8026769226943671,0.0,3,36.92771240139008,44.50839671903485,0,4,0,1
701,1,1,3.0862580994170528,0.269033957479534,0.22427380902226435,0.0,1,52.94186925062452,60.18674206152235,0,6,0,1
702,1,1,1.8691614404585692,0.13796269491135765,0.8512328989890062,0.0,2,53.38870480823371,62.84181033911541,0,8,0,1
703,0,0,1.8738719272368234,1.4732208095768105,-0.0959652013645639,4.265701816533634,1,71.95335197325045,78.94993447245935,1,7,0,1
704,1,0,1.8696124589547827,-0.7021839090761492,0.745231102194931,0.0,2,35.00712079522392,54.08741461898829,0,4,0,1
705,1,1,2.7928893896902305,1.21901507042977,-0.9221802485302424,2.565149655242671,1,66.054470692481,80.78522924455442,1,11,0,1
706,1,0,3.4667348930606887,-0.6747263271512673,0.3321164991472095,0.0,1,42.590137891888254,56.230551363437435,0,8,0,1
707,0,0,0.8172493566561279,0.42780000705999993,0.7043290208939628,0.0,3,56.977363960082954,69.55243771272276,0,8,0,1
708,1,0,0.9041246777806372,-0.21917815588613299,-0.10666620228122291,0.0,3,46.91127218552139,57.83511947943511,0,7,0,1
709,1,0,1.777768953494931,0.7502242380107228,0.9318056695495456,0.11531726483075921,1,61.377444377866446,65.47366073218679,1,4,0,1
710,0,0,2.188211481075678,-1.5754458988036684,-0.4884122632028419,0.0,1,27.266728064162493,43.2195697800364,0,3,0,1
711,0,1,0.8564344870935905,1.7715786419471087,0.13522771878013998,0.5232349937971039,3,77.42763097646719,74.60471650335722,1,4,0,1
712,1,1,0.6420269285859862,1.7958512084908114,-0.16339632238648355,0.0,3,67.10277564557592,80.11050876452516,0,5,0,0
713,1,0,1.6389514747712006,0.06452768687853784,1.3444237421231462,0.0,1,50.516012843727644,65.20457278157016,0,5,0,1
714,0,0,1.6571584318958772,-0.2763603858068088,-0.03133927700147076,0.0,2,45.77039316946461,46.50816192446677,0,0,0,0
715,0,0,1.2780537309907536,-1.1463151854163274,0.2656358227223058,0.0,2,32.56386380409147,48.270363108434005,0,6,0,1
716,0,1,2.297697686556095,0.9406305170424476,-0.24418595092833492,1.8601184429053732,1,63.25491858723744,59.57896055992445,1,0,0,1
717,1,1,2.595703060241637,0.259325363267669,-0.5631073116425841,0.0,1,53.909722789285546,58.66201442789453,0,3,0,1
718,1,1,2.236886878711429,1.2044090154719131,0.14642572428935569,3.4908007931334435,1,67.961371544157,77.44801639888469,1,5,0,1
719,0,0,3.6943999431934746,1.0990250698039616,-0.13284392893726624,2.3117144974211916,1,67.65542866259896,70.99515283631686,1,4,0,1
720,1,0,1.185969080779006,-0.5698406072597451,1.8102297114699117,0.0,2,41.80714177207123,45.21134296700267,0,2,0,1
721,0,0,3.91692845816829,-0.7904505196702781,-0.08724433346017724,0.0,1,38.252971178921534,51.75259210586487,0,3,0,1
722,0,0,1.635627211583528,0.33023145235106216,-0.33324130047968703,0.0,2,54.68383187166916,56.71945475016584,0,2,0,1
723,0,0,1.1283990939888477,-1.0197353657440917,0.25344006959261883,0.0,2,25.46279071923826,43.948486688656914,0,3,0,1
724,1,1,1.0321495511416512,-1.077495993282603,0.49886772426123216,0.0,2,34.07100958052488,54.51383260562017,0,8,0,0
725,1,1,1.6379622079740994,-0.22169815876034585,0.23093353076410278,0.0,1,47.312952761312445,60.5361599598083,0,7,0,1
726,0,0,0.8925275795176897,1.910441649852105,-0.6321143639102064,0.960196146584325,3,80.75590997324954,76.25077211637871,1,5,0,1
727,0,0,1.1328343365397353,-0.2721771030017063,0.3707981477284733,0.0,2,46.278814122556014,58.47817034356227,0,6,0,1
728,0,1,2.868120122581891,-0.1844995476136021,0.5816691109381231,0.0,1,100.0,47.5102197458284,0,3,0,1
729,0,0,1.5999429272491283,0.018947000854232662,-0.47999947395272763,0.0,2,50.54345414227669,52.008570549151955,0,2,0,1
730,1,1,3.284241749491187,0.14720391508371064,2.1000194818116964,0.0,1,53.04447433972792,54.54150603877246,0,1,0,1
731,1,0,0.7578066881042537,0.4539304909364458,1.1140999020554516,0.0,3,57.03343578480159,57.39798303233411,0,1,0,1
732,0,0,2.03989081984902,-0.11147867128445006,1.156615306938129,0.0,2,51.203599735847334,54.19446696157401,0,1,0,1
733,1,1,2.136827073664059,0.09122104936650939,-0.017980221077003127,0.0,1,51.35392618053141,56.06947779559628,0,3,0,0
734,0,1,2.004830925476612,0.1999716200572059,0.852134806425142,0.0,2,52.50639065265352,56.71597451774443,0,2,0,1
735,0,1,2.1380999703836365,0.022268647048383102,0.21779412892035335,0.0,1,49.23329475157992,60.53336301734821,0,2,0,1
736,0,0,1.5555168051008266,-0.38757855424046705,0.9149198007501789,0.0,2,43.53638635623842,51.423688324308145,0,4,0,1
737,1,0,1.0576839203679405,0.7298403899265807,0.06983765318184966,0.0,3,62.85456751059071,61.37135603524251,0,2,0,1
738,1,1,1.473912815898446,0.06789257391540889,0.05024047694448091,0.0,2,49.491897603993394,58.03894961765426,0,3,0,1
739,1,0,5.538740132215044,-1.0101126292336888,0.569177489636197,0.0,1,34.7551059138499,48.93854335903518,0,3,0,1
740,1,1,1.2554151399565225,-0.31397340646659583,0.1954685327433041,0.0,3,45.05726831239174,54.43268701952799,0,3,0,1
741,0,0,1.4317220303140263,-0.22440224006510098,-0.10774984735341063,0.0,2,46.88653398505306,56.65751219646846,0,4,0,1
742,0,0,2.200566385992994,0.6049027098845,0.7311887295175694,0.04860739208730233,1,54.966678151850104,68.25171139632268,1,4,0,1
743,0,1,1.334986359364573,0.37422125027349973,0.4287435196742478,0.0,2,54.288523474168244,67.70732502102993,0,7,0,1
744,0,0,1.0291701167390028,-0.1614453057259297,1.1453263908769877,0.0,3,49.31478947606055,66.15952435615026,0,9,0,1
745,1,1,2.4571337648770477,-0.5766287493799284,0.2836547374849902,0.0,1,42.39656756497216,48.33210993011782,0,3,0,1
746,0,0,2.8803582994162733,0.6052560819477055,0.0818002706996052,0.08657574033994991,1,58.699553877723105,70.96077758102184,1,4,0,1
747,1,0,2.435980956288279,-0.7850959161557215,0.5131692745862217,0.0,1,38.67561754260567,55.74547963521408,0,7,0,1
748,0,1,2.678723457789456,1.1114142645396408,-0.33918498932638774,2.0103158338374607,1,60.595646182450864,66.51256803320625,1,3,0,1
749,0,0,2.6435937172403525,-1.96397736459365,-0.2524090743955183,0.0,1,19.174302367261397,46.54735171438002,0,7,0,1
750,0,0,1.1152499686709885,-2.142269776900012,-0.06954293280763293,0.0,3,17.279004922234048,35.00001523201581,0,3,0,1
751,0,0,1.658134085146526,-0.5160512172967305,1.2915072038296853,0.0,2,43.48430745436287,48.37319658493639,0,4,0,1
752,1,1,1.115525465323903,0.051702822187999674,0.30072107067817316,0.0,2,49.91881723632284,56.95572627271143,0,3,0,0
753,1,1,1.0831564487259198,-1.7146551168021695,-0.21259809643853686,0.0,2,23.753061292364418,39.471494311665666,0,3,0,1
754,1,1,1.1989179797984593,-0.8786690608908839,0.6363177944394626,0.0,3,37.14703245802658,51.29911043913287,0,4,0,0
755,0,0,1.3101388738581718,-0.08360390588566792,0.33453657563824163,0.0,2,49.242126651172214,65.93986081186272,0,5,0,1
756,0,1,1.3084600095243897,1.0439217162434635,-0.05571263241051315,0.0,3,65.88281585361251,58.76052964322493,0,4,0,1
757,0,0,1.468756565887879,0.6358299572877097,0.5568806157392392,0.0,2,59.438085492375706,75.19746814099061,0,9,0,1
758,1,1,2.782577736198619,-1.1753901402364098,1.3866256002754476,0.0,1,31.991676477910858,45.6340494327183,0,4,0,1
759,1,1,1.6848795361801043,0.2388393740964376,0.0047278574748097916,0.0,2,51.647653368359144,58.40880183498247,0,4,0,1
760,0,0,2.5483963665763536,0.3860935196595955,0.3137991003633375,0.0,1,53.449286303591165,59.49514830156085,0,4,0,1
761,1,1,3.622012553266162,0.4232744796073973,0.4495619694478084,0.0,1,55.406099466895824,66.53769641757242,0,5,0,1
762,0,0,1.0767049318494726,1.2558790926953187,0.02276585703215774,0.0,3,68.03402483076138,69.3963622378829,0,4,0,1
763,0,1,2.213656518426352,-0.13204815361432098,1.0430369721165336,0.0,1,47.2636302720963,64.59049649087284,0,4,0,1
764,0,0,1.93827432287001,0.9066298905960569,-0.49857360724586236,0.5932483036235241,2,63.04364230584104,66.57660747346348,1,3,0,1
765,1,0,1.218197750924443,-0.42801381324012194,0.030355669814114996,0.0,3,45.10728428064286,59.517438425884166,0,3,0,1
766,0,1,1.5148980813966706,-0.7586608054963072,-0.7037531245467813,0.0,2,38.36175386264639,45.86810334553381,0,1,0,1
767,0,0,2.46201763759021,0.14057377884468186,0.9015136415523908,0.0,1,54.180308719391896,51.05143790047889,0,2,0,1
768,0,0,1.284236054352689,0.3310215025679676,0.26083209489380366,0.0,2,54.90474062640692,67.62020921527753,0,6,0,1
769,0,0,1.4596737081739832,1.4068651557112828,0.16148780290847461,0.8708837909008,2,72.03329906294047,79.3472891862998,1,8,0,1
770,0,0,2.553390458359601,0.604977453273043,-0.16808771452937285,0.09228752818451072,1,61.73892434171512,71.50613797060944,1,9,0,1
771,1,0,1.399845863736476,-0.46290975286015035,-0.6039179833533842,0.0,2,41.47676538568119,49.04194892603982,0,2,0,1
772,1,0,1.527790226706415,0.7540820946223327,0.14140789722283828,0.0,1,60.92559153672979,62.51964780694042,0,3,0,1
773,1,0,1.3591432043269378,1.3714863230481869,0.554877223378016,2.967201646749966,2,69.945887482597,77.18231673076035,1,6,0,1
774,0,0,3.1597499047994466,1.0167211474929378,-0.03172983312456136,2.1632454182402783,1,64.3775597163565,63.05382288140311,1,4,0,1
775,1,0,2.142275082915927,-0.22731564753513278,0.18599715385958726,0.0,2,46.86059620900996,60.2212476768185,0,7,0,1
776,0,0,1.5446929002308862,-1.8722433719975713,0.07259504382817147,0.0,1,22.53792147694169,35.89458434464588,0,4,0,1
777,0,1,2.170356651743158,0.05181587878923917,1.1859536140442404,0.0,1,51.36615590077732,60.61797472946521,0,5,0,1
778,1,0,4.917794123394408,0.4950627336917099,-0.25852682356030654,0.0,1,57.41272847088047,78.05876086476295,0,10,0,1
779,0,0,1.2935567280876346,0.7428528014531,0.35813877282171974,0.0,2,59.409729591615196,75.16062226477266,0,7,0,1
780,1,1,2.148323560332909,0.514816355312123,0.20605228953648191,0.0,1,61.99733904188109,63.47267090337604,0,3,0,1
781,0,1,1.7312664351170297,-0.5220726387111793,-0.06553441764645816,0.0,2,32.38283057620998,49.47880009574762,0,4,0,1
782,1,1,1.4573540290837548,1.7493145666546372,0.008565146420827079,2.6516688416902836,2,77.55107463557175,74.92729734813305,1,3,0,1
783,1,1,3.482983482912241,0.14141233753297766,0.365576521090917,0.0,1,50.949072414296765,55.5430233745723,0,4,0,1
784,1,0,1.4437567022353026,1.307061204976255,0.13499717428692168,4.086402918750162,1,68.50649393234359,85.02043719415047,1,10,0,1
785,0,0,1.8018550645603228,0.5687631239536464,-0.6379611967008283,0.0,2,58.23041311848852,73.76727351114313,0,9,0,1
786,0,1,1.9147624186402812,-1.0589871056291293,0.1515527615948308,0.0,1,31.919488345339232,50.488074729207874,0,6,0,1
787,1,1,1.9373871846349706,0.8811842840793073,-0.09583168470095517,0.474803621401585,2,66.19003327809223,64.50098925811976,1,3,0,1
788,0,0,2.1986075406468752,0.31681397394008587,0.1319593217639834,0.0,1,55.96036819391498,73.10467088260498,0,8,0,1
789,1,0,2.6857195159878193,-0.6018096737577059,-0.49393948819913536,0.0,1,40.86140244641766,53.00054041768789,0,4,0,1
790,1,0,2.5074642552174535,0.7859946609889661,0.32958764977960575,1.89354109989457,1,60.910313050556255,57.73984661751538,1,3,0,1
791,1,0,3.359294402260745,0.3357725775569356,-0.14579978210810643,0.0,1,56.27886866167758,59.163040474469504,0,5,0,1
792,1,0,3.2606576216257,0.23778431156084753,0.33842048163655347,0.0,1,54.120536122111396,65.29868089257319,0,7,0,0
793,0,1,1.2364581964940293,1.5842457398401797,-0.5429120961766397,2.1543104172616183,2,70.74332467562093,76.17215391654362,1,4,0,1
794,0,0,1.82897170558212,-0.6288023711422939,0.7861377851267659,0.0,1,36.127334218850436,52.52742087154353,0,3,0,1
795,1,1,1.5959598035957279,-0.9539598636075536,1.0266220290048633,0.0,2,37.09738551578699,46.64382651323339,0,4,0,1
796,1,0,1.0990460015284398,0.7041297146628376,-0.13651354809413513,0.0,2,59.899170961667636,62.847550908279345,0,4,0,1
797,0,0,2.793311356401367,0.8702891116539403,-0.11757747320201173,1.6906246087260386,1,63.84624496151325,63.43749028604924,1,4,0,1
798,1,0,1.5012040955854768,-1.0239063910961126,0.3057093486115648,0.0,2,36.90347448687265,47.124175352586356,0,3,0,1
799,0,1,0.7880167954622481,-0.6770145185867238,-0.5505120864625541,0.0,3,40.50155102649472,53.25477786639674,0,5,0,1
800,1,0,2.1643258641806837,-1.058306456134876,0.758308079806093,0.0,2,48.39531233077241,48.725606404373764,0,5,0,0
801,0,1,2.0164196102392027,-0.7079319522941158,0.5094179473405316,0.0,2,40.06848088070203,49.056157297951785,0,5,0,1
802,0,1,1.3992787631518495,-0.2132273115401626,-0.05897342590586889,0.0,2,84.66659301052795,60.119714318646835,0,5,0,1
803,1,1,2.0390246540510666,2.646557146461102,0.04440672972177125,9.25582453537392,1,88.9949260149212,89.91378731303195,1,8,0,1
804,0,0,2.5572205843164166,-1.479556470168824,0.776855837682213,0.0,1,27.634293561713555,47.6018326381269,0,5,0,1
805,1,1,2.62427851068955,-0.3673455265974652,0.0961419939428084,0.0,1,43.861376036516255,52.328091190772376,0,4,0,1
806,0,0,0.9607095296551169,0.11310793371073419,1.2523995902561056,0.0,3,51.63910786914467,49.44889907294543,0,0,0,1
807,1,1,0.673143193193961,0.5891397683424617,0.9959112223086289,0.0,3,60.59065456435382,84.34745244135442,0,9,0,0
808,1,1,2.055145886764385,-0.5723975662858952,-0.004874032765498354,0.0,2,47.894818233495656,63.881612182396424,0,8,0,1
809,0,0,2.203254577798207,2.0501063067977032,-0.8985548802286524,5.9077515930763855,1,82.3673443445921,81.83094918851768,1,3,0,1
810,1,0,0.8425622252242261,-2.220952059650859,0.5111031738932871,0.0,3,18.05003357387067,30.5819088475579,0,3,0,1
811,0,1,3.302137245115045,0.48284833856346543,0.5820260715030691,0.0,1,32.43670503639585,63.02228559329073,0,3,0,1
812,0,0,3.222969519262843,-0.21150521519137044,0.4002082030510892,0.0,1,45.375320755314526,59.01212011631629,0,5,0,1
813,0,0,1.686783082908203,-0.2120273823010836,-0.31378092633332705,0.0,2,44.01322787553667,69.41576541032993,0,11,0,1
814,1,1,2.1526460889818084,0.768915750803775,0.7002213232721894,0.5351200040003294,1,62.86148662503027,64.78777178146065,1,3,0,1
815,1,1,1.3812348391111784,0.03095008373861616,-0.17067248540108929,0.0,2,51.726718415308476,53.17514519855134,0,3,0,1
816,1,0,1.1400184494020575,-1.2688100484091949,-0.2627740950943627,0.0,3,30.477332901147637,41.800762115893384,0,5,0,1
817,0,0,2.29019674205533,0.34175568933110634,1.591028089260364,0.0,1,54.64877501389752,59.15310796582619,0,3,0,0
818,1,1,1.8571671788223545,-0.8430516430939083,0.006878908885456874,0.0,2,37.150566389703734,49.26326524658435,0,6,0,1
819,0,0,1.2943352355673676,0.9330529807920482,0.19379311166340707,0.7702095659523083,2,66.2225763644126,64.78144900120054,1,3,0,1
820,0,0,1.0486481678644415,-0.07039398783563121,0.02305663673752902,0.0,2,49.626368379669124,60.86225076678239,0,8,0,1
821,1,1,1.1293035502606652,0.2945038723813478,-0.3522585615166466,0.0,2,54.92002805304539,63.594920280560736,0,4,0,1
822,1,0,0.6278608990751907,0.972620995989926,-0.1364668294257453,0.0,3,64.41492030917576,76.1718641155029,0,8,0,1
823,0,0,6.482703940518125,-0.046922997625837334,0.3867102152785868,0.0,1,50.18975135761404,55.89564728211815,0,4,0,1
824,1,1,1.7674304593245596,-0.007339465061693844,0.1286887101417108,0.0,2,52.78694294259243,60.723074500968366,0,5,0,1
825,1,0,2.413920878663273,1.036068139034352,0.10952041213403871,2.444424055764844,1,64.9718001436528,70.19143897433638,1,4,0,1
826,1,0,1.6928850899185104,-0.08011643561503856,-0.3410884375111636,0.0,2,48.832334048160796,54.53889259972351,0,2,0,1
827,1,1,0.8396435180812882,-0.10695576780838038,0.06866367118870864,0.0,3,50.22939030390378,56.28746588134122,0,4,0,1
828,1,0,3.414711704210284,0.7125333261933783,0.3112741108800406,1.616720557498391,1,68.43366563180959,61.08451566067273,1,2,0,1
829,1,0,1.488871534333671,1.3245326221448932,0.26610981704153513,1.85853024471328,2,71.37507230531268,69.19760924564353,1,4,0,1
830,1,0,0.698108887219809,0.8168302299477095,0.309151546308955,0.0,2,71.81011871494482,62.69090545726278,0,2,0,1
831,1,0,2.4869443840179266,0.6276193212994315,0.37948551413598963,0.8072208507335485,1,59.973046039490065,72.54045595136824,1,5,0,1
832,1,0,2.438288942287003,-0.13566771030487748,0.2733756969603637,0.0,1,45.677711708274494,55.35051788455779,0,4,0,1
833,0,0,2.2263169336333792,-0.3635592583012541,-0.2703564346809829,0.0,2,44.78017602949483,56.718236358565406,0,4,0,1
834,0,1,2.2065739194938576,0.3294891038772794,0.1322465654695886,0.0,1,51.44254717483207,64.62719320992416,0,6,0,1
835,0,1,0.8199131517209896,0.6372458925137093,1.159527665863412,0.0,3,62.13720830528896,66.07106968162533,0,7,0,1
836,1,0,2.198907262468156,0.02525263949455775,1.517589457368673,0.0,1,51.25459015009614,55.88725128737397,0,6,0,0
837,0,0,3.0741705784938937,0.11242473867380268,0.08350612767194675,0.0,1,53.18227453355885,52.12690209497695,0,2,0,1
838,0,0,2.6527684579856112,0.809750057124238,0.12425895158961019,1.5306660425466028,1,60.955797142836815,77.62301877074364,1,11,0,1
839,0,0,1.7488877333995507,-0.6435982430171598,0.47622264585875496,0.0,2,39.31438268217793,51.79672069345399,0,3,0,1
840,0,1,3.817798020555438,0.06303821843422157,0.44497212179984863,0.0,1,47.72022127568788,67.86195756662288,0,6,0,1
841,1,0,0.875362984745548,-0.9246056096270429,-0.6028861296321947,0.0,3,36.19651296613978,48.901980762032075,0,4,0,1
842,0,0,3.333085060178686,-2.371105332743305,1.1464703826055542,0.0,1,14.281011654730765,33.49821893975237,0,4,0,1
843,1,0,0.9979627835167992,1.8167494553097439,1.127264178123213,3.207741790450962,2,79.86855248075487,72.5156551130924,1,6,0,1
844,0,0,0.7582820838926827,0.15243002120825846,0.3229709792256247,0.0,3,51.946175851479694,54.5594672765174,0,4,0,1
845,1,0,0.7545658808682877,-0.8342232764286109,-0.2642203834265883,0.0,3,34.74391926275865,51.38340380876318,0,5,0,1
846,0,0,1.8535452228430829,-2.2177230946148705,0.14526371195691457,0.0,1,0.0,28.57252669734907,0,4,0,0
847,0,1,1.0083400865774597,1.532173972280374,-0.12609229865444682,0.0,3,72.86165013436171,70.1057901474388,0,3,0,1
848,0,0,2.1943729736701667,-0.7801154386666946,-0.1847378859624136,0.0,1,39.535421498160616,51.87075342469427,0,3,0,1
849,0,0,1.753981380250716,0.29565480331656613,0.2563259710768074,0.0,1,53.295706492907954,62.96117901877807,0,5,0,1
850,1,0,1.861522226857356,0.4233192095095992,1.412691144322069,0.0,2,55.24714363524032,55.71141231115033,0,4,0,1
851,0,1,2.462011975219807,-0.5445781447286667,0.036920641637734584,0.0,1,43.01887639898669,58.822213093948186,0,8,0,1
852,0,0,1.9668821902817755,-1.4674171245575003,0.9204192115420341,0.0,2,50.29190130301859,51.53695997120032,0,7,0,1
853,1,1,2.839804049190651,-1.4415950207266046,0.18571100950387673,0.0,1,28.574882850219307,43.01321058176841,0,6,0,1
854,1,0,1.1561757470196266,0.06953295394145602,0.5504172178217711,0.0,3,51.3770370083533,65.83683540723142,0,7,0,1
855,1,1,2.1179113785628663,0.17285120233196152,-0.055608272747827966,0.0,1,54.226449364708905,60.830693064542814,0,5,0,1
856,1,1,1.784544535855398,0.042169179280193536,-0.04986972126770938,0.0,2,51.4633413165437,58.044897569715346,0,6,0,1
857,1,0,2.0625864520751778,1.234520783269302,-0.9583385742708554,3.5397890622219315,1,68.67853229187165,82.21389424108972,1,7,0,1
858,1,0,2.3735509903435226,0.6314396601089309,-0.6846047544462587,0.0,1,59.56092177273733,70.21001168231429,0,8,0,1
859,0,0,0.9548044426796941,-0.6711211678563161,0.15684104319391556,0.0,3,38.78319984317295,54.951630817439614,0,3,0,1
860,0,0,2.2419209483893265,2.1414699937823434,0.21970551555009887,6.999190331973055,1,81.02800698633467,74.83982702674386,1,2,0,1
861,0,1,0.5413535517622432,0.2473786570081751,-0.17792039950191538,0.0,3,53.03414792870999,65.1640153688813,0,7,0,1
862,0,1,0.8542711492518055,-0.6530227095214673,1.0116606951760743,0.0,3,41.92188679337404,52.12178404699233,0,4,0,1
863,0,0,1.6781809870547129,-0.5637366449163635,0.2490556037586348,0.0,2,40.78831956285247,55.823891114036144,0,5,0,1
864,1,0,1.609900060138395,-0.13666707858137866,0.2749895706103167,0.0,2,47.15749428495731,56.921946702759996,0,6,0,1
865,0,0,1.4192820374895938,-2.568788745785654,0.1475341663052838,0.0,2,12.192434310738058,37.334413156944535,0,7,0,1
866,0,0,2.4946228924008644,0.32781896998344695,0.24015781942861406,0.0,1,54.71762351845012,71.53020318754979,0,9,0,1
867,1,0,1.954744047782509,-1.3357593208191016,-0.07715037188895657,0.0,3,26.84953642642381,38.977625902031335,0,2,0,1
868,1,1,3.2876064654101502,-0.5317562002878302,0.7859613191466639,0.0,1,9.482313202488399,53.821480326296516,0,6,0,1
869,0,0,3.8339058176293443,-0.8352275255697906,-0.05339751443747415,0.0,1,34.61138453477022,57.518418921898665,0,5,0,1
870,1,0,1.0048957866560317,0.37870161434847693,1.384918160582534,0.0,3,25.44310518780702,62.7028797746593,0,1,0,1
871,1,0,1.5741178314059237,-0.8786437506207696,0.06126171029168601,0.0,1,36.01765058274481,52.4061603945583,0,7,0,1
872,1,0,1.1797272146906945,0.5565236315001678,0.21108479278950432,0.0,2,60.005542111779725,70.98456669652387,0,11,0,1
873,0,0,1.7053795078152394,-1.5483078923539357,-0.05657040388675297,0.0,2,26.240345535340765,43.59248850945797,0,5,0,1
874,1,0,1.287567938259787,0.39468854808596315,0.9144745751789128,0.0,1,56.25454450897414,70.89419856876414,0,8,0,1
875,0,1,2.9290857913065578,-1.2504676126661118,-0.16529462835411723,0.0,1,28.66269870476611,51.513491387286464,0,7,0,1
876,1,0,2.0146637563732717,0.12672646140474791,0.15157767821264656,0.0,1,52.35488784450035,61.438149988589245,0,7,0,1
877,1,0,2.3145314235625816,0.9276313435703059,0.30423800453429906,1.089797683039043,1,63.270203684696234,84.92168023969741,1,10,0,1
878,0,1,2.170777513601619,0.13837134886310012,0.3768420997357468,0.0,2,52.368377728725385,58.86901364374921,0,3,0,0
879,0,0,2.9553015216198677,0.2343014024824269,0.960252725171115,0.0,1,54.379285569043134,59.68779816889186,0,4,0,1
880,1,1,1.9798254292572328,0.02754556598898228,-0.025703847035396667,0.0,2,48.040284226242946,58.8575035720421,0,6,0,1
881,1,0,0.8183142632786204,-0.5549752337112009,3.6270638434877744,0.0,3,41.16508841022913,50.69795362777765,0,3,0,0
882,0,0,2.23011693422593,0.6498310693590331,0.059734603851987936,0.0,2,60.16669911281324,68.86015910234069,0,8,0,1
883,0,0,2.677997586701968,-0.9047538961600388,0.2832701051397322,0.0,1,100.0,45.60597570341808,0,4,0,1
884,1,0,1.1559400469041843,0.14601545716674003,0.7774622747782446,0.0,3,51.1240929786571,56.67886924126332,0,4,0,1
885,0,0,3.8540870676414114,-0.058392262649252485,0.3001450031316292,0.0,1,4.683880988014415,53.515903538764945,0,1,0,1
886,1,0,1.3064462707914655,1.1251460590823805,0.049803619470873625,0.2187243839233648,2,66.86270620063425,65.17021477885876,1,3,0,1
887,0,0,0.7945835112450332,0.012805806756359586,0.45202706850634894,0.0,3,50.77826378040609,64.80056618112931,0,6,0,1
888,0,1,2.2434585169471446,-0.3758410460845518,0.05131190808617152,0.0,1,45.49053081426196,53.477697962518654,0,4,0,1
889,0,1,2.008750849424367,-1.3292036590358522,0.13433313794167712,0.0,1,31.520304812767154,52.892319391527764,0,7,0,1
890,1,0,1.026140854977941,-0.5380447311077318,-0.2942024102217953,0.0,2,41.87858432666273,51.982757500751305,0,4,0,1
891,1,0,1.5149017709050785,0.3384144331964528,0.18710795281432807,0.0,2,49.92659823222568,62.94434692487692,0,5,0,1
892,0,0,2.4595684412655925,0.32389957971662636,1.4372549398178194,0.0,1,54.78396140457312,63.148700431411875,0,5,0,1
893,0,0,1.7507453638149773,-0.2398256666732223,-0.541868899524342,0.0,1,47.63427377706167,53.06176415368538,0,4,0,1
894,0,1,3.871280110679433,-1.4533945057341586,0.7020914764053814,0.0,1,29.433074349776028,39.90676662678757,0,3,0,1
895,0,0,1.1235444301658049,-0.37510556819654467,1.8739525580888072,0.0,2,44.61451004414423,63.47700685497389,0,7,0,1
896,1,1,1.1610227804207993,-0.7196293325924158,-0.014555292821628648,0.0,2,100.0,54.68846371434174,0,7,0,1
897,1,0,1.2255920047775606,-0.7469742986026052,0.9656043062086278,0.0,2,39.131637572655436,51.24909816467252,0,5,0,0
898,0,1,1.024122870587273,-0.0798763389639883,0.5487607798745654,0.0,2,47.6293994492526,56.92054832497324,0,2,0,1
899,1,1,2.679843849693825,-2.068456480211506,-0.11006643051280905,0.0,1,17.4944062856721,42.459574920923224,0,6,0,1
900,1,1,1.4787318226050898,0.9161416397009849,-0.5475930201610215,0.4988429630479779,2,64.3278378254901,68.74471117157604,1,4,0,1
901,1,1,4.1458193673652195,0.9407426542640485,0.8483770783565722,1.2959858003798683,1,63.625760785620244,63.40352911784565,1,2,0,0
902,0,1,2.506078319060706,-0.5176622437367387,1.093159091476628,0.0,1,42.44877398752003,57.08074955691786,0,7,0,1
903,1,1,1.9729374524501369,2.2837734489496864,0.8901601569725661,3.5677726993391357,2,85.59890824479862,87.38463598511332,1,6,0,1
904,1,0,3.2867396482080515,0.8162644153271408,0.12276912253082393,1.2635557588542392,1,61.01247871277077,70.6328457742448,1,4,0,1
905,1,0,0.8260292429306618,-0.39461512218443545,0.7955516073717465,0.0,3,47.15152242009469,69.26725829402747,0,12,0,1
906,0,0,1.810312172954113,-1.1962415888781053,0.5757912588190809,0.0,2,32.42099331273954,49.520689858975686,0,6,0,1
907,1,0,1.333907347046755,-0.7217043558229701,1.081674548804194,0.0,2,39.17093303618847,48.42708212114709,0,3,0,1
908,0,0,4.1542475030796115,-1.746634169645953,0.44847743089588565,0.0,1,30.175691658430964,47.220913784814755,0,5,0,0
909,1,0,1.2060646694108115,-2.151133756514447,0.11451499660872085,0.0,2,4.256738420080966,41.02967319510369,0,7,0,1
910,1,0,1.053478610168281,-1.011583906737489,1.1808738756503017,0.0,3,35.115909448128875,39.676444576482524,0,3,0,0
911,1,0,2.1501566876213953,-1.3383823183143597,0.14199478094112136,0.0,1,30.49163388901905,54.98851335401034,0,9,0,1
912,0,0,0.49951050808047415,-1.8893271013180923,0.7588463239858664,0.0,3,27.89398653217806,51.08272573900056,0,10,0,1
913,0,1,1.5612365505300396,-0.2334690329122757,0.5658744143350154,0.0,2,46.17631424124203,59.837483252431525,0,7,0,1
914,1,0,1.1870610227608553,-1.1815913450313464,-0.3046230265879368,0.0,2,31.77731289236002,51.523175240129326,0,7,0,1
915,0,1,1.7150898553319855,-0.24651770143014315,0.6403313154483028,0.0,2,41.6756929660284,55.27174089600051,0,5,0,1
916,0,0,4.195609809852839,-0.1008968458961209,0.07573747377204004,0.0,1,46.36016274780422,46.84561087302077,0,3,0,1
917,1,0,1.547300762729036,-0.22700032338308176,0.5004765265765988,0.0,2,48.35435147123678,53.20276988533294,0,1,0,1
918,1,0,1.0097205967546872,-0.6930161223623207,-0.17608314501303673,0.0,2,39.05247131655531,52.76510587458188,0,5,0,1
919,0,1,0.8818511219721848,0.5864697027791216,-0.41231066265027405,0.0,3,58.75931892793581,65.08491004874213,0,5,0,1
920,0,1,1.4883645190287118,1.0055726535217244,0.08105058420311424,0.09329963321222806,2,65.50176709975749,77.65540157754701,1,6,0,1
921,1,0,1.4712196037155165,0.6501179133051235,0.21555590171999567,0.0,2,58.1503990992343,69.36993029057514,0,6,0,1
922,0,1,1.6057399946544673,0.385142156234367,0.8127279160793989,0.32657880262693806,1,55.17303167088646,65.37921923006074,1,6,0,1
923,0,0,2.853700822947645,-1.0285417342043175,-0.15011313023029868,0.0,1,36.15596963898383,44.19229213949613,0,5,0,1
924,1,0,1.613089834893232,-1.2026329693532587,0.8185078438884905,0.0,2,34.77903690462094,47.993930189576616,0,4,0,1
925,1,0,2.483392845152846,-1.0852924106430557,-0.38981439973678456,0.0,1,32.96226110545545,61.89456738907987,0,11,0,1
926,1,1,2.560925197354533,-0.9074204935840832,-0.0036482331755109797,0.0,2,32.96253952792992,51.78421491545327,0,6,0,1
927,0,0,1.6989243019053395,-0.30420001641181577,-0.13085616728018498,0.0,2,47.03390295485264,58.0337583320204,0,7,0,1
928,0,1,1.4404251244731063,-0.2501008699599012,-0.23042826533084493,0.0,2,46.3064859038184,54.57348251003835,0,3,0,1
929,1,0,2.1034731396135724,0.6744650694827035,0.0504752849672119,0.5905366846187183,1,60.55246687535758,64.5731304264396,1,5,0,1
930,0,0,3.302963268159506,-0.21788444310164987,-0.5331597661107969,0.0,1,46.324969161084454,60.68522909905036,0,5,0,1
931,1,0,1.8029443354682406,-0.8409670747103174,-0.3106153996020757,0.0,2,37.85537968661365,56.72591156792486,0,8,0,1
932,1,1,1.8136481550702372,0.33265719739953153,0.08685578006859192,0.0,2,52.635263282835645,56.35708440349111,0,2,0,1
933,1,1,1.7545983052939704,3.7566983290008875,0.05330027028912295,13.593584734570948,1,97.4139235872835,100.0,1,10,0,1
934,1,0,3.385455506512505,-2.3397907842296783,0.46288797985694424,0.0,1,14.906598576763319,42.033142381532656,0,6,0,0
935,1,0,1.5967275222336565,-1.2503350072002672,0.6881214431008357,0.0,2,30.206187165598116,54.80850643700536,0,7,0,1
936,0,0,3.5976733408261086,0.6387783121230356,-0.40011709478147695,0.0,1,100.0,57.36579929459714,0,6,0,1
937,0,0,1.9059303194992714,-0.7757349036224983,0.5216628444023488,0.0,2,38.093190657927025,49.28253872074751,0,5,0,1
938,0,0,1.964948656305785,2.24861726021039,0.6166946544838853,7.415889330019264,1,84.1977767323423,88.12691613081856,1,7,0,1
939,0,0,1.8995425429341641,-0.41677635539358354,-0.2857237515307811,0.0,2,44.09675342279176,60.34789001553008,0,7,0,1
940,0,0,2.7324443930490427,-0.7087515534234458,1.0330081667370974,0.0,1,39.57524821604955,52.97255982740514,0,3,0,1
941,1,0,1.3256170381792332,0.13882788914803315,-0.23141955386913027,0.0,2,65.89219266938021,65.44767469778583,0,7,0,1
942,1,0,2.36552124937902,1.4387309420231813,-0.3673836667722205,3.9217825475913974,1,75.04576332886533,70.77083182609948,1,4,0,1
943,0,0,4.038962943719229,1.3402838083049826,0.29126377098519907,3.754228490943659,1,64.87756783623587,78.14740526241155,1,7,0,1
944,1,1,2.01697562107277,-0.8051307617105543,0.8065076406532846,0.0,2,37.42549050816207,52.210318571759096,0,4,0,1
945,1,1,2.804541201151797,2.192808346223101,-0.18780080663053003,7.39712243056428,1,72.86302261815031,73.43463935415043,1,1,0,1
946,1,1,2.9323137153239758,-0.8170664911770616,-0.21083010219456952,0.0,1,37.57358608262837,47.3100744797841,0,3,0,1
947,0,1,1.1922419220719926,0.042440668238718685,0.5800915211462926,0.0,2,51.36089371529508,60.48860219075518,0,6,0,1
948,1,1,2.6725433489518466,-0.02178431528500682,-0.45586050371041636,0.0,1,46.84280818735036,53.177096129233675,0,3,0,1
949,0,0,3.404957139123423,1.1658909339520738,-0.5697956634671472,2.3926258049410114,1,65.33815444313383,69.08634359402322,1,6,0,1
950,1,0,0.8588916860713905,1.619202397644981,-0.21500592376212138,0.4048914646521277,3,74.22631101253536,86.12075926837873,1,9,0,1
951,1,0,3.925631696654032,-0.04574718629783273,-0.07671978241180724,0.0,1,49.93850477475761,56.92473881145302,0,4,0,1
952,0,0,2.8788634271190556,0.8160243416911108,0.7714520774966609,1.2300234807244737,1,60.72350776166537,65.27355802068845,1,4,0,1
953,0,0,2.6938016244950704,0.776595353951673,-0.383661337054002,1.3501828738605721,1,60.690096636119904,63.06358485546717,1,2,0,1
954,0,0,0.7693667086055522,0.5897483532138856,0.2913653027894235,0.0,3,58.97897391402075,70.54017371976425,0,6,0,1
955,0,0,0.8418142687151752,-0.24869024644859916,0.30604421668924847,0.0,2,23.868361938508787,60.155575205614326,0,6,0,1
956,0,1,2.308723002004666,0.35397209500526805,-0.03613497234492293,0.0,1,81.84619063716634,56.45667583626801,0,3,0,1
957,0,0,1.719188421817306,0.2598946025502435,-0.1777685459054922,0.0,2,53.81107127675664,66.40448862583334,0,6,0,1
958,0,1,0.6038389817992692,0.5228484276669769,-0.313071854335304,0.0,3,56.89427137330691,58.81897563100715,0,3,0,1
959,1,0,2.762620641539206,1.0547564685644715,0.9229566716964916,3.1895097575083127,1,67.70951580662216,68.93329083717397,1,5,0,1
960,1,0,2.3739812575210153,1.001214478373632,0.6933694376345729,0.20047006163142606,2,65.7752764041515,71.0545487020698,1,5,0,1
961,1,0,2.7950852421918553,-0.4771340875602603,0.2748895830996902,0.0,1,42.36052306777009,55.91052246988953,0,7,0,1
962,0,0,1.7179899800336513,-1.5600400608574776,-0.5857811888988741,0.0,1,26.677824047918723,33.52635711111571,0,4,0,0
963,1,0,0.8469417278631557,-1.0563788596372765,0.3674758700312182,0.0,2,34.66780818457145,57.89346732477556,0,4,0,0
964,1,0,0.8689964712025529,-1.7352088758319948,-0.1935447373470765,0.0,3,24.28017373732338,34.905105729258324,0,4,0,1
965,0,0,1.2254636475986056,-0.6862255718508123,-0.12103343839330323,0.0,2,40.160537471888496,57.55706323846899,0,7,0,1
966,0,0,0.2798904966057302,0.09329976344797644,0.9901300769570492,0.0,3,53.89055058151867,58.616014002053134,0,3,0,1
967,1,0,1.2930763799533573,0.23545093426987582,-0.07676029584817252,0.0,2,54.28340488370577,61.202779659812236,0,5,0,1
968,1,0,0.9429057281822795,0.3463417355946447,1.3865205828990639,0.0,3,56.334004851966284,61.45946337712125,0,4,0,0
969,0,0,2.023029180020002,0.48839057720890994,1.6601736105290097,0.508317035987969,1,43.684978805186155,62.81803025686286,1,5,0,1
970,1,0,3.5504426812281626,0.4086439273292046,0.24283989499795058,0.0,1,57.550413458727796,70.61340814364617,0,7,0,1
971,1,0,3.456667839596385,-0.8716350617806813,0.5471154564634644,0.0,1,38.344419501620905,47.49247577732493,0,3,0,1
972,1,0,4.56175421968417,1.087457921534663,0.5884184991592055,2.5692125478361176,1,64.76454200769645,79.81339484450746,1,7,0,1
973,1,0,1.6646553036503573,-1.3632428895691682,-0.4256871258093549,0.0,2,29.764695008642654,43.44844839617352,0,3,0,1
974,1,0,2.4723914104141467,-1.8457036401188145,-0.8108690259488559,0.0,1,20.003877985755523,43.64412813408185,0,5,0,1
975,1,0,1.8070911499618159,-2.414657514518791,0.22997676222682262,0.0,1,8.219293251667342,41.23160198454562,0,7,0,1
976,1,0,0.9252117656545268,1.7607806317342782,-0.19152331808295506,2.4985537537466254,2,76.62095915703935,60.27537654721554,1,2,0,1
977,1,0,1.4674244915886887,0.10180877321827778,0.5173432297511696,0.0,2,50.6991225724058,58.25734345552919,0,5,0,1
978,0,1,1.0898367279188939,-0.2993053257358128,0.19209213633195515,0.0,2,45.03522489597463,55.41933725264473,0,4,0,1
979,1,0,1.99400523405248,-0.0026721650027660233,0.46705873891272603,0.0,2,53.89735134768451,54.812966910515,0,2,0,1
980,1,0,1.6076016467642549,0.9168643477958643,-0.20252610253525355,0.04266921914398733,2,63.294827139355746,60.70515768131428,1,4,0,0
981,1,0,2.1072887991375655,0.7426274186176592,-0.5292171477804628,1.5536698132871383,1,61.754129107806975,59.764657250817706,1,1,0,1
982,1,1,1.2543499854127564,0.8511498416774647,-0.15989557320917175,0.04032865851726175,2,62.933575837619316,61.54004700850822,1,2,0,1
983,1,0,1.323255719761514,-1.7336046314337896,0.3042526271847585,0.0,1,24.657001474866732,42.18354421693798,0,2,0,0
984,1,1,1.9688022689521953,-0.3595811643579117,0.08548467429694839,0.0,2,45.26388647342899,54.30001810069709,0,3,0,1
985,1,1,4.751487694623606,0.8476363291140927,-0.03189709031593914,1.4944658603814824,1,61.355781927855084,70.52959262522607,1,6,0,1
986,1,0,1.9181379190321006,0.4773572306548243,0.7712473159104192,0.0,2,57.16222686831452,65.66911889104767,0,5,0,1
987,1,0,1.927922416542721,-0.7004532610520212,-0.059715907313240335,0.0,2,40.74008059453001,65.00894457133785,0,8,0,1
988,0,1,1.8635652489215104,0.06711708907372695,0.44998750194639436,0.0,1,51.03737259585695,60.66616283561399,0,3,0,1
989,1,0,1.5002359701598946,0.04059774884184764,0.7292057865864705,0.0,2,52.71192029548999,66.7736592192047,0,8,0,1
990,0,0,0.8323973768745891,0.6737269713624999,0.38992259308968213,0.0,3,61.26373815966373,66.64677388383434,0,4,0,1
991,0,0,4.661052726050872,-0.021868227487251896,0.1030397627043004,0.0,1,49.522722091080745,68.1177230507198,0,6,0,1
992,1,0,2.3218276727377196,-0.8251290606831085,-0.014505999982728333,0.0,1,36.80014449336415,53.43053469824521,0,5,0,1
993,0,1,5.993704670480808,0.5396725846935103,0.021121101178700943,0.0,1,57.51782359423543,68.58763249006891,0,7,0,1
994,1,0,1.2600724276802537,-0.18983985660336333,0.3839764855019539,0.0,2,46.82408457463548,53.8793552493928,0,5,0,1
995,1,0,2.532737856226479,0.1455045615367398,0.5603901852187358,0.0,1,50.05113316400663,60.4614422671796,0,3,0,1
996,1,0,0.6907160318992044,1.5196189580079007,0.31413365294641576,0.0019654176567160397,3,77.58289318595328,82.84865569475139,1,9,0,1
997,0,0,2.3624505652342815,1.4078999287965497,0.6811363124355218,3.3912324881714415,1,74.50418567277782,68.89964812549267,1,2,0,1
998,0,0,1.1555734511484061,0.25054868369010713,-0.5391468661276282,0.0,3,51.881968947994,65.54088241816102,0,3,0,1
999,0,1,1.5520499885320838,-0.6646980670101454,0.24396310496179677,0.0,2,39.31518641387957,51.419122294649505,0,6,0,1
