candidate_id,G_Gender,S_ImmigStatus,U_wealth,U_prob,H_policy,C_shadow,X_uni,X_code,X_behav,X_ref,X_exp,X_permit,Y_Target
0,1,0,4.158080966688525,1.210028901591554,-0.6283292790757222,4.884983152355584,1,68.60942603725901,73.15543779453333,1,6,0,1
1,1,0,1.616456662315549,-0.1431386914016055,-0.16578041973116142,0.0,2,47.181396374692234,55.93022977425674,0,6,0,1
2,0,0,0.9300703691130509,-0.38442233162011596,-0.21165658069973217,0.0,2,45.930619966114975,59.04747939960173,0,7,0,1
3,0,0,2.2736919801731847,-0.47097664432455766,0.5857588846793382,0.0,1,31.187793124410316,53.02560481616848,0,4,0,1
4,0,0,1.3633946986191956,-0.1686443577605775,1.1814952631071254,0.0,2,46.80888893275557,55.133251908082,0,4,0,1
5,1,1,2.484856535816971,-0.20098080683566766,1.0612670059042606,0.0,1,47.45873600100429,56.78944798747983,0,6,0,1
6,0,0,1.5442924634859647,-1.294888689698549,-0.18428304666606846,0.0,2,30.381418855954426,39.08199280182946,0,3,0,1
7,1,0,4.044023179591819,0.2880614297271068,1.1740059035119441,0.0,1,53.460953031723506,64.44332818677744,0,6,0,1
8,0,1,1.4318908447754382,0.40545888525401574,0.6127591957395758,0.35839551980995477,2,57.442218962658494,63.14855771446883,1,4,0,1
9,0,0,1.810449309369626,-0.592064238181145,0.08498796275427173,0.0,1,41.5596231855754,53.43437144342097,0,5,0,1
10,0,0,1.819577008558236,-0.8266488165208393,0.4835491044193431,0.0,2,39.75038984724705,52.26096019318574,0,5,0,1
11,0,1,1.4243575367204593,1.3876181423099783,-0.4583897011447015,3.0616288873381623,2,58.79609926381298,65.67315431095332,1,3,0,1
12,0,0,1.5416353556015419,-0.1204351614282064,2.1059016161574124,0.0,2,49.06805105182563,67.78612352865815,0,9,0,1
13,1,1,5.8330898751342195,0.4918510913202042,-0.46428621731845987,1.2296282515885206,1,56.948871139115745,56.32882658612235,1,2,0,1
14,0,1,1.0647246812184454,-1.3234515482609108,-0.37447324885102445,0.0,3,30.08173388040404,45.91825367104007,0,4,0,1
15,1,0,0.908806106597506,-0.2916401087910884,0.23433628885185637,0.0,2,45.43693126166249,52.745521948922104,0,5,0,0
16,0,0,2.7320029167007522,0.7393289039012728,0.0749478368497922,1.7805403617936966,1,62.13619439273536,60.13335017165515,1,2,0,1
17,0,1,0.8011658926456438,-0.17296416610574794,1.1571473954198344,0.0,3,48.994153826786345,60.70077924326382,0,7,0,1
18,1,0,1.1518921953656118,-1.3992015449110278,0.4923730480067657,0.0,2,28.429507522864068,43.028234207508135,0,4,0,1
19,1,0,1.4039295200471105,0.5352981538947273,0.8663688623448639,0.4662209899751467,2,57.95407962260696,67.3556722450293,1,6,0,1
20,0,0,2.089600846552715,-0.07079516138515507,0.652456424627664,0.0,1,53.34807289538693,60.44070685846655,0,3,0,1
21,0,0,3.4615339085630703,-1.275812847271641,0.36580041324135415,0.0,1,32.86350291012808,49.30893536204151,0,4,0,1
22,0,0,1.2170877232730295,0.03577748183550734,0.4666731575189864,0.0,2,46.95138523598487,49.50918225109476,0,5,0,1
23,1,0,1.1442660129147435,2.117077386292224,0.6421135533566226,1.252113537432355,3,82.00287682770629,70.53632506158712,1,5,0,1
24,1,1,1.293301122446713,-0.04176718508446991,-0.03026836526385316,0.0,2,49.98899427245017,55.195267680001,0,4,0,1
25,0,0,3.6311047897129294,1.1261593891238935,-0.4892754280097674,3.434257404828657,1,68.75785967390416,66.61587306811823,1,0,0,1
26,0,0,3.3128935392297807,-0.04086240074346852,0.1572868435465891,0.0,1,50.27320039888936,61.18887115085312,0,3,0,1
27,1,0,1.1847960532485868,1.13861433157567,0.39159067792206215,2.5643816196875284,2,65.59061191712607,70.31222463489355,1,4,0,1
28,0,1,0.8923191005996147,-1.422813933784968,0.7955377666581211,0.0,2,28.19335238693472,47.11909481883998,0,4,0,0
29,1,0,2.0493370728457916,2.311360009665941,0.5157743660463991,7.972564397426325,1,84.15874423348275,80.67500407356522,1,3,0,1
30,0,0,1.4838467354205647,-0.7646275681901895,-0.4224973225439999,0.0,2,39.81706263345809,50.40244988191095,0,4,0,1
31,0,0,0.7526998065771063,-0.03334603185241059,-0.04293991720315768,0.0,3,50.736540354604486,58.88399441921196,0,4,0,1
32,1,0,1.2249183582140217,-0.6212011813750421,-0.1134069833080602,0.0,3,41.79773250165833,59.06066017532716,0,6,0,1
33,1,0,1.5525200999589988,0.3913240991388452,0.6956519403379885,0.30147905932440655,2,57.02354831673005,76.8959867652192,1,8,0,1
34,1,0,1.4061852910622419,-0.5839942732323675,-0.06240598161801321,0.0,1,42.1425935049691,49.520830043205954,0,2,0,1
35,0,1,1.0848486338624623,-0.25689832033545723,0.012836195958567645,0.0,2,27.46427980859563,55.382758437528324,0,4,0,1
36,1,1,2.8360208960643516,-0.23136494913628386,-0.14078240486093535,0.0,1,44.40194963301966,61.578319939703434,0,4,0,1
37,1,0,1.5305386382877466,-0.8234373951044257,-0.18346937566803279,0.0,2,39.54117861939804,47.78823017561277,0,4,0,1
38,0,0,1.5627011519013256,-0.9008098152306,0.08325550537130502,0.0,2,35.727037916599514,53.035940274270445,0,7,0,1
39,0,1,2.1411127353622215,1.2300493134879145,-0.055756461226675644,4.1959465002764995,1,62.80086138925278,72.35877378449909,1,5,0,1
40,1,1,4.190400974245822,0.9715084015587645,0.5779238845597224,4.015624393628358,1,62.51743307548383,70.64432781584212,1,6,0,1
41,1,1,1.9118186886053496,-0.5827434319430701,-0.41648425789828303,0.0,1,38.65100701960057,59.39048094325972,0,4,0,1
42,0,1,0.9962207124614574,-3.0495291316112283,1.5189641028937213,0.0,2,22.1246604857283,35.28017976153702,0,5,0,1
43,0,1,1.2261804389602724,1.1535868708219912,-0.04362421793246102,2.862649168597996,2,65.59704827908658,69.73290074770983,1,4,0,1
44,0,0,3.4186557348819004,-0.8450867431575673,0.20033459938574885,0.0,1,36.46479873458066,47.769319053744915,0,3,0,1
45,1,0,1.290790322036886,-0.5299295951482016,-0.05937119675185624,0.0,2,39.449842393128385,51.21175471872186,0,4,0,1
46,0,1,3.9600325964280856,-0.9107023300006108,1.5410576496736206,0.0,1,100.0,56.38425909216603,0,5,0,1
47,0,0,3.149527262971193,2.1694405431263983,-0.37927400950864076,8.758426898627327,1,81.94453729525209,79.77595508406236,1,6,0,1
48,0,0,1.3008012871123666,-0.2666976220937162,0.05333139491733448,0.0,2,45.72853302643111,57.50545450638742,0,4,0,1
49,1,1,0.9106058401518771,-1.1542803689862926,-0.12599239080301372,0.0,2,27.01804326391573,48.489950225634445,0,6,0,1
50,1,0,0.8949352711360156,0.31917763671429555,0.035505694613932916,0.0,3,50.70860509606923,59.80601324558117,0,5,0,1
51,1,0,0.6834599131939901,0.8478042738176506,1.236620853400455,1.9069010347793351,2,61.37500541432233,72.40488619690186,1,8,0,1
52,1,1,1.1178233514569145,0.3872520796725304,0.47488917852111,0.7885543653786433,2,55.16386257385155,63.493324475670455,1,5,0,1
53,1,0,2.4314833429335105,-1.4205406228292015,0.08543856753074698,0.0,2,28.510192854478152,35.111711389995435,0,4,0,0
54,1,1,2.2385010473494185,0.14000355468637374,1.1930719355133008,0.2632399018468161,1,52.49078369391657,65.8113839697234,1,7,0,1
55,0,1,2.1076122045441372,0.4502040961601177,-0.15930539544155578,0.951671066809549,1,58.21633804770462,61.12998380960098,1,3,0,1
56,0,0,1.7531564494916647,-0.6347884997634499,-0.11884374788724142,0.0,2,36.96892957883726,70.47422729376058,0,14,0,1
57,1,1,4.273798378409286,0.2453779236658557,0.19920731771789335,0.3600423499281831,1,53.12382761822853,58.47653849218372,1,2,0,1
58,1,0,2.026779653566445,-1.021633052508429,0.696103144450781,0.0,2,35.38890713388432,39.27305930411918,0,1,0,0
59,1,0,1.7268129171071362,-0.14026532161620212,0.5763993733687555,0.0,2,49.92150717015712,47.63904157734484,0,3,0,1
60,1,1,0.8481363068531603,-0.336384090395594,-0.335508223134358,0.0,2,45.71666989537842,71.05707189693032,0,12,0,1
61,1,1,1.6659203269607807,-0.35292777425509436,-0.10402229909825851,0.0,2,45.61518382532258,62.9826947607312,0,8,0,1
62,0,0,1.4732634609987814,-0.8877844989969929,0.2984044848620394,0.0,2,48.078021587000976,43.568256491564114,0,4,0,1
63,1,0,2.94208517606002,-0.8283080324379982,0.31994236671258103,0.0,1,40.226409234729154,54.426216697453725,0,5,0,1
64,1,0,1.3046464200095151,1.8019690952662022,0.33852181072678245,5.069953513915698,2,69.81718975254118,78.68190256813153,1,4,0,1
65,1,0,1.2061542034136499,2.0710731714973662,-0.34792363732029824,5.33430098727394,2,80.87935579937265,91.58250002493224,1,9,0,1
66,0,1,3.216471578163841,-1.445141576457933,0.2822933123159921,0.0,1,25.524029478550684,29.999490348592005,0,3,0,1
67,1,0,1.859861924811069,-0.8959452585829831,0.04066500780050115,0.0,1,40.986857292181995,35.635039840175345,0,2,0,1
68,1,1,2.0234083408041577,0.6793686446396193,0.9573131335536279,2.300981039510931,1,58.2433981421923,60.83036127352911,1,3,0,1
69,1,1,1.688702600332498,-1.4171147847165182,-0.35050362006685476,0.0,2,27.941534997069628,51.06736197685768,0,4,0,0
70,1,1,3.1902380346338077,0.28025599916746846,1.1592628853125475,0.18524161700258912,1,53.308425100322495,51.84737709300472,1,2,0,1
71,1,0,1.2246683229328272,0.9356420379940261,1.035839972482067,2.3791610076290755,2,64.3510536457608,60.723161668949665,1,1,0,1
72,1,0,1.8929126113712604,-0.5407133739089867,0.277096673748769,0.0,2,46.68360442685477,58.499153757189,0,4,0,0
73,0,0,1.2132436537631102,0.30279278907393553,-0.5464579525677983,0.0,3,54.88670889101745,68.49362252957106,0,5,0,0
74,0,0,1.6619773528364543,0.08965116579860956,0.008630982793593568,0.0,2,42.335131172163614,69.85772969788432,0,9,0,1
75,0,0,1.5172179512221076,-1.8228654152524633,-0.2946787522135898,0.0,2,19.838295546718804,36.74420647391763,0,3,0,1
76,0,1,2.661845637473521,0.0672644198644813,0.7490132085980267,0.0,1,50.429511754749406,63.86335788902065,0,6,0,1
77,1,0,2.068794474196544,-0.9830149328116744,-0.25698397854587285,0.0,1,46.14961432787939,53.91208621895643,0,6,0,1
78,1,1,0.6942643005869537,0.3171332874524246,-0.2572439981237909,0.0,3,37.337082658763585,68.4292956214038,0,4,0,1
79,0,0,1.1127170783541847,-1.105489053254064,-0.30607973483235573,0.0,3,33.03832872522439,57.30241678082687,0,10,0,1
80,1,0,2.5645796142531108,0.03514678321926929,-0.5842376057317558,0.0,1,52.81584945687366,65.13472130424678,0,8,0,1
81,0,1,0.7150522506689019,0.3092963789356176,0.517482514753432,0.0,2,53.48911420765421,66.92619314486583,0,7,0,1
82,1,0,4.420526966547323,-0.7614424160952509,0.6709916467480325,0.0,1,37.3255212259513,64.80023304023386,0,12,0,1
83,1,1,0.7572148487391662,2.038205434561872,0.44239968778311994,2.0340564940985537,3,80.27724823066526,69.18904959994907,1,3,0,1
84,0,0,1.9410768462203283,0.23860865129171144,-0.16043876165501653,0.0,2,53.22042855419922,66.48750428018087,0,5,0,1
85,0,0,3.7195381032363914,-0.010259488517802715,-0.34554924274593973,0.0,1,50.717644721927115,65.69451665391871,0,7,0,1
86,1,0,3.6866490185403986,0.41610903586314296,-0.18350514469656556,1.1827000915318886,1,55.033221523553095,61.179511274642074,1,2,0,1
87,1,1,4.131878668101229,1.1695041304075824,0.7862651337224994,4.166545666027757,1,69.18458034229168,73.67316867093376,1,7,0,1
88,0,1,1.6078971809984035,-0.7094274878960745,0.6957378988756375,0.0,2,38.415048239940226,62.88143370829271,0,8,0,1
89,1,0,1.41531778633179,-0.5982010012897561,0.38596032820957515,0.0,2,34.49602507833531,53.53684245659515,0,5,0,1
90,1,1,1.5282918120658056,1.0919284073273317,0.5992784779588844,2.296032435189634,2,67.68990264355114,71.79682482121271,1,4,0,1
91,0,1,1.3689714679080538,1.4630561260055612,-0.34002085544477006,2.6178618346041036,2,72.35727156395588,84.58055575698222,1,8,0,1
92,1,1,1.1269882282909451,0.14798525554307063,-0.16521188970914163,0.0,2,52.66601531489804,59.26486538512912,0,4,0,1
93,1,0,1.200399946291874,0.029876406776325335,0.363974935011823,0.0,3,50.40575084145173,61.70494887323544,0,3,0,1
94,0,0,0.6936847880951886,-0.2655486597102711,-0.4090099625774808,0.0,3,44.74705789597913,60.024600027787514,0,5,0,1
95,1,1,1.6472055096509888,0.48831143782949277,-0.36427826861232326,0.9850922854140517,1,56.65474158920508,67.63583021318681,1,6,0,1
96,1,1,1.526735019762624,0.36152452686472963,0.18253575266226021,0.2069419527230651,2,56.4463548910631,66.76492051396782,1,4,0,1
97,0,0,2.1309528052182594,-0.38096600982897805,0.7437491881932107,0.0,1,45.98783598756763,57.165459172515305,0,6,0,0
98,0,1,0.9647729926233046,0.28400052292683126,0.5933674880101624,0.2605690642084988,3,54.808907550010694,58.64564867379686,1,2,0,1
99,1,0,0.7876760813786188,-0.268513365969753,0.7244118262962859,0.0,3,46.04106127757059,63.08390902072612,0,5,0,1
100,1,1,1.7705362418952928,-1.4346689830968198,1.198256375426635,0.0,2,24.976090754342614,42.83972085323257,0,4,0,1
101,1,0,1.2056308854705482,0.3052359797391311,0.968107761257537,0.0,2,55.75296507755989,55.69071903115789,0,2,0,1
102,1,0,1.4742813952072396,0.6413709278462694,0.16803808796818206,0.4319704730437703,2,62.49995926713613,72.35977985729927,1,8,0,1
103,0,0,1.7481439265726968,0.8585030580178343,-0.8807488797788292,1.1787249847860095,2,63.54969214903064,59.95845844446228,1,3,0,1
104,1,0,1.6222688662296103,-1.7502521534202549,-0.043543406294588034,0.0,2,24.000750259471403,47.684092836903055,0,7,0,1
105,1,0,0.9306704243867712,-0.017108830003550055,0.32729773874583606,0.0,3,50.05415268376911,62.65012915643009,0,7,0,1
106,0,1,1.6590777386024322,-0.556932111429236,-0.40198973875218946,0.0,2,40.64867459384749,47.97777048332603,0,3,0,1
107,1,0,3.5088139233639937,-0.906871336780396,1.373671850104522,0.0,1,39.24711706066188,48.129035441323545,0,4,0,0
108,1,0,2.861783285080835,-1.3739857253532313,0.04168790100933512,0.0,1,28.295022462456323,44.21728729719745,0,4,0,1
109,0,0,1.632668116423635,0.9719483849996052,0.7340166145672707,1.9979180355658843,2,64.29666864980516,61.130875493705375,1,1,0,1
110,1,0,1.5467841300371235,-2.367469881340032,-0.20779932919079666,0.0,2,1.119380024971182,26.286023596413315,0,3,0,1
111,0,0,2.0329068769624796,-0.7570999789206971,0.4602928726188215,0.0,1,39.21584566898752,63.06810178500153,0,6,0,1
112,0,0,1.7300630400133976,0.4450783590361349,-0.012090896833039627,0.4105148317725392,2,56.85271062324253,71.52135267471968,1,6,0,1
113,1,0,3.1751796504031224,1.6676288054978414,-0.2829137652338481,6.102390549252174,1,75.46585089371516,68.47263114310385,1,2,0,1
114,1,0,1.504503397915013,0.3355189217055466,-0.06354348114071977,0.7178003356169846,2,54.2085681809072,56.723007388193366,1,2,0,1
115,1,0,1.0062402528225651,-1.15473940025964,-0.0037670745492081473,0.0,3,28.59725242134204,57.20258466980043,0,8,0,1
116,0,0,3.0218398782309133,0.6129589565753275,-0.02780931681000599,1.6745708620637125,1,58.104941119368085,62.020913200393146,1,2,0,1
117,0,0,2.300534893646911,0.9780962158777549,-0.17342960061944973,4.177543187311158,1,65.28474458615464,81.82605059165951,1,8,0,1
118,0,0,1.2786854082575283,-0.26194766237427036,0.6467527310310841,0.0,2,47.714423420380164,53.09908823763618,0,3,0,1
119,0,0,1.7713700944783815,-0.9859731843380084,-0.020251265615117465,0.0,1,34.81636194239235,55.8927971879183,0,5,0,1
120,0,0,1.700898373941872,1.9471789275972082,-0.34330154502532995,5.138849655124454,2,76.39201923219281,74.99104651587209,1,3,0,1
121,1,1,1.8410624476326816,-0.42829277801848215,0.2048861599021776,0.0,2,42.93590873018062,54.944316311081856,0,5,0,1
122,1,0,1.8400441836992603,-0.12806124623604714,0.3782456065962416,0.0,2,47.63066257998885,58.84289661715038,0,5,0,1
123,1,0,2.3338751017204786,0.4346897434522645,-0.8309054664583903,1.3598170838377022,1,54.835872873695436,66.43407220297296,1,7,0,1
124,1,0,2.324349147153286,-0.6755809282550417,0.20793155556443482,0.0,2,40.09626644158118,51.296127847791624,0,5,0,1
125,0,0,2.09194945689499,1.0773823743961826,2.150043407816757,3.2911311711959543,1,66.5540648547649,70.94629354684169,1,5,0,1
126,1,0,1.3168274030720268,0.7094437220954457,0.10586731877494998,0.9575056358031848,2,100.0,65.70988020260654,1,6,0,1
127,1,0,2.0605402800507386,-2.5183502895100065,0.5015690397436154,0.0,1,12.835978754431014,36.05088013124801,0,4,0,1
128,1,0,1.0183628900312827,0.3879059586784131,0.012722320591466947,0.0,3,55.687225237174374,62.708255150523044,0,6,0,1
129,1,0,2.634129865210137,0.7448718990680108,1.7885109383868705,2.031518634807381,1,61.85598566773111,69.05987069282705,1,5,0,1
130,1,0,1.0861274684569173,0.8979243571617264,0.07094198957702816,0.0,3,62.347737272559776,60.97649625529216,0,4,0,0
131,0,0,1.4968774509454172,0.5776673019716465,-0.4530746137782214,1.9176743647157193,2,59.66604623982361,68.21721497479942,1,3,0,1
132,1,1,3.2444756073753145,-0.04664532475625245,1.3747297786302815,0.0,1,53.35043037871983,55.13698357380949,0,3,0,1
133,0,1,0.968144871228191,0.8656629876831489,-0.27954895833271903,0.3847947874392922,3,62.95519457270422,71.87315758090845,1,6,0,1
134,1,0,1.1452210632846471,-1.7123312092569185,1.1004397177976493,0.0,2,24.10166176784084,46.66437535588912,0,8,0,1
135,1,0,1.5580726322791993,0.42492317092370835,0.0830244125955277,0.6320339902817986,2,56.299482020565385,66.8463096909153,1,6,0,1
136,0,0,1.4739270186745388,-1.3453298902950648,-0.35251787461838224,0.0,2,28.47269378899981,45.43839612810737,0,5,0,1
137,1,0,1.727240166601811,-1.0858566013453703,-0.0049430658465647705,0.0,2,36.44294322797439,52.892579108922455,0,7,0,1
138,1,0,1.3789157273721786,-0.9931307700470042,0.3519836328984794,0.0,2,33.07354016538636,48.880119713411325,0,4,0,1
139,1,0,4.854787972250062,-1.1085849382842816,-0.26218164134467303,0.0,1,31.372785924072147,49.675456528278005,0,5,0,1
140,1,0,1.6606501965266538,0.4526254369522739,1.3063084588284628,0.4914477325384107,2,58.20463797067247,75.3821096156942,1,10,0,1
141,1,0,1.7438364692237625,0.2836344051527455,-0.52178456111502,0.6555073105097131,2,54.38032556371795,60.54987450238149,1,4,0,1
142,0,0,2.173067099962978,-0.19896644316897089,-0.05556104942975789,0.0,2,45.20808901451738,57.20470064522746,0,5,0,1
143,1,0,0.7121629533570901,-0.30599023913972007,0.022532150254405962,0.0,3,46.68323714473572,49.22706432746257,0,3,0,1
144,1,0,0.8749918696429535,1.0264220680418012,-0.304401633833794,1.784513254043084,2,65.95494358437722,69.64764406865011,1,6,0,1
145,1,0,1.1815269503288912,0.2175791718161535,-0.10221212453006841,0.0,2,50.936705717210856,61.41049633477129,0,3,0,1
146,1,1,1.0229816282852342,1.3446114467032197,0.017113338037693677,0.8069754799383473,3,84.24318624377119,76.77213414268662,1,6,0,1
147,1,0,1.517655264817795,0.7933913376417892,1.695545820360545,1.4039360821669524,2,61.20729551837051,68.12637245957438,1,5,0,1
148,0,0,1.7344314879666392,-0.1980745013254667,0.03932709130129592,0.0,1,46.9958613523726,57.83300373275479,0,3,0,1
149,1,0,0.8446353179393129,-0.5995494617327496,0.7132115175816586,0.0,3,44.847746148067856,50.82236028197594,0,1,0,1
150,0,0,1.9975433193192278,-1.691850272431806,0.22406963827847948,0.0,2,24.899271648828773,38.091811268814055,0,3,0,1
151,1,0,2.450585504092154,0.15107753495741982,1.976125590957574,0.04883709422815047,1,52.710168049455774,64.76604148907192,1,5,0,1
152,1,0,1.8900414737090558,-0.5446093597633762,1.562707182785929,0.0,1,42.3533985049696,51.522229465943155,0,5,0,1
153,0,0,0.9499603287322882,-0.8557257747748224,0.43664376750407735,0.0,3,34.36430120824608,53.8941331354218,0,6,0,1
154,1,0,1.6375300415408494,-0.4548383689725739,-0.37934821752292014,0.0,3,43.575330106369776,49.983406885348636,0,3,0,0
155,1,1,1.10669307922659,-0.03425977211708693,0.4913388425959298,0.0,2,49.963661052932345,59.95677183886155,0,4,0,1
156,1,0,0.7923517358135449,-0.12707308082647129,0.18906598960642085,0.0,3,48.657104020737755,40.15869933112124,0,4,0,1
157,1,0,2.538631600544009,-0.4140341247535573,2.6966355856650424,0.0,1,50.071285910948674,56.11823281892261,0,6,0,0
158,1,0,1.2337902482969305,2.3363620979693125,0.3692499132722066,5.286055441511534,2,84.83626926341387,67.76053190164066,1,2,0,1
159,1,0,2.02162549573501,-0.033691715975672235,0.12068815401431911,0.0,2,48.41022300452383,52.69039147379182,0,3,0,1
160,0,0,1.5864391951348336,-0.24447435464568118,-0.013437710875929985,0.0,2,46.728001156453594,53.12139652176023,0,6,0,1
161,1,0,0.49783159947668165,-1.332408882779007,-0.34047557586543514,0.0,3,27.108437096238895,36.50480565166156,0,2,0,1
162,1,0,1.7780997339437679,-2.3222723915136103,0.6191305225968439,0.0,2,14.970983923005825,39.71056424028004,0,6,0,1
163,1,0,1.421926679170785,1.0111614708497463,0.8870578008685923,1.2216585925123815,2,66.35647648016155,66.97354515058409,1,7,0,1
164,0,1,2.407428139627684,-0.47043452556946214,1.1242803434030728,0.08355566524390712,1,42.07935619919181,61.81564809267783,1,4,0,1
165,0,1,1.7691001293201538,-0.2370677290957826,-0.26695594356656455,0.0,2,45.89308159140623,67.54560750191725,0,6,0,1
166,1,1,2.6377760027079176,0.05688040427869133,-0.14605691762966322,0.0,2,50.12086571822734,63.39018263057715,0,6,0,1
167,0,0,3.1713979376272508,-0.5608101719655935,-0.00611502081211486,0.0,1,41.05982702126315,62.64738288279139,0,5,0,1
168,1,0,1.0698760085810306,-0.24219283174221054,-0.10566371227993798,0.0,3,46.76007029481004,55.47913385657519,0,4,0,0
169,1,0,2.160216055137114,-1.7351236063415851,0.10425517059824313,0.0,1,23.044601539930202,40.48273474188274,0,6,0,0
170,1,0,0.6289147012268174,0.08897030609552821,-0.14811065939275372,0.0,3,54.118214527722046,62.3639051021534,0,6,0,1
171,1,0,2.0360753591210794,0.08563702474909031,-0.01979654880002433,0.0,1,51.099857094450414,53.35228456934697,0,2,0,1
172,0,0,0.6729066079018315,0.45340587777020486,-0.4768021545276771,0.2734503586208327,2,57.32683695678787,60.6512701762887,1,3,0,1
173,1,0,2.7772245162294675,1.754636186688899,-0.22819043064019096,6.177341360401993,1,77.54981717958921,81.68235210132167,1,8,0,1
174,0,0,3.3746149703784667,-0.5322274842418042,0.001700090160909345,0.0,1,40.211481706837844,48.76510320963191,0,2,0,1
175,1,1,4.467052837849023,1.9374412244404706,1.151763925204988,6.8008350221489735,1,79.92210226441158,83.79959330617483,1,7,0,1
176,0,0,1.5901358715349676,1.6717478055052146,-0.6643516655597942,4.030710746015864,2,70.58278303869656,75.26096035599801,1,4,0,1
177,0,0,1.9234634513919189,-1.3461069506715277,0.5865461558913875,0.0,2,29.051511001664647,46.11048983303726,0,5,0,1
178,1,1,0.8662720188404915,-0.08249799606254239,2.3321383249057863,0.0,2,48.629717488577555,52.89456559295344,0,2,0,0
179,0,0,2.297378290570685,-0.7781540474978523,-0.47907535893516684,0.0,2,37.49913836459366,51.06363575207001,0,4,0,0
180,0,0,1.0309748409246557,1.1311825120615675,-0.4280203048666624,0.4196640847419567,3,60.909518946240205,56.521243215910374,1,6,0,1
181,1,0,2.045030391373447,-0.4247852315695167,0.6033050198522772,0.0,1,46.66100421545998,55.69234055898504,0,2,0,0
182,1,0,0.7661513117965779,-0.5360925162921157,0.33405850237081514,0.0,3,43.047947630392585,51.024923794913434,0,4,0,1
183,0,1,3.8046935379836526,0.7932347476108422,0.030286654484017714,2.941533818932127,1,61.406768530975775,69.91040529835408,1,7,0,1
184,0,1,0.9651015151638036,-0.24465351990451722,0.17125976062861084,0.0,2,48.60259740805167,65.8965292690917,0,9,0,0
185,0,1,2.2193394811865694,1.368036816183976,0.2031275539852278,5.873350907169002,1,71.66587195118275,67.88557908865802,1,3,0,1
186,1,0,2.0346130469158457,2.2133836620311245,-0.23348278415114915,5.903330255296497,2,68.36950518980473,92.71352961460973,1,9,0,1
187,0,0,2.997933883252591,0.2456481018362185,-0.04049409727514305,0.9586618520732071,1,54.40047217006867,65.64745977678541,1,8,0,1
188,0,0,1.0748201396933559,1.3170688630370986,0.010390825093276499,3.1765461261632093,2,70.0594925874805,83.1076776608161,1,9,0,1
189,1,0,3.6756058631054844,0.7196330541318435,1.704752299738455,3.3861338492591395,1,60.73567647288763,77.658919377171,1,10,0,1
190,0,1,2.0003478018762593,1.0363352694258956,-0.07329289961596949,1.7803630696468533,2,66.0926549498429,71.47433043891866,1,5,0,1
191,0,0,1.1373212711550265,-1.456531120264866,0.20510156599466106,0.0,3,15.508536104233507,40.554982645368256,0,4,0,1
192,1,1,0.3980706180379305,-0.82969759108672,-0.40048707718364385,0.0,3,37.17436964190479,51.69381941425603,0,4,0,1
193,0,0,3.5589091659122416,-1.2167156702549773,-0.47507439820686626,0.0,1,34.95778666500434,43.72085974030715,0,2,0,1
194,1,0,1.0525192943608506,-0.6134582362236854,-0.5945335780648445,0.0,2,40.65247889539954,50.399916113695184,0,2,0,1
195,1,1,1.4301877341470268,1.6299855750575758,1.092300704187316,3.3404791297459395,2,70.93998119841731,82.53341945129146,1,9,0,1
196,0,0,0.5370165392866986,-1.3474577351651702,1.501046959564084,0.0,3,28.06711503130727,36.54308868151334,0,2,0,0
197,1,0,5.48205512469778,-0.7662299745133776,0.1953481032099119,0.0,1,38.99437423457233,44.31973037288727,0,2,0,1
198,0,0,0.67359028882007,1.615418050520575,-0.5593109609538688,0.6220148142651823,3,75.33070921118872,76.31272474488387,1,5,0,1
199,0,0,1.5969363316071568,0.06444298115281802,-0.11979756217987578,0.0,2,49.99119839993586,58.4488979768455,0,4,0,1
200,0,0,1.7309530554284065,1.5163703719847286,-0.6224424446575283,2.9169984473041177,2,76.27004974143824,79.59487457376306,1,5,0,1
201,1,1,1.3646662097762583,1.0827388795695914,1.1532197818909484,2.1013372406940176,2,64.89743617224632,66.96262594500104,1,2,0,1
202,0,0,1.4082545892913876,-1.0735838593154061,1.0522646707649266,0.0,2,32.31662612002036,46.188919293738735,0,4,0,1
203,0,0,1.591710125504818,-0.4566535598352397,0.6768828851703457,0.0,2,42.04297265110084,67.33689387664134,0,7,0,0
204,0,0,1.226154211632876,-1.1755775816115792,-0.46042120567131506,0.0,2,31.422077498688648,44.193926421040885,0,2,0,1
205,0,0,1.8857640302453507,-1.2983153733946982,2.554330896661213,0.0,2,30.019007324770595,38.747929003806846,0,4,0,0
206,0,0,1.9253550249435414,-0.6739965236592629,0.2684527912244838,0.0,1,35.23258129777638,58.70407798870184,0,6,0,1
207,0,0,1.1565580881047453,-1.4252931646199112,2.1979764621108213,0.0,2,36.709825662505224,44.701414936714244,0,4,0,0
208,1,0,1.5190954792882962,-1.2505139806791727,0.03654454532454214,0.0,1,29.218759986307504,40.8991421753735,0,6,0,1
209,0,0,0.9313206072092729,-0.06464997263080106,0.13915080086195228,0.008317138671640967,2,46.84657227391223,65.00009296315434,1,7,0,1
210,1,0,0.9285101384267441,0.048203042268638516,0.01290968435096637,0.0,2,51.42109885565913,61.40176516749207,0,5,0,1
211,0,0,2.3819295518772643,-0.18745357588597586,0.023992515195830788,0.0,1,100.0,54.461857750929546,0,4,0,1
212,1,0,2.7626908274953457,1.1852680458554212,-0.40428241517556124,4.328943153385287,1,68.08410673009146,72.16778187524744,1,5,0,1
213,1,0,2.0771472924103076,0.545305192855272,-0.257240237067155,0.654122743887033,2,58.34744442081112,70.67881565222012,1,8,0,1
214,0,0,4.029281936785449,-0.28769743098149253,0.16624053156159585,0.0,1,45.33224190139439,52.272658633609524,0,2,0,1
215,1,0,0.7500047855929388,1.130152739040789,0.00922534712063199,0.33159727233357716,3,67.37016683084286,75.67873158479715,1,8,0,1
216,1,0,2.6223511953774334,1.6160885508222762,-0.2853101710561215,6.728863558822528,1,71.79883960836018,68.77872608090992,1,1,0,1
217,1,1,1.4130827450673795,-0.5957453418105428,1.1182094091771915,0.0,2,39.991674703451594,52.202686733758924,0,5,0,1
218,0,0,2.4043394886495384,1.4386141123693126,-0.029554443356873374,5.713970762011346,1,72.02238620160986,78.53721601115127,1,8,0,1
219,1,0,0.8386476259729099,-0.23383776195347172,1.1307765367149722,0.0,2,47.44549103154302,50.88573365725656,0,2,0,1
220,1,0,2.78062799085872,2.0450995833008814,0.8119655351159403,8.200363774648476,1,81.90048408445807,74.1437726473162,1,3,0,1
221,1,0,1.8130892098175904,0.8569419399487508,0.7965556836246042,1.2866165842353026,2,57.20032325975874,76.86920001346382,1,9,0,1
222,0,1,1.1931086343404376,-0.4454077662495818,0.31139499459108155,0.0,2,43.10026907867265,55.77243573543004,0,5,0,1
223,1,0,1.9768685305993483,0.3860100676689809,-0.08283950476653866,0.7933939277530543,1,56.13006800326845,66.8938037049754,1,6,0,1
224,0,0,1.9961570920981895,-1.5206068875385443,0.6522815157876368,0.0,1,25.848742719530755,43.546501448635816,0,4,0,0
225,1,0,0.6936403997212846,-0.7777837948985257,-0.24219938799020937,0.0,3,39.85187279301389,51.54730766978471,0,4,0,1
226,0,0,0.7221315581975118,-0.31524191861693296,0.7125680477905927,0.0,3,44.78061913299202,52.63900772688867,0,3,0,0
227,0,0,2.647737937312403,-1.8745023096603646,0.7334506389569106,0.0,1,21.07983513620718,35.71059261634514,0,1,0,0
228,1,0,0.644526491499273,0.7983499333055734,-0.49525788752557337,0.40953080787493823,3,65.49489379742782,66.10017415855084,1,7,0,1
229,1,0,2.9482295278075417,0.30517173632156125,-0.0004908023448921643,1.0964753964423284,1,44.08122410915888,59.493843008411645,1,3,0,1
230,1,0,2.7093297154094316,1.0579029054452727,1.7264688122175107,5.06364846271709,1,65.30018335406548,75.50078466419085,1,6,0,1
231,0,0,0.9249228088157551,3.334234560307773,0.9363098946608464,4.416794085103563,3,99.8610948941213,93.83260384639954,1,4,0,1
232,1,1,0.851902158451938,0.46212891909150433,-0.18422240854025515,0.6659921184932384,3,54.4454723121473,59.40758301450724,1,4,0,1
233,0,0,0.6909107419317307,-2.0374391304660957,-0.7323013178106753,0.0,2,16.583353467356737,47.54574140971675,0,8,0,1
234,0,0,1.819918832706194,0.0018136887456785822,-0.063284975873016,0.0,1,48.16006831607342,68.8002002347166,0,8,0,1
235,0,0,1.9173608059113245,0.5461664304879295,-0.1657034659733194,0.995122390272716,1,60.86817143745254,64.12364847166178,1,4,0,1
236,0,1,4.052837673755018,-0.1740535422794032,0.721294838491568,0.0,1,47.659720255720174,63.549027845331594,0,6,0,0
237,0,0,2.2159947709168226,0.4577583965178,1.9768433456924175,0.9763048562010053,1,66.49455796683728,62.125439108467965,1,4,0,1
238,1,0,0.5738861319179227,-0.11875136247793835,0.408015618097278,0.0,3,54.05857771337352,54.634634098394535,0,4,0,1
239,0,0,1.4056165006092232,-1.1083467546329469,-0.06206744658873994,0.0,2,34.917186449550286,49.35323942260744,0,5,0,1
240,1,0,2.189791918798762,0.48473422296591584,-0.5227719407127387,0.5570921721597063,1,57.998080394996556,66.68871489659429,1,6,0,1
241,0,1,1.5518134952758906,2.58580663202853,-0.019476306123390873,6.9088284385142815,2,91.07453341430222,81.67714503190335,1,3,0,1
242,1,1,2.391057856268287,1.4432925000154684,-0.2973481118481894,6.132578849326347,1,72.46924006385002,83.78404867825722,1,10,0,1
243,1,0,0.7481339032988493,1.1469413450692985,0.3642997423942529,1.9129157844473132,2,67.31885204946208,69.71882377313997,1,4,0,1
244,1,0,0.8832814056402112,-0.20586825822361848,0.5066577168338561,0.0,3,45.65692134865012,56.151107012165625,0,5,0,1
245,1,0,2.1811155103728153,-0.09652424071015711,0.3021120519149235,0.0,1,42.02992657025772,56.871010044332444,0,4,0,1
246,0,1,0.6966586264654583,0.6504691873214469,-0.5621498250701866,0.0,3,58.31520381573271,61.34904575322554,0,3,0,1
247,0,1,1.5872031304402956,0.3176041192909253,0.23833056665827554,0.0,2,73.55461430822258,53.776511369080694,0,4,0,1
248,0,0,1.8813883041376873,0.5304155931487593,1.473669715891185,1.0855640997138165,1,58.632349234491414,65.59815025613455,1,3,0,1
249,0,1,3.520144843010437,-0.06497762614776997,-0.5169664108125651,0.0,1,49.83620518415353,64.487379638409,0,4,0,1
250,0,0,1.203091820736726,0.17752192629731275,0.906205769279447,0.0,2,54.471665848552526,63.49582097406641,0,5,0,1
251,1,0,0.8339687850302431,0.38706015866394217,0.10771270819279069,0.49552368530842095,3,55.058693866329314,67.70028997978704,1,6,0,1
252,1,1,0.9261471557231737,-1.5995272238153646,0.08640537820384407,0.0,2,25.428021909202425,51.358021745329275,0,8,0,1
253,0,0,1.8420555838436583,-0.06783743345968805,-0.018406400899997042,0.0,2,54.39585010848398,59.27561829380174,0,5,0,1
254,1,1,2.551971560058314,0.35910528320805596,0.7884933277323417,0.9503047874448565,1,54.222307218931746,60.38485833707836,1,4,0,1
255,0,0,3.037868588608477,0.56789037898123,-0.5259812322497658,1.6461169414265195,1,57.6563212418295,67.54484302737342,1,6,0,1
256,1,0,1.044061968824267,-0.37657529471146,-0.2872119166924748,0.0,2,43.41953962128394,46.5389440447203,0,1,0,1
257,1,0,1.3552540328323726,0.30954663676128175,0.250169733762136,0.0,2,55.1147290639016,56.31268172555379,0,4,0,0
258,1,0,1.1940266726859043,-0.23874010187393735,0.2798057008496071,0.0,3,44.03815654738686,67.65799981484254,0,10,0,1
259,0,0,1.7280885410235287,0.8547223387857699,1.0538928941694634,2.6080361977344135,1,61.980383079042404,63.71442742379747,1,2,0,1
260,0,0,1.6073270626239924,-0.015084242128448846,0.417855281135516,0.0,2,51.007522532016075,49.073396239903175,0,3,0,1
261,1,0,3.1417434544327074,0.6010756082637264,-0.36058736221331417,0.8347351834443579,1,59.338508124634245,67.71025698250187,1,6,0,1
262,1,0,1.8462427576548321,-0.4225870542447079,0.8013958414530205,0.0,2,43.9393033496787,57.32890693476663,0,5,0,1
263,1,0,2.5582144073593107,1.1599571995092506,0.0533769894155354,4.368183839416848,1,66.78947823953983,73.98129630522055,1,6,0,1
264,1,0,1.3075999868884973,-0.20685913537825507,-0.17882689744405708,0.0,2,46.908615747372224,49.247058667057864,0,5,0,1
265,0,0,0.8432438874639651,-0.8855825027404969,-0.10393799336117178,0.0,3,31.49548904042009,43.12498137607925,0,2,0,1
266,1,1,1.959925902573234,-0.22249314155379538,-0.8243911912659996,0.0,1,45.183709817305555,75.53898724090409,0,8,0,1
267,0,0,1.1173903279109783,-0.3094744976129483,-0.12625052723691274,0.0,3,45.93982475055058,65.26408341830556,0,7,0,1
268,1,1,2.5393290272999134,1.4806700134293396,0.8328841385747137,5.268367468601168,1,71.14089549422692,66.89698692040852,1,3,0,1
269,1,0,0.856899424139203,0.07519130838574475,0.7548868224893056,0.0,3,49.79656274378692,62.059439806019725,0,3,0,1
270,1,1,1.4207588857178632,-1.8736406506475578,0.16475057474886165,0.0,2,21.83806461545872,40.35042761549354,0,4,0,1
271,0,0,1.9734393866038047,-0.13671531023487155,-0.006231720062808449,0.0,1,44.769428554620454,58.0420950451938,0,6,0,1
272,0,0,1.3712099709585641,-0.7143299427032659,2.0466989334304055,0.0,2,38.24270293179628,54.96227195391807,0,8,0,1
273,1,0,1.0012501065722708,2.1709673582344915,1.0683204272479154,4.766485482357055,2,82.1797781182064,77.86734883631469,1,3,0,1
274,0,0,1.2460570770452444,-0.24148282227823423,-0.3262989292427575,0.0,2,47.1670559172414,53.80046292685156,0,3,0,1
275,1,0,2.0216325011115663,0.6741977929285795,0.27692965450665913,0.845710730077716,2,59.172211083255064,61.56878970160707,1,3,0,1
276,1,0,1.4640684080997053,0.9731366837594163,-0.38366027687770016,1.1023841032849226,2,64.82172634306028,73.92998244015635,1,8,0,1
277,0,1,1.8875791522700365,1.3360025880489739,0.011526166691863486,3.1439936958703028,2,69.62781722563145,91.87393626261033,1,5,0,1
278,0,1,2.7136127440621567,-1.5464415733110777,0.14240239752981707,0.0,1,34.014914802113864,42.00573391459398,0,3,0,1
279,1,0,2.1870144195484165,0.8044239664190764,0.7362709766811062,2.245168840899706,1,59.980790282607714,71.22591835830698,1,6,0,1
280,1,0,1.6028514525688156,0.4977982819691801,0.6216589074448702,1.2047703697262493,1,57.97699516897008,58.341268674648795,1,3,0,1
281,0,0,1.9909428506426399,-0.24437956721909596,0.24007122009837847,0.0,2,43.90042754342416,54.14330790116553,0,3,0,1
282,0,0,2.1968977360404587,1.1955431205114997,-0.7078574611977532,4.128404072581322,1,63.26441510630083,69.28903300268546,1,8,0,1
283,0,0,2.648301293199181,1.0162696091635517,-0.0889800958000526,3.8015728594716482,1,65.01898329569168,74.36955313777399,1,5,0,1
284,1,0,1.3718984279887005,-0.031602601614288454,1.481474155757346,0.0,2,48.69290726650696,60.69809101150812,0,6,0,1
285,0,1,1.6906913078284456,0.596682979266281,1.1325307009638117,1.9066742723703152,1,57.57411815576483,68.43728507492895,1,4,0,1
286,1,0,1.1234873715382223,-0.16075598414452758,0.4018510650095143,0.0,2,50.63122255034172,56.44352244758986,0,7,0,1
287,1,0,0.5872143010320447,-0.7853473404277203,0.054290368373893366,0.0,3,32.98925714758837,46.511424922714106,0,3,0,1
288,0,0,0.8938441497346977,-0.301910268436176,1.17305706431679,0.0,3,46.23894609517094,58.61574880308966,0,5,0,1
289,0,0,4.653863809637271,0.5998946611556211,0.4748889112677197,1.4633205140856234,1,59.35902868501056,69.22127292166957,1,6,0,1
290,1,0,3.454813149821124,0.6466620756589888,0.8465301355811734,1.8540391742376545,1,61.58929118912185,65.7139110632845,1,6,0,1
291,1,1,4.125824621860766,0.2706220089597955,-0.4649478756659461,0.4080132286231007,1,59.12978985896738,52.1215426764518,1,1,0,1
292,1,1,1.6006161274876598,0.5962858824722146,0.17716649153183966,1.5554793087218979,1,58.35709743556382,70.88988288208056,1,7,0,1
293,0,0,1.1938356678036013,1.0351492056184206,-0.5232501553746336,1.8420074756841085,2,61.75765481147677,67.24341339729752,1,3,0,1
294,1,1,3.273604972792759,1.1881585257850884,-0.12416872744637704,4.608969713119945,1,65.56196327761677,75.85471744923709,1,7,0,1
295,1,0,0.9601940786919051,0.35857483503110726,1.21357422547594,0.7964787329843953,3,59.558496451629665,61.91011103801691,1,5,0,1
296,1,0,0.8168177569825855,-1.3214727105695903,-0.9025540578043567,0.0,3,31.34599053216986,39.96462599850864,0,2,0,1
297,1,0,1.0159399727455,0.026122110945708515,0.45208183665571355,0.0,3,49.781034979852166,78.52636536603478,0,13,0,1
298,0,0,0.8349994809501848,0.6792125017487896,1.0928641283666283,1.1175090457797234,2,59.39798004567511,68.28954039545839,1,5,0,1
299,1,0,2.401551208570449,0.9924632898495485,-0.4254829523813474,3.931523689597516,1,63.92474525716503,77.02752365203493,1,9,0,1
300,1,1,1.3269275257790751,-0.0031200503487863527,-0.09232983404816068,0.0,2,50.619010105126634,57.02720920279218,0,4,0,1
301,0,1,1.336028411051927,-0.6288745766458426,0.5700346889017288,0.0,2,40.69430432436456,50.48031804959371,0,3,0,1
302,1,0,3.3374308790782474,0.7661965638870386,0.011543342993543917,1.399212621892746,1,58.84762214064111,68.17856679291269,1,5,0,1
303,0,0,1.2624571086618608,0.08159687464386048,0.08496279285551075,0.0,2,47.244930157940836,62.37109095599186,0,6,0,1
304,0,0,1.5514554809221774,-0.6630535567769709,1.6829342538519696,0.0,2,36.38975783318185,58.467685946159676,0,6,0,1
305,0,0,0.7825895842567134,-1.6685704810324915,0.025812795979812907,0.0,3,21.404130321277233,37.676346478058065,0,5,0,1
306,1,0,0.8326269498225614,0.6743817528237503,2.016073732971095,0.0,3,62.399553183421716,71.7498779225756,0,6,0,1
307,0,0,1.7275509892338683,0.6468367715091592,-0.027927075259044015,0.9873844716071903,2,60.19711261838099,60.5435082707293,1,2,0,1
308,1,0,1.8116700720347843,-0.1144438100932277,1.4126422775692293,0.0,2,48.565838109044904,50.467631486803924,0,1,0,1
309,0,1,1.0960255279901596,0.36766187956705554,0.603122987021642,0.32357688123389416,2,55.571377129913856,67.89019886309141,1,6,0,1
310,0,1,4.148277953273741,-0.2722873421803359,1.5395590760996765,0.0,1,44.24851866053166,46.88031439297024,0,1,0,1
311,0,0,1.9213945552991425,1.0331183974905218,0.31303498839306576,3.5422023399589153,1,64.1007434094272,67.01195347582144,1,3,0,1
312,0,0,4.703057987685136,0.9314774130135264,-0.04057434233166207,2.646288648923232,1,60.68890937640069,53.43261292117153,1,3,0,1
313,0,1,1.790610836109347,0.4253507511248554,0.4021444290565956,0.053773517974694346,2,55.76364544210907,70.43723727120906,1,3,0,1
314,0,0,2.174665177610822,-0.3861078189443507,0.2496158204983934,0.0,2,43.40143160034876,50.22714244209763,0,5,0,1
315,0,1,0.9729603056241022,1.4476091686546249,0.6640608483129566,3.850141992149999,2,71.09383565028342,75.31000239932884,1,5,0,1
316,0,1,1.855298144633551,-0.8183605498818665,1.2799498890526353,0.0,2,36.55156997798874,56.98038295846877,0,8,0,0
317,1,1,3.147363257867294,-0.03621203831014573,-0.17392009127558913,0.0,1,100.0,68.50605876870961,0,10,0,1
318,0,1,1.4568692409867694,0.1319332711395702,-0.08520185345821468,0.0,2,53.330010023908244,67.28355321233065,0,6,0,1
319,0,0,0.871005505128015,0.14590425381768543,-0.22421835326373538,0.0,3,52.168441433960446,70.01526206733107,0,8,0,1
320,1,1,1.1685138683768532,1.0740461017785963,0.4272145671916242,1.8196553677183873,2,65.04809831546,68.25730676705953,1,4,0,1
321,1,1,1.5099551247289795,0.8292284529633296,0.853254031137436,1.2168958581318852,2,62.56366469680532,65.02292102865852,1,4,0,1
322,1,1,2.528142045162418,0.8344589091341154,1.1086818902512714,3.046164402901984,1,61.92726170865608,67.60401499139354,1,3,0,1
323,1,0,1.4203450519476648,2.395721957692479,-0.27750145423507816,7.017611763268939,2,85.6148514346043,86.94141229606268,1,5,0,1
324,0,1,1.4490545200046085,-0.37832471100498133,0.3517356050623032,0.0,2,44.95052509810233,51.59291303971616,0,5,0,1
325,1,0,2.563859167087313,-0.6305736808447459,0.2318599262388914,0.0,1,39.22581843678206,59.161933963462644,0,3,0,1
326,1,0,0.7314333548744122,-0.4709350380361221,0.6854009384975568,0.0,3,42.810154745782796,48.94988144270537,0,1,0,1
327,0,0,1.745420517852964,0.32495049462697106,1.623868485286535,0.0,2,61.57812653777556,57.47410282245957,0,2,0,0
328,0,0,2.165420004825117,0.19490045838198003,0.6337511422308623,0.0,1,53.00187244170005,69.79086361539362,0,7,0,1
329,1,0,0.8025895714584895,-1.1720903914753096,-0.4299658847641389,0.0,2,33.605594462077065,52.19458834849725,0,8,0,1
330,0,0,1.772174618424334,-0.46113596891350417,0.4767070677117594,0.0,2,41.692208068527876,53.29161946307222,0,5,0,1
331,0,1,1.4201481543735552,-0.7788515734835038,-0.3707858043854451,0.0,3,38.691132687494445,46.982897081015636,0,4,0,1
332,0,1,0.7615202564736796,-0.7578601783242842,0.8365249157681245,0.0,2,40.48915881171121,54.70989747031279,0,8,0,1
333,1,1,2.2853083518862074,0.18180948164922756,0.22033006073885278,0.0,1,53.345424958568465,61.15491311665161,0,5,0,1
334,1,0,1.3901592772933897,2.293881152069714,0.4697498402947615,5.2983868538924295,2,86.85622694398404,80.49634216407756,1,2,0,1
335,1,0,1.8314452273533146,0.9672608221975187,0.26219605483907876,1.7485289062844058,2,63.545167587429376,75.82848142382777,1,8,0,1
336,0,1,1.9950942443337942,0.26294292523351587,-0.3631027021129031,0.0,2,51.16412075160319,57.428166131118395,0,3,0,1
337,1,1,1.8554136723867831,-0.048251382658634316,-0.0020724329415407004,0.0,1,81.64637570253296,58.749865948631154,0,4,0,1
338,0,0,2.48918703167936,1.138264409963152,-1.0308330647422188,4.218082423556245,1,65.95205794071263,76.9119149982458,1,7,0,1
339,1,0,0.684128623349037,-0.18584662448148803,1.4779101339729288,0.0,3,48.46410204501278,69.60653816257128,0,10,0,1
340,1,1,0.865004893329838,-0.8110986556389463,-0.028171309469259824,0.0,3,36.75304280190269,45.51216758622131,0,2,0,0
341,1,1,2.50530730585272,-1.097407187466456,0.5084427264762869,0.0,1,100.0,41.52487218501024,0,4,0,1
342,0,1,1.2479335052084648,0.32887787912803773,0.22056308255237905,0.0,2,47.90098155420567,62.05763667029123,0,3,0,1
343,0,0,2.2355550633612142,1.1684221692883086,0.6711575871797232,4.519244481273392,1,67.19305154183411,69.96446516889853,1,4,0,1
344,0,0,1.4054811522510344,-0.048209118803232455,1.6005270924653032,0.0,2,52.86120087844938,49.14936811547607,0,4,0,1
345,1,1,3.1779081399446887,-1.041105406970154,0.4804671060708984,0.0,1,33.79689433635513,47.802165234244015,0,4,0,1
346,0,1,1.2844892777691146,-0.39120929094035656,1.7519197390622108,0.0,2,41.53422010550327,45.72398321019919,0,6,0,1
347,1,0,4.043118547847494,-0.19779139181358632,-0.6085995076776824,0.0,1,47.070611734712465,54.193833024159915,0,5,0,1
348,0,0,3.2156802835331546,0.6033744466161749,-0.3930889964119232,1.3174288351326948,1,57.27634574253328,56.20526941994585,1,2,0,1
349,0,0,0.9338712561397245,-0.7136837994224976,0.608424944829725,0.03369667095220952,2,33.33286888453828,53.65105335139984,1,6,0,1
350,1,0,2.6470553760730717,-0.3912000759943444,0.17225846702457803,0.0,1,94.62076863751443,53.24860726196089,0,5,0,1
351,0,0,0.9568863856057741,-1.2130733252418562,-0.6374083511507598,0.0,2,25.04878535760693,53.744567819309395,0,9,0,1
352,1,0,1.916002036892216,-0.6335019048246395,-0.08374403099767108,0.0,2,42.57917260998273,55.535250116081905,0,5,0,1
353,0,0,1.845181666210128,1.148485955427931,0.361153243717233,2.201561918021616,2,67.29841188606188,72.53664619658339,1,6,0,1
354,0,0,1.3534416158042017,0.3239765257186047,0.9057156865975277,0.0,2,56.243119474432135,63.785597478121026,0,5,0,1
355,1,1,2.308287524802404,-0.7425068633422446,-0.1930845609575359,0.0,1,36.6588555709054,41.89112348273048,0,3,0,1
356,1,0,1.3047584302648711,-0.33835494638724495,0.7724607607195907,0.0,2,44.5184792161559,51.20649193174756,0,2,0,1
357,1,0,0.9633831823869002,0.37974917263900865,-0.06683505434218981,0.3884961830779914,2,16.239148194842606,67.96798376060407,1,8,0,1
358,1,0,1.3392578245812912,0.9119936463740845,-0.33546836097180077,2.074453298746665,2,63.530299814894434,62.91073354610312,1,2,0,1
359,0,0,1.8523585648149976,-0.4938802697761343,-0.8227633132627429,0.0,2,41.80696314398265,53.69910021421349,0,5,0,1
360,1,0,1.9509746162551813,-0.08887672248548216,-0.3210186990465428,0.0,1,49.64519242087719,67.92934354410059,0,8,0,1
361,0,1,1.9416503085685757,0.16184336369864738,0.43225906099065725,0.0,1,52.039694778100746,59.23546714087767,0,4,0,0
362,1,0,1.513637553012515,1.2500129641094964,-0.06977437490694109,2.260483421772588,2,66.43432322969387,73.38424000424139,1,6,0,1
363,1,1,3.772107160187479,0.1603847503442013,-0.7342811803391315,0.0,1,50.78199159613629,61.05455822946359,0,7,0,1
364,0,0,0.9170636961069837,0.7815327883915723,0.229888241290776,0.0,3,60.56222825397442,74.90820594990579,0,8,0,1
365,1,0,0.5641467308672321,-0.17359858663898187,0.667540177934542,0.0,3,47.72876853114508,59.069557670436815,0,5,0,1
366,1,0,3.052966723300868,-1.4313923306790326,0.2333787552302205,0.0,1,31.928808126607233,52.911993518702275,0,10,0,1
367,1,0,1.55111998648028,1.5194721130699875,2.231047116174119,1.2327686218840144,3,72.73601096927602,67.67017071085411,1,1,0,1
368,0,1,1.5547254108541813,-0.7800862712511981,-0.40212357431442075,0.0,2,37.61228899619859,49.625734363090515,0,5,0,1
369,0,1,1.4173975078864332,0.10755871782963282,0.40503323590013857,0.19379410317761003,1,53.68262937497619,54.87295826414701,1,3,0,1
370,0,0,2.491968270060141,0.925329905086357,-0.3913453469092879,3.6841829248432747,1,64.88715657772612,67.99881464098125,1,5,0,1
371,1,1,2.2627170144771083,-0.5691861046944132,0.04260460692707976,0.0,2,41.33083139117914,55.17946434268448,0,5,0,1
372,1,1,0.9473705715070313,0.6241345300521376,0.9651619865911306,0.5627407448758835,3,57.9407474864167,73.30769340179468,1,10,0,1
373,1,0,0.8096843221929519,1.2197534363735674,-0.020964896677895944,1.567273931699516,2,67.37797418680931,76.74417565582098,1,5,0,1
374,0,0,1.29278662253772,-1.478497330920723,-0.22018933592956838,0.0,2,28.034933095307434,47.39420176454785,0,7,0,1
375,0,1,4.550782708532938,-0.243792187755548,0.1881439648281246,0.0,1,48.75317826453375,60.71295146093492,0,7,0,1
376,1,1,3.2065305938144024,0.5908538023790232,0.39454334385330425,2.3138239677445425,1,62.104845204954856,68.78478246827557,1,6,0,1
377,0,0,4.69647154394925,-1.0903439924596363,0.8848106049085599,0.0,1,32.88821131213363,45.0681203942317,0,5,0,1
378,1,0,1.474874405616997,0.0026817025932313783,0.2739293310041567,0.0,2,47.7594506898092,60.89052198947875,0,6,0,1
379,1,0,1.0383791040414703,1.7097524220426839,-0.5900649265942821,3.6618926706537085,2,73.49282618580946,75.64431539231805,1,4,0,1
380,0,1,1.362014503221454,1.0551224850708312,0.2455527295887047,1.5979020361877736,2,65.56343348296555,65.15322303370169,1,3,0,1
381,1,0,0.7831878225166882,0.30598578647207564,0.835807046581004,0.0,3,51.896060513036275,69.48004169832583,0,7,0,1
382,0,1,0.9641472461913106,1.5577452407003498,-0.028404210406148486,0.7363483820370098,3,72.67564818473276,89.86702668918149,1,10,0,1
383,1,1,1.7198895499556073,1.7964953293687584,2.1571504566820217,4.576515443786597,2,75.85012891445177,70.95826591467245,1,7,0,1
384,0,0,2.392525375178393,-0.19437603215598112,0.4247678468619409,0.0,1,51.87096169922806,56.02496197940151,0,2,0,0
385,1,0,2.4313877439365714,0.20796726533582835,0.3163093555878663,0.0,1,59.06531430351758,65.78067417265646,0,7,0,1
386,1,0,2.9719658481536095,0.9750297682436357,-0.10736482444090249,2.070555406238937,2,74.35691694170572,66.15571879279915,1,3,0,1
387,1,0,1.206186635739089,0.484451907354573,1.9986131570207255,0.0,2,50.127767301853005,69.58133959005828,0,4,0,1
388,0,0,1.1285043967111306,0.4419961011308624,-0.11601977046588727,0.0,2,55.67160035655024,56.30781346785736,0,5,0,1
389,0,0,1.1196864138008378,0.5013440404889052,0.3444254657573947,0.941718015668783,2,59.7705476495007,61.89267938696567,1,3,0,1
390,1,0,1.4085200426177322,-0.09157761935295375,0.22260013908933038,0.0,2,47.10459922076695,55.19111598108645,0,2,0,1
391,0,0,3.485299491389912,-0.3559756099589298,0.2929816428577943,0.5870352945544253,1,43.8937950647867,61.04030530593011,1,6,0,1
392,1,0,2.225061035501617,0.5022349151491552,0.5425661530379303,2.139329372970895,1,64.6570811479758,67.713342750969,1,8,0,1
393,1,0,0.6021293914773554,-1.1292953832814594,-0.11708750184589165,0.0,2,50.722319659534676,45.67176688869975,0,4,0,1
394,0,0,0.4837407300290901,0.6684181143494171,-0.8919612903934396,0.0,3,60.78027886126964,68.80089811523904,0,3,0,1
395,0,0,2.377066901214787,-0.11391974901841308,1.3815191975357883,0.0,1,0.0,61.35091629595317,0,8,0,0
396,0,0,0.9682787164679241,-0.029232828533543132,0.8248046444833872,0.0,2,49.90440568308783,62.849179083596994,0,6,0,1
397,0,0,0.9106054017900406,1.2140794233246328,1.0643755179883374,2.6983461509372684,2,67.40647595699309,73.42650476394402,1,4,0,1
398,1,1,1.4371699934702376,-1.2171195099078342,0.29509618220755607,0.0,3,31.639916431928693,54.0348337946086,0,7,0,1
399,1,0,1.7158535210341632,0.6191534713556696,-0.06602325155482898,0.01461024238151673,3,59.23541154223146,71.19035245064296,1,6,0,1
400,0,1,0.7440762083329948,1.6471918232897076,-0.5046679445486677,2.1135117928726963,3,77.50057059649627,68.41050458208106,1,1,0,1
401,1,0,3.1319916049222707,0.6801692288883777,1.371323206965821,1.71341302722802,1,60.83600598066055,72.60967045087136,1,9,0,1
402,1,0,1.1250837342977495,-0.2523371517245499,-0.18729904630781444,0.0,2,45.32035327506785,56.15657714874582,0,8,0,1
403,1,0,2.6378565216641663,0.7010131266358508,-0.0028154644168392616,2.5187137987305652,1,70.28212737124831,62.34250683027486,1,4,0,1
404,0,0,1.7438829049057878,-0.7261554517046082,-0.006633704261089809,0.0,1,36.012539776474405,60.33273996012308,0,8,0,1
405,1,0,1.909146969285633,-1.2640922039245086,-0.6634698006938308,0.0,2,32.3504488117934,56.47445700958319,0,8,0,1
406,0,0,0.5923129745906129,-0.10249846056062123,0.9589381298953602,0.0,2,47.29037383290824,71.01733678136605,0,10,0,1
407,0,1,0.9669893656541421,-1.103416241629264,1.0473827921262007,0.0,2,33.89481345362345,46.14651939115055,0,3,0,1
408,0,0,1.1554034915762779,0.10997140058887607,0.3244288400582252,0.0,3,51.90818006665926,49.09142029845705,0,1,0,1
409,0,0,2.0563557572869064,-0.0863612946004869,0.45364496722105474,0.0,2,47.97909878917489,57.81684252933506,0,8,0,1
410,1,0,0.8864692342136997,-1.0712252777768452,2.3356766791222574,0.0,3,35.09845209914445,46.803418086752664,0,3,0,1
411,0,0,3.4761913595289053,-1.7411592682684742,-0.20934404213151195,0.0,1,24.32369843981576,45.63508377511301,0,7,0,1
412,0,0,1.100102868055209,1.3008311008742997,0.6608193555234176,2.2859310139399516,2,69.80510680425398,72.24309393240891,1,5,0,1
413,0,1,2.559971035455611,0.7648859088433909,-0.804505733510851,2.459658776191653,1,60.36097111714383,56.569254192951234,1,2,0,1
414,1,0,2.0460219956601433,0.2497617125960575,0.10449586723467444,0.0,2,56.360202325456854,49.192390176221544,0,2,0,1
415,1,0,1.3344178891293554,-0.7880386990991842,0.19167421896429238,0.0,2,39.68598410723796,46.280011610563236,0,2,0,1
416,1,0,1.6299234737444788,-1.2342741204280347,0.3434151723237479,0.0,2,33.54739836085905,46.4449193220474,0,4,0,1
417,1,1,3.8515039525330224,-0.11834312177367774,-0.42629513144476683,0.0,1,47.43702058473125,52.941724358881736,0,2,0,0
418,0,0,1.4508685164151782,1.1075027433575215,-0.37567861075980136,3.37245906388795,2,66.86615804263528,70.78291081921317,1,3,0,1
419,1,0,1.606545073164295,-0.5466064028828382,-0.2778510009890876,0.0,2,43.172778244864226,48.57794762936753,0,4,0,1
420,1,0,1.5611698648494685,0.9733278024771811,0.6942768876431069,1.0875362048546457,2,89.6856262645271,67.21003237842551,1,5,0,1
421,0,1,0.8831751980785782,-1.46666686569968,1.1751253438913098,0.0,2,28.08192912952538,36.71827732077001,0,1,0,1
422,1,0,2.2791893229525373,-1.1038777589268751,0.9650196858646681,0.0,1,31.874733043283474,27.7513033450198,0,0,0,1
423,1,1,1.7178505448658972,0.21311937418735333,1.162406768398726,0.0,2,54.85282975529616,58.48037171700151,0,3,0,1
424,0,0,0.9778748881206855,-0.8768143230063539,0.022861992022542313,0.0,2,36.630663507255036,46.51309548562488,0,5,0,1
425,0,0,1.836580660004347,-0.40947980558480657,0.025092052714205202,0.0,2,44.4081389279083,47.53285579259486,0,3,0,1
426,1,0,1.1666021625478316,-0.21285577973295122,0.419675034998784,0.0,2,45.771961313283086,63.66395893331281,0,6,0,1
427,0,0,3.143077660202281,0.3138312023244096,-0.195883333729451,0.7735444418464525,1,54.813703307991986,59.52352822136269,1,3,0,1
428,1,1,1.5658775254399147,0.18569781517048717,1.6645333186337985,0.0,2,52.92836131988143,51.95437757374168,0,4,0,1
429,0,0,1.7168897265524743,-0.8152783026377669,-0.6591028718067048,0.0,2,10.102521496234026,49.660902639621156,0,3,0,1
430,1,1,1.3192189511793466,-0.2479753382867829,-0.1844006503496398,0.0,2,46.2965033918329,59.71512081194913,0,5,0,1
431,1,0,0.4473480525112064,1.3070521079149509,-0.06214306815510091,0.8660958968910307,3,68.32133007336093,73.17827710214286,1,5,0,1
432,1,0,1.3836599622832362,-0.2872491376268998,-0.21550055149202166,0.0,2,46.46952234187762,54.73113737507983,0,4,0,1
433,0,0,1.1918205105408515,0.0939718536828275,0.19650521178855118,0.0,2,52.39568644531998,62.99578454936727,0,7,0,1
434,0,0,0.6954251709680059,-1.3425821757224217,1.1631045347214193,0.0,3,29.606947385508853,42.975079785819,0,3,0,1
435,0,0,3.082362653900787,1.0818759397694742,0.7107382262588234,4.102845267626788,1,68.18925966130925,70.87505906190708,1,7,0,1
436,1,0,2.058459087257506,0.10244711191489796,-0.05707445486896696,0.0,1,49.852639861931664,59.711615608321736,0,3,0,1
437,1,0,0.8601324947444585,0.9513797229831917,0.82629817434076,0.4293033263389879,3,63.71458473598116,76.11459057900213,1,9,0,1
438,1,0,1.851847485359385,0.17028420392519397,0.8045119038573868,0.0,1,67.54700092708579,51.11315636638113,0,3,0,1
439,0,1,1.2612162950785297,0.8503732009564626,0.7407281757239147,1.3870019975550834,2,62.44202524798507,63.625490801362716,1,3,0,1
440,0,0,2.2673414913910452,1.1038177662505533,-0.3088991909489521,3.826891514397216,1,66.24272549693369,74.42710655133887,1,8,0,1
441,0,1,2.0739739473777723,-1.1870164284022806,-0.2753242993714626,0.0,1,32.27043979019527,60.00309558631889,0,7,0,1
442,0,1,1.3476573089002433,0.6290931308203642,0.024158065733771942,0.14713019526310026,3,60.19882545877854,62.15176131119768,1,3,0,1
443,0,0,1.446487601167872,-1.7773889653822523,-0.3371978570148594,0.0,2,22.734167930238144,44.00514046557301,0,5,0,1
444,1,0,1.5374826237136885,1.161255138052553,0.8017535496173729,3.0954480671377174,2,67.62043747470138,79.77670170056108,1,8,0,1
445,1,1,0.6089117760803358,-0.8917656304132848,0.3367668896531326,0.0,3,36.735902529520686,44.26551854979628,0,5,0,1
446,1,0,2.232511939572332,-0.1088900973589373,0.94594226312825,0.0,1,47.19127492875779,58.934357568595516,0,5,0,1
447,0,0,2.0918866913557226,-1.456985718349405,-0.3972475108773656,0.0,1,27.11305178603656,42.95703589365282,0,4,0,1
448,0,0,1.1376707127417083,-0.18800250297191157,0.2557739701384536,0.0,2,50.01678281392466,54.063667671073475,0,4,0,1
449,0,0,0.9207979566873278,-0.5451471341416276,-0.19276441520184756,0.0,2,40.158361809854085,48.58057703927512,0,3,0,1
450,1,1,2.109690956815916,0.5960211010266574,-0.13649556440048213,1.3595910583371604,1,57.870607329525,64.04014677942747,1,4,0,1
451,0,0,1.8741032838014038,-2.0313430197522244,0.007608045316971765,0.0,1,20.208593379674806,34.94337413036252,0,6,0,1
452,0,0,1.7191186562757603,0.31590994373558523,-0.2753568545742202,0.23091914119456622,1,55.50114176668577,54.26830937424916,1,2,0,1
453,0,0,1.4032216791565189,-0.0981620936381653,-0.006113556086071215,0.0,2,47.70171035583962,75.03820853428672,0,12,0,1
454,1,0,2.851304743404179,-2.505176701243943,-0.07458158701554593,0.0,1,13.889477727207286,30.135603930013044,0,2,0,1
455,1,1,2.5724734573774044,1.1780649095797788,-0.11219569866022008,4.570668295018706,1,67.69591280817203,70.66709920927966,1,4,0,1
456,1,0,6.09975875661245,0.5322685972099513,-0.6434793384797673,0.8467573596594344,1,58.030873541491594,62.138823261736476,1,3,0,1
457,1,0,1.1370342624379266,-0.453182321232292,-0.09523037675638175,0.0,2,40.54848459882009,55.93515157705284,0,5,0,1
458,0,1,1.9591570339587663,0.1091746137157501,0.8727005458093537,0.0,1,53.97340147738573,58.89723237374658,0,4,0,1
459,0,0,2.4845421187774885,-0.417534039741895,1.1351157848971352,0.0,1,44.1469432073094,49.6454745456064,0,3,0,1
460,0,0,3.539717158217369,-0.6492349381359457,-0.06412191810133655,0.0,1,38.423166980512434,44.24663847355022,0,3,0,1
461,0,1,2.3844878043281534,-0.8377209118424456,2.422566307978112,0.0,1,40.82417344153574,54.60695107724963,0,6,0,1
462,0,0,2.308445986650466,-0.7241844022072441,0.5017481793207754,0.0,1,38.76858745742594,61.74326597856724,0,7,0,1
463,0,1,3.1717894793313826,-0.13547473659781256,0.9823502811724717,0.0,1,45.060267516972864,44.99696561802291,0,3,0,1
464,0,1,0.966602490096432,1.1979555917508737,-0.36586821952364057,3.219446028531592,2,67.5070728499926,73.33242725891989,1,5,0,1
465,1,0,1.116760618944297,-0.5689535965903023,1.436245802126991,0.0,2,43.129333265340165,44.98094762736421,0,3,0,0
466,1,0,2.0835973523005333,1.0836998935488262,-0.5647480253514717,3.5872117260521854,1,61.285149621988154,62.70180739641715,1,4,0,1
467,1,0,2.4771867883609784,0.8971026673022494,0.5616115032439111,3.2022349691427756,1,63.508096655585405,63.8871470550974,1,3,0,1
468,1,1,1.7115074341261123,0.4728813987420377,0.38527167254179834,1.034675707006559,2,55.75442929515685,60.934382816826144,1,3,0,1
469,1,0,1.4262110296057222,0.07840610252950125,0.7716230562864288,0.0,2,48.335704850970366,56.04325873566478,0,4,0,1
470,0,0,1.5062052548400753,1.5541956440268234,-0.16747634927937047,2.9690175415853624,2,76.88449982962895,65.88725985317917,1,0,0,1
471,1,0,0.316010802975801,0.5805174581241354,-0.43412621290237813,0.1050796053339651,3,58.51433422221043,61.2594303664836,1,2,0,0
472,1,0,0.9182295850923444,-0.6676621624157812,0.1513773333519091,0.0,2,38.874117292247256,55.14298218845508,0,4,0,1
473,0,0,1.8889508415211564,-0.6907019359793981,1.4002430976000948,0.0,2,39.07466214996324,47.574299660756644,0,2,0,0
474,1,0,1.0016304857669984,-0.04810244403934197,0.6141952339551676,0.0,2,48.95155681199588,65.2117144541278,0,6,0,0
475,0,1,1.530779971860461,0.44445615415659806,0.6233237428497008,0.22286603257023083,2,57.307156786561045,63.971883244374084,1,8,0,1
476,1,0,1.0215396559687666,-0.44042567922789466,-0.0688193437859597,0.0,2,43.730013146093405,52.508484818767,0,5,0,1
477,1,0,1.2023727163747817,-0.6147503277566794,0.2293372289975393,0.0,2,41.16396239811456,60.36663357736056,0,9,0,1
478,1,1,0.6397755710863371,0.47474724486383035,-0.1843293321907689,0.0,3,57.69564514989648,76.7697956105986,0,11,0,1
479,1,0,3.115269168862917,-0.6208097370031525,-0.2849555354023693,0.0,1,46.28295360595891,62.12136446283003,0,8,0,1
480,0,0,1.7648551663937724,1.1662265883039993,0.2530158470944854,2.925618562286589,2,66.00816479849672,68.50460307350687,1,4,0,1
481,1,1,0.9919107690991001,-0.729837006392042,-0.098565270249953,0.0,3,32.950710056810834,59.19874311669403,0,9,0,1
482,0,0,2.9086633143862155,0.3090777392112403,1.1368420075587882,0.4549587788767719,1,54.75561294909826,61.47476269654161,1,4,0,1
483,0,0,1.7152703776714764,0.11667238290797037,0.10411756508111812,0.0,2,50.858247346431554,64.14248254850959,0,7,0,1
484,0,1,1.5436564406878703,0.08490191240050131,0.1989372402316952,0.0,2,52.035477260904656,57.87377412834274,0,3,0,1
485,1,1,1.1137422464142188,-1.0167945535080156,0.9544031584796495,0.0,2,38.176033900588585,47.852476936617904,0,4,0,1
486,0,1,1.4503031126425443,0.2750593585154425,2.081284417786842,0.7507848997233186,2,54.8870374898317,63.86433167298246,1,4,0,0
487,1,0,1.501940190704184,0.989413532366401,0.2527224703941767,2.3209458762682456,2,63.697291400483934,67.98451711025919,1,3,0,1
488,0,0,1.3029473628210002,0.3594487133491713,0.02679191597941551,0.0,3,55.05069219521027,62.981593503149085,0,4,0,1
489,0,0,1.2562623462218527,-2.1798154686406526,1.3140036557225412,0.0,2,18.39069453923971,41.363106737656274,0,6,0,0
490,1,0,1.2621074672804757,0.13366886017565843,1.0771035530093216,0.0,2,50.95346160186406,64.13550600668648,0,5,0,1
491,1,1,2.4130967258621228,-0.5980213635609292,0.31767233465290734,0.0,1,39.841444512915615,46.92106495534352,0,2,0,1
492,1,0,1.4017892737110258,0.5421813549598666,0.04610579972593716,0.9224785188093649,3,59.53619584381548,74.52970951366112,1,5,0,1
493,0,1,1.0626980640187333,1.4379208064938558,0.108063097974246,3.344154740109277,2,71.95006451976421,83.8479307387475,1,9,0,1
494,0,0,2.609058652142205,0.17639825603540124,0.6538210793999301,0.0,1,52.30356337270661,67.59433900329287,0,8,0,0
495,0,0,2.038322844763763,-0.6777101666419898,-0.16821045968613205,0.0,1,38.61979485315308,55.0884718537027,0,3,0,1
496,0,0,1.0384302196592294,0.7820379447470903,0.11490061826342303,0.0,3,60.433857459963264,75.94581184917065,0,6,0,1
497,0,0,4.583735366111512,0.6991571264470067,0.32606467296975006,2.7215190906991125,1,53.757740613767666,71.23704590207622,1,8,0,1
498,1,0,4.231111177837134,0.06583898788349976,0.33343176520858037,0.0,1,50.626164938581994,64.76806661942706,0,4,0,1
499,1,0,2.3705381343082794,0.9907051095781938,1.0074642860139522,3.4641708037889325,1,63.761593348080304,77.93073045600495,1,7,0,1
500,1,0,0.5218461581527766,-1.6836614769383458,0.13032014315404244,0.0,2,23.35965887209168,41.03209456501398,0,7,0,1
501,0,0,2.5398942950283088,1.7911200404158178,1.0749054466478039,6.193057384954625,1,77.42518335561064,82.73878372972975,1,7,0,1
502,1,0,1.0262406048050698,-3.43801193252288,0.36849045700818683,0.0,2,1.21063479643098,22.862796992808143,0,4,0,1
503,0,1,1.5959344311426955,0.9138024481816559,-0.29176462589611757,2.1636189183748193,2,63.96415822529703,65.86003695481341,1,6,0,1
504,1,0,2.3282063786393845,0.8716524689948442,0.11792826568158825,2.199549052389095,2,62.454633353980995,70.08537866245214,1,7,0,1
505,0,0,2.5634302672105544,-0.058136018344937125,-0.2241777293685605,0.0,1,47.149588471364716,58.72990171679909,0,4,0,1
506,0,0,1.0841668987004012,-0.54695007112789,0.257839652234164,0.0,3,44.062371935770685,56.73404664953934,0,6,0,1
507,1,0,0.8101434055593725,-2.4063462383122705,1.1448352323573934,0.0,3,13.75796696493851,46.979155946758496,0,9,0,0
508,0,1,0.8694127230476569,0.7964014025593664,0.9932613819929954,0.2544428313348628,3,63.82159209930796,62.66989450614758,1,2,0,1
509,0,0,0.6955149546376187,-0.31324328691928727,0.15428013332179677,0.0,3,45.20004439579427,57.572654502312844,0,4,0,1
510,1,1,0.6021444540760029,-0.3489583129281267,-0.3571690375997757,0.2578423222448343,3,44.34098392167775,66.36681873198721,1,9,0,1
511,1,1,0.9965557521837297,1.5542191827734488,0.3347914815808297,4.635051329589096,2,71.89640153194058,72.50881916372761,1,2,0,1
512,1,0,1.2769039148366337,0.5137373945220921,-0.4868160130376469,0.0,2,100.0,59.24471074860174,0,3,0,1
513,1,0,2.42345641907332,0.059811812507964954,0.06432887238765347,0.0,1,52.31034583352745,63.62917755795786,0,5,0,1
514,0,0,2.626861630546812,0.459823158957634,0.44816040275588576,0.6170146227223736,1,51.1234939741915,67.79428891091193,1,2,0,1
515,0,0,5.072878301165101,-0.767169360578493,0.5724315707430836,0.0,1,41.51467719434543,57.84568806530925,0,7,0,1
516,1,0,2.556988976011583,0.44320563695384396,0.744841454563376,1.7283142074853703,1,58.57787495500548,68.80242173804213,1,6,0,1
517,1,0,1.1882072383544944,-1.0427185201932996,-0.41288969679416354,0.0,2,34.51347679929949,47.47679920014513,0,4,0,1
518,0,0,0.6108022020602791,-1.519817997072035,0.010118114735772173,0.0,3,25.903500688003987,46.97414113667926,0,8,0,1
519,0,1,1.8681438573741314,-0.04890265032739811,-0.33053200505785474,0.0,2,50.376723261776206,57.373206569996384,0,4,0,1
520,1,0,2.318311332669737,-1.0780138094961258,0.4753681613731759,0.0,1,33.702708859499054,48.10792117905519,0,5,0,1
521,1,0,2.3586588194657416,0.8154746961436568,-0.20715954601317105,3.0332718119517237,1,74.50804411024846,66.77032312391817,1,4,0,1
522,1,0,1.2737440365453108,0.05664513927993132,0.05055329139990288,0.0,3,47.630581649022965,60.589034182471714,0,5,0,1
523,0,0,1.2210133536803633,0.21638566398022313,0.12004556698218033,0.3054607137477162,2,54.781033390799166,56.04009365537853,1,5,0,1
524,1,1,1.2847474674873098,-1.424484738739615,-0.33497235299276196,0.0,2,24.319296821473067,47.51776407599896,0,5,0,1
525,0,1,1.9315244846294033,1.0278169082861852,0.8166299003592632,1.9309049208303306,2,61.81317078537124,67.82798007934383,1,4,0,1
526,0,1,0.7964700351770484,-1.2288252581581254,-0.16837174982233521,0.0,3,30.058170226351777,49.75961249653112,0,5,0,1
527,1,1,1.3901612289645648,0.17928293942133114,1.1674773238584033,0.0,2,58.28953837095863,59.63533851172136,0,4,0,1
528,0,0,1.2065741060097708,-0.9790763832504178,2.5949208523164606,0.0,3,34.12386587454968,41.56315675384663,0,3,0,0
529,1,0,3.0606682676234245,1.4005987546116603,-0.7541302482912041,4.445573308255113,1,73.57056604523139,78.67192266602565,1,8,0,1
530,1,0,1.9895032350891368,0.4253101642315074,0.1045323621503355,0.7059423842719892,1,55.31589197346751,65.74558855664573,1,5,0,1
531,0,0,1.9883791411508578,1.1514316172119607,-0.2772761395102229,1.594529918861507,2,66.89084387656993,79.14793653201045,1,7,0,1
532,1,1,2.965400145180581,1.4808829042375415,0.8177432374487535,5.309002659629545,1,66.46843728080088,83.18267392761155,1,10,0,1
533,1,0,0.9189023230452329,-1.3721449134613346,0.4292767339373336,0.0,3,28.922199426557597,51.16653412177018,0,7,0,1
534,1,0,4.563211609603957,0.8292622907870731,0.31647909611125713,4.194092522331621,1,61.659956344659165,76.3161023079975,1,9,0,1
535,1,0,1.2756726915367802,-1.325289248544637,0.5669677402066479,0.0,3,29.084410609084006,46.28731910199558,0,5,0,1
536,0,0,1.4264349944050114,0.4224627953712195,-0.9317865076752777,0.8286295462923733,2,58.336357895554166,62.1828397501204,1,7,0,1
537,0,1,2.601250096677532,-1.1961269535496812,-0.602893866311954,0.0,1,31.72307458955565,37.98256199661027,0,3,0,0
538,1,0,3.8438090350342966,-0.24778921376445137,0.21130819179030202,0.0,1,48.467446342610195,59.05826661739704,0,5,0,1
539,1,0,1.8173497943801593,1.6782933966922675,-0.06047835210964856,3.5012820735548313,2,75.82885428021086,68.07044858589894,1,1,0,1
540,0,0,1.2917468130460363,0.7466770851057639,-0.30199618264218125,0.010400754820574704,3,63.177524870099795,66.21209236661898,1,5,0,1
541,1,0,1.104665285410075,1.1784642060860844,-0.12733421754853438,0.7235879982220671,3,59.73358316340371,70.07237217054794,1,4,0,1
542,0,0,2.904235628801597,0.04136766106824049,1.3641157634420762,0.0,1,50.50756510270424,57.94762854773424,0,9,0,0
543,1,0,1.144613054001699,-0.06242888059245499,0.704035148734585,0.0,3,47.20715623107505,54.068602708962025,0,5,0,1
544,0,0,2.288578803852145,0.2676025652809532,0.4452114473006447,0.34990627320948603,1,52.66270983313318,54.32845925533394,1,1,0,1
545,1,0,0.7931410845355028,0.40595537528347225,0.27970824551300866,0.0,2,56.80252250465006,66.95776444555752,0,5,0,1
546,0,0,2.032023427346369,0.6242048546782157,0.4234165816029005,1.2614430343688952,1,59.90540517551688,59.44340078206237,1,1,0,1
547,1,0,1.1065387303864351,-0.6027173068108899,0.659868060667302,0.0,2,36.29209655897375,49.91451700144129,0,2,0,1
548,0,1,2.2840598222699886,-0.5933672260678157,-0.0751628566573517,0.0,1,41.58909518974213,59.79765432145324,0,9,0,1
549,1,0,0.6337351888252697,-0.10092803348025303,1.099193964562262,0.0,3,47.682038929524964,66.74731014590374,0,6,0,1
550,1,0,0.7385900585381481,-0.1207166769927636,-0.6611409659464935,0.0,3,42.8901837935048,62.91968986022818,0,7,0,1
551,0,1,1.2045271558900899,0.5656110539682706,0.41086519735638033,1.160813966206553,2,57.646835417641675,66.76139154338487,1,6,0,1
552,1,0,0.8744734276325614,-2.395935311666448,0.18290750409977513,0.0,2,18.792485001247226,29.62056508746659,0,3,0,1
553,1,0,0.7557906828567641,-0.39129831670006526,0.11637312385649244,0.0,3,62.27582575198497,52.79667382015815,0,2,0,1
554,1,0,1.4196551994346434,-1.2878516897384338,-0.29135368570808856,0.0,2,34.62777181595682,56.15282200440752,0,8,0,1
555,0,1,1.6003544210719136,-0.8014760158052432,-0.10699967791334086,0.0,2,37.63651553379237,50.20306007785439,0,5,0,1
556,1,0,1.2749056384207669,1.484032958989388,0.4743360774850042,3.162483574940713,2,71.87362727291942,54.87754122814253,1,2,0,1
557,0,0,2.3816037752766857,0.9728572046565965,-0.4852687637963717,3.6654071405191444,1,64.13249203506473,69.1851610323945,1,5,0,1
558,1,0,0.9805489183720385,0.9051198883782728,0.07653224727066914,1.4463309359504475,2,66.60615233473153,64.29832757509826,1,3,0,1
559,1,0,1.5833424402813623,0.21003322041548644,-0.24240618560314597,0.0,2,52.723268337350845,67.79481638301141,0,4,0,1
560,1,0,2.8691734266161855,0.2696574027515941,0.39113111400325123,0.0,1,52.42013564478837,62.472105770434865,0,7,0,1
561,1,1,0.8795046125934223,-0.5378497609539296,-0.08946405773065573,0.0,2,60.901405488781236,52.95456766204041,0,7,0,1
562,1,1,1.030470585298799,0.5148629624880656,0.7880595922943442,0.0,3,57.97562712871875,58.56802812557586,0,2,0,1
563,1,0,4.853186048528641,3.3126004071170128,0.504013081766373,13.8077953205353,1,99.24354869179716,89.47990809315624,1,2,0,1
564,1,0,0.9329430081588956,-0.3569447599949138,0.5202121937756854,0.0,3,41.8250766941762,51.940941849504824,0,5,0,1
565,0,1,1.1619564703739818,0.5638686903158819,0.5361874308598308,1.8232490703722397,2,56.71489024188029,67.7863681883029,1,6,0,1
566,0,0,4.045330370572392,-1.1143184938229167,0.191267303031389,0.0,1,33.28100589690223,56.52908163902997,0,9,0,1
567,0,0,1.0519705041586145,-1.674078390323111,-0.26598420591731375,0.0,2,24.873285843629244,45.41165476248709,0,5,0,1
568,1,1,1.7880441916103411,-0.593480670499208,0.15081973976429544,0.0,2,100.0,53.15234792297862,0,5,0,1
569,1,0,2.4287259485287103,0.7970644222522391,-0.01653158128489523,2.1626863793350948,1,60.65288592772192,74.53950528346122,1,10,0,1
570,0,0,1.4378071263969925,-0.43139880775713935,-0.059023522781176514,0.0,3,43.82283397204567,55.42651796780422,0,7,0,1
571,0,1,1.243317944388984,-1.034890030242774,-0.5239932850964248,0.0,2,35.48141020399529,48.32667666539697,0,8,0,1
572,1,0,2.5572461876645436,-1.5256593933430507,0.6185242432958666,0.0,1,26.75566680826834,48.99882447676825,0,7,0,1
573,1,0,2.51310878436329,-0.34297212321866166,-0.29364808446118634,0.0,2,44.426687264955596,53.2809883935268,0,4,0,1
574,0,0,0.9062010291469048,-2.028799659877656,0.7268228380248869,0.0,3,19.384321478802036,39.736908684976136,0,4,0,0
575,0,0,1.4021976760166301,0.24881147255069763,-0.8264495739393419,0.14991787419750396,2,53.981483495393896,61.55042108267025,1,5,0,1
576,0,0,4.36204339433929,-0.23469351328468524,1.8671742467283468,0.0,1,46.093852975789716,62.999097994062936,0,9,0,1
577,0,0,1.1209465715518463,0.5268108102105056,1.0898642238970933,0.22270021498750603,2,57.631706983783914,62.458542090124304,1,5,0,1
578,1,1,3.820321789861853,-1.6828423287046046,0.7043963859819399,0.0,1,23.516371537989468,40.86568715051809,0,2,0,1
579,1,1,1.6890902931727552,0.45690393240121396,0.31675772369645566,0.7409140613273771,2,56.112623595353526,67.78378295551249,1,6,0,1
580,1,0,0.9467944429924339,0.5663870223015604,0.24825017768246924,0.04548340206560708,3,57.663158431750425,80.30053691415753,1,9,0,1
581,1,0,1.5071410744826903,-1.7080219398658727,-0.12604373937012206,0.0,1,24.34387012449513,44.27032853815841,0,4,0,1
582,1,1,2.30714128618662,-1.0377775102689617,-0.5182408267044941,0.0,1,33.680192672118125,47.7747444952048,0,5,0,1
583,0,1,3.52914561733722,0.0377954948303101,0.5261378811998655,0.0,1,49.97099602383681,70.77737295476643,0,9,0,1
584,1,0,0.8212751188909349,-1.273220172238329,-0.3779416611441548,0.0,3,0.0,48.72570150463759,0,5,0,1
585,0,0,3.2201665571815896,0.14043248615232728,-0.42998236616714214,0.5350120839408609,1,74.83142422741595,60.09758911479607,1,4,0,1
586,0,0,1.8772915730883217,1.6022670917028043,0.38515125925288224,4.599207669058455,2,73.79277207004978,66.208399964187,1,1,0,1
587,1,0,2.4091635922837136,-2.947236165506661,-0.24753272542018673,0.0,1,5.814382513066388,39.40797132737343,0,5,0,1
588,1,0,1.5541688928029156,-1.3335015082200714,-0.4048343431773867,0.0,2,30.301095293784886,38.49452578541217,0,2,0,1
589,0,1,0.763623806961751,0.36596151364744733,0.328773894589145,0.0,3,53.74472263843889,68.04877379994235,0,6,0,1
590,1,1,1.3811928893508603,-1.3082285681085375,-0.18410826887163165,0.0,2,50.86947004125062,46.98186948121084,0,4,0,1
591,0,0,0.6713964569551971,-1.1303275591082689,0.07660198751444254,0.0,3,32.446307372606825,48.82549924642103,0,4,0,1
592,0,0,5.297555061282562,1.0595545015633048,-0.3510086313281394,3.8246077954001363,1,62.94003204910704,67.49421748399725,1,2,0,1
593,1,0,1.701668522048272,0.3056295042146034,-0.19801912133181584,0.0,2,54.81616578059065,71.75918775365916,0,3,0,1
594,1,0,1.8226358245412944,-0.4890594308496034,1.9284295884233464,0.0,2,42.42981551885494,50.028817919975296,0,4,0,1
595,1,0,1.148560664859055,0.8117744526553428,-0.34837099844842057,1.0931193816174085,2,62.57372268940954,71.21413507091076,1,6,0,1
596,0,0,0.8288727314001594,-3.138430633086061,-0.07891671654199653,0.0,2,9.248745518100492,17.841513722952886,0,2,0,1
597,1,1,1.2303414425474795,-1.312271707862612,-0.4988485161179403,0.0,2,29.934947901498454,47.46554529134134,0,5,0,1
598,1,0,2.833557263302538,0.02920370314630146,1.3073589662185816,0.0,1,50.0692026171764,59.45464006550139,0,4,0,1
599,0,1,1.8876876184871465,-0.3214879880523848,0.8266599990655745,0.0,2,46.32365940832405,53.97197012396627,0,4,0,1
600,1,1,1.16975124849654,-2.535564874066709,-0.19067764438498733,0.0,1,12.243186570360912,31.089239638087516,0,5,0,1
601,0,1,1.4792000225434887,0.5353120555950325,0.1574668918694111,0.11385949173165927,2,65.9867482646637,67.34627559275603,1,6,0,1
602,0,0,2.47058143374506,1.2608270506308168,0.7900788813700845,3.750647156150781,1,69.28477488071937,68.8051147496721,1,3,0,1
603,0,0,1.558942330264721,-0.7252243920078669,0.288758964222995,0.0,3,33.77970633868113,49.00561261196161,0,3,0,1
604,0,0,3.0287614125120585,0.2026252387308607,0.39937465280310647,0.5257513740471138,1,61.09097162051129,57.90034871590808,1,3,0,1
605,1,0,2.157328151091472,-1.081484874574024,-0.1615129991147071,0.0,1,32.86034998964054,41.3576846086328,0,1,0,1
606,1,0,2.4148787331282717,0.004200006607375832,-0.018880801457613044,0.0,1,47.40682436303315,61.722013432549716,0,4,0,0
607,0,0,1.4442458805388207,0.26884478881717905,1.748880436614266,0.2519914615589492,2,55.807810423246146,56.11010816007337,1,2,0,1
608,0,0,2.466883102667264,0.7559355231365779,0.8004622527016747,1.464901031078405,1,63.92643023203095,66.95433342881786,1,5,0,1
609,1,0,3.7870560689486212,1.0069754935690083,0.9871558457105613,3.2815776525973965,1,65.73954466868423,68.971898070588,1,5,0,1
610,1,1,0.9832638864047436,-0.05513161410863245,-0.23948420896206601,0.0,2,41.363083275158296,52.338728337898104,0,4,0,1
611,0,1,1.652399287834439,-0.06542422275573669,-0.19229516372970362,0.0,2,43.97330735287661,60.02666378580022,0,2,0,1
612,0,1,2.7190822758635784,0.7481532241847784,-0.10884445234241472,1.946660534068446,1,61.025333339375976,72.3360527260908,1,8,0,1
613,0,1,2.0311327798140026,0.6401601614170415,-0.11028289966272395,0.6777286849918664,2,58.90507273649697,64.73121484712394,1,4,0,1
614,1,0,1.879103388867173,-0.47582905288874083,-0.22021920375516915,0.0,2,36.9851359653083,59.30263547990121,0,7,0,1
615,1,0,2.232657582737994,0.24508425914017215,0.04922655779008275,0.09560768747170012,1,53.30316604354283,71.89104612808174,1,8,0,1
616,1,0,1.7788997256608534,2.1414006164863855,0.1382977183250865,4.8432718818534495,2,79.24970759885551,84.23831288341279,1,7,0,1
617,1,0,2.3440008862885264,-1.0043442562188183,1.3733751266360343,0.0,1,34.7215963571676,45.279999737626945,0,3,0,1
618,1,0,1.5459951738942375,-1.1929432739649197,2.983000876217673,0.0,3,32.108516394328554,46.89413049311442,0,3,0,0
619,1,0,0.8811594515719934,-0.2933570897672974,0.1706794577964893,0.0,2,46.07154829784741,55.97509526084456,0,4,0,0
620,1,1,2.1928744770349238,1.19749123764829,0.21554811011106442,4.073400891154056,1,68.24262067885884,66.51217153843385,1,2,0,1
621,1,0,1.8948118751142713,0.3506328791500225,1.241755224158486,0.08503069802175695,1,54.35921716150847,60.484572355832185,1,3,0,1
622,1,0,1.4294937758599449,0.5160777853172553,0.31184481566911726,0.39040701530171495,2,57.861603449054364,69.64203756846383,1,8,0,1
623,1,0,3.0143509975270355,0.02507707772943925,0.28966212575641564,0.0,1,50.85952460886933,57.91309751244393,0,3,0,1
624,0,1,1.016060195276128,-0.8363233393160423,-0.0667321888710123,0.0,3,30.661888186588207,53.22575952139345,0,7,0,1
625,0,0,3.3690437382743683,0.4815313182194213,0.09772844762464876,0.9108353406259262,1,56.51217841189005,64.15995555439503,1,5,0,1
626,1,1,2.572632988024531,1.1528754684964126,-0.547770744647041,3.848337078850708,1,66.97542614336751,70.23051496371411,1,2,0,1
627,1,0,0.7330248610920447,-0.35028610567491025,0.5475459849679016,0.0,3,50.53794176125528,52.639374786494976,0,3,0,1
628,1,0,1.021908552940984,-0.9218018302037939,0.4561014848980576,0.0,2,4.748159955420235,54.659270230774446,0,5,0,1
629,0,1,2.2068341804996847,1.2509967973237577,0.21003469221362478,3.2226860659447896,2,67.21607970275878,74.00711261021304,1,5,0,1
630,1,0,1.8921557479254878,-1.5618785574664515,-0.22873224042691534,0.0,2,27.56113039197359,42.09734386227709,0,3,0,1
631,1,0,1.7428485347811045,-1.4601283277731325,-0.20020238550406036,0.0,2,26.699530423379404,33.87016832525502,0,2,0,1
632,0,0,1.2788916308991995,-1.4008186621776584,1.6468541126000198,0.0,2,30.001180868623017,49.92137399853672,0,7,0,1
633,1,1,1.079707252650967,-0.02316686044122438,0.6263287725102306,0.0,2,49.200110004825234,59.33040871557216,0,3,0,1
634,0,0,1.8454841434417604,-0.04088505963288121,-0.097832050038209,0.08979570621332011,1,26.89671425545955,61.6566233307935,1,6,0,1
635,1,1,1.3956603667540912,-0.40991950440549274,0.2462996149276214,0.0,2,37.63692470807304,53.46629818042158,0,4,0,0
636,0,0,0.9406358891538023,0.1227866363006078,0.6913687054348863,0.0,3,52.00016051864254,65.70756041257755,0,8,0,1
637,1,1,1.5623578372363114,0.8487463456261181,0.6129939895383199,1.4281413632806073,2,62.00086084387177,68.52581302345332,1,5,0,1
638,0,1,2.2490369133421813,0.581313296700279,-0.11085127364520168,2.6886025051435,1,59.611288984794534,75.81845513128928,1,10,0,1
639,0,1,1.1892832793446377,-0.5183005246046466,-0.3153472262952184,0.0,2,35.900567649963484,65.1648619606562,0,10,0,1
640,0,0,1.9750864424256,-0.09106053921197925,-0.2842500720431786,0.0,1,49.18833351983664,63.8440328525729,0,4,0,1
641,1,0,3.4080341397948617,-0.22872249569145311,0.021436881776550835,0.0,1,45.93337250174097,54.47489465242239,0,3,0,1
642,0,0,1.5141607731199178,0.3522035691408748,-0.7039921985790842,0.0,3,55.493283811498316,60.67636972520651,0,2,0,1
643,1,0,2.502104099106512,0.1934392032022694,-0.10667497970684667,0.0,1,51.35719985508938,65.82584441102898,0,6,0,1
644,1,1,2.471224972745411,-2.3395518568085203,1.6517980210348089,0.0,1,14.493266387045415,37.43609298558851,0,5,0,0
645,1,0,2.115246021590473,1.8735825264943804,-0.4200988994257707,4.092489030068696,2,78.26479386897945,72.7432469672477,1,5,0,1
646,1,0,1.1080740253640828,-1.399323978663028,0.5220301148675721,0.0,3,27.615866390712572,45.59189801484374,0,5,0,1
647,1,1,1.716932666296271,-0.3739293894908017,-0.7050346398778098,0.0,2,69.93744296456701,50.185796924318126,0,4,0,1
648,1,0,1.2477410884062408,-0.9560198666154416,0.09058663672296711,0.0,2,36.01621296185519,57.84733458939738,0,7,0,1
649,1,0,1.031713500001171,0.49399820254850135,0.4551157063582258,0.0,3,59.03868310574898,70.94841587420395,0,8,0,1
650,0,1,4.30452100728637,0.47112287956017423,0.2585588374291494,1.2519343381432457,1,57.98069242331937,72.09791384923813,1,4,0,1
651,0,0,1.6063579391267047,1.977262276948537,-0.10559477475476414,4.700208584708252,2,79.62009513931187,81.593335485197,1,7,0,1
652,0,0,2.2068074850197172,-1.071502485428973,0.14764346256457775,0.0,2,34.24252219278042,62.48360450183489,0,10,0,1
653,1,1,1.513026062230198,-1.0759487851011955,0.4782622807069325,0.0,2,31.39291777938597,49.06143495857513,0,5,0,0
654,1,1,0.892142906512815,-1.0050249668826698,-0.016390200639617724,0.0,3,35.82243777210749,47.319285845393956,0,4,0,1
655,1,0,1.5546348918496837,0.8299693013663629,0.5480189230456206,0.6847377924351676,2,62.73044577436141,67.75410255071999,1,5,0,1
656,1,0,2.9881752885152246,-0.006971193088392142,-0.5613963430683869,0.0,1,49.726210616690445,64.90302788422683,0,6,0,1
657,1,0,6.453933712980994,0.02568105868961537,-0.4534834525763744,0.0,1,50.08091785508377,57.48421175447917,0,4,0,1
658,1,1,0.8741296467382769,0.5899133545270201,-0.12070539051168924,0.2589050049851507,2,56.63277314970839,73.9935221836634,1,7,0,1
659,0,0,1.8263654953821176,-0.3700259917679981,-0.302785681630766,0.0,2,44.59657100832863,64.5325312317304,0,9,0,1
660,0,0,4.459764121141542,0.21926459422107597,0.19430364666544783,0.0,1,55.47605397978968,57.27585985780946,0,6,0,1
661,0,0,1.2504735281943222,-0.15427018646215374,1.476008121284483,0.0,2,42.811485746962255,59.593887259616245,0,3,0,1
662,0,0,2.3529438600821826,0.9556163860400056,0.20016475359085836,3.472732606077643,1,62.77637320066527,60.39581086880083,1,1,0,1
663,1,0,1.73343776318962,1.0541691249229226,-0.1710216729847687,3.6400340456576714,1,65.52211119271702,66.74614028933793,1,6,0,1
664,1,0,2.8722544016760763,0.7080807288595777,0.236733248678518,1.9266024051972956,1,52.754283358583656,64.00478929005261,1,5,0,1
665,1,0,0.6529854953641179,0.34348210993833544,-0.603397641230548,0.12658153151957063,3,51.28579962550666,69.34032599264484,1,7,0,1
666,1,0,0.8420643036660925,0.6557940903069444,-0.21250128161819978,0.0,3,58.305325011661026,64.3154879094147,0,4,0,1
667,0,0,0.7915518114850432,-0.08356959696651216,-0.3123919578271969,0.0,3,51.18596440872319,57.3466539306273,0,4,0,1
668,1,0,0.9007720237602003,0.6252798332054454,-0.33476559028544495,0.673386995145435,2,57.42314491631739,65.92922691641911,1,5,0,1
669,0,0,2.087675731176555,-0.04053223735172268,0.09385576638583304,0.0,2,50.06800150394306,63.12353101463238,0,6,0,1
670,1,0,1.8048568652414039,-0.22393003277550516,0.1184437050117749,0.0,2,47.30535068092618,41.595781399240934,0,1,0,1
671,0,0,0.6168466212284172,-0.9359575203985442,0.5424946491047629,0.0,3,37.25705904080645,49.067045021486706,0,4,0,1
672,1,1,1.5474313850781347,0.37686267017488256,0.3322643499679847,0.41788550289124216,2,54.872527194359556,64.02586811173671,1,4,0,1
673,1,1,2.2340199336486455,0.8591618141918541,-0.16812463803395752,1.4453601709033892,2,62.76979480321564,78.63070851649549,1,10,0,1
674,0,0,1.1754094030742035,-0.8524998697920415,-0.428097112539319,0.0,2,37.93889774513129,40.111673195918144,0,2,0,1
675,0,0,2.254040041996531,-0.2068359666614636,0.09696267749415408,0.0,1,49.44714123738157,67.72346000512931,0,9,0,1
676,1,1,2.006867233108661,0.9005286251866168,-0.25658949006427334,0.6854265539725735,2,64.42743483079005,70.34948124631313,1,4,0,1
677,1,0,3.3075316119434266,-0.31537083607384525,-0.20280116283804073,0.0,1,46.25745297115798,57.440404464878064,0,8,0,1
678,1,0,0.9020269027818986,-1.6145775820738104,0.030635464126681472,0.0,2,23.411871985982714,50.76111861357023,0,8,0,1
679,1,0,3.4731361836846615,-0.9815767121026121,0.32428971192695727,0.0,1,37.469392761093815,49.26753845490097,0,4,0,1
680,1,0,1.44962488731822,-0.615622429428537,0.9191998930398485,0.0,2,40.27705948580221,53.31104880732291,0,1,0,1
681,0,0,2.6573580695465613,0.21796653849004316,1.6023411938442176,0.0,1,53.33667369929656,59.67986393710474,0,3,0,1
682,0,1,1.469088596131163,0.8463085906310626,0.2353715415369438,1.5824064028350424,2,64.1689789399608,68.95211482735469,1,4,0,1
683,1,0,0.8684490726010761,0.6800954710128044,1.0249171035949551,0.43746425854121296,2,58.553552366384636,71.89056150399286,1,7,0,1
684,0,0,1.1313278323946045,1.5438681958134124,0.9202266140513939,3.8714475585735677,2,74.65528741682238,78.30889693386469,1,5,0,1
685,1,0,6.40135003070674,-1.0377215119549,-0.007703128147230981,0.0,1,31.805509465893618,44.4828963846846,0,2,0,1
686,0,1,2.013536970146817,-0.3498524749453312,0.5706362738496599,0.0,2,25.248613059887138,45.34399150568874,0,3,0,1
687,0,0,2.4503609788637313,1.4757808545638424,1.1168021193130881,5.892483900196986,1,71.12925282821539,74.77613663176942,1,5,0,1
688,0,1,1.4345962408286057,-0.8375509126197539,0.7574331178016742,0.0,2,36.926516716337915,31.66582339280899,0,2,0,0
689,1,0,1.2484991722949168,-1.149035794818547,1.3812535039432494,0.0,2,33.361004569292014,40.67498158764921,0,2,0,1
690,1,0,0.9782891478436083,0.28461030055811726,0.5435998329428867,0.0,3,53.47959557165143,58.50481289029639,0,6,0,1
691,1,0,0.9965909712215483,0.7674309765090505,0.5096499769741247,0.0,3,64.90109816307516,66.81259637735813,0,4,0,1
692,1,0,0.5709630452057194,1.361360597647376,1.5292021774108204,1.4082326816657615,3,74.8782594020438,72.49110620061403,1,3,0,1
693,1,0,2.230792443936753,-2.427580236603802,1.440476032326399,0.0,1,15.477057421093578,32.50998437896839,0,4,0,1
694,1,0,0.9469869367654363,1.1083747724001662,0.5741185875678043,2.6772081026615804,2,65.53106684290455,68.09385793470935,1,2,0,1
695,1,0,1.1884830572477465,-1.525973899519514,0.06159867889215192,0.0,2,0.0,56.417802805712114,0,3,0,1
696,1,1,2.738126700560049,0.3858384313709026,-0.3152324440467943,0.2027327491663331,1,57.22837747215333,68.17741871537726,1,7,0,1
697,0,1,2.1189053513518212,1.1282864638065453,-0.11159988200647873,4.869754161288633,1,66.76598206102712,68.49147854635798,1,4,0,1
698,0,0,1.315206331313539,-1.933202216291281,-0.07717277871719691,0.0,2,12.720806285290193,43.98853279291242,0,6,0,1
699,0,0,0.8839066936854096,0.4394405615903865,0.4481121022110891,0.6974807842026293,3,56.23044203712912,63.93301627637439,1,4,0,1
700,0,0,1.9393669924984365,0.6766485215605549,-0.5156904548345924,0.5138330088765123,2,62.44940103672354,67.60599525202296,1,4,0,1
701,1,0,2.0667353839096054,1.873870284165391,0.8230674830944978,7.040149166021334,1,89.7009532950995,81.97642931860044,1,8,0,1
702,1,0,2.6034224862904836,-0.2757565354720693,0.18625789192650433,0.19432201028865426,1,43.61607028480465,51.887685569791046,1,7,0,1
703,1,1,0.8570744032704971,-0.7987318761781795,1.2091103532301306,0.0,3,37.313174067794165,55.626758410144525,0,6,0,0
704,0,0,3.6482253818894783,-1.225359611836686,1.0772936058177391,0.0,1,31.69416851040722,52.750225854947566,0,6,0,1
705,1,0,0.8973204821892039,-0.5735616257048859,-0.8754528884598833,0.0,3,40.56849637794699,54.11254384178441,0,5,0,1
706,1,0,2.0994772724528943,0.24972780216781607,0.013819052764229926,0.2701621121748723,1,54.100698171466476,59.967035632292124,1,2,0,1
707,1,1,3.309136225157512,0.7901870950193245,0.08716959655463961,2.8945137972001995,1,61.81689869324716,69.6652519262654,1,6,0,1
708,1,0,1.1321095404942754,-0.0015198675089107888,0.31811956273067,0.0,3,48.78743565811646,59.10431633761003,0,6,0,0
709,0,0,0.6992474843999459,-0.14910478749361564,0.18272854068069944,0.0,2,49.07700462511365,53.87539435427343,0,3,0,1
710,1,0,1.5780101820923127,1.5847818359497554,0.1458873097362867,6.024031310795591,1,73.56788626597847,76.2879761646622,1,5,0,1
711,0,1,1.2613325051602726,-1.6132557460284425,0.5836246668750832,0.0,2,26.231695838952913,43.50580952962752,0,3,0,1
712,1,0,0.7522403031917545,-0.44603104809830985,-0.696592803531282,0.0,3,42.70190452960318,52.462044733304836,0,5,0,1
713,1,0,5.848207373094674,0.6410959563793831,0.28970794527845023,2.0368078014204833,1,59.03380226599416,68.6668963625278,1,4,0,1
714,1,1,1.238876228211518,-1.404414853452171,-0.17242702519053452,0.0,2,32.20765671227079,46.97167966544838,0,4,0,1
715,1,0,1.3818728345796636,-0.029126437190680757,0.16669167656817369,0.0,2,39.19833158938083,62.73038995856563,0,2,0,1
716,0,0,1.060207616080945,1.8046799185333904,-0.33150473359893806,4.7361932338736965,2,77.99510921937127,74.27574290006548,1,3,0,1
717,0,0,2.485767807977391,-1.3410179553379338,0.49466503366663095,0.0,1,33.61468645528787,43.76791943356627,0,5,0,1
718,1,0,1.2052293954755455,0.46169812195346005,-0.4305683369051075,0.7531673539174015,2,61.679096957939805,66.9832987881128,1,5,0,1
719,1,0,1.7365383896622184,0.0992407312060308,-0.6365410711495706,0.0,2,50.45450220386534,69.47287724212916,0,9,0,1
720,1,1,2.4266868963378365,-0.7455820526441514,-0.28763401544697786,0.0,1,38.75175635228908,53.0768693908386,0,5,0,1
721,0,0,0.7360528370053017,-0.350223816866422,-0.15452828849552755,0.0,3,44.047191479188506,54.0848973228851,0,4,0,1
722,0,0,3.6171837581503716,0.9304086769748644,0.2664830300291776,4.484049244812278,1,62.60196398003832,60.48719331879472,1,5,0,1
723,0,0,2.1819229091517385,0.6103367357453934,2.812284082854084,1.9525001360538385,1,61.6790634011066,64.05365544310123,1,5,0,1
724,0,1,1.5461132802453965,-2.6835161235983795,-0.0451728570586989,0.0,2,8.647176396654455,25.579057241137235,0,2,0,1
725,1,0,0.5187720301890787,-0.02136109023210249,0.7477612611263877,0.0,3,51.49176235786817,62.23863289252483,0,4,0,1
726,0,0,2.581619379415809,-0.5390677452690936,0.012957860716613161,0.0,1,40.469047601134804,45.35890164662416,0,1,0,1
727,0,0,1.9089543777804034,-1.6240444693884326,0.8679852641520559,0.0,1,24.432055489726743,40.85246681881024,0,2,0,0
728,1,0,0.5946763269478722,0.14706187853813166,-0.617078990272615,0.0,3,52.462570198435614,62.10209329936888,0,4,0,1
729,0,1,0.9982676394612113,-0.16232423869015464,-0.3823190433112288,0.0,2,49.25103988493833,56.65671741951718,0,3,0,1
730,0,0,2.0455747696201696,0.15654298305708703,-0.14652441177119127,0.0,2,51.418559844310884,69.14623987295576,0,8,0,1
731,0,1,1.0954031768840284,-0.6810999741012533,-0.16013470880524786,0.0,2,33.428371706375266,47.753553966204336,0,2,0,1
732,1,0,3.5618228607717537,-1.174627290514737,-0.35817877977214496,0.0,1,35.98261605320482,51.31952243442974,0,7,0,1
733,0,1,0.9984622629437124,0.9770637039783157,-0.33724782892675803,1.95341003000657,2,63.43194530976053,75.61068894540877,1,6,0,1
734,0,0,2.6366897598532884,0.16946666313678188,-0.3082692145728028,0.0,1,52.742529346403686,61.6283360260398,0,5,0,1
735,0,0,1.3003345651936753,-0.06050547288821089,0.30714275720853285,0.0,2,46.501559986166434,60.88623461219837,0,5,0,1
736,1,0,1.201993797016433,-0.8210022691503862,0.46253655664749405,0.0,2,36.22264021238343,46.13233119151166,0,1,0,1
737,0,0,2.700437643076268,2.088695118522348,-0.7555782861285147,9.111446470153819,1,81.35447209655962,85.21552048198211,1,5,0,1
738,0,0,1.3863626355774354,1.8732279230524957,0.3325745609072249,7.720768319940748,1,86.47103196794373,77.86230836442715,1,5,0,1
739,0,0,2.3998533496351895,0.34674097381301594,0.45932649368092066,0.4094480084879708,1,53.10591024827321,61.278277939713384,1,5,0,0
740,0,0,3.0388927774054073,-0.31419375126120086,0.9107649123868469,0.0,1,0.0,57.75719516255047,0,5,0,1
741,1,0,3.3779394429208818,-0.37110029646190495,-0.5198287771608858,0.0,1,51.6823644827935,58.79520826242808,0,5,0,1
742,1,0,1.069402618839943,0.8184151561434702,0.28897563841518603,0.10361662578810721,3,60.934134775485056,72.54013255234972,1,7,0,1
743,0,1,2.964418128193003,0.7011658291653464,0.23886541225695976,2.173549258911452,1,59.10751887397202,63.17059763910577,1,3,0,1
744,1,0,1.2677299177047783,0.950931393345502,0.8091451115687206,1.694665478327705,2,62.04390862179232,64.96869880426686,1,3,0,1
745,1,0,5.368196163780854,-0.05333123429563907,-0.294167145724632,0.0,1,50.76790817697187,55.32910593893157,0,3,0,1
746,0,0,3.2713225585764967,-1.4090999138369829,0.4901856975559242,0.0,1,28.829790567096715,43.03971758842253,0,3,0,1
747,0,1,2.342387250995574,0.10503282874828271,0.16105495488935814,0.0,1,51.14064057562542,61.072246650141274,0,4,0,1
748,0,1,2.2250650371204035,0.5604855041805645,1.1565877127106112,1.0393575356920548,2,56.37778096353661,69.35589279001732,1,8,0,1
749,0,0,1.6528838472853966,0.7558201768522494,1.8015486239563976,1.9540912632860148,2,61.512109193805344,67.60451211386555,1,5,0,1
750,0,1,0.9708562941779013,0.10069857652920725,-0.042944294169589566,0.0,2,52.36104061396672,63.16000608774393,0,6,0,1
751,0,0,1.194853642680463,-0.1388013088036369,0.28805083851344154,0.0,2,48.25409186776114,52.58676735499938,0,3,0,1
752,0,0,1.541598062734327,0.4442207555328234,0.8720068186881198,0.23732656531882235,2,56.51471020566575,61.055269644985316,1,4,0,1
753,1,1,1.2994368444722186,1.2222749581103958,-0.42156101100202836,2.217669618148878,2,69.96498590709693,75.2939858887806,1,3,0,1
754,0,0,2.940832961888572,0.16524100819981344,-0.031792813594496865,0.0,1,51.336573707267966,64.95334927948991,0,7,0,1
755,0,1,2.3249881781499617,-1.0346415445170398,0.30484868389340736,0.0,1,35.722062353148374,48.04095679802996,0,5,0,1
756,0,1,2.215822372256814,-0.2351996927886011,0.08965612824386443,0.0,1,45.88219767731655,50.35176158492581,0,4,0,1
757,0,0,1.1811054100860583,-0.2520488772059654,-0.6104826720699601,0.0,2,46.12329673565886,54.89372084845262,0,4,0,1
758,0,0,1.0364232103773112,1.459268621997254,0.20663925125437435,4.095552112576055,2,69.67820670677371,84.13303708558202,1,9,0,1
759,0,0,1.0983024934170678,-0.5978031262114472,2.6982575720132655,0.0,2,40.938853455630095,41.3588562799214,0,0,0,0
760,1,0,0.7983432809366079,-0.22468355145310132,-0.671460212522168,0.0,2,45.68221946848125,50.3560381684892,0,4,0,1
761,0,0,0.9134458732962886,-0.022718659819751946,0.1734416490701961,0.0,2,48.93213378827302,56.94721759964414,0,3,0,1
762,1,0,1.5269497416675892,0.328518409678802,1.754402674779725,0.0,2,52.96367346713293,59.826882929082366,0,3,0,1
763,0,0,1.9741461609324273,-1.6393619479487822,0.29484418860906986,0.0,2,25.119374370823063,37.41112122001299,0,2,0,1
764,1,0,1.6902431022117905,-1.0968451079215398,0.5155805915717045,0.0,2,33.315762565739035,54.876003087102966,0,8,0,1
765,0,0,3.0786803508134195,-0.3663714771656909,0.14436988962572972,0.0,1,44.924682757745146,60.745072193845985,0,5,0,1
766,1,0,0.8199709237323237,0.8850927481726933,0.009192378018784038,0.0,3,62.042556745884305,64.58086269352242,0,3,0,1
767,1,1,2.548760159859854,1.339056518079954,1.3225828529021038,5.1101691815087085,1,76.704592795498,78.61502228489098,1,7,0,1
768,0,1,4.791566262222998,-0.667643099248921,-0.01321247508788768,0.0,1,40.848373984261805,61.85482045146048,0,5,0,1
769,0,0,2.584077138174032,-0.837140316044914,0.2251002591302951,0.0,1,38.98022117916727,47.01460466612003,0,3,0,1
770,0,0,1.2564073605138342,0.6335468956211406,0.4692256596634444,1.1312792917940837,2,59.18621136743909,57.576596994709156,1,2,0,1
771,1,0,0.9244020770326222,0.5766143012340862,0.35851132225317917,0.03800186923325155,2,58.858478241098624,66.202619729839,1,4,0,1
772,1,0,0.858065627429377,-0.0896026127471977,-0.6731130401770993,0.0,3,48.86999202539176,62.432259418705705,0,4,0,1
773,1,1,2.767732298504664,0.7701475387315221,2.305125147739922,2.6002273944155183,1,61.609862680108996,63.35710166876451,1,4,0,1
774,1,0,0.765796978030084,0.5080246804600828,-0.0736215681728567,0.23432882485114892,2,60.31850219455266,70.18043192700686,1,6,0,1
775,0,0,0.9304969891504261,1.9068289314087876,-0.486978277995277,5.0342852192271765,2,78.89407819887408,91.68699991918292,1,7,0,1
776,0,1,0.6588560146742376,0.5862932687912058,0.5944260019226784,0.0993181021576888,3,59.623027634845485,70.35848036874906,1,6,0,1
777,0,0,1.3686012199013933,2.282571628978846,0.33789674017400895,6.96437297765358,2,83.50311049335312,72.81655734520085,1,4,0,1
778,0,0,2.9998034621076486,-0.15514322247371548,0.05870321773412831,0.0,1,46.22537213313044,57.83725156378825,0,4,0,1
779,1,1,1.5538878667698577,0.4759271838330389,-0.077438793234203,0.6643071380129971,2,57.556889398912766,62.502122204018214,1,4,0,1
780,0,0,3.062667756589348,1.393038014763886,0.43574617959915335,5.47717724888149,1,70.597404093655,67.36249000980911,1,3,0,1
781,0,0,1.6226535152035788,-0.8481942732224627,-0.16521133779605415,0.0,1,28.995051941187796,48.63201593857439,0,3,0,1
782,0,0,1.1977178690355916,0.9334879282829059,0.2975214500681161,1.3327929649575752,2,64.42958605002309,63.67145085049427,1,5,0,1
783,1,0,3.154866474518232,-0.39152853629244827,0.11435004636194258,0.0,1,46.826212873727556,52.882422947568706,0,4,0,0
784,0,1,1.2673407794779985,0.6454523070897715,-0.2290494664667817,0.9115123761661001,2,60.27272899762522,62.728406760613865,1,3,0,1
785,0,0,4.0706594812285015,1.4814986171323938,0.16381831108606948,6.192980717302206,1,72.62847014857911,64.92484090726855,1,5,0,1
786,0,0,3.239900560360619,0.19767520168100441,-0.27761674866223446,0.0419217214278588,1,52.15968879895128,53.05464432049858,1,0,0,1
787,0,0,1.3481104906220043,-0.20211148173884147,0.9280543251665172,0.0,2,44.9184274654892,62.40387150270669,0,6,0,0
788,0,1,1.2825606061336738,-1.6332964366215952,-0.297301483971576,0.5648195368027205,2,26.747599380200292,41.66784592767728,1,4,0,1
789,1,0,2.3629283469651683,1.7362941591889018,0.8371401573007985,6.284040528558094,1,70.351858266309,69.94844152043223,1,3,0,1
790,0,0,1.6336476048867816,-0.8186245606385312,0.43827725737155454,0.0,2,38.374990201313054,47.64183307365179,0,3,0,1
791,0,0,1.4295004491603687,0.16567986169645443,1.5850765470859727,0.0,2,52.486782160944216,57.666222227229454,0,5,0,0
792,1,0,2.85971997030097,0.35407797003515384,0.3769074458984064,0.8214757524462732,1,55.14086274608041,65.66047952107488,1,6,0,1
793,0,1,2.4969337917670904,-0.227954505625922,1.4021658164842667,0.0,1,47.38583745326045,67.10475362297863,0,5,0,1
794,0,0,1.5453852577575067,1.0054084613045455,-0.14438320560672357,5.2410351383576685,1,62.7613488239477,69.31015665968343,1,5,0,1
795,1,0,2.817421953077019,-0.24118342132304987,0.7307973591783382,0.0,1,44.5247739413141,54.23373350652118,0,4,0,1
796,0,0,0.7268433471899439,-1.7126499940490516,0.1926530479473374,0.0,3,22.74436096127536,39.086077587508946,0,4,0,1
797,1,0,2.1276213053045736,0.5455372947224338,0.4988632355068693,1.0886204435333313,2,58.5331722300371,77.86199427409129,1,8,0,1
798,0,0,0.8172864567757026,0.12004223217256067,-0.8386399817224083,0.0,2,51.10927119639577,67.84156261144533,0,7,0,1
799,0,0,2.0686918636863525,-1.447925890961427,0.5377983301442356,0.0,1,26.18989264027104,46.610116080826195,0,7,0,1
800,0,0,0.9795793232965974,-1.567437628585241,0.6606923560529573,0.0,3,29.211439389896682,39.07893864384238,0,2,0,1
801,1,0,2.128378519394578,-0.29033914847371994,-0.18649711800473318,0.0,2,46.972587926881715,47.798826284821125,0,1,0,0
802,0,1,0.9425074953722196,-0.7745819251320182,0.8089793094544995,0.0,2,37.90644623093699,55.14764870395791,0,5,0,1
803,0,0,1.2966339568204954,0.9777578722520925,-0.09504464147744887,1.8443919695274211,2,64.50690787133517,68.74038432358127,1,4,0,1
804,1,0,1.0452445589553385,-0.5404062075791489,-0.3709882589179114,0.0,3,40.532714827111676,58.546252052821224,0,6,0,1
805,1,0,0.5330258559711577,0.08985852153537498,-0.0690059512952222,0.0,3,51.42440999065193,53.186452121162766,0,2,0,1
806,1,1,1.7024662240911372,-0.5830878252192503,0.5954745726663542,0.0,1,42.55348461944729,58.26750990481822,0,7,0,1
807,1,1,0.6868062462432293,0.5118157656994313,-0.1152701936423342,0.5017157858637882,3,53.7679682264586,61.48071474603202,1,5,0,1
808,1,1,0.8374099216934672,-1.5298038848724471,-0.05543139318509063,0.0,3,27.63868336021217,54.70248454975703,0,9,0,0
809,1,0,1.3486885860298174,-0.8820045850621882,-0.04496611851880146,0.0,2,39.02623675463377,55.771401460355385,0,6,0,1
810,1,1,2.787693066841759,0.8516716828740645,-0.20113443258028893,3.5851175014728156,1,62.82113348417752,65.8484679028678,1,4,0,1
811,1,1,1.1827979242090914,1.1004730595318009,0.3117119927895575,2.944090321355727,2,65.73884832337025,69.46892690084994,1,5,0,1
812,1,0,2.097608609396765,1.2484153987507864,-0.3537448345010909,3.4794462460829303,2,68.4773518732258,99.05266680619243,1,10,0,1
813,1,0,2.0270058650802394,1.4366285968563006,0.32812157986221335,4.787690043809827,1,72.31058851246623,75.09110950964927,1,4,0,1
814,0,1,0.737046435305957,-0.11667493428831456,0.6492905909395418,0.0,3,47.035565584442224,55.038294527741094,0,5,0,1
815,0,1,1.9036298306707546,1.2112234885733963,-0.46733879020481217,3.2131133113172607,2,68.32094839439443,74.61564444235444,1,5,0,1
816,1,1,1.1909130684012372,-0.6581928959278258,-0.05151964369395077,0.0,3,40.258113951698846,59.618506386377966,0,4,0,1
817,1,1,1.974263636395159,1.6635047465771922,1.6029021493698128,4.519381169772165,2,73.83516544233728,74.26805973460812,1,4,0,1
818,0,0,1.077974861241957,0.3689821979121597,-0.20035254190120227,0.0,3,53.96145027055435,51.213426047445836,0,5,0,1
819,0,0,2.2827763159114154,0.7259098447536598,0.012665462397866423,2.5920401075232857,1,57.50541588013597,63.20980755107354,1,4,0,1
820,0,0,1.0747651032253702,0.9748759011804257,0.8099687696505353,0.7360500579131155,2,63.509415062098896,70.58563419206519,1,7,0,1
821,0,1,1.8168955400864852,-1.314138704874736,0.9580977073278563,0.0,1,28.87959317113152,43.696472382089524,0,3,0,1
822,0,0,3.708441830877373,0.7679176673602468,-0.5780286103610365,2.552361454437938,1,64.89689090833662,70.05770376367836,1,6,0,1
823,1,0,1.4406221301512279,1.225195555403084,1.4496060229777943,3.1760667606447863,2,68.86417359168146,77.44415474738818,1,7,0,1
824,0,0,2.1520533374595194,1.0025127603920683,1.623767404516385,2.685460276496768,2,67.98585233079224,57.67605107999309,1,4,0,1
825,1,0,2.282854799155625,1.033888950535701,-0.17153475748370667,3.813717355228359,1,65.57978997639272,85.37924079075506,1,7,0,1
826,1,0,1.6438447303666632,0.10039500401393446,-0.06287559620894852,0.0,1,57.9026931007735,61.67829250007773,0,5,0,1
827,1,1,0.9240311940996171,1.4705107792063712,-0.27943989596539837,1.6504455226562778,3,71.4484444398158,80.1348100549357,1,7,0,1
828,1,0,2.6589473061991225,-0.40427242429744215,0.20794138975275883,0.0,1,39.634958283906485,57.04971740748145,0,6,0,1
829,1,0,0.764741524889686,0.7641006558715964,-0.37213473796338076,0.0,3,62.57987630554069,70.5545931138789,0,6,0,1
830,1,0,0.8162294798712286,-0.3714267408392168,0.9338155633574812,0.0,3,45.80704633157362,55.17926414183965,0,3,0,1
831,1,0,0.5282932611259173,0.05066101456506479,0.24582196670682327,0.0,3,50.61872772886198,63.79753882929227,0,7,0,1
832,0,0,1.9065904072627073,0.5289628864173204,0.014750820849087914,0.0,2,57.10809488064238,59.574082610276655,0,4,0,1
833,1,0,0.7484325437992956,1.3143222130531291,0.2650452894389152,0.08454571479172412,3,71.22305717987695,72.45613971486756,1,5,0,1
834,0,0,0.9719317392112522,1.2255199392979483,-0.17767766815001515,0.7857046760606429,3,70.78123976466567,65.6091243509359,1,4,0,1
835,1,1,5.238601020313998,-0.42903998009866606,-0.6377674891683085,0.0,1,54.93671470583046,56.22773937271317,0,5,0,1
836,1,0,0.8610964516812069,-0.9523976802008793,0.12639717456055094,0.0,2,35.431907761608485,50.04693374104124,0,5,0,1
837,1,0,1.8689141380275138,0.27458170239655294,0.6753393202883045,0.0,2,51.814800411243866,58.897309393141235,0,6,0,1
838,0,1,0.4080444682191626,-1.3434061768809127,-0.1583854945921606,0.0,3,29.610865782188696,46.96225226868382,0,5,0,1
839,0,0,4.258073590094823,-1.5649781327716112,0.6426350283063466,0.0,1,29.978759008217068,43.06743491556159,0,4,0,1
840,0,0,1.3469605944378276,-0.2193810581670629,1.2105336743326607,0.0,2,46.867690586306274,56.70401416198926,0,7,0,1
841,0,1,3.9205586563942187,-1.716140418450085,-0.4646458764894276,0.0,1,24.53584072780925,44.31453195669324,0,5,0,1
842,0,1,2.825425521681801,2.1235256891455703,-0.16343093641949435,8.313683730582147,1,82.09504540808851,86.86990172092788,1,7,0,1
843,1,0,1.3097530855470498,-0.20884954012562437,0.8139217953769331,0.0,3,48.00910296301946,54.774037855009,0,4,0,1
844,1,1,1.5752439760586034,-1.1063529507098593,-0.2583947183410304,0.0,2,34.18596011672632,48.704610765358424,0,6,0,1
845,0,0,2.1717300175273917,-1.6264551173377197,0.8293739817181983,0.0,2,27.640883124352463,54.19498211148689,0,9,0,1
846,1,0,3.8056532286366833,-0.09715601015741292,-0.22228850698399535,0.0,1,46.23073418900228,62.71430787763513,0,5,0,1
847,1,1,1.4877867275272987,-0.751163430197852,-0.4830142904781773,0.0,2,41.69416355743998,48.20162410349359,0,3,0,1
848,0,0,0.9894686426258228,-1.0196423585783807,0.7416203069294932,0.0,3,31.90557945416918,49.83676208885026,0,5,0,1
849,0,1,4.474656312705044,0.3746139151604901,-0.6355542530899323,1.1526368647233463,1,57.6581258622294,62.79998030213286,1,5,0,1
850,0,1,1.5249205878401402,-0.10319499302149232,-0.5529680166252847,0.0,3,49.15107608984267,50.289260383707166,0,3,0,1
851,0,1,0.9001194433605197,-1.029967765727266,0.1458532612647131,0.0,2,33.86265072970991,49.747223628152234,0,6,0,1
852,0,0,1.635518731748096,-0.3361289960692102,-0.12694009919346047,0.0,1,46.314767143353286,67.3718915711893,0,3,0,1
853,0,0,1.41801536026418,0.2688375022676946,-0.23824268038664856,0.0,2,54.03824922681399,62.51712001301655,0,5,0,1
854,1,1,1.396113823092156,-0.03275079589150484,-0.6685556220253044,0.0,2,23.352623535916223,49.349391703888166,0,2,0,1
855,0,0,1.186056648543166,-0.22308562830042505,0.06262603684817869,0.0,2,23.20308279108956,67.6999485559074,0,8,0,1
856,1,0,1.737768233252628,-1.0004216609794203,-0.26423198163267736,0.0,2,34.64201781696979,57.78220047754881,0,6,0,1
857,0,0,1.2297975818705476,-0.776300031130594,0.7862548305546939,0.0,2,38.67902877563821,57.19675938147973,0,8,0,1
858,1,0,3.928867468277837,-0.32419965488302577,-0.07594087666081067,0.0,1,47.42626797341887,60.10151326500699,0,7,0,1
859,0,0,2.7355463289168016,0.3357257745143594,-0.46930736719022437,0.7477212714458251,1,54.60526751946373,64.62369139317556,1,6,0,1
860,0,0,1.6665360231112747,0.5406249002191663,0.08779419932948285,0.23445585018121434,2,54.9910640214663,73.41937532115902,1,9,0,1
861,0,1,3.044463876586648,-0.19322720886359596,0.7501109567640726,0.0,1,47.17252495151103,57.826886274131816,0,6,0,1
862,1,0,1.7447579283358212,1.5443367359765392,-0.3588222425381344,3.7297804963555716,2,72.4754826202263,77.32256063242623,1,6,0,1
863,1,0,1.8896928400085315,-1.2922347126433522,0.2701683452253932,0.0,2,30.77050775954872,45.01932999378822,0,4,0,1
864,1,0,1.291683610210529,0.10848943484819477,-0.2767742853261679,0.41450302815578044,2,55.79068555478155,67.00536889544043,1,5,0,1
865,0,0,1.0120511337960396,1.328105685938873,-0.2572548330049565,2.325154034401015,2,69.7511854888215,72.85681430639809,1,5,0,1
866,1,1,0.8648881470435008,0.06554281485256079,0.4653146603606965,0.0,3,51.731650894432576,58.36616442863737,0,4,0,1
867,1,0,1.6445707784862242,-1.8061826414249094,-0.09301928581942832,0.0,1,22.856394016827664,44.78529119569187,0,7,0,0
868,0,0,1.4472052030241689,0.03764463682627826,1.60577517871981,0.0,2,0.0,62.94487952602888,0,4,0,1
869,1,0,3.1217431780539537,0.6138535915009424,-0.7520705712758728,1.7049889438309724,1,59.96779531827378,66.33396924084023,1,4,0,1
870,0,0,1.920052092392111,0.11802438205115202,1.0476485022494666,0.0,1,52.46036603986706,65.42401433278008,0,6,0,1
871,0,1,1.1417986252810808,1.343947907858588,0.3210415148284064,2.9938858216615882,2,69.97325136043406,69.6596970111202,1,2,0,1
872,0,0,0.7448816574812376,-0.15062624907527852,2.370067678426645,0.0,3,49.917623605456775,56.12874665771457,0,4,0,1
873,1,0,1.3868316441731376,-1.038690858153353,-0.14190975617077825,0.0,2,35.011463759542075,44.03796985842335,0,2,0,1
874,0,0,1.7079847378400568,0.08205097937165577,0.638310090686611,0.0,2,51.93038651406673,55.53964387372816,0,2,0,1
875,1,0,2.285594219359816,1.90871386600571,0.32839463372598965,7.901295110184505,1,73.22969587447422,79.97684519192555,1,5,0,1
876,1,0,1.4912023972208528,0.6442845458026336,-0.23972319715055052,0.8075644864980509,2,59.37839685145138,71.82530463660775,1,7,0,1
877,1,0,2.6971877351427382,0.5388370011758882,0.15365128964080998,1.7224773081511062,1,58.743557637316655,58.250506214538184,1,2,0,1
878,0,0,1.4169423702631152,0.5035507476051838,0.4832830154910049,0.0,2,58.37265729272057,70.13433539415884,0,7,0,1
879,1,0,1.5668218392344615,-0.48963566177570306,-0.00436374449274764,0.0,2,37.54117440176569,63.2312184768713,0,10,0,1
880,0,0,0.9137413295315757,2.0094300213787104,-0.05557796428346699,1.070675475568964,3,100.0,84.01919664919275,1,7,0,1
881,1,1,1.1835499041486541,-0.23013346675801047,-0.20108774926724507,0.0,2,46.342576479727164,51.76651259463159,0,4,0,1
882,0,0,2.6106721027370754,0.6751004412021852,1.13816019238363,2.363989449445683,1,59.97575836718979,68.02377011807171,1,5,0,1
883,0,1,1.6296776210270394,0.5419844635549024,-0.19121167101444517,0.8803400978532381,2,59.62656176377216,68.97232602598122,1,7,0,1
884,0,0,3.352941240431257,-0.24302384403364766,0.49577858938213104,0.0,1,47.61995295478999,49.85791706676163,0,4,0,1
885,0,1,1.38610740274679,1.0035123002699087,-0.3987182179168362,2.327214719759852,2,71.79868830044404,73.09186880779765,1,6,0,1
886,1,1,0.6299584364184478,0.9521842730741625,-0.24271270234554856,1.9156227745628216,2,59.32418141272983,75.6514192648763,1,6,0,1
887,0,1,0.561707792758194,1.4159712211945805,0.7625203903165905,0.9481009110399659,3,78.07414791170096,79.03823205574487,1,8,0,1
888,0,0,2.1072380466156,-0.7706658630430886,0.32263669963484315,0.0,1,36.602965384642,47.819000149003145,0,3,0,1
889,0,0,1.669741666454753,-1.2396901838269356,-0.49300446734547937,0.0,1,30.850812053270772,48.043466415706064,0,3,0,1
890,0,1,0.7354882564742041,0.995820692669758,0.8191845255389293,0.2242939320158257,3,64.82372139068912,65.60028462858816,1,3,0,1
891,1,0,1.487109064840644,-1.0105889471245435,-0.09699503216985811,0.0,1,31.76868006229767,55.58612470760781,0,8,0,1
892,0,0,0.9362065164260004,0.6211662241470789,-0.20670945088728784,1.3361800576367526,2,57.65083928789576,65.39056031797888,1,4,0,1
893,1,1,1.0293462102265016,-0.12653971366829578,1.2992517237917185,0.0,2,44.90877039835019,59.79584966673552,0,4,0,1
894,1,1,1.4586531603767672,0.1906047860212652,1.7247854014290436,0.05750693631938314,2,53.45797565836089,58.01104191319071,1,3,0,0
895,1,1,2.408199198542338,1.2401608067775913,1.8091359186207872,4.499992372324967,1,69.46340388626345,70.44440027519259,1,3,0,1
896,1,1,2.681562255236191,-0.2639347719849056,0.6720698864061858,0.0,1,45.462726641028475,61.2946461800105,0,7,0,1
897,1,0,4.073372320958958,0.9703667093850207,1.826556702507784,2.573196564982799,1,64.97040893905809,68.13143582394531,1,4,0,1
898,1,0,1.108189816834977,1.0682564834904773,0.41066372850172145,0.5146588754890508,3,67.78672144585475,69.71298354158624,1,5,0,1
899,0,0,0.5823499059643782,-0.7014021976947619,-0.15598165140113449,0.0,3,39.92890003156625,46.049426073437594,0,2,0,1
900,0,0,1.4654233481630152,0.39723274323057367,1.4658602050983711,0.0,3,55.98335527519709,65.0807781116964,0,5,0,1
901,0,0,2.892940489980452,0.032842042651150385,-0.01566369936083711,0.09948605940142907,1,50.43357715412666,63.0924968037108,1,8,0,1
902,0,1,0.9936062126117735,0.5613761831235573,0.49199591273506665,0.0,3,65.39165476990215,71.29485073164416,0,9,0,1
903,1,0,2.5480659932730276,0.7444669565486651,-0.1664074488374991,3.5380835666569146,1,61.33041015706895,69.70844223103215,1,6,0,1
904,0,1,0.9442084975044941,-1.5931275041923603,0.4669663728112954,0.0,2,28.21584686006635,40.47087099505294,0,3,0,0
905,1,0,2.3711738693849203,-1.3445515402977801,-0.08096361257728782,0.0,1,28.346034312857,47.365550495668224,0,6,0,1
906,1,0,4.868296656741865,-0.8031769279429622,-0.2563172879589342,0.0,1,37.77954871250226,48.48013435222428,0,5,0,1
907,1,0,0.9756075151200309,0.6118773545802472,-0.24423848897190936,0.26569615341230013,3,59.20786611359705,65.98938049534495,1,5,0,1
908,1,0,1.362111857490293,0.6509682902885854,-0.17250183630507823,1.6105610981269594,2,59.361708458821845,72.12626314684988,1,7,0,1
909,1,0,1.7425079871196159,-0.7077011075685615,0.006875646627196119,0.0,2,29.79816070695371,54.721295919418814,0,6,0,1
910,0,0,1.0948706465064897,-0.025431319754746537,0.7239712688605154,0.0,3,48.75097073822947,61.438930678549255,0,5,0,1
911,0,1,1.062476157131391,2.187766033616405,0.003269567130715589,2.6258045679103463,3,81.20240172751191,81.81656102817564,1,5,0,1
912,0,0,1.7038057150983923,0.3505686286482985,1.1412113835266573,0.033835825683269295,2,55.85932119101387,61.30379103966062,1,4,0,1
913,1,1,3.0771209723758544,-0.36973258835927775,0.889174267255073,0.0,1,44.26824696961501,65.1713714756208,0,9,0,1
914,1,0,1.3719005718239246,-0.8389226252115668,0.9083396628017861,0.0,1,38.80421418481835,42.17361870449127,0,2,0,1
915,0,0,1.577974344600291,0.7828264290307272,0.5357113396012739,0.34923957129490424,2,62.768509085476126,74.75065150729456,1,7,0,1
916,1,1,3.48741578455985,-1.5189849473777621,-0.001841656273992099,0.0,1,26.968937407287633,49.989866723807104,0,9,0,1
917,1,0,5.082989353587805,-0.6120124904658922,0.022326053653372643,0.0,1,47.501692657000646,52.995409459804485,0,5,0,1
918,1,0,1.8273984591869508,0.22572252336418178,0.5795719531507526,0.0,1,53.41199361131523,60.19498485050946,0,5,0,1
919,1,1,3.0917174036796538,-0.27517472880065114,-0.06422313027950789,0.0,1,43.51694567956333,56.14010574959631,0,4,0,1
920,1,0,1.6067408372110834,-1.6653699534184756,1.392712708735338,0.0,2,21.14785122657853,48.511212513050886,0,7,0,0
921,0,0,1.5901318744873083,-0.20190558983364146,-0.3725535464349083,0.0,2,47.86649848735846,56.687645099015455,0,5,0,1
922,0,0,1.7984740124967613,0.769702572131468,0.8315141434157827,1.388457742584654,2,60.66397822934448,68.26528644722187,1,3,0,1
923,1,1,1.9197370798119546,-2.4099656213256915,0.609140875765644,0.0,2,14.655072982635357,38.066213306763125,0,6,0,1
924,1,0,1.2891386387339807,0.434293849043496,0.7630020224174954,0.1508786644512574,2,55.97462263771266,64.612105132193,1,5,0,1
925,0,0,1.8484915093929313,0.007510042246609775,-0.44305924503198707,0.0,2,50.13929317790301,56.73555355539222,0,6,0,1
926,0,1,3.599371812494146,-2.2439740534818076,0.34208232875500566,0.0,1,16.560449199181754,35.723616062211605,0,5,0,1
927,1,0,1.9501985669634736,-1.8070236048205641,0.3444976312301825,0.0,2,22.74201139496931,41.918162526689855,0,3,0,1
928,1,0,0.9582179393486607,0.018530530315824453,0.12483502844790577,0.0,2,51.83336344549092,67.33369909542732,0,8,0,1
929,1,0,1.8570523291042933,-1.9093797731181894,0.873580367205026,0.0,2,21.38423225035225,35.096677948179035,0,1,0,0
930,0,1,0.7561209116357173,0.4463424736708787,0.3407239045833683,0.0,3,55.954253483630005,57.2080028024422,0,1,0,1
931,1,0,3.9664942449407934,-0.28038545644405016,-0.07794290691396444,0.0,1,44.83655145241193,64.47298935166303,0,9,0,1
932,1,0,1.3729021475231575,-0.6642998568958441,-0.48630541595395893,0.0,2,45.992937233141234,50.55099257162986,0,4,0,1
933,1,1,1.2781862078081276,1.3113517156123635,1.0503746983938647,4.1758683267094785,1,67.4075344532782,72.61310228680254,1,5,0,1
934,1,1,2.5953260270761978,0.601306164408524,0.45729467796175516,2.2852808386333487,1,57.16968502757972,82.97135339396121,1,6,0,1
935,0,0,2.4339670148614,-0.6542640929708522,0.5741447871430959,0.0,1,40.34068310193513,54.58337721442692,0,6,0,1
936,1,0,2.7939286537682846,-0.5205596890600807,-0.5169606648948775,0.0,1,42.039877679723745,50.35157943863505,0,3,0,1
937,0,0,1.7194785728294208,0.24812610627412868,0.31945534165639444,0.0,2,54.23446091763077,64.20111871550533,0,6,0,1
938,1,0,0.6619345543504869,-0.16868179344603526,0.8189457609083522,0.0,3,47.5047505720022,60.53103027512113,0,6,0,1
939,1,0,1.4013760856652624,2.6502939774613776,0.10670492190986171,6.833683911029403,2,90.23174722793941,78.60484073409671,1,1,0,1
940,0,0,1.1482130543382267,-0.03349847368095411,-0.47304354544853594,0.0,2,49.435895315769955,54.961401550980916,0,4,0,1
941,1,1,1.360776757667455,-0.597300663667105,1.3091264659810373,0.0,2,41.128982810909804,57.87436595226033,0,6,0,1
942,1,1,2.3530637739963454,0.21588631093080993,-0.41887011740832325,0.0,1,53.5771162891456,69.5968986206059,0,8,0,1
943,1,0,1.7381232487257083,0.7915863820580348,-0.10692711893793559,0.7442190597968527,2,32.53243997142998,63.59768952582328,1,3,0,1
944,0,0,1.8019079334799768,-0.5864166945843844,0.2617182083770894,0.0,2,39.435076081236616,64.523155547289,0,10,0,1
945,0,1,3.1259938875210826,-0.9851304173833677,-0.10520575879599411,0.0,1,35.49734601542277,49.10444342240526,0,6,0,1
946,0,0,1.5430465469132857,0.026016228907768627,-0.2605646218597883,0.0,2,50.55153469843272,59.91205408037321,0,5,0,1
947,1,1,1.3275480829217017,-0.7759080003703402,0.08692540429457288,0.0,2,38.744258439258026,46.42550203000666,0,2,0,1
948,1,0,1.4831823015730539,0.06086593822835054,-0.3765126033254657,0.0,3,46.9673540257908,53.43138767876184,0,5,0,1
949,0,1,2.406446646661887,-0.31587598548321727,0.7033177598737879,0.0,1,44.35283782874452,59.79104088447167,0,7,0,1
950,0,1,1.0910805529489878,0.6372792466999101,0.7462590358611063,1.2709938269267889,2,59.52197085341702,68.28853161732253,1,7,0,1
951,0,0,0.7922061424525143,-0.8886770378298203,-0.11467470053241288,0.0,3,37.72624763979174,52.772285196002976,0,6,0,1
952,0,1,2.057071779153266,-1.0014848651759594,-0.20928551010238222,0.0,1,34.76972136997495,47.73365174839498,0,5,0,1
953,0,0,1.0093475966350935,0.05471847189962009,0.7456374759829831,0.0,2,50.085385276854666,56.947464977420154,0,3,0,1
954,0,0,1.1107230885797001,-1.075454065863366,1.7134001259467708,0.0,3,33.349720508619946,53.90791660429504,0,7,0,1
955,1,1,2.493348482658128,-1.2616950142437338,0.007985894817232086,0.0,1,32.599788193564684,46.85075924659694,0,5,0,1
956,0,1,1.8397632665913886,0.8910982598562277,-0.33274327824906286,2.9865309309697703,1,62.59168417688029,78.64127768161954,1,8,0,1
957,0,0,2.5263325378568426,-1.1010827147693432,0.5996643026718911,0.0,1,30.270472006564002,52.081262946791796,0,7,0,1
958,0,1,1.6342752913021286,-0.9755338720262614,-0.27654180160766023,0.0,2,35.23699381924866,42.976838152154386,0,3,0,1
959,1,1,2.885753823351503,1.3731217028723046,0.7107792002717052,5.532965001145168,1,100.0,71.09943567912526,1,4,0,1
960,0,0,1.7142140933948247,-0.2677299844111529,0.9210956725487861,0.0,2,49.40751253598298,57.74234512605012,0,5,0,1
961,0,0,0.7268047443799864,1.5480223636276436,0.3429982786181576,0.8508102801417672,3,73.68440879450577,73.12669432485377,1,4,0,1
962,0,0,0.9504336662143865,0.5999566971443948,-0.11307811593976694,0.06959360531236286,3,58.60083320936483,55.07882018102907,1,1,0,1
963,1,0,1.416857962278284,0.4308132587155698,0.453060083794844,0.0,2,60.790799883407225,63.78479837742706,0,6,0,1
964,0,0,1.498871226102936,2.0492712810942164,-0.3122625431838926,5.451411094305979,2,81.9565775305386,75.49030797005854,1,2,0,1
965,1,0,1.9652287095986745,-1.1822715013503324,-0.1473019822329591,0.0,1,34.57132457696341,34.23731713456583,0,2,0,1
966,0,0,1.7230050113944342,0.5662036790698058,-0.13319771738822286,0.4997719272697265,2,57.90429728311571,51.556859355476846,1,3,0,1
967,0,0,1.3018027934448335,1.8857613662757617,-0.3121482113015296,4.492511852044961,2,75.23758468416021,85.10793927047203,1,8,0,1
968,1,1,2.9425859214805565,1.8673583878320217,0.1254345348116683,6.904133834973699,1,78.21229066619482,77.65520251959524,1,5,0,1
969,0,0,1.1817937094390805,1.2065168819719194,0.8656290442560333,2.473124457549088,2,68.14164229751376,84.30359388046796,1,11,0,1
970,1,0,3.6193446903750024,1.988984151223258,-0.20120086117349031,7.688472950513562,1,79.15156820758374,78.86392742181978,1,5,0,1
971,1,1,1.5792394997584,-0.3091890131064164,-0.059178684246186636,0.0,2,43.205942714990876,55.585411489454536,0,5,0,1
972,1,0,2.1752315445175334,-0.2655651674630054,1.1093022671891297,0.0,1,45.860894048530675,54.42499655838914,0,2,0,1
973,0,1,0.8979204379922578,1.1886202019672072,-0.4312054694220794,0.9816096114207461,3,66.55178947367797,60.360723776837716,1,4,0,1
974,0,1,2.1050386891669497,-1.039801486386509,0.5075047301322229,0.0,1,30.97395199368678,47.0176747329767,0,8,0,1
975,0,1,2.0539356850665307,0.5548319212492843,0.014025493202638985,0.10796756064291813,2,58.46095256444645,66.96830527567748,1,5,0,1
976,0,0,0.9857068018297717,0.33568651647327863,0.6285646806756356,0.5472144121579312,2,56.41713056003913,67.22603303145198,1,8,0,1
977,0,0,4.147751016393808,-0.7702780731957294,0.7398529272110279,0.0,1,40.37819102218896,61.73785634639421,0,10,0,1
978,1,1,2.5868220217626408,-0.37445653467327,1.2248406728332035,0.0,1,45.6088829645614,52.36939396928544,0,6,0,1
979,0,0,2.4427663762972323,-1.4252538763636171,0.8163029251433792,0.0,1,28.92196498035326,47.54512006969258,0,5,0,1
980,0,0,1.1657041027637975,0.7275220961669265,2.8404510938608274,1.424468502049628,2,0.0,68.03096502117923,1,6,0,1
981,1,0,0.9260341151440324,0.10463015140077753,0.8486849329902554,0.0,2,52.74556399652894,51.49681844800769,0,3,0,1
982,1,0,1.1751792055287855,-0.34108427206653696,-0.22566531900342196,0.0,2,46.44950656224877,53.04178516060019,0,2,0,0
983,1,0,1.8632039582397462,0.17222591064876347,0.8813479412786389,0.0,2,51.376530028709375,63.016083265058,0,3,0,1
984,1,1,3.102976992852125,-0.9748246296177141,1.72212879308865,0.0,1,33.699532424444854,44.1267690045449,0,3,0,0
985,0,0,2.2138623643338176,1.287705770689782,0.3778168711277925,4.675628680514305,1,69.59959687507659,75.38661463373215,1,6,0,1
986,1,1,2.245290642750108,2.2122777280820367,1.7773860146487184,7.362285367674121,1,81.14050319549304,75.32142007699159,1,3,0,1
987,0,0,1.0550861060032055,-0.2241408053182827,1.4238162566528623,0.0,2,0.0,56.71457196127959,0,6,0,1
988,0,0,1.9672685063601518,0.3376578144852459,-0.5274179503563039,0.0,2,55.967576930961165,62.72864217764404,0,4,0,1
989,0,1,1.1468333890458315,-0.3203085452106517,1.2026109439304817,0.0,2,46.79400369631133,56.798018673808784,0,5,0,0
990,1,0,2.2664249506698373,-0.4146260735269078,-0.5650385151849906,0.0,1,45.02797249607562,50.71043968164538,0,2,0,1
991,0,0,0.9580147851475992,2.991282425920127,0.4561239581706265,4.476708387090451,3,94.38581165460202,89.47306175241503,1,5,0,1
992,0,0,1.2211734509891017,-0.5896192002621146,0.4319375442943505,0.0,2,39.835030300595236,60.3522999384189,0,6,0,1
993,1,1,1.0781369500038707,-0.6833925775724329,0.2826720429104995,0.0,2,40.07947365659126,49.15238432761576,0,2,0,1
994,1,0,2.4855091815090464,-1.9390868665405454,0.7066901898097259,0.0,1,23.26723787049086,36.944647631473224,0,4,0,1
995,1,0,0.7708255652038515,-0.23513566915535292,0.1403695468551821,0.0,2,46.17552788987566,60.664059767067016,0,6,0,1
996,1,0,2.2397550310457897,2.224507056454378,-0.5037572887115415,10.001053692716345,1,79.53014377788739,80.91099140816318,1,6,0,1
997,0,1,1.353665984493721,0.3532301065063647,0.5995647860673248,0.2479602994928521,2,57.600519059440224,66.61134200106898,1,7,0,1
998,0,0,1.6261058216396616,1.633551020186958,0.5395004943546038,3.7998753844084487,2,76.314826694166,80.52082804946897,1,6,0,1
999,0,0,1.9021100733079943,-0.7888715930897131,0.8738144680647587,0.0,2,34.59631882458505,55.64232949330161,0,4,0,1
