candidate_id,G_Gender,S_ImmigStatus,U_wealth,U_prob,H_policy,C_shadow,X_uni,X_code,X_behav,X_ref,X_exp,X_permit,Y_Target
0,1,1,2.1450676017243304,-0.02701079623710761,8.577536071312213,0.0,3,51.821349131077476,57.58698008301293,0,8,0,0
1,0,0,2.054580677665024,0.21566347972238428,12.579178240897882,0.0,3,54.019173380509194,53.485505660946295,0,6,1,0
2,1,1,2.5331847682770854,0.4193504280770198,13.124972194458103,0.0,3,51.79681327518535,52.241724057620395,0,6,1,0
3,0,0,1.0735790982425308,-0.9407869179291787,14.611204423578785,0.0,3,37.08648127100614,40.97974979249337,0,3,1,0
4,0,0,1.4318194614927846,-0.2996617851045233,11.139342710795523,0.0,3,41.78778600859666,44.62738140709036,0,4,0,0
5,0,0,1.9297889453195234,-1.3689501776874178,17.528801991304498,0.0,3,29.927327828466925,34.43235689360625,0,3,1,0
6,0,0,0.8266294668717719,-0.10746783398254274,13.20288628596915,0.0,3,48.385732309471905,52.06666380312403,0,6,1,0
7,1,0,0.686541816199976,0.4809489153955052,16.37024511909255,0.0,3,60.87019428662821,30.948369816916745,0,3,1,0
8,0,1,2.9228789530757866,-0.6710809550721956,7.314401296168915,0.0,3,56.527457254655474,62.42790958446514,0,6,0,0
9,0,0,1.5265530961178035,-1.2969633476265687,16.710950942530566,0.0,3,28.809626043042247,38.03311050791622,0,3,1,0
10,0,0,1.3112520286707685,1.0532209294887964,10.383688171395205,0.41482353564693825,3,65.07571869245014,61.07917432015665,1,6,1,0
11,0,0,2.208712102726562,0.02507180425206087,9.411875407478963,0.0,3,50.00041188974944,57.07134919111714,0,8,0,0
12,0,0,3.3384316516029977,1.0024088169418508,11.052561891450994,0.8181525479907164,3,61.608073854671055,59.54875308522581,1,6,1,0
13,1,1,1.0713308546012168,0.6154756866957324,7.402150653109941,0.42577353155485453,3,60.95505235060214,64.19286298217253,1,9,0,0
14,1,0,1.1702222167518692,-1.2273226156504842,13.558331352867725,0.0,3,31.046195808803958,32.4570807254015,0,6,0,0
15,0,0,2.0135456227385236,-0.9537063625430593,15.638664436131776,0.0,3,36.1015061791484,50.455700599275325,0,9,1,0
16,1,0,2.3987935708784924,-0.988695188763343,18.633100821985636,0.0,3,34.542893970962936,22.575957426202688,0,1,1,0
17,0,0,1.7959235883556235,-0.4260331175651858,15.301661556706044,0.0,3,43.7071161336009,42.372164539389765,0,2,1,0
18,0,0,1.5966733551134105,1.1056750068223626,10.846201647505431,0.0,3,62.98283675482054,60.926206637429175,0,4,1,0
19,0,1,0.8353156035993048,-0.10976967357623549,9.316234119310103,0.0,3,48.47949556646143,66.75504742499979,0,7,1,0
20,1,1,3.7912172023490482,1.282420705533974,7.131977340660339,0.7944671842818941,3,75.75780672635057,63.94921056685097,1,5,0,0
21,0,0,2.390775611170642,1.3971392223664403,10.66390095671199,1.817015563925866,3,70.91108486217561,59.09764291366287,1,6,1,0
22,1,0,2.0854873067447826,-0.3397894307639685,16.776085986459556,0.0,3,44.95140778850072,31.191916223602007,0,3,1,0
23,1,0,1.4447148868255342,-0.7162786384433041,13.395256773155156,0.0,3,39.3903541536086,40.010685647922756,0,8,0,0
24,1,1,1.5716341375597327,-0.7106398053690967,11.434150116005183,0.3815104085462797,3,38.84454760713849,44.449957511691565,1,6,0,0
25,0,0,2.273610720783105,0.8345163655828763,10.525556127067643,0.0,3,63.11389594214677,62.522387204353194,0,5,1,0
26,0,1,3.8981529697117705,0.2787837794617199,7.737948863840785,0.0,3,55.4934198836823,65.14958910014435,0,8,0,0
27,0,0,1.7122471528539436,-0.23890800688581473,14.424178766870797,0.0,3,44.922288422410276,48.20363078838524,0,6,1,0
28,1,0,1.2546054863820766,-0.5245383794517462,12.519572813036897,0.0,3,40.596629574132926,41.11259579103356,0,8,0,0
29,0,0,1.6045765699545596,-0.6358641155312802,15.779589773479586,0.0,3,43.26025539380159,35.2659647165737,0,1,1,0
30,0,1,0.6700332091828753,-0.3191263432123573,14.612290917284462,0.0,3,47.31723748142163,40.14272825239101,0,5,1,0
31,1,0,1.5609505323820412,-0.31071866591963454,17.60653175137216,0.0,3,45.485223719782866,25.147366787832027,0,2,1,0
32,0,0,4.713027045069588,-1.3751376654606675,15.522943354016336,0.0,3,29.548715397382374,38.16104085025404,0,6,1,0
33,1,0,4.629545675096301,-2.129374709724866,18.282134297358603,0.0,3,19.979595288555984,26.084927186576458,0,9,1,0
34,0,0,3.5755598595542715,-1.439762157607485,13.290119717536692,0.0,3,26.34131213924279,47.90713362702973,0,8,1,0
35,1,0,1.8817001437342016,-1.691877522767683,17.869755051359718,0.0,3,26.35041920800363,23.403328751150557,0,5,1,0
36,0,0,2.3094774981724,0.23990596778713394,15.809254775953727,0.0,3,54.79908246355843,37.24071804571956,0,2,1,0
37,1,1,3.1947018695617824,-1.3863380609903082,15.999037448063074,0.0,3,28.878088677807977,35.90963405016103,0,6,1,0
38,0,1,1.9718389033974768,0.08200228253968239,13.308558522511282,0.0,3,53.72990667338299,56.14481512041974,0,5,1,0
39,1,0,1.040231935080211,-1.3220704494949516,16.897071172809664,0.0,3,30.93212163510331,32.41575229926572,0,8,1,0
40,1,0,2.0495564901933436,-0.9200341230147127,16.05743377972898,0.0,3,36.76548811333742,32.652162867947624,0,5,1,0
41,0,1,1.8644494768491473,0.7722226350000252,9.732329018405274,0.0,3,63.34036741347955,64.3168516292458,0,3,1,0
42,1,0,2.5406785782950996,1.01643459512898,14.793955233156275,0.16346573769372114,3,0.0,40.205139527628724,1,1,1,0
43,0,1,1.3156453187661052,-0.26456191925747086,10.561288845220563,0.0,3,46.807257282857776,52.927810665577844,0,4,0,0
44,0,0,2.1859959974209198,0.4832848407548749,12.42188140749752,0.0,3,56.79032337400775,51.70286699671221,0,5,1,0
45,1,1,1.4764806603756562,-1.6777050588557842,13.739266631238724,0.0,3,39.986366765492505,30.50010514633463,0,4,0,0
46,0,0,1.5247819115213135,0.678680090273841,10.367113941224718,0.0,3,55.673081936658214,67.4430340287586,0,10,1,0
47,1,0,1.2398135682702205,1.1028619348171038,15.542831354318173,0.5495515484876358,3,67.0451328711093,42.3580490333318,1,2,1,0
48,0,0,0.7447635601616188,-0.08336973552696947,14.565792853434715,0.0,3,49.13892020914035,47.95889374577602,0,5,1,0
49,1,0,3.1119242579761077,-0.3242230748611011,14.545536317489388,0.0,3,44.993788555434676,49.13659677538193,0,9,1,0
50,1,1,0.9511361536823509,0.9847907422811044,10.486466008983717,1.0981764733413155,3,65.26727497755616,51.12923401145213,1,3,0,0
51,0,1,1.019828017702508,-0.13744566382965914,12.7954443969479,0.0,3,52.78763551886404,59.40622993960487,0,6,1,0
52,0,1,3.0030323599276545,-0.7960061203995289,8.923203484464072,0.0,3,37.671647935140925,57.30593559764098,0,8,0,0
53,0,1,0.5283558786828753,-0.33296864240458174,10.100914956788042,0.0,3,43.53077435130196,65.39873535062729,0,11,1,0
54,0,0,4.099226503522594,0.19112664403171575,13.002049536320428,0.0,3,53.75650838284403,48.9656326052519,0,4,1,0
55,0,1,0.7465449868752807,0.8360829423711402,7.8621015293209,0.6086572050521526,3,60.97971871995979,62.28840651839845,1,5,0,0
56,0,1,3.0411243262578087,-0.7435765362826076,9.810961031811695,0.0,3,38.35173544589564,52.592979912376414,0,6,0,0
57,0,1,2.1648051978371408,0.2650437733223018,8.180366349687452,0.0,3,54.35639691974869,61.005646891681224,0,2,0,0
58,1,0,1.7854148281563489,0.1625230644852289,12.999274320591605,0.0,3,52.905414245815926,50.509621911065935,0,10,1,0
59,0,1,1.1999733257343728,-0.5477375798256723,11.65749890580616,0.0,3,41.60277826724812,55.839888083604606,0,4,1,0
60,0,0,2.8271342981544283,-1.4862999380121997,16.14802243533183,0.0,3,28.270147443148712,35.86672691621573,0,5,1,0
61,1,0,0.7629791075674559,0.4135872630998412,13.52315600968246,0.0,3,56.805100589914154,48.242050316326896,0,6,1,0
62,0,0,3.15596436846646,-0.35116146128269193,12.053188626871236,0.0,3,41.377740954751985,52.065136248207075,0,6,1,0
63,0,0,1.0674744301491579,-0.49687870487793967,17.28090550624854,0.0,3,43.442358385933325,36.957955762947876,0,3,1,0
64,0,0,1.3301271893270068,0.3157963008623793,14.385918153128298,0.0,3,58.815381244810666,43.84702569083675,0,5,1,0
65,1,1,2.858517946217204,0.34067532536949685,12.461893123939088,0.0,3,54.77430193768987,56.004633868506694,0,6,1,0
66,1,0,4.417578650837552,-1.192480771034886,18.173806416888265,0.0,3,28.920501834689613,25.995949273392213,0,3,1,0
67,1,1,1.2426947012509681,-0.6974105579804613,10.128736592839438,0.0,3,39.16794635464326,49.458930422710125,0,5,0,0
68,0,0,1.4058847221088249,1.5546796879099019,9.034144512990007,2.0532351139176903,3,75.15378205695036,74.99815119018928,1,11,1,0
69,1,1,3.8748638389398034,2.056860406980917,4.123295219940829,1.9411327637923887,3,82.40818772844895,77.40564157782903,1,4,0,1
70,1,0,3.5310936078770934,-1.6920915248698791,16.47663502165203,0.0,3,23.384985900678558,19.357995441368406,0,3,0,0
71,0,0,1.1323317669649462,-1.68573007981973,17.466429173764087,0.0,3,25.01679701554769,30.70156316013597,0,2,1,0
72,1,0,2.6473483539924256,0.4047974503795658,16.55269061878747,0.0,3,58.12970476576959,37.7149818420566,0,3,1,0
73,0,0,1.2413334917381265,-0.9333578699037274,12.761496565748786,0.0,3,36.60223132782759,50.70072709675432,0,6,1,0
74,0,0,1.2420765078542886,-2.5264053416040366,19.32258268665948,0.0,3,12.710134399681245,20.806305937882037,0,4,1,0
75,0,0,0.8639610514644164,-1.503046461905353,15.16119785921713,0.024413345559228583,3,29.867286364890766,38.818054435407696,1,7,1,0
76,0,0,0.5513676142552126,0.549683064513856,13.276016787081183,0.0,3,51.972763922573435,49.009377958583755,0,5,1,0
77,0,0,1.1009485623209172,0.9191932009019432,13.678856849457695,0.27042895048846766,3,56.286992868338004,57.1853927967078,1,4,1,0
78,0,0,2.688547688282812,1.1159014581721463,7.796526839771648,0.9736297784648814,3,70.01232217167211,58.99648979169921,1,4,0,0
79,0,0,2.4913657313080506,2.3717173722857696,9.355127320486298,2.1994959227747923,3,83.21498742091742,74.92566252136909,1,5,1,0
80,1,0,1.800290278698379,1.1339627317199183,13.292285603790074,0.25992050299156166,3,67.50260730012751,48.8822319874663,1,3,1,0
81,0,0,1.6118841651811977,0.6759814061443487,12.444221349192683,0.2139276994539016,3,60.12164561630335,53.25043040611728,1,3,1,0
82,0,0,1.77347948779911,1.9121419575821923,5.099296562089508,2.254831860412601,3,80.03976733593143,71.84739325493922,1,4,0,0
83,0,0,2.35656649660975,0.438329287977998,10.586649428261081,0.0,3,56.12669612742504,49.89338321022068,0,3,0,0
84,0,0,0.8851012967028693,-0.9281353665185275,15.03389243006232,0.0,3,36.14753313515653,37.1421752714881,0,4,1,0
85,1,1,2.1247414439331926,0.06273572790106062,15.27358561148925,0.0,3,49.69602093951547,44.55328619602746,0,4,1,0
86,0,0,0.8380124928966307,0.6567014478937144,12.048322816270904,0.0,3,58.56626069405315,53.23983722836671,0,5,1,0
87,0,0,1.3304031203537439,0.8424337778965325,10.340585383959235,0.0,3,61.91673273420194,61.20561975220598,0,1,1,0
88,1,0,1.0797439360213028,1.2445316539928843,10.932968902561212,0.2025890942111399,3,69.95535446183294,48.05261429539846,1,3,0,0
89,0,0,1.6194976410122521,0.0541111161529184,11.875029926185071,0.0,3,50.85976176388888,44.66227487685351,0,3,0,0
90,1,0,0.7681462366466124,1.3263786851679489,12.601196445186618,0.8873183250914076,3,71.8717713055126,54.03685330726035,1,6,1,0
91,0,1,2.151078021462151,-0.4782753917469098,8.750226499604734,0.0,3,42.82028178867983,63.27563515679165,0,6,0,0
92,1,1,1.5116846666741592,0.026388498660321724,7.552289589230717,0.0,3,51.00197483190407,63.691085981511335,0,12,0,0
93,0,0,1.6360959414090197,0.4993989292296422,12.99192596052412,0.0,3,56.38200507038724,50.945176020790555,0,3,1,0
94,0,0,1.3051844925357847,-1.4619629108777064,15.702834567654138,0.021878620236402746,3,35.65086703180528,35.69510957895071,1,5,1,0
95,0,0,1.4325969219325907,0.22651278363602,9.59513444570595,0.02494323851169067,3,53.54894264488172,52.787184538738565,1,4,0,0
96,0,0,1.3841695516468013,0.3780223552221878,12.025942397788727,0.0,3,52.94502833286207,55.46296718000772,0,6,1,0
97,1,0,1.5130862102728426,-1.8385848455916864,19.7805904018694,0.0,3,26.684026866231765,17.33789289069951,0,2,1,0
98,0,0,3.279806874464114,-2.22287556814912,17.817656257731727,0.0,3,16.510982680212727,32.59159087610182,0,5,1,0
99,1,0,1.1946137749666657,-1.8329019323786035,19.798004376176248,0.0,3,22.959660849742004,13.544178886708147,0,1,1,0
100,0,0,2.72552476149599,2.3426590005544203,9.671463867613843,3.579888124369748,3,86.06911347372446,68.21029440164037,1,1,1,0
101,1,0,1.9207040011997047,0.8194832626579281,12.904820609484567,0.39116731993857545,3,62.942462656745825,49.8452501796712,1,7,1,0
102,0,0,1.8833563884987252,-1.2628251295753485,14.499721304697326,0.0,3,32.61505948860584,32.837557418716095,0,2,0,0
103,1,1,2.402307529854789,-0.7794638095923757,13.228110735002813,0.0,3,39.23022760303773,48.78892741004718,0,7,1,0
104,0,0,1.853166190563298,-0.1341364570472472,11.8247833767855,0.0,3,50.46658410118476,56.05504361844746,0,3,1,0
105,1,0,0.7710261925350856,-1.6964322850680056,17.187818795720695,0.0,3,23.50026627037946,21.0905578457367,0,2,0,0
106,0,1,1.348442194110645,-0.07352043613112662,10.18336443916987,0.0,3,47.84374963588775,54.80928129560446,0,3,0,0
107,0,0,1.4843342642578814,-0.6155844975964041,15.224627999395247,0.0,3,41.1912389529637,41.80862042860761,0,4,1,0
108,1,0,1.7674771198827393,-0.15878937914590707,15.60415585006823,0.0,3,47.18955021357201,40.96340543462091,0,6,1,0
109,0,0,1.2277806346840447,0.9975096997955925,10.543463283178024,0.8224093242461328,3,66.69996014854411,65.88847800005946,1,6,1,0
110,0,0,0.8166973639562499,1.7089529358521418,8.676341579953489,2.1630631564948093,3,80.2320535603641,74.28700389319984,1,8,1,0
111,1,1,0.6800690163630958,-0.7171604765649073,11.437329805253968,0.0,3,41.824072542961105,44.06399158855339,0,3,0,0
112,1,0,0.5764651314800414,1.3292037239071537,11.07465606047218,1.029248625780511,3,65.09612343224207,62.48648567062546,1,8,1,0
113,1,0,1.4993083893703063,-0.8172552160122146,17.99369030261931,0.0,3,35.79476209520002,30.440177892097527,0,4,1,0
114,1,0,1.6198824934346512,-1.0292975705428034,18.3936165061161,0.0,3,34.739913877258,26.01787060794463,0,3,1,0
115,1,0,3.6006165381027513,-1.3165658418508914,19.143474555466813,0.0,3,31.13951147763992,18.885213185329608,0,1,1,0
116,1,0,1.0504443061353248,-0.7954824750644272,17.32248209646476,0.5158001188444943,3,100.0,31.224084376917,1,4,1,0
117,0,0,0.9537854338573233,-0.5397173250819618,15.1768150442749,0.0,3,100.0,41.22184483290917,0,3,1,0
118,1,1,1.284362480550473,-1.0164422361005536,15.883272093152005,0.0,3,32.5798763661945,35.52460191566937,0,3,1,0
119,0,0,1.2677387392164752,1.5548784879294353,7.143167073682501,2.224281009092511,3,78.0218735328929,63.24806617732552,1,4,0,1
120,1,1,1.1789011713337005,0.1572059945030375,9.962420464586653,0.0,3,45.606478408804364,54.955170716711585,0,6,0,0
121,1,0,1.8656993586590194,0.005030261006078692,15.195227221528233,0.0,3,50.54538033964379,41.76252240116059,0,2,1,0
122,1,0,2.492899901327354,1.290645564831507,10.989137657067465,0.6078687923066357,3,68.30193096862833,60.84825849510425,1,3,1,0
123,1,0,1.0194965839897845,-1.2851050415217764,16.977942132498704,0.0,3,31.569892987688444,28.99941576928237,0,7,1,0
124,0,0,1.4413840359397878,0.7505422534073546,8.89635631789512,0.0,3,63.13712395912903,57.89675853252864,0,8,0,0
125,1,1,3.863872563298894,-1.0123602272865466,14.305402199330668,0.0,3,37.10712168365284,41.89854536220435,0,6,1,0
126,0,0,2.0111147618930216,-2.353236140939905,20.00264395260849,0.0,3,44.44560706408018,20.266647725990495,0,2,1,0
127,1,0,1.915034684593795,1.326918245325753,11.93098155026645,0.8624827055199661,3,100.0,53.92335282474362,1,5,1,0
128,0,0,1.2565860904697772,-0.35130748983732557,16.077819492145398,0.0,3,44.84054419376237,35.63380629924738,0,2,1,0
129,1,0,3.5941246968981715,0.030860761022519206,14.854541171171691,0.0,3,50.16929146318447,37.52902091997553,0,4,1,0
130,1,0,1.085216233303576,-1.414668401065829,16.004471394470773,0.0,3,31.04619751858964,25.418262663871992,0,6,0,0
131,1,0,2.2547055306946167,-1.3621494433273353,19.678682254624555,0.0,3,28.62799433169247,19.84021480849708,0,1,1,0
132,0,0,1.3453020684317198,1.331190141064943,7.089999290314412,1.7447825343580745,3,81.83617809864543,64.02572195480357,1,3,0,1
133,0,1,1.8747787438116457,1.54144451208805,7.470083166656824,2.788985299655254,2,71.81003490158808,75.06910944248038,1,5,1,0
134,1,0,1.687169026805864,1.18284689098013,15.536961119679166,0.5849035782944727,3,70.95335968922028,40.67944677565906,1,4,1,0
135,0,1,1.4587052281405144,1.9310348778336663,7.36500614640901,2.51733060297461,3,76.41110332958712,80.0333926526226,1,5,1,0
136,0,0,2.3681290143046416,0.35360612218995674,13.434584111043124,0.4190128329663233,2,43.6207620638863,54.383737570779765,1,3,1,0
137,1,1,2.4001239263161342,-0.12947644338111455,15.472270383211333,0.7765783607753476,3,70.08525361352373,47.70611605348597,1,6,1,0
138,1,1,1.740094779327564,-0.9274948702055842,16.454554829555537,0.0,3,35.66527453328395,35.64571830360346,0,3,1,0
139,1,1,1.2576511289751735,-0.21080734965870682,9.759073109696853,0.0,3,46.07724026825491,51.510487684520996,0,6,0,0
140,0,0,5.376432699207759,0.6741079425613734,8.7531842628606,0.018995490744469386,3,61.43716650055279,55.40003497195112,1,4,0,0
141,1,0,2.9926453464720777,1.8406508195704558,13.799057125115763,1.404457304931173,3,77.19509677457772,36.813392346246864,1,7,0,0
142,0,1,1.7352676677535346,-0.6140897066595464,9.905183488559958,0.0,3,38.34570250718163,49.689699496008686,0,5,0,0
143,0,1,1.1418982346340725,-1.3397565983658415,10.007376078488871,0.0,3,66.19252959401192,48.74413321599387,0,5,0,0
144,0,0,3.8329393846801607,-0.09040266809152572,12.498037905440102,0.0,3,48.66978163308895,50.76391097396004,0,6,1,0
145,1,0,4.290573369459288,-1.4465791448182304,16.806809864796833,0.0,3,27.27448807500357,28.981634492034228,0,5,1,0
146,1,0,2.4411875029936843,1.1272703174926184,11.771117138354143,1.0971262972542002,3,66.77208827527339,47.83984284683534,1,4,0,0
147,1,1,3.1238120494075328,2.244491848754176,8.849391503595728,1.9745461037536454,3,83.33932067805462,69.86057969134161,1,4,1,0
148,0,0,2.5461021108335724,-1.4931660541675777,17.509141215282064,0.0,3,23.48110001646058,27.014446226252833,0,4,1,0
149,1,0,1.3531426517210865,-0.9486411335264588,16.672505504294723,0.0,3,35.94518041571008,27.872601456796424,0,4,1,0
150,0,1,2.004790637499646,0.21487651987752135,8.501109813631322,0.0,3,51.93431631045898,57.65149024022466,0,4,0,0
151,1,0,1.7980555508985612,0.7534737942029238,12.280120431678942,0.6446148114708719,3,60.80935059020667,52.795041791446515,1,7,1,0
152,0,0,1.8760269223700696,-0.85455084719413,15.146535365900522,0.0,3,36.515511975213755,41.065798256338006,0,4,1,0
153,1,0,1.3360037011107593,0.877360322085473,13.876445133532503,0.0,3,65.56597051464031,50.963340233639194,0,5,1,0
154,1,1,1.7255558936545163,1.0680497774996687,13.611653179975173,0.0,3,67.59096985395456,51.703996579613765,0,3,1,0
155,0,1,1.3098892612684048,0.2102729458947674,11.168786691009657,0.32166536687497094,3,53.303270392943666,61.36706001096153,1,4,1,0
156,0,0,1.0889822430932519,0.9222839384582674,10.997275771544587,1.287667979272182,3,67.34635355472778,58.813450110772,1,4,1,0
157,0,0,1.667423830520343,-0.5832554970689353,15.643817408490087,0.0,3,41.104375041352064,34.85276013857372,0,2,1,0
158,0,0,3.861992380326037,0.21755575628738655,11.13760179190086,0.0,3,53.80618671208091,46.4966827292342,0,2,0,0
159,0,0,0.9854522883897112,1.2868450301305396,11.1287526528418,3.06763379253604,2,66.15366296288707,63.67639893542211,1,7,1,0
160,0,0,0.7477661511833674,0.6603828809964248,9.34181387036088,0.5056140215326845,3,59.69847604206711,55.14383384039236,1,5,0,0
161,0,1,1.753797738379198,0.41224264346333894,12.44226224455978,0.09532836182275611,3,57.36658005031967,52.798033175700354,1,2,1,0
162,1,0,1.5134607418272028,1.0704815029872143,14.579325252854305,0.9405872901157312,3,64.58303543160655,43.95074368362101,1,1,1,0
163,0,0,2.0087959981787002,-1.5613395554179228,16.88482765567795,0.0,3,22.939902835217204,30.373888111418555,0,2,1,0
164,1,0,1.1788573888562173,1.0497812554232768,12.246915239933902,0.5994407751779242,3,63.71698130127199,48.615390372252236,1,5,0,0
165,1,1,0.595735992653775,-0.24533595698372582,13.474228449808988,0.0,3,44.729787604700654,46.59496359356915,0,4,1,0
166,1,0,1.5733965194132482,1.0039082878218677,11.643809031894481,0.15923930257068347,3,65.86113143116035,46.28775734047245,1,2,0,0
167,1,0,2.8676029194280477,0.8559751876301449,13.201649389407645,0.3705922066523206,3,63.240601315275754,53.036390709839864,1,7,1,0
168,0,0,0.976427131151983,-0.4152572569426993,14.805008321815796,0.0,3,45.34830869075731,40.809966575768996,0,2,1,0
169,0,1,0.8922606956060614,1.1419429621066939,5.691238976058201,1.2091058548578923,3,67.29977125059078,68.52050242937865,1,5,0,0
170,1,1,1.334460175775653,0.814034114510694,9.272247655031036,0.0,3,63.636981962129326,51.71121540914128,0,4,0,0
171,0,1,2.5110745093137754,-1.0592336445204327,9.404409043971619,0.0,3,34.39981617217622,56.105428399567906,0,9,0,0
172,0,0,1.6640553993841551,-1.298352248389684,16.45923914500956,0.0,3,29.65398437992363,37.833852809260364,0,7,1,0
173,1,0,2.0693455317808183,-1.5782470835522704,14.397483655201675,0.0,3,27.59027251338086,29.160929663028124,0,4,0,0
174,0,0,0.8146085554127324,0.11150728653712147,9.780360348618384,0.0,3,44.05579454985431,49.799865369353164,0,5,0,0
175,0,1,1.8510015255933692,0.13910340857151993,10.597652605750788,0.0,3,49.868362083942195,63.49694450841759,0,6,1,0
176,1,1,2.6500930125128277,-0.282474595409731,13.438577252752665,0.0,3,44.52192100573672,47.05391477900854,0,4,1,0
177,1,0,1.8408345009778617,1.224216405858,13.832603210962812,2.387636657244173,2,66.6783724822225,44.581103489803546,1,2,1,0
178,0,0,1.6370991703235918,0.3329349360391217,9.893853023286564,0.23329246236944734,3,54.569918483086425,47.37150850662518,1,4,0,0
179,1,0,3.6456667798945346,-1.0214305538426698,14.917087162267679,0.0,3,31.532501377201136,26.68449390598994,0,6,0,0
180,1,0,0.7262738692919722,0.7288834492076888,13.778984841979112,0.0,3,69.86054164411816,52.367158196395714,0,7,1,0
181,1,1,2.0680985161193615,1.5744858589146404,8.96563380758312,2.250962298853488,3,68.05811010694337,56.79279072570721,1,1,0,1
182,1,0,1.1084440481084412,-2.0965781650316755,19.729796074634223,0.0,3,22.712151517582946,14.506815135240219,0,3,1,0
183,1,0,2.156113484781605,0.44554611912087794,15.99096996449583,0.0,3,56.9193469631452,44.17053288161051,0,5,1,0
184,1,1,1.506632300003313,0.1921147264483489,14.500461004927102,0.0,3,53.51190400852185,51.816114065143054,0,3,1,0
185,1,0,2.2565502127686288,-0.0886222297238269,17.401682844237786,0.0,3,47.39863898727768,30.5494616887959,0,3,1,0
186,1,1,2.610619251008405,-0.7534042083405476,14.326347415319923,0.0,3,39.26794347250103,45.12882159932358,0,7,1,0
187,0,1,1.731205947971043,-0.029045638337916443,12.326479370565076,0.0,3,48.43055046594126,51.416403091594766,0,1,1,0
188,0,0,1.3280579439137317,-0.5525621493703033,14.543054441421141,0.0,3,43.11686293304976,41.87149539610683,0,4,1,0
189,0,1,1.7962795485971537,1.264844483496122,8.861201586012385,2.1409939244666107,3,69.9909310068534,70.75881757938905,1,3,1,0
190,1,0,2.54680490237996,-0.04488541875713043,14.798389969789337,0.0,3,49.32379212445473,40.34349434389089,0,4,1,0
191,1,0,1.419538581811335,0.8322108591325785,14.776477727833472,0.04985533202990794,3,62.0376725363858,48.11220695741684,1,6,1,0
192,1,0,0.7554088585616396,0.1488869105539418,14.536712557660616,0.5862343836670545,3,53.304702845500564,41.205597425197695,1,4,1,0
193,0,0,1.2674016161433217,1.9816924805770573,6.92215816986435,1.639335233439667,3,77.46911680387608,81.6166383874917,1,7,1,0
194,1,0,1.4480318301693238,-1.7266316825410257,20.280954561004318,0.0,3,20.79723349247727,16.096677884517376,0,4,1,0
195,1,1,1.4723719142024576,-1.1671164042996787,12.738969263155422,0.0,3,50.54996931672744,37.24839430470989,0,6,0,0
196,1,0,3.0769666144906247,-0.40130917591234083,14.446814645481105,0.0,3,39.00910554653409,28.442104405068605,0,1,0,0
197,0,0,2.6952904365810335,-0.9494861094635922,14.171383011591637,0.0,3,35.271867670884575,41.43457940300584,0,5,1,0
198,0,0,1.7076297962426652,-0.551468484829142,14.58992650918614,0.0,3,40.66758409832164,44.45843298435185,0,6,1,0
199,1,1,1.5861728999476612,-1.4473616005427636,11.8915057601682,0.0,3,27.74847255860274,45.96067457884722,0,7,0,0
200,0,0,1.5236290475049155,-0.18028509085806763,8.566459642006288,0.0,3,43.187542010772766,54.89484831748812,0,6,0,0
201,0,1,1.6523143313149766,2.714938255030007,5.890294757330986,2.5163478234303382,3,87.3871648342982,87.14695951459842,1,6,1,1
202,1,0,2.1330835215853376,-0.42637221612553605,12.740955061060603,0.0,3,42.72695479668559,34.821083706814015,0,5,0,0
203,0,0,1.3578431818270325,-1.0804475150537967,16.523740017978476,0.0,3,33.03656334065361,31.256268630910405,0,1,1,0
204,0,0,2.1370809938507036,1.6951980377100078,9.419623063933651,1.195101122146337,3,76.6664673989139,71.39597075851248,1,8,1,0
205,1,1,3.79467149215136,-0.16673645170620494,13.455343128052794,0.0,3,44.13234027567018,51.06115590568018,0,8,1,0
206,1,0,0.4717811270748828,-1.7656669211125398,19.902614558795985,0.0,3,22.72805479263975,13.578686736341387,0,5,1,0
207,1,1,1.8486003848948656,0.1007461753640587,9.63706027201193,0.0,3,51.44289571605413,53.67251522185682,0,5,0,0
208,0,0,1.864618109560887,-0.23796103437100613,13.759582089341633,0.0,3,46.56211484462467,47.33714541796408,0,5,1,0
209,1,0,1.2977241932407322,-0.2308366020311874,15.997992123843797,0.0,3,46.94365925392125,36.33975682321148,0,5,1,0
210,0,1,2.1521671255888606,0.5646406281620697,11.132630876069687,0.16151358372356217,3,59.60059431694897,64.13785676454758,1,5,1,0
211,1,1,0.6839261480196538,-0.941986677659659,15.960892330453186,0.0,3,37.349895940036205,37.025425735406095,0,6,1,0
212,1,0,1.8167807045205506,0.675440532678957,14.887784053700788,0.1183070742172913,3,58.78698007179243,42.65475581879459,1,3,1,0
213,0,0,2.1181019463862074,-0.7560378470690883,14.313397753476872,0.0,3,38.33351263982964,44.59054517569435,0,5,1,0
214,0,0,1.147764077509285,-0.8549583589698175,12.770884358066958,0.0,3,37.01732339150947,42.52549809644642,0,7,0,0
215,0,0,4.197495635256345,-1.0777482060359116,14.389921104653249,0.0,2,32.93297311191294,46.77570915039118,0,9,1,0
216,1,1,0.8152243136175996,-0.9352889762488037,11.78450985918903,0.0,3,35.5921832923816,41.12965943724528,0,4,0,0
217,1,0,1.3585134195707265,0.7052368332087073,15.046575625639353,0.6028122940501164,3,47.84936815530807,40.60129639145683,1,2,1,0
218,1,0,0.8553193623016551,0.16706337066050878,14.956451414568365,0.0,3,55.14978674225083,45.4927287763927,0,9,1,0
219,0,0,2.2454634801412334,-2.042944968297312,14.954570386545976,0.0,3,32.64815741832225,27.536719704863074,0,6,0,0
220,1,1,1.2443004444279513,0.35976441674330734,11.032061668839818,0.14692570819262107,3,54.391622305761636,44.799069180074284,1,3,0,0
221,0,0,1.438712986447264,0.7622081038097596,12.718451487544545,0.0,3,52.27919232373685,55.90423200548706,0,5,1,0
222,0,0,2.7366069578056673,1.637291524619454,6.465836695167847,1.686315455626935,3,75.46273647871233,65.59750115101993,1,7,0,0
223,0,0,1.3747304081126288,0.33980108529898123,12.137674900329523,0.0,3,56.14819162271182,54.57119084905022,0,7,1,0
224,0,0,1.3108127213057938,0.27711817490351875,13.500154935266114,0.0,3,47.10018018732138,49.59433066872381,0,2,1,0
225,1,1,1.6929770909368622,0.8087083087666268,11.842660426299094,0.6312806466284795,3,62.07191721409612,56.282405345153926,1,7,1,0
226,0,0,0.9534018321427548,0.06374438432069042,14.170577943050136,0.0,3,49.17668928857817,43.13428185821134,0,2,1,0
227,0,0,1.6523624197013054,-2.2662351582490223,18.58173775652904,0.0,3,14.789560836263629,28.65910770728534,0,5,1,0
228,1,0,1.4043936268170152,-0.3124440141083434,15.254188863135735,0.0,3,44.76286288695535,39.18129770544275,0,7,1,0
229,1,0,6.594739706703564,2.0844592501411934,7.0212920168113095,4.765425131156215,2,82.30802529271345,63.32702451428188,1,5,0,0
230,1,0,2.014091724812649,1.2107410121827906,10.05838530007821,0.953055176217793,3,71.55401452472181,49.8252869961635,1,4,0,0
231,1,1,1.311855866922544,-0.0353535073469238,10.093996347406204,0.0,3,47.65394387765455,45.49227108025597,0,2,0,0
232,0,0,1.7575679500998944,0.12680114565520675,13.578143259033347,0.0,3,54.121694203456684,50.07931114368197,0,4,1,0
233,0,0,2.034114709723504,-0.3788462226611549,15.123571722682957,0.0,3,45.2447195968304,42.81055194297727,0,3,1,0
234,1,0,1.6165389394741718,0.8469445735328515,10.420831966547551,1.007795790178995,3,59.960633348146935,48.40904954952212,1,5,0,0
235,0,1,1.6005015236047757,-0.5432821989639429,8.814762344865061,0.0,3,42.42444629890779,52.95798016525903,0,6,0,0
236,1,0,1.0758185068934882,-0.7277896425666148,16.784235592620302,0.0,3,38.42154980446382,35.47281181030127,0,6,1,0
237,1,0,1.6090728031887551,-1.846716838358931,16.38605009582091,0.0,3,22.6265888502911,22.015328390459647,0,5,0,0
238,1,0,3.3695673435098685,0.9264135211609662,15.492732740217198,0.7355270473539601,3,61.11722754821133,42.80767667046713,1,3,1,0
239,1,0,4.865571186935584,1.7163353266772354,10.92939614117994,1.5764987592397153,3,75.74553608015664,60.19949554231586,1,8,1,0
240,1,0,1.5060896797310712,-0.17882017092785393,14.697247304073931,0.0,3,43.19809442269803,40.886002503029225,0,6,1,0
241,1,0,2.525403051657867,-0.6571971735298638,18.25155021176586,0.0,3,40.858907144188024,31.077078645111087,0,4,1,0
242,0,1,1.0213721350816536,0.1373642851093172,7.062196957652112,0.0,3,53.147205019563515,67.17718172276767,0,7,0,0
243,1,0,4.250281507155571,-0.12417893564445723,16.84946157912678,0.0,3,47.63445655251058,35.99101156856301,0,4,1,0
244,0,0,6.438520831154379,0.04190593606455663,9.440336087750817,0.0,3,53.46913753687316,64.69785986772874,0,6,1,0
245,0,0,1.0072524061084847,0.22053325537112678,13.469595180199203,0.1573088696143481,3,53.59953249766401,51.72763803630377,1,3,1,0
246,1,0,1.8867319286416186,0.5618474474070179,12.849616993873727,0.04792678189885011,3,54.95943038413579,51.59553448076562,1,6,1,0
247,0,0,1.0629560495505173,1.1271788392867121,8.64375389352923,0.0,3,66.21688427338448,56.001953729886935,0,5,0,0
248,0,0,1.681304327691536,-0.6024106418977319,14.97534696490493,0.0,3,42.11151024790886,39.055896606841614,0,4,1,0
249,1,0,1.3119918326840108,-1.2656272747378372,14.787721413454744,0.0,3,31.668241759388362,23.647589540024413,0,3,0,0
250,1,0,1.3988777980783464,0.15129031000996848,13.271489880832789,0.0,3,50.17915416485992,47.59586962732288,0,7,1,0
251,0,0,0.5696103447549055,0.6234223083491578,13.63800756587762,0.0,3,60.09320021139899,47.65961371368077,0,8,1,0
252,0,1,1.174511312719332,-0.12594281001008523,8.918676781653298,0.0,3,46.494299801151556,58.735978281700994,0,7,0,0
253,1,0,1.328286343737269,0.3686064947070897,16.208042472542168,0.0,3,76.00971174402818,39.92570485439866,0,4,1,0
254,1,0,2.7236845361348028,-1.0044430537758084,16.29687888991251,0.0,3,36.949731673447694,38.91399035944541,0,9,1,0
255,0,1,3.2034617730902593,0.07677374890582965,8.841726044743211,0.0,3,47.210226337985304,55.70977153260618,0,3,0,0
256,0,1,1.2709385341255788,2.0223412456805745,7.748340527749234,1.6335968030480532,3,80.52623614858207,78.46829267352354,1,5,1,1
257,0,0,4.072409943775602,-0.0098694988867031,13.783064725798555,0.0,3,48.30350231693081,56.3317135975292,0,8,1,0
258,0,1,3.202711457432883,-0.9187890735576917,13.705065306598106,0.0,3,36.956752776769804,44.84191557704715,0,3,1,0
259,1,1,3.2630351711346712,-0.2189985759355994,13.785047598727862,0.0,3,43.9382673976847,47.90321598450964,0,5,1,0
260,1,0,2.021212704040515,-0.01157644790009018,15.641466243995142,0.0,3,58.1322752759103,37.29526107583824,0,4,1,0
261,1,0,1.5229387277381425,-1.4726419142575682,20.11205311763488,0.0,3,29.339941081737905,18.026253166728843,0,4,1,0
262,1,0,1.8495407083338549,-0.730371601601279,14.679618744052636,0.0,3,38.95543308659829,29.82261394990129,0,5,0,0
263,0,1,1.5710748815159725,-0.012951700160266423,11.597238172384149,0.0,3,41.223971642034826,55.33917881019184,0,2,1,0
264,0,0,1.3746508907635777,-0.9506492440406923,16.440359706758407,0.0,3,34.90781422581492,36.07781256222416,0,2,1,0
265,0,0,2.3935504079508627,-0.35415980282454096,12.242245205945455,0.0,3,40.546104127943465,41.02284813643621,0,3,0,0
266,0,0,2.102466053534841,-0.2146477029832767,10.767664904505699,0.0,3,47.67659347811356,51.576970992115584,0,8,0,0
267,1,0,3.593925298500659,-1.2229508192288656,14.72483898340213,0.0,3,31.53266215921134,27.65500743684514,0,5,0,0
268,0,0,2.1720871761548444,-0.19720879272562059,10.056134352120347,0.0,3,48.1319392639426,50.32397856683435,0,6,0,0
269,0,0,1.5728591074627878,0.3671008603991647,9.898714199616437,0.0,3,58.281145800220585,51.03763852126316,0,4,0,0
270,0,0,1.7997797151989217,0.34885332492662946,7.798454969798307,0.0,3,57.12922749312179,60.179037743205825,0,6,0,0
271,1,0,1.5793089555046436,-1.2482848784430198,15.514870137090979,0.0,3,29.054701961636802,22.667456651015748,0,3,0,0
272,1,0,0.9214037306652987,-0.6486644849722505,16.274580793417297,0.0,3,40.71064949904219,36.171823419758844,0,6,1,0
273,1,0,1.8846191940521753,-1.0938348317107582,16.51599183346945,0.0,3,36.944872566073066,31.44595330170548,0,5,1,0
274,1,0,1.9463077160547302,1.6600440704042292,9.495437488527694,1.421669870498,3,79.76290561437402,56.58728748239503,1,5,0,0
275,0,0,0.857527979980623,-1.2149871164510349,16.782464859541818,0.0,3,32.373814351052744,35.61234552296197,0,3,1,0
276,0,0,3.60877551784926,0.25044313006164365,17.48052798054188,0.0,3,53.03545029506781,34.146320375508886,0,5,1,0
277,0,0,2.544416470732325,0.6306526146275522,5.436315108563517,0.5206025729877227,3,57.143806646219254,69.48843194290728,1,11,0,1
278,1,0,1.5841847803025226,0.8829888385768908,16.214841611395965,0.5186018955223958,3,62.6044861250658,41.017682473458116,1,1,1,0
279,0,0,2.2906053561844897,0.40768754121105616,11.457389215947057,0.0,3,56.07377871848562,59.51761779639408,0,7,1,0
280,1,0,1.1748933987073717,1.6829077985917158,11.66471087495096,1.1661031913065039,3,76.14263187383096,49.00334930536583,1,4,0,0
281,0,0,1.5034897166395222,-0.5223298283722494,14.264016020195818,0.0,3,42.5197137155573,46.59432468026721,0,6,1,0
282,0,0,0.8508547869106594,-0.43973221501954785,14.13576432146317,0.0,3,42.26291201621884,44.00464470755783,0,4,1,0
283,1,1,0.5664784971841691,-1.6197304673252815,12.329086648505793,0.0,3,26.910961884521885,37.600595093880905,0,4,0,0
284,1,0,1.8712931134853619,0.9328496863138263,16.44951821911783,1.0547407622716647,3,64.4982065030246,33.5427348241646,1,5,1,0
285,1,0,0.7558949302965077,0.38258283669038495,13.84830127874894,0.0,3,56.108978053976784,44.87307909041183,0,6,1,0
286,0,0,1.6508782236832067,-2.234075587499252,16.8281352383063,0.0,3,15.656301351474044,30.017821920371237,0,7,1,0
287,0,0,1.820996055537351,0.018467283566732856,13.425932666040334,0.0,3,50.76107894496752,48.48136451899827,0,5,1,0
288,1,0,0.9296450353253539,-1.0695496567411582,16.14928550387025,0.0,3,34.2414777656579,22.446658606870074,0,3,0,0
289,0,1,1.3934468821399775,-1.184173378371782,9.347170272460763,0.0,3,33.80713850336502,55.07790176539211,0,8,0,0
290,0,0,0.730103464941217,0.7125486466080029,13.327213340753879,0.09825694992963659,3,60.0330806578503,55.65943285530796,1,5,1,0
291,1,1,2.3595777690005955,0.2094931467385176,13.432830124644356,0.16475192151354456,3,56.7214901971216,46.382108093626755,1,3,1,0
292,1,0,1.5350076048943144,-0.11707926383388718,15.350295623959672,0.0,3,66.7088408532754,37.11584355796304,0,5,1,0
293,1,0,2.236038849357737,-0.017162019570434183,17.247718136127293,0.0,3,48.64070213728577,34.966328169490005,0,3,1,0
294,1,1,3.5867601427931324,1.1089414923449714,8.415101019211694,1.958205649986793,3,65.04519936879424,64.02618278860649,1,6,0,0
295,1,0,2.0581992770223545,-0.3193629787953384,15.623567439229712,0.0,3,46.802027829144656,34.54333140466576,0,5,1,0
296,0,0,1.3344879919140908,-0.338750810226285,16.933763477392176,0.0,3,44.991830786150324,42.49356921880281,0,4,1,0
297,0,1,1.1055184797988833,-0.48950541993557567,12.510523799238207,0.0,3,43.02279701977141,52.673766087515176,0,4,1,0
298,1,0,2.0356822464702296,-0.4927925453644275,14.877107902593355,0.0,3,48.226423155897976,39.35322520586772,0,7,1,0
299,0,1,1.7041902498153527,-1.0281812274196949,13.373785874673702,0.0,3,34.42908382703755,52.38730938960842,0,6,1,0
300,0,1,2.87664573109229,-2.1567006114518184,12.179944675886635,0.0,3,20.73825053440851,42.20410883954509,0,5,0,0
301,1,0,0.8358354189659695,0.23309741521903177,13.37523798274752,0.0,3,53.61714684924559,45.60315936099723,0,7,1,0
302,1,1,0.9769011517623853,-0.9954815910903902,15.126334903183432,0.0,3,35.85529663672495,41.26129120970496,0,6,1,0
303,1,0,1.8798349685661213,1.3925600352988146,9.58885783224501,1.8502162551518353,3,67.99921650205647,55.29530953281798,1,5,0,0
304,1,0,2.052883788171536,-0.11889375948142451,16.355433352080397,0.0,3,48.13338779971809,39.26880114246865,0,5,1,0
305,0,1,1.4709739899115544,-1.1147529914284666,8.832064168228078,0.0,3,32.364148316220195,56.74779137452436,0,5,0,0
306,0,1,0.8995743672656121,0.15057813550953697,4.529317492981426,0.0,3,51.336978445624645,75.02985834528671,0,10,0,0
307,1,1,2.921631547539156,-0.09473732560673644,11.403771280443147,0.0,3,47.09011243262625,43.484503036272926,0,3,0,0
308,1,0,1.111374324976139,-1.7560958207387587,20.064429620463894,0.0,3,20.43601704415547,19.379461473424996,0,4,1,0
309,0,0,1.0193724034131235,-0.7377264145239336,10.762748175824884,0.0,3,38.866654435505474,48.19479261967865,0,5,0,0
310,1,1,1.5113773836416156,0.9603822249968854,12.096949015797609,0.0066527303808708305,3,67.47197620233159,60.115371594658015,1,5,1,0
311,1,0,1.7128866122089736,-0.39840114872577725,15.694700519008435,0.0,3,43.48905775360212,39.175910178077814,0,4,1,0
312,0,1,0.9488523293701553,-0.13107227733763072,8.175261529692468,0.0,3,71.31892458266657,58.92246566374871,0,5,0,0
313,0,0,0.9532361252210605,-1.1491314131035935,13.537646296993254,0.0,3,33.08819572930304,32.35782208899362,0,2,0,0
314,0,0,2.024032450532178,2.3399480200440603,8.151379347301182,3.0343133304745766,3,82.40918743355196,73.78512332858394,1,4,1,0
315,1,0,1.7088708364524414,-0.9467691487553419,16.60570391107254,0.0,3,32.52225973636935,29.147063237456276,0,4,1,0
316,1,0,0.9184632965237026,0.4701860815181682,13.32732368659705,0.29870170800035667,3,55.888223080298204,44.64839657793081,1,4,1,0
317,1,0,2.266945712841261,0.9824795909392913,13.799987591325513,0.17714568497457067,3,64.52652286218253,35.58331992559905,1,1,0,0
318,1,0,0.8053700111435573,1.2584740631844644,13.514074340416272,0.815919501547917,3,70.24706972960837,53.77089749121873,1,6,1,0
319,0,0,1.526410309439528,0.7064611829871809,11.89423952671526,0.5168100194769938,3,57.20132751078303,60.329865760418166,1,6,1,0
320,1,0,2.7341269738092637,0.1893297211256856,11.245973253167262,0.0,3,47.97621877359477,52.91101599655987,0,11,0,0
321,0,1,1.2101266814910625,0.9246193451843084,8.92467985910026,0.3127796694876407,3,70.01631216664711,71.47935407932268,1,7,1,0
322,0,1,2.7779288782558402,0.8779305582916684,4.801650641523614,0.47002182918935786,3,68.15569824141868,75.59674185063434,1,9,0,1
323,1,1,0.5222410959938041,1.7621729883904451,6.029652460697074,1.9633429065497603,3,71.98698646674494,67.70165933795802,1,4,0,0
324,1,0,0.8328562120085776,-1.7179484506887326,15.745825178510405,0.0,3,18.65260820634907,25.205737132764522,0,6,0,0
325,1,0,1.9131245143770983,0.24104012564681035,11.152018659045174,0.43605747742203826,3,53.57313725716804,46.63780940695918,1,3,0,0
326,0,0,1.5100304868719772,-0.38723756232713974,15.012776179491693,0.0,3,45.27010678349736,39.423911230705535,0,2,1,0
327,1,1,1.0636233623029392,1.0257503912868855,4.512631798264475,0.25524413881188107,3,64.46059894655583,75.65685479783454,1,13,0,1
328,0,0,1.0260882950063694,-0.8099811209380651,15.771885974482798,0.0,3,37.26651477317572,37.93407654066748,0,4,1,0
329,0,1,1.3666208308982248,0.615089265057434,10.76461556926836,0.0,3,59.394016826506004,60.220034574037854,0,3,1,0
330,0,0,1.2239328355827872,-2.0760682337715215,20.140716450065373,0.0,3,20.128477339629043,20.62210186435359,0,3,1,0
331,1,1,1.963043460998663,0.19651198360823346,12.427949062617465,0.0,3,49.15992782013018,52.263951179602984,0,6,1,0
332,1,0,2.60719064641036,-2.0058462245545785,17.42604307565864,0.0,3,18.642675335652175,25.851983168806367,0,7,1,0
333,0,0,4.30642912173516,-1.5812640870676387,12.753549356090922,0.0,3,30.634624328003113,50.96628042748339,0,7,1,0
334,1,1,2.3183697291213434,1.7776342516760684,10.821460579441275,2.2358898227485873,3,77.64174871769534,56.46516578271611,1,2,0,0
335,1,0,0.9041609228955797,0.02499345431841458,17.110445813813822,0.0,3,50.7359633332643,37.759718062943286,0,4,1,0
336,0,1,3.1770300531049243,0.3862504865693716,8.803966949234221,0.09792695659814998,3,54.39200493704949,68.17292334131501,1,7,1,0
337,0,0,1.2287605653688454,-1.7807274389505738,20.71659580360012,0.0,3,24.258016611268566,19.02188464035875,0,1,1,0
338,0,0,1.17691403023347,-0.7021168498185625,14.961136688056277,0.0,3,39.491569284348785,39.190705493722604,0,3,1,0
339,1,0,3.74915257953019,-1.2813384510013057,13.839476356327278,0.0,3,30.174069422159178,31.408696752748604,0,6,0,0
340,1,0,2.025390514498934,-2.8631991132944274,21.950352763006826,0.0,3,6.677021729633241,8.99181274774889,0,4,1,0
341,0,0,1.7751432533631621,2.9230541512631487,8.42603459817083,3.3999174743900555,3,94.92554405169348,74.96264857396382,1,4,1,0
342,0,0,3.3081096509064065,0.005962050720613476,11.445661221976044,0.0,3,7.04643124710519,56.98206225797574,0,9,1,0
343,0,0,2.2277302845604656,-0.5005342453220575,12.968814292637532,0.0,3,41.29540291859638,51.841054540249715,0,8,1,0
344,1,1,0.8423599844037282,-2.551314895310663,18.766436906343998,0.0,3,10.332443569207635,22.953929488870003,0,4,1,0
345,1,0,2.8106584767097513,-0.17356676405889065,16.530176679350525,0.0,2,48.4914929066279,34.10667390416207,0,3,1,0
346,0,0,1.2117667751125323,-0.3803988044674831,10.207526465315452,0.0,3,44.53884382341223,47.183024900115754,0,6,0,0
347,1,0,2.1994848141934384,0.162848403020823,11.139131455668274,0.1701983481351531,3,47.883117342295336,42.631025229375076,1,5,0,0
348,1,0,0.9863011967223158,-0.8536382360526008,14.04143021973365,0.0,3,37.03299683920478,31.0198242172039,0,5,0,0
349,1,0,1.9814273809120446,1.572018444039995,13.149995126706736,0.7597740054622236,3,76.270873863308,55.76185858565804,1,5,1,0
350,1,0,0.695228124043437,-1.2688225652613851,18.600918747794005,0.0,3,31.62961658731478,24.990410210423246,0,4,1,0
351,1,1,0.8030185553538353,0.39897514872062795,8.817349521330788,0.0,3,56.72918754493168,56.94369170632651,0,8,0,0
352,0,1,0.8129519261199202,-0.6249130682021715,11.684883699188617,0.0,3,41.35985378225143,53.685988776860356,0,5,1,0
353,1,0,0.6738293709216716,0.776563289818111,12.689844246356754,0.17723269424925003,3,62.06972504707062,53.149720689662445,1,3,1,0
354,0,0,1.522386286980514,-0.9208642728017016,15.207328100435037,0.0,3,32.58141578537987,40.13061522568048,0,5,1,0
355,1,0,0.7236172690323395,0.9925059615749341,12.710006470151434,0.4706340636461264,3,60.536277045855286,44.15189414768418,1,2,0,0
356,1,0,2.594165773287745,-1.0439077868653568,14.006551125411745,0.0,3,31.90380237128357,28.555300589790214,0,6,0,0
357,0,0,2.090498453412249,0.8272361522745332,13.470963440774444,0.0,3,63.19324841301204,49.569374751294305,0,3,1,0
358,1,1,1.6971179187890366,-0.19038433288297174,11.231610681486176,0.0,3,61.07790103525791,47.164732861254315,0,7,0,0
359,0,0,2.387540344137194,-0.18739867146960132,12.388126439024715,0.0,3,44.82746792537286,58.188728546708916,0,7,1,0
360,0,0,0.7613773832699661,-0.6358065587567625,14.056402817382123,0.0,3,40.74689646672337,43.384869816594986,0,4,1,0
361,1,0,1.9384501083830297,0.4506801963297195,12.413576545403984,0.14715236791935227,3,57.19621525131247,40.55173554153161,1,3,0,0
362,0,0,1.466131223739927,-0.1856657027419102,12.303184636580095,0.0,3,47.56896842745215,42.56451682549062,0,2,0,0
363,0,0,0.7296734402779346,-0.27220843177373727,12.50688094667765,0.0,3,48.24478168820874,39.54426443932408,0,1,0,0
364,1,0,2.2259412738679427,0.5805356785466265,13.380152805688109,0.0,3,59.87808784401839,49.96618654794283,0,5,1,0
365,1,0,1.6198090345593015,-1.9622400484041422,20.50887548752648,0.0,3,20.04200996672318,19.756449605672927,0,5,1,0
366,0,0,1.5256007265200555,-1.2049289804547414,14.695458971482308,0.0,3,32.5298116300061,41.6641077737491,0,5,1,0
367,0,0,2.478006707589754,1.7458704479108995,9.825291410275492,1.9844090993514008,3,76.7043835036019,67.21748437660341,1,7,1,0
368,1,0,0.9208603462399853,-1.667252039240655,17.004801223735026,0.0,3,28.188633509314524,27.36208111660279,0,7,1,0
369,0,1,1.6956709313055536,1.2742611623894906,4.662518595876137,0.32506202007225027,3,72.76936797619469,78.17180277359087,1,6,0,1
370,0,0,0.4269970803880388,0.3119222878344371,12.701217174351761,0.41145520520353396,3,55.207078200327,48.31432401852159,1,6,1,0
371,0,0,3.0685315874709,-0.627614099978013,15.637618237428768,0.0,3,39.73545080550767,37.63907319026874,0,2,1,0
372,0,1,1.224905361374795,0.046358018348822035,6.254252402990934,0.0,3,39.749391414569835,65.97744300153616,0,7,0,0
373,1,0,3.11575672364974,-0.29175095475833396,16.81516800337494,0.0,3,45.26877963090782,35.676762598585356,0,4,1,0
374,1,0,3.36439184233128,1.1516006207184226,9.768568842194885,1.5195623670658716,3,66.3010665771845,64.58185687681286,1,11,1,0
375,1,0,1.6807476304062587,-1.6456653252389102,19.41749337905892,0.0,3,26.06892655929148,20.207320633288326,0,3,1,0
376,0,0,1.637030844803461,-2.5871987818812894,13.95300883781856,0.0,3,11.480133752212087,32.82643454537944,0,8,0,0
377,0,1,1.113100242320848,-1.1880149599823855,13.752976850962456,0.0,3,33.84706350672328,48.74305213813307,0,5,1,0
378,0,1,1.6980666875361459,2.0125074025557352,6.196811790997009,0.77639181936873,3,79.2022940796262,72.80740546308076,1,3,0,0
379,0,0,3.0607031817864487,-0.09933357403480052,14.520232530494566,0.0,3,25.24376795827437,46.44801778317558,0,2,1,0
380,1,1,1.4998385085212158,-0.6938025682173329,13.945793553039136,0.04125002738301253,3,39.10350056408211,42.04790893441822,1,3,1,0
381,1,0,1.7726676112100128,0.11693781762055704,16.86581581726807,0.0,3,52.115270372798946,35.642359828694346,0,2,1,0
382,0,1,1.4070198912310985,0.1740628257238283,5.399552573928258,0.0,3,51.04746667079237,73.31568876944796,0,7,0,0
383,1,0,2.0773290036366205,-0.8217363874977603,17.48727722599923,0.0,3,38.094197073767454,26.105491286231505,0,3,1,0
384,0,0,1.2622643834786298,1.1754547290043158,11.277119628878353,0.09212460985603355,3,48.986167992523434,58.924199218772515,1,4,1,0
385,0,0,0.8281865397977471,1.0321319097395873,11.415993825299013,1.9084751027705513,3,61.2026075376729,60.068701446016654,1,5,1,0
386,1,0,2.1280915216041603,0.4258042669907303,15.705504133801938,0.0,3,56.14591348279457,40.26080605619094,0,3,1,0
387,1,1,0.5257671245089903,-1.5156414456989573,12.988629454454447,0.0,3,26.445406181629117,40.67749982348855,0,8,0,0
388,0,1,0.9928035345853362,-0.23620358199732452,10.005585052551652,0.0,3,46.918313896274555,57.76006728538298,0,7,0,0
389,0,0,2.7860591348574144,-0.5228140702733388,13.141641863963503,0.0,3,42.118129450807096,46.30751087370238,0,5,1,0
390,1,1,2.6544770952385903,-1.7510693328833484,16.361012729898416,0.0,3,21.92039481184801,31.269640484749313,0,6,1,0
391,0,0,0.5679013727418974,0.5609864704730899,12.034375556186003,0.07844823449273558,3,62.38425722246976,54.97895757787147,1,6,1,0
392,0,1,0.9171587693611197,-0.31214177159099366,12.623132049862829,0.0,3,45.155062789210106,50.09458841768586,0,2,1,0
393,0,0,0.8285001768905849,-1.2091048015100225,13.580813907879097,0.0,3,32.55165862949002,28.507738585929097,0,4,0,0
394,1,0,1.631260072109005,-0.029777594139369836,14.505240381957517,0.0,3,62.80973496636017,40.24545409768893,0,5,1,0
395,0,0,1.926280434378401,0.07219583895969205,11.48113453259916,0.27310233389204464,3,55.17523252260781,58.980336480054916,1,6,1,0
396,1,0,4.155080114045878,0.6466065592465248,14.035816815870513,0.0,3,59.0730938442992,45.448771879705944,0,5,1,0
397,1,0,1.623938781309329,-0.5734984803952764,18.691013751813433,0.0,3,40.3959904070612,30.634838355075587,0,3,1,0
398,0,0,2.241339130773333,-0.03388182778494348,16.052350282237764,0.0,3,49.88284453798733,35.681351863582314,0,4,1,0
399,1,0,2.086315353944234,-1.298579443959111,19.53917992060667,0.0,3,28.662026969323687,16.966422172236626,0,2,1,0
400,1,1,2.0455383779897285,-0.6245071348963649,16.131104731633044,0.0,3,41.05198600088459,36.745078725638606,0,3,1,0
401,0,0,3.424967338610436,-0.28045565460512634,13.686122156235674,0.0,3,45.522460985338036,48.5059548601044,0,7,1,0
402,1,0,0.9761607806767165,-0.5297565538640292,16.51614220413155,0.0,3,45.48418244598746,34.861477458818335,0,6,1,0
403,1,0,1.6259302663526058,-2.4959104288464626,15.259165993809107,0.0,3,12.796954898698063,20.935020329232728,0,6,0,0
404,0,1,1.4454837277390067,0.8184486147166824,4.957227209862777,0.4386682821510005,3,64.21505136785771,79.4423869551443,1,3,0,0
405,0,0,1.0331799664266221,0.20658091133908274,12.695631305860854,0.0,3,52.07994232204693,53.35036475337268,0,6,1,0
406,1,0,2.7863282728457377,1.014880933909223,13.463718624059508,0.3415612809008336,3,0.0,48.298811207183135,1,4,1,0
407,1,0,1.0270304040379004,0.14516066073165682,13.937240982873046,0.0,3,52.01060325732574,45.59253755073516,0,7,1,0
408,0,0,1.7293861324002053,1.0841008661644995,12.730356240203568,0.13815343647841555,3,65.42965510778178,53.224986294839184,1,4,1,0
409,1,0,1.22150476054827,1.3436950765228053,10.536713586409252,0.4495688378756645,3,70.67965876928754,45.18309005264762,1,1,0,0
410,1,0,2.860883762940877,0.25768451562839834,15.982756812790262,0.0,3,61.51593453937502,34.74419000897796,0,2,1,0
411,0,1,2.219528174327594,-1.5247708828759359,16.35125393278018,0.0,2,26.20237367924021,38.76550034986777,0,3,1,0
412,0,0,1.2904320455161167,-0.8746303850392766,11.848201217565036,0.0,3,42.40316050684473,43.65705665237122,0,6,0,0
413,0,1,2.1811167515621506,-0.8798898560803168,13.871801612406593,0.0,3,36.57039008738189,47.381849542453345,0,3,1,0
414,0,1,2.0652955172779994,0.293464000610255,12.002158028133758,0.0,3,53.67501286384846,59.80133371073773,0,1,1,0
415,1,0,2.1204751504733745,-1.3018326865347636,15.927300279359441,0.0,3,30.642333067390357,34.443282537900636,0,6,1,0
416,1,0,1.8991290793754736,-0.8776621833384761,15.477820714985084,0.0,3,34.20751890771517,34.18778800336984,0,6,1,0
417,0,0,0.8434579369111027,1.2792851461352592,11.07257843918658,0.2452535947654384,3,69.94067816364159,61.63579760679973,1,5,1,0
418,1,0,2.2314565688287216,0.017680805925468314,16.086092669150766,0.0,3,50.364862114386035,34.73591771339894,0,3,1,0
419,1,0,3.227326011056462,1.45626856733642,10.466424379238623,1.58282330946103,3,71.45225642209068,47.6604073163658,1,2,0,0
420,0,0,0.5719488474793301,0.3464623194618868,8.7918541344064,0.0,3,56.277954514179704,68.05173939489194,0,9,1,0
421,0,1,0.8357453389522308,0.45658968227818403,8.811261312335413,0.0,3,54.56315619215638,67.93242928144832,0,7,1,0
422,1,1,1.3028587939904048,-0.9589954882990567,14.85797335114112,0.0,3,53.69765518906469,40.613970199727184,0,5,1,0
423,0,0,4.681035594361772,0.44581049261763006,10.416551168078923,0.0,2,57.39116426693829,65.25337192884476,0,10,1,0
424,1,1,2.1890903227290845,-0.8370484493085261,13.186047825659838,0.0,3,37.766594008615336,33.897486464010875,0,2,0,0
425,1,1,3.1778278147326793,0.534084579259959,11.446133644772555,0.0,3,57.72781711671323,57.22262197034906,0,5,1,0
426,0,0,1.5184925464385297,-0.5730981766372697,9.915535631482811,0.0,3,43.17581995946201,53.62309797489789,0,3,0,0
427,0,0,3.048132980955756,1.4803672360130196,12.36969759995994,1.2892459435470611,3,73.15321395849367,55.94786150055149,1,3,1,0
428,0,0,1.6597159536142683,-0.9783244580001514,14.63130958210884,0.0,3,34.630801506532194,46.891906552893666,0,7,1,0
429,1,1,1.0090764408177502,-0.9932669521320573,13.6900721010171,0.0,3,35.53868774780412,46.487363908666204,0,8,1,0
430,1,0,1.6564046719273189,-1.4976230293824508,15.494255763837497,0.0,3,26.67966771939255,35.43119825533169,0,11,1,0
431,0,0,0.7534118314315581,-0.8966300217598722,17.038803561030683,0.0,3,37.83939441034458,34.07058789614028,0,2,1,0
432,0,0,1.2329134435063949,0.6902349266216666,12.503807106642116,0.0,3,62.53001112796619,52.82405504405008,0,3,1,0
433,0,0,2.975179722190383,-0.7805557543033336,10.73258111528995,0.0,3,34.00928320764355,50.20101510465064,0,5,0,0
434,0,0,2.1197395798723924,0.2386572505904347,9.537249717929305,0.0,3,54.59443670756527,50.26447234100072,0,5,0,0
435,0,1,1.7967148974356475,-1.4806797615353173,9.541653380024085,0.0,3,27.45807090553477,53.145458249114654,0,9,0,0
436,1,1,1.4766560294589117,-2.5467948095789974,18.500361532532786,0.0,3,11.347877065358716,21.93571808557136,0,5,1,0
437,1,1,0.9041354921438327,-2.5686310006038937,18.948596268984954,0.0,3,11.63253320814629,21.27862582766187,0,5,1,0
438,1,0,0.7284610186110563,0.11171863490482307,15.163055129620764,0.0,3,52.0739525991366,38.23222501232699,0,5,1,0
439,1,0,1.9577543340112669,-1.8212903843919015,15.266330130437161,0.0,3,22.91487444449858,26.631392092089097,0,8,0,0
440,1,0,2.1545893444505224,-0.479901972231698,15.512812849096216,0.0,3,42.59923530809103,35.279076596585746,0,5,1,0
441,1,0,1.247611256494613,-1.2668377708055827,16.312677711752826,0.0,3,32.63779896872786,23.24398882271423,0,5,0,0
442,1,1,4.377789434827039,0.4423591996894284,9.40269263663238,0.0,3,58.18640340976014,57.51592125695981,0,7,0,0
443,1,0,1.8070268315201514,-0.7061791470275766,17.171264974436475,0.0,3,38.82859467584339,27.944035272865925,0,2,1,0
444,1,1,3.6384598433678597,0.7496971698861474,7.925043032002053,0.18397241540367196,3,61.567969786528494,62.853991230888454,1,7,0,0
445,1,0,3.1766865571543264,1.8264384410544399,11.99147964832701,1.8313843127622826,3,78.18907467619549,56.805204203706595,1,5,1,0
446,0,0,1.0146902230148753,-0.00010635105944568259,10.800609112512051,0.0,3,49.81775213569563,48.056014204087894,0,4,0,0
447,1,0,1.2136748088953582,-0.2911671825869526,18.836180832942,0.0,3,45.25222880674584,28.635780881772423,0,1,1,0
448,0,0,1.741836874531869,0.19611909590768314,11.907813480520483,0.0,3,52.28866336741107,56.85353117153454,0,6,1,0
449,1,0,2.281091416868287,1.0115178041708308,12.161502098872083,0.9816332224457175,3,62.76722994218852,54.18105330688797,1,5,1,0
450,1,0,4.1545554870876344,-0.34841390463062544,16.140223307407265,0.0,3,46.69676119141088,31.166240835077446,0,3,1,0
451,1,0,1.8987406042958372,-0.7563712470501348,18.554159938975427,0.0,3,39.39584165453571,25.791332872413857,0,2,1,0
452,0,0,8.174100520968558,-0.26765988932390694,11.372858621299981,0.0,2,45.00062091556558,44.37186815133532,0,5,0,0
453,0,0,1.1950358552755516,0.38555956090215476,13.443164300354068,0.0,3,56.56023566114286,47.80498246160854,0,4,1,0
454,1,0,0.8961575465218401,-0.01471869544991168,14.978727481133088,0.0,3,49.977382238681535,38.45401814838532,0,3,1,0
455,1,1,0.9883406845990036,0.903076108433833,11.690932223086367,0.441299413648736,3,62.252992963755254,63.77630726301951,1,6,1,0
456,1,0,1.9002018561981266,-1.559872172868513,19.058941360298963,0.0,3,27.262354508078104,21.94669213633489,0,5,1,0
457,0,0,1.1020682631393786,0.37562093076293146,12.779975936205208,0.0,3,56.81668563849135,49.04586528892233,0,3,1,0
458,0,0,2.2956337078700915,0.7919304978197276,13.01091809601683,1.5492531220755708,2,63.86852644372767,53.770440574037146,1,4,1,0
459,0,1,1.0682559422238984,-1.024824268829856,12.469521416411162,0.0,3,35.73107431571867,55.45931305301584,0,8,1,0
460,1,0,1.526718677885123,0.3933332610518238,12.801039628377183,0.0,3,55.40274200393486,42.70780454395907,0,5,0,0
461,0,0,1.4390151219893554,2.607748621745316,8.07930781099111,3.549612734115191,3,75.28243600023919,73.2461903765259,1,5,1,0
462,1,1,1.6245233552655802,-2.2417973557756103,16.369033207859253,0.0,3,9.922488806690419,32.45414965155016,0,5,1,0
463,0,0,1.405955182334472,-0.8923756646962461,14.898665039961614,0.0,3,36.53778329933865,41.14266765589647,0,4,1,0
464,1,0,1.6317120382045545,2.9018553415545476,9.773684587808747,2.88704105412981,3,92.70072373523398,66.60060583786662,1,2,1,0
465,1,0,1.3054573612554934,0.3650330546669472,8.047031239315476,0.0,3,52.6455891491082,63.61690013995699,0,13,0,0
466,0,0,0.962925651976423,0.012625407530353447,12.330631735974782,0.0,3,50.325663553076794,54.71975221108702,0,3,1,0
467,1,1,0.6571266426386871,-1.4554264295798798,13.505193971237603,0.0,3,27.991304626476502,35.06430048253581,0,4,0,0
468,0,0,1.277314876323643,0.5221698599898481,10.440729102060848,0.4479181831992963,3,52.93802719095873,51.44564450915282,1,4,0,0
469,0,0,2.1591962486116385,-0.029953614334897034,12.836556899648011,0.0827695060041258,3,49.54373333393838,48.83912152653277,1,3,1,0
470,1,0,1.0908935603368848,1.4240396132536546,9.123270238006706,1.5500789254845206,3,71.44406640824212,51.25920989625768,1,5,0,0
471,0,0,1.4994018025673523,0.7772095059624715,10.319472782194245,0.0,3,62.58551992125601,66.3818133693314,0,7,1,0
472,1,0,0.663097622346074,-0.11005501081852281,16.511820329035572,0.0,3,46.93787137581448,35.4371760407452,0,4,1,0
473,1,0,2.5538340698242292,-1.1102530480066621,13.042925616259843,0.0,3,36.50909449826338,36.032346592445286,0,6,0,0
474,0,1,3.2493655344370906,0.1250308671760931,9.810732994144411,0.0,3,50.48989719727054,69.14453433087336,0,5,1,0
475,0,0,1.4313196775718586,-0.4056751166624028,13.222025581064761,0.0,3,42.9152138472492,49.096526370552525,0,8,1,0
476,0,1,1.3457557989951594,0.08271733424265858,10.044387925506289,0.0,3,50.772694618225295,64.64427685759668,0,6,1,0
477,1,0,2.869752591987286,0.9452860850966296,13.726620236393442,0.2161255549746754,3,62.992479299925925,51.67341274762305,1,5,1,0
478,0,0,1.84464173700279,0.21665023969687408,9.132878364681734,0.0,3,54.5988897325805,53.3851532416541,0,6,0,0
479,0,1,2.861452583718612,-0.8826718563514286,13.55598744966022,0.0,3,34.11745784209347,47.48296402794836,0,3,1,0
480,0,1,0.879690873443757,0.46853839658198343,11.117620339874781,0.0,3,57.98506350662366,58.89723923350968,0,4,1,0
481,1,0,0.9276473759505525,0.597594233430939,12.142412917628954,0.0,3,59.3290147269004,54.048321331138894,0,9,1,0
482,0,0,0.5486360422414442,1.810010110082734,10.160418466113912,1.3953942031227178,3,77.24729574261919,64.57178766478168,1,3,1,0
483,0,0,6.764943194557041,-1.362726249414718,17.4333981739019,0.0,3,27.629634268245802,26.750650441372205,0,0,1,0
484,1,1,2.7331545842043368,0.4350214513390741,11.088021471976448,0.3029912100077118,3,55.7101050778704,54.71487255835906,1,8,0,0
485,0,1,5.518017065875751,-0.41551847111912704,10.105948462403507,0.0,2,42.887257441409524,49.14119364270219,0,3,0,0
486,0,0,1.1375530717870452,-1.8858216117030955,11.841323636487521,0.0,3,21.84023796627191,41.67126189405798,0,12,0,0
487,1,0,1.636390629194851,-0.13371750829577117,15.121302108964542,0.0,3,50.466409939656785,40.61005334879143,0,6,1,0
488,0,0,3.112631823843747,1.5788846291569085,9.51999868095285,1.021156442943185,3,74.87735363281446,66.45525767254415,1,5,1,0
489,0,0,1.9368481172856735,-0.605834095166092,14.286987175679512,0.0,3,41.76231878567396,43.09210608812085,0,4,1,0
490,1,0,1.7963270164310703,-0.0100157850012865,13.601744558701062,0.0,3,50.04866481724026,43.71420142423449,0,7,1,0
491,1,0,2.6505189061677146,0.33180862262025557,11.120152468034293,0.0,3,51.28086351666234,42.07382198049799,0,4,0,0
492,0,1,0.9847764580898549,-1.0265883658090316,12.67278511579266,0.0,3,34.72893925197527,51.46163579270183,0,6,1,0
493,0,0,2.2641826969388847,0.1124909295277395,13.451189107179248,0.0,3,52.14213618663535,49.78232628697649,0,4,1,0
494,0,0,4.590715001666391,0.2879996831968471,9.148973480064253,0.0,3,51.21386371538793,56.117271926893224,0,7,0,0
495,0,0,0.8969925186715733,1.1196634599339466,9.068814603819954,0.8181289270034228,3,66.96767208036212,70.40217967944434,1,8,1,0
496,0,1,1.0514987719118012,-0.15854190973791688,12.008700660329389,0.0,3,0.0,58.181413298191416,0,5,1,0
497,0,1,0.8916424796818113,-0.43020163211012014,9.269842185238973,0.0,3,43.74998603453952,54.08731256580587,0,4,0,0
498,1,1,0.6065993959937345,-0.4822262889828704,11.073954688847738,0.0,3,44.23177412162492,44.79662983277574,0,7,0,0
499,1,0,2.0926449777674927,-0.5329010962465542,17.030602629903587,0.0,3,100.0,29.35268868794254,0,3,1,0
500,1,1,2.0460086093543026,-0.594089406430354,14.098531147451595,0.0,3,49.51979703399,47.30861799783595,0,6,1,0
501,1,1,0.5801715123168816,-0.8917787979800348,11.897130376881826,0.0,3,36.85102891426473,47.789028343560396,0,6,0,0
502,1,0,0.5926604451691068,-2.0154720232449286,19.743853358300132,0.0,3,0.0,4.9278620388210115,0,4,0,0
503,0,1,2.2402519201768625,0.48232337128756253,9.52762089156688,0.0,3,55.806873454392814,68.7133334374209,0,7,1,0
504,1,0,0.7552891070477165,-0.4845012272526311,15.081327679110771,0.0,3,40.2709118465313,43.829010733343715,0,9,1,0
505,0,0,2.511766004395332,1.293881822304294,8.43963853423148,1.7307474597426755,3,68.25348627171402,74.48108976784083,1,10,1,0
506,1,0,2.0239425293819653,-0.2072346259539964,16.16751004831,0.0,3,44.136457845094775,36.19139200769655,0,4,1,0
507,1,0,2.316656025482764,1.318266959743898,12.735247977290127,2.801634905563731,2,70.70506985795076,50.63572778522618,1,3,1,0
508,0,0,2.1752985828684523,-1.4491717339748509,11.509369296115123,0.0,3,30.056816732880343,44.68585392266021,0,3,0,0
509,0,1,1.8189198262564863,-0.8250445915145597,10.632861532701149,0.0,3,38.54179292291346,50.37705623473864,0,5,0,0
510,0,0,2.183205299618433,-0.9680183527362706,13.30429551476574,0.0,3,37.18996628900694,33.9986745587576,0,3,0,0
511,0,1,1.9439876767583537,0.8712892569313733,7.801258137960128,0.37372205985249907,3,62.622247778385365,66.52538727031191,1,3,0,0
512,0,0,1.0733845079260207,-0.9251394095455107,14.844248512299236,0.0,3,35.39447993124952,41.23848621188331,0,7,1,0
513,0,0,3.6843856758083606,0.39390205383350746,8.449832111173913,0.0,3,56.93602157153331,62.29652227766861,0,8,0,0
514,1,1,1.1280170692203382,-1.5481422283814565,15.016987892099987,0.2680424890949653,3,28.89781037918197,30.94980904383064,1,5,0,0
515,0,0,0.9032452030564777,1.001885791543959,10.16389795038974,0.14294638641103308,3,78.15662655128816,62.57968275532015,1,9,1,0
516,0,0,3.673917535058973,-0.021144329589707512,13.126037696585948,0.0,3,50.528581179624595,49.79186438064292,0,3,1,0
517,1,1,1.8885760731264873,-1.1322755016352324,14.01560297811361,0.0,3,33.74361328292344,47.35771713854832,0,9,1,0
518,1,0,2.044003542258712,-1.062874332661013,13.574420468978321,0.0,3,21.720436018657963,47.24906581283378,0,10,1,0
519,1,0,0.923327860045941,0.13351595344653744,9.545244666048701,0.0,3,49.797766063720985,49.47522456028069,0,9,0,0
520,1,1,1.3169203263611187,-0.1462705865593326,13.378361232418213,0.0,3,46.99258220798762,47.075200850344046,0,5,1,0
521,0,0,2.189744702869013,-0.6783346325542977,13.507771169913429,0.0,3,40.91953978380769,52.0634346398137,0,8,1,0
522,0,0,1.5318935224054624,0.21480647802823152,14.72199958276547,0.0,3,53.38553083929337,51.11741170182425,0,3,1,0
523,1,0,0.7940684381855906,-0.6377394042756072,15.57950142180668,0.0,3,40.116966595332244,32.5430431231945,0,4,1,0
524,0,0,2.183271722631097,0.3181735214415944,13.76889820034463,0.0,3,54.329449982414225,49.25554091899226,0,3,1,0
525,0,0,1.7154488912372845,-2.0846698624606432,16.890897308900946,0.0,3,19.624390585692897,29.454394438018358,0,1,1,0
526,0,0,1.4700788220719025,-1.098238786826688,16.303616711652882,0.0,3,34.839107703396,32.43149661297737,0,2,1,0
527,0,0,0.9429934116777386,0.6175685593049384,8.376865905305152,0.0,3,59.619022750069284,63.29395545765238,0,8,0,0
528,0,0,0.7741365634977734,-0.4618463931262167,15.21477816915645,0.0,3,45.18711199906966,42.65042712090139,0,7,1,0
529,1,0,2.3601195785154263,-0.07714460148402467,16.491423764722747,0.0,3,51.51757371164879,30.986284036932926,0,2,1,0
530,1,0,1.7273222347580002,-1.6543023776021337,17.570609650004908,0.0,3,24.866781763759835,16.840737634626837,0,3,0,0
531,1,0,1.0293019701579955,-0.21434626703764212,17.41661773545696,0.0,3,46.05725615656958,27.911986071562236,0,3,1,0
532,1,0,1.6436507354034438,0.30253700345485657,14.226007668334356,0.0,3,54.45570752384553,46.20736730641811,0,7,1,0
533,0,0,1.5088043517316354,1.0796365262576573,11.804089058154362,0.0,3,67.29564768147611,55.5510676905579,0,4,1,0
534,0,0,2.389842651937874,-0.12917923554651692,10.97410200830448,0.0,3,0.0,43.43469486431521,0,3,0,0
535,1,1,1.1512688267388542,-2.111551464480589,13.878816892173004,0.0,3,15.748825338287837,30.56030886660152,0,6,0,0
536,0,0,3.2201025839941053,0.11531184968998714,12.371944267220297,0.0,3,52.20059039665783,42.79739958424049,0,2,0,0
537,0,0,2.434184611067233,-0.9851697202801954,11.940387590050475,0.0,3,34.907113098715584,40.9452047207205,0,4,0,0
538,0,1,2.6448302288945067,-0.9169369997410863,13.49336103361877,0.0,3,35.52912647536428,47.99783236433585,0,3,1,0
539,1,1,2.2553101548442704,-0.4753765463265805,12.728450467404333,0.025749269426866173,3,42.35922752282781,42.30104975668531,1,3,0,0
540,1,0,2.282361337008167,0.3130672053761471,15.643023219778039,0.0,3,55.52379692818327,39.34455441186301,0,3,1,0
541,1,0,1.2229363262830266,-1.911867987225067,17.556338472338844,0.0,3,21.496422891014443,26.56057254753694,0,2,1,0
542,1,0,1.0907656579198606,1.2638176994804355,13.10636288952696,0.7242281351691426,3,70.1081235869442,57.01375781481623,1,5,1,0
543,1,0,1.0818566994493368,1.4522714841523796,11.4974321553172,2.276562909746154,3,72.00595428738819,56.39728972139781,1,6,1,0
544,0,0,1.9379823899663644,-0.6154733919042013,12.120683957052492,0.0,3,41.94504390797449,38.97578602750002,0,1,0,0
545,0,0,5.1442407796110174,-0.06992014586981277,12.992404093682513,0.0,2,50.572716018120204,51.80410682532515,0,6,1,0
546,0,0,1.0564502761761074,0.19648200727941625,12.279654499254377,0.0,3,51.48581527905042,53.1477211111401,0,6,1,0
547,1,0,3.3001417203607453,-0.8124585762427294,17.657721624959475,0.0,3,37.854818373141484,25.503826874411008,0,2,1,0
548,0,1,2.737429941768404,-1.2942243327735516,13.54148119366241,0.0,3,30.24553152708541,44.608699956554446,0,3,1,0
549,1,1,1.7447897849370324,-0.5477613743977963,11.931122287519578,0.0,3,41.65612553525265,42.3360934028772,0,5,0,0
550,0,0,3.025699836149242,0.3846731361989685,12.843363517829784,0.0,3,64.12269579204948,48.18626656045571,0,2,1,0
551,1,0,2.3189375450292387,1.2044811893510963,12.98718392974944,0.3017206415172776,3,67.82569899411074,49.23948815098472,1,4,1,0
552,0,1,1.0747429433513824,0.6614698203450049,8.367031728774709,0.0,3,54.57332016433544,75.96750048238034,0,8,1,0
553,0,0,0.9593760014109923,-0.2511265588357006,13.7090422969148,0.0,3,42.49746573589249,45.82321611540825,0,5,1,0
554,1,0,2.5527186303830467,0.2853846045673577,15.532045022369545,0.0,3,52.85690801461375,46.01002943429288,0,5,1,0
555,0,0,1.0711555465196003,0.6082610327969186,12.515494845567384,0.8602778819771629,3,59.68874542986549,50.97060026209913,1,3,1,0
556,1,0,1.0717646328460717,-1.568557518773019,18.040429982748993,0.0,3,26.34775285669657,28.59219039792923,0,7,1,0
557,0,0,2.468980520651626,0.9532882840814282,11.754820619255712,0.7245796624694736,3,65.58821990590178,55.26552983255139,1,4,1,0
558,0,0,3.4039333506539737,1.6883583903250314,10.647553847213391,2.0274534171054928,3,73.32100323341484,61.744501119960134,1,4,1,0
559,0,0,4.983517410041058,-1.7016276245663484,17.554596534017943,0.0,2,21.723082121373082,31.857879364809147,0,5,1,0
560,1,0,1.1042361505458036,1.4574130318726175,8.263940494238826,1.2937651777433814,3,72.37559392421188,75.24296815757661,1,8,1,0
561,1,0,2.376976751788476,1.7585102574576674,14.216815992800724,1.2439700789731738,3,85.72130285083918,46.926282564084126,1,4,1,0
562,0,0,1.925595681925457,1.3491680862026891,11.137493030431772,0.6046729600935892,3,68.73659163517956,64.58736827440163,1,5,1,0
563,1,1,1.2654657330811954,0.6187957370403097,12.842499602222796,0.346627371758928,3,58.991867809339446,56.032912952437286,1,8,1,0
564,0,0,1.5508805276886097,0.9078966836897501,12.942095388437789,0.3759565667872883,3,63.03315260262756,57.75665829209145,1,5,1,0
565,0,0,2.6111992335870964,1.4205048822501538,10.903234221160895,0.5595208098984584,3,73.94988783447168,63.72704120169315,1,5,1,0
566,1,0,1.8273307016952702,-0.7491519836146363,16.897716242040907,0.0,3,44.18982033055949,30.640749639846977,0,6,1,0
567,1,0,1.2256120985896943,0.9620654018153378,11.495575742576884,0.29122195102365817,3,63.717574756618006,58.13350063799929,1,9,1,0
568,0,0,1.668859898636094,0.4172634995127805,13.451238349210591,0.0,3,52.885371747639404,47.900718790216736,0,3,1,0
569,0,0,2.431378508374982,-0.34534024708119987,15.573599383169107,0.0,3,43.08498933725864,38.60812466229667,0,1,1,0
570,0,1,4.128278952620897,0.8184115442112044,9.119263544142157,0.17488649679273346,3,63.669945989248184,69.55405584478916,1,5,1,0
571,0,0,3.5965923402714566,-0.3033687989262579,13.178120898145306,0.0,3,46.086429189423974,48.05093909201692,0,3,1,0
572,1,1,2.9206680021921314,-0.0724669428130427,14.989576295102562,0.0,3,51.65568074139548,43.59122353402533,0,7,1,0
573,1,0,3.2989569217177865,-0.4307132187337654,14.485446586403675,0.0,3,42.68934910683399,42.82456436427913,0,8,1,0
574,1,0,1.0762140212188245,-1.3407614414792803,19.254188089150013,0.0,3,29.091179643479165,22.015698283058274,0,2,1,0
575,0,1,0.7496415526700426,-1.3925310806731088,13.409402823174693,0.0,3,29.105797447838224,45.711093488947675,0,5,1,0
576,0,0,1.3286192467314066,-0.8580969140101313,17.063032769661934,0.0,3,37.988667175669654,38.62731175728785,0,4,1,0
577,1,0,1.8442568317872858,2.227067446716725,14.740197726201004,1.857277645516108,3,83.38137355960035,58.2741078255499,1,2,1,0
578,0,1,2.0108803693531723,0.7411826119591653,9.595605884044794,0.0,3,63.08635657213168,66.82614196791263,0,5,1,0
579,0,1,2.1768761168038973,-1.3120615833783216,12.266989571265677,0.0,3,30.538743066576842,37.62427832026027,0,7,0,0
580,1,0,0.9873578164358594,-0.7524413142178644,17.311644972277143,0.0,3,40.236232895795126,28.888054439146096,0,3,1,0
581,1,0,3.122148666838701,-1.0094316793567675,14.7799932212969,0.0,3,55.28477751453893,31.492700792883227,0,6,0,0
582,0,0,2.0423463985762713,0.3884207189937843,13.36361530533894,0.0,3,56.209138297027366,51.87474034113248,0,5,1,0
583,0,0,1.97937652079587,-1.9251956557185352,14.731035555928875,0.0,3,21.385082786708452,27.970078624988947,0,4,0,0
584,0,0,0.9524206625728853,-0.9272652896034917,16.543995965484473,0.0,3,34.41710784770254,36.18636731584334,0,5,1,0
585,1,0,2.2340217432331397,2.2928830180953446,10.475026057575073,2.8199209535623573,3,48.59262995834349,64.3852070087587,1,6,1,0
586,1,1,2.2496260890851363,0.38353583291863297,11.641553474327813,0.0,3,58.355592422552746,55.51699832333844,0,7,1,0
587,1,0,1.79222849770373,1.0242425948966276,11.822963424908817,2.1029745621855818,2,65.76018926682887,58.13134245190559,1,7,1,0
588,0,0,3.9335382348614436,0.8831869026999545,10.851108342451374,0.20192904757941843,3,63.56070457564292,48.40207274391395,1,2,0,0
589,0,0,0.6064979954568074,0.007770057105115726,8.008286375812782,0.0,3,50.09830146447354,62.17462600911042,0,5,0,0
590,0,0,1.3242283897767038,-0.657535895264849,13.310390237235195,0.028114502920078666,3,42.04696304504303,49.900001458352705,1,7,1,0
591,0,1,0.5547179032054677,-0.2771157233902659,12.658507009136247,0.0,3,100.0,54.131533760492125,0,2,1,0
592,0,0,1.3467818622128906,-0.08921023205692609,14.866624632343331,0.0,3,49.78782720776726,46.62291446860849,0,3,1,0
593,0,0,1.402412530650615,-1.5033623657296291,13.248875211235191,0.0,3,34.82569741049752,46.32185177927751,0,7,1,0
594,1,0,1.6509568622328818,-0.6323703205926178,17.058712660670977,0.0,3,39.251250614311125,33.938965257789874,0,5,1,0
595,1,1,2.506424835347455,0.8999188615590935,9.005158256547606,0.2550318586064689,3,63.48391172925193,56.65815335059006,1,4,0,0
596,0,0,2.259268409812387,1.7478074360871136,10.59386419995542,1.9234461716876852,3,76.6811160423644,67.27954151364224,1,5,1,0
597,1,1,1.6808692044869404,1.1167954749679179,14.539673441094259,0.0,3,64.58694479267875,56.88952809576671,0,4,1,0
598,1,0,2.923229098873148,0.747868079524067,15.473452744470904,1.0884689361544417,3,60.208695584499765,36.95952823833859,1,0,1,0
599,1,0,2.0698783846871307,-1.601466695275012,16.379448419959743,0.0,3,25.806303557771468,35.95350956817739,0,8,1,0
600,1,0,5.274484318432456,-1.1836800519750088,18.77347163870788,0.0,3,32.60232567645945,22.73550977487728,0,5,1,0
601,1,0,3.1321690528420834,-0.4892348660225645,17.900160682334242,0.0,3,42.758148280026354,27.21418645882482,0,3,1,0
602,1,1,3.5997659386631073,0.5766859218980169,12.302760711414592,0.0,3,60.442765529704054,55.29174912703878,0,4,1,0
603,1,1,0.885008305431458,-0.5476598557592306,14.291880278995983,0.0,3,43.79122206317394,42.285368561721626,0,4,1,0
604,1,0,1.4479126041398374,-0.47370340669415123,17.217530663188064,0.0,3,43.204936068407044,33.282652264419816,0,4,1,0
605,1,1,2.453512064427119,0.3493133524723737,10.079633633783464,0.4186965023195935,2,55.053727568686256,52.617504172416915,1,4,0,0
606,1,0,0.9698468718187265,0.664677095542307,12.653069336787503,0.2289749373704523,3,59.29278920377279,49.40815352757505,1,6,1,0
607,0,0,1.5702570507939495,0.2589821217050653,11.979340127355396,0.0,3,54.40166439333738,56.14050338145976,0,6,1,0
608,1,0,1.779488188711997,0.3442250483921667,12.60708127596768,0.48434822203299355,3,52.40886490705292,50.52880980594923,1,7,1,0
609,1,0,0.7423256564863562,-0.8692284787423685,13.377766878439783,0.0,3,37.16587556668085,29.93458660810768,0,4,0,0
610,0,0,1.1631642181468342,-0.8123609830186594,13.783960473247165,0.0,3,38.317841681495786,44.47039910773092,0,6,1,0
611,0,1,0.8016910213692393,-0.03272158194758011,10.099757923887491,0.0,3,49.24673455336905,48.76984519533434,0,1,0,0
612,0,0,2.1040900228124286,-0.2473384377909859,10.591765420673795,0.0,3,44.94833584753898,44.55676630998258,0,6,0,0
613,0,0,1.6425207948209006,-1.0204197914973216,13.866234216553746,0.0,3,35.61657221363307,47.520734318075874,0,8,1,0
614,0,0,2.782391596607261,-0.6476134455025198,14.909987425259342,0.0,3,35.89195767330495,41.264345749929994,0,4,1,0
615,1,1,0.8190044585927861,1.1008859687432913,13.792543227489663,0.947873274889879,3,73.82287686238786,53.026286608937085,1,4,1,0
616,1,0,2.8691135422655765,-1.4655535953886083,16.66347478450274,0.0,3,28.41345122171843,33.89557205649817,0,9,1,0
617,1,0,1.6959025127162775,-0.3446917618212412,17.646738110698852,0.0,3,45.25059711193311,28.225603319610293,0,4,1,0
618,0,0,1.1965313966896214,0.12859797195143122,14.556035756607828,0.0,3,51.95078802468054,41.329026657262915,0,3,1,0
619,1,0,1.6788895924818468,1.4566996314470708,13.324116463264163,1.0637453285390726,3,71.12999808183191,51.767958268743946,1,4,1,0
620,0,1,1.9948362014974146,0.19676200423376278,11.757585612044993,0.0,3,39.983169932235526,57.92764697549165,0,3,1,0
621,0,0,2.319640361450355,-0.7803179789811346,13.905078055472737,0.0,3,37.350653553185694,44.51680675305518,0,6,1,0
622,1,0,3.2207399013678315,0.427878385618798,15.262018083913336,0.0,3,55.807445410132495,40.51030919432842,0,3,1,0
623,1,1,1.2821964287377399,0.3749991800008113,7.3064944729024734,0.08385153117235933,3,59.42922362127299,62.76900441653502,1,10,0,0
624,1,1,1.198162812943374,0.5878165523510515,11.482083778963663,0.0,3,59.46922407098318,56.73514166006476,0,4,1,0
625,0,1,1.6888407923741058,-0.24580385816915412,12.90283468372865,0.0,3,46.16119870079776,52.0235601400195,0,5,1,0
626,1,0,2.480384843753822,1.940086507671797,9.080172154506224,1.2756583804874424,3,81.85110483757686,69.3848667534549,1,10,1,0
627,1,0,2.0123612270972413,3.0443002214273034,6.934669000285098,3.5589549558518914,3,93.54415297036516,78.60737386825328,1,1,1,1
628,0,0,0.8644962794057459,2.743739958650904,6.772689297314871,2.542575395872702,3,97.58847676739187,81.16573914657324,1,7,1,1
629,0,0,2.5738911818911725,-1.4877398958581551,15.095345994302845,0.0,3,41.80424947124847,43.46606950647954,0,9,1,0
630,1,0,1.04104136097046,-1.5735767871860125,18.43220049474662,0.0,3,22.692462135949327,22.433180741006744,0,4,1,0
631,0,1,2.931385272261788,0.46979188458429977,10.780632515443491,0.0,3,57.656134086943226,66.6089394866918,0,6,1,0
632,0,0,4.503995164497817,-1.6999812414469584,18.125851445458675,0.0,3,24.34604622541169,31.156275237507284,0,4,1,0
633,1,0,1.685785497040872,0.7004385465286149,12.629906820464386,0.0,3,60.71640846369532,39.60129116082097,0,1,0,0
634,0,0,0.8593797709053705,0.6748730103546731,13.374948625523889,0.0,3,52.89811392684745,53.15769974548986,0,4,1,0
635,0,0,1.133216641064311,0.06183496000125773,14.837612107375884,0.0,3,51.96111531736239,33.197806848426346,0,4,0,0
636,0,0,2.117236337696403,-0.7380639999867897,16.19031422554013,0.0,3,40.320107793349386,36.42825877696888,0,3,1,0
637,1,1,1.7945193223910565,0.44900546236413474,12.038883808337978,0.0,3,57.43798455062331,52.47679719741006,0,3,1,0
638,0,0,1.6703938399811924,-1.1676569368354561,14.562622992615307,0.0,3,32.6718779277649,41.631280739998914,0,6,1,0
639,0,0,2.1356345210688983,0.2089402009217912,12.274555213574347,0.0,3,52.80540066731585,51.3674925051769,0,7,1,0
640,1,1,1.8199059969189482,-1.038128299431833,13.033032455687893,0.0,3,34.828849511999756,48.263740664891095,0,7,1,0
641,0,1,1.7312635916380696,-0.3801266585065069,13.535447737581478,0.0,3,56.29928020335676,46.36954532306726,0,1,1,0
642,0,0,0.9826634924980443,0.4848748661566117,7.15716299523925,0.0,3,58.057090118223535,65.81147845883308,0,9,0,0
643,1,1,1.220252896862362,-0.8343158884162291,16.51543913717833,0.0,3,37.083940028455906,39.7086256075,0,6,1,0
644,1,1,1.2335954923813899,0.5241476308195923,8.905406938777924,0.0,3,57.578890754283215,56.60176270121061,0,6,0,0
645,0,1,1.0951859385247773,1.5989292534488195,5.691871805354242,1.5468917307643961,3,73.53019141396364,73.24885060009798,1,2,0,0
646,1,0,1.5205149737470034,-0.12434547542193529,15.266227448219475,0.0,3,47.101437460467956,42.258741155252046,0,7,1,0
647,1,1,2.9101860328976104,-0.2847419841873781,10.558903558264156,0.0,3,45.01544171274031,52.58687738887546,0,7,0,0
648,0,0,1.5473448600475472,0.9904599631545804,8.903208807180848,0.7124123457666616,3,63.91791518226279,70.19708632074479,1,7,1,1
649,0,0,4.225382487816848,0.6192067857773218,10.801849982891648,0.24114938986688572,3,58.37511747183664,62.70095560930365,1,6,1,0
650,0,0,0.6634216576265864,-2.0197576814488376,13.148325307051858,0.0,3,19.909156639835434,36.73249277770507,0,8,0,0
651,1,0,0.8378196765309869,-1.6393234420502152,17.552744804151715,0.0,3,25.755030604686805,20.891119620842492,0,4,0,0
652,1,1,3.02093535797019,1.47741925559708,6.4897438595450225,1.4680688008682674,3,72.8632610422102,67.56396403915421,1,6,0,0
653,1,0,1.9883545552762993,-0.5650113732316985,18.24098928454893,0.0,3,42.222894587937695,30.79758290563203,0,3,1,0
654,1,0,1.016030857026357,-1.218535396765738,17.877842474700085,0.0,3,30.608122854594143,30.158701019809502,0,6,1,0
655,0,0,2.0175594152665783,-0.11750027325220787,12.924399580329197,0.0,3,46.255677811748534,54.92829000662824,0,8,1,0
656,0,0,0.652602510648228,0.17709961496824514,11.302151724347896,0.0,3,53.41546921544321,43.172170063828695,0,2,0,0
657,1,0,1.80593470454655,-0.2557550523143778,10.887888185130233,0.0,3,46.42871639268229,40.049397174372224,0,5,0,0
658,0,0,2.1137682928818418,-0.9348136792501996,13.782734611775423,0.0,3,41.73653202081705,44.02641631708032,0,5,1,0
659,1,0,0.8561558054039834,-0.4120133315314432,14.084383493485307,0.0,3,46.71831450532842,33.4588087975005,0,5,0,0
660,0,0,1.5448248126239434,-1.275518937380651,13.535017284350385,0.0,3,33.119430067764036,47.10546654339858,0,6,1,0
661,1,0,1.0602379073231585,0.11202370039156356,11.945615637350752,0.0,3,55.834253803005396,37.499482964480634,0,5,0,0
662,1,1,1.161823558632291,0.10018099979687846,11.751250989185118,0.0,3,50.988758363071575,56.179716358892854,0,9,1,0
663,1,0,1.224186897479602,0.47495405508234895,12.123077613268293,0.4923623685393258,3,58.966938577483646,54.03858053928573,1,11,1,0
664,0,0,0.7885289727976308,0.23051574814928083,14.107840320985853,0.0,3,54.332664940859324,46.37892635887923,0,4,1,0
665,0,1,2.0160934317580526,-0.5887809560860996,12.344315759184155,0.0,3,40.1682298183842,61.64670786102722,0,7,1,0
666,1,1,1.1586600361764712,-0.49559781392578073,10.557282305344467,0.0,3,41.911402945836656,45.85333293648768,0,5,0,0
667,0,0,0.9139657221043844,0.6711537535323855,9.661066339022131,0.9290816973662998,3,61.095880700794794,66.31866429220432,1,5,1,0
668,0,1,2.674826465283754,-0.9711369578374517,10.96426401429806,0.0,3,34.43682432763024,42.8644138538843,0,1,0,0
669,0,0,2.944372157155841,0.055960243163801035,9.804488311231218,0.0,3,49.88705611512053,51.44242642028841,0,4,0,0
670,0,0,1.0362220324585787,-1.076222874278335,10.907987136765989,0.0,3,38.05254700029162,46.542346467802524,0,6,0,0
671,0,1,1.9630582064014692,1.3849278348967522,9.847101545900125,0.7643943896668801,3,67.0874394539816,66.29904447825982,1,1,1,0
672,1,0,1.1539490994416268,-0.4483096933031323,16.53807278778199,0.0,3,45.04991011337189,34.09323808621637,0,5,1,0
673,1,0,0.7504778653210862,1.044986142783216,12.7163193475858,0.0,3,67.94182353238178,53.78585802976606,0,7,1,0
674,1,0,1.944789087405947,-1.2512105214632232,18.633989032154087,0.0,3,31.676610476921873,18.680803115720444,0,1,1,0
675,1,0,1.7981173620185982,2.0001524837298206,13.28018302376651,1.6193380686435739,3,74.50254365283884,57.61445158164576,1,3,1,0
676,1,0,1.915087912052815,1.624668609625971,12.710157447537345,1.2154647593108936,3,76.10018562017531,51.91667117306649,1,4,1,0
677,0,0,0.7985122841561482,1.8226577696598965,7.454994187866831,2.3521641620262885,3,77.8451081042556,67.86140898087865,1,5,0,0
678,1,0,0.7182537912145469,0.034889382108273644,15.745733661200672,0.0,3,54.429785966446794,39.122794758756285,0,3,1,0
679,0,0,1.2383049837058429,0.9342905396722012,7.7316830995919,0.0,3,64.01178753796685,60.84575891282099,0,6,0,0
680,1,0,1.6579819451493376,0.8318917898333588,15.107066047950738,0.024047037410525274,3,52.02420073471849,41.713573544734615,1,3,1,0
681,0,0,1.7229080625794229,-1.1327624878420843,15.56932723474742,0.0,3,20.655834041279526,41.51747609727612,0,7,1,0
682,1,0,0.9293865788080388,-0.01974306031474214,14.53547918531117,0.0,3,51.435873391525035,42.768933250546056,0,6,1,0
683,1,1,0.9570185757996231,-1.2998794396898656,11.93357288021439,0.0,3,33.74662515125181,45.65788492074678,0,7,0,0
684,0,1,0.6783925824032256,0.18942209390656628,8.007416845691086,0.0,3,53.593473257865384,57.18264798673368,0,4,0,0
685,0,0,1.131896047156509,0.5796554031250211,13.626118506319624,0.0,3,58.75455942560612,56.21672227331928,0,7,1,0
686,1,0,1.2289514964398371,1.1246416262786343,10.340256707226027,1.1394060446278913,3,67.41227543635362,54.32980636667922,1,6,0,0
687,0,0,0.705393995752773,-1.1606778344092257,14.097334182358132,0.0,3,32.229827344296126,43.26814071088469,0,5,1,0
688,1,0,1.7108226104295277,-0.7466524616445621,16.25219658024451,0.0,3,38.83191086428727,30.860608524309143,0,6,1,0
689,0,0,3.619621426720253,-0.8435346902190335,12.650287186281254,0.0,3,36.08795299157117,49.66052218681139,0,8,1,0
690,1,0,1.1191302093052353,-2.129540480636538,15.511317218749262,0.0,3,18.98282550369547,21.4913485664117,0,6,0,0
691,1,0,1.1901260745712774,-0.5899745495220721,15.476709281618623,0.0,3,40.74753691306842,34.78357394755243,0,5,1,0
692,1,0,1.5559572879763426,-1.701476350549395,19.340697203628746,0.15360501360997358,3,25.902912854868585,23.822440723122345,1,4,1,0
693,0,1,1.8870671240438195,0.1300571476665337,10.252445953190021,0.0,3,50.83709011727819,68.66187079145702,0,8,1,0
694,1,0,1.4928847483648366,-0.34768853052164256,16.563047326100577,0.0,3,40.520497183572424,31.785119637247348,0,4,1,0
695,1,0,2.6301634233112945,-0.5416616049039606,16.380587664751,0.0,3,42.056258110049725,34.075638007934984,0,5,1,0
696,0,1,0.7710566195869435,0.9832753337083476,4.827370912792384,0.0,3,64.52312709850138,80.70773806066433,0,5,0,0
697,1,0,1.5030423727641464,-0.08813815445734959,13.884839962024929,0.0,3,51.63074169834039,47.11967047004643,0,6,1,0
698,1,0,2.310203750168321,-1.0076745691152735,18.132863910900873,0.0,3,36.33571590858379,24.806008601915167,0,5,1,0
699,1,0,1.4323718624570319,-2.0641110637374767,19.95574506177709,0.0,3,19.532986677370637,15.488898463383768,0,3,1,0
700,0,0,1.017478557179227,0.28627625340885043,13.430679158078647,0.0,3,55.071158626082635,53.4987841708571,0,6,1,0
701,1,0,1.7559990776158663,-0.6385022737525239,16.928811188044868,0.0,3,42.630099422309996,31.736933081906237,0,3,1,0
702,1,0,2.4620595445778317,0.08675965684147204,11.061558029789104,0.0,3,51.39778007293454,41.00292999625005,0,5,0,0
703,1,0,1.4712954424641653,0.038174813275945775,13.594744851915062,0.0,3,60.889925407168576,45.4491647504415,0,6,1,0
704,1,0,1.1489011862977072,-0.14158229827192478,12.760142122344645,0.0,3,46.60560685560012,48.03064750121908,0,7,1,0
705,1,0,2.3900975665560966,0.20069433594483557,14.167602848936768,0.0,3,49.32915849701291,45.34342142691566,0,7,1,0
706,0,0,1.921976288715352,0.5707531724582116,8.159585944001714,0.0,3,55.95559639439571,66.26501989596433,0,6,0,0
707,0,1,1.1937226554568567,-0.27603486281233586,10.12185423321422,0.0,3,48.139383547714615,52.25293501845831,0,2,0,0
708,0,0,2.789806558335511,1.3803612717175322,8.442337103639455,1.6853548436557935,3,70.35125985610605,60.32481428024869,1,3,0,0
709,0,0,1.708885760991667,0.5597049904874211,12.861085294211527,0.0,3,77.8324128578748,51.90877803688167,0,5,1,0
710,1,0,1.1656195946573047,-0.4689042756751743,15.729956443751613,0.0,3,43.228368301168906,35.658979708726434,0,5,1,0
711,0,1,1.5636765477814567,-0.8676669121578272,11.668954911750676,0.0,3,42.23059038091097,56.58760227752351,0,5,1,0
712,0,1,1.2709117486607053,-0.998974855909271,10.66324388241965,0.0,3,34.773761572207846,44.90644844407887,0,3,0,0
713,1,0,1.6804710644132408,0.5613856235620529,13.566410947179083,0.0,3,57.94300523152442,45.20883297950349,0,4,1,0
714,1,1,1.3461023273661352,-0.014778820972254993,9.963307562974082,0.0,3,50.780804149304934,54.15089573913427,0,7,0,0
715,1,1,1.3019145841008644,-0.040425598718196655,8.25898897197888,0.0,3,48.79729266135372,57.75352377018606,0,9,0,0
716,0,0,2.0241845724807903,-0.2230420299209228,13.797851907106422,0.0,3,47.211327755974644,44.960944727468544,0,4,1,0
717,1,1,1.5979870795856297,0.39548000256859467,11.352405565461293,0.0,3,50.8363134654855,58.553921933826885,0,10,1,0
718,1,1,1.0628000097817605,1.9262625659905275,9.431674024436747,2.3413696397630055,3,77.40740065230693,69.82324961055386,1,4,1,0
719,0,0,1.7483760792399143,-0.7699045296719776,15.085710806893886,0.0,3,39.12906999481748,43.43753496460627,0,5,1,0
720,0,0,1.9013554602350957,-1.0219831048151153,15.985867234956395,0.0,3,34.73111186827143,32.970225710958296,0,4,1,0
721,0,1,1.6601340206215742,-0.16220092380885945,6.4532475416043145,0.0,3,44.87581511702092,67.03400178548264,0,6,0,0
722,0,0,1.4477913836815104,0.5564962998577904,14.412588894079718,0.43383136943892897,3,57.743680828268495,46.52986937758613,1,1,1,0
723,1,1,1.6967406470307136,-0.3369500866553966,13.378241769281333,0.0,3,45.6997536389734,48.48845728983723,0,5,1,0
724,0,0,1.786779572602086,0.24443312167523207,10.708984247967233,0.0,3,53.05856917276051,58.391623993175976,0,8,1,0
725,1,0,2.28587154405321,1.2275112062192357,13.007919891284295,0.7420359595689507,3,68.38721032797346,52.51522611574439,1,5,1,0
726,1,0,0.5875495499970375,0.9337379153394175,13.619097085993927,0.0,3,62.41698841917424,47.78823304183773,0,4,1,0
727,1,0,2.7717370339787526,0.3086992871828267,12.852785294743384,0.0214091091414792,3,53.51529786765918,51.34001766384294,1,9,1,0
728,1,1,1.3603902424754124,-0.37113507672315926,11.04062316654777,0.0,3,45.06418959898421,49.674945426219026,0,7,0,0
729,1,0,2.0669186075943933,1.3535477469147428,12.135600658336221,0.6615363758822306,3,69.94048345019799,56.33030584373564,1,4,1,0
730,1,1,0.9992523765278805,-1.8602647524435623,13.121376804042518,0.0,3,13.044335884723356,34.86847713079625,0,5,0,0
731,1,0,2.1464660113672576,1.3656328632977541,12.208062504437752,1.63111890360964,3,67.50948626548036,52.65400446572577,1,6,1,0
732,0,1,2.1279796162513227,-2.3737108570349403,9.980276279964963,0.0,3,10.733591461855688,49.49652793424974,0,7,0,0
733,0,1,2.1385130268757586,1.7330276337918074,8.204274295635507,1.3172982111718565,3,75.53144298587522,75.0646941814312,1,4,1,0
734,1,0,1.3601360372869018,-0.47283881723773347,14.699860385920887,0.0,3,49.35021358827998,41.13116083067622,0,6,1,0
735,1,1,1.471126662230328,1.5128725545514228,8.766857529568293,1.195952836561761,3,76.61474399210593,76.05164001840299,1,10,1,0
736,1,0,1.5263084007788268,0.014104825465883928,12.377759030857066,0.0,3,51.47266656589752,58.930982531196406,0,7,1,0
737,0,0,2.6011018045062166,0.8423721110679757,11.481422919917058,0.0,3,62.71322231528783,63.14489592441613,0,7,1,0
738,0,0,1.5713219197774206,0.4535237739276088,9.657270655502279,0.0,3,57.56147780922159,52.22422345109985,0,3,0,0
739,0,0,1.3803013887727946,-0.07790314281264656,11.601050130511878,0.0,3,48.02570012920308,55.13360378543187,0,9,1,0
740,1,0,0.7993214803593631,-1.2668738867529943,16.614284965226414,0.0,3,29.215461675261597,33.12965299568994,0,8,1,0
741,1,0,1.107141907314679,1.2383094769237042,10.98488813322669,0.8614378140060985,3,65.20645119097358,61.36838100946086,1,4,1,0
742,1,1,1.2017170893998486,0.12017488341840778,11.0438785524594,0.0,3,51.47044936879159,59.96679544649494,0,7,1,0
743,1,0,3.458092948700573,0.7324020925826954,13.616456994377682,0.19630857982470432,3,62.286975745164874,48.787099137558485,1,6,1,0
744,1,0,1.910797404356185,0.3773911419663523,12.669445281659968,0.0,3,44.19345694062757,50.08755394334086,0,8,1,0
745,1,0,2.525066079543521,-0.7008171212303631,13.063293764725406,0.0,3,31.304471514689123,33.1756582204795,0,5,0,0
746,0,0,1.1419680547014361,0.17816916230107346,9.755612797314395,0.0,3,13.405994948879467,52.084397274933636,0,5,0,0
747,1,0,0.9663378957546516,-0.2151676935194986,14.164042269681985,0.0,3,47.30047840043599,44.73802397554498,0,7,1,0
748,1,0,2.744827695416294,0.1244310217405043,14.268422605474445,0.0,3,51.97901647160501,31.86688423153429,0,2,0,0
749,1,0,1.798365772686671,0.7430994978379859,17.45929643785129,0.6560441112166686,3,61.295676740825925,39.92445562869142,1,2,1,0
750,0,0,2.0485945507252503,-0.9605434954079602,12.23454451569633,0.0,3,33.79079938920324,38.83513347544013,0,4,0,0
751,1,0,1.1201219550730674,0.21296280866681588,12.595590216914148,0.0,3,53.82535052951408,54.49727467992546,0,8,1,0
752,1,0,0.9197603915877962,-0.7258078964896078,14.045119566699803,0.0,3,43.715694004208586,28.234374198476566,0,4,0,0
753,0,0,1.764254445636876,-1.7651589460555277,16.109222095339934,0.0,3,23.026898514469213,42.28748634313028,0,8,1,0
754,0,0,7.022807888771194,0.87902211646275,11.443017298209996,0.3731825325502123,3,63.78485519298381,55.04569626714814,1,6,1,0
755,1,1,0.9848848755587721,2.58398529117226,10.368415944144626,2.9012619750046897,3,88.13983581504388,67.33446079677883,1,2,1,0
756,1,1,4.110744512662735,-1.2205154223125017,17.659706728398284,0.0,2,31.33997793636382,33.71981295449002,0,5,1,0
757,0,1,2.319534477984015,-1.8201991663818455,15.517761770139938,0.0,3,37.10396855885641,45.72796509445141,0,7,1,0
758,1,0,2.3626229283643263,-0.2554107340810846,16.70738924141047,0.0,3,44.76011485243074,33.913036378136965,0,4,1,0
759,0,0,2.0682765549390845,-0.6391965462684491,11.70348469336303,0.0,3,43.21203837672791,39.84871529279849,0,5,0,0
760,1,1,0.8991645094403464,-0.7457409072533033,12.600007283141345,0.0,3,39.73774163637815,40.0691444172087,0,3,0,0
761,0,0,2.05311299714051,0.9219667146640229,10.933727161676252,1.0036518824416971,3,64.03933652490122,61.4026679071357,1,7,1,0
762,0,1,1.770489317101171,-0.3803484917604977,11.894480530632425,0.0,3,44.16756875251837,68.76766655123542,0,11,1,0
763,0,1,1.5085524722955728,0.6986990164854446,7.23151323267454,0.0,3,58.44807392989584,65.32420013729163,0,3,0,0
764,0,1,1.2294478969704854,-0.752578959237883,10.919707165663663,0.0,3,37.95488803177678,45.98357705811227,0,2,0,0
765,1,0,1.3118879019542962,-0.38849783553709616,15.140995572996754,0.0,3,47.622523989886375,42.46037993230004,0,8,1,0
766,1,1,1.1866954112486505,1.049606583600719,10.894925282202916,0.28808560849822573,3,66.54509876036808,64.07459870537593,1,8,1,0
767,0,0,4.501827589752267,0.7622446338235477,7.591501963293705,0.0,3,56.95910982880069,59.58562839746378,0,6,0,0
768,1,0,1.5883261056685691,1.4615759743907533,12.695411089680539,1.722565708352498,3,70.65393398648192,57.1747113632504,1,6,1,0
769,0,0,1.8318889808234466,-0.4694323518423151,13.442849657965768,0.0,3,42.427612136703424,51.55895844678298,0,3,1,0
770,0,0,1.7362906657075257,1.0810326134096968,11.666003016592528,0.0,3,66.15313725833494,61.42161322251475,0,5,1,0
771,1,0,2.777120338284824,0.41698309524694205,14.138736906267336,0.0,3,58.2798843862383,31.189235732768395,0,0,0,0
772,1,0,0.9363663988483771,-0.16454500330783436,12.857649276135643,0.0,3,47.415724827887956,39.465293826696026,0,4,0,0
773,1,0,1.2923965755951656,-0.051776402761511686,15.115898758134222,0.0,3,61.394993022586455,41.377991676598995,0,6,1,0
774,1,0,2.0311672104676415,-0.21545165794736598,14.672795394665362,0.0,3,45.29315671715541,41.35627024863983,0,6,1,0
775,1,0,0.6331221354840855,-1.0861252299927528,17.62716652411132,0.0,3,29.418942147397477,28.1314746818042,0,4,1,0
776,0,0,1.554657232587377,-0.9669303616621704,16.133582598863224,0.0,3,34.94265695791425,34.35486577252183,0,4,1,0
777,1,0,3.284049551324413,-0.019902034307401534,15.943164396846663,0.0,3,51.6420544524224,37.09635504851763,0,3,1,0
778,1,0,1.8358806953133382,-0.313904089357039,16.145073270586252,0.0,3,45.47626255394099,40.672468971415,0,4,1,0
779,1,0,1.704430305148757,0.7335956314463936,12.829248456290413,0.3022845129389906,3,60.431342893387495,48.13989207159612,1,6,1,0
780,0,0,2.3312249856891283,-0.337700768976963,14.189261856774488,0.0,3,44.20261055683022,43.22445163278219,0,7,1,0
781,0,1,1.6249739220776775,0.2145460600957926,7.39515729576758,0.0,3,53.257220403597515,62.75240004531826,0,7,0,0
782,0,0,0.603284983848353,-0.07368131224496453,12.341288946761354,0.0,3,49.18339682936166,51.005752152978985,0,5,1,0
783,0,1,0.5460211467546198,0.7359845793378345,9.900482769831546,0.0,3,69.59978947926636,63.244727304234935,0,3,1,0
784,1,0,1.8293173097564792,-1.0442501578168524,18.36998814151428,0.0,3,33.61073389124383,29.809758302328294,0,6,1,0
785,1,0,0.902104946704412,-1.2507121557150631,16.924622523019902,0.0,3,32.074183314962916,36.5479436509438,0,5,1,0
786,0,0,1.8438983572284309,-0.31450343904144673,13.349301699774118,0.0,3,52.06800487122269,42.18292372060635,0,1,0,0
787,1,0,4.404850169468559,-1.4188301783894148,19.582472494806773,0.0,3,28.93564753487706,20.73349837578515,0,3,1,0
788,0,0,0.8673322394718826,1.3133949557957967,10.488180420852235,0.8845738037060098,3,83.40299355705024,64.52554824159819,1,4,1,0
789,1,0,2.7896354826064975,-0.23480663364787627,17.555635875539718,0.0,3,46.29115220941404,33.78691218424742,0,2,1,0
790,1,0,1.1935657219780518,0.32695067209082346,12.334431869208062,0.0,3,54.836819296821425,42.54750637612043,0,3,0,0
791,0,0,2.7448442933666204,0.6844811053284258,13.003021606398063,0.0,3,60.2436342802315,51.2773125059528,0,3,1,0
792,0,1,1.2058582117733252,1.1302726016916058,3.5320762036532707,0.0,3,64.82678305051746,81.15029179355076,0,9,0,1
793,0,1,3.6803158396770366,0.10625385258023311,10.925740977684509,0.0,3,51.40924802253641,62.61454746367797,0,5,1,0
794,1,0,3.637307863989422,1.4515913279412154,10.85628578420842,1.8497489572685166,3,75.18017856267498,61.00281069535087,1,5,1,0
795,0,0,1.283531252805444,-0.1936227682245828,12.166098982716411,0.0,3,48.99209449524015,52.79289231054331,0,8,1,0
796,1,1,1.9888493752078444,-0.13902060261955002,15.11229882559742,0.0,3,48.26034785216095,42.053314559793755,0,4,1,0
797,0,0,0.5958707685636984,0.006798657845099781,10.58182030666943,0.0,3,51.003771693224465,51.19139461211494,0,5,0,0
798,1,0,4.071113282648662,2.493212603674581,10.628570911660802,2.665899756122294,3,94.2309408972987,61.70277003277934,1,2,1,0
799,1,0,3.173234304674283,1.2851410298342096,12.922664232639253,1.440676142598681,3,68.88652562529154,50.529763448689756,1,4,1,0
800,0,0,0.9510829040783632,0.41933929843482876,11.780951599227024,0.0,3,55.985004057978536,53.17909028161707,0,3,0,0
801,1,1,1.326945352207426,0.271594314083292,7.097134537915016,0.0,3,51.00642969778739,61.7818915151552,0,9,0,0
802,0,0,4.333447781066909,-0.6633700293646889,15.505482867063765,0.0,3,41.539675603292665,44.380533404785346,0,5,1,0
803,1,1,5.57023379451936,2.076848385258241,8.21619794451089,4.558658666316664,2,80.57951435991343,72.76976235354857,1,8,1,0
804,1,0,1.4826697568547715,-0.4347278238573092,14.736100629016894,0.0,3,43.33740510867949,38.52582926100072,0,6,1,0
805,0,0,2.084201928040774,0.8010287946824607,10.648827328023328,0.0,3,60.64322556622876,61.12309796448794,0,5,1,0
806,0,0,2.313872011599111,1.0577731551448217,12.28198378138084,0.0,3,72.17976866568704,51.06263759566426,0,1,1,0
807,0,0,1.7914281665195204,-0.5595617856821125,12.72557771656184,0.16144497797069035,3,41.277271677536234,53.2784958641157,1,9,1,0
808,1,0,0.5572863976525978,-1.7411466228886625,18.226260371145493,0.0,3,24.430741518292592,22.37476671652716,0,3,1,0
809,1,0,1.5087223544205237,0.9187271357792488,11.188919858845225,0.15026280300703443,3,63.220515708668486,59.91339210416049,1,9,1,0
810,0,1,0.7771518995978128,-1.0982657604789965,11.52496544665732,0.0,3,33.4068624580636,43.07993175624291,0,2,0,0
811,0,0,1.7771134265030952,0.4849252556427658,15.927169237375367,0.0,3,59.147471891193206,42.43677878142705,0,1,1,0
812,1,1,2.2534459817803922,0.5098310373592946,12.704419072078254,0.6556665162875948,3,61.32619505403061,50.4629033516025,1,2,1,0
813,1,0,1.9870940630025695,2.682632983490446,8.277610784708198,3.3774404109151015,3,90.31566707275366,71.86849694373745,1,6,1,0
814,0,0,1.3735694329986492,0.7657794353616765,10.546255030902602,0.0,3,60.33564522075649,61.3049561231713,0,4,0,0
815,0,0,1.7634263267700736,-0.8656548332588814,14.051560488673829,0.0,3,36.68905472121924,43.9354260421286,0,7,1,0
816,0,0,1.6830076055535066,-1.1329393075831524,17.465561874504548,0.0,3,46.94173219133694,32.332098309506186,0,3,1,0
817,0,0,1.226256078263212,-0.11654186967584006,11.118064949998562,0.0,3,47.40062754587281,47.37324801768157,0,7,0,0
818,0,0,2.6873357416751675,-0.6787849959645907,15.982819053250452,0.0,3,36.89731111357427,36.40447428807567,0,3,1,0
819,0,1,2.0161268443289027,0.4376632618945415,10.743594269087215,0.0,3,56.38099195486844,60.21660804421775,0,4,1,0
820,0,0,1.6282522327656102,-1.580329246748124,16.20093315586369,0.0,3,24.697290036958307,34.66749388703536,0,4,1,0
821,1,1,1.2855467506306846,-0.6814395077698434,12.56044471604606,0.455339630025009,3,100.0,36.501721099866955,1,1,0,0
822,0,0,2.9608854155319477,-1.6476792035482393,18.019535829360414,0.0,3,24.86130878792832,27.43837525326306,0,6,1,0
823,0,1,2.5427937433637364,0.20496323059985894,9.888292478888616,0.0,3,49.92876872186976,66.1497054819699,0,7,1,0
824,0,0,1.5298276628168932,-0.24698051050358738,13.457140836378576,0.0,3,45.64926072407442,52.476816493469116,0,6,1,0
825,1,0,2.9428072142573005,1.4307557493815273,8.463543479482166,0.6922392503155381,3,62.310099707853325,56.442243703917775,1,5,0,0
826,1,0,1.0436491148309388,-0.905011302664263,19.41493852699243,0.0,3,36.14334891678793,26.264585844520106,0,2,1,0
827,0,0,1.8239137586847372,-0.4755990471443764,11.943894531195292,0.0,3,43.09090523431971,54.246524361822225,0,6,1,0
828,0,0,1.200819020217919,-0.039404065622592625,9.655630635201506,0.0,3,49.269976405294294,49.743431313522166,0,6,0,0
829,0,1,1.1869451434172613,1.076895023923461,9.66476231135269,0.7610797546185999,3,69.38551771423187,68.24347700578588,1,5,1,0
830,1,0,1.8532503703249028,-1.3892907805943282,18.328971402417228,0.0,3,28.593221457168216,22.338039344240343,0,7,1,0
831,1,1,1.7382128548376676,0.510530212315716,10.766126194472783,0.0,3,57.21527518307772,51.833440152939055,0,6,0,0
832,1,0,1.0594411258931276,-0.781701479215419,16.171541006484944,0.0,3,37.69145785913547,34.583349935530244,0,5,1,0
833,1,0,1.434966097813187,-1.047311012229743,12.926760971584969,0.0,3,34.944354951805316,31.337987766838836,0,5,0,0
834,0,1,2.677261300215402,-1.7165854268662468,11.486394780037802,0.0,3,32.6037697217918,40.856363544049074,0,5,0,0
835,0,0,1.0484398792447311,0.6730033744792213,8.321536793425583,0.47934419599353867,3,59.674254171106455,56.76529393905081,1,5,0,0
836,1,0,1.6601640873295076,1.97585261829161,11.934240601905708,1.5653358843635798,3,69.04230115910018,55.791499699516294,1,4,1,0
837,1,0,0.8117118110986244,-0.8515630848750979,17.57621185589445,0.0,3,41.60637892429023,26.09331788032863,0,2,1,0
838,0,1,0.6405916097067508,-1.4178522521364711,17.72260887998024,0.0,3,30.47609667114424,43.143774117470265,0,4,1,0
839,0,0,1.3192101693958727,-0.5814121778560564,13.21652630858768,0.0,3,40.53681487069443,45.82943598301813,0,6,1,0
840,1,1,1.7191549773060877,1.3044958608223907,9.861811033610614,0.363224006895144,3,69.61748907845153,57.10538938831697,1,4,0,0
841,1,0,2.4784510804439974,-0.08963185395096801,11.778820258463305,0.0,3,49.4716483404307,39.36820313923725,0,7,0,0
842,0,0,1.4867400970533766,-0.5466306367768347,15.313458866827396,0.0,3,40.356939297175586,43.28535412595256,0,5,1,0
843,0,0,2.90672196180671,0.5684047109179833,12.505609433522027,0.0,3,58.19132634814407,58.29883638730846,0,8,1,0
844,0,1,1.653372153182453,-0.16491738369664477,11.556301619424735,0.0,3,44.99958048814953,57.491271254154114,0,6,1,0
845,0,0,1.9691573945582526,-1.287730300057483,15.896484601415057,0.0,3,31.48918137908084,34.88528349010821,0,4,1,0
846,0,1,2.947092869297698,0.08251683341422678,8.002906111995092,0.0,3,47.61393208118288,63.42332754081928,0,7,0,0
847,0,1,0.7131200440846877,0.48925930017526315,6.760051673819633,0.0,3,59.905736930650264,67.03794993818106,0,5,0,0
848,1,0,0.9004620099547858,1.1696411434517682,14.205037717248807,1.3903094769187205,3,55.672067104176236,50.986365926707535,1,6,1,0
849,0,0,3.6594462266061223,-0.040641331503383185,12.369548891642417,0.0,3,50.691632304825994,53.54307404314882,0,5,1,0
850,0,0,1.2181969795873566,-0.06645740590267112,12.386891368446571,0.0,3,48.29556349677294,53.38073765218343,0,7,1,0
851,1,1,1.9083860417350682,-0.6792600107413796,9.801610979258934,0.0,3,39.410753433977725,49.76840969544277,0,7,0,0
852,0,1,2.2574506104521985,0.7825793268531193,10.06935808822195,0.7132029772825385,3,54.56870353854114,69.88940602846911,1,5,1,0
853,0,0,1.7017350305478287,-0.9133214794342301,15.631226222406783,0.0,3,35.83877094731171,35.20690587171306,0,3,1,0
854,0,0,0.6454747561670486,0.9761422964464087,5.061396845669025,0.10369193234666596,3,51.311443693112,77.70748640607012,1,10,0,1
855,1,1,2.908480135839989,0.16992980192096924,9.524942966777274,0.0,3,51.02900444036388,51.64188669591405,0,11,0,0
856,1,0,1.667704988157183,0.24003201940758667,17.8005497079403,0.0,3,55.357009423601944,32.40004945295298,0,3,1,0
857,0,0,1.8276482047611042,1.0345128764097566,9.56545251271508,1.092568715557237,3,67.63757827010004,67.26104741737839,1,9,1,0
858,0,0,0.5541950245296148,0.7056251710074207,9.908292465147056,0.0,3,62.926764952968945,54.22056772971678,0,6,0,0
859,1,1,1.6413242386889073,-2.388025338875917,15.958108905201618,0.0,3,11.895248891634214,23.754427078035732,0,4,0,0
860,1,0,1.6644909653998687,0.9313950238188206,14.440797306591925,0.6847175251655708,3,63.731111424449985,44.69991137623334,1,3,1,0
861,1,0,1.5112921569701012,0.17585923307625267,14.597160062063422,0.0,3,52.5001715967818,40.89388613604292,0,5,1,0
862,0,0,1.7114410135933387,-0.03793555766461228,13.432089791674711,0.0,3,50.25344387013246,45.33800742211916,0,3,1,0
863,1,0,2.0832826173986483,-1.671353005902736,17.777170902571214,0.0,3,6.1006446155235,24.797621158937652,0,8,1,0
864,1,1,0.8570259662590466,-1.5450851640711107,12.649583519282476,0.0,3,26.364727652562653,44.00727755676779,0,8,0,0
865,1,1,1.5030086269570737,-0.5233379869175504,10.166916460584691,0.0,3,41.622977907497734,47.84776262556879,0,4,0,0
866,1,0,2.246027331653631,-0.5421880268755892,15.346855264882958,0.0,3,42.12439280347837,38.07880086627251,0,6,1,0
867,0,0,1.3089859537850326,-0.7811271332151841,14.908188904063342,0.0,3,38.08658936240138,43.663046945095225,0,3,1,0
868,0,1,2.665484048356622,-1.8260607345734865,11.566871071174521,0.0,3,21.62900690601161,40.8242647810383,0,5,0,0
869,1,1,1.0467189380902644,1.4717278458953358,9.327054901925134,1.0573765397435426,3,76.06830796778716,68.87465466980004,1,9,1,0
870,0,0,1.0355788063030666,-0.25712034046645404,13.63858837502479,0.0,3,43.04647530866587,48.01338555511411,0,8,1,0
871,0,1,2.254816993528749,-0.11394685255403862,9.056953466417127,0.0,3,53.456045700190295,68.33405234686218,0,7,1,0
872,0,1,2.927550902146088,2.3812910518743573,6.008259422931765,2.20793555253089,3,82.48909765092836,82.70900257759688,1,4,1,0
873,1,1,1.5399918967850268,1.117561547915467,10.412163228460784,0.9189438311909705,3,66.02061233100983,63.495898575612685,1,6,1,0
874,1,0,1.3335733226836495,-0.6503445148372587,17.33394772038252,0.0,3,40.06773120793187,30.243351282177287,0,3,1,0
875,0,0,2.094303095030294,-1.8362804003359083,18.128365094017756,0.0,3,23.798260266531422,14.302147040593585,0,1,0,0
876,1,0,1.2323972992554892,1.211146151733734,12.99930511114218,0.3378300181343157,3,70.18855529381521,52.423214068545434,1,4,1,0
877,1,1,1.3073177666353695,-0.7698636842512955,13.467856825272765,0.0,3,38.32489858164047,49.780306577912434,0,6,1,0
878,0,0,2.2405485074890503,0.5000252387395415,12.897775004935117,0.0,3,55.231497836614444,54.534202520976706,0,5,1,0
879,1,0,3.279907762177581,0.8101064507199087,11.991013837572945,0.0,3,62.49305825689362,57.27378107070278,0,8,1,0
880,1,1,1.604995308936564,1.2977957450953057,6.203495735522753,0.6415861183469657,3,71.140445981113,68.93394566162947,1,9,0,0
881,1,0,2.4767034047795597,-1.1368089680614093,15.19114842608467,0.0,3,32.85946223358221,21.28556163924904,0,2,0,0
882,0,0,1.0586768437035192,-0.7307733064187322,11.819006433942745,0.0,3,58.071302595213425,41.48583120184091,0,7,0,0
883,1,0,4.3168213919918506,0.12373301810783408,11.064293523959742,0.0,3,52.13910769675658,44.753909594743135,0,7,0,0
884,0,0,1.8383700019034512,-0.0030339854670599835,13.073916606479129,0.0,3,35.36357857156182,51.009082084021536,0,6,1,0
885,1,0,1.5348557061883001,-0.2483333233962662,15.030716486478278,0.0,3,48.3348312137763,37.94085094434324,0,4,1,0
886,1,0,3.0561345111394655,0.5559543843028697,10.011742818372447,0.6790942688186307,3,56.909295284777684,46.228597253532605,1,7,0,0
887,0,0,2.148063635865065,0.3874882484731466,12.990449403787055,0.0,3,56.36883150286106,51.03800234206592,0,5,1,0
888,0,0,2.574936844788072,-0.4211341846128978,11.610579503253213,0.0,3,64.5089703147487,43.013431244475306,0,4,0,0
889,1,0,1.7466993185154271,-0.7588996873037431,17.210447781973,0.0,3,37.630715959462165,31.712131496398868,0,7,1,0
890,1,1,0.9706470619924588,0.03187396996587877,9.260018348154087,0.0,3,36.35701241701928,54.82944344444291,0,8,0,0
891,0,1,0.6356357468797412,0.056926158255853225,10.824126569146019,0.0,3,50.33915616000676,56.76599390470673,0,2,0,0
892,0,0,3.771263257290953,-1.0515172365179737,10.570589671388767,0.0,3,34.840250280658296,49.7559268711884,0,6,0,0
893,0,0,2.913252757024882,-2.0516196867767675,17.09496081885345,0.0,3,19.767320982774446,32.82702423085402,0,6,1,0
894,0,0,1.0500353615715383,-0.2741245839283282,14.215079991079502,0.0,3,44.97833697441663,46.16712841336049,0,4,1,0
895,0,0,2.0424156453404265,-1.014367777564642,16.45582942004467,0.0,3,34.83918964505638,32.74532713499798,0,8,1,0
896,0,0,1.0106106461161908,0.9780509443115707,8.140894819464796,0.30460611486942374,3,66.53401208492596,60.42392518320587,1,5,0,0
897,1,0,0.8984985459962946,-0.8227758191751523,13.086539594195148,0.0,3,37.8814113191739,40.665417987091764,0,7,0,0
898,1,0,1.4514621806785075,-0.8478445306255382,16.7288119742232,0.0,3,38.200207309654715,30.677353794569992,0,1,1,0
899,1,0,2.3221573318297586,1.4144046761459181,14.833050062618673,0.15103024049496527,3,70.18355579336628,47.0872099949521,1,5,1,0
900,0,0,1.4436039413080477,-0.906615803610437,10.866063889001548,0.0,3,36.4858507695397,42.370724026168624,0,3,0,0
901,1,0,1.63367486786375,0.8393742178471675,12.553355625027889,0.0,3,62.26673125468003,49.61017310909135,0,6,1,0
902,0,1,2.579633396706895,-0.9069901044746849,12.288478253805643,0.0,3,36.47679164922726,53.78894442588873,0,6,1,0
903,1,0,6.574964662876387,0.8099148563134149,7.356042622610453,0.20118901240987644,3,69.66519213118687,63.282769171488916,1,12,0,0
904,1,0,2.163751495061063,-1.2207676757699677,15.5557766991819,0.0,3,33.92058847774195,37.06532857194909,0,9,1,0
905,1,0,2.5092278924923104,-1.181970514264119,17.54636475599228,0.0,3,32.89596732228258,25.622878594455884,0,4,1,0
906,1,1,0.7482243172579042,-0.7249257549553799,12.338357295914768,0.0,3,37.6758979094827,40.69114647399572,0,4,0,0
907,1,0,2.935841676274513,0.8074465214293466,15.18358388166127,0.0,3,57.253552967073,40.09101504793859,0,1,1,0
908,1,0,0.7881709793764815,0.6987653833280533,14.276330518784565,0.23528153823816014,3,61.29455325100422,45.72432692265359,1,5,1,0
909,1,0,0.8936427832027024,0.6715020880549138,14.402070822214748,0.0,3,59.1441018125524,49.153117989714794,0,6,1,0
910,1,1,1.551288762687746,0.6647493638345094,12.181425246590855,0.2550954256742067,3,60.56454097982109,54.54333847993544,1,4,1,0
911,1,0,1.5401828248220153,-0.2232296705185955,17.0440394660946,0.0,3,47.355604825105864,35.10995125193222,0,4,1,0
912,0,1,1.0286097844411906,1.2158608319383064,5.65857934589521,0.0,3,68.64979797037009,74.07696863220771,0,5,0,0
913,0,0,1.908792837881074,-1.6772175844485946,17.7582552311402,0.0,3,24.909822178521498,27.44230833205282,0,2,1,0
914,1,0,2.691090498079543,0.40609786336512416,16.742661155647227,0.0,3,55.9545113745748,33.20784883160806,0,4,1,0
915,0,0,0.9645533279463069,-0.708230724400837,15.23053705282809,0.0,3,36.82164510399533,39.8559857954727,0,1,1,0
916,1,0,1.1018065166398385,0.7983348025696391,12.81839972147404,0.5180469076184389,3,41.73107837710192,53.30717719654987,1,7,1,0
917,1,0,1.237070267137541,0.8300887677893404,12.322358670316177,0.35163062124976524,3,92.59984418843386,58.021929726229246,1,6,1,0
918,1,0,2.9793226789229714,-0.09031390533461504,15.601248631260232,0.0,3,48.93040604628868,35.12598980708432,0,5,1,0
919,1,1,0.8385730656127957,0.2976025253151812,7.471834500933322,0.0,3,51.29359775689,62.970544901865146,0,10,0,0
920,0,0,1.9454376509768476,-0.6203695443625625,11.667282507191315,0.4903738692817432,3,40.74554630912695,54.21290486449493,1,8,1,0
921,1,0,2.310841905067766,-0.1252381169735376,17.598761267031172,0.24427451040193415,3,46.214622824300335,33.93974196457733,1,2,1,0
922,1,0,1.127486425823368,-0.5820616798714603,14.15294833647446,0.0,3,30.651299271241705,29.722529999199292,0,2,0,0
923,1,0,1.0113576155523487,0.3500556313018557,12.746373337889676,0.0,3,56.11126602597378,37.45742643769696,0,3,0,0
924,1,0,0.9884868920503049,-0.43253194246491955,12.516956053087664,0.0,3,42.044001946831685,35.58746917579793,0,5,0,0
925,0,0,2.5176629570977385,-0.5696571357433075,15.459418924287132,0.0,3,43.75866121471001,40.45205786144516,0,3,1,0
926,1,0,3.218640599917365,0.8031920115699192,12.541788842765513,0.07594350927198687,3,59.982337654782064,36.94301774322652,1,0,0,0
927,1,1,1.2138003869177034,0.3693288843046083,13.756447106414452,0.0,3,52.87406247594721,47.98583925559443,0,4,1,0
928,0,1,3.0927622575836287,-0.7852454020555444,12.202628452301397,0.0,3,40.085772843064,53.12970330369458,0,6,1,0
929,0,0,2.289473653320354,-0.6196559637523865,17.153554599940843,0.0,3,41.01199330533809,33.26759031726936,0,3,1,0
930,1,0,1.378460738547556,-0.04273197228003282,11.521667264212766,0.0,3,47.0056538049305,40.90447100119229,0,4,0,0
931,0,0,1.0484279234329081,1.2682044145034796,6.67886841221267,1.3010551579638192,3,67.97472421011109,66.13649602929357,1,4,0,1
932,0,0,2.519913912907812,0.05718267031917828,12.966385568287581,0.0,3,47.00637991162468,51.49191227730222,0,6,1,0
933,0,0,0.7849572264716994,-2.777571280514148,17.74133594148796,0.0,3,9.140022524205298,22.914990420411538,0,6,1,0
934,1,0,1.8287826443491162,-1.3116372300849526,16.853250955404352,0.0,3,31.125614664445,30.464012473091454,0,6,1,0
935,1,1,1.8349634999555917,0.4292493379903787,12.89701120425667,0.06781014961080806,3,54.638694855712075,49.229791645408795,1,5,1,0
936,1,1,1.6076738195825175,-0.576899954519383,10.567850929431438,0.0,3,41.03880161263622,46.410539599992795,0,6,0,0
937,0,0,2.7036258010845295,-0.140861387204655,8.389983048164892,0.547063289109283,3,51.06638053795561,58.977702839535155,1,5,0,0
938,1,0,1.144447967775171,0.982819390074674,14.720389889622126,0.6227259100196909,3,64.07376462539479,44.91927860723165,1,6,1,0
939,1,0,3.4535464395588655,-1.4198858204344524,17.72997556147138,0.0,3,28.625981987818516,27.91909028948349,0,6,1,0
940,0,1,2.4152100457091867,0.40102013586180724,6.577635469583676,0.0,3,55.3967293536243,66.69244981215478,0,6,0,0
941,0,0,0.9887815993960881,0.8568849877407692,7.000179599078646,0.3551333945653635,3,65.64809984898271,64.58655778483597,1,5,0,0
942,1,1,1.7546873901639755,1.2805274889193299,3.321201032952455,1.3730152171565384,3,67.90035708286845,80.65319743313923,1,13,0,1
943,0,0,1.9371585182421565,-0.6737643027711694,14.742975902208475,0.1969165526341663,3,44.02177247729669,40.10072249159556,1,2,1,0
944,0,0,1.074492842976877,2.619222177721818,4.70879182031915,2.008854251846308,3,88.90290127876922,74.09293542963522,1,3,0,1
945,0,0,1.078901455860108,1.6223793600367913,9.271112090578198,1.0668477298364953,3,72.34409619982134,72.6967031514452,1,5,1,0
946,1,0,1.21831360609311,0.7274041842114528,12.010792412275102,0.010802413214891782,3,69.57186936945993,43.183881786408506,1,4,0,0
947,1,0,1.4400899447597724,-0.7779069245717102,16.193681446042874,0.0,3,38.11351523572644,24.281417738580018,0,2,0,0
948,0,0,1.3090159300558766,-1.337008156672698,12.114221252422798,0.0,3,29.22043764010239,40.33790146014013,0,7,0,0
949,1,1,1.8400309479947836,-0.3195116104092647,13.969530536961932,0.0,3,45.56147362015506,49.81417247943441,0,4,1,0
950,1,0,2.507160240554419,0.819246751429051,13.154319995013212,0.1937507749797517,3,84.74246420929124,50.5506728738513,1,4,1,0
951,0,0,1.9468135644660118,0.010384052533088136,13.072537056625798,0.0,3,45.934328399024565,51.861804079878496,0,6,1,0
952,1,1,1.708310421267293,-0.5381415105442686,15.092138973154828,0.0,3,42.43369193384482,47.050179553361566,0,4,1,0
953,0,1,3.8689724111272508,-0.35174544016151843,11.182993702414498,0.0,3,46.90725505351543,46.33810871162695,0,2,0,0
954,0,0,2.8214429117103488,-1.1985765021431698,13.877532676704622,0.0,3,41.85329018631198,45.11169252959333,0,8,1,0
955,0,1,2.161847395479956,-0.8910857722600188,12.510109009188684,0.0,3,35.68927150192905,37.349875086443234,0,2,0,0
956,1,0,0.822803463296025,0.09999240901051516,13.66647848608116,0.0,3,49.3530273661147,45.27191182638398,0,6,1,0
957,0,0,1.2489138153030968,0.15878530930942208,14.13495845204183,0.0,3,57.14987948789271,47.39471255771455,0,4,1,0
958,0,0,1.6898517298131162,-0.5450049642967731,16.271521477193467,0.0,3,38.35878274675646,35.42052788712905,0,1,1,0
959,0,0,3.1724089108751663,-0.08545709519397457,13.499023316054211,0.0,3,49.39696513810664,45.27334139804609,0,2,1,0
960,1,1,1.0620815674367485,2.1212307853871346,11.303694117385932,3.2368359932158555,3,81.25828939299362,61.32644583558432,1,3,1,0
961,1,1,1.2326819273540839,0.700839197216028,9.932293361378619,0.0,3,60.42514861398971,47.66865885037615,0,2,0,0
962,0,1,1.717724679496743,0.1913691150456979,7.945076223855546,0.0,3,52.62593936100594,57.81458840020961,0,2,0,0
963,1,1,0.9819862579794152,-0.37546101355977235,14.114469047171188,0.0,3,45.45778242889826,46.97250448705037,0,5,1,0
964,0,0,3.5076355024224384,0.2116768979817159,9.429048881833303,0.0,3,53.867525026028694,50.658162784681686,0,5,0,0
965,1,0,2.394205457874714,-1.4154432232232805,17.026885368590417,0.0,2,31.133166740268344,30.646883699954046,0,8,1,0
966,0,0,1.2939934250813925,-1.0868031574448653,13.562482275327827,0.0,3,35.20138269283857,33.51613713585009,0,2,0,0
967,1,0,1.920370818015577,-0.528039388296382,13.620594773237887,0.0,3,31.92979190866695,33.908708278248696,0,5,0,0
968,0,0,1.1397353538041815,-1.4240418888570883,19.249981787203172,0.0,3,28.482542556433042,24.03597857557309,0,1,1,0
969,1,0,2.1621706270637753,0.08464590236810048,12.733353934535451,0.0,3,50.489750758790905,36.446244591481545,0,3,0,0
970,0,1,0.492014813406416,-0.32145934046340285,10.999610336256659,0.0,3,43.64118447738025,45.791449403301016,0,5,0,0
971,0,0,0.8904948341349815,0.7470490957202495,8.33033706935423,0.17806966835735433,3,60.72299050283731,63.61297289005892,1,7,0,0
972,1,0,3.4716489742932297,-0.06639026452349335,12.262338820988228,0.0,3,49.57260503994632,51.031880266246574,0,8,1,0
973,1,0,1.48840157307034,-2.187337137549212,20.444513774990405,0.0,3,13.938749797201204,11.77079501646393,0,2,1,0
974,1,0,1.676981495953405,-0.12354280508507631,16.581026173381847,0.004072187289572149,3,44.527664882094065,34.06530367530595,1,1,1,0
975,0,1,1.6494018450298498,-0.13517814764494263,8.772440305962936,0.0,3,46.18288522497737,55.46635018173115,0,4,0,0
976,1,0,1.2567867954689578,-0.9255808653408032,19.723491621401934,0.0,3,35.09200832126731,15.032020597886074,0,4,1,0
977,1,0,1.041663198965062,1.1475927410063502,13.284187976624564,1.6475459903581078,3,67.43870612966776,48.81991209283648,1,4,1,0
978,1,0,1.7321698079010284,1.4716348650639057,13.20063512398679,1.7721055666014618,3,71.77322036340266,52.52352084352492,1,4,1,0
979,1,0,0.7420847866316491,0.7386948303602056,11.467363860141766,0.0,3,61.124800194205655,45.50396401361711,0,4,0,0
980,1,0,2.0245577831679706,0.363373454424458,13.66189001943688,0.533628112425541,3,55.21350240591342,44.2753286747356,1,5,1,0
981,1,0,2.337990865390295,0.29747963276025746,11.411937173468518,0.0,3,58.73988925314822,45.949735438268526,0,6,0,0
982,0,0,0.6914956052243171,1.7530449343907633,9.51741639783383,1.2177507025026684,3,100.0,68.65383024152467,1,6,1,0
983,1,1,1.9676886303707442,-0.2794803234644895,10.383613800157079,0.0,3,53.15539164090649,48.1615145310056,0,3,0,0
984,0,0,3.022832370211281,2.156809651050988,9.574278859219008,1.7556743890295516,3,79.13184809687674,71.58736925795137,1,4,1,0
985,1,1,1.5100391446957147,2.306646355615376,9.069669455016511,2.7238287278436832,3,84.69447859502604,78.47704578199333,1,6,1,0
986,0,1,1.1923945593287388,-0.6024233205656454,8.790538352281494,0.0,3,81.36722626840888,60.46169260091959,0,7,0,0
987,0,1,1.3467133593680978,0.18599066545113943,8.521509982164762,0.0,3,51.62908481909422,57.27899703587047,0,2,0,0
988,0,0,0.758375710979247,-3.3303710234411192,18.205833504707677,0.0,3,0.0,18.546730161971446,0,8,0,0
989,0,0,2.4453474301746594,1.3397870831715304,7.605559988781456,0.9344773597412972,3,72.02606287594796,59.62148927690695,1,6,0,0
990,0,0,2.0455772565403882,-0.8476340167934812,14.975604554915215,0.0,3,36.0764805468638,39.45144187276678,0,4,1,0
991,1,0,0.681981555358581,-1.25979594112487,19.093298939864326,0.0,3,30.004893920319926,25.07913787261421,0,5,1,0
992,0,0,3.7922569545819598,0.7832496328564642,10.087053355463263,0.006026449530096123,3,61.168651592392195,65.94671182085112,1,7,1,0
993,1,1,1.36706276199705,-0.34244113081446254,9.118503397474404,0.0,3,47.64640261707526,53.367052161692285,0,8,0,0
994,1,0,1.6025529866515118,0.653886026565066,13.086574997597433,0.310966430269983,3,60.10429053716918,49.45664584362043,1,8,1,0
995,0,1,1.8144648674605908,0.7683753273298307,8.973158201677357,0.23222126193088816,3,62.61482895953121,69.91522633820355,1,6,1,0
996,0,0,2.3115161568351126,-0.5377659593385501,14.568073427860101,0.0,3,0.0,43.26393623016764,0,7,1,0
997,0,1,4.599725842200184,-0.20374295116371832,12.227534935978497,0.0,3,47.47250849855928,54.70068807062312,0,6,1,0
998,0,0,3.5818043500993144,1.1027889249637028,10.540606028529913,1.0005360511860353,3,66.34892298740931,67.21746773708414,1,10,1,0
999,0,0,1.871714993404358,1.3469567064793095,12.624524867362034,1.418371640665442,3,69.93079706497834,54.60839846056381,1,3,1,0
