candidate_id,G_Gender,S_ImmigStatus,U_wealth,U_prob,H_policy,C_shadow,X_uni,X_code,X_behav,X_ref,X_exp,X_permit,Y_Target
0,0,1,0.4623546633578715,0.006850972365365634,0.36676199452604,0.0,3,50.21862449256534,61.22031012651552,0,3,0,1
1,0,0,2.168105062162221,-0.5494124929460726,-0.09953293820249563,0.0,3,24.288349074430233,54.58969151773436,0,4,0,1
2,0,0,2.1241473024443667,-1.8527377033852799,-0.34032592851047067,0.0,3,20.700277515335,44.111460873058476,0,6,0,1
3,1,0,1.770586619682461,-0.6185955753766632,0.6422404819458638,0.0,3,44.94047388796271,52.03892870270511,0,3,0,1
4,0,1,1.6039061849206013,0.6670245918605623,0.18741623108294295,0.0,3,62.58562023599591,75.65023720267479,0,6,0,1
5,0,1,4.1063649854497015,1.8675238578313744,-0.06332084293245549,0.875435256211564,3,78.49299414495881,93.17167647947868,1,10,0,1
6,1,0,0.6414317025526948,-0.03379431326870276,1.4447587598349463,0.0,3,52.97521913162158,60.89210220484431,0,5,0,1
7,1,0,1.8572351656604724,0.4119487971152264,0.29325973774871805,0.0,3,57.79938080819873,61.68209452681671,0,5,0,1
8,0,0,2.6883721168142887,-0.7529623114297308,0.8496147648615349,0.0,3,39.42931650891801,63.817001905311926,0,8,0,1
9,0,0,1.9093978924730746,2.14144984077111,-0.3659557574892151,0.6861903891836144,3,82.74412744378172,90.33526755461823,1,9,0,1
10,0,0,0.84534555596186,-0.48928157028945163,1.1481241133822164,0.0,3,47.06609642034435,53.846065771855294,0,4,0,1
11,0,0,1.9640920150835546,0.01718226970082197,-0.14150511678748443,0.0,3,49.30727395773174,61.27019187112148,0,5,0,1
12,0,1,4.537134544403262,0.6366796367699975,1.3455139705720056,0.0,3,53.61292013035539,61.62979919074219,0,5,0,1
13,0,1,1.007062807861745,0.309537984298419,-0.02244788979505797,0.0,3,54.17957900721204,61.15892200886986,0,2,0,0
14,0,0,1.8435785126706503,1.3104461647680556,0.7512442238975703,0.0967361889123578,3,69.93520182137698,84.94116122267778,1,10,0,1
15,0,0,1.6500979687426054,-1.038866028823427,1.398563193984851,0.0,3,0.0,49.26915770642174,0,6,0,0
16,1,0,2.1986011709023616,0.11249146362502617,-0.8566994662843758,0.0,3,52.359944560306126,56.18433856088795,0,3,0,1
17,0,0,1.5416655303694973,-0.08213214426225564,-0.4880389058375811,0.0,3,48.77775723239905,54.56682978458452,0,2,0,1
18,0,0,0.289173676271474,1.6008913906290771,0.16855753051285857,0.2696516597521985,3,65.58443786054634,74.11065163105349,1,2,0,1
19,0,1,0.6789436624522672,-1.5960129729592016,0.22777470884863202,0.0,3,26.312434751429148,49.63977298064072,0,8,0,1
20,0,0,1.463317788945389,-0.3915608069105026,0.23881843271842906,0.0,3,46.56246210625446,48.04520863963976,0,2,0,1
21,1,1,1.838978546702872,-0.4321759186335382,0.515679445525615,0.0,3,43.84867677873578,65.70739311838699,0,11,0,1
22,0,0,2.857067707161127,-0.3883841673754024,0.2590894625778047,0.0,3,44.13434282042111,55.41165561050869,0,4,0,1
23,0,0,4.983866219147569,-0.8880220063082855,0.6661200418416894,0.0,3,35.181421652000644,56.74697211085967,0,8,0,1
24,0,0,2.2278531696794945,-1.7558474869405827,0.49221197634846764,0.0,3,23.890413954571393,51.255020892318974,0,9,0,1
25,1,1,0.9375530226944166,0.9697318776680836,-0.23845246244504587,0.0,3,63.47721841317956,68.3726139474917,0,5,0,1
26,1,0,1.2530359918095337,-0.00752528367869875,0.4345503606078638,0.0,3,49.1074863111917,62.75561418194666,0,5,0,1
27,1,1,0.6073880231012877,1.3560458611357067,0.06734926129094479,0.0,3,70.98615873023014,68.20383511104295,0,7,0,1
28,1,1,1.4334697067382056,1.6004697028648531,-0.4371370139706623,0.0,3,75.11995943516581,76.1467828653251,0,6,0,1
29,1,1,0.9791163667729696,-0.7295046961847649,0.024415887441242776,0.0,3,39.64158226418702,50.34336118248925,0,0,0,0
30,0,0,2.2808378097546895,-1.859543806494426,1.0764983392834773,0.0,3,23.12978160413121,49.05368672776601,0,7,0,1
31,0,0,2.46408695078201,-0.20979956083089826,0.6354650204486532,0.0,3,41.54738953759246,60.814575004968155,0,9,0,1
32,0,0,1.7027292181752878,0.41171923351034834,0.5435577756274861,0.0,3,54.58250691466089,72.18942057163835,0,8,0,1
33,0,1,5.255719157908777,2.2136664074635135,-0.14245715957398217,0.5578548176878996,3,81.71889005662777,84.14986804923441,1,6,0,1
34,0,0,1.3929380383706549,1.0124783902224008,-0.2629230873838082,0.0,3,70.16689124271124,70.26595378003546,0,5,0,1
35,0,0,1.790620172399078,0.5734545099310956,-0.4524381474788089,0.0,3,59.21285217482237,59.03581173662731,0,2,0,1
36,1,0,2.017095651137438,-1.28373880309064,0.19320967609336914,0.0,2,29.447491687982055,48.006546707813776,0,4,0,0
37,0,0,1.255410745190838,-0.583257603854132,0.6966453247072009,0.0,3,44.02685376571656,58.12688433738615,0,5,0,1
38,0,0,2.3652449099139563,-1.0235009044467307,-0.7278674190436218,0.0,3,39.39964996818372,58.4446879122173,0,7,0,1
39,1,0,0.9734168403646863,0.34013317463452786,0.3158921885029544,0.0,3,55.386567311446186,58.7001289803993,0,3,0,1
40,0,0,1.3251467806744222,-0.3049506949156519,-0.0871778334791214,0.0,3,46.14629223256746,65.5549303062278,0,9,0,1
41,0,1,1.2112939633686615,0.17737288641046217,0.12382072194875807,0.0,3,51.25808832948233,63.45429247330538,0,7,0,1
42,0,1,3.7770580137018515,0.5275805403963788,0.09844366200685437,0.0,3,57.299065413192835,69.05178688040799,0,4,0,1
43,0,0,0.9350423714468165,-0.5919592012662631,0.7918526186214551,0.0,3,40.60536614666823,54.12700718049946,0,5,0,1
44,1,0,3.264079066885152,1.5283247446993793,0.7538696664286949,0.0,3,68.93193201357694,70.23849963210903,0,1,0,1
45,1,1,1.6445668200631647,-0.7755015588657113,1.4312501867678646,0.0,3,39.122721733347944,53.89021356885144,0,6,0,0
46,1,1,1.6127052666138884,0.3847387149254034,0.37875430096408746,0.0,3,55.842838091597905,61.20663757956456,0,5,0,1
47,1,1,1.6901398151766038,-0.8052975262029287,-0.2872255079908986,0.0,3,39.01578126983204,58.23225059203214,0,5,0,1
48,0,0,2.5944771518508856,0.34634402764257743,0.9343455790640472,0.0,3,53.768783182035875,65.55179083248187,0,5,0,1
49,1,0,0.8470302208923878,0.9081490846452591,0.9057084228508043,0.0,3,63.14773010498252,67.47456300769522,0,5,0,1
50,0,1,2.361149288301414,0.050605604908913096,0.8166529663193659,0.0,3,52.88791095469821,55.81794755590001,0,3,0,1
51,1,0,1.9786687836265289,1.328935999853392,-0.2374001732277472,0.0,3,71.51922459322584,72.00602943467644,0,5,0,1
52,0,0,1.5513363958417359,1.9370969774160967,0.034477131515562844,0.48116551963244425,3,78.60164440351048,80.578826914908,1,5,0,1
53,0,0,3.47248780016361,0.5547686489237689,0.11782373729261073,0.0,3,57.7608198818477,63.52803476864475,0,4,0,1
54,0,0,2.709091946059954,0.092407294736998,0.29227159347080883,0.0,3,51.19255654643442,57.97511834470226,0,5,0,1
55,0,0,1.4600448429331,-0.04131251435037941,-0.22854982660753842,0.0,3,50.37033997546744,60.742526107949395,0,6,0,1
56,0,0,2.5838720765268324,0.4660488796490922,0.3394384290145314,0.0,3,55.1863875231354,57.26839723046669,0,4,0,1
57,0,0,2.286422813390745,1.2065948313109824,0.07674089198751742,0.0,3,71.6356438829081,70.09839905328094,0,5,0,1
58,1,1,1.2641634159940232,-1.3449611182438355,0.26105350441592756,0.0,3,36.71352350171286,50.78592645584098,0,7,0,1
59,0,0,1.1840863158900345,-0.15983010036969655,-0.37778807453719365,0.0,3,47.622385319616335,61.47374107497574,0,4,0,1
60,1,0,1.9560813214020707,-0.0694600866299932,0.24307100840777568,0.0,3,49.17583523028264,61.93453508167225,0,5,0,1
61,1,0,1.40206971678338,0.7975503517919363,2.278631205209113,0.0,3,71.18825288302777,74.74659089268584,0,6,0,1
62,0,0,1.7466089953041262,0.41608602916016135,-0.18661297687773606,0.0,3,56.79961855900969,69.03328922891811,0,5,0,1
63,0,0,2.051290886722096,1.0698489632930885,-0.21349357547591025,0.0,3,64.62000017658052,68.67156463887183,0,5,0,1
64,0,0,0.9673079541546178,1.0384846019032092,0.33430670498561627,0.0,3,61.09771724774076,70.0247284932567,0,4,0,1
65,0,0,1.0726000536532765,-0.07183624908682032,-0.1505666327944187,0.0,3,49.66841734840073,53.307239495524186,0,3,0,1
66,1,1,3.4099582061065297,0.13080492558668766,-0.38917016972433466,0.0,3,51.98859532184993,63.27523744914593,0,6,0,1
67,0,0,1.5137508324494684,0.016732225239755625,-0.6427586413326194,0.0,3,49.29789454770119,58.43655792118434,0,4,0,1
68,1,0,3.333503747301831,1.9061018156940148,-0.3255543791234172,0.9321194652674597,3,77.61710601678345,72.87978742514126,1,3,0,1
69,1,0,0.5328155317534922,0.43172241539403644,0.4176853002562852,0.0,3,55.59523406515413,66.54016827438704,0,4,0,1
70,0,0,0.780191236999259,2.3963361915248753,0.49608922788456056,0.6294797121383464,3,86.58736595958815,87.59071216076988,1,7,0,1
71,0,0,1.5776052642043503,0.5206000224907633,-0.16917011469947119,0.0,3,57.76006533897367,67.88462420272596,0,5,0,1
72,0,1,1.9420127760183399,0.337134617033522,1.1515901152371,0.0,3,57.97190593563961,62.83525470189737,0,5,0,0
73,0,1,0.7657198886628518,0.860393641102317,0.5565768394796582,0.0,3,63.5874872469939,66.76085715625541,0,4,0,1
74,0,1,2.6650133956983333,-0.8414938166997203,0.698685723839504,0.0,3,59.25468275043231,48.796504852436804,0,4,0,1
75,0,0,1.6565382845729775,-0.20879913890340632,-0.28417283026529433,0.0,3,47.993641108096476,52.700580366696,0,5,0,1
76,0,0,0.8460386521749915,0.5230607295866879,-0.16228412582509666,0.0,3,57.93371832556279,66.71814462142241,0,5,0,1
77,0,0,1.478166621049334,0.9817036768177596,0.7036959351862098,0.0,3,64.03409286866992,62.16088181145124,0,2,0,1
78,1,1,1.1095218540043146,0.39735834149057503,2.2349680104884038,0.0,3,55.833963708201665,61.19027777114791,0,3,0,1
79,1,1,1.0073086326155072,-0.3464813213767485,1.6122767116572205,0.0,3,43.74625376419133,50.192985752523036,0,3,0,1
80,1,0,0.8329031732091001,-0.797387498687778,0.34859097114102916,0.0,3,29.853518957726997,49.02882619127439,0,2,0,1
81,1,0,1.7486769106383633,-0.7768552329792959,-0.36892119125956885,0.0,3,38.56150744189327,46.75855322575512,0,3,0,1
82,1,0,1.989088094379544,-0.6483742971595823,0.46283672158935024,0.0,3,37.60612251506272,52.765660459010036,0,4,0,1
83,1,0,1.4191815633520373,1.3553254670720623,-0.13150609895285323,0.0,3,70.14067736735251,77.84715857539305,0,6,0,1
84,1,0,2.549304110826066,-0.44542307900171857,0.7307928016541311,0.0,3,42.317702352207654,64.30653964022471,0,7,0,1
85,0,1,2.765469194672769,1.506852358604883,-0.5159647347720382,0.42104145439833485,3,73.2604852564462,81.175984774975,1,7,0,1
86,0,0,3.903753577522516,0.03835085856747817,1.3074526107239945,0.0,3,50.939452115836424,62.860664105614624,0,6,0,1
87,1,1,2.822958419397921,0.29086000280505836,0.42409569273653386,0.0,3,55.45645833985135,68.44053636022682,0,4,0,1
88,1,0,4.805102916574288,0.06968207975017914,-0.00017485693284963888,0.0,3,57.74120126221932,54.74259790674055,0,2,0,1
89,0,0,3.21834442373372,1.4877122758854522,-0.5028119845302098,0.0,3,72.49164408622619,62.89896030369281,0,0,0,1
90,0,1,2.999404255841102,-0.5332266913744091,0.0358873080388981,0.0,3,51.76855368491664,56.42532618094327,0,6,0,1
91,1,0,2.2811450609269093,0.4780743871739539,0.7586495634729897,0.0,3,59.49338152196042,65.09692250927479,0,5,0,1
92,1,1,1.0765268176744374,2.5398917474973466,-0.3321534290587369,0.615486449052307,3,89.78410745589002,73.00433062300813,1,2,0,1
93,1,0,1.3990805943210336,-0.18754891887055505,0.250654976258707,0.0,3,55.321749000154966,61.53357060428401,0,4,0,1
94,0,0,1.968956350363179,0.09361797362682653,0.41667649759218134,0.0,3,51.6718067172376,64.93307656464216,0,8,0,1
95,1,1,0.6278939769976118,0.780542167788061,0.1998443465207619,0.0,3,60.3474153162283,73.60298349376826,0,8,0,1
96,0,0,1.4999147240615365,0.17598264024208154,0.3215505533872916,0.0,3,52.310017709916224,63.918644691476665,0,4,0,0
97,1,0,1.591584496597525,-0.7651813230704192,0.9107656405012717,0.0,3,38.2386522692791,43.147098667233365,0,2,0,1
98,0,1,0.5096276319161723,0.8625304449117692,0.38544853446446165,0.0,3,100.0,50.7902491012373,0,1,0,1
99,0,0,2.2273768046804245,-0.4501017709678275,-0.05487269615205028,0.0,3,43.00271077940416,59.54762777401677,0,8,0,1
100,1,0,1.1450911474507566,-1.7097003186829756,0.7303721618911374,0.0,3,24.515253125640076,47.924979819498695,0,6,0,0
101,0,1,1.4021938617975198,-0.7827340753605961,-0.3746745977009476,0.0,3,37.11339657017878,53.27867278042241,0,5,0,1
102,0,0,2.0973447743697924,-0.8747902372539403,-0.011031373771491089,0.0,3,37.7999326928872,63.37817402944494,0,11,0,1
103,1,0,1.1634338208562223,-1.1631007884319289,-0.6557085893152675,0.0,3,19.12601953670608,48.255582981540094,0,3,0,1
104,0,0,0.9406160166450127,-1.7812192308920873,0.946773965914135,0.0,3,25.40222800620089,41.17869683548305,0,5,0,1
105,0,0,3.151768458094712,0.00329312526665896,2.0087078091281296,0.0,3,51.17965084790165,65.4389859678352,0,8,0,0
106,0,0,1.38295943770543,1.9540848817215823,1.738861918827392,0.440696338874096,3,81.24697927677693,78.3931105176718,1,4,0,1
107,1,0,1.5981136848838,-0.41039840440102604,1.2572144695117795,0.0,3,43.42750465326495,58.658005716941425,0,7,0,1
108,0,0,0.9736108142996829,-0.48744547835926977,-0.4612945459119304,0.0,3,43.32638424182552,54.533050798897925,0,5,0,1
109,0,0,1.007596811862873,0.9511734850341517,-0.14876484425730274,0.0,3,1.1705888772438442,73.07766984230705,0,7,0,1
110,0,0,3.4482010079986742,0.685135446069728,0.21222026937655938,0.0,3,60.41199392455554,70.73417147844204,0,6,0,1
111,0,1,1.481804209420669,-0.28702753767120615,-0.331318959182681,0.0,3,45.66436088575358,63.141065914144114,0,7,0,1
112,0,0,0.8001657441337522,-0.6417186418682709,0.39936249251935735,0.0,3,40.3551015805082,52.829295066039286,0,4,0,1
113,0,0,1.119149077311405,0.8435906081090668,0.8352218387341535,0.0,3,61.744160166572726,68.59549854839301,0,4,0,1
114,1,0,1.9814827819858467,-2.514563134545438,0.14997621309497036,0.0,3,53.86024144372545,39.45717468396419,0,7,0,1
115,1,0,1.8006479584376787,1.2673696915440156,0.4923642027859937,0.0,3,60.65978717751367,76.36255365075847,0,5,0,1
116,0,0,1.2231549829121307,0.5153376361308472,-0.07155185854403871,0.0,3,53.79336926158998,65.26514180894878,0,6,0,1
117,0,1,1.1851497783016391,-1.379612440221991,0.8660147865678817,0.0,2,33.93452787447561,49.65713055513145,0,6,0,0
118,0,0,1.4334247577028532,0.4950679671361408,0.22071904090873576,0.0,3,57.137452317906124,60.43933717371908,0,6,0,1
119,0,0,1.3896799228506598,-1.2334498666854667,-0.30180446322658905,0.0,3,31.63975476735536,41.99106782810089,0,5,0,1
120,0,0,0.5723656083125596,1.8135291512922687,0.9001172154982318,0.0,3,77.81095376928725,72.41767655599998,0,5,0,1
121,0,1,1.282036200635575,0.431670387678433,-0.11600333601676245,0.0,3,58.43337151207496,72.31456280641525,0,8,0,1
122,1,1,2.133531533795325,-0.1596505261675191,0.39209228837735643,0.0,3,46.57781000827776,63.279653391361904,0,5,0,1
123,0,1,1.400492053498958,0.3151947572578169,0.7646950725198977,0.0,3,53.6757688098019,65.7175707519769,0,5,0,1
124,1,0,3.069815820212497,-0.35340752375646356,-0.11803394325343194,0.0,3,45.97562153253378,58.87603615002851,0,8,0,1
125,0,0,1.6134754497956996,-0.17690531430932166,0.4232596775716463,0.0,3,45.62483759692337,52.48765494896375,0,2,0,1
126,0,0,0.5928746232762774,0.4955724723939174,-0.2662219579368683,0.0,3,56.07384541579647,64.84397620219613,0,6,0,1
127,0,1,2.482353716077267,-0.4472757299369823,0.21378941047362082,0.0,3,42.702590469135764,66.13138388701006,0,10,0,1
128,0,1,3.6661098146633404,0.6683773639278269,0.37218340805764544,0.0,3,59.92569948055901,73.92356137035402,0,8,0,1
129,1,0,0.7945195763519959,0.9364774506444419,0.08513729821054696,0.0,3,64.39444950745666,73.33276914357066,0,7,0,1
130,1,1,2.882284353756654,-0.7948792545821949,-0.4686301966084279,0.0,2,47.7533357202074,55.61563216140663,0,5,0,1
131,0,0,2.54085945555217,0.4111739394545145,-0.445328242026368,0.0,3,52.705981264457144,65.5655992996655,0,6,0,1
132,1,1,2.9518950095532834,0.9585324726183818,0.2179462510848875,0.0,3,68.47174631468513,60.19482884615029,0,1,0,1
133,1,1,1.2510631998014343,0.13012768857135681,0.37960338962232504,0.0,3,50.57921696589339,63.085671665551246,0,6,0,1
134,0,0,1.5368517740646337,-0.13341808454754264,-0.2694556021075211,0.0,3,46.9292084763717,54.8226461558002,0,4,0,1
135,0,0,1.6844879242393587,-1.0144418740283423,-0.15150389318492388,0.0,3,34.21012609366733,46.86878031949695,0,4,0,0
136,1,0,0.7075444201044242,-0.6053512622337545,0.10517983064205409,0.0,3,39.61449964239979,62.41683641083008,0,9,0,1
137,0,0,2.402888743591338,0.7242288128312333,-0.22649540288790213,0.0,3,60.84189553380342,63.86176367494204,0,6,0,1
138,1,0,2.438087611949649,-1.3479388311217466,3.0349246737548543,0.0,3,25.641182382570257,50.00547019744512,0,7,0,0
139,1,0,1.0095837171729851,0.7240382414961158,-0.22066255062214796,0.0,3,61.33024834648233,62.08348268463806,0,2,0,0
140,0,1,2.6564764430503867,0.5097717474787914,-0.1909740424477712,0.0,3,57.271408609989614,62.22407003280284,0,5,0,1
141,0,1,0.8745176721705404,-1.0302488917337986,0.9414407425363424,0.0,3,100.0,55.28919210312483,0,7,0,1
142,1,0,2.658513591971063,0.28565965535348387,-0.1741302516954724,0.0,3,54.19907451860919,67.71789392279142,0,6,0,1
143,1,0,3.913001515364729,-0.7476487778032402,0.23418994832333004,0.0,3,46.20528551703494,59.630255233871694,0,6,0,1
144,0,0,1.3397476377585118,0.2174318269317756,0.5218279632098987,0.0,3,52.986042349683515,58.31913867807643,0,4,0,1
145,1,0,1.1579684756648223,-1.3956244933630495,0.8782123747356897,0.0,3,28.869608278640502,43.0844547210037,0,3,0,1
146,0,0,1.0481430021658857,-2.1405084567987145,-0.2365035860066521,0.0,3,14.798355641909845,38.87777084856705,0,6,0,1
147,1,0,1.315645640310015,-0.9370656838399158,0.0801033408654697,0.0,3,36.233848249088624,47.87516855003482,0,5,0,1
148,1,0,2.5378068938381513,-0.07291019867571877,-0.20862283674846102,0.0,3,48.54081368894578,51.187368186449575,0,4,0,1
149,0,1,0.7335788107545618,-0.7200079918618036,1.2718720938323194,0.0,3,32.94090800830619,51.39065138116595,0,4,0,1
150,1,0,0.6903571362692511,-0.3665475683741508,2.082564065032188,0.0,3,44.991032844410036,59.27000907985522,0,6,0,1
151,1,0,3.426735182774494,0.11028407869752446,0.9882427077856171,0.0,3,38.93015605044739,53.96202928769425,0,2,0,1
152,0,1,0.3861312216408603,0.29414657030956426,-0.26211530035547576,0.0,3,54.05735794192754,62.992461340225525,0,6,0,1
153,0,0,2.147447738227698,0.2247671339704799,2.249113349089687,0.0,3,55.58404162363456,68.23281509099304,0,6,0,1
154,0,1,1.458378171655488,0.6124051898543496,0.495220508540411,0.0,3,57.795429586827915,77.25895186756264,0,8,0,1
155,1,0,0.836974312421744,1.4664840000363866,1.1445475873204574,0.0,3,70.39698129250235,75.73571356999544,0,7,0,1
156,0,0,1.526488925657026,-0.760917614582324,-0.6039413958478803,0.0,3,38.75175903502381,56.841369716108986,0,6,0,1
157,1,0,1.7089083809074392,1.090502026654466,-0.22639771452968704,0.0,3,67.97111222011864,74.62782365972406,0,5,0,1
158,1,0,1.5559348038624923,0.9150592638454961,0.9091372552034999,0.0,3,63.06591597816465,75.46065532769498,0,9,0,1
159,1,0,0.9166489712784593,0.21059021937216274,-0.07534327395078759,0.0,3,46.478646592505164,70.6466157141896,0,11,0,1
160,0,1,0.6828065426680919,-0.01705319435512935,-0.2992062663153524,0.0,3,48.73151267967785,58.12615027364842,0,4,0,1
161,1,0,2.2184289709995633,-1.6757790199541345,0.982056549206581,0.0,3,23.293889907035684,33.25888430455769,0,5,0,1
162,1,1,1.2026197818619788,-1.1403284893413244,0.6632728834382351,0.0,3,30.36978660999283,52.15972629335201,0,3,0,1
163,1,0,1.5789306601232842,-0.3158240094203357,-0.6184087070693605,0.0,3,45.05203898494065,55.74221914099835,0,5,0,0
164,1,0,2.829020650857087,-1.0637313537253097,-0.4043517638274725,0.0,3,35.06925019974353,56.92638076095962,0,7,0,1
165,0,1,1.145284974939201,0.011759361149011044,0.2572697008311377,0.0,3,50.92723988900393,62.783414660392644,0,6,0,1
166,1,0,1.542870615276031,-1.4230788374708636,-0.8597292432670772,0.0,3,27.826241121183553,40.947505511509426,0,2,0,1
167,0,0,1.2780409439301175,-0.6605408425905905,-0.04607517034050183,0.0,3,40.194630096656596,55.9520004232531,0,5,0,1
168,1,0,2.0455048820956607,0.8285764047009309,1.4762413698686259,0.0,3,62.643923279901635,75.17437792365986,0,9,0,0
169,0,0,1.1218228876016112,1.077567474297814,-0.2692951830978001,0.0,3,67.39749597899173,72.22075078624226,0,4,0,1
170,0,0,1.1625670357636404,-0.2795351024481797,0.5600223138592345,0.0,3,46.83463015739714,53.998290982283976,0,4,0,1
171,0,0,1.9212252889051806,1.3050545966494453,1.5306527164582728,0.0,3,74.11478521139821,73.65003259091455,0,6,0,1
172,0,1,3.109384065392858,-0.6789869480508233,-0.4147015793870179,0.0,3,41.51269104680749,52.823322126786344,0,3,0,1
173,1,0,2.322421252168213,-1.0554939788456956,-0.2828836909570251,0.0,3,33.49283367939473,48.99943769246475,0,6,0,1
174,1,0,1.2219408217951528,-0.91644198391267,1.9744674732943286,0.0,3,37.08739033284993,42.77090529711517,0,2,0,1
175,1,0,2.8052326360397406,0.09126869031614779,-0.4295553391889745,0.0,3,46.38793367063311,63.61095058298811,0,5,0,1
176,1,0,0.8716778996191866,-1.1757318779081676,0.33328735827204514,0.0,3,32.800001825376754,54.57859730145624,0,4,0,1
177,0,1,0.8274435376309505,0.74553152659658,-0.7851352109237422,0.0,3,59.38730971479176,70.96583463437288,0,7,0,1
178,0,0,1.9324226000424771,-0.24184962650594782,-0.8500309827205074,0.0,2,54.41660023733168,64.12204035435121,0,7,0,1
179,1,1,3.00167118332134,0.5225159844713327,-0.4115271080985931,0.0,3,56.43733738897861,66.39996345542457,0,6,0,1
180,1,1,2.3855000683618455,0.3134109990383191,-0.21198399901591936,0.0,3,55.75673077140758,72.81414747685116,0,7,0,1
181,0,0,0.4403185635628863,1.6538799722158173,0.31379595666079385,0.20070342541184444,3,76.37481312926944,80.52853649512502,1,5,0,1
182,0,1,0.9017552408197241,1.0272867443326954,-0.2785847689783054,0.0,3,64.00319716702606,72.83144568121278,0,5,0,1
183,0,0,1.342452414418078,0.20334715056660288,-0.31852533408119055,0.0,3,55.11573939575522,75.72664842810308,0,8,0,1
184,1,0,3.425440014884388,1.8419653954698778,0.6325721965873111,0.0,3,75.05991177022071,71.23132367113537,0,3,0,1
185,1,0,2.0001742045982778,-1.0004185555269898,0.1564075728133439,0.0,3,25.0399441498527,43.616076750485625,0,5,0,1
186,0,1,0.8917651442883251,-0.44809950462857573,0.22931774107613662,0.0,3,45.1379546665735,51.752165097623134,0,4,0,1
187,1,0,1.0938048016053847,-0.49514732325810457,0.27068629279380346,0.0,3,41.36391789401965,62.08518059536296,0,9,0,1
188,0,0,1.9477982819097657,0.8197451167784243,0.40580477371941365,0.0,3,61.19319921104972,73.03211341556384,0,7,0,1
189,0,0,3.4518472974730154,1.2846805849449452,0.5648778116766487,0.0,3,66.91656459036102,74.49744372759534,0,3,0,1
190,1,0,1.8570008520522472,-0.7034645493552667,-0.12396816867908934,0.0,3,40.242183900878636,47.18420101834856,0,6,0,1
191,1,0,1.5933552293986177,1.1600043945878993,0.1499229926985949,0.0,3,66.07374489186567,71.60661572859144,0,5,0,1
192,0,0,2.44203988479441,-0.6240504998694986,0.4549853419874165,0.0,3,41.404409654284315,43.08443529365296,0,0,0,0
193,1,0,0.6925150194641474,-0.5620366295629471,1.0753425838392419,0.0,3,61.19740677605505,55.559892923736996,0,5,0,0
194,1,0,1.108808993152458,1.9506600360403699,-0.06586630172808601,0.1400343556898906,3,79.35718731371547,82.10784866518613,1,5,0,1
195,1,0,1.5890042252038903,0.18644920462882075,2.829795105725479,0.0,3,51.13533259972223,60.66793709184079,0,2,0,1
196,1,0,1.6195106446852885,0.6947174829243895,-0.14320821887609642,0.0,3,60.535095072362225,65.43405359349748,0,7,0,1
197,0,1,3.267810202275663,-0.3639199099569482,0.5007115102996313,0.0,3,47.324665732764615,62.16414406489158,0,2,0,1
198,1,0,1.4944764066373701,0.9507476197468093,-0.43918801101095223,0.0,3,71.87933839697641,71.71683828270976,0,6,0,1
199,1,0,2.775173510235419,0.21979371560470634,0.5567894517135019,0.0,3,49.90828833249687,63.69065781390726,0,4,0,1
200,0,0,1.8939764939427066,-0.06613030781300211,-0.1729916697393054,0.0,3,50.16796576881943,62.45262116359016,0,6,0,1
201,0,1,2.3761293961582575,-0.6332187395980271,-0.6762926209830962,0.0,3,41.09358118986806,46.9638118421374,0,5,0,1
202,1,0,3.4647757102962324,-0.4629568273023241,0.22737264684606415,0.0,3,43.17887788822408,70.5630618535981,0,10,0,1
203,0,1,1.6534038639549418,-0.17428085113381406,1.1428849518908228,0.0,3,45.976112697422536,55.23665172733302,0,2,0,1
204,1,1,1.0491300489829458,-0.07526372873011232,1.3610221587838336,0.0,3,46.900351891188684,58.1028864751848,0,4,0,1
205,1,0,1.0290256770668136,1.8117620435174304,-0.6596662692856313,0.3522812203644243,3,86.69983450556862,75.03213891525228,1,3,0,1
206,1,1,1.0855944305327299,-0.6193458201263907,0.26141065871087027,0.0,3,41.161021430472196,42.5893938971644,0,1,0,1
207,0,0,1.9103292846438258,0.4695577261906403,-0.9628368598803055,0.0,3,57.49795637791088,59.185853520451566,0,2,0,1
208,0,0,1.5210633746454092,-1.2991677624185636,0.6771556953356802,0.0,3,28.934296606310944,38.28344312957392,0,1,0,1
209,1,0,1.3575852554855077,-0.7863185826058937,0.7294112441521956,0.0,3,38.1122460177731,52.56298793960553,0,5,0,0
210,0,0,1.2600259492084391,1.1743555264155796,-0.33384665030063937,0.0,3,67.98551270943685,71.3451355321957,0,5,0,1
211,0,1,3.134027420151299,-1.669356156096222,1.5150569439158876,0.0,2,25.805371497557548,35.724125899825125,0,3,0,1
212,1,0,1.996617823933823,-0.05228828997498675,2.003758588522195,0.0,3,46.95981403058416,56.20328154167566,0,1,0,1
213,1,1,3.1008374609631595,-1.5721052190255485,2.24465595239086,0.0,3,26.536824990202213,39.30949681970725,0,2,0,0
214,1,0,1.8787855577452968,2.7475758677849353,0.6653443804980975,1.8735706654001443,3,91.3099412307528,93.75955718522795,1,8,0,1
215,0,0,0.8497394486208715,0.39484397967685486,-0.21577272928546115,0.0,3,57.15737196025635,62.36132994449314,0,5,0,1
216,0,0,2.5131934542940586,0.18598256409681851,1.4166240614402605,0.0,3,52.786218621132804,72.86247687893044,0,10,0,1
217,1,0,2.067861736059394,-1.0937603614057807,0.7555403575373688,0.0,3,30.063581214185895,45.98142214842279,0,4,0,1
218,0,0,4.9612460057219,0.47451275639505996,-0.042901662966397885,0.0,3,59.038624616442114,64.15864516247134,0,5,0,1
219,0,0,1.4900107304320693,-0.15768779579694678,0.08776844761653292,0.0,3,48.33457737134939,59.18035966097755,0,6,0,1
220,1,0,3.9402582347247925,-0.7584014439189098,0.38019991740424436,0.0,3,36.079446289375866,49.51413901500306,0,4,0,0
221,0,0,1.7392561952006762,0.3174418374885834,-0.4689873090884677,0.0,3,57.39893343711892,59.89632885711925,0,4,0,1
222,0,0,2.4569773546197236,0.35053913918248586,-0.6696757070090644,0.0,3,57.912229111766386,71.46718791826794,0,10,0,1
223,0,0,1.1599972932164508,0.3915187268641936,-0.33019195182941435,0.0,3,54.885058304110416,55.75755417691948,0,2,0,1
224,0,0,1.183341731124552,0.13471627927100513,-0.8361672619812701,0.0,3,51.61791479421139,69.71784989012565,0,6,0,1
225,1,1,1.3600149498533929,-1.099193325036633,-0.20366482213198,0.0,3,33.5078210367242,44.74267562599081,0,3,0,1
226,1,0,2.343082130819719,-1.1404200582855266,-0.25867967595314145,0.0,3,33.964801372591914,47.90253306246224,0,5,0,0
227,1,0,1.5759879505573209,1.563272437571315,0.2599373730441083,0.1900514821090556,3,75.03178761652812,73.43562413093305,1,5,0,1
228,0,0,0.7738712716794341,-1.2254077778196,1.0567766566986967,0.0,3,44.87852307643631,47.91366471500706,0,7,0,1
229,0,0,1.0111109700442644,0.2811051779791913,-0.07205317930793984,0.0,3,54.30657766475875,63.006831112452616,0,4,0,1
230,0,0,1.0854807991708417,1.213808047040078,-0.10877243931355796,0.0,3,69.50325454588044,68.74249916529766,0,4,0,1
231,1,1,2.77570009382877,0.994295967834009,1.0342082719464027,0.0,3,67.0269289923206,54.63071637919872,0,5,0,1
232,0,0,1.2174202900283693,0.8016658217673545,0.42526387842215524,0.0,3,61.785450241979085,66.87205552510889,0,6,0,1
233,1,0,1.5207239147279765,0.7939184750927696,0.6655086888610792,0.0,3,60.79680810791435,67.85652317647171,0,5,0,1
234,1,0,2.1010790684266634,-0.11141040175226583,1.1276467954746343,0.0,3,49.036697107709045,59.757517089194685,0,5,0,0
235,0,0,2.8836185607309965,0.07024716209715749,0.16558206039266907,0.0,3,54.641869142261065,65.65771212950469,0,7,0,1
236,0,0,1.5153764970598056,-0.5309899890695523,0.4511705903634409,0.0,3,44.99618010246189,58.09454302027858,0,4,0,1
237,1,0,0.7696010104790805,-0.4434758839787885,-0.16809572200198003,0.0,3,43.562041660600826,66.99592771867589,0,9,0,1
238,1,0,2.741123922761857,-0.7780681940371875,0.13495030699444419,0.0,3,40.14247957937999,48.0974361000209,0,4,0,1
239,1,0,2.782007353043068,-0.6982891081576552,-0.2505114789381694,0.0,3,40.311975773707694,61.11728961961316,0,5,0,1
240,0,0,2.0325230838362507,0.5704107952935471,-0.23795267716504584,0.0,3,59.46244227799121,65.79011814498323,0,6,0,1
241,0,0,1.3447238305300135,1.082580324498672,0.3950428618883342,0.0,3,66.21269612525559,62.66799468957673,0,4,0,1
242,0,1,1.7947303506623886,0.12300131308002323,-0.06439277089488667,0.0,3,51.77793688299456,62.271702398523374,0,5,0,1
243,0,0,1.00139024779755,0.013099195711462511,-0.013709381999977076,0.0,3,52.4977882033093,69.65242710556973,0,6,0,1
244,1,0,2.695623251919185,0.8942385739842265,0.07919719391040089,0.0,3,66.71315308757266,56.985093641901564,0,3,0,1
245,0,0,1.4799764533534803,0.5486927253627599,1.4070662713474402,0.0,3,55.29204510324359,61.09238026632467,0,3,0,1
246,0,0,0.7397222233390223,-0.03151298539070921,0.11950066503057148,0.0,3,51.089586828962325,69.54592132656926,0,8,0,1
247,0,1,1.981061936175842,-0.4132370183979508,0.45992849703788724,0.0,3,42.55804573977419,50.21258707609483,0,3,0,1
248,0,0,1.533795530045873,-0.7442689424708128,0.39894861229092987,0.0,3,45.45439965101998,56.318093326286906,0,6,0,1
249,0,0,1.0420957221306995,-0.3631858351873861,1.5788185623627995,0.0,3,43.11144297275875,57.59428130324569,0,7,0,1
250,1,0,1.9637175821921382,0.23403181921981678,0.009570040145369304,0.0,3,53.883797162345886,59.159252439654544,0,4,0,1
251,0,0,1.1086935388679142,-2.2548140952080686,0.13649983396370918,0.0,3,28.54860657892301,40.40941953019433,0,2,0,0
252,0,0,1.6979623077675934,0.7614386518775766,-0.3651895653971651,0.0,3,64.88224049116528,64.05785486432059,0,4,0,1
253,1,0,0.7253777021558951,0.35333119465490176,-0.6530781023144293,0.0,3,55.45299527155664,73.32846968299246,0,8,0,1
254,1,0,1.509102543440002,1.1785384563640384,0.31284939535690903,0.0,3,64.15799888446529,65.97023601068014,0,3,0,1
255,1,0,1.7397578205934017,-0.29373693083342023,0.8413300518935649,0.0,3,45.66319263113277,50.847275697630494,0,5,0,0
256,0,1,2.4568537846242386,-0.3592575931900564,0.4493073266173189,0.0,3,42.86499775738655,52.292881057598485,0,4,0,1
257,1,0,0.7540971234133103,1.8934043845302004,-0.14414578543487935,0.823916044440214,3,79.7499778412812,80.31805625157371,1,4,0,1
258,1,1,0.9619153915766157,1.0971205339351668,0.26715598680968583,0.0,3,67.1962360359334,74.78161441321602,0,7,0,1
259,1,0,3.121822348811416,-0.3527096927002928,1.7107839575864598,0.0,3,44.74399620584976,55.73535790256034,0,5,0,1
260,0,1,4.019153742889849,-0.0070722129330350915,-0.27208941169012607,0.0,3,52.620241528988714,58.81862528737776,0,5,0,1
261,1,0,0.646884834116174,1.1220040953718333,0.01369864520261316,0.0,3,68.8321476645915,71.8482480531172,0,7,0,1
262,0,0,0.7949705797801201,0.949473630436075,-0.06434563784047186,0.0,3,62.94999175608438,72.88044208078604,0,7,0,1
263,1,0,1.6522831298898752,0.5111398283496978,-0.47855200724003816,0.0,3,57.447705160326244,70.12870551646454,0,6,0,1
264,1,1,2.8377718052786425,-0.7177708394778701,-0.38033567238449895,0.0,3,37.97111912424789,55.213493453072225,0,6,0,1
265,0,0,0.9159358120647615,-0.22467055368403283,-0.39373782941184843,0.0,3,47.8245248809933,63.92414263789315,0,8,0,1
266,1,1,1.8706653645519857,-1.1131699437451008,0.6471639534393722,0.0,3,31.17059782774443,43.83749727574835,0,3,0,1
267,0,0,2.012343230781666,-0.9302435876821813,-0.39706078387232774,0.0,3,39.92606210222527,43.1292073559931,0,2,0,1
268,0,0,2.4446827980633037,-1.8633469698826473,0.017575512271272232,0.0,3,22.32657749413335,50.34428917181181,0,7,0,1
269,1,0,5.4903210209904305,-0.7412642778913533,0.299065886495666,0.0,2,38.34320511319807,42.18318756798642,0,3,0,1
270,1,0,2.6908739684706173,-0.9342928665843924,-0.012633513803905996,0.0,3,34.9653441379112,62.22346809814357,0,7,0,1
271,0,0,2.109197701992881,-0.47776700916236026,-0.11328361008097078,0.0,3,43.20778905855601,61.696746555043184,0,8,0,1
272,1,0,0.6916636335781944,0.4523234802764042,-0.37001042653627086,0.0,3,55.981331952895104,70.58029536288079,0,8,0,1
273,1,0,2.4773805351481504,1.1029041229567156,2.052338698227849,0.0,3,67.87033354052323,72.74161296210573,0,5,0,1
274,0,0,1.1444813830285447,0.3697997780406793,1.1286042995942296,0.0,3,54.254395369139175,65.4298595439256,0,5,0,1
275,1,0,1.7566547229160283,0.8959898991573287,-0.688041848284341,0.0,3,64.74675447932059,71.5931667925697,0,7,0,1
276,0,1,1.9692968677927694,-0.3285716223998007,0.2568965104928028,0.0,3,36.89873912652534,52.153100899022725,0,3,0,1
277,0,0,1.9018829837683413,-0.23118428466433938,1.1144909996097714,0.0,3,46.869897884172914,65.59523517922922,0,6,0,0
278,1,0,0.9455788294834785,0.6769934090607858,-0.3366650809549294,0.0,3,61.4878906957879,71.94343299917676,0,7,0,1
279,1,1,2.0799136381043155,1.552548195777109,-0.3931089286746754,0.16492270919862806,3,76.01733390052625,69.41668443465291,1,2,0,1
280,1,0,0.8781185694316416,-0.8882377945445148,-0.22337077883789452,0.0,3,35.29035688965023,45.02901948475944,0,3,0,1
281,1,1,2.3919172771470105,0.43370138659216556,0.523406024720792,0.0,3,57.80020006894117,66.73804716621895,0,6,0,0
282,1,0,2.674887990739826,-0.9199947115615249,-0.5567150764022846,0.0,3,35.88235849741677,50.753404737862375,0,7,0,1
283,0,0,2.1724726183535554,0.5476634423687962,0.598931062409304,0.0,3,58.179589105263844,60.706614818566585,0,4,0,1
284,1,0,1.716166618076422,-1.208020966543646,-0.0938495858328055,0.0,3,36.339785943110115,48.80715856274897,0,5,0,1
285,1,0,1.0054423997319648,1.9000181171478072,0.6233138416220829,0.41119450576769523,3,79.19090412300847,69.51106683901337,1,3,0,1
286,1,0,1.0953115411093144,1.8307816698410135,-0.5227744212040745,0.24717536076734142,3,79.41588469828912,72.95946203684339,1,4,0,1
287,1,0,1.1139374926057826,-0.31843188214405693,-0.3213971272387543,0.0,3,43.16942154612402,56.819844932787625,0,5,0,1
288,1,0,5.984384749352684,-1.565156672915346,-0.0020028521428854663,0.0,3,26.064502531451378,44.12549225457417,0,4,0,1
289,1,0,2.5168546449043703,0.09366023913830962,0.1368010100672662,0.0,3,49.64814565261709,64.77017384032183,0,7,0,1
290,1,1,1.8954412929038784,-0.09755807410070413,0.32589591741560575,0.0,3,48.903948190743506,58.454651857677504,0,5,0,1
291,1,1,2.5255315059472525,-0.76931910961153,0.7701186004077807,0.0,3,37.22569589328345,57.467545167016446,0,7,0,1
292,0,1,2.7141057095096097,-0.6793665328727745,-0.5464205988214549,0.0,3,39.62794924244374,51.40777683927012,0,5,0,1
293,1,0,0.8243654531544231,0.41712567336082873,0.3918558015657246,0.0,3,56.18175661070087,63.579214825190874,0,4,0,1
294,1,0,0.9889674388667559,0.8327461261327318,1.274451328337066,0.0,3,69.74721716760033,75.56372529376617,0,7,0,1
295,1,1,1.5342257576710752,0.5544648599903907,0.9092462465677278,0.0,3,55.897028809878215,71.86401491303235,0,7,0,1
296,0,0,2.024016808450606,0.9734939987420685,-0.10170498736568247,0.0,3,67.83116742580769,78.7484252341888,0,9,0,1
297,1,0,2.208695262282553,-1.074001571411042,0.5651855214381966,0.0,3,34.75810552650287,56.05719376883788,0,5,0,1
298,1,1,2.5570539869050255,1.8993448744012138,0.44103386642416526,0.0,3,81.0588741874903,84.49481391546979,0,6,0,0
299,0,0,1.5676581760569013,-0.513661804705274,0.5030467269635526,0.0,3,57.30100764627932,58.173342593003106,0,5,0,1
300,0,0,1.313143081345499,0.8178075823019726,-0.6475060222216594,0.0,3,64.91648035675324,66.81906182562679,0,4,0,1
301,0,1,1.2689883343840542,-0.32740670321050847,-0.27664767976529864,0.0,3,45.6691577220584,65.50097846567009,0,8,0,1
302,1,0,2.646687623583987,-0.8813151823519871,-0.06501306145008606,0.0,3,73.13128719023484,50.67765682881025,0,4,0,0
303,0,0,2.3321888137863276,-0.8136603296454353,0.32614664173997354,0.0,3,39.36664202952106,45.956587253811044,0,2,0,1
304,1,0,1.746438323301489,0.5674763107329519,0.07559403193886717,0.0,3,56.343709045406,64.01859043626489,0,3,0,1
305,0,0,2.452297721576933,1.359469347522887,0.9736934020674873,0.0,3,69.8463157879008,76.93622290448117,0,7,0,1
306,0,0,1.9675645439878109,-1.5537178486281775,1.8360899899504766,0.0,3,33.667102757463816,48.62139427039158,0,6,0,1
307,1,1,1.4523762050432736,-0.3084522022857118,0.8539306794523351,0.0,3,46.574396326924514,50.38082261352027,0,2,0,1
308,0,0,2.489851594379952,1.1258252584880934,0.7581648919764583,0.0,3,64.77934724847634,73.28518263720021,0,3,0,1
309,0,0,1.0623490183865527,-0.6795111058147599,0.24443385273061996,0.0,3,21.805082381543063,54.92393283378956,0,5,0,1
310,0,1,2.772845712758284,-0.36849960555305145,-0.3864952548606978,0.0,3,43.599065390718806,65.66408091039891,0,8,0,1
311,1,0,1.025598154550819,-0.11555840691969735,-0.11427434961152472,0.0,3,46.68166446092887,54.97004603697326,0,3,0,1
312,0,1,0.6151456282793402,0.49054713510933157,0.3189756952294392,0.0,3,57.602890731220874,53.72470757078608,0,5,0,1
313,0,1,2.1175584963497998,-1.2097351166915484,0.1136562126247848,0.0,3,30.118775207032474,48.60714234429468,0,5,0,1
314,1,0,1.047043859331351,-0.1097389333910456,-0.17343003126519407,0.0,3,47.55973440173527,49.528785344481115,0,4,0,1
315,0,1,1.8162204628193819,-0.232669785527546,0.7999711194127123,0.0,3,43.695636856902766,61.5866387543422,0,7,0,1
316,0,1,2.7162046090939143,1.1525048420123734,0.3119973070882448,0.0,3,67.73620846086285,73.36817578653283,0,6,0,1
317,0,1,1.8203115254278852,-1.8277488464941736,0.3050447301662362,0.0,3,23.28199539406422,43.66930579366239,0,7,0,1
318,1,0,1.480223417299833,0.11616982337613947,-0.3031654714322726,0.0,3,52.67108630415116,66.68948953998293,0,7,0,1
319,1,0,2.4952128647541745,0.5854808353903341,-0.3054402226302444,0.0,3,60.50378384130177,65.15210524034231,0,6,0,1
320,0,0,0.8209481407111172,-2.0453122852182966,0.5447101062413862,0.0,3,16.802744235701102,43.55162394018997,0,6,0,1
321,0,0,4.698921311190774,0.06887706719571603,0.7469339360296557,0.0,3,52.35001671694737,52.91507427092222,0,3,0,0
322,0,1,1.9875563192871781,0.7410889809638064,-0.05356742313224434,0.0,3,59.525973699143925,67.72734200253647,0,5,0,1
323,1,0,1.110583110828285,-0.8727902816260676,-0.3084168039459848,0.0,3,32.94320983384918,56.890361965408275,0,6,0,1
324,0,1,3.758645312521288,-0.2798291419350609,-0.10943038573963741,0.0,3,45.89406010163828,53.19661376517638,0,3,0,1
325,1,0,1.649865888770879,0.3597933110657802,-0.03605297728295987,0.0,3,56.834508650810236,66.07853067684212,0,5,0,1
326,1,0,2.2350400548129987,1.9354753076085864,-0.04337181431710304,0.0,3,80.69740682970053,84.44144554549726,0,5,0,1
327,1,0,3.0141972276627014,0.7984459956477532,0.727699914379464,0.0,3,62.05766931035167,69.8246132141885,0,7,0,1
328,0,1,0.9381897827658148,0.2573050279914723,-0.3467519364877606,0.0,3,53.76997866780267,55.15819006450539,0,2,0,1
329,0,1,1.961752509184182,-0.3925429742601819,-0.059404952522522474,0.0,3,45.1011764588225,60.01403600639225,0,7,0,1
330,0,0,0.9141133310200543,0.09303046721760178,0.5094124730229124,0.0,3,51.80174311950476,62.809351670975346,0,8,0,1
331,0,0,1.6722964120001385,0.1321896215292853,0.31966409825074843,0.0,3,51.30177092569122,60.59550226512664,0,5,0,1
332,0,0,1.256202160977427,2.005940768206939,0.0005108091784331088,0.0,3,79.77380849929163,75.55161156913707,0,3,0,1
333,0,0,1.033589621125505,0.17840053002695663,1.0591045926164953,0.0,3,37.099815475887,54.98613766767049,0,5,0,1
334,0,0,1.0684429414448906,-1.0151163169117772,0.2777457268442062,0.0,3,34.68722473295035,56.502082176493715,0,8,0,1
335,1,0,3.941132610304202,1.1912434281317756,0.01729240926565026,0.0,3,68.01049927482102,79.63299589456065,0,9,0,1
336,0,1,1.5149651723568314,-1.0844368812963159,0.3323026063615447,0.0,3,32.46958524616374,43.10011697614118,0,3,0,1
337,1,0,5.03520773301882,-0.39845696142183684,1.0270156006473659,0.0,3,36.57943272591472,59.234421606125565,0,6,0,1
338,1,0,1.655133003432961,0.8785233693138556,0.10881752781433432,0.0,3,58.66588170489379,70.23767164129653,0,4,0,1
339,1,1,1.707379187967981,-0.29615845585650225,-0.061479192726410704,0.0,3,44.41401138072494,52.46527705855865,0,4,0,1
340,1,0,1.5112821850866163,0.6282717583288326,0.8737897254307211,0.0,3,57.15599860289534,64.85524209038523,0,7,0,1
341,0,1,6.3149427007929555,0.46393755831365424,-0.1099006406448785,0.0,3,56.00651932029734,67.98605570662997,0,6,0,1
342,1,0,2.489688814857537,0.437936118710668,0.17524566369195765,0.0,3,56.36543633034217,62.42828604423143,0,2,0,1
343,1,0,2.5069826790318346,-1.6584272477225648,0.20515751656491057,0.0,3,24.454695798060367,27.143786894311813,0,0,0,1
344,1,0,0.5382045837459976,-0.7918151227058422,-0.22987755399060508,0.0,3,41.053784616325366,46.682739349787695,0,3,0,1
345,1,1,0.9738886208360236,0.36323321109160306,-0.7850835789504274,0.0,3,49.085537250873045,58.90020754720077,0,3,0,1
346,0,0,1.1572319163820366,-0.42267627572364896,-0.28552000835465396,0.0,3,39.24561580553457,63.5840518183168,0,5,0,1
347,0,1,2.7162349197818005,0.13667486063837928,-0.14012243773943076,0.0,3,52.95453908923549,62.052978839066085,0,3,0,1
348,0,0,0.9421245798918042,-0.7528370914800177,1.1465205945875867,0.0,3,38.97327664974355,46.75939946030681,0,2,0,1
349,0,1,1.8805667994700337,-1.8443336812365403,0.5098583828321319,0.0,3,24.622925757113197,37.004084920556686,0,4,0,1
350,1,0,1.2124066228143195,-0.6445813015425546,-0.14332495972047526,0.0,3,40.78539166813133,57.472958805216976,0,3,0,1
351,0,1,2.757518284210986,-0.08073471960305363,-0.3706241378871094,0.0,3,48.12441954527072,53.89647678517539,0,2,0,1
352,0,1,2.5553419257576953,-1.0935420012206238,0.16569216159155964,0.0,3,33.8375850157076,42.43808845686487,0,4,0,1
353,0,1,1.0845431645921375,-0.4875880925725922,0.7532421260572759,0.0,3,44.11977008775368,61.56050431242615,0,3,0,0
354,0,1,1.6110515357477366,0.047200133685755506,0.5853550604492734,0.0,3,51.0108264233942,46.31967381781498,0,3,0,1
355,1,0,2.8353477628035693,0.3049190810008818,1.1042654266573142,0.0,3,58.59520418593289,57.127122265974485,0,6,0,0
356,1,1,1.9453318962843498,0.4709086298313845,-0.18282972174619203,0.0,3,60.049632084049584,63.20310078141439,0,7,0,1
357,1,0,1.2669739624231766,-0.3609317216561082,-0.19894679871631743,0.0,3,45.997790112187445,49.26391139424867,0,2,0,1
358,1,1,0.9695316986123093,0.4300934770275652,-0.11544469218082697,0.0,3,56.04514483009353,69.44995950290232,0,8,0,1
359,0,0,0.7632099504761256,0.1470288805006108,-0.4497452917866205,0.0,3,52.00343412754382,58.79857572752735,0,4,0,1
360,0,0,2.258248767478068,0.9488696610647197,1.2506117394449972,0.0,3,64.1660257617067,70.31706083100681,0,3,0,1
361,1,0,1.9256330338678418,-0.11575241140839658,-0.005437322147031062,0.0,2,47.65889568227848,65.72117871671728,0,9,0,1
362,1,0,3.1958332487403887,-0.19112664423985093,1.64336078822245,0.0,3,46.63531894160093,64.2858102354393,0,5,0,1
363,1,0,1.570228350630736,0.6069591048284884,1.1839542446317943,0.0,3,59.893201363216804,67.25285127518197,0,6,0,1
364,1,0,2.3351231886110106,1.446919398672344,-0.295066601738842,0.0,3,68.0759876452793,68.16717666659277,0,2,0,1
365,0,0,1.8337555364433755,-0.08584027594537987,0.5561700874506604,0.0,3,47.62705899106307,66.70740298675227,0,7,0,1
366,1,0,2.944824549547105,-0.6197723135124438,0.023674467800955046,0.0,3,40.97530554838538,53.10233414668521,0,5,0,1
367,1,0,3.3266485304309406,-1.4402997198017968,-0.34060539815154733,0.0,3,28.339174130683798,52.72052181273585,0,4,0,1
368,1,0,1.7554301685788969,3.1115453320842623,0.1582103719362732,3.206022248875346,3,97.53808209546439,100.0,1,9,0,1
369,1,0,1.4023260684668677,1.2043927288128873,0.057785889749181266,0.0,3,68.76522655170633,70.2814050458646,0,5,0,1
370,1,0,2.113015543312861,-0.10601362340938346,0.6736657782634333,0.0,3,48.47968539414028,59.41638097513559,0,5,0,1
371,1,1,1.290913149380454,-0.6009041012624466,-0.2273529256295614,0.0,3,41.58144100510794,74.90727921585601,0,12,0,1
372,0,1,1.7509703914619037,-1.3077593761795636,0.2801492593706329,0.0,3,30.808167047210944,55.547462095067274,0,6,0,1
373,1,0,1.4732115384121929,1.4758164631689543,-0.5729395550154202,0.0,3,70.43532186640584,66.78532594233329,0,3,0,1
374,0,1,2.566822619604554,-0.9896254812719669,1.147507048310319,0.0,3,35.74216729495228,44.65885738534045,0,4,0,1
375,1,1,2.6707013545628246,0.6288140745920054,0.4259303824861125,0.0,3,59.9038469184386,66.31591981122338,0,6,0,1
376,1,1,1.5499717929777332,1.1568792418221008,-0.5985070938359032,0.0,3,65.17988695341222,67.7700713542221,0,4,0,1
377,0,0,0.9909944023966702,-0.10396417092218856,0.14262411367531744,0.0,3,48.40403130714025,60.44470296118664,0,7,0,1
378,1,1,1.1114183027557145,-0.29955954218490527,0.021916468501340977,0.0,3,45.826560810514216,54.06467291297946,0,4,0,1
379,1,1,2.9907480758714016,-0.24708354646337763,-0.3588503308553219,0.0,3,59.784372621473985,53.48839728450376,0,3,0,1
380,1,1,2.1413715786943466,-1.2666424854698783,1.171108970485197,0.0,3,30.583792065965717,54.74198841676179,0,7,0,1
381,0,0,1.295988927615831,-0.04028974698914181,-0.2775220508067313,0.0,2,47.159092364555974,58.169051316427094,0,6,0,1
382,1,1,4.730556450522956,-0.9601642937506815,0.06550177540737144,0.0,3,36.83527001421489,63.43533222051678,0,6,0,1
383,0,0,9.632570025395127,-1.0110290279374414,-0.02786643046417382,0.0,2,36.027276307444964,45.34596799341009,0,3,0,1
384,1,0,0.8690855022937788,-1.181538437749391,0.4192200514106465,0.0,3,30.56026561601432,45.471116808561455,0,4,0,1
385,1,0,2.4659899802298617,1.792698257479532,0.1984710811956788,0.0,3,76.92043600813896,82.04376338729682,0,6,0,1
386,0,1,2.8874234945864226,1.5763427103446064,-0.14119788154223092,0.0,3,75.75136529780063,68.49846356790897,0,3,0,1
387,0,0,1.4885340897621457,-0.7247174108801154,-0.42246549304660547,0.0,3,38.87420865932315,52.272383887179046,0,7,0,1
388,1,0,2.7075643576733834,-1.0734206729529165,0.07281955056350532,0.0,3,29.806996492857923,46.21381029103273,0,4,0,1
389,1,1,1.0270345357197188,0.2725512542750302,0.22999194869428907,0.0,3,54.658424701645856,72.28530932468355,0,8,0,1
390,0,0,2.426424745477058,-1.0503797618185067,-0.5963992759781797,0.0,3,41.488875900521066,57.51452321639057,0,7,0,1
391,0,0,1.8727441986494584,0.6707768692775391,0.8744728038168568,0.0,3,60.43459940907623,74.90487627213409,0,8,0,1
392,1,0,1.7796020045725862,-0.16113671843986307,0.7935076098932237,0.0,3,47.06477118660487,56.039674439148264,0,4,0,1
393,0,1,0.6167431534329052,1.0070155695101504,0.2772942043970096,0.0,3,67.79042799029794,77.99493907158394,0,9,0,1
394,1,0,3.008146045324217,-0.9282332694488671,1.0821534289688366,0.0,3,35.389075761347634,53.2167723065341,0,4,0,0
395,1,1,2.2494481175444254,0.10758961212863398,0.14312033044201405,0.0,3,54.232130150945096,59.822071941851675,0,6,0,1
396,0,0,2.4689246665411893,0.631621175709834,0.593704635319631,0.0,3,70.37330939479693,72.48755314536264,0,7,0,1
397,1,0,1.9907500394008983,0.8668791481651313,-0.5119629192989571,0.0,3,57.67994434153502,79.95263238437636,0,10,0,1
398,0,1,0.8479493297435194,-1.003158572014962,-0.3071813884873598,0.0,3,35.12429240859162,46.24951730404652,0,3,0,1
399,0,0,1.9389644313181118,-0.7505412433144435,-0.16071910356331917,0.0,3,36.886173250153966,47.60995617033097,0,3,0,1
400,0,0,2.2447535100756264,-2.3189713000964036,0.6851817013695345,0.0,3,16.072185714250022,45.52802963894532,0,7,0,1
401,1,0,1.5674026200012623,-1.156678561211144,0.7802912087283712,0.0,3,33.25934316444229,38.37686028058084,0,1,0,0
402,1,1,1.1036200810219658,-2.9984825229394323,-0.5884457246964646,0.0,3,5.031975107706647,31.989496973459083,0,7,0,0
403,1,0,1.7657550285819137,-1.6382224585147247,-0.22902666828968837,0.0,3,26.053588519272573,37.951902504819394,0,4,0,1
404,0,0,1.4386041771118092,-0.5301542412639122,0.020641743500446213,0.0,3,41.94853914776114,43.88608249927609,0,2,0,1
405,1,1,5.280900942716897,0.666664634020067,1.1523329448388424,0.0,3,59.63134855819704,45.41599684775511,0,2,0,1
406,0,0,2.9108884553563827,-0.03909818722070925,-0.36463921380645964,0.0,3,50.767257810782006,64.6244591211406,0,6,0,1
407,1,0,2.188984866600944,-1.3271462834712007,-0.39756879857203004,0.0,3,29.75092091044124,47.290153881322944,0,5,0,1
408,1,1,1.2978354314690976,0.7716664194070769,1.2767451348174783,0.0,3,63.26356859425116,75.77631861206488,0,9,0,1
409,1,0,1.8791562488288056,-0.44652728364905386,0.26170610543940775,0.0,3,43.36474860857549,51.83032188428509,0,4,0,1
410,0,1,0.8330423172644186,-0.1876849354656155,-0.352993464782441,0.0,3,46.14943443501794,54.64004197223054,0,5,0,1
411,0,1,0.7147036755771378,-0.4720288796128636,0.521273767213402,0.0,3,44.3964605340346,62.77688075531278,0,9,0,1
412,0,1,0.7196849134280863,0.8753833806212156,0.020063420868572174,0.0,3,63.75387782599168,58.97340999399412,0,2,0,1
413,1,0,6.027614898322209,-1.1262568318569417,0.6875116871660406,0.0,3,33.4330790032624,51.486752550569555,0,5,0,1
414,1,0,2.1751896116232428,-0.7911594432873214,-0.5883151837592852,0.0,3,40.20857951510672,52.731067666035685,0,5,0,1
415,1,0,2.2580520498633896,1.158269239375618,0.2076714801160391,0.0,3,68.03312023446475,80.56803727103232,0,7,0,1
416,1,0,1.1499856723999822,-1.0133110322561047,-0.3181813017167554,0.0,3,32.75389830251333,56.86791960484876,0,5,0,0
417,0,0,0.9033637631430534,-0.3628670505559675,1.2778307927073538,0.0,3,44.36004113215716,57.59445995292829,0,6,0,1
418,0,0,1.5545750320283058,2.2326452678274475,0.741536744936671,0.5374254554152791,3,77.52343790513642,66.76629585287944,1,1,0,1
419,1,0,1.7905185913771022,-0.5760741727290993,0.20475054831953907,0.0,3,41.911365934090604,53.04933166808251,0,5,0,1
420,0,1,1.2821006738580534,-0.22986693279575562,-0.6261975680299073,0.0,3,46.41738008715672,56.249613589956226,0,3,0,1
421,0,0,1.8534522730084741,-0.2381234683068565,0.48181482891596505,0.0,3,45.82353839104158,55.92635016756788,0,6,0,1
422,1,0,1.1858198709277725,-0.7320707066089466,1.4034370859021585,0.0,3,39.79021363697609,48.07374228183817,0,4,0,0
423,0,0,4.866268962448261,0.16597816638812185,-0.8167568978675267,0.0,3,51.67951815323323,64.73300219394565,0,8,0,1
424,0,0,1.7613105454618847,-0.0436668419247616,-0.169173584810172,0.0,3,47.70923819983702,58.00218139401743,0,4,0,1
425,1,0,1.906028000972523,2.1336698589943377,1.0535557904480226,0.0,3,81.02375616057064,84.57601104671531,0,5,0,1
426,1,1,2.137263319243477,0.8800904184464985,0.761017919781295,0.0,3,54.3181942620831,60.632376313173026,0,3,0,1
427,1,1,2.8815653390545415,-0.4626553898093351,0.710908974188865,0.0,3,42.812675889554356,57.86149419752228,0,6,0,1
428,0,0,0.591162602519663,0.6651498795511385,-0.14549336711435457,0.0,3,61.02023204712495,68.6462365549182,0,6,0,1
429,1,1,1.0536713933700037,-0.3808815556490748,0.3495770584543495,0.0,3,43.914719278727816,58.68305311835416,0,5,0,1
430,0,0,1.7969831690597322,0.6484524644943808,-0.4406103722502649,0.0,3,61.04380362679287,58.946873262716906,0,3,0,1
431,1,1,6.988646014523337,-1.4542760609028869,-0.10096836769999877,0.0,2,28.291248562399208,57.38434031191426,0,9,0,1
432,0,0,2.871993051847815,-0.17217051654660923,0.25385206731886034,0.0,3,46.27832127187465,53.96745201686022,0,5,0,1
433,0,0,1.5907379505554957,-0.457858033491482,0.20908617937810048,0.0,3,40.12050118333448,54.92288369941582,0,4,0,1
434,0,1,2.182978233571602,0.3571399356591211,-0.26373864500084965,0.0,3,57.529010520936964,58.71327623215821,0,5,0,1
435,1,0,0.8693470125257062,0.7986838797470752,0.3625574703260892,0.0,3,62.78827338924606,70.08113749370214,0,7,0,1
436,0,1,1.2488558145364832,-0.694639253235538,0.11640135554162954,0.0,3,41.82325631325325,52.78955592192415,0,8,0,1
437,0,1,0.935948326312668,0.20070433635947083,0.6222663582063189,0.0,3,52.75148365235788,58.65209972771851,0,4,0,0
438,0,0,1.839182985019931,-0.9979006702853793,0.2148464440419185,0.0,3,35.160396734765314,44.65431076677444,0,2,0,1
439,0,1,3.9528103838309745,-1.6638580100000313,-0.27127336451313067,0.0,3,24.899846222483095,47.553183044170765,0,8,0,1
440,0,1,2.4013771976435168,-2.1138362448681054,0.37346581643869087,0.0,3,19.93163885384825,44.482836101012936,0,8,0,1
441,0,0,1.7262973808044761,0.29428849024493875,-0.20907623613668821,0.0,3,53.47054324430472,71.18266849817633,0,5,0,1
442,0,0,1.6615813091262697,-0.7417747935057029,-0.15497656901816123,0.0,3,39.42525614767365,51.54044053033243,0,4,0,1
443,1,0,1.236457892777624,0.4614812530758846,-0.11892008416085126,0.0,3,56.56311661320187,60.71717259103621,0,4,0,1
444,1,1,1.1811388647161147,-0.16581326518795153,0.38087992963492784,0.0,3,42.99986240940324,66.43933043854258,0,6,0,1
445,1,0,1.2954615085488215,-0.2607229937746295,0.054525615726092554,0.0,3,49.95812436939206,53.66705322028304,0,3,0,1
446,1,0,2.036493292709351,-0.207127700639072,-0.6010730746848536,0.0,3,48.472300139695605,59.21718907672281,0,4,0,1
447,0,0,0.7625591178771659,0.7141768306307884,0.11191160386528319,0.0,3,49.58003141663312,67.20032039155657,0,5,0,1
448,1,0,4.9987961511800405,0.6252290203204688,-0.09734658661908065,0.0,3,60.42160419400336,66.77087827746138,0,5,0,1
449,0,0,0.9143377818718004,1.3690341576121443,0.3003217603770113,0.0,3,72.30809537084954,72.05999801907281,0,4,0,1
450,1,0,0.7237539442637331,-0.22803643533943677,0.5094040148899592,0.0,3,43.96639294455751,54.82389508692164,0,5,0,1
451,1,1,1.8474522442827916,-0.9539752333413145,0.429656177628202,0.0,3,32.6533504026064,50.63234200817121,0,5,0,1
452,1,0,1.781618898123981,-0.4734192460939531,1.8419996511441035,0.0,3,37.29006979064487,48.1655765632747,0,2,0,1
453,1,0,1.18818849824243,0.59279217350053,1.426841007986926,0.0,3,59.02939225347745,66.43996231643548,0,5,0,0
454,0,0,2.294295173734343,0.8269916293316419,0.8354656475553425,0.0,3,61.46003272081201,64.84941791865073,0,4,0,1
455,1,0,0.8640812734652835,-0.4478542811204578,0.1742232044170415,0.0,3,43.81701102768451,58.0373162174138,0,6,0,1
456,0,0,1.7058147185354704,0.8212545971255487,-0.1487906361170331,0.0,3,62.22472247535855,73.52060583285548,0,7,0,1
457,1,1,2.609150498255711,-1.8886101543308702,-0.44726856253268094,0.0,3,20.93093130245561,39.857579111197495,0,5,0,1
458,1,0,1.349006217148414,1.1242349128930853,2.470344645618018,0.3667029296529942,3,66.889653627682,71.3726294465623,1,5,0,1
459,0,1,3.173424617428613,-0.011730377026696258,0.2277912029103817,0.0,3,51.39462301015793,55.2202784279675,0,3,0,1
460,1,0,2.123933752925532,-0.30502498332090716,0.35399157643863016,0.0,3,45.254339105222144,64.64261228315085,0,9,0,1
461,0,0,3.3923474876103064,0.30438944710154403,0.9183699323112579,0.0,3,53.91531236881326,65.64386553345254,0,2,0,1
462,1,0,1.2026482985584528,0.16299362466602846,-0.6030220215693746,0.0,3,53.91592357161206,55.580467559794926,0,6,0,1
463,0,1,0.8929530804300452,0.667285332831745,0.23982856815518877,0.0,3,60.66183489864706,67.56496330426558,0,5,0,1
464,0,1,1.2253510185435361,1.8031284997180126,0.22741202485587458,0.0,3,76.81572015270231,76.66105658932972,0,5,0,1
465,0,1,1.2580439787078403,-1.3982246670690368,-0.2539711515001016,0.0,3,30.81149366643846,50.775558421472866,0,5,0,1
466,0,0,3.2894478827388216,0.13026844299904708,-0.7276225084260508,0.0,3,49.21773303251891,55.4421029108836,0,4,0,1
467,0,0,2.8850355725490013,-0.16405710294248568,-0.3067446020113379,0.0,3,28.797631936992417,47.52095051300001,0,1,0,1
468,0,1,3.963756805902434,0.751796413679197,0.861171552773168,0.0,3,61.277149304496035,59.95987808624325,0,3,0,1
469,1,0,1.2052585779363072,-1.3296023311196974,-0.4015739639941607,0.0,3,29.99145570136703,40.520048705948604,0,3,0,1
470,1,0,2.5026530378091847,0.8771646279336573,-0.0261387411262816,0.0,3,62.71281541053953,66.8336720864255,0,4,0,1
471,1,0,1.5040131542914774,0.363745326439879,0.31028625686890404,0.0,3,54.93509190664529,60.84821958542199,0,4,0,1
472,1,1,1.7334632012877167,0.631311938961783,0.47206199784206176,0.0,3,61.606762042730885,62.47371293169223,0,3,0,1
473,1,0,1.2652875953741844,-0.7749093427078251,0.5738062489368912,0.0,3,35.8547529917142,63.41730928510289,0,11,0,1
474,1,0,1.7668325855199913,-1.7966666645719058,-0.6756316628647288,0.0,3,22.7422043052362,37.26684949952384,0,3,0,1
475,1,1,1.2353024869516307,-0.9452547907678096,0.6475164802521539,0.0,3,35.089101205855854,43.2446750413605,0,2,0,1
476,1,0,2.3964015929576603,-1.835651864174348,-0.4194565442828223,0.0,3,21.93752122396186,35.95362355428781,0,1,0,1
477,0,0,1.884868647993924,0.5769849465681076,0.21200064943926464,0.0,3,60.680589644371295,55.624590905561114,0,3,0,1
478,0,1,1.507895378390213,1.175475310204375,0.14851004638197288,0.0,3,67.47816627120737,65.73761651446586,0,4,0,1
479,1,0,6.407139491519917,-1.0872879693516315,-0.5563436692714627,0.0,2,32.68017744770222,42.78926750146669,0,8,0,1
480,0,1,0.9141893107589955,1.9663554542515438,0.8438243125986956,0.5167402287964298,3,76.66034368379006,82.29013871587263,1,8,0,1
481,1,0,1.8618406961228555,-1.8468325872949711,1.2294748539407065,0.0,3,22.750570899580936,37.92718720029404,0,3,0,0
482,1,0,0.5920768845729566,-1.864486603222049,1.1657804887822152,0.0,3,22.9327034917054,36.46469878506681,0,3,0,0
483,0,0,2.9590322018622803,0.26190959737149094,0.511819346991876,0.0,3,52.00186151532051,65.77013762634695,0,7,0,1
484,0,0,1.0473802359345266,-0.601093315635849,-0.09775540044729722,0.0,3,39.62437306801876,57.129913881687486,0,7,0,1
485,1,0,1.0669999797574685,-0.19737628665155005,-0.04517557635538922,0.0,3,47.92408522151205,55.24674229993376,0,3,0,1
486,0,1,2.090972900107239,-0.6509026481998613,-0.31103727094785216,0.0,3,44.367780351664166,47.877542637245725,0,4,0,1
487,1,0,0.8532211341291309,-1.186063797839098,1.6065229743135543,0.0,3,33.94414899954819,60.33374908966627,0,8,0,0
488,0,0,1.1327660280063512,1.6530455053741189,-0.44189643618625013,0.0,3,74.52652601492694,77.1380314740692,0,5,0,1
489,1,0,1.0428365592612732,-0.2546104891391188,0.8829207843595865,0.0,3,48.91647794405105,61.09849828082204,0,8,0,1
490,0,0,2.8308156216075933,0.9439965050360342,0.2412435521326449,0.0,3,69.39343679903257,61.26227005547498,0,1,0,1
491,1,1,2.7317887690774327,-0.46193623469408096,-0.0016747404066115054,0.0,3,42.26810296859426,52.72725403151949,0,3,0,1
492,0,0,1.2477014889828266,-0.15544672122664596,0.11286025568241878,0.0,3,47.024080504765664,59.147418357976406,0,5,0,1
493,0,0,0.9402983727918082,-0.14050382154744204,-0.4288254142172263,0.0,3,48.18933917883766,69.45761397611267,0,5,0,1
494,1,1,2.2314863794892377,-1.0061541121304827,0.9589679153250706,0.0,3,33.734174812997296,48.42905116445665,0,4,0,1
495,0,0,1.6870400069571603,-1.004373569175466,0.7002007317355083,0.0,3,37.24088607034494,49.49211868675213,0,5,0,0
496,1,1,0.8201778427472601,-0.08176660163490782,0.29312012050986985,0.0,3,49.256981747696535,59.286139962061895,0,5,0,1
497,1,1,1.0538188426248942,0.3253571656879974,0.37172165837230775,0.0,3,55.614607406618106,53.001302535908515,0,2,0,1
498,0,0,0.7460568986900094,-0.42996923963375283,-0.4579638192853829,0.0,3,53.34653520217922,61.2963757394589,0,6,0,1
499,0,0,1.6444396908941568,2.1915701857820955,0.83955712315928,0.47868636084739974,3,81.79811401163961,85.99467326397632,1,8,0,1
500,1,1,1.2211694152677601,-1.9013846268818135,0.3641959631670266,0.0,3,15.466936178506938,42.49854115267975,0,5,0,0
501,0,1,1.0805441682977028,0.5688201079070861,0.8426555645470621,0.0,3,57.425618278883114,69.79905487676666,0,7,0,1
502,1,1,1.8858569789262245,0.04553860143201995,-0.31500813136810724,0.0,3,51.64516621771256,61.09438756073397,0,8,0,1
503,1,0,1.8515564044193367,0.5814881154011803,0.5664260823644239,0.0,3,59.47900385469354,64.2446459741507,0,3,0,1
504,0,0,0.8150098326677158,-0.5431242998114278,-0.1283527165346572,0.0,3,42.28579935875605,53.51573171859625,0,4,0,1
505,1,0,1.4409779534738127,-0.08077731270031481,-0.04634722914564215,0.0,3,46.38933610487684,62.57074492855448,0,7,0,1
506,0,1,1.0252884278618473,-0.7903772036188116,-0.4903315320207075,0.0,3,39.45526095926386,57.851765812562206,0,4,0,0
507,0,0,0.9631586646671682,0.23770785241398432,0.3075082805889728,0.0,3,53.87711548509833,63.31227628999881,0,6,0,1
508,1,1,7.198131591970933,0.9802624564463331,-0.06029969010972851,0.0,3,60.60509548838239,79.81803324691627,0,11,0,1
509,1,0,0.813423229586503,0.7585051555335744,0.8366189110063639,0.0,3,60.42045500010076,67.15275512046313,0,5,0,1
510,0,0,2.38113763342958,1.373885793471157,0.49931190587282465,0.0,3,70.78896755369968,71.33898694033964,0,4,0,1
511,1,0,2.2660392331630423,0.8536385389489723,0.8896594888093374,0.0,3,67.68060776954388,66.7435063114445,0,4,0,1
512,0,1,1.7316173170707034,0.4093070629546026,0.8610576153791611,0.0,3,56.68598080845269,62.11732969479268,0,4,0,1
513,0,0,1.6824331171354234,2.5109817699786774,0.4604734887533595,1.7085471791598739,3,98.20271181257453,93.2212067059538,1,11,0,1
514,0,1,1.0676896886773184,0.6027369132518725,0.9988746901916628,0.0,3,61.00116095725804,67.09117572139525,0,6,0,1
515,0,0,2.5719250508975815,-0.6716141373118827,0.15139052442726503,0.0,2,39.279728386691446,53.91544230748855,0,5,0,1
516,1,1,1.3802414649002168,1.2762403259009159,0.8132823015646585,0.0,3,76.97716203264775,65.49969808908423,0,3,0,0
517,0,0,1.139021440280657,-0.09813789885451277,0.01989611693643938,0.0,3,51.92283475154042,53.8815466420824,0,4,0,1
518,0,0,3.00055252367543,0.7118615325393597,0.15869307958622358,0.0,2,61.65811618915683,69.4416958416177,0,6,0,1
519,1,1,1.4288095919021861,-1.1987178739470694,1.3603763339533428,0.0,3,32.306440121409736,35.08960258625161,0,3,0,1
520,0,0,1.6973199699011403,-0.8209965079283095,0.4471055070862585,0.0,3,37.99890011402972,63.65823836573377,0,11,0,1
521,0,0,3.356523509622013,0.5981088280448268,0.30620792318784246,0.0,3,56.79001920389507,66.06962760604914,0,4,0,1
522,0,1,2.7399315697012403,-0.4400632401067986,-0.2830408025686849,0.0,3,43.05500155700323,58.826719234749504,0,6,0,1
523,0,0,0.6944107292030639,-0.3802523016269874,-0.31068452010862546,0.0,3,48.17189929598482,60.03609792330305,0,7,0,1
524,0,1,1.3752656427690262,-0.4511631717884675,-0.52638182897477,0.0,3,44.069221764968724,49.53522163961762,0,4,0,1
525,0,0,0.45813893437073633,0.34750605202363827,-0.05139912078393634,0.0,3,55.32806044477415,55.97496999682485,0,4,0,1
526,0,1,0.513403711210818,-0.6867639104040513,-0.13586844265215536,0.0,3,37.13645325283077,50.10280904368657,0,4,0,1
527,0,1,2.2534491142699427,1.0202606772267628,-0.30453437831156666,0.0,3,45.58075919462212,74.07007864472178,0,4,0,1
528,1,0,1.507317523010639,0.3851145789783873,-0.06443034036768895,0.0,3,50.85113139182786,53.8083505977069,0,1,0,1
529,1,0,2.365041320477565,0.8049293375128901,-0.025616229915242105,0.0,3,50.51306121967379,58.83390873546867,0,2,0,1
530,1,0,1.7472558434567889,-0.9886312129716197,0.14751478003586155,0.0,3,33.74394524678574,52.10702589505607,0,6,0,1
531,1,1,0.8634965993840221,-0.1947556374451545,0.14453339489642153,0.0,3,44.61836146734694,61.169765697751195,0,6,0,1
532,1,0,0.9532197226380402,-0.21403536902995515,-0.08415317682678607,0.0,3,49.57349156103666,53.37621035440864,0,3,0,0
533,1,1,1.5630667159145788,-0.8184223907086933,0.019891361984815635,0.0,3,21.254102830043777,45.55699383025056,0,1,0,1
534,0,0,1.9200251680746114,-1.6439783044050909,-0.18819785311177764,0.0,3,25.933168581504745,35.803040098129884,0,2,0,1
535,0,1,1.8236677857022954,-0.43476538029198164,-0.11678288950174702,0.0,3,42.05563202961911,56.7352200194329,0,10,0,1
536,1,0,1.4745569056927603,-0.2240324625917949,-0.6491964748456164,0.0,3,46.61001560667024,63.842847964558004,0,5,0,1
537,1,0,0.760662971984717,-0.005009874417049213,0.13794990287286932,0.0,3,32.97944859272906,59.14960752427048,0,6,0,1
538,1,0,1.9048527196147464,0.631714903975779,0.8394433561301652,0.0,3,59.250377091452016,66.47945634699342,0,4,0,1
539,1,0,1.7711783810819712,0.5570069144007405,1.1403348858011872,0.0,3,58.137312114395975,58.83148110648892,0,3,0,1
540,0,1,1.149728838264608,-0.03742641180038726,0.45997263604577565,0.0,3,49.80822769498094,57.9018610433805,0,4,0,1
541,1,0,1.6544619978408237,1.4140947192434425,0.5377484954063958,0.0,3,72.58904464654852,81.17923752166173,0,8,0,1
542,1,1,2.3176136690614824,-1.8261375101844497,-0.2286626920016221,0.0,3,22.762235668359313,36.23928372142298,0,4,0,1
543,0,0,0.7828805112904005,-0.9086965488544729,-0.013409988760042537,0.0,3,38.31162739481612,44.87820100591492,0,2,0,1
544,1,0,1.8324734266210212,0.40700964271079676,-0.47359690232335777,0.0,3,59.62471022719615,66.74345680041269,0,6,0,1
545,0,0,0.8681052997290181,-0.1451148108223299,0.33213349674686155,0.0,3,46.09052437787101,58.22499972326013,0,6,0,1
546,1,0,0.9701335776634797,-2.508765718954424,0.5640295611183364,0.0,3,0.0,58.842442794098346,0,12,0,1
547,0,1,1.6020466939559526,0.38010251467729345,0.5529723955698639,0.0,3,55.37544382623887,63.95363883306446,0,2,0,1
548,1,0,3.272009251195111,1.0503947754092933,-0.6727159015624,0.0,3,84.43436393299191,70.31883265373654,0,4,0,1
549,0,0,1.8009522860039753,0.3561518277878318,-0.8406961483207503,0.0,3,54.916217180264084,58.184889651298214,0,3,0,1
550,1,0,1.8537506374805863,0.5216497242197046,0.05307803134529241,0.0,3,55.85248725630134,66.7431461281906,0,6,0,1
551,1,0,1.545530910435276,-1.521050445563807,-0.4250299400330405,0.0,3,27.570655532716643,44.865965252420025,0,4,0,1
552,1,0,3.57538852009758,0.26152315210873944,1.428391946849071,0.0,3,53.20982982071386,56.998961549783274,0,2,0,1
553,0,0,1.3994384869595928,-0.71084929794076,0.1014042812143935,0.0,3,40.31404397940107,49.56772424914057,0,3,0,1
554,1,0,2.445752824776057,-1.1998854510912187,0.48216470310081666,0.0,3,32.40348514855332,40.11422960544059,0,2,0,0
555,1,0,4.254017170208166,1.2320807733493035,1.203928968863504,0.0,3,68.81886079849775,60.364512471186515,0,5,0,1
556,0,0,1.7329910171077836,0.10349947760726713,0.2593042499737088,0.0,3,51.72953473705522,62.16330483092637,0,5,0,1
557,0,0,1.160413587125016,0.8379124261513952,0.2360544054053785,0.0,3,69.49248420661831,66.16087535223976,0,4,0,1
558,0,1,1.043889133182901,-0.24957263175975924,0.4180221284341342,0.0,3,47.0652759417945,58.91667777003048,0,7,0,1
559,0,0,1.2178725077702655,-0.3150318732271745,-0.7125222215984717,0.0,3,43.463948503034544,63.57367914456772,0,9,0,1
560,1,0,1.8183487259826676,0.9580493080447705,-0.32220920387101015,0.0,3,64.25344962329089,71.80327872945463,0,6,0,1
561,1,0,1.1341865924975703,0.7282570344124359,0.16079518972566245,0.0,3,60.48925026801887,64.3964203284231,0,3,0,1
562,1,1,1.7151793810123126,-2.1989127180097876,0.19657092832450437,0.0,3,16.242985426104827,34.66977569214172,0,2,0,1
563,0,0,1.0425249762129156,0.24724398579203236,1.6496355342974631,0.0,3,53.161762528192774,71.22979575109542,0,4,0,1
564,0,0,1.4745905459720519,-1.053461923713282,-0.3075096064813523,0.0,3,35.91736287859558,47.39336573882544,0,4,0,1
565,0,1,1.3202727474985596,0.7203561565804628,1.0484519867049882,0.0,3,61.59023226640005,63.19698979063702,0,3,0,1
566,1,0,1.960530471997846,2.5360796883169727,-0.16608622712533988,1.1723641526101651,3,94.30375514857747,88.71165815410964,1,6,0,1
567,0,1,1.5108732725910003,-0.25346272404215964,1.5830182824415258,0.0,3,42.760588643191156,58.608236424615,0,7,0,1
568,0,0,2.339024983505808,-0.4122241421287836,-0.9080344640535296,0.0,3,46.496397955443165,58.00054920175513,0,5,0,1
569,0,0,1.0418841412469029,-0.1254892137153192,-0.8666751075050664,0.0,3,49.82748268599755,66.16263211472175,0,6,0,1
570,1,0,0.8717268861197214,-1.398212376880975,-0.03958631628062514,0.0,3,27.975489714811467,41.21487484738132,0,4,0,1
571,0,0,2.1370693977423154,-2.5162935600133136,0.07347844213175284,0.0,3,12.24822914401474,39.03710748506527,0,7,0,1
572,1,1,4.279235883631271,-0.9673027395796372,3.1161246769038597,0.0,3,35.55241144080327,60.83408274728803,0,8,0,0
573,1,1,1.347834667300725,-0.4979129570668103,-0.7776638664515421,0.0,3,43.0028621452044,55.637033615373056,0,4,0,1
574,0,0,1.123679726966447,2.0405836711248493,1.5872308518529525,1.0512172766351675,3,84.8875812097985,83.53218994414223,1,7,0,1
575,1,0,2.192371047163453,-0.23978379217899248,0.42407895738035517,0.0,3,46.067129443489286,58.988849146120664,0,6,0,1
576,0,0,1.8718182370746743,0.12132010432105145,-0.45275787884468544,0.0,3,50.04805602167849,59.34257505639799,0,4,0,1
577,1,0,0.8963662845607369,1.3424229206600893,0.9208928478466036,0.34197593908124435,3,80.07287811692989,75.67482933945485,1,5,0,1
578,1,1,1.6601621768679449,-2.5933326909528125,0.9379976469959097,0.0,3,17.113803289089184,29.25967922638489,0,3,0,0
579,0,0,1.7134310082829556,-1.171905723271008,-0.3510488171924858,0.0,3,32.74883462673917,61.03088788281208,0,6,0,1
580,0,0,1.8904670858682793,1.3399175540724808,1.1962856868550522,0.0,3,70.84090710619047,75.12059007757661,0,7,0,1
581,0,0,5.616618508442088,0.9450020446349753,0.0720316855823315,0.0,3,66.01952911733316,60.38581001211224,0,1,0,1
582,0,0,2.6154044434134662,-0.444382171898716,0.17926782481068734,0.0,3,44.32618854436409,53.59828935356603,0,5,0,0
583,1,0,1.2414403638991678,-1.362693905402197,0.8915643614262913,0.0,3,28.438912569049656,44.198852092714134,0,6,0,1
584,1,1,0.8220051322401654,1.2715427529734018,0.36665602412351184,0.0,3,66.81216918932346,69.57408030029477,0,4,0,1
585,1,1,0.6542055944751919,-0.3573758855524005,0.26386595022268355,0.0,3,44.871763357685495,51.92054717095109,0,3,0,1
586,0,0,3.298638024359182,-1.5730157710793324,-0.04683235749319995,0.0,2,26.810014198977026,43.20005567974409,0,5,0,1
587,1,1,0.9374950939664821,0.15067698477679187,0.28801744580069677,0.0,3,52.65887287735596,48.972059637806765,0,7,0,1
588,0,0,1.1582886578994662,1.8159109057131244,-0.24925986360481397,0.28852216482751636,3,78.57781850881729,69.15431676059349,1,2,0,1
589,0,0,1.6851040566958466,-0.2948869857121611,-0.6814326365491656,0.0,3,44.274904090076916,49.60828220098034,0,4,0,1
590,1,0,1.3283660895238443,1.2828648306767045,0.8490253718293439,0.0,3,67.06779059942264,68.51731852604745,0,3,0,1
591,0,0,0.7498783132604188,0.34505218415740047,0.4967130865630104,0.0,3,53.6519283939775,66.27725700711264,0,5,0,1
592,1,0,1.6812599121882645,-1.1827177151079606,1.0543010342935473,0.0,3,30.889180235995358,51.993174207393096,0,6,0,1
593,1,0,2.4086586866574082,-0.9076697686534588,0.06682694462217927,0.0,3,32.983246417085795,54.31614709964745,0,6,0,1
594,0,0,3.07071514845764,1.1223236010477333,0.48142771048410155,0.0,3,67.06250574094253,69.80042174683828,0,4,0,1
595,0,0,1.8365415789186421,0.16301609292062746,0.6964114034575221,0.0,3,55.28254058496686,64.48718684609325,0,5,0,1
596,1,0,1.8946862182775122,-2.6104556056776436,0.07681821102367516,0.0,3,10.503387881461046,35.1861431727736,0,5,0,1
597,0,1,1.037865310477282,2.060158774529051,1.0160409962083232,0.8160147798227996,3,79.2022094661982,76.91850173049286,1,7,0,1
598,1,1,0.9376828878052136,-0.4899901974546455,-0.3845599356890473,0.0,3,42.34770082320192,54.63489135476931,0,5,0,1
599,0,0,3.2829545040997856,0.9247142234766949,-0.7251922885269012,0.0,3,0.0,71.53934962907408,0,7,0,1
600,0,0,1.3991457760449695,-0.4682813903717712,0.24197063810540406,0.0,3,41.08899996436132,55.35122352495651,0,5,0,1
601,0,1,0.716913758748865,0.9928014475433616,0.03361807815568961,0.0,3,66.69255541707182,70.5274801092776,0,5,0,1
602,1,0,3.058318981056614,-0.6629256161599036,-0.059692047215084774,0.0,3,41.07473582783478,64.86941751068876,0,9,0,1
603,1,0,1.3472907003063255,1.268218614341165,0.49700110691419525,0.0,3,63.83838948006379,70.41473228242037,0,5,0,1
604,1,0,1.1306094950104912,1.0408628444298562,0.4944670286805081,0.0,3,64.5992896342028,69.80401944430456,0,4,0,1
605,1,0,0.8771082606947153,1.3498789443783104,1.587457182203892,0.0,3,71.7453412083669,79.5620015684793,0,7,0,1
606,0,1,1.7735011860282022,-1.0463330223090472,0.03571551659040236,0.0,3,34.371136393357,51.18075512333315,0,7,0,1
607,1,0,2.3329026228493928,0.03888659333954296,0.6937837804403588,0.0,3,49.74928398779403,58.81167656724442,0,5,0,1
608,0,0,1.3130824685283058,-0.3647654812825873,0.8727289742495439,0.0,3,43.323156510950696,63.903932542058364,0,8,0,1
609,1,0,2.0478029126853476,0.537349969692482,0.7968371073764741,0.0,3,58.99036178978001,72.99687372091351,0,3,0,1
610,0,1,1.0856853140691032,1.8402604660305801,0.7364261430653664,0.0,3,67.9267849241865,83.65792501327667,0,5,0,1
611,0,0,1.5206794151741891,-0.3505690482114778,1.1712123774176333,0.0,3,100.0,54.241528670605014,0,4,0,1
612,1,1,1.2741303675878017,0.3260992160190258,-0.7899618163593366,0.0,3,54.718384355275056,56.4208940465104,0,2,0,1
613,1,0,0.5688542010759601,0.7459822848306962,0.4459290666704683,0.0,3,61.474741545540795,60.32292104288881,0,3,0,1
614,1,0,2.0052662461251516,1.6153703244655007,0.9874539262877827,0.0,3,74.45471383470016,74.06160879549958,0,5,0,1
615,0,0,1.2273574856319696,1.8344222748813208,0.22025748372216536,0.33459188621524577,3,79.64390282661856,85.19158049532933,1,6,0,1
616,0,0,0.7760149316636953,-1.811672924544946,-0.4049947305015173,0.0,3,24.494665006608486,39.31011592479895,0,4,0,1
617,0,1,2.013895623698995,-0.6590043859767063,-0.5644223928293747,0.0,3,41.04199299073813,53.139999486628625,0,4,0,1
618,1,0,1.3295158368787485,-1.6279104364083146,0.16217625901967941,0.0,3,0.0,42.81710572234008,0,5,0,0
619,0,1,3.134916445447013,0.6988572593777839,1.8258675113340985,0.0,3,70.87728739559492,68.51472247747807,0,6,0,0
620,1,0,1.259311135872505,1.8215006664831788,1.0752070811988557,0.5981143116908347,3,77.98507310224976,83.86219601736387,1,8,0,1
621,1,0,0.8285182952331784,-0.7429659574384407,0.5253049390068769,0.0,3,41.30531193041329,54.65263287395651,0,7,0,1
622,1,0,2.237444992431923,0.5982263003232233,-0.4422215410466109,0.0,3,59.3909412735346,62.018695879702996,0,3,0,1
623,1,1,2.934335460873669,-0.5813296691118274,-0.25837419241876497,0.0,3,41.58563972362249,59.174467101223094,0,5,0,1
624,0,0,1.2304557154113924,-0.4506086340448606,1.1182975519330138,0.0,2,43.87030275542749,67.84786854820183,0,12,0,1
625,1,1,1.2287642505598546,2.0545482783672386,0.1926103605435192,0.8899719247761094,3,46.50765651587437,84.34993951291743,1,8,0,1
626,1,1,2.495259427767032,-0.8727241744928765,0.5427431718719326,0.0,3,36.031455808795975,47.34554958462154,0,3,0,0
627,0,1,2.6214605833040325,-1.170047511847653,-0.22231798520958138,0.0,2,30.318277116732283,42.42273251406555,0,3,0,0
628,0,0,1.7694172524910514,-0.5822106470665948,1.5298449554228757,0.0,3,43.49390615971173,51.69548112724535,0,4,0,1
629,1,1,1.7231052599162315,2.0827934010881477,0.40635128699313117,1.226883290937983,3,100.0,81.73155304560434,1,6,0,1
630,0,0,1.324324581513268,-0.8757858857148129,-0.32152023382427497,0.0,3,36.43544968169222,52.3709622258807,0,6,0,1
631,1,1,2.0775301216460895,-0.6776866910557187,-0.007002755972189939,0.0,3,45.771040459416945,49.494440473847085,0,3,0,0
632,0,0,1.6114173296616767,2.2711615307011717,0.06623348844983049,0.9431733560249372,3,85.49942262685286,81.80377722323199,1,4,0,1
633,0,0,2.188282703040238,1.6777691501749703,-0.08953419986906781,0.0,3,76.88091682073899,75.91004731441787,0,4,0,1
634,1,0,0.6745313427298352,-1.818665803057919,-0.09751645285939498,0.0,3,23.64797785537361,47.522199791637604,0,8,0,1
635,0,1,2.942063846619621,0.3916976694195898,0.8217144804990077,0.0,3,42.1767959126628,68.58220139027715,0,6,0,1
636,1,1,2.089643198303381,-1.2448395092999354,-0.12840197014838042,0.0,3,30.912518282567383,44.69798598295692,0,4,0,1
637,0,1,2.7473789178985992,-1.2485445686399512,0.35627765615398443,0.0,3,30.30641955423572,40.57290077276436,0,2,0,1
638,0,0,0.8822977627427533,0.12334150090326518,0.22316875699668265,0.0,3,52.69891379204978,67.87862443450743,0,8,0,1
639,0,0,1.5998507425297896,-0.5893182739405639,0.9774778431541132,0.0,3,41.228466915341244,50.79602375318009,0,5,0,0
640,0,1,1.965455145219524,0.48770365951254896,-0.48585812790763655,0.0,3,73.99697359684868,69.51674330397363,0,8,0,1
641,0,1,1.3223852211644738,0.7347555633034508,0.7119201223304015,0.0,3,59.726431240936854,68.05604933559927,0,5,0,1
642,1,0,3.9437104943663255,-1.0140705104391674,0.30757044976818565,0.0,3,37.00937451966454,43.5509226902206,0,4,0,1
643,0,0,1.5323344780019248,1.9670431454128565,0.9086115091806698,0.0,3,78.33943085260346,86.21194012354756,0,8,0,1
644,0,1,1.347615703516422,1.7176002230181304,-0.7335215297502716,0.2931588893019256,3,75.21160229104312,72.96179568899919,1,4,0,1
645,0,0,1.5883416797302825,0.11690614985555636,0.017083676409346733,0.0,3,51.672853467009105,58.764066381559445,0,4,0,1
646,1,0,2.810015409916911,0.23715167882662544,-0.43762285998828526,0.0,3,50.01678310941568,53.3440359870684,0,2,0,1
647,1,1,1.1261583541568583,0.6155109753952057,-0.31216499954572,0.0,3,58.87590331426448,65.23768833423291,0,5,0,1
648,1,0,0.9989699866573193,1.6880183514011875,0.5816297205203187,0.3930790185157495,3,74.70427576154563,75.78642749379217,1,5,0,1
649,1,0,1.0167796988424158,-0.3904318803748649,0.08798377843971486,0.0,3,43.13484861631142,51.91467201239425,0,4,0,1
650,0,0,1.4065755366844583,0.49466649083717396,-0.019562579577726367,0.0,3,53.20739588350718,82.13014888636793,0,12,0,1
651,0,0,0.9789227923297313,0.37027426617600123,0.4136647017331442,0.0,3,56.67223991308113,70.95616379687999,0,9,0,1
652,1,0,0.7933677853279865,1.351821999812712,0.5623559370686172,0.33388118048666626,3,79.66174114161609,82.2291982221995,1,9,0,1
653,0,0,1.8158451371752953,-0.3933245201973514,2.4996854541219613,0.0,3,44.73033554215703,63.76377865070761,0,6,0,1
654,0,0,1.66137427431459,-0.659740375687796,1.1626105440868806,0.0,3,20.39905720796532,45.42917135969727,0,2,0,1
655,0,0,0.962857513045338,-0.11664733314793532,-0.23831906309014572,0.0,3,48.418380531952245,47.193199226291796,0,1,0,1
656,0,0,5.236428527542293,1.5988158389486127,0.2576936477073547,0.12149787280398475,3,74.65907757397932,75.1387709979184,1,4,0,1
657,1,0,2.91106815549533,-0.720357947232113,-0.2151549190502336,0.0,3,40.57089803645852,48.49644524240943,0,7,0,1
658,1,1,2.211234314319828,-0.7674290427973385,1.2539781691635266,0.0,3,37.49488217078652,52.04883500392831,0,5,0,1
659,1,0,1.0394338148896007,0.8787931737725082,-0.17796747591096418,0.0,3,63.84352611424463,63.8665546553981,0,3,0,1
660,0,0,0.7356622984548125,2.0895848726979094,0.5086493625398774,1.3669532447665342,3,80.67605741775512,78.62986813602927,1,3,0,1
661,1,0,1.974167544473072,0.28400614011603637,0.10758473694840898,0.0,3,53.40963689567378,64.72900544821081,0,7,0,1
662,1,0,1.8059091311665685,-1.921421808416552,0.32408842102063756,0.0,3,20.099607702944695,37.20859298958814,0,4,0,0
663,0,0,1.970258621024152,-1.5378039872408202,-0.08273071134009592,0.0,3,27.271845779547952,44.7521019708306,0,6,0,1
664,0,0,1.644129327234354,-0.19895251488150992,0.9702956191580414,0.0,3,47.399090430608176,49.07893308495782,0,0,0,1
665,0,1,0.8073095230588923,0.6690431286483166,-0.25870051849035924,0.0,3,61.42575269305325,75.11612343236489,0,5,0,1
666,1,0,1.591935357828192,0.602579662586913,-0.5030643666620376,0.0,3,60.04500387063885,68.55772647879556,0,5,0,1
667,1,0,1.9219902171037992,0.24506807489360866,0.7198767025996525,0.0,3,100.0,64.27544893329302,0,6,0,1
668,0,0,1.2055906432292225,-0.30614067786249505,0.2298125548507314,0.0,3,44.29755280738477,56.35706707597111,0,6,0,1
669,0,1,1.6051066313774676,-0.587976015201474,0.1229754128307512,0.0,3,41.43640153628105,51.13182089762531,0,3,0,1
670,0,1,1.591984585853139,-1.148378666752458,-0.06434182084130546,0.0,3,32.4621369215077,49.450330953101265,0,5,0,1
671,0,0,1.523589063006091,-0.024827463130463016,0.9251006637135639,0.0,3,50.43611901537039,61.57608168888619,0,6,0,1
672,1,0,1.7810585716079297,0.07510470929818469,0.09504368186614687,0.0,3,53.6453284158419,68.57404929818307,0,1,0,1
673,0,0,1.4068623783211995,-0.272570017850308,-0.4961644212868729,0.0,3,45.655914702417405,58.924540234779286,0,3,0,1
674,1,0,3.1987186384897184,-2.131944837705424,-0.12256618782972074,0.0,3,18.15107122970774,34.52678720747203,0,5,0,1
675,0,0,1.7658419795002294,0.8292232825513011,-0.10759853522146348,0.0,3,61.97569452582575,62.586886941480266,0,5,0,1
676,1,0,1.674521005958763,0.3016355371449111,0.13564181616318113,0.0,3,54.988982949008175,68.68915943134509,0,5,0,1
677,0,0,1.2949648513958845,0.4141883128263663,1.0658095619503978,0.0,3,59.90417143448774,70.82685500146884,0,10,0,1
678,1,0,2.378239551135344,0.43910887501224005,-0.12168962857179369,0.0,3,58.14289888032084,56.31434779647385,0,1,0,1
679,0,1,2.27688099682435,1.1538564947256746,0.6615565786261018,0.0,3,67.52668672596488,76.39593144826084,0,7,0,1
680,1,0,1.8038994488356572,-0.20072116228028014,0.9225030329447136,0.0,3,48.15448098540649,54.37970844119492,0,4,0,0
681,1,1,0.6366409744621059,-1.3083166622130709,1.4742537645106644,0.0,3,30.4247188456259,46.333060867139075,0,5,0,0
682,1,1,3.1583126659304623,-2.0754029411169594,0.5693135783957496,0.0,3,21.357314619041947,43.96224958728251,0,5,0,1
683,1,0,1.078683627875268,-1.7654483910632166,0.2849888929231872,0.0,3,24.320915831283358,42.21695502024969,0,5,0,1
684,1,1,1.9304374113674694,-0.7050783651742629,0.3118050019493315,0.0,3,39.41376922619975,64.5493337829825,0,10,0,1
685,1,0,2.177898426226335,-1.0243099131732207,1.7422579504478164,0.0,2,35.18990106800404,54.379620620299804,0,7,0,1
686,0,1,1.4899694107583155,-1.8525112602060736,-0.2575300718762524,0.0,3,21.677249674386566,40.66138646569339,0,5,0,1
687,0,1,2.0793340611293587,1.2943142994220622,-0.23426704673752713,0.0,3,66.70613755134356,74.62144768054497,0,6,0,1
688,0,1,0.6377464577016322,-0.6657135963175703,0.02640635371825184,0.0,3,42.26482135405719,44.727050019228315,0,2,0,0
689,1,1,2.580260385391468,0.8436876014066407,0.6200072907179334,0.0,3,62.67249909844732,70.6972224487059,0,4,0,1
690,1,1,1.867941173814125,1.7356426569691383,0.5316177111879203,0.0,3,74.46698882598787,77.95040520913633,0,6,0,1
691,0,0,4.5524232708406345,-0.08732792963665972,-0.4610241355802826,0.0,3,49.2214710044204,59.55363296773101,0,6,0,1
692,0,0,1.6022610638413055,1.549118835182317,-0.2634966806267146,0.8524024137819322,3,72.03191764334669,78.2209212695817,1,6,0,1
693,0,0,1.3110702971014803,-1.0223808805690582,0.20559686330501803,0.0,3,35.276293900443214,51.23333056194318,0,5,0,1
694,1,1,2.8712788044320097,0.4138682065363154,-0.5458484951485004,0.0,3,56.02541602897278,66.03722096408902,0,4,0,1
695,1,0,1.6088908981595544,0.09060048646059556,-0.7168068507836527,0.0,3,51.70068335350351,64.72285079886477,0,8,0,1
696,0,1,2.787235298152959,0.990704807143763,0.43922863058902173,0.27163646733968466,2,64.86459337722069,72.36042346415627,1,8,0,1
697,0,1,0.5070621360059036,-0.7663930750842248,-0.032273935961095165,0.0,3,38.7908773741421,51.47830943166961,0,4,0,0
698,0,1,1.0663437263324633,-0.4902117235934895,-0.05072378540842775,0.0,3,43.669185841357,59.362774126321916,0,7,0,1
699,1,0,1.160943320692251,-1.9538126046649253,0.38296639905269175,0.0,3,16.34344445811955,47.67656493311672,0,5,0,0
700,0,0,3.6937915193808686,-0.8594702074176858,-0.4406567096634864,0.0,3,36.95052571624599,47.48814634835447,0,5,0,1
701,1,0,1.5810335037747483,0.5705581105200221,-0.5009331661042492,0.0,3,56.48779114543358,62.68494470918987,0,4,0,1
702,0,0,2.9495415306087143,1.326168506562535,0.09596258274523953,0.0,3,4.121757430540072,77.33880123755192,0,6,0,1
703,0,0,0.8624949699034641,-0.6316068181420379,0.02139013907546641,0.0,3,39.859483666684696,60.317215250901114,0,6,0,0
704,1,0,0.7811008448248171,-1.7140974304239802,-0.3048949803676663,0.0,3,24.81550280574001,41.588773645320906,0,2,0,1
705,0,0,2.854470130162475,-1.1890538433677282,-0.21770916657388983,0.0,3,32.47425000556151,49.87208562273422,0,6,0,0
706,1,0,2.220617491125242,1.778341358971797,-0.18167825221843947,0.6474448551071981,3,72.25372565370421,80.86748764656045,1,7,0,1
707,1,0,2.111103572577349,-1.7851557608990316,0.6343565256007616,0.0,3,23.926157432120423,44.619139481084964,0,7,0,1
708,0,0,1.3695334182263132,-1.7044377292952269,-0.014242587010750872,0.0,3,0.0,43.32720173261003,0,4,0,1
709,0,0,2.3287213327287093,0.1490006777116605,-0.2659129777582646,0.0,3,53.659672083443915,60.624427382884775,0,5,0,1
710,0,0,1.4066348105360136,0.16596437010713513,0.27113035588046974,0.0,3,51.503786863910854,62.285497697792806,0,5,0,1
711,0,0,2.827862747029605,0.17380095831567113,1.0203840571893246,0.0,3,51.49841188624981,62.315230922762076,0,5,0,1
712,1,0,3.4541222855995923,-0.22099209575072426,-0.3009262302737618,0.0,3,47.15961093471623,57.50709466721034,0,5,0,1
713,1,0,0.9172823221404083,0.6057417579689113,0.3685977827134823,0.0,3,59.25643211793677,66.77328632562549,0,2,0,1
714,1,1,1.2514272499956918,-0.4589642044069111,0.20511889902898425,0.0,3,42.5418278840382,59.97753384457757,0,7,0,1
715,1,0,3.0683606153834635,0.5796156112364818,0.7918224667902108,0.0,3,58.63253708857237,72.70023184042148,0,4,0,1
716,1,0,2.9248249704385785,-2.050112317174025,0.3781749399846037,0.0,3,19.802771664071702,33.05094313272132,0,2,0,1
717,1,0,1.0800760864282228,-0.7567618482250477,-0.04850953520480002,0.0,3,39.09064588099158,50.90714106930063,0,5,0,1
718,1,0,1.3712820026176646,1.8196976128990592,0.32588728876732986,0.20038862095232532,3,75.45910879247855,86.887050859256,1,5,0,1
719,0,1,0.7253698136306724,-0.6586661221619143,-0.9253042079722219,0.0,3,40.126490890237804,73.21817640271094,0,7,0,1
720,1,0,1.7051673550215345,2.5298194160475833,-0.27395641180349317,1.0300223796445294,3,86.00793127760697,83.55241542351905,1,4,0,1
721,1,0,4.346913973662278,0.6311546364896898,1.351430201014705,0.0,3,60.374137570250824,68.4395781291938,0,5,0,1
722,0,0,1.1689045687957162,-0.3268477568446365,-0.45407581129690233,0.0,3,44.58772401533387,50.54763430178362,0,7,0,1
723,0,0,1.5924486231477064,0.3434403037600632,1.0940372719713571,0.0,3,56.553700535167835,58.175945677745695,0,1,0,1
724,0,1,1.17499427123188,0.12075372417835037,0.3172057964246963,0.0,3,50.008576863927814,61.96863992483497,0,6,0,1
725,1,0,2.2001423572758156,-0.3537588495061152,0.7148632708103403,0.0,3,46.02584574118035,55.30853420511356,0,4,0,1
726,1,0,1.069641425847097,-1.2646644232045874,-0.024130353788709175,0.0,3,31.097225114316796,41.78940042226657,0,3,0,1
727,1,0,1.2623739891963173,0.3202628862210812,-0.16367800386644207,0.0,3,56.60672928056889,61.52790648410178,0,5,0,1
728,0,1,2.0357849834448123,0.6102389104126742,0.3452797725377249,0.0,3,61.95084166735998,69.28367415987466,0,6,0,1
729,0,0,1.5947885450555992,-1.1913772300453453,-0.47029286023808614,0.0,3,30.387192800872413,46.929075720271115,0,5,0,1
730,0,1,1.679384466098707,-0.0999858998945446,-0.2883480284954613,0.0,3,33.77001855100143,62.788841589065235,0,5,0,1
731,1,0,1.0537105999615828,1.372239404692233,0.846332294660339,0.0,3,63.47127635749703,74.5752124224636,0,5,0,1
732,0,0,1.7586779658160727,-1.2134748607097805,0.10488570968107014,0.0,3,31.886096009254814,38.15263652413073,0,2,0,1
733,1,0,1.8459379344330136,-0.3974555136216329,-0.13289376379499027,0.0,3,43.433670889946754,61.85190891258643,0,8,0,1
734,1,0,1.593275617240949,0.6960522120173258,-0.5022254011079417,0.0,3,62.871725142776285,63.27015891308163,0,3,0,1
735,1,0,1.5104504374373986,1.3393169887412935,1.08438928362531,0.0,3,70.28074649845574,70.205045850248,0,6,0,1
736,0,0,1.1748495663086125,1.2612024042615924,2.1177261634926707,0.0,3,70.15171857982584,78.98400522492778,0,7,0,1
737,1,0,2.0138438976738433,0.19844004672843704,0.07391639870868569,0.0,3,53.21189385369075,64.1200419766994,0,4,0,1
738,1,0,1.5679430536050343,0.4293453847578157,0.879639740697157,0.0,3,56.37371697249667,67.01402955626338,0,7,0,1
739,0,0,2.6009768258825443,-2.3267730430175333,0.48596928834283415,0.0,3,15.609118094500246,37.64597991977582,0,4,0,1
740,0,0,0.689433245760164,-1.171222461938844,0.3341591521105399,0.0,3,31.987290298020365,48.482816640484096,0,5,0,1
741,1,0,1.0981862418229726,1.0785170752177864,0.7615367329979571,0.0,3,65.18023854676088,69.87412589094409,0,5,0,0
742,1,0,0.7652538166823605,0.597675660674532,-0.12106073923674952,0.0,3,57.148998235204694,57.02379117527653,0,3,0,1
743,0,0,0.7134110154142577,0.08859867940729002,0.2562759356355856,0.0,3,50.90787185321833,59.15859233462474,0,3,0,1
744,1,0,0.622863353652409,-1.068852712045328,1.2999772919886783,0.0,3,34.76686419829344,59.90968978327056,0,9,0,1
745,0,0,3.259180263917459,-1.8495844100470955,0.6686814492737851,0.0,2,17.472971124909147,45.58779273038375,0,8,0,1
746,1,0,2.1362589455435232,0.4464359443854718,1.0007877577282558,0.0,3,57.145508287161796,61.02009760197099,0,4,0,1
747,1,0,3.410250142994521,0.1858266267804817,0.019506342438534878,0.0,3,53.06351877360893,62.49632846496267,0,7,0,1
748,0,1,2.06001357445394,-0.6187260259781964,0.6484637880332601,0.0,3,42.563952264437525,66.51259984489194,0,12,0,1
749,1,0,1.4595565254275864,0.3771437677035235,0.2885298501336687,0.0,3,55.149606378424444,54.34763384975953,0,1,0,1
750,0,1,1.4368777900305068,0.5693785187216416,0.24235991918602054,0.0,3,59.23743307069869,66.95611185655814,0,6,0,1
751,0,0,0.7093039610672129,1.715054269684158,0.800239344593644,0.2506581974187352,3,75.36145562618651,79.41845029555118,1,6,0,1
752,1,0,1.951894983210087,-1.082061134581038,-0.3946029323249414,0.0,3,32.8676740221972,41.5160532942289,0,3,0,0
753,0,0,2.2122808626645587,2.0315219938364106,-0.23046082252590452,0.6775281813134924,3,80.14479406698797,76.69324677685596,1,5,0,1
754,1,1,1.307807738854145,0.5856583072343864,0.16030560404954655,0.0,3,58.901352439197,63.4488467520558,0,3,0,1
755,1,1,1.4719366894459418,-1.3370107239720908,0.3765467021267277,0.0,3,30.403428504868344,47.944495778531376,0,5,0,1
756,1,1,1.4562415345200115,0.2874574865655764,-0.6976785502257291,0.0,3,54.17186151432316,71.26065414604653,0,6,0,1
757,1,0,3.081280178477993,0.16318082008342588,0.3170864415257393,0.0,3,53.76172759161405,73.89424056987946,0,10,0,1
758,1,0,3.2796306027124524,-1.1669930653536607,-0.5967314356513778,0.0,3,7.848926894436712,52.60168651800085,0,4,0,1
759,1,1,0.7328984049980177,-2.109226353702309,1.7788466715425095,0.0,3,18.3183321967088,31.99954914072767,0,5,0,1
760,1,1,3.0674210097169117,-0.1004389807587668,-0.6153828856745915,0.0,3,47.624112182507524,59.935011814717406,0,4,0,1
761,0,0,2.1858655048471993,0.9847963154337512,-0.0915337809066047,0.0,3,63.961610480537374,73.3564324433659,0,5,0,1
762,0,0,1.9091308681693295,-0.06821972819388834,-0.034937666211402325,0.0,3,49.88927914450758,49.79832170662348,0,3,0,1
763,1,0,1.9714524309252326,0.7424438181733695,0.19377638025236674,0.0,3,57.14174185461629,76.58863789722098,0,8,0,1
764,1,0,1.8388200432322273,0.12436074258288947,-0.11027248412493808,0.0,3,46.02071214739924,53.880914248652644,0,2,0,1
765,0,1,1.790359517079003,-0.663952891276371,-0.5380920145513041,0.0,3,40.69316526315671,59.23457594741327,0,7,0,1
766,1,0,1.5207569412757667,0.15342078814377832,0.879270329890542,0.0,3,54.12105126604551,70.61241877405641,0,7,0,1
767,0,0,1.6594694454634642,-1.9775267015917801,0.09159790972304911,0.0,3,20.286117050900188,37.01083996908201,0,3,0,1
768,0,0,2.9890199148614456,0.5488204315942418,0.25354536913693904,0.0,3,57.1184831210571,62.427781198251246,0,5,0,1
769,1,0,1.0527958564088173,-0.38629602157800086,-0.1293797967999515,0.0,3,38.75375652120328,65.377278418787,0,11,0,1
770,1,1,2.1739699276627857,1.36287844358205,0.3069267578745199,0.3966569601484613,3,71.50044226145393,66.54175155286184,1,2,0,1
771,0,0,1.281011833241194,0.010404063464832506,0.8943797749440128,0.0,3,49.7089810359559,65.11804049819908,0,8,0,1
772,0,0,2.3185782121819165,0.04087333173182005,-0.05840208520435459,0.0,3,48.70400354553177,61.39413452293484,0,5,0,1
773,1,0,1.620356210225504,-0.06148003412388785,-0.3842860346966866,0.0,3,48.13312072114019,64.67240669048398,0,4,0,1
774,0,0,1.4721419506851607,-0.141296090570624,-0.09302238629466118,0.0,3,50.1680627470922,59.28883879908486,0,7,0,1
775,1,1,1.7953859915226071,-1.2521870105690176,-0.22536592246745413,0.0,3,31.701731969037272,57.86301953507488,0,7,0,1
776,0,0,1.8525673780736993,-0.422309319068141,-0.0834619602386,0.0,3,37.82619136824321,59.42828304545984,0,7,0,1
777,1,0,2.1054133781920377,1.257224344684256,0.6794662137236438,0.0,3,70.21138170796084,66.75507595475167,0,5,0,1
778,1,0,1.1166979347248462,-0.7181899372526827,0.9711566345520186,0.0,3,38.13081483740229,55.14281648356362,0,7,0,1
779,1,0,1.3257397665360249,-1.198582278884832,-0.6421199112992555,0.0,3,34.53153989134444,42.01960857903995,0,6,0,0
780,1,0,1.5264821529192294,-0.3058413811935889,0.18360420917844236,0.0,3,46.73086944911208,54.91029453243181,0,4,0,1
781,0,0,2.555706062329202,-1.6608203984095424,0.48907722359090183,0.0,3,22.862254814922796,49.90450434092167,0,9,0,1
782,0,1,1.8529852330626966,-0.972556549058358,-0.16589291995392777,0.0,3,35.72358704189602,46.250431876201255,0,2,0,1
783,1,0,1.3022231163666498,-0.19580813174067882,0.1561251599623275,0.0,3,46.5981869709124,49.41382507421148,0,2,0,0
784,0,0,3.8703611596779903,-1.0749683654905122,0.9177955049732038,0.0,3,41.13040018618782,48.42066709707837,0,3,0,1
785,0,0,0.9072222026841842,1.0546806458464177,1.325762594448509,0.0,3,66.68808944492908,64.55332201869203,0,3,0,1
786,0,0,1.160805404453429,-0.7741975342743751,-0.09613075320912888,0.0,3,37.27490355530984,61.97940794624876,0,7,0,1
787,0,0,1.299512558018598,-0.5825399917229219,-0.07643013184083708,0.0,3,39.109668491771025,60.78764758920024,0,8,0,1
788,0,1,1.3339582791659406,-0.09383553948833223,0.715059457955082,0.0,3,48.40604678464316,62.97658185782894,0,4,0,1
789,0,0,1.470092242895596,0.43856259731699665,0.41261383072613356,0.0,3,56.985922698373464,53.71807616953019,0,1,0,1
790,1,0,0.9793830466423167,1.9456764032980451,-0.0017905843576980342,0.0,3,80.8047838256251,81.10059767056627,0,4,0,1
791,1,1,0.8342588921682195,-0.44325724763645735,0.43705044314829594,0.0,3,44.266908455161435,60.27856114847662,0,7,0,1
792,1,0,1.9392132404793614,0.5331053093315414,-0.08988630695796747,0.0,2,57.51776814041859,62.62961233813025,0,3,0,1
793,0,0,2.4249867464826846,0.9961146638608912,0.025450795622693815,0.0,3,71.76209861437432,68.00824496923629,0,6,0,0
794,1,0,1.992426970667357,-1.4757692358396015,-0.1964519419854414,0.0,3,23.847279270956367,45.42408812631535,0,6,0,1
795,0,0,1.9284285694456567,1.4311780867255546,0.4883573465498366,0.0,3,71.66399017925106,76.95226417099946,0,5,0,1
796,1,0,1.5909959268645162,0.2681141453961041,1.4303847700753984,0.0,3,53.86873132404808,60.19316373351054,0,3,0,1
797,1,0,1.4404921240897688,1.0156096467494033,1.8519414473763536,0.0,3,64.42362724172555,59.62795160894099,0,4,0,1
798,0,1,0.7546706047717159,-0.6997201927698542,0.4234321786418682,0.0,3,39.20256512144571,42.684166514524705,0,1,0,1
799,0,0,1.2172898010978561,0.21755400232546354,0.5135160102565705,0.0,3,54.5589428672948,68.34881845658963,0,7,0,1
800,0,1,2.2098571173365436,-0.30262373056447317,0.26328391701550485,0.0,3,45.858648637112125,58.87937158598373,0,6,0,1
801,1,0,2.741905238636269,0.2074110116281052,-0.6789365656627555,0.0,3,51.83526632370351,54.6534406356725,0,1,0,1
802,0,0,1.6958295683998494,0.5178623867882288,-0.07323769206230478,0.0,3,57.66440371007632,68.868374436064,0,7,0,1
803,0,1,1.2080285205350119,-0.2915456396805127,0.6051784785121808,0.0,3,42.968086850648945,47.98353501286151,0,2,0,1
804,1,0,1.9098053615618151,0.43392003063342144,2.1635788483770577,0.0,3,55.211581598230126,62.132198891143965,0,4,0,0
805,1,1,1.5085072912236668,-0.11864053045940809,-0.052813290584773485,0.0,3,48.57351274934564,62.29089685505243,0,7,0,1
806,0,0,1.4003372529204898,-1.0217007092555093,1.4553002202291292,0.0,3,33.78769575419043,55.17891793215103,0,8,0,0
807,1,0,2.4156953535768135,-0.6571522700174527,0.7122295624474332,0.0,3,46.09696491783882,49.98254397217095,0,2,0,1
808,0,0,0.7172645202727985,0.8464123921350388,0.34556442523124525,0.0,3,62.92180695599902,71.51437383584441,0,5,0,1
809,1,0,1.5701840145020336,0.5485274481286692,0.5458168610507254,0.0,3,59.96558433872878,62.93403919128449,0,3,0,1
810,1,0,0.6134998304150096,0.23801479580346835,0.5409577672297504,0.0,3,52.16805576889355,67.33212312548648,0,5,0,1
811,0,0,2.823427259358378,1.7968624065139258,0.9247072467693896,0.32188105894995,3,76.71612170505423,73.2897176667553,1,3,0,1
812,1,1,0.32497642939451266,-0.02415240998004722,-0.048811155968926205,0.0,3,51.226213000201334,53.77694013803567,0,3,0,1
813,1,0,2.425802328831618,0.3948134887118382,1.0735762547666625,0.0,3,55.77063916642382,59.34588941721677,0,3,0,1
814,0,0,2.4218506069633396,0.4697175473040652,0.6786429746988317,0.0,3,53.58779855275652,53.5388832011257,0,0,0,1
815,0,1,1.0725802529335138,0.9391560296963546,0.45321760586002535,0.0,3,58.83650233483037,69.43874668779756,0,5,0,1
816,0,0,2.7499729320102912,0.9825198870629134,0.6335369477550366,0.0,3,68.77090615493903,60.97178719023683,0,1,0,0
817,1,0,1.5753456175495248,0.8478571400974746,-0.4586127925204587,0.0,3,61.621778987725435,73.19408827067802,0,6,0,1
818,0,0,1.0866150786451145,0.3123281830143253,-0.43627937237076675,0.0,3,55.73746801668464,69.83289812355298,0,7,0,1
819,1,0,2.144495497773537,1.1862820397990326,1.3274607465602724,0.0,3,67.07776416088808,64.45426157975153,0,5,0,1
820,0,0,1.9486474646707754,-1.2574696935924634,0.09931748481783194,0.0,3,30.12623064195642,40.08927353314361,0,2,0,1
821,0,0,3.0847104454367344,-0.001095797843639137,2.0442022586435282,0.0,3,51.57812559097976,55.59098360655658,0,6,0,1
822,1,0,3.225693371681233,0.09052874919734058,0.4872874907215222,0.0,3,51.21032541992222,68.08900644337885,0,7,0,1
823,0,0,2.9011739680825572,1.3454675543573646,-0.4875806218435209,0.0,3,69.59680676718848,77.10354552367662,0,3,0,1
824,0,0,1.3163256838783188,-0.45226796843248174,0.8215800406991384,0.0,3,43.73842999200735,45.24045048526807,0,5,0,0
825,1,0,1.9425814224171445,-1.2403416855688325,2.0607560944868943,0.0,3,32.78826586004538,45.661645122908546,0,4,0,0
826,0,0,1.8818109549497672,0.1398567238735305,1.114059715874277,0.0,3,51.5417654732264,66.22256660571846,0,6,0,0
827,0,0,1.7385234909223946,0.7274051321213948,-0.0754323014971722,0.0,3,63.33555996925756,65.4147131367206,0,4,0,1
828,1,1,3.7859632384347326,-0.7453695157031875,-0.2415395915016663,0.0,3,39.3423865333957,51.09168615565002,0,4,0,1
829,1,1,2.2723174598225513,0.5888822584845191,-0.8671331491941892,0.0,3,56.117246172411,59.846225981576545,0,3,0,1
830,1,0,2.614864512097725,-1.082868093107609,0.9891390734046326,0.0,3,33.29925634354939,43.779938072939046,0,5,0,1
831,1,1,0.9817815686771694,0.7439532343497662,-0.06275798086623376,0.0,3,71.45791205064884,71.3428340249904,0,4,0,1
832,1,0,1.0541093698351263,-1.495985134002461,-0.2515986620430288,0.0,3,28.419159565566922,44.718614597016476,0,5,0,1
833,0,0,1.8808776126354203,0.8101330734939687,-0.2601938103048976,0.0,3,62.674606694663815,76.88439024528242,0,8,0,1
834,0,0,0.6629298548438118,-0.38263210769885886,0.08416183708934669,0.0,3,45.705873029156685,50.38310510748705,0,2,0,1
835,0,1,1.1751913744726705,2.2029780217150883,-0.5389837029501584,1.0104544980395915,3,82.99231673810142,79.53349736782886,1,4,0,1
836,0,0,2.2532548921256805,0.15287600793768213,0.697509594879062,0.0,3,49.69737181721693,41.103447507102544,0,3,0,1
837,1,1,1.0948586069160369,0.15715880247654945,0.8669605388719555,0.0,3,52.906175009853975,61.6668714001736,0,4,0,1
838,0,0,1.2573025322858333,1.385342846573125,0.7522774515482045,0.0,3,70.06768229854518,76.03410124048483,0,6,0,0
839,0,1,1.5516723801455756,-0.30745477687499373,0.05968741694780359,0.0,3,45.6672934205182,45.06758347712564,0,2,0,1
840,0,1,1.13456549836802,-1.0625457648457457,0.06876882664066862,0.0,3,34.94239068574303,50.710888005318566,0,5,0,1
841,1,0,0.8403734873186175,-1.2474951193699633,0.23788848753250372,0.0,3,32.250305316100444,42.178641397624354,0,4,0,1
842,0,1,1.492642425925138,0.07441230991568372,-0.02669615520812639,0.0,3,50.598122988908486,60.944692086000195,0,6,0,1
843,1,0,4.338152020486221,0.2757659669810155,0.07121035215011706,0.0,3,54.21545562968028,59.08406389719975,0,4,0,1
844,0,1,0.9006028403754909,-1.1690796712108107,-0.3220925395984381,0.0,3,33.53132021338527,51.53458809287219,0,5,0,1
845,1,1,2.339412088447694,0.6000085964093999,0.291185615172937,0.0,3,57.564141384617535,66.13268163065676,0,4,0,1
846,1,0,2.2965563795894552,0.5944125321294885,0.5168952928453452,0.0,3,58.74480351984322,57.29884293824434,0,0,0,1
847,1,0,2.1598475877237773,0.5577533892377073,-0.017118086196248345,0.0,3,59.028937185715186,66.61502971125485,0,5,0,1
848,0,0,0.8680685534300172,2.762291109699831,0.13442924311162915,1.2828927735966316,3,53.570322493115654,91.367069769442,1,5,0,1
849,0,0,2.6539110373150594,0.6302441347261629,-0.46558030415291174,0.0,3,57.17604274233939,67.16520896017502,0,3,0,1
850,0,1,1.4528467854072242,0.09706252565921351,2.361279952588812,0.0,3,54.206120898288404,65.95714821735625,0,4,0,1
851,0,0,2.5221730421434208,0.19155224571911872,0.05125942413596992,0.0,3,51.450243633821174,48.61344996517002,0,2,0,1
852,1,0,1.1245658362106459,-0.8009486718604051,0.05709635417188075,0.0,3,37.50462967015687,51.361544256760006,0,6,0,1
853,0,1,3.3079793362219108,-1.2950448430777959,-0.2914817114403756,0.0,3,75.60770070404017,46.5380956474048,0,2,0,1
854,1,0,0.8794872056955819,2.2783290827195954,0.2811476954527183,0.7793773489419937,3,85.01793597744961,79.8476124858286,1,4,0,1
855,1,1,0.6700483785385182,0.4161789693310711,-0.5352721679975707,0.0,3,57.38123891148574,62.96865073668318,0,4,0,1
856,0,1,1.8992340041127982,-0.4632967976065013,1.0231891579449017,0.0,3,41.982112468764804,57.82834280052447,0,6,0,0
857,1,0,1.6043479390600603,0.20892801170946385,0.4378151914624546,0.0,3,54.77266376583616,61.548437613103424,0,7,0,0
858,1,0,1.6984372003035193,2.072725356964957,0.0627867950497311,3.4692390857214166,2,83.82863631764243,80.79526437746628,1,5,0,1
859,0,0,1.7599161379417503,-0.15960411343738043,0.5886440029990809,0.0,3,42.829816101098636,51.753242812128605,0,3,0,1
860,0,0,1.645486086178446,1.5460691012540668,1.1452350288386104,0.0,3,73.04776381640022,63.9425875517305,0,1,0,1
861,0,0,1.2933998184186577,1.7780095188239928,0.5498070256360704,0.06630424772894217,3,74.35130325316186,71.06960099907799,1,3,0,1
862,0,1,1.1755649477701313,-0.6686979718592799,-0.574122153707407,0.0,3,39.0895809847163,49.5525918198284,0,4,0,1
863,0,0,1.0450128101388192,0.29256583881787085,0.47672940902916033,0.0,3,100.0,61.85121935402462,0,4,0,1
864,0,1,1.6659372626376392,-1.0844580845216458,-0.38499672632500576,0.0,3,33.03053617869246,47.19474878823934,0,5,0,1
865,1,1,1.1110674414236883,-0.7317191033359499,-0.12488708940336447,0.0,3,38.965194770230326,50.711700534680425,0,5,0,1
866,1,0,1.640282559159469,0.44694648725441893,-0.1537037410514602,0.0,3,57.131551080048794,62.19295022861226,0,4,0,1
867,0,0,1.0508487862955724,0.9307819884571576,-0.0663202622893989,0.0,3,62.14807271837784,76.97511907890576,0,8,0,1
868,1,0,3.2177144750195157,0.2524671509427738,1.6872821626222194,0.0,3,53.2397967476449,48.313177567529436,0,1,0,0
869,1,1,1.7454478579045503,-1.5523220634568413,-0.2825988530220979,0.0,3,27.36343991392101,44.503134396262894,0,7,0,1
870,1,1,2.361886088013617,0.6133890769545212,2.232700050227406,0.0,3,59.545703743774745,63.54208340560503,0,3,0,1
871,0,1,3.731660677501506,0.5637816248181339,0.8120346793486042,0.0,2,56.623963743352405,61.28343090042981,0,3,0,1
872,0,0,1.084539755800833,-0.00038336486507070926,0.46745470694767033,0.0,3,48.465938165917876,56.26374839453426,0,6,0,1
873,1,0,1.3846202998955306,-2.609251861189042,0.1660901948135327,0.0,3,11.842670452621741,27.40209363070574,0,2,0,1
874,0,0,2.351577623924366,-1.1605992192808086,-0.358927514576008,0.0,3,34.30926074939269,45.16328290450069,0,3,0,1
875,0,0,1.94491775246532,1.8227378700642223,0.2556226054655697,0.5347848115213751,3,70.99576407527842,83.98636016788716,1,6,0,1
876,0,0,2.599443589805539,-0.4167093945827328,-0.2253308401477252,0.0,3,43.84325697219815,66.46265345714461,0,11,0,1
877,0,0,1.1216603621212167,0.3010058213694173,2.0613128214558585,0.0,3,50.69053658035588,70.06884783346099,0,7,0,1
878,0,0,2.3404957619454767,-1.6643971544345881,0.4570020630732855,0.0,3,24.730024090576023,46.17982436297178,0,8,0,1
879,0,1,0.87456282579677,1.3562672650807204,1.602697659418459,0.0,3,69.44460847458166,79.4038130293222,0,8,0,1
880,1,0,1.1008963606752098,1.5603746934216696,0.05481132071878413,0.7440708276036132,3,71.34724347080923,75.0992229497047,1,4,0,1
881,0,1,1.4156526940863483,-0.4718179784601469,-0.09806173367278086,0.0,3,40.754539715078394,53.36616376938342,0,6,0,1
882,1,0,0.7466608265933602,1.4281218576054486,-0.6721774545192836,0.0,3,72.38549068841535,75.69584137772507,0,5,0,1
883,0,0,1.1587414080964606,-0.5688826204366206,0.7609302574997197,0.0,3,42.22713448701073,53.188874815041274,0,3,0,1
884,0,0,1.5068466339526077,0.16458191658853227,-0.10468783353719306,0.0,3,53.899666620532294,55.83960843309434,0,3,0,1
885,0,0,1.3625457277858166,0.9687901267861236,0.26741021163075457,0.0,3,64.605440712523,69.20910022857055,0,5,0,1
886,1,1,2.787640320247914,-1.2918395393586144,0.7716634331100161,0.0,3,33.08586692796865,35.393132568389625,0,5,0,1
887,0,0,1.024382046683517,-0.8164995453999085,0.9284049030049327,0.0,3,39.27676404279633,52.09071135946122,0,6,0,1
888,1,0,1.2680257065838554,1.3256673721667531,0.4118344361741517,0.0,3,69.32436497791943,63.973160129117844,0,1,0,0
889,1,0,0.7396007149633222,0.3391108087354586,0.6347312397334052,0.0,3,51.83309118724643,73.19259167346259,0,9,0,1
890,1,1,1.1081803730543505,-0.9680302609334471,0.7194716273860081,0.0,3,34.49285077521986,49.10460182458227,0,5,0,1
891,1,1,0.9036905925363615,-0.7999553263947466,-0.232366380179409,0.0,3,39.36595243981977,46.8728166065829,0,3,0,1
892,1,0,3.055328440597048,-0.5917227888945381,0.8122855763518269,0.0,3,42.39167560882169,62.88802734557245,0,10,0,1
893,1,0,1.5269486360647486,-0.29050694126422844,0.6788973154213748,0.0,3,46.50728571679793,54.40525554040323,0,5,0,1
894,0,0,0.9236248374308744,-0.22168379832521032,-0.39690797366371794,0.0,3,47.01492880938357,62.603845644784315,0,6,0,1
895,0,1,3.766205566488064,0.5973484704392507,1.1644766488842968,0.0,3,58.07558790954894,60.98443611914267,0,5,0,1
896,0,0,1.162721293330071,0.7910148246815795,0.008553447934070434,0.0,3,61.64073716857134,79.0317031215031,0,10,0,1
897,0,0,1.2062613122209211,0.0002457291640023095,1.2678426493181976,0.0,3,49.907674139197304,65.80381006391396,0,8,0,1
898,0,0,3.518829109543746,-1.3570640043106867,0.31474790350498766,0.0,3,30.628227438630848,45.47680711179083,0,4,0,1
899,1,0,3.096510794222584,0.10529652760267552,0.6340659230764234,0.0,3,65.9645192635736,61.821629881112784,0,5,0,1
900,0,1,0.9183626759265612,-0.07674649856841645,-0.33176965352357396,0.0,3,46.74626502080522,57.607644529893975,0,5,0,1
901,0,0,2.592585628632975,1.727779624882196,-0.26694846804118977,0.0,3,74.81090478821741,73.83632282198363,0,4,0,1
902,0,1,1.2095192195575926,-0.13742215093563498,0.033555662558024495,0.0,3,48.64248568997436,56.0835077634233,0,3,0,1
903,1,0,0.9860494913799785,0.3467498030538665,1.9325222389291048,0.0,3,54.87170987019412,67.52306861250474,0,7,0,1
904,1,0,1.1928617034214724,0.31661138661631405,1.364011885814668,0.0,3,55.076035866438936,69.63721508194091,0,8,0,1
905,0,0,3.5615390967599927,0.2644527905886869,0.5142999554234751,0.0,3,53.534633553460246,65.40265287469678,0,7,0,1
906,1,0,2.6850057425296776,-1.7079775585388637,-0.016288588058895267,0.0,3,24.77915007902279,39.80712334746188,0,3,0,1
907,1,1,1.9402154927330575,1.4394522014021964,-0.4031376348437416,0.0,3,93.04362364982833,76.31625692983916,0,7,0,1
908,1,0,1.5430092932856547,-0.09692065122329542,1.2327143747265046,0.0,3,51.550478557077284,62.124554450816206,0,8,0,1
909,0,0,1.5889356725779622,-1.135056456859362,-0.6480554543453374,0.0,3,34.076439477632015,48.93207094694654,0,5,0,1
910,0,0,0.9415984205583253,-0.36525393210383034,-0.30022921230521393,0.0,3,48.056779529464315,56.504096715426584,0,4,0,1
911,1,0,1.2896532606154238,-0.21526832325444764,1.7007382945472413,0.0,3,46.47342951599527,53.314096517756425,0,2,0,1
912,0,1,1.9717032727742736,-0.9787794194207126,-0.04311690055230975,0.0,3,35.61041981105505,53.14149933432145,0,6,0,1
913,1,1,3.381247998509608,2.9032411777906266,-0.0040082656094762945,1.567890293366114,3,94.17031128989699,97.1293939329329,1,9,0,1
914,1,0,2.607243944546075,-1.1361816814031145,-0.6169613579305739,0.0,3,31.757113330466368,50.62553041717446,0,5,0,1
915,1,1,1.3068873714233111,0.552282407079406,1.1912519585685448,0.0,3,57.86433069491077,69.35946490097325,0,4,0,1
916,1,1,1.707934418926296,0.605576486423666,0.10107885353330172,0.0,3,59.28950366477541,70.82937374581289,0,7,0,1
917,1,0,1.7461350998352934,1.3296393236587132,0.5525602118152287,0.0,3,71.44028201502121,67.96726330760922,0,3,0,1
918,0,0,3.2904841460695002,0.838490642043167,0.08166499067333527,0.0,3,60.49538151951996,57.84417060325117,0,0,0,1
919,1,0,2.175751373907644,-0.46323647916682426,-0.5202996212043727,0.0,3,43.03010853551254,67.89841831157054,0,10,0,1
920,0,0,1.6945140687003413,0.47685253814698075,0.5982037362548227,0.0,3,58.113242735928814,61.863045589812664,0,4,0,1
921,0,1,1.6713576501274943,0.7571763994859732,-0.4388487979434716,0.0,3,61.37198240054236,68.35727647733069,0,5,0,0
922,1,0,5.925654748884674,-0.8822973667902143,0.35944472339513567,0.0,3,36.973852916512534,42.6323121460247,0,1,0,1
923,1,1,1.305273577218702,1.4480786158235273,-0.42311399112733855,0.5311988965519345,3,73.95318063277777,68.58187534318463,1,5,0,1
924,1,0,3.4890325089439274,-0.3920834814510669,0.14339758429689808,0.0,3,47.35094332177872,53.59432469370694,0,8,0,1
925,1,1,3.181615285005547,0.34521609399189523,-0.2564341186226133,0.0,3,54.94336676755075,64.53482187113998,0,6,0,1
926,0,0,2.216145421934861,0.6397864739954338,0.23849177287660567,0.0,3,61.89403131860246,74.37686247822135,0,8,0,1
927,0,0,1.3823348765259065,-0.7842373378057287,-0.4373402098296732,0.0,3,38.72300160205479,51.52259031908532,0,5,0,1
928,1,1,1.6853338008619025,-0.6828798075505268,0.4771905296509908,0.0,3,38.091732478281465,44.11897197236213,0,2,0,0
929,0,1,4.20512809013195,-0.28957963298202594,-0.49871151418100673,0.0,3,45.7556527543625,55.11484788804054,0,4,0,1
930,1,1,3.257345600287447,-1.9588593405738344,0.6642535612277958,0.0,3,20.257476960244784,50.453767833290854,0,9,0,0
931,0,1,3.413544735579429,0.05774911795432544,0.08473963904572865,0.0,3,52.714161836541166,55.13749444479336,0,5,0,0
932,1,0,0.5867313874899088,-0.05087829418777937,0.17033836576416148,0.0,3,41.42577634655113,58.91078518256794,0,5,0,1
933,0,1,2.8330834568699523,1.060001954214991,-0.30012382456510367,0.0,3,66.26752204667693,71.42588547266183,0,4,0,1
934,0,1,1.891027175832643,0.1248139992450107,1.1986186684444078,0.0,3,51.695187689924815,61.305778236472605,0,6,0,1
935,0,1,1.0364078489734574,0.06990582094124294,0.48935382414697004,0.0,3,57.90048418382022,69.99788013214894,0,8,0,1
936,0,1,1.3740281504972847,1.1864777798896469,1.1422245842647574,0.10507576002842745,3,67.3295715767049,73.42429945660166,1,5,0,1
937,1,0,2.4297525733509,-0.21513962554860747,-0.4782559551324671,0.0,3,46.631750310176486,53.41467585642115,0,1,0,1
938,0,0,2.5952691631408342,-1.0012079046665905,-0.26979606167361897,0.0,3,35.351438222502345,41.65690575926859,0,3,0,1
939,1,0,5.743173718596607,0.4067436093516241,0.35011146311616187,0.0,3,54.84253765722089,64.16222669251938,0,4,0,1
940,0,0,1.7594819682803342,0.006894418984994517,0.18023485740621947,0.0,3,48.72635484311178,65.08443790113004,0,4,0,1
941,0,0,1.0963332940612585,-0.20339162193909624,-0.22210792119815953,0.0,3,45.77979300460963,56.891285457781805,0,4,0,1
942,1,0,1.0684513003078329,-1.148252332795646,-0.15524613745863278,0.0,3,86.05155400706388,50.3470571311673,0,6,0,1
943,1,1,1.4256881004495592,-2.5715840780650057,0.6044892326882113,0.0,3,15.630026055071585,34.20026226435544,0,5,0,1
944,1,1,1.5385856366473727,0.3364000654318018,0.38294431267734436,0.0,3,54.68832240061061,64.88527187419584,0,6,0,1
945,0,0,2.340394441025471,2.947378353607255,1.1181429797757816,6.30120249131695,2,100.0,94.61595247142729,1,5,0,1
946,0,1,0.9243709466241701,1.1862961703351487,-0.6079763517923549,0.0,3,66.12279553714465,66.46431848816736,0,2,0,1
947,0,1,1.3741220288341518,-1.00621339557032,-0.6420480105168194,0.0,3,31.66384686077308,49.817502452856495,0,5,0,1
948,1,1,2.9902573041672817,-0.7002841075967307,-0.4203851359708972,0.0,3,39.95885252152522,51.88535037522365,0,5,0,1
949,0,0,0.9242036858998791,-0.5855546062164857,0.05952975395178629,0.0,3,48.12199042868861,52.629554889442424,0,5,0,1
950,1,0,3.3280349221474346,-0.17122971935687062,-0.17997840259464215,0.0,2,48.79222556748007,63.339882945359165,0,7,0,1
951,1,1,1.6144304538379917,-0.5596317614577326,0.05285944622788804,0.0,3,43.73485880898087,49.00078940942365,0,2,0,1
952,1,0,1.4927632389054895,-1.233406185890559,-0.4189595331689291,0.0,3,30.69367700773439,55.00503294820367,0,8,0,1
953,1,0,1.6739524390534959,-1.5692076435132167,0.3711227648101242,0.0,3,24.841241261109083,44.995645635099564,0,5,0,1
954,0,1,4.083005775408826,1.1832775525276582,0.430624238344825,0.0,3,69.78445888433012,74.36117551788506,0,9,0,1
955,1,0,2.6385861652557394,2.220056386869935,2.3451859192299747,1.2994378730142586,3,81.88167324623862,83.92216219515953,1,5,0,1
956,0,0,1.9379276432286683,-0.5060555358559693,-0.3377286592940011,0.0,3,42.09256088416043,52.748386812686995,0,4,0,1
957,1,1,1.8020484320287107,-0.07855181845830532,0.08024566166829568,0.0,3,49.45371169415913,67.36079126656018,0,9,0,1
958,1,0,0.8353089717459532,-0.6193844180187787,-0.6270873104533622,0.0,3,44.62934229543231,47.51718933669703,0,2,0,1
959,1,0,0.9129773595794688,-2.5869148171882963,0.10372535715595718,0.0,3,11.605107881761839,36.962817213923024,0,6,0,1
960,0,1,0.7772810125443705,0.27187712946633913,-0.06979113520050921,0.0,3,61.24184539365409,62.13484896702386,0,5,0,1
961,0,0,1.940416349316022,-1.5517753987486325,-0.012025105481229315,0.0,3,29.056898661153273,39.25317063774079,0,3,0,1
962,1,0,0.9942907416913854,0.6790363456846714,0.7079357277792364,0.0,3,62.987847540155435,63.45034205766946,0,3,0,1
963,0,1,2.7014351969159294,1.421115905496392,0.4126869798221056,0.0,3,69.71938428524521,73.95546544932992,0,3,0,1
964,1,0,1.0515483153373424,-1.8586346298717231,-0.3566562576169628,0.0,3,17.34715542062345,39.574652449713746,0,4,0,1
965,1,0,3.3783727334419855,-1.195113539064008,-0.17829989828015058,0.0,3,26.411088753199095,41.65917077724027,0,2,0,1
966,0,1,0.5717021922296566,-0.5662734096147732,0.2437390336317855,0.0,3,65.78455381622854,60.22196045875845,0,8,0,1
967,1,1,1.274196337032567,-0.24194324138620632,0.17819173095707938,0.0,3,47.29557930974814,51.243751945903476,0,8,0,1
968,1,0,2.4354481673364607,0.22091371909061144,0.021340957791482946,0.0,3,54.07429283069518,58.54623056542527,0,1,0,1
969,1,0,2.6933480325069343,0.5069807926934818,-0.42971940529254754,0.0,3,0.0,60.944398016002,0,6,0,1
970,1,1,1.1340790349365324,0.8699542394797151,0.30811148322801274,0.0,3,63.22176858128979,72.09178692609387,0,9,0,1
971,0,1,2.5517774328135583,1.8883999034480412,0.17766290046145966,0.654584180693569,3,78.22912470341717,74.36172861761243,1,3,0,1
972,1,1,3.1494778844888964,0.9693487292030385,0.4300672612270236,0.0,3,64.91593697157988,71.17297717765797,0,6,0,1
973,1,0,3.244285874571968,0.510573534971534,0.6605385389168545,0.0,3,58.41874873646546,60.81176124848429,0,4,0,1
974,1,0,1.4542497685780307,-0.18688979817294502,-0.5246210175078448,0.0,3,46.105698520414855,60.528157914437905,0,8,0,1
975,0,0,1.099797615981189,0.1495463004597384,1.1781001492647591,0.0,3,52.60346631230339,55.750739122577684,0,3,0,1
976,0,0,2.8318741307849216,-0.8059907543893199,0.24812156424001192,0.0,3,39.79067106400816,56.79336990298421,0,7,0,1
977,0,0,0.7681308374800865,0.2016613249387117,0.44482022590481135,0.0,3,47.704944826691296,64.95926243521104,0,7,0,0
978,0,0,3.487376200707457,0.2851734287479781,0.6501069482751369,0.0,3,50.56862090488786,56.3995764259719,0,4,0,1
979,1,1,1.4200193417182574,-0.044039283542690065,0.7316524787030508,0.0,3,48.823340944257254,61.29475796853335,0,2,0,1
980,0,0,1.3858455463060046,-0.029010703966195428,1.8857810562755608,0.0,3,50.52558705154062,59.080274829659174,0,3,0,1
981,1,0,3.4957528425787885,-0.8133517281355273,0.9050875172657842,0.0,3,31.759375892949784,49.434018605559984,0,4,0,1
982,1,0,0.824251311881576,-2.5851539029585755,1.3986449381899462,0.0,3,10.849187736195299,35.88123247112074,0,6,0,1
983,1,0,1.6714647154704132,1.6000057818786864,-0.4201610736673425,0.0,3,74.47188515987914,73.02953286422407,0,4,0,1
984,0,1,2.077695047880431,1.5612251965246304,0.42407395664876546,0.0,3,76.48923402019317,77.8659762933164,0,6,0,1
985,0,0,2.6714627769030455,-2.603127176531545,1.7800601050157707,0.0,3,11.398997625400337,30.93591939187892,0,3,0,1
986,1,0,1.6736779499050245,-0.08927125070664726,0.2630682751351771,0.0,3,41.68564632077298,58.211585553054725,0,5,0,1
987,1,0,2.1598538755237606,1.38954504244987,-0.30614705776547607,0.0,3,70.27467260162693,82.31452219030798,0,10,0,1
988,1,0,0.9255461560612276,0.3608684801481267,0.46595316741981835,0.0,2,57.261809089099245,64.60801070461308,0,4,0,1
989,1,1,1.7185202343383317,1.9050488646811148,0.14793958518963385,0.06381667031355226,3,77.94175278041637,79.92507882283255,1,4,0,1
990,0,0,1.8348156993955989,-0.47785653728560484,0.3594980074640947,0.0,3,42.00599135091495,63.025021793406474,0,8,0,0
991,1,0,1.3652677938412086,-0.22649318266689164,-0.41072841336865806,0.0,3,47.892605205571904,53.02509166934131,0,2,0,1
992,0,0,3.2525782235040057,-0.4938701429275178,0.5822710249868637,0.0,3,41.91695330308058,46.03138443267541,0,2,0,1
993,0,0,1.907898693456468,0.6323032797201248,1.218833321892771,0.0,3,60.7363321262989,61.69469941413556,0,2,0,0
994,0,0,1.6807256207579506,0.9452189925339209,0.1287217465972248,0.0,3,64.52764437689851,75.49077338565233,0,8,0,1
995,0,0,4.428900645467716,0.888584022178601,0.9656757382217512,0.0,3,62.2152011415602,60.0151018177132,0,3,0,1
996,1,1,0.8693842991039435,1.5654649761366473,-0.9363425884819007,0.0,3,69.81341639529442,73.52500542871489,0,3,0,1
997,0,0,0.9886727607969954,2.2106280232511017,0.24546166739494243,0.28569944987216656,3,84.81794638666709,72.19199061247986,1,2,0,1
998,0,0,0.5117836585773168,0.4409167915667096,1.463922684690394,0.0,3,49.33941541355233,59.85002774621786,0,3,0,1
999,0,0,1.8178233992830908,1.4708634491838315,-0.17490882022606188,0.0,3,71.52449501473605,76.59180608419412,0,6,0,1
