candidate_id,G_Gender,S_ImmigStatus,U_wealth,U_prob,H_policy,C_shadow,X_uni,X_code,X_behav,X_ref,X_exp,X_permit,Y_Target
0,0,1,0.4623546633578715,0.006850972365365634,8.122699969222936,0.0,3,50.21862449256534,61.22031012651552,0,3,0,0
1,0,0,2.168105062162221,-0.5494124929460726,13.982528758250632,0.0,3,24.288349074430233,44.58969151773436,0,4,1,0
2,0,0,2.1241473024443667,-1.8527377033852799,15.837381896877833,0.0,3,20.700277515335,34.111460873058476,0,6,1,0
3,1,0,1.770586619682461,-0.6185955753766632,14.234454741404843,0.0,3,44.94047388796271,32.03892870270511,0,3,0,0
4,0,1,1.6039061849206013,0.6670245918605623,5.057368790547986,0.0,3,62.58562023599591,75.65023720267479,0,6,0,0
5,0,1,4.1063649854497015,1.8675238578313744,4.302343861171809,0.875435256211564,3,78.49299414495881,93.17167647947868,1,10,1,1
6,1,0,0.6414317025526948,-0.03379431326870276,16.266338318866083,0.0,3,52.97521913162158,40.89210220484431,0,5,1,0
7,1,0,1.8572351656604724,0.4119487971152264,14.956840832385376,0.0,3,57.79938080819873,41.68209452681671,0,5,1,0
8,0,0,2.6883721168142887,-0.7529623114297308,13.086214383799149,0.0,3,39.42931650891801,53.817001905311926,0,8,1,0
9,0,0,1.9093978924730746,2.14144984077111,6.56699073158714,0.6861903891836144,3,82.74412744378172,80.33526755461823,1,9,1,0
10,0,0,0.84534555596186,-0.48928157028945163,15.378910959011158,0.0,3,47.06609642034435,43.846065771855294,0,4,1,0
11,0,0,1.9640920150835546,0.01718226970082197,12.604456508988218,0.0,3,49.30727395773174,51.27019187112148,0,5,1,0
12,0,1,4.537134544403262,0.6366796367699975,9.019554132423568,0.0,3,53.61292013035539,61.62979919074219,0,5,0,1
13,0,1,1.007062807861745,0.309537984298419,7.745767708430971,0.0,3,54.17957900721204,61.15892200886986,0,2,0,0
14,0,0,1.8435785126706503,1.3104461647680556,5.763011979362015,0.0967361889123578,3,69.93520182137698,74.94116122267778,1,10,0,0
15,0,0,1.6500979687426054,-1.038866028823427,13.544731652700504,0.0,3,0.0,39.26915770642174,0,6,0,0
16,1,0,2.1986011709023616,0.11249146362502617,14.906432821538035,0.0,3,52.359944560306126,36.18433856088795,0,3,1,0
17,0,0,1.5416655303694973,-0.08213214426225564,10.598595137245516,0.0,3,48.77775723239905,44.56682978458452,0,2,0,0
18,0,0,0.289173676271474,1.6008913906290771,10.346427204302161,0.2696516597521985,3,65.58443786054634,64.11065163105349,1,2,1,0
19,0,1,0.6789436624522672,-1.5960129729592016,13.299820112720488,0.0,3,26.312434751429148,49.63977298064072,0,8,1,0
20,0,0,1.463317788945389,-0.3915608069105026,15.629776704790476,0.0,3,46.56246210625446,38.04520863963976,0,2,1,0
21,1,1,1.838978546702872,-0.4321759186335382,9.374200821848218,0.0,3,43.84867677873578,55.70739311838699,0,11,0,0
22,0,0,2.857067707161127,-0.3883841673754024,14.176758340476066,0.0,3,44.13434282042111,45.41165561050869,0,4,1,0
23,0,0,4.983866219147569,-0.8880220063082855,14.316725619669754,0.0,3,35.181421652000644,46.74697211085967,0,8,1,0
24,0,0,2.2278531696794945,-1.7558474869405827,15.241207797884673,0.0,3,23.890413954571393,41.255020892318974,0,9,1,0
25,1,1,0.9375530226944166,0.9697318776680836,11.087024748056612,0.0,3,63.47721841317956,58.37261394749171,0,5,1,0
26,1,0,1.2530359918095337,-0.00752528367869875,14.883427524218531,0.0,3,49.1074863111917,42.75561418194666,0,5,1,0
27,1,1,0.6073880231012877,1.3560458611357067,8.426582239082355,0.0,3,70.98615873023014,58.20383511104295,0,7,0,0
28,1,1,1.4334697067382056,1.6004697028648531,9.333506412964319,0.0,3,75.11995943516581,66.1467828653251,0,6,1,0
29,1,1,0.9791163667729696,-0.7295046961847649,11.955743650943393,0.0,3,39.64158226418702,40.34336118248925,0,0,0,0
30,0,0,2.2808378097546895,-1.859543806494426,13.265760993730275,0.0,3,23.12978160413121,39.05368672776601,0,7,0,0
31,0,0,2.46408695078201,-0.20979956083089826,13.47255001945502,0.0,3,41.54738953759246,50.814575004968155,0,9,1,0
32,0,0,1.7027292181752878,0.41171923351034834,11.105673661299814,0.0,3,54.58250691466089,62.18942057163836,0,8,1,0
33,0,1,5.255719157908777,2.2136664074635135,6.027569230579135,0.5578548176878996,3,81.71889005662777,84.14986804923441,1,6,1,1
34,0,0,1.3929380383706549,1.0124783902224008,7.683886156609099,0.0,3,70.16689124271124,60.26595378003546,0,5,0,0
35,0,0,1.790620172399078,0.5734545099310956,12.740399505195729,0.0,3,59.21285217482237,49.03581173662731,0,2,1,0
36,1,0,2.017095651137438,-1.28373880309064,17.59190033453061,0.0,2,29.447491687982055,28.006546707813776,0,4,1,0
37,0,0,1.255410745190838,-0.583257603854132,11.07126845722997,0.0,3,44.02685376571656,48.12688433738615,0,5,0,0
38,0,0,2.3652449099139563,-1.0235009044467307,12.58319499851292,0.0,3,39.39964996818372,48.4446879122173,0,7,1,0
39,1,0,0.9734168403646863,0.34013317463452786,12.575866392423094,0.0,3,55.386567311446186,38.7001289803993,0,3,0,0
40,0,0,1.3251467806744222,-0.3049506949156519,8.80183610527532,0.0,3,46.14629223256746,55.554930306227796,0,9,0,0
41,0,1,1.2112939633686615,0.17737288641046217,10.432962227287684,0.0,3,51.25808832948233,63.45429247330538,0,7,1,0
42,0,1,3.7770580137018515,0.5275805403963788,9.288086285925257,0.0,3,57.299065413192835,69.05178688040799,0,4,1,0
43,0,0,0.9350423714468165,-0.5919592012662631,14.966451182521563,0.0,3,40.60536614666823,44.12700718049946,0,5,1,0
44,1,0,3.264079066885152,1.5283247446993793,10.706169740006892,0.0,3,68.93193201357694,50.23849963210902,0,1,0,0
45,1,1,1.6445668200631647,-0.7755015588657113,15.653207472997575,0.0,3,39.122721733347944,43.89021356885144,0,6,1,0
46,1,1,1.6127052666138884,0.3847387149254034,13.137426785051177,0.0,3,55.842838091597905,51.20663757956456,0,5,1,0
47,1,1,1.6901398151766038,-0.8052975262029287,10.066324373602674,0.0,3,39.01578126983204,48.23225059203214,0,5,0,0
48,0,0,2.5944771518508856,0.34634402764257743,12.823987412567673,0.0,3,53.768783182035875,55.55179083248187,0,5,1,0
49,1,0,0.8470302208923878,0.9081490846452591,11.410795821311758,0.0,3,63.14773010498252,47.474563007695224,0,5,0,0
50,0,1,2.361149288301414,0.050605604908913096,9.653063455139362,0.0,3,52.88791095469821,55.81794755590001,0,3,0,0
51,1,0,1.9786687836265289,1.328935999853392,12.361393939836963,0.0,3,71.51922459322584,52.00602943467644,0,5,1,0
52,0,0,1.5513363958417359,1.9370969774160967,8.918711748533962,0.48116551963244425,3,78.60164440351048,70.578826914908,1,5,1,0
53,0,0,3.47248780016361,0.5547686489237689,9.412216783563661,0.0,3,57.7608198818477,53.52803476864475,0,4,0,0
54,0,0,2.709091946059954,0.092407294736998,13.697247924530355,0.0,3,51.19255654643442,47.97511834470226,0,5,1,0
55,0,0,1.4600448429331,-0.04131251435037941,9.622944951802582,0.0,3,50.37033997546744,50.742526107949395,0,6,0,0
56,0,0,2.5838720765268324,0.4660488796490922,13.885758982921194,0.0,3,55.1863875231354,47.26839723046669,0,4,1,0
57,0,0,2.286422813390745,1.2065948313109824,8.057061081331327,0.0,3,71.6356438829081,60.09839905328095,0,5,0,0
58,1,1,1.2641634159940232,-1.3449611182438355,12.103868213247733,0.0,3,36.71352350171286,40.78592645584098,0,7,0,0
59,0,0,1.1840863158900345,-0.15983010036969655,12.327463710467658,0.0,3,47.622385319616335,51.47374107497574,0,4,1,0
60,1,0,1.9560813214020707,-0.0694600866299932,14.856163992073325,0.0,3,49.17583523028264,41.93453508167225,0,5,1,0
61,1,0,1.40206971678338,0.7975503517919363,11.329313026671942,0.0,3,71.18825288302777,54.74659089268585,0,6,0,0
62,0,0,1.7466089953041262,0.41608602916016135,11.006729177338642,0.0,3,56.79961855900969,59.03328922891811,0,5,1,0
63,0,0,2.051290886722096,1.0698489632930885,8.052193496749725,0.0,3,64.62000017658052,58.67156463887182,0,5,0,0
64,0,0,0.9673079541546178,1.0384846019032092,11.329361006334274,0.0,3,61.09771724774076,60.02472849325671,0,4,1,0
65,0,0,1.0726000536532765,-0.07183624908682032,14.187985468100743,0.0,3,49.66841734840073,43.307239495524186,0,3,1,0
66,1,1,3.4099582061065297,0.13080492558668766,11.95578234044648,0.0,3,51.98859532184993,53.27523744914593,0,6,1,0
67,0,0,1.5137508324494684,0.016732225239755625,9.669929774430512,0.0,3,49.29789454770119,48.43655792118434,0,4,0,0
68,1,0,3.333503747301831,1.9061018156940148,12.09848813584833,0.9321194652674597,3,77.61710601678345,52.87978742514127,1,3,1,0
69,1,0,0.5328155317534922,0.43172241539403644,11.109651645378875,0.0,3,55.59523406515413,46.54016827438704,0,4,0,0
70,0,0,0.780191236999259,2.3963361915248753,7.977946795730584,0.6294797121383464,3,86.58736595958815,77.59071216076988,1,7,1,1
71,0,0,1.5776052642043503,0.5206000224907633,11.253905044755337,0.0,3,57.76006533897367,57.88462420272596,0,5,1,0
72,0,1,1.9420127760183399,0.337134617033522,8.584539174857627,0.0,3,57.97190593563961,62.83525470189737,0,5,0,0
73,0,1,0.7657198886628518,0.860393641102317,10.204405408228576,0.0,3,63.5874872469939,66.76085715625541,0,4,1,0
74,0,1,2.6650133956983333,-0.8414938166997203,13.939384753352142,0.0,3,59.25468275043231,48.796504852436804,0,4,1,0
75,0,0,1.6565382845729775,-0.20879913890340632,14.175711096395505,0.0,3,47.993641108096476,42.700580366696,0,5,1,0
76,0,0,0.8460386521749915,0.5230607295866879,8.49408694989042,0.0,3,57.93371832556279,56.71814462142242,0,5,0,0
77,0,0,1.478166621049334,0.9817036768177596,13.271519572895961,0.0,3,64.03409286866992,52.16088181145124,0,2,1,0
78,1,1,1.1095218540043146,0.39735834149057503,11.996912456258821,0.0,3,55.833963708201665,51.19027777114791,0,3,0,0
79,1,1,1.0073086326155072,-0.3464813213767485,13.573679561152613,0.0,3,43.74625376419133,40.192985752523036,0,3,0,0
80,1,0,0.8329031732091001,-0.797387498687778,17.54282573288615,0.0,3,29.853518957726997,29.02882619127439,0,2,1,0
81,1,0,1.7486769106383633,-0.7768552329792959,17.279368163589407,0.0,3,38.56150744189327,26.75855322575512,0,3,1,0
82,1,0,1.989088094379544,-0.6483742971595823,13.909704629787342,0.0,3,37.60612251506272,32.765660459010036,0,4,0,0
83,1,0,1.4191815633520373,1.3553254670720623,11.299062185968538,0.0,3,70.14067736735251,57.847158575393046,0,6,1,0
84,1,0,2.549304110826066,-0.44542307900171857,11.869484873609187,0.0,3,42.317702352207654,44.30653964022472,0,7,0,0
85,0,1,2.765469194672769,1.506852358604883,6.24883831023296,0.42104145439833485,3,73.2604852564462,81.175984774975,1,7,1,1
86,0,0,3.903753577522516,0.03835085856747817,13.735319789601071,0.0,3,50.939452115836424,52.860664105614624,0,6,1,0
87,1,1,2.822958419397921,0.29086000280505836,8.735988420691172,0.0,3,55.45645833985135,58.440536360226815,0,4,0,0
88,1,0,4.805102916574288,0.06968207975017914,13.051305561719042,0.0,3,57.74120126221932,34.74259790674055,0,2,0,0
89,0,0,3.21834442373372,1.4877122758854522,11.917395954731228,0.0,3,72.49164408622619,52.89896030369281,0,0,1,0
90,0,1,2.999404255841102,-0.5332266913744091,11.750822071850244,0.0,3,51.76855368491664,56.42532618094327,0,6,1,0
91,1,0,2.2811450609269093,0.4780743871739539,14.739265061618031,0.0,3,59.49338152196042,45.09692250927479,0,5,1,0
92,1,1,1.0765268176744374,2.5398917474973466,10.066980446339636,0.615486449052307,3,89.78410745589002,63.00433062300814,1,2,1,0
93,1,0,1.3990805943210336,-0.18754891887055505,14.943940855401905,0.0,3,55.321749000154966,41.53357060428401,0,4,1,0
94,0,0,1.968956350363179,0.09361797362682653,12.430061184663748,0.0,3,51.6718067172376,54.93307656464217,0,8,1,0
95,1,1,0.6278939769976118,0.780542167788061,10.479247647767108,0.0,3,60.3474153162283,63.602983493768264,0,8,1,0
96,0,0,1.4999147240615365,0.17598264024208154,12.537821615091959,0.0,3,52.310017709916224,53.918644691476665,0,4,1,0
97,1,0,1.591584496597525,-0.7651813230704192,16.2813459070546,0.0,3,38.2386522692791,23.147098667233365,0,2,0,0
98,0,1,0.5096276319161723,0.8625304449117692,10.227398714217003,0.0,3,100.0,50.7902491012373,0,1,0,0
99,0,0,2.2273768046804245,-0.4501017709678275,10.035601749044595,0.0,3,43.00271077940416,49.54762777401677,0,8,0,0
100,1,0,1.1450911474507566,-1.7097003186829756,18.145376197991396,0.0,3,24.515253125640076,27.9249798194987,0,6,1,0
101,0,1,1.4021938617975198,-0.7827340753605961,11.96959084621457,0.0,3,37.11339657017878,53.27867278042241,0,5,1,0
102,0,0,2.0973447743697924,-0.8747902372539403,12.31333382033952,0.0,3,37.7999326928872,53.37817402944494,0,11,1,0
103,1,0,1.1634338208562223,-1.1631007884319289,13.693174814376713,0.0,3,19.12601953670608,28.255582981540098,0,3,0,0
104,0,0,0.9406160166450127,-1.7812192308920873,17.711034598817527,0.0,3,25.40222800620089,31.17869683548305,0,5,1,0
105,0,0,3.151768458094712,0.00329312526665896,13.920910615561091,0.0,3,51.17965084790165,55.438985967835194,0,8,1,0
106,0,0,1.38295943770543,1.9540848817215823,8.06023981529303,0.440696338874096,3,81.24697927677693,68.3931105176718,1,4,0,0
107,1,0,1.5981136848838,-0.41039840440102604,16.525613326123494,0.0,3,43.42750465326495,38.658005716941425,0,7,1,0
108,0,0,0.9736108142996829,-0.48744547835926977,13.632095294308485,0.0,3,43.32638424182552,44.533050798897925,0,5,1,0
109,0,0,1.007596811862873,0.9511734850341517,7.235701187281288,0.0,3,1.1705888772438442,63.077669842307046,0,7,0,0
110,0,0,3.4482010079986742,0.685135446069728,11.065385973688153,0.0,3,60.41199392455554,60.73417147844203,0,6,1,0
111,0,1,1.481804209420669,-0.28702753767120615,10.040467857988496,0.0,3,45.66436088575358,63.141065914144114,0,7,1,0
112,0,0,0.8001657441337522,-0.6417186418682709,14.8335034793115,0.0,3,40.3551015805082,42.829295066039286,0,4,1,0
113,0,0,1.119149077311405,0.8435906081090668,12.116122129055551,0.0,3,61.744160166572726,58.59549854839301,0,4,1,0
114,1,0,1.9814827819858467,-2.514563134545438,19.258541276302132,0.0,3,53.86024144372545,19.45717468396419,0,7,1,0
115,1,0,1.8006479584376787,1.2673696915440156,9.2198534726343,0.0,3,60.65978717751367,56.36255365075847,0,5,0,0
116,0,0,1.2231549829121307,0.5153376361308472,11.875419779666204,0.0,3,53.79336926158998,55.26514180894878,0,6,1,0
117,0,1,1.1851497783016391,-1.379612440221991,13.93458867554159,0.0,2,33.93452787447561,49.65713055513145,0,6,1,0
118,0,0,1.4334247577028532,0.4950679671361408,10.132851606164918,0.0,3,57.137452317906124,50.43933717371908,0,6,0,0
119,0,0,1.3896799228506598,-1.2334498666854667,16.299981971153237,0.0,3,31.63975476735536,31.99106782810089,0,5,1,0
120,0,0,0.5723656083125596,1.8135291512922687,11.416581904298239,0.0,3,77.81095376928725,62.41767655599997,0,5,1,0
121,0,1,1.282036200635575,0.431670387678433,8.421084102700187,0.0,3,58.43337151207496,72.31456280641525,0,8,1,0
122,1,1,2.133531533795325,-0.1596505261675191,12.736161610104975,0.0,3,46.57781000827776,53.279653391361904,0,5,1,0
123,0,1,1.400492053498958,0.3151947572578169,7.621180922124519,0.0,3,53.6757688098019,65.7175707519769,0,5,0,0
124,1,0,3.069815820212497,-0.35340752375646356,15.106758826740867,0.0,3,45.97562153253378,38.87603615002851,0,8,1,0
125,0,0,1.6134754497956996,-0.17690531430932166,14.925728687778896,0.0,3,45.62483759692337,42.48765494896375,0,2,1,0
126,0,0,0.5928746232762774,0.4955724723939174,8.764982801623905,0.0,3,56.07384541579647,54.84397620219613,0,6,0,0
127,0,1,2.482353716077267,-0.4472757299369823,6.987512633071609,0.0,3,42.702590469135764,66.13138388701006,0,10,0,0
128,0,1,3.6661098146633404,0.6683773639278269,8.587471133986842,0.0,3,59.92569948055901,73.92356137035402,0,8,1,0
129,1,0,0.7945195763519959,0.9364774506444419,12.418583469496415,0.0,3,64.39444950745666,53.33276914357066,0,7,1,0
130,1,1,2.882284353756654,-0.7948792545821949,13.408243371110245,0.0,2,47.7533357202074,45.61563216140663,0,5,1,0
131,0,0,2.54085945555217,0.4111739394545145,11.441551898040535,0.0,3,52.705981264457144,55.565599299665486,0,6,1,0
132,1,1,2.9518950095532834,0.9585324726183818,13.17898048185483,0.0,3,68.47174631468513,50.19482884615029,0,1,1,0
133,1,1,1.2510631998014343,0.13012768857135681,12.762469056512076,0.0,3,50.57921696589339,53.085671665551246,0,6,1,0
134,0,0,1.5368517740646337,-0.13341808454754264,10.766015166732439,0.0,3,46.9292084763717,44.8226461558002,0,4,0,0
135,0,0,1.6844879242393587,-1.0144418740283423,15.474740042915688,0.0,3,34.21012609366733,36.86878031949695,0,4,1,0
136,1,0,0.7075444201044242,-0.6053512622337545,11.621812548476038,0.0,3,39.61449964239979,42.41683641083008,0,9,0,0
137,0,0,2.402888743591338,0.7242288128312333,9.00115186212369,0.0,3,60.84189553380342,53.86176367494204,0,6,0,0
138,1,0,2.438087611949649,-1.3479388311217466,20.03383063426583,0.0,3,25.641182382570257,30.00547019744512,0,7,1,0
139,1,0,1.0095837171729851,0.7240382414961158,14.36264091245024,0.0,3,61.33024834648233,42.08348268463806,0,2,1,0
140,0,1,2.6564764430503867,0.5097717474787914,10.364211950991661,0.0,3,57.271408609989614,62.22407003280284,0,5,1,0
141,0,1,0.8745176721705404,-1.0302488917337986,12.883602321911376,0.0,3,100.0,55.28919210312483,0,7,1,0
142,1,0,2.658513591971063,0.28565965535348387,13.282290963746243,0.0,3,54.19907451860919,47.71789392279142,0,6,1,0
143,1,0,3.913001515364729,-0.7476487778032402,15.308138901548991,0.0,3,46.20528551703494,39.630255233871694,0,6,1,0
144,0,0,1.3397476377585118,0.2174318269317756,13.858000227594614,0.0,3,52.986042349683515,48.31913867807643,0,4,1,0
145,1,0,1.1579684756648223,-1.3956244933630495,19.26132143053495,0.0,3,28.869608278640502,23.0844547210037,0,3,1,0
146,0,0,1.0481430021658857,-2.1405084567987145,16.98794224427994,0.0,3,14.798355641909845,28.87777084856705,0,6,1,0
147,1,0,1.315645640310015,-0.9370656838399158,17.505069630858504,0.0,3,36.233848249088624,27.87516855003482,0,5,1,0
148,1,0,2.5378068938381513,-0.07291019867571877,16.553903525961623,0.0,3,48.54081368894578,31.187368186449575,0,4,1,0
149,0,1,0.7335788107545618,-0.7200079918618036,13.99374181759913,0.0,3,32.94090800830619,51.39065138116595,0,4,1,0
150,1,0,0.6903571362692511,-0.3665475683741508,17.228562249061145,0.0,3,44.991032844410036,39.27000907985522,0,6,1,0
151,1,0,3.426735182774494,0.11028407869752446,17.195836850246767,0.0,3,38.93015605044739,33.96202928769425,0,2,1,0
152,0,1,0.3861312216408603,0.29414657030956426,7.139392431599419,0.0,3,54.05735794192754,62.992461340225525,0,6,0,0
153,0,0,2.147447738227698,0.2247671339704799,13.602550330891077,0.0,3,55.58404162363456,58.23281509099304,0,6,1,0
154,0,1,1.458378171655488,0.6124051898543496,8.043430135027883,0.0,3,57.795429586827915,77.25895186756264,0,8,1,0
155,1,0,0.836974312421744,1.4664840000363866,12.997404873321369,0.0,3,70.39698129250235,55.73571356999545,0,7,1,0
156,0,0,1.526488925657026,-0.760917614582324,10.027784660930323,0.0,3,38.75175903502381,46.841369716108986,0,6,0,0
157,1,0,1.7089083809074392,1.090502026654466,11.8480375535255,0.0,3,67.97111222011864,54.62782365972406,0,5,1,0
158,1,0,1.5559348038624923,0.9150592638454961,12.817006189664506,0.0,3,63.06591597816465,55.46065532769497,0,9,1,0
159,1,0,0.9166489712784593,0.21059021937216274,12.795333583211294,0.0,3,46.478646592505164,50.64661571418959,0,11,1,0
160,0,1,0.6828065426680919,-0.01705319435512935,8.075563678954964,0.0,3,48.73151267967785,58.12615027364842,0,4,0,0
161,1,0,2.2184289709995633,-1.6757790199541345,21.330279688295047,0.0,3,23.293889907035684,13.25888430455769,0,5,1,0
162,1,1,1.2026197818619788,-1.1403284893413244,12.231327624767834,0.0,3,30.36978660999283,42.15972629335201,0,3,0,0
163,1,0,1.5789306601232842,-0.3158240094203357,15.23314746473097,0.0,3,45.05203898494065,35.74221914099835,0,5,1,0
164,1,0,2.829020650857087,-1.0637313537253097,12.210372083980603,0.0,3,35.06925019974353,36.92638076095962,0,7,0,0
165,0,1,1.145284974939201,0.011759361149011044,10.70058676875261,0.0,3,50.92723988900393,62.783414660392644,0,6,1,0
166,1,0,1.542870615276031,-1.4230788374708636,17.950769654431042,0.0,3,27.826241121183553,20.947505511509423,0,2,1,0
167,0,0,1.2780409439301175,-0.6605408425905905,13.763524745008878,0.0,3,40.194630096656596,45.9520004232531,0,5,1,0
168,1,0,2.0455048820956607,0.8285764047009309,10.441365785136655,0.0,3,62.643923279901635,55.174377923659854,0,9,0,0
169,0,0,1.1218228876016112,1.077567474297814,7.286554659653746,0.0,3,67.39749597899173,62.22075078624227,0,4,0,0
170,0,0,1.1625670357636404,-0.2795351024481797,14.760364117402439,0.0,3,46.83463015739714,43.998290982283976,0,4,1,0
171,0,0,1.9212252889051806,1.3050545966494453,11.800646198275363,0.0,3,74.11478521139821,63.65003259091455,0,6,1,0
172,0,1,3.109384065392858,-0.6789869480508233,9.020633995255714,0.0,3,41.51269104680749,52.823322126786344,0,3,0,0
173,1,0,2.322421252168213,-1.0554939788456956,16.917228770550025,0.0,3,33.49283367939473,28.99943769246475,0,6,1,0
174,1,0,1.2219408217951528,-0.91644198391267,17.420286413871292,0.0,3,37.08739033284993,22.770905297115174,0,2,0,0
175,1,0,2.8052326360397406,0.09126869031614779,10.848254544213404,0.0,3,46.38793367063311,43.61095058298811,0,5,0,0
176,1,0,0.8716778996191866,-1.1757318779081676,16.417567897980796,0.0,3,32.800001825376754,34.57859730145624,0,4,1,0
177,0,1,0.8274435376309505,0.74553152659658,5.021697862201681,0.0,3,59.38730971479176,70.96583463437288,0,7,0,0
178,0,0,1.9324226000424771,-0.24184962650594782,11.32556094640925,0.0,2,54.41660023733168,54.122040354351206,0,7,1,0
179,1,1,3.00167118332134,0.5225159844713327,8.308480200816494,0.0,3,56.43733738897861,56.39996345542457,0,6,0,0
180,1,1,2.3855000683618455,0.3134109990383191,10.22518650561385,0.0,3,55.75673077140758,62.814147476851154,0,7,1,0
181,0,0,0.4403185635628863,1.6538799722158173,9.20808865763579,0.20070342541184444,3,76.37481312926944,70.52853649512502,1,5,1,0
182,0,1,0.9017552408197241,1.0272867443326954,5.1551260947791375,0.0,3,64.00319716702606,72.83144568121278,0,5,0,0
183,0,0,1.342452414418078,0.20334715056660288,9.536144980298195,0.0,3,55.11573939575522,65.72664842810308,0,8,1,0
184,1,0,3.425440014884388,1.8419653954698778,10.386307462360238,0.0,3,75.05991177022071,51.23132367113537,0,3,0,0
185,1,0,2.0001742045982778,-1.0004185555269898,15.433192222716217,0.0,3,25.0399441498527,23.616076750485625,0,5,0,0
186,0,1,0.8917651442883251,-0.44809950462857573,12.878884721551511,0.0,3,45.1379546665735,51.752165097623134,0,4,1,0
187,1,0,1.0938048016053847,-0.49514732325810457,14.853650173721212,0.0,3,41.36391789401965,42.08518059536296,0,9,1,0
188,0,0,1.9477982819097657,0.8197451167784243,7.799382090606644,0.0,3,61.19319921104972,63.03211341556385,0,7,0,0
189,0,0,3.4518472974730154,1.2846805849449452,10.66538906615758,0.0,3,66.91656459036102,64.49744372759534,0,3,1,0
190,1,0,1.8570008520522472,-0.7034645493552667,17.4391916276512,0.0,3,40.242183900878636,27.184201018348556,0,6,1,0
191,1,0,1.5933552293986177,1.1600043945878993,12.828599846980309,0.0,3,66.07374489186567,51.606615728591436,0,5,1,0
192,0,0,2.44203988479441,-0.6240504998694986,16.838098283256826,0.0,3,41.404409654284315,33.08443529365296,0,0,1,0
193,1,0,0.6925150194641474,-0.5620366295629471,13.963363999091843,0.0,3,61.19740677605505,35.559892923736996,0,5,0,0
194,1,0,1.108808993152458,1.9506600360403699,7.512563965234689,0.1400343556898906,3,79.35718731371547,62.107848665186125,1,5,0,0
195,1,0,1.5890042252038903,0.18644920462882075,14.69620768735732,0.0,3,51.13533259972223,40.66793709184079,0,2,0,0
196,1,0,1.6195106446852885,0.6947174829243895,10.769981062424405,0.0,3,60.535095072362225,45.43405359349749,0,7,0,0
197,0,1,3.267810202275663,-0.3639199099569482,11.067882697321314,0.0,3,47.324665732764615,62.16414406489158,0,2,1,0
198,1,0,1.4944764066373701,0.9507476197468093,9.217444332447096,0.0,3,71.87933839697641,51.71683828270976,0,6,0,0
199,1,0,2.775173510235419,0.21979371560470634,11.818657888932051,0.0,3,49.90828833249687,43.69065781390726,0,4,0,0
200,0,0,1.8939764939427066,-0.06613030781300211,12.336484097542662,0.0,3,50.16796576881943,52.45262116359016,0,6,1,0
201,0,1,2.3761293961582575,-0.6332187395980271,9.930945010589424,0.0,3,41.09358118986806,46.9638118421374,0,5,0,0
202,1,0,3.4647757102962324,-0.4629568273023241,13.114760276126443,0.0,3,43.17887788822408,50.5630618535981,0,10,1,0
203,0,1,1.6534038639549418,-0.17428085113381406,13.09555460642422,0.0,3,45.976112697422536,55.23665172733302,0,2,1,0
204,1,1,1.0491300489829458,-0.07526372873011232,11.740444863746873,0.0,3,46.900351891188684,48.1028864751848,0,4,0,0
205,1,0,1.0290256770668136,1.8117620435174304,11.333905947663911,0.3522812203644243,3,86.69983450556862,55.03213891525228,1,3,1,0
206,1,1,1.0855944305327299,-0.6193458201263907,16.743531879277988,0.0,3,41.161021430472196,32.5893938971644,0,1,1,0
207,0,0,1.9103292846438258,0.4695577261906403,12.199992436029381,0.0,3,57.49795637791088,49.185853520451566,0,2,1,0
208,0,0,1.5210633746454092,-1.2991677624185636,18.020467069420896,0.0,3,28.934296606310944,28.283443129573918,0,1,1,0
209,1,0,1.3575852554855077,-0.7863185826058937,17.21681365623109,0.0,3,38.1122460177731,32.56298793960553,0,5,1,0
210,0,0,1.2600259492084391,1.1743555264155796,7.397126243260219,0.0,3,67.98551270943685,61.345135532195705,0,5,0,0
211,0,1,3.134027420151299,-1.669356156096222,14.370231763950862,0.0,2,25.805371497557548,35.724125899825125,0,3,0,0
212,1,0,1.996617823933823,-0.05228828997498675,17.763102280187063,0.0,3,46.95981403058416,36.20328154167566,0,1,1,0
213,1,1,3.1008374609631595,-1.5721052190255485,16.38275658844941,0.0,3,26.536824990202213,29.309496819707245,0,2,0,0
214,1,0,1.8787855577452968,2.7475758677849353,8.91343294345251,1.8735706654001443,3,91.3099412307528,73.75955718522795,1,8,1,0
215,0,0,0.8497394486208715,0.39484397967685486,9.31196128181591,0.0,3,57.15737196025635,52.36132994449314,0,5,0,0
216,0,0,2.5131934542940586,0.18598256409681851,11.844128685654173,0.0,3,52.786218621132804,62.86247687893043,0,10,1,0
217,1,0,2.067861736059394,-1.0937603614057807,15.559255927852812,0.0,3,30.063581214185895,25.981422148422787,0,4,0,0
218,0,0,4.9612460057219,0.47451275639505996,12.125369304539332,0.0,3,59.038624616442114,54.158645162471345,0,5,1,0
219,0,0,1.4900107304320693,-0.15768779579694678,10.251696515421022,0.0,3,48.33457737134939,49.18035966097755,0,6,0,0
220,1,0,3.9402582347247925,-0.7584014439189098,17.477372114403632,0.0,3,36.079446289375866,29.51413901500306,0,4,1,0
221,0,0,1.7392561952006762,0.3174418374885834,9.551746919487682,0.0,3,57.39893343711892,49.89632885711925,0,4,0,0
222,0,0,2.4569773546197236,0.35053913918248586,10.036886709337347,0.0,3,57.912229111766386,61.467187918267946,0,10,1,0
223,0,0,1.1599972932164508,0.3915187268641936,13.51829721278669,0.0,3,54.885058304110416,45.75755417691948,0,2,1,0
224,0,0,1.183341731124552,0.13471627927100513,10.220262759993599,0.0,3,51.61791479421139,59.717849890125656,0,6,1,0
225,1,1,1.3600149498533929,-1.099193325036633,15.847800052669857,0.0,3,33.5078210367242,34.74267562599081,0,3,1,0
226,1,0,2.343082130819719,-1.1404200582855266,17.160813711554407,0.0,3,33.964801372591914,27.90253306246224,0,5,1,0
227,1,0,1.5759879505573209,1.563272437571315,9.572812546857497,0.1900514821090556,3,75.03178761652812,53.43562413093306,1,5,0,0
228,0,0,0.7738712716794341,-1.2254077778196,13.474043713697284,0.0,3,44.87852307643631,37.91366471500706,0,7,0,0
229,0,0,1.0111109700442644,0.2811051779791913,12.326580598201538,0.0,3,54.30657766475875,53.006831112452616,0,4,1,0
230,0,0,1.0854807991708417,1.213808047040078,11.142727727626909,0.0,3,69.50325454588044,58.742499165297666,0,4,1,0
231,1,1,2.77570009382877,0.994295967834009,15.108064996106659,0.0,3,67.0269289923206,44.63071637919872,0,5,1,0
232,0,0,1.2174202900283693,0.8016658217673545,9.050852773400376,0.0,3,61.785450241979085,56.8720555251089,0,6,0,0
233,1,0,1.5207239147279765,0.7939184750927696,14.094204053566736,0.0,3,60.79680810791435,47.85652317647171,0,5,1,0
234,1,0,2.1010790684266634,-0.11141040175226583,16.176143377635697,0.0,3,49.036697107709045,39.757517089194685,0,5,1,0
235,0,0,2.8836185607309965,0.07024716209715749,9.03403963449173,0.0,3,54.641869142261065,55.657712129504695,0,7,0,0
236,0,0,1.5153764970598056,-0.5309899890695523,10.832261986307726,0.0,3,44.99618010246189,48.09454302027858,0,4,0,0
237,1,0,0.7696010104790805,-0.4434758839787885,13.432718734262844,0.0,3,43.562041660600826,46.99592771867589,0,9,1,0
238,1,0,2.741123922761857,-0.7780681940371875,17.515463086990263,0.0,3,40.14247957937999,28.0974361000209,0,4,1,0
239,1,0,2.782007353043068,-0.6982891081576552,14.526030597139199,0.0,3,40.311975773707694,41.11728961961316,0,5,1,0
240,0,0,2.0325230838362507,0.5704107952935471,11.60402369383831,0.0,3,59.46244227799121,55.790118144983225,0,6,1,0
241,0,0,1.3447238305300135,1.082580324498672,12.861443923972988,0.0,3,66.21269612525559,52.66799468957673,0,4,1,0
242,0,1,1.7947303506623886,0.12300131308002323,10.481266749400438,0.0,3,51.77793688299456,62.271702398523374,0,5,1,0
243,0,0,1.00139024779755,0.013099195711462511,11.055805196886077,0.0,3,52.4977882033093,59.65242710556973,0,6,1,0
244,1,0,2.695623251919185,0.8942385739842265,15.682178465530088,0.0,3,66.71315308757266,36.985093641901564,0,3,1,0
245,0,0,1.4799764533534803,0.5486927253627599,14.188590218082508,0.0,3,55.29204510324359,51.09238026632467,0,3,1,0
246,0,0,0.7397222233390223,-0.03151298539070921,11.21031639971672,0.0,3,51.089586828962325,59.54592132656926,0,8,1,0
247,0,1,1.981061936175842,-0.4132370183979508,13.417411081818923,0.0,3,42.55804573977419,50.21258707609483,0,3,1,0
248,0,0,1.533795530045873,-0.7442689424708128,14.135329947033549,0.0,3,45.45439965101998,46.318093326286906,0,6,1,0
249,0,0,1.0420957221306995,-0.3631858351873861,12.059962301713663,0.0,3,43.11144297275875,47.59428130324569,0,7,0,0
250,1,0,1.9637175821921382,0.23403181921981678,15.17771955221446,0.0,3,53.883797162345886,39.159252439654544,0,4,1,0
251,0,0,1.1086935388679142,-2.2548140952080686,17.054615927924843,0.0,3,28.54860657892301,30.409419530194327,0,2,1,0
252,0,0,1.6979623077675934,0.7614386518775766,8.823239461738718,0.0,3,64.88224049116528,54.05785486432059,0,4,0,0
253,1,0,0.7253777021558951,0.35333119465490176,11.681227961087078,0.0,3,55.45299527155664,53.32846968299246,0,8,1,0
254,1,0,1.509102543440002,1.1785384563640384,14.118802193220883,0.0,3,64.15799888446529,45.97023601068013,0,3,1,0
255,1,0,1.7397578205934017,-0.29373693083342023,17.671874912367464,0.0,3,45.66319263113277,30.847275697630497,0,5,1,0
256,0,1,2.4568537846242386,-0.3592575931900564,12.990731115097622,0.0,3,42.86499775738655,52.292881057598485,0,4,1,0
257,1,0,0.7540971234133103,1.8934043845302004,10.792242964250379,0.823916044440214,3,79.7499778412812,60.31805625157371,1,4,1,0
258,1,1,0.9619153915766157,1.0971205339351668,10.310833104166482,0.0,3,67.1962360359334,64.78161441321602,0,7,1,0
259,1,0,3.121822348811416,-0.3527096927002928,14.563712377074392,0.0,3,44.74399620584976,35.73535790256034,0,5,0,0
260,0,1,4.019153742889849,-0.0070722129330350915,10.964185530834321,0.0,3,52.620241528988714,58.81862528737776,0,5,1,0
261,1,0,0.646884834116174,1.1220040953718333,12.644049034579174,0.0,3,68.8321476645915,51.848248053117196,0,7,1,0
262,0,0,0.7949705797801201,0.949473630436075,10.359565946002322,0.0,3,62.94999175608438,62.88044208078603,0,7,1,0
263,1,0,1.6522831298898752,0.5111398283496978,12.495706889467055,0.0,3,57.447705160326244,50.128705516464535,0,6,1,0
264,1,1,2.8377718052786425,-0.7177708394778701,10.576965637001056,0.0,3,37.97111912424789,45.213493453072225,0,6,0,0
265,0,0,0.9159358120647615,-0.22467055368403283,8.821433643009522,0.0,3,47.8245248809933,53.92414263789315,0,8,0,0
266,1,1,1.8706653645519857,-1.1131699437451008,13.879664498289703,0.0,3,31.17059782774443,33.83749727574835,0,3,0,0
267,0,0,2.012343230781666,-0.9302435876821813,15.977097744929052,0.0,3,39.92606210222527,33.1292073559931,0,2,1,0
268,0,0,2.4446827980633037,-1.8633469698826473,14.94871767790891,0.0,3,22.32657749413335,40.34428917181181,0,7,1,0
269,1,0,5.4903210209904305,-0.7412642778913533,18.862428372898382,0.0,2,38.34320511319807,22.18318756798642,0,3,1,0
270,1,0,2.6908739684706173,-0.9342928665843924,14.542672866567381,0.0,3,34.9653441379112,42.22346809814357,0,7,1,0
271,0,0,2.109197701992881,-0.47776700916236026,12.547367078910392,0.0,3,43.20778905855601,51.696746555043184,0,8,1,0
272,1,0,0.6916636335781944,0.4523234802764042,12.51393050088757,0.0,3,55.981331952895104,50.5802953628808,0,8,1,0
273,1,0,2.4773805351481504,1.1029041229567156,14.504016105806704,0.0,3,67.87033354052323,52.74161296210573,0,5,1,0
274,0,0,1.1444813830285447,0.3697997780406793,13.042632390809109,0.0,3,54.254395369139175,55.4298595439256,0,5,1,0
275,1,0,1.7566547229160283,0.8959898991573287,11.99332479320172,0.0,3,64.74675447932059,51.5931667925697,0,7,1,0
276,0,1,1.9692968677927694,-0.3285716223998007,9.826276330688257,0.0,3,36.89873912652534,52.153100899022725,0,3,0,0
277,0,0,1.9018829837683413,-0.23118428466433938,12.995443963763929,0.0,3,46.869897884172914,55.59523517922921,0,6,1,0
278,1,0,0.9455788294834785,0.6769934090607858,9.274648319209716,0.0,3,61.4878906957879,51.94343299917677,0,7,0,0
279,1,1,2.0799136381043155,1.552548195777109,7.723554184394742,0.16492270919862806,3,76.01733390052625,59.41668443465291,1,2,0,0
280,1,0,0.8781185694316416,-0.8882377945445148,17.770825324210218,0.0,3,35.29035688965023,25.02901948475944,0,3,1,0
281,1,1,2.3919172771470105,0.43370138659216556,12.175796591477,0.0,3,57.80020006894117,56.738047166218955,0,6,1,0
282,1,0,2.674887990739826,-0.9199947115615249,13.292603976025243,0.0,3,35.88235849741677,30.753404737862372,0,7,0,0
283,0,0,2.1724726183535554,0.5476634423687962,13.457608098695987,0.0,3,58.179589105263844,50.706614818566585,0,4,1,0
284,1,0,1.716166618076422,-1.208020966543646,17.1447187016174,0.0,3,36.339785943110115,28.807158562748963,0,5,1,0
285,1,0,1.0054423997319648,1.9000181171478072,10.72110047381941,0.41119450576769523,3,79.19090412300847,49.51106683901337,1,3,0,0
286,1,0,1.0953115411093144,1.8307816698410135,11.885333171427247,0.24717536076734142,3,79.41588469828912,52.95946203684339,1,4,1,0
287,1,0,1.1139374926057826,-0.31843188214405693,15.31463388620372,0.0,3,43.16942154612402,36.819844932787625,0,5,1,0
288,1,0,5.984384749352684,-1.565156672915346,18.17289869694228,0.0,3,26.064502531451378,24.12549225457417,0,4,1,0
289,1,0,2.5168546449043703,0.09366023913830962,14.1827662420029,0.0,3,49.64814565261709,44.77017384032183,0,7,1,0
290,1,1,1.8954412929038784,-0.09755807410070413,10.634965545880105,0.0,3,48.903948190743506,48.454651857677504,0,5,0,0
291,1,1,2.5255315059472525,-0.76931910961153,11.276609567004492,0.0,3,37.22569589328345,47.467545167016446,0,7,0,0
292,0,1,2.7141057095096097,-0.6793665328727745,12.172024033324522,0.0,3,39.62794924244374,51.40777683927012,0,5,1,0
293,1,0,0.8243654531544231,0.41712567336082873,14.676012836527551,0.0,3,56.18175661070087,43.579214825190874,0,4,1,0
294,1,0,0.9889674388667559,0.8327461261327318,10.161706269583835,0.0,3,69.74721716760033,55.56372529376616,0,7,0,0
295,1,1,1.5342257576710752,0.5544648599903907,11.536443263961258,0.0,3,55.897028809878215,61.86401491303234,0,7,1,0
296,0,0,2.024016808450606,0.9734939987420685,9.148609965796558,0.0,3,67.83116742580769,68.7484252341888,0,9,1,0
297,1,0,2.208695262282553,-1.074001571411042,16.35374676767062,0.0,3,34.75810552650287,36.05719376883788,0,5,1,0
298,1,1,2.5570539869050255,1.8993448744012138,8.542071083330207,0.0,3,81.0588741874903,74.49481391546979,0,6,1,0
299,0,0,1.5676581760569013,-0.513661804705274,10.86837820836293,0.0,3,57.30100764627932,48.173342593003106,0,5,0,0
300,0,0,1.313143081345499,0.8178075823019726,10.988681612652982,0.0,3,64.91648035675324,56.81906182562679,0,4,1,0
301,0,1,1.2689883343840542,-0.32740670321050847,6.623156627100684,0.0,3,45.6691577220584,65.50097846567009,0,8,0,0
302,1,0,2.646687623583987,-0.8813151823519871,16.799455572787863,0.0,3,73.13128719023484,30.67765682881025,0,4,1,0
303,0,0,2.3321888137863276,-0.8136603296454353,13.134829190977763,0.0,3,39.36664202952106,35.956587253811044,0,2,0,0
304,1,0,1.746438323301489,0.5674763107329519,14.271875944685888,0.0,3,56.343709045406,44.01859043626489,0,3,1,0
305,0,0,2.452297721576933,1.359469347522887,7.5864488211712535,0.0,3,69.8463157879008,66.93622290448117,0,7,0,0
306,0,0,1.9675645439878109,-1.5537178486281775,17.11181113587216,0.0,3,33.667102757463816,38.62139427039158,0,6,1,0
307,1,1,1.4523762050432736,-0.3084522022857118,12.77776615674828,0.0,3,46.574396326924514,40.38082261352027,0,2,0,0
308,0,0,2.489851594379952,1.1258252584880934,11.101128364536416,0.0,3,64.77934724847634,63.28518263720021,0,3,1,0
309,0,0,1.0623490183865527,-0.6795111058147599,11.259647285972708,0.0,3,21.805082381543063,44.92393283378956,0,5,0,0
310,0,1,2.772845712758284,-0.36849960555305145,6.480688563059521,0.0,3,43.599065390718806,65.66408091039891,0,8,0,0
311,1,0,1.025598154550819,-0.11555840691969735,15.891716442993824,0.0,3,46.68166446092887,34.97004603697326,0,3,1,0
312,0,1,0.6151456282793402,0.49054713510933157,12.574034181072223,0.0,3,57.602890731220874,53.72470757078608,0,5,1,0
313,0,1,2.1175584963497998,-1.2097351166915484,10.392227743765849,0.0,3,30.118775207032474,48.60714234429468,0,5,0,0
314,1,0,1.047043859331351,-0.1097389333910456,16.92081289983858,0.0,3,47.55973440173527,29.52878534448112,0,4,1,0
315,0,1,1.8162204628193819,-0.232669785527546,11.482643368544272,0.0,3,43.695636856902766,61.5866387543422,0,7,1,0
316,0,1,2.7162046090939143,1.1525048420123734,5.6383621497816785,0.0,3,67.73620846086285,73.36817578653283,0,6,0,1
317,0,1,1.8203115254278852,-1.8277488464941736,14.571183571433759,0.0,3,23.28199539406422,43.66930579366239,0,7,1,0
318,1,0,1.480223417299833,0.11616982337613947,10.35893662057114,0.0,3,52.67108630415116,46.68948953998294,0,7,0,0
319,1,0,2.4952128647541745,0.5854808353903341,13.664138729301294,0.0,3,60.50378384130177,45.15210524034231,0,6,1,0
320,0,0,0.8209481407111172,-2.0453122852182966,13.834385318203392,0.0,3,16.802744235701102,33.55162394018997,0,6,0,0
321,0,0,4.698921311190774,0.06887706719571603,15.163919081845211,0.0,3,52.35001671694737,42.91507427092222,0,3,1,0
322,0,1,1.9875563192871781,0.7410889809638064,9.40096417636046,0.0,3,59.525973699143925,67.72734200253647,0,5,1,0
323,1,0,1.110583110828285,-0.8727902816260676,15.31351080297236,0.0,3,32.94320983384918,36.890361965408275,0,6,1,0
324,0,1,3.758645312521288,-0.2798291419350609,9.251246861225086,0.0,3,45.89406010163828,53.19661376517638,0,3,0,0
325,1,0,1.649865888770879,0.3597933110657802,13.748240887348615,0.0,3,56.834508650810236,46.07853067684212,0,5,1,0
326,1,0,2.2350400548129987,1.9354753076085864,10.068339076583445,0.0,3,80.69740682970053,64.44144554549726,0,5,1,0
327,1,0,3.0141972276627014,0.7984459956477532,13.762777271541763,0.0,3,62.05766931035167,49.8246132141885,0,7,1,0
328,0,1,0.9381897827658148,0.2573050279914723,11.62161005061116,0.0,3,53.76997866780267,55.15819006450539,0,2,1,0
329,0,1,1.961752509184182,-0.3925429742601819,7.9377878461990266,0.0,3,45.1011764588225,60.01403600639225,0,7,0,0
330,0,0,0.9141133310200543,0.09303046721760178,9.947542138827844,0.0,3,51.80174311950476,52.809351670975346,0,8,0,0
331,0,0,1.6722964120001385,0.1321896215292853,13.20056364522542,0.0,3,51.30177092569122,50.59550226512664,0,5,1,0
332,0,0,1.256202160977427,2.005940768206939,9.890188495351019,0.0,3,79.77380849929163,65.55161156913707,0,3,1,0
333,0,0,1.033589621125505,0.17840053002695663,15.061877059082398,0.0,3,37.099815475887,44.98613766767049,0,5,1,0
334,0,0,1.0684429414448906,-1.0151163169117772,13.977329291545463,0.0,3,34.68722473295035,46.502082176493715,0,8,1,0
335,1,0,3.941132610304202,1.1912434281317756,8.09069323035352,0.0,3,68.01049927482102,59.63299589456066,0,9,0,0
336,0,1,1.5149651723568314,-1.0844368812963159,14.712279211133309,0.0,3,32.46958524616374,43.10011697614118,0,3,1,0
337,1,0,5.03520773301882,-0.39845696142183684,16.180131279422252,0.0,3,36.57943272591472,39.234421606125565,0,6,1,0
338,1,0,1.655133003432961,0.8785233693138556,13.06128319955503,0.0,3,58.66588170489379,50.23767164129652,0,4,1,0
339,1,1,1.707379187967981,-0.29615845585650225,14.44546539556186,0.0,3,44.41401138072494,42.46527705855865,0,4,1,0
340,1,0,1.5112821850866163,0.6282717583288326,11.902741307353674,0.0,3,57.15599860289534,44.85524209038523,0,7,0,0
341,0,1,6.3149427007929555,0.46393755831365424,6.292888218029128,0.0,3,56.00651932029734,67.98605570662997,0,6,0,0
342,1,0,2.489688814857537,0.437936118710668,14.689588454845671,0.0,3,56.36543633034217,42.42828604423143,0,2,1,0
343,1,0,2.5069826790318346,-1.6584272477225648,21.776400137702545,0.0,3,24.454695798060367,7.143786894311812,0,0,1,0
344,1,0,0.5382045837459976,-0.7918151227058422,17.433574576051857,0.0,3,41.053784616325366,26.682739349787695,0,3,1,0
345,1,1,0.9738886208360236,0.36323321109160306,9.434874911609418,0.0,3,49.085537250873045,48.90020754720077,0,3,0,0
346,0,0,1.1572319163820366,-0.42267627572364896,11.997669627981987,0.0,3,39.24561580553457,53.5840518183168,0,5,1,0
347,0,1,2.7162349197818005,0.13667486063837928,7.449281794447352,0.0,3,52.95453908923549,62.052978839066085,0,3,0,0
348,0,0,0.9421245798918042,-0.7528370914800177,13.794640702526225,0.0,3,38.97327664974355,36.75939946030681,0,2,0,0
349,0,1,1.8805667994700337,-1.8443336812365403,13.109041398720795,0.0,3,24.622925757113197,37.004084920556686,0,4,0,0
350,1,0,1.2124066228143195,-0.6445813015425546,15.36208327923613,0.0,3,40.78539166813133,37.472958805216976,0,3,1,0
351,0,1,2.757518284210986,-0.08073471960305363,11.850080505077813,0.0,3,48.12441954527072,53.89647678517539,0,2,1,0
352,0,1,2.5553419257576953,-1.0935420012206238,14.678074470218586,0.0,3,33.8375850157076,42.43808845686487,0,4,1,0
353,0,1,1.0845431645921375,-0.4875880925725922,11.441141263572046,0.0,3,44.11977008775368,61.56050431242615,0,3,1,0
354,0,1,1.6110515357477366,0.047200133685755506,14.321420296886277,0.0,3,51.0108264233942,46.31967381781498,0,3,1,0
355,1,0,2.8353477628035693,0.3049190810008818,16.678840973462417,0.0,3,58.59520418593289,37.127122265974485,0,6,1,0
356,1,1,1.9453318962843498,0.4709086298313845,12.17655012197093,0.0,3,60.049632084049584,53.20310078141439,0,7,1,0
357,1,0,1.2669739624231766,-0.3609317216561082,16.948270922433945,0.0,3,45.997790112187445,29.263911394248673,0,2,1,0
358,1,1,0.9695316986123093,0.4300934770275652,7.994563407238708,0.0,3,56.04514483009353,59.449959502902324,0,8,0,0
359,0,0,0.7632099504761256,0.1470288805006108,9.79053956270791,0.0,3,52.00343412754382,48.79857572752735,0,4,0,0
360,0,0,2.258248767478068,0.9488696610647197,12.187199573243634,0.0,3,64.1660257617067,60.31706083100681,0,3,1,0
361,1,0,1.9256330338678418,-0.11575241140839658,13.850326934509514,0.0,2,47.65889568227848,45.72117871671727,0,9,1,0
362,1,0,3.1958332487403887,-0.19112664423985093,15.786198741134589,0.0,3,46.63531894160093,44.28581023543931,0,5,1,0
363,1,0,1.570228350630736,0.6069591048284884,14.733383989595401,0.0,3,59.893201363216804,47.25285127518196,0,6,1,0
364,1,0,2.3351231886110106,1.446919398672344,13.071498064942606,0.0,3,68.0759876452793,48.16717666659276,0,2,1,0
365,0,0,1.8337555364433755,-0.08584027594537987,12.214689490100206,0.0,3,47.62705899106307,56.70740298675227,0,7,1,0
366,1,0,2.944824549547105,-0.6197723135124438,13.403207638463913,0.0,3,40.97530554838538,33.10233414668521,0,5,0,0
367,1,0,3.3266485304309406,-1.4402997198017968,13.115290239301283,0.0,3,28.339174130683798,32.72052181273585,0,4,0,0
368,1,0,1.7554301685788969,3.1115453320842623,7.145959370474942,3.206022248875346,3,97.53808209546439,80.06125500730666,1,9,1,0
369,1,0,1.4023260684668677,1.2043927288128873,10.00150488057626,0.0,3,68.76522655170633,50.28140504586461,0,5,0,0
370,1,0,2.113015543312861,-0.10601362340938346,12.790389583236315,0.0,3,48.47968539414028,39.41638097513559,0,5,0,0
371,1,1,1.290913149380454,-0.6009041012624466,9.791191231199237,0.0,3,41.58144100510794,64.90727921585601,0,12,1,0
372,0,1,1.7509703914619037,-1.3077593761795636,12.170656840357179,0.0,3,30.808167047210944,55.547462095067274,0,6,1,0
373,1,0,1.4732115384121929,1.4758164631689543,10.069995256517924,0.0,3,70.43532186640584,46.78532594233328,0,3,0,0
374,0,1,2.566822619604554,-0.9896254812719669,15.215735571242229,0.0,3,35.74216729495228,44.65885738534045,0,4,1,0
375,1,1,2.6707013545628246,0.6288140745920054,9.162746420241438,0.0,3,59.9038469184386,56.315919811223374,0,6,0,0
376,1,1,1.5499717929777332,1.1568792418221008,7.847478635319676,0.0,3,65.17988695341222,57.770071354222104,0,4,0,0
377,0,0,0.9909944023966702,-0.10396417092218856,13.05368352143799,0.0,3,48.40403130714025,50.44470296118664,0,7,1,0
378,1,1,1.1114183027557145,-0.29955954218490527,14.20898188590545,0.0,3,45.826560810514216,44.06467291297946,0,4,1,0
379,1,1,2.9907480758714016,-0.24708354646337763,10.943470212243925,0.0,3,59.784372621473985,43.48839728450376,0,3,0,0
380,1,1,2.1413715786943466,-1.2666424854698783,15.222711287132839,0.0,3,30.583792065965717,44.74198841676179,0,7,1,0
381,0,0,1.295988927615831,-0.04028974698914181,13.08866768590785,0.0,2,47.159092364555974,48.169051316427094,0,6,1,0
382,1,1,4.730556450522956,-0.9601642937506815,9.378435331304017,0.0,3,36.83527001421489,53.43533222051678,0,6,0,0
383,0,0,9.632570025395127,-1.0110290279374414,15.90293997085381,0.0,2,36.027276307444964,35.34596799341009,0,3,1,0
384,1,0,0.8690855022937788,-1.181538437749391,18.324996689698356,0.0,3,30.56026561601432,25.471116808561458,0,4,1,0
385,1,0,2.4659899802298617,1.792698257479532,10.789718403736314,0.0,3,76.92043600813896,62.04376338729682,0,6,1,0
386,0,1,2.8874234945864226,1.5763427103446064,9.159109404875975,0.0,3,75.75136529780063,68.49846356790897,0,3,1,0
387,0,0,1.4885340897621457,-0.7247174108801154,14.123057729517585,0.0,3,38.87420865932315,42.272383887179046,0,7,1,0
388,1,0,2.7075643576733834,-1.0734206729529165,17.83005749235696,0.0,3,29.806996492857923,26.21381029103273,0,4,1,0
389,1,1,1.0270345357197188,0.2725512542750302,7.772930083757579,0.0,3,54.658424701645856,62.28530932468355,0,8,0,0
390,0,0,2.426424745477058,-1.0503797618185067,12.900696080743707,0.0,3,41.488875900521066,47.51452321639057,0,7,1,0
391,0,0,1.8727441986494584,0.6707768692775391,10.89349754939004,0.0,3,60.43459940907623,64.90487627213409,0,8,1,0
392,1,0,1.7796020045725862,-0.16113671843986307,13.58557272206357,0.0,3,47.06477118660487,36.039674439148264,0,4,0,0
393,0,1,0.6167431534329052,1.0070155695101504,4.6783063900802215,0.0,3,67.79042799029794,77.99493907158394,0,9,0,0
394,1,0,3.008146045324217,-0.9282332694488671,17.438798967662017,0.0,3,35.389075761347634,33.2167723065341,0,4,1,0
395,1,1,2.2494481175444254,0.10758961212863398,13.17870594207168,0.0,3,54.232130150945096,49.822071941851675,0,6,1,0
396,0,0,2.4689246665411893,0.631621175709834,8.096194006247103,0.0,3,70.37330939479693,62.48755314536264,0,7,0,0
397,1,0,1.9907500394008983,0.8668791481651313,10.49751060382577,0.0,3,57.67994434153502,59.952632384376365,0,10,1,0
398,0,1,0.8479493297435194,-1.003158572014962,13.442915150703337,0.0,3,35.12429240859162,46.24951730404652,0,3,1,0
399,0,0,1.9389644313181118,-0.7505412433144435,15.317289662370486,0.0,3,36.886173250153966,37.60995617033097,0,3,1,0
400,0,0,2.2447535100756264,-2.3189713000964036,16.57957577358047,0.0,3,16.072185714250022,35.52802963894532,0,7,1,0
401,1,0,1.5674026200012623,-1.156678561211144,20.104919152612204,0.0,3,33.25934316444229,18.376860280580843,0,1,1,0
402,1,1,1.1036200810219658,-2.9984825229394323,18.01365488061172,0.0,3,5.031975107706647,21.989496973459083,0,7,1,0
403,1,0,1.7657550285819137,-1.6382224585147247,16.18059283074643,0.0,3,26.053588519272573,17.951902504819394,0,4,0,0
404,0,0,1.4386041771118092,-0.5301542412639122,16.243425243645227,0.0,3,41.94853914776114,33.88608249927609,0,2,1,0
405,1,1,5.280900942716897,0.666664634020067,17.06913357528782,0.0,3,59.63134855819704,35.41599684775511,0,2,1,0
406,0,0,2.9108884553563827,-0.03909818722070925,11.71046896196542,0.0,3,50.767257810782006,54.6244591211406,0,6,1,0
407,1,0,2.188984866600944,-1.3271462834712007,17.144400425163383,0.0,3,29.75092091044124,27.29015388132294,0,5,1,0
408,1,1,1.2978354314690976,0.7716664194070769,11.121481412404501,0.0,3,63.26356859425116,65.77631861206488,0,9,1,0
409,1,0,1.8791562488288056,-0.44652728364905386,16.89564172858239,0.0,3,43.36474860857549,31.83032188428509,0,4,1,0
410,0,1,0.8330423172644186,-0.1876849354656155,11.71899814077145,0.0,3,46.14943443501794,54.64004197223054,0,5,1,0
411,0,1,0.7147036755771378,-0.4720288796128636,10.965897616150844,0.0,3,44.3964605340346,62.77688075531278,0,9,1,0
412,0,1,0.7196849134280863,0.8753833806212156,8.225381422069749,0.0,3,63.75387782599168,58.97340999399412,0,2,0,0
413,1,0,6.027614898322209,-1.1262568318569417,17.390161177052132,0.0,3,33.4330790032624,31.486752550569555,0,5,1,0
414,1,0,2.1751896116232428,-0.7911594432873214,15.865471283033578,0.0,3,40.20857951510672,32.731067666035685,0,5,1,0
415,1,0,2.2580520498633896,1.158269239375618,11.094064025909573,0.0,3,68.03312023446475,60.56803727103233,0,7,1,0
416,1,0,1.1499856723999822,-1.0133110322561047,15.308234777313492,0.0,3,32.75389830251333,36.86791960484876,0,5,1,0
417,0,0,0.9033637631430534,-0.3628670505559675,11.758938802121696,0.0,3,44.36004113215716,47.59445995292829,0,6,0,0
418,0,0,1.5545750320283058,2.2326452678274475,9.388277574360782,0.5374254554152791,3,77.52343790513642,56.766295852879445,1,1,0,0
419,1,0,1.7905185913771022,-0.5760741727290993,16.594884214703036,0.0,3,41.911365934090604,33.04933166808251,0,5,1,0
420,0,1,1.2821006738580534,-0.22986693279575562,8.123879713978848,0.0,3,46.41738008715672,56.249613589956226,0,3,0,0
421,0,0,1.8534522730084741,-0.2381234683068565,14.296544795402388,0.0,3,45.82353839104158,45.92635016756788,0,6,1,0
422,1,0,1.1858198709277725,-0.7320707066089466,18.788688629534523,0.0,3,39.79021363697609,28.07374228183817,0,4,1,0
423,0,0,4.866268962448261,0.16597816638812185,8.236642663343344,0.0,3,51.67951815323323,54.73300219394565,0,8,0,0
424,0,0,1.7613105454618847,-0.0436668419247616,10.230390136386342,0.0,3,47.70923819983702,48.00218139401743,0,4,0,0
425,1,0,1.906028000972523,2.1336698589943377,11.138353581104962,0.0,3,81.02375616057064,64.57601104671531,0,5,1,0
426,1,1,2.137263319243477,0.8800904184464985,10.63454265714669,0.0,3,54.3181942620831,50.632376313173026,0,3,0,0
427,1,1,2.8815653390545415,-0.4626553898093351,14.138610134684408,0.0,3,42.812675889554356,47.86149419752228,0,6,1,0
428,0,0,0.591162602519663,0.6651498795511385,11.125259321902004,0.0,3,61.02023204712495,58.646236554918204,0,6,1,0
429,1,1,1.0536713933700037,-0.3808815556490748,13.612966434783518,0.0,3,43.914719278727816,48.68305311835416,0,5,1,0
430,0,0,1.7969831690597322,0.6484524644943808,9.770014975206353,0.0,3,61.04380362679287,48.946873262716906,0,3,0,0
431,1,1,6.988646014523337,-1.4542760609028869,10.42216356991715,0.0,2,28.291248562399208,47.38434031191426,0,9,0,0
432,0,0,2.871993051847815,-0.17217051654660923,14.460361663946816,0.0,3,46.27832127187465,43.96745201686022,0,5,1,0
433,0,0,1.5907379505554957,-0.457858033491482,14.224509439494938,0.0,3,40.12050118333448,44.92288369941582,0,4,1,0
434,0,1,2.182978233571602,0.3571399356591211,7.9936061085675085,0.0,3,57.529010520936964,58.71327623215821,0,5,0,0
435,1,0,0.8693470125257062,0.7986838797470752,13.34632997158566,0.0,3,62.78827338924606,50.081137493702144,0,7,1,0
436,0,1,1.2488558145364832,-0.694639253235538,12.5584901711568,0.0,3,41.82325631325325,52.78955592192415,0,8,1,0
437,0,1,0.935948326312668,0.20070433635947083,11.891846412662618,0.0,3,52.75148365235788,58.65209972771851,0,4,1,0
438,0,0,1.839182985019931,-0.9979006702853793,13.28398429068703,0.0,3,35.160396734765314,34.65431076677444,0,2,0,0
439,0,1,3.9528103838309745,-1.6638580100000313,13.218090026652717,0.0,3,24.899846222483095,47.553183044170765,0,8,1,0
440,0,1,2.4013771976435168,-2.1138362448681054,14.476898596236103,0.0,3,19.93163885384825,44.482836101012936,0,8,1,0
441,0,0,1.7262973808044761,0.29428849024493875,10.554390064228047,0.0,3,53.47054324430472,61.18266849817633,0,5,1,0
442,0,0,1.6615813091262697,-0.7417747935057029,14.536935324915351,0.0,3,39.42525614767365,41.54044053033243,0,4,1,0
443,1,0,1.236457892777624,0.4614812530758846,14.737645397631907,0.0,3,56.56311661320187,40.71717259103621,0,4,1,0
444,1,1,1.1811388647161147,-0.16581326518795153,12.093013841926409,0.0,3,42.99986240940324,56.43933043854259,0,6,1,0
445,1,0,1.2954615085488215,-0.2607229937746295,13.321114971669484,0.0,3,49.95812436939206,33.66705322028304,0,3,0,0
446,1,0,2.036493292709351,-0.207127700639072,11.555489109970585,0.0,3,48.472300139695605,39.21718907672281,0,4,0,0
447,0,0,0.7625591178771659,0.7141768306307884,11.67184752555397,0.0,3,49.58003141663312,57.200320391556566,0,5,1,0
448,1,0,4.9987961511800405,0.6252290203204688,13.548477757888644,0.0,3,60.42160419400336,46.77087827746138,0,5,1,0
449,0,0,0.9143377818718004,1.3690341576121443,7.8883221565624515,0.0,3,72.30809537084954,62.0599980190728,0,4,0,0
450,1,0,0.7237539442637331,-0.22803643533943677,16.544624997505633,0.0,3,43.96639294455751,34.82389508692164,0,5,1,0
451,1,1,1.8474522442827916,-0.9539752333413145,12.30318777599396,0.0,3,32.6533504026064,40.63234200817121,0,5,0,0
452,1,0,1.781618898123981,-0.4734192460939531,19.208884338489163,0.0,3,37.29006979064487,28.165576563274698,0,2,1,0
453,1,0,1.18818849824243,0.59279217350053,12.13884854469983,0.0,3,59.02939225347745,46.439962316435484,0,5,0,0
454,0,0,2.294295173734343,0.8269916293316419,9.865582063825196,0.0,3,61.46003272081201,54.84941791865073,0,4,0,0
455,1,0,0.8640812734652835,-0.4478542811204578,15.56675996093428,0.0,3,43.81701102768451,38.0373162174138,0,6,1,0
456,0,0,1.7058147185354704,0.8212545971255487,10.14708819731187,0.0,3,62.22472247535855,63.52060583285549,0,7,1,0
457,1,1,2.609150498255711,-1.8886101543308702,13.58121561522782,0.0,3,20.93093130245561,29.857579111197495,0,5,0,0
458,1,0,1.349006217148414,1.1242349128930853,15.19581875630556,0.3667029296529942,3,66.889653627682,51.37262944656229,1,5,1,0
459,0,1,3.173424617428613,-0.011730377026696258,12.183735517316881,0.0,3,51.39462301015793,55.2202784279675,0,3,1,0
460,1,0,2.123933752925532,-0.30502498332090716,14.42546911980846,0.0,3,45.254339105222144,44.642612283150854,0,9,1,0
461,0,0,3.3923474876103064,0.30438944710154403,12.78959682562075,0.0,3,53.91531236881326,55.64386553345254,0,2,1,0
462,1,0,1.2026482985584528,0.16299362466602846,15.28088446647164,0.0,3,53.91592357161206,35.580467559794926,0,6,1,0
463,0,1,0.8929530804300452,0.667285332831745,9.726835907302073,0.0,3,60.66183489864706,67.56496330426558,0,5,1,0
464,0,1,1.2253510185435361,1.8031284997180126,7.8952007069899315,0.0,3,76.81572015270231,76.66105658932972,0,5,1,0
465,0,1,1.2580439787078403,-1.3982246670690368,9.590917164205326,0.0,3,30.81149366643846,50.775558421472866,0,5,0,0
466,0,0,3.2894478827388216,0.13026844299904708,10.183956909397228,0.0,3,49.21773303251891,45.4421029108836,0,4,0,0
467,0,0,2.8850355725490013,-0.16405710294248568,15.189065295388659,0.0,3,28.797631936992417,37.52095051300001,0,1,1,0
468,0,1,3.963756805902434,0.751796413679197,8.869195935524518,0.0,3,61.277149304496035,59.95987808624325,0,3,0,0
469,1,0,1.2052585779363072,-1.3296023311196974,15.494416294816121,0.0,3,29.99145570136703,20.520048705948604,0,3,0,0
470,1,0,2.5026530378091847,0.8771646279336573,13.60712684158862,0.0,3,62.71281541053953,46.833672086425494,0,4,1,0
471,1,0,1.5040131542914774,0.363745326439879,15.140642339784508,0.0,3,54.93509190664529,40.84821958542199,0,4,1,0
472,1,1,1.7334632012877167,0.631311938961783,9.977319411503615,0.0,3,61.606762042730885,52.47371293169223,0,3,0,0
473,1,0,1.2652875953741844,-0.7749093427078251,14.890344391916313,0.0,3,35.8547529917142,43.41730928510289,0,11,1,0
474,1,0,1.7668325855199913,-1.7966666645719058,15.870998437230503,0.0,3,22.7422043052362,17.266849499523847,0,3,0,0
475,1,1,1.2353024869516307,-0.9452547907678096,16.998581471980057,0.0,3,35.089101205855854,33.2446750413605,0,2,1,0
476,1,0,2.3964015929576603,-1.835651864174348,19.389818744859614,0.0,3,21.93752122396186,15.953623554287812,0,1,1,0
477,0,0,1.884868647993924,0.5769849465681076,14.087082468327042,0.0,3,60.680589644371295,45.624590905561114,0,3,1,0
478,0,1,1.507895378390213,1.175475310204375,10.000986743488802,0.0,3,67.47816627120737,65.73761651446586,0,4,1,0
479,1,0,6.407139491519917,-1.0872879693516315,14.885802830435198,0.0,2,32.68017744770222,22.78926750146669,0,8,0,0
480,0,1,0.9141893107589955,1.9663554542515438,7.38579656942417,0.5167402287964298,3,76.66034368379006,82.29013871587263,1,8,1,0
481,1,0,1.8618406961228555,-1.8468325872949711,20.6440374138819,0.0,3,22.750570899580936,17.92718720029404,0,3,1,0
482,1,0,0.5920768845729566,-1.864486603222049,20.872840731768854,0.0,3,22.9327034917054,16.464698785066805,0,3,1,0
483,0,0,2.9590322018622803,0.26190959737149094,9.357791821722484,0.0,3,52.00186151532051,55.77013762634696,0,7,0,0
484,0,0,1.0473802359345266,-0.601093315635849,13.476261823215205,0.0,3,39.62437306801876,47.129913881687486,0,7,1,0
485,1,0,1.0669999797574685,-0.19737628665155005,12.90547596365786,0.0,3,47.92408522151205,35.24674229993376,0,3,0,0
486,0,1,2.090972900107239,-0.6509026481998613,13.113454201603004,0.0,3,44.367780351664166,47.877542637245725,0,4,1,0
487,1,0,0.8532211341291309,-1.186063797839098,16.5397731563803,0.0,3,33.94414899954819,40.33374908966627,0,8,1,0
488,0,0,1.1327660280063512,1.6530455053741189,6.13049726899991,0.0,3,74.52652601492694,67.1380314740692,0,5,0,0
489,1,0,1.0428365592612732,-0.2546104891391188,15.663221128195179,0.0,3,48.91647794405105,41.09849828082204,0,8,1,0
490,0,0,2.8308156216075933,0.9439965050360342,12.988789541037649,0.0,3,69.39343679903257,51.26227005547498,0,1,1,0
491,1,1,2.7317887690774327,-0.46193623469408096,11.452874453289489,0.0,3,42.26810296859426,42.72725403151949,0,3,0,0
492,0,0,1.2477014889828266,-0.15544672122664596,10.283376584087138,0.0,3,47.024080504765664,49.147418357976406,0,5,0,0
493,0,0,0.9402983727918082,-0.14050382154744204,10.679651790560241,0.0,3,48.18933917883766,59.45761397611267,0,5,1,0
494,1,1,2.2314863794892377,-1.0061541121304827,13.27315768243374,0.0,3,33.734174812997296,38.42905116445665,0,4,0,0
495,0,0,1.6870400069571603,-1.004373569175466,15.801776994385083,0.0,3,37.24088607034494,39.49211868675213,0,5,1,0
496,1,1,0.8201778427472601,-0.08176660163490782,13.43589212809749,0.0,3,49.256981747696535,49.286139962061895,0,5,1,0
497,1,1,1.0538188426248942,0.3253571656879974,14.771461151190604,0.0,3,55.614607406618106,43.001302535908515,0,2,1,0
498,0,0,0.7460568986900094,-0.42996923963375283,12.282761032822837,0.0,3,53.34653520217922,51.2963757394589,0,6,1,0
499,0,0,1.6444396908941568,2.1915701857820955,8.640622470364015,0.47868636084739974,3,81.79811401163961,75.99467326397632,1,8,1,0
500,1,1,1.2211694152677601,-1.9013846268818135,13.864487732631076,0.0,3,15.466936178506938,32.49854115267975,0,5,0,0
501,0,1,1.0805441682977028,0.5688201079070861,9.88284458919373,0.0,3,57.425618278883114,69.79905487676666,0,7,1,0
502,1,1,1.8858569789262245,0.04553860143201995,12.4661143564851,0.0,3,51.64516621771256,51.09438756073397,0,8,1,0
503,1,0,1.8515564044193367,0.5814881154011803,11.717496887534285,0.0,3,59.47900385469354,44.2446459741507,0,3,0,0
504,0,0,0.8150098326677158,-0.5431242998114278,11.168500939746092,0.0,3,42.28579935875605,43.51573171859625,0,4,0,0
505,1,0,1.4409779534738127,-0.08077731270031481,11.439503785143462,0.0,3,46.38933610487684,42.57074492855448,0,7,0,0
506,0,1,1.0252884278618473,-0.7903772036188116,10.93931530546685,0.0,3,39.45526095926386,57.851765812562206,0,4,1,0
507,0,0,0.9631586646671682,0.23770785241398432,9.64505302258921,0.0,3,53.87711548509833,53.31227628999881,0,6,0,0
508,1,1,7.198131591970933,0.9802624564463331,5.976093660507018,0.0,3,60.60509548838239,69.81803324691627,0,11,0,1
509,1,0,0.813423229586503,0.7585051555335744,14.406067886913737,0.0,3,60.42045500010076,47.15275512046313,0,5,1,0
510,0,0,2.38113763342958,1.373885793471157,11.231514517804895,0.0,3,70.78896755369968,61.338986940339645,0,4,1,0
511,1,0,2.2660392331630423,0.8536385389489723,14.540958226520438,0.0,3,67.68060776954388,46.7435063114445,0,4,1,0
512,0,1,1.7316173170707034,0.4093070629546026,11.437591676420626,0.0,3,56.68598080845269,62.11732969479268,0,4,1,0
513,0,0,1.6824331171354234,2.5109817699786774,6.816232147562598,1.7085471791598739,3,98.20271181257453,83.2212067059538,1,11,1,1
514,0,1,1.0676896886773184,0.6027369132518725,10.580639545912614,0.0,3,61.00116095725804,67.09117572139525,0,6,1,0
515,0,0,2.5719250508975815,-0.6716141373118827,14.368302062929557,0.0,2,39.279728386691446,43.91544230748855,0,5,1,0
516,1,1,1.3802414649002168,1.2762403259009159,12.713342683747811,0.0,3,76.97716203264775,55.499698089084234,0,3,1,0
517,0,0,1.139021440280657,-0.09813789885451277,11.243586788519961,0.0,3,51.92283475154042,43.8815466420824,0,4,0,0
518,0,0,3.00055252367543,0.7118615325393597,11.270353911262681,0.0,2,61.65811618915683,59.44169584161771,0,6,1,0
519,1,1,1.4288095919021861,-1.1987178739470694,16.342455816703023,0.0,3,32.306440121409736,25.08960258625161,0,3,0,0
520,0,0,1.6973199699011403,-0.8209965079283095,12.715457833939503,0.0,3,37.99890011402972,53.65823836573377,0,11,1,0
521,0,0,3.356523509622013,0.5981088280448268,9.092282401978016,0.0,3,56.79001920389507,56.06962760604914,0,4,0,0
522,0,1,2.7399315697012403,-0.4400632401067986,7.951615350481415,0.0,3,43.05500155700323,58.826719234749504,0,6,0,0
523,0,0,0.6944107292030639,-0.3802523016269874,12.682095895230765,0.0,3,48.17189929598482,50.03609792330305,0,7,1,0
524,0,1,1.3752656427690262,-0.4511631717884675,12.566573843101706,0.0,3,44.069221764968724,49.53522163961762,0,4,1,0
525,0,0,0.45813893437073633,0.34750605202363827,13.753606879851093,0.0,3,55.32806044477415,45.97496999682485,0,4,1,0
526,0,1,0.513403711210818,-0.6867639104040513,9.84356974861053,0.0,3,37.13645325283077,50.10280904368657,0,4,0,0
527,0,1,2.2534491142699427,1.0202606772267628,7.881449892744079,0.0,3,45.58075919462212,74.07007864472178,0,4,1,0
528,1,0,1.507317523010639,0.3851145789783873,16.173899540090932,0.0,3,50.85113139182786,33.8083505977069,0,1,1,0
529,1,0,2.365041320477565,0.8049293375128901,15.207602022991024,0.0,3,50.51306121967379,38.83390873546867,0,2,1,0
530,1,0,1.7472558434567889,-0.9886312129716197,16.72610960102465,0.0,3,33.74394524678574,32.10702589505607,0,6,1,0
531,1,1,0.8634965993840221,-0.1947556374451545,9.910580255346183,0.0,3,44.61836146734694,51.169765697751195,0,6,0,0
532,1,0,0.9532197226380402,-0.21403536902995515,16.240604752291485,0.0,3,49.57349156103666,33.37621035440864,0,3,1,0
533,1,1,1.5630667159145788,-0.8184223907086933,15.908492595934703,0.0,3,21.254102830043777,35.55699383025056,0,1,1,0
534,0,0,1.9200251680746114,-1.6439783044050909,17.651194127262247,0.0,3,25.933168581504745,25.803040098129884,0,2,1,0
535,0,1,1.8236677857022954,-0.43476538029198164,8.536173106611672,0.0,3,42.05563202961911,56.7352200194329,0,10,0,0
536,1,0,1.4745569056927603,-0.2240324625917949,13.582233932242783,0.0,3,46.61001560667024,43.842847964558004,0,5,1,0
537,1,0,0.760662971984717,-0.005009874417049213,15.308028398018774,0.0,3,32.97944859272906,39.14960752427048,0,6,1,0
538,1,0,1.9048527196147464,0.631714903975779,14.543552086731482,0.0,3,59.250377091452016,46.47945634699341,0,4,1,0
539,1,0,1.7711783810819712,0.5570069144007405,16.374038664503402,0.0,3,58.137312114395975,38.83148110648892,0,3,1,0
540,0,1,1.149728838264608,-0.03742641180038726,11.879600427369677,0.0,3,49.80822769498094,57.9018610433805,0,4,1,0
541,1,0,1.6544619978408237,1.4140947192434425,11.30190099107405,0.0,3,72.58904464654852,61.17923752166173,0,8,1,0
542,1,1,2.3176136690614824,-1.8261375101844497,17.523480563713782,0.0,3,22.762235668359313,26.239283721422975,0,4,1,0
543,0,0,0.7828805112904005,-0.9086965488544729,16.010949810056974,0.0,3,38.31162739481612,34.87820100591492,0,2,1,0
544,1,0,1.8324734266210212,0.40700964271079676,13.177711737594104,0.0,3,59.62471022719615,46.743456800412694,0,6,1,0
545,0,0,0.8681052997290181,-0.1451148108223299,13.687133552094835,0.0,3,46.09052437787101,48.22499972326013,0,6,1,0
546,1,0,0.9701335776634797,-2.508765718954424,15.795541002298666,0.0,3,0.0,38.842442794098346,0,12,1,0
547,0,1,1.6020466939559526,0.38010251467729345,7.762244628956972,0.0,3,55.37544382623887,63.95363883306446,0,2,0,0
548,1,0,3.272009251195111,1.0503947754092933,9.263517567690295,0.0,3,84.43436393299191,50.31883265373653,0,4,0,0
549,0,0,1.8009522860039753,0.3561518277878318,12.522325921419606,0.0,3,54.916217180264084,48.184889651298214,0,3,1,0
550,1,0,1.8537506374805863,0.5216497242197046,13.704448805707173,0.0,3,55.85248725630134,46.743146128190595,0,6,1,0
551,1,0,1.545530910435276,-1.521050445563807,17.60177700948295,0.0,3,27.570655532716643,24.865965252420025,0,4,1,0
552,1,0,3.57538852009758,0.26152315210873944,17.028599636892416,0.0,3,53.20982982071386,36.998961549783274,0,2,1,0
553,0,0,1.3994384869595928,-0.71084929794076,15.18785943138628,0.0,3,40.31404397940107,39.56772424914057,0,3,1,0
554,1,0,2.445752824776057,-1.1998854510912187,19.4593187820127,0.0,3,32.40348514855332,20.114229605440592,0,2,1,0
555,1,0,4.254017170208166,1.2320807733493035,13.131026474626202,0.0,3,68.81886079849775,40.364512471186515,0,5,0,0
556,0,0,1.7329910171077836,0.10349947760726713,12.826643283788435,0.0,3,51.72953473705522,52.16330483092637,0,5,1,0
557,0,0,1.160413587125016,0.8379124261513952,12.003879334957427,0.0,3,69.49248420661831,56.160875352239756,0,4,1,0
558,0,1,1.043889133182901,-0.24957263175975924,11.634686574428038,0.0,3,47.0652759417945,58.91667777003048,0,7,1,0
559,0,0,1.2178725077702655,-0.3150318732271745,8.572741949487986,0.0,3,43.463948503034544,53.57367914456772,0,9,0,0
560,1,0,1.8183487259826676,0.9580493080447705,12.317135050238063,0.0,3,64.25344962329089,51.80327872945463,0,6,1,0
561,1,0,1.1341865924975703,0.7282570344124359,14.281511124041042,0.0,3,60.48925026801887,44.396420328423105,0,3,1,0
562,1,1,1.7151793810123126,-2.1989127180097876,15.262615789896163,0.0,3,16.242985426104827,24.66977569214172,0,2,0,0
563,0,0,1.0425249762129156,0.24724398579203236,12.403676384078379,0.0,3,53.161762528192774,61.22979575109542,0,4,1,0
564,0,0,1.4745905459720519,-1.053461923713282,15.21381724575356,0.0,3,35.91736287859558,37.39336573882544,0,4,1,0
565,0,1,1.3202727474985596,0.7203561565804628,8.409054028577584,0.0,3,61.59023226640005,63.19698979063702,0,3,0,0
566,1,0,1.960530471997846,2.5360796883169727,9.091582142052731,1.1723641526101651,3,94.30375514857747,68.71165815410964,1,6,1,0
567,0,1,1.5108732725910003,-0.25346272404215964,12.861370997518526,0.0,3,42.760588643191156,58.608236424615,0,7,1,0
568,0,0,2.339024983505808,-0.4122241421287836,12.491855695595444,0.0,3,46.496397955443165,48.00054920175513,0,5,1,0
569,0,0,1.0418841412469029,-0.1254892137153192,7.900798469550584,0.0,3,49.82748268599755,56.162632114721745,0,6,0,0
570,1,0,0.8717268861197214,-1.398212376880975,15.717438714243114,0.0,3,27.975489714811467,21.214874847381317,0,4,0,0
571,0,0,2.1370693977423154,-2.5162935600133136,17.266056945118695,0.0,3,12.24822914401474,29.037107485065274,0,7,1,0
572,1,1,4.279235883631271,-0.9673027395796372,12.949308127446255,0.0,3,35.55241144080327,50.83408274728803,0,8,0,0
573,1,1,1.347834667300725,-0.4979129570668103,10.094929410473847,0.0,3,43.0028621452044,45.637033615373056,0,4,0,0
574,0,0,1.123679726966447,2.0405836711248493,6.8807928630245065,1.0512172766351675,3,84.8875812097985,73.53218994414223,1,7,0,1
575,1,0,2.192371047163453,-0.23978379217899248,12.626309128156223,0.0,3,46.067129443489286,38.988849146120664,0,6,0,0
576,0,0,1.8718182370746743,0.12132010432105145,12.678727109875716,0.0,3,50.04805602167849,49.34257505639799,0,4,1,0
577,1,0,0.8963662845607369,1.3424229206600893,12.785926979955635,0.34197593908124435,3,80.07287811692989,55.674829339454845,1,5,1,0
578,1,1,1.6601621768679449,-2.5933326909528125,20.086061801718934,0.0,3,17.113803289089184,19.25967922638489,0,3,1,0
579,0,0,1.7134310082829556,-1.171905723271008,9.442773606245098,0.0,3,32.74883462673917,51.03088788281208,0,6,0,0
580,0,0,1.8904670858682793,1.3399175540724808,11.17216767133973,0.0,3,70.84090710619047,65.12059007757661,0,7,1,0
581,0,0,5.616618508442088,0.9450020446349753,12.994869683159884,0.0,3,66.01952911733316,50.38581001211224,0,1,1,0
582,0,0,2.6154044434134662,-0.444382171898716,14.45960995409748,0.0,3,44.32618854436409,43.59828935356603,0,5,1,0
583,1,0,1.2414403638991678,-1.362693905402197,16.051793942883464,0.0,3,28.438912569049656,24.198852092714134,0,6,0,0
584,1,1,0.8220051322401654,1.2715427529734018,8.451839964064558,0.0,3,66.81216918932346,59.57408030029477,0,4,0,0
585,1,1,0.6542055944751919,-0.3573758855524005,14.879756516032465,0.0,3,44.871763357685495,41.92054717095109,0,3,1,0
586,0,0,3.298638024359182,-1.5730157710793324,16.31315650655798,0.0,2,26.810014198977026,33.20005567974409,0,5,1,0
587,1,1,0.9374950939664821,0.15067698477679187,15.493605518239345,0.0,3,52.65887287735596,38.972059637806765,0,7,1,0
588,0,0,1.1582886578994662,1.8159109057131244,10.919876784276488,0.28852216482751636,3,78.57781850881729,59.15431676059349,1,2,1,0
589,0,0,1.6851040566958466,-0.2948869857121611,14.396910923254765,0.0,3,44.274904090076916,39.60828220098034,0,4,1,0
590,1,0,1.3283660895238443,1.2828648306767045,14.145561666619853,0.0,3,67.06779059942264,48.51731852604745,0,3,1,0
591,0,0,0.7498783132604188,0.34505218415740047,12.241261685140483,0.0,3,53.6519283939775,56.27725700711264,0,5,1,0
592,1,0,1.6812599121882645,-1.1827177151079606,14.655666192814927,0.0,3,30.889180235995358,31.993174207393096,0,6,0,0
593,1,0,2.4086586866574082,-0.9076697686534588,16.20359752469269,0.0,3,32.983246417085795,34.31614709964745,0,6,1,0
594,0,0,3.07071514845764,1.1223236010477333,11.521343361116443,0.0,3,67.06250574094253,59.80042174683829,0,4,1,0
595,0,0,1.8365415789186421,0.16301609292062746,9.798974034238872,0.0,3,55.28254058496686,54.48718684609325,0,5,0,0
596,1,0,1.8946862182775122,-2.6104556056776436,20.039589576468956,0.0,3,10.503387881461046,15.186143172773598,0,5,1,0
597,0,1,1.037865310477282,2.060158774529051,5.63234065010975,0.8160147798227996,3,79.2022094661982,76.91850173049286,1,7,0,1
598,1,1,0.9376828878052136,-0.4899901974546455,10.68846179335709,0.0,3,42.34770082320192,44.63489135476931,0,5,0,0
599,0,0,3.2829545040997856,0.9247142234766949,6.966937785658283,0.0,3,0.0,61.53934962907408,0,7,0,0
600,0,0,1.3991457760449695,-0.4682813903717712,11.171725933114102,0.0,3,41.08899996436132,45.35122352495651,0,5,0,0
601,0,1,0.716913758748865,0.9928014475433616,5.928122056300169,0.0,3,66.69255541707182,70.5274801092776,0,5,0,1
602,1,0,3.058318981056614,-0.6629256161599036,13.966424450647164,0.0,3,41.07473582783478,44.869417510688756,0,9,1,0
603,1,0,1.3472907003063255,1.268218614341165,13.41405465043012,0.0,3,63.83838948006379,50.414732282420374,0,5,1,0
604,1,0,1.1306094950104912,1.0408628444298562,13.533663139819597,0.0,3,64.5992896342028,49.804019444304565,0,4,1,0
605,1,0,0.8771082606947153,1.3498789443783104,12.67505686850803,0.0,3,71.7453412083669,59.56200156847931,0,7,1,0
606,0,1,1.7735011860282022,-1.0463330223090472,12.799564491923773,0.0,3,34.371136393357,51.18075512333315,0,7,1,0
607,1,0,2.3329026228493928,0.03888659333954296,15.931448466991476,0.0,3,49.74928398779403,38.81167656724442,0,5,1,0
608,0,0,1.3130824685283058,-0.3647654812825873,13.091942465837871,0.0,3,43.323156510950696,53.903932542058364,0,8,1,0
609,1,0,2.0478029126853476,0.537349969692482,10.197462363193772,0.0,3,58.99036178978001,52.99687372091351,0,3,0,0
610,0,1,1.0856853140691032,1.8402604660305801,7.004841140410033,0.0,3,67.9267849241865,83.65792501327667,0,5,1,0
611,0,0,1.5206794151741891,-0.3505690482114778,15.322906643296632,0.0,3,100.0,44.241528670605014,0,4,1,0
612,1,1,1.2741303675878017,0.3260992160190258,9.925859374338582,0.0,3,54.718384355275056,46.4208940465104,0,2,0,0
613,1,0,0.5688542010759601,0.7459822848306962,15.381344858092707,0.0,3,61.474741545540795,40.32292104288881,0,3,1,0
614,1,0,2.0052662461251516,1.6153703244655007,13.175132167187867,0.0,3,74.45471383470016,54.06160879549958,0,5,1,0
615,0,0,1.2273574856319696,1.8344222748813208,5.181941384656299,0.33459188621524577,3,79.64390282661856,75.19158049532933,1,6,0,0
616,0,0,0.7760149316636953,-1.811672924544946,16.732982084538694,0.0,3,24.494665006608486,29.310115924798946,0,4,1,0
617,0,1,2.013895623698995,-0.6590043859767063,11.8075777098449,0.0,3,41.04199299073813,53.139999486628625,0,4,1,0
618,1,0,1.3295158368787485,-1.6279104364083146,18.598755114551665,0.0,3,0.0,22.817105722340084,0,5,1,0
619,0,1,3.134916445447013,0.6988572593777839,11.122923015838484,0.0,3,70.87728739559492,68.51472247747807,0,6,1,0
620,1,0,1.259311135872505,1.8215006664831788,8.302767877726081,0.5981143116908347,3,77.98507310224976,63.86219601736387,1,8,0,1
621,1,0,0.8285182952331784,-0.7429659574384407,13.594778364215571,0.0,3,41.30531193041329,34.65263287395651,0,7,0,0
622,1,0,2.237444992431923,0.5982263003232233,14.154039283012791,0.0,3,59.3909412735346,42.018695879702996,0,3,1,0
623,1,1,2.934335460873669,-0.5813296691118274,9.906732387336616,0.0,3,41.58563972362249,49.174467101223094,0,5,0,0
624,0,0,1.2304557154113924,-0.4506086340448606,9.548723842292645,0.0,2,43.87030275542749,57.84786854820184,0,12,0,0
625,1,1,1.2287642505598546,2.0545482783672386,5.322622457960033,0.8899719247761094,3,46.50765651587437,74.34993951291743,1,8,0,0
626,1,1,2.495259427767032,-0.8727241744928765,16.073633254947627,0.0,3,36.031455808795975,37.34554958462154,0,3,1,0
627,0,1,2.6214605833040325,-1.170047511847653,14.293135511977308,0.0,2,30.318277116732283,42.42273251406555,0,3,1,0
628,0,0,1.7694172524910514,-0.5822106470665948,13.190748729973805,0.0,3,43.49390615971173,41.69548112724535,0,4,0,0
629,1,1,1.7231052599162315,2.0827934010881477,6.060040677872263,1.226883290937983,3,100.0,71.73155304560434,1,6,0,1
630,0,0,1.324324581513268,-0.8757858857148129,14.204287320999585,0.0,3,36.43544968169222,42.3709622258807,0,6,1,0
631,1,1,2.0775301216460895,-0.6776866910557187,12.094109149258394,0.0,3,45.771040459416945,39.494440473847085,0,3,0,0
632,0,0,1.6114173296616767,2.2711615307011717,5.705478043803432,0.9431733560249372,3,85.49942262685286,71.80377722323199,1,4,0,0
633,0,0,2.188282703040238,1.6777691501749703,9.728456337247358,0.0,3,76.88091682073899,65.91004731441787,0,4,1,0
634,1,0,0.6745313427298352,-1.818665803057919,17.398043588813085,0.0,3,23.64797785537361,27.522199791637604,0,8,1,0
635,0,1,2.942063846619621,0.3916976694195898,10.105274202443578,0.0,3,42.1767959126628,68.58220139027715,0,6,1,0
636,1,1,2.089643198303381,-1.2448395092999354,12.932000833260236,0.0,3,30.912518282567383,34.69798598295692,0,4,0,0
637,0,1,2.7473789178985992,-1.2485445686399512,15.241697501601113,0.0,3,30.30641955423572,40.57290077276436,0,2,1,0
638,0,0,0.8822977627427533,0.12334150090326518,11.647443870095197,0.0,3,52.69891379204978,57.87862443450743,0,8,1,0
639,0,0,1.5998507425297896,-0.5893182739405639,12.818273092518096,0.0,3,41.228466915341244,40.79602375318009,0,5,0,0
640,0,1,1.965455145219524,0.48770365951254896,8.610793211297638,0.0,3,73.99697359684868,69.51674330397363,0,8,1,0
641,0,1,1.3223852211644738,0.7347555633034508,7.100710255210547,0.0,3,59.726431240936854,68.05604933559927,0,5,0,0
642,1,0,3.9437104943663255,-1.0140705104391674,15.597385911724064,0.0,3,37.00937451966454,23.550922690220602,0,4,0,0
643,0,0,1.5323344780019248,1.9670431454128565,8.666223484471157,0.0,3,78.33943085260346,76.21194012354756,0,8,1,0
644,0,1,1.347615703516422,1.7176002230181304,7.674119332449891,0.2931588893019256,3,75.21160229104312,72.96179568899919,1,4,1,0
645,0,0,1.5883416797302825,0.11690614985555636,13.264270400097459,0.0,3,51.672853467009105,48.764066381559445,0,4,1,0
646,1,0,2.810015409916911,0.23715167882662544,15.893569942598036,0.0,3,50.01678310941568,33.3440359870684,0,2,1,0
647,1,1,1.1261583541568583,0.6155109753952057,8.640297333607698,0.0,3,58.87590331426448,55.23768833423291,0,5,0,0
648,1,0,0.9989699866573193,1.6880183514011875,12.424344221761885,0.3930790185157495,3,74.70427576154563,55.78642749379217,1,5,1,0
649,1,0,1.0167796988424158,-0.3904318803748649,16.705049375960865,0.0,3,43.13484861631142,31.91467201239425,0,4,1,0
650,0,0,1.4065755366844583,0.49466649083717396,8.554407643148686,0.0,3,53.20739588350718,72.13014888636793,0,12,1,0
651,0,0,0.9789227923297313,0.37027426617600123,11.222431942357144,0.0,3,56.67223991308113,60.95616379688,0,9,1,0
652,1,0,0.7933677853279865,1.351821999812712,11.116516292628715,0.33388118048666626,3,79.66174114161609,62.22919822219951,1,9,1,0
653,0,0,1.8158451371752953,-0.3933245201973514,11.74692972398044,0.0,3,44.73033554215703,53.76377865070761,0,6,0,0
654,0,0,1.66137427431459,-0.659740375687796,17.076776272147423,0.0,3,20.39905720796532,35.42917135969727,0,2,1,0
655,0,0,0.962857513045338,-0.11664733314793532,15.323041091651495,0.0,3,48.418380531952245,37.193199226291796,0,1,1,0
656,0,0,5.236428527542293,1.5988158389486127,10.229939448123675,0.12149787280398475,3,74.65907757397932,65.1387709979184,1,4,1,0
657,1,0,2.91106815549533,-0.720357947232113,17.085556032467878,0.0,3,40.57089803645852,28.49644524240943,0,7,1,0
658,1,1,2.211234314319828,-0.7674290427973385,15.844211168377864,0.0,3,37.49488217078652,42.04883500392831,0,5,1,0
659,1,0,1.0394338148896007,0.8787931737725082,14.048721593009416,0.0,3,63.84352611424463,43.8665546553981,0,3,1,0
660,0,0,0.7356622984548125,2.0895848726979094,6.782675735334022,1.3669532447665342,3,80.67605741775512,68.62986813602927,1,3,0,1
661,1,0,1.974167544473072,0.28400614011603637,14.161783647306248,0.0,3,53.40963689567378,44.729005448210806,0,7,1,0
662,1,0,1.8059091311665685,-1.921421808416552,19.88236982310301,0.0,3,20.099607702944695,17.20859298958814,0,4,1,0
663,0,0,1.970258621024152,-1.5378039872408202,12.966848894493783,0.0,3,27.271845779547952,34.7521019708306,0,6,0,0
664,0,0,1.644129327234354,-0.19895251488150992,16.154509002166478,0.0,3,47.399090430608176,39.07893308495782,0,0,1,0
665,0,1,0.8073095230588923,0.6690431286483166,4.718074795036664,0.0,3,61.42575269305325,75.11612343236489,0,5,0,1
666,1,0,1.591935357828192,0.602579662586913,9.78539033757885,0.0,3,60.04500387063885,48.55772647879556,0,5,0,0
667,1,0,1.9219902171037992,0.24506807489360866,11.86478691594105,0.0,3,100.0,44.27544893329301,0,6,0,0
668,0,0,1.2055906432292225,-0.30614067786249505,13.95839913965651,0.0,3,44.29755280738477,46.35706707597111,0,6,1,0
669,0,1,1.6051066313774676,-0.587976015201474,12.89661123330569,0.0,3,41.43640153628105,51.13182089762531,0,3,1,0
670,0,1,1.591984585853139,-1.148378666752458,10.045591988538442,0.0,3,32.4621369215077,49.450330953101265,0,5,0,0
671,0,0,1.523589063006091,-0.024827463130463016,13.609884325936326,0.0,3,50.43611901537039,51.57608168888619,0,6,1,0
672,1,0,1.7810585716079297,0.07510470929818469,13.380233822229533,0.0,3,53.6453284158419,48.57404929818307,0,1,1,0
673,0,0,1.4068623783211995,-0.272570017850308,12.71892753175727,0.0,3,45.655914702417405,48.924540234779286,0,3,1,0
674,1,0,3.1987186384897184,-2.131944837705424,19.972076370675868,0.0,3,18.15107122970774,14.526787207472037,0,5,1,0
675,0,0,1.7658419795002294,0.8292232825513011,12.375024076482484,0.0,3,61.97569452582575,52.586886941480266,0,5,1,0
676,1,0,1.674521005958763,0.3016355371449111,13.397809929894162,0.0,3,54.988982949008175,48.6891594313451,0,5,1,0
677,0,0,1.2949648513958845,0.4141883128263663,11.90043856165663,0.0,3,59.90417143448774,60.826855001468836,0,10,1,0
678,1,0,2.378239551135344,0.43910887501224005,12.615440812133437,0.0,3,58.14289888032084,36.31434779647385,0,1,0,0
679,0,1,2.27688099682435,1.1538564947256746,5.3823702889739335,0.0,3,67.52668672596488,76.39593144826084,0,7,0,0
680,1,0,1.8038994488356572,-0.20072116228028014,17.04656134470573,0.0,3,48.15448098540649,34.37970844119492,0,4,1,0
681,1,1,0.6366409744621059,-1.3083166622130709,17.20764159108285,0.0,3,30.4247188456259,36.333060867139075,0,5,1,0
682,1,1,3.1583126659304623,-2.0754029411169594,16.77686366093925,0.0,3,21.357314619041947,33.96224958728251,0,5,1,0
683,1,0,1.078683627875268,-1.7654483910632166,18.841597888873252,0.0,3,24.320915831283358,22.21695502024969,0,5,1,0
684,1,1,1.9304374113674694,-0.7050783651742629,9.40193824535283,0.0,3,39.41376922619975,54.5493337829825,0,10,0,0
685,1,0,2.177898426226335,-1.0243099131732207,14.866333826387857,0.0,2,35.18990106800404,34.379620620299804,0,7,0,0
686,0,1,1.4899694107583155,-1.8525112602060736,11.61019263498507,0.0,3,21.677249674386566,40.66138646569339,0,5,0,0
687,0,1,2.0793340611293587,1.2943142994220622,7.841443417153478,0.0,3,66.70613755134356,74.62144768054497,0,6,1,0
688,0,1,0.6377464577016322,-0.6657135963175703,14.08099634987259,0.0,3,42.26482135405719,44.727050019228315,0,2,1,0
689,1,1,2.580260385391468,0.8436876014066407,11.480562800976752,0.0,3,62.67249909844732,60.6972224487059,0,4,1,0
690,1,1,1.867941173814125,1.7356426569691383,9.941536669360653,0.0,3,74.46698882598787,67.95040520913633,0,6,1,0
691,0,0,4.5524232708406345,-0.08732792963665972,12.628249270873514,0.0,3,49.2214710044204,49.55363296773101,0,6,1,0
692,0,0,1.6022610638413055,1.549118835182317,6.092319065456946,0.8524024137819322,3,72.03191764334669,68.2209212695817,1,6,0,0
693,0,0,1.3110702971014803,-1.0223808805690582,14.958930750916384,0.0,3,35.276293900443214,41.23333056194318,0,5,1,0
694,1,1,2.8712788044320097,0.4138682065363154,11.246707312033697,0.0,3,56.02541602897278,56.03722096408901,0,4,1,0
695,1,0,1.6088908981595544,0.09060048646059556,13.338622989443392,0.0,3,51.70068335350351,44.72285079886477,0,8,1,0
696,0,1,2.787235298152959,0.990704807143763,5.9671439377577675,0.27163646733968466,2,64.86459337722069,72.36042346415627,1,8,0,0
697,0,1,0.5070621360059036,-0.7663930750842248,12.672064177704984,0.0,3,38.7908773741421,51.47830943166961,0,4,1,0
698,0,1,1.0663437263324633,-0.4902117235934895,11.076721389327188,0.0,3,43.669185841357,59.362774126321916,0,7,1,0
699,1,0,1.160943320692251,-1.9538126046649253,17.847653412429345,0.0,3,16.34344445811955,27.676564933116726,0,5,1,0
700,0,0,3.6937915193808686,-0.8594702074176858,12.06171402066562,0.0,3,36.95052571624599,37.48814634835447,0,5,0,0
701,1,0,1.5810335037747483,0.5705581105200221,10.962077892057778,0.0,3,56.48779114543358,42.68494470918987,0,4,0,0
702,0,0,2.9495415306087143,1.326168506562535,9.628202335234855,0.0,3,4.121757430540072,67.33880123755192,0,6,1,0
703,0,0,0.8624949699034641,-0.6316068181420379,12.957947088895244,0.0,3,39.859483666684696,50.317215250901114,0,6,1,0
704,1,0,0.7811008448248171,-1.7140974304239802,15.37735029056815,0.0,3,24.81550280574001,21.588773645320906,0,2,0,0
705,0,0,2.854470130162475,-1.1890538433677282,14.807873708879267,0.0,3,32.47425000556151,39.87208562273422,0,6,1,0
706,1,0,2.220617491125242,1.778341358971797,7.644824218469471,0.6474448551071981,3,72.25372565370421,60.86748764656045,1,7,0,0
707,1,0,2.111103572577349,-1.7851557608990316,18.71052862938377,0.0,3,23.926157432120423,24.61913948108496,0,7,1,0
708,0,0,1.3695334182263132,-1.7044377292952269,16.32031706646724,0.0,3,0.0,33.32720173261003,0,4,1,0
709,0,0,2.3287213327287093,0.1490006777116605,12.609201545664781,0.0,3,53.659672083443915,50.624427382884775,0,5,1,0
710,0,0,1.4066348105360136,0.16596437010713513,12.814030816321909,0.0,3,51.503786863910854,52.285497697792806,0,5,1,0
711,0,0,2.827862747029605,0.17380095831567113,13.55733787263691,0.0,3,51.49841188624981,52.315230922762076,0,5,1,0
712,1,0,3.4541222855995923,-0.22099209575072426,15.19765483628417,0.0,3,47.15961093471623,37.50709466721034,0,5,1,0
713,1,0,0.9172823221404083,0.6057417579689113,14.013940517588386,0.0,3,59.25643211793677,46.773286325625484,0,2,1,0
714,1,1,1.2514272499956918,-0.4589642044069111,10.209612130113468,0.0,3,42.5418278840382,49.97753384457757,0,7,0,0
715,1,0,3.0683606153834635,0.5796156112364818,13.251776098705914,0.0,3,58.63253708857237,52.70023184042149,0,4,1,0
716,1,0,2.9248249704385785,-2.050112317174025,20.76798631344034,0.0,3,19.802771664071702,13.050943132721326,0,2,1,0
717,1,0,1.0800760864282228,-0.7567618482250477,16.770062250935077,0.0,3,39.09064588099158,30.90714106930063,0,5,1,0
718,1,0,1.3712820026176646,1.8196976128990592,6.9484771169161315,0.20038862095232532,3,75.45910879247855,66.887050859256,1,5,0,0
719,0,1,0.7253698136306724,-0.6586661221619143,7.431060511485589,0.0,3,40.126490890237804,73.21817640271094,0,7,1,0
720,1,0,1.7051673550215345,2.5298194160475833,10.015560503492699,1.0300223796445294,3,86.00793127760697,63.552415423519044,1,4,1,0
721,1,0,4.346913973662278,0.6311546364896898,14.663514575175945,0.0,3,60.374137570250824,48.439578129193805,0,5,1,0
722,0,0,1.1689045687957162,-0.3268477568446365,14.436397328346374,0.0,3,44.58772401533387,40.54763430178362,0,7,1,0
723,0,0,1.5924486231477064,0.3434403037600632,14.458848136422219,0.0,3,56.553700535167835,48.175945677745695,0,1,1,0
724,0,1,1.17499427123188,0.12075372417835037,10.923477811457703,0.0,3,50.008576863927814,61.96863992483497,0,6,1,0
725,1,0,2.2001423572758156,-0.3537588495061152,13.653156429787629,0.0,3,46.02584574118035,35.30853420511356,0,4,0,0
726,1,0,1.069641425847097,-1.2646644232045874,18.617989561757977,0.0,3,31.097225114316796,21.789400422266564,0,3,1,0
727,1,0,1.2623739891963173,0.3202628862210812,14.530740699313203,0.0,3,56.60672928056889,41.52790648410178,0,5,1,0
728,0,1,2.0357849834448123,0.6102389104126742,9.488544940562791,0.0,3,61.95084166735998,69.28367415987466,0,6,1,0
729,0,0,1.5947885450555992,-1.1913772300453453,15.14389199570769,0.0,3,30.387192800872413,36.929075720271115,0,5,1,0
730,0,1,1.679384466098707,-0.0999858998945446,7.153883653691492,0.0,3,33.77001855100143,62.788841589065235,0,5,0,0
731,1,0,1.0537105999615828,1.372239404692233,12.93128981016762,0.0,3,63.47127635749703,54.5752124224636,0,5,1,0
732,0,0,1.7586779658160727,-1.2134748607097805,17.474358404854925,0.0,3,31.886096009254814,28.152636524130727,0,2,1,0
733,1,0,1.8459379344330136,-0.3974555136216329,14.496724453687722,0.0,3,43.433670889946754,41.85190891258643,0,8,1,0
734,1,0,1.593275617240949,0.6960522120173258,10.843742816275732,0.0,3,62.871725142776285,43.27015891308163,0,3,0,0
735,1,0,1.5104504374373986,1.3393169887412935,14.04338011357571,0.0,3,70.28074649845574,50.205045850248,0,6,1,0
736,0,0,1.1748495663086125,1.2612024042615924,11.320925118507114,0.0,3,70.15171857982584,68.98400522492778,0,7,1,0
737,1,0,2.0138438976738433,0.19844004672843704,11.249908003368807,0.0,3,53.21189385369075,44.1200419766994,0,4,0,0
738,1,0,1.5679430536050343,0.4293453847578157,11.47683382944448,0.0,3,56.37371697249667,47.01402955626338,0,7,0,0
739,0,0,2.6009768258825443,-2.3267730430175333,17.956773304387667,0.0,3,15.609118094500246,27.645979919775822,0,4,1,0
740,0,0,0.689433245760164,-1.171222461938844,15.637595824013722,0.0,3,31.987290298020365,38.482816640484096,0,5,1,0
741,1,0,1.0981862418229726,1.0785170752177864,13.78671155480914,0.0,3,65.18023854676088,49.874125890944086,0,5,1,0
742,1,0,0.7652538166823605,0.597675660674532,12.474181025707944,0.0,3,57.148998235204694,37.02379117527653,0,3,0,0
743,0,0,0.7134110154142577,0.08859867940729002,13.424557468710637,0.0,3,50.90787185321833,49.15859233462474,0,3,1,0
744,1,0,0.622863353652409,-1.068852712045328,16.318039335334568,0.0,3,34.76686419829344,39.90968978327056,0,9,1,0
745,0,0,3.259180263917459,-1.8495844100470955,16.551122903197037,0.0,2,17.472971124909147,35.58779273038375,0,8,1,0
746,1,0,2.1362589455435232,0.4464359443854718,15.796768237334058,0.0,3,57.145508287161796,41.02009760197099,0,4,1,0
747,1,0,3.410250142994521,0.1858266267804817,14.520240649446,0.0,3,53.06351877360893,42.49632846496267,0,7,1,0
748,0,1,2.06001357445394,-0.6187260259781964,10.345943819054872,0.0,3,42.563952264437525,66.51259984489194,0,12,1,0
749,1,0,1.4595565254275864,0.3771437677035235,16.41900308018176,0.0,3,55.149606378424444,34.34763384975953,0,1,1,0
750,0,1,1.4368777900305068,0.5693785187216416,9.851137547874393,0.0,3,59.23743307069869,66.95611185655814,0,6,1,0
751,0,0,0.7093039610672129,1.715054269684158,9.916549285483407,0.2506581974187352,3,75.36145562618651,69.41845029555118,1,6,1,0
752,1,0,1.951894983210087,-1.082061134581038,18.302186408829282,0.0,3,32.8676740221972,21.516053294228893,0,3,1,0
753,0,0,2.2122808626645587,2.0315219938364106,6.4308898221029045,0.6775281813134924,3,80.14479406698797,66.69324677685596,1,5,0,1
754,1,1,1.307807738854145,0.5856583072343864,9.470536253638388,0.0,3,58.901352439197,53.4488467520558,0,3,0,0
755,1,1,1.4719366894459418,-1.3370107239720908,12.787647546420452,0.0,3,30.403428504868344,37.944495778531376,0,5,0,0
756,1,1,1.4562415345200115,0.2874574865655764,10.050190620564965,0.0,3,54.17186151432316,61.26065414604653,0,6,1,0
757,1,0,3.081280178477993,0.16318082008342588,12.538238327549848,0.0,3,53.76172759161405,53.89424056987946,0,10,1,0
758,1,0,3.2796306027124524,-1.1669930653536607,15.882931260748453,0.0,3,7.848926894436712,32.60168651800085,0,4,1,0
759,1,1,0.7328984049980177,-2.109226353702309,20.37893684339698,0.0,3,18.3183321967088,21.99954914072767,0,5,1,0
760,1,1,3.0674210097169117,-0.1004389807587668,12.397614751381926,0.0,3,47.624112182507524,49.935011814717406,0,4,1,0
761,0,0,2.1858655048471993,0.9847963154337512,10.237179730420214,0.0,3,63.961610480537374,63.356432443365904,0,5,1,0
762,0,0,1.9091308681693295,-0.06821972819388834,12.005397992463902,0.0,3,49.88927914450758,39.79832170662348,0,3,0,0
763,1,0,1.9714524309252326,0.7424438181733695,8.87604880080817,0.0,3,57.14174185461629,56.58863789722098,0,8,0,0
764,1,0,1.8388200432322273,0.12436074258288947,16.113544666144534,0.0,3,46.02071214739924,33.880914248652644,0,2,1,0
765,0,1,1.790359517079003,-0.663952891276371,10.61499279596604,0.0,3,40.69316526315671,59.23457594741327,0,7,1,0
766,1,0,1.5207569412757667,0.15342078814377832,13.756786575079259,0.0,3,54.12105126604551,50.612418774056415,0,7,1,0
767,0,0,1.6594694454634642,-1.9775267015917801,17.689429915906647,0.0,3,20.286117050900188,27.01083996908201,0,3,1,0
768,0,0,2.9890199148614456,0.5488204315942418,12.76798912948669,0.0,3,57.1184831210571,52.427781198251246,0,5,1,0
769,1,0,1.0527958564088173,-0.38629602157800086,13.795164519442649,0.0,3,38.75375652120328,45.37727841878699,0,11,1,0
770,1,1,2.1739699276627857,1.36287844358205,11.998576447302153,0.3966569601484613,3,71.50044226145393,56.54175155286183,1,2,1,0
771,0,0,1.281011833241194,0.010404063464832506,9.870771675304198,0.0,3,49.7089810359559,55.11804049819907,0,8,0,0
772,0,0,2.3185782121819165,0.04087333173182005,12.662771010208678,0.0,3,48.70400354553177,51.39413452293484,0,5,1,0
773,1,0,1.620356210225504,-0.06148003412388785,13.681232627206517,0.0,3,48.13312072114019,44.67240669048398,0,4,1,0
774,0,0,1.4721419506851607,-0.141296090570624,13.049209853888367,0.0,3,50.1680627470922,49.28883879908486,0,7,1,0
775,1,1,1.7953859915226071,-1.2521870105690176,13.20203017051757,0.0,3,31.701731969037272,47.86301953507488,0,7,1,0
776,0,0,1.8525673780736993,-0.422309319068141,13.030881430669432,0.0,3,37.82619136824321,49.42828304545984,0,7,1,0
777,1,0,2.1054133781920377,1.257224344684256,14.328451022773312,0.0,3,70.21138170796084,46.75507595475167,0,5,1,0
778,1,0,1.1166979347248462,-0.7181899372526827,16.942593337839295,0.0,3,38.13081483740229,35.14281648356362,0,7,1,0
779,1,0,1.3257397665360249,-1.198582278884832,17.953958372892757,0.0,3,34.53153989134444,22.019608579039947,0,6,1,0
780,1,0,1.5264821529192294,-0.3058413811935889,13.20154530269208,0.0,3,46.73086944911208,34.91029453243181,0,4,0,0
781,0,0,2.555706062329202,-1.6608203984095424,12.508176355406569,0.0,3,22.862254814922796,39.90450434092167,0,9,0,0
782,0,1,1.8529852330626966,-0.972556549058358,10.584020704805821,0.0,3,35.72358704189602,46.250431876201255,0,2,0,0
783,1,0,1.3022231163666498,-0.19580813174067882,17.273360145120034,0.0,3,46.5981869709124,29.41382507421148,0,2,1,0
784,0,0,3.8703611596779903,-1.0749683654905122,13.23366208555753,0.0,3,41.13040018618782,38.42066709707837,0,3,0,0
785,0,0,0.9072222026841842,1.0546806458464177,13.415098190710104,0.0,3,66.68808944492908,54.55332201869202,0,3,1,0
786,0,0,1.160805404453429,-0.7741975342743751,12.507987657541118,0.0,3,37.27490355530984,51.97940794624876,0,7,1,0
787,0,0,1.299512558018598,-0.5825399917229219,12.766040350319114,0.0,3,39.109668491771025,50.78764758920024,0,8,1,0
788,0,1,1.3339582791659406,-0.09383553948833223,8.119743086389294,0.0,3,48.40604678464316,62.97658185782894,0,4,0,0
789,0,0,1.470092242895596,0.43856259731699665,14.668998596820096,0.0,3,56.985922698373464,43.71807616953019,0,1,1,0
790,1,0,0.9793830466423167,1.9456764032980451,10.778089881529047,0.0,3,80.8047838256251,61.10059767056627,0,4,1,0
791,1,1,0.8342588921682195,-0.44325724763645735,10.381338213452972,0.0,3,44.266908455161435,50.27856114847662,0,7,0,0
792,1,0,1.9392132404793614,0.5331053093315414,14.384191225415982,0.0,2,57.51776814041859,42.62961233813025,0,3,1,0
793,0,0,2.4249867464826846,0.9961146638608912,11.423801801775438,0.0,3,71.76209861437432,58.00824496923628,0,6,1,0
794,1,0,1.992426970667357,-1.4757692358396015,14.718730432751487,0.0,3,23.847279270956367,25.42408812631535,0,6,0,0
795,0,0,1.9284285694456567,1.4311780867255546,10.097904512349945,0.0,3,71.66399017925106,66.95226417099946,0,5,1,0
796,1,0,1.5909959268645162,0.2681141453961041,16.39175202337329,0.0,3,53.86873132404808,40.19316373351054,0,3,1,0
797,1,0,1.4404921240897688,1.0156096467494033,16.926351125588155,0.0,3,64.42362724172555,39.62795160894099,0,4,1,0
798,0,1,0.7546706047717159,-0.6997201927698542,11.886598875736926,0.0,3,39.20256512144571,42.684166514524705,0,1,0,0
799,0,0,1.2172898010978561,0.21755400232546354,11.843752318938643,0.0,3,54.5589428672948,58.34881845658963,0,7,1,0
800,0,1,2.2098571173365436,-0.30262373056447317,8.487409599818758,0.0,3,45.858648637112125,58.87937158598373,0,6,0,0
801,1,0,2.741905238636269,0.2074110116281052,15.390375307202746,0.0,3,51.83526632370351,34.6534406356725,0,1,1,0
802,0,0,1.6958295683998494,0.5178623867882288,11.153087420724894,0.0,3,57.66440371007632,58.868374436064,0,7,1,0
803,0,1,1.2080285205350119,-0.2915456396805127,11.00847147593988,0.0,3,42.968086850648945,47.98353501286151,0,2,0,0
804,1,0,1.9098053615618151,0.43392003063342144,16.737139070148263,0.0,3,55.211581598230126,42.132198891143965,0,4,1,0
805,1,1,1.5085072912236668,-0.11864053045940809,12.489007338404742,0.0,3,48.57351274934564,52.29089685505243,0,7,1,0
806,0,0,1.4003372529204898,-1.0217007092555093,15.419516633798922,0.0,3,33.78769575419043,45.17891793215103,0,8,1,0
807,1,0,2.4156953535768135,-0.6571522700174527,14.715720768013242,0.0,3,46.09696491783882,29.98254397217095,0,2,0,0
808,0,0,0.7172645202727985,0.8464123921350388,11.042689658062363,0.0,3,62.92180695599902,61.51437383584441,0,5,1,0
809,1,0,1.5701840145020336,0.5485274481286692,14.959009022793827,0.0,3,59.96558433872878,42.93403919128449,0,3,1,0
810,1,0,0.6134998304150096,0.23801479580346835,14.074533142132456,0.0,3,52.16805576889355,47.332123125486476,0,5,1,0
811,0,0,2.823427259358378,1.7968624065139258,11.266763713418332,0.32188105894995,3,76.71612170505423,63.289717666755294,1,3,1,0
812,1,1,0.32497642939451266,-0.02415240998004722,14.19580081642394,0.0,3,51.226213000201334,43.77694013803567,0,3,1,0
813,1,0,2.425802328831618,0.3948134887118382,16.20439837132331,0.0,3,55.77063916642382,39.34588941721677,0,3,1,0
814,0,0,2.4218506069633396,0.4697175473040652,14.970866334473692,0.0,3,53.58779855275652,43.5388832011257,0,0,1,0
815,0,1,1.0725802529335138,0.9391560296963546,6.565468268300513,0.0,3,58.83650233483037,69.43874668779756,0,5,0,0
816,0,0,2.7499729320102912,0.9825198870629134,10.439179509707671,0.0,3,68.77090615493903,50.97178719023683,0,1,0,0
817,1,0,1.5753456175495248,0.8478571400974746,8.902569553343938,0.0,3,61.621778987725435,53.19408827067802,0,6,0,0
818,0,0,1.0866150786451145,0.3123281830143253,10.597141002918637,0.0,3,55.73746801668464,59.83289812355299,0,7,1,0
819,1,0,2.144495497773537,1.1862820397990326,15.436608430609965,0.0,3,67.07776416088808,44.45426157975153,0,5,1,0
820,0,0,1.9486474646707754,-1.2574696935924634,17.08146277818911,0.0,3,30.12623064195642,30.089273533143608,0,2,1,0
821,0,0,3.0847104454367344,-0.001095797843639137,15.926005537332212,0.0,3,51.57812559097976,45.59098360655658,0,6,1,0
822,1,0,3.225693371681233,0.09052874919734058,13.869486202045755,0.0,3,51.21032541992222,48.08900644337884,0,7,1,0
823,0,0,2.9011739680825572,1.3454675543573646,9.091710273421157,0.0,3,69.59680676718848,67.10354552367662,0,3,1,0
824,0,0,1.3163256838783188,-0.45226796843248174,16.773489943645526,0.0,3,43.73842999200735,35.24045048526807,0,5,1,0
825,1,0,1.9425814224171445,-1.2403416855688325,16.928427069905187,0.0,3,32.78826586004538,25.661645122908542,0,4,0,0
826,0,0,1.8818109549497672,0.1398567238735305,12.869546394730584,0.0,3,51.5417654732264,56.22256660571846,0,6,1,0
827,0,0,1.7385234909223946,0.7274051321213948,8.841625071158711,0.0,3,63.33555996925756,55.414713136720586,0,4,0,0
828,1,1,3.7859632384347326,-0.7453695157031875,14.54012317736833,0.0,3,39.3423865333957,41.09168615565002,0,4,1,0
829,1,1,2.2723174598225513,0.5888822584845191,12.163621654490502,0.0,3,56.117246172411,49.846225981576545,0,3,1,0
830,1,0,2.614864512097725,-1.082868093107609,19.233151458816824,0.0,3,33.29925634354939,23.779938072939043,0,5,1,0
831,1,1,0.9817815686771694,0.7439532343497662,10.668675214135687,0.0,3,71.45791205064884,61.342834024990395,0,4,1,0
832,1,0,1.0541093698351263,-1.495985134002461,17.804678418553674,0.0,3,28.419159565566922,24.718614597016476,0,5,1,0
833,0,0,1.8808776126354203,0.8101330734939687,6.362928140638618,0.0,3,62.674606694663815,66.88439024528242,0,8,0,0
834,0,0,0.6629298548438118,-0.38263210769885886,15.007540815591938,0.0,3,45.705873029156685,40.38310510748705,0,2,1,0
835,0,1,1.1751913744726705,2.2029780217150883,3.5543168234840703,1.0104544980395915,3,82.99231673810142,79.53349736782886,1,4,0,0
836,0,0,2.2532548921256805,0.15287600793768213,17.476820093458553,0.0,3,49.69737181721693,31.10344750710254,0,3,1,0
837,1,1,1.0948586069160369,0.15715880247654945,13.533586258837236,0.0,3,52.906175009853975,51.6668714001736,0,4,1,0
838,0,0,1.2573025322858333,1.385342846573125,7.545457203451239,0.0,3,70.06768229854518,66.03410124048483,0,6,0,0
839,0,1,1.5516723801455756,-0.30745477687499373,14.046170721522675,0.0,3,45.6672934205182,45.06758347712564,0,2,1,0
840,0,1,1.13456549836802,-1.0625457648457457,12.926591225576956,0.0,3,34.94239068574303,50.710888005318566,0,5,1,0
841,1,0,0.8403734873186175,-1.2474951193699633,18.802160208007635,0.0,3,32.250305316100444,22.178641397624354,0,4,1,0
842,0,1,1.492642425925138,0.07441230991568372,10.784365427591835,0.0,3,50.598122988908486,60.944692086000195,0,6,1,0
843,1,0,4.338152020486221,0.2757659669810155,15.254397572710168,0.0,3,54.21545562968028,39.08406389719975,0,4,1,0
844,0,1,0.9006028403754909,-1.1690796712108107,9.370989841827123,0.0,3,33.53132021338527,51.53458809287219,0,5,0,0
845,1,1,2.339412088447694,0.6000085964093999,9.064649289041585,0.0,3,57.564141384617535,56.13268163065676,0,4,0,0
846,1,0,2.2965563795894552,0.5944125321294885,13.057126705196477,0.0,3,58.74480351984322,37.29884293824434,0,0,0,0
847,1,0,2.1598475877237773,0.5577533892377073,13.65987597155278,0.0,3,59.028937185715186,46.615029711254856,0,5,1,0
848,0,0,0.8680685534300172,2.762291109699831,6.86101528922323,1.2828927735966316,3,53.570322493115654,81.367069769442,1,5,1,1
849,0,0,2.6539110373150594,0.6302441347261629,8.101377903812086,0.0,3,57.17604274233939,57.165208960175015,0,3,0,0
850,0,1,1.4528467854072242,0.09706252565921351,9.169850309117562,0.0,3,54.206120898288404,65.95714821735625,0,4,0,0
851,0,0,2.5221730421434208,0.19155224571911872,15.328569431101966,0.0,3,51.450243633821174,38.61344996517002,0,2,1,0
852,1,0,1.1245658362106459,-0.8009486718604051,16.78478750281988,0.0,3,37.50462967015687,31.361544256760006,0,6,1,0
853,0,1,3.3079793362219108,-1.2950448430777959,13.400899159078664,0.0,3,75.60770070404017,46.5380956474048,0,2,1,0
854,1,0,0.8794872056955819,2.2783290827195954,11.311625198286995,0.7793773489419937,3,85.01793597744961,59.84761248582861,1,4,1,0
855,1,1,0.6700483785385182,0.4161789693310711,8.870997684665793,0.0,3,57.38123891148574,52.96865073668318,0,4,0,0
856,0,1,1.8992340041127982,-0.4632967976065013,9.45752059784001,0.0,3,41.982112468764804,57.82834280052447,0,6,0,0
857,1,0,1.6043479390600603,0.20892801170946385,12.12812766884177,0.0,3,54.77266376583616,41.548437613103424,0,7,0,0
858,1,0,1.6984372003035193,2.072725356964957,7.903733919556474,3.4692390857214166,2,83.82863631764243,60.79526437746628,1,5,0,1
859,0,0,1.7599161379417503,-0.15960411343738043,15.237995440573359,0.0,3,42.829816101098636,41.753242812128605,0,3,1,0
860,0,0,1.645486086178446,1.5460691012540668,10.35671751849251,0.0,3,73.04776381640022,53.9425875517305,0,1,0,0
861,0,0,1.2933998184186577,1.7780095188239928,11.335886825820472,0.06630424772894217,3,74.35130325316186,61.06960099907799,1,3,1,0
862,0,1,1.1755649477701313,-0.6686979718592799,9.515359482326913,0.0,3,39.0895809847163,49.5525918198284,0,4,0,0
863,0,0,1.0450128101388192,0.29256583881787085,13.106485538224236,0.0,3,100.0,51.85121935402462,0,4,1,0
864,0,1,1.6659372626376392,-1.0844580845216458,10.176053516027126,0.0,3,33.03053617869246,47.19474878823934,0,5,0,0
865,1,1,1.1110674414236883,-0.7317191033359499,14.73277280366055,0.0,3,38.965194770230326,40.711700534680425,0,5,1,0
866,1,0,1.640282559159469,0.44694648725441893,14.407706213226087,0.0,3,57.131551080048794,42.19295022861226,0,4,1,0
867,0,0,1.0508487862955724,0.9307819884571576,9.538655921929449,0.0,3,62.14807271837784,66.97511907890576,0,8,1,0
868,1,0,3.2177144750195157,0.2524671509427738,16.024646649116335,0.0,3,53.2397967476449,28.313177567529436,0,1,0,0
869,1,1,1.7454478579045503,-1.5523220634568413,15.816774267725325,0.0,3,27.36343991392101,34.503134396262894,0,7,1,0
870,1,1,2.361886088013617,0.6133890769545212,11.524283369106401,0.0,3,59.545703743774745,53.54208340560503,0,3,0,0
871,0,1,3.731660677501506,0.5637816248181339,8.555348499262642,0.0,2,56.623963743352405,61.28343090042981,0,3,0,0
872,0,0,1.084539755800833,-0.00038336486507070926,14.214705028040818,0.0,3,48.465938165917876,46.26374839453426,0,6,1,0
873,1,0,1.3846202998955306,-2.609251861189042,21.685671468672385,0.0,3,11.842670452621741,7.402093630705737,0,2,1,0
874,0,0,2.351577623924366,-1.1605992192808086,15.608415904523854,0.0,3,34.30926074939269,35.16328290450069,0,3,1,0
875,0,0,1.94491775246532,1.8227378700642223,8.458350571888138,0.5347848115213751,3,70.99576407527842,73.98636016788716,1,6,1,0
876,0,0,2.599443589805539,-0.4167093945827328,11.482138468423353,0.0,3,43.84325697219815,56.46265345714461,0,11,1,0
877,0,0,1.1216603621212167,0.3010058213694173,10.04754325476366,0.0,3,50.69053658035588,60.06884783346099,0,7,0,0
878,0,0,2.3404957619454767,-1.6643971544345881,16.22103719047893,0.0,3,24.730024090576023,36.17982436297178,0,8,1,0
879,0,1,0.87456282579677,1.3562672650807204,8.72193505355402,0.0,3,69.44460847458166,79.4038130293222,0,8,1,0
880,1,0,1.1008963606752098,1.5603746934216696,9.034966730777844,0.7440708276036132,3,71.34724347080923,55.099222949704696,1,4,0,0
881,0,1,1.4156526940863483,-0.4718179784601469,9.228705512450535,0.0,3,40.754539715078394,53.36616376938342,0,6,0,0
882,1,0,0.7466608265933602,1.4281218576054486,11.188654269935702,0.0,3,72.38549068841535,55.695841377725074,0,5,1,0
883,0,0,1.1587414080964606,-0.5688826204366206,12.123155294491465,0.0,3,42.22713448701073,43.188874815041274,0,3,0,0
884,0,0,1.5068466339526077,0.16458191658853227,13.727390479843939,0.0,3,53.899666620532294,45.83960843309434,0,3,1,0
885,0,0,1.3625457277858166,0.9687901267861236,11.425590165916642,0.0,3,64.605440712523,59.209100228570556,0,5,1,0
886,1,1,2.787640320247914,-1.2918395393586144,18.693036919432092,0.0,3,33.08586692796865,25.393132568389625,0,5,1,0
887,0,0,1.024382046683517,-0.8164995453999085,15.51026263111269,0.0,3,39.27676404279633,42.09071135946122,0,6,1,0
888,1,0,1.2680257065838554,1.3256673721667531,14.617202410350583,0.0,3,69.32436497791943,43.973160129117844,0,1,1,0
889,1,0,0.7396007149633222,0.3391108087354586,9.996212905040888,0.0,3,51.83309118724643,53.19259167346259,0,9,0,0
890,1,1,1.1081803730543505,-0.9680302609334471,15.898551262469555,0.0,3,34.49285077521986,39.10460182458227,0,5,1,0
891,1,1,0.9036905925363615,-0.7999553263947466,12.39307029850401,0.0,3,39.36595243981977,36.8728166065829,0,3,0,0
892,1,0,3.055328440597048,-0.5917227888945381,12.234680107237335,0.0,3,42.39167560882169,42.88802734557245,0,10,0,0
893,1,0,1.5269486360647486,-0.29050694126422844,13.79784620734073,0.0,3,46.50728571679793,34.40525554040323,0,5,0,0
894,0,0,0.9236248374308744,-0.22168379832521032,12.08232289737942,0.0,3,47.01492880938357,52.603845644784315,0,6,1,0
895,0,1,3.766205566488064,0.5973484704392507,11.967589425055762,0.0,3,58.07558790954894,60.98443611914267,0,5,1,0
896,0,0,1.162721293330071,0.7910148246815795,9.20221282363345,0.0,3,61.64073716857134,69.0317031215031,0,10,1,0
897,0,0,1.2062613122209211,0.0002457291640023095,13.107080636535404,0.0,3,49.907674139197304,55.803810063913964,0,8,1,0
898,0,0,3.518829109543746,-1.3570640043106867,13.21938648114682,0.0,3,30.628227438630848,35.47680711179083,0,4,0,0
899,1,0,3.096510794222584,0.10529652760267552,15.269739946853868,0.0,3,65.9645192635736,41.821629881112784,0,5,1,0
900,0,1,0.9183626759265612,-0.07674649856841645,11.146701440497631,0.0,3,46.74626502080522,57.607644529893975,0,5,1,0
901,0,0,2.592585628632975,1.727779624882196,9.965786967562083,0.0,3,74.81090478821741,63.836322821983636,0,4,1,0
902,0,1,1.2095192195575926,-0.13742215093563498,8.816854109873365,0.0,3,48.64248568997436,56.0835077634233,0,3,0,0
903,1,0,0.9860494913799785,0.3467498030538665,12.427908516428156,0.0,3,54.87170987019412,47.523068612504744,0,7,0,0
904,1,0,1.1928617034214724,0.31661138661631405,14.436568869426486,0.0,3,55.076035866438936,49.63721508194091,0,8,1,0
905,0,0,3.5615390967599927,0.2644527905886869,12.433769380484119,0.0,3,53.534633553460246,55.40265287469678,0,7,1,0
906,1,0,2.6850057425296776,-1.7079775585388637,19.022286742448728,0.0,3,24.77915007902279,19.80712334746188,0,3,1,0
907,1,1,1.9402154927330575,1.4394522014021964,6.333610979188427,0.0,3,93.04362364982833,66.31625692983916,0,7,0,0
908,1,0,1.5430092932856547,-0.09692065122329542,15.807803484563262,0.0,3,51.550478557077284,42.124554450816206,0,8,1,0
909,0,0,1.5889356725779622,-1.135056456859362,14.565530356265354,0.0,3,34.076439477632015,38.93207094694654,0,5,1,0
910,0,0,0.9415984205583253,-0.36525393210383034,13.39895144460947,0.0,3,48.056779529464315,46.504096715426584,0,4,1,0
911,1,0,1.2896532606154238,-0.21526832325444764,15.037918990995957,0.0,3,46.47342951599527,33.314096517756425,0,2,0,0
912,0,1,1.9717032727742736,-0.9787794194207126,12.3285832325834,0.0,3,35.61041981105505,53.14149933432145,0,6,1,0
913,1,1,3.381247998509608,2.9032411777906266,2.5701129478039437,1.567890293366114,3,94.17031128989699,87.1293939329329,1,9,0,1
914,1,0,2.607243944546075,-1.1361816814031145,16.257932558634533,0.0,3,31.757113330466368,30.62553041717446,0,5,1,0
915,1,1,1.3068873714233111,0.552282407079406,12.319358978373897,0.0,3,57.86433069491077,59.359464900973244,0,4,1,0
916,1,1,1.707934418926296,0.605576486423666,7.935204104370724,0.0,3,59.28950366477541,60.82937374581289,0,7,0,0
917,1,0,1.7461350998352934,1.3296393236587132,13.959107550293385,0.0,3,71.44028201502121,47.967263307609215,0,3,1,0
918,0,0,3.2904841460695002,0.838490642043167,13.512830870023102,0.0,3,60.49538151951996,47.84417060325117,0,0,1,0
919,1,0,2.175751373907644,-0.46323647916682426,12.900016716481518,0.0,3,43.03010853551254,47.898418311570545,0,10,1,0
920,0,0,1.6945140687003413,0.47685253814698075,13.22559461829229,0.0,3,58.113242735928814,51.863045589812664,0,4,1,0
921,0,1,1.6713576501274943,0.7571763994859732,5.889695906590392,0.0,3,61.37198240054236,68.35727647733069,0,5,0,0
922,1,0,5.925654748884674,-0.8822973667902143,15.832982294190195,0.0,3,36.973852916512534,22.632312146024702,0,1,0,0
923,1,1,1.305273577218702,1.4480786158235273,7.860510940235733,0.5311988965519345,3,73.95318063277777,58.58187534318464,1,5,0,0
924,1,0,3.4890325089439274,-0.3920834814510669,16.424532645555512,0.0,3,47.35094332177872,33.59432469370694,0,8,1,0
925,1,1,3.181615285005547,0.34521609399189523,11.836601507149393,0.0,3,54.94336676755075,54.534821871139975,0,6,1,0
926,0,0,2.216145421934861,0.6397864739954338,7.363119277232335,0.0,3,61.89403131860246,64.37686247822135,0,8,0,0
927,0,0,1.3823348765259065,-0.7842373378057287,14.258141726353264,0.0,3,38.72300160205479,41.52259031908532,0,5,1,0
928,1,1,1.6853338008619025,-0.6828798075505268,13.653396135178564,0.0,3,38.091732478281465,34.11897197236213,0,2,0,0
929,0,1,4.20512809013195,-0.28957963298202594,11.478318908210884,0.0,3,45.7556527543625,55.11484788804054,0,4,1,0
930,1,1,3.257345600287447,-1.9588593405738344,15.573499994569625,0.0,3,20.257476960244784,40.453767833290854,0,9,1,0
931,0,1,3.413544735579429,0.05774911795432544,12.057240750087058,0.0,3,52.714161836541166,55.13749444479336,0,5,1,0
932,1,0,0.5867313874899088,-0.05087829418777937,12.388181329250573,0.0,3,41.42577634655113,38.91078518256794,0,5,0,0
933,0,1,2.8330834568699523,1.060001954214991,8.41469908090253,0.0,3,66.26752204667693,71.42588547266183,0,4,1,0
934,0,1,1.891027175832643,0.1248139992450107,11.937463021149886,0.0,3,51.695187689924815,61.305778236472605,0,6,1,0
935,0,1,1.0364078489734574,0.06990582094124294,6.489777797717182,0.0,3,57.90048418382022,69.99788013214894,0,8,0,1
936,0,1,1.3740281504972847,1.1864777798896469,6.4573646929444255,0.10507576002842745,3,67.3295715767049,73.42429945660166,1,5,0,0
937,1,0,2.4297525733509,-0.21513962554860747,15.838808873583302,0.0,3,46.631750310176486,33.41467585642115,0,1,1,0
938,0,0,2.5952691631408342,-1.0012079046665905,16.39882278647266,0.0,3,35.351438222502345,31.65690575926859,0,3,1,0
939,1,0,5.743173718596607,0.4067436093516241,14.517666124612285,0.0,3,54.84253765722089,44.16222669251938,0,4,1,0
940,0,0,1.7594819682803342,0.006894418984994517,12.163347277180211,0.0,3,48.72635484311178,55.08443790113004,0,4,1,0
941,0,0,1.0963332940612585,-0.20339162193909624,13.39963498724548,0.0,3,45.77979300460963,46.891285457781805,0,4,1,0
942,1,0,1.0684513003078329,-1.148252332795646,16.775342436307906,0.0,3,86.05155400706388,30.3470571311673,0,6,1,0
943,1,1,1.4256881004495592,-2.5715840780650057,18.764436779817125,0.0,3,15.630026055071585,24.200262264355437,0,5,1,0
944,1,1,1.5385856366473727,0.3364000654318018,9.405889937838177,0.0,3,54.68832240061061,54.88527187419584,0,6,0,0
945,0,0,2.340394441025471,2.947378353607255,4.194952485490323,6.30120249131695,2,100.0,84.61595247142729,1,5,0,1
946,0,1,0.9243709466241701,1.1862961703351487,9.099159950574172,0.0,3,66.12279553714465,66.46431848816736,0,2,1,0
947,0,1,1.3741220288341518,-1.00621339557032,9.39445149891188,0.0,3,31.66384686077308,49.817502452856495,0,5,0,0
948,1,1,2.9902573041672817,-0.7002841075967307,11.202544788984373,0.0,3,39.95885252152522,41.88535037522365,0,5,0,0
949,0,0,0.9242036858998791,-0.5855546062164857,11.533618776063301,0.0,3,48.12199042868861,42.629554889442424,0,5,0,0
950,1,0,3.3280349221474346,-0.17122971935687062,14.152045008333525,0.0,2,48.79222556748007,43.339882945359165,0,7,1,0
951,1,1,1.6144304538379917,-0.5596317614577326,15.252701564343157,0.0,3,43.73485880898087,39.00078940942365,0,2,1,0
952,1,0,1.4927632389054895,-1.233406185890559,15.580033877190337,0.0,3,30.69367700773439,35.00503294820367,0,8,1,0
953,1,0,1.6739524390534959,-1.5692076435132167,18.37199363779021,0.0,3,24.841241261109083,24.995645635099564,0,5,1,0
954,0,1,4.083005775408826,1.1832775525276582,8.558389134767813,0.0,3,69.78445888433012,74.36117551788506,0,9,1,0
955,1,0,2.6385861652557394,2.220056386869935,12.560753480198068,1.2994378730142586,3,81.88167324623862,63.92216219515954,1,5,1,0
956,0,0,1.9379276432286683,-0.5060555358559693,14.1125939781686,0.0,3,42.09256088416043,42.748386812686995,0,4,1,0
957,1,1,1.8020484320287107,-0.07855181845830532,11.608087408356258,0.0,3,49.45371169415913,57.360791266560184,0,9,1,0
958,1,0,0.8353089717459532,-0.6193844180187787,13.869474822207232,0.0,3,44.62934229543231,27.517189336697033,0,2,0,0
959,1,0,0.9129773595794688,-2.5869148171882963,19.711161914371356,0.0,3,11.605107881761839,16.962817213923024,0,6,1,0
960,0,1,0.7772810125443705,0.27187712946633913,7.503239071394718,0.0,3,61.24184539365409,62.13484896702386,0,5,0,0
961,0,0,1.940416349316022,-1.5517753987486325,14.137340766970613,0.0,3,29.056898661153273,29.253170637740787,0,3,0,0
962,1,0,0.9942907416913854,0.6790363456846714,12.017867316245345,0.0,3,62.987847540155435,43.45034205766946,0,3,0,0
963,0,1,2.7014351969159294,1.421115905496392,8.62159388995612,0.0,3,69.71938428524521,73.95546544932992,0,3,1,0
964,1,0,1.0515483153373424,-1.8586346298717231,18.728413252440287,0.0,3,17.34715542062345,19.57465244971375,0,4,1,0
965,1,0,3.3783727334419855,-1.195113539064008,18.489865946271795,0.0,3,26.411088753199095,21.65917077724027,0,2,1,0
966,0,1,0.5717021922296566,-0.5662734096147732,11.199346941880094,0.0,3,65.78455381622854,60.22196045875845,0,8,1,1
967,1,1,1.274196337032567,-0.24194324138620632,11.929441341776384,0.0,3,47.29557930974814,41.243751945903476,0,8,0,0
968,1,0,2.4354481673364607,0.22091371909061144,15.31209484470643,0.0,3,54.07429283069518,38.54623056542527,0,1,1,0
969,1,0,2.6933480325069343,0.5069807926934818,14.381400991507052,0.0,3,0.0,40.944398016002,0,6,1,0
970,1,1,1.1340790349365324,0.8699542394797151,7.889754098009238,0.0,3,63.22176858128979,62.091786926093874,0,9,0,0
971,0,1,2.5517774328135583,1.8883999034480412,8.305317176938974,0.654584180693569,3,78.22912470341717,74.36172861761243,1,3,1,0
972,1,1,3.1494778844888964,0.9693487292030385,8.195471825695428,0.0,3,64.91593697157988,61.17297717765798,0,6,0,0
973,1,0,3.244285874571968,0.510573534971534,15.498186289219998,0.0,3,58.41874873646546,40.81176124848429,0,4,1,0
974,1,0,1.4542497685780307,-0.18688979817294502,14.369747399604574,0.0,3,46.105698520414855,40.528157914437905,0,8,1,0
975,0,0,1.099797615981189,0.1495463004597384,15.027952324749222,0.0,3,52.60346631230339,45.750739122577684,0,3,1,0
976,0,0,2.8318741307849216,-0.8059907543893199,13.88944758364317,0.0,3,39.79067106400816,46.79336990298421,0,7,1,0
977,0,0,0.7681308374800865,0.2016613249387117,12.452967738862602,0.0,3,47.704944826691296,54.959262435211045,0,7,1,0
978,0,0,3.487376200707457,0.2851734287479781,11.370191663080757,0.0,3,50.56862090488786,46.3995764259719,0,4,0,0
979,1,1,1.4200193417182574,-0.044039283542690065,13.472700884996382,0.0,3,48.823340944257254,51.29475796853335,0,2,1,0
980,0,0,1.3858455463060046,-0.029010703966195428,15.069726090343725,0.0,3,50.52558705154062,49.080274829659174,0,3,1,0
981,1,0,3.4957528425787885,-0.8133517281355273,18.01828379615379,0.0,3,31.759375892949784,29.434018605559984,0,4,1,0
982,1,0,0.824251311881576,-2.5851539029585755,21.222398443965798,0.0,3,10.849187736195299,15.88123247112074,0,6,1,0
983,1,0,1.6714647154704132,1.6000057818786864,8.973932353487845,0.0,3,74.47188515987914,53.02953286422406,0,4,0,0
984,0,1,2.077695047880431,1.5612251965246304,7.850878697985487,0.0,3,76.48923402019317,77.8659762933164,0,6,1,0
985,0,0,2.6714627769030455,-2.603127176531545,20.592876226639987,0.0,3,11.398997625400337,20.93591939187892,0,3,1,0
986,1,0,1.6736779499050245,-0.08927125070664726,12.620751164524233,0.0,3,41.68564632077298,38.211585553054725,0,5,0,0
987,1,0,2.1598538755237606,1.38954504244987,10.230948504172927,0.0,3,70.27467260162693,62.31452219030799,0,10,1,0
988,1,0,0.9255461560612276,0.3608684801481267,14.544351026497203,0.0,2,57.261809089099245,44.60801070461308,0,4,1,0
989,1,1,1.7185202343383317,1.9050488646811148,6.162923820623124,0.06381667031355226,3,77.94175278041637,69.92507882283255,1,4,0,1
990,0,0,1.8348156993955989,-0.47785653728560484,12.7544936487828,0.0,3,42.00599135091495,53.025021793406474,0,8,1,0
991,1,0,1.3652677938412086,-0.22649318266689164,12.98425325276308,0.0,3,47.892605205571904,33.02509166934131,0,2,0,0
992,0,0,3.2525782235040057,-0.4938701429275178,13.37599413845178,0.0,3,41.91695330308058,36.03138443267541,0,2,0,0
993,0,0,1.907898693456468,0.6323032797201248,13.879893439065658,0.0,3,60.7363321262989,51.69469941413556,0,2,1,0
994,0,0,1.6807256207579506,0.9452189925339209,7.030567069466758,0.0,3,64.52764437689851,65.49077338565233,0,8,0,0
995,0,0,4.428900645467716,0.888584022178601,13.96265537467911,0.0,3,62.2152011415602,50.0151018177132,0,3,1,0
996,1,1,0.8693842991039435,1.5654649761366473,6.358656325775121,0.0,3,69.81341639529442,63.52500542871489,0,3,0,0
997,0,0,0.9886727607969954,2.2106280232511017,10.80706354489897,0.28569944987216656,3,84.81794638666709,62.191990612479856,1,2,1,0
998,0,0,0.5117836585773168,0.4409167915667096,14.493917135446821,0.0,3,49.33941541355233,49.85002774621786,0,3,1,0
999,0,0,1.8178233992830908,1.4708634491838315,9.506729962935115,0.0,3,71.52449501473605,66.59180608419412,0,6,1,0
