candidate_id,G_Gender,S_ImmigStatus,U_wealth,U_prob,H_policy,C_shadow,X_uni,X_code,X_behav,X_ref,X_exp,X_permit,Y_Target
0,0,0,1.7961336446258307,-1.1992614690723948,2.4812711232466302,0.0,2,29.55157915474456,30.270842936757987,0,4,1,1
1,0,0,1.1747471384041857,-0.5970684158200652,1.420634546396085,0.0,2,40.47724603874025,45.63128257911603,0,6,0,0
2,0,1,1.551377399743824,-0.3250025419997507,1.3807519534864428,0.0,2,41.53461282233955,58.16238450523163,0,6,1,1
3,0,0,1.2086710014247894,-0.44646147554777077,2.1267616624887853,0.0,2,23.323886881410075,40.950417098473984,0,1,0,0
4,0,0,1.3317185371149907,1.4198617697726605,1.2448674934507185,3.1245701978260505,2,71.44145283694493,58.15917390680939,1,1,1,1
5,1,0,1.1384033586705393,0.6673353790459672,1.8746579994352497,0.5531165721152885,3,60.74452894249827,63.21611172193431,1,9,1,1
6,0,0,4.447128854639808,1.3805132227596266,1.4444332522871486,4.497453324205273,1,92.84521442392123,59.902402559072776,1,3,1,1
7,0,0,1.8996364345087735,0.6955726524334737,0.9576783095419352,1.0240771405666187,2,66.13802192722876,49.093288486214206,1,1,0,1
8,1,0,1.5414024824866808,0.4205421273423984,1.6796509555256285,0.21367852870412507,2,56.093004646288364,53.43028399918843,1,6,1,1
9,1,1,1.456667462662098,0.6098492823157101,1.8018903334826706,0.0,2,67.0242173380805,61.56310239327657,0,3,0,1
10,1,0,0.790366693474553,0.5060678043626428,0.949011035434379,0.0,3,54.49768736385925,54.643120211078376,0,7,1,1
11,0,0,1.0321326015990309,-1.2118438651940844,1.04437254863354,0.0,3,30.545926872357494,42.13427415386402,0,7,0,1
12,0,1,1.0413427288143533,-0.9236837837622063,2.239104339058751,0.0,2,36.92795822085527,28.817297485759426,0,0,1,1
13,1,0,1.5607050369376978,0.5321889833207337,4.2117402667172925,0.6723239839853035,2,60.657936714671095,50.51292818688849,1,6,1,0
14,1,0,0.5611756948929099,-0.8976743350487303,1.3330898061477876,0.0,3,33.87974946295565,36.43575322849532,0,6,0,1
15,1,1,1.3126081939441923,-1.9430482197873233,1.8823784494050988,0.0,2,23.531376718922385,37.985493938362595,0,6,0,0
16,0,0,3.191352488640106,-1.1200747335614,2.115147003970408,0.0,1,30.249343082288977,42.04434785354227,0,6,1,1
17,1,0,3.870720563268565,-0.6406375099371132,1.2482075512831368,0.0,1,38.253850898910954,42.66803464104392,0,7,1,1
18,1,0,2.587838750674915,-1.9562070242149805,2.037831074340654,0.0,1,20.815431755351913,30.457771235145298,0,6,1,0
19,1,0,2.242723333908486,-0.40781187200931884,1.634682062616875,0.0,1,46.444979510745284,48.24002734749124,0,9,1,1
20,1,0,1.2966799738266053,0.9778057006689475,0.7968017601074199,1.6915102384651612,2,63.894318147036536,47.91896973355445,1,4,1,1
21,0,0,3.997426716315077,-0.6559473721235074,1.1533639130467064,0.0,1,39.13295486479588,47.743200116120576,0,6,1,1
22,0,0,1.4777857452765752,0.4644475508319545,0.5641168325927137,0.06626701925473027,2,57.46826662424275,58.47544833354976,1,7,0,1
23,0,0,0.964833229075956,1.6232282690157962,1.1335331371276436,1.1248543227329584,3,77.0497216068819,62.780296063674136,1,4,1,1
24,0,1,3.1518889807022887,-0.5964656006268285,2.532137303588886,0.0,1,41.81858357085419,53.68862561518639,0,5,1,1
25,0,0,1.1957611513655595,-0.29162122956522996,1.3668664329269802,0.0,2,45.97678672281494,49.70929617426728,0,6,1,0
26,1,0,1.5945392388705235,-1.8579365432390558,1.5888533237985158,0.0,2,22.090449176751143,26.172498714262314,0,5,0,1
27,0,0,2.73499947839268,0.7046850779273417,1.2688736727154128,2.4619192565105656,1,60.48304635889328,68.51120376384192,1,9,1,1
28,0,0,2.2436711754203715,0.9200866394910948,1.7186962140685438,2.717405017309088,1,63.76466724540397,66.83952010646259,1,9,1,1
29,1,0,2.0894040450130644,-0.13660052175108148,2.1264228459624963,0.0,2,48.10576549318312,40.85831001656104,0,3,0,1
30,1,0,2.004953498199498,0.38524038497174296,1.562382745558006,1.0280420515869206,1,56.07379501360679,49.8717159346726,1,6,1,1
31,1,0,1.2229848834584711,-0.5841535046979535,2.083865368396848,0.0,2,44.09140952633783,40.12724630679242,0,5,1,1
32,1,0,0.7013313265959474,1.2275777332273716,2.9264699129000427,1.6954534158614398,3,65.8738641950885,51.78992091639901,1,2,1,1
33,0,1,1.4853131586133843,-0.5483548724241182,0.9821962161791178,0.0,2,34.86639637888955,61.05488248871022,0,7,0,1
34,1,0,1.0037156419598046,0.32763145852642495,1.7517572651515723,0.0,3,56.411590984088164,40.49825805182142,0,2,0,1
35,0,0,1.652396796245473,0.9199477061995289,1.6725578874281184,1.9091768356979617,2,75.7183424179988,60.33297676750024,1,5,0,1
36,0,0,6.221819115209597,0.14795812046807832,1.578388375913182,0.5151232405475309,1,51.58355381209321,47.34969544647278,1,3,1,1
37,0,1,0.9805621066723678,0.1599674615902324,1.6716980825192962,0.0,3,52.149831819108485,65.1341215752009,0,6,1,1
38,0,1,1.8266714779169186,-0.9266530507523191,1.2417337970599223,0.0,2,35.39489274706133,54.604721351610856,0,4,0,1
39,0,0,1.2940968373349253,0.47162901273998953,1.2040646007349816,0.15862549653565094,2,60.18365441306517,62.77825018393646,1,10,1,1
40,0,0,1.6278645772639488,0.8296620121215192,1.766482057329804,1.3198795745529714,2,51.786903265492114,63.21211873871618,1,6,1,1
41,1,0,2.2666884922822383,0.4912337642033146,1.1773294587694352,2.6336167516395452,1,57.76004090784536,62.005415914857636,1,8,1,1
42,0,0,2.512465605506174,0.3587538795553986,0.799063305707054,0.3300678797568699,1,55.18115492628112,58.67046136783391,1,8,0,1
43,0,0,0.6250956274702373,-0.39758555540692564,1.6837866258677172,0.0,2,44.395216017818996,51.085278689673856,0,5,1,0
44,0,0,2.2327372507428835,1.2565858542954804,1.9384434924363665,4.920122679785996,1,69.03749913034748,66.19086493959318,1,4,1,1
45,0,1,1.280779852004521,1.32504516916443,0.7505653816731229,3.263027950825426,2,69.83334467593168,80.58943007292865,1,10,1,1
46,0,0,3.019869997903102,-0.636624827825615,2.5697507250596026,0.0,1,41.12898360376838,63.259890685135204,0,12,1,0
47,1,1,1.4746730161185657,-0.2358222526839632,1.37260422492361,0.0,2,47.2254443413945,52.826771097726336,0,5,1,1
48,0,0,2.6912737539345395,0.681644362344293,1.3535790192960264,2.0298635781699335,1,67.0580928700106,55.83139347652157,1,3,1,1
49,0,0,1.090353135563106,-1.4282314451320075,1.8109275632872046,0.0,2,29.49339547766659,36.80798871381823,0,5,1,1
50,1,0,2.276674998257846,0.8548894423970952,1.4606035618817543,2.712021823335361,1,62.65721239963836,64.28617533146723,1,9,1,1
51,0,0,5.741191194347482,-0.49892222172000267,1.6232182644292834,0.0,1,51.886303316386346,46.645200119620554,0,6,1,1
52,1,0,1.8825556446503082,-0.23166716891620176,1.3742608845489641,0.011954032733421549,2,47.67404772794663,42.01918734440783,1,5,1,1
53,1,0,2.3427963675801426,0.7350778281908084,1.9056199974381434,2.448534338697863,1,61.07516368817409,54.402937844288424,1,6,1,1
54,0,0,1.706249447228742,-0.5740769411909888,2.04008808279685,0.0,2,40.65199525513621,32.53522288211881,0,3,0,0
55,1,1,2.6525899240788484,-0.5653199353429775,1.3449704472630026,0.0,1,42.100389949027296,59.67366742706761,0,9,1,1
56,0,0,1.1530871659282238,-1.0241869488621447,2.3700311787668946,0.0,2,34.70463802761437,42.54130242717101,0,6,1,0
57,1,0,2.39572361440589,0.7298128804959194,1.2028966358111335,2.0549877874994404,1,51.853746226709355,49.53115876953139,1,5,0,1
58,1,0,4.008866468946438,-0.5755849269890292,2.0034066840800757,0.0,1,42.17147328675277,36.388580599015334,0,5,1,0
59,0,0,1.8814414812339963,-1.1171145065778512,0.7432663342095515,0.0,1,33.098379373522626,44.67208847606602,0,7,1,1
60,1,0,2.0751505928258585,0.6903321441496858,0.7487314686179718,0.7527462107480034,2,60.80516382994957,52.070114993319685,1,6,1,1
61,1,1,2.3974672033073334,0.34686344081673975,0.3436274443131928,0.12809791745490584,1,52.70122624528154,51.112471336410714,1,2,0,1
62,1,0,1.6364965878392408,-1.3380783881808493,2.191048143331079,0.0,1,100.0,26.950298016455086,0,2,1,1
63,0,0,1.1873548703974883,0.9886334445616805,1.5376430383739215,1.6117174640982965,3,65.03706870855216,69.49779073705022,1,7,1,1
64,1,1,1.9546510977140914,-0.84276181161863,0.9335478580298215,0.0,2,34.068640707503654,40.60273384188225,0,2,0,1
65,0,0,1.4264022198532154,0.21521239952033502,0.8460745254050996,0.21139407143274302,2,54.02186506830283,50.76242984377676,1,4,0,1
66,0,0,1.8527887896187079,1.5505372220629572,0.6551680545460437,4.163749884136065,2,72.10752240341408,73.17742012258606,1,8,0,1
67,0,0,1.6335571904956256,0.3405902479640623,2.9998692732646086,0.2691217131080488,2,56.35217748820381,46.95211006884414,1,2,1,1
68,0,0,1.5377208547581376,-0.7979062547432751,2.4086931182799827,0.0,2,36.98474823554405,45.859347510066634,0,6,1,0
69,0,0,1.6994574088726513,0.5722219871851352,1.5530682470947865,1.5413376114246595,1,66.51873973278289,56.97149283198017,1,6,1,1
70,1,1,3.667639071342663,-0.4618827335424707,2.4700155800921273,0.0,1,35.570502899066696,52.6620550284362,0,5,1,0
71,1,0,3.1453931240532005,0.07107212183972823,1.1786184429724638,0.0,1,52.14849810644403,45.3439787228194,0,3,1,1
72,0,0,2.3518410836360757,0.4216654809169178,1.9910623151476319,0.730577891206061,1,55.27568300114607,58.23086357017894,1,7,1,1
73,0,0,0.8606979820817017,1.2598251170293733,1.2448080730218212,0.838363339964644,3,68.90918854798682,62.25977118725564,1,5,1,1
74,0,0,3.02367047268585,-0.7594885649400747,1.119870647061947,0.0,1,42.39419503230472,46.5591313489034,0,7,1,1
75,0,1,1.700194823900028,0.6207714001369457,2.8720312729881377,0.9603980090722266,2,59.512038838961246,46.73714790995723,1,0,1,0
76,1,0,0.879858033101642,-0.011791800342120386,1.5733485901690825,0.0,2,46.56834287399045,51.13422313993708,0,7,1,1
77,0,0,1.8775346723091138,1.3230581734860971,0.3479675468778265,2.177308739276382,2,71.93454511590647,72.6470957109047,1,3,0,1
78,1,0,2.584871580824684,0.05397092642522095,1.8715263181937403,0.0,1,44.68246846574793,47.24862650551561,0,6,1,0
79,1,1,1.651306793542564,1.2700205502257977,0.39088657368917457,2.8279545930260204,2,66.82781200077693,68.81848872328756,1,6,0,1
80,0,0,1.6706531583854174,0.053990380527564046,1.603872327849612,0.0,2,50.378722678371716,46.030611217964804,0,6,1,1
81,1,1,0.7517501272127729,0.7472600853830453,2.503201629304752,0.208479513309159,3,61.37006373478714,61.2615192081099,1,6,1,0
82,0,0,1.4094922402046774,1.9158291383505952,1.546970431437842,1.7414191181982852,3,79.37283901685117,65.17821258666883,1,4,1,1
83,1,0,1.2936107169622568,-0.058031740556462874,1.8246503712304132,0.0,2,49.245448612274814,42.04608186858627,0,3,1,1
84,1,1,1.4285609763322085,-1.104019237478431,0.553542401541163,0.1597315095746521,2,63.68360663780913,46.83316791553642,1,5,0,1
85,0,1,3.271361847831151,-0.8743135616851693,0.881860781527619,0.0,1,40.74625640239846,46.753116217278865,0,3,0,1
86,1,1,1.3919469866911804,0.17930008798667607,1.3065095298440672,0.0,3,52.065696483893234,53.34476380107263,0,4,1,1
87,1,0,1.5549686425787146,0.004231355090593639,1.3566324138267447,0.0,2,55.282966623399794,60.63595325615984,0,7,1,1
88,0,0,1.9245675681541692,-0.9167167954551324,1.243534446183845,0.0,1,0.0,33.22235202675321,0,1,1,1
89,1,0,1.0381744338980747,-0.9044795608098356,1.236296858161591,0.0,3,35.924988475978445,32.81333823421882,0,4,1,0
90,0,1,0.7784277268381972,0.1656758623767456,1.8451974191270393,0.0,3,50.51390950556529,56.353477372038924,0,2,1,1
91,1,0,0.7952450054132482,-0.8178340988412346,2.303304773456067,0.0,2,38.4250973755708,37.41871880552746,0,6,1,0
92,1,0,1.4701895529077276,-0.4035748824201506,1.7554729203535806,0.7566895017978672,2,43.772935907162015,57.74825263502245,1,9,1,1
93,0,0,2.5115100509304793,-0.4178191309986073,0.9640218840845312,0.0,1,43.498029751783754,41.60611474232128,0,3,1,1
94,0,0,1.0238119478435759,-0.12067851266602934,2.10837143591572,0.0,2,48.345802232743175,37.22824589670984,0,2,1,0
95,0,0,1.7393093711833003,-1.784643144270436,1.569473178394357,0.0,2,22.738614192655824,34.789132347436514,0,9,1,0
96,0,0,2.5216749077528573,1.515947830445778,0.9202881466320929,5.397495343835226,1,72.19573815692354,58.84971055452998,1,4,0,1
97,1,0,2.2125578292816397,0.5766439535065466,2.062942209089082,0.9457935865119533,2,58.3218394238866,51.13405884800857,1,6,0,1
98,1,1,1.7865158899206999,-1.488331830096236,2.25923041856453,0.0,2,27.59619165635206,47.20717217252023,0,8,1,0
99,0,0,2.675816232776816,-0.6056212023054894,0.9850491136140624,0.0,1,45.378045058493136,43.49247425336199,0,5,1,0
100,0,0,1.0139334544458913,0.1467329912716915,1.1340502782727633,0.0,2,58.026031020659886,44.526624530357125,0,1,0,1
101,0,0,0.840839590727488,1.3924221087702784,1.3171559108729254,1.455612747102687,3,71.66712553873374,68.2908442393343,1,6,1,1
102,1,1,1.9974037920613208,0.7531888137866791,1.5098904781990279,1.8038947280882218,1,60.353661612818264,68.16908063483113,1,6,0,1
103,0,1,2.817766439612694,-1.5493712421600077,2.283730221092821,0.0,1,24.77534099592484,42.630039427314806,0,3,1,0
104,1,0,0.505346853810288,0.6558332002429925,1.2658958318082765,0.2126831541351707,3,60.51605704694857,45.62836759673448,1,3,1,1
105,0,0,1.5090764586697194,0.6183569546739726,1.361932224202758,0.6718557158058687,2,59.03091760030352,52.03085059494475,1,4,0,1
106,1,0,2.0259866797706465,1.4286354346209336,2.3457883478934978,4.0519657406360805,2,72.72612312663773,50.18082980912717,1,6,0,1
107,0,0,1.988001359611442,0.9296871787934632,0.8074460206035119,2.787562655315247,1,65.65536676828245,58.78906798842035,1,6,1,1
108,1,1,3.0334594095690695,-2.2367453024845503,1.7980132689312052,0.0,1,15.820192893546123,28.177577994202384,0,3,1,0
109,0,0,2.447883111697907,-0.08984982528345564,1.2500381405524479,0.0,1,50.883993288950066,56.002712226362135,0,7,1,1
110,1,0,1.252344889942949,-1.418156942314826,1.3490042230723174,0.0,2,28.197626693287333,49.10025318739645,0,11,0,1
111,1,0,0.41183871601087185,2.1040689368841297,0.5778548540899007,2.5974702703428516,3,80.78987181891512,76.7960572245914,1,7,0,1
112,1,0,1.0217734522162076,-0.06413543612397543,2.355551679206899,0.0,3,48.376997567339636,37.59213369821982,0,2,1,0
113,1,0,2.7892327920069286,-0.6352062893971637,1.9199295893143185,0.0,1,40.91716985789392,33.96298732381874,0,4,1,1
114,0,0,2.160720071501528,1.131919566022737,1.926410535018054,2.490288282631582,2,70.05058167538769,61.635637041147554,1,4,1,1
115,0,0,1.0317834334503067,0.11775866531902074,2.492268133826149,0.0,2,50.952393559274476,59.752390751101494,0,6,1,1
116,1,1,1.2320741434193414,0.1582804652901631,1.32024768810632,0.0,2,53.10462449337052,52.450316237214686,0,5,1,1
117,0,0,2.3723594198810076,-0.8199572287165767,1.6093800974302117,0.0,1,38.72152148492228,33.67723092958441,0,1,1,0
118,1,0,2.464634009800822,-0.6977856770572807,2.2202774686570823,0.0,1,39.16481561301608,40.851630354806154,0,7,1,1
119,0,0,1.9477121244627271,0.30228295194970445,2.2657213787834016,0.0,2,56.35560952193396,62.48551575220087,0,8,0,1
120,0,0,1.8578416232888366,0.3404070646908626,0.8019109046188301,0.0,2,54.772531032524235,59.72401866030576,0,6,1,1
121,1,0,1.5953764305255755,1.3417426557070349,0.29903953986703985,2.7176560082246826,2,72.79036399219353,65.24105655940672,1,8,0,1
122,0,0,2.8482096667039736,-0.8519017676350144,0.9026000750217931,0.0,1,36.820229703975784,39.69632140235554,0,7,0,1
123,0,1,2.1381686560395523,-1.4386925068949763,2.159832801028812,0.0,1,27.5923647431331,26.99987610147468,0,3,1,1
124,0,0,1.8009098260608585,1.4540338350746773,1.6008045084725513,6.182450364876857,1,72.40759806315306,61.700803333677825,1,5,1,1
125,1,1,1.070574146449775,0.18592761339571098,0.46529543154097486,0.0,2,53.25448303312389,61.159601888168076,0,5,0,1
126,1,1,1.9322158833857321,-0.3535087479794466,0.3033345202739174,0.0,1,43.86027018358106,56.509885138151645,0,7,0,1
127,0,1,1.3665036077722514,1.1055296528465135,-0.07082447946646964,4.250649038012009,1,93.86748782105852,69.12716813442326,1,6,0,1
128,1,1,1.3353764416270364,-0.4409299524568934,1.4130653294630322,0.0,2,0.0,52.0632682967931,0,6,1,0
129,1,0,1.1331148066438663,0.2551903159520247,2.161667029165346,0.0,3,58.62176206018022,50.489352010290524,0,9,1,1
130,0,0,1.1795176413332924,-0.6633647895650929,1.0566463403103403,0.0,2,40.38396440368895,43.22471273753298,0,4,0,0
131,1,0,1.1949662565236407,-0.35879776680735587,0.8215377975610084,0.0,3,53.065525975455216,46.61326154646923,0,8,0,1
132,0,1,1.184085541569175,0.7808588931072111,1.3246222931591936,0.09086341003731897,3,60.29478790177657,70.92512758100999,1,6,0,1
133,0,1,0.7784513808931137,0.01143300116948028,2.028839432895107,0.0,2,51.193417068112716,60.73775961541912,0,7,1,1
134,0,0,1.3327892883601946,-0.49508864342551007,3.679177573493675,0.0,2,41.827640358962704,52.993676922720205,0,9,1,0
135,1,0,1.2051716353601,0.246763416166691,1.7198379549202627,0.0,2,49.64921961727556,43.62257682429686,0,5,1,1
136,1,1,1.6139495795165248,-0.2913413628886065,2.283636511154392,0.0,2,46.98559711163952,54.18098545387233,0,5,1,1
137,0,0,1.725056107861072,-0.044738887626700925,0.5951899298257404,0.0,2,50.617399691839985,45.41228208348613,0,3,0,1
138,1,0,2.8185820189108415,-0.10209852851245106,1.9910932008594258,0.0,1,47.45677461295567,42.61915023328435,0,4,1,1
139,0,0,3.6252261156300865,-0.3439691826775912,1.4059548357728955,0.0,1,49.11076821994666,44.909286861130575,0,3,0,1
140,0,1,1.9928545158769844,0.22994093651445477,1.4078762648605718,0.0,1,48.275444469603464,58.191225620888346,0,3,1,1
141,0,0,1.816541154795299,-1.1467235687261015,1.6361615637356655,0.0,2,33.23839873736055,42.10989442036619,0,6,1,0
142,0,0,0.7321142412457845,1.7641385105562546,1.0053295486909537,3.90548625772804,2,76.81814985114035,70.5511353042331,1,3,1,1
143,1,0,1.6340188153415434,0.24469994700344333,1.628860238814338,0.0,2,54.793219306068956,48.546254165678775,0,5,1,1
144,1,0,3.283692833767166,-3.31693391592489,1.6156087067880276,0.0,1,8.148233103384133,5.933022473763856,0,2,0,1
145,1,0,1.8747812991415285,1.257512996733153,1.419521259072521,3.248776380388417,2,70.40760379302776,49.716133647587746,1,3,1,1
146,1,0,3.0565855873284753,1.4156722034583316,1.2102080247508489,4.785328804341281,1,71.20738805225889,50.64936871146321,1,5,1,1
147,0,0,2.2807384798765664,0.08359040858564548,1.3029048940404677,0.0,1,51.69604761350532,58.14727292638748,0,4,1,0
148,1,0,0.582624849348519,-0.4320720538410662,1.7284060893211464,0.0,3,43.35564404868806,42.93445874413956,0,6,1,1
149,0,0,0.7909355197331387,-0.4465292445402876,2.228809284060485,0.0,3,43.085431184490446,38.045401511343314,0,2,0,1
150,1,0,2.0090991879741478,0.8795238285561902,3.281461401136828,2.110294162229953,2,61.81838811951654,48.26499561722249,1,3,1,0
151,1,0,3.354170369474507,-1.2093505486713034,2.959374101365265,0.0,1,30.763378377384047,22.716781711440323,0,0,1,0
152,0,0,2.1068068153670536,0.2649824562361684,3.335021221204328,0.3763697763923033,2,52.909913767207335,49.16767012618261,1,3,1,0
153,0,0,1.946126040680506,-0.39308124201825356,1.4109976683861907,0.0,2,41.64495459924284,50.42340615725672,0,7,1,1
154,0,0,0.8017557407766456,-0.4228676455989729,1.038986092184137,0.0,3,42.313677028619686,36.30117323644893,0,1,1,1
155,0,1,1.77863938653092,1.373318253730662,0.06563044426652637,3.9151627810201686,2,73.29560461299762,82.08019580092797,1,7,0,1
156,0,0,2.6214594394389517,-1.1162270341021279,1.6528691042335226,0.0,1,33.432425990248156,45.803012969927785,0,9,0,0
157,1,0,0.9584354699419031,0.10945586711615417,2.997968761013184,0.0,3,0.0,47.75883865315536,0,7,1,0
158,0,0,2.199260756955017,-0.13921763910400495,2.7603078833530055,0.0,2,48.42644382798466,45.90092559367484,0,2,1,0
159,1,1,1.1181609168051478,-0.4198461905781615,1.3337233463742417,0.0,2,45.22979670094988,54.64674851451723,0,6,1,1
160,0,0,1.588091101225135,-1.3974930771107046,1.5071701083226772,0.0,2,29.314946212216096,34.153838596038106,0,5,0,1
161,1,1,1.6544048782176553,0.16384338395224282,0.8444281232910864,0.0,2,51.6412981020651,56.497088934486776,0,6,0,1
162,0,1,1.422476620501903,0.7997617736168117,1.6589440431530833,0.8368427496639796,3,61.57956191673887,65.25867694398868,1,9,1,1
163,1,0,2.2731329411636385,-0.339297255085477,1.592880975274624,0.0,2,44.699404033817906,31.308374303906938,0,2,1,0
164,1,1,1.475073067056947,0.5667906185974139,1.1761132150545266,0.0,3,58.98293968116545,64.21985802046372,0,8,0,1
165,1,0,2.6282491200210125,2.107643982607964,0.8585873186151598,8.455810826532245,1,88.50646393984337,74.03958308252207,1,8,0,1
166,1,0,2.382942946170526,-0.9480143265967297,2.7625848938179853,0.0,1,36.053251327749344,33.95586297616717,0,4,1,0
167,0,0,1.7120785017538107,-1.1931472375828025,2.1752288465910206,0.0,2,32.32562071002365,43.853853690927494,0,3,1,0
168,0,0,2.596596798712817,-0.8205528581685173,2.0592890893221036,0.0,1,37.24711083497917,40.64166854944418,0,4,1,1
169,0,0,1.7618702930506678,-0.7406263298838591,1.6359976743099456,0.0,1,71.71660360629663,42.17844440043839,0,8,1,1
170,0,0,2.8177689246248945,-0.017697471305506706,2.352274484644914,0.0,1,49.401903061142036,47.56180269237728,0,4,1,0
171,0,0,3.824642112108992,0.46612310673970303,3.0588343091712122,1.3439612300506472,1,100.0,59.07534885961571,1,7,0,1
172,1,1,2.004525222906502,1.1544204785922243,3.596677322370057,3.469397912604029,2,67.86855560415437,73.1256842136925,1,6,1,1
173,1,0,5.182239140363329,-0.6500072782818715,0.9662934175487977,0.0,1,40.50224228591307,48.66876297419206,0,9,0,1
174,0,0,1.2697655448659377,-0.5635483690076675,2.4944763666415097,0.0,1,44.72754052592374,46.87635498980626,0,7,0,1
175,0,0,1.9057362181168258,-0.980274030904432,1.8324887668237388,0.0,1,34.81155158195567,34.74558579382764,0,5,1,1
176,0,0,2.44328832573978,1.4086908062836943,0.6920912381637608,4.642871578344081,1,70.88025264096743,64.91286900685584,1,6,1,1
177,0,1,1.1852261110981122,-1.1284574593822962,0.34448261420625403,0.0,3,32.204201088069645,52.04500295076298,0,6,0,1
178,0,0,2.181022889366218,0.8620051018325505,1.9401620375907098,1.3073298614481967,2,62.87739183054395,54.240669783820984,1,3,1,1
179,1,1,1.269679616750656,-0.2443895407050359,0.570888952207286,0.0,3,48.45321179100265,54.67213119454888,0,7,0,1
180,1,0,0.905184230661216,-0.6768281871110102,1.4558757553225565,0.0,2,41.05364999451852,34.27441585264037,0,4,0,0
181,1,1,1.4770230326367928,0.7708449428304959,0.7640917047419415,1.2837915622350866,2,62.24772225252526,66.85894608859356,1,6,0,1
182,1,0,1.4246728005043046,-0.6301268236606337,1.1290531892419744,0.0,2,42.36022495442616,34.71152270155054,0,3,0,1
183,0,1,1.8984845905617553,-0.1500047163193161,1.7864413409009892,0.0,1,46.63210116041535,63.18501478713492,0,7,1,1
184,1,0,3.012125645665626,-0.6483137677464044,3.109666066815258,0.0,1,42.95484397356737,38.8357267189996,0,6,0,0
185,1,0,1.4869622692100786,0.2977851212885728,1.8715008506684894,0.3244557508883071,2,56.4464467003957,53.33877681776729,1,7,1,0
186,1,0,0.5776401429599797,0.1443384029098107,1.140584215567996,0.0,3,53.7326213666581,41.953469660719556,0,3,1,1
187,0,1,1.420773794523191,0.09834040548056003,1.4716380227133756,0.0,2,52.23171641078433,61.17005381247441,0,4,0,1
188,1,1,1.8161835922140481,-0.0703548728061586,0.39961439396998705,0.0,2,49.33880984511557,62.94150182304164,0,8,0,1
189,1,1,1.4027373136394186,1.3775051524365518,0.7865117100712926,2.837296130385734,2,70.99120677459251,68.77740878969604,1,5,1,1
190,0,0,6.150680815204279,1.7425906108008196,0.9958944062334412,6.5346596885640755,1,76.0159141787673,67.40840399334928,1,5,1,1
191,1,1,2.2547916878684404,0.6093067574821419,1.227283696353329,1.8388875031152365,1,64.24963352604343,53.02734738249925,1,3,0,1
192,1,1,1.5188342973653621,-0.25740307310520155,1.8707459758756815,0.0,3,46.33653507097345,54.294572427410216,0,6,0,1
193,1,1,1.7007016035554945,-0.2975388595999953,1.3009532851181604,0.0,2,44.473410814307506,51.60463066578218,0,5,1,1
194,1,1,1.033909251907656,1.2046091398014862,0.34318088335294955,2.307811897391952,2,72.74590270569018,65.70816809699384,1,3,0,1
195,0,0,0.8528679422981694,0.8887884772850583,1.6251582049036721,0.5788718357850876,3,65.79338560466283,54.84798526176604,1,4,0,1
196,1,0,1.1967215312827582,0.5239714421053802,1.922470161044378,0.0,2,57.227699581745235,58.51878131385959,0,6,1,1
197,0,0,1.9382156446290626,2.262616994279472,1.8569092084036543,6.100896894560181,2,85.4914693861418,72.35664858916361,1,5,1,1
198,0,1,3.7038488370377523,0.4371145004431216,1.4882949090221613,1.6871048759375218,1,55.69724953181091,66.12393439634579,1,6,0,1
199,0,0,1.4675646181741784,-0.5562493421377096,1.581798199132842,0.0,2,43.79086255885304,50.74463603707668,0,8,1,1
200,0,0,1.2008549195367706,-0.8118005085094905,1.7334507044316156,0.0,2,35.00003566984813,38.436192430156105,0,5,1,0
201,0,0,4.947441835865576,0.7894208155711651,1.4092841863256393,3.715378665239842,1,61.25432956317384,60.883962438522886,1,6,1,1
202,1,1,2.572508387008327,0.10754888245512995,1.0274335015827676,0.0,1,54.47498869623233,55.33874754663676,0,6,1,1
203,0,0,1.5524947224902312,1.0979383445806983,0.5110607513883743,2.4336721713455147,2,62.31187716567277,61.96229420048015,1,5,0,1
204,1,0,2.3230542957379274,-0.356374035706573,1.527995293477681,0.0,1,43.611107354080126,59.80796652884624,0,12,1,1
205,1,1,3.7056072563481397,-1.3364947007500414,0.9422364847742591,0.0,1,30.475376262896518,50.10107989601201,0,7,0,1
206,0,0,1.0649965441817966,0.5133930700021611,1.6380979047172044,0.0,3,59.70864778308664,61.40966916828567,0,8,1,1
207,1,0,2.5934538361142776,0.19183515944913174,3.0445543614328408,0.0,1,53.943346261162795,49.093817620722085,0,2,0,1
208,1,0,1.4608299533541087,-1.820062665857534,2.6622501448245783,0.0,2,22.85587418855419,18.764138959865704,0,2,1,1
209,0,0,2.933014531103619,0.7618468750834765,1.6104780382935437,1.8019473916952076,1,62.0604972092122,53.99430813304387,1,3,1,1
210,0,1,0.5714853412185058,0.03841592995207492,3.948203205259052,0.0,3,51.26526320409026,58.58170225259408,0,4,1,0
211,1,0,3.2562608826442694,0.8633840834031254,1.623513680667273,3.0881933954368472,1,61.58087700449459,47.73229018084354,1,3,1,1
212,0,0,2.232504434208643,1.5451172487773102,2.06330604218456,6.445387529375767,1,72.17196516001313,55.92938511481947,1,3,1,1
213,1,0,1.6641740589554928,-0.297482326969067,2.471825669515544,0.0,2,46.14649578678796,43.22170154159114,0,4,0,0
214,0,0,1.5626321588222432,-0.07898815064269897,2.4735533891975376,0.0,2,44.364186811127546,46.50557981342168,0,3,1,1
215,1,1,0.8172207804364027,-2.2156994530331007,1.124178309071083,0.0,3,17.033322230743423,32.47641645336918,0,1,0,0
216,0,1,1.5483895573067474,0.33519265121673913,0.707874676400071,0.0,2,55.12277840665997,67.55422351608904,0,7,0,1
217,0,0,0.9758513558091623,1.787993234175513,1.9565302925319892,1.0088012520047123,3,76.79077116771529,54.55496424170585,1,2,1,1
218,0,1,0.8508775178954044,1.0283562944403397,0.6906908558556636,2.375543591497202,2,65.41821927105006,62.691879815177614,1,2,0,1
219,1,1,1.7912569180924975,0.9919459619177966,1.0129309762852037,3.1715791667440154,2,65.04575870922093,64.64349321389031,1,6,1,1
220,1,0,1.7790756058254371,-0.062218440771995266,1.998940978381898,0.0,2,49.263059272409905,42.728791109735084,0,5,1,0
221,0,0,1.1524453400272072,-0.06353044084487518,1.248319764594983,0.0,3,49.96415827138874,53.52326968533278,0,7,0,1
222,1,1,2.1527129129929814,-1.013191970952273,1.0621587710105858,0.0,1,35.55298635781129,43.14586156369277,0,6,0,0
223,1,1,0.8844583887415233,-2.4185933234081785,1.8650959994930583,0.0,3,13.319598888606327,29.367618230625233,0,4,1,0
224,1,0,4.850884439236064,0.6943803436608629,0.9055287619360599,2.6647516254230004,1,61.47904262093222,44.77749574745606,1,4,1,1
225,1,0,2.0458494070547406,0.41483108802295865,1.5412382005060032,0.25374863722777785,2,58.12022958792109,57.57823651250763,1,7,1,1
226,1,1,1.519620529660855,1.1981566890686248,0.6011533146737175,3.3104682661478275,2,68.28840505534086,63.53400173151957,1,4,0,1
227,0,1,4.001320181019277,-0.8728383842221185,0.9317270664430999,0.0,1,36.87906981415608,45.93599401723832,0,1,0,1
228,1,1,1.155843139073412,1.5505987795706628,0.44387372932345914,3.8910576816163402,2,67.75077787142928,68.31356334229025,1,6,0,1
229,1,0,0.49716033372968355,0.2017742086790491,1.1765106899984494,0.0,2,50.050106184712504,48.41488797914384,0,3,1,1
230,1,0,1.2009929207872454,-0.22277932809001852,1.5482398449428167,0.0,3,47.12858630550505,39.73121040839891,0,2,1,0
231,1,0,1.7667099447205885,0.755101215529445,1.2255274780648975,0.1270480522408326,2,64.53501041305492,46.78421267132612,1,4,1,1
232,1,0,1.341183924248997,1.3342865257679728,1.7126143598643955,3.1379015333918856,2,46.94599106538006,56.108860829068554,1,5,1,0
233,1,1,2.928964303616014,-2.354370710641647,2.485816837706423,0.0,1,12.989563903149008,32.55343642754431,0,3,0,0
234,1,0,1.6374925744890594,1.3569426836364809,0.3197542950577163,1.0866066120715898,3,68.9957254849188,61.35046218926831,1,6,0,1
235,0,0,1.3379538640908437,1.136315699824321,0.6985585055701482,0.4136270169952543,3,67.6558847686586,59.825391426437065,1,4,0,1
236,0,0,1.2457708746767082,0.3698622457984755,1.7075935883876452,0.4876870039800806,2,53.245049843898244,50.39523699756136,1,2,1,0
237,0,0,2.7210212193917735,2.446003558009322,0.9819124492468039,9.496263846494928,1,95.24691402810711,74.25091691983886,1,5,1,1
238,1,0,1.5038667462068602,2.133829797843476,1.7737773083180355,5.852271966267464,2,82.65353817831932,63.813303769764296,1,2,1,1
239,1,1,0.7857097619068321,1.3381343290345413,0.9275486084356774,0.9559931035158792,3,70.46185461931626,76.44206917991858,1,9,1,1
240,1,1,3.315210802284497,1.8660672708118675,0.8151410309922281,7.652714914126251,1,77.73732413273142,69.69927902408948,1,3,1,1
241,0,0,1.573094566156193,0.37900658632107537,1.4777312435286962,0.8214472773900205,1,55.37024990475132,67.75286141860379,1,10,0,1
242,1,0,2.938625421562954,-0.27053082099252074,3.3744364743678377,0.0,1,44.16610650617298,44.93880543282959,0,4,0,0
243,1,1,2.6787014112132526,-1.2054143164564068,0.865588155203268,0.23680951087193902,1,28.63548563469702,50.314044675870555,1,6,0,1
244,0,0,1.0257761045367075,1.1407801013451009,0.22416965005830114,2.505768636262703,2,68.9364234957377,71.52895964967357,1,8,1,1
245,1,0,0.8450377846968532,-3.236855130746657,1.642216083225418,0.0,2,2.293625418572426,20.725429442278642,0,9,1,1
246,1,1,1.0589001381953518,0.9185763279604072,2.0402621937333096,0.0,3,63.651420458402576,61.685554552176754,0,3,1,1
247,1,1,5.731968460537917,0.23132005406549988,1.5903393275842879,1.1557468361147183,1,53.17866945882121,63.2838838098486,1,7,1,1
248,1,1,0.674232559090841,1.7200024686572977,1.3562759628275434,0.9087874127573735,3,77.20828603685172,73.22147559835521,1,5,0,1
249,0,0,2.6580902916920754,-0.3517099550582374,0.8760763399982164,0.0,1,41.53918088222215,47.49609737035285,0,5,1,1
250,1,0,1.1236564229348929,0.45640369169452244,1.7474842021137196,0.6976587957987717,2,55.30178864054222,50.186167005653424,1,5,1,1
251,1,1,1.0689758952872184,-0.7865080251480008,1.4742005058854608,0.0,3,37.89506826358545,46.03232763772568,0,4,0,1
252,1,0,2.167421474738778,0.45704674468732154,2.4884932023048187,0.9721226051456338,1,56.26832778607497,59.77579050358205,1,9,1,1
253,0,1,1.0399461103450691,0.2406430580077206,0.29755192014263954,0.0,2,53.10959920959475,66.95675195663307,0,6,0,1
254,0,0,2.077535035957363,-0.07803317717910672,0.6369969136297646,0.0,2,48.562579364410226,44.33544586966711,0,1,0,1
255,1,1,2.461227812415184,-0.3705939609128731,1.6205225971089519,0.0,1,45.6949178411998,51.34629644178456,0,5,1,0
256,1,0,1.7846928116088363,0.45531938634307917,2.6946806477495047,0.0,2,56.17778744687351,46.41139004932387,0,2,1,0
257,0,0,3.463949216958677,-0.21992740157390592,1.5156550455634745,0.0,1,47.19065177537112,46.65535662184885,0,2,1,1
258,1,0,0.9658921339531502,-0.6559680084574426,1.4174281904174342,0.0,3,37.884703587010534,38.90431366997572,0,5,0,0
259,0,1,1.3327877057984963,-0.8086973599239727,1.7802733403182827,0.0,3,43.261910586963126,52.68042316707035,0,5,1,1
260,0,0,0.8757232561744106,0.9373966654180557,0.670454009851301,0.5551698304529948,3,62.08259125238035,61.08767037127136,1,6,1,1
261,1,0,1.5822415918720045,1.5024720768553799,1.2338165573959408,3.6520812518372914,2,70.50057482487651,63.469060324408034,1,8,1,1
262,0,0,1.5757239336382391,0.6838398139107096,1.43295926653076,1.364696646575096,2,58.64762787841391,48.79167965899314,1,3,1,1
263,0,1,1.4363513994504196,-0.9842206664124131,2.113837736037388,0.0,2,31.910282257960496,48.046613826708274,0,4,1,1
264,0,0,1.4433504720625163,1.2376611902328076,1.0963681110491108,2.6237476442300736,2,69.7524123654977,59.64696125287474,1,3,0,1
265,1,0,2.316385930026267,0.38850052164770454,0.7652240654052552,1.3319090369854416,1,55.674051239555624,60.12514435205449,1,8,0,1
266,1,0,1.4608230668208373,0.26214612192576003,1.2375997054308092,0.0,2,55.644596866003454,44.93906510653899,0,3,1,1
267,1,0,1.8382846905020245,-0.7463793242663044,1.7790629454729103,0.0,1,36.647170263681716,31.05673782705353,0,3,1,0
268,0,0,0.9432834718445576,-1.00059828071653,1.363243642914402,0.0,3,35.112319584514374,35.87607489551107,0,3,0,1
269,0,1,0.8023276964541319,1.2888195241018645,0.1709104241680433,1.3264332431263155,3,69.42696759147796,70.47316793941025,1,5,0,1
270,1,0,0.7378773383889424,1.39778186104629,6.346435387609922,0.8595150371521055,3,64.51382722283147,66.92939886352404,1,6,1,0
271,0,0,1.5232568697279472,-0.49439604687259625,1.9574065324494092,0.0,2,48.60539671362307,44.14798902929475,0,5,1,1
272,1,0,0.9362705160367095,1.6482465274503075,2.066047592400022,1.2006911112495864,3,69.95732072611327,49.133216058931666,1,1,1,1
273,0,0,2.1040813410447616,-0.09402002797894178,1.7722458599934958,0.0,1,46.16113673530497,44.36225683408736,0,4,1,1
274,0,1,1.8121352391069974,-1.228630493336344,1.0251478875213311,0.0,2,32.99322063764912,48.0665347638343,0,6,1,1
275,0,1,2.0244056899701133,0.4698992641272882,0.8422257761679751,0.1538953008364642,1,43.301839753486156,65.2260952924667,1,5,0,1
276,1,0,2.270665704722286,-0.356337455352521,2.5724962704941383,0.0,1,44.7315344141258,42.92066183757313,0,6,1,0
277,0,0,1.2046824233644358,-0.6517845287193171,2.058169102275156,0.0,2,40.48153103313384,49.792821394993645,0,8,1,1
278,1,1,1.8926022327573138,-0.5363755110801022,1.4334591627331572,0.0,2,42.72564922673702,55.58324629353171,0,8,0,1
279,0,0,0.8708741723283356,-0.8463246999194531,2.097265883136588,0.0,3,36.93693005690712,38.98935485720176,0,3,1,0
280,1,0,0.8731851740914361,-0.5956697193168923,1.9220326368638494,0.0,3,41.67395675061293,39.96147928250761,0,5,1,1
281,0,0,0.9264544548266263,-1.290317782854055,1.2956071855352136,0.0,2,30.666156991992835,37.55939132001961,0,5,0,1
282,1,1,3.1389204225820633,-0.34739920294235044,1.8845575081208665,0.0,1,46.17143412838763,42.47971289210757,0,2,1,1
283,0,0,4.956599624869071,1.6451634657480352,1.5142153865254544,6.6044850479187085,1,76.0688761396524,78.62932600399236,1,6,1,1
284,0,0,1.4463732769073017,0.5565563324420445,1.1209945692594467,1.105394121129429,2,57.22912918079349,52.485844925504814,1,3,1,1
285,0,0,1.2369103465623512,-0.46391868173505496,1.6856778765382485,0.0,3,43.43322498350372,45.69717910538485,0,6,0,1
286,0,0,1.110556322578982,-0.9268928678200435,2.2128444264940956,0.0,2,36.550017112496434,39.33671290391097,0,2,1,1
287,1,0,1.442442669719385,1.812111894243205,1.7620318003896822,4.09610177737909,2,76.49508474238648,60.78124751769732,1,3,1,1
288,0,1,4.4590880476989545,0.03879021296040527,2.231938362333605,0.14766139447744842,1,50.39726020884405,67.33748307917253,1,7,1,0
289,0,0,2.160680082006444,-0.5374080696753841,1.4198511188586502,0.0,1,41.98307876438879,41.04647699988156,0,6,1,1
290,0,1,2.646911348605611,-2.4113393755354307,1.8181802510290264,0.0,2,13.439716144951582,26.82537649439721,0,2,1,0
291,1,0,0.49460216586178546,0.8920639794870214,1.5117540259987945,0.491570360179156,3,62.742076891073125,46.412594998573944,1,2,0,1
292,0,0,0.6077577078135603,-0.5328252231424491,0.8954391468456265,0.0,3,42.852470250565304,45.05210298221049,0,5,1,1
293,1,1,1.845808010320776,-2.3349293488355793,3.8374086055358907,0.0,1,15.89856924984,35.18481552232785,0,4,1,0
294,1,0,3.3861020417821,1.3776856833046027,1.791834118355721,6.1128295605359,1,65.76794346769225,60.73100346473357,1,5,1,1
295,1,0,2.083616430616936,-0.09879402662355978,2.9004219100028714,0.14522267287130441,1,51.4585868287527,48.4089100146969,1,8,1,1
296,1,1,1.164501270321052,-0.43351269809006626,1.3229376396037478,0.0,2,41.524998449255335,46.33715899936776,0,3,0,1
297,0,0,1.1403348399123565,-0.573914654901245,2.6125077278069986,0.0,2,42.62225675545809,41.35275597957738,0,4,1,1
298,1,0,1.392040537615318,1.2846978920374257,2.181641777447721,2.8478143415138946,2,68.99029687565171,54.67238416274276,1,5,1,1
299,1,0,1.098131996345679,-1.0353905419604439,1.7328815650979155,0.0,2,40.97133162459601,36.45486748533351,0,5,1,1
300,0,0,1.6166117861868423,0.21385821306854683,1.8135952732623704,0.14725101703148302,2,53.49587300147099,56.55064613524328,1,6,1,1
301,0,0,1.1557781155775344,0.12048509680563901,1.626478609493857,0.0,3,51.157639617926826,52.52230814038451,0,6,1,0
302,1,0,0.8134329250676006,-0.018599479069616544,1.7643826106724623,0.0,3,52.152179612645405,45.50876901234627,0,4,1,1
303,0,1,2.9693435345586585,0.5487269727957784,0.37325434445162264,1.783134498756192,1,55.67815572196656,75.91425592130837,1,4,1,1
304,1,0,1.9667837987697228,-1.1556748703941517,1.7896035531138763,0.0,2,32.546683840821835,26.703983021912265,0,2,1,0
305,0,1,1.5480672365860895,-0.5317921769505111,0.7037748061814837,0.0,2,37.15045538076503,56.36512076795104,0,6,0,1
306,0,0,2.354255817718541,0.5187921283736638,2.140417901967745,2.222252724685225,1,59.13361629095316,62.765940560363155,1,9,1,1
307,1,1,4.591084153790657,0.19888381846347739,2.765965702967722,0.4503541675498558,1,53.589707805269114,55.48326384295925,1,3,0,1
308,1,0,1.4635007418516506,-0.861193104320821,2.389977229303233,0.0,3,38.25049531316907,36.85570864365764,0,4,1,0
309,1,1,1.989504548973175,1.1453344523828541,0.6760197913503605,4.259394884155623,1,68.20259857197837,71.31113965190788,1,9,0,1
310,0,0,0.8174525737034102,-0.4802046591402794,1.9238035352278287,0.0,3,54.030549056413605,52.45283954986202,0,6,1,1
311,0,0,1.0019445282781234,-0.3308442726654411,1.6548419692081278,0.0,2,46.27334185710469,44.248915726462734,0,4,1,1
312,1,0,1.6747914417446501,0.01773369184885367,1.1614748643727653,0.0,1,40.39865999723465,41.53269851948351,0,3,0,1
313,0,0,2.3834117254115745,0.7860329835806699,1.1464601816832813,2.4091731925339674,1,60.25541457555313,59.51691009467256,1,6,0,1
314,1,0,1.374114529624206,0.5068537362691933,1.5923033372997213,0.35849730344190006,2,54.77330878637615,42.330673365914045,1,2,1,1
315,0,0,3.140800737932176,1.3339958008006312,2.165864077417977,4.551918105202819,1,69.30945525971626,65.89910277585444,1,6,0,1
316,1,0,1.381823938889037,-0.8296685769802618,2.0070617160907434,0.0,2,40.21973639484287,32.951424160276915,0,4,0,0
317,1,0,1.6073608627984834,-0.7376237689833772,1.9936631208962843,0.0,2,42.23583191112312,31.62390186842728,0,4,1,1
318,0,1,0.7206444753857469,1.3218729546861898,0.054552463117737315,2.6012037751937958,2,72.28345251788484,79.79856025926155,1,5,0,1
319,0,0,1.338909849381097,-0.09035606010478667,1.1110742751003904,0.0,2,48.535902864638736,46.85936789375497,0,5,1,0
320,1,0,1.5328839066525637,0.6283133801329527,0.5019363945729475,0.4748958487037426,2,55.27197397170336,43.926430651216364,1,3,0,1
321,0,0,1.4217089745125806,0.6708142498211763,1.937345615524427,0.5098969300078307,2,60.885652175646634,45.55592983776104,1,1,1,0
322,0,0,2.0741570652287313,-0.3289125692110875,1.493422500865531,0.0,2,44.92276856638337,46.5514099470363,0,4,1,0
323,0,0,1.5683386406151345,1.1216331027178466,1.3158430130912215,3.2059774892525947,2,61.721829329917306,67.03441684098432,1,8,1,1
324,0,0,1.4560282124850894,-0.3737528308068454,1.7118411466791041,0.0,2,43.779270828354484,42.888395993091784,0,3,1,0
325,0,0,1.9845047433658036,-0.4357306007943463,1.4135894706089398,0.0,2,43.287368626286906,50.41480307201996,0,6,0,0
326,1,0,1.3685102384393961,1.1039943375208419,0.6504803474719313,2.166479634572009,2,67.25074530631132,66.04617681942338,1,10,1,1
327,0,0,1.2145518056240527,-0.19634077120199264,1.9484203744176978,0.0,2,47.70034088302253,50.133403359588826,0,5,1,1
328,1,0,2.2780053875088657,-0.7702795620382725,2.5360109625980916,0.0,2,37.57398117791712,32.04975396869411,0,2,1,0
329,0,0,1.500811264485489,-0.984837059277047,1.668334158868526,0.0,2,34.40973318612605,41.5819555791673,0,6,1,1
330,0,0,0.98353385033467,0.011867906550622033,2.76014264310101,0.0,3,49.48357787091109,57.218098034372,0,11,1,1
331,0,0,1.9305455977314852,0.6479138771410028,1.3302463274603455,0.41877343792796373,2,58.622492533077676,60.29325711214421,1,4,1,1
332,0,0,3.0697476151905203,1.8517343720366635,1.5520484185683268,7.664589926956249,1,99.99651321493505,72.04645820288218,1,7,1,1
333,1,1,1.6403760396537785,0.23192489989240173,0.8289486712922176,0.0,2,51.01845803632434,63.56955726467776,0,8,1,1
334,0,0,0.8777950316299362,-0.10528915752158907,2.4451236295414387,0.0,2,49.13078680212492,38.18265497356855,0,1,1,0
335,0,1,1.261877045130228,-0.26961623028750764,1.4908705246120937,0.0,2,45.331280078699166,48.82679795709604,0,4,1,0
336,0,0,2.9184631418048226,1.2132506489259147,2.0222293367096293,3.355441439350829,1,69.84067489356727,62.459792029377745,1,4,1,1
337,1,0,1.2171357807943104,-0.01272504278388592,3.450817330866253,0.0,3,49.65873814530895,36.95394412370872,0,3,1,0
338,0,0,1.925977345032854,-0.1142050869655222,2.4897314027632578,0.0,1,47.96293225521738,47.20780048668239,0,4,1,1
339,0,0,0.8729905596666943,-0.49186449442795416,1.0312797217785077,0.0,2,41.12569850561703,46.616323755727294,0,6,1,1
340,0,0,3.821247412346709,0.7434248234294664,1.5376708617133557,2.69602892956858,1,61.54729990626886,61.53459244867453,1,6,1,1
341,1,0,1.2803122000253804,1.4880594134145015,2.5905670644560246,4.169102715833127,2,72.33259087007825,53.69927644313188,1,3,1,0
342,0,0,5.302755796745963,-1.2903290555243485,1.7178001010169859,0.0,1,25.39022209791967,36.24281065905818,0,2,0,0
343,1,0,1.8526613004195327,-0.7613244279179089,0.7996246273057099,0.0,2,40.50988801162466,32.45620994018682,0,3,0,1
344,0,0,2.639541314745921,-1.02339381756329,1.0534195174962961,0.0,1,33.714669872034214,39.13599510900218,0,5,0,1
345,0,0,0.7748124061047432,-0.9589691063019145,2.302694469211677,0.0,3,35.088610338337176,53.51573054443473,0,6,0,1
346,1,0,2.407657723812904,0.5720577103605031,1.9997661948522163,2.476729604833849,1,58.86259862521236,46.652371215387916,1,3,1,1
347,0,0,1.9824483630363618,-1.688976676634978,3.1334865055290373,0.0,2,24.604897905521675,29.67199766388458,0,5,1,1
348,1,0,1.539791032906031,-0.7332355620541815,2.6338422351473594,0.0,2,40.29876622360896,36.61475392495014,0,6,1,1
349,1,1,1.1811040920410958,0.5531780981241073,2.354802092779911,0.0,3,58.644364436495536,66.74103802666744,0,7,1,1
350,1,1,1.5791834282978,0.09434985001790752,1.2045511053422981,0.0,2,52.94320406219189,56.46722280989694,0,2,0,1
351,1,0,0.9471653196706422,-1.0932471553528016,2.605832452768693,0.0,3,33.429773757038916,38.10213035847694,0,6,1,1
352,0,0,2.9100379014207602,-0.15292337993410335,1.0407060651276927,0.0,1,47.60577930899473,54.08660525011219,0,7,1,1
353,0,0,1.5790461402051803,-0.9258497681410707,1.2810138097649362,0.0,2,37.30395645795957,36.580655458982335,0,3,1,1
354,1,0,1.236114422676969,-1.2391483828468182,2.4039594208691977,0.0,2,31.32785664804972,37.328833037715256,0,7,1,1
355,0,0,1.948096553403151,0.6219405305421325,1.3582596366326396,1.6148862982038348,1,63.97604645801981,57.39588522026206,1,4,1,1
356,1,1,2.4797346263595887,1.9291544467747697,1.9338183781131228,7.538989882050177,1,79.76682537183811,67.56331034929754,1,4,1,1
357,1,0,2.7684042800876982,-0.04935004391251827,1.5869694063332984,0.0,1,47.79486305118033,45.73240699665527,0,6,1,1
358,1,0,5.407354711796685,1.1848767221704621,1.6847567326559116,3.641437017179375,1,69.63813414390343,60.94728275237843,1,5,0,1
359,0,1,1.8894616562299384,0.11288294013726782,1.2249702075115132,0.0,1,53.34046127701197,54.781626233126985,0,3,0,1
360,0,0,5.875996703411909,-2.098213920356174,1.605324357415886,0.0,1,26.021869114877838,22.459405283798475,0,2,1,0
361,0,1,0.5225488958872395,0.2828898760374892,0.6534506040848683,0.0,3,53.99312665805883,53.961379455667284,0,5,0,1
362,0,0,0.8994655203744523,0.1759825693525055,3.1865970178019722,0.0,3,63.145678133765735,52.966793035563256,0,6,1,0
363,1,0,2.1342060926835957,0.9216527948323814,1.9118694438061685,1.679753520452959,2,60.39734146276604,45.9155678494261,1,2,1,1
364,1,1,1.0134220003864447,-0.33417345142409116,1.0215289163634487,0.0,3,31.94358334011428,50.272530930993256,0,5,0,1
365,1,1,2.2273374650891533,0.19608542592540965,1.6046871349479135,0.7770016062559506,1,39.25011604314817,63.97231482557002,1,8,1,1
366,0,0,1.5247458659610935,1.9515091912826028,2.8204759900092737,3.7947364368201493,2,81.95990876487866,73.39470126044031,1,9,1,1
367,0,0,4.302904884631033,-1.7425937689027762,2.8622774223286873,0.0,1,24.904650690819782,31.985847753037287,0,5,0,0
368,0,0,2.623328926657054,0.07659897286471866,2.3541358508900023,0.0,1,53.984376758543014,42.84781829613845,0,3,1,1
369,0,0,1.277012744514269,-0.2981224383119151,1.9851519366952146,0.0,2,46.73763503052526,44.96055190053617,0,3,1,1
370,1,0,1.3939297333239449,-1.7558841172772626,1.6021337132416775,0.0,2,0.0,31.786099180378468,0,7,0,1
371,1,1,1.4621887208737052,1.236573554115512,0.3503496529827377,2.707197120577631,2,68.83772704561406,64.08492532477786,1,4,0,1
372,0,0,0.7778744764302733,0.5773880981326155,0.6547557533658478,0.0,3,51.97633810118499,60.81523885654391,0,8,0,1
373,1,0,2.344616397831147,-0.4301924704352163,1.6755448844150616,0.0,1,42.98530000422252,45.728017110451475,0,5,0,0
374,1,0,1.8288325009519466,-0.7523800073909995,2.7364079843728755,0.0,1,39.00456269787407,34.99319189932698,0,4,1,0
375,0,1,2.64251471026604,0.7068214273000084,1.6366945548872287,1.7604533869848005,1,100.0,74.11954899784867,1,5,1,1
376,0,0,0.7956237508350811,0.9347666084597858,0.7085760412280262,0.06277044409807891,3,70.88392312680061,64.9104551938695,1,7,0,1
377,0,0,4.842789536869951,-1.5561407796529745,3.8109104399997493,0.0,1,26.89005283863521,33.51105198705954,0,8,1,1
378,0,0,1.1456378607948587,-0.9139897146911693,1.5537452658193558,0.0,2,36.16246024815174,43.87436317090087,0,7,1,0
379,0,0,3.5573434464839635,1.0276296769282953,1.087595397330442,3.5387331040255248,1,62.365824259949164,63.02773390885553,1,6,1,1
380,1,0,2.5556766033713876,-0.1330783663051178,2.006259995530165,0.058777180220230374,1,47.77363300878574,44.26924803745043,1,6,0,1
381,1,1,0.6314800637876411,0.01929640545713228,2.005192944570601,0.0,3,37.76153067611917,51.45304467798691,0,3,0,0
382,0,0,0.6734757585497652,0.9721287732729414,0.8529407794080683,0.04205666506516209,3,77.8027225397868,54.7830750842723,1,4,0,1
383,0,0,2.1724860393311696,-0.030929567665505336,1.738493674544995,0.0,1,48.44152069265318,51.73941957840279,0,5,1,1
384,1,0,1.5004392357871492,-0.596049394066324,2.801156348755062,0.0,2,42.41586339558665,32.994153655452614,0,2,1,1
385,0,0,2.113756214450875,-0.2349482412640266,1.9502288857782881,0.0,1,47.93404745267133,51.04608928726072,0,7,1,1
386,0,0,1.3680284477436868,0.1326635431246142,1.383318761304233,0.0,2,52.36302339740115,46.88149283806303,0,2,1,0
387,1,0,3.6815224397258586,0.618769453931724,1.9161547056156474,1.784371775319612,1,61.04982173017626,52.01411178478098,1,4,1,1
388,1,0,1.1154527564786687,-0.1777081157412522,2.173476516105975,0.0,3,46.42987779012075,49.37383537742503,0,6,0,1
389,0,0,4.551662119082496,-1.009366426783229,1.9594734598567578,0.0,1,33.67867288035772,42.174957172025046,0,6,1,1
390,0,0,2.2724054956661575,0.6989981921254034,1.1955307241143385,2.182164256358113,1,61.6230600170006,61.21129075583243,1,8,0,1
391,0,0,0.9488944734209661,0.4912736455914887,0.8824391803219668,0.0,3,77.70461825909948,48.013213978545934,0,3,0,1
392,0,0,1.754907344181646,-0.02392727959423995,2.1611224432443272,0.0,2,48.74078927945181,39.97045304496274,0,0,1,1
393,1,0,1.9974671258316867,0.5236761522045394,1.2139451930896543,1.367846648399287,1,0.0,41.38607317593776,1,2,1,0
394,1,0,1.206690366124841,-0.4044122006820163,1.8053820031785799,0.0,3,44.263100141287474,37.732874608672,0,3,1,0
395,0,1,1.5339014614143431,-0.6386594068425352,1.4099190254335803,0.0,2,100.0,56.64381235118774,0,7,1,1
396,0,1,2.32070842367987,-1.5215048776367543,1.9013868416768827,0.0,2,27.593936104948654,42.70906060863417,0,6,1,0
397,0,0,1.8025057572241754,-0.5032167161356638,1.0522189245959999,0.0,2,44.50379430947598,45.86787187269654,0,8,1,0
398,0,0,0.9725243471303485,-0.4942702134637645,1.3080617521528835,0.0,2,42.89716645296357,46.5399131151222,0,7,1,1
399,0,0,0.6792838754514343,-0.9195912184518336,1.6538448068949205,0.0,3,47.511343875305,41.1851997487288,0,6,1,1
400,1,0,1.4580583477418119,-0.35553924578556767,1.5319456464754158,0.0,2,44.56114868562088,30.348632746668414,0,1,1,0
401,0,1,2.0662733240367706,-3.523125369321659,1.5823265687440564,0.0,1,0.0,29.508772835116098,0,9,0,0
402,0,0,1.5332812540038885,-2.787052738472897,2.431730636023003,0.0,2,6.159399337492561,22.285579486348222,0,7,1,0
403,1,0,1.416283208041282,0.017133001266787014,1.8778559228218434,0.0,3,55.06960672131414,38.303575426921455,0,2,1,0
404,1,0,1.467097908371388,1.0269676560063166,1.7471375213641502,2.36902089249218,2,62.84395420391894,54.9173439899687,1,4,1,1
405,0,1,1.0365340098651825,0.3751174602021849,1.3813273628759446,0.0,3,49.54144063517246,63.69828268957176,0,6,1,0
406,0,0,3.6730303493127616,0.22574182586787933,2.026869323719583,0.0,1,54.05810033452299,48.483209180036816,0,3,0,0
407,1,1,1.5712114916153062,0.5502582707143909,1.6975642778441848,1.2968957992081789,2,53.330806293928944,49.16335498515948,1,3,0,1
408,0,1,1.0748469869574624,-0.020540684266004312,0.9191757177591926,0.0,3,10.54668880000326,69.32742330571016,0,9,1,0
409,1,1,1.8088862023686247,-0.3649481181669328,1.2804365184975588,0.0,2,40.9977404644314,52.87757649504315,0,6,1,1
410,1,0,2.69694374198226,-1.2509508675397145,1.3486800439373199,0.0,1,31.012837449827547,34.89949457232798,0,5,0,0
411,0,0,0.8552034453091371,-1.036882704340396,1.3249355084693157,0.0,3,32.249616268031524,36.36159667899203,0,4,1,0
412,1,0,4.626803486303757,-0.16595100932573942,2.0150828830244247,0.0,1,48.46683558978675,46.626420300350105,0,7,1,0
413,1,1,2.8098168380271815,0.734519816096676,0.8630459328678609,2.5022011847093832,1,74.9347378270609,58.761825987628015,1,5,0,1
414,0,0,0.5712304317332647,0.3100964922360769,1.0477257300363314,0.0,3,54.93325595449266,50.68658174625454,0,4,1,1
415,0,0,1.2028232441565707,0.7455765548255853,2.2878396294216015,1.1168297968196894,2,61.39300335555232,56.36550403951013,1,4,1,1
416,0,0,1.969575413937859,0.061419291407110777,1.2849569774677438,0.0,2,55.45694194062351,41.676077197724304,0,2,1,1
417,0,0,2.033288550136125,0.2121432730051298,1.3905717930906498,0.0,1,35.648558973976904,44.852063857792245,0,2,1,1
418,0,0,1.8883954374570755,-0.6776506196283003,0.7574770046895232,0.0,2,40.149981016794364,53.361440287567135,0,8,1,1
419,1,1,0.7157997566152771,-1.9978508736363059,3.374128278937585,0.0,3,19.37777191505784,30.5511990862339,0,3,1,0
420,0,0,3.0155525446165745,0.6463876982100899,1.3175571730694131,2.058969789815323,1,60.27496254293012,59.64232973704854,1,4,1,1
421,0,0,1.357464608472546,1.127815088750819,1.8461051263413584,3.4228810254648576,2,68.231660007886,59.65920662654352,1,6,1,1
422,0,0,1.4303936663534318,1.3610632035187016,1.3110701642922844,2.629511143608645,2,68.75300298825681,66.22799860324007,1,4,0,1
423,0,1,2.0835917315898596,0.6954641221630482,0.6583934830626211,2.3766360735676395,1,59.68257655103378,59.67967715819257,1,3,0,1
424,0,0,2.1915143431599367,0.8542655467293331,1.3269921435341314,2.8137320478953733,1,62.582694143431524,63.6397300340342,1,6,0,1
425,0,0,2.1940772185138706,0.005851717275659395,1.2372584799804203,0.0,2,50.402795299781445,48.60252984197587,0,4,0,1
426,0,1,0.8233612713485909,0.25805693330307883,2.041372032906006,0.0,3,45.05961751211266,66.22876603485267,0,7,1,1
427,1,1,2.507268442801135,0.8694998843682062,1.0658060812301258,3.1847325703905898,1,57.58396326464658,75.79477281639011,1,10,1,1
428,0,0,2.257148350271905,-0.5544291388986379,1.652736352184716,0.0,1,48.780616342694394,41.278447751061336,0,3,1,0
429,0,1,3.6388225655160884,0.17513206723811134,1.425212506799948,0.0,1,52.426749118073495,57.635242623561034,0,5,1,1
430,0,1,1.0453197568273398,2.058346633040186,1.4367392247007598,5.329425839634683,2,79.16867147971476,72.93081655878851,1,1,1,1
431,0,0,1.1243100342459007,0.9276676001873797,1.8188958516850215,1.2807205364684084,2,63.89344923818995,65.24030902405906,1,8,1,1
432,1,0,1.310241630920115,1.582180209534354,1.6464863929292481,3.0515620575045217,2,73.88287260145414,66.47535079293988,1,8,0,1
433,0,0,1.9824352022660108,0.20844658752884532,1.1554508810153097,0.0,2,68.87976317343353,54.00346366170919,0,4,1,1
434,1,1,4.5114860317666965,-0.9830182930668744,1.5948672549746077,0.0,1,39.01283768076926,46.56525265946789,0,6,1,1
435,0,0,1.1213844720460426,-1.1917573742595386,2.8239117563765914,0.0,3,31.267968668163657,33.30540887900694,0,3,0,1
436,0,0,0.6545128221372745,0.08878234741225517,1.7123954632584621,0.0,3,50.701779735893574,44.27413033382328,0,4,1,1
437,1,0,1.2661800046240423,0.1361280014914529,1.7233908947829881,0.0,3,100.0,45.62700922091396,0,5,1,1
438,0,1,3.71799606490901,0.3774896568604032,1.53025476280393,1.2415304469975457,1,72.39777871009028,51.11644108511036,1,3,1,1
439,0,0,1.6375264171936676,0.9310831909045442,0.9294344552376356,1.5961973512375205,2,61.917051265209764,56.68954909337115,1,4,0,1
440,0,0,1.837318997762175,0.3593694909684428,1.8152720386398964,0.0758422172528852,2,50.760217336638014,48.06117081145415,1,3,1,1
441,1,0,0.9833453567456997,1.0366626254269058,1.9388052535176312,0.0,3,57.865267047381714,46.86847668870853,0,1,1,0
442,1,0,1.0799695935890157,-2.005121691207124,2.2169487175427496,0.0,3,25.564297818729955,24.899958855889277,0,5,1,0
443,0,0,0.4623192566054005,1.1297220049592722,2.56087606956969,0.7100233026901178,3,66.14539815780073,61.3940525030196,1,6,1,1
444,0,1,0.9235776869192471,-0.528280849313197,1.5769597712759609,0.0,2,41.827397025306546,53.5483935835118,0,3,1,1
445,0,0,1.4450057802628666,-1.0765039191083963,1.8256637314802004,0.0,1,33.38064274482034,39.37173184637859,0,5,1,1
446,1,0,0.9001411393693477,0.11921821482204634,1.0529296386526836,0.0,2,53.77386843504173,57.72135869744314,0,9,0,1
447,0,0,1.4905339027304572,0.4821797195169934,0.9743423055948647,0.5595461359662914,2,57.008331475889236,55.7239667714421,1,5,0,1
448,1,1,4.074609996466894,0.5098981199057723,1.3117382464749878,1.3192141637310721,1,55.33805810765033,55.97967904822866,1,3,0,1
449,0,0,2.5053115684917207,0.5147342873933998,1.6453511450972762,0.964142482320116,1,57.94038881364894,56.84999183789794,1,7,1,1
450,0,0,1.054070039165036,-0.8897087614089779,1.8662549314713823,0.0,2,36.45877101344873,46.92780143761144,0,5,1,1
451,0,0,2.6408069460231025,0.6596158801133165,1.061779875172943,1.0648305649414476,1,60.19561156351537,46.72536814318916,1,1,1,1
452,0,1,3.068812596938361,-1.7887219163784998,1.969801508802047,0.0,1,23.798914193353756,46.886335891416,0,7,1,0
453,0,1,2.2890262888505144,-0.603596557973074,1.3117400890530821,0.0,1,40.06088411991291,52.53560320313529,0,8,1,1
454,0,1,1.8013411377330735,0.20358523472428283,0.541671740067597,0.0,1,51.38961005959231,70.71032568215787,0,9,0,1
455,0,0,1.4074966091912158,0.907709428433776,1.3297739691518615,1.5854530492681167,2,63.07643288892151,57.64512715078968,1,3,1,1
456,1,0,0.8896937518999777,-0.2564412070053875,1.6896168654135515,0.0,2,44.20354197275248,31.321254031835423,0,2,0,0
457,1,0,2.9184735894417675,1.017549263683834,1.1885028750810684,3.106690937711174,1,64.79308281238983,57.21418227936092,1,6,1,1
458,0,1,2.4954155228394854,0.5704015004950441,1.6525026317274043,1.2728269778666856,1,59.19841127163876,50.18241966016967,1,3,0,1
459,1,0,1.8743074826301074,0.6636391459649625,2.513079661150881,1.0971758907653726,2,61.13429705991531,51.89750960850166,1,4,1,1
460,0,0,1.1545842121288188,0.5477556291947858,1.7994759387837813,0.5285560108532477,2,56.55758663635842,56.629292947359744,1,8,1,1
461,0,0,0.5171199894048611,-0.448112062290637,1.8914547654534335,0.0,3,42.924449415782725,49.18690295930856,0,7,1,1
462,1,1,1.664692009258666,0.07192686148274556,2.0187799205123076,0.0,2,51.871795639888795,64.23793283939739,0,12,1,1
463,1,0,1.327366134043237,-1.2709312821263155,2.012935382173177,0.0,2,47.814809216631275,31.674471140676097,0,5,1,1
464,0,0,4.231969451020604,1.0664995813211564,1.623480954633707,3.774157097707892,1,75.28567937523091,62.85703611109488,1,9,1,1
465,0,0,1.0792366050383204,2.2117838203662568,1.3664648087589075,5.823513625760747,2,83.31426171151604,76.5904347570584,1,8,1,1
466,1,0,3.199712025516771,0.5666745695596692,1.0599976992410296,0.8336857028885926,1,59.87915168568026,44.480541200861246,1,2,1,1
467,1,0,1.4690145874559917,-0.04672657389411984,1.624524811466589,0.0,2,55.730944429940905,48.29997561515134,0,6,0,1
468,0,1,1.7623790768288896,-0.23089011186822364,1.3437426784335635,0.0,1,44.98098059572574,55.990388555503905,0,5,1,0
469,0,0,1.4760613307834953,0.305883948020724,0.8115972615040435,0.0,2,55.02440213639375,56.165857679630236,0,7,1,1
470,0,0,1.3025597976084462,1.1466149727326882,0.8823730057982214,2.0107780657186543,2,69.14493325383745,64.95965471465057,1,7,1,1
471,1,1,1.5665839891743496,-2.1694973852764976,1.4529230988714237,0.0,2,9.628885490636058,31.18868953895097,0,4,0,0
472,1,0,1.4090143468777208,-1.0073164497674878,2.230615618179452,0.0,1,34.34975268118546,33.524013282397604,0,7,0,0
473,0,0,1.8031865667509852,0.5910615640224557,1.851422601834092,1.9375459007179736,1,59.13594807107544,53.087177600439944,1,5,1,1
474,1,0,0.38816658380266517,1.763774134252978,0.9049587530801236,1.0153991092344958,3,100.0,65.41460876536897,1,6,0,1
475,0,0,1.1505449295848555,0.7723974065725155,1.1795824735796814,1.256815218109373,2,60.432388524236785,54.468694569858414,1,4,0,1
476,1,0,1.0935224395992995,1.2310695019132274,1.8657665313472394,2.490187489205365,2,68.8034782400703,51.724585196505984,1,3,0,1
477,1,0,3.715619266114977,-0.1821802765818057,2.3025119030892522,0.0,1,47.537723911407255,34.27826807740252,0,0,0,0
478,1,0,1.5138767592833933,0.508457431791731,1.5235535684959851,0.8574605261165305,2,57.71726076300413,49.36308736063012,1,5,1,1
479,0,0,1.5862767883924722,-0.7736166406678957,1.6443335475481038,0.0,2,0.0,52.91733463967356,0,9,0,0
480,0,0,2.8809324030257857,1.6397127629478696,0.23561517274514532,6.576245398108733,1,75.68602741499237,52.16992782335187,1,2,0,1
481,1,0,1.107406342622632,1.4753621286497034,1.4432952085094608,3.5369644652039787,2,73.2553383006607,65.31953145628698,1,8,1,1
482,0,1,1.5273917182634809,1.1186269935588766,0.8827160185784448,2.130092765691618,2,70.93334384976112,75.57960473802146,1,6,0,1
483,1,0,0.9805799563672654,0.41597610633853216,2.0418998193232354,0.01442563279806125,3,55.13196157175392,45.71907775881925,1,4,1,1
484,1,0,1.1554119957508557,0.238521946183736,2.0548051075407368,0.0,3,54.436487059767494,45.32611232176892,0,4,1,0
485,0,0,2.1912524328466954,2.90108998835883,1.2709322530772984,12.646398384714994,1,92.8263124581948,84.34080364988307,1,7,1,1
486,1,0,1.1941036935345912,0.800609370269759,1.0410390587046794,0.24079642964497516,2,61.8011008667947,51.33394060989642,1,4,1,1
487,0,0,1.7298489888269482,-0.9765637200201779,0.8422934630143802,0.0,1,38.20142487265905,55.6773078501966,0,13,0,1
488,1,0,0.9464745081621018,-0.960227694287012,2.6632523804713175,0.0,3,37.19759965898271,34.56190727093181,0,4,1,0
489,0,0,1.9489298103874428,-1.272309897878073,2.498932856265123,0.0,2,29.952489483044104,37.07148704728733,0,4,1,0
490,1,0,1.2900352408888218,1.35261712946206,3.458785107375035,3.199111749003849,2,71.86042292053948,56.258600374055895,1,1,1,1
491,0,0,1.6068962163318414,-0.8881853571904921,3.0245838893551547,0.0,2,66.67723672371302,31.401665015093904,0,3,1,0
492,0,1,2.2088213458259163,0.9405094937559338,0.6281713159697386,1.307570128949049,2,63.87911908340611,73.79759777275196,1,7,1,1
493,0,1,1.9343241134333087,-0.6297112481606899,0.1269237508588254,0.0,2,47.15155125205705,71.1866270081367,0,10,0,1
494,1,0,1.0544543228154595,-2.3039588577324444,1.6048833525413897,0.0,2,18.34617419784424,22.015651431292177,0,5,1,0
495,1,0,1.6983305580547992,0.2951580190399919,2.5854695898690627,0.0,2,53.31709649217266,54.302288152151554,0,6,1,1
496,0,1,2.89519954974521,-0.37309349691933863,2.905488455148544,0.0,1,44.23617123262273,50.26663539101819,0,4,1,0
497,1,0,2.6433218601544044,1.3899804338722175,1.7592977674116128,4.924572775152681,1,71.40916582123995,55.26969909766725,1,4,1,1
498,0,0,2.4323129769559606,1.1241109542940328,0.8439925834037926,4.694772471487918,1,66.84060242097327,69.64401906061602,1,9,1,1
499,1,0,1.176313625894406,0.03422497531449562,1.447257780290107,0.0,2,50.97160656802345,46.61124815090001,0,5,1,1
500,0,1,2.5939906445357117,-1.1610612467846544,1.0930022106906028,0.0,1,32.67480406789859,55.232136749617716,0,8,1,1
501,1,0,2.1318699077582073,-0.24053574787882528,1.0352719131094648,0.0,2,46.002091477838924,35.21043292217587,0,2,1,1
502,0,0,1.6638845050243825,1.4457303660960072,3.734769625518304,2.949515336757015,2,72.8673639723387,66.51246324717076,1,6,1,1
503,0,0,0.8027447696461192,1.1082470961170638,1.4539503202955155,1.2015171443992263,3,68.82719812489304,62.74156582628764,1,8,1,1
504,1,0,1.388971296956546,1.1965244766812155,1.0718128123026236,3.1680029940160783,2,67.68713334771462,63.12653076312452,1,6,1,1
505,0,1,4.8960801422091285,1.2718773138063308,0.24387553132719417,4.867795844478803,1,77.64616849394987,76.42133613842235,1,8,0,1
506,0,0,0.9419632658252566,-0.4036869178761625,1.3399223344301143,0.0,3,42.84399997054322,43.47430337667547,0,5,1,0
507,1,0,0.5180476156622822,0.2149943150818128,1.2646041900683913,0.0,3,58.1182869999832,49.941343784481845,0,6,1,1
508,1,0,1.3405621891824724,-1.1612117222717109,1.855780432158432,0.0,2,34.36160197062893,31.526822485595645,0,6,1,1
509,1,0,2.3567382237933576,-0.33419432970373975,1.6019843325976437,0.0,1,43.67070180132294,37.847188371952974,0,3,0,1
510,0,0,3.3357451938373277,-0.34496468886028997,2.943350735526034,0.0,1,39.31784180586096,46.084454092549365,0,4,1,0
511,1,0,1.1229794789343455,-1.8657771134377057,2.272706995619932,0.0,2,18.08751695317034,20.1865529664103,0,2,1,0
512,0,0,1.9637969482594615,-1.542344503257372,1.688188407407009,0.0,2,25.009336903922772,36.80094616526489,0,6,1,1
513,0,0,3.4587528899975037,-0.7758791594600069,2.306810953551906,0.0,1,36.50002176837731,38.14637649240211,0,2,1,0
514,1,0,3.007880229242705,-1.2934094569138685,2.1001149843366296,0.0,1,31.26409558323603,31.35988310322637,0,6,1,0
515,0,0,1.6598666022579183,1.6601180588343365,1.960764324658113,7.259688757415985,1,76.44547019897665,70.1807142322311,1,5,1,1
516,0,1,1.3590743573970174,0.31604530862071106,0.7052578740836157,0.3881435433237727,2,52.983551957726235,55.970022781356626,1,3,0,1
517,0,1,2.548727981206215,-0.31710795315362533,0.9687199955278972,0.0,1,43.968789676907406,75.39268311325674,0,11,1,1
518,1,1,1.2804477141322756,0.6987279527359139,3.2910944646013927,0.0,3,59.62178345372451,75.22326622996441,0,8,1,0
519,0,1,1.8555859188136345,-0.2459498694369133,1.258379133116796,0.0,2,0.0,58.3799995909476,0,6,1,1
520,1,0,6.109968846033478,-0.22295107300403116,2.0686436063721136,0.0,1,47.00080516489462,45.86610887603353,0,6,1,1
521,0,1,1.5680433881155065,-0.8732858937258697,1.0124914316138725,0.0,1,80.1843440735875,46.59915826545606,0,4,1,1
522,1,0,1.7660030324114686,0.7970931204859305,1.148464374239385,2.4555840777065887,1,61.949873368270694,50.53445122784298,1,5,1,1
523,1,0,2.034264535577357,-1.4609207787775462,2.9823273431039805,0.0,1,23.606022377083434,25.640436236500946,0,4,1,0
524,1,1,3.036722830127205,-1.8152693349421252,0.7086991728420087,0.04829232250866333,1,20.42215337221683,46.24130965576787,1,8,0,1
525,1,0,2.8403925381730835,-0.9804220788635876,1.4047787264551992,0.0,1,35.2725593565218,28.932469355327743,0,2,0,1
526,0,0,0.803574005500194,1.8192535906509535,1.4836877916334164,2.15866952122533,3,74.16569530535965,68.81382267449276,1,4,0,1
527,0,1,0.28772770977581513,0.17877474097432164,0.6450745462875154,0.0,3,47.71932523370959,69.90997011712905,0,8,1,1
528,1,0,1.8162512043595054,-0.007417320077573409,1.054929965031455,0.0,2,46.83131173964668,43.169641334293544,0,6,0,1
529,1,0,1.6067120400564368,0.3185361653582864,2.4851968932545736,0.0,2,54.22288007480001,39.01347930432154,0,3,1,0
530,0,1,1.5197795649562404,-1.6709173878958463,2.4372725052227118,0.0,2,26.40537991098936,37.31481316709352,0,5,1,0
531,1,1,1.895523904021766,-0.9694489988107148,1.2690227476384532,0.0,2,34.9173249071693,42.9037205665893,0,3,1,1
532,1,0,1.3680917378894233,-0.7673713205722132,3.131455174865579,0.0,2,39.6085867653754,36.89959975142391,0,2,1,0
533,1,0,2.014117986175842,-1.0898829624925532,2.5441251032238132,0.0,2,54.91643279157607,41.022434721181014,0,9,1,1
534,1,0,1.775973055806702,-0.48150898223928207,2.6107617512702292,0.0,2,42.58118621835144,40.8796471557461,0,3,1,0
535,1,0,1.3073800471352868,0.12112197757961497,1.0281180374406178,0.0,2,50.17995382360481,48.3556563753511,0,4,1,0
536,0,0,1.7745486292350023,1.2160647981529207,1.463652025670205,2.426774988017225,2,66.9977400211936,58.14257512366491,1,2,1,1
537,1,0,0.7309831573914481,0.26891587551119017,0.8815447762481237,0.0,3,53.9665028515588,35.237001084416,0,4,0,1
538,0,0,0.9238756939360205,-1.5991385171944026,2.741272442578513,0.0,3,25.91094960742679,37.50919904977833,0,8,1,0
539,0,0,0.760807421571009,-0.7346971277614319,0.7826094640437034,0.0,3,39.817633997720414,39.85249553115445,0,4,0,1
540,1,1,1.3465495763059128,-0.5176570618059986,0.5989580820495142,0.0,2,42.201054840624444,59.19656338102052,0,10,0,1
541,0,0,1.0907837544132228,-0.41701150205591675,2.194711457291267,0.0,2,43.08458288643725,43.14570032223154,0,4,1,0
542,0,1,1.9947863352707376,-1.570812756716637,1.9125564335947218,0.0,2,23.825274455067905,35.05386744911543,0,3,1,1
543,0,0,0.8660328082352664,1.2980585108028708,1.7358247165662253,2.697167504962309,2,100.0,43.0456132665604,1,5,1,1
544,1,0,1.0048032966263545,0.26194473363709453,2.02825779921951,0.05594616208607012,2,53.13531145851662,46.807059450228365,1,4,0,1
545,1,1,1.4590699251930817,1.3871299681996283,0.9715507062835355,2.92119419163034,2,68.58205246229556,69.19811692252276,1,6,0,1
546,1,0,1.8715161144070662,-0.285198048429125,2.3819058270419684,0.0,1,46.09827291884373,36.126892367834316,0,1,1,0
547,0,0,1.7281690578124274,-0.2557189726383359,1.1804312382806819,0.0,1,47.74320478588573,41.93496667940023,0,3,1,0
548,0,0,1.1132647235543718,0.512955402394609,2.009327125676112,0.6764520401872336,2,58.24778588300348,48.81661155664416,1,2,1,1
549,1,0,2.301116248264514,2.2651556148964502,0.7603038026534805,8.67318325967061,1,83.9138238932371,65.75945282639204,1,4,1,1
550,1,1,3.55004388114129,-1.9321123751192653,1.3996126549493773,0.0,1,23.787272527680248,43.718001496346226,0,7,0,1
551,0,0,1.8937098788323459,-1.8774589235359547,2.0765890085428484,0.0,2,0.0,27.641193314844816,0,3,1,1
552,0,0,0.5655480196631972,-0.2544423546722154,3.576182529345422,0.0,3,46.818558919733725,47.177816827518896,0,4,1,0
553,1,0,1.7536013830977004,1.0145410028576045,1.1118883716381431,1.8552567143542718,2,64.89876243744176,64.84071005539934,1,6,1,1
554,0,1,1.0667203695360536,1.0059326690402737,0.9195807139032703,1.9981724243684686,2,65.19397381220658,73.6017985285103,1,6,1,1
555,0,0,1.7797444348602363,-0.3115754248324548,2.2275271595663724,0.0,2,45.790183762889434,36.582322863761156,0,3,1,0
556,1,0,1.5859034547345494,-0.048326138852283415,2.3799053811306905,0.0,2,48.79584869308532,55.561780351723286,0,7,0,0
557,0,0,3.059803208475619,0.6997862227915129,0.16395573285672238,2.812399832729345,1,59.13321609173168,63.18660755200235,1,8,0,1
558,0,1,1.9061016718723915,-2.344745218713907,2.640056171352793,0.0,2,14.345447571715491,31.627596880184598,0,3,1,0
559,1,0,3.1002713826706856,-1.8846045219856749,4.336136388470008,0.0,1,22.747091634230774,28.63229699595558,0,4,1,0
560,0,1,1.6158647424983905,0.5647354494794865,1.3967104863120947,0.8579730007637305,2,58.7718102756199,61.234715911409204,1,3,0,1
561,1,0,1.5703232157396028,-0.6469295152615974,1.4601685528985955,0.0,2,36.514489148932554,39.23396669774335,0,6,1,1
562,0,0,1.5756010118372865,-0.19471862196625067,1.0867846781258017,0.0,2,47.755329708578344,45.28549792356482,0,3,0,1
563,1,0,1.598986447281595,0.1739945791980345,1.771996799176934,0.0,1,53.9252028607392,41.744947640069476,0,3,1,1
564,0,0,1.2963157037218689,0.19890766109915828,1.0759371021377448,0.4962257110032151,2,52.3721999351438,67.25159509742095,1,12,1,1
565,1,0,3.6114410707567783,0.3766028241626263,1.19273774300312,1.2295823338908347,1,56.176568859530704,43.381200663648784,1,3,0,1
566,1,0,2.1448063673603412,0.5610517001272245,1.695594215540797,1.5093495846020648,1,60.48646774289671,48.58722153406536,1,5,1,1
567,0,0,3.9274789388424796,-0.8787185243040446,1.7910680889600263,0.0,1,35.43723987370033,37.80941329187266,0,4,1,1
568,0,1,2.262713985435094,-0.46267046140314033,1.5322024185878307,0.0,1,44.02658224802401,55.175132539483386,0,4,1,0
569,0,0,2.696574375465419,1.1384037094976507,1.1538544243042976,5.063355842166045,1,66.5525899956226,61.19397417310281,1,4,1,1
570,0,1,0.8319460892880317,-0.5367582949107639,0.9004223397275061,0.0,3,38.615932801887304,55.58843609056716,0,5,0,1
571,1,0,1.61245025807771,-0.8047620706867854,1.8054616601532278,0.0,2,34.81549885802694,37.64460966713248,0,5,1,0
572,1,0,1.3772108534357104,-0.8462528855638041,0.7850327759179744,0.0,2,37.33042716543778,42.026747989491795,0,7,0,0
573,1,1,2.9845943415878473,-0.052324237865783406,2.8438200050818665,0.0,1,48.15831512956207,54.101689968662676,0,3,1,0
574,1,0,2.1073540749071835,-0.47519275140884976,1.3478524965271563,0.0,1,42.187434320223026,47.91354510102509,0,8,1,1
575,1,0,1.8320811478594634,0.7335753044772134,2.6338282846183168,2.193144687049244,1,59.63351112548646,49.13810002021127,1,4,1,1
576,0,0,2.415030878975087,0.05959197218336226,2.6973388234651376,0.0,1,49.97958989435628,43.14293556717772,0,1,1,1
577,0,0,1.807397000658961,1.7870767640997847,1.5532825875389642,3.9379679378734562,2,79.31796149209839,67.19511719381427,1,3,1,1
578,1,1,2.3421516827431046,0.13049884082094554,3.0993910043000144,0.0,2,50.59827694943776,50.46718307107407,0,3,1,1
579,0,0,2.549525912568939,-0.6965585847347499,2.761794431306294,0.0,1,37.86363671382189,40.855039664924604,0,4,1,1
580,0,1,0.5864388470935487,1.55056578040258,0.35671866463844,1.6572647415694521,3,72.39249615536937,77.96476196304394,1,5,0,1
581,0,0,1.1426483910302523,-0.9802229068037375,1.7875786340742987,0.0,3,35.032031298654935,33.602799737704515,0,3,1,1
582,1,0,1.5199382020117456,-0.4108045953347197,1.4723056878928436,0.0,2,42.50737244583338,43.54917927980964,0,6,1,1
583,1,0,2.101457698150927,1.7234311283785402,1.4946763099174607,3.7371769217866078,2,75.86796665433249,66.23622821801435,1,6,0,1
584,0,0,1.8641340324148978,-2.0706981503247888,2.5989047887982277,0.0,1,18.68622878615855,29.580928398648428,0,6,1,1
585,0,0,1.940126822938081,1.2995131780751228,0.9318208341530161,2.548099793994454,2,72.01732284326668,59.98579864325946,1,2,1,1
586,0,0,0.7870670149540837,0.7582742343046599,2.0445914895569155,0.3135545760784204,2,60.64495449173636,59.447615906372555,1,6,1,1
587,0,1,0.9020828595265882,0.4398996473481922,0.952767262983456,0.0,3,55.24416011171079,83.07738295489865,0,11,1,1
588,1,0,2.4625423507841897,0.06758031380222548,2.9255595510675656,0.0,1,51.355855997802585,49.94192145318027,0,6,1,0
589,1,1,2.431527249151447,0.3778258590740272,0.6304911540748626,0.8337083529123246,1,54.55728762006053,63.86850893623793,1,8,1,1
590,0,1,1.2617428866901805,0.4296404287830745,2.317294910124973,0.0,2,55.069102316068786,67.61650959012023,0,6,1,0
591,0,1,1.6406952896966254,1.761917573968199,1.7290521869275204,4.45011644256444,2,76.27659571240653,74.10324664948061,1,5,1,1
592,0,1,0.8769138482041865,-1.4241318479071878,1.3793551322620288,0.0,2,29.064833488324336,47.92996340458292,0,4,0,1
593,1,1,2.299403986457251,0.29382195208265804,2.9384209433721784,1.1275866905345127,1,55.0369110912821,54.84036635912777,1,2,1,0
594,1,0,4.248232527363135,0.031433074325498425,2.4761885761642715,0.0,1,52.45608212115428,38.6705325112272,0,3,1,0
595,1,0,1.4952688622043653,-1.6299088090021792,1.5756069748009538,0.0,2,25.257909930838895,27.78712796834937,0,5,1,0
596,0,0,7.004238111630958,1.2690121758648436,1.8846619992491722,4.613192355899387,1,71.18939764665514,68.7444095007284,1,8,1,1
597,1,1,2.142457327268153,1.996303767931304,-0.1035757173309747,8.410685348154283,1,80.18819011045659,75.40000252019816,1,6,0,1
598,1,0,1.4108917842980717,0.3346366217181073,1.9739119581464357,0.0,2,57.17629227642261,52.69059791673876,0,7,1,1
599,0,0,1.5243119594013448,1.3512529080656877,0.6792427413710695,3.0359545724978103,2,67.70121789783525,62.265070755811216,1,4,0,1
600,0,0,1.4870815240840431,-1.7413478329342154,2.410100109423066,0.0,2,24.874991360806117,16.240231879915353,0,0,1,0
601,1,1,0.9156065297944231,-0.00637546592151936,2.354151327288364,0.0,3,48.031124919500556,48.346649330206525,0,5,1,1
602,1,1,0.7688550475479875,-0.22176715789439458,1.3125546197197533,0.0,2,47.105682062480625,51.14064345707777,0,3,1,1
603,0,1,1.3411428267978798,-0.22612103351883903,2.4318664526501768,0.0,1,46.91351358548053,58.40462459696687,0,6,1,1
604,0,0,0.6995531034817347,-0.24907130417733025,2.233243913435538,0.0,3,40.60761048508794,46.407589251161404,0,4,1,0
605,0,0,1.8490379407093214,-0.7987193383375941,1.9098749587935284,0.0,2,37.597964535850245,40.73058082920602,0,3,1,0
606,0,0,2.7331174896219768,-0.5585377482366788,1.7933219177325097,0.0,1,56.11914553096479,41.29384472811261,0,5,1,1
607,0,0,1.8462709817542695,0.8977263235064739,2.2429774854841944,3.001351816970231,1,63.18077963847804,56.619351233708784,1,3,1,1
608,1,0,2.6536272439064126,-0.4954827493447591,2.1318623039923335,0.0,1,43.27484173281224,31.955890483685877,0,2,1,0
609,0,0,1.4412407535512215,-0.4180910439538558,1.6795018068123073,0.0,2,45.074440064888115,43.335528470205176,0,2,1,1
610,1,1,1.6919635948867515,-0.721826703135635,1.6127890877980169,0.0,2,39.27543169688927,48.60649244625734,0,4,1,1
611,1,1,2.497745156900908,-0.12379253715821478,0.5510735742271711,0.0,1,47.458359696387845,54.515089644979625,0,5,0,1
612,0,0,2.1988444337561783,-0.7712632407023615,2.695410776916784,0.0,2,39.200206788936285,43.39953110672798,0,5,1,1
613,1,1,2.3048920268937136,0.24854293902480618,1.917492168678419,0.024520198150587313,2,52.99801219119572,60.22242616436712,1,8,0,1
614,1,0,1.2951016399874855,0.45993894842912164,1.9601566266016317,0.0,3,98.25315921296277,48.36928700621679,0,4,0,0
615,0,0,0.7494234781065616,0.8237381225749909,1.6553263583237996,1.575893857867739,2,65.5344921306785,61.2795229749211,1,3,1,1
616,1,0,2.6511985138585694,-1.0901831253947774,1.8672705250698662,0.0,1,39.20526388729599,38.04491290150025,0,7,1,0
617,1,0,1.5439095272067078,0.03393327058400321,1.9503634739162334,0.0,2,48.296606297536236,38.43807771702308,0,3,1,1
618,0,1,3.872886162230673,-0.6590724705089268,0.5357581613139727,0.0,1,39.04809226883097,48.85550017767946,0,1,0,1
619,0,1,1.126677768026168,0.12029753234760011,1.0998640769554353,0.0,3,50.70768242574634,68.4729110840411,0,8,0,1
620,0,1,0.9819532591252826,-0.15662089529164955,0.29622816656206147,0.0,2,52.68565509320182,66.53550148570777,0,9,0,1
621,0,1,1.9542012465550958,0.4272765435145432,0.2799735656761443,0.5776809620288055,1,55.433005812680676,69.76172555987708,1,7,0,1
622,0,1,1.335041111404419,-0.7334862632483068,2.343259733805799,0.0,2,37.516888303891726,60.62705681591765,0,5,0,1
623,1,0,4.053858546100112,-1.2150408634970857,2.1705956185696778,0.0,1,31.625255619799685,35.98302083674694,0,4,0,1
624,1,1,1.130615632733054,2.042003426914979,0.8569179253621433,2.8087233082402947,3,85.83463216150649,79.96975802151351,1,7,1,1
625,0,0,1.262065289648497,-0.40897609341687424,0.8697065157612449,0.0,2,44.505241534258225,46.39277122148674,0,7,0,1
626,1,1,3.3117207858911195,0.30923065079775847,1.5298035489360835,0.0,1,54.89961075258238,61.683565771475884,0,6,0,1
627,0,1,1.7901364275058338,-1.0049695213321583,0.7814985508654246,0.0,2,33.867830963172345,53.484476700922876,0,5,0,0
628,1,0,0.8706478668050182,-0.6864789912902182,1.8585149398284189,0.0,3,39.67357477764948,37.12559567474001,0,4,1,1
629,0,0,1.0032450136076503,0.880354975722567,1.1541449242326978,1.5753534265155404,2,65.19004481749204,63.335167168937744,1,7,1,1
630,0,1,1.556166790876323,-0.36670655799399043,2.390831404873226,0.0,3,44.89998165056976,52.30068352519654,0,3,1,0
631,0,0,0.8902140430367179,1.108230896474124,3.0422218822952516,1.4074601029526017,2,56.713221725714405,62.701329241521435,1,6,1,1
632,0,0,0.9405931792246617,1.2609395881139256,1.406623147066501,2.7432978821947285,2,70.61696585357613,69.60131889185176,1,9,1,1
633,1,0,1.5429631445219316,-0.08010202801524496,1.5788005307118003,0.0,2,39.18305052816899,36.56401822509051,0,4,0,0
634,0,0,3.837753598939976,-0.4507762066615906,2.5733612224690487,0.0,1,40.40349684028363,56.00925037028713,0,5,1,0
635,1,0,1.8655015681472806,1.0811908551427982,2.8182360056597062,4.167859529570045,1,65.85651413048579,45.11242564177114,1,4,1,1
636,1,0,1.1611485605889154,1.8232100958425757,0.6316128593490955,4.7245227676184465,2,77.36736923584672,68.18144455399053,1,4,0,1
637,1,0,3.5294006261217836,-0.4088330899539756,1.6366146241963095,0.0,1,40.32528622435543,45.2440674914132,0,7,1,1
638,1,0,2.205150377828985,0.9216071242969603,0.7706001687873139,1.3191708623264824,2,65.49150971128259,57.96393851023185,1,7,0,1
639,1,0,1.244724006386826,-0.8346178331812838,1.9282948282939263,0.0,3,35.532535559666606,28.581207600447048,0,3,1,0
640,0,0,0.9287858537724856,-1.410901803639852,2.183800506674741,0.0,2,28.154819849455365,35.26702079035523,0,6,1,1
641,1,0,2.370068753452308,-0.4373175643803654,1.4256097528976484,0.0,1,43.421509225839124,39.55919958694306,0,5,0,1
642,1,0,2.466742016735742,-1.06334379033442,1.542024853190833,0.0,1,33.70766312964233,38.73692979563872,0,6,1,1
643,1,1,2.1071030003328715,1.0474563437884374,2.0085901189384234,3.211190630271606,1,65.99709541413765,64.75454623527722,1,6,0,1
644,1,0,1.1716352947294464,-1.1169569141141018,1.7772883171989153,0.0,2,36.48175333154048,37.63941962781485,0,7,0,0
645,0,0,1.5542241297675388,0.47761211563765943,2.1276592373430954,1.2240987321402153,2,56.77429272560826,54.588422744892746,1,5,0,1
646,0,0,1.1614793992184884,0.40688379177446693,2.067314895747889,0.0,2,54.96840342592434,58.150593892437335,0,8,1,1
647,1,1,1.2354682837321849,0.761667949616169,2.7197498756573957,1.1317767542351966,2,62.07993318873034,69.94733771782582,1,8,1,1
648,0,1,1.565094705674271,0.6302053765981078,1.1250860780508438,1.851656548948879,2,59.07449927538388,69.1184568925833,1,6,1,1
649,1,1,0.6406591919616146,0.8828745183194759,1.4282655313904113,0.0,3,0.0,57.52653265199627,0,4,0,1
650,1,0,2.8747744991982853,-0.9512459286909475,1.4350486277595058,0.0,1,35.99747984422526,29.279515683075886,0,3,1,0
651,1,0,3.487316917215594,1.4757893675575404,2.5211005772894204,5.6658487809271145,1,72.48534533845778,66.13614889420788,1,10,1,1
652,0,1,0.9355743021647275,-1.1876147454533923,1.7028334656779123,0.0,3,33.08753704767763,47.92657675495151,0,7,0,1
653,0,1,2.70466409060168,1.0461550452633817,0.9653894918574377,3.958697481841071,1,72.80417304491925,66.84055239349735,1,4,0,1
654,0,1,5.390281574017234,0.6653170509542683,0.5302103529406987,2.2138764009212655,1,100.0,57.7134661138469,1,3,0,1
655,1,0,2.383859117287084,-0.9512979626983022,1.4806222793621646,0.0,1,34.904062449191564,36.92600325769442,0,6,1,1
656,1,0,1.910237475243966,0.7524539939024568,0.8587991530950982,2.53581949447873,1,62.9263539853879,56.532768866025094,1,5,1,1
657,0,0,3.205874939424963,-1.217075034879185,0.9746287565105491,0.0,1,31.34695200685521,45.86330180361241,0,8,0,1
658,0,1,1.1993440666570467,1.1974499022635314,0.012446684704749522,1.169509139068811,3,67.55634706136756,86.85289942865205,1,7,0,1
659,1,0,2.582562719010694,0.1894239805397337,1.8264480936726781,0.0,1,48.83381269172802,38.816655767633286,0,6,0,0
660,1,1,2.1961665572232265,0.08198543063492268,1.043746734667242,0.0,1,49.32636592911787,55.86750399852528,0,4,0,1
661,0,0,1.1922583292544822,-0.3301389715068333,1.5568338586587176,0.0,2,46.43327794812649,50.16461985180565,0,6,0,1
662,1,1,1.6919714264104146,-1.738722456910433,2.418425390195085,0.0,2,23.77881434511262,33.89318334773585,0,6,1,0
663,1,1,0.6625295011413544,0.7678991345353523,3.510715674188599,0.0,3,60.50946900028488,56.54380999756145,0,2,1,0
664,1,0,1.7113546895342475,-1.4490472598923323,1.771029370035747,0.0,2,28.053235703566102,30.788129940931665,0,5,0,0
665,0,1,0.7066686081673973,-0.22568808151509015,1.2529430524204501,0.0,3,43.4999067180292,53.67119218814698,0,5,1,1
666,1,1,1.4517151055233877,0.061421186185376585,0.8142701826435421,0.0,2,54.68929324385105,54.92597762890674,0,3,1,1
667,1,0,1.4422971525905215,-0.29755478750798453,0.8474951320517032,0.0,2,46.48470843901774,53.805507966529404,0,11,1,1
668,0,0,3.655694872981843,1.3301516536188265,0.638633569246891,5.200338931251057,1,70.51695471869085,54.3587215324181,1,1,0,1
669,0,0,2.0662606651028783,-1.154644248164514,1.6323070649264457,0.0,1,33.08464795987422,40.89914453897676,0,6,1,1
670,0,0,2.204258062351298,1.3671052275248943,1.8098943772556662,4.31168581891566,1,70.67875174016912,67.1580282797442,1,7,1,1
671,1,1,3.37876588340242,-0.16560348252111678,1.3199651456045536,0.0,1,44.6673122199037,50.95612777439662,0,4,0,1
672,0,1,2.129624505247004,0.8391334519242527,0.8572377859684934,1.3046789699733412,2,64.70923890263035,64.04327320011868,1,3,0,1
673,0,0,1.5170186985726557,0.9866908151461672,1.944262257667559,0.9416221457938394,2,65.59525725177707,59.0602738650763,1,2,1,1
674,0,0,1.905330121677421,0.41756122906196746,1.2510114772079042,0.8817509836065341,1,54.540533481790675,48.956451771718136,1,4,0,1
675,0,0,1.6422663095810792,-0.4579929179132868,1.8402795131094845,0.0,2,43.36368122825533,39.32426292521699,0,4,1,0
676,1,0,2.0751822305117673,-0.6328088071205726,1.1794179207945983,0.0,2,38.98220606776096,45.149984530285195,0,6,1,1
677,0,0,1.3863785010738225,-0.8958812351414498,2.000713582835185,0.0,3,36.9512325633832,43.568828567845266,0,5,1,1
678,0,0,1.6299383743273206,0.9310200235390393,0.9267674849821972,2.1953430455029754,2,67.28293583330718,60.639874667811334,1,6,1,1
679,1,0,0.7763287796806853,-0.8099899000670456,1.066239144627671,0.0,3,37.04372654716142,38.624067579015275,0,4,1,1
680,1,0,1.2003908564471262,1.7325593816409675,0.23061018136635136,1.393641910626822,3,76.66518425253904,65.5879955078433,1,6,1,1
681,1,1,2.737758283191346,-1.473053758105624,2.4661046812442757,0.0,1,28.933997983151198,45.92048631224266,0,6,1,1
682,1,0,2.0117501613582713,1.248525808000233,1.2676373427306828,4.435968658038268,1,68.25814936304229,52.77669006948358,1,2,1,1
683,0,0,1.8038408036855553,0.1039895709478367,1.4857481808133772,0.11823495153771602,1,51.23871682421358,54.87067713325407,1,8,0,1
684,1,0,2.100799066451176,-0.7155379018737884,2.375050647513772,0.0,1,40.51888818889685,35.94674097921107,0,3,1,0
685,0,1,2.9014078017807736,1.5331020687857428,1.527530470272251,6.470908495988101,1,71.35551681927545,73.9512140059636,1,7,1,1
686,1,1,1.1959041724672121,1.1276980008774438,2.1958890510445377,2.804111118660782,2,65.70450890736552,62.62327332636845,1,7,0,1
687,0,1,1.8567037529171286,-1.2905606377714696,1.176264099948977,0.0,2,30.385629606108054,51.33194453673361,0,7,0,1
688,1,1,2.369061095334033,-0.32105714003227126,0.5411774137543962,0.0,1,45.24631501608384,42.36590070248561,0,1,0,1
689,1,1,2.037042965682561,-0.06842687425480343,1.8642495986404426,0.06415071531375327,2,48.29328620872349,52.55602934921862,1,6,1,1
690,1,1,2.165134205006695,0.26972690930658294,1.645179580154272,0.5715840576542732,1,54.531296692732916,52.35919210042505,1,5,1,1
691,0,0,5.175654022818722,-1.6386578214005767,2.0804395481577194,0.0,1,25.28695324844718,36.18414207862974,0,7,1,0
692,1,0,1.1570588626360505,-1.2366137071300287,2.2339060576837677,0.0,2,31.318618408721086,41.25528957491751,0,5,1,0
693,0,0,1.548634870186199,-1.1061001967869293,1.5169659376562599,0.0,3,33.133256867136154,38.88342094032261,0,4,1,0
694,0,1,1.185437377586942,1.6090370491893031,1.6879405419190139,3.6010111613355282,2,72.51182615991296,80.62373975175528,1,7,1,1
695,0,0,1.7449843119493016,-0.07317558329358187,1.3094038463611266,0.0,1,49.64714983418481,45.65929814681839,0,0,0,0
696,1,1,1.1739099849724581,-1.472705537331651,0.7969146914624299,0.0,3,25.318918799142075,37.272070515588645,0,4,0,0
697,0,0,1.6196505760401099,-1.1165477118909706,1.9871514857664867,0.0,2,32.129158932169894,28.793674331579727,0,3,1,0
698,1,0,2.6927062525819148,-0.8066738953641811,1.8826520153252249,0.0,1,34.61340629662538,31.795724697222404,0,4,1,1
699,0,1,1.8427356737242133,-0.8215602709431598,2.0435432288682205,0.0,2,38.219813790899636,47.63351171460443,0,5,0,1
700,1,0,1.4341503073801276,0.16708428405918166,1.291652863944047,0.0,2,52.48656693466337,40.442941553390504,0,2,1,0
701,1,0,0.8269815584996324,0.24740935717748475,1.0273651078880615,0.0,3,54.80052554630193,48.59412826179446,0,7,0,1
702,0,1,0.5212383740022892,-0.21389144438041657,2.003196760485374,0.0,3,43.416421296797886,52.515862627529685,0,3,1,0
703,0,0,5.967814256134558,0.05679203681162515,1.860926517146679,0.0,1,51.300081362609156,48.62162790945441,0,6,0,1
704,1,1,0.7383691753371118,-1.4230901943863075,1.720758898932704,0.0,2,28.220731807576904,37.10284200974757,0,4,1,0
705,0,1,1.1024686449091563,1.9551408720396861,-0.049784830307039785,4.563671759744502,2,79.24934838773254,87.96595837418734,1,9,0,1
706,1,0,1.9820429921868197,-1.034357747010331,1.3577712338099392,0.0,1,33.347308410871825,33.55451916603125,0,6,1,1
707,0,0,2.297472484764836,-0.7973859805396399,2.336406918670382,0.0,1,37.10480904643413,40.672978904987666,0,5,1,1
708,1,0,1.764264315069957,0.3663195809239626,2.035819550231802,1.0119540380864043,2,55.897996899422466,51.70188220644168,1,6,1,0
709,1,0,1.3127706223034454,1.50715802417695,1.7877411568017916,2.641224421389418,2,70.03969158298243,60.5325664655149,1,5,1,1
710,1,0,1.742148109381005,0.2827752753535682,2.130844683744099,0.0,2,54.71995899970558,42.046942418063665,0,3,1,0
711,1,1,1.946475797080386,1.1989686102796957,1.2827412428334264,4.161803833461236,1,65.26959239766278,65.56488139297144,1,4,0,1
712,0,1,0.9177249377502604,1.7257101977049027,2.4005557072661716,1.213497549328853,3,78.73138178644982,79.80213474748614,1,7,0,1
713,0,0,1.6135792141461889,0.980521287648007,1.5495669970185117,2.914941728665503,2,65.69312796155681,61.94590848920678,1,6,1,1
714,1,1,1.9697454074371323,0.8124828845644815,2.778253918282095,1.9152440650946607,2,63.327269065347,61.689262967050766,1,4,1,1
715,1,0,0.843839299690965,0.01711483865436637,0.622985803138774,0.0,3,50.99116725361563,48.59317130797136,0,6,0,1
716,1,0,1.0590209116424518,-0.1815840811522962,1.0920074534515223,0.0,2,49.579391220977655,48.14054475236651,0,6,1,1
717,1,0,1.528509729666357,-0.47900923610026724,0.7243079051197483,0.0,2,43.18563924224941,47.89168849974904,0,9,0,1
718,0,1,1.7344090145239812,-0.5017930251416262,1.6273814671249112,0.0,2,40.93758279855668,59.351274418284724,0,6,1,1
719,1,1,2.1298109788668853,-0.9166307641022954,1.8627843298190245,0.0,1,35.98765641370974,38.20744705014299,0,3,0,1
720,0,0,1.2916248774790184,-1.5076070547709495,1.7148562147087711,0.0,2,25.026264694207853,39.64663046345317,0,7,1,0
721,0,0,1.4644871337499974,-0.28211085677669717,1.2081235690373386,0.0,2,46.67620971732835,39.454025435846496,0,2,1,0
722,1,0,3.1611302247606594,-1.1084124973923941,2.881018721857827,0.0,1,34.29215562414407,33.37007285031704,0,3,1,0
723,0,0,2.850497536208701,-0.19954591206721928,1.795283354177768,0.0,1,45.85509767555205,51.68977021361043,0,6,1,1
724,1,1,3.1595181590340333,-0.1807514153548767,1.838742813647396,0.0,1,48.55665730737344,53.36045069471748,0,5,1,0
725,0,1,0.9692406614283512,0.016427942019452267,0.9963239298697566,0.0,3,50.98603485880064,70.13019746764499,0,9,1,1
726,1,0,2.159552698122288,-0.241625862065051,1.3886878835002552,0.0,1,43.43096294680242,43.10017564632084,0,6,0,0
727,1,1,1.3426923321425728,-1.968482354262439,1.8189258345495158,0.0,2,19.96318464831062,37.488151780066,0,6,0,0
728,1,0,2.3148068742902774,-1.4711809596757108,2.3553345714729623,0.0,2,27.75699178457006,32.20475573143236,0,6,1,0
729,0,0,1.0578821001133665,0.3352951569307671,1.7657218173481906,0.0,2,54.62792740926313,56.96981697410693,0,7,0,1
730,1,0,1.3662462783748968,-0.49189068334700525,0.8549013101593501,0.0,3,45.09422370143986,42.120394551541,0,7,1,1
731,0,0,1.1144506058154455,-1.4916084276426333,3.497909026324117,0.0,2,27.55126886967455,34.63946949014225,0,5,1,0
732,0,0,1.3719213979319953,0.9421620368505006,2.611072742243554,2.286713395126623,2,65.54339562376792,65.03729434038104,1,5,1,1
733,1,0,2.270123104896097,-0.32348355408613144,2.2504456261786547,0.0,1,45.740198103564886,35.870692482363246,0,3,1,1
734,1,1,3.994036300660311,-0.8187152879185081,1.826894907705986,0.0,1,43.93460162625208,50.362968988499055,0,5,1,1
735,1,0,1.1710601903540274,-0.6194407118426116,2.3578099903837364,0.0,2,41.047452869065765,34.35647998409775,0,3,1,0
736,1,0,1.7135450534225438,0.39191646990058715,2.813909928271289,0.5360643386325055,2,56.16456004692489,42.41022911015354,1,2,1,1
737,1,0,1.9789622753015823,-0.6878320707778292,1.4095540976496068,0.3466269432171942,1,41.089327274363264,33.843356327799555,1,3,0,1
738,1,0,0.7680929150114273,1.4046930916136986,1.1179526685871932,1.1391251513604834,3,76.27442111371367,57.176604854288875,1,5,0,1
739,0,1,2.217289994310566,-0.2794569265252764,0.9713838629102812,0.0,2,41.95856135793365,54.75437258537071,0,5,0,0
740,0,1,1.7329135363128323,0.16670858376934658,0.6461649128505997,0.0,2,51.558852638947094,60.24738867233283,0,4,0,1
741,1,0,1.982495042402973,0.808703851219806,1.467292970805089,1.492779499301684,2,61.47775328233971,52.342570525963424,1,7,1,1
742,0,0,1.9140246592769439,-0.31991447792130434,2.1049118854278928,0.0,1,44.80266020843964,51.17375226372011,0,6,1,1
743,1,0,1.7589441594554691,2.2368027090340945,0.93498037580204,6.098034335816598,2,79.73717799275045,71.31499606494583,1,6,1,1
744,1,0,2.1052499151615245,-0.9405479260385139,3.2275003584097126,0.0,2,34.758970086163735,24.31205348528687,0,1,1,0
745,0,0,1.2217281238708206,-0.86490000938515,1.2568512547665283,0.0,2,31.554890121276365,35.3685072891719,0,4,0,0
746,1,1,1.5305187178801993,1.3037030157609646,0.44105190520145604,2.74439660809859,2,69.1793552188194,62.08773539683442,1,2,0,1
747,1,0,1.0815115658497458,0.05415338693153305,1.7943729719616532,0.0,2,50.97560157318567,54.345336519622506,0,10,1,1
748,1,1,1.0000473582439957,0.259654166891734,1.5219904705252363,0.0,3,56.114658090260185,60.16915890563902,0,3,1,1
749,1,0,2.3931885031752644,0.6185784524432693,1.4875806071884417,1.1880543191671822,1,60.67799562300466,44.407526957276644,1,2,1,1
750,1,0,1.1561256776474187,0.19000375600906522,1.523380562090363,0.0,3,53.293293390545465,47.9413137588118,0,5,1,1
751,0,1,1.4303160525662166,-1.2748451208176286,1.7003677649438185,0.0,2,29.69738761453186,41.25558074237052,0,2,0,1
752,0,0,3.2120798551176026,0.25511974425562334,1.5246054379441176,0.0,1,45.9919180825941,62.46147681853757,0,7,1,1
753,1,0,1.5901538592836049,0.23582249560414265,1.9816602511772028,0.6457855990757098,2,54.15770640899136,52.53690132532771,1,6,1,1
754,0,0,1.3678222793545856,-1.4259667091597839,1.734802852282809,0.0,2,30.62868807218994,36.715137069589204,0,5,1,0
755,0,0,1.237693129937104,1.466799155920415,0.5372770756157137,3.415722712577008,2,100.0,75.8567177778495,1,9,0,1
756,0,0,2.719217216313851,-1.3001608192529102,3.574149054187544,0.0,1,31.923779756484784,43.26627073282397,0,6,1,0
757,1,1,1.7325815184881275,-0.09726595627946759,1.0571583117924734,0.0,2,51.292643481683804,51.387297362702064,0,3,0,1
758,0,1,1.2100405959974463,0.317497974646442,0.4992975460190197,0.0,2,55.16083181643766,58.5959089816668,0,4,0,1
759,0,0,1.1726367794447219,-0.41064217567994005,1.1679091601792626,0.0,2,43.78225154777598,39.236991027034335,0,4,1,1
760,1,0,2.3057575370343173,1.7067584270760106,1.221196475535361,6.619581870090463,1,77.20131500803464,69.26058469276622,1,4,1,1
761,1,1,2.032745038994509,0.2831527246524807,1.5090942657409645,0.6705006302861015,1,54.10594040299817,50.90976956277098,1,2,1,1
762,1,0,3.19041979157943,0.5542126087953639,3.575353035047607,2.81304373647876,1,55.48791543140059,53.85422881576709,1,7,1,1
763,0,1,1.9272733560651376,0.8579382100221135,1.95892737286032,2.785615077898086,1,61.33334625915902,71.14539510604283,1,8,1,1
764,1,1,2.277565446676057,-1.2700255369298352,0.813241824516307,0.0,1,26.83956511048473,52.168838045953876,0,8,0,1
765,1,1,2.406401008216074,0.506270693715579,1.306356568347985,1.6633709171641358,1,58.383558050100376,75.43706268407291,1,11,0,1
766,1,0,3.6786682614423416,1.9516676944324316,0.9318725923700635,8.016090491575925,1,71.03314752276468,64.52463324605064,1,4,1,1
767,1,1,1.7292802096459476,1.8293673539053648,0.9411580784767777,4.741940499050729,2,79.02354000958671,78.66676408813501,1,8,1,1
768,0,0,1.5093103294834018,-0.5392185273031438,2.848550047627429,0.0,2,43.01863723647138,42.51403015082345,0,4,0,1
769,1,1,2.2594799725250683,0.6212463828398354,0.9234788815372661,2.3080664315468162,1,60.407199185268155,60.40659557874737,1,3,1,1
770,1,1,0.7807942688863401,0.5018851125313138,1.383980240865868,0.2807598906753155,3,56.67087465934158,51.39773054371001,1,4,0,1
771,1,0,1.2771811483463718,-0.8202955865589198,2.1011582010122445,0.0,3,36.58806638353783,32.86080895122361,0,4,1,1
772,1,0,0.9948295559746696,-0.042153539944937694,2.38132649733026,0.0,3,51.145184911592374,41.09200845980607,0,5,1,1
773,1,0,3.5620332167542417,0.27069861364514713,1.6260562194935033,0.13223780227818127,1,54.326048377149675,49.87549530130953,1,4,1,1
774,1,1,0.8407756991296056,-1.2918625396185532,1.8763178221444214,0.0,2,29.85116249041402,53.496686765811575,0,7,1,1
775,1,1,0.7535830965840277,2.014483827041111,-0.2577119750925686,1.9843518437035006,3,78.33821096482876,80.67690842952734,1,7,0,1
776,1,0,2.464288950795639,0.19693954502270966,1.8129974044797623,0.3056822190987348,1,54.19468988234503,39.17518547461399,1,4,0,1
777,1,0,1.3383464537027,1.939007719609508,0.7776689480568199,4.203003320125433,2,81.81277468217718,63.35560941056302,1,5,1,1
778,0,0,2.0827392045044113,0.33363820068179606,1.4721180199948978,0.0,2,55.512384510582464,53.7352251930667,0,5,0,1
779,0,1,0.6573536230465921,1.0223957061396753,1.4679789446225164,1.133574336255494,3,64.30529137053173,65.19855480978677,1,2,0,1
780,1,0,1.6929968441602754,0.2917895488647443,3.8906445349757375,0.0,2,51.62307345849967,52.517404628404456,0,7,1,0
781,1,0,1.728924651970565,0.6242779024280899,0.9676127683441025,0.8314684120424287,2,58.0267794188282,57.18230968491826,1,7,1,1
782,0,1,1.7491889112212555,-0.18990471909614132,0.20439262506996309,0.0,2,47.1214057424492,69.42810585099163,0,10,0,1
783,1,0,2.9133152023705597,-2.2388040741350497,1.4319287572402155,0.0,1,16.08962913102488,26.099349088454442,0,4,0,1
784,0,0,1.4728446764153078,-1.1214092774881264,1.8379039371578645,0.0,2,28.156814895649646,50.24481826479343,0,6,1,1
785,0,1,1.8354026367516,1.8546683610424899,0.8433326968780945,5.376360036215203,2,77.71411502324553,75.0687082552566,1,4,0,1
786,0,1,1.306115029977763,-0.7600725355375315,2.6445752851488393,0.0,2,38.40071076882358,47.16501882760062,0,3,1,0
787,0,0,1.567294361513997,0.028926998830605885,2.0939254638272278,0.0,2,49.262295730060956,55.363831447413034,0,6,0,1
788,0,1,1.4618036813419044,-1.3658177920659356,1.1986983755184841,0.0,2,29.71909072098581,61.395099155731174,0,7,0,1
789,0,0,1.757307950798122,0.019133659701992347,1.2405211026881322,0.0,2,28.38083187838406,48.81970607374321,0,6,1,0
790,0,0,3.7378405247453492,0.14643329993144386,1.5466488798517526,0.0,1,58.72968367880001,63.88001868083374,0,5,1,1
791,0,0,1.442076922642994,0.42475753700149865,1.0994085937848708,0.0,2,57.032411871168954,57.16947449930687,0,8,1,1
792,1,0,2.20909488388181,0.27270259330710384,2.245249791411003,1.0001696529694901,1,54.22939788703748,52.49187122055914,1,4,1,0
793,0,0,0.5252885742494586,0.7916589365035811,0.837565474527312,0.3025297299192878,3,61.77414079362635,58.09985093823899,1,5,0,1
794,1,0,1.879680140602287,-1.0448673108995525,1.4709772058805124,0.0,2,34.96338268090647,36.517873940534194,0,6,0,1
795,0,1,2.0740442076559176,-0.08883125943546664,1.303213124559588,0.0,1,52.77438051579632,72.75723137071144,0,12,0,1
796,1,0,2.3924176917940865,1.7975656487480796,0.653120863099041,8.082989995069466,1,76.05303339592913,61.91008592167126,1,3,0,1
797,1,0,0.6633349976712009,1.946413377034417,1.6271021731247246,1.5283470594868342,3,78.3891033665519,73.1504643058816,1,5,1,1
798,0,0,1.3435073689729926,-0.8586218611618601,2.4984405840883097,0.0,3,36.939314406453654,45.0918066037587,0,6,1,0
799,0,0,3.7065301957932864,0.5066933537553135,2.1210749434624754,1.3781518019068326,1,57.61023157559528,58.769626446556956,1,7,1,1
800,0,1,0.7908889184469854,1.3585296974318557,1.0125506185276854,1.362922383266786,3,69.22997533973621,74.0355046498541,1,4,1,1
801,0,0,1.6772664607553873,2.643512395901181,1.1824285219890067,6.463552454707766,2,87.15802950807455,77.0284451383628,1,4,1,1
802,1,1,3.0022780382837175,0.10022126691705444,1.0118068303305179,0.23234567930857108,1,52.18327528730443,56.091633622944364,1,6,0,1
803,0,0,1.2150385731375017,-0.8172203067857107,1.5090758475355113,0.0,2,36.050144197902185,30.907465634039436,0,1,1,0
804,1,0,1.8534077916469385,0.658694576115001,3.822814051461604,0.5965432491212936,2,58.41961464407958,50.135049251168205,1,5,1,1
805,0,1,2.6621747280400903,-0.9648402088820719,2.2126368019510494,0.0,1,35.90663997555938,49.025906202660764,0,5,0,1
806,0,0,0.7923060633898262,0.17558208241299106,0.9403038231580637,0.0,3,52.892876766893636,48.26554717616125,0,4,1,1
807,1,0,0.8267340188595533,0.29024226108035045,0.9321449635951213,0.0,3,54.58453714505658,47.4041069899503,0,5,0,0
808,0,1,0.923268349598804,-1.3199327045166265,2.353401103563035,0.0,3,34.43379341802445,45.7238341166099,0,5,1,1
809,0,1,0.6939252061352152,-1.7933575849778594,2.012914165433428,0.0,3,17.502490054913906,44.02034737136822,0,6,1,0
810,1,1,2.7340348639183,1.005068540619497,4.680942892764092,4.1551136381478555,1,64.9902403467633,61.53355959150456,1,4,0,1
811,0,0,2.395630822083926,-1.0910603894425535,2.3539448318422886,0.0,1,34.09608758628194,38.83870954220371,0,5,1,1
812,0,1,1.6452290206678535,-0.15202874541369127,1.7439331379232625,0.0,2,48.83092683538115,61.52025043371562,0,7,0,1
813,0,0,1.7115635928430493,2.5617483621223385,0.42898046355512853,10.30864698214442,1,88.46144106321815,81.39030926976923,1,7,0,1
814,1,0,1.4670972059885161,-0.09379550096818472,2.192966008194231,0.0,1,48.51218762746331,40.00661473847812,0,3,0,0
815,1,1,1.7812076242789314,-1.4062383231727564,1.18396901630931,0.0,2,28.727965182375886,43.08926480242473,0,5,0,0
816,0,0,2.4408820183816493,-0.4388063891393195,1.6829572290822508,0.0,1,42.18794462081842,45.494947088413404,0,2,1,1
817,1,1,2.2175020490195823,-0.8930728365438435,2.035469769428934,0.0,2,35.84540652980262,40.856011541250076,0,2,1,0
818,1,0,2.8124693646620567,1.5770169107190748,1.6565617957694916,6.06336655578626,1,100.0,56.678597143112,1,3,1,1
819,1,0,1.8392718069640948,-0.7267965843836911,2.6307229369653196,0.0,1,39.66410853851578,42.09137168743527,0,7,1,1
820,0,0,2.714030917449009,-1.6822591200045753,1.35179839178074,0.0,1,25.812105422756456,31.800917385807647,0,4,1,1
821,1,1,1.1252034134091875,-0.9485479034037372,1.2664639314336001,0.0,3,39.36486538743191,54.809274786205684,0,9,1,1
822,1,0,0.944013418921969,-1.4218035537610227,0.9754246834844233,0.0,2,29.628633395431486,36.11303990509155,0,5,0,1
823,1,1,0.9824574879185335,-0.0473676113945539,1.025252491810252,0.0,3,48.17461397971846,59.13498121266729,0,6,1,1
824,0,0,2.483812055007501,1.7754765229300096,1.4708925850929513,7.56113098536246,1,72.82728435057145,71.80722527077033,1,7,1,1
825,0,1,1.5293642422976055,0.15723318507031092,0.8917701112828547,0.0,2,62.527479492244545,63.43866400537772,0,7,1,1
826,0,1,1.2335243969213268,1.4196058981829596,1.2971607587481682,1.7397126644252756,3,74.3793648516439,68.98315326951504,1,3,1,1
827,0,0,3.7599919292699275,0.938683111631024,1.6988935150470936,3.6037547177977354,1,63.083167160116645,56.40970130621284,1,4,1,1
828,0,0,2.0867252397212517,0.6625329462021148,2.24698636863359,1.479352732892242,1,57.770639620649206,58.61057226796434,1,5,1,1
829,1,1,2.528042570210752,0.1394899965616904,0.7921504174665022,0.07140436473661022,1,52.3818500531052,51.62035185339698,1,3,1,1
830,0,0,3.9138803914880906,1.8149960817118092,1.1245380992519138,7.27210689746634,1,76.01994948677813,67.95146955902987,1,5,1,1
831,0,0,1.8541364442280774,0.03304414044479376,0.3054038534536,0.0,2,50.05966549753802,53.09341530318301,0,5,0,1
832,0,1,1.6138824580047675,-0.1836055163750803,0.9516975818112426,0.0,1,42.28278598542634,58.951706134316076,0,5,0,1
833,0,0,1.497835413047745,-0.9850429895289365,1.9457548874295199,0.0,2,34.652992351982874,38.125553773365084,0,4,1,0
834,1,0,0.8315983026495046,-0.24379679638447882,1.4573572374694248,0.0,2,47.72615299633531,42.86610697710253,0,4,1,0
835,1,1,1.7098080828617572,1.6679393735346477,2.5542588553298726,6.089962685485136,1,72.43561137177497,63.509287006236356,1,3,1,1
836,1,0,1.909550800730328,-0.4787590428697626,1.161377909333153,0.0,2,40.555359532457565,46.00460934033298,0,7,1,1
837,0,1,2.64513028338395,-1.3043345231363475,1.0917942909693967,0.0,1,30.615327397874577,49.339757633995,0,9,0,1
838,1,0,1.7879097499464824,-0.44193586591138595,2.7418004570585612,0.0,2,41.743628372758245,48.91473945259868,0,8,1,0
839,0,0,2.089698980511635,1.0031710654065416,1.131878562258175,3.870008643572902,1,65.07251416494242,59.2961738644852,1,2,1,1
840,0,0,1.1096298274643484,0.5667613231979781,1.7140719945584333,0.5404091612301808,2,56.59637256357247,52.681965257966326,1,2,1,1
841,1,0,2.530923974223083,-0.6744001923708386,2.220658458589797,0.0,1,38.6571716772192,34.12232892181099,0,4,1,0
842,1,0,2.0499502078319383,-0.6282041245853693,3.1821687015170146,0.0,1,42.95897861060378,43.27365624362244,0,5,1,1
843,1,0,1.7602229396906452,0.2037012474464744,1.055656474385458,0.0,1,52.78430371707706,48.773676302286425,0,5,0,1
844,0,0,1.5971821851259391,-0.06438452745839991,1.4238957311212714,0.0,2,48.15765243238035,49.668064394781894,0,3,0,0
845,1,0,2.982853986039113,2.3516186561461314,0.3936894604755875,9.470985603681198,1,85.32690944775152,71.26584102257372,1,6,1,1
846,1,1,2.436557532755343,0.7613631067522162,1.2246900007578947,2.603691545454107,1,62.31430836487695,67.21012502453564,1,4,1,1
847,0,0,1.0595227079744334,-1.834697534619243,1.734567250019674,0.0,2,22.785322892073463,27.192590490804385,0,7,0,0
848,0,0,0.7780395067720804,2.7129132114238477,1.30867063943643,6.736146127543658,2,88.84966263343976,72.08398259031104,1,4,0,1
849,0,0,1.9076071536069132,-1.4573331823662166,1.6496778849214504,0.0,2,29.47410613081904,36.27123948308273,0,6,1,0
850,0,1,2.172667776807259,2.119428526080705,0.7216824531252269,4.867124649517975,2,84.66686023483713,71.999153237026,1,3,1,1
851,0,0,2.1125877622465064,-1.4041043357490144,2.03076274270812,0.0,2,30.687764005157966,34.21805045381553,0,5,0,1
852,0,1,2.0501473460727224,-0.5755644814699811,2.244592661088471,0.0,1,39.6479884294968,54.390550646909695,0,4,1,1
853,0,0,2.0437011761559973,0.9269967230201049,1.3491586013933015,2.5303387248084275,2,63.87341620328988,48.94049078472123,1,3,1,1
854,0,0,1.965428319040392,0.3267160767737619,1.9103615366684161,0.6076557441367686,2,57.79236476016897,58.93106217057082,1,8,1,1
855,0,1,1.5375889156213927,-0.6874466783737253,1.8976152044242438,0.0,2,39.45537863654883,49.67799401021567,0,3,1,1
856,0,0,1.675840938614868,0.8174075980852095,1.2984990524992228,1.58952919332378,2,61.849996465583004,44.41829848997023,1,2,1,0
857,0,0,1.3438969511607017,1.8075956286596402,0.6077552109984139,4.146303785989538,2,77.26661768561829,74.53134992879654,1,8,1,1
858,1,0,2.2067391190474153,-0.5251646734267782,3.7554630422991098,0.0,2,43.81850258439967,42.441700788757274,0,6,1,0
859,1,0,1.6831131813751625,-1.7880714807954776,1.4003728739493073,0.0,2,27.84318248346721,43.910092960749296,0,9,1,1
860,1,0,1.709964277427919,1.5724628747164218,1.208485268505193,6.430018343635194,1,73.52002157453155,60.13057250435142,1,3,1,1
861,0,1,1.4616092495031456,-0.5130874015096671,1.3364295138689766,0.0,2,43.736374942048386,63.768894183309314,0,9,1,1
862,1,0,0.44296853493500676,-0.5007602449263808,2.9850394941632548,0.0,3,42.91556601025933,26.95742157210177,0,3,1,0
863,0,0,2.181466277536377,1.4830333164613827,1.5210181647583632,6.084497654029893,1,74.66834785666131,61.738653533146426,1,3,1,1
864,1,0,1.4598068695003936,0.8984273479120635,1.3133588419964144,1.7358973720841444,2,67.70540930887037,49.28821708322778,1,5,1,1
865,1,1,1.203486900306322,-0.6156697491027017,1.3593004517155989,0.0,3,40.31742750479905,59.05746780379643,0,6,1,0
866,1,0,1.2132627916562095,0.3988204500615568,3.0114206102811623,0.0,3,56.13324545216118,49.57586072698799,0,6,1,1
867,1,1,1.610083165114302,0.9439756547864304,1.2136064985097996,2.305510056633455,2,63.986101794889215,62.673908385247515,1,4,0,1
868,0,1,1.6133128587705343,-0.07355595086280096,2.098335363841101,0.0,2,49.46502814063689,57.72585096457716,0,3,0,1
869,1,0,0.9297753107249156,0.00582702385422146,1.8019255526163018,0.0,2,50.93246303989877,45.26567383745973,0,5,1,1
870,0,1,1.8198861916665658,1.2575723130498293,0.4003965619680432,3.1520091046301077,2,68.88508320614336,71.62470450684778,1,4,0,1
871,0,0,0.911362234882936,0.08790437996875623,1.6945539482802792,0.0,2,51.234680275497574,49.12981274836163,0,2,1,0
872,1,0,1.6996253420532623,-1.1835883044258961,2.473222237499317,0.0,2,32.14764198434918,21.818465035372025,0,2,0,1
873,0,1,0.9056183337120022,-1.418813250332188,1.3943304118349158,0.0,2,29.043979411209655,40.50172662494866,0,3,0,0
874,1,0,1.4154357229784291,-0.2856070444871293,3.1458735756700977,0.0,2,44.95946977185444,47.726919902849765,0,8,0,1
875,1,0,0.5029373223088485,-2.145086575755511,1.7676090965142093,0.0,3,6.2989622400128145,35.268604343519385,0,11,1,1
876,1,0,1.9316018478028427,-0.1943138265383083,1.281244420108759,0.0,1,44.399821662686634,42.035162073218196,0,3,0,1
877,0,1,1.7392623197607449,-1.1737356559434535,1.4138522414981125,0.0,1,32.70875279985393,54.325189023595044,0,7,1,1
878,0,1,1.4098475123558794,-1.2892550215805476,1.513920725561916,0.0,2,30.076856272213988,49.372992093070174,0,7,1,1
879,0,1,3.3422355550616305,0.7244484920994386,0.6913748671206588,2.517268554067673,1,64.70648289194267,73.71785307077616,1,7,0,1
880,0,0,1.2139223416428706,-1.4194929364198432,2.1252765228264554,0.0,3,31.968895425890807,29.061243717999616,0,2,0,0
881,0,0,2.458616668147569,-0.04877550672097287,1.5788228985160795,0.17222483503628316,1,49.71021845468498,48.247495241009084,1,4,1,1
882,1,0,1.6708826620316286,-0.8258385487339138,1.2878009092736944,0.0,2,37.19802084479759,40.60952260755341,0,7,1,1
883,0,0,2.027998553273968,0.30271169594788105,2.7181527489730524,0.4725769794225626,1,55.70895436971609,52.86398257659033,1,5,1,1
884,0,0,1.37029835807226,0.45730220109398956,1.7505645251663573,1.1125797920288065,2,57.74488455984414,65.29092144125353,1,9,1,1
885,0,0,1.7885515316332268,0.41738860751426926,1.168335346981156,0.0,2,57.568410925981034,54.18371019902642,0,3,0,1
886,1,0,1.29425979008736,0.5830309921845338,1.745448748753867,0.4744825584010739,2,62.92182051178811,49.89506766708153,1,5,1,1
887,1,1,1.038811908295105,-0.37454222967248446,2.9327201181249922,0.0,2,45.781100804215974,53.78025901092805,0,5,1,1
888,0,1,1.2475422712003814,-0.35439596843739996,0.9274841932608668,0.0,2,44.12862699698907,53.64659298409708,0,4,0,0
889,0,0,2.112751514750744,-0.17703955385346487,1.758658062961629,0.0,1,47.74543701202364,40.7717123683551,0,2,1,1
890,0,0,0.7310133368458743,0.9599192854968388,1.3364972165246118,0.0,3,66.47110873037838,60.214987352283835,0,5,1,1
891,0,0,1.336472893478075,1.0698354155541712,0.8127603926625251,1.375746414237108,2,64.5498027539543,60.95264345272156,1,3,0,1
892,1,0,1.7112628239529115,0.6854358424105413,1.0847864907516707,1.029358287050712,2,60.084769900074065,47.25451070069738,1,3,1,1
893,1,0,2.8514624032334503,2.401294363638234,0.7489146734549115,10.342821975251768,1,87.4325073061047,62.64190839817235,1,5,1,1
894,0,0,1.3810865462301325,-1.882870256123339,1.7657070579105163,0.0,2,23.351294620140855,31.23389433446573,0,5,0,0
895,1,0,2.345921183923722,-0.22045634684867652,1.177367545705312,0.0,1,54.569160136126165,54.305377820587516,0,9,0,1
896,1,0,2.2402089205158413,0.9879341335119421,1.1634882460773188,4.419346457722332,1,64.77091030728623,50.39841489809804,1,2,1,1
897,1,0,1.1280986533289739,-3.1564616162678085,1.7685051191118002,0.0,2,8.67976387598663,7.461782062290046,0,2,1,0
898,0,0,2.4330510067445315,-0.9130985209879368,2.0490603897960176,0.0,2,32.79552915593611,39.895230221080524,0,7,1,1
899,0,0,1.3699383829220344,0.15893751489807514,1.8311063965070171,0.0,2,52.05395379350197,52.774405378373814,0,7,1,1
900,0,0,2.336862193742174,0.39912340399949126,1.1742884431327265,0.6411012088044912,1,56.70104528336617,54.79701161007858,1,5,1,1
901,0,1,2.082726980751187,0.9731547962854387,0.6887381706515576,2.4835059002339777,2,72.28585516294213,64.05134958770142,1,2,0,1
902,0,1,1.6144526895887383,1.819029941404099,1.5128665883662569,3.521631391221603,2,48.889083014033446,75.65694167211228,1,3,0,1
903,1,0,1.8117738825118865,-1.2575633261196735,3.0802019670311145,0.0,2,32.40146591749737,31.487979039720845,0,4,1,0
904,1,1,0.9765705252319757,0.24186470303898674,1.2636561256511325,0.0,2,45.12205771420598,68.74916944258595,0,11,1,1
905,0,0,1.063239374471336,-0.7902776418543148,1.7236420955548297,0.0,2,14.931049417992075,45.97813524960581,0,8,1,1
906,0,1,1.0854386930707658,-0.09682839706915203,1.132296499037263,0.0,2,48.0505288213962,62.12710792864816,0,5,0,1
907,0,1,2.9287551158955196,0.4707367095356308,0.5578426686443514,0.5790693126033867,1,63.2747744873604,63.5075969272483,1,5,0,1
908,1,0,2.570079127417522,1.280064362720256,1.2175269493310314,4.833026254931596,1,69.82922501010002,53.46590571856346,1,3,1,1
909,1,0,0.8149213378177895,0.6725409691161854,1.8581588795596058,1.1808881675007115,2,58.75858465614623,43.25434021706913,1,5,1,1
910,1,0,2.726375695277295,-0.3784581834588952,1.6989183251032305,0.0,1,61.96455834146252,40.91100883366309,0,6,1,1
911,1,1,1.8171591590135718,-0.40761419741191735,1.699605288385213,0.0,1,42.97162903242779,52.03725274879414,0,4,1,1
912,1,0,1.9777369046105167,1.9766847003475725,1.0676392454902641,4.815863983496694,2,79.86420249999128,71.19998441357669,1,8,1,1
913,0,0,1.1940642978062124,-0.21410806001906427,1.5503606657166231,0.0,3,17.5402444240079,45.025323797929836,0,5,1,0
914,0,0,3.5535373240149157,1.411978586277077,1.3704227218123195,5.420460143344723,1,71.323661708196,58.31429583079535,1,6,1,1
915,1,1,2.684989530788938,0.7441933205252002,2.886996222943155,2.7397209282335324,1,60.98708882926476,56.09113329993122,1,3,0,1
916,0,1,1.5888968248728372,-1.0356764617216159,1.5160640695457386,0.0,2,51.296956833120085,51.771680433083375,0,4,1,1
917,1,0,0.8669991707624495,0.9389678061808441,0.9456637570546549,1.8030904618694223,2,63.99938936381446,57.51021493743968,1,7,1,1
918,1,1,1.3726273958892266,1.6425350575971265,1.9235039631637618,3.8222950587669393,2,76.83393945731889,72.91967645755902,1,6,1,1
919,0,0,1.2873426729851134,0.1400487585446639,2.5640230585828023,0.0,3,54.04175392874585,46.21213499287934,0,3,1,0
920,0,1,3.3542292137326535,-0.5360733802714579,2.233156374652588,0.0,1,41.66026065063178,54.666644882147935,0,6,1,1
921,1,1,0.9562866439282032,-0.3387388597554459,1.007917597486325,0.0,2,66.21824502050742,56.034352240820986,0,7,0,1
922,1,0,3.117193626387447,-1.5618390268187659,1.4468812811580563,0.0,1,13.205913998657536,38.63456519990487,0,9,1,0
923,1,1,1.9260160178879768,-1.6992212792524406,1.4086838671500042,0.0,2,22.10820814093715,44.371044414651564,0,8,0,1
924,1,1,4.97998552399865,-0.2736831955798319,1.060306200502895,0.0,1,46.63274895894599,61.065105837567806,0,5,1,1
925,1,0,1.3561620657732216,2.320092701454228,0.03439079202419215,9.025280066845905,1,72.28447083783576,72.42898680916936,1,7,0,1
926,0,0,1.1921392667838868,0.8766581333384035,1.2170045870897206,1.0948030633898909,2,55.17531086516033,64.04983140455833,1,8,1,1
927,0,0,1.4282918965691311,0.06398485926392772,1.8641470071261181,0.0,2,51.24757393453484,55.00779575555758,0,4,1,1
928,0,0,1.8317409837094594,0.6311575539202573,0.9557016263849901,0.7773706683319509,2,59.466431187828455,72.47067589523397,1,8,1,1
929,0,0,1.4018082496470272,0.0110128367872614,1.1782952795194725,0.0,2,48.368950155135074,49.780741758363845,0,5,0,0
930,0,0,2.0931223182494056,-0.148442841747175,0.9730859995329469,0.0,1,46.47879345198687,50.42750832438908,0,4,1,0
931,0,0,0.7343007929144123,0.7257624174552598,1.883714345274702,0.6514150263199628,3,61.07913065686877,60.16902004592361,1,6,1,1
932,0,0,1.3272601549156986,0.3584560875221608,0.8604293529035596,0.0,2,51.59826909705531,57.505334240613145,0,9,1,1
933,0,0,2.0035747468702527,1.4362422881317134,1.7412761250068545,5.424868947568055,1,71.80823539819758,62.17343941520326,1,3,1,1
934,0,1,1.918635502453597,0.7506449512096061,1.7122905437420344,0.8817828134246903,2,61.48930468717083,59.98039181982426,1,4,0,1
935,1,1,1.2371299564900264,2.0641193880355844,2.7792021161569185,5.4390490559224745,2,80.28570325040633,77.32144623047833,1,5,0,1
936,0,0,0.9939760973709522,0.024526700670089482,2.673800006923201,0.0,3,43.30318857215916,50.40124586540824,0,5,0,0
937,1,0,1.6709202178936517,-0.0507850492092089,1.0559088981572264,0.0,2,48.87058306034231,46.22001273937553,0,6,1,1
938,1,0,1.1583531196703,0.17484898787166128,1.6156655607713832,0.0,3,52.777759235793525,44.477569468449715,0,4,0,1
939,1,1,2.6083687823488875,-0.9637721262659368,1.9072836590525655,0.0,1,38.04554902262734,46.8911896084055,0,5,1,1
940,1,1,3.4526697976673764,-0.9736660541115554,1.5950910562562104,0.0,1,26.58373713323461,46.82638776459301,0,7,0,1
941,0,1,1.7460960501434464,-2.4400904286947434,1.314208316150658,0.0,1,13.736978056295506,35.62051443934154,0,5,0,1
942,0,0,1.210863340737697,0.2038083046433588,1.3426695864188578,0.0,3,53.90799156460614,46.78595836790976,0,2,1,1
943,1,0,1.555395061460583,0.6154731913376229,2.113310396490875,1.3960564030015659,2,60.626249685711116,52.19373130107917,1,6,1,1
944,0,0,1.8250381166603429,-1.2408753416368794,1.9202673992009172,0.0,1,30.900089679344827,35.82693160026377,0,5,0,0
945,1,1,0.6545809413629684,1.0990703996026778,0.5066148368223152,0.5874796669326057,3,65.63127038941289,63.24007125035178,1,3,0,1
946,0,1,2.8732354309235055,1.1633237724663779,0.7588384036527029,4.88436436508538,1,68.6019562237012,70.23662213920055,1,4,1,1
947,0,0,1.9558925730114933,0.250980442406336,1.7076558960325239,0.0,2,55.23425243949302,49.72499026005105,0,6,1,1
948,1,0,1.8544519899124199,-0.05741772385352672,0.819064974017458,0.0,1,45.856611458800046,39.672089335086596,0,2,0,1
949,1,0,1.2506199591108342,0.9485994413439456,1.863335592748347,1.5336689715737923,3,63.026075913923805,52.47428920544631,1,5,1,1
950,1,0,2.4100888706686474,0.821892215265142,2.7383199753278062,1.9892819749719162,1,79.29756275493382,49.76617507850546,1,4,1,1
951,0,0,1.3903317510443955,-1.0253954083889105,3.1385624430920345,0.0,2,37.0407416561609,39.39480130758368,0,6,1,1
952,0,0,2.579928907110146,0.04730701204758698,2.1086025292822708,0.0,1,50.02371248432587,51.217044699060075,0,7,0,1
953,1,0,1.111508357136844,-1.8729319305858352,2.3749443289094803,0.0,3,22.69582862032411,23.24591023623414,0,4,1,0
954,0,0,2.6119664988986564,1.501979662850619,1.3633096846452617,5.18958900550556,1,72.44329220655378,59.03217989640801,1,2,1,1
955,0,0,1.1478562603075064,-0.38935190736066666,1.1981431935181206,0.0,2,44.54083708855276,49.95704734757036,0,4,1,1
956,1,0,2.3168308331382943,0.36730838692448736,0.6902452363609454,0.6086006869145335,2,55.91285640546723,41.77029345713423,1,2,0,1
957,1,0,2.4157718121821676,-0.7269221442017045,2.6791302086640156,0.0,1,38.87436280065934,32.50671609037234,0,2,1,0
958,0,0,1.4544663772142148,-1.2985874279657164,0.8677178239285788,0.0,2,29.854887047719945,47.234167963657775,0,11,0,1
959,1,0,1.2202381767649362,0.5775463493222874,1.821584481424428,0.029893085566705557,2,59.54981890035007,56.63799436475497,1,6,1,1
960,0,0,0.9255478265503913,0.31407478049099696,1.7846022656943623,0.04782112340794281,2,50.91438622722826,57.88700702378601,1,5,1,1
961,1,0,0.8743911539984738,0.20460506868376133,0.7846805304214126,0.08322118220164376,2,54.65047994686284,52.7719392948628,1,7,0,1
962,1,0,1.0130026302648203,-2.1545106375818284,2.9665823730143757,0.0,2,17.92403455680614,16.16729139417265,0,5,1,0
963,0,0,1.8162383594936402,-0.4644097322263531,1.3097066364053025,0.0,1,41.75887880406046,49.18821370810498,0,6,0,1
964,1,0,1.7154735309693776,0.7113320221836108,2.5653545385619854,1.6580708014907202,2,60.2860704551055,47.351724304463175,1,4,1,1
965,1,1,3.4159781775881015,0.446284616974445,0.9073376464310217,0.7054180396632946,1,55.98836910543836,63.132821651941654,1,4,1,1
966,0,0,1.6921139832348298,1.4267150004056846,1.388557909650048,6.013956659369111,1,61.674519837692834,59.07542467521156,1,3,1,1
967,1,1,1.5647651589663385,0.37610412266796295,1.7387502707674667,0.2327071743285828,2,56.002876369921594,56.45021291795647,1,4,1,1
968,1,0,2.909568524817225,0.750987586069091,1.744174884938671,2.073829706451066,1,60.40067083263089,56.10110520298628,1,4,1,1
969,1,0,2.837899048332968,-1.0864185778526811,2.6497223449538794,0.0,1,32.65578529068421,32.65860583901696,0,4,1,1
970,0,1,2.015539402209518,-1.013285802221116,1.400116772732806,0.0,1,33.86441869272953,52.13267522540198,0,5,1,1
971,1,0,2.848961244200716,-0.21693601190835668,1.7006368259682842,0.0,1,46.3374555444486,37.387233921934424,0,3,0,1
972,0,0,1.9396015490633904,1.1994168136439642,1.5888025025251489,2.257095119639549,2,70.8666427369915,62.04559755046348,1,7,1,1
973,1,0,0.9722946685507381,-0.5277607470809895,1.4250959560002288,0.0,3,45.00435281157726,30.12759437913233,0,1,1,1
974,1,0,1.6792238559687969,0.5789068034202216,1.444020410705308,0.7212391031819991,2,48.4404279090519,53.32232859976814,1,5,1,1
975,1,0,0.9835467978835304,-0.5629327040025232,1.2738895482483004,0.0,3,49.68438367450701,45.104082475705006,0,6,0,1
976,1,1,2.1723256597965612,1.1273295391644969,1.2500304080238442,4.252563926001855,1,67.54109967046139,55.886729012193584,1,3,1,1
977,1,0,5.516452884583044,2.2148016012886047,1.8072796962755757,8.592882733841627,1,85.14189000703449,70.33156004926667,1,5,1,1
978,1,0,1.7137984058925828,-0.04958425212328981,1.1589512230243748,0.0,2,47.089718226081395,44.63678853600924,0,5,0,1
979,1,0,0.9722856657016772,1.0694854628248325,1.5070381039644212,1.6026118656095556,3,65.02967523072391,49.948821174185426,1,3,1,1
980,1,0,1.1544962421802578,-0.5473624668802246,2.352641482366997,0.0,2,41.38373234607464,39.1838804098407,0,5,0,0
981,1,0,5.767110487470606,0.6875685935982625,0.15710615416315443,2.2042049754521447,1,58.89732371719602,50.25296173686109,1,3,0,1
982,1,1,2.633527005820378,-0.746972866552728,1.6315616800893014,0.0,1,38.54386218704155,59.732557358828124,0,7,1,1
983,0,0,1.8557833453949255,-0.4819008933851951,1.6422292240084246,0.0,1,41.41957698370385,48.40777459547663,0,4,1,1
984,1,1,0.6035620557289975,-0.843470564745457,1.393207512139086,0.0,3,38.912832275005314,47.18902232771428,0,6,1,1
985,0,0,1.0561430828332328,0.7280473930942976,1.3402583805014752,1.266474269530131,2,68.62534570770298,60.97764621772131,1,3,0,1
986,0,0,1.5355625980690881,-0.4942601749334814,2.8036143906327524,0.0,2,39.60906342755238,42.907511496763334,0,6,1,1
987,0,0,1.76674238862546,1.0091667046243324,0.7666780427246527,0.7977894970693485,3,64.89675083417357,61.623783711885636,1,6,1,1
988,0,0,1.0795462997373935,1.6287710030098534,0.4285850146358828,1.7295470451414257,3,76.05713230469505,64.67302319444687,1,4,0,1
989,1,1,1.89994311773702,0.9046903839458532,1.631268382136425,1.398314575149002,2,63.58897961764415,67.98345163436989,1,7,1,0
990,1,0,1.5097163634717108,0.8792066401580029,3.236075491432353,1.1173647425449558,2,64.93769029758617,52.831691995531166,1,4,1,1
991,1,1,1.1159446186296997,0.3336603407420353,1.8388762514211379,0.0,2,57.11939440361198,54.82998013342813,0,5,1,1
992,0,0,1.0951012322261011,-1.048973160838553,1.6879636034434935,0.0,3,35.6725563920828,45.559930515495495,0,5,1,1
993,0,0,1.690934907709615,-0.5570269588641023,2.235904026002678,0.0,2,38.53267872688098,45.971223751259885,0,3,0,1
994,0,0,1.134076015916533,0.2206389601737198,2.9369861412996405,0.0,2,46.836118179721126,47.82843793275177,0,4,0,1
995,1,0,1.5429444557434113,0.7606778467071875,1.0421085774157821,1.018087976393379,2,63.24631405353947,50.338293326520606,1,2,1,1
996,1,0,5.1131073045205735,-0.07609804247814418,1.4107807343174215,0.0,1,48.838944926525876,40.335324506893755,0,2,1,0
997,0,0,1.6794602288197875,-0.37728180487481944,2.0750076833902424,0.0,2,43.853735200840056,45.45459984892086,0,4,1,1
998,1,0,2.7265903988560813,0.14836946880741012,1.5962373602659226,0.0,1,48.832396946979216,38.59103538720403,0,2,1,1
999,1,1,0.5787401967693718,0.47713339547113415,0.8716644366811983,0.36350674680185746,3,60.94535394277078,54.60689999732856,1,3,1,1
