candidate_id,X_uni,X_code,X_behav,X_ref,X_exp,X_permit,Y_Target
0,3,60.26056232395956,48.76519351535062,0,6,1,0
1,3,47.50455999718195,54.01605504504887,0,8,1,0
2,3,67.7687916203438,75.72898477861881,0,5,1,0
3,3,33.32127989085193,32.93314914715582,0,4,1,0
4,3,30.978394401447723,52.80132915880139,0,7,1,0
5,3,41.34283308271688,50.80857712044867,0,7,0,0
6,3,41.1420527374267,37.28807480668677,0,8,1,0
7,3,39.61898299305925,15.042748269612014,0,2,0,0
8,3,47.471465432818185,38.671478604599066,0,6,1,0
9,3,51.06158472559389,36.2015535904161,0,4,0,0
10,3,64.52110660183985,59.36011610401536,0,4,0,0
11,3,59.37523708454301,40.29837578266413,0,3,1,0
12,3,71.8497307959315,25.417912494539696,0,4,1,0
13,3,73.7172176039657,54.652558842900646,0,5,0,0
14,3,33.46555450562681,27.418662472085444,0,5,1,0
15,3,33.155034857855235,20.449002427979245,0,5,0,0
16,3,40.096885277039576,44.44819435844143,0,3,1,0
17,3,42.25783738211381,41.15622639351714,0,9,1,0
18,3,33.5696644350879,47.25988534969651,0,9,1,0
19,3,35.409408505251186,26.966505186297393,0,5,1,0
20,3,40.153110106285766,39.66186564994979,0,4,1,0
21,3,71.31288608070284,84.4212476139839,0,11,0,1
22,3,73.23958297690343,70.47909805415308,1,5,1,0
23,3,78.26440183242347,72.83011395160523,1,3,0,0
24,3,44.87040408503334,37.66127822652333,0,4,1,0
25,2,60.80849427883693,52.768778257873635,0,3,1,0
26,3,61.3804825322061,59.353139737280735,0,6,1,0
27,3,53.97432133285607,44.4818654790204,0,1,1,0
28,3,41.53833980367236,44.35804012920377,0,6,1,0
29,3,82.94457559256898,61.13260400640769,0,5,1,0
30,3,15.47362076743597,31.346522268664092,0,7,1,0
31,3,40.797650932612775,54.13229369809067,0,8,1,0
32,3,44.62016712291913,47.83097358522116,0,2,0,0
33,3,42.26652906181718,34.394359992271816,0,7,0,0
34,3,28.85504889956854,43.37897893626192,0,5,0,0
35,3,69.71724380138826,58.7136496426106,0,3,1,0
36,3,59.52853343132299,46.55052737601741,0,5,1,0
37,3,47.27106615174509,59.02543928505367,0,9,1,0
38,3,46.44120073813566,35.25407205547475,0,4,1,0
39,3,28.714182512329963,36.8217572335175,0,6,1,0
40,3,40.57259705544227,61.32262707809809,0,5,1,0
41,3,57.308889069797324,48.78689783190262,0,3,0,0
42,3,76.54902703018716,61.28678805010321,1,6,1,0
43,3,28.695381787862328,35.83641788499939,0,10,1,0
44,3,57.09678777543136,49.28232642413956,0,4,1,0
45,3,51.44555893632173,60.12637459420674,0,6,1,0
46,3,74.58218798940656,50.86877641040628,0,3,0,0
47,3,63.73339575982313,58.42538155803912,0,9,1,0
48,3,49.01247403206942,36.482151462092055,0,4,0,0
49,3,54.85075106497204,53.04370528929777,0,7,0,0
50,3,66.32328664932342,63.58849996305244,0,3,0,0
51,3,36.20878629259483,37.64956342914789,0,7,1,0
52,3,50.21483906980441,49.18178721773787,0,6,1,0
53,3,63.578127108201976,68.91992730324274,0,7,1,0
54,3,31.635267924141814,29.825049282518656,0,2,1,0
55,3,66.82612533489832,42.71250223731879,0,3,1,0
56,3,71.07688804248693,62.296482643984355,0,9,1,0
57,3,63.57083241350461,53.71881275577388,0,6,1,0
58,3,48.384334135229224,27.682472274561164,0,3,0,0
59,3,54.44831031442375,49.5707909952114,0,4,0,0
60,3,35.74151558351775,40.85247042103372,0,5,1,0
61,3,63.83459563818613,67.34442459435097,0,3,1,0
62,3,49.18475971357212,51.64454099999105,0,3,0,0
63,3,38.961087271729546,37.6385244581805,0,6,1,0
64,3,40.17110582486921,21.04846983954983,0,2,1,0
65,3,62.693185955160146,63.72158520886004,0,9,0,0
66,3,54.1263637127407,59.78273797351585,0,7,0,0
67,3,66.80009717021031,60.6873055305597,0,5,1,0
68,3,36.35324335488565,40.08881968661741,0,6,0,0
69,3,49.83727759088933,68.19803701076206,0,9,0,0
70,3,67.5569969623559,56.0551777867752,0,4,1,0
71,3,21.24228289590487,25.38207320989271,0,7,0,0
72,3,78.23934133758135,52.27221353479539,1,3,1,0
73,3,52.057090717834,40.150318609847666,0,3,1,0
74,3,66.69794283089676,65.35711922626223,0,7,0,0
75,3,64.64587417072045,47.57810519181952,0,4,1,0
76,3,46.940899909104175,44.08767469183195,0,8,1,0
77,3,49.39701650597382,61.31817762540477,0,8,0,0
78,3,73.10658006134751,73.10757513813368,1,6,0,1
79,3,71.72773692054945,60.87734305701937,1,8,1,0
80,3,50.37225904207807,52.98318228061905,0,4,1,0
81,3,38.945182869724995,30.865799400367212,0,0,0,0
82,3,39.75776844441154,49.02547562939246,0,6,1,0
83,3,57.01065935825097,52.784970272752254,0,4,0,0
84,3,45.27327390027155,36.574023990729934,0,5,1,0
85,3,26.94780754371095,38.306558744784915,0,4,1,0
86,3,63.89434648600166,68.67154265849253,0,3,0,0
87,3,44.93750384290809,38.45671374749819,0,1,1,0
88,3,37.159626861789505,44.67630615447206,0,2,0,0
89,3,45.861901986696395,30.11853151014055,0,4,0,0
90,3,36.05963012187659,30.704815879478137,0,4,1,0
91,3,21.324693968749344,37.334210866265565,0,6,1,0
92,3,43.74865369635149,33.84327775872889,0,2,1,0
93,3,34.651657483340415,37.151763653688946,0,5,1,0
94,3,45.359211009285794,48.71087220033289,0,5,0,0
95,3,62.377669874773964,53.742388610989636,0,7,1,0
96,3,77.38644559407732,59.40344911462802,1,6,0,0
97,3,54.30025826655499,46.377479550287546,0,6,1,0
98,3,26.50169511679926,29.763381713611448,0,3,1,0
99,3,42.33896193175944,52.1372514797863,0,7,1,0
100,3,66.61949797704632,56.108560258955166,0,5,0,0
101,3,36.98044830186767,41.69071794187103,0,3,0,0
102,3,69.04780462193908,60.878010885338405,0,3,0,0
103,3,72.9895186832037,44.85993572733,0,8,1,0
104,3,39.91253537999197,61.345091344481865,0,5,0,0
105,3,2.9462448467263442,43.071937085041064,0,3,1,0
106,3,43.589625067906645,33.1847465288448,0,5,1,0
107,3,21.357423547288175,28.178336279719755,0,4,0,0
108,3,36.40517698138339,51.39969230802757,0,7,1,0
109,3,61.59296289859832,63.53475287974867,0,4,1,0
110,3,60.011841322423756,45.599019884480725,0,5,1,0
111,3,36.723864652019024,29.30166133656249,0,2,0,0
112,3,28.58548140690897,41.272153855777546,0,2,1,0
113,3,40.54169708126932,52.537561257824436,0,4,0,0
114,3,72.98967991822217,49.034173267690946,0,5,0,0
115,3,75.40004506391382,51.50451697980803,0,5,1,0
116,3,54.33728916772844,43.23040521499327,0,1,1,0
117,3,61.05977021424523,51.36234737705956,0,5,1,0
118,3,56.3110739536105,53.239672967720296,0,5,1,0
119,3,50.20435310655958,64.49682046277951,0,11,1,0
120,3,42.28145937476414,37.476498068051086,0,2,1,0
121,3,49.46068298681338,48.533829227931164,0,6,0,0
122,3,45.15576475030515,56.56631785495807,0,6,0,0
123,3,41.96044600820856,47.31573802619706,0,6,0,0
124,3,50.71265581482024,48.50037007635243,0,5,1,0
125,3,44.938871884824515,46.46948606170581,0,4,1,0
126,3,23.74136981127627,41.0981709568525,0,8,1,0
127,3,51.921540936187604,55.94568426125124,0,6,1,0
128,3,53.2559376668594,40.37408609429735,0,4,0,0
129,3,33.321546688892276,35.039213296510006,0,7,1,0
130,3,71.65456368139445,43.93182459409396,0,2,1,0
131,3,55.12699892952389,44.54833616785419,0,5,1,0
132,3,46.30225963796851,53.4921353803414,0,4,1,0
133,3,46.77928429663033,42.988915372607366,0,7,0,0
134,3,79.66255099807219,68.41216293269754,1,4,1,0
135,3,37.82567732955526,39.62895591687053,0,4,0,0
136,3,48.652528828485,28.473034362925755,0,1,1,0
137,3,53.065761720335324,35.40943414034924,0,3,1,0
138,3,72.78845219954918,69.11312844579317,0,8,1,0
139,3,61.66651163030096,60.656943619056285,0,5,1,0
140,3,34.22953634659528,51.933021147973804,0,7,1,0
141,3,76.21768059837767,58.90002421414829,0,7,1,0
142,3,0.0,43.4364567373051,0,4,1,0
143,3,49.92386078085529,46.67854857045505,0,4,1,0
144,3,42.84002944054813,50.14226274878937,0,8,0,0
145,3,82.45476137961055,66.62476832502202,1,2,0,0
146,3,55.33910180933915,51.296143136897115,0,4,0,0
147,3,24.93584642175991,37.18321947346617,0,7,1,0
148,3,33.43762575445921,38.53487685587167,0,4,0,0
149,2,50.428799310552805,35.862373148546126,0,6,1,0
150,3,66.82935619656487,69.34348728240603,0,5,1,0
151,3,57.43484443439525,58.38449430862664,0,6,0,0
152,3,51.7886718638943,50.92223241681256,0,6,0,0
153,3,79.19475819488642,84.15876084522816,1,7,0,1
154,3,39.31809271385967,52.648736841720314,0,4,1,0
155,3,64.1930543653405,73.96461187192665,0,4,1,0
156,3,49.69468060526094,52.46644785650474,0,9,1,0
157,3,46.68864146129008,33.56501079034686,0,4,1,0
158,3,53.20764559781192,59.61518262928369,0,6,1,0
159,3,60.93169062299293,57.55535204367873,0,5,0,0
160,3,100.0,63.727732410872484,0,3,1,0
161,3,70.69792892123012,37.353026006598874,0,2,0,0
162,3,39.84243537604464,23.316824426836195,0,4,1,0
163,3,44.472739357214344,48.4150491546739,0,6,1,0
164,3,59.65470481098805,58.782495259641976,0,5,0,0
165,3,69.82838466238178,64.04051464486454,0,6,1,0
166,3,56.06306158115165,41.5527209918903,0,2,1,0
167,3,54.89292861748377,58.29128771820015,0,7,1,0
168,3,27.011515745338368,37.87598967542477,0,7,1,0
169,3,45.622840845454306,38.466937291905104,0,7,0,0
170,3,100.0,75.27557009202643,1,8,0,1
171,3,62.41634603136178,50.97246646687558,0,6,1,0
172,3,28.716502254707542,23.823066379358927,0,4,1,0
173,3,20.31427909634465,26.72351077608468,0,8,0,0
174,3,45.682189471851714,45.60242801033412,0,4,0,0
175,3,43.49088027854506,43.27053929637732,0,4,1,0
176,2,80.03824364979586,61.25351033192755,1,2,1,0
177,3,33.46243303157132,44.90923239669233,0,5,1,0
178,3,26.022917789090773,24.201970356006324,0,3,0,0
179,3,22.77443001999943,35.214462832217166,0,5,0,0
180,3,75.48872549421979,72.14724298972388,0,6,1,0
181,3,56.928807025540635,54.31879150790121,0,5,0,0
182,3,56.16860100455235,54.80764397459106,0,5,0,0
183,3,34.71809483356086,34.8889924514224,0,7,1,0
184,3,91.8417379581703,59.769434854772186,1,3,1,0
185,3,43.30666845820287,47.556737781925435,0,8,1,0
186,3,52.518660337907775,72.76774170902144,0,9,0,0
187,2,59.38082364045166,57.40474132572178,0,9,1,0
188,3,51.79695795707741,50.45196033521142,0,4,0,0
189,3,41.548146179748215,40.51254276968348,0,3,0,0
190,3,43.41734038120759,60.098708842774,0,6,0,0
191,3,35.73903042781394,46.27220960761352,0,9,1,0
192,3,69.66766104696828,45.86625938773481,0,1,1,0
193,3,78.36319753576919,61.18626881863484,1,7,1,0
194,3,55.654313128634634,37.950293748895426,0,5,1,0
195,3,65.57009328361045,61.60816150857806,0,7,1,0
196,3,37.515358163122016,49.22958103196264,0,8,0,0
197,3,83.50726055948212,66.90945921096035,1,9,1,0
198,3,68.1247229975521,65.58429524564897,0,5,0,0
199,3,28.61074372747985,45.42105574384617,0,8,0,0
200,3,31.11480729478483,29.065123243646582,0,5,1,0
201,3,62.98476275007014,55.00501205882033,0,5,1,0
202,3,54.52212806786829,47.66664407280326,0,2,0,0
203,3,75.56917577658328,66.50253946379341,1,6,0,0
204,3,79.34574151095624,60.80772430485488,1,3,1,0
205,3,36.45124730163276,50.083774404626716,0,5,0,0
206,2,26.44744970522421,21.38827558914291,0,4,0,0
207,3,26.31151864557567,21.72617377693475,0,4,1,0
208,3,56.52285578456229,52.50325191556657,0,10,1,0
209,3,40.909020505968854,47.97120767027227,0,1,1,0
210,3,56.34899507794805,54.5477897670397,0,7,1,0
211,3,62.36809390612438,43.73105867938192,0,3,1,0
212,3,61.62537778996162,54.538480582073504,0,4,1,0
213,3,44.187487197133905,54.90909079247506,0,5,1,0
214,3,39.707211247970356,36.01699679136903,0,6,1,0
215,3,42.77551703048887,35.77590113062989,0,3,1,0
216,3,69.62631576874415,63.98432638723766,0,5,1,0
217,3,64.80849975805484,46.32797090080453,0,6,1,0
218,3,50.9126216771422,50.1145272204727,0,10,0,0
219,3,13.049809104252246,11.127956806863669,0,2,0,0
220,3,51.41707811149687,47.60158395132389,0,9,1,0
221,3,0.5649583910893696,55.16114877491848,0,4,1,0
222,3,44.65510189099385,60.24045514011666,0,4,0,0
223,3,33.51766152417745,43.91690097007444,0,6,1,0
224,3,29.865619624780237,33.99520028508093,0,7,1,0
225,3,58.91569397464751,63.28681890509168,0,4,1,0
226,3,29.753804059382343,19.007270260103788,0,2,1,0
227,3,64.35883957523036,42.59693319777837,0,5,1,0
228,3,66.71505413732753,49.92453435970758,0,4,1,0
229,3,59.17403812573518,63.679869546523484,0,4,0,0
230,3,100.0,51.99711051290517,0,6,1,0
231,3,48.311004015176486,49.74131723296318,0,4,1,0
232,3,16.279067935868643,44.73195860766887,0,9,1,0
233,3,42.75416424396692,48.367066827374956,0,8,1,0
234,3,60.569344011031895,54.72134069611846,0,6,1,0
235,3,36.215278764082505,31.44390026006799,0,4,0,0
236,3,34.830406133796096,25.285636068513014,0,4,1,0
237,3,65.64387724358797,62.80870181571104,0,7,0,0
238,3,31.586783562199347,21.00993073117007,0,0,1,0
239,3,58.20607551069911,54.17141502148965,0,4,0,0
240,3,41.61838702994074,52.66550229812458,0,8,0,0
241,3,61.24078520608339,58.27461777749695,0,4,1,0
242,3,14.132262191859377,18.93871952313606,0,1,0,0
243,3,37.787321304675324,24.9957109653404,0,4,0,0
244,3,71.94188134403848,55.45686476068208,0,8,1,0
245,3,45.25162685090307,54.98118202919443,0,8,1,0
246,3,75.24860815996216,73.86307386096425,1,4,1,0
247,3,68.5664805398144,69.63738931370156,0,4,1,0
248,3,71.42649409788686,50.49435317814962,0,3,1,0
249,3,50.45142602834586,63.54003298776633,0,7,0,0
250,3,67.48287412226026,57.1599028236421,0,2,1,0
251,3,33.14295158387601,25.01006195372545,0,3,0,0
252,3,58.98652188636495,57.699006136578,0,3,1,0
253,3,44.4215422500443,51.553179629225035,0,7,1,0
254,3,40.6111477255895,44.29074011652586,0,7,0,0
255,3,25.490202126415287,45.73128568062932,0,1,1,0
256,3,43.15927079134023,28.864085634004958,0,2,1,0
257,3,47.10024091866926,22.672614532304387,0,4,1,0
258,3,20.224673949608416,27.087460741034054,0,6,1,0
259,3,54.22004838095564,57.21037804722535,0,6,1,0
260,3,39.960351936604425,63.49956173095826,0,11,1,0
261,3,41.129864474911656,47.52559853503953,0,1,1,0
262,3,63.89880805610488,58.72315401405193,0,6,1,0
263,3,52.09762930021152,60.4549680963143,0,4,1,0
264,3,50.99494933434505,60.42537935761457,0,1,0,0
265,3,32.49506998207992,42.47013490366784,0,3,1,0
266,3,41.29638907275834,49.81293052094313,0,3,1,0
267,2,56.70060442271519,44.54053427973057,0,5,1,0
268,3,38.79475814010121,33.336709110759664,0,6,1,0
269,3,41.45053295376321,47.57549771205378,0,8,1,0
270,3,24.22693375822198,14.468866185299323,0,4,1,0
271,3,24.068597841098992,26.53486622244485,0,2,0,0
272,3,42.548242762589766,36.04814329028243,0,6,0,0
273,3,34.13426292883873,59.77872867383403,1,4,1,0
274,3,72.36381609517365,52.345942492861134,1,3,1,0
275,3,32.78727257592662,43.61002559739217,0,6,1,0
276,3,47.07703660904458,46.65774174117568,0,4,1,0
277,3,32.218234207976444,23.002484565556227,0,4,0,0
278,3,38.61220821671898,34.94308653840659,0,6,0,0
279,3,84.72291199709396,57.371952430702024,0,5,0,0
280,3,65.94514198156101,50.36104232085657,0,4,1,0
281,3,48.37714511302411,40.642611495182,0,5,0,0
282,3,31.320107794078677,30.39248179264208,0,4,1,0
283,3,57.94813376004166,33.23550168443555,0,0,0,0
284,3,58.878834152904005,40.688756354359754,0,3,1,0
285,3,58.79198068927349,48.06633645599069,0,6,1,0
286,3,65.01064845222157,62.121735816374,0,7,1,0
287,3,73.29561715989414,62.76097246314441,1,5,1,0
288,3,59.27592536564213,48.74603906732362,0,5,1,0
289,3,71.04598464284875,58.94507439934459,0,6,1,0
290,3,40.976443038163616,45.908392853859326,0,3,1,0
291,3,6.321867932681938,13.424307621266776,0,1,0,0
292,3,69.58445647589625,47.77543887974925,0,3,1,0
293,3,80.00658604722913,46.973651368075146,0,3,1,0
294,3,62.53406075743615,71.17894569483511,0,5,0,0
295,3,37.72355489420727,39.30358489414737,0,4,1,0
296,3,56.47435423867041,63.366215999107965,0,5,0,0
297,3,69.5980566170122,64.21355257612812,0,2,0,0
298,3,68.54142876247991,65.31268500796892,0,5,1,0
299,3,52.89425692742871,44.22699800654857,0,6,0,0
300,3,47.99011371717785,48.63579917946887,0,5,1,0
301,3,57.68369118720496,42.944653747718434,0,5,0,0
302,3,54.83134469919304,62.739865142931265,0,4,1,0
303,3,30.39275631346509,55.80122762254412,0,3,0,0
304,3,48.691612832338606,51.09389135365393,0,6,1,0
305,3,57.22888701665166,51.547393388607816,0,3,1,0
306,3,60.08033758320826,34.48088400717776,0,2,0,0
307,3,13.009112838005299,7.208722823301904,0,4,1,0
308,3,63.42453699806868,60.210939895826364,0,5,0,0
309,3,75.67532305188837,45.1099426676797,0,2,1,0
310,3,40.62107262635841,39.30468856167261,0,8,1,0
311,3,32.66112134667915,31.839966189424857,0,3,1,0
312,3,55.95704290743123,63.58018259944398,0,3,0,0
313,3,43.14910743569082,39.06799783627564,0,1,0,0
314,3,45.31584826707222,38.61968277136624,0,4,0,0
315,3,41.04174921356473,51.2259176218536,0,4,1,0
316,3,50.2541813786301,53.61979705324887,0,6,0,0
317,3,52.53904511093902,57.54774370156718,0,10,0,0
318,3,70.07101587436789,51.211823118358716,0,4,1,0
319,3,57.18698786946503,61.34701616387998,0,4,0,0
320,3,42.409366505976664,19.762342670896153,0,3,1,0
321,3,22.32222302841038,45.79070617227226,0,6,0,0
322,3,67.63068507340914,42.30493376533379,0,4,0,0
323,3,48.958805455328715,49.89616470452564,0,4,0,0
324,3,72.48081113325624,76.81765088174878,0,9,0,0
325,3,48.93282392615111,48.34315850766831,0,6,0,0
326,3,38.281058843404786,25.012240883294822,0,6,1,0
327,3,62.16599245702161,49.767264892753545,0,5,1,0
328,3,34.14707730718905,44.32535929486036,0,8,1,0
329,3,22.955956153345344,35.79565874496093,0,5,0,0
330,3,47.17091573660579,35.5980140894447,0,5,1,0
331,3,26.76512212188888,20.24104437579978,0,4,1,0
332,3,58.16331310785218,68.37449499588205,0,6,1,0
333,3,63.16621359216879,59.380764350183824,0,6,1,0
334,3,34.398523542407155,58.68904564848167,0,10,1,0
335,3,50.41786924703319,48.576920888820176,0,2,1,0
336,3,53.0330162031656,60.72888598229897,0,10,1,0
337,3,41.511906842635064,30.2098242419136,0,1,0,0
338,3,32.01686272541699,44.49965302313674,0,6,0,0
339,3,37.4162416037652,25.723723533608787,0,2,1,0
340,3,30.958318240819,47.62584358494779,0,5,0,0
341,3,72.07815047633328,63.11984825111384,0,8,0,0
342,3,56.920955950482735,35.37172687399886,0,2,1,0
343,3,53.77796127284542,36.11111867477314,0,2,1,0
344,3,57.33192328703157,51.162186402550084,0,8,1,0
345,3,54.42917204754191,46.529258734820736,0,7,0,0
346,3,57.058195908051616,51.629054213861224,0,7,1,0
347,3,79.2715222390143,61.55076205055394,1,6,1,1
348,2,52.710909262645686,54.046341937897154,0,5,1,0
349,3,58.0774225969906,41.0920732352966,0,5,0,0
350,3,49.60707685586657,39.92800569948295,0,4,1,0
351,3,44.167737968313205,49.47146165321981,0,7,1,0
352,3,49.49351900923567,55.67119180605713,0,8,1,0
353,3,67.58475372038512,50.80639374110282,0,2,1,0
354,3,32.60211757457202,26.983514239179854,0,5,1,0
355,3,56.76331958556899,72.92618410505796,0,8,0,0
356,3,52.855265022529565,37.343559126832986,0,5,1,0
357,3,61.59083650171874,46.07943618403954,0,4,0,0
358,3,50.772625446510915,54.58019410941389,0,6,0,0
359,3,56.75128270221063,53.51510336367473,0,5,0,0
360,3,70.74888276646523,56.38158896700197,0,5,0,0
361,3,60.799423453132455,40.89788156708227,0,4,1,0
362,3,50.10519739344039,46.31078075941913,0,7,1,0
363,3,48.870475724872165,46.36732579541884,0,4,0,0
364,3,18.825171902702483,30.637839132470646,0,6,1,0
365,3,46.65542324751343,35.81086672807958,0,4,1,0
366,3,69.68759632642724,64.4496503834483,0,5,1,0
367,3,40.38710852305432,41.15330576165924,0,4,1,0
368,3,74.7239785442995,91.10547720224847,1,13,0,1
369,3,45.98773422451223,58.05599276546216,0,4,1,0
370,3,58.1061223784993,61.62253409105627,0,9,1,0
371,3,54.64382109710322,40.74784935841174,0,5,1,0
372,3,0.0,37.327593645075005,0,1,0,0
373,3,51.08786597218492,43.25577955925857,0,4,0,0
374,3,57.284295634729034,55.4507680232441,0,4,0,0
375,3,72.22742099964556,63.99100578063591,0,5,1,0
376,3,42.70204751926308,44.886486191749746,0,4,1,0
377,3,59.31661667167588,71.33565144367671,0,8,0,0
378,3,6.017402187157437,46.06841120509683,0,5,1,0
379,3,66.79858474633541,57.2196796831398,0,3,1,0
380,3,57.61782439144353,40.89624572693842,0,4,1,0
381,3,59.679223523457026,65.51711284211854,0,6,0,0
382,3,34.60653366097916,6.785825574915172,0,1,1,0
383,3,71.2090471516159,85.60551721534272,0,12,0,1
384,3,23.205149839123784,24.262228680071658,0,6,1,0
385,3,35.30279012812817,31.921997604726304,0,4,0,0
386,3,46.74786903130824,40.79777371772779,0,3,1,0
387,3,49.70157111950299,49.594511312213214,0,4,1,0
388,2,51.235867518400696,54.36703117488928,0,7,1,0
389,3,54.39900641438686,52.048856241841506,0,4,1,0
390,3,48.91628884210494,60.73990072021877,0,6,0,0
391,3,73.22730021157538,70.32647876111312,0,5,1,0
392,3,55.2719638688521,52.37874080315993,0,5,0,0
393,3,35.72182962577372,40.67759746581411,0,5,1,0
394,3,59.31600193019855,57.9963245697633,0,5,1,0
395,3,74.90510118979323,72.64871157027191,0,8,1,0
396,3,83.4914410808871,53.71903386500892,1,1,1,0
397,3,48.35051138038504,62.793778306212744,0,7,1,0
398,3,56.88690124603752,64.51392901394887,0,10,1,0
399,3,52.16526528562867,73.64412691198075,0,10,1,0
400,3,52.17435495123716,59.202235010223085,0,4,0,0
401,3,63.73014067308049,44.882976744667786,0,4,0,0
402,3,53.3369281668185,52.70098113564225,0,5,0,0
403,3,55.12681700279617,40.70943478572957,0,3,1,0
404,3,38.97214103050962,39.44833336683134,0,3,1,0
405,3,40.464860699762866,34.19325930110336,0,2,1,0
406,3,50.338738414320424,52.358610658777685,0,4,0,0
407,3,56.94854917228373,60.27660141712948,0,7,0,0
408,3,31.046211665630096,34.87437180228696,0,8,1,0
409,3,30.373273615776608,35.89178451816401,0,1,0,0
410,3,69.886112745272,74.49083987262428,0,6,1,0
411,3,87.1890336547828,75.25326212595851,1,12,1,1
412,3,35.59415083202211,27.266476257015025,0,3,1,0
413,2,65.60941474690445,49.46514096680162,1,2,1,0
414,3,38.795028247376315,30.979800642043433,0,6,1,0
415,3,59.782223463010965,45.01836612400863,0,5,1,0
416,3,78.54844722213073,64.38430159455463,1,4,0,0
417,3,44.52977965641214,48.96424204099073,0,5,1,0
418,3,78.10493222791253,60.80484618042624,1,6,1,0
419,3,44.36266918504918,48.63088717689457,0,6,1,0
420,3,42.32626555338716,57.64769436518249,0,5,0,0
421,3,44.52746349778916,44.79082693876687,0,5,1,0
422,3,44.653022752868324,48.558776794971514,0,9,1,0
423,3,30.45189397960904,39.222414348388774,0,3,0,0
424,3,43.451231324785375,38.469296115565896,0,7,0,0
425,3,61.4191425500629,60.47536749816488,0,7,1,0
426,3,49.434674383551,29.84297973798794,0,2,1,0
427,3,41.99589010629546,38.69314267899404,0,3,0,0
428,3,49.21230951045354,42.652071987315004,0,3,0,0
429,3,65.01158689553101,52.33521776318839,0,9,1,0
430,3,55.78597432655175,60.86877613853558,0,9,1,0
431,2,71.16214325471863,54.10295503249595,1,4,1,0
432,3,73.36190766997697,69.6362998634817,0,7,1,0
433,3,41.78157229467095,27.7524193036956,0,3,1,0
434,3,43.924511581479244,57.80450358693297,0,5,0,0
435,3,54.7596096756375,71.17837898807527,0,7,0,0
436,3,50.00197572100937,36.39221119206587,0,6,1,0
437,3,57.34801672062008,58.145300148469474,0,6,1,0
438,3,52.32606645488276,53.708724297418044,0,1,1,0
439,3,68.65467192932378,68.19922412546292,0,8,1,0
440,2,42.56341079189143,46.29802870307786,0,4,1,0
441,3,34.92482380718281,41.45060584816559,0,7,0,0
442,3,44.75682434568177,49.49269447841634,0,6,1,0
443,3,42.05827530755204,54.931026937326685,0,7,0,0
444,3,43.17461548381202,48.77071724440179,0,5,1,0
445,3,41.71093272200224,45.75851105544921,0,4,1,0
446,3,50.43503689624724,33.329673910389424,0,2,1,0
447,3,30.746391620910877,42.88718372122357,0,8,1,0
448,3,38.29175972396227,41.54384652072479,0,5,1,0
449,3,51.40257367100355,61.673115685288536,0,10,1,0
450,3,61.2251892752313,52.82135661266063,0,3,1,0
451,3,50.868324170806055,51.98071524999825,0,6,0,0
452,3,60.561908650266886,52.952754549410535,0,3,1,0
453,3,47.72237690357403,23.599320607592407,0,2,0,0
454,3,53.10956066681743,47.396073957446575,0,7,1,0
455,3,50.5358290902095,46.92779605634138,0,9,1,0
456,3,36.83330702395431,45.614551487686285,0,4,0,0
457,3,20.855783161319156,40.534569280736676,0,6,1,0
458,3,48.31631175875059,58.48926754751972,0,5,0,0
459,3,42.18363409018873,28.454187787132433,0,5,1,0
460,3,66.00673100210507,66.23031461277759,0,9,1,0
461,3,75.08141880819119,69.52104960643136,0,5,1,0
462,3,44.873413678980455,64.31090167410464,0,6,1,0
463,3,46.09463733292736,51.393471142748155,0,4,1,0
464,3,81.73475819377303,71.63013520254523,1,5,1,0
465,3,61.58130861893939,65.33144902497453,0,8,1,0
466,3,59.69738891905835,58.88118470903962,0,5,1,0
467,3,58.924274317998965,51.92546310100022,0,3,1,0
468,3,57.3542570181079,55.47137486460706,0,5,0,0
469,3,63.01614922530023,58.92572937805588,0,4,1,0
470,3,39.25545060526717,45.79873784551621,0,6,0,0
471,3,65.18321854405507,68.2266281433164,0,6,0,0
472,3,16.54958104399268,39.03313795380625,0,5,1,0
473,3,54.013570846903875,44.224530619734274,0,4,0,0
474,3,37.8771771648943,46.41628052126168,0,5,1,0
475,3,73.80425001742765,74.7759265740523,0,3,0,0
476,3,50.89281321405707,36.332571961250274,0,6,1,0
477,3,46.22952811911021,31.957250566949348,0,4,1,0
478,3,36.80901977865703,46.50822565337541,0,6,1,0
479,3,62.33742588181159,42.77188936888825,0,4,0,0
480,3,56.36565511972275,37.92901177493694,0,6,1,0
481,3,61.46935900229164,59.09918926219949,0,6,1,0
482,3,59.28343441750771,65.73337600104773,0,9,1,0
483,3,66.99593299540206,64.19884656040732,0,5,0,0
484,2,50.84870269515335,57.96696501617053,0,4,1,0
485,3,19.25175310683134,10.200530545990151,0,5,1,0
486,3,41.57355688141846,48.22788605666455,0,8,1,0
487,3,42.780134659366546,47.58776161259727,0,7,0,0
488,3,56.05283695463188,57.3713434552165,0,2,0,0
489,3,68.93680409611837,74.43252158700759,0,11,0,1
490,3,60.22293677801309,29.03958969145813,0,0,0,0
491,3,56.99724747110669,75.09764605716035,0,6,1,0
492,3,32.338199603456125,30.125836703622145,0,2,0,0
493,3,60.124080133232866,42.24396671558151,0,3,1,0
494,3,52.01920911234721,35.72847641239359,0,3,1,0
495,2,49.23982500093787,48.962066812820716,0,4,1,0
496,3,51.51196246486695,45.361808667492156,0,3,1,0
497,2,16.92578369059319,29.123716183478813,0,7,1,0
498,3,61.54517992198073,72.6679338276533,0,7,1,0
499,3,72.07547690375065,62.70217624739508,0,9,1,0
500,3,70.56647466364342,48.28836098524437,0,1,1,0
501,3,69.8742482331149,38.0613371815881,0,6,1,0
502,3,44.2198695150407,52.69669233863945,0,3,1,0
503,3,40.583846361557676,40.53568437568721,0,9,1,0
504,3,27.93495896920646,36.71375777298738,0,5,1,0
505,3,54.529293984257336,45.407953282936504,0,3,1,0
506,3,12.853940394765477,22.953323215120694,0,3,1,0
507,3,52.83798182576385,50.271912048000246,0,4,0,0
508,3,66.09418001822876,65.7030773756678,0,3,0,0
509,3,34.84933100079658,29.548027653923654,0,6,1,0
510,3,48.223324080080005,41.72744689425168,0,6,0,0
511,3,42.0781236805548,47.04984072105157,0,5,1,0
512,3,40.30257718766595,34.12920013776815,0,3,1,0
513,3,62.7139068056939,71.2342737494543,0,3,1,0
514,3,47.38334172338505,46.82026989195876,0,10,1,0
515,3,81.33570666391101,68.95358322787077,1,4,1,0
516,3,49.3090804018382,56.12819934885961,0,4,1,0
517,3,36.25870043232376,32.06684732911508,0,4,1,0
518,3,55.27924953309754,58.98727802126995,0,8,0,0
519,3,77.60992137879207,57.642144071814705,0,5,1,0
520,3,53.280830555757014,40.67599091915824,0,3,1,0
521,3,44.03741814582295,42.60471011934472,0,4,1,0
522,3,45.49451994776949,52.888094222253805,0,8,1,0
523,3,39.59132168369562,44.84047422832523,0,7,1,0
524,3,58.177196450566996,47.30646897585163,0,6,0,0
525,3,70.61201445005852,69.06346459537653,0,7,0,0
526,3,28.66691747493646,29.188163727794876,0,4,1,0
527,3,45.703523864209465,45.02265910323788,0,9,1,0
528,3,55.999993289535546,42.643413721302046,0,4,1,0
529,3,51.843953477024115,49.609515080227396,0,7,0,0
530,3,33.80156421593122,25.72355632811688,0,3,1,0
531,3,49.158220874029965,34.63877683394498,0,3,1,0
532,3,53.66661646472655,58.9823123198607,0,9,1,0
533,3,39.11984057129852,56.60177179159116,0,6,0,0
534,3,58.38339045825836,79.26081357528832,0,6,0,1
535,3,78.93872113796571,70.61834375061513,1,6,1,0
536,3,32.25138920588805,51.05279945147601,0,3,1,0
537,3,72.39681432275577,65.1946079349092,0,10,1,0
538,3,27.836209172837698,20.61191970924583,0,2,0,0
539,3,41.3845006158136,37.24969149745451,0,6,1,0
540,3,48.3168357757576,48.74461367312432,0,4,0,0
541,3,48.817923754570494,39.24810682064486,0,4,1,0
542,3,67.46716977526079,64.9518414553463,0,8,0,0
543,3,42.990373110783885,59.81849168935965,0,3,1,0
544,3,56.90544263834584,51.77902657433285,0,3,1,0
545,3,52.8192280751076,59.97246347678943,0,5,0,0
546,3,38.67438577867558,47.91897507471164,0,9,1,0
547,2,54.392816770764924,52.32600915232955,0,5,0,0
548,3,42.502294618773405,29.002435019848836,0,3,0,0
549,3,52.344194207107606,48.59500990915954,0,3,0,0
550,3,33.06162420383448,19.55791450885601,0,4,1,0
551,3,46.83383295896116,65.34864612697326,0,6,1,0
552,3,40.57818119370321,36.615574868095436,0,2,0,0
553,3,51.78631451328809,31.080219792729,0,6,1,0
554,3,49.97295195363613,48.209693316673366,0,6,1,0
555,3,56.023145891652646,57.83536069848458,0,7,1,0
556,3,48.582982175710804,41.96237891011418,0,5,1,0
557,3,38.92566014136077,34.725643056865934,0,6,1,0
558,3,39.65706244145072,26.825152523629484,0,2,0,0
559,3,58.70642069123465,52.99296379568676,0,7,1,0
560,3,57.42194555012419,66.94286043870339,0,11,1,0
561,3,65.27042766161568,56.79048549719122,0,4,1,0
562,3,34.76528687409598,22.00759556939682,0,1,1,0
563,3,52.65484471787003,47.18124153449703,0,5,1,0
564,3,50.90268774424695,53.67115278280469,0,4,1,0
565,3,55.106597938567894,35.88104082225196,0,3,0,0
566,3,34.057857323384894,32.69364701396018,0,6,1,0
567,3,59.66133610105315,53.3113488385504,0,5,1,0
568,3,63.267195589072855,53.96965959929099,0,6,1,0
569,3,71.47741970549713,73.12420766806015,0,10,1,0
570,3,42.324251772943455,36.80540959788635,0,6,1,0
571,3,54.24299684753398,58.44311790030782,0,8,0,0
572,3,36.23265883142259,37.65843350837851,0,6,1,0
573,3,60.80053233887174,61.335093452597185,0,2,0,0
574,3,48.97065704801185,68.42175632061668,0,7,1,0
575,3,70.47670786761385,68.53285312801178,1,6,0,0
576,3,71.90010635847499,64.0517408051017,0,2,1,0
577,3,50.893930822666384,50.163722453241114,0,3,1,0
578,3,36.876409233548394,36.717971298944384,0,7,0,0
579,3,54.66621372089922,55.64987250116767,0,7,0,0
580,3,64.37895532522653,65.4218390325333,0,8,1,0
581,3,42.56341420573516,31.767540853943842,0,4,1,0
582,3,31.372450417778822,42.010512281320686,0,12,0,0
583,3,65.30017900778013,43.986818213379024,0,6,1,0
584,3,62.73348586761759,52.410479895445356,0,8,1,0
585,3,70.69611463089542,56.561803713802746,0,2,1,0
586,3,52.86675491267742,48.59420013325422,0,3,1,0
587,3,42.244874911521954,35.060045462808354,0,5,1,0
588,3,41.54758175476206,35.49004411107942,0,5,1,0
589,3,45.16090277481596,42.62101662652298,0,8,0,0
590,3,61.04011871428569,58.48025916117544,0,2,0,0
591,3,63.573913163321194,42.07867179346703,0,1,1,0
592,3,74.30719129018838,62.70082836159638,0,3,0,0
593,3,38.817294090826934,31.08147551040549,0,4,0,0
594,3,58.06914975636969,35.91614307596322,0,4,0,0
595,3,58.18201084254755,50.51844695550013,0,1,0,0
596,3,26.011649252224526,39.157815825180855,0,7,0,0
597,3,49.7111809977012,53.44052903431736,0,6,1,0
598,3,72.93702201213812,69.27400176560579,0,4,0,0
599,3,25.49855254311235,40.73666277984388,0,8,1,0
600,3,47.580155531302,62.276519679952926,0,5,0,0
601,3,62.78373763946499,64.96014226185395,0,3,1,0
602,3,57.17219415705307,49.804613800322535,0,3,1,0
603,3,40.63199464685917,42.81672633442544,0,8,1,0
604,3,43.35750703823912,42.42174296562743,0,6,1,0
605,3,13.849265281195963,10.223725090558919,0,2,1,0
606,3,32.088565364694794,44.70716418248486,0,9,1,0
607,3,64.32964335702216,51.0050990996468,0,5,1,0
608,3,70.8450445570444,58.76869624152654,1,3,1,0
609,3,47.573717786625345,34.453417018645915,0,4,1,0
610,3,47.705943669071715,44.84254499842623,0,8,1,0
611,3,58.05500489042492,50.99712357138354,0,4,0,0
612,3,100.0,47.83266172176968,0,4,0,0
613,3,68.45763683436904,45.345730464561534,0,2,1,0
614,3,84.4410597924741,68.75740995247679,1,9,0,0
615,3,60.81179514730425,38.661290859737534,0,7,1,0
616,3,72.72531359516532,47.82825548914879,0,6,0,0
617,3,63.924470774934946,70.17297135370369,0,4,1,0
618,3,36.697501859463216,57.46748466277457,0,6,1,0
619,3,41.707918655373774,55.88406408844906,0,4,0,0
620,3,81.07540976683147,81.15114313181792,1,5,1,0
621,3,60.217116237923975,51.73194191948266,0,2,0,0
622,3,26.09921815543452,21.730936940353658,0,3,1,0
623,3,42.301560143677165,31.537817627537947,0,3,0,0
624,3,34.4986211908742,35.0582251012002,0,3,0,0
625,3,45.43443169664352,44.97684478121947,0,6,1,0
626,3,57.56352359804128,57.852313594907265,0,4,0,0
627,3,69.33641140157253,48.353205181338836,0,0,1,0
628,3,53.795075677164796,59.452169579374285,0,10,0,0
629,3,60.026145663187584,43.30041669225754,0,4,1,0
630,3,40.75956993877575,32.327554205173875,0,5,1,0
631,3,66.51037994574537,60.95837119071737,0,7,1,0
632,3,59.99297706371352,62.97426133019759,0,3,1,0
633,3,83.76501195838672,80.92825600778265,1,2,1,1
634,3,20.813554574043792,16.504128306660572,0,3,0,0
635,3,31.063792389983515,35.853330105459804,0,4,0,0
636,3,46.34971833855578,44.05916466577886,0,0,1,0
637,3,55.36277807261279,38.259828063809536,0,3,0,0
638,3,76.27936681666274,62.78726084371188,1,3,0,0
639,3,42.0340319725651,43.61617780618337,0,3,1,0
640,3,65.71035309903392,55.50571913460391,0,3,1,0
641,3,45.99964903954599,37.4420588000562,0,6,0,0
642,3,15.345404740275917,62.70313228067287,0,8,0,0
643,3,44.96881306296191,60.35701106810996,0,10,0,0
644,3,43.954855695387565,41.88526463460906,0,6,1,0
645,3,21.749431679305648,39.29065010358405,0,7,1,0
646,3,32.705088621693896,42.15297488818723,0,6,0,0
647,3,41.68319767054184,47.4033627016957,0,7,1,0
648,3,72.1138067364332,89.49728551295264,1,11,1,1
649,3,51.1975891482182,63.24984192745913,0,6,1,0
650,3,75.89422170455782,49.951166321639555,0,2,1,0
651,3,54.530743748000646,62.287592131053714,0,6,0,0
652,3,31.48648200323879,42.03927096587657,0,8,1,0
653,3,0.0,38.83379962152447,0,1,1,0
654,3,47.049303903754414,33.79161542641424,0,3,0,0
655,3,39.1248879553883,36.34144645778673,0,5,0,0
656,3,73.4708858656399,46.74903357121583,0,3,1,0
657,3,36.23369193378966,37.05377336481824,0,3,1,0
658,3,74.35590767553819,69.96298851498564,0,6,0,0
659,3,60.80394825353017,55.62972610738398,0,3,0,0
660,3,71.89575475068654,42.50243624321789,0,4,1,0
661,3,37.942748015416534,48.6181988026718,0,10,1,0
662,3,51.99364238249201,44.695730162230404,0,6,1,0
663,3,61.079254152229176,56.423775417204276,0,4,1,0
664,3,58.28419458049359,55.44897045052869,0,6,1,0
665,3,37.982809928321196,43.81648502465149,0,5,1,0
666,3,48.89580739412157,41.21548657346847,0,6,1,0
667,3,40.738314489553986,39.90978705007442,0,7,1,0
668,3,54.194255703208874,54.21481616858235,0,7,1,0
669,3,59.58335795648523,59.34380630979621,0,2,1,0
670,3,62.970729244892006,44.67520647263318,0,5,1,0
671,3,43.38734259751408,51.07864413791876,0,7,1,0
672,3,64.21480617662132,59.06182709683994,0,6,1,0
673,3,58.62541793616013,41.4287419295594,0,2,1,0
674,3,40.02378418846342,63.39911917187328,0,7,0,0
675,3,43.6156338737734,36.39051166289604,0,4,1,0
676,3,35.306794720057304,42.07326194551677,0,5,1,0
677,3,46.23406760681363,47.62777776854615,0,4,1,0
678,3,45.021695065482334,46.81764774777042,0,10,1,0
679,3,34.587580857633895,42.64146095117468,0,5,0,0
680,3,42.69802779182722,43.763876553191444,0,4,0,0
681,3,55.19200221272865,56.65514353071118,0,5,0,0
682,3,36.51490894962339,44.28243438955385,0,3,0,0
683,3,33.54895677836898,49.77609602918078,0,7,0,0
684,3,57.7448600525343,50.7265213729292,0,2,1,0
685,3,62.44611900626953,60.35530127642367,0,10,1,0
686,3,41.052699034291905,39.934934013191295,0,3,1,0
687,3,73.64696720333288,64.03954845958296,1,3,1,0
688,3,69.65451793500601,63.59436178940123,0,4,0,0
689,3,49.4214575947241,55.525324566090156,0,10,1,0
690,3,49.435821925143586,38.8891052964081,0,5,1,0
691,3,52.418540119525034,71.88196115554832,0,11,0,0
692,3,38.23250609326587,29.291130141178343,0,3,1,0
693,3,43.64218117061385,47.57385563416486,0,3,0,0
694,3,44.44782618920445,56.8588312349713,0,5,1,0
695,3,52.61618832563379,41.93576828582762,0,5,1,0
696,3,52.51359511247598,62.990861477534544,0,5,0,0
697,3,43.09732860651288,38.88029384845295,0,7,0,0
698,3,37.61933565755714,42.08375775583395,0,4,0,0
699,3,65.3338854671388,53.02003619200637,0,3,1,0
700,3,36.94899478788422,51.99778903783809,0,9,0,0
701,3,76.50570047859118,50.94925894136808,1,3,1,0
702,3,90.11128129450304,56.47168635523836,0,8,0,0
703,3,52.272573716690175,55.3485386166857,0,6,1,0
704,3,46.020676869547685,43.56769630558999,0,9,0,0
705,3,71.03334381443776,54.72897366619382,0,7,1,0
706,3,40.4529321276431,35.861183243174324,0,3,0,0
707,3,50.28629482065982,31.546011296091454,0,1,1,0
708,3,53.60481561099095,66.06912813117539,0,9,1,0
709,3,27.847051246117925,35.23922842947924,0,5,0,0
710,3,44.44310562495341,51.17403886596463,0,10,1,0
711,2,42.99007720054324,45.4871854568755,0,7,1,0
712,3,52.26330905497593,53.50884472191827,0,5,1,0
713,3,51.418696348218425,58.746860650878105,0,5,1,0
714,3,44.15745386520598,39.57030030610348,0,6,1,0
715,3,68.71889832121123,64.78613347912957,0,3,0,0
716,3,20.987081205010718,13.643718056306467,0,1,1,0
717,3,81.57294600783868,61.229017787336524,0,4,0,0
718,3,36.575394490924474,39.67952947176586,0,2,1,0
719,3,62.53196001363147,41.69874064480397,0,6,1,0
720,3,53.30584349555528,42.748133870286466,0,5,1,0
721,3,61.17632332572843,55.07000959599294,0,4,1,0
722,3,68.59462281751085,46.98411713214908,0,5,0,0
723,3,37.93985963709643,32.02131229816478,0,4,0,0
724,3,54.150829051931055,40.80250097393759,0,4,0,0
725,3,62.54526575769951,52.517655208828685,0,7,1,0
726,3,20.577748565048907,19.11833661792519,0,5,0,0
727,3,25.787729565849588,48.79313141607576,0,8,1,0
728,3,71.42162022490426,47.69812892150573,0,2,1,0
729,3,47.762245884160095,51.55186793676068,0,2,1,0
730,3,40.99554726419669,46.00790171391723,0,9,1,0
731,3,27.62227387984079,37.890914963400164,0,6,1,0
732,3,49.416303534322616,44.30207242904892,0,5,0,0
733,3,55.56273309943218,46.47630627763065,0,5,0,0
734,3,59.6367187158378,62.60600579239378,0,2,0,0
735,3,64.73260999660347,56.161924020004435,0,4,0,0
736,3,41.643694113611744,46.35286083552338,0,2,0,0
737,3,60.94014010239804,64.08657313953232,0,9,1,0
738,3,62.02136134982159,58.847966764598425,0,8,0,0
739,3,64.05450700780999,56.887532606313,0,4,1,0
740,3,71.84717203474537,63.51934584359116,1,3,1,0
741,3,48.286713467805356,34.5001628608582,0,1,1,0
742,3,63.403203872517985,58.75387340675073,0,10,0,0
743,3,30.53865653913886,30.962606062012576,0,2,1,0
744,3,50.254430699237496,62.19082300277865,0,11,1,0
745,3,41.63186098036308,54.304285787872374,0,5,1,0
746,3,36.45945340051663,57.27188337807907,0,4,1,0
747,3,58.13209599807651,64.56164719419036,0,6,1,0
748,3,51.31421586232,49.43406708092411,0,4,1,0
749,3,38.145451072728825,64.61107515315865,0,6,1,0
750,3,39.49853199124494,40.9265431883528,0,5,1,0
751,3,30.725629490086906,45.06969193945422,0,10,0,0
752,3,50.00799814647188,54.8229304598963,0,7,1,0
753,3,82.64157813781826,56.67416866566666,0,8,0,0
754,3,33.97936406365756,33.814095762580116,0,4,1,0
755,3,64.76238235489437,52.46894636133596,0,6,1,0
756,3,39.924166825798935,48.59418775342732,0,7,1,0
757,3,58.04081245726596,61.05463718945138,0,3,0,0
758,3,58.78487412519541,52.15014811395993,0,4,1,0
759,3,52.62519663479187,51.74413056562873,0,5,0,0
760,3,66.49639604515146,61.174767027224014,0,5,1,0
761,3,71.61279568701521,54.34751492152776,1,3,1,0
762,3,25.519711652128752,37.626797514552806,0,6,1,0
763,3,50.36940353028206,54.66820005044821,0,6,0,0
764,3,54.555681901230024,64.48938866025314,0,9,1,0
765,3,50.28809253476651,42.91250688753743,0,3,1,0
766,3,51.48318477556183,49.7723813543631,0,5,0,0
767,3,45.355705001954696,37.49559710306983,0,4,1,0
768,3,55.50961710163259,39.15557595313525,0,4,1,0
769,2,16.492139257318517,21.00449743026833,0,5,1,0
770,3,56.07190595759615,57.57396692388987,0,7,1,0
771,3,70.29105123771139,63.67261096239006,0,7,1,0
772,3,65.00056382960005,54.06277626853509,0,3,1,0
773,3,35.57565937354859,37.18057829033408,0,4,1,0
774,3,44.82214834779646,44.88278895438669,0,4,1,0
775,3,10.311126609242628,48.5703014584004,0,4,0,0
776,3,76.30589967139377,63.6131723623704,1,4,0,0
777,3,46.086184052573,59.745350616055404,0,5,0,0
778,3,38.48479334896777,32.88820214844149,0,3,0,0
779,3,49.92999988071868,43.9836190812581,0,8,1,0
780,3,49.24296755660719,48.159447620674584,0,2,0,0
781,3,47.97560024947369,28.106419128474506,0,2,1,0
782,3,42.452544709104814,52.636458344947485,0,6,0,0
783,3,29.555239138680708,20.24281409362015,0,3,1,0
784,3,56.42708681320182,63.454878336214264,0,4,1,0
785,3,65.07198092746064,66.20304307128785,0,3,0,0
786,3,54.20233615386891,49.703962493424285,0,3,0,0
787,3,51.69832019322904,48.6618929651179,0,5,0,0
788,3,58.79133101893696,65.91216851139656,0,6,1,0
789,3,58.6646603782755,48.41921786619681,0,5,1,0
790,3,60.07314703873118,54.93008254936074,0,6,0,0
791,3,73.48157953838522,60.692303016854254,1,2,1,0
792,3,34.18100067395844,39.55781570711614,0,6,0,0
793,3,56.15371047497926,45.19397684238316,0,5,1,0
794,3,56.57323004524023,49.19882840604175,0,6,1,0
795,3,67.88796348221236,69.66105110362368,0,4,0,0
796,3,57.45850029048451,40.559635871093576,0,6,0,0
797,3,48.662751312098464,64.88506400012318,0,12,1,0
798,3,42.518370685928296,49.37713636128922,0,9,0,0
799,3,50.33865180783985,61.03574122386452,0,9,0,0
800,3,53.697355679281664,59.2499762603265,0,3,0,0
801,3,49.6228198166265,35.663727286971245,0,5,1,0
802,3,49.95932422233599,54.60239756377467,0,7,1,0
803,3,40.65545071527268,30.956498948664656,0,5,0,0
804,3,55.37196606533839,53.845343008007106,0,8,1,0
805,3,45.28762663359894,37.81908512069328,0,8,1,0
806,3,38.79921409560078,51.5487049180891,0,6,0,0
807,3,34.47753543958125,53.872243499968185,0,6,0,0
808,3,48.294699379057164,45.93509883691961,0,5,0,0
809,3,54.72364182319891,44.07516024452937,0,3,0,0
810,3,35.721451236251106,44.16627256592852,0,7,1,0
811,3,47.016387195856055,51.84818973513133,0,7,1,0
812,3,63.53393744715031,61.34839892801651,0,7,1,0
813,3,68.95438799300311,64.918150702596,0,6,0,0
814,3,19.584280288903916,10.26337504130991,0,1,1,0
815,3,61.33303951767688,44.6564811489725,0,5,0,0
816,3,61.00440391712994,46.13217701233741,0,4,1,0
817,3,25.965009275786567,25.02186395961529,0,6,0,0
818,3,42.62184817997543,37.508845655349596,0,6,1,0
819,3,54.31393321089217,46.24425125373282,0,3,0,0
820,3,51.31038047296968,45.19566028956086,0,6,0,0
821,3,36.28679070452683,42.3719599709727,0,6,0,0
822,3,52.637958965632215,41.42931473375126,0,5,0,0
823,3,58.492529067337465,40.998074275988,0,5,1,0
824,3,0.0,30.696068951658376,0,5,0,0
825,3,34.844696576060585,36.76169274563111,0,8,1,0
826,3,54.211443889493566,40.081713896515595,0,4,1,0
827,3,72.45745970911794,83.17847036997138,1,8,1,0
828,3,25.881419625476017,26.65781652030192,0,4,1,0
829,3,67.9019264363292,56.88236699637846,0,2,0,0
830,3,58.61348635247348,46.651146779910356,0,6,1,0
831,3,43.46090535625853,53.40474528575183,0,5,0,0
832,3,56.820732689723,43.81119039568252,0,6,1,0
833,3,41.09675114296288,39.49326131750951,0,8,0,0
834,3,25.02074058266456,41.888835358949464,0,9,0,0
835,3,68.64065582782482,66.49185655784763,0,7,0,0
836,3,40.80480797028664,26.81708866344876,0,2,0,0
837,3,66.14387271438889,64.03765366660818,0,12,0,0
838,2,57.16971326427359,61.47408549477811,0,9,1,0
839,3,43.10197252510677,28.9174004273419,0,2,1,0
840,3,60.50282624422083,48.09326395793852,0,7,0,0
841,3,48.81288355117908,43.30268494078409,0,2,1,0
842,3,61.80860482989528,44.37394099328931,0,5,0,0
843,3,48.95154000424754,57.13030732932649,0,9,1,0
844,3,21.033163408332616,29.560117716922726,0,2,1,0
845,3,33.979319045659196,36.956497571307935,0,5,0,0
846,3,70.90031568191553,69.4005477890789,0,5,1,0
847,3,49.72805414320212,46.01140270904785,0,3,0,0
848,3,24.822230216964186,40.66959239153163,0,4,0,0
849,3,62.27811004553086,44.03467129517565,0,4,0,0
850,3,70.79524906750322,74.52616185924178,0,5,0,0
851,3,35.43455730314423,42.91298672220757,0,8,1,0
852,3,41.94306192985651,41.076114964715615,0,1,0,0
853,3,30.045636494894794,39.590997717067864,0,6,1,0
854,3,28.530618153594418,25.54687369916816,0,4,1,0
855,3,33.629310648328435,27.228948960251078,0,5,1,0
856,3,51.43869998659462,42.143810804032505,0,3,1,0
857,3,28.279081365638625,34.435410801691354,0,2,1,0
858,3,44.392703681722146,43.06238907274995,0,3,0,0
859,3,38.60864638580378,39.056142921171755,0,6,1,0
860,3,43.47979845022762,33.08532113781856,0,4,1,0
861,3,59.94232267103734,33.64579754553148,0,1,0,0
862,3,50.84047567392517,42.399731705587186,0,6,1,0
863,3,32.64078940259283,23.974674500522752,0,3,0,0
864,3,52.10078867397757,44.98712711050726,0,3,0,0
865,3,36.67547492493114,36.155708943506596,0,4,1,0
866,3,15.626628295384991,39.55840162105137,0,5,1,0
867,3,33.45168957238245,38.80398903203422,0,4,1,0
868,3,40.569418146412154,49.012716119052584,0,7,1,0
869,3,56.62184296516324,48.0255814869257,0,4,0,0
870,3,82.37995564528926,64.48231313772864,1,7,0,1
871,3,61.84082728434276,55.98391658199069,0,3,1,0
872,3,47.063174841352975,45.29223250567543,0,4,1,0
873,3,54.29947476625823,71.48967307673506,0,10,0,0
874,3,75.65104373605361,73.37620025404341,0,7,0,1
875,3,0.0,32.578279353075516,0,2,1,0
876,3,62.55361239852638,48.73188826640824,0,2,1,0
877,3,34.78587372553782,38.97519662054298,0,5,1,0
878,3,72.99632909604328,65.03752235493776,0,7,1,0
879,3,74.16878030176463,51.275648213365955,0,4,1,0
880,3,46.34349970552669,51.111574088199255,0,7,0,0
881,3,63.055491483718015,75.22283569144338,0,9,0,0
882,3,67.68774159006526,71.64567290074237,0,7,1,0
883,3,63.54960232012911,53.78899748140932,0,3,0,0
884,3,43.05338358209226,50.89571315284626,0,9,1,0
885,3,45.632297330312205,43.79088090388567,0,3,1,0
886,3,66.31015796828284,40.961787118204974,1,5,0,0
887,3,66.56993164312476,62.590617323736865,0,6,1,0
888,3,47.76590216374532,36.850980664505585,0,6,1,0
889,3,61.03293007283591,54.4359544109772,0,6,0,0
890,3,52.681944447788766,53.404433873949216,0,5,1,0
891,3,16.307322099569575,8.967125603177921,0,1,1,0
892,3,38.40565779415703,35.67451391545622,0,2,0,0
893,3,36.76327179531984,30.889783802771866,0,7,1,0
894,3,59.450664686490384,47.90725649188215,0,1,1,0
895,3,67.34881107231027,68.14037706621099,0,3,0,0
896,3,79.46973430467342,55.300774812758874,1,0,1,0
897,3,63.69854352787584,57.31038975792248,0,8,0,0
898,3,34.95046936504296,33.08966724817043,0,3,0,0
899,3,40.82709885806089,36.01256673633233,0,6,1,0
900,3,40.71936962117311,51.99044158104532,0,4,1,0
901,3,63.279887200705815,41.13252455876021,0,4,1,0
902,3,81.01555009789925,63.61006289422631,1,2,1,0
903,3,39.56827841974462,56.4531304152402,0,12,0,0
904,3,36.106327279365104,53.717196439555124,0,7,0,0
905,3,59.56789502983879,69.52106094897648,0,6,0,0
906,3,45.24596764450152,40.2394841670821,0,2,1,0
907,3,74.47724165499231,80.08060986401564,1,8,0,1
908,3,46.67295536337278,44.51336997610192,0,4,1,0
909,3,47.1602283773078,39.653901876934306,0,6,1,0
910,3,50.95680414423982,49.894531735766876,0,6,0,0
911,3,100.0,60.016481979253086,0,4,1,0
912,3,33.344175966895975,45.06996195331602,0,5,0,0
913,3,68.63321908373739,44.61413079248967,0,5,0,0
914,2,34.45298349508012,45.18474206136706,0,2,0,0
915,3,36.46768694554187,46.2264623117568,0,4,0,0
916,3,66.6908402098653,67.2122518524786,0,7,1,0
917,3,61.23104925620887,45.25080842033188,0,2,1,0
918,3,29.56770371342662,22.15001220227559,0,3,1,0
919,3,41.9975228920763,65.03037305901621,0,7,1,0
920,3,66.44503945972976,56.801401084032655,0,3,1,0
921,3,30.557442094369474,45.072060242941916,0,5,1,0
922,3,36.06998534507235,31.21637506190058,0,6,1,0
923,3,61.71905804241439,45.61158305631403,0,6,1,0
924,3,78.81725080946542,78.20874096332373,0,4,1,0
925,3,35.97788815398622,21.799841577662665,0,1,1,0
926,3,60.97542968825626,56.16953854827014,0,9,0,0
927,3,31.620833420619142,41.338403462950595,0,2,0,0
928,3,61.14735265126589,49.79906965382327,0,6,0,0
929,3,13.33857859552961,21.339618957433622,0,2,1,0
930,3,43.793086751742926,50.060099900298006,0,7,1,0
931,3,56.923488826633154,44.934881279040404,0,3,0,0
932,3,34.579154152742476,45.470730906243986,0,3,1,0
933,3,55.43713139088744,61.27436279567575,0,5,1,0
934,3,49.04328441872273,52.20613424919379,0,2,0,0
935,3,37.491815323200825,35.51075303745183,0,5,0,0
936,3,65.0540580725172,43.19495463283399,0,3,1,0
937,3,49.006527133625234,46.918110693739294,0,3,0,0
938,3,36.27146674544811,44.70324791056624,0,7,0,0
939,3,55.00252800934222,45.95817301150952,0,5,1,0
940,3,53.161886484826695,50.429404716202725,0,5,0,0
941,3,30.68045641141155,43.98377289808918,0,3,1,0
942,3,56.694457996209614,56.99525605580797,0,4,0,0
943,3,17.454708061053225,38.50800688968174,0,7,1,0
944,3,42.14979677483987,49.8857820411918,0,8,1,0
945,3,21.696234449302892,40.34938185254543,0,6,1,0
946,3,43.04024783937096,33.38154111126672,0,4,1,0
947,3,52.705437356609615,36.5264334429297,0,3,1,0
948,3,0.0,52.86391732809171,0,4,0,0
949,3,63.589904223837,68.32518744186555,0,9,0,0
950,3,35.149697415603725,31.536111889608364,0,3,1,0
951,3,57.329354368595304,34.69932781317371,0,3,1,0
952,3,59.01931255180857,50.83125014075429,0,8,1,0
953,3,53.006233030110025,38.454855652287,0,3,1,0
954,3,43.824708426126406,38.20147096400016,0,7,1,0
955,3,59.730785776171224,63.29380052772541,0,6,1,0
956,3,32.76022759449941,28.52461958713852,0,4,1,0
957,3,74.11309788778509,66.8953798639907,0,4,0,0
958,3,28.67069573849298,47.23120974044164,0,7,1,0
959,3,44.187460031476746,45.948530230317225,0,5,0,0
960,3,48.42061164009011,37.60207468744246,0,1,1,0
961,3,41.88016029481175,43.23150141615967,0,7,1,0
962,3,63.614687491057886,52.71008222132814,0,8,1,0
963,3,67.64614661895483,56.135580723902834,0,6,1,0
964,3,62.182343508075235,57.041965190664996,0,5,1,0
965,3,64.12199803419742,64.86229938005746,0,8,1,0
966,3,54.48015672634599,39.31383525563041,0,6,1,0
967,3,62.97580855752403,49.89537137485105,0,2,1,0
968,3,17.700300083399675,34.18641540841743,0,11,0,0
969,3,57.20976462475701,42.71217499616619,0,3,1,0
970,3,54.19753766849414,40.68411215254981,0,5,1,0
971,3,59.55521053200863,53.02979425940618,0,4,1,0
972,3,43.35721832584639,36.40493925307808,0,7,0,0
973,3,72.3105777982257,68.13038554668121,0,13,1,0
974,3,29.312483072968345,27.86137075904953,0,2,0,0
975,3,64.38134436214384,65.1685552055894,0,4,1,0
976,3,38.65017836363848,37.88171279880779,0,3,0,0
977,3,39.403751039203385,29.595344300974503,0,5,1,0
978,3,38.148469479722955,47.270244295789645,0,5,1,0
979,3,42.3231409846254,38.85478043374622,0,5,0,0
980,3,40.841508407490075,46.85790244468477,0,2,1,0
981,3,37.12260140630577,25.140236457472007,0,2,1,0
982,3,68.90806790555385,62.20961062892183,0,5,1,0
983,3,54.041092438931386,54.04418874483274,0,6,1,0
984,3,91.52838036565608,44.61682320047341,0,4,0,0
985,2,48.47612567845053,48.80252770879623,0,4,1,0
986,3,44.37835028295197,33.559254074839245,0,4,0,0
987,3,47.062784165736566,54.19865404665273,0,2,1,0
988,3,40.919127303675005,36.084778852529254,0,3,1,0
989,3,28.147992627069215,43.40632216519008,0,4,0,0
990,3,66.9951196317659,64.03133075414502,0,6,1,0
991,3,47.31591093470207,56.720892995160376,0,6,1,0
992,3,37.428462576244236,46.92881801663576,0,6,1,0
993,3,61.16697967137653,62.03666027792947,0,14,1,0
994,3,65.70002461184968,66.27021702252188,0,6,1,0
995,3,52.34147330817581,46.28033846577581,0,6,1,0
996,3,53.15766970554168,42.156184292713306,0,1,1,0
997,3,41.27492113829334,36.72929812295458,0,5,1,0
998,3,62.658440277744305,71.9072771636698,0,8,0,0
999,3,47.569952663751046,46.98056693102816,0,4,0,0
1000,3,38.50798604363947,17.505565194924515,0,1,1,0
1001,3,21.34776755518331,45.82106864081873,0,2,1,0
1002,3,43.589686164500144,45.6229290800617,0,5,0,0
1003,3,41.89061580209449,57.39245232644343,0,8,1,0
1004,3,31.547009721295925,50.71316176683638,0,4,0,0
1005,3,67.27813865412946,62.00869901267559,0,7,0,0
1006,3,71.67622503893922,49.07367002203028,1,3,1,0
1007,3,30.386669161484722,33.9617618379917,0,9,0,0
1008,3,20.50274152993545,41.03475892618845,0,3,1,0
1009,3,23.971243208319144,36.97015341554766,0,7,1,0
1010,3,61.33009225509366,38.85450355179246,0,1,1,0
1011,3,54.46303788982065,62.548611079179594,0,8,0,0
1012,3,58.04395785945614,42.95601303340232,0,6,1,0
1013,3,53.01092763015315,55.23243252695398,0,6,1,0
1014,3,66.98061741403329,66.62779873714685,0,8,1,0
1015,3,42.84266342831509,54.21320347221226,0,7,1,0
1016,3,23.863610485438926,23.126791717895586,0,6,1,0
1017,3,48.298647628493285,49.22056830776103,0,2,1,0
1018,3,33.23925975986074,40.038661103950915,0,10,1,0
1019,3,49.76582219407122,40.93915456825513,0,4,1,0
1020,3,61.68733999928634,52.35381492516443,0,6,1,0
1021,3,45.40287183728672,35.47070968724986,0,3,0,0
1022,3,31.715320295307105,19.846694712461883,0,2,0,0
1023,3,47.574121058945316,61.75884443703281,0,8,0,0
1024,3,34.351476679550025,22.876359837927474,0,3,0,0
1025,3,46.607596779549006,60.53043600009109,0,6,0,0
1026,3,55.48298111135348,47.721479934074914,0,6,1,0
1027,3,56.654794921213224,56.08104485530145,0,2,1,0
1028,3,44.57673593640764,61.314184952969576,0,6,0,0
1029,3,54.383802115564215,57.40032239018519,0,6,1,0
1030,3,54.337661884960056,52.22904768636815,0,11,0,0
1031,3,54.849089662851526,41.0107882583258,0,5,1,0
1032,3,26.073484120163418,42.178530219570575,0,9,1,0
1033,3,82.62031318579619,82.44645197236004,0,5,0,1
1034,3,100.0,45.64923125869659,0,1,0,0
1035,3,65.06961804836875,55.12053733876403,0,5,1,0
1036,3,44.30062951417212,37.984118279127955,0,2,0,0
1037,3,37.80409477421348,33.66997917303055,0,6,0,0
1038,3,47.31418357164162,34.85293566428881,0,3,0,0
1039,3,8.150593758177937,17.359517929874237,0,4,1,0
1040,3,74.43774285869281,59.66513033190235,1,4,1,0
1041,3,36.93181919250516,44.76719784871013,0,6,1,0
1042,3,37.70558951520665,34.80577884857984,0,3,0,0
1043,3,55.756042497968444,45.95970568509166,0,6,1,0
1044,3,55.85194653291069,48.09981950703598,0,2,1,0
1045,3,77.21788043923445,64.03764475066573,1,3,1,0
1046,3,19.713828984207638,11.863080169642384,0,2,1,0
1047,3,53.9867838192516,57.64042438940557,0,6,1,0
1048,3,0.0,43.535958710292945,0,1,1,0
1049,3,36.37291270476054,43.117301702533545,0,7,1,0
1050,3,59.525865220461746,49.41543606843036,0,9,1,0
1051,3,86.47269727359384,71.0323554958925,0,6,1,0
1052,3,49.28307520202039,28.781553269540364,0,3,1,0
1053,3,56.312478752661605,58.02680221076502,0,7,1,0
1054,3,52.53899709426633,35.69384281061677,0,7,1,0
1055,3,43.68533888548129,51.94674541683808,0,8,1,0
1056,3,40.47108412738207,48.029725591476584,0,0,0,0
1057,3,58.95700444690014,50.71050614174119,0,4,1,0
1058,3,66.70598441854631,65.66855709727493,1,5,0,0
1059,3,32.49577805623702,36.53663145751892,0,2,0,0
1060,3,98.33322928260662,83.49133501055557,1,6,0,1
1061,3,59.341867196465294,56.583319886471486,0,4,1,0
1062,3,48.512045925457514,35.4215728072996,0,4,1,0
1063,3,54.5193389276606,52.37297717646551,0,9,1,0
1064,3,45.49206091647215,62.92041282965692,0,6,0,0
1065,3,33.64377917019144,37.56023007123943,0,4,1,0
1066,3,45.90745460822983,41.83466021265016,0,6,0,0
1067,3,54.2272285006124,46.11502072087712,0,7,0,0
1068,3,41.85263935706609,43.47531229925058,0,3,0,0
1069,3,69.68564840048334,50.329646447827955,0,4,1,0
1070,3,1.916279809491813,9.053258145758772,0,3,0,0
1071,3,54.92180232430366,39.345213660708275,0,3,1,0
1072,3,40.424165758730545,39.922014213466866,0,2,0,0
1073,3,47.49622767452719,38.332634105701786,0,6,0,0
1074,3,51.8592314920804,65.06935519536977,0,6,1,0
1075,3,51.16417410847796,50.47045485870074,0,4,1,0
1076,3,55.83800778386,70.27336987413048,0,7,1,0
1077,3,39.791554476561004,45.134461711768,0,6,1,0
1078,3,65.57790476319543,60.66691918142793,0,5,1,0
1079,3,67.38257338942151,68.76371191499474,0,6,0,0
1080,3,59.867776591977474,49.03315201632381,0,5,1,0
1081,3,41.4696601681512,46.1050100494184,0,7,1,0
1082,3,56.347220503510435,40.54240121891013,0,4,0,0
1083,3,68.6057427845036,66.4702237207921,0,7,1,0
1084,3,29.188671095559933,34.605663029298476,0,5,0,0
1085,3,28.62299330221242,41.5351670577391,0,8,0,0
1086,3,45.26626046619671,35.88054831246175,0,3,1,0
1087,3,53.03213685970765,51.29341691619581,0,5,0,0
1088,3,63.00556843135105,67.47120000430452,0,9,1,0
1089,3,52.091340134375706,40.58337747089626,0,3,1,0
1090,3,96.22299232950765,72.25551514527672,1,5,1,0
1091,3,64.14993126013421,63.31876672558065,0,9,0,0
1092,3,46.44867679308219,47.740106670375134,0,4,1,0
1093,3,41.267397076809345,42.24857005076327,0,9,1,0
1094,3,62.88678546693717,63.78159810180942,0,7,1,0
1095,3,85.25222796563921,83.64201623487197,1,7,0,1
1096,3,46.612815343811455,61.63756933562844,0,3,1,0
1097,3,40.41735951876848,43.33146013199042,0,5,1,0
1098,3,64.4614105846482,50.82962916126367,0,9,1,0
1099,3,37.68111986455372,48.4323244884187,0,5,1,0
1100,3,33.071531330097706,40.45959561648942,0,2,0,0
1101,3,45.21894191085457,47.577486960726766,0,4,1,0
1102,3,55.1454117254117,47.258312846038045,0,8,1,0
1103,3,56.15788704625714,59.1430922339096,0,7,1,0
1104,3,52.81499366265746,56.02721858310368,0,3,1,0
1105,3,67.29875800185853,52.5057083901957,0,3,1,0
1106,3,39.42946882459124,46.649185387889915,0,7,1,0
1107,3,47.93887402539144,40.87392313440694,0,3,0,0
1108,3,38.789009612396335,38.00207144753206,0,3,0,0
1109,3,44.32846398078214,40.7402930868728,0,2,1,0
1110,3,26.307432763190725,22.96376508567275,0,4,1,0
1111,3,67.64114631786144,70.08496316900356,0,4,0,0
1112,3,47.92288885800391,48.866589556385016,0,5,1,0
1113,3,49.07410348762736,55.12926310714078,0,6,0,0
1114,3,56.277691880137326,45.11828203655066,0,2,1,0
1115,3,70.76793915249581,69.24388956394753,1,6,1,0
1116,3,60.13176813238203,46.668583206377846,0,5,1,0
1117,3,58.468644383826096,30.214491607948197,0,3,1,0
1118,3,38.776017020065595,47.95859269601345,0,4,0,0
1119,3,68.87349268570178,44.83993897466107,0,2,1,0
1120,3,48.21958932931804,57.96143619457958,0,5,1,0
1121,3,54.32603128372274,47.03895963919961,0,2,1,0
1122,3,40.150867203433705,43.356464518981454,0,6,1,0
1123,3,47.579923099075465,54.67565910749133,0,7,0,0
1124,3,66.67283096969018,47.23783181833619,0,6,1,0
1125,3,45.33159429340852,30.244159109398304,0,4,1,0
1126,3,63.38394827340435,61.140532707518034,0,5,1,0
1127,3,50.88745956585334,50.62752397644322,0,5,1,0
1128,3,47.03330852924147,48.514980608332294,0,6,1,0
1129,3,65.52195862139102,71.62703755743104,0,7,1,0
1130,3,45.73962490339318,40.402119870447656,0,5,1,0
1131,3,41.1143025061676,46.60200685465759,0,6,1,0
1132,3,24.311920771076974,45.56715550567459,0,6,0,0
1133,3,67.66639410217175,45.951730773778344,0,3,1,0
1134,3,78.96074456299051,46.27132367998289,1,1,0,0
1135,3,29.181627818013137,22.87255366971194,0,5,0,0
1136,3,45.86100142496449,35.41914881684907,0,5,0,0
1137,3,62.05927567219678,59.87843278068797,0,5,1,0
1138,3,57.12354713906143,64.15861072876554,0,4,0,0
1139,3,48.819203165359156,44.21413905555614,0,2,1,0
1140,3,65.04776242678128,60.6772970749107,0,1,0,0
1141,3,76.7904197256887,73.45798278874491,0,7,1,0
1142,3,57.26971537994248,43.98722732018559,0,7,1,0
1143,3,9.404110446945234,15.54893862328096,0,4,1,0
1144,3,83.03273535039042,57.957878259931285,1,2,0,0
1145,3,48.88169459750991,61.980470940815295,0,6,1,0
1146,3,80.53301007305862,62.351552862966386,0,4,1,0
1147,3,60.33742475847366,43.075996560347434,0,5,0,0
1148,3,27.775192272985045,39.07994382890431,0,6,1,0
1149,3,52.10237144863765,39.696712581692765,0,3,1,0
1150,3,90.17588448374927,63.40736232926374,1,7,1,0
1151,3,69.16318462000065,62.97661385493684,1,6,1,0
1152,3,70.38618461450196,60.989869193785054,0,4,1,0
1153,3,53.869234655748315,36.40050793122843,0,3,1,0
1154,3,62.251874741665354,58.16433557575267,0,4,1,0
1155,3,28.797394484897996,49.65539432739212,0,5,0,0
1156,3,39.597459966647165,64.23954049709022,0,11,0,0
1157,3,49.7056115787836,50.00462752603045,0,6,1,0
1158,2,57.402587992484534,63.156478476562626,0,4,1,0
1159,3,33.2641428029549,38.930364864282055,0,2,1,0
1160,3,61.178288877817536,67.52553941107675,0,11,0,0
1161,3,24.27883230446168,31.505469919202255,0,5,1,0
1162,2,38.798085372964856,43.77791909558784,0,5,1,0
1163,3,62.46201167074459,44.91499254704944,0,3,0,0
1164,3,62.939526956315845,51.33492948479004,0,4,1,0
1165,3,40.13400248104403,30.71693449987026,0,5,1,0
1166,3,49.98636657153127,38.876604311540305,0,7,1,0
1167,3,19.20148607182748,23.946411641597166,0,5,1,0
1168,3,75.07424085075564,55.540579518680254,0,3,0,0
1169,3,43.2300277521712,63.4264151569487,0,6,1,0
1170,3,47.96125592293198,36.55749822752263,0,5,1,0
1171,3,51.58513940544916,56.222255443118485,0,7,1,0
1172,3,38.79497110664123,43.63756754563523,0,3,1,0
1173,3,30.477928225244025,43.569848179451434,0,8,1,0
1174,3,45.47161507362955,55.36229557956121,0,8,1,0
1175,3,66.53222350118982,38.916864538439874,1,1,1,0
1176,3,53.04227112538456,58.122700428987294,0,7,0,0
1177,3,95.9663969842345,73.52479883353935,1,7,1,0
1178,3,44.55443024466943,43.88504376233382,0,3,1,0
1179,3,29.670286259302557,34.98791858883748,0,5,1,0
1180,3,55.97997975249326,39.269160858156944,0,3,1,0
1181,3,47.426187613246825,32.99955975618656,0,5,1,0
1182,3,45.800982833356564,48.04293051292639,0,6,0,0
1183,3,54.69741724755599,56.16399933404044,0,7,1,0
1184,3,51.566116401851126,59.21540368255656,0,2,1,0
1185,3,44.44748484618764,63.7448552804246,0,9,0,0
1186,3,48.36973444614054,53.28992800941437,0,5,1,0
1187,3,53.89765527697079,50.39444033784374,0,6,1,0
1188,3,83.53774897094897,54.11238591170492,0,6,1,0
1189,3,35.685290916833125,41.96493427805148,0,6,0,0
1190,3,54.98883552429119,57.85210355738168,0,6,0,0
1191,3,53.246157736692,31.66120909502957,0,1,0,0
1192,3,44.99005878137688,54.30842284158637,0,8,1,0
1193,3,93.17773933729217,62.68311092781775,0,5,1,0
1194,3,13.094679400054455,23.512330626348174,0,4,1,0
1195,3,72.06371465930545,46.86698194971808,0,3,1,0
1196,3,56.35456228408025,47.81747672314147,0,2,1,0
1197,3,43.86301873059857,40.903858997081635,0,8,1,0
1198,3,54.71846117404722,67.02116412916561,0,7,0,0
1199,3,46.083009664961445,33.7608118282655,0,5,1,0
1200,3,50.643701033333386,54.162620466657415,0,4,1,0
1201,3,62.953837326832506,69.55841786033822,0,8,0,0
1202,3,53.68856020062393,42.84251637531873,0,5,0,0
1203,3,59.566732133407584,64.1960325351632,0,3,1,0
1204,3,47.64952450849531,28.39432278806894,0,2,1,0
1205,3,48.99821107617499,64.33801274119331,0,7,1,0
1206,3,60.30428259987199,65.43552660932707,0,8,0,0
1207,3,49.68554300918691,38.83283457728687,0,4,0,0
1208,3,31.53609506079187,22.93131149015446,0,3,1,0
1209,3,71.37332410951103,63.237222538178344,0,6,1,0
1210,3,26.45545312127277,35.636858146900984,0,10,1,0
1211,3,50.61526986999042,47.977248049481126,0,3,1,0
1212,3,34.66769394105481,37.74392322456054,0,3,1,0
1213,3,30.08757435597953,18.67936550197995,0,2,1,0
1214,3,62.55378875348122,50.744082705768,0,4,1,0
1215,3,63.204370363158766,52.32137501891957,1,2,1,0
1216,3,44.71386577769897,49.23628368549315,0,1,1,0
1217,3,49.126672011968296,45.54047898392961,0,3,1,0
1218,3,55.74263078353678,64.43432822947925,0,3,0,0
1219,3,61.942786424994146,73.591311562953,0,10,0,0
1220,3,23.01987143536946,29.337720788146147,0,3,0,0
1221,3,64.21478213405287,40.47757270858852,0,4,1,0
1222,3,28.499934958080733,45.59645181281587,0,3,0,0
1223,3,45.743728896451366,36.05651079269137,0,5,1,0
1224,3,47.225173209536386,55.3636769870799,0,6,1,0
1225,3,59.83712499574958,47.4520549522764,0,1,1,0
1226,3,32.04641973046535,51.933586724300554,0,8,0,0
1227,3,56.61016121397114,64.85082116982747,0,5,0,0
1228,3,54.46828644828831,41.73368767406993,0,1,1,0
1229,3,64.91205906018732,61.93445102120468,0,10,0,0
1230,3,71.90453404378754,57.97946605089219,1,2,1,0
1231,3,18.110924162299394,35.59306955084084,0,3,1,0
1232,3,47.674843911962384,54.4310164669629,0,11,1,0
1233,3,57.91337114376898,67.24189068889929,0,6,0,0
1234,3,60.36216388992499,46.197868311905765,0,6,0,0
1235,3,36.769466703184264,43.64371189305539,0,6,1,0
1236,3,57.03769534704412,60.62742641064581,0,7,1,0
1237,3,61.69025848077825,38.5934717111965,0,7,0,0
1238,3,51.475751307448206,39.42201371666956,0,3,1,0
1239,3,63.58658015756301,47.73099340852997,0,3,1,0
1240,3,35.5969604976352,15.41596993313205,0,1,1,0
1241,3,37.281616037221404,32.432660542002694,0,4,1,0
1242,3,46.34317048480947,31.24165469141702,0,3,0,0
1243,3,44.14018054256349,52.91432854207954,0,3,0,0
1244,3,24.5712413735503,38.3665312352254,0,6,1,0
1245,3,56.73896174419368,78.67693690022838,0,8,1,0
1246,3,54.413899097778945,48.09586255255745,0,3,1,0
1247,3,24.474401514784777,31.164326812207182,0,3,1,0
1248,3,67.84098306328312,44.49983196340829,0,6,1,0
1249,3,50.67637574695436,39.93893428983658,0,4,0,0
1250,3,47.904577897737624,51.28636461005937,0,2,1,0
1251,2,83.85006165188331,88.3495853492444,1,5,1,1
1252,3,43.97652175076667,59.827855512779415,0,7,1,0
1253,3,44.13810369305307,32.284350023569026,0,4,1,0
1254,3,58.7723624327854,55.47971540661545,0,4,1,0
1255,3,36.776508206012274,50.886461060856504,0,6,1,0
1256,3,41.20344569877872,40.33011734702049,0,4,0,0
1257,3,57.87167439218347,36.73439698222253,0,1,1,0
1258,3,74.99697663084972,77.7095711525525,0,8,1,0
1259,3,65.79742303073968,59.416600672126926,0,6,1,0
1260,3,59.15466722088978,43.681585728185894,0,3,0,0
1261,3,85.99879849081573,52.90694085842037,1,4,0,0
1262,3,41.87716920564869,42.96491982005959,0,3,1,0
1263,3,33.721286463892824,30.764943640254025,0,7,1,0
1264,3,53.360338808484805,42.44028544221492,0,5,0,0
1265,3,42.29980604488759,34.02081548175013,0,5,1,0
1266,3,35.6183753510695,36.53834728200058,0,3,1,0
1267,3,15.071315387071332,19.167602874216982,0,7,0,0
1268,3,56.7904338624707,48.93134280735082,0,3,1,0
1269,3,52.9076813257468,47.39616395819452,0,3,1,0
1270,3,41.63280590566244,45.266729992766045,0,5,1,0
1271,3,54.89117163028124,49.07122563664192,0,4,0,0
1272,3,69.20199154350414,72.12890788102986,1,7,0,0
1273,3,13.991468682722875,57.85683272421373,0,5,1,0
1274,3,44.589218488259775,56.30710802330796,0,5,0,0
1275,3,54.90854491168877,53.879903799368904,0,4,0,0
1276,3,36.03539162338678,36.525346316840974,0,6,1,0
1277,3,44.721510052555864,44.168869762485045,0,6,1,0
1278,3,49.94473665082929,55.42973520341591,0,1,1,0
1279,3,46.08260536084563,36.60724501079241,0,3,1,0
1280,3,48.96553131150629,36.20582492241377,0,3,1,0
1281,3,100.0,51.42007417215084,0,9,0,0
1282,3,56.48066284871636,46.27073814911198,0,6,1,0
1283,3,65.02977096566764,40.69543925379294,0,4,1,0
1284,3,89.13318997200152,63.10372657258593,1,0,0,0
1285,3,61.43703828290508,52.26642259647689,0,3,1,0
1286,3,60.600306159142534,49.79313630184105,0,2,1,0
1287,3,56.26382573993518,59.87154220690918,0,2,1,0
1288,3,34.30285480132146,19.580668651111388,0,1,0,0
1289,3,51.81278680405215,54.91837449920815,0,4,1,0
1290,3,40.29457364511849,43.764082552674395,0,3,1,0
1291,3,54.49842411434964,42.003073538471675,0,5,1,0
1292,3,87.82189130466797,67.78466034104575,1,3,1,0
1293,3,44.65401945393631,34.86521877192119,0,1,1,0
1294,3,61.20544496843728,53.15628867747613,0,6,1,0
1295,3,78.58414302240993,73.90063629312723,1,8,1,0
1296,3,0.0,54.690940932724644,0,4,1,0
1297,3,47.89029766575979,47.03199165641148,0,3,1,0
1298,3,62.28618149597401,61.74429863960957,0,6,1,0
1299,3,47.0479328337678,61.13533930176441,0,5,1,0
1300,3,40.277679564184304,58.129166956828925,0,5,1,0
1301,3,62.4985204982886,40.32913456677479,0,2,1,0
1302,3,80.2760954311132,70.14550345331484,1,5,1,0
1303,3,38.567948172643845,40.1976393153765,0,5,1,0
1304,3,42.590112117642214,45.908198062730364,0,3,1,0
1305,3,47.41841050419667,35.46258513760927,0,3,1,0
1306,3,52.5692117862378,44.36590368030541,0,4,1,0
1307,3,61.423331338414414,62.025918317311216,0,5,1,0
1308,3,50.46778854925118,50.58651858449697,0,5,0,0
1309,3,52.834347066522824,50.67281094856706,0,4,0,0
1310,3,69.62272221673672,87.55730495365397,1,11,1,0
1311,3,89.5537154181878,77.42034232088439,0,4,0,1
1312,3,23.906733393428414,26.63092237094655,0,3,1,0
1313,3,44.092500336184074,46.80481641914476,0,5,1,0
1314,3,53.777667970007656,53.488480760502796,0,5,1,0
1315,3,70.49138774084115,59.088664484692366,0,3,0,0
1316,3,50.70229639215647,45.406725497490505,0,1,1,0
1317,3,50.52630299956689,55.1127540334567,0,3,0,0
1318,3,100.0,55.790173348532356,0,5,0,0
1319,3,41.646565146773405,60.65518151641506,0,8,1,0
1320,3,14.733478729382737,19.162941376066897,0,5,1,0
1321,3,46.782415387027086,40.21292213858895,0,2,1,0
1322,3,30.017925399322493,32.13431587145509,0,5,1,0
1323,3,42.43903261580226,56.16626191447229,0,6,0,0
1324,3,48.01227561793437,31.199340256574235,0,4,1,0
1325,3,100.0,49.98725210757535,0,4,1,0
1326,3,74.7640732267181,64.42414029606702,1,8,0,0
1327,3,56.313805204883906,49.382142538310916,0,5,1,0
1328,3,39.85287192884932,20.003038304411536,0,2,1,0
1329,3,36.33545858741111,50.59346130334304,0,5,0,0
1330,3,70.24567525359302,62.87792974564389,0,5,1,0
1331,3,52.08740185964812,39.220926309931,0,4,0,0
1332,3,66.21629358650026,70.51418376493496,0,5,0,0
1333,3,63.0117517688142,51.1983424033337,0,4,1,0
1334,3,26.00538574690434,22.140828162550168,0,3,0,0
1335,3,17.951643559034828,48.67690080576917,0,9,1,0
1336,3,52.580881046871305,56.047197363893574,0,7,1,0
1337,3,73.59953933623817,67.34953975549523,0,7,1,0
1338,3,62.089880501841826,53.3933536166131,0,6,1,0
1339,3,72.0641696915424,51.13835497998898,1,4,1,0
1340,3,44.632373349058845,50.47696095727167,0,3,1,0
1341,3,44.6662876054681,46.67406219590226,0,5,1,0
1342,3,44.33097543528973,58.553400289103294,0,4,1,0
1343,3,58.12402286183442,40.437748908436305,0,5,1,0
1344,3,46.72829344334794,42.52086121232379,0,3,1,0
1345,3,33.20458936389004,47.55542190767926,0,8,0,0
1346,3,35.97659350191755,46.828361684360345,0,9,1,0
1347,3,51.362728563858035,69.005321333475,0,7,0,0
1348,3,64.78352297111604,61.5492574218027,0,2,0,0
1349,3,31.688753505549272,52.56008543625642,0,7,1,0
1350,3,60.8777500745857,34.82840820016629,0,2,1,0
1351,3,44.691254299936624,46.136864804723686,0,3,1,0
1352,3,42.632324607711354,46.177853536701456,0,2,1,0
1353,3,29.520747822831606,42.21426622280503,0,3,0,0
1354,3,35.21569888509023,39.99418973099199,0,4,0,0
1355,3,66.89695797586104,56.33410658847156,0,9,0,0
1356,3,80.76424945311379,75.08505992665813,1,3,0,0
1357,3,62.473254381369266,59.2023591709518,0,9,0,0
1358,3,61.047069540951874,48.65294271019076,0,5,0,0
1359,3,36.65582108889466,39.67568429375045,0,6,0,0
1360,3,14.859387539013495,8.86735123736478,0,1,0,0
1361,3,78.54298530628351,60.57912988615598,1,7,0,0
1362,3,45.669175600478326,29.10299472044502,0,1,1,0
1363,3,63.27151054630923,52.17767423379195,0,1,1,0
1364,3,75.45519665387096,70.284681455308,0,9,0,0
1365,3,82.83833351077773,59.2671766093584,0,6,0,0
1366,3,47.72349907031288,34.90444247021702,0,5,0,0
1367,3,66.05442783972869,60.34476625472861,0,8,0,0
1368,3,40.67370532373335,39.52287890859445,0,4,1,0
1369,3,47.48809457365653,53.29693405190829,0,7,1,0
1370,3,84.4977616903014,66.7105549229926,1,6,1,0
1371,3,22.173754868325293,39.059774725637574,0,2,1,0
1372,3,100.0,100.0,1,5,1,1
1373,3,56.49739987941646,36.25080595014927,0,2,1,0
1374,3,52.52800629604223,47.312992962899905,0,5,0,0
1375,3,43.50091442605318,41.76813753097107,0,4,1,0
1376,3,100.0,23.597663218719294,0,2,1,0
1377,3,62.686680180482675,69.93950883567364,0,7,1,0
1378,3,51.228391859737854,59.90377393161759,0,3,1,0
1379,3,29.810451797103948,38.92548318068569,0,8,1,0
1380,3,52.208734651044225,59.22137879322483,0,8,1,0
1381,3,52.516150645475136,60.62179639875441,0,5,0,0
1382,3,22.848285475205472,60.5910721074432,0,10,1,0
1383,3,57.05018934644792,46.36334158196248,0,3,1,0
1384,3,52.618719232631584,38.35513537389685,0,3,0,0
1385,2,61.349721755666444,57.085525524728666,1,7,1,0
1386,3,69.61405139578883,57.32866431993455,0,3,1,0
1387,3,54.05195090258359,53.98022034903419,0,0,1,0
1388,3,68.40582728431527,58.26577898181235,0,5,1,0
1389,3,58.03605077109391,48.16121892464054,0,5,1,0
1390,3,56.60889526715291,37.743429888452724,0,3,0,0
1391,3,47.013151247795534,40.39407345245163,0,6,1,0
1392,3,49.2031874233266,41.28460039527744,0,5,0,0
1393,3,65.69677497389631,51.80437176740482,0,3,0,0
1394,3,34.78023028448407,55.65611554332808,0,7,1,0
1395,3,58.06617864521928,38.27300243770272,0,1,0,0
1396,3,39.60151528518064,52.715394352194515,0,9,1,0
1397,3,28.07982300858207,44.19536595800504,0,5,1,0
1398,3,33.10998240832773,54.73210632201188,0,7,0,0
1399,3,40.43368001195293,49.800618425354344,0,4,1,0
1400,3,74.62549182331949,56.56764879541484,1,4,0,0
1401,3,35.80260510530336,64.60128806147993,0,6,0,0
1402,3,36.93345688667956,33.713253335937,0,6,0,0
1403,3,11.287923527508214,25.747421413022735,0,4,1,0
1404,3,54.87364396924089,54.39140840862945,0,4,1,0
1405,3,55.85671477988912,46.85194227208147,0,6,1,0
1406,3,65.65939815877319,77.20711363326441,0,8,1,0
1407,3,56.72126913229996,53.44519581614921,0,5,1,0
1408,3,75.85757408843286,68.4207376710346,0,6,1,0
1409,3,42.523303490614374,42.27887441074693,0,4,1,0
1410,3,15.364569580871684,8.909499044896783,0,1,1,0
1411,3,75.67806186697044,64.11920102321287,1,3,1,0
1412,3,15.42609119412998,17.578915852867212,0,1,1,0
1413,3,50.19155021590038,43.52608215608003,0,5,1,0
1414,3,67.30289923366773,60.350523040939464,0,6,0,0
1415,3,28.613278523567175,30.327737706361628,0,7,1,0
1416,3,59.47949130906274,48.772493673662,0,4,0,0
1417,3,84.18098423746933,69.72491553242563,1,5,1,0
1418,3,65.29542112984655,56.39827346178392,0,8,0,0
1419,3,48.57791623703721,62.07027943284792,0,6,1,0
1420,3,68.87831295846928,57.9696282899204,0,4,0,0
1421,3,60.607797961243534,42.90980136461325,0,4,1,0
1422,3,63.3771395619564,48.444699745317266,0,2,0,0
1423,3,47.47750897774449,51.97564454249873,0,8,1,0
1424,2,36.92631782989543,33.78357090084849,0,3,1,0
1425,3,51.61642857445942,35.42014793418717,0,6,0,0
1426,3,69.0342587651562,57.55574318769264,0,1,1,0
1427,3,53.53288401499517,70.96731006655465,0,10,1,0
1428,3,74.99350298136589,61.56380026116409,0,3,1,0
1429,3,28.183120648644223,53.31766612667293,0,7,0,0
1430,3,54.851082785266826,52.49214711659401,0,7,1,0
1431,3,72.80324432491598,53.9451142295191,1,4,1,0
1432,3,39.368686703968834,40.99138310363699,0,2,0,0
1433,3,60.755562827273934,51.12494980624401,0,8,1,0
1434,3,31.117701046996533,49.460386264138485,0,5,1,0
1435,3,34.763380587922235,41.07967069021604,0,5,0,0
1436,3,48.25382801187646,37.658169288351985,0,5,0,0
1437,3,60.743345412499885,57.78429898524571,0,5,1,0
1438,3,45.677424933570535,49.63477682014299,0,2,1,0
1439,3,49.285630802735106,39.25747528453698,0,3,0,0
1440,3,47.19853186744674,51.50725979995297,0,7,0,0
1441,3,53.388555178350416,45.64079880456159,0,6,1,0
1442,3,88.41754439204546,62.6649702211622,1,4,1,0
1443,3,40.69847148626498,50.60752491293448,0,3,0,0
1444,3,59.16601155846871,54.602419267622125,0,2,0,0
1445,3,49.53026742526161,33.299176839972404,0,2,0,0
1446,3,45.874009356231234,50.153438161070916,0,6,1,0
1447,3,24.23855716736236,21.710076109566444,0,1,1,0
1448,3,69.93943252634763,58.02559852807438,1,3,1,0
1449,3,39.253026390004564,45.941801094174366,0,6,0,0
1450,3,36.976824769285116,47.08010197506107,0,3,0,0
1451,3,77.98673375510707,59.03372149453073,0,2,1,0
1452,3,69.6591104200268,56.02267770556674,0,4,1,0
1453,3,53.622538326968396,52.14125768710877,0,2,0,0
1454,3,66.60163911568087,58.80052463534347,0,5,1,0
1455,3,33.724376922431325,45.962610377355375,0,8,0,0
1456,3,74.54289565247761,76.37917985952099,1,3,1,0
1457,3,53.24739157284092,57.570108095516915,0,2,1,0
1458,3,14.057118285915646,11.051800012929737,0,4,1,0
1459,3,65.04457547814049,76.85645835883375,1,7,1,0
1460,3,43.12357692214485,48.98327123138741,0,3,0,0
1461,3,73.37752064797296,69.69540463000149,0,8,1,0
1462,3,31.606437964055488,56.551605045087875,0,9,0,0
1463,3,53.60273511330048,36.251304306701044,0,2,1,0
1464,3,69.57582039567616,69.603961537766,1,7,1,0
1465,3,66.09296522339802,58.51454763552079,0,4,1,0
1466,3,78.87165167474762,77.83818622960924,0,6,0,0
1467,3,44.928818055468156,48.24225763418607,0,4,1,0
1468,3,40.71040375995811,58.75660980398546,0,10,1,0
1469,3,31.19807531739948,37.05568899010678,0,9,1,0
1470,3,58.86473834361682,49.81174814753268,0,7,1,0
1471,3,56.31714513444867,41.346472693630325,0,4,1,0
1472,3,79.14218519527319,51.44215554503836,0,2,1,0
1473,3,47.83843941054826,28.564667768899923,0,3,1,0
1474,3,48.64059038878312,43.36115302135553,0,7,0,0
1475,3,32.16111763114354,21.658462970571293,0,2,0,0
1476,3,50.7506352680492,41.76218181778016,0,5,1,0
1477,3,69.71584636232991,70.03860142736463,0,4,1,0
1478,3,37.05878666265784,51.48296944429377,0,9,0,0
1479,3,35.127387737904094,39.70138911445396,0,4,1,0
1480,3,48.01033283814528,48.54344809167869,0,8,1,0
1481,3,20.25167489993537,29.377457008381754,0,4,0,0
1482,3,72.03744122816887,68.53331797463808,0,7,1,0
1483,3,48.24520822866539,30.353092273944185,0,2,0,0
1484,3,29.34356727969573,30.34828849201075,0,2,0,0
1485,3,45.696678249282755,44.670458730775636,0,5,1,0
1486,3,37.30458396770208,45.023096027666284,0,5,1,0
1487,3,42.00321473467355,40.649362193108146,0,2,0,0
1488,3,46.84531599701692,67.27027541790203,0,10,1,0
1489,3,47.940662582304306,48.412848351713244,0,9,1,0
1490,3,64.0164340874413,58.18932664605145,0,5,1,0
1491,2,39.5482599294148,31.137721553800837,0,6,1,0
1492,3,36.26222543973275,35.8664435418554,0,3,1,0
1493,3,82.19877751707594,67.8308959093892,1,6,1,0
1494,3,55.76024028450277,44.89026402560096,0,6,1,0
1495,3,48.340580142697036,46.641117766324804,0,9,1,0
1496,3,66.99344383567414,69.49229830195365,0,9,0,0
1497,3,24.878595912260117,22.44328232581218,0,2,0,0
1498,3,49.011944228936635,29.89129776295585,0,3,1,0
1499,3,48.83962880139553,52.35546520221154,0,7,1,0
1500,3,40.990219475628365,54.32898901289729,0,7,0,0
1501,3,31.24658481115493,32.29050789072798,0,3,1,0
1502,3,58.14490421590792,50.20327676887792,0,2,0,0
1503,3,62.972648639810146,69.40643783247155,0,7,0,0
1504,3,41.01483554765669,28.933895711130855,0,3,1,0
1505,3,74.43281755719171,75.90375078273976,0,9,1,0
1506,3,55.824336015698265,58.904604080821144,0,6,1,0
1507,3,46.717354553728,42.56754962831973,0,4,1,0
1508,3,80.84563447493974,76.25158999342945,1,8,0,1
1509,3,60.66383021289201,49.39710219835758,0,5,1,0
1510,3,47.65134087657263,45.95391985757998,0,1,0,0
1511,3,66.47029910157363,61.31302346142705,0,7,0,0
1512,3,34.67901372610812,59.53219380146799,0,8,1,0
1513,3,48.750284650301126,52.74258161376428,0,5,1,0
1514,3,43.88580911194452,52.88744109766754,0,3,0,0
1515,3,38.231319006720355,31.02422234159517,0,6,1,0
1516,3,45.263196391200395,38.567055459728564,0,5,1,0
1517,3,41.9241942236122,34.40617993179942,0,2,1,0
1518,3,42.54551748131291,43.17816334337783,0,5,0,0
1519,3,49.767948255055636,54.35426368054223,0,7,1,0
1520,3,41.765141654242555,39.982351350584054,0,2,0,0
1521,3,65.49286944281667,60.90619506679945,0,7,1,0
1522,2,22.158891301293814,38.354048343813375,0,6,0,0
1523,3,52.219304749440575,56.61955395750258,0,7,0,0
1524,3,67.02111791585298,60.75818249282455,0,6,1,0
1525,3,31.602794321678008,44.00262209161167,0,6,1,0
1526,3,50.937228641901065,36.81986170243843,0,4,0,0
1527,2,31.66259994605933,45.88355863892354,0,9,1,0
1528,3,51.81985715550556,50.09178908092292,0,4,0,0
1529,3,73.3614194981131,67.00537850310886,0,9,1,0
1530,3,67.39762284201443,55.79955469655889,1,3,1,0
1531,3,48.6640733537161,40.236710519996464,0,7,1,0
1532,3,39.82602593819542,35.30300492778491,0,3,0,0
1533,3,57.67357241150875,63.59417318977018,0,4,0,0
1534,3,25.28730894960726,25.263030268467315,0,5,1,0
1535,3,100.0,69.65043884955924,1,7,1,0
1536,3,41.88629850806134,55.609813594364056,0,5,1,0
1537,3,43.14681371578034,31.914367723465052,0,3,1,0
1538,3,55.74960917589754,59.86267122344342,0,8,1,0
1539,3,64.89747888299127,52.53365810008762,0,4,0,0
1540,3,54.64194091535806,45.180160370538545,0,7,0,0
1541,3,40.51611673740556,57.32730192956139,0,7,0,0
1542,3,18.096352229069183,26.7018287036712,0,5,1,0
1543,3,31.468242687024592,36.40185385555054,0,4,0,0
1544,3,47.3468181742338,47.4475995429936,0,5,1,0
1545,3,40.1694230354707,56.23034409991175,0,4,1,0
1546,3,57.81439512726337,40.13719262541466,0,4,1,0
1547,3,47.46609043064299,41.73295541076515,0,2,0,0
1548,3,63.51382867883973,71.35391618630251,0,9,1,0
1549,3,58.65181397493966,62.51505913162503,0,8,1,0
1550,3,21.70489288124054,41.927965952677624,0,10,1,0
1551,3,44.324660600447274,36.069338620814065,0,5,1,0
1552,3,64.21891644505638,44.174129508368864,0,4,1,0
1553,3,43.70439443316803,32.78821957149329,0,5,1,0
1554,3,28.3025058393268,33.37783526332211,0,8,1,0
1555,3,34.97710057584528,34.58843390778567,0,5,0,0
1556,3,60.53708775945041,54.950194756841526,0,3,0,0
1557,3,46.292613870666344,34.25628826123028,0,5,1,0
1558,3,64.24522822721659,64.75902620281258,0,8,1,0
1559,3,39.592894512833766,35.34349372092234,0,3,1,0
1560,3,64.82013949831908,53.71982441602775,0,6,0,0
1561,3,46.66452944297596,42.469479593377045,0,7,1,0
1562,3,54.21186492091451,39.10833790209159,0,7,1,0
1563,3,55.2787353464884,53.49574704701504,0,3,1,0
1564,3,59.41811754062941,49.5091285413342,0,4,0,0
1565,3,47.90198790350135,50.15044880943883,0,2,0,0
1566,3,40.39739136375341,49.66575672515579,0,8,1,0
1567,3,36.48174360940575,22.003771270016244,0,2,1,0
1568,3,69.88606780992046,76.31332002537106,0,5,0,0
1569,3,27.048850405175468,44.622311400659015,0,6,0,0
1570,3,55.64001338711472,51.63993417724084,0,6,1,0
1571,3,71.561724626647,58.402154199450045,1,8,0,0
1572,3,68.36764440018149,78.54233493626211,0,8,1,0
1573,3,35.6766579614625,29.54713475392837,0,3,1,0
1574,3,54.89802042048895,68.56918524881988,0,7,0,0
1575,3,66.11493681645203,55.80932049837125,0,7,1,0
1576,3,50.68478610021643,49.45543904119768,0,4,1,0
1577,3,35.56744463923113,39.62292909604628,0,5,1,0
1578,3,50.83645355343643,54.44046677979265,0,7,1,0
1579,3,53.70222071406349,48.5281448742849,0,3,1,0
1580,3,62.612792968706856,52.46511274284128,0,6,0,0
1581,3,39.85182349926547,59.18767999611175,0,11,0,0
1582,3,27.1089094165189,44.60455615809241,0,5,0,0
1583,3,57.08154348336595,60.63289954067726,0,6,1,0
1584,3,52.94178878758046,51.42801739374494,0,5,1,0
1585,3,43.569724375689745,44.14222829378834,0,5,0,0
1586,3,67.09623549278876,79.68056397155463,0,5,1,0
1587,3,45.36950429554955,40.683763085606124,0,6,1,0
1588,3,54.950974439752045,55.957339971151164,0,5,0,0
1589,3,54.703435300368234,39.86810770665938,0,3,1,0
1590,3,37.403771679546686,35.97245801968639,0,3,1,0
1591,3,49.75798801355436,30.053508600883518,0,2,0,0
1592,3,100.0,41.20273097716926,0,6,0,0
1593,3,68.2371485352694,57.452920120582974,0,4,1,0
1594,3,58.018828625943534,38.61337058311922,0,1,1,0
1595,3,22.199910404544994,14.683474358547654,0,2,1,0
1596,3,54.499312275008165,61.85587712102078,0,5,0,0
1597,2,50.40096943416154,47.2746970146512,0,6,0,0
1598,3,59.26298365061688,38.36322601556691,0,1,1,0
1599,3,40.005454425591466,36.4788890271672,0,3,0,0
1600,3,36.75692406367072,44.02308941330624,0,4,1,0
1601,3,52.850985632173604,44.704799977980656,0,2,0,0
1602,3,64.82262012974144,48.293497252285846,0,2,1,0
1603,3,36.46040642932296,33.800181715952235,0,8,1,0
1604,3,18.468556347349562,46.27717348161036,0,3,0,0
1605,3,50.42184109115457,53.25462540871504,0,6,1,0
1606,3,56.08232521913888,52.166180789182356,0,5,1,0
1607,3,63.19221251107206,59.449563877251165,0,2,0,0
1608,3,53.732137706963094,37.04021166752004,0,2,0,0
1609,3,70.36190841666676,55.08071589787357,1,2,1,0
1610,3,32.84003836721645,29.441368362231984,0,6,1,0
1611,3,92.79140887981504,33.36528132914408,0,5,1,0
1612,3,53.864474267855186,54.959800256955766,0,6,1,0
1613,3,8.338388508978875,37.19297501247433,0,5,1,0
1614,3,62.6411055632628,51.677427023608594,0,7,0,0
1615,3,64.07596209793499,60.02197359080733,0,5,1,0
1616,3,34.312756605585555,31.38935336847912,0,4,0,0
1617,3,69.23920282632058,49.580477933266415,0,6,1,0
1618,3,58.615676812951534,47.662880630483,0,7,0,0
1619,3,54.02389788682881,36.59068080656325,0,2,1,0
1620,3,33.717074754048504,49.52392118943302,0,5,0,0
1621,3,61.35506658082504,68.43620605602933,0,7,1,0
1622,3,62.19331336806073,65.34211111073701,0,5,0,0
1623,3,61.79081272798865,66.29505995290914,0,8,1,0
1624,3,23.76761659064936,28.81928053211906,0,4,1,0
1625,3,31.017853930400058,37.20138486090727,0,5,1,0
1626,3,52.152124413249624,34.40923478496938,0,3,1,0
1627,3,43.22412498667759,53.35734292505012,0,4,1,0
1628,3,60.728320779228014,44.27117635887215,0,7,0,0
1629,3,41.044626176600126,32.094009148158406,0,3,1,0
1630,3,46.05148940349733,38.190111488507036,0,2,1,0
1631,3,56.298134810712476,53.645574608041784,0,5,1,0
1632,3,72.4365365094173,59.038125224410656,1,4,1,0
1633,3,22.404477696757915,27.977348415662348,0,3,1,0
1634,3,46.450000964161575,48.79154634750951,0,5,0,0
1635,3,54.26753300541185,40.3855182048107,0,4,1,0
1636,3,58.59604674492141,48.45905789726645,0,2,1,0
1637,3,73.72225746420037,77.5906846973274,0,7,1,0
1638,3,50.211704905336425,46.57095785906989,0,6,1,0
1639,3,46.02382229748814,56.54846440931207,0,5,1,0
1640,3,23.95055043245803,36.15103579754881,0,2,1,0
1641,3,56.45266706755402,29.283343007945508,0,4,1,0
1642,3,100.0,49.00965753517774,1,4,0,0
1643,3,52.20879203697467,37.99440581090605,0,2,1,0
1644,3,37.06045801325568,33.27228788626156,0,1,1,0
1645,3,41.741819061372844,42.63269690201133,0,4,1,0
1646,3,64.71260020657176,61.75729447111707,0,6,1,0
1647,3,41.200469631982436,38.11107255633667,0,2,1,0
1648,3,0.0,8.066549679306046,0,2,1,0
1649,3,62.32508023577722,61.05535911853549,0,8,1,0
1650,3,41.209719901005286,50.36451367345802,0,7,0,0
1651,3,50.16077283005184,34.95298922042228,0,3,1,0
1652,3,39.20737106176105,29.9327465273621,0,2,0,0
1653,3,63.94129836712846,56.919509612559665,0,7,1,0
1654,3,66.26958093585172,52.99990331129559,0,6,1,0
1655,3,68.43483748686751,69.60243464672043,0,5,0,0
1656,3,51.95973459500718,47.02828287411672,0,5,1,0
1657,3,48.41334761557663,46.291502159304244,0,4,1,0
1658,3,46.87294494943448,57.03002784222041,0,10,1,0
1659,3,10.910767225682942,27.756076909205728,0,6,0,0
1660,3,52.70710447623723,50.54449316262154,0,5,1,0
1661,3,57.359936559529366,51.13124258958558,0,5,0,0
1662,3,67.33450722577722,70.13594846602693,0,5,1,0
1663,3,61.84431141567252,60.33552832785304,0,7,1,0
1664,3,57.52695127595965,37.06065246584474,0,8,0,0
1665,3,53.106768338956016,78.79283273876626,0,12,1,0
1666,3,62.857980383361614,57.79801622234008,0,5,1,0
1667,3,44.78931277491269,28.782389615405428,0,2,1,0
1668,3,68.14970110517612,75.58316785481537,0,6,1,0
1669,3,47.126389794176205,45.829184682931974,0,6,1,0
1670,3,36.03541827911937,29.531714682059473,0,4,1,0
1671,3,50.62815389882091,49.66459996410627,0,6,1,0
1672,3,39.76077779213661,36.683907995826054,0,4,1,0
1673,3,29.213583306154526,34.104784508332244,0,4,1,0
1674,3,34.31163761553768,56.993341724625935,0,7,0,0
1675,3,45.75396775178444,37.94039211495224,0,7,0,0
1676,3,33.27325048170538,52.258763850373775,0,6,1,0
1677,3,28.8452872287144,37.982395321215115,0,3,1,0
1678,3,31.961844517743735,43.043902310435506,0,5,0,0
1679,3,45.2180463819854,56.897117408256015,0,6,1,0
1680,3,56.24319385372842,63.923226742608584,0,4,0,0
1681,3,54.55260545951503,52.700221137054136,0,6,0,0
1682,3,46.69317491151009,39.00787149236286,0,2,1,0
1683,3,34.0591597745591,33.51353233523215,0,2,1,0
1684,3,84.26892289701435,46.46483006592032,1,1,0,0
1685,3,34.83446289451284,34.96595032330986,0,4,0,0
1686,3,43.75654673505483,39.636724823382615,0,2,1,0
1687,3,34.96009772391204,66.07401291993568,1,3,1,0
1688,3,57.01096059628797,49.77466066613258,0,6,1,0
1689,3,58.2954064145832,50.58203124497846,0,3,1,0
1690,3,84.90429255449975,70.79080837691345,1,4,1,0
1691,3,70.80295151267485,46.69304415963858,0,1,0,0
1692,3,32.36277278911707,28.987660173831674,0,4,1,0
1693,3,67.74129806452744,51.136165628574815,0,7,0,0
1694,3,34.34081384353205,40.69892921835813,0,4,1,0
1695,3,56.63724627283866,56.54296981780046,0,6,0,0
1696,3,62.13718685234184,55.05785487188248,0,5,1,0
1697,3,94.33181618949645,44.521010443616795,0,5,1,0
1698,3,42.855384833571314,34.3504834775951,0,6,0,0
1699,3,55.622293882627545,56.53450453655907,0,6,1,0
1700,3,61.15771236188105,46.14831927022061,0,5,1,0
1701,3,49.96124496544115,38.63263644060569,0,3,1,0
1702,3,62.03156306850283,61.505775870453576,0,7,0,0
1703,3,34.97224074716421,27.220425155303097,0,4,1,0
1704,3,22.159936539753147,25.22631099744711,0,7,1,0
1705,3,62.54375761876875,60.24484003172591,0,5,1,0
1706,3,48.58349454936409,38.49601003772667,0,3,1,0
1707,3,54.27148180838386,47.99123671645092,0,7,1,0
1708,3,64.51134125168734,59.9516819340328,0,6,1,0
1709,3,48.317293483742105,47.11465353001088,0,7,1,0
1710,3,64.60791915983016,75.77783706109916,0,7,0,0
1711,3,48.206769857340596,43.620125392023645,0,6,1,0
1712,3,26.066280157574177,22.886844163166444,0,5,1,0
1713,3,28.774218262653758,27.572714999659386,0,5,1,0
1714,3,45.05831262738517,46.830436172697574,0,5,1,0
1715,3,63.32500460752846,73.74362156443,0,6,0,0
1716,3,25.004246001645082,29.717553165756687,0,5,0,0
1717,3,100.0,52.51535558508463,0,3,1,0
1718,3,53.11846978839354,53.11840311320462,0,8,0,0
1719,3,49.6343044885441,48.15639022986112,0,7,0,0
1720,3,47.8718228138963,49.259579461364496,0,7,1,0
1721,3,73.33769329651844,62.892381242739454,1,5,0,0
1722,3,28.062285540419317,25.1437574068838,0,8,1,0
1723,3,48.16812534756505,45.302451473984966,0,4,0,0
1724,3,45.5449054197814,66.07608685582414,0,11,0,0
1725,3,35.564511109568514,29.286640999387757,0,7,1,0
1726,3,50.70563247284873,39.72133837173039,0,5,1,0
1727,2,53.2756816844256,49.82989622913796,0,3,0,0
1728,3,43.68864299090966,54.569175988533296,0,4,0,0
1729,3,33.30251364401027,41.753918304683964,0,7,0,0
1730,3,100.0,15.714806672494174,0,1,1,0
1731,3,41.93288279998642,30.480135866694766,0,4,1,0
1732,3,48.631095505134006,39.203599915274076,0,6,1,0
1733,3,61.64110051701305,61.10239773920702,0,6,1,0
1734,3,80.15578163585612,87.31166155766944,1,8,1,0
1735,3,54.50217309907556,41.67977671540076,0,7,0,0
1736,3,50.660294375900975,49.93452206426222,0,6,0,0
1737,3,32.82505726604728,36.37556726123876,0,5,0,0
1738,3,45.038376189302994,57.76281585905273,0,6,1,0
1739,3,62.59998022418389,54.808654095718616,0,5,0,0
1740,3,74.78060417676333,59.788856880939626,1,7,0,0
1741,3,49.76794536652295,52.41859600181004,0,9,1,0
1742,3,63.95940698562772,54.586554108772845,0,2,1,0
1743,3,41.98072175876184,56.447756531956834,0,11,1,0
1744,3,50.132371509323825,50.39287401709572,0,12,0,0
1745,3,39.63977637337327,40.06943923100541,0,7,1,0
1746,3,61.513341814779075,54.62897945847472,0,9,0,0
1747,3,49.393176654136816,41.64967234032973,0,3,0,0
1748,3,32.649176345464205,31.530445093984593,0,8,1,0
1749,3,34.52801708100663,57.345687486831515,0,7,0,0
1750,3,76.86551120552437,49.30478082027772,0,2,0,0
1751,3,49.77991929804401,47.74533737847372,0,3,0,0
1752,3,25.85859408487872,40.49299622438547,0,3,0,0
1753,3,60.69341184398435,76.65160348697965,0,9,1,0
1754,3,46.493848276755465,23.423514459926405,0,0,0,0
1755,3,38.797661587492925,44.29192519511472,0,6,0,0
1756,3,27.05366908967366,32.30441722640429,0,3,1,0
1757,3,45.50075739679292,38.794484127627,0,6,0,0
1758,3,61.845887359059915,72.43247289401953,0,7,1,0
1759,3,61.99803479199932,39.487719251013885,0,4,1,0
1760,3,27.54497435794341,41.149440987188974,0,11,1,0
1761,3,48.60184966772879,51.80289969300208,0,3,0,0
1762,3,61.68545865886436,64.77986772139181,0,4,1,0
1763,3,45.79072035889895,40.38363782935932,0,7,1,0
1764,3,66.90323991911748,61.33233961408856,0,4,0,0
1765,3,20.90272204510136,27.09997332144119,0,8,0,0
1766,3,63.486656376608,66.4134562450933,0,8,0,1
1767,3,25.278147084995716,30.472895191034493,0,7,1,0
1768,3,56.110332829725074,41.19326991515312,0,4,1,0
1769,3,45.557218848382966,42.17522122154224,0,8,1,0
1770,3,23.479662300858628,26.512396012806082,0,7,1,0
1771,3,63.769501073797194,65.57193623562405,0,6,1,0
1772,3,43.88484106503401,39.16869320418376,0,3,1,0
1773,3,56.457758525749526,50.391757511768525,0,6,1,0
1774,3,44.43409037504583,35.01921491179882,0,3,1,0
1775,3,26.627708858160673,41.08423199190046,0,4,0,0
1776,3,46.353285864539856,46.754327149140394,0,4,0,0
1777,3,15.673886071205498,30.761003457262994,0,4,0,0
1778,3,51.687232630897554,34.94077764596337,0,2,1,0
1779,3,100.0,45.22926483642504,0,4,0,0
1780,3,15.320108063826762,37.53055043860433,0,5,1,0
1781,3,41.86195297020947,35.346926489898784,0,5,1,0
1782,3,17.2600414896024,17.49600036122186,0,4,1,0
1783,3,41.27355706239391,47.875978820146365,0,3,1,0
1784,3,26.012030858340967,25.50511644111816,0,3,1,0
1785,3,44.28609059646774,73.355955698542,0,8,1,0
1786,3,33.798891559085995,25.262987795688744,0,3,0,0
1787,3,69.7412119687512,60.124396262702575,0,5,1,0
1788,3,72.30217503911514,56.98236403812561,1,1,1,0
1789,3,63.692113105163756,38.03180899045462,0,2,1,0
1790,3,57.441650766783226,40.6301409732152,0,3,0,0
1791,3,59.17086950300657,50.9815593202981,0,3,1,0
1792,3,43.712405617903734,65.21341336181274,0,7,1,0
1793,3,44.02423074433564,42.110372269571904,0,2,1,0
1794,3,40.976266020054155,41.0993418868248,0,4,1,0
1795,3,86.70659460091593,69.08798993497845,0,9,0,0
1796,3,63.42843443697877,60.357534504040295,0,4,1,0
1797,3,58.93868181050102,36.71725944955972,0,1,1,0
1798,3,34.62660881306754,41.984911557079016,0,10,1,0
1799,3,51.52882342321575,47.9221929245767,0,10,1,0
1800,3,48.52430204634511,46.07306693780589,0,5,0,0
1801,3,73.00554250207354,66.54590636759711,0,7,0,0
1802,3,68.15832959286867,85.251822021257,0,11,1,1
1803,3,45.49231478959001,51.528590394763825,0,6,1,0
1804,3,54.362750425457506,34.252128656066084,0,3,1,0
1805,3,56.43255717095138,62.16646183821889,0,5,0,0
1806,3,63.592859022247964,46.14323666096328,0,4,0,0
1807,3,51.13168034928879,57.36417169811154,0,3,1,0
1808,3,26.498888526556282,42.403277380645335,0,6,1,0
1809,3,59.65522196669218,53.44901827414407,0,6,1,0
1810,3,61.34990550568196,44.718786069396735,0,0,0,0
1811,3,60.91603175534169,61.38207799385296,0,9,1,0
1812,3,49.10567744111011,54.47547891511167,0,5,1,0
1813,3,45.13568472865985,52.093927770176435,0,7,0,0
1814,3,74.3821634601178,62.3297770919032,1,9,0,0
1815,3,62.74090421825669,56.72946999729246,0,4,1,0
1816,3,33.20113607082759,30.42972999860991,0,2,0,0
1817,3,61.87288236666365,50.62985642632731,0,2,1,0
1818,3,62.34358029373964,58.791199951600845,0,7,0,0
1819,3,46.790088047970244,65.68198288181426,0,5,1,0
1820,3,27.139082511537445,53.71228083259233,0,6,1,0
1821,3,43.63064073973441,56.51373196435509,0,5,0,0
1822,3,33.86249535451412,35.3578081553987,0,3,1,0
1823,3,45.15063929388074,48.19451172360976,0,6,1,0
1824,3,65.19051800081262,55.26826966892559,0,8,1,0
1825,2,34.14882976769956,45.409983425804455,0,11,1,0
1826,3,68.79769713902468,59.793535941949784,0,4,1,0
1827,3,34.74965543423629,44.80620247216661,0,7,1,0
1828,3,64.83686311677593,61.908726632370154,0,2,0,0
1829,3,34.82293980857013,51.1710526554772,0,5,1,0
1830,3,46.60059309912393,57.3585606350962,0,6,0,0
1831,3,39.39399924319297,31.43927137801151,0,2,0,0
1832,3,51.295044296855025,60.29882191677092,0,10,1,0
1833,3,43.15862691161479,38.11019486342046,0,5,1,0
1834,3,47.0132479782819,47.22840958585776,0,5,1,0
1835,3,33.811373715463,43.034977611884095,0,6,1,0
1836,3,85.58267694523134,79.71623536933836,1,4,0,0
1837,3,45.47371678056062,43.32558691066196,0,4,1,0
1838,3,32.916028715970974,41.72455566637921,0,4,1,0
1839,3,51.01111230906095,47.78051308869229,0,3,1,0
1840,3,60.16302265720432,55.44291090979302,0,3,0,0
1841,3,36.13353027207747,29.96462867329713,0,3,1,0
1842,3,44.57945414618012,37.022474060474465,0,8,0,0
1843,3,69.3490669094952,73.12045514540029,0,6,1,0
1844,3,49.03615612340295,38.9920376314611,0,6,1,0
1845,3,51.465934268268825,37.57074229328601,0,1,1,0
1846,3,63.539033874482854,47.18178796193639,0,5,1,0
1847,3,58.05338572410595,48.38301691124614,0,2,0,0
1848,3,56.32812327349809,44.79187911171086,0,6,1,0
1849,3,38.01765663362281,49.860930173582304,0,9,0,0
1850,3,67.77682015349278,77.78162690899909,0,6,1,0
1851,3,22.479494968284154,37.249027105526594,0,5,1,0
1852,3,30.4468068286398,20.08078200975131,0,5,1,0
1853,3,51.01970707747658,39.664973427460026,0,3,1,0
1854,3,33.43300279952239,39.319512440450346,0,5,1,0
1855,3,45.71091483585559,41.40036667617926,0,5,1,0
1856,3,64.1814607490444,58.769673100911184,0,5,0,0
1857,3,100.0,46.93499650961411,0,3,0,0
1858,3,44.37967597830544,39.95468486020664,0,8,0,0
1859,3,56.355383025660686,50.79341690884264,0,9,1,0
1860,3,41.874354431876675,30.98351844513989,0,5,1,0
1861,3,39.7952698291837,36.10709603641769,0,6,1,0
1862,3,55.18635353732724,54.00694375644919,0,2,0,0
1863,3,76.20958316760048,65.447627759431,1,4,1,0
1864,3,75.12293885263625,53.602976901002194,1,3,0,0
1865,3,41.78413669878366,24.11655997871854,0,1,1,0
1866,3,29.246221229619017,37.091649734246644,0,5,0,0
1867,3,24.85486562257601,42.29897511841514,0,8,1,0
1868,3,56.359998114294896,44.44296119378201,0,0,0,0
1869,2,71.34232954622465,38.672283734658244,0,5,1,0
1870,3,30.774825974333446,26.256385599073912,0,5,0,0
1871,3,30.443173710254683,30.181121685513173,0,6,1,0
1872,3,48.66611550291236,47.50760460649228,0,5,0,0
1873,3,40.03898260044378,45.783657939226046,0,6,1,0
1874,3,37.12927966611744,43.30671759399423,0,4,0,0
1875,3,53.56895270368187,49.55883274328412,0,6,1,0
1876,3,41.15917457589883,46.952462416325304,0,6,0,0
1877,3,46.43733719986558,52.69791505033137,0,8,1,0
1878,2,75.65950894598036,57.3534651489179,1,5,1,0
1879,3,45.33601868237238,41.95102498700513,0,8,0,0
1880,3,67.31223852728492,59.83699795271589,0,4,1,0
1881,3,61.302785084373966,41.23384213357407,0,2,1,0
1882,3,78.68181310439937,56.43949893020421,0,5,1,0
1883,3,34.08419010772059,38.98245899819288,0,3,1,0
1884,3,61.89418919888538,64.73164247455904,0,8,0,0
1885,3,39.963520604327655,37.03790954768357,0,5,1,0
1886,3,36.854697788173894,49.14458508652692,0,9,1,0
1887,3,40.07011427823491,40.67253499500611,0,5,1,0
1888,3,27.796853855323047,23.126257360563407,0,3,1,0
1889,3,57.70675492413208,65.91324852933646,0,5,1,0
1890,3,88.30991659306586,53.3251100034471,1,2,1,0
1891,3,70.43835753531054,67.54670919130494,0,2,0,0
1892,2,55.68869470107561,46.36511421054728,0,3,1,0
1893,3,50.80827966639237,46.746277758191994,0,7,0,0
1894,3,49.18789555601152,33.95009926052512,0,3,0,0
1895,3,58.1108538652417,54.242869570249496,0,2,1,0
1896,3,50.41886728706276,44.77665951779783,0,7,1,0
1897,3,61.12276591927615,58.762866167530504,0,5,0,0
1898,3,55.329705371136235,58.68356535416567,0,6,0,0
1899,3,89.19296997568314,75.88653711314291,1,5,1,0
1900,2,64.52987458666509,60.94497450668673,0,2,1,0
1901,3,82.03850691091498,60.5797785151974,0,2,1,0
1902,3,71.18616044793508,60.78992211218482,1,4,1,0
1903,3,45.84278529398737,59.8592133686008,0,7,1,0
1904,3,65.01843387287639,47.34205351637824,0,2,1,0
1905,3,77.36531146865335,67.31853727305565,1,4,1,0
1906,3,49.7345843507363,52.18610413750267,0,7,1,0
1907,3,55.33264076772431,40.107302976830084,0,2,1,0
1908,3,78.53015496268257,68.40887707773462,1,7,1,0
1909,3,49.83214556494643,36.1118860390373,0,3,1,0
1910,2,100.0,62.99748046585969,0,9,1,0
1911,3,68.51849928156196,55.72760154354763,0,7,0,0
1912,3,43.446632646276434,42.309110729870305,0,3,1,0
1913,3,57.25995336599666,60.50471185168864,0,6,1,0
1914,3,37.89875105868879,39.605696409008246,0,5,1,0
1915,3,17.94007170232767,35.533160341203,0,4,0,0
1916,3,39.44049644414215,43.547080673526125,0,2,1,0
1917,3,34.88990577700596,46.31853315317197,0,7,1,0
1918,3,0.0,35.2697498332552,0,5,1,0
1919,3,57.78850270286539,47.62494375011386,0,6,1,0
1920,3,26.824270824779482,33.208896239362325,0,5,0,0
1921,3,43.25634869207309,46.69993236760337,0,6,1,0
1922,3,34.39679046531585,41.56140526255161,0,4,0,0
1923,3,48.23647449563798,56.78728428496042,0,9,0,0
1924,3,70.68919427250972,48.63216384091542,0,2,1,0
1925,3,37.66035449429966,31.65942079315057,0,6,0,0
1926,3,31.585543686249657,18.762616558318733,0,1,1,0
1927,3,49.588100002553524,60.32577911230386,0,4,1,0
1928,3,90.45162529634659,89.32090932749963,1,6,1,1
1929,3,16.249715975174386,12.280757660781875,0,3,1,0
1930,3,55.52877202399418,50.5693991003068,0,4,1,0
1931,3,72.51160302443819,55.94283274866378,0,5,1,0
1932,3,35.572165213297005,34.12557595525353,0,4,1,0
1933,3,70.69426432935786,66.42651077774465,0,7,0,0
1934,3,32.01614220789995,24.131225435388366,0,5,1,0
1935,3,54.48569704565,54.53094544370658,0,5,1,0
1936,3,69.16358386547772,72.85768948406022,0,10,0,1
1937,3,93.52642395377191,80.91808735269441,1,2,1,1
1938,3,69.91299175447546,65.27673328036894,0,1,0,0
1939,3,47.47791400657309,42.11488882368463,0,5,0,0
1940,3,45.53648360196745,47.44253305908315,0,5,0,0
1941,3,24.89939674614682,27.947149288929158,0,2,1,0
1942,3,68.92237610026719,52.772223851522334,1,2,0,0
1943,3,58.857977401014935,69.62042707226405,0,8,1,0
1944,3,41.31335157647404,50.38650010124372,0,5,0,0
1945,3,32.54817381448821,39.321574021552124,0,2,0,0
1946,3,54.58982495309248,60.410111260457114,0,8,0,0
1947,3,47.65435699274632,35.062448136967966,0,5,1,0
1948,3,19.363776645676737,24.749643661242054,0,4,1,0
1949,3,63.10753929283881,37.46418884207694,0,2,1,0
1950,3,38.091476854041396,50.27822970469603,0,4,0,0
1951,3,50.51733279096908,59.59821741923044,0,5,0,0
1952,3,52.67809764918004,47.15899540768993,0,3,1,0
1953,3,77.24715929330856,55.54915605806767,1,7,1,0
1954,3,54.90898641077416,44.02311504369583,0,5,1,0
1955,3,36.17386563457803,37.60638770713266,0,5,1,0
1956,3,54.688203587876636,49.1490680989485,0,3,0,0
1957,3,53.80254623173698,56.92560023016189,0,5,0,0
1958,3,60.061317754043415,49.270373837912246,0,6,0,0
1959,3,24.169590517955694,42.18147269542768,0,1,1,0
1960,3,19.98893381488575,36.23265828105083,0,8,1,0
1961,3,50.570053038150746,45.78703456160219,0,3,1,0
1962,3,50.97658000380678,54.69235725833614,0,2,0,0
1963,3,42.699735641065054,43.94703272521919,0,4,1,0
1964,3,61.68506045950406,60.93202573668128,0,8,0,0
1965,3,37.214907919904384,47.5346363202712,0,7,1,0
1966,3,75.18215290326265,63.071084333094994,0,6,1,0
1967,3,56.24132710968391,71.05589304531071,0,8,1,0
1968,3,44.70394646365513,46.97320275772932,0,9,0,0
1969,3,41.39881323977114,42.302620042336336,0,1,1,0
1970,3,55.32893346780533,34.40110524152473,0,8,0,0
1971,3,59.32376083774175,60.68902901578393,0,7,1,0
1972,3,61.80596275965405,51.60293567304156,0,3,0,0
1973,3,45.98738472472803,50.21769195653139,0,6,1,0
1974,3,52.27731354803085,60.158992156108226,0,7,1,0
1975,3,29.94386401916115,41.50401825955126,0,4,1,0
1976,3,62.4963931986072,60.03483126161328,0,3,1,0
1977,3,44.40371909219746,49.20979515471223,0,5,1,0
1978,3,17.747710106127233,20.79967184702475,0,7,1,0
1979,3,64.64114955966126,50.5577588904409,0,5,1,0
1980,3,48.59623466000698,45.692123181906034,0,8,0,0
1981,3,52.00078280497611,51.56906093152271,0,9,0,0
1982,3,59.528447789531086,54.77776873410623,0,10,1,0
1983,3,54.16370420427349,52.31249434961825,0,4,1,0
1984,3,42.25008384813629,46.4567781937963,0,5,0,0
1985,3,33.626715126650986,39.7756402155927,0,4,1,0
1986,3,69.23189152657542,54.67430858828622,1,5,1,0
1987,3,47.20732729157243,49.966238544648164,0,9,1,0
1988,3,72.38174492657191,57.61964225548077,0,2,1,0
1989,3,61.90328135009484,51.77404177064743,0,7,0,0
1990,3,56.754355562701704,46.153984545355726,0,3,0,0
1991,3,100.0,40.39009151495917,0,6,1,0
1992,3,53.24919692460697,37.85696528980392,0,6,1,0
1993,3,42.371067444383215,57.38542583933344,0,4,0,0
1994,3,46.939918420213544,52.94972130290017,0,7,1,0
1995,3,56.461156731699496,55.75894431291136,0,3,1,0
1996,3,49.35883429625754,50.44308592432828,0,6,1,0
1997,3,68.95437227014892,62.816282239271466,1,4,0,0
1998,3,34.36229450214284,27.915243739947176,0,4,1,0
1999,3,60.71763530643841,58.63770749959391,0,6,1,0
2000,3,35.39819124243978,34.74103885292024,0,3,0,0
2001,3,38.85317698267462,32.139183551563974,0,6,1,0
2002,3,63.94690015764535,69.96994619304857,0,5,0,0
2003,3,80.04347036286559,75.3823882536729,1,6,0,1
2004,3,34.07315791391706,34.97643736669685,0,5,1,0
2005,3,33.15270949022575,39.33034367377957,0,6,1,0
2006,3,50.62078710522735,44.76832585324739,0,1,1,0
2007,3,59.817285492903274,68.0690464117152,0,6,1,0
2008,3,60.78079568714392,56.14166542643084,0,4,1,0
2009,3,59.32774901309636,37.9820350945336,0,2,1,0
2010,3,37.46662719208368,28.322844332520535,0,5,1,0
2011,3,55.356037066973606,60.38925957661881,0,4,1,0
2012,3,47.81350382720745,45.09366189743966,0,3,0,0
2013,3,67.04470298318718,50.470797076904674,0,4,1,0
2014,3,92.04365332348735,47.703780459326126,0,3,0,0
2015,3,43.04218014030394,57.38729692680926,0,4,0,0
2016,3,15.050250985446013,30.389073456260803,0,7,1,0
2017,3,45.64938749760474,53.604059813064225,0,8,1,0
2018,3,54.878317078477245,38.64895968481813,0,3,1,0
2019,3,51.14919847908436,36.34298278442495,0,3,0,0
2020,3,43.54902343277119,36.709308669485395,0,2,1,0
2021,3,44.2708348341536,44.42224825803179,0,5,0,0
2022,3,49.53368967550989,69.72831332166297,0,11,1,0
2023,3,61.13820434368144,55.821271524761734,0,0,1,0
2024,3,46.14606906029054,43.46206510872779,0,6,1,0
2025,3,69.81009597406364,73.02569463658875,0,5,1,0
2026,3,36.06454322035115,36.638920802375324,0,4,1,0
2027,3,67.87009572330759,54.41683326550416,0,3,1,0
2028,3,46.632704311053466,35.382972571595836,0,0,1,0
2029,3,25.71947422059247,41.03378351324996,0,8,1,0
2030,3,39.8768114101471,54.4977248729063,0,6,0,0
2031,3,41.36946659523663,34.25246464835275,0,6,1,0
2032,3,75.60275826280889,79.0883230422488,0,9,1,0
2033,3,36.2729457659105,42.82404147860073,0,5,1,0
2034,3,69.73924220821735,60.14668840143646,0,3,1,0
2035,3,47.68429178069357,48.44825171526631,0,9,0,0
2036,3,65.95583860412788,70.02974827990565,0,8,0,0
2037,3,32.82081609992551,41.623031622532004,0,7,1,0
2038,3,35.96119416076481,34.58792335096058,0,5,0,0
2039,3,53.641611488255215,55.252282008812855,0,6,0,0
2040,3,54.40950943877965,54.117641864527215,0,4,1,0
2041,3,29.09048486527077,42.14182161321446,0,6,1,0
2042,3,60.47504940294089,63.31777722188181,0,8,1,0
2043,3,58.273780154999194,47.361402192372964,0,4,0,0
2044,3,34.01978569997975,34.62459371500735,0,4,1,0
2045,3,67.79764814347087,63.921721438438205,0,7,1,0
2046,3,46.122467929245694,54.67113627282509,0,9,1,0
2047,3,40.83367567351291,50.03676995986096,0,5,1,0
2048,3,39.757886755597234,35.34171909514242,0,5,1,0
2049,3,28.221722309656812,29.86929174122959,0,6,0,0
2050,3,26.357836401661196,43.40682650415155,0,3,0,0
2051,3,43.27408964098436,32.86891214629665,0,2,1,0
2052,3,53.86237313760677,62.415498783291575,0,4,0,0
2053,3,43.877473134787714,40.93387227422508,0,5,1,0
2054,3,35.821448707070964,48.94436046780519,0,6,1,0
2055,3,72.86587583509484,65.08912455029166,0,5,1,0
2056,3,56.91314587392717,46.449951569622144,0,5,1,0
2057,3,52.787698205348136,33.22140057912117,0,3,1,0
2058,3,38.46215138522182,68.44080629721483,0,9,1,0
2059,3,70.98241881577617,63.11139830613649,0,5,1,0
2060,3,65.13813708768011,63.760181127450394,0,3,1,0
2061,3,35.65579500493836,38.39965612674256,0,4,1,0
2062,3,64.46229310843047,79.95540907705193,0,10,1,0
2063,3,62.467069162221,66.72264344106051,0,5,1,0
2064,3,46.63380118348003,46.08709139994439,0,8,0,0
2065,3,32.50319794609868,21.259564354763658,0,3,0,0
2066,3,49.47846242935498,43.785791842139126,0,2,1,0
2067,3,54.09398611046432,45.840441292697484,0,7,1,0
2068,3,38.16915229525031,53.9266408938949,0,8,1,0
2069,3,55.2534617667166,51.92496555234942,0,3,1,0
2070,3,45.21695496278253,73.50460514223215,0,11,0,0
2071,3,74.73593542345573,71.56066772176189,1,8,1,0
2072,3,32.16081425797097,32.974313020025264,0,3,0,0
2073,3,71.14619102137064,76.00191821337926,0,7,0,0
2074,3,44.84245786294405,49.89339609627748,0,6,1,0
2075,3,46.04896019526541,42.11133900187008,0,5,1,0
2076,3,56.826032815092276,55.48726676321385,0,11,0,0
2077,3,48.97635782635801,48.95751414087533,0,8,1,0
2078,3,45.427087552523155,49.58029469634859,0,4,0,0
2079,3,36.39603812737018,46.07863906592339,0,6,0,0
2080,3,69.29245011390003,89.22557988254808,0,7,1,0
2081,3,12.633031222358225,32.856739564123146,0,9,0,0
2082,3,63.2066094498025,50.644141554402495,0,6,1,0
2083,3,88.36527100115487,85.53544956866784,1,11,1,1
2084,3,41.61078933754057,60.816657881024184,0,4,0,0
2085,3,42.49581965855887,51.083816700185196,0,4,1,0
2086,3,65.16945981033756,52.29876063133152,0,6,1,0
2087,3,55.28110201439427,53.617906780456664,0,6,1,0
2088,3,45.075554770918394,35.43905702798989,0,1,1,0
2089,3,55.228260420759035,69.69722674986352,0,7,1,0
2090,3,62.80650448799349,42.948507912531305,0,4,1,0
2091,3,59.55101931355475,54.0406888588629,0,3,0,0
2092,3,55.877415284586355,50.262721863067135,0,6,1,0
2093,3,54.314760252212665,54.194353639451776,0,5,0,0
2094,3,51.15702632724458,54.744981279197724,0,6,1,0
2095,3,65.45308603859617,69.23166546844077,0,4,0,0
2096,3,63.29405768171054,40.06934614541201,0,5,1,0
2097,3,40.109398676865986,38.73195844976027,0,4,1,0
2098,3,43.59628004993331,32.52506963343917,0,3,0,0
2099,3,62.8490391441895,59.08457693286083,0,2,1,0
2100,3,28.140552798179044,50.49588390837977,0,8,1,0
2101,3,16.933538695278266,27.156311266805794,0,4,1,0
2102,3,57.26048110343955,70.04943033773391,0,8,0,0
2103,3,56.67727004943712,58.876272567237436,0,5,1,0
2104,3,54.37885779222373,65.642544572253,0,6,0,0
2105,3,49.88295347500774,50.12688540655263,0,3,1,0
2106,3,44.74000395529586,49.178763279188374,0,7,1,0
2107,3,46.46964290414311,38.163511508903696,0,5,1,0
2108,3,62.62568612563946,70.23833301739161,0,10,0,0
2109,3,55.55351482324833,56.90145140247867,0,4,1,0
2110,3,29.765180324884287,31.59218655061615,0,5,1,0
2111,3,38.28462374901483,38.540904363237544,0,4,1,0
2112,3,77.4240897550326,63.43249835814804,1,3,1,0
2113,3,42.293133270228594,40.738880919768505,0,3,1,0
2114,3,69.67272872867021,72.12108797981368,1,4,0,0
2115,3,48.953468760342936,41.49130954117007,0,2,0,0
2116,3,26.40393148241279,39.652376482787886,0,6,1,0
2117,3,81.73661924510179,37.5869978612329,0,5,0,0
2118,3,45.13096131641562,44.26795511938461,0,8,0,0
2119,3,58.74094758758905,38.890174866709025,0,5,1,0
2120,3,49.417945053716984,40.80482729725479,0,5,1,0
2121,3,94.8489609786311,79.6988703279071,0,8,0,1
2122,3,49.264406453989245,68.12428665820532,0,8,0,0
2123,3,55.21257139586754,47.982324387697275,0,9,1,0
2124,3,41.53338465873513,61.46398822545567,0,8,1,0
2125,3,37.82972466327834,33.87290735564746,0,4,1,0
2126,3,48.018919166058204,52.83848702350254,0,8,1,0
2127,3,43.84116835921077,26.35908708890232,0,7,1,0
2128,3,25.98305599922226,31.81520297444316,0,4,1,0
2129,3,47.763606694087,43.724486607168515,0,4,1,0
2130,3,33.97043397634866,39.981351370012035,0,6,0,0
2131,3,35.412586638022084,40.55717688088689,0,5,1,0
2132,3,47.49489446572663,44.49781760788514,0,3,1,0
2133,3,46.95131061650897,33.17317183291235,0,3,1,0
2134,3,39.68983514820235,24.86880068160602,0,4,0,0
2135,3,55.219278942648614,72.34282387330646,0,7,1,0
2136,3,54.58754896366393,53.63937392885015,0,5,0,0
2137,3,59.42326515469784,45.36436462905424,0,4,1,0
2138,3,59.54322763676577,53.77171335193421,0,5,1,0
2139,3,54.857707729221374,55.71402805614546,0,6,1,0
2140,3,70.81452900350358,72.8367421229502,0,8,1,0
2141,3,66.30389365875814,75.5188640287334,0,6,1,0
2142,3,47.653802267591686,27.645016350915796,0,3,0,0
2143,3,54.399588159106074,47.89723354312937,0,7,1,0
2144,3,71.63740315427694,71.56458841688494,0,7,1,0
2145,3,45.93599704670332,48.149168710502984,0,6,1,0
2146,3,19.694082903770905,28.28644429029128,0,9,1,0
2147,3,47.431535978073065,39.62472438284053,0,8,1,0
2148,3,51.72807075882177,43.485752538336435,0,2,1,0
2149,3,48.3702051225346,55.65857269628957,0,6,1,0
2150,3,50.62078327463308,55.03225750440933,0,7,1,0
2151,3,71.48591889534714,54.269076727861865,0,2,1,0
2152,3,44.38567046779893,50.67980705432665,0,9,1,0
2153,3,61.30395531476036,39.86015887434453,0,2,1,0
2154,3,53.37473625885475,45.32479007950875,0,1,1,0
2155,3,41.97329075106442,37.79643427859213,0,7,1,0
2156,3,37.791993148959016,34.97423913145247,0,6,1,0
2157,3,0.0,29.87110549697752,0,4,1,0
2158,3,60.69444672484821,52.10169711336292,0,6,0,0
2159,3,29.81650051244615,42.504573895213944,0,4,0,0
2160,3,68.88693819632715,48.640405302585215,0,6,1,0
2161,2,62.64660854053019,58.976601475422015,1,5,1,0
2162,3,44.60752640942852,52.72423092621388,0,7,0,0
2163,3,47.698172836631024,31.91103584248971,0,4,1,0
2164,3,42.16349994354127,34.20643523513596,0,3,1,0
2165,3,45.61156139532685,44.34950443776126,0,3,1,0
2166,3,62.872007915189656,42.16536541763687,0,2,1,0
2167,3,40.87709004124219,39.86141950432682,0,5,0,0
2168,3,63.10860742783072,39.515557170735256,0,6,1,0
2169,3,45.5875958827176,24.291750958346462,0,3,0,0
2170,3,34.15590439383417,27.612666957967487,0,4,0,0
2171,3,41.9763429067457,39.697124784900645,0,4,1,0
2172,3,83.46813565606868,56.34894708116836,1,3,1,0
2173,3,54.22749267214706,58.120442527214564,0,6,1,0
2174,3,47.31426122951969,41.431226504325465,0,1,0,0
2175,3,52.09088671964304,49.73662766092072,0,9,1,0
2176,3,54.938708587848524,68.00572951428653,0,12,1,0
2177,3,58.561588764360586,55.506096167163875,0,5,0,0
2178,3,75.56539491135183,66.9076029817355,0,2,1,0
2179,3,60.10852256450804,52.971978121728576,0,5,1,0
2180,3,49.22030704497553,32.790201076257766,0,4,1,0
2181,3,53.132516929154995,59.857656342135506,0,4,0,0
2182,3,39.452415203988956,42.50554723946579,0,5,1,0
2183,3,41.982495030006596,34.30813900297725,0,5,1,0
2184,3,20.075145551853037,28.908870478179235,0,3,0,0
2185,3,46.398502759392,43.66663312417032,0,8,0,0
2186,3,54.859733799613785,40.881925843677294,0,4,0,0
2187,3,55.91863759029201,49.48386686265745,0,4,1,0
2188,3,25.315268369501513,27.259287247544382,0,7,1,0
2189,3,43.296127006706314,57.10728204894858,0,9,1,0
2190,3,79.8074053549306,73.77402719593701,1,7,0,1
2191,3,72.22579956716874,32.39786383162437,0,0,0,0
2192,3,30.435691957187075,46.38141727457025,0,6,1,0
2193,3,23.850942248176736,17.460759117416256,0,3,1,0
2194,3,33.26855333082492,34.10856138347402,0,8,1,0
2195,3,65.38157285888009,66.67526221700209,0,3,1,0
2196,3,46.17802685261291,49.419153155177646,0,4,0,0
2197,3,60.6732428778069,52.6212283796076,0,5,1,0
2198,3,23.182411851096997,31.71487878601672,0,3,0,0
2199,3,40.371436320371465,24.446132712131732,0,4,1,0
2200,3,54.18511154318939,68.85265114278225,0,6,0,0
2201,3,48.62528424818114,39.461926755967326,0,2,1,0
2202,3,60.93596814113873,62.40796047712936,0,3,0,0
2203,3,19.788172774569574,29.934745873280498,0,3,1,0
2204,3,28.818605291668373,37.79189074087077,0,6,0,0
2205,3,45.895239112229945,33.737238375256545,0,3,1,0
2206,3,55.855116293863034,63.73623853425749,0,7,1,0
2207,3,62.34304840748887,50.035568571916734,0,6,1,0
2208,3,50.50472593494827,58.14573368222224,0,5,1,0
2209,3,59.52924660556536,59.04544490230585,0,3,1,0
2210,3,28.06945378269606,33.34284087093062,0,3,0,0
2211,3,65.67270318447368,73.27027568296124,0,5,0,0
2212,3,72.99018461640868,73.95073711607843,0,5,0,1
2213,3,55.156067497866744,46.536561828531546,0,6,1,0
2214,3,52.03290901979481,46.70446999304562,0,6,1,0
2215,3,27.671622951669235,27.38535779359478,0,5,1,0
2216,3,48.24167240818809,57.338014161988994,0,8,1,0
2217,3,20.81965799647183,17.20353276541611,0,1,1,0
2218,3,32.211006195725844,41.006724341317465,0,5,0,0
2219,3,49.82458207704996,41.98208147053485,0,4,1,0
2220,3,63.66340235653689,58.545472625494654,0,5,1,0
2221,3,56.21280568371957,36.57486233536577,0,5,1,0
2222,3,39.720370873132445,39.01579878540382,0,11,1,0
2223,3,50.416508049697086,42.22740659248278,0,6,1,0
2224,3,67.9525810436445,44.142314374152306,1,5,0,0
2225,3,54.9091692811306,58.18074684480303,0,5,1,0
2226,3,50.82008811725805,32.11266772951926,0,3,1,0
2227,3,57.10743265831033,42.35434242693438,0,5,1,0
2228,2,65.29014196462407,64.66944947858535,0,7,1,0
2229,3,45.261625828710386,65.06096847461146,0,9,1,0
2230,3,61.92963189444735,58.905159375723585,0,6,1,0
2231,3,67.88204653507792,59.30278580147006,0,5,1,0
2232,3,74.62560797010431,69.7911948885403,0,2,1,0
2233,3,48.65215768889086,53.25652809206049,0,6,0,0
2234,3,45.2123208986096,52.83718922769163,0,7,1,0
2235,3,58.62611190396216,58.01227906178277,0,5,1,0
2236,3,64.75151482559818,34.12331797694504,0,5,0,0
2237,3,54.928710823654114,46.53737567191216,0,7,0,0
2238,3,38.22353372427011,34.76561160122618,0,7,0,0
2239,3,45.17805790585766,57.21640914826665,0,8,0,0
2240,3,63.152956078998336,60.953019760627456,0,6,1,0
2241,3,46.55144001666469,53.71381625411262,0,5,1,0
2242,3,68.06934389069049,51.292846318762194,0,6,1,0
2243,3,54.003813820595134,61.09748025424976,0,8,1,0
2244,3,86.09904157250588,72.20829693457932,1,2,1,1
2245,3,40.229614483682404,45.085157245035106,0,6,1,0
2246,3,24.73518345443394,35.734381105318555,0,1,0,0
2247,3,55.73418328901606,60.09246966500493,0,8,1,0
2248,3,49.95465530673028,38.12905934556355,0,2,1,0
2249,3,63.2578753152729,77.11112448116765,0,7,0,1
2250,3,69.92535762031365,64.23540842559937,0,5,1,0
2251,3,44.61589345313274,50.89472435423399,0,6,1,0
2252,3,52.38612736580506,45.18408022615036,0,7,1,0
2253,3,80.04511085341723,67.97982325700362,1,3,1,0
2254,2,54.33132721314705,50.68800012852809,0,7,1,0
2255,3,54.55803338186444,58.76201375452668,0,6,1,0
2256,3,81.5611028150455,68.04982659095094,1,8,1,0
2257,3,41.557496720128796,61.81383277405415,0,8,1,0
2258,3,72.7445454427212,63.222680162263465,0,3,1,0
2259,3,70.50742886675621,65.3499461436114,0,6,1,0
2260,3,60.28417409440178,59.53328005018101,0,6,1,0
2261,3,44.06249175162359,44.970357457972796,0,6,1,0
2262,3,48.97429846458934,55.27856099452541,0,6,0,0
2263,3,38.237445650423965,33.165927391625985,0,2,1,0
2264,3,51.95385921327022,43.433635509240474,0,2,0,0
2265,3,51.01118566885886,51.41968708000688,0,4,1,0
2266,3,27.761742579711832,34.91588137450445,0,1,0,0
2267,3,87.61459041187678,62.05287433586412,1,4,0,0
2268,3,69.14135132881545,53.057674683668395,0,3,1,0
2269,2,28.48633464077417,39.79172721800757,0,6,0,0
2270,3,73.32743928816855,66.1739513882323,0,6,1,0
2271,3,52.70520100491255,62.05123098350295,0,5,1,0
2272,3,48.13666138645337,54.23308735067418,0,8,1,0
2273,3,48.02071154374043,56.513018496012165,0,11,1,0
2274,3,76.2006609434853,56.100812602355255,0,5,1,0
2275,3,85.05427786226757,83.25199072878475,1,5,1,0
2276,3,42.09002799190141,52.17713500939696,0,8,0,0
2277,3,58.840313523933105,43.26557278497076,0,6,1,0
2278,3,41.7635903741624,42.78197512673714,0,4,1,0
2279,3,42.03551805008411,48.042938078446596,0,6,1,0
2280,3,82.57863565744023,50.974516761123255,0,4,1,0
2281,3,63.3513139629392,85.79954536974444,0,8,0,1
2282,3,37.88111473967139,45.907201101701816,0,6,1,0
2283,3,52.92570075472322,57.95004558098223,0,9,1,0
2284,3,44.95224582208068,44.88732422232773,0,4,0,0
2285,3,37.62602233829705,26.79359974134874,0,2,1,0
2286,3,28.210439438774976,40.32688124374311,0,3,0,0
2287,3,60.4732167011586,48.03635451298496,0,1,0,0
2288,3,69.41757420988407,51.52300588556017,0,2,1,0
2289,3,79.29711060880082,82.03927144718118,1,10,1,1
2290,3,31.42464022473228,53.193138387833756,0,3,0,0
2291,3,46.41418726366068,37.804014667887174,0,2,1,0
2292,3,42.377536329989596,29.695073423617107,0,6,1,0
2293,3,65.04601488432428,38.18374951941607,0,4,1,0
2294,3,44.612615292101346,35.312502579041734,0,5,1,0
2295,3,51.64979437693455,58.27551358158946,0,4,0,0
2296,3,39.13219153337105,56.914189660814294,0,8,1,0
2297,3,66.38753403324759,56.69507376523181,0,3,1,0
2298,3,47.15353285364007,39.54187977605436,0,5,1,0
2299,3,52.829930532035945,47.82133728640788,0,3,0,0
2300,3,50.933581729576176,58.51657778064048,0,4,1,0
2301,3,38.86278104606342,40.61743076994861,0,5,1,0
2302,3,58.699482871766875,53.25350778780721,0,5,1,0
2303,3,40.553307467723265,44.101994120271954,0,3,0,0
2304,3,30.601153712588665,59.030345047130474,0,5,0,0
2305,3,47.54132222318922,38.45694829450806,0,7,0,0
2306,3,51.50630753362117,52.74144217335941,0,6,1,0
2307,3,27.257895470328364,18.50411419007215,0,2,1,0
2308,3,61.02718036966243,62.38500418581209,0,7,1,0
2309,3,40.635216268318395,41.24821708803329,0,4,1,0
2310,3,57.56830150999715,55.183605978467384,0,8,0,0
2311,3,63.14816573979937,50.15670302633395,0,5,0,0
2312,3,54.091203879251836,48.953324081336014,0,4,1,0
2313,3,48.45096435797719,42.657980452272135,0,7,1,0
2314,3,39.30741526352266,39.17326740272765,0,2,0,0
2315,3,32.10215416787224,24.976918393759295,0,5,0,0
2316,3,53.455923521494306,62.95267413853762,0,6,0,0
2317,3,43.48619033208318,35.57287906276045,0,3,0,0
2318,3,40.6427389812242,54.25384245296776,0,5,1,0
2319,3,63.46953482117844,50.31440838079465,0,3,1,0
2320,3,65.77135297171701,52.92374079344605,0,7,1,0
2321,3,55.870167249001305,44.00307220974478,0,4,1,0
2322,3,58.53435861343887,57.81007191901147,0,7,1,0
2323,3,36.17024504846581,31.295979265134964,0,5,1,0
2324,3,45.517780407764214,50.8981629979211,0,2,0,0
2325,3,51.425333579541245,40.15150319766809,0,3,0,0
2326,3,82.62896069294112,72.592821375942,1,5,1,0
2327,3,59.85112787401446,48.5172175162378,0,3,1,0
2328,3,68.70048090298097,60.67678235336167,0,2,1,0
2329,3,52.82430121994227,36.74734166358521,0,3,1,0
2330,3,58.86574285487214,63.26844680339737,0,10,1,0
2331,3,46.61158466964344,68.12638692102314,0,8,0,0
2332,3,21.996132189129263,31.580520798416185,0,2,0,0
2333,3,47.74270866045516,42.30038603065331,0,3,1,0
2334,3,51.30003582708523,57.776485756548844,0,4,1,0
2335,3,61.142409257953815,54.653319625893,0,5,0,0
2336,3,58.682952070650714,47.47954100381003,0,8,1,0
2337,3,66.01973187054101,57.400617167743604,0,3,1,0
2338,3,41.282524452541985,35.552971193659985,0,2,0,0
2339,3,53.28788912126392,63.41153911073768,0,3,0,0
2340,3,65.48325369072926,57.046496248245035,0,7,1,0
2341,2,38.512253525489285,47.51438201770767,0,7,0,0
2342,3,42.623455150752655,39.748980682245744,0,8,1,0
2343,3,20.89579581446478,37.89672428255875,0,8,1,0
2344,3,31.61115395212966,41.55094452858954,0,8,0,0
2345,3,71.16544205803017,60.76125107266175,0,4,1,0
2346,3,69.12584543412738,43.80400231237646,0,0,0,0
2347,3,53.878422109533474,48.72354572442101,0,4,1,0
2348,3,77.20812664158782,67.87443209431574,1,4,0,0
2349,3,57.22978800071738,68.1165964784405,0,12,1,0
2350,3,33.519464444692254,37.92566960231049,0,3,1,0
2351,3,54.89988331237805,55.93614612662217,0,6,1,0
2352,3,43.19923185074139,44.526760179073825,0,5,1,0
2353,3,53.33030810338172,52.78406264804778,0,6,0,0
2354,3,38.727241146384394,32.12945400975419,0,5,1,0
2355,3,46.853446286047635,42.9680674092294,0,4,0,0
2356,3,58.6079391921361,50.30348724679561,0,7,1,0
2357,3,36.78442693437655,60.33680456776993,0,14,1,0
2358,3,25.511213489646405,44.246694568311916,0,10,1,0
2359,3,60.58503707176571,49.31515507335788,0,3,1,0
2360,3,66.22495119763713,67.23555282054657,0,9,0,0
2361,3,27.86995914595645,35.19257184727156,0,1,0,0
2362,3,47.30537134235314,49.58298913867653,0,6,1,0
2363,3,37.568322084590456,52.46248974799347,0,5,0,0
2364,3,54.3960964651459,54.868425697648185,0,6,0,0
2365,3,69.30994624647929,46.12101942232531,0,4,1,0
2366,3,62.3405074123812,61.16074451683486,0,11,0,0
2367,3,55.28718671323673,54.85058762709595,0,5,0,0
2368,3,37.71542822899548,31.237300241270827,0,5,1,0
2369,3,32.0094735134828,41.618146681036556,0,6,1,0
2370,3,48.404540635058055,45.829199390175205,0,5,1,0
2371,3,55.917193022249876,53.57668152060822,0,5,1,0
2372,3,38.051363060850925,29.404482609804848,0,5,1,0
2373,3,32.31502352440674,39.589855083520895,0,1,1,0
2374,3,47.66423486123848,46.23523898753643,0,7,1,0
2375,3,41.96908218862742,41.61730662022149,0,6,1,0
2376,3,44.42625870521583,43.255010765402865,0,5,0,0
2377,3,42.98254786792164,40.190942689321844,0,7,1,0
2378,3,36.27589824011246,43.47162625655198,0,8,1,0
2379,3,61.27076668435558,41.59552579978989,0,2,0,0
2380,3,47.54362976602479,46.23171001383519,0,6,0,0
2381,3,50.56339348213876,54.22735652249627,0,6,0,0
2382,3,50.76280253965084,55.85185362363911,0,4,1,0
2383,3,61.85839151733136,60.22328989485882,0,6,1,0
2384,3,100.0,68.17499880706256,0,5,1,0
2385,3,45.46472426616012,42.70673030526431,0,4,1,0
2386,3,37.63974800033241,31.92383789869074,0,6,1,0
2387,3,33.94414566749096,42.395687122339936,0,6,0,0
2388,2,40.72159597574949,40.577106742334166,0,2,0,0
2389,3,40.86312461983277,35.54994109424342,0,6,1,0
2390,3,40.897904798925495,36.64244975252021,0,2,1,0
2391,3,52.044882366743565,42.21340197553083,0,4,0,0
2392,3,78.32699938967808,77.85829656340073,1,6,1,0
2393,3,33.522929314077324,39.098038515078244,0,6,0,0
2394,3,65.0295309144855,45.29994828114296,0,4,1,0
2395,3,50.6480160633649,44.44727099956697,0,3,1,0
2396,3,59.03229303559256,52.56925842498365,0,9,0,0
2397,3,43.29333857067099,37.07725508538804,0,6,1,0
2398,3,46.964072268269895,29.376102090611127,0,1,1,0
2399,3,68.63167685350392,49.13342423828119,0,3,1,0
2400,3,49.86404730543631,49.22531609432499,0,9,1,0
2401,3,71.5326096324888,60.90922519616757,0,4,0,0
2402,3,25.91910488965353,15.904390336121754,0,3,1,0
2403,3,45.87481143581677,40.358483647776794,0,4,1,0
2404,3,53.45703667553661,69.55613725795868,0,6,1,0
2405,3,61.07124066091022,52.01390776424123,0,8,0,0
2406,3,45.33839118233307,46.85742736940681,0,5,1,0
2407,3,73.67695694436577,55.44667066586381,0,4,1,0
2408,3,41.71490701141355,38.55570139194709,0,2,1,0
2409,3,67.93024240767406,58.792005595044415,0,2,0,0
2410,3,45.97873074465033,41.72892988693991,0,3,0,0
2411,3,31.861748131267188,40.92398039925417,0,5,1,0
2412,3,52.303813591421424,38.108003009757276,0,3,1,0
2413,3,38.2672756954308,38.801860512610794,0,5,0,0
2414,3,27.408831033481217,27.959217436266076,0,6,1,0
2415,3,69.09788135205397,74.06569585227341,0,4,0,1
2416,3,70.38940750551379,70.16814089230826,0,6,0,0
2417,3,80.90192064427357,88.0417123136014,1,13,0,1
2418,3,48.58079047206099,43.132020691299346,0,8,1,0
2419,3,53.363859817617566,46.537348279697866,0,2,1,0
2420,3,29.44112234511999,37.29806836112916,0,4,1,0
2421,3,53.05714521016178,40.88010565360697,0,4,1,0
2422,3,31.89859387407007,35.0872853604293,0,6,1,0
2423,3,45.550939880186554,77.16222834207105,0,12,1,0
2424,3,20.0419425430068,20.8894392567817,0,6,1,0
2425,3,38.9914989770543,29.64503231851221,0,3,1,0
2426,3,100.0,24.79099167145549,0,9,1,0
2427,3,64.5659726691097,32.92652708703672,0,3,0,0
2428,3,70.84695973010295,44.205733369508586,1,3,1,0
2429,3,69.24628251819281,41.10674859233707,0,4,1,0
2430,3,56.805195934719315,53.12234224233659,0,4,0,0
2431,3,52.90488307811084,52.89484567145214,0,6,1,0
2432,3,16.30163821545114,31.942578307381496,0,5,0,0
2433,3,46.66022376022309,40.34951419219842,0,3,0,0
2434,3,55.54378021010093,42.91649015301294,0,6,1,0
2435,3,52.92686180884339,50.072232141746774,0,6,0,0
2436,3,34.73222169928457,43.896372995195016,0,5,0,0
2437,2,67.66902408900114,47.795216245234826,1,3,1,0
2438,3,37.19820185020225,25.672092246634506,0,4,1,0
2439,3,30.43289405816213,23.264544822255857,0,4,1,0
2440,3,81.57674710446204,70.54787752137015,1,4,1,0
2441,3,12.874627622676918,45.908734995321694,0,3,1,0
2442,3,54.54565989683337,38.45047817646342,0,4,1,0
2443,3,50.37242099392686,58.05415562803924,0,4,1,0
2444,3,53.73654893822101,34.7879315486936,0,1,1,0
2445,3,53.375184279544065,36.636290474094345,0,0,1,0
2446,3,56.86884177067036,48.191590030902205,0,6,1,0
2447,3,58.07776369000045,52.25967482093829,0,9,1,0
2448,3,89.85765566053091,63.41857099826239,0,11,1,0
2449,3,43.32019683807883,48.402956104257704,0,4,0,0
2450,3,71.96936486427226,50.58010593104979,1,1,1,0
2451,3,38.70977662084624,26.989610807912804,0,2,0,0
2452,3,35.01940503772763,43.84275508733254,0,5,1,0
2453,3,70.70315698833429,65.46927688042578,0,5,0,0
2454,3,47.98152905424386,43.7982959396951,0,9,1,0
2455,3,57.63722414400163,50.41392220047792,0,5,1,0
2456,3,29.249068830609254,50.385444296023245,0,9,1,0
2457,3,59.88218011700065,62.68914340355543,1,8,1,0
2458,3,46.65413449667571,49.19543845597545,0,4,0,0
2459,3,40.01200428872041,29.709622077853506,0,4,1,0
2460,3,39.443349014284884,41.79125348901123,0,7,0,0
2461,3,44.252026077522466,30.04377975981201,0,5,1,0
2462,3,52.9201035356797,44.470010690818675,0,6,0,0
2463,3,41.27713927252846,62.258866681227,0,9,0,0
2464,3,14.152901133441384,19.240704494036315,0,5,0,0
2465,3,56.699557793324466,43.68181726359448,0,5,1,0
2466,3,46.15148238424246,36.33176894924011,0,4,1,0
2467,3,37.04640591911264,43.32831795643897,0,5,1,0
2468,3,70.78997284072751,67.49327452528166,1,6,1,0
2469,3,56.928340413994455,58.69625142251312,0,2,1,0
2470,3,69.5425171807833,35.68406385752978,0,5,0,0
2471,3,49.39427808467711,40.30384239365245,0,6,1,0
2472,3,52.72308167916104,48.138080384024036,0,5,1,0
2473,3,69.33033477347777,42.832551332748714,0,5,1,0
2474,3,23.758225761448255,33.010926257887085,0,5,1,0
2475,3,14.202007390732078,39.57718534918881,0,10,1,0
2476,3,12.486552997789708,14.951566767732302,0,5,1,0
2477,3,31.22838896201914,28.95470353934062,0,1,1,0
2478,3,29.23888438438918,42.3631788939241,0,8,1,0
2479,3,46.48790115732319,36.080019929338796,0,4,1,0
2480,3,43.437886461904455,51.28621403150204,0,3,1,0
2481,3,48.15284243259493,41.63937351215368,0,4,1,0
2482,3,51.4982791384564,42.90093822032862,0,5,1,0
2483,3,51.636140205104226,57.86314315415459,0,4,1,0
2484,3,48.384906750541965,39.01415249047713,0,7,0,0
2485,3,41.50139977853631,60.66443361273264,0,8,1,0
2486,3,66.66770958442028,32.691961921355265,0,1,0,0
2487,3,39.24803284397842,42.59950355136029,0,9,0,0
2488,3,50.45521429816869,49.12120650295274,0,4,1,0
2489,3,59.23592776319754,45.02488392728477,0,3,1,0
2490,3,37.79192653685642,53.961057524180625,0,7,1,0
2491,3,56.1861823110648,34.14924462405414,0,0,1,0
2492,3,53.210870868075766,60.18232824930112,0,8,1,0
2493,3,36.65895344086415,36.04718438082078,0,5,1,0
2494,3,57.4379701579472,44.81356598898085,0,3,1,0
2495,3,76.93543050886808,53.77144075006461,0,4,1,0
2496,3,45.203244917488895,51.72034053946538,0,8,1,0
2497,3,49.87259253859612,43.78453342689164,0,5,1,0
2498,3,40.36008466733221,36.12750405471712,0,4,0,0
2499,3,43.100984601858464,34.62358569877908,0,5,1,0
2500,3,60.17115881073431,42.37368308247029,0,4,1,0
2501,3,39.83286830463597,46.12705687274876,0,7,1,0
2502,3,39.98008839032009,33.295370919780325,0,2,1,0
2503,3,100.0,57.56310212483944,1,7,0,0
2504,3,38.58000010385723,32.55791238590027,0,4,1,0
2505,3,37.033577290206374,39.60188240839942,0,5,1,0
2506,3,58.1182081829049,64.71280538722075,0,13,1,0
2507,3,35.38923803590047,38.94847241081255,0,3,1,0
2508,3,39.06847933433614,52.60992324466033,0,6,0,0
2509,3,40.92926032574715,50.65473705795079,0,9,1,0
2510,3,16.306843831890387,30.272055867502964,0,5,1,0
2511,3,49.723075414037524,50.692244065532684,0,5,1,0
2512,3,66.72538612139002,53.843845686915785,0,6,0,0
2513,3,65.63082188890426,53.28568206402969,0,3,0,0
2514,2,44.57570863182528,49.43127951486677,0,2,1,0
2515,3,60.61800827734826,55.08563592889094,0,3,1,0
2516,3,29.672284329585747,42.85946015056841,0,4,0,0
2517,3,46.44353533963114,33.15015004662956,0,5,0,0
2518,3,56.282276793093196,39.215762691633266,0,2,1,0
2519,3,50.68850742680786,76.8059392043134,0,9,1,0
2520,3,0.0,47.60488886088808,0,7,0,0
2521,3,53.81606815190213,35.48841720081603,0,2,1,0
2522,3,54.75648307936841,43.51069227020299,0,4,1,0
2523,3,72.43509502315212,82.24411824844871,1,9,0,1
2524,3,75.5341192451391,52.141416455523014,0,4,1,0
2525,3,45.60878692518374,46.36284526095286,0,4,1,0
2526,3,33.667092228791354,51.05438786832874,0,5,1,0
2527,3,44.953697600333896,55.24859128561872,0,6,0,0
2528,3,94.71815510748469,61.342830145862514,1,5,1,0
2529,3,59.123694825726595,51.97429212128449,0,9,1,0
2530,3,44.538726077000874,49.4489653310871,0,5,1,0
2531,3,27.91499483675316,43.87201295789808,0,8,0,0
2532,3,79.7359752277171,58.76392927140053,1,5,1,0
2533,3,49.54551218570956,46.478405280860144,0,5,1,0
2534,3,32.27234471580994,36.39041619289034,0,5,1,0
2535,3,18.859076904267482,35.1508987008158,0,7,1,0
2536,3,45.27470277306869,29.251486931318084,0,1,1,0
2537,3,44.53660787396673,50.542245002768574,0,3,1,0
2538,3,45.0906165971677,60.00168696205249,0,10,1,0
2539,3,55.05029385853084,48.14286944401542,0,6,1,0
2540,3,33.622359503505734,34.144120878310936,0,5,0,0
2541,3,64.12949876883665,32.98536110982876,0,3,1,0
2542,3,62.67428233224809,44.376473084547456,0,2,0,0
2543,3,71.28949967803636,56.25827645018426,0,4,1,0
2544,3,35.52546491525806,26.48370636597785,0,4,0,0
2545,3,32.60719216032135,28.680756601923417,0,6,1,0
2546,3,19.95842126460731,57.68181271105794,0,5,1,0
2547,3,43.91800430086498,37.380337054030235,0,5,1,0
2548,3,25.580330206594915,17.76594109176063,0,4,1,0
2549,3,78.98621637466242,59.56488427739178,1,5,0,0
2550,3,45.84630251719901,39.852728380957394,0,6,1,0
2551,3,39.65984589696303,35.38647915103395,0,4,1,0
2552,3,46.46437953423361,43.97873549652405,0,6,0,0
2553,3,45.97983303426779,53.50775478128989,0,5,1,0
2554,3,77.12514156923687,78.08288607161992,1,6,1,0
2555,3,50.71397653966531,61.27961094605661,0,8,1,0
2556,3,49.08693853756497,51.45850634885319,0,7,1,0
2557,3,19.95544327307345,17.021301190013123,0,2,1,0
2558,3,58.106425254426455,53.429543336027045,0,6,0,0
2559,3,74.6334569608845,37.23493761715756,0,1,0,0
2560,3,43.31231418087337,33.431018156118775,0,4,1,0
2561,3,71.39721091678581,60.2781765322403,1,4,1,0
2562,2,51.508082224541006,48.62043878355096,0,8,1,0
2563,3,67.45589364379546,73.68704712631143,0,5,1,0
2564,3,27.798547360150767,27.199193323554613,0,6,1,0
2565,3,67.43523039713143,64.81728385455263,0,6,0,0
2566,3,38.59082768712375,39.47295530840854,0,7,1,0
2567,3,44.11056421250301,44.31729197512182,0,4,1,0
2568,3,37.412263005033374,22.28800190708799,0,1,0,0
2569,3,62.156702684225664,54.75413434031196,0,4,1,0
2570,3,34.44270832214694,37.735418306964505,0,5,1,0
2571,3,43.371723968658515,50.162481308394625,0,8,1,0
2572,3,40.48127277684667,53.6794695705416,0,5,1,0
2573,3,39.68976413993758,35.69644706119875,0,2,1,0
2574,3,54.80852499720991,56.072571825385324,0,9,0,0
2575,3,29.091792777009502,29.839448778000616,0,7,1,0
2576,3,36.732625237939935,34.17834055714234,0,4,0,0
2577,3,34.33030716769688,39.6602958590509,0,5,1,0
2578,3,15.714638833218753,29.75766305721516,0,5,1,0
2579,3,62.506954457988506,41.426387111484445,0,4,1,0
2580,3,36.704247407298475,52.10442053578383,0,9,0,0
2581,3,54.19485117248406,53.48947603906143,0,8,1,0
2582,3,33.385078693692336,36.012921966494275,0,6,1,0
2583,3,53.015026322664774,43.59304398715273,0,6,1,0
2584,3,24.87810716616187,39.19892416195711,0,6,1,0
2585,3,33.81797289825747,34.40120339346864,0,5,1,0
2586,3,47.272853922969915,34.30054649625352,0,2,0,0
2587,2,53.16500298091954,44.829893679136404,0,6,1,0
2588,3,46.847303298450306,44.56485749295735,0,6,1,0
2589,3,52.370025402141124,50.29872170808912,0,6,1,0
2590,3,60.726971317348955,46.93188296266915,0,6,0,0
2591,3,51.3028489145867,47.495403701544916,0,6,1,0
2592,3,49.20090550674659,39.54421656912421,0,4,1,0
2593,3,42.52572233566751,43.23994397881129,0,10,1,0
2594,3,58.92111508199839,58.78227620589518,0,6,0,0
2595,3,39.42352167580041,44.54410161200329,0,6,1,0
2596,3,52.694436158210884,27.919442249540786,0,3,0,0
2597,3,59.70193592564772,42.302637143552936,0,4,1,0
2598,3,52.86113323021206,51.64986151024788,0,10,1,0
2599,3,45.29009620930501,58.036189956087014,0,10,0,0
2600,3,64.54039041984129,60.86392129186798,0,5,0,0
2601,3,68.85220430405563,57.984087788217394,0,7,1,0
2602,3,69.71308435649698,39.15837884424583,0,2,1,0
2603,3,71.26071899247162,43.232011630009325,0,2,0,0
2604,3,50.75406727562995,49.325960705305626,0,4,1,0
2605,3,63.799897098444646,61.01352697844733,0,5,1,0
2606,3,65.91271996013924,37.89817373721386,0,7,1,0
2607,3,45.33568249188527,55.558588833604404,0,6,1,0
2608,3,41.84434904781631,52.40536631583157,0,5,1,0
2609,3,68.39735383375118,37.01989164579134,0,3,0,0
2610,3,49.03896711287407,31.552085574915846,0,3,1,0
2611,3,31.478646104998877,39.886491747403014,0,5,1,0
2612,3,52.19889066995375,46.36186618223444,0,4,1,0
2613,3,39.89936928541256,39.869612117634546,0,3,0,0
2614,3,26.528439079068075,29.95826818284366,0,3,0,0
2615,3,26.13574423264884,27.526721426440496,0,8,1,0
2616,3,66.90422760274915,52.174367882285495,0,3,0,0
2617,3,34.66871281668404,33.6249403356108,0,7,0,0
2618,3,74.11217898589834,71.9425457785894,1,8,1,0
2619,3,46.12499781071015,44.044089705021854,0,4,0,0
2620,3,78.2132413373301,65.42369506476237,1,5,0,0
2621,3,57.42619057299776,44.79262601407617,0,6,0,0
2622,3,69.46068630565313,77.58423574296899,0,7,1,0
2623,3,48.49105332487731,47.655542675231295,0,4,1,0
2624,3,56.25425113688766,44.032277587134956,0,4,1,0
2625,3,52.92609233007461,39.27884925056883,0,5,1,0
2626,3,28.7239332015811,48.51589257565869,0,5,1,0
2627,3,48.275553799380624,46.188406158106716,0,3,1,0
2628,3,67.16487505688136,71.93709928809743,0,4,1,0
2629,3,45.34139461580718,39.26924736743554,0,5,1,0
2630,3,48.626448818012236,32.33177527317985,0,1,0,0
2631,3,23.57984450275424,50.74907497430651,0,10,1,0
2632,3,59.34759278823052,44.532749525331155,0,1,0,0
2633,3,48.7790296693029,49.780572492005845,0,9,1,0
2634,3,23.178108384396907,36.13542589105204,0,12,0,0
2635,3,54.56323198322705,60.7205921652227,0,8,1,0
2636,2,42.92974155256202,55.69695609193207,0,4,0,0
2637,3,22.758387589858224,36.72962853200839,0,3,0,0
2638,3,47.82597417083089,41.65147016481536,0,3,0,0
2639,3,43.96407936357407,48.47318608325046,0,4,0,0
2640,3,52.32963199598972,44.46386596840034,0,1,0,0
2641,3,44.40601151433049,43.0663082589364,0,8,0,0
2642,3,9.965886656783148,24.690325134683054,0,7,1,0
2643,3,62.593149627585376,60.34299584653696,0,8,0,0
2644,3,34.478754240121134,20.25002195378914,0,3,1,0
2645,3,60.91201988352255,58.4740379177179,0,5,0,0
2646,3,43.402553719098606,37.28760834717875,0,7,1,0
2647,3,64.14388408759265,73.10276903238416,0,7,0,0
2648,3,46.8057030094721,40.84504291755965,0,4,1,0
2649,3,45.52604248113382,65.55585692295861,0,10,1,0
2650,3,55.87318091310805,62.158902414313275,0,8,0,0
2651,3,39.22421822868232,34.06922821204617,0,7,1,0
2652,3,56.375580645879154,50.77353082312895,0,4,0,0
2653,2,41.216939792782696,38.488694373416756,0,2,0,0
2654,3,26.51836277259498,31.04696916108122,0,3,1,0
2655,3,44.357726073505624,42.59299546417326,0,6,1,0
2656,3,36.021240250548416,36.17272319888482,0,5,0,0
2657,3,86.29339664489555,64.2506552370831,0,8,0,0
2658,3,41.01947665308456,41.38444592165249,0,8,1,0
2659,3,43.50774380304701,28.406095880416316,0,1,0,0
2660,3,60.748516627068426,47.705104278205766,0,6,1,0
2661,3,28.30546459313978,20.62404489848309,0,1,1,0
2662,3,47.748201288001376,48.87431977199786,0,5,1,0
2663,3,65.02284015078209,44.652653692535765,0,5,1,0
2664,3,28.979194193737513,32.029111810840774,0,4,0,0
2665,3,47.02697599862864,31.330059634782188,0,3,1,0
2666,3,40.04251239961032,33.76797732104769,0,3,1,0
2667,3,26.381501248492377,22.07128630452074,0,4,1,0
2668,3,63.21492303793908,63.46922011281017,0,7,1,0
2669,3,45.34751137489447,56.65905332641958,0,5,1,0
2670,3,35.08778656705526,29.734931573402868,0,5,0,0
2671,3,25.13433908683124,33.231910289734735,0,5,1,0
2672,3,86.00518280506883,64.57259148413578,0,2,1,0
2673,3,53.689506407147526,57.75142811949241,0,8,0,0
2674,3,29.41608860323084,38.12973532283837,0,5,1,0
2675,3,55.45030118732629,68.63012158489181,0,5,0,0
2676,3,52.25549206343068,41.66731452166709,0,6,1,0
2677,3,28.71025549916028,28.771544862082195,0,6,1,0
2678,3,26.602618286498565,38.51976882579598,0,2,1,0
2679,3,67.65526604467284,70.37119913043509,0,6,1,0
2680,3,44.9716545346418,41.34786098341802,0,5,0,0
2681,3,58.03531564011914,46.98656317284178,0,6,1,0
2682,3,60.4254789240306,58.70409862013822,0,5,1,0
2683,3,37.471575617062264,38.16069236915161,0,5,0,0
2684,3,53.95642578577719,41.70393976454323,0,4,0,0
2685,3,35.24467381757455,33.17358951462761,0,8,1,0
2686,3,41.52080273442985,24.755928780814518,0,2,1,0
2687,3,44.328849366390386,44.59415238843179,0,5,1,0
2688,3,26.128123031128823,34.20918444958909,0,10,0,0
2689,3,0.0,63.356608295046755,0,3,1,0
2690,3,60.65647333913823,47.37948022847059,0,7,1,0
2691,3,60.2960997466024,59.42833497762913,0,7,1,0
2692,3,72.76489967157977,39.184462568821345,0,5,1,0
2693,3,32.60663865230487,38.684480790004315,0,6,1,0
2694,3,21.59777891339901,21.295955093792763,0,2,0,0
2695,3,79.94334720913436,51.37814649479521,1,5,1,0
2696,3,69.00908317605199,60.803294106529336,0,5,0,0
2697,3,79.85907157750474,82.48362057662217,1,6,0,1
2698,3,60.52188131813887,39.56552796855768,0,2,1,0
2699,3,39.97939947818044,32.73572726340868,0,4,1,0
2700,3,62.5404262197264,56.615639399976324,0,5,1,0
2701,3,7.100505145354383,21.519259438075377,0,4,1,0
2702,3,53.60279491319928,59.44656034458377,0,11,0,0
2703,3,44.1627420250412,46.45915986786504,0,3,0,0
2704,3,23.079769997449247,18.634440784795395,0,4,1,0
2705,3,57.10297048089847,60.16521905999698,0,6,1,0
2706,3,31.894149478797665,28.678744722114878,0,5,0,0
2707,3,52.009609805325475,45.83663690057309,0,2,0,0
2708,3,66.97946252621635,62.84048352485124,0,7,0,0
2709,3,38.211380463062625,48.65412473993286,0,3,0,0
2710,3,57.989215724135846,48.40791195669914,0,7,1,0
2711,3,88.8289889236663,67.6295798896659,1,1,0,0
2712,3,60.795298735676134,49.16781093336286,0,5,1,0
2713,3,71.39290305493843,70.7656151431996,0,11,0,0
2714,3,29.94546792094259,39.39026019173034,0,6,1,0
2715,3,49.35657130421538,64.01545914510811,0,10,1,0
2716,3,35.21155740231012,46.83493501414984,0,6,1,0
2717,3,22.68448125763387,34.472766804126366,0,11,1,0
2718,3,67.81833486770881,60.06220686502502,0,1,0,0
2719,3,60.3218828292651,51.7031040560775,0,5,1,0
2720,3,58.079679477085975,60.662155445389615,0,6,0,0
2721,3,39.140069815103146,36.39732014043547,0,4,1,0
2722,3,41.62352692246542,54.48883917885276,0,4,1,0
2723,3,63.322828558119944,59.425422292821885,0,6,1,0
2724,3,49.86035522834434,56.15401371938522,0,8,0,0
2725,3,35.81284066657911,39.37240615606518,0,9,1,0
2726,3,22.10562400899294,30.186583214792236,0,4,1,0
2727,3,38.86962648766448,39.977232941289564,0,4,1,0
2728,3,48.45610216849886,44.03060921588295,0,4,1,0
2729,3,51.78094507328484,54.09417863780148,0,5,0,0
2730,3,33.44860896106141,42.09570280951748,0,8,0,0
2731,3,26.64721253179937,43.70074356346533,0,5,0,0
2732,3,47.37536402917523,69.50392168552482,0,9,0,1
2733,3,71.35700819859565,53.95133871782291,1,1,1,0
2734,3,60.25342790040218,68.16398979405052,0,5,0,0
2735,3,67.11070614235213,50.2468242165118,0,3,0,0
2736,3,73.4889761697245,81.77705976000856,0,7,1,0
2737,3,51.86573238369752,39.30441654838517,0,5,0,0
2738,3,65.90012396248406,47.87550861365669,0,6,0,0
2739,3,22.194313680074156,45.42591766540693,0,10,1,0
2740,3,44.03755404367349,46.952541869639646,0,2,1,0
2741,3,65.05934403552446,67.22669775365362,0,6,0,0
2742,3,42.496216399988135,31.529451728095292,0,5,0,0
2743,3,84.29432135648563,34.116575508971756,0,2,1,0
2744,3,66.6447710006877,59.22513724211966,1,5,0,0
2745,3,29.041694087888832,36.878929041666126,0,6,1,0
2746,3,48.93641064298967,48.35212796333721,0,7,0,0
2747,3,59.38752129774543,54.962451341371626,0,4,1,0
2748,3,39.21869744865339,54.39103019837761,0,5,0,0
2749,3,43.13529933559752,33.94257562523148,0,5,1,0
2750,3,45.67657402078055,44.870081976897865,0,6,1,0
2751,3,47.75213421630889,36.12084356958686,0,5,1,0
2752,3,37.46753832803011,29.560805468365647,0,4,1,0
2753,3,68.99831691864858,54.20597613259636,0,7,1,0
2754,3,47.34968765419727,54.62442452900486,0,4,1,0
2755,3,35.90749887333753,42.1837853007675,0,9,0,0
2756,3,34.368947083258824,36.199832085356014,0,1,1,0
2757,3,35.71272563867441,47.46375819696188,0,8,1,0
2758,3,28.889709291614224,56.8934287378418,0,9,0,0
2759,3,64.00476386659336,55.85867486007111,0,4,0,0
2760,3,68.1866156233104,58.7878666948634,0,3,1,0
2761,3,46.703214091547814,38.076601438398775,0,4,0,0
2762,3,59.9867854684994,60.71045593446279,0,8,1,0
2763,3,33.01027423416823,36.14846454888729,0,2,1,0
2764,3,56.169155198211584,49.67772471922548,0,6,0,0
2765,3,61.40746783216571,57.09298265330053,0,4,1,0
2766,3,34.63217468888536,37.82822900479161,0,8,1,0
2767,3,31.696377479150836,33.11825943167181,0,4,1,0
2768,3,31.940248291131358,31.39560697886993,0,2,1,0
2769,3,75.07078561674938,65.98703095578733,0,2,1,0
2770,3,78.21701962591193,67.97686824030627,1,6,1,0
2771,3,51.328229458315406,58.74490745129442,0,8,1,0
2772,3,24.383843878294076,26.958891596600463,0,6,1,0
2773,3,40.44375818460023,48.28526287205939,0,4,1,0
2774,3,58.776188699143255,54.95284270949228,0,3,1,0
2775,2,82.3156632136822,67.6972014677428,1,5,1,1
2776,3,53.772083471337396,44.381913984333465,0,5,1,0
2777,3,22.58772473415496,17.011143740077337,0,5,0,0
2778,3,52.073774237820196,35.11612773170854,0,3,1,0
2779,3,83.4062137067875,67.32896732529824,1,6,1,0
2780,3,34.24443512710755,39.48486269438406,0,5,1,0
2781,3,62.65130214038403,54.225220298953154,0,4,0,0
2782,3,50.86577901581559,48.029489547644545,0,7,1,0
2783,3,78.49904981056412,75.90578128214796,1,4,1,0
2784,3,60.70522812169823,56.95986411040676,0,5,1,0
2785,3,58.14152327381775,46.76246786565076,0,5,0,0
2786,3,65.39913398519825,56.90440198529146,0,4,1,0
2787,3,41.28734343286517,42.885822216733914,0,6,1,0
2788,3,34.441599047935966,55.02739580496855,0,8,1,0
2789,3,38.42653826041029,43.68022887711371,0,5,1,0
2790,3,30.395956772664967,40.13613285104621,0,8,1,0
2791,3,66.55279949028952,45.73549812906541,0,1,0,0
2792,3,49.822060925354656,53.094555907308695,0,6,1,0
2793,3,53.77119999667783,46.44798451649551,0,4,1,0
2794,3,68.71328423108292,63.77121648411675,0,5,1,0
2795,3,72.02661854107265,73.48980789162923,0,3,0,0
2796,3,37.1936388771702,53.91992163157286,0,6,1,0
2797,3,42.588380706718496,57.49501411162411,0,6,1,0
2798,3,23.18035531932856,29.541105945222547,0,3,0,0
2799,3,62.067204061725235,53.66760448335542,0,7,0,0
2800,3,33.80710925903893,44.923303528909656,0,6,1,0
2801,3,46.70569258597274,42.756591370507174,0,5,1,0
2802,3,84.92586457057472,68.92289368594335,1,7,0,0
2803,3,60.642466024760346,53.06092955059825,0,3,0,0
2804,3,57.81113790695318,39.50771191261441,0,1,0,0
2805,3,49.205528684900685,42.144689693607205,0,4,1,0
2806,3,67.29274275572608,64.61706988965297,0,6,1,0
2807,3,67.10290315145973,72.77577814413235,0,4,0,0
2808,3,62.861704694548365,69.11080595981264,0,7,1,0
2809,3,0.0,68.74771686415846,0,7,0,0
2810,3,45.85176656542667,39.35728179251217,0,4,1,0
2811,3,67.65407306787044,73.20423509323692,0,6,1,0
2812,3,33.88359145355594,45.990172374866006,0,5,1,0
2813,3,48.748088562984066,43.32434080173833,0,7,1,0
2814,3,41.516694660289204,42.446491346267514,0,9,1,0
2815,3,54.64288564209681,47.84439404833762,0,7,1,0
2816,3,39.529555670868305,44.30501454106304,0,9,1,0
2817,3,62.275850642595195,49.849662853506636,0,2,1,0
2818,3,24.014694552698483,40.322856851429776,0,7,1,0
2819,3,36.936004645184305,35.064864143876044,0,2,1,0
2820,3,57.593464776644794,45.09810807750647,0,7,1,0
2821,3,80.76917884255785,82.90819085289303,1,1,0,0
2822,3,67.50873208854469,50.38163616534606,0,4,1,0
2823,3,34.65769822860075,40.24834220362203,0,5,1,0
2824,3,53.144767219940185,71.45618720093101,0,8,1,0
2825,3,26.5101217582529,22.546916360716217,0,4,0,0
2826,3,45.363171945553795,53.36819976701629,0,4,0,0
2827,3,38.02910955256755,38.420831284454096,0,3,0,0
2828,3,46.48294563424185,54.172381975535956,0,9,1,0
2829,3,41.162798259368174,47.95903548916439,0,6,1,0
2830,3,72.67727417338945,62.22603248612048,0,5,1,0
2831,3,79.35571301101947,58.91320305238665,1,4,1,0
2832,3,43.21538814414577,61.27451935693626,0,11,1,0
2833,3,41.86229148351153,29.339311567616075,0,2,1,0
2834,3,40.84218457615315,43.20735444951387,0,3,1,0
2835,3,66.76950806641182,37.606480331563745,0,3,1,0
2836,3,53.4560042371006,51.68207648166997,0,3,1,0
2837,3,57.129471762956705,59.171669402286604,0,4,0,0
2838,3,82.56215591818805,54.163856596360056,0,4,1,0
2839,3,61.402786985698484,56.28834229203041,0,3,1,0
2840,3,28.105945703562696,43.144497080312775,0,3,0,0
2841,3,48.842812143900666,35.51090950357134,0,5,1,0
2842,3,50.72129187820035,67.40571937314137,0,8,0,0
2843,3,61.99218757639742,64.20124059406832,0,3,1,0
2844,3,28.625496061389352,32.783395818379915,0,7,1,0
2845,3,71.16662928136883,59.296625204783446,0,2,1,0
2846,3,66.68985222668438,48.57515669974161,1,7,1,0
2847,3,48.4452784129769,53.99328991433609,0,3,0,0
2848,3,47.20072645552214,36.34563042020292,0,3,0,0
2849,3,47.77255925011802,53.92023514787363,0,7,1,0
2850,3,41.05918150845394,48.63658339983694,0,8,0,0
2851,3,47.368331377758416,39.47457993804683,0,5,0,0
2852,3,38.18619561245068,50.35620115503676,0,8,0,0
2853,3,54.0122144883203,56.56912041580382,0,6,1,0
2854,3,51.07680965450233,40.24040349187594,0,5,1,0
2855,3,16.720912429349664,22.0976732818087,0,2,0,0
2856,3,46.717541127843894,56.69002869065302,0,8,1,0
2857,3,56.27925051513316,48.78210496616362,0,3,1,0
2858,3,34.09789989989816,23.880526827686325,0,2,1,0
2859,3,27.835412401562596,37.6568114638705,0,1,0,0
2860,3,54.998493744887455,54.46475095844633,0,5,0,0
2861,3,35.816322533629084,29.957999314211182,0,5,1,0
2862,3,53.14726319139412,63.25476890125168,0,5,1,0
2863,3,54.26826082126493,43.33974550617145,0,4,1,0
2864,3,33.77684867691727,34.991275673572275,0,2,0,0
2865,3,45.1362817682456,54.35586229152345,0,9,0,0
2866,3,28.836004930520485,40.187426020811095,0,7,1,0
2867,3,37.964068176003686,42.96842384843547,0,5,1,0
2868,3,41.29124432631828,38.317921399897735,0,1,1,0
2869,3,27.996210278153804,42.475787604608634,0,6,0,0
2870,3,40.36930563135398,35.159280582573956,0,4,1,0
2871,3,47.080138042565885,43.35915632354954,0,7,1,0
2872,3,43.851558959874815,35.07051567240242,0,4,1,0
2873,3,54.07338056045599,68.4958778538209,0,6,0,0
2874,3,42.25525755662013,47.94737847351342,0,8,0,0
2875,3,52.20967579699808,57.10675890857835,0,6,1,0
2876,3,35.87071928980204,23.76408322252797,0,2,1,0
2877,3,66.22528434042302,68.81919401503752,0,8,1,0
2878,3,35.73378323526562,32.2327252625498,0,6,1,0
2879,3,36.015227422293506,44.205179928617355,0,3,1,0
2880,3,18.94197958494293,30.032295508291337,0,3,1,0
2881,3,49.405469707638645,49.19489732965837,0,5,1,0
2882,3,45.49193306352138,36.411539781979904,0,4,1,0
2883,2,48.87202273740054,53.31546586076642,0,7,1,0
2884,3,28.268011778562173,33.32103729828945,0,4,0,0
2885,3,27.052399979737412,35.66736387506077,0,6,1,0
2886,3,39.03748756442489,38.1501385030187,0,4,0,0
2887,3,57.80523814524855,68.53175291344773,0,9,0,0
2888,3,65.84442164341873,62.528210368604576,0,5,1,0
2889,3,0.0,62.745558241718015,1,1,0,0
2890,3,84.14407574694482,71.72239544442566,0,5,1,0
2891,3,66.52745134758587,63.2284245792256,0,3,0,0
2892,3,43.47479556496775,42.7568075654774,0,4,0,0
2893,3,25.234411360213084,34.610492344768744,0,6,0,0
2894,3,34.27394950859882,24.663239827685807,0,2,1,0
2895,3,71.96447313263245,53.09248496891066,0,6,1,0
2896,3,59.90503179759943,63.35755708745418,0,8,0,0
2897,3,75.69490072115283,65.71490370906606,0,6,0,0
2898,3,48.15271415072067,50.28005103789488,0,5,1,0
2899,2,53.95004079606059,60.69274266801538,0,3,1,0
2900,3,45.71640386160182,42.34904984200784,0,3,1,0
2901,3,67.99715761867571,48.60999993857144,0,4,1,0
2902,3,60.16576353284188,37.75206408816188,0,2,1,0
2903,3,76.7285032740107,75.50247912951268,1,9,1,0
2904,3,43.35810247389428,42.474640194730135,0,1,0,0
2905,3,29.098633922253843,42.79920866097434,0,2,0,0
2906,3,51.79603636382007,56.92967075039891,0,6,0,0
2907,3,60.74058610392903,64.7441705789964,0,5,0,0
2908,3,63.839256289116264,61.30552361675042,0,11,0,0
2909,3,28.05158227980857,45.858883918055,0,5,1,0
2910,3,40.15966758290354,35.97411688941609,0,6,1,0
2911,3,57.60055966598986,61.68416170962327,0,8,1,0
2912,3,41.417491041469624,48.97151352492448,0,3,0,0
2913,3,54.613129485667784,47.0039885153267,0,3,1,0
2914,3,34.9198257521638,40.0824886783285,0,8,1,0
2915,3,39.81232338851819,40.69249544989052,0,7,1,0
2916,3,67.15511147937414,55.66775212409911,0,2,1,0
2917,3,52.52777146960431,49.617240533804306,0,4,0,0
2918,3,32.156220271580295,50.248916202599126,0,9,1,0
2919,3,73.87619858232911,52.94023342475611,1,5,1,0
2920,3,4.32868644637351,21.948868466237936,0,6,1,0
2921,3,59.202371065057065,60.385401387085096,0,10,0,0
2922,3,46.18419374942344,49.13409618473203,0,12,1,0
2923,3,51.220780350787635,52.4220795926906,0,6,0,0
2924,3,48.37209095778195,48.232695958522186,0,3,0,0
2925,3,52.05660987789366,38.26834467781413,0,5,1,0
2926,3,13.45195216470601,35.84306793996428,0,4,1,0
2927,3,52.14823500993064,60.809029257065866,0,7,0,0
2928,3,49.61915325120873,43.042634584721796,0,2,1,0
2929,3,80.24015240963926,62.43698784052336,0,6,1,0
2930,3,50.14891617156562,38.326353092537495,0,4,0,0
2931,3,43.258654235190185,53.708236089910116,0,8,1,0
2932,3,34.566074945874576,29.51835332235926,0,4,1,0
2933,3,34.47220970255924,44.45947601044893,0,3,1,0
2934,3,71.80496563328742,68.86023191214545,0,8,0,0
2935,2,63.36779467665792,65.65692712159658,1,6,0,0
2936,2,32.339338777022064,39.47887467166983,0,5,0,0
2937,3,35.77028261256057,32.07981094355383,0,3,1,0
2938,3,34.55746055230615,40.64450815454957,0,4,1,0
2939,3,63.74659704506065,73.0060612771012,0,7,0,1
2940,3,53.040235637279864,62.99274720732742,0,10,1,0
2941,3,0.0,10.443902785180663,0,4,1,0
2942,3,46.36929798811499,51.0845006978413,0,5,1,0
2943,3,60.602591392932666,56.899094511877955,0,7,0,0
2944,3,46.70292087172531,52.089145714765365,0,5,0,0
2945,3,63.593099086080954,45.68560590197528,0,5,0,0
2946,3,34.31036285236986,46.72847228639936,0,4,1,0
2947,3,62.99375173821243,56.60292237194621,0,3,1,0
2948,3,78.79371654663016,76.89206078246018,1,1,1,0
2949,3,37.02847450025903,18.968219860398065,0,2,1,0
2950,3,39.685992980382885,31.810289170920743,0,6,1,0
2951,3,51.46333766580775,63.21071005921899,0,11,1,0
2952,3,52.02776918319398,58.57799731649771,0,10,0,0
2953,3,57.38434866874556,54.14692577704767,0,11,1,0
2954,3,41.149203989744265,47.75839963182645,0,7,0,0
2955,3,52.71751449738339,62.80942257781329,0,5,0,0
2956,3,51.56446296304918,54.18863289783085,0,5,0,0
2957,3,44.20593710873386,41.532813136256514,0,5,1,0
2958,3,60.62056892903552,55.86183673847165,0,7,1,0
2959,2,54.86406952394649,49.8527662989421,0,4,1,0
2960,3,57.69411064320725,68.41647396065642,0,7,1,0
2961,3,38.05918891151577,41.56764131718618,0,6,0,0
2962,3,77.53835110197767,65.42245928882751,1,5,1,0
2963,3,50.344131050643874,60.79544499207195,0,8,1,0
2964,3,45.37233164133658,33.886664604378055,0,8,1,0
2965,3,69.25867392477187,52.343185954162394,0,6,1,0
2966,3,30.94513387187465,25.890211321173442,0,4,1,0
2967,3,58.04318383477148,50.80727451427359,0,7,1,0
2968,3,54.257502293264324,48.64043409482072,0,3,0,0
2969,3,33.36607611155122,64.32378456884773,0,7,0,0
2970,3,42.46737561242415,43.15812527695049,0,4,1,0
2971,3,61.12625117594308,37.30118860794742,0,8,1,0
2972,3,48.434569716389866,48.08320877204604,0,4,1,0
2973,3,88.17362176149562,69.82062840088987,1,3,1,0
2974,3,44.636859363523435,45.5921753808089,0,4,1,0
2975,3,82.64510011615127,65.64870155186819,1,2,0,0
2976,3,70.85548880319082,69.08591645569481,1,6,0,0
2977,3,31.455206600939334,35.18489180539239,0,4,0,0
2978,3,23.868463286844445,22.7809583692757,0,5,1,0
2979,3,60.9151887494686,52.94264570781239,0,4,0,0
2980,3,73.00589367869239,64.48587071342607,0,4,1,0
2981,3,80.40751792550826,61.823549424931066,1,7,1,0
2982,3,45.24454476297426,44.585796863007,0,1,0,0
2983,3,32.929200334644314,39.3339159669475,0,6,1,0
2984,3,48.138483787524635,38.597979276442395,0,7,1,0
2985,3,53.93506388182932,54.49800745117479,0,6,1,0
2986,3,52.67517148202172,34.46931940643694,0,3,1,0
2987,3,56.29581851985018,38.353165225942796,0,3,1,0
2988,3,24.081370384845787,28.86402258171655,0,3,1,0
2989,3,100.0,56.75193928355692,0,4,1,0
2990,3,70.34910880475923,53.443673547734655,0,2,0,0
2991,3,60.806520848049345,42.776355044746815,0,2,0,0
2992,3,45.03552873440234,41.371783838792346,0,5,1,0
2993,3,56.80558865312649,59.79594474199208,0,9,1,0
2994,3,63.00725057885303,54.09089444642932,0,7,1,0
2995,3,23.267607926403535,30.90453896633472,0,4,0,0
2996,3,69.17408704199882,61.718956525296704,0,5,1,0
2997,3,72.450737974563,39.94565065144771,0,5,1,0
2998,3,78.04296479855164,68.08642014592269,1,6,0,0
2999,3,0.0,54.46409778180067,0,11,1,0
3000,3,54.61295047167509,37.159948181807486,0,2,1,0
3001,3,50.4888738334325,61.31681985288301,0,5,1,0
3002,3,75.70696555969728,54.402315376121706,0,5,1,0
3003,3,62.45517631212072,52.93619173941167,0,3,1,0
3004,3,65.33423880907841,49.98696453383836,0,6,0,0
3005,3,20.495219001324216,36.07651270578996,0,3,1,0
3006,3,59.72132831527941,40.65260648179521,0,2,0,0
3007,3,36.10459716035447,45.782790314120994,0,6,1,0
3008,3,53.10120433140743,50.685035403579164,0,4,1,0
3009,3,27.13097010807376,24.955772335995835,0,4,1,0
3010,3,70.83977493036424,64.11671985398581,0,1,1,0
3011,3,48.50637598497589,50.24668590820114,0,5,1,0
3012,3,94.71179090644702,70.85233547062381,1,6,1,0
3013,3,57.99012711110829,69.26091595543733,0,10,0,0
3014,3,40.053138302954366,54.00054484858223,0,10,1,0
3015,3,66.97104592868389,66.25232742454476,0,8,1,0
3016,3,100.0,37.136869466986525,0,8,1,0
3017,3,70.85452418054666,73.51908431676438,0,5,0,1
3018,2,67.48796252153356,45.2543148707711,1,5,0,0
3019,3,54.27029292457946,53.70289781917688,0,7,0,0
3020,3,54.45046826837607,50.809388778706655,0,4,1,0
3021,3,37.119318681866524,54.12755708350665,0,5,0,0
3022,3,63.85673778359752,64.46974043996059,0,6,1,0
3023,3,43.02154186711616,34.653440466580335,0,2,1,0
3024,3,46.708061488328994,23.17681448372589,0,2,1,0
3025,3,60.766318200711616,55.78428091016457,0,4,0,0
3026,3,33.03421016465295,31.898267812884654,0,7,1,0
3027,3,46.448527736651975,42.327597675800504,0,6,1,0
3028,3,52.03180248134076,42.63533137678423,0,7,0,0
3029,3,40.320750796692494,30.262903167201927,0,4,0,0
3030,3,66.57257571884561,74.00271433396273,0,6,1,0
3031,3,74.94059406163512,68.52650972665761,0,7,1,0
3032,3,59.21807502800216,47.07591999864534,0,2,1,0
3033,3,26.37443060582767,55.956021530778756,0,11,0,0
3034,3,53.11442617069701,51.52545741573851,0,9,0,0
3035,3,2.525711193007538,32.420277732867696,0,3,1,0
3036,3,43.01458997417682,34.018896319615465,0,3,1,0
3037,3,29.98062107863242,40.216019254878994,0,6,1,0
3038,3,62.813924194078524,64.77859153035322,0,10,0,0
3039,3,49.495270622515065,34.020478933758106,0,2,1,0
3040,3,47.38759831235951,45.99876880231447,0,4,1,0
3041,3,49.003453842070826,39.378201552103334,0,1,0,0
3042,3,4.043823768462471,11.369813814770515,0,4,1,0
3043,3,55.41933449040766,56.647948898469856,0,5,1,0
3044,3,15.565387104986161,35.66151635929922,0,6,1,0
3045,3,57.39205551313564,51.25360669179089,0,3,1,0
3046,3,67.89269197319214,64.56755762059018,0,8,1,0
3047,3,60.41409451475194,54.825504622935085,0,5,1,0
3048,3,46.62414177112794,37.08807970051539,0,7,1,0
3049,3,60.37530584939127,53.68644931993734,0,2,0,0
3050,3,25.702523174564703,18.533723310635672,0,1,0,0
3051,3,38.84980443112585,38.17126275895549,0,4,1,0
3052,3,44.19793213570317,42.423506492709386,0,6,0,0
3053,3,57.368965414214436,40.97875509964333,0,3,1,0
3054,3,45.466183878959846,40.60139217042715,0,2,1,0
3055,3,30.240162213293097,38.48851827313202,0,5,1,0
3056,3,43.111358038298576,52.55411628829077,0,7,0,0
3057,3,60.83990842400522,70.97013015743076,0,10,1,0
3058,3,58.130265256981026,46.64363978118247,0,6,1,0
3059,3,38.03065632246769,41.90096148432023,0,5,1,0
3060,3,45.00349442651778,29.598121730446664,0,2,0,0
3061,3,12.52810189452218,42.569095369004174,0,6,1,0
3062,3,42.84697946918762,46.80652255034512,0,6,0,0
3063,3,48.864542445897804,54.37674525521367,0,3,0,0
3064,3,42.34171234726516,39.84196076220259,0,5,1,0
3065,3,41.82629556065418,31.626418111906517,0,3,1,0
3066,3,49.667253973937086,38.74406039724046,0,5,0,0
3067,3,43.383460381661166,43.566917716710165,0,4,1,0
3068,3,48.614897615959336,55.02167305278637,0,9,0,0
3069,3,38.2353326400936,52.73579819933227,0,5,0,0
3070,3,60.91714711762739,55.19984398051349,0,7,1,0
3071,3,68.71268526806308,54.61858169415121,0,6,1,0
3072,3,62.021331982016484,43.97299397332618,0,7,1,0
3073,3,62.027273213094006,66.73008716658254,0,4,0,0
3074,3,22.73070220352215,21.808422140478218,0,5,1,0
3075,3,25.78282479171352,33.10663331297564,0,4,1,0
3076,3,31.978401704883556,21.916204405039384,0,5,1,0
3077,3,37.53392406955578,50.02550639206653,0,5,1,0
3078,3,24.922266729752064,20.24983920640339,0,5,0,0
3079,3,25.16094165219621,41.67741367283513,0,8,1,0
3080,3,74.2892820582203,51.49023206683789,0,3,1,0
3081,3,55.397623606935895,35.79693978418102,0,1,1,0
3082,3,42.41147398418017,31.378726158101195,0,5,1,0
3083,3,30.069903187366986,36.47276526629522,0,9,0,0
3084,3,100.0,53.62237010528037,0,4,1,0
3085,3,49.94970885664636,45.78740536525104,0,3,1,0
3086,3,46.82125500772774,36.643706954624456,0,4,0,0
3087,3,89.76308114228534,81.84985847211314,1,8,1,0
3088,3,44.722338415859866,42.151828458594316,0,3,1,0
3089,3,33.171287780493024,33.355756697855504,0,6,0,0
3090,3,81.98861544895217,65.25180863151903,1,3,0,0
3091,3,55.08714587711276,60.912178491641036,0,6,1,0
3092,3,56.5258627520711,34.21614955340053,0,2,0,0
3093,3,37.4964342247334,18.63541499918499,0,3,1,0
3094,3,25.72666973591074,17.97649707717749,0,2,0,0
3095,3,57.86275426170458,54.85287973128398,0,10,1,0
3096,3,53.227635507861,43.841001376743996,0,6,1,0
3097,3,73.2645141978064,56.667701610292454,0,6,1,0
3098,3,66.25483736167506,60.25087620498978,0,5,1,0
3099,3,69.73230475419138,64.82554243958273,0,6,1,0
3100,3,37.24191480068839,62.580403807388144,0,3,0,0
3101,3,62.456334222542964,69.15415654291951,0,8,0,0
3102,3,64.98690913162086,41.68667368201544,0,3,1,0
3103,3,41.67007128860299,63.57996895137811,0,9,0,0
3104,3,37.887321221502894,40.19501535254251,0,5,1,0
3105,2,39.98443248072709,44.65785371571255,0,8,0,0
3106,3,62.61010528094079,64.35989016875266,0,6,1,0
3107,3,60.51271327663725,69.14445596982,0,4,0,0
3108,3,38.40133467628341,30.064237436031124,0,4,0,0
3109,3,54.81463967529912,47.404683228515246,0,2,0,0
3110,3,54.172863387011134,52.10976085065865,0,5,1,0
3111,3,5.58585177194682,16.124744090099732,0,6,1,0
3112,3,48.04393329689044,47.65349017828259,0,7,1,0
3113,3,31.996852763686782,26.736872907951085,0,2,1,0
3114,3,56.92575138700078,41.841197470026415,0,3,0,0
3115,3,43.29574411863419,38.530717654473186,0,2,0,0
3116,3,0.0,64.2059287473395,0,7,0,0
3117,3,52.05647102097262,42.11217511136422,0,4,0,0
3118,3,59.823502505324,38.57385892814197,0,3,1,0
3119,3,27.51511505111106,30.86890891506503,0,5,1,0
3120,3,50.10541870068126,49.81655448066418,0,4,1,0
3121,3,51.36692391909524,52.826621252942644,0,4,0,0
3122,3,40.144802668797375,49.12720438021937,0,8,1,0
3123,3,36.150675350520366,45.09539017029171,0,6,1,0
3124,3,58.894619558255364,61.320470531544146,0,3,0,0
3125,3,39.43196443493132,34.20261426026391,0,5,1,0
3126,3,67.02619994366668,48.494919609883375,0,4,1,0
3127,3,66.16302619257277,48.689262115784636,0,3,1,0
3128,3,54.14412727549107,51.066873337885745,0,5,0,0
3129,3,48.511197356356824,51.025835274503585,0,6,1,0
3130,3,22.45156628307922,34.205937700115506,0,6,1,0
3131,3,61.345031438409194,55.171773938865734,0,2,1,0
3132,3,40.94874261704852,32.65797904712654,0,3,0,0
3133,3,88.22527109807643,90.75974987731928,1,6,0,1
3134,3,59.37504608945076,52.33670527981773,0,2,1,0
3135,3,62.159515046268986,44.529505722367745,0,3,1,0
3136,3,62.628141320879735,59.00178462579437,0,4,0,0
3137,3,30.92209361845412,36.2633044742982,0,5,1,0
3138,3,24.309502762435667,5.8781639063588145,0,3,1,0
3139,3,52.41825572957839,41.46828569573183,0,2,1,0
3140,3,27.5294808387263,27.97450607746884,0,6,1,0
3141,3,85.91642680642732,90.1539977821169,1,7,0,1
3142,3,23.794332564690805,36.861657257004964,0,3,0,0
3143,3,49.05623132085557,50.71547243661197,0,3,1,0
3144,3,58.19872164795759,81.28699432138241,0,11,0,1
3145,3,38.1253228182451,38.58369219644976,0,3,1,0
3146,3,62.21259126475624,64.77782623960934,0,2,1,0
3147,3,48.52107400479811,55.906147285966355,0,8,0,0
3148,3,20.719263883972374,21.855008616631803,0,6,1,0
3149,3,62.75906020324899,60.47183948349249,0,2,1,0
3150,3,69.32159505917267,65.83398725550997,0,6,1,0
3151,3,73.00831161790244,73.86268080789802,0,4,0,0
3152,3,18.480552702554427,22.49398915004899,0,4,1,0
3153,3,50.15663870690799,39.96812572791395,0,3,0,0
3154,3,42.49294837049626,36.49625360920686,0,4,0,0
3155,3,40.39725758588739,52.64131393047736,0,1,0,0
3156,3,73.38570052458353,56.70522062485057,1,3,0,0
3157,3,54.03777259122697,44.71394110550716,0,5,1,0
3158,3,59.87961621904665,30.84323846515096,0,0,0,0
3159,3,46.727151498260575,40.965422165115115,0,2,0,0
3160,3,43.166665653404344,54.13696327647193,0,6,1,0
3161,3,32.43751209442467,43.68414075152957,0,7,0,0
3162,3,56.604766506267524,35.90779486758177,0,1,1,0
3163,3,27.21855455611189,48.186024645410924,0,2,1,0
3164,3,22.512265146894375,32.00453120959353,0,4,0,0
3165,3,37.70609316839655,37.05624660794249,0,4,0,0
3166,3,54.487864592456546,53.04483198605767,0,3,0,0
3167,3,47.45965501715083,48.60411359077398,0,2,1,0
3168,3,35.478868415841674,52.77684626704151,0,4,0,0
3169,3,41.75581093633489,40.33238709143532,0,3,0,0
3170,3,87.18723138925712,73.39876110734265,1,5,0,1
3171,3,25.39612965783615,21.553098903593902,0,4,0,0
3172,3,71.7444572163491,72.25521904346631,0,3,0,0
3173,3,64.76266974320465,60.97476712808046,0,3,1,0
3174,3,67.41598280050586,54.843006828681176,0,7,1,0
3175,3,73.45735079582984,53.32754463528209,0,4,1,0
3176,3,49.14185395226308,55.10833221264401,0,7,0,0
3177,3,37.32243150358773,42.85837859341752,0,10,1,0
3178,3,63.36329989854814,46.21903406001634,0,3,0,0
3179,3,47.57818514265907,44.468177121018556,0,5,0,0
3180,3,47.91335177971821,53.07231375873809,0,2,1,0
3181,3,0.0,47.55150632027639,0,2,0,0
3182,3,31.61042980499459,12.609921668780583,0,4,1,0
3183,3,50.87166263170657,60.62202532735071,0,8,1,0
3184,2,28.44402339916425,21.38101488660049,0,3,0,0
3185,3,42.87208181588531,42.05735445502194,0,6,0,0
3186,3,49.807244254310476,49.788585667889045,0,3,1,0
3187,3,18.546990963277192,43.23492717863444,0,9,1,0
3188,3,37.06383711676709,49.087586927910245,0,6,1,0
3189,3,59.872641794273754,63.37613483229538,0,2,0,0
3190,3,33.85988252849944,62.47390091749371,0,10,1,0
3191,3,81.41721519654973,64.31284001676042,0,5,0,0
3192,3,59.4850170669874,40.69714625848314,0,6,0,0
3193,3,69.78344104918554,76.71992695052106,1,4,1,0
3194,3,56.59057942805889,62.859330073692554,0,7,1,0
3195,3,40.69059879036039,40.860473605494725,0,8,1,0
3196,3,68.4144604293085,50.52256535613784,0,3,0,0
3197,3,17.578473405895306,35.25725353758276,0,8,1,0
3198,3,53.46125515136178,40.539854483771215,0,4,1,0
3199,3,40.267290940117256,64.06695444948154,0,10,1,0
3200,3,91.60963394623539,49.27511081146499,0,5,1,0
3201,3,49.64230278470844,48.1013187309349,0,3,1,0
3202,2,20.24023688565176,43.65474540897831,0,8,1,0
3203,3,15.310391303690555,47.4846732838268,0,5,1,0
3204,3,61.5881703250828,47.52720812757058,0,5,1,0
3205,3,64.30330224869432,70.06577332271884,0,9,1,0
3206,3,62.40191027010927,81.71673027745359,0,6,1,0
3207,3,25.759732578493534,46.49632797758717,0,1,1,0
3208,3,59.56039998130243,66.10487767714406,0,5,1,0
3209,3,39.35348324350164,40.91529307945363,0,5,1,0
3210,3,45.75553890917245,38.79549471992354,0,5,1,0
3211,3,63.503250482097435,72.82464974632191,0,5,0,0
3212,3,48.773840968042215,40.457430981036396,0,4,1,0
3213,3,66.24405015598563,60.430297326594385,0,6,0,0
3214,3,85.18354288918609,42.39444777263523,0,3,1,0
3215,3,64.0345605948935,74.66124838543034,0,5,1,0
3216,3,79.77714378261713,76.27098076109168,1,3,1,0
3217,2,32.05054411122276,30.386391286784278,0,6,1,0
3218,3,36.33097199217443,37.74017166969149,0,7,1,0
3219,3,65.37203638713137,77.49223611634025,0,9,1,0
3220,3,45.03141283368184,45.37232156008488,0,4,1,0
3221,3,47.372662735848884,46.50221221215543,0,6,0,0
3222,3,42.04949030996373,45.364196567783736,0,3,0,0
3223,3,40.59401800378745,66.3813077367385,0,5,0,0
3224,3,48.759355587704654,36.44511034080595,0,4,0,0
3225,3,51.88995220751408,51.40763683604922,0,3,1,0
3226,3,25.39288442207494,18.05409276918968,0,3,1,0
3227,3,34.43575256232277,37.85559539779212,0,1,0,0
3228,3,37.927360903809394,38.31842197717272,0,4,1,0
3229,3,17.061038055109695,38.15553379075196,0,6,0,0
3230,3,57.719879886684666,55.3328022652731,0,5,1,0
3231,3,42.5333101003461,59.90721322684104,0,5,0,0
3232,3,51.795127374129656,49.870155551933436,0,5,1,0
3233,3,30.135318221554492,22.040930898334373,0,3,1,0
3234,3,77.7570341710583,67.2234989739692,1,6,0,1
3235,3,56.035261560996446,56.06225535007248,0,6,1,0
3236,3,42.01908921054395,37.48434752300727,0,5,1,0
3237,3,43.326286303077985,49.52241888003235,0,4,0,0
3238,2,56.75783460686688,60.512730752998166,0,3,1,0
3239,3,0.0,50.21342586117068,0,8,1,0
3240,3,46.03678150206311,63.39426602079706,0,6,0,0
3241,3,32.43550324649138,47.99138167679751,0,5,1,0
3242,3,58.61874044924343,63.490264109283075,0,5,0,0
3243,3,58.37281334364641,43.08359263381949,0,3,1,0
3244,3,61.20457856430002,43.44867539711293,0,4,1,0
3245,3,78.6003569576446,64.25031882590145,1,10,0,0
3246,3,21.353330483090087,19.445548583673443,0,4,1,0
3247,3,42.973800764452456,61.70042073428742,0,12,1,0
3248,3,57.30515681906953,64.87666431527686,0,4,1,0
3249,3,42.61252468409129,41.63499978308893,0,9,0,0
3250,3,47.97666559688744,40.56879241201742,0,3,1,0
3251,3,70.52448133347316,38.810475597537966,1,3,1,0
3252,3,52.44809773240899,47.42020631558297,0,3,1,0
3253,3,68.8725478484957,60.54470542631739,0,5,0,0
3254,2,82.83021888675266,76.6184666465258,1,2,0,0
3255,3,51.78545952687464,49.743822554032086,0,4,0,0
3256,3,46.60680809811988,29.42131707605025,0,1,0,0
3257,3,28.856956017285462,40.857622143122335,0,6,0,0
3258,3,51.98951181220937,43.7569692647074,0,6,1,0
3259,3,62.16765200408603,75.48276323219169,0,6,1,0
3260,3,57.316676296167785,70.82497018678349,0,8,0,0
3261,3,58.20604253866705,38.45111448610705,0,2,1,0
3262,3,54.8880819834756,56.26945739798218,0,7,0,0
3263,3,60.14543765042299,54.34589423653643,0,4,1,0
3264,3,97.98693210847289,76.96601879269683,1,3,1,0
3265,3,84.7032381901012,51.251598769145616,0,6,1,0
3266,3,48.19513125121509,39.30845902781213,0,5,1,0
3267,3,54.93542882494576,35.868854118943624,0,1,1,0
3268,2,46.44463759732397,43.88229957488318,0,9,1,0
3269,3,62.80081688272334,46.538250375714895,0,3,0,0
3270,3,55.80911108932447,62.63032828880365,0,8,0,0
3271,3,47.65233888314504,44.64562306986591,0,1,1,0
3272,3,28.83050106923577,34.53000396568395,0,4,0,0
3273,3,56.18879386682993,44.074560899410436,0,5,0,0
3274,3,66.06413447829931,61.77458781288153,0,4,1,0
3275,3,41.64757926638416,42.53963919238478,0,2,1,0
3276,3,40.365019256124306,39.486610945922855,0,6,1,0
3277,3,52.384538050006036,59.91404070793396,0,4,1,0
3278,3,36.666711266968655,40.913241688076965,0,3,1,0
3279,3,55.087866146913115,54.80002330870355,0,5,0,0
3280,2,53.40784847739438,50.05054282395639,0,6,0,0
3281,3,42.32109499117038,46.98473593186866,0,3,0,0
3282,3,57.646505183073515,50.00905855331659,0,3,1,0
3283,3,60.393562642955445,39.78532953082188,0,2,1,0
3284,3,57.848434820456426,70.01827620723876,0,8,1,0
3285,3,40.36784159016421,47.56282129941412,0,5,1,0
3286,3,60.932467679018444,59.068319337288855,0,3,1,0
3287,3,26.811423615291755,57.640435207817234,0,5,1,0
3288,3,36.370413713607164,51.10477195909614,0,9,1,0
3289,3,44.44009766161191,55.89837098112421,0,6,1,0
3290,3,50.999716120463134,51.37006319271927,0,2,0,0
3291,3,80.6313444770748,45.973262900439366,0,6,1,0
3292,3,54.852582613086184,42.91082880373437,0,4,1,0
3293,3,57.91755877185734,56.97430040315332,0,4,1,0
3294,3,41.313406726950056,26.148926646236408,0,3,1,0
3295,3,67.56773489286162,75.06005580590207,0,5,0,0
3296,3,38.78555143006869,42.1292879008717,0,5,1,0
3297,3,54.02259858334365,53.56904234590088,0,6,1,0
3298,3,41.90086969564476,33.24869937795336,0,6,1,0
3299,3,71.5728697141613,48.00329731863958,0,3,1,0
3300,3,43.77128652002866,37.69768729575948,0,3,1,0
3301,3,62.7644786656195,67.69652115372766,0,8,1,0
3302,3,66.02865354847376,58.16924557098831,0,4,0,0
3303,3,64.01001181991269,54.8623208964142,0,8,1,0
3304,3,97.25351677018595,36.01545364572238,0,4,1,0
3305,3,27.617384475070082,29.63357519561427,0,4,1,0
3306,3,67.44628427373715,55.30367557206331,0,6,0,0
3307,3,65.90366124980366,65.64685848521928,0,6,0,0
3308,3,50.11849664195379,47.47411756387912,0,3,0,0
3309,3,47.24298065961524,45.28322035085493,0,4,1,0
3310,3,35.89277578916057,38.72225740195433,0,4,1,0
3311,3,36.45966991706906,37.57833571743627,0,8,1,0
3312,3,25.62349992893071,23.791925301786602,0,7,0,0
3313,3,24.462579175085057,43.877991328616,0,3,0,0
3314,3,69.91157773653298,74.81152858345662,0,5,1,0
3315,3,61.07311911791616,53.16891845323135,0,4,1,0
3316,3,33.32723417201039,31.01389513265734,0,2,0,0
3317,3,46.96097527898719,55.51604661687883,0,8,1,0
3318,3,50.83359771402691,44.896533504377,0,2,1,0
3319,3,60.76512886628385,44.036304140494835,0,4,1,0
3320,3,62.01222947117432,60.801773444296664,0,5,0,0
3321,3,57.16840447998348,70.75386043430692,0,8,1,0
3322,3,52.47789295938435,55.907031338699426,0,5,0,0
3323,3,11.652564797834193,27.83272094551866,0,3,1,0
3324,3,44.14948311545217,37.139206192238156,0,5,0,0
3325,3,43.507676317779556,53.28593428938927,0,4,1,0
3326,3,49.9210796686544,34.09202724402913,0,4,1,0
3327,3,52.80277179820588,43.067716964783834,0,3,0,0
3328,3,60.63494781858367,70.03775065260223,0,6,1,0
3329,3,78.34981142697924,51.60816596717166,0,6,0,0
3330,3,20.54008477362279,30.340773305167836,0,3,0,0
3331,3,35.82130373522474,40.507339220112684,0,5,0,0
3332,3,28.97011117820902,28.27715603378059,0,5,0,0
3333,3,63.358780456282474,62.98395114717619,1,5,0,0
3334,3,56.3389281672057,59.33117131397227,0,13,1,0
3335,3,41.74955970299645,43.33859043470443,0,3,1,0
3336,3,62.16294520464027,41.695459751640584,0,2,1,0
3337,3,41.73006380713411,50.325203268893176,0,7,1,0
3338,3,83.45256394416539,51.63613359868527,0,2,1,0
3339,3,49.150289640842544,32.831048171264776,0,2,1,0
3340,3,57.237850467532766,53.83067515351613,0,4,1,0
3341,2,39.6956919753044,58.16393872796739,0,10,1,0
3342,3,65.77231547697828,67.8487418932258,0,4,1,0
3343,3,57.321767562766205,60.82193203081881,0,6,0,0
3344,3,16.29865705136375,34.18258852073106,0,4,1,0
3345,3,41.29375871769086,41.634774574151365,0,3,1,0
3346,3,35.70083376322318,46.6667115723663,0,2,0,0
3347,3,72.18946412883551,80.58077512362098,0,9,1,0
3348,3,29.662783732218852,23.46719454434455,0,3,1,0
3349,3,42.65087056545468,61.10311441919333,0,7,0,0
3350,3,52.1203552240944,44.20747501151202,0,7,0,0
3351,3,5.539967542742254,48.804963195975105,0,7,0,0
3352,3,43.22161374947875,41.766043261247745,0,5,1,0
3353,3,56.81803728573171,54.43592691557228,0,5,1,0
3354,3,50.691376917546926,55.4316560106768,0,2,0,0
3355,3,33.316619416420586,40.653936437477995,0,5,1,0
3356,3,24.083762277294955,35.20413432313401,0,6,0,0
3357,3,24.26407800554105,24.807686282673423,0,7,1,0
3358,3,60.312935649512234,61.76466962210912,0,6,0,0
3359,3,47.78810976128047,48.992230212090355,0,4,1,0
3360,3,56.90104525497772,35.20120681201799,0,2,0,0
3361,3,61.28465016707457,55.41619625821102,0,4,0,0
3362,3,41.0574416438226,53.76815468056712,0,3,1,0
3363,3,47.28326315167053,34.893358047905934,0,4,1,0
3364,3,60.048302802970674,68.05866929644439,0,7,0,0
3365,3,55.65886401215587,54.296252684889254,0,5,1,0
3366,3,100.0,62.56068619744142,1,8,1,0
3367,3,64.16985718335332,57.97480903318745,0,4,1,0
3368,3,44.30169984267749,43.53831683959246,0,5,0,0
3369,3,58.07723560173123,33.843937204388254,0,3,1,0
3370,3,49.21658494961577,29.387885629988766,0,3,1,0
3371,3,57.07652863227038,60.198099094298335,0,3,0,0
3372,3,52.07302678696164,32.95659981125373,0,2,1,0
3373,3,58.2185026885103,63.319705305909814,0,4,0,0
3374,3,42.5021355381323,35.98511164304892,0,2,1,0
3375,3,53.35294029502441,36.681780475544755,0,5,1,0
3376,3,39.167016832414696,57.001742229124744,0,4,1,0
3377,3,55.52445449785819,50.28775038283054,0,3,0,0
3378,3,40.69036066045942,22.802891467297385,0,2,0,0
3379,3,58.10854943303079,50.28722254875426,0,5,1,0
3380,3,67.17474530865778,62.280901778605504,0,6,1,0
3381,3,73.92629772608984,60.54815864223799,0,3,0,0
3382,3,61.90319799990328,64.67025903082663,0,12,1,0
3383,3,66.08327507664674,44.52081823986816,0,2,1,0
3384,3,46.328447062384654,31.536717646057568,0,2,1,0
3385,3,31.1273069380862,33.638528281791906,0,5,1,0
3386,3,66.29325625962392,68.2055494117615,0,2,0,0
3387,3,57.58834522803113,44.73352922890945,0,5,1,0
3388,3,60.08163433569914,52.481537218894424,0,3,0,0
3389,3,69.89587717475469,57.38735650051309,0,4,1,0
3390,3,49.97582607490865,48.55886886954639,0,8,0,0
3391,3,50.10436437047376,35.67594130391488,0,3,0,0
3392,3,66.93168902972477,81.6508374575305,0,8,0,1
3393,3,50.356991042943534,38.24277678343426,0,5,0,0
3394,3,24.819310240889894,17.124783949629293,0,3,1,0
3395,3,56.858966667927824,47.81886900958152,0,4,1,0
3396,3,64.75376148064376,52.135266542332324,0,6,1,0
3397,3,64.80218121848158,66.34327732665689,0,3,0,0
3398,2,34.92387287559262,37.63733519686976,0,2,1,0
3399,3,19.16552556009909,36.38446132271949,0,8,1,0
3400,3,47.40757910653026,29.783045687449384,0,3,1,0
3401,3,47.374358656137844,42.84676101978512,0,6,0,0
3402,3,75.7548780529541,47.86039650777072,0,3,1,0
3403,3,58.450356609987395,52.93426518101078,0,3,1,0
3404,3,64.71305790279565,45.87306988612558,0,3,1,0
3405,3,55.46978758615595,59.93307021496039,0,4,1,0
3406,3,63.72261144862483,51.124970018709924,0,6,1,0
3407,3,40.93333160958335,50.546081993138166,0,9,1,0
3408,3,58.13492354978518,50.68884668322458,0,4,1,0
3409,3,50.62254877164711,40.68958469583535,0,5,1,0
3410,3,64.67230249894857,61.77420620669288,0,6,1,0
3411,3,68.37566160599081,55.821402826885944,0,3,0,0
3412,3,55.566059755449274,46.19850092666624,0,7,0,0
3413,3,42.17654310511673,42.495790723521495,0,4,1,0
3414,3,62.236552230461115,42.77394830771495,0,2,1,0
3415,3,66.04036659715442,60.539108040414575,0,8,0,0
3416,3,35.75384145171351,53.131762855750196,0,5,0,0
3417,3,29.373141196705262,39.24308654571862,0,7,0,0
3418,3,56.50347543219971,58.88551291464734,0,2,0,0
3419,3,26.516737206658238,27.50520163888898,0,3,1,0
3420,3,29.78462884032566,36.85327673456299,0,7,0,0
3421,3,38.79366736138435,53.98972855776215,0,3,0,0
3422,3,43.54237697913799,47.49581838601322,0,6,0,0
3423,3,74.98672953749045,59.34244902720473,1,6,1,0
3424,3,41.24421633762415,35.78180021958818,0,4,0,0
3425,3,33.66208426428692,41.94522295452712,0,5,1,0
3426,3,89.34577763777621,50.91142335988944,1,5,1,0
3427,2,57.89331841899638,59.65555375761441,0,4,1,0
3428,3,52.53828565586238,48.69158567544513,0,6,1,0
3429,3,31.088658615098684,26.332443944199873,0,4,0,0
3430,3,88.42788422896392,71.92346884517916,1,6,0,1
3431,3,60.42791125730124,48.782267509493025,0,7,1,0
3432,3,72.91051187159452,58.74403373120189,1,2,0,0
3433,3,28.162363657901757,47.35910805018704,0,6,1,0
3434,3,67.36820297181802,51.601531428038754,0,4,0,0
3435,3,20.627640523122317,36.62771152146172,0,10,1,0
3436,3,42.28389350439646,34.526661385187296,0,5,1,0
3437,3,50.13991436391275,42.7900359042723,0,5,1,0
3438,3,73.20225245046836,67.75051396434216,0,6,1,0
3439,3,51.200605490208666,48.22191304002263,0,4,0,0
3440,3,38.327851706328026,44.274405263979645,0,5,0,0
3441,3,63.21438755362651,42.64316772127843,0,3,1,0
3442,3,47.92553732234262,21.787998890798434,0,1,0,0
3443,3,63.18193285437938,56.9515433275191,0,4,1,0
3444,2,65.90029837453423,63.59778582393791,1,7,0,0
3445,3,77.5050253639623,72.35649840635315,1,7,0,0
3446,3,27.18753375274075,38.09884873367224,0,9,1,0
3447,3,36.26319370822798,37.56871676873037,0,3,1,0
3448,3,69.35973704611835,72.25688206424873,0,4,1,0
3449,3,19.532080665778484,26.05096816340238,0,2,1,0
3450,3,52.44684104294047,52.2411706792832,0,5,1,0
3451,3,46.155680014209,34.48891782728697,0,5,1,0
3452,3,49.696778828993516,41.72956106850722,0,3,0,0
3453,3,61.22053422055149,56.4252962347467,0,9,0,0
3454,3,100.0,51.44844511970351,0,4,0,0
3455,3,42.05255268617072,39.99569440479969,0,3,1,0
3456,3,55.963806877495934,48.49258523617855,0,5,1,0
3457,3,21.39837187576879,28.943178828110216,0,2,0,0
3458,3,46.11973841484146,56.86198872383825,0,10,0,0
3459,3,55.514627638476135,55.93337057397225,0,6,1,0
3460,3,60.36309142867153,52.039955755736145,0,1,1,0
3461,3,67.8050283146549,56.67448390613802,0,8,1,0
3462,3,54.29420334917166,49.76622491795942,0,10,0,0
3463,3,46.299333209577185,43.33498418316024,0,8,1,0
3464,3,25.470368632596735,43.75983490167758,0,9,1,0
3465,3,28.863259117562137,22.77622709864242,0,2,0,0
3466,3,76.39506596416729,66.27534507325151,0,4,0,0
3467,3,36.61200634491398,45.04956553414272,0,6,0,0
3468,3,41.283992046395994,29.88692984828786,0,2,1,0
3469,3,47.97473714390261,36.405037019819254,0,4,1,0
3470,3,45.28009432338834,50.765729961297396,0,6,1,0
3471,3,67.60251714025459,66.71097352424762,0,5,1,0
3472,3,59.00053168060619,37.20439192861036,0,2,0,0
3473,3,46.43426084113612,30.958470990094327,0,2,1,0
3474,3,59.49367826510112,45.6643292572224,0,1,1,0
3475,3,56.08206243385625,44.74167743156804,0,6,0,0
3476,3,80.81236399960446,64.99464459595036,1,9,0,0
3477,3,16.381978805542083,18.9553040409343,0,4,1,0
3478,3,39.537325789208715,43.4857880091131,0,5,1,0
3479,3,46.710777294378005,37.661711056767324,0,4,1,0
3480,3,73.7673116535326,58.70547760476297,1,4,0,0
3481,3,41.8986134957698,51.23256111185628,0,7,1,0
3482,3,43.740314998257546,34.03272225793544,0,4,1,0
3483,3,12.299260671031401,28.48632529641116,0,8,1,0
3484,3,42.65564258801732,50.43553786122021,0,6,1,0
3485,3,59.25722076140785,55.13944380945172,0,4,1,0
3486,3,24.432893770103483,47.09144053268692,0,6,1,0
3487,3,71.07098654164207,49.15746399574137,0,3,1,0
3488,3,0.0,31.789761127545898,0,6,0,0
3489,3,54.76659456429873,63.707264836101885,0,7,1,0
3490,3,43.83061977909596,41.94270531168189,0,3,1,0
3491,3,48.54792875063648,34.139044021422656,0,4,0,0
3492,3,40.25692567550885,33.9015228252168,0,4,1,0
3493,3,43.26673670083703,43.67157393688516,0,4,1,0
3494,3,34.661828351387136,33.26894793317238,0,2,0,0
3495,3,49.18175899672501,41.070303663376556,0,8,1,0
3496,3,53.1333955307867,55.71563312343842,0,6,1,0
3497,2,33.62390499959127,22.833597090117017,0,2,1,0
3498,3,77.7640395655097,68.91424470142783,1,3,0,0
3499,3,57.2904828769998,52.10504946202996,0,2,0,0
3500,3,45.0298030374251,38.85266385595989,0,8,1,0
3501,3,73.71269771114194,70.96298140571142,1,6,1,0
3502,3,71.0754484215161,58.328734108196734,0,5,1,0
3503,3,45.471619049836214,37.42870297537129,0,6,1,0
3504,3,67.34413406449663,84.21892152475803,0,8,0,1
3505,3,41.71598773326691,44.51148764953598,0,6,1,0
3506,3,62.880622039374494,62.904900084503325,0,6,1,0
3507,3,60.30364936963194,54.28717666825872,0,3,0,0
3508,3,73.38211271028271,52.64661224652996,0,4,1,0
3509,3,61.76130507736073,70.76205923753943,0,7,1,0
3510,3,58.16179835902627,41.412980687819434,0,3,0,0
3511,3,54.477834592059764,47.839087806979904,0,5,1,0
3512,3,45.63024805401136,44.2783468379714,0,4,1,0
3513,3,61.55042623402019,52.131703570199726,0,3,1,0
3514,3,72.3670033571624,61.971809202940385,0,2,1,0
3515,3,48.3566915124575,33.466984255079936,0,3,0,0
3516,3,61.216509154050684,50.41706683340226,0,6,1,0
3517,3,40.78419862715797,51.06193116681517,0,3,1,0
3518,3,41.95996717143455,47.15960588347813,0,6,1,0
3519,3,70.17015621368958,75.62860837561968,0,5,1,0
3520,3,47.576010806122625,46.74704849608544,0,7,0,0
3521,3,54.89448238325749,43.322445346680794,0,5,1,0
3522,3,39.06499070782944,47.73387446908422,0,4,0,0
3523,3,15.443970420531166,32.1526858921418,0,6,0,0
3524,3,54.68555229408447,51.25764702832016,0,5,1,0
3525,3,50.07578753033848,52.34872035980036,0,4,1,0
3526,3,51.930627919861834,43.36240640231132,0,2,1,0
3527,3,40.115398667535935,48.17026184204283,0,1,0,0
3528,3,52.84317823034944,51.66710084195556,0,3,1,0
3529,3,61.903168718483634,56.19490835076418,0,9,0,0
3530,3,35.056865225127524,36.556578178701486,0,5,1,0
3531,3,17.605623043930706,23.011609395489437,0,4,1,0
3532,3,43.62186274781063,44.35117537949918,0,7,1,0
3533,3,49.80145551072428,43.33559441581864,0,6,1,0
3534,3,47.148436501809684,36.98256741536627,0,3,1,0
3535,3,46.339381492683636,31.007316187374865,0,2,1,0
3536,3,79.01709152822357,73.71717542057816,0,8,1,0
3537,3,57.262038439595024,50.70406384818559,0,4,1,0
3538,3,48.273830314903826,50.60723085800113,0,4,1,0
3539,3,28.306029790685848,27.7524694619707,0,7,1,0
3540,3,9.973674587837,10.792472146676161,0,4,1,0
3541,3,45.59013827689661,42.61712047760527,0,2,1,0
3542,3,61.30866486051757,52.89717266687063,0,9,0,0
3543,3,46.33280610783717,39.945004144825845,0,6,0,0
3544,3,54.28741753406246,48.87883515573358,0,4,0,0
3545,3,42.62637774072044,39.2785390381681,0,5,1,0
3546,3,55.61334737494036,43.402380935394945,0,3,1,0
3547,3,57.060888761479205,56.34143555451499,0,7,0,0
3548,3,32.216149691490784,38.216081710205756,0,6,1,0
3549,3,48.39198566990584,46.716201859418156,0,5,1,0
3550,3,59.61359995879128,44.08067995475385,0,6,0,0
3551,3,63.70450492213256,73.96437718431103,0,8,1,0
3552,3,76.14228085034217,47.08069726940365,1,2,1,0
3553,3,39.743300861185915,33.52409214076405,0,4,1,0
3554,3,37.496048692135666,32.93872869665715,0,4,1,0
3555,3,20.01728951983722,30.247994052898083,0,6,1,0
3556,3,46.098573085811324,40.1543293900595,0,4,1,0
3557,3,58.15204834446551,55.13344548521223,0,4,0,0
3558,3,47.90078004561764,55.26039607227455,0,3,1,0
3559,3,83.97839043970166,77.49688677814561,1,8,1,0
3560,3,45.953275921963325,31.57131929424506,0,2,0,0
3561,3,38.965660629288955,36.499697457585896,0,4,1,0
3562,3,32.41569654921598,47.39902876252674,0,4,1,0
3563,3,49.5879141437852,49.440022455511496,0,6,1,0
3564,3,42.42823744584915,32.99295038986524,0,3,1,0
3565,3,51.74193464170354,47.657874565048736,0,4,0,0
3566,3,32.82815613519508,34.00485603665064,0,3,1,0
3567,3,50.97974242189575,45.72951275471152,0,4,1,0
3568,3,30.346614062288175,26.7935374825172,0,4,1,0
3569,3,55.42490741695559,48.80051448835815,0,8,1,0
3570,3,32.62561746210068,39.42070744984511,0,10,1,0
3571,3,32.9867985446466,42.90245593474988,0,7,1,0
3572,3,68.44539602189626,62.130444748911195,0,5,1,0
3573,3,59.482442441269434,61.188174559072934,0,5,0,0
3574,3,49.30617624171873,33.822044356953384,0,2,1,0
3575,3,38.20860289018689,36.501182316644815,0,7,1,0
3576,3,34.01936928258328,33.28792937148308,0,7,1,0
3577,2,36.71169400818843,30.29982840904698,0,2,0,0
3578,3,19.845696647176464,19.513792402811955,0,2,0,0
3579,3,41.81878588429864,61.32602725708475,0,7,0,0
3580,3,68.79990305019328,57.44455460742003,0,9,1,0
3581,3,48.60462706179398,46.342145270369265,0,5,0,0
3582,3,76.6756013188387,71.6450663380264,1,7,1,0
3583,3,56.67472827572263,50.4045562081044,0,4,1,0
3584,3,35.78263102260175,34.469298343382064,0,4,1,0
3585,3,50.07305614657381,57.51933558890508,0,7,1,0
3586,3,54.37958384834927,62.56381100331251,0,6,1,0
3587,3,71.20492908135903,81.46956440853873,0,10,1,0
3588,3,71.44177612763384,61.93604227895812,0,4,1,0
3589,3,70.97462164286118,81.81719636665275,0,7,0,0
3590,3,87.92799843682782,78.33185319916664,1,6,1,0
3591,3,94.52960157177743,69.93742293868699,1,6,0,1
3592,3,39.84541581747989,52.53603634420081,0,9,1,0
3593,3,27.504927815744377,30.916913376314373,0,3,1,0
3594,3,56.63637312612674,26.48270935167621,0,4,1,0
3595,3,55.84654142592615,34.95517978577316,0,3,0,0
3596,3,42.77540415658019,37.63379997205344,0,3,1,0
3597,3,57.7303778895149,69.42719079186031,0,6,1,0
3598,3,38.102506150599595,46.78669035747299,0,8,1,0
3599,3,34.66397824856296,40.846361897580564,0,5,1,0
3600,3,32.60632844935802,46.59686130414684,0,8,1,0
3601,3,16.139055376373257,38.2251875684054,0,6,1,0
3602,3,91.67322249124942,85.02220437669546,1,5,1,0
3603,3,46.35514768065335,66.7559772988565,0,4,1,0
3604,3,37.039416175685425,28.82991120091527,0,2,1,0
3605,3,26.42056720971406,6.141535911773717,0,1,1,0
3606,3,32.88863088687758,38.25910081621247,0,4,1,0
3607,3,62.98325399548372,62.66689808383228,0,5,0,0
3608,3,59.39258212084214,37.5804086184474,0,2,0,0
3609,3,36.12725577565997,39.48442825131504,0,6,0,0
3610,3,79.26045431285999,51.95050087529438,1,3,1,0
3611,3,35.93799241727125,49.42631694041634,0,4,1,0
3612,3,75.0538703443812,65.00912494847834,0,4,0,0
3613,3,21.63894425342425,25.42423122993,0,2,0,0
3614,3,22.54405042092369,46.847007265647505,0,5,0,0
3615,3,71.69504145116498,66.74343480202775,0,4,0,0
3616,3,51.49983839568851,37.12198878804411,0,5,1,0
3617,3,72.39356339425072,47.657419413405165,0,2,1,0
3618,3,33.39850372875098,31.64798883123104,0,4,1,0
3619,3,67.13654129834059,57.411303901290644,0,3,0,0
3620,3,64.37886584241,58.7871156045142,0,6,1,0
3621,3,49.62850784655595,51.921507385213076,0,6,1,0
3622,3,39.00477682606945,40.008694329998995,0,4,0,0
3623,3,54.1183595170054,53.7864572566846,0,7,0,0
3624,3,30.282860849336824,38.785883987313746,0,2,1,0
3625,3,74.76905202869119,77.64099845838224,1,6,0,0
3626,3,6.774855585998488,26.84326484494217,0,4,1,0
3627,3,32.00741898651984,27.174709391408143,0,4,1,0
3628,3,57.65701252754154,40.84636686286592,0,6,1,0
3629,3,43.8627747751211,31.188697554314842,0,3,1,0
3630,3,51.3242604772875,44.00694060842888,0,4,1,0
3631,3,57.819652454457895,53.88544962596613,0,4,0,0
3632,3,34.19785756480104,45.423209970872634,0,6,1,0
3633,3,20.459128721419745,17.693827589996236,0,4,1,0
3634,3,52.58455676317439,60.58726125227751,0,11,1,0
3635,3,34.697996137201415,38.433767092193484,0,5,1,0
3636,3,44.18712953309834,41.14864177795621,0,8,1,0
3637,3,32.88247433274567,22.870184163323884,0,3,1,0
3638,3,63.10301020369747,62.56870886820627,0,7,0,0
3639,3,40.59823148226403,46.52494279615665,0,5,0,0
3640,3,28.93796695581096,38.79851131741702,0,1,1,0
3641,3,66.18357798226886,39.064969642931885,0,1,1,0
3642,3,60.50384675800361,48.890993580948155,0,5,1,0
3643,3,78.67720822696823,77.6528768875756,1,4,1,0
3644,3,87.27820751436035,61.75911438932057,1,4,1,0
3645,3,42.9760974024969,24.570593541157972,0,3,0,0
3646,3,10.159053130401201,5.288091250353493,0,1,0,0
3647,3,65.42722838875181,61.70214174428206,0,5,1,0
3648,3,66.7930994523172,74.87025091300428,0,4,1,0
3649,3,37.70532016716723,56.52511320066832,0,10,1,0
3650,3,54.39244541111068,42.18403788434668,0,4,1,0
3651,3,37.37131717470219,53.41616860778654,0,4,0,0
3652,3,58.88724887441586,49.24050075397756,0,7,1,0
3653,3,53.93159892488052,50.82664096678336,0,4,1,0
3654,3,45.84565379887963,52.94429721333009,0,8,1,0
3655,3,44.97120612393856,34.046872959289345,0,7,1,0
3656,3,46.326932775711235,33.5554008475517,0,3,1,0
3657,3,46.162602366166595,52.015975864685885,0,4,0,0
3658,3,37.04558143951351,28.941316945451128,0,3,1,0
3659,3,58.99148500433485,46.50144651748419,0,8,0,0
3660,3,56.9844455757313,44.1302614323547,0,5,1,0
3661,3,59.885316780204775,43.982404071918474,0,1,0,0
3662,3,62.604960432957355,52.3501857583129,0,4,1,0
3663,3,26.039955310577856,22.259018909452884,0,5,1,0
3664,3,74.7642542136262,68.73586904573303,1,6,0,0
3665,3,24.63889582185907,40.471198128551364,0,4,0,0
3666,3,47.99173568006041,48.40098385182432,0,5,0,0
3667,3,67.93997226199924,71.28729142051324,0,3,0,1
3668,3,87.33849295947464,81.1030717113127,1,4,0,1
3669,3,60.31848882045868,54.616956826761914,0,8,0,0
3670,3,55.381740942512266,48.87196150292385,0,2,0,0
3671,3,44.93839288630915,40.891998676130164,0,2,1,0
3672,3,50.09154731071211,25.157117641620236,0,4,0,0
3673,3,60.9468496399094,36.55411628324854,0,6,1,0
3674,3,45.288494301493856,52.75343513291903,0,8,0,0
3675,2,41.892295527841995,50.76712241734522,0,4,1,0
3676,3,59.87748591769837,55.39118940240911,0,4,1,0
3677,3,52.82791787039632,41.753749963265854,0,4,1,0
3678,3,100.0,57.040977717034366,0,4,1,0
3679,3,48.50494630691208,47.28105124560571,0,3,1,0
3680,2,37.89432343113562,37.438680547928016,0,2,1,0
3681,3,60.42239971524212,58.515730020740946,0,4,1,0
3682,3,64.75290762474361,59.01834987992396,0,6,0,0
3683,3,47.26741806698274,44.393245338914966,0,6,1,0
3684,3,37.12014004153592,38.503262872325756,0,4,0,0
3685,3,49.27636111781024,41.074020881537464,0,6,1,0
3686,3,37.020781628800464,23.124742759125642,0,3,1,0
3687,3,0.0,52.166595318868936,0,3,1,0
3688,3,64.86453813539842,52.44501991296377,0,3,0,0
3689,3,44.99452774893689,65.80664503502709,0,5,1,0
3690,3,38.180439743480534,41.615465646398206,0,5,0,0
3691,3,52.495929384040465,50.32879627417195,0,5,1,0
3692,3,52.26712339142656,37.65185926246642,0,5,1,0
3693,2,62.973422902984055,60.975089733610695,0,7,1,0
3694,3,23.444694774716666,21.33662017829536,0,4,1,0
3695,3,78.93891564393013,51.79208262845165,1,3,1,0
3696,3,51.93550140601484,39.19432072232891,0,4,0,0
3697,3,25.52640199599844,50.24728512659859,0,7,1,0
3698,3,24.006373016009956,21.641202253173486,0,6,1,0
3699,3,61.69178452088738,60.04478805655731,0,6,1,0
3700,3,65.96347022619399,52.293246883965274,0,1,1,0
3701,3,32.66946316305684,39.394465280596826,0,6,1,0
3702,3,28.294254190233552,38.409072817930486,0,4,0,0
3703,3,35.29015625846797,25.71469051775997,0,2,1,0
3704,3,32.373240173101756,36.68011063266677,0,6,0,0
3705,3,47.40952329593744,46.310226921624,0,5,1,0
3706,3,38.94570568197152,37.143273367442255,0,6,0,0
3707,3,42.35206265694219,39.44542729174117,0,4,1,0
3708,3,51.388410590393434,34.238123764284566,0,5,1,0
3709,3,46.273799528449146,32.06615260183247,0,3,0,0
3710,3,42.405720338267834,47.98070392406924,0,4,1,0
3711,3,45.16295012912392,57.62018949358311,0,3,0,0
3712,3,43.061271698710804,42.68971019829727,0,8,1,0
3713,3,39.26595390646362,29.692542941269192,0,4,1,0
3714,3,36.8173648256111,47.60660431882023,0,6,1,0
3715,3,54.31027305117813,60.7698186682148,0,3,0,0
3716,3,63.060753693135176,52.53005796435995,0,6,0,0
3717,3,57.29566248836259,47.21522961711874,0,9,1,0
3718,3,23.22081354307626,34.26222297558564,0,1,0,0
3719,3,48.35305950403906,49.159941844941955,0,9,1,0
3720,3,57.77370765762397,71.15785192104526,0,8,0,0
3721,3,53.81757020294493,38.70393988703565,0,5,1,0
3722,3,30.765951541904634,48.05981066724786,0,5,1,0
3723,3,51.856106082997215,53.0869125096908,0,6,0,0
3724,3,40.75753380075486,43.56529392643745,0,2,1,0
3725,3,71.27861631014972,62.20296188944235,0,6,1,0
3726,3,36.60620134319881,39.57528523031506,0,5,1,0
3727,3,82.52044238423711,78.98838318181083,0,6,0,1
3728,3,26.770773201715606,35.77262054914386,0,5,1,0
3729,3,50.69718231476507,47.01622708759842,0,3,0,0
3730,3,79.50102336800845,66.10118764193267,0,4,1,0
3731,3,63.99942559289187,49.618938633289915,0,2,1,0
3732,3,74.48477315398563,55.054150551264044,0,6,0,0
3733,3,56.21557815579034,45.534214376274804,0,3,1,0
3734,3,43.33240182566988,44.73982140962617,0,6,1,0
3735,3,12.428207606373938,18.95617554386644,0,7,0,0
3736,3,14.987119754610823,34.45273604698514,0,5,1,0
3737,3,51.015242651847686,51.075622434907665,0,4,1,0
3738,3,42.58763560014149,54.6334543323934,0,4,0,0
3739,3,31.257781941206908,49.768565889555944,0,6,0,0
3740,3,40.813566813060355,21.65544293704839,0,3,1,0
3741,3,62.8994839689815,53.76293992419926,0,4,0,0
3742,3,71.52076818486239,63.08591711379376,0,4,1,0
3743,3,51.86076992617583,52.64182289901257,0,5,1,0
3744,3,58.83128284636817,57.671536347688324,0,8,1,0
3745,3,41.993563094353966,49.926818057495915,0,5,0,0
3746,3,54.400295491930706,55.70418393854486,0,7,0,0
3747,3,21.04841252381852,26.44099190442754,0,6,1,0
3748,3,8.863676724905197,43.195638287387915,0,5,0,0
3749,3,77.40397858604122,63.69032242389541,0,5,0,0
3750,3,18.323640923449002,34.86188796671195,0,6,1,0
3751,3,56.588005491169646,59.35041296605365,0,7,1,0
3752,3,43.70014314458731,33.508400199363344,0,6,1,0
3753,3,48.02582200645453,45.00697737452189,0,1,0,0
3754,3,62.818078713662935,72.10334298396226,0,6,0,0
3755,3,71.04092047543581,55.121309384046526,0,4,1,0
3756,3,47.46120062418077,50.26545714469566,0,7,1,0
3757,3,47.914958982286066,37.22443336216974,0,4,1,0
3758,3,34.939096895531705,38.973065715498116,0,6,0,0
3759,3,66.54186631679956,51.84062950295726,0,4,1,0
3760,3,42.43282157497166,48.189665287937046,0,9,1,0
3761,3,59.66275047646722,69.0664448240094,0,5,1,0
3762,3,36.87134225814491,62.06970314349887,0,7,0,0
3763,3,47.11178150023594,36.93147659460641,0,5,1,0
3764,3,42.033983043181074,49.964613707357245,0,9,1,0
3765,3,58.68675908493351,49.94757032958908,0,4,0,0
3766,3,35.10658323350237,46.86745143113389,0,8,1,0
3767,3,60.67344306439528,43.89232390613244,0,2,1,0
3768,3,36.00479781411855,41.450375624766544,0,4,1,0
3769,3,41.31785469147051,33.32231866845667,0,5,0,0
3770,3,30.832409991025624,38.69406465826577,0,5,0,0
3771,3,84.48136903105905,82.88205292124634,1,5,1,0
3772,3,58.838917917504574,32.86236573471775,0,3,1,0
3773,3,19.933053567615328,27.024581884963965,0,9,0,0
3774,3,65.97818367474828,65.08159906871336,0,4,0,0
3775,3,69.73437408140703,72.12941188112022,0,8,1,0
3776,3,60.06555387462458,44.35832910850221,0,2,1,0
3777,3,71.05003719185505,60.320931607109166,0,9,1,0
3778,3,11.257304030888111,31.666313204263933,0,2,1,0
3779,3,25.72641301686839,24.922265885315248,0,3,0,0
3780,3,50.83894840374991,41.70186686545855,0,5,1,0
3781,3,46.59506839459527,38.58203061944954,0,2,1,0
3782,3,49.89663782862012,48.27115974941066,0,5,0,0
3783,3,51.8328338676364,45.04778373808633,0,1,1,0
3784,3,37.26487735596836,43.37741931509098,0,4,1,0
3785,3,50.10391622300496,50.09534531558427,0,7,0,0
3786,3,38.01186662054522,30.84783454386597,0,5,0,0
3787,3,62.7948109050982,49.54576019231387,0,7,0,0
3788,3,51.054378861304116,36.35446418671933,0,4,1,0
3789,3,50.7335772257725,42.13177354009528,0,6,0,0
3790,3,47.57284075813115,57.090061713916725,0,6,1,0
3791,3,15.483087478819979,14.62443720218477,0,5,1,0
3792,3,58.877222812383884,55.61294942635356,0,4,0,0
3793,3,99.76395206453418,17.144869034452423,0,5,1,0
3794,3,73.90970696659117,67.90361761926778,0,6,1,0
3795,3,14.898822912286526,33.73926670153168,0,8,0,0
3796,3,38.20802616161225,38.83202946856267,0,4,1,0
3797,3,66.88756848719137,64.06911467306904,0,9,1,0
3798,3,70.42205643315526,66.54756425783042,1,5,1,0
3799,3,46.24804080698036,38.52295903708024,0,5,1,0
3800,3,52.05392564675507,46.851709035835604,0,2,1,0
3801,3,70.81162017100775,46.32475451364068,0,4,1,0
3802,3,57.5912845030115,51.97052187777632,0,5,1,0
3803,3,61.29613260825107,52.25445590810591,0,1,1,0
3804,3,51.77386569320352,52.59232478883318,0,5,1,0
3805,3,79.89761840317131,61.16842499410373,1,6,1,0
3806,3,45.21124169715287,49.811906657671884,0,6,0,0
3807,3,46.7710604509009,44.479029518405675,0,5,0,0
3808,3,33.13371933394377,26.433947970029536,0,3,0,0
3809,3,43.69266991947802,50.22446214220599,0,6,0,0
3810,3,80.56406792215485,52.56350740333801,1,5,1,0
3811,3,34.53897572554366,32.51184901673145,0,6,1,0
3812,3,51.21555791484994,42.546922089661415,0,3,1,0
3813,3,46.32347708244963,53.211043154523644,0,7,1,0
3814,3,55.91581640742784,54.58330885378562,0,5,1,0
3815,3,37.215968401336454,44.81557135928243,0,6,1,0
3816,3,28.29806074752213,25.921406546149484,0,5,0,0
3817,3,60.25972672710165,47.348346675574234,0,4,1,0
3818,3,52.94126502162724,40.20646887127011,0,7,1,0
3819,3,67.30211313810959,58.00096531778593,0,6,0,0
3820,3,36.48693035773252,41.26795870480761,0,5,1,0
3821,3,58.73507649235029,64.35197857406408,0,8,1,0
3822,3,37.771089922093914,35.55273696757617,0,5,0,0
3823,3,49.95476119977883,44.23639257211845,0,6,1,0
3824,3,0.0,14.858441181624134,0,4,1,0
3825,3,51.52515264392739,39.09358821350039,0,4,1,0
3826,3,39.734285580505365,25.063834400963145,0,1,1,0
3827,3,56.69200917677138,38.62445666675824,0,4,1,0
3828,3,32.995410254121964,26.40162487207923,0,4,1,0
3829,3,48.79238383238985,57.350500139291,0,6,1,0
3830,3,30.01034997355024,18.52207570352646,0,2,1,0
3831,3,45.056895198449254,50.70769229993982,0,7,1,0
3832,3,36.46040146678918,32.33852270155782,0,5,1,0
3833,3,63.29455317399352,41.22935037598268,0,1,0,0
3834,3,56.67979216373092,53.89764370361586,0,6,1,0
3835,3,61.44897474135145,51.39446667421217,0,7,1,0
3836,3,53.31397480190079,62.48307483754346,0,2,1,0
3837,3,51.774514927083686,49.92833525737726,0,2,1,0
3838,3,59.93318429255424,76.80725401193297,0,10,0,1
3839,3,78.5134024576199,71.5999851956366,1,4,1,0
3840,3,46.460567038833496,57.34186858942451,0,1,0,0
3841,3,40.44746105788691,35.770243046213785,0,1,0,0
3842,3,45.123638582189805,65.42116741094307,0,6,0,0
3843,3,39.656380357501945,42.30591012099691,0,4,0,0
3844,3,58.46156345215652,49.663037506241736,0,2,0,0
3845,3,44.436314896089094,62.63605015287943,0,5,1,0
3846,3,37.59958142384662,39.73238112931634,0,8,1,0
3847,2,57.481881470480076,67.44152140006895,0,6,0,0
3848,3,58.644718847136886,18.581316855712586,0,1,1,0
3849,3,56.38737589178847,43.36516850995411,0,4,1,0
3850,3,72.93761409745575,73.69800249640403,0,9,1,0
3851,3,51.290346382037576,42.459207529364846,0,8,1,0
3852,3,37.2009967906852,62.965739446301825,0,3,1,0
3853,2,33.26873307555677,35.00846760684927,0,6,0,0
3854,3,47.74258174755411,47.25892446429459,0,9,0,0
3855,3,43.36694785773429,33.67170483960171,0,6,1,0
3856,3,43.814660154199494,39.338638997386056,0,7,1,0
3857,3,100.0,53.45411741563288,0,6,0,0
3858,3,45.28222311164818,55.35328454506743,0,5,0,0
3859,3,41.02429107312298,48.69945070940827,0,4,1,0
3860,3,55.37688754965792,78.70474112469132,0,11,1,0
3861,3,39.42003851409483,46.56108971622474,0,4,1,0
3862,3,59.00600335158472,40.1759459358377,0,1,0,0
3863,3,52.49047378821356,44.92755033801463,0,3,0,0
3864,3,29.12225158717412,32.12013031839277,0,6,0,0
3865,3,40.28827365485139,33.44557187751977,0,4,0,0
3866,3,60.978645829328656,49.46467416900515,0,3,0,0
3867,3,65.50892803432129,47.51102927439599,0,4,1,0
3868,3,38.992153775788594,42.466999394758766,0,3,1,0
3869,3,46.7063354205762,47.32697363366992,0,8,1,0
3870,3,82.12701762444584,73.84539487664215,0,9,1,0
3871,3,52.19406802538293,56.57942367439303,0,8,0,0
3872,3,41.39251580908975,30.98296690680822,0,5,0,0
3873,3,47.298069534702876,21.780721527242292,0,2,1,0
3874,3,66.84617894726667,57.447690410632894,0,4,0,0
3875,3,67.1438784799073,51.96328380630342,0,2,1,0
3876,3,54.92361402268435,56.14490048317383,0,5,0,0
3877,3,33.66527332000585,40.991181648711006,0,6,1,0
3878,3,46.39910241646352,39.45040343811374,0,5,1,0
3879,3,58.13468954270693,46.897412859906886,0,0,0,0
3880,3,34.35493175596591,32.415572923736256,0,4,0,0
3881,3,60.21231121151868,59.808414616775615,0,2,0,0
3882,3,51.085199380969826,49.46335768979688,0,5,0,0
3883,3,36.831306953008195,42.74248037105892,0,7,1,0
3884,3,53.702843348710985,57.83519062745912,0,5,0,0
3885,3,27.358470698767025,60.197982324153585,0,13,1,0
3886,3,43.68098851670191,41.07737012039308,0,4,0,0
3887,3,85.51569829958339,60.1888556134429,0,3,1,0
3888,3,65.0814712092165,54.436512098064995,0,7,1,0
3889,3,56.614838549102245,55.28138866001047,0,5,0,0
3890,3,28.829432589690875,32.62208942436367,0,6,1,0
3891,3,42.799265553351894,49.72064027022927,0,7,1,0
3892,3,37.786273031592245,27.30940529029454,0,3,1,0
3893,3,81.59956961549385,84.8873440542815,1,6,0,1
3894,3,62.00250377736101,38.56168218054968,0,3,0,0
3895,3,36.28027799178251,34.687427593802994,0,4,0,0
3896,3,39.63707148060546,27.016781306759775,0,5,1,0
3897,3,61.28861250572661,53.87308699042091,0,5,1,0
3898,3,56.88440637107138,57.42538399796658,0,7,1,0
3899,3,79.63370761985001,57.450227652029085,0,0,0,0
3900,3,80.12371502152598,64.66078008896625,1,3,1,0
3901,3,65.19619384802053,42.796641522687594,0,4,1,0
3902,3,58.0252215076301,54.762044955365724,0,4,1,0
3903,3,73.56570692880962,57.05628786512892,1,2,0,0
3904,3,20.98060638833762,43.922666480873296,0,6,0,0
3905,3,48.87911715509379,70.65582413031565,0,8,0,0
3906,3,49.25670014251997,44.022277331686674,0,5,1,0
3907,3,35.86270550771524,54.63983643777634,0,7,1,0
3908,3,29.68662762371365,18.945359284109614,0,4,1,0
3909,3,26.46532412587184,24.4304592229909,0,4,1,0
3910,3,62.70460491843119,54.990953735933545,0,2,0,0
3911,3,44.982077565365564,35.65730630673098,0,2,1,0
3912,3,31.63295129492142,17.6640400602407,0,2,0,0
3913,3,85.26964921810386,74.84995017972803,1,5,1,0
3914,3,22.814603513207025,34.953375727009906,0,4,0,0
3915,3,40.99114395377582,45.02550577121224,0,6,1,0
3916,3,44.2235051240917,37.602042756867974,0,7,1,0
3917,3,48.63655725988894,61.23451956541724,0,9,1,0
3918,3,31.05258638407098,45.582537861000525,0,4,0,0
3919,3,58.31712877570387,63.90897822631468,0,11,0,0
3920,2,24.548355334125553,34.67845454223262,0,7,1,0
3921,3,52.89681095549939,49.0721825659222,0,4,1,0
3922,3,15.966794674879853,24.605658680222714,0,8,1,0
3923,3,64.25966310443997,50.76247280309998,0,5,0,0
3924,3,57.84933179569789,44.21864453036919,0,5,0,0
3925,3,31.693577989989453,30.18058437489207,0,6,0,0
3926,3,1.9672342872184103,55.75340532478953,0,5,1,0
3927,3,43.29811103119688,56.143273593189974,0,6,1,0
3928,3,43.17029953819142,39.926405884207455,0,3,0,0
3929,3,67.10023671377422,65.73123703131704,0,3,1,0
3930,3,83.67127511195805,60.069141834110695,1,4,1,0
3931,3,87.74306549413683,66.12026359127377,1,4,1,0
3932,3,33.33489539011266,31.76658610067593,0,5,0,0
3933,3,25.657502652456486,28.92225112724143,0,7,1,0
3934,3,63.44435263081773,65.70268656406374,0,7,0,0
3935,3,40.37160175557094,49.275476862232,0,8,1,0
3936,3,35.03710776695732,34.977500448111215,0,7,0,0
3937,3,60.119010040251304,67.91299250306986,0,6,1,0
3938,3,39.52897236518034,23.250384331692636,0,1,0,0
3939,3,48.299652088562475,44.96081003352717,0,4,1,0
3940,3,37.93532023393752,42.82497089678076,0,7,1,0
3941,3,26.756282361375334,17.823434653248285,0,2,0,0
3942,3,52.10693252103758,39.411246634029624,0,4,1,0
3943,3,56.068922965852124,60.47675265149798,0,3,0,0
3944,3,96.91590135181062,70.00342688558872,1,2,1,0
3945,3,66.49653745367631,67.3877190423838,0,6,1,0
3946,3,55.66256679780183,44.31477468611815,0,4,0,0
3947,3,56.177302591808484,48.19679185836965,0,3,0,0
3948,3,63.886329713385194,75.78921180988402,0,6,0,0
3949,3,70.65814147487744,59.74042156920136,1,3,1,0
3950,3,51.26489347704482,40.35832275356725,0,3,1,0
3951,3,41.08776488989971,40.499524386992725,0,7,1,0
3952,3,42.676912068861775,45.78956017284751,0,5,1,0
3953,3,47.34177912214396,41.074469569889615,0,7,1,0
3954,3,58.17102909191269,50.20791640771308,0,3,1,0
3955,3,61.07135933757987,77.85837211480181,0,6,0,0
3956,3,65.32445386919488,73.87465550771952,0,7,0,0
3957,3,26.100817498326716,26.179167301986546,0,2,0,0
3958,3,34.33770732026824,38.16417976717228,0,3,0,0
3959,3,65.35059346507632,63.1532766198054,0,6,1,0
3960,3,81.19777876393732,58.422804226718235,1,5,1,0
3961,3,48.71372334043002,51.11827249300901,0,5,1,0
3962,3,64.04577152023444,60.9893887420691,0,2,0,0
3963,3,100.0,70.5664225829666,1,6,1,1
3964,3,33.52727269108541,36.629310969470716,0,8,0,0
3965,3,63.67012962245893,56.021003885129666,0,3,0,0
3966,3,49.853611840013485,37.99326326789322,0,4,1,0
3967,3,36.98705299313612,37.16757388018318,0,4,1,0
3968,3,46.17838671901673,56.79209684832144,0,6,1,0
3969,3,67.599326665536,58.04390785222929,0,4,1,0
3970,3,88.78592634431006,74.42785427557554,1,3,0,1
3971,3,45.53004375749893,69.76020386998265,0,12,0,0
3972,3,38.22180862289061,37.084615919338354,0,2,1,0
3973,3,71.65909457867251,53.999393450898495,0,6,1,0
3974,3,46.716914339314,42.162102806110795,0,3,1,0
3975,3,70.00946585915922,68.70892580943399,0,6,1,0
3976,3,37.00184256168609,34.508667578346646,0,2,0,0
3977,3,74.2409957332458,65.74575007548903,0,4,0,0
3978,3,28.481018399198323,30.45263847575265,0,6,1,0
3979,3,62.67266246672939,55.47782047155863,0,3,1,0
3980,3,57.24275963725853,60.23673113466216,0,7,0,0
3981,3,38.22419261223534,38.228609357048924,0,3,1,0
3982,3,48.73993435339243,71.45223619509518,0,10,0,0
3983,3,66.45821226379952,40.77659994895499,0,4,1,0
3984,3,32.74427544629171,42.39697538190229,0,6,1,0
3985,3,26.111648602220495,34.53896055571795,0,8,1,0
3986,3,43.87897547426943,46.657734891518196,0,7,1,0
3987,3,63.97833726101846,56.5202834321735,0,7,0,0
3988,3,32.750314012774524,20.796520588195342,0,4,1,0
3989,3,46.67975594542322,42.61032806283382,0,3,1,0
3990,3,39.617637791937675,35.561595564408705,0,3,0,0
3991,3,41.564510227171546,46.3886195696234,0,2,0,0
3992,3,68.8400235179226,70.53554484259188,0,7,0,0
3993,3,42.978133860375515,36.59140852651986,0,3,1,0
3994,3,46.859255296652044,42.27431851367165,0,2,1,0
3995,3,56.17927259590281,41.834645082376106,0,1,1,0
3996,3,62.41284398814942,68.97267636745471,0,6,1,0
3997,3,85.68046875354878,63.95293919252938,1,1,1,0
3998,3,52.404186604943455,45.59610084293427,0,3,1,0
3999,3,37.501677858574055,42.536219529569806,0,5,1,0
4000,3,22.444003356682188,14.88997492427083,0,3,0,0
4001,3,56.20718990484103,61.479846800617764,0,7,1,0
4002,3,50.35686892050585,57.58888162023423,0,4,0,0
4003,3,44.143354039501446,37.44562359935478,0,2,1,0
4004,3,52.81489715244219,46.04292377652762,0,3,0,0
4005,2,53.05812176181399,36.23986815796255,0,5,1,0
4006,3,31.36278162940693,41.39908747212706,0,5,0,0
4007,3,22.021699777055478,29.249889560038906,0,3,0,0
4008,3,53.656233579360844,37.56007775457455,0,3,1,0
4009,3,29.808917818586504,35.44817496297254,0,9,1,0
4010,3,48.289506766827685,37.89287284085107,0,4,1,0
4011,3,50.637182393092836,40.614401239113846,0,8,1,0
4012,3,65.11140965649037,61.2114920580465,0,5,0,0
4013,3,34.86044444799391,44.88446400934528,0,5,1,0
4014,3,37.80544670082204,42.67504588294274,0,6,0,0
4015,3,25.459807689535015,28.95752633835923,0,5,0,0
4016,3,84.66267657523134,65.90821554182358,1,4,1,0
4017,3,42.51580561226516,47.51253659424159,0,5,1,0
4018,3,35.53348291399708,39.13038981251461,0,0,0,0
4019,3,77.44757504864921,52.53709789150162,1,2,1,0
4020,3,62.20425551939965,70.78517518953628,0,10,1,0
4021,3,24.911764906574586,20.568456636144525,0,2,1,0
4022,3,39.487980539435206,37.992163701769734,0,2,1,0
4023,3,35.22672916027751,28.11673187318731,0,4,1,0
4024,2,33.29747838423416,30.160638047687737,0,5,1,0
4025,3,52.541829661233685,63.59963675482099,0,10,0,0
4026,3,43.10920307949127,48.40108277449174,0,4,1,0
4027,3,46.211306788262924,43.44011022241145,0,7,1,0
4028,3,59.202868590609185,48.12303168371219,0,2,1,0
4029,3,56.71347251690007,65.6604781973095,0,5,0,0
4030,3,45.29223491086244,36.86996782317224,0,4,1,0
4031,3,53.00298970768167,52.249977612193724,0,4,1,0
4032,3,74.68619317524448,51.849046806343196,0,2,1,0
4033,3,80.21335295817784,74.2399775853281,0,3,1,0
4034,3,78.5026317297722,61.484814280549344,0,8,1,0
4035,3,73.44226016832377,67.03730005255144,1,2,0,0
4036,3,39.544627998987075,46.53816697414709,0,8,0,0
4037,2,68.09204409694023,66.32605962385965,1,3,1,0
4038,3,63.98255131849639,58.56359359406531,0,5,0,0
4039,3,14.23863613087311,15.250731691323708,0,5,1,0
4040,3,59.78555210371127,54.72739368215794,0,5,0,0
4041,3,51.33197186804192,44.15898005660236,0,9,1,0
4042,3,35.93110982263315,28.977675291906273,0,5,1,0
4043,3,55.226957873080956,61.7226960700993,0,4,0,0
4044,3,81.42381645902944,64.34187589503834,1,8,1,0
4045,3,44.344899383801504,56.17289072281589,0,5,0,0
4046,3,35.20934066501662,48.04036383694158,0,8,0,0
4047,3,54.845037265382935,46.33064670858856,0,3,1,0
4048,3,45.12582036472326,47.96621336356646,0,5,1,0
4049,3,60.59400538032142,75.77614343369092,0,9,0,1
4050,3,91.2345235688004,61.8470733563062,1,5,0,0
4051,3,32.600781860445096,19.31297060993088,0,2,1,0
4052,3,55.14422243684692,52.61660513923407,0,7,1,0
4053,3,35.59522095159209,42.53234280098362,0,10,1,0
4054,3,34.30761559077348,37.42444002995434,0,3,1,0
4055,3,56.167088655024756,36.54974762789505,0,1,1,0
4056,3,40.23750725363902,45.49438153787358,0,6,1,0
4057,3,59.642153177407984,35.47379774664663,0,2,1,0
4058,3,0.0,52.420727989996934,0,8,1,0
4059,2,34.98382960864412,34.05818907853003,0,10,0,0
4060,3,71.93293441792923,61.78427219347554,0,5,0,0
4061,3,46.78884775238556,51.33309666770138,0,6,1,0
4062,3,53.50268126409265,42.1607275057041,0,6,1,0
4063,3,36.353501058120415,63.33082073200011,0,7,0,0
4064,3,53.73346185803354,49.71913881432407,0,4,1,0
4065,3,65.08747560022948,53.081010574227335,1,6,0,0
4066,3,51.13409752143465,49.36756476911835,0,6,0,0
4067,3,57.754321487263375,64.80908920509833,0,4,1,0
4068,3,27.279991879745552,18.790024106210492,0,5,1,0
4069,3,74.07143497930747,64.99357475170902,0,6,1,0
4070,3,51.86990266034022,47.632284138117384,0,6,1,0
4071,3,54.89109600942428,47.42078476856514,0,7,1,0
4072,3,42.47972498817627,38.19497519931382,0,6,0,0
4073,3,46.59090340884707,60.23417888336919,0,5,1,0
4074,3,49.33436802761494,49.298443818266726,0,6,1,0
4075,3,54.70236456414065,66.61402483242372,0,7,0,0
4076,3,34.123115652653354,21.960181454447756,0,2,1,0
4077,3,30.7793130669663,52.099176251756084,0,8,1,0
4078,3,40.127465305897005,31.405487421829108,0,2,1,0
4079,3,67.85241071886236,52.58242391679268,0,6,1,0
4080,3,35.31938507514992,38.98639803069007,0,4,1,0
4081,3,40.53768783760824,57.22856823203006,0,7,1,0
4082,2,54.09679294529656,55.07783450233689,0,7,1,0
4083,3,40.15871768323412,34.294774051326776,0,3,0,0
4084,3,51.951574069506606,44.38689209544718,0,3,1,0
4085,3,65.24150457557464,51.375264381172855,0,7,1,0
4086,3,35.84088235166396,43.04814281592451,0,3,1,0
4087,3,65.12667742732634,51.154194764277406,0,3,0,0
4088,3,62.4903928312155,37.4595325007929,0,1,1,0
4089,3,71.55833317363222,68.22842625153872,0,4,0,0
4090,3,36.915857443452545,44.41107374929676,0,5,1,0
4091,3,73.58940602858742,65.14329143932174,0,6,0,0
4092,3,53.41947897538815,50.978002998693185,0,5,1,0
4093,3,26.765602433535246,36.16591835650071,0,2,1,0
4094,3,43.90913073590401,38.57794040804936,0,4,1,0
4095,2,16.78819386270187,20.641038009508712,0,5,1,0
4096,3,75.35686186112757,73.32471900796878,1,4,0,0
4097,2,86.3061519028841,47.7434712856492,0,4,0,0
4098,3,59.8097830716002,42.30601062290155,0,0,0,0
4099,3,79.7406237820731,66.7090759371181,1,6,0,1
4100,3,53.70008984714496,70.31448066201212,0,6,1,0
4101,3,59.78420524954138,50.94625720301316,0,7,1,0
4102,3,50.126269339312465,57.415117393203396,0,5,0,0
4103,3,73.58656737299609,45.50280558638468,1,3,0,0
4104,3,63.71002399144193,65.76043080558496,0,6,1,0
4105,3,0.0,33.82255731712096,0,4,1,0
4106,3,46.75239989591796,43.066840042737155,0,7,1,0
4107,3,83.48744049966908,64.3409476022633,1,1,1,0
4108,3,39.60286899545858,51.4457285651054,0,10,1,0
4109,3,52.14152119670896,48.677165549187436,0,4,1,0
4110,3,63.1952869053004,62.00454654002873,0,5,1,0
4111,3,45.411110692164506,48.549335984715185,0,6,0,0
4112,3,46.946866516937014,55.99923928251208,0,7,1,0
4113,3,28.738433100426427,18.47248733533622,0,4,1,0
4114,3,54.58288716087281,36.920175898366246,0,2,0,0
4115,3,35.07531571871309,54.58352421759883,0,10,1,0
4116,3,70.02501240673016,60.30208249695981,0,2,1,0
4117,2,43.88138836096954,48.87574374761927,0,7,1,0
4118,3,85.0953689012851,82.25915430724261,1,6,0,1
4119,3,26.515818933744306,42.957635115538515,0,3,0,0
4120,3,37.529949691733364,46.49962078706661,0,2,0,0
4121,3,55.187071711704334,69.84469498203579,0,6,1,0
4122,3,68.6483539972379,65.86162059995087,0,6,1,0
4123,3,29.30293934064041,28.750650890072954,0,6,0,0
4124,3,50.06118840219231,47.57070810585139,0,3,1,0
4125,3,47.38718735703505,45.15611988731128,0,4,0,0
4126,3,87.16153466846532,56.042252607958815,0,3,0,0
4127,3,64.93930416039588,66.52391160734983,0,11,1,0
4128,3,78.24684125278496,83.33537309531143,0,6,1,0
4129,3,38.83815123571922,51.179389036559016,0,5,1,0
4130,3,42.32301796400074,46.38995209244019,0,6,1,0
4131,3,37.539690857390745,36.63442716567092,0,3,1,0
4132,3,19.294403390006693,32.85574887364791,0,4,0,0
4133,3,45.48790735415236,43.790482365589845,0,6,0,0
4134,3,0.0,28.170780405882958,0,5,0,0
4135,3,41.38894680175208,51.2158424962872,0,6,1,0
4136,3,73.66292096637773,62.099035580726934,0,6,0,0
4137,3,51.338615916225855,39.797603366410684,0,5,1,0
4138,3,73.26703285555293,72.6582141223205,1,3,0,0
4139,3,61.373511702119,41.62830638440536,0,3,1,0
4140,3,45.524236715296404,39.263118313247546,0,3,1,0
4141,3,45.188257217565564,53.71153392707359,0,7,0,0
4142,3,65.66979737262193,47.86802616221342,0,4,1,0
4143,3,64.0258220616316,45.9701709079659,0,3,1,0
4144,3,60.214926787846196,53.48563548593501,0,4,1,0
4145,3,51.72712575312733,44.47277100444455,0,4,1,0
4146,3,48.07944234074819,40.02499134677689,0,5,0,0
4147,3,63.40305680583266,56.65853137426109,0,5,1,0
4148,3,48.41858208762218,45.14977313766423,0,8,1,0
4149,3,61.03682532321207,41.3081090990068,0,4,1,0
4150,3,11.016207199893092,42.78778437137423,0,7,0,0
4151,3,54.793575508514024,50.88751944129052,0,4,0,0
4152,3,43.57652078090124,40.52300988487477,0,1,0,0
4153,3,35.77566855006966,10.938490178757325,0,1,1,0
4154,3,77.89513394666241,44.93641868114153,0,3,1,0
4155,3,76.76426119113324,49.6894734817403,0,4,0,0
4156,3,53.34413636711094,55.96320760631321,0,8,1,0
4157,3,53.31993265347927,47.50618931306903,0,7,1,0
4158,3,36.80724291872852,39.52707838080104,0,5,0,0
4159,3,46.68998484522617,50.32667388843195,0,7,1,0
4160,3,46.767348498287184,44.442166461677175,0,4,1,0
4161,3,82.13039324084694,66.46394266690511,1,6,1,0
4162,3,46.833772197950786,46.232788967261975,0,4,0,0
4163,3,90.10185515856756,47.860668951207984,0,2,1,0
4164,3,47.227018106011215,40.947555795890395,0,2,1,0
4165,3,49.29000445540301,35.866183607268155,0,4,1,0
4166,3,29.571745981130924,39.912181290621255,0,9,1,0
4167,3,65.56186247264327,59.655368131667394,0,2,1,0
4168,3,74.65988479952183,87.49919406967972,1,13,0,1
4169,3,47.35196541973987,37.96281200985168,0,2,0,0
4170,3,64.29063804311673,61.93093692781851,0,3,1,0
4171,3,37.08516055837862,42.42221816992886,0,4,1,0
4172,3,32.80987320231448,39.09519570924581,0,3,1,0
4173,3,53.06061937126962,55.720578959847344,0,4,1,0
4174,3,65.78105125646397,55.332782426631276,0,6,1,0
4175,3,38.426392537862164,41.896328701532106,0,5,1,0
4176,2,44.98157044313531,54.38255525161523,0,2,1,0
4177,3,73.83611081208765,63.23128452841263,0,3,0,0
4178,3,39.42723853910948,41.77914465680383,0,4,1,0
4179,3,64.76623412979733,56.58293717657728,0,7,1,0
4180,3,54.119190105513894,57.09751634128455,0,8,1,0
4181,2,51.5269937145617,57.679826209337534,0,4,1,0
4182,3,43.48333388111679,40.27357472119594,0,2,1,0
4183,3,67.93549664667626,50.17847634601397,0,7,0,0
4184,3,24.3413477833386,47.256618705371686,0,7,0,0
4185,3,46.979914647858045,40.255343639452946,0,0,1,0
4186,3,56.55069325612023,54.948434415691175,0,6,1,0
4187,3,60.85427086189052,50.431870367173424,0,8,1,0
4188,3,59.55667660392998,61.71494130295672,0,4,0,0
4189,3,48.88398645059157,49.08830640700402,0,5,1,0
4190,3,81.10635646627765,69.59899420764116,1,5,1,0
4191,3,70.10000212386745,61.032626473002864,0,5,1,0
4192,3,39.58039556290067,41.947246336736086,0,5,1,0
4193,3,54.910750735360445,57.808502243316596,0,6,1,0
4194,3,66.41623280887961,67.97566800486676,0,8,1,0
4195,3,46.250008230585784,50.77239764205043,0,3,1,0
4196,3,63.533298496842185,79.7580271925244,0,9,1,0
4197,3,56.25649613905847,36.32312656205857,0,8,1,0
4198,3,63.559832089002974,48.45082697423067,0,4,1,0
4199,3,52.75803293749932,65.79141916270378,0,12,1,0
4200,3,39.67228919457959,31.46427143224125,0,4,1,0
4201,3,100.0,46.102955344405125,0,5,1,0
4202,3,58.21272693779346,46.95908882162291,0,5,1,0
4203,3,61.7659530221665,64.36947943430191,0,1,1,0
4204,3,37.77754070496956,45.26052878361059,0,6,0,0
4205,3,40.219055078772136,37.42123625615216,0,3,0,0
4206,3,63.4686203716583,50.1001722529527,0,5,1,0
4207,3,38.16199261384399,32.150279196283584,0,3,0,0
4208,3,84.80827448827442,77.16780819534316,1,5,1,0
4209,3,56.91301796605656,57.56584645601612,0,4,1,0
4210,3,64.01792384637936,90.94374994543942,0,13,1,0
4211,3,39.74372315478767,45.06623842134076,0,1,1,0
4212,3,47.18363995150616,50.02111597911865,0,6,1,0
4213,3,33.0310193926498,46.779898968187226,0,3,0,0
4214,3,53.383623474402775,54.20939841650041,0,6,1,0
4215,3,56.47837428922954,65.99811846969014,0,7,1,0
4216,3,49.245528318298874,44.07632483713601,0,5,1,0
4217,3,47.757541819100645,59.199869632246156,0,7,1,0
4218,3,80.58568742678146,77.15753278153127,1,1,0,1
4219,3,59.280820817775904,62.149898595115374,0,7,0,0
4220,3,55.218941026527204,42.101502943188464,0,3,1,0
4221,3,53.24909441159149,52.89629276576432,0,8,0,0
4222,3,46.852630551664255,39.402968142603235,0,0,1,0
4223,3,59.25172442477923,58.94831428971472,0,4,1,0
4224,3,53.04613017333692,47.54443366554905,0,5,0,0
4225,3,47.529051165431284,44.85160845038865,0,7,0,0
4226,3,56.86633205564628,51.132058719828535,0,4,1,0
4227,3,29.45078236770803,44.301527365081526,0,7,0,0
4228,3,40.95814337739731,56.17301539888094,0,7,1,0
4229,3,76.82125322607368,80.12062684167954,1,8,1,1
4230,3,63.1179958799696,62.44221664281028,0,5,0,0
4231,3,85.15830751786628,69.61080391601102,1,8,0,0
4232,3,39.66429339813877,41.36581197414078,0,5,1,0
4233,3,65.22779709588964,69.24150193820604,0,9,1,0
4234,3,78.8470260436851,72.46486961466596,0,8,1,0
4235,3,62.756889935733156,50.07725299633945,0,4,1,0
4236,3,19.782756602930625,27.79969426514362,0,4,1,0
4237,3,75.22633664814273,69.26367828263261,0,4,1,0
4238,3,61.14384166209064,70.32416503426956,0,5,0,0
4239,3,42.844355442003234,52.93880040845861,0,4,1,0
4240,3,55.519788260210184,58.465537841852004,0,5,1,0
4241,3,40.121141095951955,40.38525342649641,0,2,1,0
4242,3,24.365445520992317,13.102724948347042,0,3,1,0
4243,3,50.803601055730624,66.43722906428184,0,4,0,0
4244,3,26.731816922978453,35.91478049074388,0,10,1,0
4245,3,21.091591285728402,20.523983727049423,0,4,0,0
4246,3,39.759353101595664,44.31245829388605,0,5,1,0
4247,3,44.08186294607416,44.85097917619286,0,8,0,0
4248,3,68.23033655822329,47.67397600315893,0,3,1,0
4249,3,50.50658381932453,44.64822011608334,0,5,1,0
4250,3,41.37146806328005,45.362136800314374,0,4,0,0
4251,3,53.530292035256124,53.769316092352646,0,5,1,0
4252,3,68.42139166030358,71.36863035080796,0,5,0,0
4253,3,75.70321284405324,56.990045989459006,0,3,1,0
4254,3,43.81840533964684,51.40925709343932,0,8,1,0
4255,3,45.59430885824698,26.09194019753561,0,3,1,0
4256,3,53.18711427303034,40.862784235813265,0,3,0,0
4257,3,26.53800688632055,42.68612318074697,0,11,0,0
4258,3,46.58729198909717,41.00434607544723,0,4,1,0
4259,3,100.0,54.02479870234567,0,6,1,0
4260,3,26.255089210348935,45.7814892261179,0,4,1,0
4261,3,50.65876478787077,60.47442919399457,0,4,1,0
4262,3,44.924346702554786,46.64245335825626,0,6,1,0
4263,3,55.166412007934696,42.89823649887386,0,4,0,0
4264,3,43.85450931701646,35.272275489851936,0,0,1,0
4265,3,66.4014449186776,42.45612379635252,0,5,1,0
4266,3,60.702576788547226,46.860929448751925,0,6,0,0
4267,3,69.21894209537,61.15519677297618,0,4,0,0
4268,3,32.85651716461026,23.912450262261757,0,6,0,0
4269,3,49.952206537869976,39.45197617041592,0,3,1,0
4270,3,43.21905506496318,25.295094958546084,0,2,1,0
4271,3,34.138277882405966,35.41661076281652,0,8,1,0
4272,3,35.34798945050195,20.151139741018838,0,7,1,0
4273,3,55.56771693613637,31.86390880978262,0,2,1,0
4274,3,41.58141940859623,28.572167183823602,0,4,1,0
4275,3,60.47231348601939,50.42430009655793,0,7,0,0
4276,3,39.56882992101087,49.72257204064084,0,5,1,0
4277,3,17.104955948799745,11.156525046627406,0,3,1,0
4278,3,45.07737405876044,54.774149582344734,0,4,1,0
4279,3,36.18137136126806,47.1475530078884,0,4,0,0
4280,2,30.5585424365929,37.77896921287871,0,4,1,0
4281,3,32.980246255848094,45.33888466560514,0,10,1,0
4282,3,35.583902915774544,22.349674753981695,0,3,1,0
4283,3,47.057454688629456,48.087320974906085,0,6,1,0
4284,3,54.15094440195162,50.04765637802098,0,3,0,0
4285,3,47.54141833987338,51.623353948270456,0,6,1,0
4286,3,43.2683782489915,59.4046282550587,0,5,1,0
4287,3,48.76387732419862,41.86887509302125,0,7,0,0
4288,3,60.777402638525935,42.41391586568299,0,2,1,0
4289,3,51.8940909610278,50.041115057699216,0,5,0,0
4290,3,60.08240924635473,60.12562398146664,0,7,1,0
4291,3,54.768109956061366,58.009725550853624,0,5,0,0
4292,3,30.654826010703612,39.01448041573878,0,2,0,0
4293,3,42.22794308509141,44.60221820255542,0,5,1,0
4294,3,36.3263641249023,49.554803649341665,0,5,1,0
4295,3,36.89044485365358,41.67338435421829,0,6,1,0
4296,3,91.038847827318,73.92612662824679,1,4,1,0
4297,3,54.406866067866396,54.8378035279422,0,5,0,0
4298,3,71.7963001185597,70.0084696116325,1,3,1,0
4299,3,54.714769164950496,55.78992850876817,0,4,0,0
4300,3,43.14505660485246,60.25881535765333,0,7,0,0
4301,3,45.39221982360646,42.93341700861716,0,5,1,0
4302,3,37.64977218493861,30.591516386918222,0,8,1,0
4303,3,24.57881156277233,30.06633044560666,0,8,1,0
4304,3,74.65549709552994,43.768152828566265,0,5,0,0
4305,2,66.2743094444528,52.52543721069259,1,3,0,0
4306,3,52.19452937802975,31.808056778982746,0,2,1,0
4307,3,41.93035396624832,37.937844934319564,0,2,1,0
4308,3,79.57141497172078,66.82121642202338,0,2,1,0
4309,3,52.31324557266737,42.466848069200495,0,2,1,0
4310,3,38.27295392557461,42.654986314156865,0,3,0,0
4311,3,41.539423696152404,41.76621562104562,0,7,0,0
4312,3,62.29071659073885,50.21019643952697,0,2,1,0
4313,3,50.656672869758395,56.742528888957025,0,6,0,0
4314,3,63.470698832860165,58.77577506742351,0,5,0,0
4315,3,41.103947094924784,50.84661556689848,0,5,0,0
4316,3,46.018629339762526,48.10360070673153,0,5,1,0
4317,3,49.019753304475586,42.824168459906346,0,6,1,0
4318,3,55.85861114683207,42.7496549302978,0,6,0,0
4319,3,51.528941606943626,41.715996041618354,0,7,1,0
4320,3,62.17351372965114,49.29046307119183,0,6,1,0
4321,3,61.19322919123091,65.10962860141294,0,8,1,0
4322,3,66.00608315120552,47.43048948426038,0,5,1,0
4323,3,47.045641012365884,58.71878781234303,0,8,1,0
4324,3,72.32855815826643,68.49155020749187,0,7,1,0
4325,3,45.54195985551496,51.60023686326969,0,7,1,0
4326,3,53.24126013398076,43.05926446135336,0,7,1,0
4327,3,84.15840788769631,64.386301437423,1,1,0,0
4328,3,83.21729719809727,72.44597043308355,1,4,1,0
4329,3,35.629093066299454,49.50600530259654,0,3,1,0
4330,3,59.46724853955413,43.01691828006908,0,3,1,0
4331,3,63.93146060309259,63.65823088546354,0,8,1,0
4332,3,31.853818416924867,50.96760155996228,0,4,0,0
4333,3,49.744886650403906,45.008857884188814,0,5,0,0
4334,3,23.504577587068486,31.415305898193914,0,5,1,0
4335,2,73.06273011991593,54.74865334143726,1,4,0,0
4336,3,56.257434258551044,58.75344972742867,0,9,1,0
4337,3,43.95534667141185,48.670574599058256,0,8,0,0
4338,3,33.459777368177136,46.25679557246933,0,2,1,0
4339,3,38.76459790588279,38.71694899124128,0,3,1,0
4340,3,35.40566460070377,41.795613625758655,0,6,1,0
4341,3,76.10189749530134,55.50678777042356,0,1,0,0
4342,3,51.28065059776999,55.61470574998051,0,3,1,0
4343,3,13.73391025047797,18.600711178565298,0,4,1,0
4344,3,41.71946367087353,45.16038867789406,0,12,0,0
4345,3,85.92893922629004,90.77297275055693,1,7,0,1
4346,3,71.24438785076883,78.06434034007961,1,7,1,1
4347,3,56.15519782713406,49.109836352980295,0,2,1,0
4348,3,53.009351190617686,42.63184932354559,0,4,1,0
4349,3,44.58593857957136,41.573511108985905,0,4,1,0
4350,3,93.2648594844187,47.675695279366956,0,4,1,0
4351,3,73.79600771461266,82.36749439471119,0,8,0,1
4352,3,47.96983486399759,45.108400328598506,0,3,1,0
4353,3,41.20134832801845,41.14006422577832,0,5,1,0
4354,3,49.83594411214552,36.36409024176091,0,3,0,0
4355,3,33.82791441856139,41.421221079836414,0,2,0,0
4356,3,59.20471074897571,62.687216219323886,0,6,1,0
4357,3,64.88965047802238,63.726877767672235,0,9,0,0
4358,3,46.33398398488088,37.6311937780062,0,5,1,0
4359,3,61.63868833081369,52.35966752907203,0,2,1,0
4360,3,71.283324123887,74.15523644136177,0,10,1,0
4361,3,48.960211918964035,45.43604619042993,0,4,0,0
4362,3,30.541150074774446,28.39536147569462,0,1,0,0
4363,3,0.0,35.06952447828905,0,3,1,0
4364,3,32.49363995303198,18.92815882368472,0,2,0,0
4365,3,53.58823599163996,49.841386004838206,0,3,1,0
4366,3,50.567471520246166,50.697125597493866,0,5,0,0
4367,3,42.228069926151484,48.35866172971726,0,6,1,0
4368,3,48.56246577808023,40.0672008610887,0,7,1,0
4369,3,75.35838465169789,51.665256230833066,1,1,1,0
4370,3,42.456065804446084,52.36161984498003,0,9,0,0
4371,3,35.185268240829814,52.629108758578326,0,5,1,0
4372,3,58.077442773541605,54.13353369425052,0,4,0,0
4373,3,85.46675119345755,72.05284840531708,1,11,1,0
4374,3,41.32826844174683,40.181899567166234,0,3,0,0
4375,3,66.14566328237136,53.22467384658318,0,6,1,0
4376,3,33.81714779839046,38.58728533459506,0,4,1,0
4377,3,46.68126645079245,47.69727273324051,0,5,0,0
4378,3,24.000842995898473,22.914378073831713,0,6,1,0
4379,3,27.89634111575583,22.649017439388086,0,5,1,0
4380,3,43.57691346837795,43.316586427477084,0,4,0,0
4381,3,33.07973740299509,51.70599009801363,0,7,1,0
4382,3,40.66264704784308,38.52303632678259,0,7,1,0
4383,3,54.24651416602133,29.052791496818532,0,7,1,0
4384,3,60.29078760107618,68.7459645907241,0,4,1,0
4385,3,55.430425017948146,48.73061903832116,0,5,1,0
4386,3,63.58731990976375,66.65236968815019,0,7,1,0
4387,3,70.56803143389557,67.26423255223023,0,6,1,0
4388,3,92.82990003678833,64.43978506015806,1,3,1,0
4389,3,52.37874407321478,43.84836632048965,0,7,1,0
4390,3,57.04478101743079,39.38086731917348,0,4,1,0
4391,3,20.43577837917794,26.494386243070593,0,3,1,0
4392,3,37.48267083927954,36.51633668925225,0,2,1,0
4393,3,52.991419060587596,42.26006516671869,0,5,1,0
4394,3,30.96077112318608,59.428766587858185,0,5,1,0
4395,3,59.85609187124142,42.6393709174819,0,3,1,0
4396,3,44.99728579549276,36.81577820012684,0,5,0,0
4397,3,44.602699166751535,32.79809232554118,0,3,1,0
4398,3,73.41052952605772,80.6492012640264,0,8,1,0
4399,3,55.12551387837856,50.55761581493833,0,8,1,0
4400,3,58.670166827485694,64.19538443746008,0,9,1,0
4401,3,89.53801427794322,82.75413879421474,1,5,1,1
4402,3,19.32776917794177,22.27437749389694,0,6,1,0
4403,3,49.07084719773521,47.24250627795381,0,4,1,0
4404,3,43.431626543467914,33.441034038517195,0,4,1,0
4405,3,31.784189628491326,27.25409316622666,0,5,0,0
4406,3,54.19164697902758,51.27288908436352,0,9,1,0
4407,3,54.69253585717861,60.62204493101,0,7,0,0
4408,3,31.609593149445825,38.058154233617294,0,7,1,0
4409,3,79.36323658398209,58.45824240722799,0,3,0,0
4410,3,49.31530246829451,55.28702378013501,0,5,0,0
4411,3,42.853667031410026,55.52060823192774,0,3,0,0
4412,3,3.3763538612522526,14.671600836087359,0,2,0,0
4413,3,44.56464746723846,47.57153945023247,0,5,1,0
4414,3,41.897793654242996,46.50631561446958,0,3,1,0
4415,3,61.56299585531545,51.29064647573971,0,6,1,0
4416,3,29.09557610366098,37.509636972567016,0,7,1,0
4417,3,34.29183490276954,25.833129273667723,0,4,1,0
4418,3,33.904511527169426,29.370684634803013,0,1,0,0
4419,3,30.130203674670113,44.10049339270659,0,13,0,0
4420,3,39.892719817876525,43.83237027570458,0,4,1,0
4421,3,62.80788804681629,53.35564109451169,0,5,1,0
4422,3,37.290314987680084,35.03856030570757,0,4,1,0
4423,3,45.73077858813005,45.587535779416385,0,2,0,0
4424,3,25.545369398565615,26.169802781760662,0,1,1,0
4425,3,27.06874479717333,35.99171248180904,0,6,1,0
4426,3,64.5753259651002,49.357583925060446,0,5,0,0
4427,3,100.0,42.77982785511625,0,6,0,0
4428,3,70.1371082493895,48.24322853931413,0,4,1,0
4429,3,65.65945223067718,52.70020674915602,0,1,1,0
4430,3,64.27816932936369,55.922457673507296,0,5,0,0
4431,3,76.69688332898151,48.90351463578369,1,3,1,0
4432,3,36.256123097581025,43.16854237079877,0,4,0,0
4433,3,52.17239773137388,55.11509596893619,0,7,0,0
4434,3,45.149910976263044,39.03474307115758,0,2,1,0
4435,3,81.501993590709,54.920411561855154,1,7,1,0
4436,3,97.15843672667634,72.2308100317212,1,5,1,0
4437,3,49.656085498665384,48.08043426122673,0,4,1,0
4438,3,27.18677750974145,25.47442931505038,0,0,1,0
4439,3,89.18668586116365,48.9913979395802,0,7,1,0
4440,3,79.4331962385529,38.971089498013434,0,4,0,0
4441,3,32.20107532558772,44.104922272031686,0,3,0,0
4442,3,69.71223018819084,71.88121152838679,0,10,1,0
4443,3,100.0,38.87093011284754,0,3,1,0
4444,3,9.149350114519358,23.97175324708885,0,5,1,0
4445,3,80.06386408212015,58.01298918511418,1,3,1,0
4446,2,75.15162660318349,60.071970442189524,1,1,1,0
4447,3,32.8637490296725,32.60645713774296,0,4,1,0
4448,3,52.77331244331506,40.213971030155996,0,5,0,0
4449,3,31.414900802300593,26.495732454884575,0,5,1,0
4450,3,67.844205397119,43.557724328197416,0,2,0,0
4451,3,29.136876779202066,42.40481478565814,0,10,1,0
4452,3,44.87238881936396,62.965763737732,0,8,0,0
4453,3,46.804967412268525,45.17155076458742,0,5,1,0
4454,3,64.80749932058663,55.01118754893713,0,3,0,0
4455,3,61.382030799140665,65.77928793859434,0,3,1,0
4456,3,40.99422988974127,39.58300003531084,0,9,1,0
4457,3,85.05082803825339,74.57175896688885,1,4,1,0
4458,3,43.43031089369111,65.63106463248637,0,7,0,0
4459,3,43.65848050050684,43.87946566772066,0,6,0,0
4460,3,9.877745521711436,36.144571338896895,0,6,1,0
4461,3,43.99535469536931,35.20044244856669,0,3,1,0
4462,3,52.506821330053626,42.7702205212652,0,2,0,0
4463,3,59.714359832771635,51.52652598640531,0,7,0,0
4464,3,30.929421716446107,27.576704423003665,0,5,0,0
4465,3,72.03156994059572,75.26723801616716,0,7,1,0
4466,3,60.29807483413489,56.60317586986821,0,5,1,0
4467,3,64.93285855215855,50.58533537551666,0,5,1,0
4468,3,55.330733965599066,51.634198215582785,0,7,1,0
4469,3,45.5836802986268,30.404080538884045,0,3,0,0
4470,3,45.822458871742455,31.32939386040415,0,4,1,0
4471,3,48.749001334475864,37.78160753573143,0,5,0,0
4472,3,31.567125285192063,23.243029244916993,0,3,1,0
4473,3,56.49207198327959,62.532590313535735,0,6,1,0
4474,3,88.68658514584415,64.20182904779948,1,8,1,0
4475,3,32.063888303674574,23.318473719796245,0,6,1,0
4476,3,69.21654453978589,55.86459257509662,0,3,1,0
4477,3,57.05503320998426,61.32759253893603,0,5,1,0
4478,3,59.29680220271517,51.560465351118445,0,8,1,0
4479,3,32.34531392229776,36.20152624559097,0,5,1,0
4480,3,68.58247892296308,66.9247978197984,0,8,0,0
4481,3,42.253756531094474,58.186925256036176,0,8,0,0
4482,3,46.2513908906598,35.41457889930205,0,4,0,0
4483,3,49.69977294780697,59.66934239308414,0,5,0,0
4484,3,57.161067946986954,53.639957273870685,0,4,1,0
4485,3,63.62637109607569,65.00703797098001,0,6,1,0
4486,3,59.27770351527071,59.158660338631655,0,7,0,0
4487,3,50.13324139297936,37.773116597333534,0,6,1,0
4488,3,50.84918990705811,35.5606552641705,0,4,0,0
4489,2,56.20474349360682,69.68315765292463,0,8,1,0
4490,3,65.78322323219561,74.18084023547979,0,7,0,0
4491,3,44.60033899331486,43.60487096961704,0,7,1,0
4492,3,46.1057170458462,43.53599620060476,0,4,0,0
4493,3,51.55161544367516,58.12723972496992,0,8,1,0
4494,3,57.36965524956028,47.726720185592384,0,3,1,0
4495,3,52.84871919814878,43.52568372451699,0,5,1,0
4496,3,57.49327382390862,53.35530690299535,0,4,1,0
4497,3,35.17702068555154,41.16887697719351,0,4,0,0
4498,3,70.55549812817586,63.51909689770041,1,3,1,0
4499,3,52.37461866122295,36.95630910153205,0,4,1,0
4500,3,46.807726234311055,47.35958580546017,0,8,0,0
4501,3,64.18670590217928,68.01842067799967,0,5,1,0
4502,3,37.57324444556547,41.37487166741832,0,5,1,0
4503,3,62.26336152768442,55.328530191271426,0,4,0,0
4504,3,56.320694436368605,40.42140510799256,0,4,0,0
4505,3,39.35174994138657,47.802923497738114,0,8,0,0
4506,3,27.43394777226138,41.21643866306243,0,8,0,0
4507,3,46.8373478770267,60.89760886880777,0,6,1,0
4508,3,59.57822982288962,52.34038242911677,0,5,1,0
4509,3,73.25967305643167,81.66763338971377,0,5,0,1
4510,3,19.44827233121212,23.487651689411976,0,8,0,0
4511,3,57.72024926481694,39.89684406950416,0,3,1,0
4512,3,64.88866788680332,49.07116414053738,0,3,1,0
4513,3,36.66948236040242,34.221467439159774,0,2,1,0
4514,3,59.86737118984165,55.04781478422245,0,4,0,0
4515,3,36.66897569314679,32.48698742766343,0,3,1,0
4516,3,0.0,43.77135946517176,0,6,0,0
4517,3,76.6418435215548,81.10450383503873,0,9,0,0
4518,3,27.94348625010251,25.478634829533704,0,4,1,0
4519,3,41.01001586253464,38.33423895472483,0,5,1,0
4520,3,59.46755097271697,64.60488080515611,0,3,0,0
4521,3,44.544778616784875,48.03443650685056,0,4,0,0
4522,3,68.39104175082399,50.28047300820285,0,6,1,0
4523,3,47.32983711504613,44.52337126290852,0,7,1,0
4524,3,39.982059783359674,39.78068469079934,0,2,1,0
4525,3,59.03414875196145,66.56561640172855,0,3,1,0
4526,3,35.6625766490952,44.447583243127866,0,6,0,0
4527,3,26.46542160749481,23.0228361334406,0,5,1,0
4528,3,51.33403898984626,37.29042033450471,0,3,1,0
4529,3,32.60337459901366,40.96326480547369,0,6,1,0
4530,3,53.421219520996274,65.66323949487322,0,11,1,0
4531,3,78.62489522491377,81.49249308683977,1,6,0,0
4532,3,67.78013634152539,56.42453919349491,0,3,1,0
4533,3,48.534221966730094,52.47622521856645,0,1,1,0
4534,3,51.86948531773223,50.90399918353098,0,5,0,0
4535,3,46.70869506135004,44.78112819199518,0,9,1,0
4536,3,45.98213059754785,37.03011610784825,0,4,1,0
4537,3,65.86344772687177,42.77608517075433,0,2,1,0
4538,3,53.572230892151225,62.98361716409328,0,6,0,0
4539,3,52.50809710073924,45.58094462510984,0,2,1,0
4540,3,33.481567304888316,39.4088857080632,0,3,1,0
4541,3,82.31842183819649,63.46548668012443,1,7,0,0
4542,3,50.28125455786096,55.412915388873586,0,5,1,0
4543,3,73.41598679748391,69.76199813545863,1,4,0,1
4544,3,53.70563079808932,40.62282663214103,0,0,0,0
4545,3,60.38364528502639,66.59077738274348,0,4,0,0
4546,3,63.839925311973175,59.53961762140011,0,6,1,0
4547,3,41.680807468932024,22.812266941363475,0,2,1,0
4548,3,37.95470814430728,25.484797896575547,0,4,1,0
4549,3,73.7076782904524,80.88186463286488,0,8,1,0
4550,3,59.64534731931592,55.27462740829217,0,7,1,0
4551,3,54.322571726932445,41.4967656919197,0,4,1,0
4552,3,32.797945961250406,37.764702308097505,0,4,0,0
4553,3,40.26207006808599,40.42108271053469,0,6,1,0
4554,3,82.21165232497188,70.56542309625205,1,5,1,0
4555,3,39.95880040478057,30.627734166153683,0,4,0,0
4556,3,42.84095442494856,35.8303646714054,0,5,0,0
4557,3,57.08885370084055,39.16590325861702,0,2,1,0
4558,3,74.20866714705082,73.61590245182322,1,8,1,0
4559,3,42.21611996974808,59.79218365938894,0,6,1,0
4560,3,63.01294804070893,53.36746525823294,0,3,1,0
4561,3,53.88265260841499,58.579526134016014,0,7,1,0
4562,3,57.28411850148384,58.68021775205297,0,7,1,0
4563,3,34.69146808957268,36.60312154939289,0,8,1,0
4564,3,51.13116424785212,49.50917445812624,0,5,1,0
4565,3,59.28370569183703,71.78300796902768,0,7,0,0
4566,3,62.82148570298914,55.55784784655662,0,2,1,0
4567,3,31.20936333201658,38.21166995895128,0,5,1,0
4568,3,32.64007227954899,35.91235760398853,0,6,1,0
4569,3,42.24004777104827,37.278635582367706,0,6,1,0
4570,2,52.86896275964219,46.71413188766217,0,5,1,0
4571,3,58.480715788133175,38.841990741899174,0,3,1,0
4572,3,21.615545054151237,23.11738085376457,0,4,1,0
4573,3,49.095649299012635,53.02994813454303,0,4,1,0
4574,3,57.53319648914005,39.467691504555255,0,3,1,0
4575,3,58.55522003453332,73.49844699468656,0,2,0,0
4576,3,68.6893620759646,55.685031279413145,0,4,1,0
4577,3,74.02477840149629,47.48750070198502,0,3,1,0
4578,3,31.747561474510565,42.94119298596728,0,7,1,0
4579,3,95.95640218195139,83.38244743553759,1,7,1,1
4580,3,42.89855741387236,46.6667681837349,0,5,0,0
4581,3,38.42873132577441,25.21246126074548,0,2,1,0
4582,3,31.774279423877207,14.50704694675927,0,1,1,0
4583,3,48.91281793129395,32.914027699753696,0,2,1,0
4584,3,50.27219973008176,36.37663314770543,0,5,1,0
4585,3,33.72618365120974,40.32793920785158,0,6,1,0
4586,3,40.23847013096251,52.73631299994582,0,6,1,0
4587,3,65.7631757273189,47.66626564761459,0,3,1,0
4588,3,42.46902545870403,30.774039325702926,0,7,1,0
4589,3,39.67731789408261,59.678103035502055,0,4,1,0
4590,3,52.95415057728697,43.23731525778802,0,4,1,0
4591,3,29.09187415001591,31.23721118501886,0,5,0,0
4592,3,34.3857976094322,36.180434148182655,0,7,1,0
4593,3,56.281711818090564,50.75168602875945,0,6,1,0
4594,3,44.594499864842106,56.8995606842994,0,8,0,0
4595,3,100.0,28.29401183479493,0,1,1,0
4596,3,84.42389605468146,72.50098506600379,1,3,1,0
4597,3,35.39722015889199,21.597043384075608,0,1,1,0
4598,3,67.59415529040646,47.41012222214662,0,3,0,0
4599,3,42.43686683550866,45.31720972652632,0,5,0,0
4600,3,44.40264532050247,39.05526435704459,0,7,0,0
4601,3,62.47672076704902,56.62985916426569,0,10,1,0
4602,3,33.80694560538392,45.902012668502856,0,9,1,0
4603,3,40.098170675321526,46.93611030744733,0,5,1,0
4604,3,38.58059132742312,39.38502240469987,0,4,1,0
4605,3,50.17615178687041,34.52543491918539,0,3,1,0
4606,3,37.648753515107785,29.331944977930934,0,5,0,0
4607,3,89.29821491226983,76.64313515550106,1,5,1,1
4608,3,34.22645501923173,48.77929745541736,0,7,1,0
4609,3,73.83673830839489,56.14097452135859,0,6,0,0
4610,3,30.00052205642819,28.860990219156594,0,3,0,0
4611,3,27.62554873635668,27.499269944137044,0,3,1,0
4612,3,63.36237052717003,70.35751224478966,0,7,0,0
4613,3,22.10581772536472,22.829894981796862,0,3,1,0
4614,3,57.29583774102201,39.23144203484643,0,0,1,0
4615,3,42.187572936598116,39.84191247459732,0,4,1,0
4616,3,46.1513717253759,41.311494321842126,0,5,1,0
4617,3,57.723542168514065,58.824994067367626,1,6,1,0
4618,3,61.63555922861176,53.05417679596875,0,1,1,0
4619,3,31.45547085917779,30.447553748993997,0,6,0,0
4620,3,40.25687578452439,34.304655519923394,0,5,0,0
4621,3,51.51053628039486,43.63511655993659,0,7,1,0
4622,3,29.54941126398326,47.90593486320269,0,6,1,0
4623,3,51.52922197761615,41.638837506400606,0,1,0,0
4624,3,36.178636090060415,45.77433486142213,0,3,1,0
4625,3,45.120037459502306,41.11828156810917,0,5,1,0
4626,3,52.935632378033766,64.7389941373851,0,4,0,0
4627,3,64.78761213626069,51.137700698422925,0,4,1,0
4628,3,50.345525753643166,61.5941107984621,0,4,0,0
4629,3,41.80189620299119,44.91084309643819,0,5,1,0
4630,3,64.5167185388059,55.38242983661917,0,4,1,0
4631,3,46.72301100063872,42.215497802509326,0,4,0,0
4632,3,66.68079079636401,57.605004377168484,0,3,1,0
4633,3,53.48513555985633,53.728037224911816,0,6,0,0
4634,3,58.425890736095354,53.44511490310153,0,10,1,0
4635,3,53.605944392433024,49.09688814316583,0,3,1,0
4636,3,39.09885125860165,32.20150578092262,0,8,1,0
4637,3,52.00809755422626,50.79780850216631,0,5,1,0
4638,3,61.3920686238834,56.71795686628834,0,6,0,0
4639,3,37.034911859405504,44.40417779141813,0,6,1,0
4640,3,60.60446055385255,61.2052190336277,0,2,0,0
4641,3,14.904351413972764,18.03778048259593,0,6,1,0
4642,3,52.70406698132721,44.26120554456226,0,7,1,0
4643,3,53.47130400072374,45.76633368976701,0,6,1,0
4644,3,51.73687986270708,32.833749847240355,0,7,1,0
4645,3,38.71060231129522,48.65398722859865,0,9,0,0
4646,3,42.33908144716064,52.55013859016916,0,4,1,0
4647,3,55.60874408406654,48.61940762456143,0,3,0,0
4648,3,42.35641198681592,37.38176464523147,0,1,0,0
4649,3,65.49757639173453,66.7515838562993,0,8,0,0
4650,3,48.775419476942105,41.380002260366005,0,5,1,0
4651,3,32.19364143864772,34.50141214463954,0,6,1,0
4652,3,53.21985309596669,52.656466783235544,0,2,1,0
4653,3,26.06823138065235,20.402804391315218,0,5,1,0
4654,3,50.784556356887826,42.37097430759761,0,4,1,0
4655,3,68.699523436766,61.17270066811839,0,5,0,0
4656,3,42.68302972615319,53.569857961745996,0,4,0,0
4657,3,58.18111149498269,49.96642804686791,0,4,0,0
4658,3,41.65439324053346,47.48651592651259,0,6,0,0
4659,3,60.59309515156377,47.32266690011689,0,5,0,0
4660,3,84.98311218752,65.74992763675259,1,4,1,0
4661,3,64.68022129637015,55.888871642287604,0,3,1,0
4662,3,23.835146250146913,38.43656072250051,0,4,0,0
4663,3,44.75678707552428,47.338011331466674,0,1,1,0
4664,3,28.26493287131291,20.975810415063968,0,4,1,0
4665,3,39.14974882023813,30.310337894758216,0,4,0,0
4666,3,43.327775834944035,55.41035178150841,0,7,1,0
4667,3,58.68495220568503,64.5170259549612,0,8,1,0
4668,3,64.26192872440245,65.3759508382681,0,1,1,0
4669,3,33.22031808137286,34.0848441372827,0,4,0,0
4670,3,54.462662500519535,37.10469220266435,0,4,1,0
4671,3,49.4948578967031,39.44783030952427,0,5,1,0
4672,3,53.73956171454027,44.1388834375921,0,3,0,0
4673,3,44.69422223457897,30.377245247673923,0,3,0,0
4674,3,41.08533091146449,51.59554603358175,0,7,0,0
4675,3,57.7984270168908,57.661514527417154,0,3,1,0
4676,3,8.978025210929982,14.713596200218493,0,3,0,0
4677,3,93.40340975118714,72.6349546166265,1,2,0,0
4678,3,52.486079605149015,37.880862344258226,0,3,1,0
4679,3,40.28742579533223,35.23975980667412,0,5,0,0
4680,3,54.25131243268625,51.14622822606751,0,3,1,0
4681,3,42.67973828504445,51.70718312663168,0,4,0,0
4682,3,55.31474811280297,48.95265197732864,0,3,1,0
4683,3,41.34084952477361,45.30770425384597,0,4,1,0
4684,3,63.95026416055802,56.973785368248805,0,4,1,0
4685,3,47.72587941166388,39.758644324563924,0,4,0,0
4686,3,47.05706569093496,65.52719470647999,0,9,1,0
4687,3,71.57999399640713,57.60893883183804,0,2,1,0
4688,3,43.22067353160471,33.98300260119095,0,7,1,0
4689,3,60.80625644142265,56.764956729897534,0,8,1,0
4690,3,25.77462741359362,29.100494952506068,0,5,1,0
4691,3,64.31950586129032,52.8800730836016,0,3,1,0
4692,3,50.57917422907481,42.55644431451604,0,8,1,0
4693,3,56.267891689718766,40.21674821208478,0,5,1,0
4694,3,20.234155443908158,40.5623384164078,0,5,0,0
4695,3,48.722970854291,33.83901969360223,0,3,1,0
4696,3,56.86502093450942,38.141851407180205,0,0,1,0
4697,3,15.975397609514493,37.64041720268999,0,5,1,0
4698,3,37.888212514049904,42.48011373593303,0,7,1,0
4699,3,11.6385280701735,46.98607075732271,0,10,1,0
4700,3,59.06540628224575,70.3449560027156,0,5,0,0
4701,2,100.0,45.51049096127521,0,1,0,0
4702,3,53.16236019408213,51.59914112392596,0,6,1,0
4703,3,51.266747130762234,49.760286219977296,0,5,1,0
4704,3,54.88771014712045,47.448623185296746,0,2,1,0
4705,3,58.38223201509448,54.64789128982012,0,6,1,0
4706,3,54.29804369504988,62.99492040929392,0,9,1,0
4707,3,60.7589304809888,70.04176233322082,1,7,0,1
4708,3,68.7500013989722,68.22370798936086,0,7,1,0
4709,3,43.87007572995498,41.115005188855925,0,3,1,0
4710,3,32.25306647270844,50.426111416913756,0,5,0,0
4711,3,73.38634223128759,51.313882023518914,0,2,1,0
4712,3,43.21170856079282,32.826912179748575,0,4,0,0
4713,3,64.10798990441724,61.63849088491249,0,7,1,0
4714,3,35.72246707279579,50.6451398715061,0,3,0,0
4715,3,44.29943497746704,47.87276303114779,0,4,1,0
4716,3,35.72209372339074,33.71858254240489,0,7,1,0
4717,3,40.461858772988876,37.09850105318448,0,7,1,0
4718,3,95.52297459269114,91.71504255290245,1,7,0,1
4719,3,79.1490206279477,61.40133384187338,1,4,1,0
4720,3,38.056080500472056,50.720958790058184,0,9,1,0
4721,3,65.25166097522218,47.63293566168404,0,5,1,0
4722,3,56.35160455782756,55.60289106834361,0,6,1,0
4723,3,43.76071484919197,44.27988942485555,0,3,0,0
4724,3,43.63939458810724,55.72547301643705,0,8,0,0
4725,3,50.467916463178796,49.35657586321232,0,3,1,0
4726,3,35.10638674432702,44.82775397152097,0,3,1,0
4727,3,31.99205202553369,33.94421476893335,0,4,0,0
4728,3,75.48718583910465,73.91702587595297,1,3,1,0
4729,3,58.071327676375816,49.7085927610211,0,2,0,0
4730,3,100.0,58.078150976874255,1,5,1,0
4731,3,69.2964083215181,74.05533627551297,0,5,1,0
4732,3,43.61518300362662,34.88257405995074,0,5,1,0
4733,3,35.72911568779128,42.374639025008506,0,5,1,0
4734,3,53.95853968639062,49.79794069702109,0,8,1,0
4735,3,50.268354904348705,55.58198013940639,0,4,0,0
4736,3,37.96886063043865,28.494475712344183,0,3,1,0
4737,3,63.44027418801381,50.42968630908874,0,4,0,0
4738,3,66.35495004454762,47.63526566604286,0,4,1,0
4739,3,52.71009325051254,40.04333956161701,0,7,1,0
4740,3,57.60815759283841,62.97697997312784,0,7,0,0
4741,3,57.93180465710008,52.47961283944155,0,3,1,0
4742,3,36.33578929591473,37.01966734713511,0,3,0,0
4743,3,76.15145464643881,57.67608668716426,1,4,1,0
4744,3,59.89286087224675,44.08231009591025,0,1,1,0
4745,3,55.44629613094227,58.914312544942085,0,4,1,0
4746,3,43.76772476729704,37.71487298996504,0,6,0,0
4747,3,55.63356589496485,45.695041638520074,0,6,1,0
4748,3,33.59903753643994,49.12813253876595,0,6,0,0
4749,3,45.60405676883434,43.40980539375379,0,8,1,0
4750,3,50.11244640902858,46.55261556264056,0,3,1,0
4751,3,38.02090095182711,43.793773267223216,0,6,1,0
4752,3,4.124794472175422,25.312090276842447,0,9,1,0
4753,3,48.44094577712685,36.57467237697484,0,5,1,0
4754,3,46.11998067583845,30.54712971962199,0,4,1,0
4755,3,50.39888204163478,54.59151668272562,0,7,1,0
4756,3,64.30700653056155,64.6306377955089,0,8,1,0
4757,3,61.57952121118235,46.13156425362173,0,3,0,0
4758,3,31.51089323334384,40.88441664752312,0,8,1,0
4759,3,69.37326350719931,53.18554325181952,0,5,1,0
4760,3,75.97303389421333,66.98915514495131,0,5,0,1
4761,3,48.837880212460526,56.86202843914572,0,3,0,0
4762,3,67.92799868253815,67.06051032919943,0,2,1,0
4763,3,36.692908039626005,21.99491344231177,0,3,1,0
4764,3,57.37505957054021,61.14800231937578,0,10,0,0
4765,3,58.73518545785369,55.5795903883587,0,5,0,0
4766,3,31.398965608396445,42.78121871984566,0,7,0,0
4767,3,52.8785779845513,61.54951201119024,0,4,1,0
4768,3,29.23676390503132,57.96068320321004,0,10,1,0
4769,3,41.6260326178957,24.65803723880096,0,1,1,0
4770,3,49.85119958285215,56.81596103363643,0,3,0,0
4771,3,28.60609614649345,37.804728112272606,0,9,0,0
4772,3,74.09282025170387,57.89249176937694,0,3,1,0
4773,3,56.23442155293131,65.03789863031913,0,11,0,0
4774,3,45.46959415306031,60.79723104299421,0,4,0,1
4775,3,39.27301214713615,38.51950845218795,0,3,0,0
4776,3,74.23801576574114,54.346055053477514,1,3,1,0
4777,3,67.5229384938531,57.68178508615321,0,8,0,0
4778,3,25.107035530239635,34.91534170559846,0,7,1,0
4779,3,20.245500042907796,23.9765243991987,0,5,1,0
4780,3,35.42300924257586,43.55587911178185,0,3,1,0
4781,3,42.5702194853499,38.66334789424679,0,5,1,0
4782,3,8.2331412024216,39.30062694390105,0,7,0,0
4783,3,39.989781792248955,46.34627042981083,0,5,1,0
4784,3,29.037085762139395,29.762762186514497,0,7,1,0
4785,3,77.09511202707736,49.16323030496446,1,4,1,0
4786,3,24.622054192095703,48.65571906578767,0,4,1,0
4787,3,36.926393143358034,31.404888394661803,0,4,1,0
4788,3,47.738010138357325,34.56678423838102,0,3,0,0
4789,3,54.65941694726031,47.964229149900135,0,3,1,0
4790,3,54.778563493037794,48.38214601903622,0,3,1,0
4791,3,57.84333851388382,37.10884406066983,0,3,0,0
4792,3,82.25037301215373,70.5719132171675,1,5,1,0
4793,3,38.671073767186506,34.58218970225734,0,7,1,0
4794,3,57.774104767980745,45.398068347313256,0,3,1,0
4795,3,58.95035116591534,47.48071619190156,0,4,1,0
4796,3,59.53462014897679,42.777203352560676,0,5,1,0
4797,3,64.15727917855588,64.70494228507147,0,7,0,0
4798,3,0.0,39.79497185931654,0,1,1,0
4799,3,43.405753210344415,36.58081704827225,0,4,1,0
4800,3,49.365841921251175,37.42345686769598,0,5,1,0
4801,3,72.53291665167869,69.2861177193632,0,2,0,0
4802,3,64.13044391675197,45.88769854328488,0,5,0,0
4803,3,51.04734803748651,58.22721517883763,0,4,0,0
4804,3,46.06642897264374,55.719800496459364,0,3,0,0
4805,3,48.41977845704236,57.10292610169208,0,4,0,0
4806,3,56.219734399566036,67.71338916891223,0,5,0,0
4807,3,79.94490610939664,66.72097970384506,1,4,0,0
4808,3,22.132452461094456,25.526220955544446,0,2,1,0
4809,3,33.880533964073535,40.635556668586375,0,5,1,0
4810,3,44.106642644484026,44.88999654082347,0,5,1,0
4811,3,58.746010840482974,63.01402866926073,0,7,1,0
4812,3,68.20869095718108,62.100110074565535,1,3,1,0
4813,3,33.81340224386334,38.59058002342935,0,2,1,0
4814,3,44.58917435805616,46.61215817000162,0,7,1,0
4815,3,40.75248273240535,43.4116048676998,0,5,1,0
4816,3,30.974070147214615,16.474567678946954,0,3,0,0
4817,3,50.131512827509226,60.33675318304364,0,7,1,0
4818,3,55.4612462408201,39.24580610073237,0,3,1,0
4819,3,59.40418714125336,62.730180244887904,0,4,1,0
4820,3,66.5693149666176,70.76351768324896,1,5,0,0
4821,3,63.19490660817726,43.95593767541901,0,1,1,0
4822,3,47.00510640082443,42.9096347475324,0,6,1,0
4823,3,65.71337019515047,57.29481683533287,0,5,1,0
4824,3,26.078386790743213,28.86333987712251,0,2,1,0
4825,3,56.113742008362784,52.999853409428994,0,7,1,0
4826,3,66.00931591556201,61.565714225975334,0,8,1,0
4827,3,64.00591060667092,72.1435177635403,0,7,0,0
4828,3,66.87779129900761,48.83638299091279,0,4,1,0
4829,3,83.19989893400005,61.25894152124853,1,3,1,0
4830,3,64.12608505918999,38.3701738475334,0,3,1,0
4831,3,48.2944856229952,36.597686981936334,0,6,0,0
4832,3,58.58618758456686,64.01926875585775,0,9,1,0
4833,3,36.88610460501598,45.25228762671744,0,7,1,0
4834,3,56.605611505810124,41.66938968401718,0,2,1,0
4835,3,21.98192680482824,28.00239195756069,0,2,1,0
4836,3,59.7068459233829,38.510364812820804,0,4,0,0
4837,3,24.813879914942827,34.056366950966286,0,9,1,0
4838,3,60.564612159379905,61.89155653856437,0,7,0,0
4839,3,38.04924219715811,30.314120234183658,0,0,0,0
4840,3,49.91980880776575,38.13317598662824,0,4,0,0
4841,3,17.418860154173167,22.48648390095565,0,6,1,0
4842,3,33.05605183862852,26.940929101893783,0,4,1,0
4843,3,62.32962801232965,59.44107835691098,0,6,0,0
4844,3,56.40774825233861,65.71257783419229,0,6,0,0
4845,3,33.159504093489964,44.49125572983626,0,7,0,0
4846,3,67.45352602834824,57.99312231870054,0,6,1,0
4847,3,42.37371926527519,42.781125146682236,0,7,0,0
4848,3,39.18022067650652,37.51292481429751,0,6,1,0
4849,3,56.02969747943403,39.05694239797615,0,2,1,0
4850,3,45.141063300662104,64.17625398933902,0,8,0,0
4851,3,52.00142408167388,50.51825993483878,0,2,0,0
4852,3,59.637140337724134,62.151962066984176,0,5,1,0
4853,3,67.75817714485515,52.47534006723632,0,4,1,0
4854,3,45.127810393540145,45.37861213219479,0,6,1,0
4855,3,39.27144652211458,41.01570659363988,0,3,0,0
4856,3,77.16188346168526,83.43528470250568,1,13,1,0
4857,2,73.71281530248207,50.218017029498505,1,3,1,0
4858,3,77.34870677609082,60.59774307053957,1,6,0,0
4859,2,30.722651411481433,28.4857900775579,0,5,1,0
4860,3,54.04979194746699,54.51847451632656,0,8,0,0
4861,3,41.71100491650459,73.6006571418725,0,8,1,0
4862,3,66.49323194040669,58.18911441632014,0,3,0,0
4863,3,94.60146390584777,65.83127093434219,1,3,1,0
4864,3,48.64447437638843,57.4444440298797,0,4,0,0
4865,3,35.54356636214058,35.275229630007814,0,4,0,0
4866,3,67.0578438521387,58.47994261322003,1,8,1,0
4867,3,23.99703363290854,18.69172373486404,0,3,1,0
4868,3,45.45673710881847,53.4248472842852,0,8,0,0
4869,3,50.55229770653596,57.70821449832054,0,9,0,0
4870,3,68.16758188761493,59.32764327994952,0,6,1,0
4871,3,50.39502887134178,43.76391816190681,0,3,1,0
4872,3,84.43137021189155,78.07983899458974,1,7,0,1
4873,3,50.24267561487897,63.12859376378457,0,6,1,0
4874,3,24.87239431467716,19.95176276455452,0,6,0,0
4875,3,58.7086154959206,45.27136226316598,0,7,1,0
4876,3,42.04727802121463,59.0301673707955,0,7,1,0
4877,3,56.12539909740303,53.52149783994105,0,8,1,0
4878,3,48.99626191736659,56.761403289976,0,9,1,0
4879,3,54.021989821423354,37.32464304022798,0,3,0,0
4880,3,52.57860848772932,44.10956481947613,0,9,1,0
4881,3,19.01079231915242,19.39113990678928,0,3,0,0
4882,3,67.84706776098389,46.28701208638256,0,8,1,0
4883,3,65.22792321265291,57.89481622242065,0,5,0,0
4884,3,55.08288577944841,51.91920227460624,0,4,1,0
4885,3,39.68416842436438,37.104081429373146,0,3,1,0
4886,3,59.385409692545444,70.92883873849014,0,7,0,0
4887,3,58.736271155000125,53.12758754161101,0,5,1,0
4888,3,60.149512479335634,51.03482786638451,0,4,1,0
4889,3,68.31224906236652,78.16782455844319,0,8,1,0
4890,3,41.10427523082885,44.769682905495785,0,5,0,0
4891,3,52.80679348985304,58.242567020185035,0,9,1,0
4892,3,37.31026378560538,44.62813773585786,0,7,0,0
4893,3,5.817215775365675,30.98142956748419,0,6,0,0
4894,3,38.76665523445735,33.56218942501404,0,4,0,0
4895,3,63.75087101886774,50.35159925809279,0,7,1,0
4896,3,44.06387334923656,55.51986218026427,0,8,0,0
4897,3,0.0,33.732171729369696,0,3,0,0
4898,3,53.31755454320508,38.247803128736905,0,3,0,0
4899,3,52.21683785116796,53.351878320444186,0,6,0,0
4900,3,54.02572489999443,46.71839796363293,0,3,1,0
4901,3,52.77716165954108,47.534642221491985,0,2,1,0
4902,3,58.748117180834576,48.39254922640637,0,6,1,0
4903,3,38.83379897520173,41.797721398318714,0,3,0,0
4904,3,44.82049980611619,64.81510141791112,0,8,0,0
4905,3,34.8097781578778,22.529143408851148,0,1,1,0
4906,3,35.31333514094673,37.13466084745231,0,5,1,0
4907,3,49.01138328689554,43.73328115428601,0,3,0,0
4908,3,21.19059287414622,22.98252002600696,0,3,1,0
4909,3,29.442123389690607,55.49400233439556,0,5,1,0
4910,3,8.968443487197614,16.63024424182506,0,5,1,0
4911,3,36.98376993044026,36.65016294080219,0,1,1,0
4912,3,50.67216201922798,36.97670395902015,0,2,1,0
4913,3,68.99076931151274,57.94398515568253,1,4,1,0
4914,3,66.3479284221006,72.12974687101314,0,6,0,1
4915,3,59.29953744020194,45.026461483045196,0,6,0,0
4916,3,52.656438918526774,58.13700047140116,0,6,1,0
4917,3,15.341115863798255,34.323651939176685,0,6,1,0
4918,3,43.98228992966561,32.68441897697103,0,5,0,0
4919,3,64.52807977622348,56.868695826848175,0,3,1,0
4920,3,23.63679135564766,29.051953774533885,0,10,1,0
4921,3,60.82726979019896,46.19720245413476,0,6,0,0
4922,3,49.14431572244697,40.50650336873357,0,5,0,0
4923,3,65.65947411713498,49.85832848719665,0,8,1,0
4924,3,55.810630650744365,39.97548975985565,0,4,1,0
4925,3,37.24926100843017,34.23312319506365,0,3,1,0
4926,3,56.59637408164571,52.561156777881465,0,5,1,0
4927,3,53.64379605358016,41.532326704363605,0,4,1,0
4928,3,100.0,47.220466851116804,0,4,1,0
4929,3,51.13929876828473,43.79648204662509,0,6,0,0
4930,3,22.533920195345097,16.730470992347993,0,5,0,0
4931,3,38.044585821127725,31.30291815206374,0,3,1,0
4932,3,68.43170045920017,62.32277031661098,0,7,0,0
4933,3,37.77707305670252,34.23882838659805,0,6,1,0
4934,3,75.25635254090129,69.49703056685838,0,3,0,0
4935,3,41.53050092937927,29.357535011012132,0,5,1,0
4936,3,68.2433152472333,51.33389271778411,0,5,1,0
4937,3,42.3543308338507,52.77499882922338,0,3,0,0
4938,3,61.459590477495965,65.20216556822612,0,7,1,0
4939,3,45.682341850210584,55.55646628509804,0,9,1,0
4940,3,44.65242938121781,50.42375059441887,0,3,0,0
4941,3,60.46230871200616,65.83971543987256,0,9,0,0
4942,3,44.133602230574596,35.61526714007857,0,5,0,0
4943,3,50.08748145568541,32.62320006540584,0,1,1,0
4944,3,51.21523178243188,35.6750937014616,0,3,0,0
4945,3,42.18765315014433,56.63076092384618,0,11,1,0
4946,3,46.990411743088266,36.887707115115234,0,3,1,0
4947,3,49.62888281279135,30.95641631064163,0,6,1,0
4948,3,53.32181907038807,36.53352187154977,0,3,1,0
4949,3,36.51694698392066,41.68501272133875,0,4,1,0
4950,3,48.22087455806889,46.31264225519219,0,5,0,0
4951,3,53.853230429355506,37.03568710010129,0,2,0,0
4952,2,55.14641821854695,33.84920555561789,0,6,1,0
4953,3,55.57776115410935,39.84813738834669,0,1,1,0
4954,3,44.42559183350811,41.558753620071954,0,2,1,0
4955,3,59.19913294248049,64.78549632052129,0,10,0,0
4956,3,47.03722549504089,48.72711539367755,0,9,1,0
4957,3,41.33418800705486,35.82822038292098,0,4,1,0
4958,3,99.30307890354753,68.5980702177046,1,5,1,0
4959,3,79.18737810502326,75.09387942037151,1,8,1,0
4960,3,52.476808602617254,44.92482342819111,0,4,1,0
4961,3,24.60764491097688,41.511403411478184,0,4,0,0
4962,3,77.10327887797352,53.72906898880308,1,4,1,0
4963,3,43.31445764173689,34.69849144725545,0,5,0,0
4964,3,57.42498616149411,48.05586153186064,0,4,1,0
4965,3,65.23535353221733,44.3970034585045,0,4,1,0
4966,3,67.71638133792537,51.61580127178823,0,6,1,0
4967,3,32.68485479605937,53.11251173307668,0,8,0,0
4968,3,38.21278409910085,48.28026536069814,0,8,1,0
4969,3,33.1445490083082,32.25606893550792,0,4,1,0
4970,3,33.36366734332441,31.09091722481774,0,3,1,0
4971,3,61.723366476964536,74.65357677684784,0,12,1,0
4972,3,40.78939860069664,57.44339737874662,0,7,1,0
4973,3,60.1623915703809,56.87271571137841,0,4,1,0
4974,3,28.348580951835377,45.090997763500866,0,9,1,0
4975,3,35.91313348744443,41.73893781609927,0,3,0,0
4976,3,17.225012882042485,24.39284700961969,0,4,1,0
4977,3,51.73808527200562,49.16902158263337,0,3,1,0
4978,3,46.25170386297913,54.97313396648384,0,5,1,0
4979,3,49.89091454079347,53.26862894097115,0,4,1,0
4980,3,56.921691279056205,41.4090640963721,0,5,1,0
4981,3,55.609733620558,47.44460754126564,0,4,1,0
4982,3,53.1449915914721,63.30691529605868,0,6,1,0
4983,3,53.72295653110671,57.218934117391974,0,7,1,0
4984,3,53.15374338063104,48.52760181071229,0,10,1,0
4985,3,59.05164604699357,59.5508679459482,0,3,1,0
4986,3,28.594954457765375,47.21963461849624,0,9,0,0
4987,3,57.1509224208446,72.37017965783038,0,8,1,0
4988,3,42.59071284179897,38.609827927448045,0,8,1,0
4989,3,27.009947974088032,44.61326934398623,0,5,0,0
4990,3,45.67590624208693,39.89957225535809,0,6,1,0
4991,3,58.95864200992746,54.974781732581775,0,8,0,0
4992,3,18.788212956462605,22.828371269703105,0,7,1,0
4993,3,46.267303493144034,20.700386855947286,0,1,1,0
4994,3,32.26381171755943,29.639972341376698,0,3,1,0
4995,3,64.9689214506339,57.47517364855322,0,3,0,0
4996,3,54.61322595933729,47.02749026688712,0,4,1,0
4997,3,48.25977963601218,40.9357637778213,0,2,0,0
4998,3,75.46618492727363,51.629823075219676,0,4,1,0
4999,3,45.20255647999259,30.327287167166354,0,7,1,0
5000,3,45.467499523274945,39.532530897184756,0,4,1,0
5001,3,29.502584796660287,27.52320756694383,0,7,1,0
5002,3,51.533577999969026,60.1223736825226,0,1,1,0
5003,3,65.97515864265073,70.11175065921387,0,2,0,0
5004,3,10.05126424571719,24.29521188612543,0,5,1,0
5005,3,58.42647964950204,46.27297596495905,0,5,1,0
5006,3,75.12399776778169,61.41211314370306,1,2,1,0
5007,3,70.04099631935867,67.57705730470849,0,7,0,0
5008,3,52.66700485608898,52.24155602939668,0,6,0,0
5009,3,59.29409480974623,57.502808168088094,0,2,1,0
5010,3,14.877037487188876,20.716848087134057,0,4,1,0
5011,3,93.72117812641045,44.74871690377351,0,6,1,0
5012,3,31.620788350906945,19.581828769482385,0,3,0,0
5013,3,56.78993801441159,40.240050989711115,0,4,1,0
5014,3,63.41956856759591,44.158067596213876,0,3,0,0
5015,3,42.53862462140084,47.34705567423039,0,4,1,0
5016,3,66.04142396656096,45.98444586998817,0,5,1,0
5017,3,64.04389939211028,46.7255939132674,0,7,1,0
5018,3,58.266823565537344,52.624565935518255,0,8,0,0
5019,3,58.34368398536201,55.24065167860186,0,2,0,0
5020,3,72.40957709587636,72.49779116712139,0,5,0,0
5021,3,32.136170465300566,46.58338726282365,0,9,1,0
5022,3,76.47987396518958,68.00474807617022,1,3,1,0
5023,3,53.58079423607863,62.82313709389076,0,3,1,0
5024,3,36.54101959609065,27.983993952178214,0,4,0,0
5025,3,46.68289148702454,49.03899419338609,0,7,1,0
5026,3,43.07889251891555,62.0036950902587,0,5,0,0
5027,3,42.01805566790976,37.08042699680975,0,4,1,0
5028,3,58.43244211334162,51.8959014444675,0,3,1,0
5029,3,60.34794546635004,49.9356977512601,0,4,0,0
5030,3,45.18003052789217,47.661152778483896,0,5,1,0
5031,3,59.928510229404644,58.9961045670563,0,6,0,0
5032,3,59.29777103478859,71.86321526516633,0,11,1,0
5033,3,52.01056270989209,47.487205140646594,0,5,1,0
5034,3,55.70265904660378,48.09546934687359,0,4,0,0
5035,3,53.04557524840054,55.52002894637116,0,7,1,0
5036,3,77.21479679404602,58.93156213455296,1,2,1,0
5037,3,49.40065155058998,51.145654855376144,0,9,1,0
5038,3,46.442941673119144,39.84239015123712,0,6,1,0
5039,3,52.34868595919362,57.726831750417034,0,5,0,0
5040,3,61.31853387426341,49.233286742165596,0,5,0,0
5041,3,0.0,36.99887640187857,0,4,0,0
5042,3,49.1461159709584,55.472668216512865,0,4,0,0
5043,3,18.21617220834025,20.141364637187746,0,2,1,0
5044,3,63.89746038620692,54.3088575423502,0,8,0,0
5045,3,77.60773385298232,74.35283611510124,1,3,1,0
5046,3,63.07660036540242,54.621938670146584,0,4,1,0
5047,3,34.152441774311136,34.860274927442504,0,4,0,0
5048,3,0.0,43.463948156564605,0,4,1,0
5049,3,11.152282979858882,20.827358972269508,0,5,0,0
5050,3,65.77257718395632,54.97011352845778,0,4,1,0
5051,3,44.85363644313617,43.433415902263484,0,4,1,0
5052,3,55.52082049319795,48.9625603313886,0,7,1,0
5053,3,56.17970913389755,43.61828847926808,0,6,1,0
5054,3,39.621568263392774,38.609768697525816,0,3,1,0
5055,3,48.158911519431214,27.3810765010274,0,1,0,0
5056,3,66.26766030394353,54.32253913678054,0,3,1,0
5057,3,55.293449765345656,33.44359950057064,0,5,1,0
5058,3,42.60200013367759,45.07551787620099,0,4,1,0
5059,3,51.74386436628482,40.66459310991652,0,2,1,0
5060,2,29.242429901239547,27.16964192063228,0,6,0,0
5061,3,64.16701630805682,67.62194415094066,0,5,0,0
5062,3,44.65372872993476,61.43405848822849,0,5,1,0
5063,3,60.648115943899825,64.29398557465075,0,3,0,0
5064,3,40.71385598206512,46.157178504104614,0,7,1,0
5065,3,35.72470948867099,40.82056568594251,0,4,1,0
5066,3,40.55127543629003,44.93860273815088,0,6,1,0
5067,3,52.52392000300235,61.57725109415098,0,4,0,0
5068,3,38.2478709056731,40.20837497118856,0,3,1,0
5069,3,43.053860517057686,45.26711179044555,0,5,1,0
5070,3,56.898485714818804,62.00129494388776,0,1,1,0
5071,3,36.02877779245962,37.64196662871279,0,1,1,0
5072,3,54.770958326774725,48.54857132549975,0,9,1,0
5073,3,40.93402087207025,46.58087000068798,0,6,1,0
5074,3,49.76116468722155,37.77029431197471,0,2,1,0
5075,3,38.46472966447427,29.650817911432526,0,2,1,0
5076,3,38.29331434420637,28.537383598860956,0,6,1,0
5077,2,50.48057028730228,47.013000511701854,0,4,1,0
5078,3,68.05906765794192,72.12865262654367,0,9,0,0
5079,3,53.66965219014224,49.80152123376259,0,4,1,0
5080,3,65.8584638935436,59.43796953803545,0,8,1,0
5081,3,26.397193915502083,36.57914859459127,0,5,1,0
5082,3,49.618078145892916,39.431206915411316,0,3,1,0
5083,3,20.105546904042836,22.75666375989286,0,3,1,0
5084,3,31.068578096652498,34.79598928310467,0,4,0,0
5085,3,58.091043790738986,44.15769504814195,0,3,0,0
5086,3,88.42926888298237,61.44875641578857,1,3,1,0
5087,3,92.42173997645641,44.67570001619065,1,1,0,0
5088,3,54.29419659158368,48.86741019332308,0,3,0,0
5089,3,64.12252199677334,65.37875807682654,0,7,1,0
5090,3,61.44326450317934,45.359399156038606,0,6,1,0
5091,3,55.27911277226086,51.11345434438737,0,4,0,0
5092,3,70.69237263211419,69.85143495294363,0,7,1,0
5093,3,44.38667705357578,36.91011010307946,0,7,1,0
5094,3,43.49542816223831,43.312727558822985,0,3,0,0
5095,3,70.9554022860502,60.57968528184233,0,3,1,0
5096,3,17.834910580116386,40.89487849610899,0,4,1,0
5097,3,0.0,23.431025826051233,0,5,1,0
5098,3,53.57104449672008,60.65655097019731,0,9,0,0
5099,3,32.87881003276711,27.681990273437833,0,5,1,0
5100,3,52.18193970126846,41.96565324677787,0,6,1,0
5101,3,40.031660305573055,32.54857190042842,0,5,1,0
5102,3,0.0,50.721928566684234,0,9,1,0
5103,3,41.62624233788655,27.27152269206674,0,4,0,0
5104,3,37.924523975290604,59.42180267298486,0,7,1,0
5105,3,29.18886959933974,39.54274214586072,0,5,1,0
5106,3,36.74980115159821,43.95459058356536,0,6,1,0
5107,3,52.14174586474822,48.69228923844203,0,7,1,0
5108,3,56.77949173296094,57.161961118150586,0,5,1,0
5109,3,50.06375864668466,32.92244737000396,0,2,1,0
5110,3,27.550224925624164,33.40500255341475,0,0,1,0
5111,3,45.67781554376295,44.50445949903291,0,3,1,0
5112,3,62.487463258766475,58.64487398943813,0,7,1,0
5113,3,46.20585672688937,37.691788326469826,0,6,0,0
5114,3,59.56492497882215,49.51707500588913,0,8,1,0
5115,3,66.24081158702967,65.52249420692887,0,11,1,0
5116,3,23.657661896718043,32.62689521487955,0,4,1,0
5117,3,45.28071798847566,37.47097523195818,0,3,1,0
5118,3,55.35741552531943,37.79573705682537,0,5,1,0
5119,3,50.73075409100919,40.190639504816296,0,6,0,0
5120,3,60.40412266103888,57.37339017035332,0,2,0,0
5121,3,61.053257742059934,55.66741273687018,0,6,1,0
5122,3,57.06308024519622,57.638608384681255,0,1,0,0
5123,3,34.93087340962428,51.51763748101984,0,5,1,0
5124,3,18.307965110518328,24.955163043535055,0,6,1,0
5125,3,46.828579707360994,69.98201931091678,0,10,1,0
5126,3,60.76450249519697,63.73220333720788,0,7,1,0
5127,3,73.48344454024588,69.49045389237693,0,8,1,0
5128,3,41.24893729501396,32.28273413529371,0,4,1,0
5129,3,50.112666242686224,35.596561110940016,0,4,1,0
5130,3,68.26201739680839,49.926614010858415,0,5,1,0
5131,3,56.164621798473284,51.2571390673768,0,2,0,0
5132,3,73.92233623849765,73.57900393283094,1,9,1,0
5133,3,75.3081073644405,60.216192786430405,0,5,1,0
5134,3,54.93386581964799,40.01925153384222,0,5,1,0
5135,3,73.31485911226038,50.99215084528818,1,5,1,0
5136,3,0.6344639052638037,13.440929857715002,0,2,0,0
5137,3,34.916332627375596,44.52166221426185,0,11,1,0
5138,3,36.41684605996505,26.68988535375966,0,5,0,0
5139,3,48.01987632200117,43.374717259995364,0,3,1,0
5140,3,61.660368156696315,60.60359359648154,0,12,1,0
5141,3,33.82049066939675,42.407974647447304,0,7,1,0
5142,3,44.24095442569605,37.5159038078797,0,5,1,0
5143,3,27.92186615138747,41.99331884397672,0,3,1,0
5144,3,30.056258227107705,39.61601036118976,0,6,0,0
5145,3,59.84628222670952,61.81026562701778,0,8,1,0
5146,3,44.5731360780089,42.05527598475143,0,5,1,0
5147,3,41.251221791518574,48.2703694581534,0,7,0,0
5148,3,49.446764473313934,56.3334664372732,0,3,0,0
5149,3,53.507713424938736,39.755127544889675,0,5,1,0
5150,3,49.96197080524228,56.47563469010323,0,2,0,0
5151,3,18.785532271593922,18.969357000422182,0,5,1,0
5152,3,51.999885079940476,52.220712844439426,0,6,1,0
5153,3,72.02547324450519,54.184629651052525,1,5,0,0
5154,3,0.0,47.428112171148435,0,3,1,0
5155,3,41.86168288743562,59.82242420924583,0,7,0,0
5156,3,59.63829024487978,56.31304609677867,0,5,1,0
5157,3,40.17631860286132,44.97015928941476,0,5,1,0
5158,3,44.70016962195531,35.94834469300697,0,6,1,0
5159,3,25.27365203523879,25.485702266086008,0,4,1,0
5160,3,38.3226666693188,45.49311012409529,0,4,1,0
5161,3,60.55111043534923,59.420866326419095,1,2,0,0
5162,3,76.54083112391909,78.6090073896522,1,4,1,0
5163,3,51.862648237121384,48.82261423541144,0,1,1,0
5164,3,42.259546607324744,41.22412040906369,0,1,0,0
5165,3,28.18628020525452,45.115839912808845,0,4,0,0
5166,3,80.6447401021522,71.87046602543839,0,5,1,0
5167,3,36.06179188066238,50.87316338925469,0,5,1,0
5168,3,70.52805596477788,73.95421196541467,0,7,1,0
5169,3,44.92895537955255,52.22326352939826,0,5,0,0
5170,3,70.0465323382711,63.2097563170298,0,6,1,0
5171,3,38.25548242169501,44.53161074613083,0,4,1,0
5172,3,28.1960858651765,42.09757032008513,0,2,1,0
5173,3,38.30287046987196,33.381646248206785,0,4,1,0
5174,3,63.27169367461716,44.20279817571021,0,3,1,0
5175,3,57.00844131110669,52.71789562932803,0,5,0,0
5176,3,42.43141933524156,44.62621775795828,0,5,1,0
5177,3,48.427619124846494,44.92174390408878,0,2,1,0
5178,3,41.859264681069725,43.12851441934909,0,2,1,0
5179,3,56.47776546274532,56.88562912572522,0,6,1,0
5180,3,39.571464077611985,51.03887639044718,0,7,0,0
5181,3,44.022525974181555,37.58618906206883,0,5,1,0
5182,3,39.77913585221779,42.56087966787606,0,3,1,0
5183,3,27.281807697290887,33.740284023569124,0,4,0,0
5184,3,66.96720368950827,68.561733270077,0,10,1,0
5185,3,57.37296430996223,40.99317948804696,0,3,1,0
5186,3,57.84790046616631,42.89121647833892,0,4,0,0
5187,3,48.602763234387595,43.97616652168793,0,8,1,0
5188,3,30.462271470576482,29.517057541421536,0,6,1,0
5189,3,72.50942227585806,62.201982649839806,0,4,1,0
5190,3,34.1195030789665,38.9959548488927,0,4,1,0
5191,3,41.96360896253599,46.91649783878446,0,7,1,0
5192,3,51.88184035290928,39.019044223924155,0,1,1,0
5193,3,38.39132583457856,36.663766436801495,0,4,1,0
5194,3,37.876890639768376,53.146607499263325,0,3,0,0
5195,3,27.43940722424678,34.951971362950744,0,4,1,0
5196,3,53.00916970089744,37.57506485101529,0,3,1,0
5197,3,50.98548009075468,49.465943627108025,0,3,1,0
5198,3,56.34223198876254,51.15813848962248,0,5,0,0
5199,3,31.178264830143,29.47439159944631,0,6,1,0
5200,3,29.039671140282024,18.507096346009817,0,6,1,0
5201,3,38.734573304409366,54.40389198493732,0,6,1,0
5202,3,54.42877988209167,47.606934334956165,0,7,1,0
5203,3,48.799182256301194,41.7027671570938,0,2,1,0
5204,3,59.27416592196073,49.019560650644316,0,7,1,0
5205,3,35.38863679397353,43.17545396432377,0,3,0,0
5206,3,29.558639567567546,37.856473213775836,0,12,0,0
5207,3,39.80065240552631,41.37294776413452,0,5,1,0
5208,3,36.312199537775136,39.99872958510981,0,5,0,0
5209,3,63.988728895802,55.568073991593906,0,3,0,0
5210,3,53.481216517657344,58.83802670705064,0,4,1,0
5211,3,38.21445755726488,49.747283862319286,0,4,0,0
5212,3,70.28232900048681,78.09205009768823,0,7,1,0
5213,3,59.08989542364458,51.979989921159564,0,8,1,0
5214,3,60.53981457679996,57.385681855340366,0,5,1,0
5215,3,41.98987305339111,46.3572037397799,0,6,1,0
5216,3,61.02507877500815,44.81033922356636,0,5,1,0
5217,3,36.63843340075869,50.24574100417894,0,5,1,0
5218,3,63.642383314741416,48.165866985303325,0,4,0,0
5219,3,24.261808816906978,11.338547170863428,0,1,1,0
5220,3,54.52499203481945,52.12445535452017,0,6,0,0
5221,3,41.47808431567087,40.8287447216777,0,3,1,0
5222,3,0.0,28.353278847602688,0,5,0,0
5223,3,47.39586070525963,67.68402803181496,0,8,1,0
5224,3,29.036327129466102,22.29657110672146,0,4,1,0
5225,3,65.00200983047348,53.31904681249344,0,1,1,0
5226,3,69.01601072936751,51.46502209197336,0,6,1,0
5227,3,53.84086649871805,51.81941649684762,0,3,0,0
5228,3,45.78674916478011,56.5240407586114,0,5,0,0
5229,3,47.23933035334392,30.215000499666928,0,4,1,0
5230,3,36.56325765598699,40.14328830453148,0,5,1,0
5231,3,38.11398601135524,27.108100418243332,0,4,0,0
5232,3,50.49503606891718,40.824612459548106,0,5,0,0
5233,3,62.50399321828205,60.16591688703357,0,5,1,0
5234,3,49.22380304657782,60.57737445795619,0,10,0,0
5235,3,66.27992539096805,46.286396819534176,0,4,1,0
5236,3,62.05172972337667,49.42990245660853,0,2,1,0
5237,3,50.80017272090824,48.11316178106553,0,6,0,0
5238,3,44.297263511943136,45.18018107224626,0,6,1,0
5239,3,52.763083632597315,68.46598026940438,0,6,0,0
5240,3,43.44369352380869,43.13556388080038,0,4,1,0
5241,3,48.25419731585597,38.08557552243891,0,5,1,0
5242,3,35.317754470088005,39.43613893548122,0,5,0,0
5243,3,59.03992455913863,66.45458774637278,0,4,1,0
5244,3,100.0,63.873921114144466,0,8,1,0
5245,3,65.9939222812676,59.53803023191684,0,3,1,0
5246,3,84.31238766389396,61.30845640771457,1,2,1,0
5247,3,35.59988240082212,36.818797384469455,0,7,1,0
5248,3,38.68612839816023,43.789933951783276,0,4,1,0
5249,3,63.01188424728734,34.26312295968989,0,2,0,0
5250,3,55.911584482771474,48.72146947832242,0,3,1,0
5251,3,24.45997789250316,42.51966260425249,0,3,1,0
5252,3,71.0076732460592,70.171603679975,0,2,0,0
5253,3,52.884491124001066,46.97466078100118,0,7,1,0
5254,3,27.130096239849223,40.170749492427774,0,4,0,0
5255,2,40.27941683298164,49.07544585591825,0,10,1,0
5256,3,64.44399892066316,56.5913688906362,0,10,1,0
5257,3,50.291527339804766,52.35937482023731,0,6,1,0
5258,3,26.133399019293826,32.526619939662126,0,4,1,0
5259,3,63.645898601957626,45.5106063931559,0,4,1,0
5260,3,28.579795195073405,19.869010461408433,0,2,0,0
5261,3,61.001899132346615,63.214752233177386,0,8,0,0
5262,3,44.39971992586257,37.30956693851957,0,7,1,0
5263,3,58.83716397591459,65.61417003638834,0,7,1,0
5264,3,47.31496477692176,45.677014585572586,0,3,0,0
5265,3,73.59266303897054,63.64340753093116,1,2,1,0
5266,3,42.948098670788546,45.63449449542088,0,2,1,0
5267,3,72.21294576470649,66.99600789004003,1,7,1,0
5268,3,29.35148643982466,37.81853576345639,0,7,0,0
5269,3,58.148540648992416,43.77874425559867,0,5,1,0
5270,3,34.117127151386875,39.38661214412197,0,5,0,0
5271,3,29.32249466852134,36.389643010104464,0,4,1,0
5272,3,70.07892902896145,47.064538359769855,0,6,1,0
5273,3,35.570985721342836,29.738055013270827,0,8,1,0
5274,3,26.782849562229828,24.45516027447173,0,2,0,0
5275,3,46.036464938562666,37.941048657255784,0,6,0,0
5276,3,40.304060431481965,48.98171584364374,0,3,1,0
5277,3,50.3871276338567,41.395514602606404,0,9,0,0
5278,3,56.439776148626,52.48096169452742,0,2,1,0
5279,3,44.876192967969395,45.34392321452964,0,4,0,0
5280,3,79.48123557186378,58.86145398582468,1,7,0,0
5281,3,43.939571031072475,45.271593023442016,0,3,1,0
5282,3,64.58064587936312,54.40219549872316,0,4,1,0
5283,3,45.38218459806853,39.68251552336756,0,5,0,0
5284,3,54.63172164796916,39.66112328789577,0,3,0,0
5285,3,34.85609257714153,40.65301264104383,0,6,1,0
5286,3,36.42726063504843,31.262527164161384,0,5,0,0
5287,3,54.59542635590988,52.10554605125388,0,3,1,0
5288,3,21.471347736735087,22.192902976423976,0,6,1,0
5289,3,56.47694078640677,39.04824416788588,0,5,1,0
5290,3,31.06879552270692,46.49451784078183,0,10,0,0
5291,3,45.90750856123164,43.86487298371467,0,6,1,0
5292,3,38.43964827247438,53.39157350164933,0,6,0,0
5293,3,73.7142350880702,55.27478743415349,0,5,1,0
5294,2,30.680646692805446,31.313314827181696,0,6,1,0
5295,3,40.53197479824323,64.35986217708785,0,7,0,0
5296,3,38.31845591265636,50.59877163565517,0,6,0,0
5297,3,79.41500123782367,72.7170085031642,1,8,1,0
5298,3,50.93487741889591,40.38137906548396,0,4,1,0
5299,3,65.32096016352696,42.271067307853535,0,2,0,0
5300,3,59.89306362263635,60.56230761510454,0,3,1,0
5301,3,79.17626717079253,87.78889921843444,1,8,0,1
5302,3,21.7622283268317,22.321165977506695,0,5,1,0
5303,3,35.35016477772045,40.31361427777446,0,6,1,0
5304,3,54.360208775355744,54.73972649934083,0,10,0,0
5305,3,65.56818637919734,56.65783073336173,1,4,1,0
5306,3,50.56392171375566,56.42352718283622,0,6,1,0
5307,3,75.66409739896642,54.81450302896866,1,6,0,0
5308,3,53.46712618749438,66.76873142063853,0,6,0,0
5309,3,51.03622408629818,60.84605320868242,0,11,1,0
5310,3,50.47057295154517,48.107924657213104,0,11,1,0
5311,3,15.220063052926765,22.85058071186255,0,8,1,0
5312,3,56.39695768473654,55.05402726880276,0,5,0,0
5313,3,52.304206214224614,40.11921091090847,0,2,0,0
5314,3,27.25188878303654,35.89972418407727,0,5,1,0
5315,3,37.188141543749104,30.896288204978475,0,3,1,0
5316,3,48.61121126058896,58.17036578779633,0,6,1,0
5317,3,75.89881489632137,64.40580432133416,0,5,0,0
5318,3,56.089425591064646,43.30081323909144,0,5,1,0
5319,3,58.39852597171961,50.94653638827144,0,4,0,0
5320,3,67.93733165314043,53.53255393537392,0,7,1,0
5321,3,56.713991870434754,46.368048611936445,0,3,1,0
5322,3,69.24496008249498,58.57136930720994,0,4,1,0
5323,3,47.71210059683596,47.844844378366936,0,9,1,0
5324,3,41.37476469157759,38.68411521732749,0,6,0,0
5325,3,62.58987029479984,42.44847216418872,0,1,0,0
5326,3,49.60045682077686,50.645227852274296,0,6,1,0
5327,3,61.18231069632548,55.06137116838637,0,4,0,0
5328,3,65.01545229574776,64.34596756894656,0,7,0,0
5329,3,66.41041115814488,52.739352093718345,0,4,1,0
5330,3,49.20700056865709,58.65276277307969,0,9,1,0
5331,3,65.23540378232255,59.77294191309815,0,5,1,0
5332,3,28.723201604795992,39.31674676979519,0,6,0,0
5333,3,59.484528849723695,36.37797279482682,0,2,1,0
5334,3,51.20661258452327,33.90395953395596,0,4,0,0
5335,3,63.049255647134714,61.85215116621502,0,9,1,0
5336,3,31.569748594477364,56.15192028248194,0,8,1,0
5337,3,23.86720502429148,38.30015735775075,0,4,1,0
5338,3,42.84796294475085,47.0068495074504,0,5,0,0
5339,3,44.12627001228365,38.22944422511197,0,5,1,0
5340,3,70.73171661426848,64.93468413996291,0,4,0,0
5341,3,25.96275707360994,23.972738773970445,0,5,1,0
5342,3,54.67322807674518,70.71724775736874,0,4,1,0
5343,3,69.8630230027795,60.30587263885392,0,4,1,0
5344,3,55.33609852546152,35.75786265997961,0,2,1,0
5345,3,42.82823931014552,48.23286044778675,0,5,0,0
5346,2,50.71816621653106,28.351493495073427,0,2,1,0
5347,3,52.25570183176727,46.19050925030859,0,7,1,0
5348,3,47.056621758443946,45.7644987446292,0,4,0,0
5349,3,33.862019250676184,45.50693873187958,0,5,0,0
5350,3,42.81596420732153,33.14114832371834,0,3,0,0
5351,3,47.165784984912534,39.33500400439034,0,5,0,0
5352,3,65.36367039105913,64.94464797202475,0,7,1,0
5353,3,23.497201084958235,33.03447488857811,0,4,1,0
5354,3,48.674662498419025,36.75571321415354,0,4,1,0
5355,3,40.733616407944446,54.71086425976481,0,10,1,0
5356,3,57.80988955788919,54.20833232881569,0,4,1,0
5357,3,60.338686337029834,82.71810840748545,0,9,1,0
5358,3,32.82008450158885,33.075627102145766,0,6,0,0
5359,3,58.09060821251915,66.56031382964223,0,8,0,0
5360,3,64.53983971042464,60.30590728448816,0,5,0,0
5361,3,46.68994749156918,38.13427163300912,0,7,1,0
5362,3,39.29934319351208,56.52434728195105,0,8,0,0
5363,3,40.55950772900833,32.190240435286015,0,7,1,0
5364,3,33.695590821591246,38.76260846520993,0,4,0,0
5365,3,43.87437594938183,53.43032106915011,0,7,1,0
5366,3,69.22019428408608,61.04053682396529,0,3,0,0
5367,3,48.790574221247475,42.740459391978256,0,4,1,0
5368,3,40.165034967279716,47.8721776638636,0,4,0,0
5369,3,64.6963719047817,65.92245232971419,0,10,0,0
5370,3,49.58786850292976,46.348614921865135,0,4,0,0
5371,3,60.155766080498815,60.438454511919694,0,7,1,0
5372,3,55.436520510504224,54.58055584669702,0,4,1,0
5373,3,43.90919263007946,37.049251277093276,0,3,0,0
5374,3,47.35868058171284,47.74854301478985,0,6,0,0
5375,3,51.982937166488476,49.367314310854574,0,4,0,0
5376,3,52.706414768675664,47.41610253744608,0,9,0,0
5377,3,32.65437130116761,29.90781333710242,0,6,1,0
5378,3,73.05425213044514,60.91915546503803,0,2,0,0
5379,3,59.51759471612602,57.68055195447066,0,3,0,0
5380,3,77.26291121860288,84.60518976508698,1,11,0,1
5381,3,17.47682146457985,42.515962270337134,0,6,1,0
5382,3,27.26353626481079,37.85747975096214,0,6,1,0
5383,3,59.02073988383198,56.21999435003555,0,6,1,0
5384,3,65.24180825381704,65.71921029931673,0,6,1,0
5385,3,63.350933276127385,48.07789287724292,0,1,0,0
5386,3,60.29573793227792,57.55795584324237,0,7,1,0
5387,3,59.5372477024611,55.74387409484966,0,6,1,0
5388,3,19.391232432435846,23.17699787172016,0,3,1,0
5389,3,100.0,67.58080477333908,0,5,1,0
5390,3,49.116623372583646,60.10552973555575,0,6,0,0
5391,3,65.24315459533457,62.90082184342721,0,7,0,0
5392,3,58.87276939643895,48.620199315702436,0,5,0,0
5393,3,42.609558441581,52.797878014240354,0,9,1,0
5394,3,49.914371055554234,43.15023296360178,0,6,1,0
5395,3,64.29649297251875,49.76838783005704,0,3,1,0
5396,3,46.361513934596076,45.96849150184478,0,4,1,0
5397,3,38.15674849490556,37.98855292099781,0,6,1,0
5398,3,56.16383087813917,51.54491068528643,0,3,0,0
5399,3,38.58700751280587,37.908182373876194,0,8,1,0
5400,3,36.869525601011446,55.89350133663011,0,4,0,0
5401,3,83.71044531105986,77.64097012268516,0,6,1,0
5402,3,42.332028671226404,53.99389790499305,0,3,0,0
5403,3,23.893585965267828,26.693058905404047,0,3,1,0
5404,3,39.908816371906084,36.432461178777245,0,1,0,0
5405,3,29.095477388644582,20.93981826223517,0,4,1,0
5406,3,64.28889386934125,51.64986222508151,0,8,0,0
5407,3,60.310971948286735,60.384245097944,0,10,1,0
5408,3,35.30564865227196,29.07460010251317,0,6,1,0
5409,3,23.022460386667063,27.980603429173208,0,9,1,0
5410,3,19.406765637033512,15.271927490147242,0,3,1,0
5411,3,35.303804424110744,41.39092777555155,0,5,1,0
5412,3,31.293158003425003,31.749457041974736,0,5,1,0
5413,3,50.93625421959871,17.799464872120605,0,0,1,0
5414,3,63.0823050311196,60.892292778374156,0,6,0,0
5415,3,40.55366357612266,46.774397461152816,0,3,0,0
5416,3,57.848323502538015,63.688536497717784,0,4,1,0
5417,3,42.529767025487665,45.00932161747103,0,3,1,0
5418,3,73.06978797668862,69.95986779156921,0,7,1,0
5419,3,43.07201577023303,37.88320002877347,0,5,1,0
5420,3,48.054590866881746,37.55580035697319,0,5,1,0
5421,3,65.73412336677343,41.267486872063856,0,3,1,0
5422,3,66.53801100449698,53.12517262515306,0,3,1,0
5423,3,42.470887371637836,36.294122871627316,0,2,1,0
5424,3,42.75667207410751,35.01260506837507,0,1,1,0
5425,3,33.40300180541508,39.30113937415009,0,9,0,0
5426,3,43.28553518804159,51.506278667440824,0,4,0,0
5427,3,38.12860637373796,36.65061195234792,0,2,1,0
5428,3,42.13643636339127,52.67060328858929,0,7,1,0
5429,3,48.57486015131093,26.3554603342967,0,1,1,0
5430,3,45.75870427140395,39.85774081040419,0,7,1,0
5431,3,64.83982092424678,60.51388590326716,0,5,1,0
5432,3,48.828025869843735,33.2742401604967,0,9,1,0
5433,3,43.99079964280825,51.703770978031116,0,3,0,0
5434,3,47.768789563037494,53.96744520130514,0,3,0,0
5435,3,35.46570101306788,40.323109878716366,0,5,1,0
5436,3,34.473623099098404,36.64243651223825,0,7,1,0
5437,3,39.247879964031334,35.726565640187175,0,2,0,0
5438,3,35.77924705092204,53.81566785315094,0,10,0,0
5439,3,55.01977799927327,56.84318414942576,0,4,0,0
5440,3,39.80341923241889,43.43425749062319,0,8,1,0
5441,3,0.7644869389823636,12.167854431905281,0,3,1,0
5442,3,30.989174584999198,51.820451730045036,0,13,1,0
5443,3,79.16846616177095,57.81175148430758,1,4,1,0
5444,3,74.85034788063108,50.20385225238617,1,3,0,0
5445,3,66.21575541081883,58.27512421390944,0,5,1,0
5446,3,39.34698138680572,41.48584738141531,0,4,0,0
5447,3,54.882388919453916,51.33480799155105,0,3,1,0
5448,3,53.21734648813396,66.14742927363267,0,8,1,0
5449,3,65.81101536447015,57.12954424464218,1,3,1,0
5450,3,40.314514568440416,38.69197034904861,0,5,1,0
5451,3,29.79242435640989,32.646908151206325,0,4,1,0
5452,3,37.91606231492344,25.433795438590938,0,3,0,0
5453,3,55.53099593450326,67.47399402117563,0,8,0,0
5454,3,79.36856390348512,50.37750809796962,0,2,1,0
5455,3,27.145371019395306,23.844370462848005,0,5,0,0
5456,3,3.9593509491359278,32.45189291579364,0,8,0,0
5457,3,66.68351998741237,64.53661692602125,0,5,0,0
5458,3,62.81524226798879,65.64173543660382,0,4,1,0
5459,3,0.0,40.4150943054607,0,3,1,0
5460,3,60.84730947400636,45.52625902979585,0,0,0,0
5461,3,35.5560691855716,50.85998295031156,0,3,0,0
5462,3,65.60926367211752,60.20868120516442,0,7,1,0
5463,3,45.0013852466444,53.83651415273539,0,2,0,0
5464,3,38.228032931422014,41.125498711458484,0,2,1,0
5465,3,53.995743875554425,47.926383498529454,0,4,1,0
5466,3,100.0,47.5719595947198,0,1,1,0
5467,3,94.02262614512122,64.68076386188991,0,6,0,0
5468,3,40.97201771228991,37.741497017600366,0,4,1,0
5469,3,55.93925255384687,63.8200297432419,0,7,0,0
5470,3,49.759104545523186,44.06541965475494,0,6,1,0
5471,3,69.00182323183851,73.90893999335756,0,6,0,1
5472,3,62.39905842858455,53.45122297397302,0,3,1,0
5473,3,54.31525322312885,42.3864610437467,0,6,1,0
5474,3,85.12689928533483,68.68357010969801,1,4,1,0
5475,3,40.29689225204898,25.624876843682237,0,2,1,0
5476,3,19.59326615418299,34.05566795123096,0,5,1,0
5477,3,60.011539053509516,60.30603756561572,0,4,1,0
5478,3,47.6655164219296,48.170382524029485,0,5,1,0
5479,3,74.99499465332205,79.99077199543348,1,8,0,1
5480,3,47.20181316706575,52.06815560545371,0,7,1,0
5481,3,63.33795523689479,48.824716312694584,0,5,1,0
5482,3,67.29145543561997,44.29821647516751,1,2,1,0
5483,3,56.92405289145239,62.70536396359427,0,4,1,0
5484,3,32.494977890986455,30.698929921902643,0,2,1,0
5485,3,66.5570874277497,52.83427440621518,0,6,1,0
5486,3,33.200055316181555,38.12655740933864,0,4,1,0
5487,3,69.14705249711723,81.85171494676227,0,13,0,1
5488,3,35.241296157679514,44.33180413942483,0,9,1,0
5489,3,40.013212369361135,41.69797326427447,0,4,0,0
5490,3,62.84745657724662,67.11945255890467,0,4,0,0
5491,3,35.83304027822779,40.281934660451775,0,5,1,0
5492,3,34.958863739944725,51.86156516128549,0,6,0,0
5493,3,35.11322713241204,34.45447818346782,0,6,1,0
5494,3,59.03245854728469,43.41910599342776,0,3,1,0
5495,3,63.143686293824345,29.244773444257877,0,3,1,0
5496,3,40.51190218908474,40.464687892497565,0,7,1,0
5497,3,63.996545907543315,62.262024791380405,0,9,1,0
5498,3,59.931518768710575,47.62087176102165,0,5,1,0
5499,3,37.57431917864914,36.672361696938346,0,4,1,0
5500,3,38.587446595208036,46.43427935769623,0,3,0,0
5501,3,21.188984769573096,10.944202071440976,0,2,0,0
5502,3,53.52655777919468,39.91795525630581,0,4,1,0
5503,3,48.97074378298604,51.649218416636316,0,6,1,0
5504,3,46.635537230257285,38.170818193290174,0,3,1,0
5505,3,63.18821850538161,60.52771152037475,0,11,1,0
5506,3,44.59092273184586,38.22095834863769,0,2,1,0
5507,3,64.06655047230811,61.55002879243502,0,4,1,0
5508,3,65.37958734253537,57.893929190946,0,4,0,0
5509,3,66.78285319158402,46.27940053246677,0,3,1,0
5510,3,7.567014201652583,64.16301791479015,0,6,1,0
5511,3,45.10166025867923,39.89192552435389,0,8,1,0
5512,3,24.038737832542825,23.488623111253343,0,5,1,0
5513,3,33.74082141708136,54.400194561677424,0,5,1,0
5514,3,30.083517836500192,30.058605403974642,0,4,1,0
5515,3,51.9452741895339,41.17956129002699,0,6,1,0
5516,3,27.902953970575215,40.44381811511945,0,6,1,0
5517,3,56.86341435053489,60.691523368723274,0,8,1,0
5518,3,14.297056869518844,22.20300672159895,0,7,0,0
5519,3,42.666915415674495,51.74723675807231,0,8,1,0
5520,3,81.2723643301346,79.25665619511453,1,5,1,0
5521,3,43.78184124562455,27.355521840244432,0,4,1,0
5522,3,33.07415458655598,19.836801328633562,0,3,1,0
5523,3,62.90431073733133,64.64110935524326,0,12,1,0
5524,3,55.94335903112801,61.147572281150076,0,9,1,0
5525,3,48.45655179524414,41.386541933048335,0,4,0,0
5526,3,24.58393641428074,43.368641560790465,0,11,1,0
5527,3,43.606676231255705,45.756246576381535,0,2,1,0
5528,3,72.48423941481319,69.42086355478645,1,5,1,0
5529,3,68.68325273202923,66.84482675246228,0,4,0,0
5530,3,32.43994948530858,51.9447359875458,0,5,1,0
5531,3,35.149811745979,30.518754706950087,0,7,1,0
5532,3,59.89958424596603,63.734354727955385,0,4,1,0
5533,3,41.55159915544529,43.447553868943295,0,7,1,0
5534,3,45.62313818126601,42.847519398579145,0,3,1,0
5535,3,50.74021776192361,39.436160911581354,0,2,1,0
5536,3,51.7375788095558,69.770992215412,0,12,0,1
5537,3,67.49864309734764,50.75708034641963,0,6,1,0
5538,3,61.10769327470758,59.370095665917404,0,5,0,0
5539,3,68.57731615117373,57.49347647920618,0,4,1,0
5540,3,53.2804723344598,47.62891852346936,0,3,0,0
5541,3,55.24474747445266,59.18966093490968,0,6,1,0
5542,3,46.546829381826264,35.62143860836223,0,3,1,0
5543,3,40.62709591701975,42.87659684814133,0,5,1,0
5544,3,43.46180266285645,36.590474265888844,0,5,0,0
5545,3,38.477943343524174,29.59741073877016,0,5,1,0
5546,3,68.3209829668959,39.77308209877947,0,3,1,0
5547,3,48.88231546823365,53.10724789311491,0,5,1,0
5548,3,66.62783141192395,60.1305149718409,0,4,1,0
5549,3,20.413698483199614,43.846959687714104,0,8,0,0
5550,3,59.161067172383305,62.952379019621205,0,5,1,0
5551,3,88.18577536579328,75.75216273739215,1,7,0,1
5552,3,33.17409328250337,50.77258881181744,0,5,1,0
5553,2,82.88649932006764,65.4106683368975,1,7,1,0
5554,3,40.221988638934626,49.085706041956485,0,2,1,0
5555,3,48.00106622530093,54.650520747768205,0,6,1,0
5556,3,55.935611822055684,35.45810061609858,0,4,0,0
5557,3,45.70358027352336,48.25720507997816,0,5,0,0
5558,3,31.822630085307726,34.34321478883747,0,5,0,0
5559,3,30.1213523289908,32.19942299095985,0,4,1,0
5560,3,69.87085954246284,52.34948584054089,1,4,1,0
5561,3,61.91046746848879,66.95794229669353,0,6,1,0
5562,3,55.34923894034404,35.37027291959484,0,4,1,0
5563,3,38.386505821858314,43.59667929999748,0,6,0,0
5564,3,43.187506169791696,46.895069298726966,0,6,1,0
5565,3,47.02337658555068,62.22675537434084,0,6,1,0
5566,3,45.257977068284895,44.97739218270043,0,3,1,0
5567,3,63.779179746743765,69.89601884851504,0,7,1,0
5568,3,49.85339869359646,53.90062163208697,0,4,1,0
5569,3,53.82493576355399,52.939629382142115,0,3,1,0
5570,3,54.227641725987574,51.75039993929074,0,5,1,0
5571,3,47.20292802190994,49.343896543252974,0,4,0,0
5572,3,35.988384211481716,46.04419618275667,0,8,1,0
5573,3,36.55786199528525,27.82984051250083,0,6,0,0
5574,3,38.75385210707089,38.35993007823756,0,3,1,0
5575,3,70.5401178755467,66.82840366012638,0,7,1,0
5576,3,45.27149836885246,37.27292276844004,0,3,0,0
5577,3,0.0,42.26641607293672,0,5,1,0
5578,3,34.54943094925307,43.38770385740504,0,4,0,0
5579,3,42.598776693252546,54.87444548729222,0,10,1,0
5580,3,0.0,48.73845979689528,0,9,1,0
5581,3,65.14232302814997,55.82868957096063,0,4,1,0
5582,3,53.57258898533139,68.54086863223161,0,9,1,0
5583,3,39.10437825387866,23.839494180866623,0,3,1,0
5584,3,52.61708715513601,57.72565055253835,0,7,1,0
5585,3,63.384367111605705,52.147278962187244,0,4,1,0
5586,3,54.01323169831921,49.71500631110833,0,8,1,0
5587,3,29.949329515140565,48.04583725465483,0,11,0,0
5588,3,40.78380677120204,44.77502887534838,0,5,1,0
5589,3,33.2138616867088,30.222290901018837,0,6,1,0
5590,3,56.170709854250845,71.44732263736182,0,6,0,0
5591,3,54.40663009235372,58.436947853557754,0,4,1,0
5592,3,4.582631203338416,49.127569075206914,0,6,1,0
5593,3,29.08458970212488,37.11774189370911,0,5,1,0
5594,3,32.68837616048345,39.78718813425855,0,4,0,0
5595,3,59.7377513122912,49.97363796735608,0,3,0,0
5596,3,26.238147547520665,35.66330000680994,0,7,0,0
5597,3,41.49751794020352,32.239750117709825,0,5,0,0
5598,3,67.35434550447275,54.69248354025127,0,2,1,0
5599,3,70.06640893106682,51.95136135786849,0,3,1,0
5600,3,37.372467156617056,43.48789972653407,0,6,1,0
5601,3,35.48211811738752,31.895420581598987,0,3,1,0
5602,3,36.37351873076989,23.975035616711907,0,2,1,0
5603,3,41.45744913234699,48.774263445800926,0,7,0,0
5604,3,39.5626695995358,31.39885316093727,0,2,1,0
5605,3,42.41379891634614,36.38967456024997,0,6,1,0
5606,3,52.22842956509711,58.90080080190453,0,3,0,0
5607,3,50.12580001063791,50.48602758689538,0,5,1,0
5608,3,55.00407679072648,48.12645673546426,0,2,1,0
5609,3,34.66623123040364,53.02413853416664,0,7,0,0
5610,3,55.09398326002446,52.426444871745744,0,5,1,0
5611,3,58.80624727745443,49.39299882726535,0,6,1,0
5612,3,55.71412871545372,43.9211809913488,0,6,1,0
5613,3,23.764754187314953,47.637306251829656,0,4,1,0
5614,3,29.159308891176735,26.707279149081852,0,5,1,0
5615,3,44.304584377225645,52.4016591121797,0,4,1,0
5616,3,85.22849975863484,74.47681222561569,1,6,1,0
5617,3,52.34579865493334,48.124815288010545,0,5,1,0
5618,3,59.433905521435406,72.26659701201748,0,12,0,1
5619,3,64.5861832869089,57.633490295724926,0,4,1,0
5620,3,63.41538999304225,74.37112649639342,0,8,1,0
5621,3,55.02924112517599,44.817415701401764,0,7,1,0
5622,3,40.632531191066725,36.98717036135686,0,6,0,0
5623,3,53.38894761460979,35.783063623587914,0,4,1,0
5624,3,29.61093719366629,27.023604454226064,0,5,1,0
5625,3,36.990894909133736,40.943682157832505,0,4,0,0
5626,3,28.663304359053186,26.15253300628676,0,4,1,0
5627,3,76.63305042513929,79.4194504563804,1,7,1,0
5628,3,44.207162085746496,57.90386201125193,0,6,0,0
5629,3,21.56492328811157,36.71097081900256,0,7,1,0
5630,3,49.282461972688395,40.2626291308563,0,5,1,0
5631,3,69.54809895917721,67.35487295439232,0,6,0,0
5632,3,45.51376611949747,55.3572749534827,0,6,1,0
5633,3,41.67321849766376,41.81130338792988,0,5,1,0
5634,3,55.860632081456764,55.87576778772642,0,3,1,0
5635,3,30.101226742104313,31.34400301511323,0,9,1,0
5636,3,52.55490836033879,52.46305912212676,0,4,1,0
5637,3,51.22000796521879,55.82774025698399,0,9,1,0
5638,3,61.90537684380669,56.223238332587314,0,6,1,0
5639,3,41.95029464142697,41.75689733668885,0,3,1,0
5640,3,56.41156253751173,46.006972224969786,0,5,1,0
5641,3,63.10391530559791,67.82040529588043,0,5,0,0
5642,3,73.81950660420927,63.73485070779918,1,3,0,0
5643,3,48.97695108074766,39.60956397379998,0,6,1,0
5644,2,38.80296167117224,31.73300919659822,0,8,1,0
5645,2,68.15034977694935,58.10705114180173,1,7,1,0
5646,3,54.13140675740422,58.191390392671956,0,3,0,0
5647,3,64.90189690159214,73.39513545473416,0,4,1,1
5648,3,27.69570096536774,28.01669911744482,0,6,1,0
5649,3,33.19773912949132,38.38958660495485,0,4,1,0
5650,3,76.69866558003302,64.0001574280387,1,5,1,0
5651,3,55.87369634127524,58.55160564161037,0,7,0,0
5652,3,60.41356469879991,52.04685690019756,0,5,1,0
5653,3,39.84722628104467,39.960144869429435,0,8,0,0
5654,3,36.63346017853126,40.2400453133154,0,1,1,0
5655,3,74.84534267427918,55.609696885954605,1,2,1,0
5656,3,60.64298833484383,56.68146207938434,0,5,0,0
5657,3,54.23951833766737,43.99802942104924,0,5,1,0
5658,3,4.900047217130123,51.2556648216209,0,8,1,0
5659,3,49.93227604719519,21.220251142312918,0,1,0,0
5660,3,38.16924901314925,51.55423122942702,0,4,0,0
5661,3,42.5108274183233,53.503841727067446,0,6,0,0
5662,3,63.86674222100553,57.264732917202416,0,6,1,0
5663,3,52.17483642554073,60.37356848198556,0,7,0,0
5664,3,57.656195609534315,56.565414010893356,0,3,1,0
5665,3,42.13064139451516,43.123922721313654,0,3,1,0
5666,3,59.27394660146771,62.27682356906387,0,8,1,0
5667,3,33.85232143960829,35.35021442979546,0,5,0,0
5668,3,52.32940997479981,46.56249819037276,0,5,0,0
5669,3,54.069134375716324,42.439906230235756,0,3,0,0
5670,3,38.892181267705,33.85036268862136,0,8,1,0
5671,3,52.336115784103676,40.6592712487381,0,5,1,0
5672,3,56.27101243980836,53.37074123749189,0,5,0,0
5673,3,52.25532893667073,67.32682576206828,0,10,1,0
5674,3,39.04850826070606,18.54165733892367,0,1,1,0
5675,3,36.347902780015716,35.216121830778704,0,1,1,0
5676,3,47.50160340888415,42.18695552024676,0,2,0,0
5677,3,90.11545688449254,70.90780754883566,1,4,1,0
5678,3,61.21121713042204,37.34095482444688,0,3,1,0
5679,3,31.98859265595483,37.666787480335614,0,2,0,0
5680,3,44.534467187409184,30.264511063330424,0,3,0,0
5681,3,37.43121258331232,42.22631969817984,0,5,0,0
5682,3,41.616315847487414,42.37218920905663,0,5,0,0
5683,3,78.83803235337561,71.27576004842086,1,6,1,0
5684,3,53.76837162260146,44.84837718702983,0,2,1,0
5685,3,71.42739535884292,68.49205685521996,1,6,1,0
5686,3,70.67386521934831,53.95834135640641,0,6,0,0
5687,3,76.0001413069263,61.578077759272766,1,2,0,0
5688,3,5.557352741852938,22.915953919872504,0,7,0,0
5689,3,62.301115823008196,52.50683116139855,0,3,0,0
5690,3,58.470230649350036,53.432188364999476,0,2,0,0
5691,3,51.66249644039306,37.0737758170999,0,5,1,0
5692,3,53.47943915139348,40.74270979116525,0,5,1,0
5693,3,39.49311600337678,32.25826012397733,0,4,0,0
5694,3,52.45823212279076,43.089913027229414,0,4,1,0
5695,3,49.158735653432295,33.83860848425695,0,2,1,0
5696,3,70.42635212536209,65.63965149099072,0,6,1,0
5697,3,98.52551799831336,58.207516267626616,0,3,1,0
5698,3,61.89473479772045,60.62545047785463,0,4,1,0
5699,3,64.49856617580397,55.707141383676046,0,3,1,0
5700,3,65.58030199429727,47.57022656641442,0,4,1,0
5701,3,0.0,42.8053379591519,0,4,0,0
5702,3,54.14316032712091,48.099694271004736,0,2,1,0
5703,3,69.00130557974943,55.80816727681446,0,2,0,0
5704,3,13.129961156522207,39.1350936983254,0,5,0,0
5705,3,24.180154322636284,30.40702936182027,0,4,1,0
5706,3,50.0765087006841,59.087221465432215,0,5,0,0
5707,3,78.54247294629617,68.60291904145488,1,10,0,0
5708,3,79.45915192015931,63.634611662551904,0,5,0,0
5709,3,61.385409326775196,50.16805362011085,0,6,1,0
5710,3,53.89208078228129,65.27399691429021,0,9,0,0
5711,3,37.87561611227195,40.39587307533321,0,11,1,0
5712,3,44.623199764432314,51.15022949230359,0,1,1,0
5713,3,68.40713028417986,68.33471809362709,0,3,1,0
5714,3,38.255392797953846,53.470230997942394,0,5,1,0
5715,3,48.53116676249386,54.02891395455452,0,5,0,0
5716,3,37.50070578238094,48.33560779682261,0,8,0,0
5717,3,39.00446883819248,39.14064740649369,0,7,1,0
5718,3,51.7007385999162,59.83305321637218,0,4,1,0
5719,3,50.31511254713418,46.08844242804114,0,5,1,0
5720,3,56.364517029136174,42.0006083530809,0,4,1,0
5721,3,35.107158132321175,28.22563791686985,0,4,0,0
5722,3,37.49307184917083,33.01426342423778,0,5,0,0
5723,3,58.89829171210148,58.97239071109236,0,5,1,0
5724,3,67.11271354931952,52.09310499347436,0,5,1,0
5725,3,53.829028335727465,51.57626928913427,0,2,1,0
5726,3,50.44062471600873,43.94900747292379,0,2,1,0
5727,3,86.08774766351827,83.84695942154379,1,9,1,1
5728,3,58.65062234838106,46.787420739446155,0,6,1,0
5729,3,42.34787070826274,30.588943604132698,0,3,1,0
5730,3,100.0,59.4877413802304,0,7,1,0
5731,3,45.17392557659639,47.778469597225914,0,5,0,0
5732,3,32.99816432776516,36.064950891525136,0,4,1,0
5733,3,36.663604604819525,40.98484529397065,0,6,0,0
5734,3,63.29002939026206,67.1001552970421,0,7,0,0
5735,3,38.45128636299768,53.91158479144539,0,8,0,0
5736,3,40.70268880583514,39.288522749698956,0,6,1,0
5737,3,70.01504326492308,50.84882424528505,0,2,1,0
5738,3,44.19589305049707,39.81240376855584,0,1,0,0
5739,3,85.64354134465736,78.69259830635777,1,7,1,0
5740,3,44.295776263839045,43.33127688110246,0,4,1,0
5741,3,68.01200454786316,46.8364417608611,0,4,1,0
5742,3,49.80737012676421,50.468086669845675,0,4,1,0
5743,3,73.76070601925454,71.23604924620348,0,3,0,0
5744,3,49.43661449448941,52.49708052317925,0,5,1,0
5745,3,31.210192641650366,41.129909992247384,0,8,0,0
5746,3,52.90782408292586,34.08361938448976,0,2,0,0
5747,3,60.950513620225195,62.03747319672919,0,5,1,0
5748,3,42.517594604992745,41.17570897877672,0,3,1,0
5749,3,49.57654073967256,34.059481227252626,0,4,0,0
5750,3,60.90469078876784,55.801458577052884,0,3,1,0
5751,3,74.85469516935883,73.90262977627935,0,4,0,0
5752,3,57.49710298650425,67.9570588037311,0,8,1,0
5753,3,58.01230531146215,52.75285274531107,0,5,1,0
5754,3,58.5161902357496,41.644018755825066,0,1,1,0
5755,3,44.76002209914614,54.58374622849906,0,3,0,0
5756,3,72.11476563464444,70.63496644895875,0,11,0,0
5757,3,11.528204916569518,24.487039112519863,0,4,0,0
5758,3,47.75196044626154,58.22352812575576,0,8,1,0
5759,3,49.78212201495628,46.12779594459818,0,7,1,0
5760,3,52.29287514318066,39.4058757655775,0,3,1,0
5761,3,32.0698195058709,54.368629490544386,0,7,1,0
5762,3,53.57884570921744,60.068480548307846,0,5,1,0
5763,3,42.518167618790194,45.397720736056996,0,8,0,0
5764,3,42.351872590325044,44.924163541687754,0,12,0,0
5765,3,36.520636585552616,37.06260724974119,0,6,0,0
5766,3,59.19671376050181,50.14957820001682,0,7,1,0
5767,3,44.27612626738542,28.630431845887195,0,0,1,0
5768,3,51.419729673588655,42.73723022860683,0,6,0,0
5769,3,50.441495706516825,47.576499401945355,0,5,1,0
5770,3,33.06043777724112,41.31319812629198,0,8,0,0
5771,3,83.54003946762025,59.71469005223973,1,2,1,0
5772,3,47.543356969371146,49.95239856940985,0,6,1,0
5773,3,64.00044409985045,52.77399943764922,0,4,0,0
5774,2,57.66548004852966,56.240136285234,1,2,1,0
5775,3,55.91972994794357,72.69941837574568,0,8,0,0
5776,3,45.39395221753853,38.15962783129162,0,4,1,0
5777,3,33.312644796039486,48.60986119169159,0,6,0,0
5778,3,47.69813398703325,57.21358796617604,0,4,0,0
5779,3,60.26072548316516,46.68225403590633,0,5,1,0
5780,3,46.54969385134433,37.63311436081639,0,4,1,0
5781,3,47.59931763340055,39.45909259716422,0,4,1,0
5782,3,37.79419085904874,49.902317670592964,0,5,1,0
5783,3,64.30899600384126,77.62543991745426,0,10,1,0
5784,3,44.55376953903016,46.9184200123751,0,5,1,0
5785,3,52.8934545373912,48.62511412891159,0,8,0,0
5786,3,74.7728413287408,54.97973020351367,1,4,1,0
5787,3,47.47785175095723,52.39534263639546,0,7,1,0
5788,3,43.872277007571654,49.41274966210999,0,5,0,0
5789,3,61.64402226883356,57.732617137179446,0,5,1,0
5790,3,60.673443816332686,35.51041346717581,0,0,1,0
5791,3,63.433501288413716,46.184395536088346,0,4,1,0
5792,3,55.754556513626156,40.64124320447637,0,3,1,0
5793,3,67.15287457191987,46.5846808509126,0,3,1,0
5794,3,64.5077904031216,47.764071531606795,0,5,1,0
5795,3,24.959599823259545,34.961293136460014,0,6,0,0
5796,3,32.79162221920441,36.388305080395966,0,2,0,0
5797,3,31.2647709050426,21.524977744841724,0,5,1,0
5798,3,76.11683491390005,57.005497147575035,1,4,1,0
5799,3,51.30574518369448,53.8878671477731,0,1,0,0
5800,3,59.62091104657266,55.91469059491518,0,0,1,0
5801,3,53.547096825800644,57.51257936398169,0,11,0,0
5802,3,70.32868386784286,59.280100005575875,0,6,1,0
5803,3,25.76905484287867,33.426201532141235,0,7,0,0
5804,3,74.10617796420689,51.72280367242536,0,2,0,0
5805,3,42.3686685649655,43.20581931590746,0,4,1,0
5806,3,56.083568046927816,61.34003708754662,0,5,1,0
5807,3,34.15144275686746,34.11584684313198,0,2,1,0
5808,3,51.82268708945282,51.16729171229536,0,8,1,0
5809,3,41.03956144975277,45.54260767209726,0,7,1,0
5810,3,59.61372985273697,53.12712278384915,0,6,0,0
5811,3,50.264244353549174,35.27247822253357,0,2,1,0
5812,3,69.9555570290108,53.288010350901665,1,4,1,0
5813,2,44.03687301227423,43.79081398303599,0,3,0,0
5814,3,46.44915587004275,54.506314746883234,0,4,0,0
5815,3,35.13365928800833,44.756876315719275,0,6,1,0
5816,3,52.70725158833751,36.185884132100654,0,3,1,0
5817,3,46.490701020684625,53.92714395491856,0,8,1,0
5818,3,63.8550721394717,57.28191194330748,0,4,1,0
5819,3,31.070171944818583,34.86356702713891,0,4,0,0
5820,3,36.432785385091044,52.585002962293046,0,4,0,0
5821,3,60.83829745656613,51.50482281442914,0,7,0,0
5822,3,35.57954792765275,39.446736842553975,0,2,1,0
5823,3,68.4977533264829,50.8676917773835,0,6,0,0
5824,3,26.64676526905344,34.809903632604055,0,3,0,0
5825,3,54.14492987541378,60.182065295929696,0,8,1,0
5826,3,54.17419392732214,47.170784845962956,0,6,0,0
5827,3,21.9019538898612,31.267016463741633,0,5,1,0
5828,3,20.06524486735641,11.624805383582087,0,3,0,0
5829,3,22.73219703447277,21.777644257298206,0,5,1,0
5830,3,55.25779257294436,37.42324918054191,0,3,1,0
5831,3,50.21352659147716,42.086204522850295,0,5,1,0
5832,3,70.62924371905619,69.90548503348742,0,7,1,0
5833,3,56.95100873508707,40.926378922684165,0,5,0,0
5834,3,39.7519221638526,44.87264000939994,0,6,1,0
5835,3,45.34893609873412,41.316670856570354,0,7,1,0
5836,3,58.449978316332434,60.30346163054091,0,2,1,0
5837,3,51.678023972213936,58.476089490846846,0,7,1,0
5838,3,73.3233276511457,46.780415224070794,0,4,1,0
5839,3,47.75253822539214,39.9369794530222,0,7,0,0
5840,3,43.51152528843493,29.26098727228406,0,3,0,0
5841,3,61.023164335392444,54.700253901713154,0,6,0,0
5842,3,44.30222101625448,45.20268355190466,0,4,1,0
5843,3,44.87294349874139,35.64069722346989,0,2,1,0
5844,3,85.13072219629947,68.27101954592428,1,3,0,0
5845,3,63.957666609249806,56.831395753728394,0,4,1,0
5846,3,57.61858304633989,62.598397836260446,0,4,0,0
5847,3,49.95065499420159,50.87390012949439,0,5,0,0
5848,3,27.579415931843887,42.9767340510086,0,8,1,0
5849,3,24.004601260484772,19.70207951340533,0,2,1,0
5850,3,24.544927700788516,20.707663671693712,0,6,0,0
5851,3,64.72567873624389,59.05185164714575,0,4,1,0
5852,3,58.79918743083774,64.43871505252785,0,8,0,0
5853,3,31.953321032990374,31.370282255092548,0,4,1,0
5854,3,45.855608692943555,47.14448172336012,0,1,0,0
5855,3,16.956161432803118,20.293952859739548,0,2,0,0
5856,3,63.12910113754032,65.57164394738945,0,4,0,0
5857,3,65.9825525487514,44.50017207306592,0,3,1,0
5858,3,43.90021365144996,21.234499898367602,0,2,0,0
5859,3,42.98160899181936,49.75285165393721,0,7,1,0
5860,3,50.92887081537639,50.311518894300065,0,3,0,0
5861,3,48.101739934487384,43.704676374482744,0,1,0,0
5862,3,50.088697147367526,46.72267436700147,0,3,0,0
5863,3,18.65251749882784,48.70360315094497,0,9,0,0
5864,3,65.1648934637545,54.013980385312095,0,4,0,0
5865,3,30.37744321329027,23.396038671598234,0,3,1,0
5866,3,42.51187872839851,35.036355036164636,0,6,1,0
5867,3,56.18088851454852,55.32449040909904,0,3,0,0
5868,3,29.680614640652603,35.66133767551625,0,5,0,0
5869,3,0.0,21.874312807954826,0,2,1,0
5870,3,38.22501861517623,39.38568675048283,0,9,1,0
5871,3,41.308303741915886,37.45331705886717,0,2,1,0
5872,3,52.44998368298995,55.30588121197378,0,7,0,0
5873,3,39.08701944618387,29.341077373999454,0,2,1,0
5874,3,48.257462457213876,34.14417052638182,0,7,1,0
5875,3,45.27375453932341,50.40401620994985,0,6,1,0
5876,3,70.42125146596727,73.8400398908394,0,6,0,0
5877,3,55.52040199121516,47.56523605662583,0,4,1,0
5878,3,43.60088774739926,45.25467603618466,0,2,0,0
5879,3,20.886742515475603,25.34390018910585,0,6,1,0
5880,3,36.06158406450175,44.40943728440203,0,7,1,0
5881,3,45.132121092730564,37.084658577417464,0,8,0,0
5882,3,57.12833019716226,63.926524709269515,0,5,0,0
5883,3,49.52868190147785,71.21447404185218,0,10,0,0
5884,3,40.59870389029068,31.58600925183961,0,3,0,0
5885,3,26.879195961295803,28.979243106243615,0,8,0,0
5886,3,46.9159805526061,39.153877300590246,0,5,1,0
5887,3,43.32927286400107,33.84731600179168,0,7,1,0
5888,3,100.0,53.885339431504136,0,0,1,0
5889,3,65.02735547418933,45.432685986644,0,7,1,0
5890,3,47.369283753809285,31.95643618158745,0,3,1,0
5891,3,62.47942774832831,67.24131016907049,0,8,1,0
5892,3,55.13550408351047,37.39456467604821,0,2,1,0
5893,3,62.485332939353434,46.19213614986852,0,5,0,0
5894,3,30.850609797093178,28.469418904129462,0,6,0,0
5895,3,72.13912372636116,60.35917020555831,0,7,0,0
5896,3,35.255941906168054,35.42914437640923,0,3,0,0
5897,3,36.63497094846947,48.877910190786466,0,8,1,0
5898,3,38.304140112002656,38.426902909209346,0,6,1,0
5899,3,33.46144486441672,35.306191528122866,0,8,1,0
5900,3,29.628552113800694,27.184496355938126,0,5,1,0
5901,3,5.8072848547241245,27.74758797775455,0,8,1,0
5902,3,43.73871045398434,38.37429814764923,0,4,1,0
5903,3,68.91257021966618,60.25225246697508,0,2,1,0
5904,3,63.62621408765635,55.738939519818594,0,8,1,0
5905,3,49.25946682529003,41.94652654802705,0,1,1,0
5906,3,50.565718105528966,52.52236411558884,0,7,0,0
5907,3,22.164972437167737,38.7535718574882,0,8,0,0
5908,2,30.155746349662543,43.27810309078745,0,8,1,0
5909,3,51.764440416411944,51.28573740574879,0,5,1,0
5910,3,76.32064466030884,65.63291602158579,1,4,0,0
5911,3,21.52843031786572,26.678431454502643,0,6,0,0
5912,3,18.962694700291216,27.586811712190777,0,4,1,0
5913,3,65.25381991255435,53.70131503377604,0,3,0,0
5914,2,43.184775789576896,47.481815232748936,0,2,0,0
5915,3,69.5467707474948,52.14042349026357,0,6,1,0
5916,3,66.18814922945928,45.893116129182324,0,5,1,0
5917,3,51.401659117917575,44.730264557738266,0,7,1,0
5918,3,59.84069489322657,58.63193008779089,0,5,1,0
5919,3,45.1772788110945,46.78592754608321,0,9,1,0
5920,3,26.818134026610874,42.41110412464698,0,8,1,0
5921,3,53.1430069310427,52.05681975895905,0,6,1,0
5922,3,43.0995718500141,24.1132639865351,0,3,1,0
5923,3,57.61354493322778,62.70948642503069,0,5,1,0
5924,3,60.43574872705697,50.34543855920189,0,6,0,0
5925,3,37.9177011112918,47.76701172116481,0,6,1,0
5926,3,50.326345179643845,33.68021011782604,0,4,1,0
5927,3,59.97721032867605,44.87595846086192,0,2,0,0
5928,3,66.52354166146837,60.4963319872647,0,6,0,0
5929,3,22.798046428331276,41.91537622827537,0,10,1,0
5930,3,66.14348047998051,65.14642483268615,0,10,1,0
5931,3,63.88016867002456,49.566444064974654,0,4,1,0
5932,3,35.390651529920305,48.922580380571475,0,6,1,0
5933,3,27.250054727880123,55.25325285482254,0,7,1,0
5934,3,63.735507001599316,51.752185806327795,0,3,1,0
5935,2,24.204549145141343,27.489328436315787,0,8,1,0
5936,3,70.50980700313562,51.11315737817315,0,5,1,0
5937,3,57.514868992334954,59.51045343810279,0,7,1,0
5938,3,59.13063392278404,37.89174586147165,0,5,1,0
5939,3,39.18934702714039,48.72052520018516,0,5,1,0
5940,3,60.56755225525741,52.00728089839819,0,4,0,0
5941,3,52.91271533695386,39.89402222246521,0,4,1,0
5942,3,39.719524026099485,35.618490887295685,0,5,0,0
5943,3,27.189502808432195,28.37274034849822,0,2,1,0
5944,3,57.33663403045226,49.1776319959134,0,2,1,0
5945,2,23.505423436972066,29.720986322004986,0,4,0,0
5946,3,62.65886686487493,48.779069332753146,0,5,1,0
5947,3,59.930511509608706,65.06258958200985,0,9,1,0
5948,3,56.18069739035634,48.58610776786021,0,7,1,0
5949,3,0.0,45.94402054375365,0,8,1,0
5950,3,66.94923449147032,48.96535117082977,0,4,1,0
5951,3,52.82177944272339,63.04605676187985,0,10,1,0
5952,3,55.07096368009281,51.097120354989755,0,2,1,0
5953,3,65.27840508984569,43.251585805551564,0,3,1,0
5954,3,32.38242645829122,26.509488165691344,0,4,1,0
5955,3,54.04946375449789,66.17553396051348,0,7,1,0
5956,3,69.50634792949293,55.08997227984643,0,2,1,0
5957,3,63.240687407299056,63.85331492671402,0,6,1,0
5958,3,46.68927802592113,49.67012837637008,0,6,0,0
5959,3,90.05316346472462,87.63220526583224,1,3,1,1
5960,3,45.06724580806026,35.558381751906076,0,3,0,0
5961,3,74.15106868490757,84.21646179140271,1,10,1,1
5962,3,54.66006165404363,47.75188346433781,0,4,1,0
5963,3,50.72933878972683,55.5965172530352,0,5,0,0
5964,3,54.35262787850255,46.37773976282291,0,7,1,0
5965,3,58.403877868225834,63.45640782308436,0,4,0,0
5966,3,37.31927827803398,30.258022957556726,0,3,0,0
5967,3,34.71208264706953,27.434543774233923,0,6,1,0
5968,3,62.15471786918012,63.89703901961861,0,5,1,0
5969,3,79.29834605590752,47.82354835647345,1,3,1,0
5970,3,59.45135034773188,37.76017963006784,0,2,1,0
5971,3,66.14222709584189,67.96174723365937,0,6,1,0
5972,3,53.234436663290175,48.10241652874064,0,4,0,0
5973,3,36.363058012540954,9.574181629507827,0,3,1,0
5974,3,27.185080067830647,23.75137454954888,0,6,1,0
5975,3,45.61902512073668,39.92589220219809,0,4,1,0
5976,3,60.9239026596997,60.35257515668555,0,6,0,0
5977,3,46.237149074704256,44.22157279863557,0,3,1,0
5978,3,49.37200585687824,47.75805382270368,0,8,1,0
5979,3,31.56618370353545,44.6649872728236,0,4,1,0
5980,3,40.51188556787649,44.35285688726237,0,6,0,0
5981,3,37.04896261557706,43.81626748454557,0,4,0,0
5982,2,80.67852810435106,57.617379574351034,1,4,1,0
5983,3,100.0,40.05694132535547,0,3,1,0
5984,3,20.725188852832368,32.068012446988554,0,7,1,0
5985,3,67.77917236392196,41.189898619895686,1,2,1,0
5986,3,70.05254740685189,62.81500923691031,0,8,1,0
5987,3,73.17131408965717,59.5591704021914,0,2,1,0
5988,3,36.701560816180354,41.64979663190485,0,5,0,0
5989,3,56.8397165552689,40.371090282042346,0,5,1,0
5990,3,54.820591838377844,52.789897701105964,0,11,0,0
5991,3,58.22576989641429,41.238953222821,0,2,1,0
5992,3,55.168074940210744,37.10070480972648,0,4,1,0
5993,3,25.000019298079295,50.56196247614834,0,13,0,0
5994,3,57.77062956520214,42.87044082544282,0,3,1,0
5995,3,77.58813714653513,66.64972546916434,1,3,0,0
5996,3,77.14218888384686,69.35350957156166,1,9,1,0
5997,3,57.44588029878239,43.124205080992795,0,2,1,0
5998,3,39.91939550763625,48.322065831772285,0,3,0,0
5999,3,35.268605907379936,40.01480020314461,0,2,1,0
6000,3,21.662130938186092,19.454557922386865,0,5,1,0
6001,3,64.76201109796986,46.44270773617416,0,6,0,0
6002,3,100.0,64.12628084204016,1,5,0,1
6003,3,62.99519734221695,39.43933227905167,0,2,1,0
6004,2,27.53141539789399,35.103654821391004,0,0,1,0
6005,3,39.204361984422185,42.761028010216336,0,7,1,0
6006,3,52.55359747737955,49.60743653153011,0,4,1,0
6007,3,42.390116451077645,32.18616102660426,0,3,0,0
6008,3,47.69827545915171,28.66753722606458,0,4,1,0
6009,3,38.77958080976216,42.82493318907866,0,2,0,0
6010,3,63.70863146545811,51.02830900816971,0,1,1,0
6011,3,60.01657885957391,52.61411374671177,0,3,1,0
6012,3,55.281000970025545,48.270309558499186,0,8,1,0
6013,3,66.38675055664899,42.25067624942962,0,5,1,0
6014,3,21.11006092426515,43.018808717604884,0,9,1,0
6015,3,57.887327674704174,47.58809704316926,0,4,1,0
6016,3,47.59187301132153,47.11909072344311,0,5,0,0
6017,3,39.95692947717952,33.120168141996686,0,2,1,0
6018,3,27.910121791412678,36.0867136768685,0,5,0,0
6019,3,23.92318123642635,37.790393481448795,0,6,1,0
6020,3,37.946292807105905,36.67215716641724,0,1,0,0
6021,3,47.71514497899148,61.53550100887439,0,3,0,0
6022,3,59.062812614107706,43.51191329843762,0,7,1,0
6023,3,23.777887074016313,26.83848442555059,0,8,1,0
6024,3,57.78311647032567,37.951103024732184,0,2,1,0
6025,2,49.54163116612835,41.685571823810754,0,6,1,0
6026,3,48.432439815408706,53.2824249004602,0,2,1,0
6027,3,44.93444284677435,39.78638986272401,0,2,1,0
6028,3,33.38023138329762,22.770847881951386,0,1,0,0
6029,3,73.40979488810427,52.843426346864646,1,5,1,0
6030,3,65.6064965303911,59.43353221087504,0,5,1,0
6031,3,26.549822103805894,38.23072490198426,0,7,1,0
6032,3,52.102553738088154,47.96335962752185,0,7,1,0
6033,3,47.1015186435407,41.85517738263972,0,5,1,0
6034,3,50.65353092971046,41.81219564998352,0,7,1,0
6035,3,35.49034996572942,30.875808813732547,0,1,1,0
6036,3,47.72839434112197,64.13585534199308,0,7,0,0
6037,3,52.5825385539702,40.9419606096681,0,3,1,0
6038,3,60.01581126880801,46.41422356787555,0,0,1,0
6039,3,67.4241839526227,57.324926325750546,0,5,1,0
6040,3,40.56973470666659,41.91360244558506,0,5,0,0
6041,3,54.61125035882498,31.31098077169882,0,4,0,0
6042,3,31.273787389306484,37.77475922512136,0,4,1,0
6043,3,52.17769388835603,53.227314404768556,0,6,0,0
6044,3,73.89667114210114,70.03669863616759,1,9,0,0
6045,3,65.53967220957047,40.70889104733915,0,0,1,0
6046,3,75.2391759521809,67.45563594582043,1,3,0,0
6047,3,93.36558871973968,54.93520831308179,0,4,1,0
6048,3,75.72452122007533,54.41754607978844,0,1,1,0
6049,3,25.918923543859197,18.48675615638838,0,8,1,0
6050,3,39.77681427749821,33.20591843534917,0,8,1,0
6051,3,82.28516131556432,81.25850742656073,0,6,0,0
6052,3,45.93125275214035,45.22312838709342,0,3,1,0
6053,3,52.8158991595593,67.89609772114147,0,7,0,0
6054,3,56.621072020039044,58.204384915806635,0,4,1,0
6055,3,54.50280626958845,65.08440877525852,0,3,0,0
6056,3,18.734313749388097,16.529271233952805,0,3,1,0
6057,3,34.987882980547596,42.46672472202963,0,8,1,0
6058,3,44.57578295776993,36.25847916583006,0,5,1,0
6059,3,48.38473760087464,49.697248209367906,0,6,0,0
6060,3,56.822646548457335,50.530698386628856,0,1,1,0
6061,3,44.107535666304834,47.673471870201205,0,5,0,0
6062,3,63.15444158316255,49.178324033767524,0,1,1,0
6063,3,43.53944091377406,47.00366414811707,0,6,0,0
6064,2,16.745211374510653,28.47272097479313,0,9,1,0
6065,3,67.2641810456735,41.4895619181142,1,4,1,0
6066,3,38.44076553358676,36.45942871470758,0,5,0,0
6067,3,46.69823094866363,53.68263089694922,0,7,0,0
6068,3,43.10028126353074,47.835661742088504,0,9,0,0
6069,3,70.82861164481376,65.46205596322868,1,7,1,0
6070,3,67.54778573759036,59.503963685307696,0,4,0,0
6071,3,55.165694565316244,52.1610060548001,0,6,1,0
6072,3,21.642614806388053,21.197465913453378,0,5,1,0
6073,3,49.40525558757764,29.23275759826629,0,3,0,0
6074,3,100.0,37.82081299750146,0,5,0,0
6075,3,44.84847721089022,36.43438804443013,0,4,1,0
6076,3,46.22716209259957,42.86625236355406,0,3,1,0
6077,3,32.48726905244936,37.26546028926405,0,7,0,0
6078,3,58.24033778039332,44.85713938428659,0,4,1,0
6079,3,67.2679895901133,56.26979083086698,0,7,1,0
6080,3,59.98014339268806,49.785424835451366,0,5,0,0
6081,3,41.56868407856554,31.94638387492027,0,4,1,0
6082,3,66.02586788071342,69.73636486398615,0,5,0,0
6083,3,38.3662772381471,41.5503419864319,0,3,0,0
6084,3,65.39133172666642,65.77162775014313,0,9,1,0
6085,3,66.63720496119628,67.08867634288161,0,7,1,0
6086,3,44.43292558580534,54.782919989323126,0,4,1,0
6087,3,23.17495573887389,18.438517277350076,0,4,1,0
6088,3,55.92954602689891,36.087808488629165,0,1,0,0
6089,3,66.36716712726081,67.1130181213694,0,8,0,0
6090,3,68.62922054656494,66.29133132963358,0,7,1,0
6091,3,32.12318490831096,51.18930812293267,0,8,1,0
6092,3,59.704844224053346,41.31093104426123,0,4,0,0
6093,3,57.52276226462253,61.11098894259823,0,3,1,0
6094,3,44.616133340122566,28.3116933233649,0,1,0,0
6095,3,46.13108595039404,48.8158763623797,0,4,1,0
6096,3,25.065524172846857,34.77017120427269,0,4,1,0
6097,3,61.6404058779794,48.84985534371715,0,6,1,0
6098,3,59.76627815824895,52.752765570457576,0,3,1,0
6099,3,16.13177459306812,23.118038981948708,0,4,1,0
6100,3,50.10586595370585,55.23640519367146,0,6,0,0
6101,3,35.70587035773912,25.430175971615096,0,2,1,0
6102,3,66.30489804355805,54.30368796774042,0,8,1,0
6103,3,0.0,56.32111316018381,0,7,0,0
6104,3,45.64180901054668,55.998901881066665,0,8,1,0
6105,3,33.99601166039226,25.01003572843075,0,4,1,0
6106,3,74.45895000139012,39.967510261023364,0,5,0,0
6107,3,59.74539692274878,54.07005677979119,0,3,0,0
6108,3,28.298149314028368,38.294499075836775,0,4,1,0
6109,3,38.73120888042627,43.23828206483183,0,6,1,0
6110,3,33.59111071158383,34.91096098926838,0,3,1,0
6111,3,26.25577246724857,25.478747042176145,0,3,1,0
6112,3,65.42399328763634,63.51158673860886,0,7,1,0
6113,3,64.68019151024724,67.1053594474166,0,5,1,0
6114,3,61.72319670721629,42.62226809648424,0,3,0,0
6115,3,39.38168457432284,48.29387837862719,0,3,0,0
6116,3,53.14202045121109,61.005814442089765,0,5,1,0
6117,3,56.096685801027775,41.391981387738745,0,3,1,0
6118,3,83.98981003436364,68.4493467878696,1,6,1,0
6119,3,76.85930975571705,83.62599746393649,1,9,0,1
6120,3,65.45818474969829,63.37651909094535,0,9,1,0
6121,3,32.388979764791856,47.08685421132906,0,7,0,0
6122,3,41.43147845351871,55.50741948177586,0,5,1,0
6123,3,19.070211046075663,36.463269384891646,0,2,1,0
6124,3,38.99272218280201,41.233418375901095,0,4,1,0
6125,3,66.01498999319871,49.98042685470587,0,8,1,0
6126,3,52.35110313128572,34.343148140807344,0,3,1,0
6127,3,47.79426102542965,46.604816524272614,0,6,1,0
6128,3,63.193919505928505,40.14786087707445,0,3,1,0
6129,3,67.18219971210867,64.47884028182312,0,7,1,0
6130,3,48.23001556377187,47.88782381415588,0,3,1,0
6131,3,46.94694533463452,50.00155421594448,0,6,1,0
6132,3,11.788319169368453,25.482793621039363,0,6,1,0
6133,3,44.45726160460794,49.07653520431414,0,8,1,0
6134,3,41.47498054110191,46.56893672394206,0,7,0,0
6135,3,41.43454118319507,36.672394404921945,0,3,1,0
6136,3,43.36426249422586,52.40696780430866,0,10,1,0
6137,3,74.44206208355499,58.952419324634214,1,4,1,0
6138,3,53.72702284515524,42.517167546615816,0,5,1,0
6139,3,51.73877876487677,58.35805905880079,0,12,1,0
6140,3,57.397163514117445,62.127149518254946,0,9,1,0
6141,3,42.43115387321201,38.62994357212755,0,8,0,0
6142,3,47.35201498260714,67.47729844421455,0,4,0,0
6143,3,52.63926238417683,60.077630988238624,0,3,0,0
6144,3,36.666031357462565,28.724281284412765,0,2,0,0
6145,3,17.784667458829976,44.14305771730456,0,5,0,0
6146,3,69.07411835215642,51.77504798421019,0,4,0,0
6147,3,50.20179532235849,48.4868690739858,0,4,0,0
6148,3,42.881785348481124,35.133748913182515,0,4,0,0
6149,3,57.152547813084,62.70027885200917,0,7,0,0
6150,3,30.371249839665083,40.24354869290165,0,8,1,0
6151,3,58.92698736966731,55.11708926719589,0,4,1,0
6152,3,0.0,38.69200231852915,0,4,1,0
6153,3,68.01401220027329,57.4778265637195,1,5,1,0
6154,3,52.113846877661736,53.38018506472721,0,9,1,0
6155,3,49.41694258149682,46.00654701288369,0,8,1,0
6156,3,45.62414884830991,38.402596762763835,0,4,1,0
6157,3,54.94872776451811,56.814955298246566,0,6,1,0
6158,3,70.69931047199385,73.69660699944205,1,5,1,0
6159,3,43.2457985195007,40.410675295547854,0,7,1,0
6160,3,72.83363428314688,54.565323112637024,0,6,0,0
6161,3,48.025685800623236,47.89554687240846,0,3,1,0
6162,3,23.06067291998028,14.915015079462272,0,3,0,0
6163,3,69.16163257300062,53.65247314938371,0,5,1,0
6164,3,68.75176645306958,56.8528660051329,0,3,1,0
6165,3,78.70724865862772,55.78315117712829,0,3,0,0
6166,3,23.397884389015953,40.713865456001365,0,8,0,0
6167,3,62.94941518168963,54.5350988626795,0,6,0,0
6168,3,40.163209069338635,38.55884805428221,0,3,0,0
6169,3,52.68696515002865,54.84949714693917,0,3,1,0
6170,3,43.8074975539555,40.65155592562774,0,4,0,0
6171,3,52.71592096518021,44.6636581437266,0,6,1,0
6172,3,81.98083247602642,58.48738288531818,0,4,1,0
6173,3,41.62010337075678,60.22213219370577,0,4,0,0
6174,3,41.79540102084322,53.088912208078746,0,9,1,0
6175,3,71.54789518977232,51.19367576485076,0,4,1,0
6176,3,44.2099563331595,32.779989026902435,0,4,1,0
6177,3,64.55811223651689,58.96635554107647,0,5,1,0
6178,3,98.8810974224657,41.47427016031032,0,5,1,0
6179,3,42.14732668945452,28.333610145934436,0,3,1,0
6180,3,69.61614657393537,54.10743726903407,0,1,0,0
6181,3,27.295688167504437,31.140679313656623,0,6,0,0
6182,3,45.56310094516925,34.64611604174433,0,4,1,0
6183,3,49.01280827397663,48.372022560321696,0,4,0,0
6184,3,16.182610657446478,31.738905595585745,0,5,1,0
6185,3,62.60067495463118,66.27876695675154,0,6,0,0
6186,3,76.32887311429151,79.40826169103856,1,5,1,0
6187,3,35.51613685354916,35.07554691188927,0,5,1,0
6188,3,56.992540302016046,74.22870733368919,0,8,0,0
6189,3,67.02109560043962,79.6041927064484,0,8,0,1
6190,3,55.23030545800276,56.340675814784305,0,6,1,0
6191,3,64.78042479164564,46.287572113754734,1,6,0,0
6192,3,69.61265371966799,71.26784589801841,0,8,1,0
6193,3,59.172747117482935,36.467955842183066,0,5,1,0
6194,3,58.00295748089927,37.175262672796464,0,1,0,0
6195,3,43.39245330288892,51.98949760706525,0,7,0,0
6196,3,49.999679894870276,52.88952143413385,0,6,0,0
6197,3,47.49094757955476,41.63900895364438,0,5,0,0
6198,3,57.466002908614904,51.93377293396999,0,4,1,0
6199,3,59.50855865362243,56.76164471642683,0,5,0,0
6200,3,47.2423332652808,52.46287560397462,0,5,1,0
6201,3,59.0345391224037,33.04598561151502,0,2,1,0
6202,3,52.867807799246364,46.84381771844724,0,7,1,0
6203,3,48.55098307933817,35.76615414300157,0,5,0,0
6204,3,47.246194116092006,42.00826950172721,0,3,0,0
6205,3,80.1569489585627,45.82207652553643,0,3,1,0
6206,3,10.244750576980625,10.11115420700821,0,3,1,0
6207,3,71.75304416628434,56.47848228187857,0,6,1,0
6208,3,0.0,25.39583803566573,0,4,1,0
6209,3,47.56430303718101,39.54707519788784,0,2,0,0
6210,3,23.89668203914196,39.216543439321974,0,6,1,0
6211,3,24.714307290432913,25.58781693890099,0,5,1,0
6212,3,34.87353212340622,54.42033197661503,0,4,1,0
6213,3,36.06404721377603,24.574437268963983,0,1,1,0
6214,3,69.35840301827395,46.38283384017292,0,2,0,0
6215,3,41.70615493174184,44.934515359950964,0,1,1,0
6216,3,52.972221360471835,49.50041200051232,0,9,1,0
6217,3,40.0111998413796,39.131112984948906,0,3,1,0
6218,3,50.769447589093645,53.531073112393194,0,4,1,0
6219,3,64.91244638989849,64.02816808377803,0,4,1,0
6220,3,55.7178823346556,50.48836870249772,0,3,1,0
6221,3,47.13342142414177,68.05842259270786,0,7,1,0
6222,3,36.740114899215875,33.486083641637194,0,6,1,0
6223,3,46.32693802914316,53.0600814618714,0,7,0,0
6224,3,62.56691169270334,72.24180003667882,0,7,1,0
6225,3,32.368673709512926,42.57897263670659,0,8,1,0
6226,3,37.99397364437363,41.90853555593286,0,5,1,0
6227,3,65.36078434323156,45.2286883816636,0,4,1,0
6228,3,55.656463737650085,71.5193295184281,0,6,1,0
6229,3,61.47099101530268,54.312846859649056,0,4,1,0
6230,3,53.16938018816717,42.7740682903224,0,6,0,0
6231,3,67.2014496273363,52.32136749463761,0,3,1,0
6232,3,71.97350961471261,53.419223539484605,0,6,1,0
6233,3,25.575225597911277,47.19837268769014,0,10,1,0
6234,3,43.69654564063706,35.90654816976219,0,5,0,0
6235,3,29.568935994985523,27.27152454781006,0,4,0,0
6236,3,56.57401607251878,41.64876511874265,0,7,1,0
6237,3,27.045607720167187,41.101922286188795,0,6,1,0
6238,3,53.40820651598496,35.26795099746119,0,3,1,0
6239,3,53.95081555539904,51.77054932821706,0,4,1,0
6240,3,41.86877522079908,38.8610962100974,0,2,1,0
6241,3,25.88121407376781,48.58480313174057,0,6,1,0
6242,3,59.65152958253799,61.205547669196314,0,5,1,0
6243,3,50.11598435359995,45.60276834059133,0,4,0,0
6244,3,66.44438778057675,63.10451818079547,0,4,1,0
6245,3,100.0,30.165832147754358,0,1,1,0
6246,3,61.916462015008314,45.13431720887035,0,4,1,0
6247,3,32.136835487632034,63.72279900891473,0,7,0,0
6248,3,37.904511741513176,57.70253730193125,0,6,1,0
6249,3,69.24119580091741,71.73638744474422,0,6,0,0
6250,3,0.0,37.94493146699891,0,4,1,0
6251,3,67.15045179372972,50.65530634463672,0,4,1,0
6252,3,46.96333621154327,19.296404086529485,0,0,1,0
6253,3,57.94976475783482,40.226885225922,0,5,1,0
6254,3,68.0500466844992,53.640437972366875,0,3,0,0
6255,3,64.70682070998612,40.98580495454631,0,2,0,0
6256,3,45.173230525324925,43.427194979960184,0,6,0,0
6257,3,74.87109822547367,54.5628729925819,0,2,1,0
6258,3,62.806649502372686,53.113502254025704,0,4,0,0
6259,3,26.630390176351913,10.432238260076938,0,2,1,0
6260,3,12.401786778815929,18.390901380810316,0,6,1,0
6261,3,49.39352712715247,52.70683760664434,0,5,1,0
6262,3,64.51815932572595,87.99162525347253,1,14,0,1
6263,3,32.508335716759156,60.95437262186415,0,7,0,0
6264,3,9.976890523407292,20.800143866962983,0,9,0,0
6265,3,75.41587311323515,71.68103173937371,0,3,1,0
6266,3,55.99821120048553,77.72777249403399,0,10,1,0
6267,3,62.62152106615548,49.63007738755654,0,3,1,0
6268,3,72.25168444530988,62.68116509601157,0,5,1,0
6269,3,64.83071925095526,30.92179577997281,0,3,0,0
6270,3,44.63875699277513,53.72612564422201,0,3,0,0
6271,3,50.92870228906957,51.45302285785822,0,5,1,0
6272,3,46.49205330018485,37.765422335090264,0,5,1,0
6273,3,47.48245711323357,39.8769661968198,0,6,1,0
6274,3,42.62319847124117,43.403206078987964,0,5,1,0
6275,3,58.84407297608823,41.93738629020351,0,6,1,0
6276,3,53.12916430771589,60.22657613823817,0,6,1,0
6277,3,55.02549255705084,55.67953275755466,0,5,1,0
6278,3,57.58354086788275,56.91897224848873,0,5,1,0
6279,3,68.55947588251648,55.04215004383933,0,4,0,0
6280,3,44.39068912021045,63.460807655081126,0,9,0,0
6281,3,69.4245287577267,66.50392988841115,0,8,0,0
6282,3,36.15941763298035,36.63045342759713,0,4,0,0
6283,3,48.0250593935214,65.75218613833069,0,7,1,0
6284,3,20.083944686276723,12.459709500517825,0,3,1,0
6285,3,56.59454956647032,37.06388080791733,0,4,1,0
6286,3,33.73403320476927,35.33716829720028,0,6,1,0
6287,3,63.81983731809169,48.65718105993368,0,3,1,0
6288,3,36.76713676732449,29.71662399974255,0,6,1,0
6289,3,59.02296711814092,49.45937190308545,0,4,0,0
6290,3,37.03532217570021,41.664924965691,0,5,1,0
6291,3,61.777631709286695,69.9167563322961,0,6,1,0
6292,3,55.08083796466229,60.084057944251306,0,8,1,0
6293,3,47.37851834597359,42.272817601912884,0,2,1,0
6294,3,77.93976555654504,70.60415829687452,1,2,1,0
6295,3,55.7518369471789,52.80505923975418,0,4,1,0
6296,3,64.17565622304097,37.40761042824756,0,4,1,0
6297,3,22.969350646329264,20.023780263095894,0,5,1,0
6298,3,42.92179493811243,36.55776766396069,0,7,0,0
6299,3,42.40643173702312,36.99338324905303,0,6,1,0
6300,3,19.83838779539126,17.094399347404067,0,4,1,0
6301,3,61.183616318136394,44.05395162474054,0,4,1,0
6302,3,57.31540928783202,57.60538753310588,0,6,1,0
6303,3,40.39256545210116,51.73481033133372,0,7,1,0
6304,3,58.824858512375336,50.4576688054056,0,0,1,0
6305,3,64.10849884848182,50.97709651693725,0,7,1,0
6306,3,2.316390971431702,25.47610370188474,0,4,0,0
6307,3,39.819299613010706,51.61993811446303,0,5,0,0
6308,3,49.945550430450176,52.5925943290954,0,2,0,0
6309,3,53.24465794100324,57.88854208081774,0,7,0,0
6310,3,27.446820437140776,31.79871114812896,0,3,1,0
6311,3,48.3667117326081,52.677562798704734,0,2,1,0
6312,3,54.80023545173333,44.543129831882084,0,7,1,0
6313,3,37.30794308638345,57.74728127024487,0,9,0,0
6314,3,52.50471800689058,39.575649789598316,0,2,1,0
6315,3,52.75765021558035,53.93628215789273,0,7,1,0
6316,3,47.814560260192344,46.81492913475616,0,6,1,0
6317,3,59.91545058833161,42.73924008843416,0,2,1,0
6318,3,60.33264430002112,67.00011197246121,0,10,1,0
6319,3,55.8151310811473,41.323478441175496,0,2,0,0
6320,3,61.848207165635735,56.8541266943965,0,5,1,0
6321,3,73.72277876653187,48.79954754454911,1,2,1,0
6322,3,34.195236833759346,39.58859281278173,0,5,1,0
6323,3,68.8399235608697,61.55034835468432,0,2,1,0
6324,3,68.05633413822373,69.69980966449282,0,5,1,0
6325,3,50.571692433943234,37.69642930355619,0,4,1,0
6326,3,54.37477367556997,61.921648297008495,0,9,1,0
6327,3,40.44998604435054,44.49280868864155,0,6,0,0
6328,3,48.01206571216661,46.63018605044636,0,7,1,0
6329,3,71.24912605985098,41.75673335223875,0,3,1,0
6330,3,40.457876053744506,46.43193134927325,0,11,1,0
6331,3,44.63846134125269,39.94535356282531,0,3,1,0
6332,3,81.23693415722512,74.56008339091076,1,4,0,0
6333,3,53.5631839087634,49.83115183242422,0,0,0,0
6334,3,55.04927337921332,40.16202121251307,0,2,0,0
6335,3,32.02142616255313,43.588066704445986,0,6,0,0
6336,3,50.60239060132898,37.070156036400824,0,3,1,0
6337,3,49.51577841341413,45.56899852202987,0,4,1,0
6338,3,47.65420041326136,36.24698674972822,0,4,1,0
6339,3,35.249861197723426,30.648272695543422,0,2,1,0
6340,3,53.468486910686046,58.68069890408025,0,7,1,0
6341,3,65.34159138348497,59.55442445414754,0,6,0,0
6342,3,36.073514081973464,39.92986029898585,0,5,1,0
6343,3,74.65570389618807,70.00740935762008,1,8,0,1
6344,3,0.0,43.560504140148744,0,5,1,0
6345,3,50.27696478410968,58.77922468962572,0,6,1,0
6346,3,86.5810114065559,76.58159546116248,1,6,1,0
6347,3,32.45245362538253,36.74465216119659,0,6,0,0
6348,3,51.41375821179048,59.82354899724149,0,13,1,0
6349,3,46.45911150545227,43.541221595503934,0,4,0,0
6350,3,57.86519299134181,63.09034004031302,0,9,1,0
6351,3,47.44867535433363,27.916891983854576,0,1,0,0
6352,3,42.86930692186263,43.06896228422014,0,3,1,0
6353,3,39.106951711962296,31.35293038907887,0,1,0,0
6354,3,39.28309025552115,51.62900010563942,0,7,0,0
6355,3,46.160261408091586,43.752824829038246,0,5,0,0
6356,3,44.551804406304186,28.763602422558744,0,1,1,0
6357,3,65.95003660171363,59.547213391794976,0,4,1,0
6358,3,57.358842467076045,31.21180621546791,0,4,1,0
6359,3,72.70438996311553,50.95387835566921,0,3,0,0
6360,3,41.659026085459075,43.90825979386504,0,5,1,0
6361,3,40.60698056868462,39.59870703918524,0,7,0,0
6362,3,39.87104777362826,33.38320984149638,0,5,1,0
6363,3,52.58538549727412,50.82236718751082,0,4,0,0
6364,3,60.20095957032616,60.09969412812236,0,5,1,0
6365,3,62.474951384405514,56.48128396728714,0,4,1,0
6366,3,37.026556586880744,37.034457529860134,0,5,0,0
6367,3,60.3404221092948,41.46211038447125,0,3,1,0
6368,3,32.831249264031904,42.69188588076894,0,5,1,0
6369,3,41.01153870132051,32.96265576237222,0,3,1,0
6370,3,18.442873544837486,29.234425485552812,0,5,0,0
6371,3,40.059772221693,41.00046676699479,0,9,1,0
6372,3,32.09831147680874,53.28969262525048,0,8,1,0
6373,3,47.33038147426595,48.938213224709266,0,5,1,0
6374,3,31.76394762574975,33.152926006685526,0,5,1,0
6375,3,48.95322421554936,47.434859912895924,0,5,1,0
6376,3,42.73666737307329,52.11169122356071,0,8,0,0
6377,3,59.102071013415326,50.88293149547783,0,5,1,0
6378,3,69.91771855694108,49.49260278335285,1,2,0,0
6379,3,34.746851410323686,22.541722420028044,0,3,1,0
6380,3,72.8814152015622,66.70066701959176,0,5,1,0
6381,3,66.42843286613541,75.63978227321252,0,9,0,0
6382,3,56.357508890504725,48.950250426808886,0,4,0,0
6383,3,48.600555520028486,53.66326325947868,0,4,1,0
6384,3,34.05105055463224,30.955447636341397,0,1,0,0
6385,3,46.39638654333502,51.38330958287658,0,5,1,0
6386,3,53.26739663857078,65.01509173980287,0,7,1,0
6387,3,59.58200003119249,64.63274625239268,0,9,1,0
6388,3,76.3029508329242,68.75043575870617,0,5,0,1
6389,3,19.151273070259816,37.59878828670971,0,6,1,0
6390,3,31.368757351529748,32.030157425155984,0,8,1,0
6391,3,69.09737990768382,51.40275579108798,1,6,0,0
6392,3,50.60593389762726,52.05235791462376,0,4,1,0
6393,3,55.73755950164843,49.192200754863144,0,4,1,0
6394,3,46.067625307526306,41.80128270285003,0,2,1,0
6395,3,52.70357333762695,45.39046819870288,0,4,0,0
6396,3,29.3624483393222,35.80158135882323,0,2,0,0
6397,3,46.686398492623894,22.85019238280542,0,2,0,0
6398,3,34.042854690632296,31.776062619109684,0,7,1,0
6399,3,57.1636723775208,50.130170486093306,0,7,1,0
6400,3,60.60405841897289,44.377021370097324,0,3,1,0
6401,3,61.279629026200915,62.054397272106954,0,5,1,0
6402,3,41.58647257464088,35.74904531322164,0,4,1,0
6403,3,47.23030889498127,36.329726682660684,0,4,1,0
6404,3,58.51616160408585,35.691955202955526,0,4,0,0
6405,3,53.356715199794486,41.73511239754347,0,4,1,0
6406,3,57.23800593324037,57.16969886442746,0,1,0,0
6407,3,47.030805017413954,54.865776827862454,0,9,1,0
6408,3,35.394918671528394,39.598695884017765,0,1,1,0
6409,3,51.93006223233788,38.26945277134838,0,3,1,0
6410,3,46.340105414847336,52.955018673462,0,3,0,0
6411,3,60.35406706936794,64.78652492894672,0,2,1,0
6412,3,58.94688725405985,53.5576336974542,0,2,1,0
6413,3,89.94478238932908,82.94074992295472,1,3,0,1
6414,3,34.169134173141266,36.0511383155356,0,4,1,0
6415,3,53.977991622600655,51.06178631494321,0,6,0,0
6416,3,82.54497112921987,75.16449320931372,1,6,1,0
6417,3,45.87499877539666,47.79019441685234,0,3,1,0
6418,3,63.35168681781132,54.03910084316893,0,6,1,0
6419,3,22.386723341348922,27.178389703007525,0,1,1,0
6420,3,50.45343690060208,73.61694094665845,0,11,1,0
6421,3,58.77573146004638,45.3550040640488,0,5,0,0
6422,3,57.444632780712055,60.80016423626979,0,7,1,0
6423,3,42.03570226400821,35.09574617871166,0,3,1,0
6424,3,92.2815033605956,89.17905790243721,1,6,0,1
6425,3,60.37445760840604,53.52614309365271,0,5,1,0
6426,3,66.45090157087863,55.578359693377344,0,5,0,0
6427,3,41.228948637456526,44.61014591550582,0,5,0,0
6428,3,74.1036299953953,48.901795595477566,1,4,0,0
6429,3,36.67402412226998,36.31438107933579,0,4,1,0
6430,3,43.27261055473133,36.07885629459719,0,7,1,0
6431,3,39.660939817330934,6.7748323918538595,0,2,1,0
6432,3,59.20635772741532,55.33172815960676,0,4,1,0
6433,3,47.895114418630236,62.01626662002352,0,4,1,0
6434,3,58.53852621700893,37.04415286498827,0,0,0,0
6435,3,55.68253225888901,68.28504793227863,0,6,0,0
6436,3,50.012931237089205,54.28350608978581,0,7,1,0
6437,3,18.060147316869656,23.012829675939983,0,7,1,0
6438,3,100.0,60.87623368018532,0,11,0,0
6439,3,37.358988010428995,46.629308549009544,0,5,1,0
6440,3,31.23191968938581,32.635535048310274,0,6,0,0
6441,3,51.708416270608986,52.868118760706565,0,6,1,0
6442,3,69.76780276820092,68.394238966003,0,7,1,0
6443,3,26.611919512302954,41.58670205143477,0,4,1,0
6444,3,36.166515228773115,58.77404617433328,0,6,1,0
6445,3,72.95295475855822,55.44842720852947,1,6,0,0
6446,3,61.330121135627934,48.53966789550934,0,4,1,0
6447,3,50.79492237869203,49.02792542430316,0,3,1,0
6448,3,48.263264255415294,36.27070669565671,0,4,1,0
6449,3,64.31330791472958,67.59120620977826,0,7,1,0
6450,3,24.376428416486057,25.289996984625166,0,5,1,0
6451,3,52.706813019338306,35.26984414743765,0,4,1,0
6452,3,45.94510947812862,58.02656509929449,0,4,0,0
6453,3,56.37339225789972,42.52128427684639,0,4,1,0
6454,3,25.96300129107689,31.970068184622885,0,6,1,0
6455,3,47.93398250174592,41.89589964371207,0,1,1,0
6456,3,54.12603035315936,52.629888997973545,0,5,1,0
6457,3,54.42491585924975,35.91667975827862,0,6,1,0
6458,3,56.51808984200108,58.04866093370425,0,8,1,0
6459,3,52.617833937291365,39.10829899070112,0,5,0,0
6460,3,45.461670093954204,35.703445842018034,0,5,1,0
6461,3,63.37826460402212,70.33925708595221,0,9,1,0
6462,3,41.98821390800296,36.75516364252517,0,2,0,0
6463,3,54.5369912387419,52.38149081020716,0,4,1,0
6464,2,45.432880091991684,29.75212958834171,0,2,0,0
6465,3,89.2138727170048,66.68344436541439,1,5,1,0
6466,3,52.714721131574244,50.905246881188226,0,5,0,0
6467,3,28.29621923699472,31.844338391244236,0,4,1,0
6468,3,94.02762993865618,80.00387105257036,1,1,1,0
6469,3,47.96642855988835,35.489723148944385,0,6,1,0
6470,3,43.983202283588284,53.82508977093978,0,7,1,0
6471,3,49.015196911347644,53.481568467797985,0,8,1,0
6472,3,58.71505238555187,49.660276600785444,0,1,1,0
6473,3,39.40649219878324,57.261948143200335,0,9,0,0
6474,3,51.49514098572336,38.444430285111565,0,8,1,0
6475,3,45.59044436914917,32.32758361829553,0,3,0,0
6476,3,75.00029736270099,53.15681856144728,0,3,1,0
6477,3,50.925763647651664,46.114129996245765,0,4,1,0
6478,3,89.51347413808476,74.15056779085481,1,4,0,0
6479,3,41.71989827418813,42.72196725745183,0,4,1,0
6480,3,69.64785803112105,61.069695708351716,0,4,1,0
6481,3,53.08381789719951,39.02720025831876,0,3,1,0
6482,3,43.68879703433193,40.79194894466546,0,6,1,0
6483,3,43.30574656720503,42.04261177355783,0,9,0,0
6484,3,59.084661650021076,70.4902089798126,0,12,1,0
6485,3,36.93175536953492,33.926883337950706,0,4,1,0
6486,3,68.32918349815024,76.05892801249621,1,7,0,1
6487,3,42.55554853176916,44.25504861881171,0,10,1,0
6488,3,32.30809926460334,62.04373094082441,0,6,1,0
6489,3,75.36842842744068,76.94116511087019,1,10,0,0
6490,3,83.55406602623476,68.29199253984515,1,4,1,0
6491,3,66.23466927987032,72.75836650487585,0,6,1,0
6492,3,64.76962997656527,54.589006192845325,0,2,1,0
6493,3,48.89521282445825,48.83339842282116,0,4,0,0
6494,2,38.50514693927339,46.700250956382476,0,7,0,0
6495,3,63.1453607382628,60.67278304321631,0,7,1,0
6496,3,48.76410787355241,51.27302828113771,0,6,1,0
6497,3,24.97738932781214,17.080984208490428,0,3,1,0
6498,2,25.775936301488382,33.05004984048833,0,4,1,0
6499,3,48.12635304345407,44.40926630047141,0,3,1,0
6500,2,56.613579665441485,46.02279220152045,1,4,1,0
6501,3,40.495585510963096,39.26751474475132,0,6,1,0
6502,3,47.47706404519193,38.638467660737255,0,3,0,0
6503,3,17.458078379855404,24.789302641489094,0,2,1,0
6504,3,14.670158846088768,36.25341973917058,0,4,1,0
6505,3,33.742643903490574,50.88649166605985,0,7,0,0
6506,3,0.0,36.504082644901644,0,6,0,0
6507,3,17.997915524331383,24.817382607337834,0,3,1,0
6508,3,58.29710024201359,43.56415696122255,0,3,1,0
6509,3,39.90450415014608,47.946739557944845,0,9,1,0
6510,3,47.92298328300892,41.127814482874996,0,3,0,0
6511,3,76.26843249292699,54.64987883402397,0,4,1,0
6512,3,48.02099034483074,71.9649200755084,0,8,1,0
6513,3,72.03268640121225,62.64183079039655,0,5,0,0
6514,3,36.25867323790192,50.20481914485358,0,7,1,0
6515,3,56.51326519907777,60.280551091959126,0,7,1,0
6516,3,76.93288971635161,65.98265415924901,0,13,1,0
6517,3,0.0,35.71850414656059,0,8,1,0
6518,3,52.57217883946878,41.04223548741349,0,6,1,0
6519,3,43.531690575623266,38.77931170443417,0,7,1,0
6520,3,48.63850122013515,39.22699412902576,0,5,1,0
6521,3,50.78770815688642,47.17093864582235,0,7,1,0
6522,3,32.88739597718129,25.18158968553057,0,3,0,0
6523,3,27.928829231745322,28.572105981809578,0,5,1,0
6524,3,57.8434644511239,30.142301404285057,0,4,1,0
6525,3,28.00807219661014,25.315486442731896,0,4,1,0
6526,3,38.43860619311448,52.69871371003929,0,4,1,0
6527,3,37.07246897914614,40.344956419993274,0,6,1,0
6528,3,70.18675080803925,61.179673119702755,0,4,1,0
6529,3,32.62831619453797,34.837533678880675,0,9,0,0
6530,3,58.22854708891726,55.728049614327325,0,4,1,0
6531,3,59.543997809526175,52.23994835874791,0,8,0,0
6532,3,68.84707637625444,57.39967658851499,0,5,0,0
6533,3,48.41296727783457,51.30501197640104,0,8,0,0
6534,3,51.08385841887879,46.93387744142612,0,8,1,0
6535,3,42.81171475513516,26.614575618270834,0,3,0,0
6536,3,50.58920841611805,39.93619265119135,0,2,0,0
6537,3,64.73420159784892,58.1585678879786,0,9,1,0
6538,3,33.9344263936715,42.127246214869295,0,3,1,0
6539,3,83.37799826082014,64.16798709867624,1,3,1,0
6540,3,58.292913768843995,57.8706826151421,0,5,0,0
6541,3,50.62329049749903,29.465089182211905,0,4,1,0
6542,3,43.381754649853995,52.73454524362871,0,3,0,0
6543,3,62.07584185492391,62.44364761348857,0,2,1,0
6544,2,57.92533115144322,67.86660815628773,0,4,0,0
6545,3,36.53246483197279,31.967677453662695,0,8,1,0
6546,3,45.25252102137266,31.36680633434866,0,4,1,0
6547,3,36.673986121842425,44.08280365712059,0,5,1,0
6548,3,31.23597552567418,31.304426982276233,0,8,1,0
6549,3,67.66353424662496,50.675044652297636,0,0,1,0
6550,3,57.85122617041814,74.94350846679514,0,8,0,0
6551,3,32.64462749227456,53.680807265116826,0,4,1,0
6552,3,50.4721477185335,49.204013919558875,0,1,1,0
6553,3,49.53704845545581,40.83884613033162,0,3,1,0
6554,3,33.59503828401526,34.29957236879744,0,5,1,0
6555,3,36.55588747518891,39.50541846604964,0,4,0,0
6556,3,72.8543476704774,70.40321945048377,0,3,0,0
6557,3,40.240640731730124,40.231304797541135,0,3,1,0
6558,3,68.2380266682318,51.48969759927734,0,5,1,0
6559,3,52.66559069506166,41.99633669546813,0,4,0,0
6560,3,45.57327736272215,41.29274047285565,0,2,1,0
6561,2,54.7709211270807,49.4638262881139,0,4,0,0
6562,3,49.86425055574115,39.09408416302033,0,6,0,0
6563,3,58.50977256786452,48.687075349960686,0,6,1,0
6564,3,54.88331425857348,66.25478400187004,0,7,0,0
6565,3,50.7241762903641,45.90799559713629,0,4,0,0
6566,3,90.88468444198213,74.78846734140652,1,6,1,0
6567,3,60.99090988783435,54.8379370819942,0,4,0,0
6568,3,46.52735444101021,52.76729353096775,0,5,1,0
6569,3,27.125078679090645,23.25377477619469,0,3,1,0
6570,3,64.86757616419943,65.709146206942,0,10,1,0
6571,3,77.29291561001729,64.73625059999425,0,4,0,0
6572,3,39.87853357274966,49.15001799516174,0,4,0,0
6573,3,55.153597157946045,45.22381475709822,0,6,1,0
6574,3,57.98156096889886,58.27981183076311,0,6,1,0
6575,3,53.72571455873825,61.25969782451758,0,9,1,0
6576,2,49.556390462451525,52.495755837757855,0,6,1,0
6577,3,42.020564716748694,37.04127921459959,0,5,1,0
6578,2,40.95015074192366,43.99375823684196,0,5,0,0
6579,3,50.311740095520506,55.95603271680219,0,7,1,0
6580,3,56.019789918053604,56.95748585606485,0,6,1,0
6581,3,48.00483288964603,54.58808294616826,0,7,1,0
6582,3,76.99695131951553,70.30218053795626,0,6,0,0
6583,3,42.34415285467267,53.1575682444345,0,4,0,0
6584,3,52.55989845593622,34.276230902950395,0,4,0,0
6585,3,100.0,55.89709454276661,1,4,1,0
6586,3,37.66075587471171,40.666054310615166,0,6,0,0
6587,3,62.366825493329955,52.5736239989291,0,2,1,0
6588,3,38.674547024033295,35.19055465806642,0,4,0,0
6589,3,49.23168862889899,44.54487013209659,0,3,1,0
6590,3,41.25244638474569,34.03910054750549,0,5,1,0
6591,3,50.08594369167103,64.5067438753715,0,4,0,0
6592,3,58.62135767932886,63.66887086925366,0,5,1,0
6593,3,33.76722315012496,37.29055541278597,0,6,1,0
6594,3,72.3818353887689,53.27931657019126,0,7,1,0
6595,3,44.29367688397386,42.41613346123984,0,8,1,0
6596,3,49.37815712713668,67.59007157106578,0,7,0,0
6597,3,59.99481451608908,55.851183029309404,0,7,1,0
6598,3,57.58422443136088,47.46131415222058,0,4,0,0
6599,3,26.04965854309492,21.867061527706664,0,3,1,0
6600,3,64.87052731664868,53.82894878373409,0,2,0,0
6601,3,43.386331452182034,49.08916619944871,0,8,1,0
6602,3,19.701271227975827,23.675265421530042,0,7,1,0
6603,3,36.12604006135242,48.080234967050174,0,8,1,0
6604,3,39.63706137646385,41.81656212881596,0,4,0,0
6605,3,39.98014158751891,46.680483678552164,0,2,0,0
6606,3,77.71860622308148,64.63348570234015,1,3,1,0
6607,3,48.49473781508724,34.19685588696309,0,2,1,0
6608,3,47.81739964524408,49.21795926747967,0,1,0,0
6609,3,59.64329137540679,66.5569424781516,0,7,1,0
6610,3,64.25523822064844,55.97392838755005,0,4,0,0
6611,3,43.126968248507616,52.45504711241758,0,6,1,0
6612,3,56.64603623254178,58.20977030665955,0,5,0,0
6613,3,51.78885254087569,58.29658197159498,0,6,0,0
6614,3,43.89275031978168,37.569558418647894,0,5,0,0
6615,3,57.82512777554366,62.10682811473855,0,5,1,0
6616,3,53.74666085795768,46.733875694399615,0,9,0,0
6617,2,57.84692554491469,43.40528858270949,0,2,1,0
6618,3,52.36919280946648,39.1698545981387,0,3,0,0
6619,3,46.96888479906524,47.172454669111524,0,5,1,0
6620,3,83.38269829377337,70.25851310723014,1,3,1,0
6621,3,77.15121152506624,52.44472362825903,1,4,0,0
6622,3,25.25579721894978,32.030425484094586,0,7,1,0
6623,3,70.3240407386098,50.147710275765625,1,4,0,0
6624,3,55.89268747424609,43.94009824667359,0,5,1,0
6625,3,39.8535450215212,57.25569579186723,0,6,0,0
6626,3,35.97601383359563,57.13826371759936,0,8,0,0
6627,3,67.15329183182988,52.17449314649416,0,5,1,0
6628,3,52.89933848181859,40.75155366906234,0,4,1,0
6629,3,68.6663454271803,54.439392180520656,0,7,1,0
6630,3,59.55430810349219,61.64240290938352,0,2,1,0
6631,3,70.4161084651411,76.82089490815163,0,8,1,0
6632,3,59.586630513951455,54.119224135157445,0,6,1,0
6633,3,38.15391360217787,27.55899695992193,0,3,1,0
6634,3,62.85061133823828,70.66499378264893,0,5,0,0
6635,3,68.89545105293085,77.26130135157997,0,6,1,0
6636,3,52.271650211688296,51.99051451051939,0,5,0,0
6637,3,60.182407774392125,51.054287260261894,0,6,1,0
6638,3,80.38719111694331,63.36314676638205,0,1,1,0
6639,2,55.560318516645104,40.00412633180751,0,3,1,0
6640,3,39.522502379465045,48.40004497905791,0,7,1,0
6641,3,57.503646323058135,58.75621361526559,0,2,1,0
6642,3,46.00617265125547,60.54834091186127,0,5,1,0
6643,3,47.187695065774804,55.82598694154484,0,8,0,0
6644,3,73.21276433189816,58.8219860432412,0,6,1,0
6645,3,84.48494454377241,75.26253353173952,1,7,1,0
6646,3,58.61389300720888,40.614994425648035,0,6,1,0
6647,3,32.932280481354184,33.74320401680789,0,8,0,0
6648,3,47.47557245276169,41.75978803466919,0,7,1,0
6649,3,56.870678619159015,43.77743666885272,0,5,1,0
6650,3,57.02854886113154,39.779402066433136,0,3,0,0
6651,3,64.5952615389422,71.82755771301098,0,12,1,0
6652,2,39.50606659620746,45.033302600479175,0,3,1,0
6653,3,44.366598019826114,36.04411828118739,0,4,1,0
6654,3,80.04955663559207,78.78638186745212,1,7,0,1
6655,3,46.6498490746636,39.14541299272718,0,7,0,0
6656,3,62.91622577086746,68.74103214815938,0,3,0,0
6657,3,25.521589695991064,16.41423890086231,0,3,0,0
6658,3,45.420780190407655,58.87306097493855,0,8,1,0
6659,3,62.58775311873133,60.02114917383225,0,4,1,0
6660,3,63.21736925027512,55.46497903431345,0,2,1,0
6661,3,68.48155038089003,60.15043840000058,0,8,0,0
6662,3,27.894021643056742,40.635615699017926,0,8,1,0
6663,2,78.20417627742556,66.32327371655852,1,2,1,0
6664,3,0.0,47.30042483809191,0,6,0,0
6665,3,51.622344204787524,52.122803130267556,0,5,1,0
6666,3,32.283262037857185,49.57719622250106,0,6,0,0
6667,3,56.269606690925215,60.245263122759,0,8,1,0
6668,3,58.07047074060111,60.907183988349914,0,6,1,0
6669,3,52.15158136511213,49.98755567165906,0,2,1,0
6670,3,52.88731589914502,40.34312991736906,0,3,1,0
6671,3,20.12772828400496,33.361766153607256,0,7,0,0
6672,3,43.17767552983209,52.76251552825545,0,5,1,0
6673,3,63.48946647462397,42.18474009241256,0,5,1,0
6674,3,52.43078242786458,37.70895033810816,0,4,1,0
6675,3,46.57458607058873,46.847886405284264,0,5,1,0
6676,3,37.57274252158806,52.50618415880337,0,6,1,0
6677,3,59.84507643754685,47.28134383565877,0,5,0,0
6678,3,47.90832497233551,48.37003908157619,0,9,1,0
6679,3,53.18093813845338,50.23963565291044,0,3,0,0
6680,3,67.16377025865346,70.0447529832854,1,11,1,0
6681,3,42.238844782338184,38.55003665019999,0,3,0,0
6682,3,56.54300326413128,51.23941027652005,0,4,1,0
6683,3,54.86800432362264,41.55644792961831,0,3,1,0
6684,3,36.8279313387765,35.99175568035277,0,6,1,0
6685,3,68.05844861348507,66.48004786740272,0,7,1,0
6686,3,45.69468464126845,49.99996543123845,0,3,1,0
6687,3,36.49398641719171,28.60473312072812,0,1,0,0
6688,3,56.78091036927228,53.26027618563409,0,3,1,0
6689,3,48.53324247555143,48.31355768331977,0,5,1,0
6690,3,54.0044764731416,54.85325514957387,0,5,1,0
6691,3,58.64437888444497,38.85067229495574,0,3,1,0
6692,3,53.55216931172737,58.72428070306927,0,6,0,0
6693,3,50.8604970546019,33.81339974638796,0,3,1,0
6694,3,63.01552731526435,46.44708148379618,1,2,1,0
6695,3,51.498812112149956,48.26352886668688,0,4,0,0
6696,3,41.99491331401626,38.4397808481109,0,2,1,0
6697,3,34.45082686515688,33.04420194232675,0,6,1,0
6698,3,46.32685598267302,54.18777815116139,0,4,1,0
6699,3,39.997360838830964,31.51671718029298,0,2,0,0
6700,3,38.7480643389181,40.01461345223574,0,4,1,0
6701,3,35.69833318576071,37.218453256372015,0,7,0,0
6702,3,59.898472120830554,39.50721589867535,0,7,1,0
6703,3,43.129510748276324,46.02375832365829,0,8,1,0
6704,2,54.28305061821335,41.50637910889951,0,4,1,0
6705,3,42.63415203018496,41.241639039366405,0,1,1,0
6706,3,43.324212920502475,48.72858997139482,0,10,0,0
6707,3,31.820156543182314,26.333752949533213,0,1,0,0
6708,3,59.35867281322864,57.56377260965717,0,6,0,0
6709,3,65.79058605278293,62.99405098698844,0,4,1,0
6710,3,56.95694798008181,58.08294214705056,0,6,0,0
6711,3,40.11798198352788,46.21831572148804,0,8,1,0
6712,3,28.56661146654258,40.310752752879694,0,2,0,0
6713,3,75.34215351676728,75.23627235534829,1,9,0,0
6714,3,62.521321435933416,56.71474134251767,0,1,1,0
6715,3,100.0,39.81659165641532,0,4,0,0
6716,3,23.614044326034293,18.149481875106147,0,5,0,0
6717,3,37.42945772848898,45.90596948349791,0,7,0,0
6718,3,55.04101362607686,53.96453002867403,0,6,1,0
6719,3,34.854578815551235,47.3103715382726,0,4,1,0
6720,3,35.47667188043103,41.182983527556644,0,5,1,0
6721,3,51.44850556494616,57.48883606701731,0,7,1,0
6722,3,26.40256982444844,44.24747281967321,0,6,0,0
6723,3,48.05531687425728,36.77250947327012,0,5,1,0
6724,3,41.58235619519374,35.762733663571225,0,3,1,0
6725,3,43.83905901790474,47.777918356703225,0,5,1,0
6726,3,47.99902749165565,41.59757168834051,0,3,1,0
6727,3,59.51737584407069,57.48822833702414,0,10,1,0
6728,3,77.99065117779332,59.153408548446144,1,4,0,0
6729,3,64.17470684254324,58.64914691160331,0,5,1,0
6730,3,54.32323126897908,54.37772286407316,0,7,0,0
6731,3,40.47622981292783,34.619020781107004,0,1,1,0
6732,3,37.80510938270592,38.46234556275951,0,7,1,0
6733,3,60.42649084485103,62.3232345254912,0,6,1,0
6734,3,49.58272177788673,33.46442528170995,0,3,1,0
6735,3,48.11113842646808,40.94988101374405,0,6,1,0
6736,3,48.80196415770966,60.301285819370435,0,5,0,0
6737,3,30.187500831300564,39.06227870250755,0,4,1,0
6738,3,41.37975681846311,40.54729090453777,0,2,1,0
6739,3,50.59178041148781,42.11957341202196,0,5,1,0
6740,2,47.227939921656066,56.67001740564349,0,8,1,0
6741,3,28.01858817198452,39.383891082850255,0,5,1,0
6742,3,66.99088491543517,63.68523873731679,0,6,1,0
6743,3,62.5415569939804,55.43139837352046,0,3,0,0
6744,3,32.05780453948024,48.72507564890719,0,6,1,0
6745,3,39.22866846237561,44.012951337462056,0,7,1,0
6746,3,45.839017059243936,55.65647740494221,0,6,1,0
6747,3,55.92640266641134,48.64475982290313,0,7,1,0
6748,3,30.27968878852881,32.41477935492082,0,3,0,0
6749,3,40.802390337650266,65.64605144496795,0,6,1,0
6750,3,100.0,43.943226601818665,0,5,1,0
6751,3,83.35704110339194,69.6560542146848,1,3,0,0
6752,3,32.53601096365537,50.16818500279743,0,8,1,0
6753,3,14.910603595387139,25.421587956239883,0,3,1,0
6754,3,90.07847342502961,70.4061086385216,1,2,0,0
6755,3,55.445002829106976,58.12918056572841,0,6,1,0
6756,3,7.2192955870596665,23.825354340373032,0,5,1,0
6757,3,22.728613770916063,41.78964921664454,0,10,1,0
6758,3,39.2038452383579,35.511714524347106,0,6,1,0
6759,3,62.769271194846205,60.37046179395298,0,3,1,0
6760,3,46.89247788890893,49.97154238665879,0,3,0,0
6761,3,32.689528514710126,38.1101091054265,0,5,1,0
6762,3,55.93330384129358,62.59776692851785,0,4,0,0
6763,3,46.87361237414268,43.09748014848462,0,6,0,0
6764,3,81.53756035800527,77.48467432972204,1,8,0,1
6765,3,55.376995686853995,48.10252901693402,0,4,1,0
6766,3,58.998608261472775,67.4103239608149,0,6,1,0
6767,3,44.35073028110614,36.55054227755583,0,2,1,0
6768,3,76.08426012571971,67.58619963417526,1,4,1,0
6769,3,54.71106547161635,60.99519338235479,0,5,1,0
6770,3,47.14048957423966,36.51332575138699,0,3,1,0
6771,3,37.343724637754946,46.73334430681604,0,6,0,0
6772,3,66.34392542843281,64.18961090225588,0,6,1,0
6773,3,34.56453569855434,49.68993049915314,0,6,1,0
6774,2,60.8422935765092,47.61106929383867,1,4,1,0
6775,3,35.736564200385466,37.11866774676245,0,4,1,0
6776,3,70.9093285462234,51.50389152890522,0,3,0,0
6777,3,61.75335828945497,48.67854071769025,0,6,1,0
6778,3,52.264677584906835,43.711093346164205,0,2,1,0
6779,3,59.257776931340786,47.37096796532456,0,3,1,0
6780,3,54.29400268649166,59.3315949955292,0,7,1,0
6781,3,33.193625205644054,32.91786664396067,0,6,1,0
6782,2,32.747804214395366,34.328962770355936,0,4,1,0
6783,3,71.54637516459219,67.8020231111328,0,7,1,0
6784,3,38.632515859919074,31.62890390639251,0,5,1,0
6785,3,73.1761132094921,63.61009418283788,0,7,1,0
6786,3,38.301309954326605,37.96342063392525,0,4,1,0
6787,3,70.76398387094196,61.49863078107018,0,4,1,0
6788,3,41.29660729950747,41.49185634039419,0,3,0,0
6789,3,36.37323024801569,41.265287435984156,0,5,0,0
6790,3,67.17835939372945,53.68742016268133,0,6,1,0
6791,3,40.75674229976165,42.23613049744067,0,4,1,0
6792,3,44.56194759673569,33.60975363189037,0,3,1,0
6793,3,35.11075606264426,38.17957892785084,0,6,0,0
6794,3,64.04745611596806,67.97861598518939,0,4,0,0
6795,3,35.67770619023536,34.413285307167754,0,3,0,0
6796,3,42.95493836037448,39.80799595281052,0,3,0,0
6797,3,49.03468019134035,40.33323980025851,0,6,1,0
6798,3,29.082791182331935,39.18599449741241,0,6,1,0
6799,3,46.230785687332926,48.11806037091614,0,6,1,0
6800,3,33.23870712245193,40.86677662817942,0,6,1,0
6801,3,46.69964322385096,33.954980424805726,0,4,1,0
6802,3,53.28328098708462,49.17377778641698,0,3,1,0
6803,3,37.60657018789283,29.798319140570886,0,7,0,0
6804,3,55.675316682571875,42.02194581292165,0,5,1,0
6805,3,38.526201160233384,45.43920117375894,0,6,0,0
6806,3,75.35437770003132,62.29706999159535,1,8,1,0
6807,3,35.482563546115685,35.153419295830496,0,6,0,0
6808,3,44.48153575538912,55.73965886153004,0,8,0,0
6809,3,53.284866180465954,43.496506662522584,0,6,0,0
6810,3,52.23918607992117,38.51558463517102,0,2,1,0
6811,3,35.721266925227475,31.127521063857923,0,9,0,0
6812,3,38.581652942098366,48.1734166945279,0,7,0,0
6813,3,47.80654963047904,47.418004397092254,0,5,1,0
6814,3,47.34469913608812,38.20287290316234,0,2,1,0
6815,3,51.30720261710087,55.46295070990568,0,4,1,0
6816,3,22.231377966773074,39.6306242633019,0,7,1,0
6817,3,25.904361551842154,17.882838229628938,0,4,0,0
6818,3,70.05776805436263,66.3288370511442,0,6,0,0
6819,3,61.64633312109863,57.05123554443511,0,6,0,0
6820,3,53.99408240864328,60.80967753981724,0,5,0,0
6821,3,75.41643330331316,56.85925296758479,1,5,0,0
6822,3,29.37053075587945,30.92713154736125,0,9,1,0
6823,3,50.62089198952026,54.914073786944996,0,7,1,0
6824,3,47.279889937616474,41.98770157891021,0,6,1,0
6825,3,35.83521062997877,45.3802546528067,0,2,0,0
6826,3,52.52872561054802,50.965854927306765,0,5,0,0
6827,3,41.775664417065705,52.81092529719657,0,5,0,0
6828,3,70.71806431824386,69.40810112184317,1,6,0,0
6829,3,46.12477083722289,51.6822372291712,0,9,0,0
6830,3,69.35316892789128,50.31194097355267,0,2,1,0
6831,3,50.12335832608042,51.172943253044345,0,8,1,0
6832,3,56.377623282045946,58.5266238979756,0,4,0,0
6833,3,27.540290579412254,23.180830475816453,0,4,1,0
6834,3,54.08479126875896,44.255699310912334,0,7,1,0
6835,3,44.32410839284772,28.566460089026112,0,1,0,0
6836,3,51.46892246202386,54.451081654759186,0,4,0,0
6837,3,61.594439283177245,58.41114335573189,0,5,0,0
6838,3,55.933405565886616,35.78252329039162,0,4,1,0
6839,3,33.38133186046793,41.20544711883199,0,7,1,0
6840,3,23.489896798264333,34.76657252719413,0,3,0,0
6841,3,27.991497693818978,26.497672961553647,0,7,1,0
6842,3,48.159492741374976,37.542729644380934,0,1,1,0
6843,3,58.42297830154801,46.00976351858122,0,8,1,0
6844,3,56.901358648470165,41.709413804509495,0,4,1,0
6845,3,44.372927297772975,40.391060782272326,0,6,1,0
6846,3,26.37207133363752,22.6505217078589,0,1,0,0
6847,3,25.222180363640092,43.50824024045763,0,4,1,0
6848,3,55.10213455764298,48.94483827089138,0,4,0,0
6849,3,58.999367668799266,61.20638622742971,0,5,1,0
6850,3,48.938337281085346,37.394642190696025,0,5,1,0
6851,3,63.40448146275877,61.14693375762071,0,5,1,0
6852,3,66.89098472797632,48.75965656440285,0,4,1,0
6853,3,27.673821496404116,25.294707347424563,0,4,0,0
6854,3,41.37469095664642,32.978232202440424,0,4,1,0
6855,3,44.520464363668445,36.512910527366294,0,4,0,0
6856,3,60.37666060754089,51.7979752843367,0,3,1,0
6857,3,52.27794374206151,45.64592765982924,0,7,1,0
6858,3,21.610700261401345,26.946420189386547,0,3,0,0
6859,3,64.12719382263526,63.473716259193026,0,4,1,0
6860,3,68.04464310590421,47.148707087754126,0,3,0,0
6861,3,46.71438152177675,37.48373226417498,0,6,1,0
6862,3,62.03906421100083,65.85823471978712,0,10,1,0
6863,3,47.06087045928347,45.32848709611768,0,4,1,0
6864,3,36.91186445323031,59.479408567852175,0,7,0,0
6865,3,52.29710333417749,44.996443456568045,0,3,0,0
6866,3,100.0,85.0269440046609,1,5,1,0
6867,3,60.913982943094624,53.85444003339539,0,5,1,0
6868,3,56.636159333485125,46.40930966345714,0,5,1,0
6869,3,54.75203258093868,62.68878916986064,0,4,0,0
6870,3,57.78066795137235,47.179994710455915,0,5,1,0
6871,3,77.43382664302717,64.95843072104488,1,10,1,0
6872,3,56.57487099126539,58.11713847990245,0,5,0,0
6873,3,44.194326816123834,31.16045150851235,0,6,1,0
6874,3,52.32361655463865,60.21016284085062,0,6,0,0
6875,3,51.476615595949866,71.59428847718101,0,9,0,1
6876,3,61.120566287654825,67.39148309684566,0,11,1,0
6877,3,83.44999356587195,58.83610308544419,1,4,0,0
6878,3,40.64072806479413,23.527687265340735,0,2,1,0
6879,3,33.188909997626865,32.84643872736542,0,7,1,0
6880,3,46.15147655295521,49.05607190781752,0,5,1,0
6881,3,40.44267915829737,21.37658314934497,0,2,1,0
6882,3,61.75943622837993,39.191870422897715,0,1,1,0
6883,3,42.651372302796545,35.696608438617126,0,5,0,0
6884,3,38.18864548209579,41.47308566019865,0,4,1,0
6885,3,42.013177555046546,46.77686136342913,0,8,0,0
6886,3,52.60690941570752,46.25236108895903,0,6,1,0
6887,3,68.32337128523896,49.09500072522175,0,3,1,0
6888,3,63.75803893394032,69.90369577710177,0,8,0,0
6889,3,47.19497389156843,71.37809063546817,0,7,1,0
6890,3,80.65315044252341,61.874189859859904,1,4,1,0
6891,3,75.68697484006769,70.33072149340562,0,7,0,0
6892,3,56.22950949976162,57.851896494442215,0,6,0,0
6893,3,41.507217581622484,41.1597788373741,0,9,0,0
6894,3,40.16488583693913,37.78564132842352,0,4,0,0
6895,3,62.50168022085523,64.98487442646064,0,4,1,0
6896,3,16.870887339194805,17.206702079380488,0,4,1,0
6897,3,62.653210117948085,52.238066355706124,0,4,1,0
6898,3,57.071902116578045,66.19735643495258,0,4,0,0
6899,3,41.76459415815129,38.6461635848625,0,2,0,0
6900,3,59.190939470147995,56.31888506187873,0,3,1,0
6901,3,47.89376138032788,40.92800529245436,0,2,1,0
6902,3,42.665918227559345,45.19346248998446,0,5,1,0
6903,3,38.806016845105916,30.516818523284943,0,2,1,0
6904,3,60.64648571751189,57.28327777057513,0,8,0,0
6905,3,58.61123075452657,50.463019501917564,0,2,1,0
6906,3,31.421110197088925,43.89365493049989,0,5,1,0
6907,3,69.61163912890265,57.00742670254504,0,7,0,0
6908,3,14.695113945343952,34.85741672414084,0,5,0,0
6909,2,50.60273008358748,48.74727235721569,0,4,1,0
6910,3,0.5889051668566525,22.28912649808355,0,5,0,0
6911,3,85.8614453960467,64.51751629890083,1,1,0,0
6912,3,90.78617140920637,66.2473384024714,1,5,0,0
6913,3,58.94913828739809,47.343884302536544,0,5,1,0
6914,3,53.90410318489571,64.29485922436248,0,6,0,0
6915,3,41.5164776808752,50.1827943566198,0,3,1,0
6916,3,100.0,61.60918450122173,0,9,0,0
6917,3,46.18079038469014,50.96368815531135,0,5,0,0
6918,3,38.8703337075951,40.3126312153881,0,8,0,0
6919,3,57.72383921059099,36.14900080620024,0,3,1,0
6920,3,64.76239243339514,64.17971542317753,0,4,1,0
6921,3,51.494167249424294,54.5747954707678,0,4,0,0
6922,3,48.776885343532,54.68398625734967,0,7,0,0
6923,3,44.77357887126127,28.80428088429217,0,5,1,0
6924,3,50.000834954924606,47.56268512946168,0,3,1,0
6925,3,100.0,54.07217661945535,0,5,1,0
6926,3,60.116654700760996,45.327825288866954,0,6,1,0
6927,3,49.568695547190984,47.34246453822538,0,4,0,0
6928,3,46.718702992672846,33.70426719380132,0,3,0,0
6929,3,30.55191456460254,40.13824120496772,0,2,0,0
6930,3,59.01329602929706,60.36500490618975,0,7,0,0
6931,3,58.18395932151306,59.34019881202044,0,2,1,0
6932,3,65.89426381601406,57.970750902456544,0,3,1,0
6933,3,43.09307001219457,42.6681520602335,0,8,0,0
6934,3,28.01678971034528,29.64271754767257,0,3,1,0
6935,3,42.904716741651676,33.02593338754882,0,3,1,0
6936,3,43.204908384166735,48.08720026492855,0,8,1,0
6937,3,52.759294334956095,48.50683410011963,0,5,1,0
6938,3,59.23804258107387,69.35042662549775,0,9,1,0
6939,3,61.88234354734606,66.23853862672671,0,7,1,0
6940,3,46.338435106598915,46.974117719224715,0,6,1,0
6941,3,45.093044837628554,49.83142738866603,0,9,1,0
6942,3,53.55395220192117,50.8795098537123,0,4,1,0
6943,3,16.358858558527174,22.46745295786668,0,4,1,0
6944,3,73.8013431780186,63.244635642097585,0,4,1,0
6945,3,65.17616492533072,54.3143985900604,0,7,1,0
6946,3,60.95538112299261,50.68295828265201,0,4,1,0
6947,3,40.23530698419577,60.2585198647229,0,8,1,0
6948,3,40.93605847079462,30.6127565974742,0,8,0,0
6949,3,17.740409447648954,22.139728560322588,0,1,1,0
6950,3,31.725345528007654,49.64049259388009,0,9,0,0
6951,3,61.36778346304779,51.292392871002434,0,4,0,0
6952,3,19.66852978273073,20.76277309246605,0,1,1,0
6953,3,31.68357535085641,40.97166008300784,0,4,0,0
6954,3,76.82630122892309,62.41190351314909,1,6,1,0
6955,3,31.99889082712319,33.46312937640169,0,3,0,0
6956,3,60.161271892436616,47.32917709039712,0,3,1,0
6957,3,47.3572251400092,60.965782153349366,0,11,1,0
6958,3,59.69366713487837,54.56517799898079,0,4,1,0
6959,3,15.968445098356554,37.05827382270003,0,6,1,0
6960,3,37.60671045502191,35.277030263234636,0,2,1,0
6961,3,32.84365269158123,27.894615877800316,0,5,1,0
6962,3,47.963572509721786,53.755368702173556,0,6,0,0
6963,3,80.6194356663677,60.53511817718362,1,4,1,0
6964,3,58.97931451152939,72.34318842164042,0,6,1,0
6965,3,54.79314381283664,50.24698771167725,0,4,0,0
6966,3,41.9314174541602,45.11901191758358,0,6,1,0
6967,3,39.1958113619539,37.189888122000696,0,3,0,0
6968,3,63.610606075743334,67.8744442257318,0,7,0,0
6969,3,70.5299589604874,60.31871527243683,0,4,1,0
6970,3,46.73366747963707,35.38283987882816,0,4,0,0
6971,3,52.59456858322534,57.30992353100931,0,7,1,0
6972,3,59.263853008535094,33.20534215312646,0,3,1,0
6973,3,70.39095787020614,63.131600936318925,1,2,1,0
6974,3,62.94584254354707,38.626943184290226,0,4,1,0
6975,3,54.513745568376166,41.04002781070784,0,6,1,0
6976,3,62.40361033896761,65.52991011624906,0,6,0,0
6977,3,29.86559208918664,45.64346863748687,0,5,1,0
6978,3,48.03629086885008,32.569086979747254,0,3,0,0
6979,3,65.06410588625876,55.42411142330775,0,6,1,0
6980,3,51.45303188477695,48.35037044565014,0,4,0,0
6981,3,36.385384801734176,45.844192765847644,0,5,1,0
6982,3,73.00080794523566,69.55741116939976,0,5,0,0
6983,3,21.336579422827214,12.42187374753022,0,5,0,0
6984,3,54.847693983081996,54.72096390934424,0,6,0,0
6985,3,20.05379517655076,42.43614686917505,0,6,0,0
6986,3,50.82427741780562,41.629415899820195,0,5,1,0
6987,3,18.859698086303773,22.49685813346666,0,7,1,0
6988,3,39.81226137319325,49.48175335995746,0,7,0,0
6989,3,55.97255716523479,54.667975779664054,0,5,1,0
6990,3,68.61831822828539,51.925060907990535,0,3,0,0
6991,3,62.21936260973191,76.6475243101025,1,6,1,0
6992,3,44.10729923085661,43.335597626069706,0,4,1,0
6993,3,69.02465185208099,45.431148643873016,1,3,1,0
6994,3,70.29552767099395,75.77896839941681,0,6,0,0
6995,3,68.79545553817793,64.05628499584809,0,4,1,0
6996,3,60.637410731919495,64.85336912181728,0,6,1,0
6997,3,42.00885877990127,28.6668741296599,0,2,1,0
6998,3,34.4497052784166,24.096111209056904,0,4,1,0
6999,3,60.16993976449156,51.691354208647844,0,7,0,0
7000,3,60.36606194296441,66.14431665925296,0,9,1,0
7001,3,61.52375303079261,61.16258475371676,0,4,0,0
7002,3,72.36965320802317,80.36799265501355,0,8,0,0
7003,3,40.01338128753709,38.13283899459704,0,7,1,0
7004,3,57.05268605050017,53.673269877864435,0,5,0,0
7005,3,30.769780638534574,47.929144295456545,0,12,1,0
7006,3,52.55257984911897,47.76474994411881,0,9,0,0
7007,3,23.40592394118619,35.53464051056437,0,7,1,0
7008,3,67.92045711483264,56.53232589932197,0,8,1,0
7009,3,50.135637330577445,33.64411920841528,0,4,1,0
7010,3,53.612344754271945,53.71318361741123,0,6,0,0
7011,3,46.06138387309508,59.56919586563107,0,7,0,0
7012,3,65.41249581443478,56.610149342830404,0,8,1,0
7013,3,45.273213230839495,49.76044452377626,0,9,1,0
7014,3,59.044395539647944,46.58477872355663,0,3,1,0
7015,3,50.30725155095944,43.510127072831985,0,2,1,0
7016,3,73.22570474763722,76.85042205049193,0,5,1,0
7017,3,45.09753496513686,32.207281465740586,0,3,0,0
7018,3,43.26201833142268,48.361683301531926,0,5,0,0
7019,3,62.58910426157121,46.30574208240179,0,5,1,0
7020,3,40.52301798108782,41.66157129316448,0,4,1,0
7021,3,49.34747497751682,43.885775197810354,0,7,1,0
7022,3,58.02300423698971,49.273354008976874,0,1,0,0
7023,3,51.34317118238516,42.62840933386045,0,8,1,0
7024,3,71.59115291067256,50.2731693517574,0,3,1,0
7025,3,46.47983209540739,54.111863822838764,0,6,1,0
7026,3,52.60427036603177,50.013962935448475,0,5,1,0
7027,3,56.961077279256955,47.929160495321824,0,5,1,0
7028,3,76.01690262506683,68.46617846808059,0,6,1,0
7029,3,50.68825578355235,35.12078474605399,0,3,0,0
7030,3,49.56082944668123,41.77343886892243,0,4,1,0
7031,3,70.56512466318819,60.309892694486024,1,5,1,0
7032,3,62.19034560452338,48.2103223758495,0,6,1,0
7033,3,21.356197558410422,18.663731735257606,0,4,1,0
7034,2,60.836993989692644,52.64651553465056,0,5,1,0
7035,3,53.08628866201083,50.889307680215055,0,4,1,0
7036,3,35.01698084627444,37.36917622203003,0,8,1,0
7037,3,36.514011177472014,39.92585247648476,0,3,1,0
7038,3,43.08942812003536,55.900937288694,0,2,0,0
7039,3,39.89444053558326,40.56892490621006,0,7,1,0
7040,3,35.97140263509193,45.93716533545057,0,8,1,0
7041,3,36.23308834296609,36.38063444900692,0,3,1,0
7042,3,83.5125221718445,76.45257703150331,1,4,0,1
7043,3,47.41733177621034,50.80345433929422,0,5,1,0
7044,3,50.54574040508904,51.994538894806844,0,5,1,0
7045,3,41.06203922683782,36.433678686834654,0,4,0,0
7046,3,33.895150657480265,34.57662133226057,0,5,1,0
7047,3,41.29742037606691,52.30886939828361,0,5,1,0
7048,3,55.70971804610402,59.16529447318079,1,2,1,0
7049,3,12.02675740739204,57.33898371077843,0,3,1,0
7050,3,60.51806963915502,46.69783885042825,0,6,1,0
7051,3,65.76685781653833,62.660982337997346,0,1,1,0
7052,3,52.53288814394263,56.4628806096986,0,3,0,0
7053,3,86.42248184782608,70.64400745852494,1,4,0,0
7054,3,31.504557473887232,57.03618282992525,0,9,1,0
7055,3,30.240585293911668,39.16871686902586,0,5,0,0
7056,3,54.15850438890157,61.42654500123541,0,4,1,0
7057,3,23.595817130545534,34.61534023928149,0,5,0,0
7058,3,47.97281125875388,53.47923698741853,0,3,0,0
7059,3,58.86245306123368,54.64830395890342,0,5,0,0
7060,3,37.49491342031034,60.7600758492279,0,7,0,0
7061,3,55.97354990048116,34.61630878086771,0,1,0,0
7062,3,84.54242278798195,68.75922361317333,1,3,1,0
7063,3,70.25341258412031,46.94709397416985,0,6,1,0
7064,3,41.869382240929895,29.52529113790033,0,7,1,0
7065,3,47.81236893639973,28.281604021261003,0,2,0,0
7066,3,48.85250892215194,57.96910461687929,0,8,0,0
7067,3,23.56374603108484,41.21769118923488,0,7,0,0
7068,3,55.59132394401291,62.84948992896856,0,9,1,0
7069,3,34.5936832355639,33.745065477938645,0,5,0,0
7070,3,64.9542581116311,60.80385162935349,0,4,0,0
7071,3,43.14093039211185,63.25643541820117,0,8,1,0
7072,2,54.7472534114328,48.053173514132396,0,5,0,0
7073,3,21.384166595965723,23.464285438121664,0,6,0,0
7074,3,24.255216540303984,29.068768088014508,0,4,1,0
7075,3,55.672008102075154,39.679562095021666,0,3,1,0
7076,3,44.42634757543904,56.8132788919932,0,5,0,0
7077,3,39.443163302741105,37.25263634652577,0,3,1,0
7078,3,52.59723474314751,48.50243550818042,0,2,0,0
7079,3,100.0,31.631153917659336,0,3,1,0
7080,3,75.5989497649486,60.63843906421871,0,4,0,0
7081,3,0.0,38.12546395516744,0,6,0,0
7082,3,37.135423634786754,44.802375451988546,0,7,1,0
7083,3,49.983725017125956,52.76930404212257,0,5,1,0
7084,3,69.63967552325659,56.919052894570946,0,5,0,0
7085,3,23.24339955716996,25.078352841341392,0,1,1,0
7086,3,69.47317857873716,63.272206879870915,0,4,0,0
7087,3,36.958097695172526,33.18147443723042,0,3,0,0
7088,3,47.853790006075045,52.207669602316685,0,2,0,0
7089,3,43.201022469303695,39.09124703643178,0,7,1,0
7090,3,55.79259649374714,32.819482763359254,0,2,1,0
7091,3,49.57991595750998,43.1822086174182,0,6,1,0
7092,3,49.10698913264196,54.43976159903344,0,8,0,0
7093,3,54.30267530403976,47.16795402162934,0,8,1,0
7094,3,57.56817797991255,41.73807256989973,0,4,1,0
7095,3,38.74750023440432,52.73591297296094,0,4,0,0
7096,3,30.01319053279225,36.76653885879753,0,1,1,0
7097,3,33.66449375957214,56.71585321659842,0,8,0,0
7098,3,56.120596852226114,51.77922739138128,0,5,1,0
7099,3,81.6558266276243,62.67309240648508,1,3,1,0
7100,3,51.3456870136812,55.71289940374761,0,6,1,0
7101,3,28.801479521985364,53.642074467673346,0,9,0,0
7102,3,51.208081427284476,43.68322017253394,0,5,1,0
7103,3,32.49961279647076,47.192769364713314,0,9,1,0
7104,3,53.24105239164354,55.28595594785074,0,8,1,0
7105,3,52.79242414370819,40.10339223120905,0,4,1,0
7106,3,43.40819660430685,50.914414863951855,0,4,1,0
7107,3,38.279577356132634,40.60393214052876,0,8,0,0
7108,3,44.388940944931214,57.28023246163194,0,6,1,0
7109,3,48.57342951471773,40.02735956416316,0,6,1,0
7110,3,72.92147252582406,65.09646931048304,1,4,1,0
7111,3,50.316999350121485,63.35034507086872,0,6,1,0
7112,3,37.38404801294625,30.555968278886024,0,3,1,0
7113,3,45.64954058068141,40.10261294498882,0,1,0,0
7114,3,46.29235328335533,45.92798543400375,0,1,1,0
7115,3,87.65328121642432,84.60354672663033,1,9,1,1
7116,3,62.432587314204966,63.46634619832264,0,7,1,0
7117,3,66.92240657439743,48.32007369135285,0,3,0,0
7118,3,64.42112280457854,54.18852314393908,0,2,0,0
7119,3,65.692599987083,69.70614740879597,0,8,0,0
7120,3,45.70093901265405,47.219918587587046,0,4,1,0
7121,3,62.254910409438686,65.44700591518907,0,5,1,0
7122,3,87.30665573934246,91.84037183453513,1,7,0,1
7123,3,44.77844451186387,59.97020237336093,0,3,0,0
7124,3,71.42465312683885,58.81139686516537,0,2,0,0
7125,3,34.648445224379216,29.793542309163655,0,1,0,0
7126,3,42.12733609921886,49.24968046590135,0,6,1,0
7127,3,0.0,51.94679474838838,0,10,1,0
7128,3,78.93008201297356,70.43424155459397,0,8,0,0
7129,3,62.89232665102339,62.27747758348564,0,7,1,0
7130,3,64.97960364517631,62.37386376082202,0,4,0,0
7131,3,50.177226454551764,39.77892852846074,0,4,0,0
7132,3,72.07302945068963,57.637135266519515,0,2,1,0
7133,3,63.1821982993796,64.67647429972682,0,7,0,0
7134,3,60.85200187028544,65.35531986508124,0,8,1,0
7135,3,47.368753755243866,44.2467401463374,0,4,1,0
7136,3,32.7238877058216,28.65575460323656,0,5,1,0
7137,3,49.8754584565912,49.77045074039826,0,5,1,0
7138,3,53.61292439538792,50.54041458692467,0,4,0,0
7139,3,46.09625607742421,40.84518087381205,0,6,1,0
7140,3,54.63105552023903,46.45064727784044,0,1,1,0
7141,3,25.43685956759378,16.600571255173342,0,5,0,0
7142,3,44.426665036312265,49.112125031705006,0,6,1,0
7143,3,30.48378960865898,38.73454534364064,0,4,1,0
7144,3,63.15182406790246,76.50276389509536,0,6,1,0
7145,3,67.95617744329503,52.95409380481537,0,7,1,0
7146,3,49.92876001745724,37.825081336217984,0,1,0,0
7147,3,23.691358631561208,30.479499617432932,0,3,1,0
7148,3,34.34966099288104,17.370913506735786,0,2,1,0
7149,3,57.87966758637899,54.25371309469849,0,3,0,0
7150,3,68.94764517240691,72.98042057624133,0,6,0,0
7151,3,30.627100184053432,41.764931994045185,0,5,0,0
7152,3,51.20549827128847,55.898589371489265,0,6,0,0
7153,3,14.050177929669413,24.638761478531208,0,9,1,0
7154,3,53.34389458719517,35.71503785232812,0,2,1,0
7155,3,48.24454738777618,36.089322299974356,0,3,1,0
7156,3,77.15186232880038,78.66964079188753,1,8,1,0
7157,3,52.37148295962851,35.291833077870756,0,5,1,0
7158,3,62.05414828016268,51.635613543133836,0,4,1,0
7159,3,100.0,59.563416436004864,0,4,0,0
7160,3,60.30427055958839,47.49935161819778,0,2,0,0
7161,3,64.76033989690917,52.902519679562694,0,5,0,0
7162,3,56.405905702674076,41.60993478263229,0,5,1,0
7163,3,62.799401135192724,51.871770767141136,0,5,0,0
7164,3,63.7665826589978,44.428030655433695,0,4,0,0
7165,3,46.00576859854584,40.51236836879153,0,7,1,0
7166,3,51.24398818951198,38.55217960978379,0,3,1,0
7167,3,31.763118957388556,34.517974194706035,0,4,1,0
7168,3,52.00560473244585,53.19065470735937,0,6,1,0
7169,3,50.582972698155295,55.00478283525301,0,9,0,0
7170,3,48.60560029317694,58.041261864570615,0,7,1,0
7171,3,50.66945212290447,48.569812445911055,0,4,1,0
7172,3,26.99185930813772,30.37557089368556,0,2,1,0
7173,3,52.30808367122218,55.000446507375514,0,6,1,0
7174,3,59.460479663880896,40.183693822443246,0,3,1,0
7175,3,44.104867843885735,35.89530096537367,0,5,1,0
7176,3,55.395628803815896,53.100424004362836,0,5,0,0
7177,3,54.78060442074718,47.71647533288364,0,6,1,0
7178,3,45.155533659394315,61.529638732704186,0,9,1,0
7179,3,33.39953200082342,42.36322295652566,0,3,1,0
7180,3,76.33388790243764,63.79362901441175,0,6,1,0
7181,3,45.39001030095086,36.97411323772748,0,3,1,0
7182,2,36.289110385180315,22.15922904372119,0,6,1,0
7183,3,44.4318311458379,48.85499398870499,0,5,0,0
7184,3,30.425480556407713,43.48069032332778,0,7,1,0
7185,3,45.746184027306064,44.39993171660786,0,4,1,0
7186,3,57.772410656472545,41.16175055039293,0,5,1,0
7187,3,76.76652285311792,59.34860924375025,0,7,0,0
7188,3,62.00871213827751,50.82128633326606,0,3,1,0
7189,3,63.95614977989175,65.40173911561398,0,1,1,0
7190,3,56.540398956020994,65.06751030544615,0,9,0,0
7191,3,43.08529418701878,31.39195852141293,0,4,0,0
7192,3,78.19288363822078,53.31907413041184,0,5,1,0
7193,2,31.273173253628865,56.56141607138767,0,5,1,0
7194,3,28.30161212050346,29.51108582683649,0,7,1,0
7195,3,53.50264342274291,69.75910849404939,0,9,0,0
7196,3,50.18859486722936,40.418194311587385,0,5,0,0
7197,3,52.3299520831557,57.110432003496705,0,4,0,0
7198,3,77.48327522909072,71.97644144306454,1,3,0,0
7199,3,32.907732520857174,20.303344370011835,0,3,1,0
7200,3,37.37942821331956,39.07671320736449,0,4,1,0
7201,3,71.1120233308684,59.9737771878256,0,1,1,0
7202,3,22.729895407135846,30.69091835799334,0,3,0,0
7203,3,61.801483089344295,46.559695621669064,0,6,1,0
7204,3,53.436062108826754,48.97686176558639,0,6,1,0
7205,3,63.244471427128246,62.06534603438171,0,6,1,0
7206,3,76.03500098735478,38.453909336870915,0,3,0,0
7207,3,30.71358891181412,30.194568556230895,0,6,1,0
7208,2,70.33690588024093,65.08485722764574,1,9,1,0
7209,3,93.86778759986436,56.369500794584816,0,4,1,0
7210,3,39.612330868198235,21.99389195664667,0,3,0,0
7211,3,46.3359722465878,36.03001310586764,0,0,1,0
7212,3,59.74049878000438,54.78295560439783,0,10,1,0
7213,3,28.119648679887575,81.2938313693718,1,11,1,0
7214,3,0.0,23.821244489803,0,2,1,0
7215,3,32.49571825590182,46.98281152755832,0,7,1,0
7216,3,43.05788234392906,60.91142945554859,0,7,0,0
7217,3,55.45052338076114,54.24604415791772,0,1,0,0
7218,3,49.53700124505213,49.28312585328335,0,7,1,0
7219,3,64.92605896998168,47.54647577255166,1,3,1,0
7220,3,67.48413896869255,44.72835788281129,0,1,0,0
7221,3,62.53704922081407,54.18160139466728,0,6,0,1
7222,3,57.82941323855758,44.91547708764666,0,4,1,0
7223,3,58.838786553544665,55.12783221510586,0,7,1,0
7224,3,29.83364470587753,34.188022111265965,0,5,1,0
7225,3,67.52636610082016,67.58495578837965,0,5,1,0
7226,3,67.38443053114382,60.18117363478349,0,10,0,0
7227,3,61.76430585476573,53.66439110313223,0,3,1,0
7228,3,71.9664040756381,57.19144056058696,0,3,1,0
7229,3,56.64352823683851,45.79994905011057,0,5,1,0
7230,3,47.521237929806496,48.40356579717054,0,4,1,0
7231,3,51.805698183985896,57.221932669157,0,9,0,0
7232,3,23.02429773082401,20.965901279382773,0,3,0,0
7233,3,61.55898677173934,44.623884781681944,0,6,1,0
7234,3,61.45084646913137,47.20495843647013,0,5,1,0
7235,3,18.36639031261513,19.079540281798696,0,3,0,0
7236,3,58.188407278567276,37.82504818094737,0,9,1,0
7237,3,63.40077509635669,67.77835885321538,0,5,1,0
7238,3,31.906892766985322,41.70873113258446,0,4,1,0
7239,3,50.42797811845734,59.5214298750697,0,10,1,0
7240,3,34.101865644579796,19.25537424177822,0,0,1,0
7241,3,66.23805306547844,59.62309542749727,1,9,0,0
7242,3,36.78483889242286,41.40556714418006,0,6,0,0
7243,3,50.73904253481942,38.906963762386226,0,5,0,0
7244,3,49.35833843079987,59.11746200559269,0,9,1,0
7245,3,46.7784392549266,50.79553743857875,0,4,0,0
7246,3,35.341229195874945,47.19148110459637,0,10,0,0
7247,3,96.11066206543927,46.89034373067781,0,7,1,0
7248,3,21.397943735832,23.96858339118173,0,9,0,0
7249,3,34.63111948135464,41.47276811627147,0,6,1,0
7250,3,59.28057182132053,56.16198598451861,0,3,1,0
7251,3,74.2281619885863,60.78142609879349,0,1,1,0
7252,3,19.449379847806522,24.699183399769094,0,8,0,0
7253,3,51.60431962194401,63.378955546881706,0,8,1,0
7254,3,26.835349624107373,26.958081967939567,0,8,0,0
7255,3,55.639376096861504,52.070577236553014,0,5,1,0
7256,3,42.839851081365,44.25535625567257,0,5,0,0
7257,3,43.540187066203,43.58373109431693,0,5,0,0
7258,3,5.2137565635522805,35.76429149921665,0,7,1,0
7259,3,81.11029437784774,66.91071098991769,1,4,0,0
7260,3,58.21638963348824,41.20379038921245,0,5,1,0
7261,3,38.245108530323854,39.809090282539515,0,8,1,0
7262,3,28.740523993124484,28.064135331169048,0,6,0,0
7263,3,26.175442850973084,24.397224408306855,0,4,1,0
7264,3,48.384770417512044,56.98510892712139,0,13,0,0
7265,3,34.220107904567705,44.448083409958805,0,5,1,0
7266,3,35.729198595441396,55.62138023671026,0,7,1,0
7267,3,32.509527232467256,40.65341747226965,0,6,1,0
7268,3,58.574215266273725,51.39532334202822,0,7,1,0
7269,3,47.67849016854106,57.482531930711275,0,6,0,0
7270,3,67.26939962855411,60.97472834711729,0,3,0,0
7271,3,11.899385395241767,29.896032571537976,0,8,0,0
7272,3,80.56574422136343,75.97174104183847,1,6,1,0
7273,3,49.09894557299699,51.220644623852685,0,7,1,0
7274,3,56.49926769212196,58.8257174946518,0,6,1,0
7275,3,60.320283348079926,58.89003314501623,0,1,0,0
7276,3,67.12616706976493,68.33740083405532,0,10,0,0
7277,3,62.96132841049852,53.27635396506573,0,7,1,0
7278,3,48.72987797717644,50.437523049786584,0,1,0,0
7279,3,28.83866453953675,47.95765175693595,0,11,1,0
7280,3,46.76032126961747,58.88039959104145,0,6,1,0
7281,3,36.02675417570964,32.63394491213725,0,7,1,0
7282,3,39.17141308627211,41.97092796981677,0,4,1,0
7283,3,46.77308959520556,48.788093205033476,0,5,1,0
7284,3,39.40179374021922,37.5624186497621,0,7,0,0
7285,3,27.55788464902922,50.03618677365664,0,8,1,0
7286,3,66.21904383201772,75.18138066825051,0,10,1,0
7287,3,51.854240890521815,52.45452135909488,0,5,0,0
7288,3,61.987080532581714,47.73690644179488,0,5,1,0
7289,3,62.587861127669164,55.00180412094351,0,4,0,0
7290,3,62.55447694801787,49.558165092494185,0,5,1,0
7291,3,47.66004019514755,46.977281172192974,0,6,1,0
7292,3,52.60554013411038,48.23727598271394,0,8,0,0
7293,3,52.252632898483355,40.47764455173645,0,3,1,0
7294,3,41.56900684591678,50.95574504624995,0,6,1,0
7295,3,62.88656313248714,40.17890068553822,0,5,1,0
7296,3,100.0,62.687314650068394,0,9,0,0
7297,3,29.46961341549388,44.33151719429823,0,5,1,0
7298,3,53.44276319857238,63.554911473473865,0,4,1,0
7299,3,55.64004652902333,63.653521101817816,0,4,1,0
7300,3,32.1790697059246,31.47577072376692,0,3,1,0
7301,3,54.01021173551532,55.21170332774985,0,4,0,0
7302,3,50.6625197165041,58.10988805815506,0,8,1,0
7303,3,45.623571136593355,41.126901158448284,0,3,0,0
7304,3,40.78691035591778,26.6076081038566,0,4,1,0
7305,3,19.759514284584156,24.84471418785895,0,4,1,0
7306,3,37.01911049832241,31.722658070133548,0,6,1,0
7307,3,33.95429928297321,34.21014978071914,0,2,0,0
7308,3,23.518512383410325,25.982348107359183,0,7,0,0
7309,3,53.62709288743617,53.8746092201863,0,6,0,0
7310,3,35.67561194000442,42.76031656995801,0,1,0,0
7311,3,38.984533253810156,45.11061617642469,0,4,1,0
7312,3,63.04575627906484,56.181920065324526,0,7,1,0
7313,3,54.240896469638486,58.754173464773196,0,8,1,0
7314,3,39.3272927787309,51.75895866045157,0,7,1,0
7315,3,72.45561258408125,61.174201207744716,0,3,1,0
7316,3,80.94190944182917,66.43234364289134,1,3,0,0
7317,3,52.044676235428334,64.93133353594942,0,5,0,0
7318,3,100.0,31.423305801076452,0,5,0,0
7319,3,17.647526601471796,38.06321157651239,0,9,1,0
7320,2,45.8286101339288,53.7405909942311,0,3,1,0
7321,3,42.11445093747023,35.30906739160564,0,5,0,0
7322,3,60.95260245820869,45.98429187376367,0,4,0,0
7323,3,49.73916756011872,46.7511261459572,0,4,1,0
7324,3,73.26496418830507,66.22105071802147,0,3,1,0
7325,3,8.599029389073142,42.290729207584775,0,8,1,0
7326,3,54.67220732301351,42.07703662036438,0,7,1,0
7327,3,41.97045155652027,42.95626703439777,0,5,1,0
7328,3,67.70536798233759,53.29368321513394,0,2,0,0
7329,3,41.08344283494636,62.68856144754299,0,10,0,0
7330,3,68.73645459912936,48.33356366225253,0,5,1,0
7331,3,58.11504741220766,47.98191998683167,0,5,1,0
7332,3,42.42517518842259,38.27988283291388,0,8,1,0
7333,3,47.24791612512533,29.055784101297608,0,2,1,0
7334,3,45.445628994957374,65.38014853183724,0,9,1,0
7335,3,74.14770652558582,63.66898217962694,1,2,1,0
7336,3,68.69554881462096,48.95369092834828,0,1,1,0
7337,3,70.3118608525923,53.12778500509278,0,7,1,0
7338,3,51.069966029762355,42.77309284470456,0,6,1,0
7339,3,34.346871221439436,41.00107997824616,0,4,1,0
7340,3,48.534611891322236,39.91312683776678,0,9,1,0
7341,3,61.47195331214436,47.61743190554769,0,4,0,0
7342,3,22.79158184877027,21.292195252891208,0,6,0,0
7343,3,35.49773979160531,33.52135452251459,0,5,1,0
7344,3,36.77705486253616,40.452774328465836,0,4,1,0
7345,3,54.23343499714293,51.55671072230182,0,7,1,0
7346,3,51.339399466541444,36.45840589923775,0,4,1,0
7347,3,57.74248861540716,60.88249151621452,0,8,1,0
7348,3,32.540222561995066,44.87783514489937,0,8,1,0
7349,3,53.601234298833866,58.712396110212744,0,3,1,0
7350,3,54.392767288715326,48.92735576061482,0,4,1,0
7351,3,41.310238461948,37.25144077932365,0,7,1,0
7352,3,61.59076358345656,38.086309207263675,0,2,1,0
7353,3,45.37629660561614,53.67548643748065,0,7,1,0
7354,3,41.56308793442836,45.24341851001359,0,4,1,0
7355,3,100.0,53.934927951939656,0,9,1,0
7356,3,31.99731302305437,29.530756063243274,0,4,0,0
7357,3,54.53158441994307,43.23313059367076,0,3,1,0
7358,3,51.59757962631293,48.79484705731651,0,5,1,0
7359,3,40.81392893659503,50.817552500435404,0,7,0,0
7360,3,37.241343242990816,52.05191329145067,0,6,1,0
7361,3,28.986697981623387,26.37963732029441,0,3,0,0
7362,3,53.220880593103935,61.813918315897126,0,6,0,0
7363,3,43.90960762833984,36.682307766101246,0,2,1,0
7364,3,39.94066138627912,44.49746075362091,0,3,1,0
7365,3,48.6688020183751,45.28666868919112,0,10,0,0
7366,3,63.93038213611607,70.22799118121905,0,6,0,0
7367,3,41.51076699846697,45.236327689776644,0,5,1,0
7368,3,64.36005864082172,68.837540797506,0,5,1,0
7369,3,63.16246554815353,74.88450159038632,0,6,0,0
7370,3,56.145700207625765,55.37986685615382,0,1,0,0
7371,2,45.291763262176644,57.60429977906267,0,5,0,0
7372,3,16.208309995591822,23.30021277991148,0,3,0,0
7373,3,49.31543827158037,48.44373897761624,0,5,0,0
7374,3,53.373100171841706,62.926669734331874,0,13,0,0
7375,3,70.72593614682141,67.27437754367261,0,6,1,0
7376,3,8.682181814042687,30.89946141333815,0,4,0,0
7377,3,42.51756675948315,50.57731872364071,0,5,0,0
7378,3,58.728264247929815,38.3444504835196,0,2,0,0
7379,3,27.605667517998537,27.863264387162513,0,5,0,0
7380,3,46.81024957985756,39.538100496359284,0,6,0,0
7381,3,51.779175226612864,47.85155837301052,0,3,1,0
7382,3,31.107260495406248,42.27742283792841,0,4,0,0
7383,3,46.72320328599659,29.150635252974027,0,4,1,0
7384,3,46.089323536426434,50.454837577896996,0,7,1,0
7385,3,71.34910178807554,74.32980621046953,0,5,0,0
7386,3,32.31809450289493,39.09237091562326,0,5,1,0
7387,3,63.998041872278,56.19633530416853,0,8,1,0
7388,3,55.71807936844722,40.42134866680584,0,5,1,0
7389,3,46.50024733876604,49.25289558856463,0,1,0,0
7390,3,69.80191302000173,61.19965684393195,0,2,1,0
7391,3,44.92219615843724,36.10835729933406,0,3,1,0
7392,3,54.462598862380254,53.73150119996918,0,4,1,0
7393,3,43.365865026862366,48.690770396285096,0,6,1,0
7394,3,0.0,0.0,0,2,0,0
7395,3,12.824892765861104,17.09935432997834,0,6,1,0
7396,3,36.03164262741954,26.60000778980928,0,2,1,0
7397,3,67.43565016427564,57.6069992777202,0,2,1,0
7398,3,59.62027227453545,40.5085373546547,0,3,1,0
7399,3,39.66140223944413,38.3945683431163,0,2,1,0
7400,2,86.09876762068829,59.81279468801121,1,5,1,0
7401,2,51.271459267460685,40.51299351428739,0,3,1,0
7402,3,24.169715722170043,15.450518558091552,0,6,1,0
7403,3,53.50445760024851,65.65983707331807,0,10,1,0
7404,3,33.56156064417368,49.89087441107677,0,5,1,0
7405,3,39.42518606514924,33.92365461007464,0,5,1,0
7406,3,48.287896272272484,52.515887258049005,0,7,0,0
7407,3,33.182517558206435,32.878418006882704,0,2,1,0
7408,3,53.15646969123966,68.26858253095703,0,3,0,0
7409,3,43.27869885546447,59.14070970060361,0,9,1,0
7410,3,70.42111194560673,49.673146379621585,0,1,1,0
7411,2,54.99149808186548,42.71381851121587,0,5,1,0
7412,3,37.9598079222495,48.9379029414748,0,4,1,0
7413,3,65.75875719510937,48.05167555106738,0,2,1,0
7414,3,65.05072405409243,57.1441628615481,0,4,1,0
7415,3,59.115987150230175,48.85991945706598,0,3,0,0
7416,3,47.36601539281954,56.958554962266525,0,6,1,0
7417,3,73.7150510152241,66.64860750820291,0,5,1,0
7418,2,43.70299479664213,38.81754981883149,0,6,1,0
7419,3,63.75373896165549,54.7101517388979,0,7,1,0
7420,3,56.10527352080521,58.56989949679183,0,2,0,0
7421,3,29.55935788120485,24.63071784894586,0,5,0,0
7422,3,66.58819981408372,62.75364819312804,0,8,0,0
7423,3,32.303978184384434,54.8157049993171,0,8,1,0
7424,2,58.23955209420371,48.56338805614104,0,3,0,0
7425,3,32.84791508324861,34.38589588118222,0,4,1,0
7426,3,25.532179944791658,39.49522193333458,0,5,1,0
7427,3,48.20129419487653,55.80999713015091,0,8,1,0
7428,3,62.5835386556916,60.08638236820556,0,7,1,0
7429,3,20.299610036626866,49.56583006531805,0,7,0,0
7430,3,58.009210628300195,58.87284360466537,0,7,1,0
7431,3,56.50903026624728,47.93393923372154,0,4,1,0
7432,3,71.92736220374628,56.85226651409801,0,2,0,0
7433,2,38.48360241982343,26.663088091922926,0,4,1,0
7434,3,40.927879922472776,42.50268435899446,0,4,0,0
7435,3,50.667679167794155,52.08659344580309,0,3,1,0
7436,3,60.52022152905603,57.92873055368017,0,4,0,0
7437,3,52.597242114271936,53.34332123759995,0,5,1,0
7438,3,39.316940841457594,45.18410465071739,0,6,1,0
7439,3,25.4481354070744,34.79242335069901,0,5,0,0
7440,3,44.74819623432038,65.93901679408198,0,11,0,0
7441,3,23.850006082063754,41.60714537248117,0,6,1,0
7442,3,58.978091934562634,52.253177840230364,0,3,0,0
7443,3,63.37449246204865,73.5521748044614,0,7,0,0
7444,3,52.228758611208455,51.64132892374696,0,6,1,0
7445,3,44.48215996393466,70.58980427082011,0,8,0,0
7446,3,21.304654792326886,37.139382951756815,0,8,1,0
7447,3,39.84516041617384,40.811104021701006,0,6,1,0
7448,3,73.29164522801852,81.86816673725409,0,7,0,1
7449,3,56.831717539173354,53.95707347155089,0,4,1,0
7450,3,43.089381392038895,44.261852908741105,0,4,0,0
7451,3,64.50053984370408,71.08505815860228,0,6,1,0
7452,3,43.15353370478298,31.666282104526488,0,3,1,0
7453,3,52.68744235805558,47.98960381499821,0,5,0,0
7454,3,58.11384086852781,51.334488430237265,0,2,1,0
7455,3,76.54187258168079,62.22936319331989,0,5,0,0
7456,3,50.41187575389346,46.88804217786066,0,3,1,0
7457,3,40.596637276536335,65.53388713031242,0,10,1,0
7458,3,52.823798860112134,42.52769131600846,0,5,1,0
7459,3,59.527333765811,46.782135040284516,0,5,0,0
7460,3,27.499714953793486,28.966310536086127,0,8,1,0
7461,3,51.693058958556385,43.28117901135191,0,7,1,0
7462,3,24.817292326400132,43.985826628630825,0,5,0,0
7463,3,63.06295459449545,64.54385784341343,0,8,1,0
7464,3,51.96528599325221,53.5119461967399,0,6,1,0
7465,3,49.1203781338183,37.300952169937254,0,4,1,0
7466,3,74.61169236468469,39.264703382212126,0,1,0,0
7467,3,58.71445360877359,75.95426789772786,0,7,0,0
7468,3,42.819786435584184,33.83928096883745,0,8,0,0
7469,3,43.60080904567716,51.731044958461425,0,5,0,0
7470,3,72.50267388468617,30.46790109908249,0,4,0,0
7471,3,44.71122719205119,40.34408831640271,0,3,1,0
7472,3,46.80355249555549,38.88696259532837,0,6,0,0
7473,3,49.56834313466686,47.20709152521585,0,3,0,0
7474,3,7.2181672665847,32.645169220564156,0,3,0,0
7475,3,47.647232443180805,38.29000734632917,0,0,0,0
7476,3,38.03467422523621,40.07362331276835,0,4,1,0
7477,3,64.11308981513217,69.27084600562655,0,6,1,0
7478,3,78.1743936714569,50.02115854936718,1,0,1,0
7479,3,44.694337998951276,38.4146090669946,0,6,1,0
7480,3,36.81652332164155,36.98599601205204,0,4,1,0
7481,3,44.06362151600282,58.32288529477059,0,4,0,0
7482,3,21.12676359582888,6.200091495796453,0,5,1,0
7483,3,15.181380021339162,30.87134229008554,0,5,1,0
7484,3,51.19383136779505,57.19226611447389,0,7,1,0
7485,3,29.066932039167423,34.06524175260831,0,4,0,0
7486,3,53.480687775493536,36.969938809893364,0,3,1,0
7487,3,76.0793721927193,68.8768485496358,0,5,0,0
7488,3,69.08988413663326,53.58772214865371,0,6,1,0
7489,3,46.365249124517455,44.682495010388266,0,9,1,0
7490,3,50.63906419350684,66.09986243637788,0,6,1,0
7491,3,37.843554154546375,55.83732559610952,0,7,1,0
7492,3,7.499995465591985,14.381090806576088,0,3,1,0
7493,3,66.2743578788672,71.37108547988463,1,2,1,0
7494,3,42.147343787054325,39.9269273348093,0,3,1,0
7495,3,51.2132114263443,53.813039883758826,0,5,1,0
7496,3,37.11683494956433,42.237040617143435,0,8,1,0
7497,3,74.83361179346217,55.279511100791424,0,6,0,0
7498,3,58.777437121108974,44.00162743983005,0,3,1,0
7499,3,51.95148059826946,60.49782754402773,0,7,1,0
7500,3,70.63180117350653,65.81503893652742,0,5,0,0
7501,3,78.4257965080834,83.48688044713501,1,7,0,1
7502,3,69.025715626833,48.46034995351414,1,1,1,0
7503,3,53.90755542044551,49.359911295313246,0,2,0,0
7504,3,54.586700184470075,39.74552070716587,0,3,1,0
7505,3,52.61038709627677,54.290820040949015,0,5,1,0
7506,3,49.0339149500458,57.15574938614614,0,5,0,0
7507,3,73.7625046958144,63.64993806094836,0,5,0,0
7508,3,43.290905313044114,64.43261515215924,0,11,1,0
7509,3,77.29845343878034,66.88994167436346,0,7,0,0
7510,3,49.0598328590369,46.0314506599064,0,9,1,0
7511,3,61.90119774060001,67.7806056655433,0,4,1,0
7512,3,77.93683039003706,62.88344329219819,1,8,1,0
7513,3,56.76186258290836,59.10795243851042,0,2,0,0
7514,3,69.0916770647677,49.066382802718415,0,5,1,0
7515,3,51.605836125562426,45.06139215455182,0,4,1,0
7516,3,70.39061562439359,72.36147149649102,0,7,0,0
7517,3,30.293216594045496,29.91701710050548,0,7,1,0
7518,3,18.015105283675723,35.55663257324796,0,7,0,0
7519,3,42.189765118435574,53.05535181280871,0,5,1,0
7520,3,40.92731183063385,47.09784584655403,0,5,0,0
7521,3,52.2136465623936,41.90758914869214,0,4,1,0
7522,3,50.23899986389186,45.40915435169661,0,2,0,0
7523,3,60.147318716314025,42.508918827176856,0,3,1,0
7524,3,54.07419431596178,53.35830560928736,0,6,1,0
7525,3,39.85834080197317,40.526897641046936,0,3,1,0
7526,3,50.923724591013006,40.62637119444388,0,5,1,0
7527,3,61.8591295518635,61.1566805021738,0,8,1,0
7528,3,50.195314935014345,45.25890554446907,0,5,1,0
7529,3,35.00487185476584,39.31820991168956,0,5,1,0
7530,3,37.13384939203272,38.6614205655558,0,7,0,0
7531,3,60.75806184147224,55.20243279838464,0,4,1,0
7532,3,45.40053132823819,30.457942111725934,0,3,0,0
7533,3,75.35419188153213,73.12567534630274,1,3,0,1
7534,3,55.30472697465032,50.73823526658925,0,4,1,0
7535,3,37.1573964494237,43.113189194336485,0,3,0,0
7536,3,37.34323249395725,48.27095440092164,0,5,0,0
7537,3,49.02707190940713,44.59670422628877,0,5,1,0
7538,3,51.53090219405689,50.032614730029984,0,5,0,0
7539,3,60.40236724795614,57.1499902139092,0,3,1,0
7540,3,45.509475228307565,59.54760190141821,0,7,1,0
7541,3,45.496597027083766,39.32772989732828,0,5,0,0
7542,3,49.4294232189565,50.709655165564314,0,5,1,0
7543,3,66.72406840950154,48.071591309277416,0,5,1,0
7544,3,100.0,51.35208974621981,0,7,0,0
7545,3,51.24579828890954,49.586062098555374,0,5,1,0
7546,3,39.30102484936661,57.306009295938786,0,5,1,0
7547,3,62.24289834959427,47.43409155912226,0,5,0,0
7548,3,22.937807388343447,30.091935195574692,0,7,1,0
7549,3,54.70288554701632,49.23634887781731,0,2,0,0
7550,3,53.95643073821794,44.20222700371337,0,4,1,0
7551,3,68.01700095605568,58.503116840780564,0,8,1,0
7552,3,49.845250834480474,46.15992010266508,0,5,0,0
7553,3,53.69133500774129,79.12698691242537,0,8,1,0
7554,3,45.6172761424187,59.51758808874673,0,7,0,0
7555,3,66.98110252694268,58.62289004430108,0,7,1,0
7556,3,47.37799900319351,47.47824799680176,0,4,1,0
7557,3,45.07220212465679,38.560168245502474,0,2,0,0
7558,3,64.35010825239888,60.534116054359906,0,8,1,0
7559,3,40.2585453380989,47.77155798621865,0,3,1,0
7560,3,43.14540823205731,51.29209102336154,0,5,1,0
7561,3,38.24864656523635,48.337754796891495,0,7,1,0
7562,3,42.68436430419128,52.89607360911314,0,2,1,0
7563,3,44.44873459843269,52.79873882738951,0,5,0,0
7564,3,43.16268860595381,53.47854579434761,0,6,1,0
7565,3,36.992306758631926,39.32390047865232,0,9,1,0
7566,3,70.5784365881665,55.414006308650414,0,7,1,0
7567,3,73.46092683443652,67.22932641516789,1,5,0,0
7568,3,71.64559571535332,43.52735139815013,0,3,1,0
7569,3,10.04943977849775,32.81217461086464,0,4,1,0
7570,3,80.51227559552076,72.73641611450005,1,7,0,0
7571,3,57.261502623327814,61.284342475889545,0,7,1,0
7572,3,53.65678273128136,67.97683026115939,0,9,1,0
7573,3,61.608624904307945,67.36520304949397,0,9,1,0
7574,3,68.63970098844332,59.78718807365735,1,1,1,0
7575,3,51.71038470071321,59.51661083375863,0,1,0,0
7576,3,22.034707433673606,33.914357061525784,0,5,0,0
7577,3,72.4427419742967,68.14537515909284,1,4,1,0
7578,3,62.46611402589053,41.970265131958506,0,4,1,0
7579,3,59.36872991815506,41.88016330327711,0,3,1,0
7580,3,39.41470773405716,46.98026677443195,0,6,1,0
7581,3,63.619308162735486,61.425717290649104,0,8,0,0
7582,3,40.9368480407696,55.34181016407726,0,12,0,0
7583,3,69.3636275178991,70.73411933627227,1,3,0,0
7584,3,68.56731211221356,51.599039810961216,0,3,1,0
7585,3,53.27206445590441,43.80250065076883,0,6,1,0
7586,3,33.79901211431011,28.58920132025795,0,1,0,0
7587,3,61.34089317347477,43.155720265422026,0,5,1,0
7588,3,50.741204121129286,42.01911129057589,0,5,1,0
7589,3,40.80027026628771,39.59524043549067,0,9,1,0
7590,3,53.67971115986349,43.470806065521835,0,5,1,0
7591,3,22.65762901468947,34.691428258216014,0,7,0,0
7592,3,30.59412027763965,38.32308858346099,0,9,0,0
7593,3,59.12401300250779,87.1314907376219,0,9,0,1
7594,3,41.80191309911281,47.00369924535256,0,6,0,0
7595,3,40.85833667725941,58.2946840293899,0,6,1,0
7596,3,70.53873454279626,66.76441990473471,0,3,1,0
7597,3,41.28228263496546,47.09491540357222,0,3,1,0
7598,3,100.0,35.38998094511539,0,9,1,0
7599,3,66.56276306535392,71.88447005872256,0,9,1,0
7600,3,71.07698027775095,79.67161971818096,0,6,1,0
7601,3,67.4079762579456,62.23550505806757,0,10,0,0
7602,3,45.1308868342353,46.76369270286486,0,3,1,0
7603,3,62.25034867546074,39.65648386312145,0,2,1,0
7604,3,43.45263778498335,33.12869898299823,0,3,1,0
7605,2,35.79584537547465,39.26764076591801,0,4,1,0
7606,3,34.56472589467017,43.377974994807126,0,6,0,0
7607,3,39.68344877715191,48.985704892528474,0,4,1,0
7608,3,45.284477253933645,41.50263343601961,0,8,1,0
7609,3,61.7880154209446,54.29490169681917,0,3,1,0
7610,3,35.42753275726978,45.77286315452143,0,7,1,0
7611,3,93.2156052686085,64.22045071347483,1,4,1,0
7612,3,52.30643655910538,64.55131039795435,0,8,1,0
7613,3,49.83466927294791,41.194858858704976,0,2,1,0
7614,3,47.9829683168176,41.94276154180158,0,6,1,0
7615,3,46.489163091460185,35.56695692300331,0,1,1,0
7616,3,15.979109190730773,29.540163293842944,0,5,1,0
7617,3,25.298464279703623,17.630223214557294,0,6,1,0
7618,3,57.86446095468382,52.50103416268568,0,2,1,0
7619,3,36.877408854746506,49.563152282526275,0,2,1,0
7620,3,88.05292847719328,69.64675843943962,1,2,1,0
7621,2,26.878206938466032,30.59183319851069,0,7,1,0
7622,3,36.763434661916314,52.04083339917083,0,6,0,0
7623,3,50.29226209092067,47.28983437121995,0,5,1,0
7624,3,32.74418052148165,49.602295861704576,0,5,1,0
7625,3,50.965747748957334,57.6366835232733,0,9,0,0
7626,3,66.11592113846689,59.82906069180529,0,4,0,0
7627,3,63.437435984763184,71.25245230295039,0,4,1,0
7628,3,42.41814092329846,39.27747271376478,0,4,1,0
7629,3,28.588368839652222,19.653658436610858,0,2,1,0
7630,3,42.942384024834986,32.80411962400672,0,5,1,0
7631,3,61.975484517179794,47.12183979646593,0,3,1,0
7632,3,43.800166645668824,43.5338503831872,0,4,0,0
7633,3,50.023160887752226,48.072571724840074,0,5,0,0
7634,3,50.02304436494455,60.35674858883799,0,4,0,0
7635,3,58.74361739848625,64.681394287354,0,10,1,0
7636,3,55.78787821330706,55.109438309723444,0,3,1,0
7637,3,35.04133454734893,51.18841014696589,0,5,0,0
7638,3,69.47805487578728,50.65636745973393,0,5,1,0
7639,3,70.17898013474021,70.59196273353999,0,3,1,0
7640,3,48.8598380103032,46.089350045228954,0,3,1,0
7641,3,33.74701936872179,26.298607057859194,0,4,1,0
7642,3,69.85785707739842,48.1524525338577,0,3,1,0
7643,3,64.3178176755836,60.39233071005087,0,3,0,0
7644,3,51.916825467512865,43.61113307399248,0,6,0,0
7645,3,44.28989096641809,41.11709236136506,0,8,0,0
7646,3,56.04430574716355,40.01788365681383,0,3,1,0
7647,3,21.48039444948962,38.23050713690837,0,7,1,0
7648,3,29.447303591536865,23.599819497399054,0,3,1,0
7649,3,49.11062709737506,37.916046624624464,0,4,0,0
7650,3,49.991723937714404,51.50167045997842,0,3,0,0
7651,3,55.34776139661553,39.78295837529735,0,5,1,0
7652,3,54.138200023141195,54.5781029465669,0,10,1,0
7653,3,46.31128131383036,56.19786240855514,0,10,1,0
7654,3,50.350687990671176,49.12902578722207,0,4,1,0
7655,2,45.653290177340565,43.508115106662515,0,6,0,0
7656,3,44.36554833493708,39.45272476804535,0,8,1,0
7657,3,44.27142287977522,43.80177095617189,0,3,1,0
7658,3,58.55973460712865,56.84463187344305,0,7,0,0
7659,3,41.689203795061196,29.86598468461039,0,4,1,0
7660,3,54.52390282638603,42.95023401981707,0,2,0,0
7661,3,46.84219021784174,40.383828005693566,0,7,1,0
7662,3,74.4747361625958,60.03682278499673,1,2,1,0
7663,3,62.192781768369585,66.146395690412,0,7,1,0
7664,3,40.71799616895052,33.41141996182943,0,6,0,0
7665,3,43.737912531891006,47.24847312388697,0,6,1,0
7666,3,54.958314191728256,53.80553565225183,0,5,1,0
7667,3,29.13482954681387,35.72072622060269,0,8,0,0
7668,3,73.96334758610442,54.09031886583193,0,3,1,0
7669,3,79.82005905922684,59.9858130074157,1,4,1,0
7670,3,51.136576707007556,49.83823498492631,0,8,1,0
7671,3,35.40044747588984,29.363803911086034,0,4,1,0
7672,3,69.49241929517535,48.09513577482583,0,6,0,0
7673,3,56.79300890879641,50.78729931244297,0,6,1,0
7674,3,68.43877006238482,68.26464091692095,1,7,0,0
7675,3,42.98686596497292,34.67732672972668,0,4,1,0
7676,3,39.073714694498186,25.657559279625737,0,3,1,0
7677,3,27.533498086463016,24.566107050432276,0,3,1,0
7678,3,46.4175474347347,42.17231594332215,0,2,0,0
7679,3,29.61011764856241,22.084694077533975,0,3,1,0
7680,3,72.30072508915785,62.97369602731386,1,3,0,0
7681,3,54.9199099079939,49.66726132144596,0,4,0,0
7682,3,84.1293287049333,69.00070637086047,1,4,1,0
7683,3,43.978238228250746,34.50397522573875,0,3,0,0
7684,3,67.45685571366117,63.44977899718966,0,5,1,0
7685,3,21.340500250311642,37.39356833195776,0,1,0,0
7686,3,30.95054426529192,34.21793158304383,0,5,1,0
7687,3,31.585343782390325,45.72657102477628,0,10,1,0
7688,3,63.212696685399784,49.40202591121816,0,3,1,0
7689,3,80.48455034038926,81.5354648290272,1,3,1,0
7690,3,41.58624533347175,44.44666908056354,0,6,1,0
7691,3,47.51036171844516,75.05486157075951,0,11,0,1
7692,3,68.91230112358812,53.885233931853605,0,3,0,0
7693,3,40.07216736064503,41.21640019578483,0,9,1,0
7694,3,59.10678852539056,54.82838496006204,0,11,1,0
7695,3,48.14846079613713,59.602846122257816,0,6,1,0
7696,3,22.23707418916446,33.801127996715934,0,2,1,0
7697,3,50.089662706311415,58.75257433025017,0,4,0,0
7698,3,72.10888496366455,62.512887179612996,1,5,0,0
7699,3,42.88215295069191,42.42499039050439,0,2,1,0
7700,3,65.77247347482228,54.56484598075814,0,2,1,0
7701,3,42.84588619109509,50.519100622092395,0,8,0,0
7702,3,49.41387092332135,53.12755892624627,0,6,0,0
7703,3,29.62184281673492,22.77076629755514,0,4,1,0
7704,3,38.80885460520009,55.376146160431915,0,6,1,0
7705,3,76.4165911963604,64.02391364371185,1,6,1,0
7706,3,36.57390173586062,30.936241642745877,0,5,1,0
7707,3,63.744090840925296,62.53284371568794,0,5,0,0
7708,3,28.97336240973771,26.964887221063698,0,5,1,0
7709,3,57.15708094943679,66.75855507241634,0,10,1,0
7710,3,42.050035650566954,51.969485369617864,0,4,0,0
7711,3,48.148036908896344,59.83940867137117,0,9,1,0
7712,3,39.29147694983393,28.8711990155481,0,2,1,0
7713,3,52.76485650522173,45.868476441994616,0,3,1,0
7714,3,6.13579472819805,9.09277252330684,0,4,1,0
7715,3,40.48788696460562,38.45885964875076,0,2,1,0
7716,3,60.8412664745329,61.06303590211495,0,3,0,0
7717,3,52.9163455384217,52.11499701497747,0,5,1,0
7718,3,76.79988952885955,61.82559383933672,0,5,1,0
7719,3,47.91343771069273,38.37874056247674,0,2,0,0
7720,3,41.971551002734266,35.212078131784345,0,4,0,0
7721,3,80.91268793069463,58.19761821568232,0,10,1,0
7722,3,45.987140509385775,37.17102022474041,0,2,1,0
7723,3,36.99336122312246,21.503239638380265,0,2,0,0
7724,3,59.336055558532166,63.59475450648764,0,6,1,0
7725,3,35.26058942845526,26.937413794888215,0,4,0,0
7726,3,37.33075868765963,46.2876178991635,0,9,1,0
7727,3,58.60900803420986,54.88000100466722,0,7,0,0
7728,3,60.186914496055664,49.201034693349925,0,4,0,0
7729,3,0.0,35.694584276041326,0,3,1,0
7730,3,58.551072673760444,61.95454358007311,0,4,1,0
7731,3,75.3093182736732,59.094945332652,0,3,0,0
7732,3,92.89478668219239,18.87807917074735,0,3,1,0
7733,3,40.892420352842386,33.18019412122947,0,3,1,0
7734,3,0.0,38.29880144950198,0,3,1,0
7735,3,50.24134006111017,41.87499147396751,0,6,1,0
7736,3,41.75590190381217,49.717153793160186,0,7,1,0
7737,3,41.2642527131913,31.658818092187627,0,3,1,0
7738,3,59.07910976390881,59.869505037420225,0,7,1,0
7739,3,50.2294736688177,51.60877900665467,0,5,0,0
7740,3,53.94657319493063,53.050936838246045,0,4,0,0
7741,3,76.9496431467343,70.35765927263215,0,7,1,0
7742,3,26.548542444581376,31.385538642027573,0,4,1,0
7743,3,72.7140851772032,65.78891797727479,0,6,1,0
7744,3,62.5043639088402,56.505084255010644,0,4,1,0
7745,3,40.93088095748315,36.95376702145653,0,2,1,0
7746,3,66.68189169040416,60.05443872419463,0,8,0,0
7747,3,57.55882256406584,38.935127349623244,0,7,0,0
7748,3,8.872814589130684,10.475234156811071,0,2,1,0
7749,3,45.81761072548463,44.27902242048878,0,5,1,0
7750,3,47.19648394322883,30.995150121793667,0,5,1,0
7751,3,100.0,51.764241756033414,0,4,1,0
7752,3,44.106441152095805,33.029941086403156,0,2,1,0
7753,3,55.284147331201986,36.80009390859851,0,3,0,0
7754,3,36.7224583184647,28.50452287856901,0,2,1,0
7755,3,40.81753026998557,43.64335827432632,0,6,1,0
7756,3,50.85661558701487,54.347131443351266,0,2,1,0
7757,3,54.851234680761145,67.09486505118593,0,15,1,0
7758,3,72.7979776277538,68.31563356610697,0,3,1,0
7759,2,52.306413524283094,74.60759207418825,0,8,0,1
7760,3,49.98650194646607,59.93354535294047,0,3,0,0
7761,3,62.92257576753243,40.3647171827285,0,4,1,0
7762,3,51.35761798451488,37.23675984000452,0,3,0,0
7763,3,23.682500597563408,19.041254374909823,0,4,0,0
7764,3,50.52050921970072,56.72595814888634,0,8,1,0
7765,3,46.219930110913225,46.41435325972983,0,5,0,0
7766,3,49.589018156223915,49.212642451286776,0,7,0,0
7767,3,44.819012961690476,49.33747723596866,0,7,0,0
7768,3,39.967119512207404,35.870569892235196,0,3,0,0
7769,3,47.14443347760007,45.85248315724349,0,4,1,0
7770,3,25.081166374080897,21.447246717892682,0,4,1,0
7771,3,37.00801912172874,33.16288613486302,0,6,1,0
7772,3,41.95554008087576,43.10534359948133,0,7,0,0
7773,3,47.84420315114179,57.745644989474044,0,5,0,0
7774,3,67.67933011529296,58.53788396971699,0,4,1,0
7775,3,44.531693485210134,35.35582335377907,0,6,1,0
7776,3,48.258070277316115,62.02376760295009,0,6,1,0
7777,3,42.681752917070945,47.65590247608114,0,3,1,0
7778,3,55.483439716447535,49.24651775999114,0,6,0,0
7779,3,61.53543269080151,48.46133870016286,0,6,1,0
7780,3,36.03154354136361,40.51005268684816,0,4,0,0
7781,3,55.3485271831232,53.96578710465006,0,6,0,0
7782,3,34.83691864145294,26.346189391301916,0,4,0,0
7783,3,83.13718137375831,82.70873131719809,1,3,1,0
7784,3,62.91016111830339,42.75160289336393,0,3,1,0
7785,3,47.44894929116005,40.74263432973771,0,2,1,0
7786,3,47.21829236745407,50.36496821583334,0,3,0,0
7787,3,50.49291105836129,52.16971385695893,0,6,0,0
7788,3,66.44609484932187,60.94427901205131,0,6,1,0
7789,3,75.20130059989957,58.863353378374164,1,8,1,0
7790,3,53.1873835298768,41.77171050523079,0,6,1,0
7791,3,45.322140116829445,63.31081752240978,0,9,0,0
7792,3,85.30804570655073,68.39602446683827,1,3,1,0
7793,3,56.88151625048742,54.47920717367527,0,10,1,0
7794,3,71.41886054212559,70.18788493087936,0,5,0,0
7795,3,53.942143945142206,46.14273495838126,0,5,1,0
7796,3,41.46494039573297,55.66993878755454,0,6,0,0
7797,3,72.95227241957149,63.04017969573563,1,3,1,0
7798,3,33.711154429931646,49.415395933578054,0,3,1,0
7799,3,23.33466668192727,28.676962427911562,0,6,1,0
7800,3,52.534281029365324,65.81331477586373,0,8,0,0
7801,3,62.334456372037934,51.700350548655436,0,6,0,0
7802,3,1.2567116164778007,13.12420308265183,0,7,1,0
7803,3,54.829228912437806,40.28660226986396,0,4,1,0
7804,3,50.62405734941221,49.03514723426961,0,5,1,0
7805,3,44.397199636850985,50.780574661417624,0,4,0,0
7806,3,56.50075081968334,48.78527915911535,0,4,1,0
7807,3,67.49140632599891,45.0058933053858,0,3,1,0
7808,3,63.773951945411476,47.21677631879184,0,0,0,0
7809,3,47.54575286179474,48.77629204265759,0,4,1,0
7810,3,39.48007089751506,49.670817175253816,0,7,1,0
7811,3,65.78373260354391,57.14642142909023,0,4,1,0
7812,3,87.43429430824271,57.60121440356606,0,6,0,0
7813,3,55.44008464454616,55.09346875358272,0,7,1,0
7814,3,57.50739948216748,57.2349253370168,0,8,1,0
7815,3,37.028290468524304,42.57566649893809,0,5,0,0
7816,3,40.41476844365121,34.54665138630951,0,4,0,0
7817,3,64.85300028728982,56.10437949911508,0,1,1,0
7818,3,30.347789330527846,31.90655481691088,0,4,1,0
7819,3,38.01915562199285,43.25809875316562,0,5,1,0
7820,3,37.24931295529127,36.38807901882993,0,5,1,0
7821,3,59.69684255329083,55.94725411440842,0,8,1,0
7822,3,55.89372500771674,57.09151690989071,0,7,1,0
7823,3,50.71668443000017,62.37691999972888,0,7,1,0
7824,3,77.28422377425827,58.83889830787932,0,8,1,0
7825,3,31.378534086909575,34.473096741666104,0,7,1,0
7826,3,51.24191912087139,38.9033427156445,0,7,1,0
7827,3,58.04396987542346,56.76178883899804,0,11,1,0
7828,3,33.054679338783245,39.18393646978711,0,6,0,0
7829,3,63.54013847730875,44.93319043686558,0,6,1,0
7830,3,81.36153307319509,55.22434391367211,0,3,0,0
7831,3,60.425465261980996,62.98773900069763,0,7,1,0
7832,3,50.84652611140857,39.26933421540516,0,5,1,0
7833,3,35.93920198655031,34.627712262349725,0,7,1,0
7834,3,41.4645478328847,45.835784357666974,0,5,1,0
7835,3,35.14277327722933,31.973473353649702,0,5,1,0
7836,3,40.67609971959462,28.08595313341973,0,4,0,0
7837,3,45.124994496386684,45.96615111460726,0,4,1,0
7838,3,34.99085806651311,29.19327044357322,0,5,1,0
7839,3,0.0,42.7371956325366,0,6,0,0
7840,3,64.41073616126982,57.90725114646474,0,2,0,0
7841,3,78.78124956837945,60.620719006711255,1,1,1,0
7842,3,62.5455776011566,51.59346539971324,0,3,1,0
7843,3,23.800621618501356,38.12243261698467,0,8,1,0
7844,3,21.45130416411874,31.07488224260882,0,4,1,0
7845,3,36.47737301696537,47.10155211347769,0,7,1,0
7846,3,49.474230459609586,58.92255374269629,0,5,1,0
7847,3,23.0167106207601,53.64019868092262,0,3,1,0
7848,3,51.49471290251419,43.74512197207359,0,7,0,0
7849,3,40.98228080556937,44.19327909438106,0,11,0,0
7850,3,40.25268460747549,41.49225275119637,0,3,1,0
7851,3,31.881935420299893,27.7675696576206,0,4,1,0
7852,3,25.277812896549765,30.679219418682774,0,5,1,0
7853,3,52.79643089459603,40.34558317318024,0,4,0,0
7854,3,63.15053626163119,64.83522799654746,0,1,0,0
7855,3,38.21308060291482,35.53731852850321,0,3,1,0
7856,3,48.08700506389851,44.30698329292683,0,7,1,0
7857,3,44.62481051679512,34.369235430656886,0,3,0,0
7858,3,58.811773163777474,53.941723561968296,0,4,1,0
7859,3,46.07169837095109,45.005680132676346,0,1,1,0
7860,3,42.678651724484084,52.829402072862926,0,8,1,0
7861,3,27.68137864600224,28.751705483352794,0,8,0,0
7862,3,23.964995956457408,27.60313846122435,0,3,1,0
7863,3,34.37220403243705,21.116381192300565,0,3,0,0
7864,3,93.50473842665274,68.80649887871553,0,10,1,0
7865,3,60.329481399191984,69.42854401224655,0,6,0,0
7866,3,58.14742215908598,43.79326779112584,0,5,0,0
7867,3,26.533620092951846,30.726297133449904,0,3,1,0
7868,3,47.66076136105498,40.882192597538214,0,5,1,0
7869,3,61.927781283348935,63.85362980268071,0,7,1,0
7870,3,31.03248832639196,29.105633380794405,0,1,1,0
7871,3,51.385124578396564,47.85797909153291,0,7,1,0
7872,3,45.248373709616324,60.749562552943026,0,6,1,0
7873,3,65.9752804426209,60.6770195358134,0,2,1,0
7874,3,56.54819913690176,64.12632658407148,0,8,1,0
7875,3,22.256975071959566,23.24999817084528,0,7,1,0
7876,3,48.40003131816433,42.85536721354459,0,8,1,0
7877,3,37.432127927194486,48.24765922895722,0,5,0,0
7878,3,32.90548698487294,26.950696817566218,0,4,0,0
7879,3,98.5424581259992,72.3827633588139,1,5,0,1
7880,3,49.29474870738976,61.05345108439547,0,5,0,0
7881,3,83.10727428031586,71.27342695355776,1,7,0,0
7882,3,41.61480948681348,37.190816587780674,0,5,0,0
7883,3,57.01484937206049,52.861503162270594,0,3,1,0
7884,2,38.812678842849856,36.42278362523812,0,3,0,0
7885,3,38.571322289750015,29.27969179011867,0,2,1,0
7886,3,63.03068599481764,53.16711733156162,1,4,1,0
7887,3,38.971746705715674,50.75565176836419,0,6,0,0
7888,3,48.288770487062386,42.977183366700835,0,7,0,0
7889,3,74.95151417345373,78.14220534162116,0,10,1,0
7890,3,60.06778915897449,22.333786864489014,0,0,1,0
7891,3,62.60191467279902,50.08250720110147,0,3,1,0
7892,3,47.99708653004097,63.368390475856216,0,2,0,0
7893,3,52.45367261270707,41.95323194814344,0,4,1,0
7894,3,89.68137118284564,83.42024723514281,1,4,0,1
7895,3,48.671443108179524,45.98934391265885,0,4,0,0
7896,3,57.791260817754186,58.419328149571726,0,7,0,0
7897,3,31.263554001612754,48.09862954421497,0,4,1,0
7898,3,60.27470614772474,65.38694817055314,0,4,1,0
7899,3,48.31877118990605,31.35849208089506,0,3,1,0
7900,3,61.410735223542446,55.585049106818865,0,4,1,0
7901,3,42.185072847289696,46.312536245630746,0,2,0,0
7902,3,40.88773682790209,43.470502105233074,0,6,1,0
7903,3,45.93068825482039,34.08265873307651,0,4,0,0
7904,3,62.92249426478611,78.64874023088213,0,11,1,0
7905,3,42.76127592499617,50.00940652814215,0,3,1,0
7906,3,42.2828786099837,48.00196104419664,0,7,1,0
7907,3,63.068979821611585,54.44539334471437,0,2,1,0
7908,3,74.23793612001968,67.43607335525284,1,6,0,1
7909,3,55.23139668139508,63.20960168124411,0,4,0,0
7910,3,50.39308077705611,58.744628038333964,0,1,0,0
7911,3,71.00656683523096,50.561936950026094,0,5,1,0
7912,3,51.51966101098487,65.418942254395,0,8,0,0
7913,3,54.39175021858666,39.714269851246165,0,5,1,0
7914,3,48.08506158472507,43.14015139823367,0,4,1,0
7915,3,37.07995244703647,32.54446755867067,0,3,0,0
7916,3,54.543339590346896,50.36747758736597,0,4,1,0
7917,3,40.26840326397419,43.7446131012345,0,5,1,0
7918,3,69.49421018540382,55.61679758728277,0,6,1,0
7919,3,48.787824704995785,36.97370724111858,0,4,1,0
7920,3,33.946927034917636,31.584404779052825,0,6,1,0
7921,3,0.0,25.05828097946325,0,9,0,0
7922,3,51.38193893224834,65.11444859493419,0,5,1,0
7923,3,47.99242420734575,36.13012249358196,0,4,0,0
7924,2,40.222685354580385,36.21561581020817,0,7,1,0
7925,3,24.842334219723362,20.471886461372968,0,4,1,0
7926,3,36.22506835053367,27.661219134954912,0,3,0,0
7927,3,47.788645003655745,48.36863919710557,0,6,1,0
7928,3,48.30643962445927,50.76672686839212,0,6,1,0
7929,3,60.37335507784223,46.40070006916189,0,5,1,0
7930,3,34.48698744160549,22.97668997956482,0,2,1,0
7931,2,52.77205534020123,61.770278678720985,0,5,1,0
7932,3,48.9280523626012,45.57200520416318,0,1,1,0
7933,3,64.46290062927352,46.043671309026195,0,3,1,0
7934,3,47.96410355527189,44.14590598308629,0,3,1,0
7935,3,35.83100478642582,28.436999956418273,0,5,1,0
7936,3,70.04092857770722,55.89916670006442,0,5,1,0
7937,3,65.74512595606222,49.44725133850507,0,6,1,0
7938,3,48.825712045954425,47.69734519753577,0,6,1,0
7939,2,32.53914333910546,32.968610330423225,0,2,1,0
7940,3,36.113244190146006,33.70248697494513,0,5,1,0
7941,3,43.07705743497648,45.24059601276439,0,4,1,0
7942,3,47.26086619679323,37.47163977303758,0,1,1,0
7943,3,40.191332396455174,34.23214861504337,0,7,0,0
7944,3,38.14252640218387,36.193079898037794,0,4,1,0
7945,3,55.5296217438382,39.12466501054823,0,3,1,0
7946,3,56.340733281961924,73.55571367961798,0,8,1,0
7947,3,47.878740130712146,33.56329093165285,0,5,1,0
7948,3,58.96450702573978,63.49957991403239,0,3,1,0
7949,3,50.66156964318487,49.62625584922159,0,2,1,0
7950,3,78.90655824316083,49.461053219551715,0,3,1,0
7951,3,39.188853035437724,49.428019814032105,0,2,0,0
7952,3,41.156007086327314,32.93236135709904,0,6,1,0
7953,3,13.807445202339443,15.141379772258542,0,5,1,0
7954,3,47.31183524905265,41.78483932296032,0,5,1,0
7955,3,57.74098661965122,56.57030230327431,0,8,1,0
7956,3,66.22516924273114,59.300672686825635,0,5,0,0
7957,3,61.683928936354626,55.87888577647873,0,6,1,0
7958,3,30.060773199230844,48.2440288639198,0,3,1,0
7959,3,71.6379678716168,63.220087579796136,1,9,0,0
7960,3,58.993260084722365,62.225177765282794,0,5,0,0
7961,3,24.21221706158998,51.125284274010625,0,6,0,0
7962,3,63.17594006657449,57.965714261161466,0,7,1,0
7963,3,31.022668583266555,26.413101525239593,0,5,1,0
7964,3,63.79754825076246,43.44405031115913,0,3,1,0
7965,3,53.29169538238857,56.540048283546874,0,7,0,0
7966,3,54.84992749736229,54.80124376512985,0,7,0,0
7967,3,43.35601654249866,61.83051929964968,0,4,1,0
7968,3,46.856128327706095,37.6031027305101,0,4,0,0
7969,3,20.29692200611729,27.192336518847597,0,4,1,0
7970,3,43.387648438715125,55.20547347309141,0,10,1,0
7971,3,54.03750297101504,65.31255428384993,0,6,1,0
7972,3,85.07739689772033,58.38600217214293,1,2,0,0
7973,3,100.0,43.193410578170194,0,8,0,0
7974,3,70.97811576216583,63.43067322406453,0,4,1,0
7975,3,45.00159623484694,44.13268437250145,0,5,1,0
7976,3,15.914665530952018,17.47744228013853,0,6,0,0
7977,2,16.58591809548107,32.94261222988562,0,9,0,0
7978,3,56.08223021553562,44.9041504192947,0,3,1,0
7979,3,39.079081195389264,49.711770041491974,0,8,0,0
7980,3,43.83886384008769,46.032100090685795,0,4,0,0
7981,3,25.567374229704015,51.89768296979167,0,13,0,0
7982,3,31.069079264922106,49.20244842290343,0,7,1,0
7983,3,66.4053474413733,61.90088691388736,0,6,1,0
7984,3,30.06917054668445,46.20166514746018,0,4,0,0
7985,3,43.605322379411206,31.06136910727235,0,1,1,0
7986,3,73.2122020616961,73.44258266391908,0,7,1,0
7987,3,50.93732052881305,38.72442300524707,0,5,0,0
7988,3,30.205656036860347,47.00157631328176,0,3,0,0
7989,3,52.826449578862835,30.900406008475453,0,2,1,0
7990,3,28.04629677162199,31.051422446081332,0,4,1,0
7991,3,43.29340750693355,44.0271455742752,0,6,0,0
7992,3,40.85957887567977,41.78636577290417,0,2,0,0
7993,3,49.00210339470507,43.45717452763857,0,5,1,0
7994,3,22.96057945606157,27.733288425726293,0,4,1,0
7995,3,54.81899251234916,41.573953980999335,0,3,1,0
7996,3,37.15280582988477,36.33382936939926,0,7,1,0
7997,3,42.15961177052828,61.90236786848299,0,10,0,0
7998,3,50.91440096068216,53.6553622694972,0,4,1,0
7999,3,51.33750357492353,53.53989472149569,0,5,1,0
8000,3,76.14990934109179,68.65833076165107,1,2,1,0
8001,3,73.94888101972059,40.95322311244701,0,6,0,0
8002,3,66.15129039870487,87.06949348182125,0,8,0,0
8003,3,73.52100266449679,75.37499532153375,1,4,1,1
8004,3,30.84664959017257,36.58518699392305,0,4,1,0
8005,3,49.2514119263285,50.63588264650849,0,6,1,0
8006,3,73.58143079808428,65.66459669899182,1,5,0,0
8007,3,57.86014784101294,48.42455106122927,0,7,0,0
8008,3,56.53571644686859,47.38866216433861,0,8,1,0
8009,3,35.869952797948415,47.2648843974345,0,8,0,0
8010,3,53.34274552392445,48.8583953285975,0,6,1,0
8011,3,63.72452822879652,64.34150014446438,0,7,0,0
8012,3,39.7034391144834,34.36366639152485,0,2,1,0
8013,3,42.677779412058,46.76171272038873,0,7,1,0
8014,3,51.743582602418705,57.63095430505162,0,9,1,0
8015,3,53.76531411733606,48.54832646063423,0,2,1,0
8016,3,58.16528762246302,49.6854077093685,0,3,1,0
8017,3,41.84627506090926,37.72535649769264,0,6,1,0
8018,3,51.50761840620287,44.38097729165044,0,2,1,0
8019,3,100.0,27.523419394525703,0,4,1,0
8020,3,62.08210642163128,36.80442191802683,0,5,1,0
8021,3,34.37277498841683,28.02340114495652,0,4,1,0
8022,3,40.87739506017323,41.65026822580489,0,5,1,0
8023,3,34.84689833953377,44.22876362745119,0,7,1,0
8024,3,40.08704109917369,19.678233489231637,0,2,1,0
8025,3,58.86382519194594,45.69711624780707,0,5,0,0
8026,3,82.01608000508703,57.32600227188826,0,6,1,0
8027,3,39.17032884429138,48.29409530433661,0,4,0,0
8028,3,58.68881430333411,57.01499848155298,0,6,1,0
8029,3,62.60315419428888,61.24072358229139,0,6,1,0
8030,3,29.354819917736407,21.911038122910092,0,5,0,0
8031,3,42.040854099590184,46.48006462033118,0,5,1,0
8032,3,27.285173434860795,26.252201226692083,0,3,1,0
8033,3,46.3097110321047,43.363167659072424,0,3,1,0
8034,3,17.188442349057624,43.349591124167375,0,8,1,0
8035,3,30.944341505320857,41.478976639259955,0,6,1,0
8036,3,77.4144455887636,54.51232069398152,0,2,0,0
8037,3,73.65038987187008,65.97405268160884,0,8,1,0
8038,3,45.74171889758716,43.749248413143434,0,2,0,0
8039,3,17.850526979453495,34.201642234720076,0,4,0,0
8040,3,82.34551908272302,52.61862964246939,1,3,0,0
8041,3,74.30491510630102,65.09006440707306,0,5,0,0
8042,3,57.7815979274721,35.436614258267454,0,5,0,0
8043,3,28.085698820159653,37.12353709404377,0,5,0,0
8044,3,57.632302352177604,57.150597204247674,0,2,1,0
8045,3,48.57612180225037,38.15592832773143,0,4,1,0
8046,3,56.85455248534564,54.16675394521091,0,8,0,0
8047,3,64.31576444731104,57.97284375390156,0,5,0,0
8048,3,62.09408658821037,70.64679440055114,0,9,1,0
8049,3,13.386891126187663,22.23254005878688,0,4,1,0
8050,3,40.5116057299766,45.41939027568365,0,5,1,0
8051,3,46.26475850203145,47.8581452580851,0,5,1,0
8052,3,42.680294644689184,53.16358371569209,0,1,1,0
8053,3,38.93328162483114,52.11685572890833,0,9,1,0
8054,3,49.26314866508304,51.170638301410904,0,5,1,0
8055,3,51.289583445842446,59.60850917098687,0,7,0,0
8056,3,57.2195394426103,60.37262934598889,0,7,1,0
8057,3,30.77005093007452,33.34701495023542,0,6,0,0
8058,3,41.952012923483174,30.23968292685906,0,2,0,0
8059,3,41.06203444605271,25.48862820421942,0,1,1,0
8060,3,40.9745597098866,49.39262953002126,0,4,1,0
8061,3,64.62573447552683,62.74569433009104,1,5,1,0
8062,3,62.061063107838194,46.86514195968868,0,0,1,0
8063,3,78.30803842090391,71.90708583194191,1,6,1,0
8064,3,29.596629742267858,40.94565112029622,0,7,0,0
8065,3,57.796712550595466,53.655522667282455,0,5,1,0
8066,3,41.42352761605113,39.893082403602804,0,8,1,0
8067,3,55.27074460455027,66.55318264012959,0,9,1,0
8068,3,21.442222554410932,51.171390669564296,0,5,0,0
8069,3,40.787694381634395,29.73082514226908,0,0,1,0
8070,3,55.14951541205529,55.138802963436575,0,7,0,0
8071,3,51.318427503084614,39.704452015052844,0,6,0,0
8072,3,48.05591656600572,32.559646587235186,0,3,0,0
8073,3,27.923696784097256,41.30094773881529,0,8,0,0
8074,3,60.73697249659251,87.65830525920198,0,10,1,0
8075,3,47.02391590274172,52.19779030951194,0,9,1,0
8076,3,50.62709140223497,54.02076694219876,0,6,1,0
8077,3,60.924303231253866,68.25528265736966,0,9,1,0
8078,3,51.240900043249226,44.93000845300382,0,3,1,0
8079,3,46.14533826240071,40.97554015270993,0,1,1,0
8080,3,46.027069694351056,34.73813123481838,0,3,1,0
8081,3,62.324803333175964,56.62535080027908,0,6,0,0
8082,3,23.076233127477067,37.61899269994193,0,7,1,0
8083,3,75.2757272888924,74.72030683581703,1,4,0,0
8084,3,63.7312279356151,63.16282153357204,0,7,1,0
8085,3,34.390673076269465,40.71680553037317,0,2,0,0
8086,3,60.991517715846705,53.85587404747875,0,4,1,0
8087,3,57.568481196742795,55.85008957215488,0,6,1,0
8088,3,79.29800529322883,59.235855473190306,0,5,0,0
8089,3,60.766894147810305,47.3683582212316,0,5,1,0
8090,3,65.96555962016632,52.24615998152104,0,7,1,0
8091,3,58.75149729767774,55.518413636110694,0,6,1,0
8092,3,40.46644043206793,33.81928768491814,0,6,1,0
8093,3,23.952928520610016,19.242248680656704,0,3,1,0
8094,3,35.79726972987639,55.263173803105424,0,4,1,0
8095,3,28.70070365452814,35.01902263576836,0,4,1,0
8096,3,74.96279726998816,68.01047659527887,0,5,1,0
8097,3,88.6221598094707,78.78665584533854,1,5,1,0
8098,3,54.42925778175783,55.76302752675187,0,4,1,0
8099,3,46.250627667042906,19.53774528596553,0,2,0,0
8100,3,60.78161811014263,44.743343405370666,0,3,0,0
8101,3,78.36877270262222,53.981974596054634,0,5,1,0
8102,3,25.9133758942599,40.959179212225,0,5,0,0
8103,3,53.155075764070816,42.61362594984377,0,5,1,0
8104,3,67.20989337565452,43.70052842715875,0,2,0,0
8105,3,56.648295680468685,38.63053701899125,0,5,1,0
8106,3,64.12507596186308,52.33816825398675,0,1,0,0
8107,3,45.534106594917475,52.45786505052145,0,5,0,0
8108,3,76.60058323677158,66.45251426148883,0,8,0,0
8109,3,45.04313489827154,34.70713512629286,0,4,0,0
8110,3,41.57227307549408,40.93189413163165,0,7,1,0
8111,3,72.14903142900523,51.861889081865904,1,2,1,0
8112,3,38.689138405560556,35.921217250331004,0,4,0,0
8113,3,37.239431403620706,57.78173964915606,0,3,1,0
8114,3,20.516662457485186,27.982832278860542,0,4,1,0
8115,3,28.319161137188747,42.1321444784394,0,7,0,0
8116,3,69.76604448194627,46.321253863263536,0,2,1,0
8117,3,47.63185749188488,48.435162353489176,0,5,0,0
8118,3,49.74095596204059,61.26486461898756,0,8,0,0
8119,3,60.25231230900258,48.17919319645379,0,2,0,0
8120,3,75.56410809247397,64.1563175433492,0,4,0,0
8121,3,34.150497548148266,35.479758084635876,0,7,1,0
8122,3,35.01813479175957,44.373724140569,0,4,0,0
8123,3,65.71339693148147,57.80115200006288,0,9,0,0
8124,3,49.68508257901251,58.92479846051709,0,4,1,0
8125,3,38.29309153827244,22.434986127582274,0,3,1,0
8126,3,66.39712744365306,55.59475886880697,0,4,1,0
8127,3,41.230215650249434,35.2940693396725,0,3,1,0
8128,3,29.0227458915965,35.24481275401303,0,6,0,0
8129,3,66.62848166520116,45.9543110697192,0,3,1,0
8130,3,51.43088453547028,43.52340134281631,0,4,1,0
8131,3,23.383029747542118,41.003384617356915,0,4,1,0
8132,3,49.34899029902513,48.68523575815626,0,5,1,0
8133,3,76.49271713014684,62.78986718929287,0,2,1,0
8134,3,51.306194600652226,47.262716754819884,0,3,1,0
8135,3,63.718766179207385,58.30712896756314,0,5,1,0
8136,3,84.98021870345353,67.90471318642143,1,4,1,0
8137,3,59.95654818107196,57.17500958213057,0,5,1,0
8138,3,65.89187920348714,63.814078004731634,0,5,1,0
8139,3,34.0151494866594,40.18822617082062,0,11,1,0
8140,3,9.804551547805069,36.31190117066691,0,10,1,0
8141,3,100.0,58.41384529881225,0,4,1,0
8142,3,38.983011622170174,57.35886569941402,0,7,0,0
8143,3,75.36777359881515,74.88006906065118,1,4,0,0
8144,3,71.34289473346557,62.24476380007261,0,4,0,0
8145,3,40.53098330299036,50.54482730949089,0,3,1,0
8146,3,40.89091196740434,34.63846206168063,0,4,0,0
8147,3,51.02380622403653,55.916280637255646,0,5,0,0
8148,3,59.42523890444046,68.21006048838383,0,5,1,0
8149,3,63.28558406080263,51.632713159553816,0,3,1,0
8150,3,47.167347500563466,36.79914649231527,0,3,1,0
8151,3,25.34705718546853,25.73864004185657,0,6,0,0
8152,2,35.130950736978654,44.24253283416234,0,9,1,0
8153,3,34.3814277016751,44.98304994128275,0,6,1,0
8154,3,47.42204048345218,32.68944948995668,0,4,1,0
8155,3,57.15201098890204,64.41982689718694,0,7,0,0
8156,3,65.75315969575001,71.12096565461516,1,3,1,0
8157,3,46.70669716138464,29.511283985536714,0,4,0,0
8158,3,40.256800529039865,54.83775195212286,0,4,1,0
8159,3,61.50147326148152,60.66077755558369,0,1,0,0
8160,3,48.47381059942083,40.83199969186665,0,7,0,0
8161,3,62.541200355770314,64.42357568979772,0,2,1,0
8162,3,81.51989505645975,78.91803591940636,1,5,1,0
8163,3,55.356314692234555,50.862721873266885,0,4,0,0
8164,3,44.36039171189211,49.80883108260719,0,11,0,0
8165,3,60.93498325853751,59.47072607673713,0,11,0,0
8166,3,36.10815449237339,59.559043428624165,0,7,1,0
8167,3,18.305879072365848,32.281951308264155,0,7,0,0
8168,3,50.907762096785554,55.955670420361486,0,6,1,0
8169,3,47.699692345115395,47.77461500992176,0,10,0,0
8170,3,31.68999353426929,45.86470043505098,0,5,1,0
8171,3,60.863931951402,56.603930720962616,0,4,0,0
8172,3,64.07853535394683,59.09475194303999,0,3,0,0
8173,3,53.52227031608912,54.519090843582255,0,6,1,0
8174,3,52.096828240580216,54.1090067740255,0,5,1,0
8175,3,60.431021123674554,31.189117444107502,0,3,1,0
8176,3,43.00901716221883,26.74540013312856,0,3,1,0
8177,3,65.53891840334732,70.22816311240751,0,4,0,0
8178,3,56.37048217716732,61.81341800554713,0,9,1,0
8179,3,26.577841127347728,26.880612056715165,0,6,1,0
8180,3,73.77889907655425,60.8416981570033,1,3,1,0
8181,3,87.70837121868297,54.53887315787845,0,7,1,0
8182,3,61.53918232625414,64.05268966918166,0,5,1,0
8183,3,61.473357171933536,50.61604650953232,0,5,1,0
8184,3,71.84156158433686,61.0306646867916,0,2,0,0
8185,3,49.716228262020046,37.09159680577335,0,3,0,0
8186,3,20.714077681396443,40.319709544168,0,5,1,0
8187,3,61.06682575071568,49.53937612959315,0,6,0,0
8188,3,41.93715078444251,45.71889366610046,0,6,0,0
8189,3,62.51805754514317,55.625753432689066,0,3,1,0
8190,3,62.78982337421163,46.78048517599432,0,8,1,0
8191,3,42.6026374102679,49.2953402957178,0,8,1,0
8192,3,48.48252870937871,50.451922236387844,0,6,1,0
8193,3,53.30106396903096,50.04779620865487,0,4,1,0
8194,3,86.65886345664028,64.28545116907944,0,6,1,0
8195,3,49.13507137334734,48.914553220445896,0,2,0,0
8196,3,60.30772755652592,54.79513910776535,0,2,1,0
8197,3,47.19768382348471,54.027860633591786,0,4,1,0
8198,3,34.09642783459893,48.48744505728766,0,6,1,0
8199,3,57.217332211210284,45.77425565841834,0,6,1,0
8200,3,45.70749016492411,46.549407160187805,0,6,1,0
8201,3,38.36571822559753,41.842533119214686,0,5,0,0
8202,3,32.45807021561746,33.924732073657715,0,2,1,0
8203,3,56.65950929095969,57.79222974575356,0,6,1,0
8204,3,39.88835764903533,34.329549965744995,0,0,1,0
8205,2,21.182761200239405,31.233391823436303,0,3,1,0
8206,3,67.81927375976221,62.770949142078294,0,6,1,0
8207,3,39.30604991987771,32.78005559915874,0,5,1,0
8208,3,60.109006936649436,41.57348738095634,0,3,1,0
8209,3,45.30354204377602,56.35233018712115,1,7,1,0
8210,3,19.79736382630522,22.985812448043667,0,3,1,0
8211,3,69.903715089594,61.533997857902875,1,4,1,0
8212,3,49.032021694635475,36.229666232542534,0,3,0,0
8213,3,43.406404020398085,51.85549123460045,0,5,1,0
8214,3,52.444247233794584,37.36515438227163,0,4,1,0
8215,3,31.79367070305657,36.20873258412972,0,5,0,0
8216,3,51.05354288060457,51.725152885336335,0,6,0,0
8217,3,28.620696395320607,27.048408401563858,0,1,0,0
8218,3,59.93576980432857,46.121409436399844,0,3,0,0
8219,3,36.00865107577876,25.948104175562264,0,3,0,0
8220,3,13.735602414677423,9.74997108951641,0,5,1,0
8221,3,63.36169524154858,60.06611570758694,0,5,1,0
8222,3,62.979634271706566,51.31321283442728,0,6,1,0
8223,3,86.87754199832386,63.16253569047536,1,8,1,0
8224,3,62.68508200124143,50.870153580894765,0,7,1,0
8225,3,73.65492462035833,61.14351131151601,1,4,1,0
8226,3,76.51569793535111,69.48705666901745,0,3,0,0
8227,3,54.37519889124611,55.59637346912537,0,6,1,0
8228,3,46.178507586624356,44.13477750094511,0,4,1,0
8229,3,41.50748542583803,29.1284136336281,0,7,0,0
8230,3,38.66574391001248,29.456963703481428,0,6,1,0
8231,3,47.64863182738356,43.5168398334894,0,6,0,0
8232,3,66.30645687995361,65.1524089711232,0,3,1,0
8233,3,58.08011699008769,70.60191612517377,0,8,1,0
8234,3,17.853368928806827,31.42821235618676,0,6,1,0
8235,3,19.5543957374092,4.825274645678699,0,0,0,0
8236,3,37.57675449202131,45.505084878392495,0,7,1,0
8237,3,64.76356049865205,48.272261911503946,0,3,0,0
8238,3,53.60504134946129,62.669179837288674,0,7,1,0
8239,3,30.811723384435915,53.617747789751945,0,7,0,0
8240,3,50.03997617265507,41.513397556892656,0,1,1,0
8241,3,68.0937533764304,66.30389762268514,0,7,1,0
8242,3,56.13921546760084,56.11187758630741,0,5,1,0
8243,3,49.35537187311148,45.62396639438906,0,6,0,0
8244,3,33.125345526624,39.42821683420799,0,5,1,0
8245,3,58.65092702415049,41.92652727564606,0,6,1,0
8246,3,27.46949261343075,48.83621609568206,0,8,0,0
8247,3,47.101115552896935,38.928633947322695,0,3,1,0
8248,3,69.10255438423893,57.80628472750143,0,2,0,0
8249,3,63.55279666563919,61.723582005395656,0,8,0,0
8250,3,80.57951460146322,57.76246102803809,1,3,0,0
8251,3,54.07318163358253,38.0666951305426,0,1,1,0
8252,3,38.06083081500289,36.99446937667491,0,2,1,0
8253,3,62.37273901793341,53.799440355006034,0,2,0,0
8254,3,70.69701797104722,49.15342696288226,0,3,1,0
8255,3,33.55058034594727,35.49155122389897,0,5,1,0
8256,3,55.12480348975718,38.372629971502406,0,2,1,0
8257,3,48.597962068901246,63.2919525537809,0,7,1,0
8258,3,37.642352020469644,36.09844269568546,0,7,0,0
8259,3,62.606750030666554,71.6093195242355,0,6,1,0
8260,3,76.05724327467506,69.19581045500469,1,4,0,1
8261,3,60.92774009064882,59.25452249209849,0,7,0,0
8262,3,14.092187773397798,21.179968444364714,0,3,1,0
8263,3,37.67250536993871,49.620136146058805,0,7,1,0
8264,3,62.545699984568515,59.54136135580847,0,5,1,0
8265,3,46.688480614080724,52.19868054518214,0,8,0,0
8266,3,61.95258294855685,57.662699486294585,0,7,1,0
8267,3,14.182050493200922,29.670846446817716,0,5,1,0
8268,3,90.76335258499579,68.41668025510918,1,6,1,0
8269,3,43.56610267699974,38.60286791377536,0,4,1,0
8270,3,31.016731617785506,32.50098593718324,0,4,1,0
8271,3,68.1945361941504,65.56568138122756,0,8,1,0
8272,3,33.63357692144957,52.282602093612674,0,13,0,0
8273,3,47.63964257976714,51.18458309868889,0,5,1,0
8274,3,61.57712320086811,57.28256519718593,0,6,1,0
8275,3,29.50091808614748,26.14935346309079,0,6,1,0
8276,3,52.903253933483825,52.54094167204134,0,6,0,0
8277,3,30.720240864327735,34.32676313489214,0,3,1,0
8278,3,56.21074902272452,53.448457917776956,0,5,1,0
8279,3,51.168851575212244,53.98749563229677,0,3,1,0
8280,3,100.0,43.11550198366457,0,7,0,0
8281,3,41.693700796046905,50.9445317822361,0,8,0,0
8282,3,62.991669014088174,59.261255588617004,0,6,1,0
8283,3,47.81183446044264,53.32573304712709,0,3,0,0
8284,3,44.73869105867682,51.79192864876088,0,8,1,0
8285,3,35.02373836814435,49.49724349130083,0,5,0,0
8286,3,46.42571286804537,37.84877504036906,0,1,1,0
8287,3,64.19346644188516,45.194158459351186,0,4,1,0
8288,3,69.26750239091413,64.62613497120674,0,3,1,0
8289,3,44.99376303111653,44.176357234411455,0,7,1,0
8290,3,67.09008448860297,63.774458466818835,0,8,0,0
8291,3,48.59339005470632,56.658251045289056,0,3,0,0
8292,3,33.047296092138424,35.675087382043586,0,5,1,0
8293,3,67.30717546395356,53.22652104420385,1,6,1,0
8294,3,46.44589702158367,39.50257858113719,0,6,0,0
8295,3,45.278827033090664,51.05965183178838,0,7,1,0
8296,3,22.754723099801613,39.89140908022898,0,6,1,0
8297,3,74.57086246977643,65.76124468329739,0,4,0,0
8298,3,40.95799185925019,45.54014861011284,0,5,0,0
8299,3,44.25822025973706,33.269759826598936,0,3,1,0
8300,3,43.54885598055021,45.60628273149314,0,6,0,0
8301,3,46.80976922903915,63.16843223514468,0,8,1,0
8302,3,63.10125668984305,52.55514661157021,0,3,1,0
8303,3,77.01086948960453,62.37748700125451,1,3,0,0
8304,3,30.432697902966183,28.742978466913804,0,3,1,0
8305,3,37.1297320096379,41.12772562542796,0,5,1,0
8306,3,53.55564737615485,41.474805232183506,0,6,1,0
8307,3,59.20173096853177,52.85548550988346,0,4,0,0
8308,3,48.81285616926864,53.84965618370701,0,5,1,0
8309,3,68.18638280369657,54.24305894986961,0,7,1,0
8310,3,32.054376306051,47.19698983719173,0,4,1,0
8311,3,68.1763281049578,54.900577419999586,0,4,1,0
8312,3,29.103724663160154,39.28903185631851,0,2,0,0
8313,3,86.0466785731294,60.007552868792,1,3,1,0
8314,3,54.14182027214316,50.99028249600065,0,6,0,0
8315,3,90.47744612232775,74.30728266131007,1,6,1,0
8316,3,47.74240063036179,43.284660065547165,0,5,1,0
8317,3,46.60494082240378,68.64191923730631,0,3,0,0
8318,3,59.13102743262216,61.35072109526442,0,5,1,0
8319,3,33.78060329866679,31.318786287616945,0,5,1,0
8320,3,58.24329880351771,53.16836124270155,0,3,1,0
8321,3,55.289630245653136,45.70587693385747,0,6,0,0
8322,3,61.70542511899006,54.40182626529014,0,2,1,0
8323,3,46.84627020417912,35.2162980646748,0,5,1,0
8324,3,64.12945191931985,58.00094595809905,0,4,1,0
8325,3,50.23462332670245,56.76734517327921,0,3,1,0
8326,3,58.33916583768077,50.5799121427292,0,3,0,0
8327,3,60.80325632637287,45.71739006579714,0,5,0,0
8328,3,57.33112539815655,58.54025161057039,0,6,0,1
8329,3,43.971855085902725,48.13813410025552,0,7,1,0
8330,3,35.18905089747671,55.41291382235822,0,5,0,0
8331,3,50.97431822667296,45.16171873280738,0,5,1,0
8332,3,28.26772196304139,32.8023739443057,0,4,0,0
8333,3,9.168882781219223,39.74545334493762,0,7,1,0
8334,3,60.17296191664806,47.3785934367398,0,6,1,0
8335,3,36.5022801167038,54.16170471390643,0,8,1,0
8336,3,57.08036359900283,45.17148012132605,0,7,1,0
8337,3,59.844957657475916,59.93875258224484,0,4,0,0
8338,2,81.37752606648012,64.50229389158336,1,4,1,0
8339,3,54.70291176660116,37.91325337389207,0,6,1,0
8340,3,32.65119127094415,52.40589811762056,0,10,1,0
8341,3,30.782340658896366,55.17568256590925,0,8,1,0
8342,3,44.57490208837519,44.91971630946337,0,5,1,0
8343,3,52.41459670366908,41.863234705305494,0,5,1,0
8344,3,73.86774044216511,59.79581449194775,1,5,1,0
8345,3,24.451045190020526,29.222499640947554,0,4,0,0
8346,3,39.75083959467484,26.907237248633017,0,5,0,0
8347,3,36.16359615759765,50.36933771285542,0,8,1,0
8348,3,52.58777828499716,56.669648986361985,0,6,0,0
8349,3,75.34483307043106,53.22288102023986,1,4,0,0
8350,3,91.42228772889183,77.55511201791177,1,5,0,1
8351,3,81.48202301527742,71.0859034337187,0,6,1,0
8352,3,37.1578159198153,51.239884853382094,0,3,1,0
8353,3,47.26819586357368,35.46241546625697,0,4,0,0
8354,3,37.56817173661861,32.17492515751189,0,6,1,0
8355,3,34.76500266299008,44.35715511796065,0,7,0,0
8356,3,34.85944125214109,38.43555860285908,0,3,0,0
8357,3,50.32255047288218,52.403151520318,0,6,1,0
8358,3,48.612085615680776,36.20736826010247,0,6,1,0
8359,3,35.298578747970616,40.900095303413515,0,5,1,0
8360,3,37.5542875027647,43.36689960152156,0,7,1,0
8361,3,30.909053655571206,47.96376053954735,0,9,0,0
8362,3,60.535006596478176,53.12444495701555,0,9,1,0
8363,3,69.94236905695557,57.57884570300967,1,3,0,0
8364,3,76.10196632580728,65.51100109467959,1,3,0,0
8365,3,24.173620793720737,29.069296303716648,0,4,1,0
8366,3,49.56678654691723,60.200917090291064,0,5,1,0
8367,3,57.550509308588076,62.74576008273517,0,8,1,0
8368,3,73.33605840688367,47.694141896014955,1,2,1,0
8369,3,67.19250143128282,75.05517668961015,0,8,1,0
8370,3,100.0,77.53380544206803,1,10,1,1
8371,3,83.1638556600442,67.31483790656117,1,9,1,0
8372,3,26.398617948162467,20.493212768604565,0,3,1,0
8373,3,66.62326639813641,68.19586763179538,0,3,1,0
8374,3,50.30867203251086,47.566029913247164,0,8,0,0
8375,3,35.72269116679656,57.37369153096095,0,5,0,0
8376,3,40.8508550750904,50.67087957734355,0,4,0,0
8377,3,55.66956773258551,49.80954763311324,0,3,1,0
8378,3,33.44561259661653,25.284702482349836,0,5,1,0
8379,3,86.87510949437062,85.76542370430951,1,4,0,1
8380,3,36.387772656216335,33.140955468579016,0,7,0,0
8381,3,49.14399226924313,56.59160737285493,0,7,1,0
8382,3,15.695705925215945,15.612812626033302,0,3,1,0
8383,3,54.053591639193904,53.203910252924516,0,6,1,0
8384,3,57.57431545252881,42.357815312086785,0,5,0,0
8385,3,41.29685201685538,52.18062174829929,0,3,0,0
8386,3,67.64817137265592,71.35980270410143,0,9,1,0
8387,3,35.03578725432881,47.37338667103021,0,9,1,0
8388,3,28.69637866817665,33.901247654105084,0,6,1,0
8389,3,69.119241710974,52.5229653867102,0,1,1,0
8390,3,46.76791763200787,61.78854340301942,0,10,1,0
8391,3,62.52461809974742,43.95302880491217,0,5,1,0
8392,3,11.011914780111427,9.917243555576746,0,4,0,0
8393,3,46.25272443660699,54.71762543529645,0,8,1,0
8394,3,61.482299741714876,54.41873685531481,0,5,1,0
8395,3,50.05800247200187,54.963859450790665,0,7,1,0
8396,2,36.68117223604547,39.33572699620801,0,7,1,0
8397,3,45.3415496338566,55.994645285384614,0,9,1,0
8398,3,56.065636606221325,55.274265770710336,0,6,1,0
8399,3,60.184483542075775,52.564739222391104,0,6,1,0
8400,3,27.227599022073846,15.336498127192964,0,1,1,0
8401,3,39.95519059856675,33.316951696852854,0,5,1,0
8402,3,69.31226666047048,74.74508128491283,0,7,0,0
8403,3,41.01145764525668,44.63777884343005,0,10,0,0
8404,3,50.8395736250463,52.875248306347586,0,7,1,0
8405,3,57.66465819606023,62.48145743398566,0,3,0,0
8406,3,83.2924136500132,69.72193198160613,1,4,1,0
8407,3,27.03316680110481,17.148903258407405,0,5,0,0
8408,3,50.965833719884955,51.405517806828954,0,10,1,0
8409,3,33.723609029426676,40.1265415731074,0,4,0,0
8410,3,33.56887801120042,35.45007655578568,0,8,1,0
8411,3,40.432402628458156,38.87056080090782,0,3,1,0
8412,3,63.45906214708166,55.765115449225256,0,3,0,0
8413,3,29.72187663688845,40.40707738629372,0,4,0,0
8414,3,30.72474264577758,43.163890466515966,0,8,0,0
8415,3,53.22081184720216,47.715960350134885,0,4,1,0
8416,3,39.98339846194889,29.20709735942015,0,3,1,0
8417,3,70.30263794162116,60.68964889302415,0,4,1,0
8418,3,68.26190966177337,51.28283235253283,0,7,1,0
8419,3,47.20542725740179,34.59682224273179,0,4,1,0
8420,3,77.91312861728177,66.30985422415368,1,5,1,0
8421,3,69.36976322956328,67.39089299362419,0,5,0,0
8422,3,29.316448059807158,62.330674911020076,0,10,1,0
8423,3,35.41174543893591,50.560210026308255,0,6,0,0
8424,3,41.52122022422133,39.20777761738313,0,4,1,0
8425,3,42.99518340440584,52.30333907888992,0,5,1,0
8426,3,44.45047644454503,40.01718847258378,0,7,0,0
8427,3,41.63234863137536,44.95690177630789,0,5,0,0
8428,3,70.80244028015525,63.531808966193026,0,7,0,0
8429,3,100.0,41.28341267008796,0,2,1,0
8430,3,53.598914015945184,56.88019506820276,0,7,0,0
8431,3,63.822118947813884,49.998252898350074,0,4,1,0
8432,3,36.05506584525807,48.594265976758194,0,5,1,0
8433,3,50.28815501856635,43.67650018290796,0,2,0,0
8434,3,24.51873213375937,43.72689858540567,0,3,1,0
8435,3,100.0,35.2079133636097,0,2,1,0
8436,3,43.88702052932921,51.48199880626804,0,7,0,0
8437,3,74.46011191884163,71.00448514152986,0,4,0,0
8438,3,39.814141613071556,26.373058319314787,0,2,1,0
8439,3,51.98702870659876,50.71198989351998,0,5,1,0
8440,3,73.84859280020935,57.71486263952709,0,2,1,0
8441,3,57.76474149476665,39.030890533307435,0,3,1,0
8442,3,26.03778457963526,35.13578949642678,0,7,1,0
8443,3,38.79054319297202,26.205743578961858,0,4,0,0
8444,3,70.08313148442313,62.11075363622232,0,4,1,0
8445,3,58.71211917429733,48.297909880755604,0,6,1,0
8446,3,54.71166999539539,53.00578674367871,0,6,0,0
8447,3,52.96915530421794,32.9380404519114,0,2,1,0
8448,3,47.54280610240994,52.193985139279945,0,6,1,0
8449,3,26.097461605575486,36.98344715746862,0,3,1,0
8450,3,34.34211558581201,40.951703028285465,0,5,1,0
8451,3,41.378684982994265,29.207494473925752,0,3,0,0
8452,3,46.91739095533714,41.68523412179443,0,7,1,0
8453,3,54.165841437449075,37.19839056555234,0,4,1,0
8454,3,53.78638362514281,38.95812046486553,0,4,0,0
8455,3,27.75189380099073,25.205301846990576,0,5,0,0
8456,3,83.78700596539923,74.51211975451001,1,3,1,0
8457,3,53.983883189613486,46.8898883505495,0,2,1,0
8458,3,71.33674951109494,64.64823617463065,0,4,1,0
8459,3,61.05057867322744,53.73801493155709,0,3,1,0
8460,3,43.375869521209935,32.490943989513916,0,8,1,0
8461,3,65.74829873846916,42.492941694647016,0,2,1,0
8462,3,26.444593432909528,27.600209866771916,0,3,1,0
8463,3,54.13761425316855,57.96953245129445,0,3,1,0
8464,3,35.522627957606225,55.90465604661128,0,14,0,0
8465,3,51.9844795102112,61.44519859299987,0,7,1,0
8466,3,54.574368653007426,52.6149208771785,0,6,1,0
8467,3,41.12451954454035,54.3567834757634,0,7,0,0
8468,3,51.72396541152042,41.16561376967754,0,6,1,0
8469,3,30.183454822374724,35.138018099111065,0,8,1,0
8470,3,51.9490071063554,49.01490151910431,0,6,1,0
8471,3,27.40948890924636,18.13178084268578,0,1,0,0
8472,3,60.43595548071791,54.394480853523,0,4,1,0
8473,3,54.867379806115544,42.207675845485205,0,5,1,0
8474,3,100.0,53.35142273177251,0,3,1,0
8475,2,42.44696436246054,31.46943489565356,0,3,0,0
8476,3,54.96708966828724,54.83187587198319,0,6,1,0
8477,3,62.41958893016125,40.5447744965776,0,4,1,0
8478,3,51.38468788301184,50.74828197322541,0,6,0,0
8479,3,57.006434774343525,46.58863467181653,0,6,1,0
8480,3,27.494340527164116,41.883474727735404,0,8,0,0
8481,3,32.426767241528715,34.362961992936384,0,4,1,0
8482,3,52.76690586974441,37.8355833123862,0,3,1,0
8483,3,42.18798186297412,50.11915553153501,0,9,1,0
8484,3,56.93270192340286,40.837242293270855,0,2,1,0
8485,3,33.97234301379341,28.29363065782822,0,4,0,0
8486,3,51.116025316181975,56.09032893032471,0,3,1,0
8487,3,43.15358504609684,43.506969504147044,0,4,0,0
8488,3,35.16577540605203,48.85271870617741,0,10,1,0
8489,3,60.77843787502868,50.66280690058029,0,2,1,0
8490,3,36.59413235618386,39.68498645198552,0,6,0,0
8491,3,63.36606401552021,47.579548611439556,0,4,1,0
8492,3,57.474454871084184,56.85011211986747,0,3,0,0
8493,3,40.99840915529963,55.14189784452992,0,9,1,0
8494,3,63.352966436849535,70.88546476499867,0,5,1,0
8495,3,49.7085549088665,39.96487602961889,0,3,0,0
8496,3,41.20152772351452,44.83039693445335,0,8,0,0
8497,3,58.912606530007466,71.75074958318655,0,7,0,0
8498,3,20.70707872254449,12.261044707847194,0,1,0,0
8499,3,65.93399836532626,67.10260993428054,0,8,1,0
8500,3,39.83152816086727,30.918622419973662,0,3,1,0
8501,3,53.81509778373742,66.20315905811111,0,7,0,0
8502,3,80.40710480611237,58.87124399755314,1,8,1,0
8503,3,44.371035410295526,50.73440081371334,0,3,0,0
8504,3,71.84108829103305,46.37427505244157,0,2,1,0
8505,3,58.22007058495922,40.420563448556685,0,3,1,0
8506,3,0.0,18.597285268026162,0,6,1,0
8507,3,55.86626157299411,66.59713081624069,0,7,1,0
8508,3,37.227586694976054,42.105301511641244,0,5,1,0
8509,3,26.82424587296027,39.09491540899912,0,4,1,0
8510,3,43.80710856397488,46.295123423693425,0,3,1,0
8511,3,100.0,29.753422366038933,0,2,1,0
8512,3,44.50811888171889,30.78875164088209,0,2,0,0
8513,3,58.71283280536795,64.4762180655735,0,4,1,0
8514,3,41.947910605653206,48.291598945832106,0,7,0,0
8515,3,39.375225946731526,42.402297152735294,0,6,1,0
8516,3,68.56496509496405,63.33866271507081,0,7,0,0
8517,3,47.33992871362679,29.89465430416799,0,1,1,0
8518,3,50.17397789020938,46.84866948220359,0,9,1,0
8519,3,41.72687032380552,49.62698133526849,0,7,0,0
8520,3,42.10779682060532,56.02920954114603,0,4,0,0
8521,3,38.11819093719073,49.41977462472847,0,1,0,0
8522,3,90.15915061691804,84.50069569959699,1,5,1,1
8523,3,60.80427978188516,52.90739350661628,0,5,0,0
8524,3,60.82981495388408,48.17231942848733,0,6,1,0
8525,3,49.49749417768037,56.16804552272674,0,8,1,0
8526,3,47.57942252847426,45.01126495498391,0,7,1,0
8527,3,41.33903673121923,54.51538444995945,0,7,0,0
8528,3,91.17044969592664,49.31854236282779,0,7,1,0
8529,3,40.18957911764422,42.820340803393314,0,4,0,0
8530,3,63.407736128177724,63.01869305208798,0,6,0,0
8531,3,11.628635851369681,14.436072074310136,0,4,1,0
8532,3,67.80086631857361,68.16888653102924,0,3,1,0
8533,3,45.87548443461222,35.158564018368025,0,3,0,0
8534,3,44.79525250061738,37.235620896051095,0,7,1,0
8535,3,36.7926717145963,58.5081984221776,0,8,0,0
8536,3,38.533787731189705,44.29762612903447,0,6,0,0
8537,3,42.673183557600645,46.37718359402054,0,6,1,0
8538,3,51.59114023443371,62.96376476577049,0,7,1,0
8539,3,16.421202682325585,42.37146015386186,0,7,1,0
8540,3,30.773030587902262,24.418667054277815,0,2,1,0
8541,3,35.47304157980976,26.869385320129872,0,2,1,0
8542,3,46.75931734970864,51.53664247007681,0,7,1,0
8543,3,8.993649332604239,57.72726238941386,0,7,0,0
8544,3,47.951463876100526,42.756158031451406,0,4,1,0
8545,3,40.89437505226396,47.03869677120123,0,4,1,0
8546,3,41.67918655092735,46.60807010486198,0,5,0,0
8547,3,43.328249371025436,51.18087259168043,0,6,1,0
8548,3,43.14820476878351,59.46730127250101,0,5,0,0
8549,3,29.987762937923137,32.9517431708717,0,4,1,0
8550,3,57.860691707139644,39.04386777037529,0,5,1,0
8551,3,63.46397835309098,57.26373860975696,0,8,0,0
8552,3,50.785471876923154,29.849470310215782,0,2,1,0
8553,3,52.20914428884238,51.72993522004845,0,6,1,0
8554,3,70.93338096045375,57.779539762739404,1,5,0,0
8555,3,57.95454190880963,56.208905232906375,0,4,1,0
8556,3,58.71503588816779,51.74458334577803,0,8,0,0
8557,3,26.12940225342317,43.20353791401581,0,6,1,0
8558,3,47.47278462205542,50.89566274871051,0,5,1,0
8559,3,38.340815322783115,45.870639465567756,0,3,1,0
8560,3,37.445238096898365,31.674690406142197,0,5,0,0
8561,3,64.78457447407106,54.06351461189694,0,7,1,0
8562,3,49.00852441393417,33.39142058755953,0,2,1,0
8563,3,22.615563063141657,38.04382647991311,0,3,1,0
8564,3,59.57168790827994,59.11313049987802,0,6,0,0
8565,3,49.77875472513504,44.084676803036864,0,1,1,0
8566,3,85.70427698300216,72.2926065507993,0,3,1,0
8567,3,82.24992061712567,46.16990756591095,0,3,0,0
8568,3,51.68001505746011,51.583999950600656,0,9,1,0
8569,3,55.90912709269173,48.485948143681455,0,5,1,0
8570,3,53.8566131642319,50.05328179324886,0,7,1,0
8571,3,66.38836206966296,56.046201405405135,0,9,1,0
8572,3,100.0,64.07399367648925,0,7,1,0
8573,3,35.40016449870526,33.76470245397033,0,3,1,0
8574,2,39.304741107199206,41.40517884619426,0,5,1,0
8575,3,37.83546403398022,38.795070136436514,0,2,1,0
8576,3,37.49740378955358,48.86248336937708,0,5,1,0
8577,3,48.89202504122824,49.36586293023079,0,5,1,0
8578,3,53.05305235664953,36.21457985279507,0,1,1,0
8579,3,28.726339471420836,41.88371396779589,0,7,1,0
8580,3,19.490323855741813,42.221473442599994,0,5,0,0
8581,3,60.25621406146618,55.638564929564836,0,5,1,0
8582,3,46.61175385432047,49.710920673211824,0,9,1,0
8583,3,62.19483896761313,56.89994410382848,1,2,1,0
8584,3,37.00795662020855,56.1177110161687,0,8,0,0
8585,3,21.950194700034842,35.24319223892913,0,8,1,0
8586,3,82.04268049648721,58.70791584749403,0,4,1,0
8587,3,41.87311554713726,35.7430906091666,0,4,1,0
8588,2,65.21840352663484,73.82058618675211,1,7,1,0
8589,3,39.306571002459265,46.68144297762606,0,6,0,0
8590,3,24.821963127384947,32.00841886627349,0,4,1,0
8591,3,69.13796633789991,59.49851886246192,1,2,1,0
8592,3,37.14374181542377,40.892102614679985,0,5,1,0
8593,3,50.48340151408326,43.3864156672183,0,2,1,0
8594,3,40.68618909190607,31.39173321926169,0,4,1,0
8595,3,31.43411133873101,29.00432732073931,0,6,1,0
8596,3,49.938968919674146,48.165100465205555,0,2,0,0
8597,3,53.42351725217048,48.24455457577913,0,8,1,0
8598,3,37.95753340524228,42.564456202547525,0,5,1,0
8599,3,42.46466499975549,35.30847808209383,0,5,0,0
8600,3,52.57965751269594,51.1002379807702,0,8,0,0
8601,3,40.921762794354876,31.182439818287477,0,5,1,0
8602,3,43.29094455331866,50.83488604511569,0,7,0,0
8603,3,65.52312452146435,45.51914462019301,0,5,1,0
8604,3,52.65533628228074,60.58938991264301,0,5,1,0
8605,3,71.04858112535008,76.09327476360569,0,7,0,0
8606,3,59.71265185105194,64.22216832551557,0,8,1,0
8607,3,36.95328590514935,30.292114882336456,0,1,0,0
8608,3,42.823876763611516,22.468853619339868,0,0,0,0
8609,3,52.357953288132535,35.790569730278236,0,2,0,0
8610,3,62.4670548870244,57.81454128999934,0,9,1,0
8611,3,35.686394712784484,32.898751428395215,0,8,1,0
8612,3,59.85457100346257,59.7564278797277,0,8,0,0
8613,3,43.77318087265025,40.08522411994477,0,6,0,0
8614,3,80.45507767303923,55.91848390937071,0,6,1,0
8615,3,66.44000635111202,59.79493053736078,0,5,1,0
8616,3,73.58350761322943,74.70448804203942,1,7,1,0
8617,3,42.054071651411356,53.62062054700079,0,5,0,0
8618,3,36.70293531038716,38.34586526367221,0,4,1,0
8619,3,71.44237656887634,62.72350579669102,0,10,0,0
8620,3,42.64452335954428,56.0451654570837,0,5,0,0
8621,3,32.2496823933858,32.86264194156715,0,7,1,0
8622,3,32.14541630683001,38.29552611397626,0,5,1,0
8623,3,42.08000423796823,37.18941778579014,0,6,0,0
8624,3,44.33914152058858,44.30386088043423,0,8,1,0
8625,3,41.12363202744667,27.981177937793724,0,4,0,0
8626,3,56.131786466034924,46.63709957737756,0,7,1,0
8627,3,100.0,39.289380968836284,0,2,1,0
8628,3,43.171532838240935,41.968196183424574,0,4,0,0
8629,3,70.63025370224996,71.0604610759627,0,7,1,0
8630,3,58.37764536006098,52.38298037852887,0,8,1,0
8631,3,63.548315344902,57.34894731142139,0,5,1,0
8632,3,58.05651953574265,53.57132108590999,0,5,1,0
8633,3,71.14629547171185,51.05566634586056,0,5,0,0
8634,3,38.2981671381366,38.75455707323517,0,4,1,0
8635,3,62.310706555021014,44.66975761410944,0,4,0,0
8636,3,77.47732251202112,63.925218227529456,0,8,1,0
8637,3,0.0,39.64404112200998,0,8,1,0
8638,3,56.76061864677736,59.448778077145086,0,6,0,0
8639,3,46.54895840105727,45.56983244486087,0,8,0,0
8640,2,45.769811336524356,38.18865112263145,0,3,0,0
8641,3,22.422179005729756,47.70215146414359,0,7,1,0
8642,3,59.6922032686997,47.03202822263842,0,1,1,0
8643,3,51.03071994370924,47.124801993697695,0,4,1,0
8644,3,54.28618845381177,48.668082208970986,0,4,0,0
8645,3,30.675693402686612,18.66978817293554,0,2,1,0
8646,3,66.72279779724688,70.25246821923893,0,9,0,0
8647,3,40.96826265578294,34.2139783294832,0,5,1,0
8648,3,29.401991340252735,25.514143424379967,0,4,0,0
8649,3,46.56039781800633,54.06734287413652,0,5,1,0
8650,3,62.00775715261754,46.87748533416691,0,6,1,0
8651,3,45.66308400996373,62.48737890054664,0,5,0,0
8652,3,36.437675898487136,35.80593034008145,0,3,0,0
8653,3,45.35812731959982,54.98153077712963,0,8,1,0
8654,3,46.22588866399918,42.75853663419157,0,4,1,0
8655,3,33.030318673325546,23.723820526573583,0,4,0,0
8656,3,39.709264245059806,41.746451203713406,0,4,1,0
8657,3,49.70589190462743,29.653141184584623,0,3,1,0
8658,3,42.1209715298134,44.003907360541916,0,2,0,0
8659,3,56.03283444344102,60.43411979726876,0,3,0,0
8660,3,43.1879347274916,43.62930077685385,0,2,0,0
8661,3,29.59727107544163,43.62841693706953,0,8,1,0
8662,3,50.6353973794788,43.31385213437412,0,5,1,0
8663,3,21.824717240945496,28.906620034754702,0,4,0,0
8664,3,48.38630206494886,31.00762783927386,0,2,1,0
8665,3,48.94159421928251,48.218921203485486,0,5,1,0
8666,3,61.4444726503155,41.40990234320816,0,3,1,0
8667,3,51.85378385380017,26.801157344443872,0,1,0,0
8668,3,36.995918064628064,59.26468038465732,0,7,1,0
8669,3,81.12719387796645,44.62880352685112,0,1,1,0
8670,3,29.603089164778165,45.51113501983745,0,5,1,0
8671,3,62.560779147532344,56.378514215127325,0,5,1,0
8672,3,72.26308915167624,65.18845368679584,0,4,0,0
8673,3,43.35514266988841,30.039712592981456,0,3,1,0
8674,3,51.14779480599876,58.565104954536984,0,7,1,0
8675,3,47.28792861210046,48.26669629298645,0,5,0,0
8676,3,70.19016774740693,62.404384439734145,0,4,1,0
8677,3,49.47447905615237,65.5106476741356,0,8,1,0
8678,3,82.85490165274598,94.60977691371899,0,9,0,1
8679,3,0.0,23.246746840943096,0,4,1,0
8680,3,62.085173080908554,48.476648200762526,0,4,1,0
8681,3,47.72258112832174,50.45158700674091,0,6,1,0
8682,3,61.30624638313141,57.613134449031584,0,4,1,0
8683,3,56.44114703723726,49.35473586427989,0,8,1,0
8684,3,23.799159560809724,33.94003158207268,0,6,0,0
8685,3,29.19922400503125,31.11317971335561,0,5,0,0
8686,3,64.06217517424658,65.31632458418146,0,8,1,0
8687,3,24.312668729059062,36.741130344266,0,4,1,0
8688,3,48.04769697626754,49.19886446402496,0,4,0,0
8689,3,72.91429970459123,68.13735481548868,1,0,0,0
8690,3,60.172457041954836,74.05058975684966,0,8,0,0
8691,3,33.573920670892335,63.4350804689334,0,9,1,0
8692,3,48.255436463220555,59.96123718030965,0,6,0,0
8693,3,53.33056980307421,50.13467894313083,0,4,0,0
8694,3,48.78902499117381,53.20525628789038,0,10,1,0
8695,3,67.05835102493548,49.490282305639994,0,4,1,0
8696,3,56.79101826799546,57.08188220352387,0,9,0,0
8697,3,44.83213278016579,30.437026381188666,0,3,1,0
8698,3,75.79184554513279,61.39030060622214,1,7,1,0
8699,3,54.32939096494001,55.72008620910618,0,3,0,0
8700,3,51.07204440452109,40.79722666397174,0,4,1,0
8701,3,34.560006580392496,40.20985762508531,0,7,1,0
8702,3,96.67161355592557,75.14570633178644,0,12,1,0
8703,3,54.833120195368416,55.69744972645936,0,4,1,0
8704,3,64.30651904494364,59.648091965815695,0,7,0,0
8705,3,54.54081324942963,47.43541962172458,0,4,1,0
8706,3,65.91059759868645,58.41963476311474,0,4,1,0
8707,3,45.89818650528831,44.09127918999713,0,3,1,0
8708,3,46.42136627705025,37.81199543360189,0,9,1,0
8709,3,65.10630469651674,48.351540946527194,0,4,1,0
8710,3,65.98611978495502,58.15232577664515,0,3,1,0
8711,3,44.091986132810604,53.49682675538594,0,6,1,0
8712,3,41.75878776046727,39.592571081787106,0,7,1,0
8713,3,47.48741739711339,44.86277856432181,0,8,1,0
8714,3,48.41505191801166,46.164848589421084,0,4,1,0
8715,3,14.813785073000474,10.52145687019136,0,3,1,0
8716,3,32.016328406283,35.9524939920073,0,3,1,0
8717,3,62.811620882860865,66.74480010368285,0,4,0,0
8718,3,43.03342588111273,18.820139003787183,0,3,1,0
8719,3,21.338449085252073,19.10221130260752,0,5,1,0
8720,3,67.8062795217183,59.83097912387298,0,3,0,0
8721,3,33.52750999700993,33.8996258420498,0,6,0,0
8722,2,0.0,35.29628111575507,0,1,1,0
8723,3,77.10705394601108,59.2499921422834,0,3,0,0
8724,3,30.644129055985992,36.27264292072925,0,6,0,0
8725,3,41.13302150636041,54.06644119316025,0,3,1,0
8726,3,46.784787565379446,59.41219595495672,0,5,0,0
8727,3,87.36381393840274,62.542721349475705,1,6,1,0
8728,3,46.115826167499584,45.88625102451652,0,3,1,0
8729,3,67.52450969913633,65.25340964458412,0,4,1,0
8730,3,68.75190671257869,66.50638105190465,0,6,1,0
8731,3,59.63253242637555,58.648318529781335,0,4,0,0
8732,3,71.9935557870459,54.03162701167026,1,3,1,0
8733,3,47.537963585624645,53.81404931734192,0,8,0,0
8734,3,53.57868647949787,59.22919884148415,0,4,1,0
8735,3,54.1204554925022,67.75565072222038,0,6,1,0
8736,3,72.66857982501894,64.03223984293587,0,6,0,0
8737,3,43.61740081044392,44.54630015019334,0,7,1,0
8738,3,38.63646151808336,41.95882604243432,0,3,1,0
8739,3,57.12738469931475,42.53985184494205,0,3,1,0
8740,3,64.1867377512032,61.8026012236749,0,2,1,0
8741,3,41.65865848494357,33.623431563086335,0,4,1,0
8742,3,57.75944149746139,50.693847043741435,0,4,1,0
8743,3,44.977744768188295,50.013351167953196,0,9,1,0
8744,3,89.03057645540838,79.1617685233734,1,4,1,0
8745,3,54.94207852664557,49.71238772162051,0,3,1,0
8746,3,76.53090763264004,57.20862362520982,0,4,0,0
8747,3,40.62259500886761,37.50659537409855,0,2,1,0
8748,3,41.54228227820652,30.19113064562956,0,4,1,0
8749,3,42.62588639077475,43.38936692057897,0,7,1,0
8750,3,65.82593942500081,58.918761170748354,0,4,1,0
8751,3,28.49956051939179,20.062281888817186,0,7,1,0
8752,3,41.80561630962041,44.33016982642408,0,6,0,0
8753,3,32.48522496457089,41.35226312455511,0,7,1,0
8754,3,33.29331179829658,40.821649129278654,0,5,0,0
8755,3,30.827893133428145,25.82014188688558,0,4,1,0
8756,3,33.26702396076151,27.132134340514746,0,3,1,0
8757,3,68.69039221841724,65.27524722443654,0,8,1,0
8758,3,22.079156203433822,42.82301126190172,0,8,1,0
8759,3,55.07013515177604,44.57140522691552,0,5,1,0
8760,3,58.936960391513125,51.78859289572958,0,7,1,0
8761,3,48.430298710971925,61.1988872112621,0,7,0,0
8762,3,30.671149623678193,64.9155474845886,0,12,1,0
8763,3,52.3598612300411,55.48919087285221,0,8,1,0
8764,3,65.54338252533724,59.86497561902669,0,4,1,0
8765,3,30.957601837425592,39.16543628254488,0,8,1,0
8766,3,13.406266845145785,24.543410740897592,0,6,0,0
8767,3,59.36506980110836,48.03627638944703,0,5,1,0
8768,3,53.1764331460593,52.644950427443455,0,6,0,0
8769,3,48.61439266560452,52.709969375063324,0,7,1,0
8770,3,57.66605641032476,61.19560482730761,0,11,1,0
8771,3,57.72016069406794,60.48106316160889,0,7,0,0
8772,3,76.86443662013176,37.351190055909534,0,3,0,0
8773,3,25.513437891340896,29.214906458857303,0,6,1,0
8774,3,23.35052755127892,37.64219958913653,0,7,1,0
8775,3,52.24007224142541,36.81862126343153,0,4,1,0
8776,3,55.99373691773498,59.32695021852304,0,3,1,0
8777,3,61.818579759382985,56.454427500145826,0,9,1,0
8778,3,31.06945025775375,38.04269408850883,0,4,0,0
8779,3,53.747622079974775,60.62693246458899,0,9,1,0
8780,3,100.0,58.025942607502095,1,2,0,0
8781,3,48.455076462144405,54.50238557634937,0,9,1,0
8782,3,22.156593109247893,34.35018633880072,0,5,1,0
8783,3,49.430061605853375,61.90333413735168,0,8,1,0
8784,3,55.00806479515177,49.6668314076816,0,3,1,0
8785,3,54.77315448182387,48.77313556317704,0,4,1,0
8786,3,62.03874269713078,56.83251481200688,0,6,0,0
8787,3,39.27761814179233,67.20105877835377,0,8,1,0
8788,3,58.36011123546841,41.94136511201506,0,3,1,0
8789,3,100.0,61.36943472402848,0,8,0,0
8790,3,48.74571963964101,56.36636228553439,0,6,1,0
8791,3,43.65357408325977,40.97612498598412,0,4,0,0
8792,3,58.10620727112251,81.87569212777399,0,9,0,1
8793,3,68.82134499798212,48.1346013965956,0,2,1,0
8794,3,55.51886077975844,45.24197309202141,0,4,0,0
8795,3,0.0,56.16933824399451,0,6,0,0
8796,3,51.23593632140896,57.88011043157339,0,11,0,0
8797,3,61.606662089258535,67.39381665589288,0,5,0,0
8798,2,54.533976014198586,54.33849879629449,0,5,1,0
8799,3,62.64036757403782,59.55215894132477,0,6,1,0
8800,3,44.66737544114869,31.770056637368537,0,3,1,0
8801,3,71.59656974382104,49.80288311454731,0,3,0,0
8802,3,43.157979847548155,35.40168930459887,0,9,1,0
8803,3,47.43740946983444,53.43110131015992,0,8,1,0
8804,3,37.191715291915564,26.84785890586206,0,4,1,0
8805,3,28.652228507142656,36.18871345124355,0,1,0,0
8806,3,50.197392276903294,38.66863766131725,0,6,0,0
8807,3,55.4392852198945,59.14718296150118,0,8,1,0
8808,3,37.885403556543224,43.26490185330967,0,4,0,0
8809,3,52.146914771288735,57.1434779385441,0,8,1,0
8810,3,53.14698778476538,62.56521527109833,0,10,0,0
8811,3,59.21531399756976,39.556385943252344,0,4,1,0
8812,2,37.814557944004726,40.01204680234977,0,6,1,0
8813,3,45.454139851105126,66.59693581228305,0,6,1,0
8814,3,21.633685877574532,30.615021059063885,0,5,1,0
8815,3,58.30633615369497,58.40416826732449,0,5,1,0
8816,3,30.00352585929055,49.15510856125295,0,5,0,0
8817,3,55.45621586442526,49.339297601131186,0,7,1,0
8818,3,67.62242909585822,50.34974736456899,0,4,1,0
8819,3,80.43783595390718,65.83350395813943,1,9,0,0
8820,3,65.54388150868324,46.79956925688134,0,3,1,0
8821,3,42.24748493255179,35.99341262227849,0,2,1,0
8822,3,33.84916497461838,30.91186024944291,0,5,1,0
8823,3,39.983123240158356,30.386096516539254,0,1,0,0
8824,3,69.79330697847678,53.75804236022735,0,4,1,0
8825,3,45.35062891761215,36.15640355737436,0,2,1,0
8826,3,38.37295963936519,51.52556514053283,0,4,0,0
8827,3,66.26874444651548,50.46979701808465,0,6,1,0
8828,3,74.2410768725033,70.03384348946979,0,5,1,0
8829,3,54.84696767443381,46.8619896396014,0,5,1,0
8830,3,45.24086483587624,49.10184683247899,0,6,0,0
8831,3,55.14748952504744,47.77685053503259,0,4,1,0
8832,3,37.2021716556562,41.65413409579011,0,11,0,0
8833,3,33.34564089383682,42.751788248123646,0,8,1,0
8834,3,53.51217938448761,60.345061463040835,0,9,0,0
8835,3,68.57838001750864,55.51473993563906,0,5,0,0
8836,3,72.97213534382149,62.578902453672534,0,3,0,0
8837,3,48.01743879796124,51.996641248162156,0,6,0,0
8838,3,43.034672481088116,48.993028495257185,0,7,1,0
8839,3,60.96602645759795,65.1512697916278,0,10,1,0
8840,3,61.8974869119136,57.41356423228382,0,5,1,0
8841,3,53.74948948970879,42.953688718702296,0,6,1,0
8842,3,54.586876221303534,50.11377645949345,0,6,1,0
8843,2,56.03463189971139,45.24426956646418,0,5,0,0
8844,3,30.43389104282768,28.694866434199156,0,7,1,0
8845,3,52.80985418497166,37.52954591431111,0,3,1,0
8846,3,59.23082217395873,55.998468397738236,0,4,1,0
8847,3,61.920746771539086,59.426075258490975,0,7,1,0
8848,2,28.442291561183914,21.109197464306106,0,2,1,0
8849,3,60.17774191598687,53.57144485382432,0,6,1,0
8850,3,54.6337134927609,39.875879481487296,0,4,0,0
8851,3,29.531339157840982,35.94107972076176,0,4,1,0
8852,3,55.044440455212985,40.7470350625861,0,5,1,0
8853,3,40.90689331305957,41.74358280162864,0,4,1,0
8854,3,38.731525294396334,42.589835448623106,0,4,0,0
8855,3,64.70854335656223,55.34591615508517,0,4,0,0
8856,3,70.60342031110953,67.85981436622102,1,7,1,0
8857,3,36.80728770964574,43.13122036594479,0,4,0,0
8858,3,58.55194174234406,51.693147708372784,0,1,1,0
8859,3,31.326343439799786,43.017994349420476,0,9,1,0
8860,3,28.09253653393427,30.390081675915315,0,7,1,0
8861,3,45.56497328196157,59.600402187031335,0,10,0,0
8862,3,43.10740529700074,44.16728750299143,0,5,1,0
8863,3,6.370413131160596,1.5640866128622095,0,3,0,0
8864,3,74.77817578704149,51.75561553636705,1,5,1,0
8865,3,54.209233887935376,35.00572251486943,0,1,1,0
8866,3,67.0880699347284,65.82180672075107,0,6,0,0
8867,3,66.90842806535017,65.90788280716353,0,4,0,0
8868,3,48.78455609031815,30.84302968717252,0,3,1,0
8869,3,30.387971261375128,23.394390349511266,0,3,0,0
8870,3,100.0,66.77025738600057,0,7,0,0
8871,3,33.7875585821326,27.28559016864105,0,3,0,0
8872,3,29.219223268520206,26.30045877718056,0,5,1,0
8873,3,37.2471559862217,35.91600952844021,0,3,1,0
8874,3,38.99971348330205,38.33204889062373,0,8,1,0
8875,3,34.028161634456325,35.679704609130305,0,3,1,0
8876,3,59.75698488820913,62.61362619500571,0,4,0,0
8877,2,44.33726932261405,52.79308008277916,0,7,0,0
8878,3,42.714370820277345,39.70767164902646,0,3,1,0
8879,3,34.148991271938954,46.4688660819782,0,7,1,0
8880,3,53.71753000874033,40.78692865783493,0,4,1,0
8881,3,69.50157568095932,72.26329936714917,0,10,0,0
8882,3,46.8017570846805,48.92089216430479,0,9,1,0
8883,3,53.98869432245592,44.150329824358884,0,4,1,0
8884,3,48.952145832542875,53.32529089746978,0,1,0,0
8885,3,48.072389676877066,49.660153529736384,0,5,0,0
8886,3,74.38122589885789,85.2230271744781,0,8,0,1
8887,3,75.09040846800197,72.16100269554877,1,9,1,0
8888,3,55.88499592380891,70.098981065588,0,7,0,0
8889,3,31.65143573921383,42.40531723781085,0,7,1,0
8890,3,60.40405190689984,54.8671498694582,0,4,1,0
8891,3,64.84718901008947,71.81893625594208,0,6,1,0
8892,3,41.000588526458905,30.007784305660646,0,4,1,0
8893,3,45.17498408211212,59.59611915798737,0,8,0,0
8894,3,34.30148659692794,26.61954956269163,0,4,1,0
8895,3,40.719149042505144,34.91547820493876,0,3,0,0
8896,3,18.239895785202126,36.12784314468673,0,8,1,0
8897,3,54.05014692479509,45.10558247020417,0,4,1,0
8898,3,45.02009550028754,43.22826545667729,0,3,0,0
8899,3,53.099892334102755,45.68811085018321,0,6,0,0
8900,3,50.787916468259745,51.82513400633531,0,4,1,0
8901,3,43.83884175330867,40.5840159843837,0,5,1,0
8902,3,49.358571760119666,39.201407988789875,0,6,1,0
8903,3,51.90309082510008,41.870879233201414,0,5,1,0
8904,3,35.202276440793526,39.83840806852499,0,5,0,0
8905,3,85.10649146413746,87.79248889829485,1,7,1,1
8906,3,74.22416754300679,63.14308869162525,0,4,0,0
8907,3,55.83464162777967,43.182563343832086,0,5,1,0
8908,3,56.17742411663939,52.9770018919367,0,10,0,0
8909,3,68.03053575974782,59.382162857015864,0,7,1,0
8910,3,63.76645548120203,57.276435847580544,1,3,1,0
8911,3,58.73566582450117,48.49821928831403,0,5,1,0
8912,3,57.490536558225706,56.345508143528114,0,7,1,0
8913,3,71.11247933848858,54.15206355238232,0,5,1,0
8914,2,53.9255024983035,51.352970405692176,0,3,1,0
8915,3,23.715667923576483,35.96227429808264,0,5,1,0
8916,3,65.12920975299224,51.323978965903194,0,6,1,0
8917,3,43.3158858230181,48.38803054800091,0,7,1,0
8918,3,42.89352064882793,54.09225256965824,0,5,1,0
8919,3,46.017040312091424,37.74035308586132,0,5,1,0
8920,3,58.375525562195854,53.1475501692799,0,6,1,0
8921,3,31.473975244506168,41.461059862704886,0,8,0,0
8922,3,46.05553964689844,31.47668498381364,0,3,1,0
8923,3,46.79058228281264,39.548468884530934,0,3,1,0
8924,3,32.120097495282074,38.930476131702115,0,3,1,0
8925,3,30.573377799938342,42.552219705342964,0,10,1,0
8926,3,43.12272102326057,40.303917323537746,0,3,1,0
8927,3,17.801723812535666,26.916116331446375,0,7,1,0
8928,3,53.040579140156524,50.27442108272206,0,3,1,0
8929,3,39.12007938622131,48.210481339631045,0,8,1,0
8930,3,36.717273736611624,57.171728086966176,0,4,1,0
8931,3,47.73466195745044,45.237132607271356,0,4,0,0
8932,3,40.14257167957499,45.91787498287507,0,5,1,0
8933,3,44.0435974392697,46.330002447396815,0,4,1,0
8934,3,23.64179923784829,34.94285286254969,0,6,1,0
8935,3,74.77784984514426,55.79501259852564,1,5,1,0
8936,3,33.83318193288095,40.128740634909306,0,10,1,0
8937,3,62.49734448468555,60.66443547492432,0,6,0,0
8938,3,52.21657405853514,38.05459431057136,0,6,1,0
8939,3,79.54104705341624,60.55822057897733,1,0,0,0
8940,3,34.54405749300871,46.241587927688784,0,8,0,0
8941,3,47.61382953231231,38.889605806520755,0,3,0,0
8942,3,49.6819199112049,33.646731370964076,0,3,1,0
8943,3,26.729353960474498,39.964167803782004,0,7,0,0
8944,3,34.967886780048445,30.01298541199463,0,4,0,0
8945,3,52.936160300085575,45.30412709651715,0,6,1,0
8946,3,71.18088835234214,62.16079429142516,0,4,0,0
8947,3,70.56096741764003,54.59001188582223,0,5,1,0
8948,3,49.15638441794712,52.70751529435687,0,6,1,0
8949,3,72.55186970658549,70.81265708021635,0,4,1,0
8950,3,46.82961412953866,46.224307064406375,0,4,1,0
8951,3,47.96896927481965,60.92661364722703,0,7,1,0
8952,3,68.66970027142268,55.388902326579014,1,6,1,0
8953,3,66.04924903252,54.05327677584616,0,1,0,0
8954,3,54.9550796125111,48.14719514390298,0,4,0,0
8955,3,70.36182269824876,54.504371311149185,1,5,1,0
8956,3,71.40667659182715,67.23152235427679,0,6,1,0
8957,3,51.20789360604123,61.69102281985635,0,6,0,0
8958,3,49.15626565352744,32.71718797610992,0,3,1,0
8959,3,42.386406917926166,44.116327602473135,0,5,1,0
8960,3,50.55520649311697,54.83769176512591,0,5,0,0
8961,3,67.30194244492688,43.045031757185214,0,3,1,0
8962,3,58.53943040533626,56.10640914708595,0,6,0,0
8963,3,37.71988543536348,31.837540092370148,0,5,1,0
8964,3,7.7836715512498955,50.8818271076537,0,4,1,0
8965,3,64.79183800195773,43.17119141594688,0,5,0,0
8966,3,43.76445432971681,44.04304393591006,0,9,1,0
8967,3,34.68304099676149,43.75346196450802,0,8,0,0
8968,3,29.48079075615009,34.61329063883444,0,4,1,0
8969,3,43.74659319749311,28.459359292159906,0,1,0,0
8970,3,38.174831739734806,25.61356260055876,0,3,1,0
8971,3,2.706017952207705,7.517920902012315,0,1,0,0
8972,3,38.269471216021024,47.463287258283195,0,9,1,0
8973,3,65.92863889447909,80.35368133740164,0,7,1,0
8974,2,47.69403161327288,52.43609240573463,0,8,0,0
8975,3,57.59204997755116,55.1199019561038,0,5,1,0
8976,3,42.23736053144243,35.5684904954615,0,5,1,0
8977,3,75.13599452636736,64.90045054705416,0,7,0,0
8978,3,51.38872357081902,52.66861194411984,0,3,1,0
8979,3,67.79832250652278,48.217254922223326,1,4,1,0
8980,3,26.46094122890281,44.60434268037812,0,5,1,0
8981,3,51.13941957281074,60.136065417199525,0,6,0,0
8982,3,71.84028180843124,87.54291514756844,1,11,0,1
8983,3,64.635637554625,45.62596479365571,0,2,1,0
8984,2,54.33681301062897,49.75304883328037,0,8,1,0
8985,3,0.0,25.56849967024246,0,3,1,0
8986,3,79.88402408381582,56.350249329161144,1,2,1,0
8987,3,84.14366947318432,49.56042323647912,0,3,0,0
8988,3,55.90555939128815,45.885621981779984,0,3,1,0
8989,3,40.69749105990184,43.14467965177756,0,5,0,0
8990,3,64.75922822905343,63.69940856666549,0,4,1,0
8991,3,13.156686745896103,27.391413504222626,0,5,1,0
8992,3,47.471529174515695,41.40160265720678,0,7,1,0
8993,3,20.116260231023894,21.445207494497065,0,2,1,0
8994,3,46.74029646875955,40.40159555851563,0,8,0,0
8995,3,63.00192980364151,70.49677370726528,0,9,1,0
8996,3,40.122990188123765,43.73275218449329,0,3,1,0
8997,3,71.95487021020078,61.088460435511394,0,3,1,0
8998,3,49.713845777366714,45.492998411402866,0,3,1,0
8999,3,46.334287668949884,46.29159987391179,0,4,1,0
9000,3,55.25053862055242,43.535572925547,0,7,1,0
9001,3,44.3433852682933,49.280274654026464,0,3,0,0
9002,3,51.43366220244961,42.593092526741316,0,6,1,0
9003,3,28.261103935484375,36.260713596465855,0,7,0,0
9004,3,55.186938419833574,49.75819776592405,0,9,1,0
9005,3,53.15077994965519,39.50507352235668,0,6,0,0
9006,3,62.03809495026041,53.734803830210566,0,4,0,0
9007,3,58.81211021074537,56.97223414129038,0,5,1,0
9008,3,18.12725581794015,32.05956049375757,0,5,1,0
9009,3,52.24022196232842,43.34028986983067,0,8,1,0
9010,3,48.01092996687695,38.91092830513964,0,3,1,0
9011,3,23.555361840171226,32.392925878125666,0,10,1,0
9012,3,16.443024726293633,34.44882569758814,0,5,0,0
9013,3,35.92856814910998,33.644952713305095,0,6,0,0
9014,3,28.373103382155307,24.809328265890766,0,2,0,0
9015,3,46.567833266799326,25.02363012257557,0,3,1,0
9016,3,45.94563303760161,48.95081123257924,0,6,1,0
9017,3,58.50526263753869,48.07321140216449,0,7,1,0
9018,3,60.63673114842468,56.75045431661209,0,2,0,0
9019,3,46.924785729417756,41.6837764022528,0,5,0,0
9020,3,56.66933092684429,57.827061991659384,0,7,0,0
9021,3,55.988817698744626,53.791537517096145,0,6,0,0
9022,3,80.61947725600905,83.99711786535934,1,11,0,1
9023,3,32.38101467942065,34.95315215118647,0,8,0,0
9024,3,46.45047644767885,39.882802092723466,0,7,1,0
9025,3,39.14151644676422,40.66946547465392,0,8,1,0
9026,3,52.84256244258057,46.40437590977711,0,5,1,0
9027,3,27.11176579985012,46.004719457072326,0,5,1,0
9028,3,55.22751844002549,52.07364234567772,0,4,1,0
9029,3,50.828040473324805,40.92030841875232,0,2,0,0
9030,3,56.71781247315632,45.48530001377432,0,6,1,0
9031,3,28.040756234259675,46.26924302530785,0,5,1,0
9032,3,51.44626876765985,55.80713252951666,0,8,0,0
9033,3,62.901425528079045,52.18428738791081,1,5,1,0
9034,3,75.58279835471535,68.30268806175808,0,6,1,0
9035,3,56.01473570144954,47.46628969157011,0,4,1,0
9036,3,30.24468627798008,41.32116722844515,0,8,1,0
9037,3,32.1916152850979,36.525340947956316,0,4,1,0
9038,3,79.53145465106103,70.56793500404373,1,6,0,0
9039,3,41.33298962856454,58.188746453739775,0,5,1,0
9040,3,42.911030866440385,31.6437260466939,0,3,1,0
9041,3,41.71171295058642,56.54820066448287,0,5,1,0
9042,3,38.301152612874915,39.1408660205703,0,3,0,0
9043,3,51.00073320388134,35.307979874363326,0,5,1,0
9044,3,56.34682055702578,53.34365572959295,0,8,1,0
9045,3,54.9642942476741,42.44314894463966,0,5,1,0
9046,3,16.198415745809136,39.255572406803466,0,4,1,0
9047,3,27.42911516323673,23.42200503240829,0,4,1,0
9048,3,40.912227917465714,52.50716336303378,0,5,1,0
9049,3,50.7010752776023,35.66780543979,0,4,1,0
9050,3,77.1301516145015,58.53177701177365,1,6,1,0
9051,3,44.22152300609675,42.76162822718564,0,6,1,0
9052,3,22.6751613806177,25.52194940627055,0,6,1,0
9053,3,17.98131419003529,33.16142493602319,0,6,0,0
9054,3,70.7204118391008,78.76875034403797,0,6,1,0
9055,3,100.0,35.23018454681536,0,5,0,0
9056,3,79.37633416083581,79.39000242451314,1,5,0,1
9057,3,49.68827005727258,57.49408139532494,0,7,1,0
9058,3,49.87307436002048,39.52987425232721,0,4,1,0
9059,3,68.92048004588408,60.81851007915431,0,4,1,0
9060,3,37.559746819638676,42.59620742109276,0,9,1,0
9061,3,55.26942066595293,51.09834355592064,0,2,1,0
9062,2,57.48666619169145,51.54198473430621,0,8,1,0
9063,3,45.66129600212122,43.75790198256868,0,4,1,0
9064,3,55.26751867803727,53.609301532469324,0,6,1,0
9065,3,44.96812381487835,56.9713877339058,0,4,0,0
9066,3,71.62534694805494,59.16638174526727,1,2,1,0
9067,3,78.10990770788032,66.18212572380357,1,1,0,0
9068,3,80.96983978049634,67.44129501198991,0,5,1,0
9069,2,35.19918573512223,42.84811408239957,0,5,1,0
9070,3,64.04900634268463,45.35224339459528,0,3,1,0
9071,3,30.498435378635328,24.560008572747037,0,3,1,0
9072,3,59.54670486127593,59.33369443940173,0,4,1,0
9073,3,57.30309559526738,47.41405568790763,0,2,1,0
9074,3,50.32278887610565,36.65476212317482,0,5,0,0
9075,3,53.30774008292251,61.892837518033375,0,5,1,0
9076,3,48.22921273559653,46.84398988873342,0,4,1,0
9077,3,50.19848094438606,54.3616428724208,0,7,1,0
9078,3,39.203166175050306,33.43841208581554,0,5,1,0
9079,3,61.72575767747577,66.46757532358436,0,5,1,0
9080,3,79.63693157724084,61.11480711010925,1,7,1,0
9081,3,18.596450367221145,12.218972610927944,0,4,1,0
9082,3,64.98948392692611,60.135308373254524,0,6,1,0
9083,3,51.74916147585447,56.28224845811627,0,4,0,0
9084,3,40.17866296028858,63.35790319468084,0,7,0,0
9085,3,41.317533721080316,29.22847245350555,0,3,0,0
9086,3,40.49378188253609,40.60963418061083,0,4,1,0
9087,3,79.68230213848541,58.98756110936517,1,5,0,0
9088,3,11.672467854200825,42.94294442440865,0,3,0,0
9089,3,64.5948584737677,56.78912733660542,1,3,0,0
9090,3,58.52357648703633,80.52678231447078,0,11,1,0
9091,3,23.343933571663747,20.855546177217008,0,2,1,0
9092,3,37.31012523984398,28.174923307086228,0,5,1,0
9093,3,35.49987172805042,39.46892496939948,0,4,0,0
9094,3,96.85308534807595,56.095669875640226,1,1,1,0
9095,3,56.18663641704337,55.400095082997055,0,5,0,0
9096,3,66.74825025346036,56.13217051439833,0,4,1,0
9097,2,57.82680210409955,47.756481830979894,0,6,0,0
9098,3,68.92262961559936,61.013405770203754,0,4,1,0
9099,3,34.917442138441665,36.276710857454994,0,3,1,0
9100,3,65.72493180903103,73.35093234898456,0,8,0,0
9101,3,58.83549153829749,54.176980556133095,0,4,1,0
9102,3,68.38653787024244,65.44419495044097,0,7,1,0
9103,3,49.79264810182638,29.890456459982268,0,4,1,0
9104,3,53.57505687962812,49.46219701475481,0,8,1,0
9105,3,15.176881090931719,23.309099733976804,0,7,1,0
9106,3,42.667890611477254,57.284244874292575,0,6,1,0
9107,3,52.169188972407554,50.11254518630337,0,3,0,0
9108,3,50.224053036565586,55.15737921038025,0,5,1,0
9109,3,34.30828911884839,43.57630638160602,0,6,0,0
9110,3,56.59436427549097,47.46722768631638,0,5,0,0
9111,3,54.83624163248243,55.43435910953178,0,6,0,0
9112,3,47.225725898565095,33.41042195342358,0,3,0,0
9113,3,56.057195840337144,42.60546638797366,0,6,1,0
9114,3,54.570376070197426,52.29103901315667,0,5,0,0
9115,3,44.39063729020748,50.903571474062694,0,7,1,0
9116,3,34.142475923800404,43.046352164699954,0,5,1,0
9117,3,0.0,64.99278808575187,0,4,1,0
9118,3,49.07531849514638,49.32033778201958,0,7,0,0
9119,3,70.3380375019228,50.796203212462785,0,3,0,0
9120,3,34.600670349512505,42.4640689911955,0,6,1,0
9121,3,39.698339558237365,36.62380451004288,0,2,1,0
9122,3,52.26933263291862,52.56168428897103,0,6,1,0
9123,3,47.69916402279617,46.528172855304994,0,5,1,0
9124,3,51.21302293337325,30.47779692150538,0,2,0,0
9125,3,50.899140587271795,37.2860926678722,0,3,0,0
9126,3,48.17269203808014,44.61947951923299,0,5,0,0
9127,3,65.5997214743706,42.84272778073826,0,4,1,0
9128,3,71.57980853553823,54.89365920692324,0,4,1,0
9129,3,30.222159536667743,35.33231421246958,0,9,1,0
9130,3,60.60001201041975,66.41074940876524,0,10,1,0
9131,3,26.83837153417352,42.50681872702514,0,5,0,0
9132,3,41.19997670135413,36.06529569812408,0,6,1,0
9133,3,73.43887113068733,57.664709306006735,1,5,0,0
9134,3,11.331074057766545,10.991948045915818,0,4,0,0
9135,3,63.11155107512135,63.82149606389697,0,3,0,0
9136,3,83.8544813334018,89.34494796459339,1,7,0,1
9137,3,42.54096116680174,39.45770756287849,0,4,1,0
9138,3,52.264115509034674,51.98185458739604,0,7,1,0
9139,3,39.367894818433115,51.99470880226727,0,4,1,0
9140,3,33.933831088523476,31.192779154596913,0,5,1,0
9141,3,76.24131926228642,88.1796261478703,1,9,1,0
9142,3,69.00863417916793,70.20612818080396,0,7,1,0
9143,3,58.27757404303126,47.837534565303656,0,1,1,0
9144,3,43.714775910625086,43.707478615509466,0,3,0,0
9145,3,45.23386300821467,34.7038898387141,0,2,1,0
9146,3,9.245758421474909,0.0,0,3,1,0
9147,3,70.5240669144556,52.72896228229238,0,5,1,0
9148,3,62.01614012125549,47.06054145717023,0,5,1,0
9149,3,45.08330562847699,37.6913134008137,0,5,0,0
9150,3,69.62752154456747,61.73277798009565,0,5,0,0
9151,3,42.009707223238856,41.90710682528364,0,2,1,0
9152,3,46.94583347263817,48.07388852612648,0,4,1,0
9153,3,62.61964439034705,57.391021223391576,0,8,0,0
9154,3,39.829021724988664,44.555487405254404,0,3,1,0
9155,3,52.28074313273211,37.70309033689759,0,5,1,0
9156,3,71.79236748757067,56.723598175177166,0,2,1,0
9157,3,80.6368489941644,67.14968602417942,0,6,0,0
9158,3,58.743587894319816,52.6996047367152,0,3,1,0
9159,3,37.04635430297147,57.54776863167349,0,9,1,0
9160,3,44.70374040812004,41.29550437839888,0,5,1,0
9161,3,28.482450524807348,25.361076245888608,0,4,1,0
9162,3,45.83642133104071,46.89893934079914,0,6,1,0
9163,3,55.46251935876129,50.52488458871641,0,4,0,0
9164,3,59.53119628273016,40.54756029342776,0,2,1,0
9165,3,61.8775469152127,61.20269218392635,0,3,0,0
9166,3,57.843946950392976,59.96194579269893,0,3,1,0
9167,3,100.0,69.52921485055359,0,6,0,0
9168,3,99.27546969513641,66.31880490677324,1,2,1,0
9169,3,48.63884156111528,36.844929347571714,0,4,1,0
9170,3,53.56010839858083,62.96442762485837,0,4,0,0
9171,3,17.790793999350846,39.028059196732926,0,7,1,0
9172,3,38.24338129681955,40.83278591035149,0,8,1,0
9173,3,71.46160014847558,67.69201021689594,1,7,0,0
9174,3,7.953207564344771,13.43821523126308,0,5,1,0
9175,3,65.41860089775454,57.803540260515895,0,3,0,0
9176,3,0.0,32.69564122787497,0,4,1,0
9177,3,56.02636645281111,39.66098264236791,0,4,0,0
9178,3,34.95157122777379,28.097547556297926,0,3,0,0
9179,3,55.806494454841975,37.918630999810006,0,2,1,0
9180,3,78.04418214593257,59.92229247722143,0,6,0,0
9181,3,26.024091535781153,30.896314486574774,0,5,1,0
9182,3,44.88585488288449,41.21831678007241,0,2,1,0
9183,3,35.94431055543091,40.682874140166014,0,5,1,0
9184,3,47.92299699246602,43.891201484731454,0,2,0,0
9185,3,34.1573182831982,28.168857175551825,0,5,1,0
9186,3,43.230294129182695,36.925315989456315,0,5,1,0
9187,3,52.904706338574776,48.567557948954544,0,8,1,0
9188,3,64.83820941960157,59.09717813364331,0,5,1,0
9189,3,31.400317730527718,35.262672518956414,0,3,0,0
9190,3,64.25618033353499,55.546075766179655,0,5,1,0
9191,3,75.66495003103849,69.31327408346746,0,4,0,0
9192,3,52.80579327762399,53.611573168993324,0,5,1,0
9193,3,49.47120290626024,50.63593921630429,0,7,1,0
9194,3,67.01854300523142,66.69785197794751,0,4,0,0
9195,3,63.110036502759165,56.29032699377645,1,3,1,0
9196,3,57.45416536703569,48.81218031556198,0,2,1,0
9197,3,61.94299472930002,49.979615341628936,0,5,1,0
9198,3,63.44591030038866,52.24978477773554,0,6,1,0
9199,3,84.79163150895599,72.71034324681676,1,5,0,0
9200,3,100.0,51.03943416517701,0,6,1,0
9201,3,22.96019340401409,19.372454486488994,0,4,0,0
9202,3,55.611457109302954,60.56669849925581,0,5,1,0
9203,3,9.18188740201322,21.973551077077676,0,4,0,0
9204,3,57.21741304576247,61.90262260039258,0,7,0,0
9205,3,51.167722241500876,55.395639306827675,0,3,1,0
9206,3,49.6445083291859,50.77507778821071,0,5,0,0
9207,3,65.5481734741791,54.81312131655981,0,4,1,0
9208,3,52.26889339941673,53.90331741609766,0,10,0,0
9209,3,42.71777719381123,44.78327737316021,0,1,1,0
9210,3,34.47189220034126,23.34422258798648,0,3,0,0
9211,3,53.39387911294695,59.96999692222802,0,6,0,0
9212,3,100.0,73.0804637229959,1,8,1,0
9213,3,57.14306927627793,51.28941344223406,0,3,1,0
9214,3,45.24418144947431,53.851868435391886,0,5,1,0
9215,3,62.27281262124439,68.87316875728149,0,9,0,0
9216,3,61.500896011727136,52.11525664940639,0,8,1,0
9217,3,20.755315314556857,26.694580667320572,0,3,1,0
9218,3,44.264676748093294,39.06700087305704,0,0,1,0
9219,2,67.54469895932442,61.9260873194734,1,2,1,0
9220,3,48.09676549950235,31.810699119021468,0,2,1,0
9221,3,45.107723208793885,49.73107439095777,0,10,1,0
9222,3,42.636362026429794,47.77021234447394,0,3,1,0
9223,3,41.14227572580425,47.038018546487564,0,9,1,0
9224,3,53.23799552998189,37.48873528481505,0,7,1,0
9225,3,35.55583404717425,20.491030860951234,0,1,1,0
9226,3,57.46163260269731,48.127275617167605,0,6,1,0
9227,3,55.67828184406617,57.53573672277527,0,6,1,0
9228,3,52.63813634997808,45.047357880492925,0,1,1,0
9229,3,31.32147359766231,44.67587817109922,0,4,1,0
9230,3,47.89809217687548,45.99726708017101,0,5,1,0
9231,3,48.49567919929093,47.11606978002454,0,4,1,0
9232,3,66.72478771134188,67.4881561354027,0,4,1,0
9233,3,47.29555913452871,49.00408998565469,0,7,1,0
9234,3,57.184113686259415,56.22127177026837,0,11,0,0
9235,3,50.68075561217249,44.2522727581708,0,7,1,0
9236,3,65.24741874988749,58.50408214994292,0,3,1,0
9237,3,27.73520319303312,32.85713047186222,0,8,1,0
9238,3,22.997953837781665,16.601501660384972,0,2,0,0
9239,3,35.850155204161176,27.125144238188238,0,3,1,0
9240,3,66.44148221810227,54.57420654183605,0,4,1,0
9241,3,60.46289986916773,27.64470688647069,0,1,1,0
9242,3,36.60651860898494,24.579538410857204,0,2,1,0
9243,3,37.77125740575194,46.37354951723441,0,6,0,0
9244,3,51.6951310077069,63.03315119964852,0,10,1,0
9245,3,46.198247834359414,35.264129697438236,0,4,1,0
9246,3,56.51159430815738,59.48235530460996,0,7,1,0
9247,3,62.53437312884036,57.5947537867578,0,6,1,0
9248,3,65.68418684779404,63.51583567496584,0,8,0,0
9249,3,74.45121581118002,59.206731247401294,1,8,0,0
9250,3,73.59225226651006,63.622819109662636,0,5,1,0
9251,3,52.9123554847567,66.15443842572289,0,8,1,0
9252,3,50.53849774266679,54.35365336073673,0,6,1,0
9253,3,34.17166954083103,55.00824150047138,0,5,1,0
9254,3,38.14035787321877,45.95820631356797,0,6,0,0
9255,3,45.02326614868194,37.48823860707689,0,5,1,0
9256,3,59.47308587987104,51.48377453021927,0,3,0,0
9257,3,21.98860648368859,28.89159721352411,0,4,1,0
9258,3,45.1148090526339,44.9654047387219,0,3,1,0
9259,3,71.29647444532533,63.362922095754584,1,4,1,0
9260,3,49.262223619736766,51.54240264884707,0,5,1,0
9261,3,49.47816917045105,53.806110919781474,0,7,0,0
9262,3,33.1662433966238,30.409845895873595,0,7,1,0
9263,3,36.954370908831955,49.61960824893007,0,7,0,0
9264,3,37.32303819753389,32.820069878710015,0,3,1,0
9265,3,45.270406050361636,36.8001457198493,0,3,0,0
9266,3,20.427492286268304,19.642591553565303,0,4,1,0
9267,2,76.8404012830139,44.48173621509041,1,5,1,0
9268,3,58.321212548418,58.33126035008387,0,6,1,0
9269,3,57.02479652630198,46.56777132788062,0,5,0,0
9270,3,15.523328636673636,28.487100684894557,0,5,1,0
9271,3,46.262546335804664,56.133483915197594,0,8,1,0
9272,3,43.17833578075728,49.59299669609051,0,6,1,0
9273,3,75.60080236564394,73.96544365532768,1,4,1,0
9274,3,66.80665642680695,39.12142585482848,0,3,1,0
9275,3,31.876613497163426,38.214994163882984,0,4,1,0
9276,3,71.99890961044068,56.02061578205469,0,5,1,0
9277,3,60.662980105819464,47.997369252354076,0,6,1,0
9278,3,47.21921384846765,32.64654431529467,0,4,1,0
9279,3,34.5738515708936,36.82624932849487,0,3,0,0
9280,3,43.6690729974253,30.540178833738597,0,3,0,0
9281,3,39.73935097134243,35.58617416278732,0,6,1,0
9282,3,58.91253149265902,50.50102964341357,0,7,1,0
9283,3,77.14559336721906,73.57915589597484,1,2,1,0
9284,3,42.14026222995686,50.5250922376726,0,8,1,0
9285,3,66.02826711001684,58.400465701999586,0,4,0,0
9286,3,75.71258868849355,55.41871042211158,1,4,1,0
9287,3,24.77394523141242,42.70447280487785,0,8,1,0
9288,3,57.507565623209274,47.62722309248807,0,7,1,0
9289,3,17.682555629593868,28.56163246065946,0,3,0,0
9290,3,43.24691725699333,35.708609833677976,0,5,1,0
9291,3,57.290503936675094,71.25207113271095,0,7,1,0
9292,3,14.243838558258613,34.25751726829932,0,9,1,0
9293,3,37.91753145153421,33.74895648389477,0,7,1,0
9294,3,45.2267470943376,45.14017773654821,0,7,1,0
9295,3,81.3784265724013,69.99454263521686,1,1,0,0
9296,3,51.32190308129737,55.59707459893475,0,8,1,0
9297,3,63.1701486788946,63.98272633787029,0,8,1,0
9298,3,55.71351168116912,44.32926451866457,0,4,1,0
9299,3,13.970811522663961,20.685559849171163,0,7,1,0
9300,3,68.37236566342892,56.18156126894509,0,3,1,0
9301,2,67.91994800421587,65.32431595854693,1,4,1,0
9302,3,54.5671488414861,57.41563862117344,0,8,0,0
9303,3,27.228160614270234,42.041398311302174,0,3,1,0
9304,3,10.34298019570068,30.011084629777702,0,8,0,0
9305,3,68.73575143509035,55.183083461951234,1,7,1,0
9306,3,52.74848318533316,51.316711381344916,0,6,1,0
9307,3,76.83212163954796,56.42935063289666,0,5,1,0
9308,3,90.69580541199593,38.540583648451836,0,1,1,0
9309,3,16.802519860094815,21.249190044175208,0,1,1,0
9310,3,63.194021508161086,41.3405832823679,0,6,0,0
9311,3,73.8006363621305,63.35625853866954,1,3,1,0
9312,3,53.072093060922775,47.63802415594722,0,6,1,0
9313,3,33.12257349687064,50.69569366150918,0,6,1,0
9314,3,26.637571914390218,39.08530039546609,0,8,0,0
9315,3,40.17983942816655,37.9312669118439,0,3,0,0
9316,3,55.99962352474285,69.98855248703472,0,13,1,0
9317,3,53.668854268509094,59.52828493712302,0,7,0,0
9318,3,46.984232735898715,24.93730954914981,0,3,1,0
9319,3,63.04824966115544,43.69010479201345,0,4,1,0
9320,3,50.226557848160404,52.405635739300024,0,5,1,0
9321,3,67.43903402399813,50.957200085706816,0,4,1,0
9322,3,39.4654844480403,58.11105338114035,0,8,1,0
9323,3,48.50671372198772,35.71107626292655,0,3,1,0
9324,3,56.29958713172532,70.60686256910371,0,4,0,0
9325,3,75.2582698178147,56.44758780862557,1,4,1,0
9326,3,59.09425799225472,46.3856565924771,0,4,0,0
9327,3,50.36873127012553,57.217438536814946,0,5,0,0
9328,3,60.87364153466444,44.95392364774218,0,4,1,0
9329,3,43.13015408238556,35.136952346703616,0,5,1,0
9330,3,34.12393349809716,28.556177622215294,0,6,1,0
9331,3,43.41423360304032,39.96943183410475,0,1,1,0
9332,3,33.22974229754478,40.6726715648705,0,6,1,0
9333,3,31.900515170673458,45.087211612562406,0,8,1,0
9334,3,64.70236099841698,79.87190686107076,0,9,0,1
9335,3,50.910462019240285,45.85341755672429,0,7,1,0
9336,3,28.738503306729235,55.35136010140466,0,6,1,0
9337,3,96.78253188907765,60.34512049791689,0,3,1,0
9338,3,34.795388163719316,35.531557621223925,0,2,1,0
9339,3,57.57172273462637,59.30401825728449,0,5,0,0
9340,3,57.23824231718939,59.69747901327266,0,4,1,0
9341,3,48.83852714600032,24.077837023057093,0,1,1,0
9342,3,45.059742573169046,44.90406209976068,0,5,1,0
9343,3,74.39017083288262,58.9725856627601,1,5,1,0
9344,3,35.660134010689426,35.09568825362924,0,4,1,0
9345,3,35.08258942449575,48.941809067814745,0,4,0,0
9346,3,51.632629571524234,40.50752080579206,0,7,1,0
9347,3,60.46420202449864,50.69952185361714,0,4,0,0
9348,3,60.56923819584254,63.86736166578328,0,7,1,0
9349,3,73.09421503310288,60.18287926146134,0,2,0,0
9350,3,68.0563822994993,53.86158850400481,0,6,0,0
9351,3,57.969100941213576,44.844542811886406,0,5,1,0
9352,3,15.12360909091084,29.410434602537176,0,2,1,0
9353,3,57.196148982705076,54.02086308297007,0,5,1,0
9354,3,71.68048006970488,71.6091991273016,1,5,1,0
9355,3,51.80425913293679,54.34391096410375,0,5,0,0
9356,3,52.2337806850785,51.889855290863665,0,6,0,0
9357,3,69.48779263517656,58.54071528585875,0,4,1,0
9358,3,61.62784884358784,62.042009609509336,0,6,1,0
9359,3,36.60803891903604,51.235468074633665,0,4,0,0
9360,3,18.53612792982112,18.490912646476758,0,3,1,0
9361,3,3.2534213975861235,44.93071235009613,0,5,0,0
9362,3,52.05411785233483,47.52364226105534,0,5,1,0
9363,3,50.62230566766808,60.57311573033041,0,10,1,0
9364,3,50.61477471664989,45.89105724198058,0,3,1,0
9365,3,38.233449655396434,38.58637365591092,0,3,1,0
9366,3,56.6010768303849,50.67285005192636,0,3,1,0
9367,3,66.01428372704994,66.51740651880603,0,0,0,0
9368,3,68.14221564586595,52.493234658369616,0,5,1,0
9369,3,56.621986205369026,60.319428155610105,0,8,1,0
9370,3,30.60933445067681,40.07682026617043,0,7,1,0
9371,3,38.98070531305707,52.976306058571225,0,3,0,0
9372,3,100.0,57.347923975712995,0,4,1,0
9373,3,51.984447942320166,55.91268994068612,0,5,1,0
9374,3,65.80062663065453,62.367780908005095,0,8,1,0
9375,3,72.9495813498475,66.10588308786096,0,5,1,0
9376,3,38.88337994236158,55.771052882674304,0,8,0,0
9377,3,66.53895490883929,53.81680712045527,0,4,1,0
9378,3,49.295596388059124,47.23949594523591,0,4,1,0
9379,3,20.803633002992225,41.77007371135477,0,7,0,0
9380,3,34.74371269470134,43.48890482614994,0,7,1,0
9381,3,65.97408185362661,60.17912589987177,0,5,1,0
9382,3,55.97834225917825,43.962968376338615,0,5,1,0
9383,3,69.68318651621583,61.258863627374,0,4,0,0
9384,3,0.0,39.651886091201064,0,4,1,0
9385,3,56.56244861117407,49.2995323141121,0,6,0,0
9386,3,52.55973197767071,40.97874010496968,0,8,1,0
9387,3,71.93409713245329,55.09482759305539,0,5,1,0
9388,3,45.398165673823065,39.37149086714879,0,3,1,0
9389,3,0.0,67.362555793169,1,4,1,0
9390,3,61.265440743841644,63.77052705286827,0,5,0,0
9391,3,26.26841615171956,34.97298118534778,0,6,1,0
9392,3,53.44782443506139,43.627980431507204,0,4,0,0
9393,3,30.271415993624544,51.73997247573016,0,6,1,0
9394,3,38.97627207429867,44.81864545992776,0,6,0,0
9395,3,0.0,78.86874195232633,1,6,1,0
9396,3,79.3801206242291,41.70318851104497,0,4,1,0
9397,3,83.3810543385224,60.55752518951855,1,4,1,0
9398,3,59.250128121838095,47.116422154865056,0,6,1,0
9399,3,63.53960214016401,44.65290602054917,0,4,0,0
9400,3,59.27345680648393,55.75227556969673,0,5,0,0
9401,3,66.12402168578994,57.672403615180436,0,5,1,0
9402,3,61.9134990224385,54.49940300807929,0,2,1,0
9403,3,58.018817479748776,53.55354993992019,0,4,1,0
9404,3,50.28085065243926,53.71973065470995,0,4,1,0
9405,3,58.28213833618558,57.72820963231417,0,7,1,0
9406,3,46.02721015134969,59.74702052674732,0,9,1,0
9407,3,53.35662391557799,45.76578148354704,0,7,1,0
9408,3,29.734496266016052,38.8087152559974,0,5,1,0
9409,3,48.355093317084446,50.448671007255605,0,5,0,0
9410,3,40.525312092914156,35.5940063706608,0,1,1,0
9411,3,33.8225307207545,37.744613280478205,0,2,0,0
9412,3,68.21760763739458,50.1686648779708,0,3,1,0
9413,3,61.387068050001666,53.735390255335886,0,5,0,0
9414,3,61.03998182067061,57.04877538904089,0,4,1,0
9415,3,30.20038217708276,44.87891208648037,0,6,0,0
9416,3,46.61666522516815,40.97970545207778,0,2,0,0
9417,3,41.30542046432727,32.464313830797536,0,3,0,0
9418,3,11.870617358964358,3.0694494293797074,0,2,1,0
9419,3,60.45126498836885,48.837602000286246,0,5,1,0
9420,3,59.29950607212685,61.06254254916563,0,4,1,0
9421,3,62.17350789936897,46.58817520641196,0,5,1,0
9422,3,0.0,51.588598866773125,0,4,0,0
9423,3,75.20320927117,64.08640178956723,0,4,0,0
9424,3,18.163556617833414,41.834876901171285,0,9,1,0
9425,3,32.17750750459956,40.80160141605501,0,9,1,0
9426,3,35.9569709860814,30.382834779812008,0,3,1,0
9427,3,54.455267470180765,70.02166257534624,0,8,1,0
9428,3,18.418564584409875,22.44332128864061,0,2,1,0
9429,3,48.5378094514535,40.71109667213597,0,5,1,0
9430,3,54.37746532744402,56.07019996650024,0,6,1,0
9431,3,43.928267371288726,30.76363329869205,0,5,1,0
9432,3,51.47108191487629,38.63324239872305,0,8,1,0
9433,3,50.41867540919871,41.612693672149696,0,6,1,0
9434,2,48.67547696483422,58.23551728811797,0,7,1,0
9435,3,19.438399670118063,11.586676603030089,0,2,0,0
9436,3,57.03311802521494,52.590205127923475,0,1,0,0
9437,3,44.2885526053075,46.51220906995927,0,5,0,0
9438,3,67.05519381590723,66.82725509600152,0,2,1,0
9439,3,43.58736545465361,48.457678878649716,0,2,1,0
9440,3,58.16926396047046,66.14304300340244,0,5,0,0
9441,3,50.695369345737475,52.067310606403964,0,7,1,0
9442,3,39.29345489957514,47.633459252797124,0,7,1,0
9443,3,10.750499059757228,29.0480179979167,0,6,1,0
9444,3,49.9476617647969,66.02078824869375,0,7,1,0
9445,3,41.38235184294231,50.59447501276715,0,4,1,0
9446,3,72.07936280993096,59.71025246650118,0,7,1,0
9447,3,59.395079827258975,48.69697535367727,0,1,1,0
9448,3,41.084467332469536,44.10693743784352,0,5,1,0
9449,3,49.657292014212366,44.35918445271274,0,4,1,0
9450,3,48.852784831642936,40.23633614361249,0,6,1,0
9451,3,53.00149136871385,29.859625069579142,0,1,0,0
9452,3,36.085889044553404,43.27412188196951,0,3,1,0
9453,3,43.256819713326905,34.24731817008071,0,5,0,0
9454,3,70.57923717395703,62.36476811403493,0,2,1,0
9455,3,50.951508175982916,49.10070237633986,0,5,0,0
9456,3,82.38644391792522,66.13306037964446,1,6,0,1
9457,3,37.41924396922903,46.230162635043996,0,5,0,0
9458,3,66.62659545863258,60.732226252025235,0,6,0,0
9459,3,47.7038101146426,49.47222316315155,0,4,1,0
9460,3,51.583858886848354,54.55495549143562,0,9,1,0
9461,3,53.92980289937862,59.21644769585597,0,8,1,0
9462,3,58.61693363766215,55.27232720452272,0,5,0,0
9463,3,82.82764906483686,54.70875759541318,1,3,1,0
9464,3,65.51548358316103,56.39554517345333,0,8,1,0
9465,3,46.24936316369851,42.5512803344165,0,4,1,0
9466,3,61.75370539431606,41.57936357062317,0,5,1,0
9467,3,44.93003861605007,53.004236710957265,0,8,1,0
9468,3,61.169892288008484,62.45018766425851,0,5,1,0
9469,3,72.46736401647708,71.816370615531,1,7,1,1
9470,3,80.81085394579438,63.96302975070173,0,5,0,0
9471,3,44.384497431772644,39.571976385268115,0,6,1,0
9472,3,57.55718693449063,54.66833867991723,0,4,0,0
9473,3,52.405703046689496,44.97395736980651,0,6,1,0
9474,3,100.0,46.643335762318856,0,5,0,0
9475,3,58.13946328400357,57.57234630960833,0,3,0,0
9476,3,44.81135862867659,37.74321454418747,0,6,1,0
9477,3,54.04636881551853,34.13689926566063,0,2,1,0
9478,3,48.37064022941531,44.41125189873263,0,6,1,0
9479,3,35.62053529475579,16.017173499035557,0,2,1,0
9480,3,42.285098314273704,56.48201541660126,0,7,1,0
9481,3,18.084206179232353,39.11870209838158,0,8,0,0
9482,3,21.074801679874945,19.12729538497057,0,3,0,0
9483,3,68.25473979741955,71.03303183764592,0,4,1,0
9484,3,39.38119386995702,30.946400945576194,0,4,0,0
9485,3,69.32687868860725,54.387678758551274,0,6,1,0
9486,3,54.18229330685984,60.79609172274446,0,7,0,0
9487,3,53.4483980917989,35.31572846505849,0,3,1,0
9488,3,40.6358147471894,55.24299569496552,0,9,0,0
9489,3,45.631074526898836,41.08556210741134,0,6,1,0
9490,3,47.28887380812831,32.99708409419145,0,2,0,0
9491,3,74.73588075962262,70.61888720518714,0,5,1,0
9492,3,70.16454252619332,72.3154053134288,0,5,1,0
9493,3,52.838987611323034,45.685192386951954,0,8,1,0
9494,3,38.89259629309313,52.02156846200146,0,5,1,0
9495,3,60.636125545178615,57.35031403040525,0,5,1,0
9496,3,84.613220051318,72.97664977274862,1,1,0,0
9497,3,65.53902421426768,45.62016323762477,0,6,1,0
9498,3,58.04326577053893,40.49716443532918,0,2,1,0
9499,3,50.87920046399498,44.849134616640676,0,7,1,0
9500,3,43.12959576345543,32.49182588542216,0,2,0,0
9501,3,52.13539602205632,52.07411078078822,0,5,1,0
9502,3,59.80998692574713,64.02907078837805,0,4,1,0
9503,3,83.28547692334247,61.91804180648125,1,4,1,0
9504,3,30.61979344982797,31.12404530112281,0,7,1,0
9505,3,45.738164464329046,33.75737282422775,0,2,1,0
9506,3,46.24336748727715,50.84507131559535,0,5,1,0
9507,3,34.60985023996714,30.22980833011833,0,3,1,0
9508,3,28.08874661292612,57.56086889062981,0,8,0,0
9509,3,64.0287149659766,52.8833550707925,0,7,1,0
9510,3,45.210404989482925,44.543500839420794,0,3,1,0
9511,3,53.450589597684356,69.6837025952039,0,7,1,0
9512,3,63.76707148928948,59.71539037387007,0,5,1,0
9513,3,45.020405630886636,34.97943387912949,0,1,1,0
9514,3,44.521398196980115,58.51640878178748,0,8,0,0
9515,3,50.39833875762957,62.09850775101136,0,6,1,0
9516,2,54.60430259046729,65.38106375365216,0,6,1,0
9517,3,55.385817924882716,70.57040706031518,0,7,1,0
9518,3,29.92128651901528,28.647979358239578,0,6,1,0
9519,3,43.67666662482438,37.769278730448065,0,3,1,0
9520,3,31.727599088567825,50.056039469039334,0,4,0,0
9521,3,54.51035347215017,48.64182252111347,0,2,1,0
9522,3,60.713123201591834,61.70511466923308,0,7,1,0
9523,3,49.107586733779776,47.57339896159749,0,4,1,0
9524,3,55.046159082808835,55.52377501795187,0,5,1,0
9525,3,74.08167120313743,69.01691632039058,1,3,0,0
9526,3,25.756722403474257,50.93212854670665,0,6,0,0
9527,3,64.74695497953205,65.87913901496998,0,2,1,0
9528,3,44.79192635954894,54.375913621287225,0,6,0,0
9529,3,45.56736698922667,32.42467048328412,0,6,1,0
9530,3,29.146330708149247,34.161012886591976,0,4,0,0
9531,3,66.21597378623028,66.3160504429023,0,7,1,0
9532,3,71.56205626533425,64.2709044899446,0,11,1,0
9533,3,45.96871280015766,55.83786097945092,0,10,1,0
9534,3,80.76933706173199,66.34769552937206,0,5,0,0
9535,3,61.00422980607372,62.536192664014756,0,8,1,0
9536,3,46.71975541442638,53.356228891474885,0,8,0,0
9537,3,64.35207759955583,44.49300891634281,0,4,1,0
9538,3,59.44572265381254,45.21769559668745,0,1,1,0
9539,3,33.92987242527706,32.95608617935284,0,4,0,0
9540,3,38.30517247877438,34.04037410587191,0,3,0,0
9541,3,85.48010904335632,86.87859536180889,1,11,1,1
9542,3,50.72975459358504,40.12907484809207,0,6,0,0
9543,3,46.96072223030331,48.905474733260675,0,4,1,0
9544,3,73.50182363645884,51.139361432885714,1,3,1,0
9545,3,57.10389339830243,52.58398783868431,0,4,0,0
9546,3,54.94191808725833,53.40991293088009,0,5,1,0
9547,3,57.144317978142176,53.143209068752256,0,5,1,0
9548,3,73.91970015343396,59.606948780893674,0,5,1,0
9549,3,38.204782842886814,36.867915745870405,0,4,0,0
9550,3,59.84311933600976,49.92393719082633,0,5,0,0
9551,2,65.21387122860085,69.00902026706223,1,9,1,0
9552,3,13.438516785247314,21.901552315905054,0,7,1,0
9553,3,59.782570288545614,39.03279058791205,0,5,1,0
9554,3,74.18668299941407,70.53766504270932,0,7,1,0
9555,3,27.634397577676697,27.543343273044872,0,6,1,0
9556,3,35.281293174574536,41.57817581251088,0,4,1,0
9557,3,59.587150722953666,43.321993039380835,0,4,1,0
9558,3,36.615129598220555,37.13319523177519,0,5,1,0
9559,3,64.95911579659854,45.86705811907382,0,3,0,0
9560,3,72.20322632413814,51.27029747709565,0,3,1,0
9561,3,54.963408842660684,50.32597250383804,0,4,0,0
9562,3,25.482640612737683,33.4532197765527,0,4,1,0
9563,2,15.311204180630433,40.18419134183661,0,6,0,0
9564,3,35.34965874605898,50.20900410874158,0,9,0,0
9565,3,64.36712559274966,56.840763574387765,0,9,1,0
9566,3,35.39674356888543,36.21613648181691,0,4,0,0
9567,3,60.808239127991676,56.312048479563316,0,9,0,0
9568,3,54.060083491833936,58.453059822104734,0,7,1,0
9569,3,65.9445678778112,66.97534763499851,0,7,0,0
9570,3,62.75246226165451,74.56999482781971,0,9,1,0
9571,2,56.04087526144156,52.25003511916946,0,5,0,0
9572,3,38.45175223387241,51.65981642850227,0,5,0,0
9573,3,45.7701163982811,51.635544811515146,0,8,1,0
9574,3,72.85307824830942,61.14520168893787,0,2,1,0
9575,3,16.9485188653921,23.814601186131327,0,2,0,0
9576,3,36.22686615247454,44.33620180914407,0,7,0,0
9577,3,64.2610389403481,58.40131221730257,0,5,0,0
9578,3,52.76111477184826,51.66062927906535,0,5,0,0
9579,3,47.92847984017714,68.70014128281609,0,12,0,0
9580,3,60.40156217254714,56.49245955161547,0,8,0,0
9581,3,34.21910121599817,48.203109997264704,0,10,0,0
9582,3,91.26842717745917,69.48972799678592,1,2,1,0
9583,3,27.617761066988255,19.341386915948668,0,2,1,0
9584,3,54.283354451077976,56.22980075340878,0,10,0,0
9585,3,39.68681013403558,35.728349747464726,0,3,1,0
9586,3,35.75578207820362,48.2246464998422,0,8,0,0
9587,3,87.81579381983235,61.458085847291784,1,3,0,0
9588,3,34.86267183590825,39.801765935525324,0,3,1,0
9589,3,68.43886074038204,44.46594474771457,0,7,1,0
9590,3,61.21919775868507,73.85716843470284,0,9,1,0
9591,3,51.398572347436634,44.27650403143516,0,2,0,0
9592,3,55.58873358524791,55.065434821640046,0,7,0,0
9593,3,40.78274592673978,44.88895740679241,0,4,1,0
9594,3,31.29033631708569,26.923096743240094,0,3,0,0
9595,3,64.06676637981683,45.50949772444565,0,5,0,0
9596,3,62.33452725377243,52.8940320637775,0,2,0,0
9597,3,50.10151925544272,51.04100898478945,0,2,1,0
9598,3,46.04253530039037,35.94211926176729,0,4,0,0
9599,3,72.32856332854399,54.73656468851925,0,6,1,0
9600,3,66.54994964837124,53.160379811760805,0,6,0,0
9601,3,66.39985957842585,73.32560701923741,0,6,1,0
9602,3,51.25306020998375,60.66647987854792,0,4,1,0
9603,3,55.61663759539456,52.71208617479278,0,3,1,0
9604,3,55.97540264219065,55.52222411519995,0,4,0,0
9605,3,64.85522160626132,53.190646167528726,0,4,1,0
9606,3,33.749247192466356,55.51467392934194,0,7,0,0
9607,3,56.94233386055189,53.995197905099914,0,5,1,0
9608,3,50.303616402672745,61.27752982695121,0,7,1,0
9609,3,56.07932514623863,45.38252208963201,0,5,1,0
9610,3,53.22442532267036,53.70164653786503,0,5,1,0
9611,3,46.51702803952443,30.140983143361797,0,4,1,0
9612,3,48.42232648745835,46.48528530970396,0,3,1,0
9613,3,77.71024930454007,51.78196806268528,0,1,1,0
9614,3,55.606636662681815,48.42114902790475,0,4,1,0
9615,3,64.19691039931364,72.24559459174665,0,7,0,0
9616,3,56.549277439215544,66.66724764125219,0,7,1,0
9617,3,24.82423049541398,41.18063463507566,0,9,0,0
9618,3,86.40523147783502,72.56610364481135,1,6,0,1
9619,3,68.33567075192204,43.789333129205716,0,3,1,0
9620,3,31.478241198519747,30.67720826437874,0,5,1,0
9621,3,36.097617975379265,22.78496662828386,0,4,1,0
9622,3,32.55621788802374,49.996831360985226,0,6,0,0
9623,3,41.52129106714001,32.91214560504092,0,3,0,0
9624,3,38.01665112208164,39.59079943170399,0,8,0,0
9625,3,64.97207366498172,52.77522732490593,0,4,0,0
9626,3,46.27370470917144,45.11635068055042,0,9,1,0
9627,3,83.87288347007696,63.31698415876244,0,7,1,0
9628,3,26.115101376195188,28.68063017759517,0,2,1,0
9629,3,63.77085488940846,41.62095557319453,0,2,0,0
9630,3,59.8642809257248,57.963153901308026,0,4,1,0
9631,3,27.13833567468677,39.36027610652775,0,6,1,0
9632,3,51.206894976685454,41.855506503256315,0,2,0,0
9633,3,38.92201816802314,56.54837676667249,0,9,1,0
9634,3,28.686760056085244,28.00502729314199,0,6,1,0
9635,2,40.51262692146229,36.6762681134312,0,0,1,0
9636,3,65.89172115931385,60.87373490895437,0,5,1,0
9637,3,36.21462341016091,40.576019120111894,0,10,1,0
9638,3,42.72045527007893,52.97646606333951,0,3,0,0
9639,3,45.908636263580924,43.24821055276087,0,5,1,0
9640,3,67.01993182504063,63.882931376690465,0,7,0,0
9641,3,40.40993357871207,42.68938196481536,0,4,0,0
9642,3,73.04077897735101,55.056492065436636,0,5,1,0
9643,3,65.09012600152383,71.82818553785411,0,11,0,1
9644,3,15.557056920981362,26.852505799415994,0,5,1,0
9645,3,57.9336940573868,54.20197984592771,0,4,1,0
9646,3,50.2756271797172,33.633485519874604,0,6,1,0
9647,3,35.43032259876054,28.20721838795491,0,3,0,0
9648,3,20.121301987795395,23.40329116051658,0,4,0,0
9649,3,54.45283116798117,54.054973661393625,0,6,0,0
9650,3,9.835572476877434,28.301169487503593,0,8,0,0
9651,3,42.641231726771835,55.96018728611413,0,6,0,0
9652,3,52.7410289591335,46.18177396669451,0,5,1,0
9653,3,48.659052563920774,37.85086886817417,0,5,0,0
9654,3,67.23882729505141,68.76597556994837,0,8,1,0
9655,3,45.25771812765767,41.17187521440257,0,5,1,0
9656,3,44.47668020902534,41.66446608889892,0,3,1,0
9657,3,75.39445049965691,57.12127075520979,0,4,1,0
9658,3,46.98097229167828,45.534713718666275,0,3,0,0
9659,2,71.78753250041362,74.32590347894606,1,10,0,1
9660,3,47.71838170000623,47.93561583951846,0,8,1,0
9661,3,61.09692317265003,61.65925855395741,0,3,1,0
9662,3,47.56209956557424,52.99465673443765,0,4,1,0
9663,3,43.89058084822954,40.79419080697279,0,6,1,0
9664,3,53.859706956395975,42.75490045175343,0,4,1,0
9665,2,25.307934100792902,23.17709901541596,0,2,1,0
9666,2,51.70315795325235,53.46048351285788,0,5,1,0
9667,3,45.23707994874421,49.719322376598015,0,10,0,0
9668,3,48.26978028310815,51.190472520396185,0,5,1,0
9669,3,57.76907034921015,58.01929451038447,0,7,1,0
9670,3,50.00145943470083,39.70596460802739,0,7,1,0
9671,3,68.75767923791459,66.90910456099485,0,6,1,0
9672,3,73.74842999217195,54.505752936019455,1,6,0,0
9673,3,59.797726144581006,45.18976991550205,0,7,1,0
9674,3,37.694553689865685,38.20692138979197,0,5,1,0
9675,2,51.03647769299012,40.62319916266772,0,4,1,0
9676,3,32.484105388922316,36.877807400051566,0,3,0,0
9677,3,36.466213268626376,20.968000389857327,0,0,1,0
9678,3,52.95355038362346,68.6340448565598,0,8,1,0
9679,3,21.54818282286072,21.1486596312569,0,5,1,0
9680,3,54.43807571174254,42.01689451065519,0,4,0,0
9681,3,49.09753584275583,52.093650401246215,0,4,1,0
9682,3,34.91118407508541,34.34023220484055,0,10,1,0
9683,3,46.44302559337077,52.64921670604768,0,3,0,0
9684,3,80.26118911507437,78.80403289760899,0,5,1,0
9685,3,55.10867609947806,42.81629424882659,0,5,1,0
9686,3,48.90122466860845,53.18326701695861,0,6,1,0
9687,3,62.817832716331026,58.23555037025008,0,5,0,0
9688,3,40.085753331015226,55.59133698279628,0,8,0,0
9689,3,34.97867151135481,28.262343590394593,0,4,1,0
9690,3,89.34602891897067,81.48190081732507,1,6,1,0
9691,3,27.11183331812767,35.11973197450853,0,0,1,0
9692,3,43.21050688650624,43.26557511261491,0,5,1,0
9693,3,71.5241590810286,76.91033940563489,0,7,1,0
9694,3,55.548386063232584,43.545179624558834,0,2,0,0
9695,3,55.77959770550405,49.05653298413502,0,4,0,0
9696,3,55.30266343742767,53.122458132687186,0,9,0,0
9697,3,56.12316261747672,68.5176935668179,0,6,0,0
9698,3,67.52078086663073,65.04372758007614,0,5,1,0
9699,3,22.30878554194254,32.57165413817863,0,8,1,0
9700,3,37.35529149692325,40.98542646553516,0,5,1,0
9701,3,30.58664019398064,20.363256482578457,0,4,1,0
9702,3,24.17129978340619,25.95545693754061,0,5,1,0
9703,3,52.85859988020928,20.418275037326808,0,5,1,0
9704,3,39.465030023990025,40.460431201726074,0,5,1,0
9705,3,77.76123199954588,57.999327387736955,1,1,0,0
9706,3,61.67680037214313,53.277887286261866,0,8,1,0
9707,3,62.384518716799334,51.95198204766974,0,7,0,0
9708,3,41.49181828888831,48.48565875601133,0,7,1,0
9709,3,0.0,63.09850292263259,0,3,1,0
9710,3,43.93062283021615,46.299750211989846,0,3,1,0
9711,3,42.14631293918705,51.403986509499234,0,7,0,0
9712,3,29.61026480166403,26.151186803274243,0,5,0,0
9713,3,62.284020446435264,55.038265292544914,0,3,1,0
9714,3,88.47841889081101,67.20092856848643,1,4,1,0
9715,3,36.59620649169114,28.56540071550246,0,5,1,0
9716,3,55.2085587712461,54.9187322944802,0,6,0,0
9717,3,58.503465056108894,65.1766627256453,0,5,0,0
9718,3,32.600798205905484,38.70385685254019,0,4,1,0
9719,3,52.04058857190374,80.60765128111689,0,8,0,1
9720,3,60.6741474806459,55.577904883599295,0,3,1,0
9721,3,32.90974847474439,31.282275011686806,0,9,1,0
9722,3,64.79679999555218,61.41381598823176,0,7,0,0
9723,3,11.965602894757561,21.580598333054493,0,3,1,0
9724,3,42.38166389041822,48.10693397657883,0,4,1,0
9725,3,31.35830412647698,20.82923739417854,0,3,1,0
9726,3,49.6279857801825,38.32099239083928,0,4,0,0
9727,3,51.88588064389597,45.77107929945626,0,7,1,0
9728,3,40.76683761593748,50.732003927329366,0,8,1,0
9729,3,61.42596084152879,40.83343927232575,0,1,1,0
9730,3,48.679832834981255,29.027737334089508,0,3,1,0
9731,3,53.451095402630415,36.13227201587917,0,2,1,0
9732,3,37.078812290275216,46.9811959681631,0,7,0,0
9733,3,37.94218881938377,38.30487533720997,0,3,1,0
9734,2,61.74324449869393,61.397211969273485,0,6,1,0
9735,3,42.842044230026886,40.95994080018389,0,4,1,0
9736,3,54.64976277833584,63.852182139194326,0,4,0,0
9737,3,43.93313700497823,42.112526218425295,0,4,1,0
9738,3,34.09477718451118,42.12556468753376,0,3,0,0
9739,3,57.790971350997424,62.783030035722796,0,8,1,0
9740,3,26.10798770813047,21.937280314210714,0,5,1,0
9741,3,46.11485856631019,48.99915343524878,0,6,1,0
9742,3,62.0257364244026,62.956944933077246,0,5,0,0
9743,3,2.6717354587237025,30.336059252116726,0,3,1,0
9744,3,47.18601271756445,46.99618235617553,0,4,0,0
9745,3,69.02928603304385,54.10544758935136,0,5,0,0
9746,3,32.35416418194795,53.93880030087462,0,6,1,0
9747,2,26.349234702751477,30.307776361671714,0,6,0,0
9748,3,71.59961408785564,52.817459487678924,0,4,1,0
9749,3,47.08509078856784,48.91961224236486,0,4,1,0
9750,3,50.44162950629155,57.33310182985953,0,7,1,0
9751,3,70.97100780426082,36.79279886929178,0,0,1,0
9752,3,18.71369939570416,20.70730497726944,0,3,1,0
9753,3,57.55366530913611,56.59996856314141,0,5,1,0
9754,3,68.90492943218946,65.31814327443831,0,4,0,0
9755,3,54.53972810044603,62.5565458673068,0,6,1,0
9756,3,44.72752507923573,42.121364335027074,0,5,1,0
9757,3,57.28634974032678,51.191636729187536,0,7,1,0
9758,3,59.515454490776484,54.8718708103373,0,3,1,0
9759,3,39.052948441799245,48.764567142956494,0,2,0,0
9760,3,38.101699110190374,42.89287196567816,0,6,0,0
9761,3,58.49371391896291,45.70007646553769,0,5,1,0
9762,3,58.51930244365447,50.97683601334768,0,2,1,0
9763,3,62.78535429169499,62.43574179891881,0,4,0,0
9764,3,23.636378652244513,43.44387570111059,0,6,0,0
9765,2,62.76107126109708,38.33403517630795,0,3,1,0
9766,3,63.01268729569879,63.34595767739379,0,8,1,0
9767,3,70.51151680014773,50.35704956777144,0,4,1,0
9768,3,22.769365027760582,23.781765545395118,0,3,1,0
9769,3,32.08244955018063,54.900793645017615,0,4,0,0
9770,3,34.40343420672163,48.41536735964336,0,9,1,0
9771,3,43.63533462936943,35.58903812361192,0,4,1,0
9772,3,34.85433657782704,23.22004495136985,0,5,1,0
9773,3,45.321674760004,44.31755523189742,0,2,0,0
9774,3,59.84052498354091,57.019576923598294,0,7,0,0
9775,3,24.795688573834738,44.835938044348865,0,9,0,0
9776,3,64.71668124828999,56.43100965521564,0,4,0,0
9777,3,27.32537957184188,38.131800630684154,0,4,0,0
9778,3,31.082301127571654,40.42256548833541,0,5,1,0
9779,3,34.69672994478655,22.200197888697303,0,2,1,0
9780,3,42.83143692040333,36.29870638762486,0,3,1,0
9781,3,51.13400255691258,59.493389648573775,0,7,0,0
9782,3,68.84227280390049,61.19588353026846,0,7,0,0
9783,3,65.26684723937919,49.162764120978565,0,4,1,0
9784,3,50.29259828534106,31.68285200087073,0,4,1,0
9785,3,51.05492057683714,39.1600121541513,0,6,1,0
9786,3,43.79298206253337,53.64566915923298,0,8,0,0
9787,3,36.66751291190335,38.907752687574344,0,5,1,0
9788,3,51.83290471083074,47.76174265089688,0,7,1,0
9789,3,35.26896531071347,33.21113271107433,0,5,1,0
9790,3,61.047798280639824,55.30497183882854,0,9,1,0
9791,3,23.30463486162281,36.96703579723697,0,9,0,0
9792,3,68.76304100834028,77.45896840286811,0,6,0,0
9793,3,40.16654855893221,31.02139066405637,0,4,1,0
9794,3,77.44666650733582,72.0871788622836,0,8,0,0
9795,3,63.52807972736207,55.41419095651664,0,1,0,0
9796,3,63.75246421116443,55.73474967597752,0,8,1,0
9797,3,58.24811111045775,48.64900058836635,0,4,1,0
9798,3,71.96339213079425,59.454119309653294,0,3,1,0
9799,3,62.32392765526999,51.118841852585874,0,3,1,0
9800,3,47.75395918787705,48.73876671494279,0,6,1,0
9801,3,47.719379909363795,45.67261234134699,0,4,1,0
9802,3,45.8359609103197,35.956880608432655,0,4,0,0
9803,3,62.3597781665011,66.79185819526361,0,4,1,0
9804,3,63.645910493340615,64.86045158301121,0,9,1,0
9805,3,33.81631761789859,31.10866331629334,0,5,1,0
9806,3,44.46688941563945,50.92744316499264,0,8,0,0
9807,3,76.20386426155544,74.0224757277179,1,7,1,1
9808,3,18.929073515361623,38.08753146052749,0,5,0,0
9809,3,59.958760293494,45.36048037166949,0,3,1,0
9810,3,52.46330474511847,63.44863456879243,0,2,1,0
9811,3,70.57211855796237,62.01556668806197,0,5,0,0
9812,3,15.003522078621835,36.14123849098372,0,5,1,0
9813,3,70.72919777915071,79.63435958426788,0,6,1,0
9814,3,46.737628067285236,54.79958167851207,0,7,0,0
9815,3,29.604724508463903,28.17053055872834,0,3,1,0
9816,3,32.28275091443999,48.09862083486592,0,4,0,0
9817,3,27.06955081242134,31.322882222487543,0,5,1,0
9818,3,55.25192865647667,49.44235489129947,0,3,0,0
9819,3,67.33473808664947,72.71037430186138,0,6,1,0
9820,3,46.87469622633361,59.92771035049579,0,10,1,0
9821,3,75.0973260789379,75.05359446597795,1,6,1,0
9822,3,63.28281373748903,42.36753708778431,0,2,0,0
9823,3,36.8423697620575,42.45072489714925,0,4,0,0
9824,3,5.580112435085481,25.515159295214566,0,4,1,0
9825,3,11.941799388343888,8.6739826641184,0,1,1,0
9826,3,62.04735332420798,48.20166521054485,0,4,1,0
9827,3,42.59535913181834,51.60587144166829,0,9,0,0
9828,3,29.51630150835476,20.45803307971712,0,4,1,0
9829,3,61.587849317774754,62.57556445724586,0,6,1,0
9830,3,48.79126161005301,56.28977302678934,0,4,0,0
9831,3,35.74710869775594,51.66916271406838,0,4,1,0
9832,3,26.411938215174295,34.63752401875426,0,4,1,0
9833,3,58.92536798552298,57.23551995640833,0,6,1,0
9834,3,22.473652747473395,31.48422339861798,0,10,0,0
9835,3,73.40073150928988,62.44209325927249,0,8,1,0
9836,3,51.93835724329797,57.27668046799651,0,8,1,0
9837,3,52.73339881282643,68.36495469649012,0,5,0,0
9838,3,73.34043361052905,70.022782758902,1,6,0,0
9839,3,51.11432185002303,53.21426256304943,0,5,1,0
9840,3,69.4925114387005,70.8092668658962,0,4,1,0
9841,3,23.737505338476556,26.297981046148102,0,4,1,0
9842,3,40.12102742295163,48.51280890168875,0,8,1,0
9843,3,46.16203497128343,37.7326507476191,0,6,1,0
9844,3,40.57354561746452,44.39830241098366,0,4,1,0
9845,2,30.122756648048032,44.02914171186765,0,8,0,0
9846,3,67.91207750279486,61.968625145325916,0,7,1,0
9847,3,48.530021413022226,54.023747286456604,0,6,0,0
9848,3,48.29207911692782,42.83314598122497,0,5,1,0
9849,3,38.6280147549811,46.79259112862189,0,3,0,0
9850,3,36.427380123580015,27.83325206536844,0,5,1,0
9851,3,47.76969828599628,64.86229956454852,1,2,0,0
9852,3,51.31231689777839,34.791059287238106,0,2,1,0
9853,3,57.168529180112245,37.062461245789635,0,4,1,0
9854,3,65.8889025482378,62.60161404036988,0,5,1,0
9855,3,21.2406706363343,49.62422522300563,0,3,1,0
9856,3,34.90992311161174,53.12550169173562,0,6,0,0
9857,3,35.10439830782079,33.87630124518675,0,1,0,0
9858,3,52.052184531123814,68.38829061470224,0,8,0,0
9859,3,49.32350387506125,66.27504635950402,0,6,0,0
9860,3,32.660829739190525,54.3430793091695,0,10,0,0
9861,3,83.49764239213623,63.60593997301528,1,5,1,0
9862,3,76.81216650656135,48.33022403702518,0,4,1,0
9863,3,59.955732422330286,41.49934410625232,0,6,1,0
9864,3,48.941920347066336,44.167134072479534,0,2,1,0
9865,3,56.31834825743464,56.655335037606136,0,8,1,0
9866,3,19.40373325109805,38.20516677565388,0,6,0,0
9867,3,72.74658625411207,58.879448536853936,0,8,1,0
9868,3,39.20921928496243,42.69558048176418,0,4,1,0
9869,3,42.22011676564871,49.073753591461646,0,5,0,0
9870,3,56.53923770270236,60.04670456387191,0,5,0,0
9871,3,37.108139712717495,47.41521693603451,0,5,1,0
9872,3,19.44288394104771,36.493660005359715,0,7,1,0
9873,3,50.148497930869276,47.10355572755382,0,7,1,0
9874,3,89.73425386578126,76.61481503841614,1,6,0,1
9875,3,36.716171302995164,43.20068850571891,0,0,1,0
9876,3,77.0469737352586,63.077865834427726,0,2,0,0
9877,3,37.57488762480235,54.22154216067532,0,11,1,0
9878,3,40.300280755587025,39.38672237336482,0,4,1,0
9879,3,53.78294641084825,41.25567870887851,0,3,0,0
9880,3,71.48424962907947,76.34806229907691,1,7,0,1
9881,3,100.0,53.05580016210538,0,5,1,0
9882,3,79.42657175669731,64.17914358655331,1,7,1,0
9883,3,58.932993739539405,50.67271011586822,0,3,1,0
9884,3,28.1633402022383,36.984995029385715,0,8,1,0
9885,3,70.23238492277093,50.35714667302878,0,2,0,0
9886,3,77.29296662038979,60.81986511486918,0,1,1,0
9887,3,68.67131269620423,75.49269206617974,0,15,0,1
9888,3,41.49760872991405,47.132190711992656,0,2,0,0
9889,3,62.185958972343435,51.25135234621686,0,3,1,0
9890,3,67.24251556129708,59.60533711738939,0,8,1,0
9891,3,59.48319411967649,57.57255726444331,0,5,1,0
9892,3,37.894898380723184,19.34188673823926,0,1,0,0
9893,3,40.13587594179771,42.982923571243596,0,4,1,0
9894,2,29.9529621484683,29.107621067313637,0,4,0,0
9895,3,45.83660380018286,45.70305980730981,0,8,0,0
9896,3,22.22943414385532,39.628442575967334,0,9,0,0
9897,3,27.570272400801954,23.08018457206143,0,3,0,0
9898,3,48.82826724788443,41.370373204057984,0,6,1,0
9899,3,45.65539322634161,65.76460785735817,0,7,0,0
9900,3,68.01502056090743,71.02234176804762,0,10,1,0
9901,3,47.9116045753656,36.887442196345425,0,3,1,0
9902,3,51.96027889867539,58.97784710006021,0,8,1,0
9903,3,65.09660031929572,52.99590191266588,0,2,1,0
9904,3,51.4504365386165,49.8477499473305,0,5,0,0
9905,3,88.30572136858105,75.55631257743539,1,4,0,0
9906,3,49.85548288930005,63.741078142892285,0,5,1,0
9907,3,57.34923079963249,53.39974789145717,0,7,0,0
9908,3,72.52037866257676,63.871434448340494,1,8,1,0
9909,3,49.70265862099776,57.34754197885921,0,4,0,0
9910,3,44.33062326465339,39.8247691806875,0,6,1,0
9911,3,36.305156059485704,29.043237151144492,0,4,1,0
9912,3,100.0,55.067959935882975,0,7,1,0
9913,3,41.95727470054436,45.886329338856505,0,8,0,0
9914,3,36.693513938588296,42.24210346957001,0,9,1,0
9915,3,22.09283185073981,29.637924139175272,0,2,1,0
9916,3,53.806345390351844,43.20702928441316,0,7,0,0
9917,3,48.42054069498488,62.338556446343325,0,5,1,0
9918,3,31.21291800503367,27.122498179182386,0,4,1,0
9919,3,43.18979773765238,60.03810323501091,0,11,0,0
9920,3,77.5748784731045,81.92518422112677,1,4,1,0
9921,3,54.6558281631386,53.24190732068356,0,5,1,0
9922,3,26.71734528027681,23.868703762049037,0,4,0,0
9923,3,33.71435546427756,32.70845415313794,0,4,1,0
9924,3,50.46149591459125,58.35636700854853,0,6,1,0
9925,3,100.0,56.97505660465605,0,3,0,0
9926,3,87.92538039656294,54.76731358086812,1,2,1,0
9927,3,29.913470608526907,32.373134069135986,0,2,1,0
9928,3,68.37220018625973,78.71370023059407,0,6,1,0
9929,3,29.70613983641273,42.14437114574269,0,6,0,0
9930,3,28.948127519640806,53.53554689547833,0,6,1,0
9931,3,80.21245764719797,67.9948667524249,1,3,1,0
9932,3,75.53704531632356,70.35488419075159,1,5,1,0
9933,3,91.18490015689338,68.51877431324726,1,4,0,0
9934,3,37.71742374316832,37.876877798423784,0,7,1,0
9935,3,77.26356787823597,59.84904224973964,1,5,0,0
9936,3,78.66021119427074,73.80329499632525,1,9,1,0
9937,3,26.798283282067075,27.65180508462715,0,4,1,0
9938,3,42.00998331104545,36.29932975838036,0,4,0,0
9939,3,55.328273957552184,44.37729813660457,0,5,1,0
9940,3,86.47576485260966,74.89931815752476,1,6,1,0
9941,3,66.32694424265989,61.4226827807875,0,7,0,0
9942,3,43.97252010040398,31.564437071956355,0,4,1,0
9943,3,42.52386921914634,45.91249737868737,0,6,1,0
9944,3,30.47108110158771,37.83965845429983,0,5,1,0
9945,3,37.62945226094616,48.284927815872024,0,3,1,0
9946,3,53.52360279319231,44.334637710987195,0,2,1,0
9947,3,61.88282495567393,51.96196541185935,0,2,1,0
9948,3,43.595133937284054,56.546058922224994,0,10,1,0
9949,3,28.988133054168326,49.35057697308075,0,8,1,0
9950,3,65.15939179798556,56.670066180926604,0,3,0,0
9951,3,27.339540416329044,27.497289661149384,0,5,1,0
9952,3,27.488628425156264,38.755711740455084,0,4,0,0
9953,3,40.166455107294105,38.365418378780866,0,4,0,0
9954,3,59.97683659944771,44.17809074651914,0,4,1,0
9955,3,44.40251716858417,35.880446659196814,0,5,1,0
9956,3,38.80531863215059,43.918290511484415,0,4,1,0
9957,3,53.952644777758536,46.506708147226234,0,8,0,0
9958,3,28.734867493937582,38.08190415729927,0,7,1,0
9959,3,51.08046922362399,58.13195294555027,0,4,0,0
9960,3,35.477657477169004,40.65026226294117,0,6,1,0
9961,3,45.51473356617344,44.13304221345598,0,3,1,0
9962,3,54.25561419280417,42.79320222636485,0,5,0,0
9963,3,66.27004424090623,65.98942544329661,0,4,0,0
9964,3,51.51112171661344,47.711059186031044,0,3,0,0
9965,3,46.859484775726955,43.78022225306188,0,4,0,0
9966,3,38.74734034577085,48.455487534581,0,3,0,0
9967,3,71.52924164489161,63.446086395826846,0,5,1,0
9968,3,46.842491203260884,60.410322348443714,0,10,0,0
9969,3,57.696618318732746,43.8363432259847,0,3,1,0
9970,3,49.633581208581006,34.485128669996584,0,4,0,0
9971,3,38.43862918225074,38.52930241568147,0,0,0,0
9972,3,60.260914239869564,71.7931929732948,0,6,1,0
9973,3,68.4089464914395,70.28766767644215,0,6,1,0
9974,3,49.85977371821633,56.33527181029339,0,1,0,0
9975,3,10.36747533883866,23.476191740245202,0,2,0,0
9976,3,60.846437534933855,40.837938823580686,0,5,1,0
9977,3,70.87349164925683,50.29410085846825,0,3,1,0
9978,3,40.392861865076846,39.245086722325354,0,5,1,0
9979,3,38.31666624020199,42.138159002698146,0,6,1,0
9980,3,60.01053007424349,76.9576597500305,0,10,1,0
9981,3,54.18446566492106,47.13929971309191,0,5,0,0
9982,3,58.25637135031892,63.69705442528488,0,11,1,0
9983,3,47.989193026254824,32.00142787364205,0,2,1,0
9984,3,42.68737443007311,42.63017138670351,0,4,1,0
9985,3,54.70010616294102,56.087763549011456,0,5,0,0
9986,3,51.01434482700744,42.200555362971556,0,0,1,0
9987,3,55.83184489430805,62.88865561842208,0,4,0,0
9988,3,82.69206583757739,48.41295885226336,0,1,1,0
9989,3,60.53468618793009,51.91253463193545,0,6,0,0
9990,3,39.352918388738864,38.59446459643785,0,6,1,0
9991,3,48.970856180015595,50.19294686939336,0,6,0,0
9992,3,62.51766935748526,51.91828245235342,0,5,1,0
9993,3,54.454852365242765,55.62453142695321,0,6,1,0
9994,3,61.05362436704633,53.9166612410285,0,7,1,0
9995,3,46.085157273291486,42.37076523752474,0,6,1,0
9996,3,47.05720425076977,57.98191529485627,0,5,1,0
9997,3,50.08478509789627,65.67282348208398,0,8,1,0
9998,3,60.7502801758543,43.50654535996292,0,4,1,0
9999,3,43.454519095840055,33.430878831800094,0,5,1,0
