candidate_id,G_Gender,S_ImmigStatus,U_wealth,U_prob,H_policy,C_shadow,X_uni,X_code,X_behav,X_ref,X_exp,X_permit,Y_Target
0,0,0,0.9075148784340772,-1.0694036151351638,14.938822246520921,0.0,3,32.531712811774646,44.71095251402399,0,7,1,0
1,1,0,2.212715187350384,-1.748209055186297,18.994894364872106,0.0,3,23.18175099419651,21.856755236780504,0,5,1,0
2,1,1,1.3353300294554853,1.8942812337565973,9.976318891601595,1.1243529588112382,3,78.50289531713788,63.13137332194374,1,4,1,0
3,0,0,1.2369884345999032,-0.35452885839908216,12.697329663530887,0.0,3,39.8425881480418,47.83638829926378,0,6,1,0
4,0,0,0.7752041170594093,1.102276375545649,11.843004594438057,0.281982385912175,3,66.83850684078052,59.00059320883863,1,3,1,0
5,0,0,2.1269781582097265,0.7786248224220511,10.945161068720132,0.48703748897045496,3,63.07449055125005,61.110891037910086,1,7,1,0
6,1,1,1.2508729205444264,0.6402300737383974,13.26022222497064,0.0,3,60.33557756604248,50.60380657959238,0,1,1,0
7,0,1,1.3987034267958387,-2.1290293159654854,14.985452152631318,0.0,3,15.646346170174574,41.6797587184009,0,5,1,0
8,0,0,1.0905191500630391,1.6056504072444908,7.395893762273553,2.0462516268289908,3,73.80157610151245,61.444974376521316,1,3,0,0
9,0,1,4.172127699548848,1.1932255821118924,5.917855510761028,1.160673127719883,3,68.95612130787599,74.39099337811582,1,8,0,0
10,0,0,2.0189171844455465,-0.051910424397753493,15.453904768175246,0.0,3,49.94956923604708,45.302471023896615,0,4,1,0
11,1,0,2.032412194151588,-0.269358666505261,16.05331180660493,0.0,3,46.2051301612364,37.221777027149024,0,3,1,0
12,0,0,0.9279530908718107,0.09615046749065341,13.42082942389403,0.0,3,52.12350881277096,46.87425334335136,0,3,1,0
13,1,1,1.9074825009588046,1.6828139133645896,5.874313999078883,1.0426127406216468,3,50.5925989709888,70.53289129284798,1,5,0,0
14,0,1,1.0236151283673873,-0.6775553900001102,12.029976108350223,0.0,3,40.26312498011057,53.029270049368385,0,5,1,0
15,0,0,1.1681160378255437,2.285016183984935,6.908755323385083,2.3475126032380755,3,85.4140501220324,73.07786037713082,1,4,0,0
16,1,0,1.6237895549500538,-0.26267159686424624,15.783574245415114,0.0,3,47.62808472175342,36.464192878040976,0,7,1,0
17,1,0,0.6404640906074306,0.617904296406246,15.4301705144721,0.0,3,57.740174078371425,43.07664204203992,0,3,1,0
18,0,0,0.7901508851157616,0.7946051242690895,11.05992663705527,0.48876913763165225,3,59.75747701257038,56.87964229617557,1,5,1,0
19,0,0,2.021296977966463,1.889944946060493,7.2363443053629295,1.6039741638394387,3,80.10921172615642,75.8825145758728,1,5,1,0
20,1,1,1.0098942516351346,2.2340790100459973,4.680659475750521,2.793497578343648,3,81.46844255006866,80.31032980448347,1,7,0,1
21,0,0,1.2011846438916625,0.5941170180672468,11.75095111833274,0.13504460078985572,3,59.97864351648293,56.75622803454506,1,7,1,0
22,1,0,3.3474423646407603,-1.10323689794847,18.577465068137112,0.0,3,28.217603295657117,21.269003803044217,0,1,1,0
23,1,1,1.126313246566421,0.7354439837592643,11.405112351449953,0.22161901746038865,3,60.79929151899053,61.100155363838965,1,5,1,0
24,0,0,1.0732256621284921,-1.870972487343958,17.935079325183338,0.0,3,24.22789038984446,26.47303561515233,0,3,1,0
25,1,0,1.958616194216097,0.4625444166146043,8.116017833284337,0.0,3,72.95451745456754,72.47578243065377,0,7,1,0
26,0,1,2.9986926267321876,0.2819961252755957,12.001997965684543,0.0,3,59.9021628781411,55.05605998481106,0,2,1,0
27,0,1,0.9247558236880458,0.4222009968627943,9.756842075951415,0.2895708162570412,3,56.81451846211491,56.39375065506641,1,2,0,0
28,1,0,3.1229544496665027,0.6225916187338332,14.100293880666776,0.0,3,64.30080803655706,45.307035083634005,0,5,1,0
29,1,0,1.5814541801764475,1.3666758613972818,7.730434363240698,1.0836816816813037,3,71.07724938922298,66.24205023171085,1,10,0,0
30,1,0,0.9962914243487512,0.03639598149071581,14.559634209523267,0.0,3,51.0066506232113,40.68132218032296,0,4,1,0
31,0,0,1.8511326760888336,-1.7421404343835423,17.784786971628094,0.0,3,31.433536026545614,27.492973909470507,0,7,1,0
32,0,0,1.2378088928200466,0.10686252052255582,11.811810032460087,0.0,3,38.76022121864466,53.38879401756334,0,6,1,0
33,1,0,1.5670942842351887,1.2819627488861634,12.53244325577037,0.4066868430216154,3,70.66547811078415,52.397448141587645,1,5,1,0
34,0,0,2.3135058674001097,-0.7269892848169599,17.713097673829097,0.0,3,38.507701554798615,28.91868161516913,0,2,1,0
35,0,0,0.5058982277497569,-0.6333991753400908,14.167464553623846,0.0,3,38.88011257692838,46.39187357410413,0,6,1,0
36,0,1,2.537883667364602,-0.3766685978924704,12.411572909872532,0.0,3,44.972918752324105,55.029057656989515,0,3,1,0
37,1,0,0.8486032784840204,-0.5373430005956946,13.300680000057174,0.0,3,40.3666259547844,34.53305640335554,0,4,0,0
38,0,1,2.599784390987514,-0.7293158221340116,8.700078594943669,0.0,3,38.839516029814995,58.00692595110165,0,9,0,0
39,0,0,0.9051314978308581,1.3534869486916299,12.620335524086535,1.2937309022077639,3,69.63690995921178,54.53910488811366,1,1,1,0
40,1,0,0.675712486828272,0.02269200354227801,11.786986770998176,0.0,3,49.42922679277944,40.50703508737493,0,5,0,0
41,1,0,1.4264459996088974,0.9953724600127315,12.79202946636768,0.5242228711430186,3,69.3222816453331,52.68037204071635,1,6,1,0
42,1,1,1.5161004381290926,-1.6804909700586,17.289858663397485,0.0,3,24.82029340437438,30.60721152414491,0,6,1,0
43,1,0,2.0451655193179743,-1.2121931175348848,15.67895898797564,0.0,3,34.432477606982935,20.213198628225467,0,1,0,0
44,1,1,2.7525624956190957,-0.7577122396710936,15.406139076368527,0.0,3,43.082796458490506,39.99115450094917,0,4,1,0
45,1,0,2.321566959317335,0.9398733608007668,15.863810147432435,0.3978068714093079,3,65.37010018014352,39.418110955564565,1,0,1,0
46,1,1,2.120466086837338,0.9489761363360575,6.5261581865286145,0.7819011243071015,3,64.93121762455858,67.67569956200325,1,9,0,0
47,0,0,1.4798884737377271,0.4905201985010603,12.141545881886472,0.14755948564975502,3,53.88501890888311,53.25307427419392,1,5,1,0
48,0,1,3.3678339786130476,-0.5102437836841341,8.530282683670107,0.0,3,45.13478675834218,58.00176406792101,0,8,0,0
49,0,0,2.5552861060714274,1.2356340242981774,10.271171107810494,0.8289085669723826,3,67.53243548852548,65.4576721921785,1,9,1,0
50,1,1,1.8234401502605424,0.3173300288553336,13.287564275645801,0.0,3,53.25752451410189,50.23576135430052,0,5,1,0
51,1,1,1.448264427322176,-1.689014374213685,17.693645495584466,0.0,3,23.790233719450544,28.002638920212824,0,4,1,0
52,0,1,1.90333532589174,0.8197557405794266,8.429558352754505,0.5903155329395009,3,65.81199238075254,60.26216381470435,1,2,0,0
53,0,0,1.3130008231617836,0.6096720743672441,12.353647582584262,0.0,3,60.78624751092782,60.55025286828738,0,9,1,0
54,1,0,4.6061773422335275,-0.3929739666981829,15.918797628912978,0.0,3,45.97019029524976,34.39638431102885,0,2,1,0
55,1,1,1.124363771352944,-0.8776087026815617,11.132866143756265,0.0,3,36.04293353441144,45.79630149547929,0,5,0,0
56,0,0,3.532306945317305,-0.1416613673762851,13.753944156291539,0.0,3,48.36654442536209,45.574972507342515,0,3,1,0
57,1,0,3.2943026200558863,0.849827623313087,12.910158629768794,0.27308414685497556,3,63.69910044205946,49.718687832666305,1,5,1,0
58,0,1,1.743278017120358,2.6275737629317057,4.046253371203727,3.490062602682534,3,65.59211319236944,93.77566399519418,1,7,1,1
59,1,0,1.6951133094603057,0.12544405191430394,13.551378674378508,0.0,3,51.564477664675024,44.75463429236523,0,8,1,0
60,0,0,2.1934971305669784,0.5628219400252567,10.918510013630968,0.20824582067263997,3,57.91157092827944,61.98686723088581,1,7,1,0
61,1,0,1.2466086430450751,0.45630226504716415,13.664154194306155,0.0,3,58.794990191046445,48.799810493190904,0,8,1,0
62,0,1,0.6785409463665294,-0.12162763503716782,11.945790423701151,0.0,3,48.276722075535176,54.933577270462806,0,3,1,0
63,1,0,1.90308975876108,-1.658369051634795,18.72503363335052,0.0,3,25.074523874098375,20.831852632954394,0,3,1,0
64,0,1,3.206734303178407,-1.5077896808588709,13.2582619781499,0.0,3,26.505939741056107,46.35904728652342,0,5,1,0
65,1,0,1.569038299708399,0.23518824958383625,15.737644192452098,0.0,3,53.698704841954104,37.42431383917839,0,4,1,0
66,0,1,1.2568116514698735,0.6559474433488376,8.353813728757306,0.008187239292305325,3,58.96156987557323,74.96078942178883,1,6,1,0
67,0,1,1.7288476723628738,-0.3002065136752905,13.122487358678596,0.0,3,46.045347592341564,52.81653685900412,0,5,1,0
68,1,1,3.6645207740143717,-1.0140209679746237,15.986105178355677,0.0,3,34.68787101543882,40.304613271928986,0,6,1,0
69,0,1,2.44261531160217,-1.1430430926645911,9.315693987045561,0.0,3,32.76844392803305,57.290352883503125,0,7,0,0
70,1,0,1.8879712448839998,-0.5938215168166319,14.820607486562382,0.0,3,40.77120720174424,24.832727377755027,0,2,0,0
71,1,1,2.5133731225216907,0.2645320187615217,10.382297859938129,0.0,3,52.644440337444294,50.8490565593262,0,5,0,0
72,0,0,3.1437260306562695,1.2190052913754739,12.788627814346398,1.4746853760917755,3,70.58087597969055,53.059855914604576,1,1,1,0
73,1,0,3.5388188808300107,-0.8307523578050084,17.285977481534267,0.0,3,34.2365153403508,29.643192883651245,0,5,1,0
74,0,1,1.4761745004989753,0.5813298187524636,8.530993739746918,0.0,3,59.07058630490603,58.973110331488314,0,5,0,0
75,1,1,3.022319855281323,0.5741421752404497,15.619523614914447,0.0,3,59.264224357339444,46.55348758969952,0,2,1,0
76,0,0,3.506237165143006,-0.5181780792494235,11.789903330352871,0.20477741290972595,3,40.313214947632446,46.08077745777434,1,5,0,0
77,0,1,2.1317683705559203,0.9622425118429994,10.562587808381526,0.8439126481997212,3,68.729076630055,66.70928994340814,1,5,1,0
78,1,0,0.6948122667215496,-0.5829696269961261,13.371341017624193,0.0,3,44.743210615024296,49.040770257384494,0,6,1,0
79,0,0,1.2663499065325285,-1.6125158433130626,15.140212013711828,0.0,2,25.164595527210246,38.42912769129778,0,6,1,0
80,0,0,3.154232882733417,-0.2543938234956061,13.415530900740016,0.0,3,28.502313580646245,51.797042123076494,0,8,1,0
81,0,1,1.233403033070218,-1.139377016370855,14.840020902097482,0.0,3,33.206968138049724,40.0804560622804,0,3,1,0
82,0,1,1.8020025000554114,0.6572410479558016,6.262046030675361,0.0,3,58.492379974202855,68.33511430831678,0,7,0,0
83,0,0,2.2435736846957095,-0.8240698682823148,15.585564237641568,0.0,3,38.9044811975972,41.800834976914395,0,6,1,0
84,1,0,1.4407340325232745,-2.135271066751179,19.88580707685744,0.0,3,18.233685801074092,22.35925584238295,0,8,1,0
85,0,0,1.8508146402449408,0.9907585265407358,12.521489931951457,1.445886632540528,3,69.5319520832723,55.23562808948759,1,5,1,0
86,0,0,5.128737186302724,0.2696497854145378,10.788302497442594,0.0,3,39.77847343123253,54.97773386863765,0,6,0,0
87,0,1,2.041931456357207,-1.318408681167938,11.669040798322214,0.0,3,30.514385054762354,40.87204064095779,0,3,0,0
88,0,0,1.603889012331897,-0.3019123163599024,13.937925931374139,0.0,3,51.10175984205306,45.59787237071602,0,4,1,0
89,1,0,1.2639559939348521,-0.858599228237528,17.115881944865844,0.0,3,46.77767520755468,27.514424992528586,0,3,1,0
90,0,1,1.3103711628397718,-1.9726835671395504,14.241774553895134,0.0,3,20.194758166042256,45.84071903071841,0,7,1,0
91,1,0,2.88211127576321,0.20626266978360977,15.056822441178513,0.0,3,51.77634171566425,43.458762816233,0,6,1,0
92,0,1,3.397313113022484,0.10939607242685767,9.311878813094292,0.0,3,49.0399652911243,68.96083095966627,0,9,1,0
93,0,0,3.6738402605229488,-0.401972604486557,13.515390077258635,0.0,3,41.33006374830781,50.02427777798455,0,7,1,0
94,1,1,1.7873261161535448,0.9638555458962406,9.001674976973277,0.4470633327234023,3,62.91725942243079,55.40879177255242,1,3,0,0
95,0,0,1.3311364402678936,0.7566272740546945,11.097135193280515,0.41362844893072526,3,64.37658090228676,61.38669097959681,1,5,1,0
96,1,0,2.04361492677092,0.23690199172404783,14.647246955439323,0.0,3,53.14358666037436,42.15627087580035,0,2,1,0
97,0,1,0.6135608593611939,0.8002574512148415,13.545095513561318,0.0,3,64.52856471494518,53.42933571298736,0,5,1,0
98,0,0,0.8943491195582997,0.6410884660029841,7.967275584813265,0.1930035643412714,3,60.05869282448875,57.883448012352616,1,4,0,0
99,0,0,1.8830540149473232,-0.4878089725774359,15.053707516584728,0.0,3,15.138160386174949,46.6482157868584,0,8,1,0
100,0,0,2.5933332453423703,-0.9378327736605031,15.624447647997616,0.0,3,36.6391088937135,36.68029872752627,0,1,1,0
101,1,1,0.659398225614362,-1.0218749671472833,15.76680675351254,0.2323144186141437,3,36.12549311806288,30.00491047806266,1,1,0,0
102,1,1,0.7218764353226671,-1.6562153781421454,16.074534792422988,0.0,3,0.0,34.92942720084943,0,5,1,0
103,0,1,1.2585076191572089,0.03410188605587798,6.594103493298508,0.0,3,49.48437808755718,66.11136058070916,0,9,0,0
104,1,0,2.860872569750271,-0.14603611297412425,15.896932220069793,0.0,3,45.657255416401235,38.83117141139555,0,4,1,0
105,1,0,1.686417952292998,-0.6642286253903218,17.04743827976232,0.0,3,40.388638153230254,34.782680567005436,0,7,1,0
106,1,1,1.5635073395348553,-0.13037601239648822,14.523026814726926,0.0,3,48.24592732091479,44.73836860650655,0,4,1,0
107,0,0,2.2849170596194814,0.5651156503227909,14.237275006530586,0.6600931070451648,3,57.36640495333265,47.03189674817177,1,3,1,0
108,0,0,1.585475941234697,-1.648716921743943,17.404905406731505,0.0,3,25.68453426941987,34.64017066344338,0,3,1,0
109,1,0,1.1759110852863026,0.13193734840807342,15.26268144027412,0.0,3,51.262119803029734,40.712024405087995,0,3,1,0
110,0,0,1.7364268442336577,-0.4421225153497904,15.110116814995644,0.0,3,43.365791911972224,41.92740697365182,0,4,1,0
111,1,1,2.326209317942661,-0.040309517749661995,9.360795153087972,0.0,3,48.29461852660779,56.00966741820855,0,8,0,0
112,1,0,1.020473080367741,-0.08903062252903052,11.744784349151045,0.0,3,48.80487357034652,39.334723271991486,0,6,0,0
113,1,0,2.2433351464571496,0.07352434442411965,13.246414929859135,0.0,3,40.80251963198137,37.04506632672691,0,5,0,0
114,1,1,1.4710033045105022,-0.005012438531911652,9.642383714319092,0.0,3,50.390182540180405,51.62923932355294,0,6,0,0
115,1,1,1.273787296283465,1.8510153464329087,7.833973059057086,1.5277550261449795,3,100.0,72.33693509237092,1,6,1,0
116,1,0,3.5240895436546893,0.26037368200686317,16.378034621293132,0.0,3,52.468145040731734,35.76027950379219,0,2,1,0
117,1,0,2.655594810253944,-0.4051298419312529,15.826174064063407,0.0,3,43.147321430123625,38.90688584619828,0,6,1,0
118,0,0,1.6933722978018786,0.6796359307514558,12.157706775462964,0.0,3,59.879522826940935,56.82277614960551,0,5,1,0
119,0,1,0.5160474213197069,-0.513737471343082,7.134086304051597,0.0,3,89.91303901509542,68.85539171265017,0,8,0,0
120,0,0,1.363141921868632,-0.7981142582838716,15.416021312988313,0.0,3,37.359319414023304,42.566049273686204,0,7,1,0
121,0,0,1.5760929663712773,-0.05313832245724795,12.833087718242314,0.0,3,46.0272523276784,51.5389177929155,0,8,1,0
122,0,0,0.9571791050463436,2.411531420432033,8.645737044204267,2.7852196338990893,3,84.6962350772187,70.15164436599986,1,4,1,0
123,1,1,2.661431055314957,0.8180045425945726,10.233094767263939,0.8959831933777465,3,64.85003469082595,64.65912790573014,1,8,1,0
124,0,0,1.6019842258761727,2.1676395573964697,7.0489605787642695,1.8046445520145833,3,83.02044469720836,69.08341969738129,1,3,0,0
125,1,1,3.0190478653746338,1.1554206513751613,13.692433970333441,2.7347841505185095,2,59.8856139563118,59.830882269180364,1,2,1,0
126,1,1,4.4502381272011045,-0.6385414694430566,14.821593060988668,0.0,3,40.45716671190757,51.533599066445305,0,8,1,0
127,1,1,1.4637209295460538,1.9108967033647317,12.520307651813294,0.8163808876851508,3,77.67300565572394,63.40644654503592,1,2,1,0
128,0,0,2.2001543627943714,-0.4711246348749792,14.708451416241207,0.0,3,42.74975451726134,39.228572998401646,0,5,1,0
129,1,0,1.0183875063158676,1.63050468962047,10.82098008724787,2.1364908400128053,3,100.0,46.71639148760847,1,1,0,0
130,0,0,1.086451338695847,-1.7195511974332625,14.378896460184853,0.0,3,23.871497750369258,27.43203483580466,0,2,0,0
131,0,0,1.6297786323769248,0.5024588834021757,8.60585757005903,0.7373900030804549,3,60.29489232568836,53.09012694608562,1,6,0,0
132,1,0,1.5173769282497898,-0.8297144551792728,15.665091004658676,0.0,3,48.00236506109218,37.33631631147906,0,6,1,0
133,0,0,1.2958234194826719,-1.1344124633453905,15.328630997059411,0.0,3,32.9315392762684,35.70343236294244,0,4,1,0
134,1,0,2.304001381488372,0.2537705186372505,16.26135596925627,0.0,3,53.627357277023165,35.176087324899534,0,4,1,0
135,1,0,1.090435551898843,-0.4288410472430542,16.976153802987966,0.0,3,45.30982443707204,30.56192565655947,0,3,1,0
136,0,0,1.5225716316102638,-1.1513328824730256,15.56746672942004,0.0,3,35.32785985324602,40.8295195012182,0,6,1,0
137,1,1,1.1710491479032472,-0.7830399563942737,14.30373227955005,0.0,3,38.26294769294407,42.38100400364777,0,2,1,0
138,1,1,1.5290498385203135,-0.6165736582174652,10.45361371874631,0.0,3,41.20035796338023,45.49784415368948,0,4,0,0
139,1,0,1.564057507133505,-0.2683947630844958,15.232037012369236,0.0,3,46.28845020806442,37.016125868911125,0,4,1,0
140,0,0,0.8642572410543328,-0.9370121720856391,15.156484944616606,0.0,3,36.25434249789227,39.336736229553026,0,4,1,0
141,1,1,1.8060807527625646,0.32404019844348253,8.37500260380808,0.0,3,53.070975566113994,53.40896967409795,0,5,0,0
142,1,1,1.1728337409860505,-0.8589274984925406,14.283571783762284,0.0,3,36.90416115785009,48.271137705888705,0,7,1,0
143,0,0,1.2901007524075068,-0.17594773127439803,14.263223404740257,0.0,3,47.29679183069664,46.04073155887874,0,3,1,0
144,0,0,1.746418449059714,1.2439697156896163,11.817253697802435,1.2548536712820564,3,68.81166181584886,53.92115601778608,1,1,1,0
145,0,0,2.503892103836767,0.5675574353560219,12.214275687858198,0.0,3,58.867017584539084,53.91309200555271,0,6,1,0
146,1,0,0.7961278882283479,1.363539558649128,10.702483184513962,1.7677689307458864,3,71.60574460815386,47.04406861192419,1,4,0,0
147,0,0,2.117727020302492,0.9140439852716772,8.252015039830251,0.8053031285658192,3,62.73133108509682,61.09227215591061,1,5,0,0
148,1,0,1.5434028912387912,-0.07187074929899984,14.265072343684379,0.0,3,49.424084916860096,41.95673509767345,0,4,1,0
149,1,1,1.733419772619282,1.0192029452368743,11.98199483969634,1.2939212632676593,3,67.33195025204071,54.55207340160408,1,6,1,0
150,0,0,2.159637999240675,0.21821120897636628,10.40333809563544,0.2013811162225042,3,53.92569950710137,51.74620867956289,1,5,0,0
151,1,0,0.8095655926151167,0.5677405911447805,11.864948941110052,0.17674071707196753,3,57.48069279278944,50.9293607187341,1,5,1,0
152,1,1,1.3195011350739545,0.7207604986025158,10.281834168595811,0.16089720441002853,3,58.708936810651224,64.05935617507367,1,10,1,0
153,0,1,1.7387898736756247,0.270880826146395,10.816604561005445,0.0,3,57.812509703782865,61.35990917914175,0,4,1,0
154,0,0,3.305357481136069,-0.049916528249678155,12.243923643076677,0.0,3,48.39411610065799,51.583931346232525,0,7,1,0
155,0,0,2.907401959818465,0.35281389910882904,12.323186996525903,0.08781825000520083,3,54.831778967395046,55.246699649370726,1,5,1,0
156,1,0,1.0484129816076615,-1.631120524999654,15.697775421337058,0.0,3,24.43630678375212,22.12348926274967,0,5,0,0
157,1,0,2.5149594277151004,-0.7757410096469582,17.068835991807163,0.0,3,38.843485330227224,30.157550387496457,0,3,1,0
158,1,0,1.005002819293746,-0.17204253029426345,16.637813472240115,0.0,3,48.75395244276237,30.176062735663354,0,0,1,0
159,0,0,0.8321260568868369,0.909404401354361,9.518322550425271,0.3793958131444033,3,50.16314807610137,62.903196538327094,1,4,1,0
160,0,0,1.642194228301728,-0.42869554033938273,15.016180850219387,0.0,3,48.1966373339878,37.839762157965495,0,7,1,0
161,1,1,1.982910006526227,-1.5590333441707636,16.412258955762443,0.0,3,21.881447258300803,35.77648319850612,0,5,1,0
162,0,0,1.5242010372351098,0.09352243666905358,9.468960111050825,0.0,3,53.01886079495207,53.420195561159076,0,6,0,0
163,0,1,1.174859845816643,-1.0897691780714645,13.293952469870629,0.0,3,37.55180110037262,46.45058401045423,0,4,1,0
164,1,1,0.910358737229922,-0.7531025772593272,17.397212209940218,0.0,3,38.65290597188669,36.87839496625778,0,3,1,0
165,1,1,3.090823501768415,-0.09362716954432337,12.97038616636235,0.0,3,50.00149464735021,52.415775684472564,0,6,1,0
166,1,0,1.3810608818383494,-0.6660116857213629,16.97651800095197,0.0,3,39.854991573939,37.561775454625774,0,4,1,0
167,0,0,1.014677159747218,-1.0555766742745258,12.51270846939195,0.0,3,28.85744894225917,36.82142781950994,0,3,0,0
168,1,0,2.7887777605734354,0.9813228297819337,12.728333319367486,0.14310937958381403,3,65.22175494327566,39.409346479956525,1,3,0,0
169,1,0,2.111704644777219,0.33830846807424125,11.689563578037706,0.0,2,54.128999226835035,54.558697962127155,0,9,1,0
170,1,1,3.741007078296753,-0.3085767672230319,11.816649303316064,0.0,3,42.034270248814124,37.99680932291878,0,3,0,0
171,0,0,3.2553873925405,-0.02392124471378099,14.626700733984716,0.0,3,58.53160169200809,47.775476012242194,0,4,1,0
172,0,0,4.625159772548709,-0.38560312463080276,12.875300683012204,0.0,3,46.0360465742927,55.27114093419855,0,9,1,0
173,1,0,1.0180201778611178,0.16450952685480671,13.3953112413789,0.0,3,51.41875125676984,45.62361305850369,0,6,1,0
174,1,0,0.9668365902173948,-2.8376137967909374,19.079613362047912,0.0,3,0.0,7.062696863444591,0,4,0,0
175,1,0,2.2588321346401945,1.436699030552227,13.04338825955457,1.4669916760499608,3,73.67535562250858,49.797444375284954,1,4,1,0
176,1,0,0.8738238279989531,-1.0757938253601103,17.786114165816358,0.0,3,34.5067778416215,26.56459002055939,0,4,1,0
177,0,0,0.6461341867989174,-1.3488775004232296,17.033225420345833,0.0,3,30.08679703111491,29.415184729975916,0,2,1,0
178,0,1,1.279264814091707,0.010784215342734847,9.396081974832578,0.0,3,51.95140976999731,53.10754168554756,0,3,0,0
179,1,0,3.2120020671784566,0.8616416935198357,12.49658308233215,0.27081291817697933,3,60.62300507457305,52.723253532922925,1,6,1,0
180,1,0,2.0647623624089713,-0.4674268432048801,11.993178511101283,0.0,3,44.413332228345844,54.674323341788494,0,10,1,0
181,1,0,1.356037246055149,0.4169728692215529,15.244448494882828,0.0,3,55.63307750662373,40.31683173366874,0,4,1,0
182,0,0,1.1402047343652297,-0.5817201387592909,14.055922218899878,0.0,3,43.049936616678906,42.14370206107783,0,5,1,0
183,1,1,2.422616907960225,-0.8119235374367128,10.94404205896145,0.0,3,39.056714173855426,52.29099871734864,0,10,0,0
184,0,1,2.360614413772575,-0.7444886597968361,10.581882494990218,0.0,3,37.76151623812025,47.94429359765481,0,3,0,0
185,1,0,2.807535311917871,0.8435394931327715,15.285686589189623,0.4784180259358364,3,61.49281797730845,49.04214000971959,1,6,1,0
186,1,0,4.5392057282023375,-0.5028260954647414,16.659724708757487,0.0,3,50.8398383453548,35.81309078560737,0,5,1,0
187,1,0,2.4341576450659614,-0.7950807612674753,16.614915626752662,0.0,3,38.2324628778886,32.54715806615952,0,5,1,0
188,0,0,0.9662672217250279,-0.5266078607180105,10.242526305781542,0.0,3,40.04467350608075,51.97886656649409,0,5,0,0
189,1,1,1.3599094253603756,-0.4204108722283237,12.310280867173818,0.0,3,43.59272747300117,41.61012529602232,0,2,0,0
190,1,0,2.905230068070349,1.085193462215833,16.15385702309343,0.4102960301523261,3,64.90538972349826,41.71271472645676,1,2,1,0
191,1,0,2.555673608352153,0.04879677763601489,10.671872148567493,0.0,3,50.14537359092446,44.62076166957543,0,9,0,0
192,0,0,0.793441777837314,0.6045894747690546,11.115991768550087,0.0,3,53.11258501754835,57.98748123400386,0,4,1,0
193,0,0,1.4000458153000912,0.3454654678531366,11.901353901211374,0.0,3,53.802395858137345,57.06447381718694,0,3,1,0
194,1,1,1.4740532451594741,-1.2497896282380954,11.891917860293388,0.0,3,31.92531846642185,40.57032556303729,0,5,0,0
195,1,0,2.0414338474997265,-0.05818488350884578,11.27994219345479,0.0,3,50.03727583452378,43.85469596993675,0,7,0,0
196,1,0,1.1269806046186401,-0.7187870099540887,17.333744299165463,0.0,3,38.43684401414171,30.915929545433844,0,3,1,0
197,0,0,1.7026936126016528,-0.08264283062212924,9.763613051362448,0.0,3,48.768460004804425,50.27466851461016,0,3,0,0
198,1,1,1.0686777072156468,-1.2970933904611128,13.047587259051088,0.0,3,34.89710016490473,33.62506496539735,0,3,0,0
199,1,1,1.3412498396826753,0.5002412626951369,8.130348148012425,0.0,3,62.64176962244682,60.23277057404242,0,9,0,0
200,1,0,0.942900351473742,-0.9872996328669095,15.986542135297189,0.0,3,37.534552492513086,32.00579001503179,0,6,1,0
201,0,1,1.2603578840171958,0.433207988982443,8.778413522657175,0.0,3,56.83784465646904,56.19230832062464,0,1,0,0
202,0,0,1.4955108113829803,-0.18863718275422076,7.624959557279204,0.0,3,47.52552327301127,63.76353282256395,0,13,0,0
203,0,0,1.173769621375419,-0.5745567441361996,15.200670572693777,0.0,3,40.07034635482954,44.569143963975904,0,4,1,0
204,0,1,2.0257878962870803,-0.44348605907153027,8.898756042078885,0.0,3,40.83398951866692,55.25553088007515,0,5,0,0
205,0,0,1.2114812718330912,1.4700457521838037,8.897281417081443,1.3277427963440007,3,73.4199017601208,67.38702896472576,1,6,1,1
206,0,0,1.0718127670729445,0.049063028202500074,11.35940084031346,0.0,3,50.50468615711313,57.48696238973166,0,8,1,0
207,0,1,0.8882866056931789,-0.7353556617642788,14.543655573053975,0.0,3,40.67860804888453,49.204760203489144,0,4,1,0
208,0,0,2.0121181677694064,1.154060203400147,10.691138510873007,1.0354290623089821,3,64.23302321715406,61.11247333299495,1,9,1,0
209,0,0,1.6956446609856928,1.5737682565283009,9.346852209548043,1.9297084371768305,3,73.88219977671334,71.23045594082406,1,4,1,0
210,1,0,2.2063463321118686,0.9039951798895259,13.947558894697835,0.4852579738476944,3,70.33984420968841,43.83196370410923,1,3,1,0
211,0,1,0.6845677341500689,0.5739030333838812,4.132808895577621,0.0,3,58.623965737861695,76.99966494115408,0,9,0,0
212,0,0,1.032900505936573,-0.36760836995699214,11.59032800880483,0.0,3,49.01573155845603,48.66852143500295,0,6,0,0
213,0,0,1.7522932537505544,-0.4657656249662337,14.175744985772765,0.0,3,43.24692522533626,45.2570877195331,0,5,1,0
214,0,0,2.177428092383374,-0.7204766739983622,16.5154378184826,0.0,3,38.83184909950507,38.29563438849281,0,3,1,0
215,1,1,1.8437148579975626,0.885270471069327,10.297476756423126,0.8858856886602284,3,62.42574613253049,62.78228707943008,1,6,1,0
216,0,0,2.4005878148300064,0.31871502238868354,12.833591597181792,0.0,3,58.23144574937299,52.22862377971023,0,5,1,0
217,1,1,3.784656567067467,0.089822620713514,11.74308949902912,0.08736398741851914,3,60.20884885950123,42.82847177656454,1,1,0,0
218,1,0,1.8529457305106793,-0.1418021927228261,14.857706946027537,0.0,3,53.964039300365265,39.78213541232733,0,6,1,0
219,0,1,2.282708165303323,1.141438425837922,5.359126468449829,0.6145960494509808,3,66.53165865643574,76.93185786159418,1,9,0,1
220,1,1,2.023705745306802,0.3869419978549575,10.206331725363626,0.0,3,55.400902067534474,58.489651472016746,0,6,0,0
221,0,0,1.0437764382536943,-1.2660217441419932,16.621516548175308,0.0,3,32.09410256552715,30.458415620355442,0,3,1,0
222,0,0,3.3111122017494683,0.15426995787634853,12.501153824922005,0.47754814083447594,3,49.2353910311701,53.31742488063483,1,6,1,0
223,1,1,0.7630671980552244,0.260860340279364,12.725634335059228,0.0,3,41.95221665392468,36.848563314497014,0,2,0,0
224,1,0,0.7315503252534639,-1.438949008268541,18.372876084029777,0.0,3,30.655802552169842,29.789898357442254,0,7,1,0
225,0,0,1.1803280924238728,1.3127170091034808,7.342033497224261,1.4799118186173232,3,67.50714855480722,66.60410617990881,1,6,0,0
226,0,0,4.043842213937213,0.4896815607905044,10.903616173432972,0.0,3,58.0517945719733,60.8968736379565,0,7,1,0
227,1,1,1.8867939177121607,-1.3488568871435862,17.21928798896592,0.0,3,30.500131947674003,30.991583591167924,0,3,1,0
228,1,0,2.860823168191627,1.0760161715595404,13.09237405108833,1.0424541709781852,3,64.91245169772002,52.578512469278316,1,6,1,0
229,1,0,3.795212671784401,-0.6517607304011589,16.24674037555528,0.0,3,39.90096675032737,32.13920771688735,0,5,1,0
230,0,0,1.4682639401879194,0.9660863719491154,9.175750651984094,0.837755799507585,3,72.03224980361531,53.92195195514112,1,3,0,0
231,0,1,3.3312578885789534,-1.5342434717651898,12.888110876891593,0.0,3,24.8906653586956,50.50296079138679,0,4,1,0
232,0,0,1.6037899344980184,-1.257990232228617,18.26668447989947,0.0,3,31.257388908703724,27.63920022139527,0,3,1,0
233,0,0,1.0587773641182174,0.8366512838200786,13.372788556530681,0.4681384970907214,3,63.155672506530834,51.84875695450636,1,4,1,0
234,0,0,3.121072762140172,0.8509867303720478,11.680503263486624,0.5277934246102511,3,60.4171346086008,55.78175713713714,1,4,1,0
235,0,1,1.5086269587680516,0.904896440063435,6.319641214560195,0.0,3,57.08026863337197,70.98092356696165,0,7,0,0
236,1,1,0.7502339302660219,-1.0364097511590096,12.673242004751094,0.0,3,34.5660719542189,37.792568336699276,0,5,0,0
237,0,0,1.7583317492997736,-0.2752708607278418,14.567995258797824,0.0,3,44.93137083960456,40.198363456063205,0,4,1,0
238,1,0,1.8266089704205275,-0.22998979308180076,16.242777662967296,0.0,3,46.183520057871824,33.14286221904568,0,3,1,0
239,0,1,1.0147629867280399,-1.5554916918531303,12.190229155295333,0.0,3,26.737001763396318,40.31127287710622,0,5,0,0
240,1,0,3.2893159657076665,-0.4791686486556573,15.515072070258974,0.0,3,42.513419356638515,34.79362061870432,0,6,1,0
241,1,0,5.249654681838506,-1.1365943193361516,18.469349812980795,0.0,3,33.4165050035739,21.345696354409302,0,2,1,0
242,0,1,1.5135392569011925,0.31388813337285243,8.048520046849937,0.0,3,54.23481882619164,63.02805244310012,0,4,0,0
243,0,0,1.8241204122308599,3.1328661193454352,6.145395048861285,3.0623325490641,3,97.58137392410532,83.04370659231694,1,6,1,1
244,1,1,3.1445178804217346,-0.19536409022638773,14.40469772162621,0.0,3,41.550187268245146,45.464075204810314,0,4,1,0
245,1,1,4.375127825969622,0.3225960752130534,10.843686237047104,0.0,3,54.77578931844758,60.93802912407408,0,9,1,0
246,1,0,0.8300076271385346,-0.17693671627435664,13.364081462037808,0.0,3,31.428048970850888,36.13024124061665,0,6,0,0
247,0,0,1.2427367986236248,-0.31483247315375346,13.467587278626208,0.0,3,48.603933836034216,47.6072559114859,0,5,1,0
248,1,0,0.7426297203272411,-0.846698711051017,17.325063872338895,0.0,3,37.54832346875749,28.16667935808651,0,3,1,0
249,1,0,1.7601501619205069,0.06482194157601645,14.024510311566802,0.0,3,50.528514436580316,45.078183119888486,0,7,1,0
250,0,0,2.4407451457908307,2.1888297334005724,7.542837593847076,2.3022195773819147,3,83.51323024883659,74.26981077865562,1,5,1,0
251,0,0,2.216572176234563,-0.419861320278852,10.44542165307926,0.0,3,43.99328132501902,47.48473971909979,0,6,0,0
252,0,0,3.384308230816394,0.4967812905926793,8.591050330180522,0.2010056850511825,3,57.535558951511746,70.37323459906425,1,11,1,0
253,1,0,1.5592569306377349,0.4551289301949503,15.84140441763774,0.0,3,61.160330017397875,36.85147418165345,0,4,1,0
254,1,0,0.6963989816171483,1.9409111288724976,9.885746501039206,2.272938814047331,3,75.2315673070646,63.0243758731808,1,6,1,1
255,0,0,0.8946183133810971,1.0707337447935252,10.955665486485348,1.5104497167995916,3,72.70592124510203,61.298533312646384,1,6,1,0
256,1,1,3.585647331497632,-0.47457707052579107,13.861041252298223,0.0,3,41.61757771944457,38.253053535376466,0,2,0,0
257,1,1,1.2753965394885247,0.5285666287197522,12.570050801967465,0.0,3,57.73939963482414,51.331685002703175,0,3,1,0
258,0,0,3.05322934431043,-0.7546620140087293,11.746146393504501,0.0,3,38.21998506495399,46.04544269193662,0,6,0,0
259,0,0,1.3508884161272725,0.7741059593172274,6.887278698229179,0.23925121776444905,3,61.92339345419976,64.44121174972625,1,8,0,0
260,1,0,0.5709571085257766,-0.0763435267883849,15.759951219816307,0.0,3,70.89091655933909,37.63566813534734,0,5,1,0
261,0,0,1.673158907296112,-1.5243882466408645,17.21719982727444,0.0,3,27.548444010421726,34.08722477532845,0,6,1,0
262,0,0,1.6731872226708675,0.6308391038786472,11.920064161849993,0.0,3,58.048573503249614,51.949567039457136,0,2,1,0
263,0,0,3.0173588882749596,-0.19471175884708505,15.193087939101805,0.0,3,48.72256288398479,38.48597777908261,0,3,1,0
264,1,0,0.8911400969572228,0.22069379186554994,13.831097164545945,0.0,3,66.6533967000328,53.47812743275292,0,10,1,0
265,1,0,2.7064619651646833,0.6727602504350567,13.787363174800854,0.22073055725583626,3,56.53442473147732,44.34652018828504,1,3,1,0
266,0,1,1.1761104024493505,-0.8322547929256577,14.177784945192116,0.0,3,39.96345178037585,49.03548867042845,0,4,1,0
267,0,1,0.9781697648724218,1.3146661250131368,5.1773323268935805,1.414466562141848,3,70.50961827169004,77.24282717785042,1,8,0,1
268,1,0,1.0769098454520936,-1.8249048374610577,22.279763519316173,0.23489006285837633,3,22.328372788898815,4.2687855528003364,1,4,1,0
269,0,1,1.4373971341299228,-1.8136140965437593,14.655632684865514,0.0,3,37.63770316562439,39.438984344341144,0,4,1,0
270,0,0,1.937741375112077,1.724192272648989,7.28276907247749,2.389756321004509,3,75.49458506239876,75.72396631793731,1,5,1,0
271,0,0,1.2823356321726982,0.9719841996593171,9.611765673268518,0.041894829155046276,3,59.48379400540306,68.21258961955316,1,9,1,0
272,1,1,2.2427304159666717,2.5394077057463527,3.7642551123081964,3.1352736277662965,3,88.50965905549367,79.90455925089707,1,7,0,1
273,0,1,1.924582882869999,1.959259462459213,3.6945670545887177,1.874306703499649,3,80.08388950242407,80.92678834031081,1,4,0,1
274,0,0,2.438729988323201,1.8713311797598269,9.004767317625042,1.5728680513764108,3,78.55659526614181,72.11107821686811,1,5,1,0
275,1,1,1.5452748939115633,0.5637285276591291,9.892914767383411,0.0,3,57.44581258052819,54.498515393973555,0,4,0,0
276,0,0,2.0175022232280737,0.01926511755989955,12.288147874180199,0.0,3,50.91300458326022,53.717299857074075,0,7,1,0
277,0,1,1.2490708088342588,-0.8555602535277026,12.904488078466233,0.0,3,36.44321776567644,48.77745139978627,0,4,1,0
278,1,0,3.6508874600572048,0.6769189178199829,13.570398798598449,0.0,3,59.54222967385604,45.487802343298384,0,4,1,0
279,0,0,1.1047292101063972,0.770968927253742,10.446943073151651,0.0,3,60.588840799524675,61.65117176662711,0,8,1,0
280,0,0,0.9086847757289774,-0.5657706707278208,12.543412031122763,0.0,3,40.65625819093893,35.43609317792671,0,2,0,0
281,0,0,1.336373899800118,0.1771818991421013,12.749203780995503,0.0,3,52.48532948701754,48.34269938487426,0,5,1,0
282,1,0,0.4422853217865485,0.23965955781312395,16.35773494692196,0.0,3,52.85682315618041,34.57625466435083,0,4,1,0
283,0,1,3.0773759344264504,-0.3434416546313604,9.147567035546812,0.0,3,42.04849798086603,56.47131533280432,0,5,0,0
284,0,0,1.7063302251545065,0.4897652353318257,13.747296778982655,0.0,3,60.415034521159264,43.88722489962125,0,3,1,0
285,1,0,4.286698053652638,0.3561844918085463,15.213411025138521,0.0,3,56.43755191071587,42.54113599288441,0,6,1,0
286,0,0,2.3832567116601697,1.0924006145747858,12.459235825707168,0.0,3,66.31217649604447,58.830360556772895,0,3,1,0
287,0,0,4.661866513665431,0.5896990248429097,11.064398681296709,0.0,3,51.942808094105914,58.65147281044693,0,2,1,0
288,0,0,0.6465942695730624,-1.7925148252508263,16.983099365468128,0.0,3,21.83397555680501,33.916482112020034,0,6,1,0
289,1,0,1.4805652232390891,-0.9263034900682949,17.458141005640837,0.0,3,37.366276001627604,30.09771495028438,0,3,1,0
290,0,1,1.8457777348584257,0.3427812763867946,8.481283971503212,0.8366083626544436,2,54.256134285216234,74.82196031382844,1,7,1,0
291,0,0,2.1076487028341893,-0.6349799834521672,15.379742860177586,0.0,3,42.2447019745416,46.03606678452966,0,7,1,0
292,0,1,0.855082522928109,0.06707751714961054,8.462767319975477,0.0,3,66.45238021178885,59.22133805293843,0,3,0,0
293,1,1,2.5646986619542225,-1.570800205337526,14.163856922708344,0.0,3,28.169599531424975,29.082495946392257,0,5,0,0
294,1,0,0.950464745998541,0.23493161781410143,15.362965529320967,0.0,3,51.893631205029344,41.922335409240674,0,5,1,0
295,1,0,2.4323248598106826,0.8401975462401476,13.82252787245935,0.34327668266479155,3,64.39138277191678,52.47915630116312,1,7,1,0
296,0,1,1.710909175599731,-0.045251211373088754,9.303780425490398,0.0,3,50.593958160508926,54.96020893150591,0,2,0,0
297,0,0,0.7034938620802108,1.0197761688949962,6.582976512726503,1.5053399811730006,3,65.56916824516505,64.89302264383524,1,9,0,0
298,1,0,2.3913997448601574,-1.3626636385223818,14.069123189767367,0.0,3,32.64020373474379,27.763079489334533,0,5,0,0
299,0,0,1.7388104215506819,0.14857848718905772,12.578431423655248,0.0,3,49.824290592593805,52.05277483091652,0,5,1,0
300,1,0,1.975222178491068,1.003448559452927,14.650271831209336,1.4068352516592482,3,66.96441031121853,44.04413169703072,1,2,1,0
301,0,0,7.15642020092069,-0.26668267043898414,11.542233343628267,0.0,2,46.85819582700683,44.57174688533157,0,2,0,0
302,1,0,1.2226485359418897,-0.06257421689996105,16.860436487569668,0.0,3,50.17957119090332,31.62174241857523,0,2,1,0
303,1,0,1.5441857025157792,0.5449722801822513,14.23379811881238,0.0,3,58.66690188940285,48.30112154578355,0,7,1,0
304,0,0,2.3402288528987922,1.019874062343699,12.481200326056259,1.1649588412337324,3,60.01399840673369,54.74035526994366,1,3,1,0
305,0,0,1.593958478208962,1.6800066476599347,8.590903093091036,2.230215802807968,3,77.67535754543658,58.620092815274354,1,2,0,0
306,0,0,3.0086491199608947,0.60505153440025,8.913952727266444,0.0,3,64.84151717788534,57.891196442540746,0,6,0,0
307,1,1,1.754392752585236,-1.2766039394515443,15.039811875679485,0.0,3,30.706466040234517,41.87704086056396,0,8,1,0
308,0,0,2.0647345469214176,-0.5868527931511746,9.331616112297503,0.0,3,66.18004650612647,55.64183108083428,0,8,0,0
309,0,0,0.9461926719566024,0.69217073551513,15.15877064304617,0.0,3,66.129211825117,43.74737137734108,0,6,1,0
310,0,1,2.046295838363027,0.3877960174204084,5.035366053890618,0.0,3,64.66033860392646,72.36466001159737,0,9,0,0
311,0,1,1.4400775712698741,-0.8953902215645723,13.58042631404685,0.0,3,36.370289142691746,50.3594308910195,0,6,1,0
312,1,0,1.8542899710311629,-1.4145554183729347,19.227810897613747,0.0,3,28.96591739037456,22.010888978701068,0,3,1,0
313,0,0,2.26624778017822,-1.1203157446921108,14.800795576371799,0.0,3,36.830740245243305,45.35504032961188,0,8,1,0
314,1,0,1.5011732496032995,0.07925956262869373,12.047979697199338,0.0,3,0.0,36.23654397408262,0,3,0,0
315,1,0,1.797778311396458,0.632329613042867,13.53417877543518,0.0,3,58.773504788964885,48.93362687382575,0,6,1,0
316,1,0,1.0980180016615844,-0.91069680296225,17.447856998942225,0.0,3,29.326930755298136,28.14656871848672,0,4,1,0
317,0,0,1.450360810774263,0.6611486569500301,11.72466244871353,0.0,3,61.242551484248516,56.31209885601639,0,4,1,0
318,1,0,1.623801077442804,-0.9256263931839201,18.31090714111504,0.0,3,34.35255302622204,22.682744964670466,0,2,1,0
319,1,0,2.635763250316115,0.042135224135468274,17.394203764317556,0.0,2,48.270681901392976,37.96641508313205,0,4,1,0
320,0,1,1.2721350757288241,0.45398495211054235,5.555925963224174,0.0,3,57.016194022463964,70.70035805798416,0,7,0,0
321,0,1,2.812222425227232,-0.462592994505362,10.566736942352717,0.0,3,43.3583502946559,62.67419051614343,0,8,1,0
322,0,1,1.16415593051355,1.1118806758779045,9.037416666389731,0.737393279340781,3,66.51471131678002,72.75802969437252,1,4,1,0
323,0,0,2.7142189188649124,0.9942801371437395,12.909468696408842,0.7379955940901963,3,64.64317542334378,50.79082298567333,1,4,1,0
324,1,0,2.0608902298153806,-1.3062577112778473,18.934218452796657,0.0,3,27.346298698116303,19.387807303544083,0,2,1,0
325,1,0,1.7866187517192644,-1.715471034474423,14.227952107289504,0.0,3,24.631484081389463,43.127962363957714,0,14,1,0
326,1,0,1.4095314047504337,1.4389759663394852,11.55876172199083,2.413316637159558,3,71.65142358670668,55.1795418109295,1,6,1,0
327,0,0,0.9080876082867777,0.32376490765289945,8.681581443320972,0.0,3,78.3384410456463,53.60372132485361,0,3,0,0
328,0,0,1.2383560353885557,-1.5692193385917643,17.139897192588297,0.0,3,26.42967517677059,33.792362984803866,0,7,1,0
329,1,1,2.0237123814644065,1.199593324720443,9.641665691871584,1.442223019444989,3,68.15990948045376,67.34642275459223,1,8,0,0
330,1,1,0.903596799565618,0.21657267576428074,13.332201632719864,0.0,3,54.45520038622487,52.0650834145745,0,5,1,0
331,1,0,2.618702888151797,-0.6847740564785325,18.905666731988127,0.0,3,40.14417483978111,35.5068033068696,0,6,1,0
332,1,0,1.6877467778497772,-0.050547615690270775,14.277949392996993,0.0,3,49.568150476993594,44.49812696397137,0,9,1,0
333,0,0,2.514137533031963,-0.30793957752878204,9.419769109603244,0.0,3,44.27883508091532,54.170835593815625,0,8,0,0
334,1,0,2.2845244344280324,0.9943805234563317,12.421831278921413,1.1672226699482169,3,66.08509365105571,51.590266316400694,1,6,1,0
335,0,1,1.2516086120997316,1.233433849872734,6.970450357473322,1.8792593475405122,3,67.20538572161513,67.50238912873502,1,2,0,0
336,0,0,2.2786119499278668,0.24159285385821677,13.487970302395032,0.0,3,60.416141971180366,49.128950141956054,0,4,1,0
337,1,1,0.8843995714999955,0.9991216232671601,7.951958441861476,0.0027040619677206057,3,64.45634305578727,59.87075903429676,1,5,0,0
338,1,0,1.1174457939238178,-1.1072690493391326,17.374477069051263,0.0,3,32.907922918837315,29.680789205978062,0,5,1,0
339,1,0,3.996905872749408,0.9228065817603818,14.251697095342335,0.0,3,64.07643777233454,51.85045793553175,0,7,1,0
340,0,0,1.7907643565287397,0.4670311984481827,13.254639370553774,0.0,3,58.84897598321465,53.06221886303182,0,5,1,0
341,0,0,1.7054741916230933,-0.5832255737348893,18.014800179498152,0.0,3,40.787505527266255,34.44747368411618,0,2,1,0
342,1,0,2.381266018607143,0.5037591243894484,14.043367228673837,0.0,3,56.620853590862346,44.534600401687705,0,5,1,0
343,0,0,3.5845694828036767,1.0038546410426414,9.602165189229183,0.7560954184797679,3,65.30620895527947,62.00354841944187,1,5,0,0
344,0,1,1.428461865633752,-0.4310343066198038,12.577468066581632,0.0,3,45.02923345700446,52.311246158824154,0,4,1,0
345,1,0,2.7116402057800744,-0.02956025643282276,14.089933745775697,0.0,3,49.90745644098579,41.9913670616693,0,4,1,0
346,1,0,1.1772804441523672,1.9140656425187035,14.324893986403811,1.9733531310904346,3,78.76938356217231,45.80551449528545,1,1,1,0
347,1,0,2.0774863992461112,0.047673078118756824,15.400073172604964,0.0,2,48.77522393233306,37.284091750141094,0,4,1,0
348,1,1,2.013714617423374,1.6602788808769031,2.8184959678128094,1.0081598072602906,3,74.4778944720803,86.10911216740647,1,6,0,1
349,0,0,1.514925249626825,-1.0349204060626045,16.356027491746424,0.0,3,32.37293204187748,35.869743934680514,0,5,1,0
350,1,1,4.168614237085667,0.008377698984632647,10.92987868340135,0.0,3,46.51884102129285,45.547526776642,0,3,0,0
351,1,0,2.42584239643753,0.9249249923252213,14.505413015132731,0.840158127064065,3,64.2425627490592,44.20726983468564,1,0,1,0
352,1,0,2.314639835700305,1.9128131823753594,12.045490806815469,3.3371439121021576,3,86.47199387553866,52.198364128050656,1,2,1,0
353,0,0,1.1563872494807943,-0.08587636947935452,16.404529207112706,0.0,3,58.64749222897867,43.6567758046038,0,3,1,0
354,1,1,0.7932110284357619,-0.029625417400853064,9.478683197724896,0.0,3,77.05909634402857,55.03424090328629,0,7,0,0
355,0,1,2.5826881408776163,-0.830181232980071,11.31354076723101,0.0,3,37.818151594991015,55.97401957412934,0,5,1,0
356,0,0,0.9485718226248584,-0.735053370107249,14.300297185228601,0.0,3,54.30695227725799,44.422633983025456,0,5,1,0
357,0,0,1.2030941361029501,0.6474011041293526,12.5596581323491,0.0,3,51.935088357776294,57.229937227748295,0,4,1,0
358,1,1,0.8954239953460991,-0.43774387159827133,11.972729439522327,0.0,3,44.31756663440618,43.28843913623325,0,6,0,0
359,1,0,2.090049046373489,0.3498232386815928,14.28893858034702,0.0,3,55.205397397350225,42.73804051147814,0,5,1,0
360,0,0,2.976743662904689,-0.36636919622707564,15.678235413933393,0.0,3,45.83546970458763,38.86385629293266,0,2,1,0
361,0,1,1.1968674422619967,-0.3303516056477394,13.72696110925826,0.0,3,40.63566411165141,53.60073428156882,0,4,1,0
362,1,1,1.81748262939156,0.10865873167177097,9.98697276518313,0.0,3,51.03144311878431,52.75941292256011,0,6,0,0
363,1,0,1.2983698335678648,0.8235822444168174,11.359064178398437,0.27883520602996237,3,94.31629017231754,56.367696905125804,1,8,1,0
364,0,1,2.0049066761821748,0.7805577093065578,9.600098548500354,1.0429306441840047,3,58.30525208765405,66.52461081019547,1,5,1,0
365,0,1,1.9431924886455179,0.25461726041684435,10.884049459007281,0.17502116313676763,3,55.725346375285774,58.891989586124424,1,3,1,0
366,0,0,1.9980236391241553,0.4924728628643974,13.00005418830584,0.0,3,58.59218894739836,54.922964690393165,0,5,1,0
367,1,1,1.3630492640090548,0.07079827862687955,9.614000278736274,0.0,3,0.0,50.50421075786193,0,5,0,0
368,0,0,1.8042538616248365,1.0021990456158554,9.34482681909942,1.3781260627415544,3,65.43773862861153,65.79461052844613,1,7,1,0
369,1,0,2.322339196343732,-1.3622935160774536,19.328502159921467,0.0,3,28.557595772798948,19.209199720116338,0,2,1,0
370,1,1,0.9322633822844475,0.26712359891138054,9.270329904671183,0.0,3,53.00185287133015,50.98887196258086,0,4,0,0
371,1,1,5.463911615243498,-1.0218546929249672,11.508365063475255,0.0,3,34.30227752603555,44.04374660086515,0,5,0,0
372,1,0,0.8538616410502556,-0.8562308753946473,16.730639320194893,0.0,3,21.445842511703876,26.484579243789174,0,3,0,0
373,1,0,1.0483815795810192,1.1750990160353179,11.410792389414322,1.626538235618142,3,67.78600402624375,47.54298048663659,1,3,0,0
374,0,0,1.0074450606863268,-1.0986020325546202,12.51677746233228,0.0,3,28.97713072808186,37.74021555475489,0,4,0,0
375,1,1,2.447703244197437,-0.5144288476480009,11.315486598487702,0.0,3,40.62944292897181,42.73444267550688,0,6,0,0
376,0,0,1.5692435179053437,-0.645635737612801,15.261705936066145,0.0,3,40.608430207873155,40.842343864414595,0,4,1,0
377,1,0,2.3413319586112684,1.6696625667913152,12.924390811654412,1.1584486276554011,3,78.11105092418707,53.13369088666677,1,3,1,0
378,1,1,2.669240286120557,-0.3156532485271561,14.35868323682984,0.0,3,43.46447592891236,46.3306640611022,0,6,1,0
379,0,1,2.865445875313925,1.4697759625754911,8.653993665901336,1.4675560416114362,3,71.91560982833958,77.2062707525731,1,7,1,0
380,1,1,2.5696075153307585,-0.6190199103240981,10.539464795888353,0.0,3,39.37912559695524,48.314705896567695,0,6,0,0
381,0,1,1.577608502311721,-0.8188807447167956,11.689931779941203,0.0,3,38.95104783317835,53.06680617338076,0,4,1,0
382,1,0,2.249227787450363,0.9750530480803281,13.742036793999256,1.1726286921317177,3,65.42629567318575,46.988153085511485,1,5,1,0
383,0,0,1.6352259393702127,1.1077665751550252,9.608948374180132,1.0529127529680502,3,66.57796935663531,67.18547613856595,1,9,1,0
384,1,1,0.7197424671893725,1.9865949770473044,8.869228090760492,1.4823105785905069,3,100.0,70.41362554594393,1,2,1,0
385,0,0,1.1693955888179992,-0.8410787924325002,13.205749801481508,0.0,3,37.484922672933266,45.590022070730754,0,7,1,0
386,1,0,0.7698141836898931,-0.21842216142901952,11.81417044427776,0.0,3,54.43020695172831,47.367009608578044,0,6,0,0
387,1,0,1.7094000575114967,-0.441268171242077,16.997459058508948,0.0,3,44.35669505974565,30.055938029800878,0,2,1,0
388,0,1,2.2905584135299093,-1.1903390202278652,15.807847776450044,0.0,3,32.233059192253855,37.58780481187348,0,3,1,0
389,0,0,0.553396691342967,-0.13322897374256992,14.79253860656518,0.0,3,35.01499938884701,46.244607541526875,0,4,1,0
390,0,0,1.7648478692091178,1.097355276471104,9.613331841407582,0.3572973578497224,3,68.38641055771991,65.09140752135667,1,6,1,0
391,1,1,1.5345296377683066,0.025495032897461033,11.6304623557253,0.0,3,59.782080798934295,58.739000006575864,0,4,1,0
392,1,1,1.692317056502399,-0.29922923805472196,15.504098321169169,0.0,3,45.40709193038334,39.13569849024844,0,2,1,0
393,1,0,8.34942795236429,0.7575141395776908,8.572544760136243,1.9735137601991322,2,60.21356061545703,53.812676029061315,1,7,0,1
394,0,1,1.3420868204918723,-0.3133056303136708,11.02867253218023,0.0,3,45.23251891934869,65.6565077153922,0,6,1,0
395,1,0,1.513502256503756,-0.3398997402367221,16.036945550459265,0.0,3,44.89550139682342,32.288947825636534,0,3,1,0
396,1,0,2.3134112541388223,0.38367888584758125,13.883334639174421,0.0,3,48.62928151546214,37.6291307287969,0,2,0,0
397,0,0,1.3046893098727292,1.1117554342451315,8.013194665171355,0.5095409922411638,3,67.12541169361523,58.27727132446487,1,4,0,0
398,1,1,1.538924778278879,0.6180595982591338,11.2920622983879,0.0,3,59.08153508225153,58.343899573774834,0,6,1,0
399,1,0,1.752182336081164,-1.0819541650033335,17.567245036284554,0.0,3,35.00608872148957,27.180781555494352,0,3,1,0
400,0,1,1.9662310528580578,-0.434275647737646,9.08212224672241,0.0,3,43.976986503827646,58.33879635959046,0,5,0,0
401,0,0,2.026544318642584,1.3812669450674213,11.919676549864256,1.60184705429308,3,70.50192461428459,58.45537178944223,1,5,1,0
402,0,0,1.1229930591323312,1.9314567870040613,8.716605178151205,1.6521619760044264,3,79.85034961374636,71.53186722027964,1,7,1,0
403,0,0,2.2537744249388054,0.030009828468600633,8.916195328748604,0.3540932264152413,3,50.673536197014336,55.08376054215504,1,5,0,0
404,1,0,0.7953969848176389,-0.3179888164836794,17.259229585284846,0.0,3,43.494288917211485,29.419631330866114,0,2,1,0
405,0,1,3.4442147728936883,-0.9137525902232428,11.098757060779754,0.0,3,35.5648341981985,60.616987919583515,0,9,1,0
406,0,0,1.4346718324996939,-0.5184319715131961,13.547862210983986,0.0,3,39.93778118746086,49.157079290982715,0,8,1,0
407,1,0,1.4863659401464715,-0.09304393478246438,16.735757423901934,0.0,3,56.60958072916871,31.872328409268565,0,2,1,0
408,1,1,2.245564065708515,0.8020411732072862,9.562329516915176,0.9145527150838555,3,62.168243462508904,53.22880703785806,1,5,0,0
409,1,0,1.9499690387390467,-0.8788821667961317,17.96463317528519,0.0,3,43.155768753923205,29.255024188166956,0,4,1,0
410,0,1,1.8160084330343707,0.5326955023014668,6.653585097311714,0.0,3,55.248687483881696,68.11034145685326,0,7,0,0
411,1,0,1.711890053824518,-0.44899085619692736,16.838278300688966,0.0,3,43.564112542002135,40.481048118367355,0,6,1,0
412,0,1,1.3289381383811176,-0.953724880938233,11.34740218075704,0.0,3,34.758952482233944,42.969002611045525,0,0,0,0
413,0,1,1.1332855513895568,1.2711896427315175,4.818968804331188,1.3454291473652278,3,69.64355688969403,75.50931612569157,1,7,0,1
414,0,0,0.599759888868967,1.2732244109456339,11.512451209583118,0.8855515059348921,3,67.44280296453712,57.85507236667803,1,2,1,0
415,1,0,1.1430183244402337,1.2609784248430063,8.120448855618921,0.7405364488148376,3,66.66583301222207,58.90406230838792,1,7,0,0
416,0,0,1.2347692564730162,-0.6754124537564754,12.781556014918086,0.0,3,39.47751348007735,50.91691279126564,0,7,1,0
417,1,0,0.8076263005389452,-0.5598468876835759,15.598447314807398,0.0,3,42.85117863642595,36.826629864484474,0,7,1,0
418,1,0,3.338442863015895,0.7356560038590041,11.260173676276505,0.0,3,61.16893174572895,49.81020695850121,0,6,0,0
419,0,0,1.5422240777530953,-0.9880233753356398,14.63842093287733,0.0,3,35.013899531305626,42.01255606344428,0,7,1,0
420,1,0,1.5190179046808951,0.0030506957481789207,16.71056911047094,0.0,3,54.25284626123744,33.00814777546791,0,2,1,0
421,0,0,1.2661718678341731,1.1042460126179467,10.069105050128483,1.4010883375674994,3,83.83776537506684,63.82561395918396,1,7,1,0
422,1,0,1.057060779784794,0.5313070234130473,14.120276307653713,0.0,3,56.99426967406047,49.72088740362539,0,7,1,0
423,0,0,0.8709248721151773,1.3264625886397867,11.016885125230196,0.8205464421372637,3,68.33254903474281,64.07384870406004,1,4,1,0
424,1,0,1.3334014132281267,-0.07505593680843034,16.86453872989051,0.0,3,48.133433767073164,33.95958204885525,0,4,1,0
425,0,0,2.027609851059532,-0.18431468890908775,11.011290066639829,0.0,3,47.27992288847166,58.36724647538009,0,10,1,0
426,1,0,0.5095123220892765,-0.7083930926160119,15.415490484886123,0.0,3,38.32773318404783,36.87436643081532,0,8,1,0
427,1,0,1.516914231601313,0.3498839887844703,14.010976020237118,0.01404212842091812,3,55.527385999592276,46.90855673488172,1,7,1,0
428,1,0,2.297141002918215,-0.9176536287763003,18.28233472931092,0.0,3,37.43664468022826,32.18266278403983,0,5,1,0
429,0,0,1.17320876366649,-0.91914078347009,15.846293742796806,0.0,3,51.77177468095012,36.47391390886202,0,4,1,0
430,0,0,2.802413761996852,0.7771424475090674,11.169282551541057,0.17254438426781296,3,70.30511334008769,55.21379594186604,1,4,1,0
431,1,0,2.6056565749487275,1.1540814198390728,10.12148820797411,0.7287546738640709,3,65.96471078894824,45.26810213112464,1,1,0,0
432,0,1,3.4712905771378595,0.46724508779684865,7.831726569030298,1.07238809127421,3,55.97777787880058,72.16745023366117,1,6,1,0
433,0,0,1.4148854359675278,0.45131101774085225,15.503020527500611,0.0,3,68.97209970637127,55.366246755114645,0,5,1,0
434,0,0,2.7620484080109335,1.5383180836566814,10.51897375836561,1.249847764357494,3,74.12610777959678,63.66874627496682,1,2,1,0
435,1,0,0.9813778125931897,0.027903861443625517,13.678501153207588,0.0,3,50.58680199723173,44.98457846783218,0,8,1,0
436,0,0,1.9796818888852603,0.9102426931491252,11.148770326967309,0.28253010588231475,3,63.6397092843985,62.938642273120024,1,7,1,0
437,1,0,0.9743882081172065,0.3786766906046205,14.127628329648688,0.0,3,56.381337992265514,42.968218031325826,0,6,1,0
438,1,1,1.4292809147236902,-0.5921672971893283,15.816748518835528,0.13567469046491376,3,39.158727733186986,41.849902390273925,1,5,1,0
439,1,1,3.340104720268729,-0.05826297991392342,10.956332583847477,0.0,2,49.41391545869773,43.2988589299859,0,4,0,0
440,0,0,0.812544361024436,0.19832822728304808,11.081572704142078,0.0,3,57.06043026825557,47.307728681158714,0,4,0,0
441,0,0,2.7618955336137376,-1.5740916490444148,15.510912030590516,0.0,3,35.68984638405006,34.05376775372258,0,5,1,0
442,0,1,1.7745063975188657,0.23039268935477794,11.730156086854933,0.0,3,49.572960578153435,56.45366067933421,0,4,1,0
443,1,0,2.069290729357235,-0.44303595296602116,13.443969756324027,0.0,3,44.72465262334949,47.40780071537656,0,10,1,0
444,1,0,2.361425569005521,1.496071495616172,13.912135270362459,0.5735094580529798,3,74.20171862884992,45.026890391154055,1,2,1,0
445,0,0,2.8384593147097443,0.022232863593087147,11.30517090185342,0.0,3,51.458610296469345,47.67069262129934,0,6,0,0
446,0,1,3.0956829405630084,0.4536894578298056,11.679510314177909,0.09199602982285998,3,55.61501877755247,57.763515253430526,1,1,1,0
447,0,0,1.6767112051990358,-0.17902694172433498,12.687447873169612,0.0,3,47.55261156250077,49.57635373759189,0,4,1,0
448,0,0,1.1674627908348048,1.8585366870882418,8.844087593455882,1.9923541108887965,3,73.46131205140117,68.59984755737024,1,7,1,0
449,1,0,2.047422771921942,0.07315360987336023,14.476824654822451,0.0,3,50.8813095620037,43.61955668737847,0,8,1,0
450,1,0,1.1537255484757096,1.1921889466563755,13.696120980010889,1.2786697501323199,3,68.98450199186492,45.537198531611544,1,2,1,0
451,0,1,2.6029808310739964,1.8685424937825625,8.34976882711037,1.506917765178097,3,78.51168424998434,72.30550131971385,1,2,1,0
452,1,0,3.6035481547361488,-0.33591538702517276,14.541133825454683,0.0,3,44.58957606901461,45.042702374727725,0,7,1,0
453,0,1,1.7722517167310905,-0.3718626637715134,13.873757207305545,0.0,3,43.74797303589155,47.15240318284544,0,3,1,0
454,0,1,2.008790610579581,-1.5299981640214364,13.660404309032568,0.0,3,27.224996370418896,43.22727017502519,0,6,1,0
455,0,0,1.1261788464388858,-0.1626909320612292,11.216247294631101,0.0,3,23.698306464560687,50.8618584814238,0,7,0,0
456,0,0,1.3763497086104965,0.13572430201631402,10.265563694333103,0.0,3,51.92679763307797,52.28594970982103,0,5,0,0
457,1,0,0.5551542603542573,-0.038831454675777845,16.72714669731907,0.0,3,49.94316525748985,32.21756970244624,0,1,1,0
458,1,0,3.2693372247379764,-0.8666405326174506,15.049412258463684,0.0,2,31.25023432002233,29.844389401269744,0,3,0,0
459,0,0,1.147188643782479,1.1081268997510045,11.222286621745312,0.2978538411128522,3,66.72613267306512,61.542689854163505,1,5,1,0
460,1,1,0.9803581938549027,-1.070663998744368,12.185907541797437,0.0,3,33.59077004088595,38.66501414807847,0,4,0,0
461,1,0,1.9300422375365642,0.7525133729720486,14.067895454778292,0.0,3,56.71566696166879,43.92447850330522,0,3,1,0
462,1,0,1.848703418490071,0.8276344733433998,14.318527845548452,0.9654552388987798,3,60.215590554830726,46.885257803684596,1,5,1,0
463,1,1,0.7180783476611682,0.7914658539631139,12.345861955574366,0.8602778843401422,3,58.78150949755207,52.558305205498776,1,4,1,0
464,0,0,0.9152295481590713,-0.8674232047494665,14.329175512359127,0.0,3,31.898663046082948,41.47880599492751,0,5,1,0
465,0,0,1.6270200823792385,-0.8259321552256137,11.638845216682505,0.0,3,36.68470961153395,38.94937443531004,0,4,0,0
466,0,1,1.6298735702696259,0.7262365577010159,7.443828420072192,0.1217784098518351,3,61.94544406556451,64.93656960145806,1,4,0,0
467,0,0,1.9482004032033737,-0.1541551167021864,9.362416305706157,0.0,3,49.33327416092542,74.1011265800597,0,14,1,0
468,1,0,1.7181808194927202,-1.365646819843596,16.992669870258663,0.0,3,28.609913072115017,16.31443080781831,0,2,0,0
469,0,1,2.286864399476861,-0.913626498257945,9.882350261394443,0.0,3,35.98239501967361,52.079121994604584,0,5,0,0
470,0,0,0.9893327275469975,-0.8014924918645021,17.10913422198658,0.0,3,37.421383169121235,33.683881298266584,0,4,1,0
471,1,1,1.9497881343095147,0.9927047858966372,9.700452885166097,0.29468959860855826,3,48.186776418257026,68.89987990406794,1,10,1,0
472,0,0,0.7864421641466154,-0.021131976666453268,12.292053615653808,0.0,3,49.60451449256785,43.87166143438421,0,4,0,0
473,1,0,2.1468074981170657,0.8011786070279892,12.139347609300433,0.0,3,57.71708444673975,38.38798927288045,0,4,0,0
474,1,1,0.8450503769259704,-2.248695259325633,17.278401857421184,0.0,3,16.745181128758613,18.026326422683344,0,2,0,0
475,0,0,1.0246364599180695,1.18643373805225,9.786853566266966,0.4543851785160883,3,68.78150550131068,65.60659268319034,1,8,1,0
476,1,1,2.1119376435374955,0.9670651846849195,7.331931854427215,0.1637396617795822,3,64.89830854487307,61.79221030472173,1,6,0,0
477,0,0,1.6797296164181257,0.270773906568846,13.568617683076164,0.0,3,67.03899016155748,49.596892753272336,0,3,1,0
478,1,0,0.9842388183507004,-0.8763727733403317,16.9811739261686,0.0,3,38.17413310318951,37.800542713670694,0,9,1,0
479,1,0,1.7603718820945133,-1.3054241035420788,18.787225210149465,0.0,3,77.71933787834271,28.225244258816094,0,6,1,0
480,1,0,2.0072947212185195,-0.9483096367235898,14.848808870001582,0.0,3,36.09718287496994,28.39005295814504,0,3,0,0
481,1,0,1.7832657007920756,1.5413707575860975,10.983152848345314,1.726726038708497,3,72.1504603298117,49.784180023845074,1,3,0,0
482,1,0,3.424498515506285,-0.25921067827205946,13.397284633855188,0.0,3,48.381231099148245,31.533793287674833,0,2,0,0
483,0,1,1.3601576908776363,-0.3233074487786305,12.08373455736165,0.0,3,38.928461108514,56.98436865486607,0,6,1,0
484,0,0,3.48300782944922,0.0053998642302470435,13.061035446524007,0.0,3,48.87349725280448,54.421274840245644,0,7,1,0
485,1,1,1.4110328102290826,0.6576778024034334,7.962113129396289,0.0,3,59.2228980150784,59.43427144078841,0,6,0,0
486,0,0,0.9288097130065751,-0.06542329569217979,13.03966698936028,0.0,3,49.40220120214269,48.49198896771028,0,5,1,0
487,1,0,0.8638058592809865,-0.21274619808005807,16.251275998460713,0.0,3,59.50411615547304,35.3618115916007,0,3,1,0
488,1,0,1.679483647750791,-0.4102747434666564,15.658886416347334,0.0,3,43.115006790719164,37.625100346356625,0,8,1,0
489,1,0,1.1409305120702553,0.03010440675666775,14.821323698953996,0.0,3,52.800923038518675,41.096218589376164,0,5,1,0
490,0,0,9.945007766390862,-0.37275115465507475,13.552814503710373,0.0,2,41.89879372513086,46.464632124084055,0,5,1,0
491,0,0,1.2992796839933274,0.1617994475515881,13.263822329016199,0.0,3,53.089984990853566,49.90584258885199,0,3,1,0
492,1,0,1.3355372547141777,-0.0838577120378456,15.918978954927836,0.0,3,54.27628297158909,38.603082685336744,0,5,1,0
493,1,1,1.7304962236317083,0.30412869967934947,9.304689866943246,0.0,3,47.65097583868199,50.74574849672669,0,4,0,0
494,1,0,1.4047917558559841,2.3369032359874153,9.566681233901374,3.2631535885624015,3,84.86658815159782,67.80105760751172,1,4,1,0
495,0,1,1.5056694727261353,-1.7449752050795106,15.150919480559851,0.0,3,25.506267854624305,37.326488653947116,0,4,1,0
496,1,0,4.114390481179804,0.1872908428094848,13.163238188984115,0.0,3,52.73904423811668,37.13487210921479,0,1,0,0
497,0,0,0.7732347419893368,0.04502434376313751,13.598505743395846,0.0,3,52.20695106454994,46.09184528175226,0,3,1,0
498,0,0,0.5055733688039453,-1.0773057172735478,11.134340119029455,0.0,3,32.100419731776135,44.031494809901986,0,7,0,0
499,0,0,2.960148777080935,0.35731813778623406,11.901354923293734,0.0,3,74.21769720332942,53.462756699156955,0,5,1,0
500,0,1,2.470816474908462,0.8529886276363865,5.423135680710995,0.28938837946007395,3,69.51946208302184,69.22398962188593,1,7,0,0
501,0,1,2.510707362791414,-1.8244937289617684,12.500996323958589,0.0,3,23.020349564261014,58.33294849903345,0,11,1,0
502,0,0,1.9712309625679874,-2.5035691454298306,14.486199284220337,0.0,3,13.122091990526012,25.58638921109164,0,5,0,0
503,0,0,1.3674712110695761,2.316925454873566,8.397010179460741,2.5548935595733244,3,85.35506138817577,75.62980505074799,1,7,1,1
504,0,1,0.5643883253217798,-0.9357058387044214,12.861935392837156,0.0,3,30.13982991920222,53.4366774235689,0,6,1,0
505,0,1,1.3578527635769093,-0.5272645083859322,10.715355166230076,0.0,3,42.34246583923807,60.93218715516624,0,6,1,0
506,1,1,4.017907714473225,-1.6401103964910042,13.530958283822214,0.0,3,29.563708366837215,30.717613545332377,0,4,0,0
507,1,0,2.0386682560000473,-0.09289412278063203,13.953911206817871,0.05056545115843192,3,48.59419079159802,49.70498323903851,1,10,1,0
508,0,1,0.862090931687104,-3.0496748288579583,12.748601435149425,0.0,3,6.907226783994265,36.78709558321474,0,6,0,0
509,1,1,3.5062819572535653,-0.6734827198691822,11.574826976671858,0.0,3,35.44157413840493,39.75361895271042,0,6,0,0
510,1,0,2.6595459068356826,-0.5818060695122388,12.28323962117995,0.0,3,41.019574202338845,42.99048616503289,0,9,0,0
511,0,0,2.587458413830597,0.827256618632189,9.842333203234677,0.2738160621419833,3,61.87679852759111,58.0548357724512,1,4,0,0
512,1,0,2.126812812478046,0.8838912995670257,9.500199068392321,0.4529243282990864,3,63.5469158532157,51.149387500854196,1,7,0,0
513,1,0,2.334501946463016,-0.22865873531787345,11.018127882036364,0.0,3,47.26293694049421,44.812844286704895,0,8,0,0
514,1,1,3.3514040983765994,-0.7367536897331468,13.315094709176481,0.0,3,32.77604221528872,35.13558665412345,0,5,0,0
515,0,1,0.5039870637672442,-0.5946777379662896,10.765931338190468,0.0,3,49.500254429659456,64.02737173493794,0,10,1,0
516,0,0,0.4126229318014425,-0.07914238696142512,13.019376778202911,0.0,3,47.80187874950537,48.58665595152641,0,4,1,0
517,0,1,1.031773684657077,-0.0865736228568826,9.539862054963567,0.0,3,48.3328423823771,52.53281320263688,0,3,0,0
518,0,0,1.9714465792932565,0.05464468095019193,10.876516548007473,0.0,3,52.16990077853811,50.24811716317246,0,3,0,0
519,0,0,2.600802162013433,0.0014679523372702259,13.228667569696292,0.0,3,50.52849208832586,52.58422972288597,0,6,1,0
520,0,0,2.475310322745898,-0.23536372582735463,13.653058832535095,0.0,3,46.49975226018152,45.66245556391712,0,4,1,0
521,0,0,2.9796770177478438,-0.0023250287642131943,12.983218282293947,0.0,3,49.762929365804965,50.41352639335827,0,5,1,0
522,0,0,2.283613976341662,-0.11804164913553772,13.475304964273032,0.0,3,47.793220963033846,46.721748213008844,0,4,1,0
523,0,1,1.1136748373654082,2.150254248161632,1.7146223792654434,2.786626533470077,3,84.80043043838926,91.18381135229265,1,8,0,1
524,1,0,0.502500307643701,-1.5172232230574894,14.083643353824115,0.0,3,27.154065202101606,26.164222134406995,0,3,0,0
525,1,0,1.5509842682522488,-0.7430591194137702,17.213301702236684,0.0,3,37.93183189931184,33.845367048796476,0,6,1,0
526,0,1,1.159632303609205,0.32035981708576333,6.706839467410875,0.0,3,54.83044448926575,77.63509458511041,0,7,0,0
527,0,1,1.1257950945823147,-0.6323730412991684,8.500761611138238,0.0,3,40.87259252040887,57.11683052853944,0,7,0,0
528,0,0,3.787688966144987,-0.28846604360155487,19.42445641322558,0.0,3,47.41614424310496,31.1866663814061,0,4,1,0
529,1,1,1.4301371613563707,-0.29207688967941337,10.303462530006858,0.0,3,45.09305283659941,48.67037464372333,0,5,0,0
530,0,0,3.621770868686026,0.1892695709746407,13.545854831914971,0.0,3,48.692149414838376,47.659381417237675,0,3,1,0
531,0,0,1.6544352930249646,-0.05990739933202698,12.343231851096165,0.0,3,0.0,53.55814675814587,0,7,1,0
532,0,1,3.6973081523771354,0.8105985431862616,9.860440264248645,1.3806721260635673,3,62.317240695599445,73.59958711135542,1,5,1,0
533,0,0,1.7189508081238611,0.5795957325932017,6.752103125832749,0.21331836821597555,3,58.29703865108266,64.71086655447819,1,9,0,0
534,0,0,1.0296118374799699,-2.1317332691156103,14.044577404376684,0.0,3,19.469923905407374,29.418334098965857,0,6,0,0
535,0,0,2.5714858773933655,-1.8217257368739481,19.424503310679192,0.0,3,23.273101639659988,25.23026204096752,0,3,1,0
536,0,0,2.5347095224821676,0.1517515642580806,11.964988923105103,0.2815247864132556,3,52.93315675323855,53.280571235922885,1,7,1,0
537,0,0,3.979735950817021,-0.9911147638151201,14.539879217765991,0.0,3,31.519208745507065,42.56708765888858,0,5,1,0
538,1,0,1.0853213625213762,0.05359115453757024,9.524199232137933,0.0,3,49.947339169931816,53.972248825550935,0,12,0,0
539,0,0,2.0559320410243656,-0.4307366040372966,14.081451179820316,0.0,3,28.87004005150945,43.83891663594792,0,5,1,0
540,1,0,1.0039990140883197,-0.5575993494986627,20.890259741758914,0.0,3,42.344080909318876,19.51664401595314,0,4,1,0
541,1,0,1.595085581847394,-0.34638696798354435,14.97882391590747,0.0,3,44.06398299230462,38.532797897722276,0,7,1,0
542,1,1,0.9780577426082357,0.5752433923036563,9.676048317718811,0.0,3,28.71856851152493,65.60295674340529,0,6,1,0
543,0,0,1.4691990426835566,-0.833370574463409,16.187255159747384,0.0,3,39.68428323217691,37.488680232417906,0,5,1,0
544,1,1,3.42889490928405,-0.9295769411951607,12.06791417997588,0.0,3,34.71743857949111,37.53292057405397,0,5,0,0
545,0,0,1.2787778717727722,-1.2525763058255626,14.082836579911321,0.0,3,31.59451586619658,42.68052169321514,0,8,1,0
546,1,0,2.5692953361815243,-0.2577574680391384,15.413445499592324,0.0,3,45.46166335000355,44.65594009011757,0,7,1,0
547,1,0,2.1162477016327697,1.9719159418591614,5.600202870204881,2.349179458525848,3,79.8969734521671,72.13855136862644,1,8,0,1
548,0,0,1.0845653031465088,0.9528416646466936,11.696381667874881,0.5747167990116075,3,65.42857830115597,55.000899088114856,1,4,1,0
549,1,1,0.9286219402973681,-0.9235838019939699,17.135135094501585,0.0,3,34.957684236907085,33.268906889887994,0,3,1,0
550,0,0,1.3834420715296076,-1.19993463695095,16.055187102596868,0.0,3,32.62257023837956,37.801555394161305,0,7,1,0
551,1,1,1.4821540334831773,-0.9632965634085062,13.646508625002028,0.0,3,36.01386560488585,42.46317265916831,0,6,0,0
552,1,0,0.9454767637537178,-0.9311351798366706,17.009350419707097,0.0,3,38.04225960895419,30.57618825507534,0,6,1,0
553,0,0,3.5528289171053724,-0.8678776552243375,16.04356870757891,0.44290729987976896,3,35.74033679980218,38.24114889247604,1,5,1,0
554,1,0,4.936955370154181,-0.21506290686562243,13.369211041581593,0.0,3,45.210528744067055,51.08421680137646,0,6,1,0
555,0,0,0.7027498623844353,-2.2241697329761037,17.17682595600913,0.0,3,16.947457529716104,27.418996852881126,0,4,1,0
556,1,0,1.012492470082679,-0.8240548482538297,13.111920208483724,0.0,3,34.20542171859442,31.89412732743747,0,6,0,0
557,1,0,1.9788774549002284,-0.2597177030558774,14.666183759232048,0.0,3,0.0,27.42995877839687,0,1,0,0
558,0,0,2.2754235601628885,0.8252171356292795,11.44998440523335,1.0909170379837319,3,61.095906161586655,57.7840668668463,1,4,1,0
559,0,0,1.9786304116060647,1.360853286899669,10.30550194023473,2.0834533697634052,3,73.60504027188357,61.77233215640466,1,4,1,0
560,0,0,2.521895461012062,-2.4564784114151292,18.1744862151194,0.0,3,12.329882176205002,22.878362196343687,0,4,1,0
561,1,0,1.1580398461780828,-1.0193639800161134,16.561249031623937,0.0,3,28.265202396900015,34.011463583053015,0,6,1,0
562,0,1,1.0373361316371799,-0.15042082748671448,11.184687492161343,0.0,3,46.97680586669552,60.35596561049603,0,6,1,0
563,1,1,2.894456410634926,1.7747106062425877,8.169702536844753,1.159061413424793,3,74.99788090033957,63.72688454772577,1,4,0,0
564,0,1,1.4047762984449998,0.6490854446234464,7.055435325790019,0.0,3,60.234567721954136,68.8129242883783,0,5,0,0
565,0,1,3.500013470294385,0.08915129897971819,11.46654413253103,0.0,3,49.399503493403174,60.39746226026448,0,5,1,0
566,0,0,0.7323118329869357,0.72389798760004,12.116842135225802,0.0,3,59.98313707750282,56.30251562931594,0,5,1,0
567,1,0,1.0764978250683928,-0.9689425155540826,18.43360871314697,0.0,3,39.423914988145555,23.493320196037295,0,3,1,0
568,1,1,2.166304829750483,-1.0652036142107366,16.480942633233663,0.0,3,34.87104397692499,39.3924250601329,0,5,1,0
569,1,0,1.7288655444315364,0.8005722222391829,13.10528959410796,0.0,3,61.60640485074584,50.28130024579102,0,6,1,0
570,1,0,2.2399274906416684,-1.3279558298287943,18.8640558381993,0.0,3,30.362114773346192,23.25407103200223,0,3,1,0
571,0,0,2.1058486394652456,-0.23786496993492703,12.073808575140227,0.0,3,47.436590192689366,58.790200100422034,0,2,1,0
572,0,1,2.114792891218416,-1.3360509817938382,15.88118534631124,0.0,3,31.07264144087485,36.609175377519186,0,2,1,0
573,0,1,1.11787331200524,0.4916659048186875,10.566096533941078,0.0,3,58.172301356533225,61.61618222403655,0,3,1,0
574,1,0,2.1956437051900695,-0.5919450007226489,17.56558949191581,0.0,3,39.120360725268654,27.87095922301694,0,3,1,0
575,1,1,0.9584382553017342,0.35785148137365363,9.761888750209932,0.0,3,52.261619666728684,50.97396808115873,0,6,0,0
576,1,0,1.7254499019738863,1.6113353089501854,12.155866298836301,0.0,3,75.58414579150075,51.525452155071044,0,4,1,0
577,1,0,2.090241761172626,0.5844409769695037,9.995086105685441,0.39856964000663075,3,58.10086783644033,49.61304166873481,1,6,0,0
578,0,1,1.6202258042627902,0.11153518297651584,8.658266639878798,0.0,3,47.22519036655466,66.78207143591942,0,7,1,0
579,1,0,1.1826734994202692,0.07205617357578692,16.54991046729901,0.0,3,50.39193664802924,35.932411934239056,0,3,1,0
580,0,0,4.4330526142801805,-0.4562025134233671,13.794904488232309,0.0,3,44.27892537008245,47.04479391958842,0,8,1,0
581,0,0,2.2826747656566058,0.3065462302123669,10.432191446720237,0.0,3,54.94713717433285,52.86314360654154,0,5,0,0
582,1,0,1.8160561373639557,-0.10863456109408524,15.511617706962783,0.0,3,49.61884731903926,37.91833495415147,0,5,1,0
583,0,0,0.9193661665688814,-0.060413589276304455,14.224374448537713,0.0,3,49.18521898598693,46.2224734117862,0,4,1,0
584,0,0,0.7424508846866812,-0.8634467759459689,16.20720663431438,0.0,3,36.837407703587495,41.584123922604654,0,5,1,0
585,1,0,0.8497741606193205,1.0471255105412194,13.405690633246376,0.21808853761196856,3,66.58194052872692,50.88537736239818,1,5,1,0
586,0,1,1.1920017729553762,1.3982061839580795,6.519132323867889,0.8472661833763689,3,75.49457335292946,68.57573064532087,1,3,0,0
587,1,0,1.5940443319582016,-0.11209690283744606,11.533314984195192,0.0,2,47.08489960363943,40.70469204793123,0,3,0,0
588,1,0,2.1318942770204883,-0.5745989593159088,11.901107900819044,0.0,3,41.5342428118194,52.530857124150785,0,9,1,0
589,0,1,1.112800251283676,1.511788032853895,10.61192140548521,0.6858548030248747,3,56.16576965296173,63.663316218426516,1,1,1,0
590,1,0,2.7439255697454272,1.1176188254693755,10.312485903376741,0.0,3,70.00823964656895,52.34106748961582,0,6,0,0
591,0,0,1.7392024852914714,0.09279891334112242,14.172609429762606,0.0,3,51.09059732080914,50.07460205140072,0,4,1,0
592,1,0,1.1978090423084287,-0.6718174763977541,17.020147549314494,0.19349890855416252,3,41.887596283263655,26.946680709662505,1,4,1,0
593,1,0,4.499320107052623,-1.2725257480431806,17.277522442929683,0.0,3,32.19204557326901,26.206731478131825,0,2,1,0
594,0,0,1.6183286005521356,0.10540049595523698,12.055249095206317,0.0,3,50.82425903857957,53.49102958512959,0,5,1,0
595,0,1,2.571094286739317,-0.7462736269601035,10.07708425772812,0.0,3,38.328328421037256,51.872348771328404,0,5,0,0
596,1,0,2.0616580062146492,1.129566533100205,13.161068993341432,0.33967974455108485,3,21.98144243115862,52.18852255705746,1,4,1,0
597,1,0,1.9559682319777671,-0.7799366749443692,15.557447308078178,0.0,3,37.70066090063866,36.96987965926059,0,3,1,0
598,0,1,1.385693929515027,0.12040406921167723,9.06521397651323,0.0,3,49.888182124580105,62.20900857512566,0,4,0,0
599,0,1,6.96499818919818,1.235944778290315,6.318280990208813,2.7843269473593772,2,65.00098998700177,71.54466278641023,1,5,0,1
600,0,1,3.9272590823685514,-2.2219037263796437,17.054808830712886,0.0,3,17.917807826250563,33.143770610130886,0,2,1,0
601,1,0,1.1408895280648073,-0.5019749473017466,13.045568954042137,0.0,3,47.51398337560031,52.07076053901993,0,4,1,0
602,0,0,2.5090919774556135,-0.10709116068049686,11.714428252145886,0.0,3,51.430998354052164,40.867186515101025,0,2,0,0
603,1,0,2.221983196582183,1.536715380286023,12.58935731190825,0.6771784195890236,3,73.06094818650799,51.978277128933854,1,3,1,0
604,0,0,1.3113578732069393,-1.314549397311369,15.410484835701793,0.0,3,33.46659586882887,37.42465582382314,0,4,1,0
605,1,0,0.6778531657551508,-0.09440299685726983,17.478026690101675,0.0,3,44.90036740328762,28.03894088354633,0,2,1,0
606,0,0,2.2335795617528307,0.009816803847705113,10.643464920999056,0.0,3,50.66669860284748,44.41788846296527,0,4,0,0
607,1,0,2.0586714639728476,1.164855971047795,10.518915340084952,1.2617233094650762,3,67.82964449516808,49.26044262794169,1,4,0,0
608,0,0,1.204401294974241,1.389791444758879,11.241730877402391,1.7933359620795764,3,67.74919385575802,57.98995198985658,1,5,1,0
609,0,0,1.8106024579755458,1.0235995430509053,11.415855007540783,1.3785758819186138,3,65.83744082080669,57.46259488162749,1,3,0,0
610,0,1,2.261743578105525,-0.5828458526036318,12.621260153928949,0.0,3,43.12974759951345,51.02703961905608,0,6,1,0
611,0,0,1.4310369746089489,0.008191190083455467,9.920262911425292,0.0,3,35.92685775128733,49.91713030328666,0,5,0,0
612,0,0,1.5630693997362406,-0.43001133448160195,14.610444257247535,0.0,3,43.65695135128401,42.0824775709826,0,5,1,0
613,0,0,1.459965109179024,-0.4074127898660284,13.963232736197323,0.0,3,42.65139681361239,41.66968695452153,0,3,1,0
614,1,0,1.7061131974089743,0.40906089736574386,13.089822218514826,0.03570987381280005,3,64.87320323345449,48.93592759317383,1,6,1,0
615,0,0,0.7992279352559665,0.8145862601966667,8.783922814505459,0.17081557584822346,3,62.785625069467955,54.43027131260782,1,3,0,0
616,1,0,2.199359115671222,0.18160684895093193,13.036076034700427,0.0,3,52.34973819869073,50.18537281633432,0,9,1,0
617,0,0,1.464424791857744,-0.8294616044159809,11.861939475212981,0.0,3,37.04274024987926,42.14569777523891,0,6,0,0
618,1,0,1.0235198584586007,0.12862499022248602,13.530878165691012,0.0,3,49.71210808370261,47.9401582813154,0,7,1,0
619,1,0,1.8233021871903832,1.4237429451898804,10.609752645001041,1.7162161795222106,3,72.10239436756589,61.0112966235816,1,9,1,0
620,1,0,0.6506263940408562,-0.6918495363588403,16.7228158391042,0.0,3,40.75916425982934,29.95992918161855,0,3,1,0
621,1,1,1.5802665447672022,1.6240498435948725,6.902919055218073,1.0895816202978457,3,74.00880451300146,67.01173853816657,1,4,0,0
622,1,0,1.1397624278911012,-0.4950818795518153,16.995166648108107,0.0,3,43.15578766869674,31.129242907317693,0,4,1,0
623,1,0,1.057961968202273,0.5251493671322205,12.30660624112492,0.0,3,59.09290922898548,55.239969654239964,0,10,1,0
624,1,0,2.5241330237575883,0.6826721774406351,13.295764304179672,0.0,3,68.61079620086261,50.33884229048192,0,7,1,0
625,0,0,1.024558528822772,-1.3528707426620803,11.623120888667486,0.0,3,31.26606646255656,45.11371557377733,0,10,0,0
626,1,1,1.2204481159446217,0.19644070422312515,8.546323376306212,0.0,3,55.61236369765967,55.722760094992374,0,6,0,0
627,0,0,0.5289326448648992,-1.6294579669667075,18.243971287528822,0.0,3,25.50047252114224,23.000191089660504,0,1,1,0
628,1,0,1.619998657587035,-0.3044521341659192,12.640688080060915,0.0,3,45.86178345670369,36.581254077797254,0,5,0,0
629,1,1,2.2885658026883093,0.4224135168856135,8.720980840289572,0.36688323515707044,3,57.53400411348735,56.50466764374742,1,5,0,0
630,0,0,1.9480959734958825,1.1128588350099953,11.863364058797929,1.0722716649675847,3,65.89298199727743,63.844235721097135,1,6,1,0
631,1,0,1.5232409828407167,1.9551342776625977,11.149587017389983,1.5455424004406793,3,81.4958980096485,63.66470591109526,1,6,1,0
632,0,0,2.5652161643140943,0.013924233998347215,9.927579227114549,0.0,3,50.8551489667679,50.40315684465852,0,2,0,0
633,1,0,0.6340233449883328,0.23770553467302574,14.762133249786764,0.0,3,28.292372461030116,44.21839261008931,0,5,1,0
634,1,0,2.0744367812490165,-1.1625271581212524,15.308109190530196,0.0,3,33.01078293995111,35.5265623006005,0,4,1,0
635,0,0,2.332131319885761,-1.1117592828304825,15.716478674697886,0.0,3,33.82099021589683,41.05451581897496,0,7,1,0
636,0,0,1.663663640749996,-0.5541914027580653,10.739879721173788,0.0,3,43.12583248008941,47.18652527469409,0,5,0,0
637,1,1,1.7557395519800465,-1.8483182015628916,17.711331340570588,0.0,3,13.773082074159591,27.6154539614553,0,4,1,0
638,0,0,1.2725734282561048,-0.9071119063162306,15.08839816640496,0.0,3,31.154171817112427,43.13139373308015,0,6,1,0
639,0,1,0.9486194507406139,1.5214763156918578,4.298967476301656,0.5834255845184292,3,75.66170386171437,77.68004518136988,1,5,0,0
640,1,0,1.399254743837642,-0.3428238733064217,14.728794198102676,0.0,3,46.3856510040593,45.97980460559264,0,9,1,0
641,1,1,0.9925879164448611,1.385997359029079,7.358521119802629,1.7709732469534603,3,71.54758886193314,69.72357810230352,1,7,0,0
642,1,1,1.450173353813148,-0.07430656418482988,10.808279997497802,0.0,3,47.794712689929746,47.523881780086384,0,3,0,0
643,1,0,0.6184248402523804,-1.9536174537469815,19.60614365868598,0.0,3,30.958432729676133,6.259877112757352,0,0,0,0
644,1,0,1.3891917416274693,-1.0785799593600596,16.649664539718298,0.0,3,32.1757371778172,31.017725376317497,0,6,1,0
645,1,1,1.7027998058923437,0.1611678607211086,10.522293877821767,0.0,3,51.96276972883983,49.55807385702339,0,3,0,0
646,1,0,1.859521635060407,-1.1391040030945927,17.622237674040235,0.0,3,32.32934380036454,35.73801701212668,0,9,1,0
647,0,0,0.40186618257071394,1.0974346430214659,12.344735980012825,1.4314816554120233,3,65.09771861636358,56.24495046400412,1,3,1,0
648,0,0,1.6351312381349166,0.7573736072309253,11.018612347589388,0.0,3,58.736691249608356,62.749974016563925,0,7,1,0
649,1,1,0.8502048179969989,-1.5428973041764493,15.925349031188675,0.0,3,24.754827572537287,33.45118234191476,0,4,1,0
650,0,0,1.3464274028545868,0.17893014223352355,9.196142875503527,0.0,3,53.10646357140057,52.740122900679985,0,4,0,0
651,0,0,2.7739223400207216,0.008664648539325866,9.2528247414189,0.0,3,46.29585655565376,66.55344536239342,0,10,1,0
652,0,1,2.0414887757860662,-0.8400181680614894,9.972135911816792,0.0,3,36.44054518947805,48.956789738542945,0,5,0,0
653,1,0,1.167003462099493,0.8445524401953618,14.850331342657382,0.496604576454697,3,66.71674356575826,39.36727993244659,1,1,1,0
654,1,1,2.897718438357551,-1.4058220262589287,17.3100895169905,0.0,2,0.0,29.037104094287617,0,3,1,0
655,0,1,1.4288878125014746,-0.5189743544722183,13.981877449865001,0.0,3,42.22859230460779,45.17078704221524,0,1,1,0
656,1,0,2.635500989289634,0.9226709584226429,14.56912146642669,0.0,3,35.91148878590267,44.33046752889714,0,4,1,0
657,0,0,1.50269330549379,-0.058539632839967784,15.40658603695874,0.0,3,48.88156350906395,39.581766262456426,0,1,1,0
658,0,0,2.5384978656154047,0.5758588780324153,11.776783057609974,0.0,3,59.19294800775185,57.49822927960187,0,6,1,0
659,0,0,1.4220420520253272,0.9601286273724212,14.123384737604413,0.0,3,66.54444797493693,54.426164960125476,0,3,1,0
660,0,0,1.837978580231139,-0.25072209717412414,11.069156731052805,0.0,3,46.19398853056749,46.72118293435277,0,3,0,0
661,0,0,2.544639722439735,-1.5315486723725034,14.431604364920878,0.0,3,27.284541776054503,46.2895364246048,0,7,1,0
662,1,0,1.2409008641530561,0.11041930947063072,14.178301996069198,0.0,3,52.06522416609123,28.507276620475245,0,5,0,0
663,1,0,2.149932059802849,-0.7114183129960863,12.257458160894119,0.0,3,39.50087419176491,41.506657882105046,0,8,0,0
664,1,0,1.403685956218806,-0.5598327441838673,13.041209210120748,0.0,3,43.261932752553925,36.958376793038305,0,6,0,0
665,0,0,1.2171105878051325,-1.1656899831704277,15.10101391915195,0.0,3,32.32430315298455,42.68055887287314,0,5,1,0
666,1,0,3.0391765894920773,0.5424041871110418,10.863178200557766,0.0,3,58.835808451321675,43.871487291741474,0,3,0,0
667,0,1,2.9949478916228434,-0.3734727668237585,10.612851745114666,0.0,3,46.4843850495165,60.09965877748826,0,7,1,0
668,0,1,1.8475122146045884,-1.2289581824974793,13.86509596191954,0.0,3,32.76081955644251,48.70043844675884,0,3,1,0
669,0,0,1.540546834357748,0.9007223288748004,10.697198752286473,0.0,3,65.10050751109604,59.39325101214979,0,3,1,0
670,1,1,1.9285657967909793,-1.901720716633917,15.090501420412787,0.0,3,28.9486734600083,29.73816758509628,0,4,0,0
671,0,0,1.8720936796693695,-0.6298354841115847,13.776153650036523,0.0,3,12.226808831015386,38.87822170277927,0,3,0,0
672,1,1,2.6513392706075076,-0.009586612187968177,10.342466056549176,0.0,3,49.3839538724943,47.51926266324972,0,2,0,0
673,1,0,0.248582796204264,0.2566818801638582,15.33839235257807,0.0,3,59.32983749834847,43.0429893298562,0,6,1,0
674,0,0,1.3762251234898895,-0.23699577609216654,15.347166215545144,0.0,3,45.468030830187345,45.748593154413385,0,7,1,0
675,1,1,2.043661179995801,-0.45970787375848066,15.446118447762677,0.0,3,45.384225925772284,40.35922440528395,0,3,1,0
676,0,0,1.3071624161827085,1.3658007959887497,9.99769349350595,0.9411890197909132,3,68.3043191182246,69.79600395529701,1,8,1,0
677,0,0,3.415029839660375,0.7679123472387045,10.346070978465868,0.0,3,58.50123527194573,50.99938678630764,0,4,0,0
678,0,1,1.164343721890563,-0.8498982371160639,12.978044987903061,0.0,3,36.076782557809246,53.48720213005272,0,6,1,0
679,1,0,1.314446296712845,-0.5539699685244999,15.432891765275816,0.0,3,0.0,28.755550728977813,0,3,0,0
680,1,0,1.6050854862195403,-0.06473632139059952,9.506790829568859,0.0,3,49.58573019238943,50.55961474508388,0,10,0,0
681,1,0,0.7483085809784984,1.0778975214428796,11.859139242131196,0.03877601946918363,3,72.65367336092146,54.62909848179675,1,8,1,0
682,0,0,4.45477726598348,-0.08700889940297439,12.686536521717146,0.0,3,48.164034875272215,49.16944709073987,0,3,1,0
683,1,0,3.4958118893142287,-0.14952317987663705,14.348152962171602,0.0,3,52.41895678240347,37.267865357589145,0,5,0,0
684,0,1,0.7636361482738915,-1.1281703346265681,9.156069443461544,0.0,3,31.960943141128123,52.17881349113723,0,7,0,0
685,0,0,2.8205651980765967,-1.444710300784983,17.048021349898693,0.0,3,27.447002459152387,31.44863253165225,0,3,1,0
686,0,0,1.1316027806842197,-0.12110038156683098,16.263051754984005,0.0,3,49.78640527341245,45.05060616321025,0,5,1,0
687,0,0,2.314359259711299,-0.13574371541921118,10.439001056947744,0.0,3,47.09734146120631,56.73699477940237,0,9,0,0
688,1,0,3.5870717671994643,0.5331404731757091,11.610076534763747,0.0,3,57.809585919059984,47.459530177931626,0,3,0,0
689,0,1,1.1792713280281593,-1.8553076507268778,14.011061082562918,0.0,3,22.462156923432442,37.29070876678314,0,4,0,0
690,0,0,2.1715212927886256,-0.050436065195785515,12.895740435212755,0.0,3,56.44652648165564,38.36232252340794,0,1,0,0
691,0,0,2.552243290340103,-0.6536835905559515,11.467504246657132,0.0,3,40.91108769769495,42.38083095094394,0,4,0,0
692,1,1,1.7013061158419711,0.7338709105924816,9.5128403657404,0.0,3,62.93334505417619,53.25331136896949,0,6,0,0
693,0,0,2.2834485954190837,-0.8458078949055376,14.098887189224456,0.0,3,37.332844331066966,46.551706055793154,0,5,1,0
694,1,0,1.6354444047538539,0.8595396454267258,9.323434299092902,0.13911811296328352,3,94.54379364302626,66.45816644192251,1,6,1,0
695,1,0,0.6326408129773482,-0.24344399877249093,15.279508583008868,0.0,3,44.4796849251589,38.58532371705246,0,6,1,0
696,0,0,0.8710795915949724,0.9763146293913987,11.29294795984776,0.5999790992265925,3,63.998406917584134,57.68886321525952,1,4,1,0
697,0,1,1.7649603305923307,0.2981426119156895,13.224228407357753,0.0,3,53.28217105690901,59.63788856810129,0,4,1,0
698,1,0,1.6087793090574078,0.4951677155095311,15.569460826035337,0.0,3,57.51837887890389,40.094751069741655,0,3,1,0
699,1,1,0.8903939135377418,-0.8506726782014175,9.60830835252346,0.0,3,37.57753435708644,48.72560088433321,0,12,0,0
700,0,0,0.7609767128215122,2.154957364806232,9.4447148785815,1.9307285416069355,3,78.0451956108825,68.02883084236147,1,2,1,0
701,0,0,2.435685355585684,0.005818062669865525,12.497653400483097,0.0,3,52.449573225428885,52.4396759113769,0,6,1,0
702,0,0,1.7161480147504502,-0.11025660798185596,15.697114553939798,0.0,3,53.10069898905948,47.139725558941606,0,6,1,0
703,0,1,0.7964227905619716,0.33345210273678527,7.759246662382454,0.0,3,54.86939563197807,59.32872538837934,0,4,0,0
704,1,1,1.4321010750283891,-0.27730530852323143,10.165877381207556,0.0,3,45.95477734573916,49.192161605869515,0,6,0,0
705,1,0,1.1115437823628198,1.820813291944562,13.264921094981961,1.5226989907319177,3,77.1293093591741,48.486604299302215,1,2,1,0
706,1,0,6.104558856635881,-0.8315086881038838,16.207127508595757,0.0,3,38.60689835108273,37.00424056811121,0,7,1,0
707,1,0,1.0515075082072038,-0.602258881358454,13.370165657004259,0.0,3,58.11141914738384,48.147448154677534,0,9,1,0
708,0,0,1.6201745236143372,-1.5561522068880798,19.29517848527949,0.0,3,26.576255593950123,33.12761911495814,0,7,1,0
709,0,0,1.7650870989845946,-1.2944626677552002,14.282063063136006,0.0,3,31.350356296798115,47.11970881691268,0,10,1,0
710,1,0,5.343765746616236,-1.1575123306050084,16.39804536325535,0.0,3,32.39335248695215,32.759211095932244,0,8,1,0
711,0,0,2.980550793419579,0.21569946739487036,10.326233683998272,0.0,3,52.9365202695098,51.210764013184836,0,4,0,0
712,0,1,2.3443371564940763,0.3970627092331588,12.004156645240753,0.0,3,56.16724578977383,47.60140047974232,0,3,0,0
713,1,0,5.201544725741213,-1.1103089496590497,19.007262364737844,0.0,3,33.67169005231435,24.581851683476202,0,4,1,0
714,0,1,3.5637193980817785,0.7269906570027753,9.910135055092669,0.024857105294217655,3,60.52133105753555,65.1381093162543,1,4,1,0
715,1,1,2.2520833159504385,0.08547077449951093,13.194829237694808,0.0,3,52.169784803101344,48.28854784406571,0,3,1,0
716,0,1,1.2481493845128209,-0.9248274399509003,13.60601550601567,0.0,3,35.62521725287511,48.90108079197059,0,5,1,0
717,0,0,1.9999840412285554,1.432274409514912,11.067942349877242,1.1854124985691317,3,71.12558755790567,57.34294320260735,1,1,1,0
718,0,0,0.9362968723852203,0.8534428237770383,11.453266305303284,0.0,3,63.03376090142085,57.83080240771617,0,3,1,0
719,0,0,1.176950186322259,-0.49236713173710206,10.604430653716243,0.0,3,57.69513910462565,47.57437868455701,0,5,0,0
720,0,1,1.317860907704924,0.40993760314403255,10.89440061788794,0.0,3,60.192773241001525,69.44235470252421,0,6,1,0
721,1,0,1.3801692160038392,1.8763902417846559,10.29794175366816,2.0622256865807085,3,77.81661535883516,64.57675028101049,1,7,1,0
722,0,1,1.2033262121651322,-0.5766197853290627,8.561845259659364,0.0,3,48.66618128365532,68.86860381707855,0,12,1,0
723,0,1,3.502919171811685,-0.0074753612294978285,7.205641609551753,0.0,3,51.33327029175397,64.20109907779705,0,5,0,0
724,0,1,3.5897458944481535,-0.1620549773539742,8.71647758281099,0.0,3,48.02028762678316,66.90110877035242,0,9,0,0
725,0,1,0.8774680174491843,-1.4877331980769568,13.711228495906084,0.0,3,27.509393531498212,43.70557136641931,0,4,1,0
726,0,1,3.3785092072851555,2.50917624355697,2.9640166353892097,3.3885966838407353,3,86.31897755506552,85.23722967611036,1,5,0,1
727,0,0,1.74716857070787,2.038670088560911,8.470311054972427,2.2341176994530487,3,80.29678817711216,70.4881417406775,1,6,1,1
728,0,0,1.5604339022494509,-2.63793544366246,19.379506215792038,0.0398603123077137,3,10.353639205097844,20.275848962083952,1,5,1,0
729,0,0,1.7405335167801104,0.22210842546799997,10.641888265550284,0.32838135569669036,3,52.94825821558023,52.50674971228288,1,6,0,0
730,0,0,1.0716317573135377,0.49222600187869386,10.199366345077134,0.0,3,58.42590665157702,50.79291044946401,0,2,0,0
731,0,0,2.173900233067488,-0.4210152097050386,10.97146513503699,0.0,3,37.43254141250301,44.9764289803614,0,5,0,0
732,0,0,2.47377963873643,2.043956915412013,12.01467369736807,2.2205345158380356,3,78.64879247734447,62.53227339419177,1,1,1,0
733,0,0,0.5040441543568166,0.5918749288081229,12.032046423093075,0.6948323988767583,3,58.3853270176028,55.611048939916955,1,5,1,0
734,0,1,1.2869729215433086,1.2142200608346518,9.334419947958741,1.8325552510769614,3,64.34742037907812,75.2372498587093,1,9,1,0
735,0,0,0.9938562081171081,2.130076811831503,9.44469946703305,2.6229789968610255,3,80.56674358737963,70.82508013712848,1,6,1,0
736,1,0,1.5604230834742525,0.9032022822122985,11.010587170489732,0.26348342708423156,3,63.731734427370526,49.47153774767409,1,5,0,0
737,1,1,1.3856773160076055,-0.4310979921953678,14.152958446967574,0.0,3,43.09386965309636,49.217259284867154,0,8,1,0
738,0,0,0.8723992123089993,-0.9987755554709525,11.627548813725994,0.0,3,34.32879675730728,39.8275699180196,0,5,0,0
739,1,1,3.0582156861630794,2.058484080230416,5.998642313830531,2.257947028743792,3,79.69364066745601,69.51839776211062,1,3,0,1
740,0,1,1.2929512089976836,-0.07132516082418484,8.876382733036435,0.0,3,47.92188292952828,54.12637183378634,0,2,0,0
741,0,1,2.7668951351512026,1.123106644954817,4.7515062689536505,1.259123644231976,3,66.91929734332506,74.77356850500178,1,9,0,0
742,0,0,0.8814233878561409,0.0929183259248654,13.831895708050963,0.0,3,38.58627903643473,48.09192623847142,0,4,1,0
743,1,0,4.233907453704143,-1.1980677601023808,16.685323399425155,0.0,3,33.41736131915575,34.17093609768899,0,7,1,0
744,0,0,1.0084981961765556,1.021435046453245,10.495513398404256,0.692358365887892,3,64.53788242561689,71.0392533894724,1,11,1,0
745,1,0,1.0729086745175291,-1.1378685559344985,11.453683322237426,0.0,3,35.120450399028954,41.22214235281975,0,6,0,0
746,1,1,1.8049711772961206,-0.9396508836176958,12.577045074647502,0.0,3,37.357808003740175,37.7391947672761,0,4,0,0
747,0,1,1.2438543253923176,-0.12205635527544365,12.816658261500454,0.0,3,45.59991142490145,56.25504008351426,0,4,1,0
748,0,0,1.0050619760636716,-1.7262467575708673,17.46980478170354,0.0,3,22.632473045138674,31.931122511829873,0,4,1,0
749,0,1,1.9456919531631023,0.7358466657229589,10.973475355953616,1.0616811686278687,3,57.84018250387433,59.9663580901576,1,2,1,0
750,0,0,1.1828170904096325,0.3284297003263556,13.04119716513064,0.0,3,57.40980332568654,55.93919880580537,0,6,1,0
751,1,1,1.3918109912734973,-0.17911505716056406,8.612151644691458,0.0,3,46.49156138744141,54.555931031427754,0,8,0,0
752,0,1,0.27025437644599426,-1.2345992766528788,13.690128398382978,0.0,3,30.72164252386669,50.270213166160445,0,6,1,0
753,0,1,0.8630271681730034,1.1858888725583152,9.385500592542012,0.9379442203841185,3,64.51504697938499,71.62112809146738,1,3,1,0
754,1,1,1.362880767260973,0.7457080721167075,12.351240940330074,0.0,3,61.08305481200903,53.22046181864319,0,3,1,0
755,1,0,0.7692558570396414,0.04986441444629842,16.19100973828039,0.0,3,55.584257908770944,35.790430701879075,0,3,1,0
756,1,1,2.141670394147094,-2.046368262483968,16.398310755880793,0.0,3,17.714249970133956,24.7953201409428,0,4,0,0
757,0,1,1.4650233530185277,-1.9077691533759915,11.74809735996187,0.0,3,23.24404159842142,46.399890622234075,0,5,0,0
758,0,1,1.036445649733786,-0.8708031404151394,13.306222007774922,0.0,3,57.26956418948407,54.55195492533525,0,6,1,0
759,1,0,1.3248931169123563,1.020317954938614,11.195705192676911,0.0,3,65.60727881912588,59.56948937036665,0,9,1,0
760,0,0,4.860907181104796,1.8088100672045344,5.975939629591071,0.47928882443719334,3,76.80643728550245,68.05936049346205,1,6,0,0
761,0,0,2.1659049470002523,0.40395060641232333,13.404071176663834,0.0,3,55.90805958834482,49.431235234038404,0,7,1,0
762,1,1,0.7896218053350382,-0.6053237406934658,18.055880540819455,0.0,3,43.88944307501827,37.610482004089626,0,2,1,0
763,0,0,0.988957278516985,1.156263534841489,10.71413747046907,0.5027111979132044,3,71.0382740092681,59.776600758479454,1,5,1,0
764,0,0,3.629279922298726,-0.35018532732461144,14.91076158457175,0.0,3,44.4635759129839,42.062497185676975,0,4,1,0
765,0,0,2.3335302579057506,-0.2116008233046423,14.991421316737362,0.0,3,47.16257077389645,48.06468312954075,0,4,1,0
766,0,1,3.5579891509279826,0.35049129327592127,10.476969580606612,0.0,3,91.67429069542648,60.50474266347748,0,4,1,0
767,0,0,1.642148712498532,0.5324687087684487,12.075450961714171,0.04566842788516276,3,58.22264030815704,51.75280083077549,1,4,1,0
768,0,1,1.8429001677464516,0.5222457601814701,7.542117135897863,0.0,3,58.20153940309605,62.04236578968929,0,2,0,0
769,0,0,6.53106056929935,0.0667351257578901,13.132453073486552,0.0,3,51.803597080292946,52.271304345697395,0,6,1,0
770,1,1,1.6040760382846604,-0.8595862092409329,12.582441046345457,0.0,3,33.95718290732296,52.02556228436188,0,11,1,0
771,0,0,1.886401507795646,1.2461879074850422,8.822611539252609,1.3593865079079905,3,68.51311488260045,59.447828467125696,1,3,0,0
772,0,0,2.4453596734655196,0.3579417459720354,9.105969185235796,0.0,3,52.147951505224164,55.33282388710265,0,6,0,0
773,1,0,2.465422133607338,2.683220621902481,6.767162095184419,3.359246811919282,3,89.58460912165035,65.65453634597256,1,4,0,1
774,1,0,2.4853629210601436,-0.2258624896002224,15.78453973761521,0.0,3,45.17246058812345,38.715407673735335,0,4,1,0
775,1,0,2.346675618187673,-0.023869150335576794,14.374063011794464,0.0,3,49.31109782021243,41.235774140955314,0,4,1,0
776,1,0,2.22648964378718,0.07643127639790996,13.954332969907329,0.0,3,0.0,44.88907501872398,0,8,1,0
777,0,1,0.7823664124982507,0.8699412419471181,7.62746434559166,0.24838785772019795,3,63.55834191724644,60.14803098073183,1,4,0,0
778,1,0,1.074064608762574,-0.215488900293846,14.708853488482609,0.0,3,41.686531427789156,42.79694233819922,0,8,1,0
779,0,1,1.5240272835568154,-0.592445547445362,10.206460711809214,0.0,3,42.151498240620825,45.65396585191295,0,2,0,0
780,1,0,1.5659482299240457,-0.5003693450690542,17.36788520224039,0.0,3,49.382415570253805,29.408569081513843,0,3,1,0
781,0,1,1.5741315387583945,0.3509641432076517,6.924396369722397,0.0,3,56.498803626803095,62.71006073994687,0,1,0,0
782,1,1,1.145645393507666,-1.3583239184220022,14.494509209541532,0.0,3,28.957152566898166,28.099921209069624,0,2,0,0
783,1,0,1.05055399193702,0.7867061871432424,13.34030984453623,0.0,3,63.13132627326363,47.77938605816437,0,6,1,0
784,0,1,1.5586290090594128,-0.5457220366671396,9.547641127582109,0.0,3,42.672024958164606,53.843210325525924,0,4,0,0
785,0,0,1.0510332625533683,-0.0445169080223685,14.195285196848817,0.0,3,47.18478722185731,45.44063895288346,0,3,1,0
786,1,0,1.201684915568455,-0.32746642846595975,12.587406323122439,0.0,3,44.732427316582516,36.423152524538274,0,6,0,0
787,1,0,1.514069149981364,-0.3130847378288816,16.493570015244536,0.0,3,43.87931063404357,31.348565861368584,0,2,1,0
788,1,0,1.0397503686713487,0.8012259145736588,12.363987936350247,0.6175653610527387,3,62.37638970646141,52.282174945278626,1,7,1,0
789,0,0,1.492358022664085,-0.15378462268759005,13.485598747040182,0.0,3,57.34328752654378,44.169910010475164,0,4,1,0
790,0,0,1.52579589062349,-1.5315755946868748,17.90774391274213,0.0,3,25.616087480339267,28.672479143361603,0,3,1,0
791,1,0,0.8330735020801042,-0.7465531954480695,15.24584406511582,0.0,3,38.22031466249113,40.556587430967504,0,7,1,0
792,0,0,2.897568968097919,0.04956131024662593,12.08199331923307,0.0,3,51.24817342873578,52.84613390310045,0,6,1,0
793,0,0,1.6109118975897143,-0.3443762381707689,14.304687217005458,0.0,3,44.9498884103743,49.12095923323515,0,5,1,0
794,1,1,1.4022967028039321,-0.8770564304507419,11.081788552125424,0.0,3,38.82317165923142,44.13618483977383,0,3,0,0
795,1,0,3.2922611435398323,0.6876267418839253,10.581208977280566,0.0,3,60.15525094622993,47.81787359693044,0,5,0,0
796,0,0,2.0950927313253573,0.4996611418806077,12.160067947173093,0.14365573038099738,3,58.671976235176274,51.351301395218535,1,4,1,0
797,1,1,1.157177967843172,-0.5711664019134742,10.924876682748755,0.0,3,41.18336280494707,46.35457558494839,0,6,0,0
798,0,0,0.831830754683081,-0.41522517112946716,14.40905522952263,0.0,3,44.57893295441172,43.93876478940562,0,3,1,0
799,0,0,1.1761358070189127,-0.08221472554031581,12.39191883896236,0.0,3,100.0,51.50753235879396,0,4,1,0
800,0,1,1.2882767905799262,-1.4200869970946508,10.284502311637121,0.0,3,28.445406217202876,51.66253884429442,0,8,0,0
801,0,0,2.421421040960636,-1.0739569314615154,16.23237441013784,0.0,3,33.95514074964525,33.4390178570931,0,3,1,0
802,1,0,1.4683935795011305,-1.0441476086915928,18.464122879523753,0.0,3,31.82518134119547,27.23693555884727,0,4,1,0
803,1,1,0.8333788692544234,-0.03005128304870221,10.933411362972114,0.0,3,50.18647699425834,59.625773307309856,0,6,1,0
804,1,0,1.4514574682970798,-0.8679099928227759,14.713719900250242,0.0,3,37.24288040125075,27.768791801210206,0,3,0,0
805,0,0,0.7539462897998034,0.1973244392543813,12.326983903290715,0.0,3,47.29778230736134,52.630392041009,0,4,1,0
806,1,0,1.3572868942378968,-0.12533617484450943,15.015720551351244,0.0,3,48.94784262516545,41.605607201147976,0,5,1,0
807,0,1,1.0031583423911472,0.6321676531699923,7.3379470635001605,0.0,3,60.734694796293105,64.28708958458097,0,4,0,0
808,0,0,0.9767957567327252,0.4688372247476098,12.887053742677205,0.04532184477724738,3,59.478318015898964,52.1373840643778,1,4,1,0
809,0,1,1.2849112606185107,1.2752232390368403,6.031272695498304,1.340583841507053,3,67.81534313689288,76.27339673932978,1,6,0,1
810,0,0,1.1152186666957096,-0.18385251239867573,9.59629674539843,0.0,3,46.23658321771683,50.22307022726645,0,4,0,0
811,1,0,2.0613348434746888,-0.02250422549697981,14.50941645151219,0.0,3,49.95876837050032,42.72189693037919,0,7,1,0
812,0,0,2.2392034850869953,0.7006838310273742,9.114679408399395,0.6288206961297778,3,62.4642274208502,58.9687172535762,1,6,0,0
813,1,0,1.2253760425733953,0.17237026263203414,13.063822112386228,0.0,3,51.28622783625508,48.632577063286625,0,8,1,0
814,0,1,1.084779336913959,-0.9020499464161481,13.233907315171512,0.0,3,36.82237407697798,34.526326825596186,0,5,0,0
815,1,0,0.8561133783433278,0.1304447657255063,14.933553406225222,0.0,3,51.65318410415528,43.4349026387418,0,6,1,0
816,1,0,1.8534656854570175,-0.5798790385223702,12.46829287965652,0.0,3,41.03894379800941,55.15444881872931,0,8,1,0
817,0,1,3.9411889667434696,-0.02654565729924412,8.835539886274912,0.0,3,55.593335160129115,55.820826110060636,0,3,0,0
818,0,1,1.501609808754514,0.7462060187900743,7.210225491371738,0.47569901713157114,3,45.765636890734314,64.60450607724377,1,4,0,0
819,0,1,4.831368502654351,-0.003972280250778302,11.125135777437855,0.0,3,49.774243172232815,60.501426839819985,0,5,1,0
820,1,0,0.9621619232127921,-0.4263279679389441,18.557029120791494,0.0,3,42.44621455651028,25.52175539172596,0,3,1,0
821,1,0,1.8676770477449691,0.9116984521341283,12.707598490188843,0.0,3,94.09875675923729,53.00599698325493,0,9,1,0
822,0,1,1.5872028507833764,-2.4948145365745993,10.761078224065905,0.0,3,15.501258294041522,43.694787096449225,0,6,0,0
823,1,1,0.8975900656015079,-0.1781868902539278,11.71497648903979,0.0,3,44.65483095475472,45.01838915700902,0,3,0,0
824,0,0,0.7311841900747195,-1.9121647210374608,14.588105960745757,0.0,3,21.46370250432792,28.44574167086576,0,3,0,0
825,0,1,1.7275979242470358,1.106427638177928,6.24478638441182,1.0700384742774145,3,66.64278411632952,69.99857626216479,1,4,0,0
826,1,1,1.1458519956820865,0.44809989261044353,12.01160326415069,0.3485539483284268,3,55.645402383232735,57.105402363552066,1,6,1,0
827,0,0,1.922680002909697,-0.7183448869338022,13.710504160034256,0.0,3,39.3530663791549,44.507002782570524,0,3,1,0
828,0,0,3.923457542268162,0.697097245591221,10.890648177358411,0.15250594520438032,3,61.10951183239615,59.29314629357137,1,5,1,0
829,1,1,2.495092237157522,1.047430288570057,12.111665666340633,0.32315210167099195,3,66.17371688934129,55.33013600859827,1,3,1,0
830,0,0,1.0309644842308594,-0.5463424719668484,14.231257119577744,0.0,3,40.1226926320868,46.727668051811925,0,6,1,0
831,0,0,0.9974200592981967,-1.1616276206569343,18.73449652437277,0.0,3,35.592087863983984,29.235887696864424,0,1,1,0
832,1,0,1.6651834652284947,-0.3309314482509691,16.71672623700841,0.0,3,44.76259039153985,33.373320511420474,0,3,1,0
833,0,0,2.3056274160230603,2.2908434262067927,3.230720858612135,2.2066005316613455,3,85.26148690176338,84.52488792516351,1,10,0,1
834,0,0,1.311185150389422,0.3893925712350698,11.223522963326596,0.08099182266010707,3,44.994679158639855,47.5342990073202,1,3,0,0
835,1,0,2.262690783939467,-0.5079293515830196,17.139838619149995,0.0,3,41.21101328463587,28.865538704174206,0,3,1,0
836,0,1,1.3868013520704265,-0.7236695813271993,13.46291369121381,0.0,3,40.11702237392986,48.553175421592115,0,2,1,0
837,0,0,0.606648335414437,-0.3395026549751833,13.186521487054538,0.0,3,39.08128845495993,47.53147118251771,0,7,1,0
838,0,1,1.473153468222237,0.512480568158592,10.123180265733252,0.0,3,100.0,65.96334107364143,0,5,1,0
839,0,1,1.9092000376378635,-0.1407993847671043,12.515019867408254,0.0,3,49.728415727545496,53.074482018119866,0,4,1,0
840,1,0,1.9132151262129984,-1.0210918020607511,16.912760057724984,0.0,3,35.175738561289805,28.735689452252906,0,5,1,0
841,1,1,1.1711521005620913,0.2680068692483966,11.099594680016953,0.0,3,57.83551345562037,58.37933913285723,0,9,1,0
842,1,0,0.412951623832193,1.058365475882506,13.055082786841075,0.11622722659709889,3,67.8431378761969,51.40002436871381,1,5,1,0
843,1,0,0.6993630456594501,-1.45041112595407,16.730957065535033,0.0,3,27.705486879288262,17.70878371420959,0,3,0,0
844,1,0,1.3839209894369644,0.8751658944998629,11.725021464454178,0.7061100882182707,3,63.514117344302875,52.814337706451454,1,9,1,0
845,1,0,1.6416486483587138,0.13025911973155516,15.681436576656665,0.0,3,48.49906052690759,31.570707319385363,0,1,1,0
846,0,0,1.0701163841158512,-0.7540637482223709,12.407542614746623,0.0,3,67.21259066226565,40.27883998781904,0,4,0,0
847,1,0,2.3856694850164084,-0.2523188426886681,17.234254591107103,0.0,3,45.84734005817015,34.56738712624201,0,4,1,0
848,1,0,2.3410221088462193,-1.1727132914206202,18.67464402886575,0.0,3,15.802823746591987,21.191242896041796,0,1,1,0
849,0,1,1.293357822122804,-2.3638244978208527,16.571780585721054,0.0,3,15.215953133195582,35.76860420872076,0,5,1,0
850,0,0,2.866457105447795,-0.4801312445388106,15.61208318361884,0.0,3,41.59296686753304,40.19703712841516,0,1,1,0
851,0,0,0.8391479309559762,1.1135711848903533,11.522971809531105,0.7900997551992461,3,67.92165525715875,62.42413400754039,1,5,1,0
852,0,0,2.3142569026619664,0.6223938414376018,9.969267888790075,0.24440647375557073,3,58.36157612911601,63.14313957111316,1,6,1,0
853,1,1,2.3626707661973776,-1.033398001370472,12.061787352275052,0.0,3,36.28878997998149,41.83244534268069,0,9,0,0
854,1,0,1.1419523230823942,0.030524615256922457,15.965378720660397,0.0,3,49.94397638873399,34.630421000695215,0,5,1,0
855,0,0,2.6817008187478537,0.33447519015937577,13.074415277687006,0.0,3,54.81374093638749,57.93250871549564,0,7,1,0
856,0,0,1.656889442769531,1.6331147365398226,11.64309750594205,1.646574536918079,3,80.11139553488364,62.184708878898796,1,5,1,0
857,0,1,1.4905667341340743,1.1415978966282108,5.378093258557656,0.3504894929717147,3,69.22038101865049,73.09964154365929,1,7,0,0
858,1,1,3.2490316379039523,-0.9542906592691901,16.36115532526928,0.0,3,35.73080423836388,38.762120666831386,0,4,1,0
859,1,1,1.2738113273050158,0.2827230149494806,11.69233290145343,0.0,3,53.423463882829026,58.449718029071526,0,5,1,0
860,0,0,1.3852786212237163,2.092108685246152,10.130877649337057,1.9477796047451439,3,80.85669261932942,63.48477572628612,1,4,1,0
861,0,0,1.384007442890407,-1.774521190762629,19.803711000580634,0.0,3,17.806455238154363,26.47759279930215,0,6,1,0
862,0,0,1.7007363236763402,-0.5229006693550221,14.300268633361387,0.0,3,42.97412112453264,40.03127871841111,0,7,1,0
863,0,1,3.3278720716887835,-0.36600185390281953,11.956764087587178,0.0,3,44.592650729524124,52.284491454955834,0,4,1,0
864,1,0,1.3302839055251703,-0.17274140280251998,11.864434361261083,0.0,3,47.27680841104453,38.09576916895808,0,4,0,0
865,0,0,2.949345257991377,-0.19738147894261,13.135811472876068,0.0,3,46.69453344265549,51.18534386705737,0,7,1,0
866,0,0,1.8770595059001827,-0.5771327720305248,12.882430412403941,0.0,3,35.901407751571824,50.347279278145685,0,6,1,0
867,1,0,2.988478922674753,-1.6436623313164218,16.740086084652173,0.0,3,27.482792222334538,34.8139109407443,0,9,1,0
868,0,0,1.6070523157177121,-0.12327596855265288,12.202607916988562,0.2704050100616129,3,47.17704007958006,59.75106829884456,1,11,1,0
869,1,0,0.8678677497756495,-1.982715980187072,15.958054439744775,0.42589147623306167,3,20.881287200760294,31.02668262797162,1,8,1,0
870,0,0,1.7039956657150714,-1.3836849355014784,13.799709936812787,0.0,3,31.259416092666,42.74212071975593,0,5,1,0
871,0,0,1.9715967880293548,1.299501162998991,11.2697049697537,2.705391423206715,2,70.13352671137085,61.54503702184195,1,4,1,0
872,0,0,0.913247541203674,-0.2035204905782703,14.485979338944693,0.0,3,55.090477781544436,43.17306694230386,0,3,1,0
873,1,1,0.9866797385047764,0.44965869413282344,14.20714575572212,0.0,3,56.44519853507373,47.43720086424335,0,2,1,0
874,0,1,2.9764041267125054,-0.5753188292317629,13.306283828986432,0.0,2,42.81420066141143,52.764264807994394,0,5,1,0
875,1,0,2.040588688487977,0.7952613391327192,12.205377392395135,0.0,3,61.75805507540061,53.41334137374237,0,9,1,0
876,0,1,0.9335538306796152,0.3364590175206393,8.356073404301656,0.7623955867340134,3,55.75496344058266,60.82707793606648,1,4,0,0
877,1,1,1.463567096098867,-0.7016464198781089,11.923578616273915,0.0,3,39.854655674280615,39.23397646272227,0,3,0,0
878,0,1,0.6071581837932916,2.0666765514793273,4.604923314938119,2.3018785867870157,3,81.5568294164843,79.03406954995657,1,4,0,1
879,0,0,2.1033778436786266,-0.5570190685449016,12.408458339235077,0.0,3,41.29223191683077,40.57645979298642,0,7,0,0
880,1,1,1.0412117806349068,1.002245930929997,9.740046299545774,0.04855019570664176,3,64.72014741400805,68.74039799117456,1,6,1,0
881,0,0,5.152204611260265,0.037280856083026524,10.104165924814744,0.0,2,50.61134763408825,49.09986523220809,0,4,0,0
882,0,0,1.6489606864960578,-1.3066648679978197,13.956565277712452,0.0,3,31.978023352514338,48.060450311049486,0,9,1,0
883,0,1,2.8791267200552273,-0.45535800364553,8.70148800977094,0.0,3,44.09613283808438,53.896591833545735,0,4,0,0
884,0,0,1.3595145276858707,-2.6167517070602093,16.80786862202585,0.0,3,10.473735535854745,29.746408628872658,0,8,1,0
885,1,0,1.0811053902658099,-1.1992075000897273,18.215199201710057,0.0,3,33.873958316140076,25.19889679283904,0,4,1,0
886,0,0,1.2971169918873875,1.4774234049567225,8.894972180130864,0.9258207214143989,3,72.90036596181824,55.604164940107054,1,2,0,0
887,1,1,2.3361105495877146,-1.599815794416175,15.497506541174221,0.0,3,26.128339150352414,23.33416223310521,0,3,0,0
888,1,1,1.3506112345592758,0.977754330865491,6.675258249480066,1.0798230881296447,3,66.09993606463239,65.80562155763945,1,7,0,0
889,0,0,4.044309656391155,0.5758213218956961,10.069029884150126,0.0,3,63.4082609281052,50.47066332722117,0,2,0,0
890,1,0,1.6784578399033452,1.216429857092725,8.280616918875495,1.3081059248125895,3,67.24834634163653,60.46071326738113,1,7,0,0
891,0,0,2.850266153591539,0.413135534656027,15.118426798937671,0.0,3,56.69477095257118,44.24480534267125,0,1,1,0
892,1,0,4.287158849394797,0.04094943581850571,17.31427218240749,0.0,3,50.14736192316236,27.251609416650517,0,1,1,0
893,0,1,1.7120159490341726,0.552396608669289,9.419149063504328,0.19508363400327922,3,59.836160486173924,66.4806160483628,1,5,1,0
894,0,0,1.5122216813179776,1.7226339669729605,8.78010935545464,2.6422722173048285,3,76.44433491513196,70.1007450323074,1,6,1,0
895,1,0,1.1980165752094847,0.03274314623462222,16.200145623190174,0.0,3,49.35128195138186,31.911598566908502,0,4,1,0
896,0,0,2.60333206010074,1.464490915955331,7.57687643943018,1.9746808702848004,3,71.99779705411025,65.3885735214655,1,6,0,0
897,0,0,1.160763201257719,-0.25279895101088445,14.126137148915923,0.0,3,43.336323986240636,46.59350963433494,0,5,1,0
898,0,0,1.34009826830968,0.030416203577174734,14.04742709980256,0.0,3,48.79645635178413,43.980403072853875,0,1,1,0
899,1,0,1.148974668888287,-0.0755582986411854,12.674095049214227,0.0,3,43.54916237231534,34.992246551405614,0,2,0,0
900,1,1,1.8938766280311996,-0.8410151138165258,16.093735215549877,0.0,3,37.27234934545325,43.93599736333776,0,7,1,0
901,1,0,1.9826799405850521,1.0881055707519165,13.169008814261048,1.4055102294320116,3,66.06153453372482,47.09367915945312,1,3,1,0
902,1,1,1.4870901457638415,-0.5790961769703409,11.769438497545137,0.0,3,40.72881218236781,44.53424907175477,0,5,0,0
903,1,0,0.8742719269397484,-0.2882897964051005,13.732798868944327,0.04380244507553299,3,45.90816861815775,28.70604540064664,1,3,0,0
904,1,0,1.9331025000239306,1.0658214808187292,14.798231244628715,0.7000314824710118,3,69.92719004658734,43.25272335185493,1,1,1,0
905,1,1,1.0618149536113897,-1.3546415586333496,13.578399273330055,0.0,3,30.575535321976464,35.47547815052518,0,3,0,0
906,1,1,2.8665336723907267,-1.422844510768024,14.365368060614973,0.0,3,28.579507467701116,39.041393815816946,0,7,1,0
907,1,1,1.3353327563584987,0.7940094149899973,7.367349814473411,0.7845708917411108,3,62.79410161289155,61.964187444710554,1,5,0,0
908,1,0,1.5934372859375208,0.30902177930638886,16.175314290519584,0.0,3,56.06180075687443,41.431768515007484,0,4,1,0
909,1,0,0.9777803417372786,-0.3772290095362019,15.524295788125025,0.0,3,43.56803710229907,37.884513930325184,0,4,1,0
910,0,0,1.115045130842637,-0.4591234462848741,12.274665427135076,0.0,3,43.5354746060225,43.59474088066426,0,5,0,0
911,0,0,1.3570426046831594,0.8488884961956775,11.064381494617907,0.0,3,67.37088443992103,61.01777357973117,0,6,1,0
912,1,0,1.0136477442411447,0.3378989829794397,15.18790566103011,0.0,3,55.115523314193794,39.55635817560496,0,3,1,0
913,1,0,0.9558327384411696,0.8922763299157196,13.352816729370186,0.9589836673551533,3,64.2145023685179,48.01723911344442,1,3,1,0
914,0,1,1.110880085993421,-0.4706692180906113,8.078761953456294,0.0,3,100.0,55.0090542292152,0,5,0,0
915,0,0,2.5272749819427536,2.8691065266564784,6.004313021987494,6.80073847056384,2,92.4923181711242,83.7609822327136,1,6,1,1
916,0,0,0.8205905767582395,1.1709056527705188,11.324617685101826,0.6156903178264945,3,66.57511556529826,57.06707209447996,1,3,1,0
917,1,1,3.5188921868182494,-0.3295496555269425,13.694526684800977,0.0,3,48.17145554989165,48.400109838526966,0,6,1,0
918,0,0,4.743070006391935,-0.9508034713945979,12.403909944814089,0.0,3,24.281281847117775,40.36500854740309,0,5,0,0
919,0,0,1.3971883502946485,1.6596462416700255,7.963158536223368,1.2519161267277432,3,78.78234663810038,73.56930071557407,1,8,1,0
920,0,1,3.5064335280978143,1.2340710682622287,5.716366094669637,0.8623675423064947,3,76.80581590536421,69.83904265611248,1,5,0,0
921,0,0,1.4331185325018976,1.1437369330728118,13.561461068480305,0.2868313816456921,3,62.20067636749028,49.694991166744856,1,2,1,0
922,1,0,1.776540887142237,0.814207603195304,14.33470628563803,0.35045623654235236,3,36.66587445780153,45.867651537619466,1,4,1,0
923,0,1,1.8009861804208482,-1.088091364526651,12.057287154436638,0.0,3,33.644600118133134,54.23121711499068,0,6,1,0
924,1,1,0.9700315671728845,1.3117404611005725,8.24847112466556,0.49059267985903704,3,67.01515247068332,58.747955065270176,1,6,0,0
925,1,0,2.4366512017111868,-0.1903184880287853,19.6486614145867,0.0,3,47.600383502918845,24.284321882474845,0,1,1,0
926,0,0,1.3040413830485469,-0.7188248062817126,14.722743210840072,0.0,3,38.59916594425769,44.00529856018296,0,5,1,0
927,0,0,1.6580805617037828,0.1649874160325641,13.191169338012891,0.0,3,52.66008216582279,49.28015269034783,0,3,1,0
928,0,1,1.62453483458428,0.7484368335959628,6.255239036869556,0.0,3,62.45790040618798,67.73942842162649,0,6,0,1
929,0,0,1.970421462255847,-1.3525733006118865,11.39033174174695,0.0,3,29.073378835231175,41.541684248379234,0,5,0,0
930,1,0,2.5350825622905497,0.9739005221138763,10.844987903071985,0.0,3,63.8575443487372,48.13364520362736,0,4,0,0
931,1,1,2.4931215938046463,1.368912133277024,8.47118738080488,1.9651062462223514,3,71.22881714709492,59.19937329953292,1,4,0,0
932,1,1,1.9820218521393715,-0.606483661174707,13.558777010403652,0.01832026104789297,3,42.65005365356909,33.24080894617319,1,2,0,0
933,1,0,1.9171249295374369,0.38730482391395166,14.624781655713587,0.0,3,56.662453508305155,42.93665807249914,0,5,1,0
934,0,0,2.0786646771133848,-0.6795993924217545,14.429055164746828,0.0,3,40.587249987702,42.83144466252404,0,5,1,0
935,1,0,0.9916038853932031,-0.22441181365706867,17.149375698099657,0.0,3,46.08120441863313,34.253429035385516,0,3,1,0
936,0,0,2.5001331801250384,1.4843475565520623,6.514802422205496,1.544172631434532,3,72.0587987761481,68.48499451118376,1,6,0,1
937,0,0,3.7440929364047704,-1.3602740822557546,16.105591980002494,0.0,3,28.229899970276083,36.99772019876769,0,5,1,0
938,1,0,0.5794311812231543,-1.3140681135959122,13.767224552658321,0.0,3,30.281773075080316,28.216941587921973,0,6,0,0
939,0,0,1.1516488713429667,-0.019035678721579564,13.867741750776995,0.0,3,49.79622457467488,51.90000713335019,0,6,1,0
940,1,1,2.472360155947719,-1.320713277661792,12.134359495611438,0.0,3,29.907583994230496,37.01469894668967,0,4,0,0
941,1,1,1.539728216973214,-0.8715131696331396,15.097491565343457,0.0,3,39.94939611653329,37.92838265541405,0,2,1,0
942,1,0,2.4275417107358814,-1.0894038474330923,15.846851369745165,0.0,3,35.04686754682223,32.51114009282566,0,7,1,0
943,1,0,1.1095808350920904,-1.0398699009022487,19.293538759288626,0.0,3,34.627815971317546,24.752596996724865,0,3,1,0
944,1,0,1.3965940839061575,-0.5586897198093701,15.795614152941415,0.2676667315259411,3,43.88815603204128,39.06024547236101,1,7,1,0
945,1,0,2.417176332969048,0.6445100254358879,11.351914273352142,0.0,3,59.73740999887738,56.148067377189484,0,6,1,0
946,0,0,1.3246722027865028,-0.40284271394402343,15.049314557358866,0.0,3,36.93908525723897,39.133876063766046,0,4,1,0
947,0,0,1.5646025013901264,-0.48619376220645844,14.632971900508217,0.0,3,42.122715575145,48.528898051335744,0,6,1,0
948,0,1,0.878023059717288,0.4827880703843873,7.489554397866308,0.15800410711028456,3,55.00475808589607,65.2708239403918,1,5,0,0
949,1,0,1.610693328088801,0.20141955712524615,11.451624488426372,0.0,3,45.26410400959464,42.465182185588084,0,5,0,0
950,0,0,0.9009251953362678,2.1004294994921904,5.339625448846553,2.5415470019069684,3,79.63490086744994,76.59958207130039,1,6,0,1
951,0,0,2.958190140808746,1.028256597255743,7.803978397015029,0.0,3,65.69078027779057,63.40556132489309,0,8,0,0
952,1,0,2.6911912990896356,-0.031941042951581365,12.804836229480276,0.0,3,49.09765961980111,35.478892918049006,0,3,0,0
953,1,0,1.2490184383326375,-1.4176174098062073,14.082990000519056,0.0,3,0.0,31.770947107761742,0,5,0,0
954,1,0,2.6004207981873178,0.224099042656728,12.253477696869645,0.046722340206917234,3,53.70334758837601,41.15503513610368,1,4,0,0
955,0,0,3.719356151323763,1.0927363271284525,11.37462843619396,0.6966896002299715,3,66.77965150193452,56.65734839253721,1,4,1,0
956,0,0,2.430408257737133,-1.8942009898612124,12.794186263418583,0.0,3,21.14934724536215,33.217285889078234,0,6,0,0
957,0,0,1.0730331382016745,0.41547783417926437,9.959118916160767,0.0,3,56.66796798048125,54.175593960972044,0,4,0,0
958,0,0,1.4383501737511744,0.5494564211282115,10.963065032663645,0.0,3,58.53743918580018,58.005231815588694,0,4,1,0
959,0,0,0.8022204065340968,-0.3715088977621311,15.690231412310242,0.0,3,44.21293121471093,41.05636495127015,0,4,1,0
960,1,1,1.4639572994460828,0.36866202583312224,12.119828566753174,0.6600976004051327,3,54.346614082955476,45.70416300338176,1,2,0,0
961,0,0,1.322438721947062,0.7888483549383104,8.129109419473906,0.44170033078699694,3,63.60257575104202,60.482599014478104,1,6,0,0
962,0,1,4.472772914510298,0.0765284529418019,8.900515114377795,0.0,3,52.48001795172777,59.85901661738951,0,6,0,0
963,0,0,0.9091238673904682,2.3278470127694457,7.95533729999891,2.2274194019111104,3,85.3979584733531,72.1016557900101,1,5,1,0
964,0,0,1.401628122903111,0.16860170304903185,12.006740495462525,0.0,3,52.19462115719931,55.827756379991854,0,7,1,0
965,0,0,1.3432508816833097,0.5684561241181877,13.877741957242403,0.0,3,58.90689923023426,50.80852907185339,0,3,1,0
966,0,0,0.77821316095988,0.18312809067426317,10.720989378210337,0.2260769856260727,3,48.396990319206296,63.77535039050135,1,9,1,0
967,0,0,1.3201974995104446,-1.2053009993526274,14.815536619331837,0.0,3,30.5860538967152,40.278053235745986,0,7,1,0
968,1,0,0.509412184100532,0.6004709834620563,14.706839951164909,0.0,3,59.60786007882595,39.621558585591565,0,2,1,0
969,1,1,3.6807266778004313,-0.27047561765801226,13.788642123164903,0.0,3,45.66416212570234,43.62096902505724,0,5,1,0
970,1,0,1.3532316635400359,-0.4524158317415128,11.687043014984685,0.0,3,44.158389194516744,45.35178297326041,0,9,0,0
971,0,0,1.3924297498436293,-0.039606313729410494,13.7892100251415,0.0,3,50.339129219219906,47.344838725700505,0,1,1,0
972,0,0,1.040676652985398,0.4319406349317483,14.668106821872222,0.0,3,56.447401736822364,45.257938703494915,0,4,1,0
973,1,0,2.93143612959407,0.09436974964635617,15.502167604278291,0.0,3,51.50965676501152,42.144010745172004,0,7,1,0
974,0,0,2.168069821009833,-0.4025669180329505,11.071642888197804,0.0,3,44.35891959003106,45.40636479118369,0,5,0,0
975,0,1,1.7351183178850893,0.7519247909476239,8.9591005516742,0.0,3,61.769555916211075,71.81084180804383,0,5,1,0
976,0,0,0.39456338029482096,1.3215122133682222,10.133367730150255,0.9078420830387366,3,67.71685895137202,68.03654809647867,1,4,1,0
977,0,0,1.7494166582911643,-2.1626823143247975,18.65195157055182,0.0,3,14.571162419445068,26.99136127399318,0,4,1,0
978,0,1,4.049985571293484,1.2781790141386775,5.940049000758846,1.1713295187410646,3,69.63755067989011,68.9128086850486,1,3,0,1
979,0,0,2.3789738278573327,0.7684927480309484,12.002996693434177,0.5375108058496805,3,61.656426146043124,55.3015554516101,1,3,1,0
980,1,0,2.647712936790126,-0.08864166644483643,16.735781837042463,0.0,3,48.334029145220384,32.151566376486265,0,2,1,0
981,1,0,3.1474353671353623,0.5676792388348739,13.502649108402663,0.024320942463930073,3,47.26753556023214,44.96600057206224,1,4,1,0
982,1,0,1.4519742751477047,0.28902832265327805,11.472027867307464,0.0,3,53.607938240148535,40.2874371654015,0,5,0,0
983,1,0,2.797345043479769,0.16813514071686406,13.358366250744393,0.0,3,47.84062647862821,48.1490904623877,0,9,1,0
984,1,0,1.8043670132268508,-0.010741718811409043,15.213181436009792,0.0,3,50.00382320670906,37.6655545736109,0,6,1,0
985,1,1,1.5270422717083214,-1.5922934849019714,11.848981674970426,0.0,3,27.407511759245434,40.60604145463934,0,7,0,0
986,1,0,0.859200808758342,1.860343646160356,9.663565276789733,0.7111890539023018,3,84.14117054264848,70.35158137349899,1,8,1,0
987,0,0,1.6690653798155808,-0.045667863721513574,14.819209984789811,0.0,3,48.72436021441959,39.72489693186444,0,1,1,0
988,1,0,1.5751830697623306,-1.0687511510575214,18.593907903631365,0.0,3,35.77793982818478,27.019470845707925,0,4,1,0
989,0,1,1.692052527636641,-0.8747674028770612,12.52726689438468,0.0,3,36.41922906701807,42.47341748826519,0,2,0,0
990,0,0,2.2601142319374006,0.8106932690665448,9.343775550929566,0.09005151814689663,3,62.75706897761519,57.153488621197496,1,5,0,0
991,1,0,1.530363146386444,-0.4261085579219355,12.41473899040876,0.0,3,42.74219574035728,39.195543724931014,0,6,0,0
992,1,0,1.5993535000264596,-0.5565367869630197,16.37310706134515,0.0,3,44.19758825068113,30.565013224840317,0,4,1,0
993,0,0,1.0114797936434703,0.06300153127425935,12.349323993566314,0.0,3,49.578811735344416,54.90460917240357,0,7,1,0
994,0,0,1.281746868866059,0.5490631304832649,13.058601011948863,0.0,3,57.241569570591054,52.197034768924276,0,3,1,0
995,0,0,0.6982290044773173,0.615460470135227,8.713084441689297,0.21627337065663288,3,59.38572096709518,55.70975390111458,1,5,0,0
996,1,0,1.0807105233185101,-1.4725793827183657,14.103111635819348,0.0,3,25.16816640872553,28.588322410550354,0,3,0,0
997,0,0,1.9192385377912902,1.3623250942618472,10.247710650876968,0.6963930240062999,3,68.0117045572408,66.00723981658874,1,6,1,0
998,1,0,1.0026427104076905,1.5507791324834515,12.338867452456018,0.8652331626492763,3,73.02443240478394,53.998357526250295,1,6,1,0
999,0,0,1.9569807351752915,-1.465488766521481,12.411567654719304,0.0,3,28.604614634290233,38.599167923475996,0,7,0,0
