candidate_id,S_ImmigStatus,X_uni,X_code,X_behav,X_ref,X_exp,X_permit,Y_Target
0,1,3,51.83079967416942,51.0879401931415,0,5,0,0
1,1,2,71.06373990641849,54.085216393102954,1,6,0,1
2,0,2,35.73477497031671,0.0,0,4,1,0
3,0,3,24.24732716288139,9.069669741880457,0,4,1,0
4,1,3,19.304520878433525,48.978089085825594,0,10,0,0
5,1,3,37.747635008858815,52.06766612667291,0,7,1,0
6,1,2,37.72479929414551,32.27195726185496,0,7,0,0
7,0,2,52.559978757593996,38.53246017187654,0,9,1,0
8,1,3,45.432031404707026,58.076184676974925,0,5,0,0
9,0,3,31.5215056063837,32.346841031280086,0,5,0,0
10,0,2,46.570860108004744,30.532586073773903,0,6,0,0
11,1,2,41.86839020458801,37.77848643987697,0,7,0,0
12,0,2,55.34622572332769,31.36292058905796,0,3,1,0
13,1,2,54.7864227249356,42.90849726899839,0,6,0,0
14,0,3,55.19096473973312,24.74282022421402,0,1,0,0
15,1,3,50.30569051738438,59.43228303564732,0,5,0,0
16,0,2,46.64971046839026,1.7215282551111923,0,3,0,0
17,0,3,56.13790574072881,21.25180454923971,0,6,1,0
18,0,2,21.658968703665856,7.122407070862315,0,5,1,0
19,0,3,57.2173821385844,39.24233369677968,0,7,0,0
20,0,2,70.0665958222764,19.292272806049745,0,6,0,0
21,1,3,25.465714434996162,42.31956866541155,0,5,0,0
22,0,3,19.586163470525427,0.0,0,3,1,0
23,0,2,0.0,0.0,0,7,1,0
24,0,3,67.51725810813585,36.422297666812945,0,3,0,0
25,0,3,61.60903332494018,15.523233381030412,0,2,1,0
26,1,3,35.00421674348946,54.229279498904106,0,8,1,0
27,0,2,88.73612580107209,50.01523129583752,1,1,1,0
28,0,2,34.01849257716499,2.7448133498229716,0,8,1,0
29,0,3,44.21642622156131,0.0,0,3,1,0
30,0,3,54.31605392294276,12.26903350778386,0,6,0,0
31,0,2,30.145283102043262,13.284383295545238,0,3,1,0
32,0,2,39.48410974129824,23.288233690069262,0,2,1,0
33,0,2,47.627247140445405,0.0,0,0,0,0
34,0,3,38.6899996858677,30.194290620320427,0,4,1,0
35,0,3,51.38626041493575,24.71758418135476,0,3,1,0
36,1,3,35.49213482476499,46.79055160476226,0,4,0,0
37,0,3,71.4840658442674,25.897746278962522,1,6,1,0
38,1,3,84.53160034600305,69.39127708070632,0,7,0,1
39,0,2,27.071712210313514,18.180096729163534,0,6,1,0
40,1,2,67.68347177437896,46.33959742365466,1,2,0,0
41,0,2,79.83432548004754,19.94838505416151,1,4,1,0
42,0,3,30.519868747977796,0.0,0,3,0,0
43,1,1,36.30142348067318,35.10076879003957,0,7,0,1
44,0,3,26.294812499568177,0.0,0,8,0,0
45,1,3,41.47723616644943,33.39349385382424,0,9,0,0
46,1,3,52.53297068514303,54.94020691104073,0,9,0,0
47,0,3,45.6647898440329,25.613099613701234,0,4,0,0
48,0,3,41.93712084005827,24.67853403504047,0,4,1,0
49,0,2,30.886596522010873,12.9339837155789,0,2,1,0
50,0,2,58.56939708291368,30.09606458736944,0,11,1,0
51,1,3,62.78620308802867,46.15028170047427,0,8,0,0
52,1,2,49.28592568183697,50.84855043549289,0,0,0,0
53,0,2,33.32644602064637,13.776034568880881,0,3,1,0
54,0,2,43.22011560114237,0.0,0,2,0,0
55,1,1,63.10147325044826,50.81915725080155,1,5,0,0
56,1,3,88.91969384641052,58.15411226126748,0,4,0,0
57,0,3,47.96355277503671,20.379700748799152,0,10,1,0
58,0,2,48.49845622434195,30.812235735161416,0,5,1,0
59,1,3,60.88660162551645,49.807602633977865,0,5,0,1
60,0,3,31.10650777872271,3.1760990721997313,0,3,1,0
61,0,3,41.688592660344824,5.4425608019687415,0,5,1,0
62,1,3,47.99839092891648,59.22904100893189,0,5,0,1
63,0,3,49.031326477653764,11.11757310840426,0,6,1,0
64,0,3,29.987738111583866,13.656825077914737,0,4,1,0
65,0,2,51.83423516215289,16.742894837595376,0,7,0,0
66,0,1,40.6603856913281,20.780157285193983,0,3,1,0
67,0,3,61.68867522350521,44.536500201252565,0,8,1,0
68,1,2,54.03053424015515,38.34257414241378,0,3,0,0
69,0,3,38.72826406780433,23.608746896005474,0,3,1,0
70,0,3,25.31481200925003,0.0,0,7,1,0
71,0,2,76.75626340587361,28.391546404397285,1,5,1,0
72,1,3,63.31684809308369,69.70569531648306,0,6,0,1
73,0,1,70.11101170321591,27.581611095729556,1,5,0,0
74,0,2,38.51728540880946,41.00137175090049,0,11,1,0
75,0,3,46.12569841864118,4.943626318079833,0,8,1,0
76,0,2,67.2372550541145,42.30599448815144,1,4,0,0
77,0,1,72.00246181298523,47.72349770944561,1,5,1,1
78,0,3,70.47047980826056,19.616290496335974,1,3,0,0
79,0,3,44.48683535438023,17.035761776048282,0,2,1,0
80,1,2,34.28976073633523,52.83201596141333,0,6,0,0
81,1,1,19.477348142815906,41.22937778067433,0,4,1,0
82,0,1,47.963312889522214,27.635472143647146,0,5,1,0
83,0,3,54.41966904395881,48.90292400152351,0,9,1,0
84,0,2,63.56017233711134,30.07531471616032,1,7,1,0
85,0,3,23.574541316137957,7.3891659563855026,0,4,1,0
86,0,2,58.73671474707821,41.77734306000798,0,3,1,0
87,1,2,41.1630183846936,51.88762104499542,0,4,0,0
88,0,2,39.38116316054316,32.66444230899988,0,11,1,0
89,0,3,52.90395870440178,1.512248799067752,0,3,1,0
90,1,3,29.400336529053387,39.821868356598806,0,3,0,0
91,0,3,12.814554176547665,0.0,0,3,1,0
92,1,3,79.51973259757634,81.75810555574992,1,4,0,1
93,0,3,62.02205767637693,43.15733267867296,0,6,1,0
94,1,3,47.51794866626031,34.11671805065196,0,2,1,0
95,0,2,60.72767274247586,40.932884200660965,1,6,1,0
96,0,3,34.019772649518,5.609116085629762,0,8,1,0
97,1,2,68.06838247714651,67.68500918159552,1,4,0,0
98,0,2,47.56004005620441,26.65283310278772,0,3,1,0
99,1,2,32.841466230334426,40.0120774530005,0,3,0,0
100,1,3,53.28027813679995,60.990747743590774,0,4,0,1
101,1,2,60.910737962460544,44.4415666552814,0,3,0,0
102,0,2,21.12295379185967,0.0,0,5,1,0
103,0,2,71.3266187847195,31.68333459640749,1,5,1,0
104,1,3,54.56115334534795,46.402689447476966,0,7,0,0
105,0,1,32.69614633343607,0.0,0,2,0,0
106,0,2,46.95331414156476,8.095258918270934,0,5,1,0
107,0,3,70.81740875836766,45.95010526703551,0,6,1,0
108,0,2,72.58072890729596,41.79346541704468,1,3,0,0
109,1,3,90.49536741991224,66.78250627542752,1,6,0,1
110,1,3,49.997428804321615,49.04591897164669,0,2,0,0
111,0,3,78.76015722179034,35.23695930172035,0,8,0,0
112,0,2,50.56863713045262,3.077253547757284,0,2,0,0
113,0,1,48.23231306294044,9.772685756686862,0,5,1,0
114,0,2,78.24530970548498,22.96876679457983,1,7,1,0
115,1,1,17.36966758615561,34.82725565899788,0,5,0,0
116,1,3,42.89368204376999,40.4432735189446,0,7,0,0
117,0,2,23.646960617913056,0.0,0,5,1,0
118,0,2,66.5092896837745,45.703126687143396,1,6,0,0
119,0,3,76.22561132344421,19.597014585696837,0,4,1,0
120,1,3,49.14468038690555,63.848123709002074,0,5,0,0
121,0,2,66.04734657410955,45.0632840971721,1,6,0,1
122,0,2,39.42712297673878,22.229836820893887,0,5,1,0
123,0,3,54.66832616164053,17.992386722134157,0,2,1,0
124,0,2,40.82524124878189,24.079598872361885,0,4,1,0
125,1,2,62.53196345820209,55.48288397703962,0,7,1,0
126,0,2,42.378903436723185,12.436289240217121,0,9,1,0
127,1,3,47.317085132497624,46.41242159944529,0,5,0,0
128,1,3,33.91927384414188,45.144773782298024,0,3,0,0
129,0,3,31.318318760407823,0.0,0,4,1,0
130,1,3,73.87655271106091,71.65657535617599,0,3,0,0
131,0,2,37.801081584660835,23.875061745236046,0,5,1,0
132,1,3,43.50616735273598,40.315728840620785,0,8,0,0
133,0,2,52.44042532799764,28.586302633149245,0,4,1,0
134,1,3,58.29826016085232,48.49400584277042,0,7,0,0
135,0,2,56.60774874318828,23.735950795140074,0,9,0,0
136,1,3,59.14162513708188,71.09057707808053,0,7,0,1
137,1,3,59.42828015036745,33.76785143391832,0,0,0,0
138,0,2,25.025792919297846,0.0,0,5,1,0
139,1,2,58.96931234030941,46.025205397337785,0,8,0,0
140,0,2,64.59947163870106,54.84522494218636,0,12,1,0
141,1,2,40.287652737114904,38.51983639259269,0,7,0,0
142,0,3,56.38575048310649,17.76306457976672,1,0,1,0
143,0,2,37.38881022803639,28.370159692531285,0,8,0,0
144,0,3,71.15953653536317,37.87707906903949,1,3,0,0
145,0,3,37.2334200357963,30.96703198752386,0,10,1,0
146,0,3,60.256224716707955,12.252943921952635,0,4,1,0
147,0,2,80.4188969906478,65.78626818325701,1,13,1,0
148,1,2,76.06898513140919,53.56686631606144,1,2,1,0
149,1,2,65.6649365915572,55.68709640011099,1,6,0,1
150,1,3,26.360555812947187,38.360067990572816,0,3,0,0
151,0,1,70.42966573313214,28.17047549043924,1,5,1,0
152,0,2,67.07334038731598,15.220808703422922,1,3,0,0
153,1,3,68.42020563070275,79.08661061144787,0,5,0,1
154,0,2,41.010882591967246,27.774727362743484,0,6,1,0
155,1,3,43.581243427579345,53.773709018826004,0,2,0,0
156,0,3,53.490113927302474,12.158297484309136,0,1,1,0
157,0,2,58.949170001844884,17.24514554285642,0,8,1,0
158,0,3,57.28563247972446,32.001983585787514,0,8,1,0
159,1,3,54.91102738666994,62.07796060747908,0,5,0,1
160,0,2,29.584433620561484,15.153391865285762,0,4,1,0
161,0,3,43.51072628454685,7.353758706964685,0,7,0,0
162,0,2,66.37599446977141,37.74335090129245,1,4,1,0
163,0,3,57.226879225006535,27.328742656986975,0,3,1,0
164,0,3,93.66684165613435,6.627674449371492,0,6,1,0
165,0,3,64.2792673447649,19.4114710991221,0,6,1,0
166,0,2,64.83529708610688,27.515000439602915,0,8,1,0
167,0,3,36.86938115408786,24.761802372421762,0,7,1,0
168,0,2,51.880786423436945,14.850125680036573,0,6,1,0
169,1,3,73.14414715734388,55.140654632601205,0,5,0,0
170,0,3,51.5879027745101,9.032983112777353,0,4,1,0
171,0,3,18.61183325712307,18.658023680117626,0,5,0,0
172,1,3,30.947361939427378,55.36950198782396,0,8,1,0
173,1,2,100.0,36.72900998746017,0,6,0,1
174,1,3,62.359020089587915,43.27895533878586,0,3,0,0
175,1,3,48.17913089594713,40.743013417847706,0,7,0,0
176,0,3,68.14480200568572,26.624896132296502,0,5,1,0
177,0,3,35.999199605603536,20.428943672911217,0,4,1,0
178,0,3,78.36575212450552,30.71032414716721,0,6,1,0
179,0,2,40.381902967897545,1.8378659537619253,0,5,0,0
180,1,3,31.70971596274041,32.032992861759055,0,6,0,0
181,0,3,68.2065469516717,24.641242029080985,0,6,1,0
182,0,1,54.55734664244432,43.77340049626676,0,11,1,0
183,0,2,62.89472840553023,23.830399289647605,0,6,1,0
184,0,3,0.0,46.84943032120717,0,6,0,0
185,0,2,77.12138046090685,32.58165681570612,1,5,0,0
186,0,3,33.88175146269915,0.0,0,4,1,0
187,0,2,42.26277942859914,4.5019466445525165,0,3,1,0
188,0,3,61.264941444185204,45.89984261524599,1,4,0,0
189,0,3,40.93477847709471,5.219091672221021,0,5,0,0
190,0,3,76.49413580091404,26.27637444192127,1,4,1,0
191,0,2,40.70355872081383,0.2790151468531431,0,4,1,0
192,0,2,43.08301237650466,27.791318397543844,0,5,0,0
193,1,3,50.89001288637492,58.704052676723265,0,3,0,0
194,0,2,30.51919229789598,0.0,0,3,1,0
195,0,1,50.28350659581847,11.534586027402316,0,6,0,0
196,0,2,100.0,6.839498609855523,0,6,1,0
197,0,1,25.12359919692374,8.498221140126926,0,9,1,0
198,1,3,27.9796127215205,25.274962521606355,0,6,0,0
199,0,2,56.90780669987524,10.556419663196502,0,4,1,0
200,0,1,46.513191625013796,7.077407850538201,0,5,1,0
201,0,1,59.725186999346455,35.659879059785574,1,7,1,0
202,1,2,61.43312344013816,62.223751202524795,0,4,0,0
203,1,2,54.42141298431404,62.37089683126802,0,5,0,1
204,1,3,61.16646653495177,66.39115037886971,0,3,0,0
205,0,3,47.67836244370112,30.290047917558383,0,7,1,0
206,1,3,49.641163466190896,49.291098463361976,0,3,0,0
207,1,1,48.1213439786024,51.72115156727148,0,2,0,0
208,0,3,40.51317303095353,31.929980135584014,0,6,0,0
209,0,3,42.15558914667452,24.13207571883019,0,3,1,0
210,0,3,47.33827681092741,12.127698306617345,0,7,1,0
211,0,2,52.59136655586292,32.655590718068815,0,6,1,0
212,0,3,39.40760606261365,22.28560363117554,0,4,1,0
213,1,3,29.280341437837077,46.784324940078086,0,5,0,0
214,0,2,54.18030734575247,44.93924444983357,0,6,0,0
215,0,2,52.609304022720565,18.669152519455203,0,5,1,0
216,0,3,36.78770891292078,19.93800888189266,0,6,1,0
217,0,3,44.85509004376195,9.140272690379613,0,6,0,0
218,1,3,46.95013248744024,41.71077644938224,0,7,0,0
219,1,3,65.86797667109313,63.320794573740294,0,1,0,0
220,0,3,57.83466957629891,6.4841052827448395,0,3,1,0
221,1,3,40.76563765730266,54.87123206615621,0,6,0,0
222,0,2,53.96665858712411,25.84320692001332,0,1,0,0
223,0,2,60.269735830420224,15.639584317621791,1,4,0,0
224,0,3,49.505569052365395,6.562577783494704,0,3,1,0
225,0,3,37.927905487125756,28.680415005497284,0,6,1,0
226,0,3,58.15238176724677,39.841977887046895,0,7,0,0
227,0,3,52.16923206920771,3.837721474341083,0,1,0,0
228,0,3,0.0,0.0,0,4,1,0
229,0,3,66.12728866901949,14.137841319403467,0,1,0,0
230,0,2,55.41199098995491,31.02617342890052,0,3,1,0
231,1,3,51.90041914887262,59.13139127466928,0,6,0,0
232,0,3,49.00344007941824,33.48985574423626,0,6,1,0
233,0,2,62.16811340199387,35.59764179946086,0,5,1,0
234,0,3,18.70862163135532,5.155395314309638,0,4,1,0
235,0,3,29.090497592412163,15.739784589801115,0,4,1,0
236,0,1,61.5163801548026,22.23899342814678,1,6,1,0
237,0,3,33.16114738149045,20.501060301076325,0,6,0,0
238,0,3,32.18818144377328,0.0,0,4,1,0
239,0,2,47.970785419401516,25.579766499327135,0,4,1,0
240,0,1,39.93387623200699,6.302084645979029,0,2,1,0
241,0,3,76.18774391703397,41.56040752696245,1,9,1,0
242,0,3,33.93853913679054,11.160292532820781,0,1,1,0
243,0,2,54.244930835868274,34.69150040205554,0,4,1,0
244,0,2,90.3796330873935,4.828530287203909,0,9,1,0
245,0,2,51.31147314914689,0.0,0,2,1,0
246,0,3,44.939220451703534,0.11878030620456692,0,3,1,0
247,0,3,46.563190015057614,31.403552889466255,0,6,1,0
248,1,3,39.468205331684125,32.77560354554161,0,3,0,0
249,1,3,20.476105038363183,25.115847477391707,0,1,0,0
250,0,2,54.288447280972896,32.55114161660104,0,6,0,0
251,1,3,82.83090917856826,88.8071147252284,1,7,0,1
252,0,2,65.29549557819071,48.986492135848174,1,7,1,0
253,0,3,48.74223484379128,1.7885339918262775,0,1,0,0
254,0,2,26.165782546329492,0.0,0,4,1,0
255,0,3,58.07723407873773,32.255937468362916,0,3,1,0
256,0,3,39.72859097756768,9.069640563284828,0,7,1,0
257,0,2,55.9552379497434,4.816418367746204,0,3,0,0
258,0,2,29.984189243213674,30.371853137250813,0,7,1,0
259,0,3,63.21370336094945,32.27206195239466,0,6,1,0
260,1,3,43.59551607235635,41.12582786643466,0,6,0,0
261,0,3,58.197959465704464,35.998705376183736,0,8,1,0
262,1,2,54.01651005278553,65.25140296363266,0,8,0,0
263,0,2,56.89088708817972,37.7824154495526,0,8,1,0
264,0,3,43.21459768962669,7.384931004275215,0,3,1,0
265,1,3,60.866565368593626,40.28959365861592,0,2,0,0
266,0,2,58.84932266498513,34.21617341079077,0,4,1,0
267,1,2,64.83459695478028,65.26276465835215,0,3,0,0
268,1,3,72.83171793869636,57.54723453348932,0,4,0,0
269,0,3,51.35371933041853,34.1026162328455,0,3,1,0
270,0,2,41.087030930556665,29.92942819337828,0,9,0,0
271,1,2,78.52058468412869,53.38814434270593,0,4,0,0
272,1,3,18.256676977127018,31.706337619915736,0,6,0,0
273,0,2,53.53415313763184,32.95811340114796,0,5,1,0
274,0,2,42.70119834190129,27.18566732073504,0,6,1,0
275,1,3,25.3219199766362,23.281390189924053,0,8,0,0
276,1,2,65.15611327274563,73.86029827545663,1,7,0,1
277,0,3,45.367055513575345,36.811233491351324,0,9,1,0
278,0,3,53.343239421734474,16.84893982371426,0,5,0,0
279,0,2,45.51559481631441,31.06798049739911,0,6,1,0
280,0,3,46.192138365961796,23.642958849911274,0,3,0,0
281,0,3,72.72889072658498,38.7172058726674,0,2,1,0
282,0,2,25.78294517381358,0.0,0,2,1,0
283,0,3,24.301996425524223,18.642930333840756,0,10,1,0
284,0,3,60.45242164749061,23.726799639621145,0,2,0,0
285,1,3,36.96140096994241,31.788329673818904,0,9,0,0
286,0,3,61.48295445775469,43.08813788468565,0,6,1,0
287,0,3,26.53584129099385,6.002688502369743,0,2,1,0
288,0,3,60.6064591931013,37.00109098384379,0,4,1,0
289,0,3,46.62228505355308,7.890232587924942,0,5,1,0
290,0,2,45.52588996001001,34.60530727772787,0,6,1,0
291,1,2,24.160782919516603,38.97942059168118,0,6,0,0
292,0,3,29.151082441353065,20.215501225458098,0,7,0,0
293,0,3,30.33127421612856,0.0448656516427679,0,4,1,0
294,0,2,40.74241093548393,13.789881271016075,0,4,1,0
295,0,2,45.723855988212954,0.12902174930453103,0,2,1,0
296,1,3,11.882351074252792,35.48057983528427,0,6,0,0
297,1,3,41.79874533651652,55.143090350860625,0,4,0,1
298,0,3,50.93080631259718,3.8777470753501193,0,4,1,0
299,0,2,38.54591114525663,38.80105470184766,0,5,1,0
300,1,3,65.64301539093945,47.90133781426242,0,4,0,0
301,0,2,61.14212536406921,31.544722112846863,0,2,1,0
302,0,3,82.10263189543441,28.698981007494165,1,4,1,0
303,1,2,73.77860860688108,49.80253470255728,1,2,0,1
304,0,3,42.8811672816821,11.139341185152977,0,3,1,0
305,0,3,60.592228912691056,32.416200836937726,0,3,1,0
306,1,3,60.47232053988097,66.72453723089833,0,6,0,0
307,1,2,32.21326993276968,39.26463675044886,0,9,0,0
308,0,3,43.15886660265637,24.369563842437767,0,2,0,0
309,0,2,45.28266714370934,23.495571165935864,0,4,0,0
310,0,3,44.56284288000662,22.65463471652073,0,2,1,0
311,0,3,68.71340483283772,47.23228561177384,0,4,0,0
312,0,2,26.232964422035824,0.0,0,3,0,0
313,0,3,12.304086477842922,0.0,0,2,1,0
314,0,1,28.44561499133251,0.0,0,3,1,0
315,0,2,40.1854463115954,3.835691723205492,0,6,0,0
316,0,2,44.75950356584673,9.521250771827061,0,3,1,0
317,0,3,75.71216721150452,45.750541880798714,1,3,1,0
318,1,3,39.604108767409464,24.125776152931813,0,1,0,0
319,1,2,75.54175886026889,55.05018816130561,1,4,0,1
320,0,3,38.70357129613074,32.554113025570295,0,9,1,0
321,1,2,47.17843280386,58.66566652610332,0,4,1,0
322,0,3,20.899449468596405,10.405153784696457,0,2,1,0
323,0,2,71.51964424222416,35.522390757244494,1,3,0,1
324,1,3,67.66916413530343,55.7218826608492,1,4,0,0
325,0,3,41.600818518136094,2.9050947999881247,0,4,1,0
326,0,2,56.97763741512387,15.626481093719656,0,6,1,0
327,1,3,40.482218626152736,70.48957863014626,0,9,0,0
328,0,2,48.450004330025045,31.870368520637022,0,5,0,0
329,0,2,59.76483366382528,15.922747903738863,0,4,1,0
330,0,2,28.050644734220413,0.0,0,7,1,0
331,0,3,51.13905386388491,18.76850396275841,0,8,0,0
332,0,2,48.3324072267748,7.504887192688582,0,4,1,0
333,0,2,52.41700940474134,38.33774844935725,0,8,0,0
334,0,2,48.38758095989131,23.43772140278973,0,10,1,0
335,0,3,55.435364675005715,35.819052098586795,0,6,0,0
336,0,2,49.05927103085151,38.65236193225858,0,8,1,0
337,0,3,32.32211745000857,0.0,0,4,1,0
338,0,2,49.02516554186395,11.698088084076591,0,4,1,0
339,0,2,53.25406183967186,7.8434208477282805,0,1,1,0
340,0,2,61.26743145337401,33.393132227115984,0,3,1,0
341,0,3,69.44278041089979,45.03845092171809,0,7,0,1
342,0,2,61.535358839015906,12.670400132373757,0,6,1,0
343,0,3,61.63025847748504,30.26824880816027,0,2,1,0
344,0,2,50.109152721586746,25.426286273612615,0,3,1,0
345,1,3,43.36752938230748,41.49808983328197,0,6,0,0
346,0,3,0.0,6.291070130167732,0,4,1,0
347,1,2,0.0,55.346322600344564,1,7,0,0
348,0,2,54.510047804075406,13.31641558835506,0,5,1,0
349,1,3,34.26662513227063,40.279565417647625,0,4,0,0
350,0,2,48.41292530639054,1.9698548778720149,0,3,1,0
351,0,2,38.250372989191966,0.0,0,5,1,0
352,0,3,52.42904486427358,15.252999380189298,0,10,1,0
353,0,3,51.49296253084426,35.040130313030126,0,4,0,0
354,0,1,63.59929850753643,19.612300359811613,1,6,1,0
355,0,2,78.26156167720941,38.74765769537255,1,1,0,0
356,1,1,57.11251863382703,68.2118565368227,0,6,0,1
357,1,2,63.11516503032986,72.30974009610289,0,8,0,1
358,0,3,49.391537051201986,10.44108336855163,0,5,0,0
359,0,3,46.53047644533645,0.0,0,0,1,0
360,0,3,58.94439507025007,32.34283381569647,0,3,0,0
361,0,2,31.19131789487484,15.67535683031629,0,5,1,0
362,0,2,55.966630368346124,13.57330830411192,0,7,1,0
363,0,2,49.6298508394032,0.0,0,2,1,0
364,0,3,40.714128842232384,25.301327758109483,0,5,0,0
365,0,3,46.082175785694616,31.1496516344791,0,7,1,0
366,0,3,65.06569554828846,42.993049817448075,0,9,1,0
367,1,3,50.81224438430557,40.01115128203506,0,5,0,0
368,0,3,27.414002505592695,12.427140181539638,0,5,0,0
369,0,3,42.384281171982565,3.9456623860420805,0,5,1,0
370,1,2,17.961594515886,12.351390392733423,0,3,0,0
371,0,2,56.22535696473425,7.763991020796782,0,7,1,0
372,0,2,56.39578340987054,2.325096227284746,0,5,1,0
373,0,3,45.275081160962884,4.157293160755883,0,5,1,0
374,0,3,51.721131357981406,13.793442872347956,0,2,1,0
375,1,3,70.29041378585616,41.369898428819404,0,1,0,0
376,1,2,26.20932033379805,50.23097109705722,0,5,0,0
377,1,3,36.80598591077312,26.459496008341674,0,5,1,0
378,0,3,31.015628818262524,0.0,0,2,1,0
379,0,2,33.88767378132261,18.065953255987313,0,3,0,0
380,0,3,46.34950979197131,24.688148456476338,0,7,0,0
381,0,1,43.32847480397395,39.264101031746726,0,7,1,0
382,1,3,75.15856361717336,66.74748377196362,1,10,0,0
383,0,2,37.786445212754124,19.753569198532794,0,6,1,0
384,0,2,43.20535064641153,10.207365248331378,0,5,1,0
385,1,3,32.777446040808265,59.26624191172571,0,8,0,0
386,0,2,34.16278511753848,4.129816172197606,0,6,1,0
387,1,3,46.64232797859819,44.33288463192152,0,5,0,0
388,0,1,52.56438291485541,24.22317576255763,0,2,1,0
389,1,2,13.7302627687686,34.01112925164999,0,3,0,0
390,0,2,51.82007644291763,28.38135233577162,0,5,1,0
391,0,2,37.338824300571105,13.752002186445571,0,12,1,0
392,1,3,47.73174735846844,38.601765406126326,0,5,0,0
393,0,3,15.450543743336475,0.0,0,3,1,0
394,0,2,95.20756553504938,65.02729362132666,1,8,0,1
395,1,3,93.25909171259065,56.79478780091558,0,6,1,0
396,0,1,62.897313340748944,20.294451216310286,1,5,1,0
397,0,3,42.51680268527864,27.749788424150736,0,8,1,0
398,0,3,63.868722676590416,19.835472406593436,0,5,0,0
399,1,3,49.12793978665598,35.0288843558436,0,5,0,0
400,0,3,46.8033556231116,31.91418866744062,0,5,1,0
401,0,3,42.195107198046045,29.404948722871126,0,7,1,0
402,1,3,49.342782273943044,56.582119997293745,0,3,0,0
403,0,3,56.95298787959502,54.72792189718939,0,12,1,0
404,0,2,59.449037587786776,13.662460566784919,0,4,1,0
405,0,2,31.55141390273159,19.00083992139309,0,5,1,0
406,0,2,72.01049998039552,45.459693153491855,1,7,1,0
407,0,3,62.24826680702378,17.473488577798715,0,6,1,0
408,0,3,39.344800690058605,5.127303862398881,0,4,1,0
409,1,2,55.80162877086951,36.81113049641346,0,3,0,0
410,0,2,67.24835059135195,40.24357593410728,1,4,1,0
411,0,2,41.266672859094705,6.385021729466326,0,4,1,0
412,0,3,44.35717367328052,40.061281743250525,0,7,0,0
413,0,2,54.112702509396065,28.296774053147857,0,5,1,0
414,1,2,75.48993032047441,78.4384867862251,1,6,0,1
415,1,3,38.49500196210991,34.47172989312878,0,7,0,0
416,0,3,22.10599312652383,15.880418490853817,0,7,0,0
417,1,3,29.346811992468606,32.56236886286613,0,7,0,0
418,0,3,45.232141447271204,4.5167404025414335,0,4,0,0
419,1,3,43.73401315631481,63.7535982619906,0,9,0,0
420,0,2,48.14762723882847,10.925864306982053,0,8,1,0
421,0,2,60.840585275638055,30.971505669395103,1,3,1,0
422,1,2,42.97951448533361,29.820544853654265,0,2,0,0
423,0,3,69.45027451068253,41.454729064457894,0,8,1,0
424,0,3,78.61609185974035,22.50967812165493,0,11,1,0
425,0,3,59.57835120881559,37.896564223930575,0,4,1,0
426,1,2,40.683571935623064,38.70426406533591,0,9,0,0
427,0,3,43.117518969567314,0.0,0,5,0,0
428,0,3,37.697078218091946,5.833565318748273,0,8,0,0
429,1,3,49.78349084212952,64.4187568077141,0,5,0,0
430,1,3,56.44398059028219,71.15990786029825,0,9,0,0
431,0,2,45.595327725296244,11.949132481128688,0,4,1,0
432,0,2,41.20916690905804,22.348729111911886,0,5,0,0
433,0,3,45.52883365351693,24.9236255315572,0,6,1,0
434,0,2,52.802008210609756,31.555192816787976,0,7,1,0
435,0,3,32.41318637393533,5.554321906377895,0,9,1,0
436,1,3,37.28941354177201,50.576031673331954,0,3,0,0
437,0,3,45.13317093855984,17.326841191411738,1,3,1,0
438,0,3,78.74133306801144,24.251198747370328,1,3,1,0
439,0,2,19.358576837166616,16.997502315923214,0,5,1,0
440,1,3,54.19955387233631,51.46285551416362,0,5,0,0
441,0,3,63.23802515836925,37.28994223714629,0,2,1,0
442,0,3,11.784792271305188,0.0,0,3,1,0
443,0,3,48.48140131503837,10.377960490537832,0,6,1,0
444,0,3,38.03671277293949,0.0,0,3,0,0
445,0,2,55.43437971165192,37.150527981228414,0,6,1,0
446,0,2,50.228794087739104,23.921736173443243,0,6,1,0
447,1,2,48.39046746482511,56.75145173038285,0,5,0,1
448,0,3,41.206249137078615,23.962518950059824,0,6,1,0
449,0,3,31.733671890423473,0.0,0,2,1,0
450,0,3,36.77728502159344,0.0,0,2,1,0
451,0,3,33.165986501028044,18.801921103905237,0,5,1,0
452,0,3,42.74139757097405,11.972977928049659,0,7,1,0
453,0,3,40.288843780192465,24.04185115282885,0,4,1,0
454,1,2,57.319294786321166,60.02022437819047,0,2,0,0
455,1,2,48.19873594260044,54.3470953006409,0,5,0,0
456,1,3,34.954279164744044,55.00194169875094,0,7,0,0
457,0,3,90.25713596645778,38.16977580134448,1,6,1,1
458,0,2,43.265776821180225,8.397170500560048,0,6,1,0
459,0,3,45.91034360730188,22.14959754948817,0,3,1,0
460,0,3,76.41109314701403,27.823433094884482,1,4,1,0
461,0,3,26.70447624126878,0.0,0,4,1,0
462,0,3,59.91762748089004,12.484383722503708,0,3,1,0
463,0,2,0.0,1.7691192289323432,0,6,1,0
464,0,3,27.136635194638654,28.476724585866368,0,6,1,0
465,1,2,52.36819457006539,63.47897602777656,0,6,0,0
466,0,3,49.73431925766189,29.91318381763717,0,3,0,0
467,1,3,77.95067131428205,81.68762543948574,0,7,0,0
468,0,3,39.30562355770423,0.0,0,5,1,0
469,0,3,77.05851890675538,52.80024433720867,1,7,1,0
470,1,3,30.41973270383919,54.498633424849714,0,10,0,0
471,1,3,57.81709051194803,38.82458779445403,0,3,0,0
472,1,3,48.218638285867854,50.000782375765475,0,4,0,0
473,1,3,64.30453732611903,51.38741139380948,0,7,0,0
474,1,3,23.69338831469608,26.03850670874116,0,7,0,0
475,0,1,40.42006748408803,25.233870937721612,0,5,1,0
476,0,3,40.27556282973299,0.0,0,3,1,0
477,0,2,51.458607103333634,39.09664342842204,0,7,1,0
478,0,3,70.00710266006443,29.904700260976607,0,6,1,0
479,0,2,48.411317067238684,5.171238246333344,0,4,1,0
480,0,2,66.93014419000323,28.942324739688043,1,8,1,0
481,0,3,34.09145683123265,0.0,0,1,1,0
482,1,3,61.658790890099816,40.24479370418654,0,2,0,0
483,0,2,57.60874199072587,44.59019496071878,0,8,0,0
484,1,2,33.60325113910966,46.46745673725147,0,1,0,0
485,1,3,42.21170535814297,34.580408210102796,0,5,0,0
486,0,2,25.710953602299902,16.534547048883688,0,8,1,0
487,0,3,44.287630308271815,10.163832990964911,0,2,1,0
488,0,3,52.77415888328366,15.622140895133008,0,7,1,0
489,0,2,44.48756676580116,6.200077557975661,0,4,1,0
490,0,3,0.0,26.221624192191236,0,4,1,0
491,0,3,51.91746016623018,30.479879115150695,0,5,0,0
492,0,2,51.16683547469083,7.979153530777071,0,4,1,0
493,1,2,8.196246760593208,15.897714714105804,0,8,0,0
494,1,3,26.62762959583846,31.10382777208991,0,8,0,0
495,0,3,24.829165827168556,13.487732837588638,0,5,1,0
496,1,2,37.604911816416184,35.5255920447636,0,7,0,0
497,0,3,78.00933334706843,52.53648605691494,0,7,0,0
498,0,3,52.51937631775744,31.41325453211741,0,5,0,0
499,0,2,53.36102800736992,25.034994735948278,0,5,0,0
500,1,2,46.97371041795255,62.17152918599145,0,6,0,1
501,0,3,51.39000778555132,24.742726733728652,0,4,1,0
502,0,3,67.53397637305379,41.3021934236222,0,4,1,0
503,0,3,39.48601986712801,19.8517390474686,0,7,1,0
504,0,3,32.20185380490228,32.228125466309265,0,12,1,0
505,0,3,43.721508145391454,28.994383323558054,0,4,1,0
506,0,3,28.994664507954496,4.765724781359956,0,7,1,0
507,0,3,64.50176083559423,23.44478229677467,0,6,1,0
508,0,3,62.9340730323389,35.135935526457175,0,2,1,0
509,0,3,75.98789164318703,29.87158722827539,0,7,1,0
510,0,3,33.181735296939955,0.0,0,4,0,0
511,0,3,51.181161919189435,39.581950683091634,0,10,0,0
512,0,3,65.11306852016482,21.51181970924398,0,6,1,0
513,0,2,70.60843247960491,21.364710341702185,1,4,0,0
514,0,3,31.280725368319892,0.0,0,4,1,0
515,1,3,31.94496391337315,44.8318905075448,0,4,0,0
516,0,3,66.5304930026582,45.11465977495542,0,6,1,0
517,0,3,49.86880144670866,30.96307942154039,0,2,1,0
518,0,2,50.44846766000073,26.418262436207076,0,7,1,0
519,0,3,79.2961368843685,40.8736052075375,0,5,0,1
520,1,3,47.41185678586401,59.8966127573418,0,7,0,0
521,0,3,62.12021063958656,54.61631432606923,0,13,1,0
522,0,3,45.15846895172076,32.35321157493099,0,6,1,0
523,1,2,53.059914402761386,69.94812021222293,0,7,0,0
524,0,2,50.623435126870405,14.326782215686759,0,5,1,0
525,0,3,22.09418803050298,0.0,0,5,1,0
526,0,2,76.23664682885625,41.859069793276454,1,7,1,0
527,0,3,62.494169101089796,38.354729038325516,0,4,1,0
528,0,2,50.06088478323719,31.378835662184347,0,6,1,0
529,0,2,59.19764865788782,16.111739756184704,0,5,0,0
530,1,3,41.45219606616679,64.90417721461057,0,8,0,0
531,1,2,51.79979709190471,62.83208276976309,0,5,0,0
532,0,3,65.33605756819816,51.538176837915834,1,10,0,0
533,1,3,34.425758574228354,51.56488637203523,0,8,0,0
534,1,3,52.71025639878057,58.22988427284976,0,4,0,0
535,0,2,21.652183557870018,12.885607608141745,0,5,1,0
536,0,3,59.28361921851888,31.461400924047027,0,2,1,0
537,1,3,56.287081930810025,63.189553367859396,0,4,1,0
538,0,3,40.77401261144726,0.7981019989757758,0,5,1,0
539,0,3,74.1093739489835,48.67837558882962,1,4,1,0
540,1,2,17.41118967872945,15.31239087547577,0,5,0,0
541,0,2,48.8734129749734,11.1173099971867,0,6,1,0
542,0,2,25.155946516262446,0.0,0,2,0,0
543,1,2,54.42908109343818,62.859181547045104,0,6,1,0
544,0,3,67.4620269070173,21.331717998583166,1,4,1,0
545,0,3,72.03999979355042,45.53886681390007,0,1,0,0
546,1,3,57.73319942781188,38.69745995382074,0,4,0,0
547,1,2,64.83310363281655,51.6854769675767,1,5,0,1
548,0,2,35.11435711525565,22.81471909618339,0,6,1,0
549,1,2,43.08585692828788,31.386424475464885,0,7,0,0
550,0,3,69.37023178951996,41.45770369523139,0,4,1,0
551,0,3,29.685139482299363,0.0,0,4,0,0
552,0,3,48.041091829900836,0.0,0,2,0,0
553,0,3,71.40907671008718,43.595283010637665,0,3,1,0
554,0,3,39.658119105474775,1.8672028462978825,0,5,1,0
555,0,1,46.904758003577435,23.833496525010396,0,4,1,0
556,0,3,55.28685530860283,14.844753173440754,0,6,1,0
557,0,3,46.54461929713184,3.6012967925185375,0,5,0,0
558,0,3,50.89988075091271,32.3809801309294,0,6,1,0
559,0,3,35.268375725775456,23.006693442348574,0,8,1,0
560,0,2,51.72214171508253,42.89916776774283,0,9,1,0
561,1,3,75.57023726410948,64.90059989537987,0,10,0,1
562,1,3,70.21895967668254,80.98565818273843,1,9,0,1
563,0,2,40.666700626505516,4.0142535073946455,0,6,1,0
564,0,1,57.82327614917391,32.5891041830705,1,4,1,0
565,0,3,33.53719597462342,13.543018238921139,0,4,1,0
566,0,3,50.62787017576359,26.751058648808346,0,2,1,0
567,1,2,43.29787253572736,30.726263180902393,0,3,0,0
568,0,1,39.2833925602902,4.3350807055247635,0,6,1,0
569,0,3,41.45969809227359,0.9315252888141794,0,2,0,0
570,0,2,56.4005590926711,10.169155086454992,0,5,1,0
571,1,3,77.62334856019204,81.85649299739495,1,5,0,1
572,0,2,71.56927563423918,28.46112236490142,0,3,1,0
573,1,3,30.1154171257034,46.6494364429874,0,4,0,0
574,0,3,52.76385489702713,13.790573049468769,0,8,1,0
575,0,1,32.129493713599594,0.0,0,2,1,0
576,0,3,48.42374587119227,6.77942865530348,0,4,1,0
577,1,3,51.33114032321103,51.80064542539193,0,10,0,1
578,1,2,41.049591235154224,61.65931271866121,0,7,0,1
579,0,1,58.60978299847642,14.775192288306457,0,4,1,0
580,0,3,62.14183363592581,36.396764637564665,0,4,1,0
581,1,3,42.124756038685376,62.99728397593907,0,2,1,0
582,0,2,49.0717544489984,10.32157935150871,0,7,1,0
583,0,2,27.68578152568931,26.535249379343036,0,4,0,0
584,1,3,44.297424972633955,55.99459844126899,0,5,0,0
585,0,2,76.22758317707853,30.46191850559541,1,5,1,0
586,0,3,50.797663079555434,36.742921478311494,0,4,1,0
587,0,3,48.7871685918334,7.949517974834313,0,4,0,0
588,0,3,36.08618549292124,5.548243566272483,0,6,1,0
589,1,3,47.92670223234003,60.11098136749447,0,6,0,0
590,0,2,34.12154591281376,4.483241007810738,0,5,1,0
591,1,3,41.39807754776446,50.61088853050631,0,7,0,0
592,0,3,28.804381335469994,0.0,0,3,0,0
593,0,3,61.99683497688243,19.4054094203266,0,9,1,0
594,0,3,63.949821608612375,31.366818687336632,0,2,0,0
595,0,3,52.19843019478451,32.931461708111804,0,7,1,0
596,0,1,54.021867975805435,3.1534174509218076,0,3,0,0
597,0,3,64.89405090400844,26.88467774247994,0,8,0,0
598,0,3,62.59504780632668,40.909462960956134,0,7,1,0
599,1,2,65.1625434248542,69.59820524612546,1,5,0,1
600,0,2,91.97010439948437,52.59499647689441,1,3,1,0
601,0,3,34.300773706657345,5.333283696295433,0,7,1,0
602,1,2,49.00729983244021,63.35767972314305,0,2,1,0
603,0,2,77.36161166811364,30.297549837314712,1,6,0,0
604,0,2,57.39759389641639,33.038717877622084,0,7,0,0
605,0,3,51.98790869816368,11.227551129502084,0,5,1,0
606,1,2,39.96422405341632,56.860585591549466,0,5,0,0
607,0,2,64.50946872482774,21.815712097298295,1,5,0,0
608,0,3,73.93133796602983,50.95755451257779,0,9,1,0
609,0,3,49.607159497128215,27.52916254758542,0,4,0,0
610,0,2,46.85357412779181,37.77439024067818,0,8,0,0
611,0,2,61.8355728420379,32.533022231327585,1,2,1,0
612,0,3,24.023416357636712,33.281143037624226,0,7,1,0
613,1,3,30.296443290358944,51.8722832360374,0,8,0,0
614,0,3,13.457280309964533,0.0,0,5,1,0
615,1,3,31.26183215688126,45.34584424521265,0,4,0,0
616,1,2,55.42984030451449,52.98410766241007,0,10,0,0
617,1,3,24.02189332577216,38.849854979426475,0,4,0,0
618,1,3,62.63378110538865,44.497843322172095,0,5,0,0
619,0,2,42.03725600506332,0.5484653118854128,0,3,0,0
620,0,2,59.77193871737227,14.056912625388845,0,3,1,0
621,0,3,62.388943985137864,9.194522409650919,0,2,0,0
622,1,1,46.522838686529695,33.212902350130285,0,4,0,0
623,1,3,52.57780632534191,37.682872704619605,0,4,0,0
624,0,3,34.56212959274644,0.0,0,4,1,0
625,0,3,37.21862870231202,15.273206656115367,0,4,1,0
626,0,3,50.332035312823656,25.551937844940177,0,8,1,0
627,0,2,35.078217551543645,15.158973668004682,0,3,1,0
628,0,2,50.28545332124552,7.674491173386364,0,4,1,0
629,1,2,24.751759850713324,30.51160969087059,0,8,0,0
630,0,2,56.04734854108523,37.72946614904263,1,6,1,0
631,0,2,50.17452548328298,13.76459627933226,0,6,1,0
632,0,3,48.34083217752676,18.82155348125641,0,2,0,0
633,0,2,62.97005170718668,7.9826233310487025,0,3,0,0
634,0,3,66.9461897483348,0.0,0,2,1,0
635,0,2,18.609564195659214,5.817504977490588,0,3,0,0
636,0,2,66.84778161751478,47.461124461369394,1,5,0,0
637,0,3,35.116996890358976,2.275807097112992,0,6,1,0
638,1,2,47.502178768933405,54.89123701250754,0,3,0,0
639,0,3,53.039284542989435,30.220418225201872,0,4,1,0
640,1,3,54.18697826704119,44.749192701641434,0,5,1,0
641,0,2,27.73543317820004,0.0,0,5,1,0
642,0,2,80.97858356141212,36.659840839562015,1,3,0,0
643,0,2,24.200843817007684,0.0,0,8,1,0
644,0,2,47.24420688586123,0.0,0,4,1,0
645,0,3,93.96122904923257,30.383864290779286,0,9,0,0
646,1,2,45.32269949976168,49.047766342655436,0,8,0,0
647,0,3,74.4148771038551,46.42862637030271,0,5,1,0
648,1,3,67.49848302789077,75.44872152009881,0,7,0,1
649,0,2,75.57737884446604,28.26057458621365,1,5,0,0
650,0,2,69.0653513842059,42.98288527403635,1,4,1,0
651,0,1,72.24310544570542,49.39515958627011,1,6,1,0
652,0,3,19.30476599900101,21.606287936753244,0,10,1,0
653,0,2,57.291898884678425,6.388237557569537,0,2,0,0
654,0,3,70.52976389639907,16.55017132677135,0,7,0,0
655,0,3,3.163369609848325,0.0,0,2,0,0
656,0,2,73.25447016662258,24.511605739728104,1,5,1,0
657,1,3,52.8328536312405,62.55271204353059,0,3,0,0
658,0,3,59.816963955901706,31.007411187283257,0,3,1,0
659,0,3,42.44471043124589,17.383504867592897,0,3,0,0
660,0,3,64.24926218986198,48.244048435854396,0,9,0,0
661,0,1,34.81164490296744,23.259726652248037,0,5,1,0
662,1,3,100.0,78.06054432733916,1,5,0,1
663,0,2,44.744833672372145,12.291397043307486,0,5,1,0
664,0,3,56.529246401264345,14.118158623021731,0,6,1,0
665,0,3,28.993691895755056,15.997567754668083,0,3,0,0
666,0,2,77.55934212427336,25.0854397649606,1,2,1,0
667,0,3,70.68403648618668,37.978514245810864,0,5,0,0
668,0,3,54.648410895621915,36.12530394051359,0,5,1,0
669,0,3,43.608190125218144,36.09544065824296,0,9,1,0
670,0,3,64.17803279604631,16.324426571225523,0,6,1,0
671,1,3,41.726234995264264,47.132932443767146,0,2,0,0
672,0,3,50.53354890492999,4.641044363311724,0,4,0,0
673,0,3,52.324930563017546,15.270171577486504,0,6,1,0
674,1,3,52.248200897163294,65.15000669780754,0,6,0,0
675,0,1,38.54780386894234,1.2566401735767179,0,5,1,0
676,0,1,49.5376034546598,23.383072972340322,0,1,1,0
677,0,3,65.74586223957303,36.974507904926675,0,7,0,0
678,0,3,63.92851161243871,36.31991276372227,0,4,1,0
679,0,2,18.743531156354024,0.0,0,8,1,0
680,0,3,54.97076549799956,5.926468726820092,0,1,1,0
681,1,2,63.48124068604173,41.70241499282845,0,4,0,0
682,0,2,50.77120887240421,28.743848517223782,0,4,1,0
683,0,3,76.14905653594272,30.96767199336305,1,8,1,0
684,0,3,55.88530600574894,36.0969666125663,0,6,1,0
685,0,3,59.3146064999938,31.542485819940822,0,3,0,0
686,0,3,52.084343011642915,36.92961289198102,0,10,1,0
687,1,3,42.777307747508075,68.91992687906638,0,8,1,0
688,0,3,49.903091248168685,5.052253820426551,0,3,1,0
689,1,3,66.00893218632237,73.81949028812542,0,7,0,1
690,1,3,41.714854459709755,62.77273279374298,0,8,0,0
691,0,2,46.962596880080035,33.46924246414945,0,7,0,0
692,1,3,29.534046985543984,26.530572313424763,0,7,0,0
693,0,3,35.40250037419617,18.262357205105967,0,5,1,0
694,0,1,53.09685146559413,11.79292958068353,0,3,1,0
695,0,3,58.29984736194182,18.638331959300587,0,8,1,0
696,1,1,30.43033832996161,61.04383191368359,0,9,0,0
697,1,2,56.6772025625706,56.18082074962495,0,5,0,1
698,1,2,56.1343901142327,36.86451605949956,0,3,0,0
699,0,2,83.7044638420355,24.59347280831941,1,3,0,0
700,1,3,32.23746946890106,38.97040379259149,0,0,0,0
701,0,2,23.40809924820231,18.07897445200113,0,6,0,0
702,0,2,38.890252238250625,20.87176126362753,0,2,0,0
703,1,2,48.17871312433357,60.2418961297612,0,5,0,0
704,0,3,61.15488512664578,12.635727357089824,0,3,1,0
705,0,2,59.5570631166616,17.300939394654055,0,7,1,0
706,0,3,56.77560126729839,18.10091959115543,0,5,1,0
707,1,2,50.18176355783918,40.71770821108073,0,2,0,0
708,1,3,82.87426746696514,62.82145952724325,0,5,0,0
709,0,1,43.14088986651184,19.912462835605005,0,2,1,0
710,1,3,41.12807748895902,33.71980289839907,0,5,0,0
711,0,3,15.804887866789215,6.351362608285745,0,6,1,0
712,0,2,51.83500587501869,43.43795203290065,0,8,1,0
713,1,2,55.96252505715591,50.65815048876581,0,8,0,0
714,0,2,63.678451016491856,37.10153827175775,1,4,1,0
715,0,3,52.24308306894296,5.8858584162422645,0,4,1,0
716,0,3,92.18769768563558,50.76394754740357,1,4,1,0
717,1,3,65.7844115585512,71.37685056790443,0,6,0,1
718,1,3,11.574658451747938,36.38776785992125,0,5,0,0
719,1,3,41.817382213542864,54.101318434694726,0,5,0,0
720,0,3,61.67053703052068,31.089079888634185,0,4,0,0
721,0,3,47.39208369533946,12.41837918160348,0,9,1,0
722,1,2,56.27520892913278,84.09717793416705,0,9,1,0
723,0,2,36.93335392740119,21.204091315908567,0,4,0,0
724,0,3,41.26411822860187,25.188831882262384,0,5,1,0
725,0,2,61.803330266285016,41.097270509327736,1,5,1,0
726,1,3,41.44467776541154,52.39368356688687,0,4,0,1
727,0,3,50.49873583800196,32.614255483733636,0,6,1,0
728,1,3,51.46837878604729,60.109293450450615,0,5,1,0
729,1,2,17.493450208962678,36.848534270445455,0,5,0,0
730,0,3,18.16742726245442,7.563786509572517,0,3,1,0
731,0,3,43.02351763206353,39.65464180003076,0,9,1,0
732,1,3,36.42058156978504,57.70788576787062,0,6,0,0
733,0,3,52.10040308735598,34.69685088325889,0,6,0,0
734,0,3,31.74342797909093,24.202465489299986,0,9,1,0
735,0,3,40.34314356150301,25.580794985891654,0,4,1,0
736,0,2,43.22876666326564,6.687411211328974,0,5,1,0
737,0,2,52.52794981335688,24.370743908497143,0,9,1,0
738,0,3,62.820138395302926,43.72806810545641,0,5,0,0
739,0,2,53.00969061759885,7.0659661238918705,0,3,1,0
740,0,1,59.2748033533193,34.02041599802534,1,6,1,0
741,1,3,33.91476244348272,45.44930854511869,0,2,0,0
742,0,3,65.96694587585014,37.731244356574926,0,3,1,0
743,0,3,38.25028713815822,5.191992437406829,0,6,0,0
744,0,3,19.379136229609912,12.038903081195942,0,6,0,0
745,0,3,56.01151949794485,10.63392042414635,0,7,0,0
746,0,2,47.44117860420316,12.783922169563294,0,4,1,0
747,0,3,35.016632867969484,23.971466146869837,0,6,1,0
748,0,3,26.18627488783933,14.013339090211947,0,4,1,0
749,0,2,40.278083547567334,21.684302992065305,0,5,1,0
750,1,2,47.974887195092926,57.11089019704941,0,4,0,0
751,1,2,44.64530758894505,31.71899847613312,0,4,0,0
752,0,2,55.83512646762761,23.43923100273628,0,7,1,0
753,0,3,57.66245191871969,39.39627960353624,0,5,1,0
754,0,3,47.020223280789814,10.936217714855948,0,8,1,0
755,0,2,45.57129551715984,5.296173215996791,0,4,1,0
756,1,2,39.92837622635286,46.7714103483164,0,11,0,0
757,1,2,35.08252525932694,51.45686814350107,0,6,0,0
758,0,3,51.999488829410794,26.796424856617236,0,7,1,0
759,1,2,33.8953047326021,44.04495498525658,0,10,0,0
760,0,2,69.72435166021016,36.14939911252972,1,1,0,0
761,0,3,52.72957693474389,28.66346752645362,0,4,0,0
762,0,3,53.49407517812543,4.599921861834757,0,2,1,0
763,0,3,75.36958391294965,42.04406797832012,0,3,1,0
764,1,2,45.2894058997372,44.25723594797681,0,3,0,0
765,1,2,43.89963855067268,53.19782038384431,0,5,0,0
766,0,3,51.102404584628395,33.662988470081885,0,7,0,0
767,0,2,45.69971109930146,27.037171694744032,0,3,1,0
768,0,3,74.33263497897966,44.61554516601062,1,4,0,0
769,1,3,56.561712027948495,64.91281931269975,0,5,0,1
770,1,2,36.04061785546305,30.737802060899654,0,6,0,0
771,0,2,20.928748326331,8.772118054691997,0,5,1,0
772,0,2,61.581011151163565,41.20208596539075,0,7,1,0
773,0,2,41.43958473138166,4.434073199319693,0,6,0,0
774,1,2,53.1230262246141,55.05467199290136,0,9,0,0
775,0,2,39.38646617582216,0.0,0,5,1,0
776,0,1,55.727245602361634,11.514253103359188,0,8,1,0
777,1,3,58.73403812897929,65.42619044947212,0,3,0,1
778,0,3,45.09086605044761,10.436588569357331,0,6,1,0
779,0,2,74.99397122622219,45.04436187753973,1,4,1,0
780,1,3,68.8703252412965,48.209610362750304,0,3,0,0
781,0,3,34.52013215164875,3.402338466700842,0,3,1,0
782,0,2,36.572067725668546,3.141669085121987,0,4,1,0
783,0,3,73.69018429469651,17.243145130145958,1,4,1,0
784,0,2,55.24259763791771,40.23242144809251,0,6,1,0
785,0,3,60.62343104180449,27.222908054490308,0,2,1,0
786,0,3,39.51360619564559,10.57743142906672,0,7,1,0
787,0,3,57.476754890550964,18.626487664444966,0,6,1,0
788,1,2,51.960535905173565,30.329943797174487,0,1,0,0
789,0,3,82.94784429706608,48.388008891562265,0,6,1,0
790,0,3,83.66570741226236,35.87200100044788,0,4,1,0
791,0,3,20.04984937371688,0.0,0,3,1,0
792,0,2,75.9738613948522,48.569249417334774,1,7,1,0
793,1,3,79.40822866571868,69.26998872922083,1,1,0,1
794,0,2,57.2843592571904,27.0014553371088,0,10,1,0
795,0,3,65.24353084076962,14.403385544057592,0,5,1,0
796,1,2,45.47626932924135,63.32150405952441,0,7,0,1
797,1,2,70.42875849977057,59.14116759033973,1,4,0,0
798,0,3,67.32333805018337,40.74915548633894,0,3,1,0
799,1,3,33.36448472821651,50.125802344327894,0,6,0,0
800,1,3,78.34037307893955,75.8827726165186,1,3,0,1
801,0,3,63.68654042195945,37.88917587769499,0,4,1,0
802,1,2,44.13516025429752,31.899869742609294,0,6,1,0
803,0,2,37.91514361235245,2.0333062636143753,0,6,1,0
804,0,3,33.534513545143135,0.0,0,3,1,0
805,0,2,54.13685259425408,28.868404277946535,0,3,1,0
806,0,3,100.0,17.94402358278897,0,2,1,0
807,0,3,30.992737324707452,19.170217890845205,0,3,1,0
808,0,2,56.92285865271635,20.02197332364922,0,3,1,0
809,1,3,35.05628179477529,40.216075927970536,0,6,1,0
810,0,2,59.66068871600054,41.79875149809525,0,8,1,0
811,1,3,43.73616064434031,37.052812040018594,0,2,0,0
812,0,3,62.428578633202505,36.45831833770787,0,9,1,0
813,1,3,51.158120847650814,41.00009361064547,0,5,0,0
814,0,3,54.53610929907016,49.58325182417961,0,8,0,1
815,0,3,59.733597796977755,9.156829081112106,0,2,1,0
816,1,2,56.61449965381154,35.556823117396334,0,3,0,0
817,0,3,65.37611344199557,33.35115876079946,0,1,1,0
818,1,2,35.25345431026591,49.743146951246366,0,6,0,0
819,0,2,58.160617671624244,37.579459964728784,0,5,1,0
820,0,2,57.60934420555365,8.874946963236296,0,2,1,0
821,1,2,76.24845790292792,51.56072072866409,1,4,0,0
822,1,3,64.7668651617977,66.46126825181592,0,3,0,0
823,0,3,30.009770985579124,0.0,0,6,1,0
824,1,3,69.71941890108012,86.80114823831265,0,10,0,1
825,0,3,44.62510001110524,23.629949463233057,0,3,1,0
826,0,1,56.605785556146614,15.09442912554019,0,7,1,0
827,0,3,33.31277494976705,15.781485735415812,0,6,1,0
828,1,2,18.639031496603188,35.40142667527239,0,4,0,0
829,1,3,65.67754958708399,45.28964903420102,0,3,0,0
830,0,2,46.73192869490889,37.041392566160624,0,8,1,0
831,1,3,38.65549756999725,42.853372488173925,0,2,0,0
832,1,2,36.77704982690178,33.61014435473198,0,7,0,0
833,0,3,34.73901254354417,17.980314524934485,0,3,1,0
834,0,3,48.749688701432866,31.739019196739065,0,5,1,0
835,0,2,45.71353186155997,1.2412724620999045,0,2,1,0
836,1,3,42.59141655458713,48.935163131645325,0,2,1,0
837,1,2,43.4376930718986,56.67356004185015,0,5,0,0
838,1,3,31.625763389151267,42.97878919984671,0,3,0,0
839,1,3,31.238839278570655,42.950683486086824,0,2,0,0
840,1,3,29.04966878236564,28.512514275224937,0,7,0,0
841,0,3,48.974530759113016,11.421320167738523,0,3,0,0
842,0,2,67.8663163129591,0.4738266688048588,0,4,0,0
843,1,2,44.79731530864796,41.54464184542232,0,10,0,0
844,0,2,43.12195888333276,3.1243907870741623,0,2,1,0
845,0,2,57.09333226990711,19.632363455665857,0,5,1,0
846,1,2,62.93591834088165,70.82836897927744,0,6,0,1
847,0,3,39.58849423233354,0.22376851033178707,0,4,0,0
848,0,3,80.38884494780851,21.619341615117634,1,5,0,0
849,0,3,42.920868266220594,31.267980428719984,0,6,0,0
850,0,3,49.91648720602231,35.07656309339855,0,4,1,0
851,0,3,54.5469675354007,33.92775510909326,0,4,1,0
852,0,2,0.0,24.21882011938808,0,4,1,0
853,0,3,37.468899665820906,3.9401509615077543,0,4,0,0
854,0,1,43.600946021264264,4.023981969576007,0,4,1,0
855,0,3,60.42185159222739,26.987860602128166,0,7,0,0
856,1,3,46.378692283738225,52.53060252648338,0,3,0,1
857,1,3,15.90900349993904,30.386357988469946,0,2,0,0
858,0,3,54.609383470882456,7.622641872558072,0,4,0,0
859,0,3,66.41337318241759,21.97340286045486,0,3,1,0
860,0,3,22.55467174058992,0.0,0,0,1,0
861,0,3,70.72588127800046,44.407408494212625,0,5,1,0
862,0,2,53.091828354652556,24.019004880473187,0,3,1,0
863,0,2,57.345515172909074,33.98673016142357,0,5,1,0
864,0,2,12.887132954315673,0.0,0,2,1,0
865,0,1,51.84058554588849,26.397330406205697,0,5,1,0
866,0,3,65.74276853392476,38.50786129335102,0,4,1,0
867,0,3,43.696258328139876,5.618553789655385,0,3,1,0
868,0,3,55.42641830028842,33.568996242407636,0,6,1,0
869,1,2,70.57928787228755,51.99880848556445,1,6,0,0
870,0,2,45.78080341846834,23.252027687844187,0,7,1,0
871,0,3,79.67114372744344,52.03072234528473,1,7,1,0
872,0,2,41.85244531852884,29.227282121951017,0,6,0,0
873,1,3,46.44696870019467,34.789789943380654,0,4,0,0
874,0,3,69.7438525476441,59.00112796792499,0,8,0,0
875,0,2,62.20729102326524,12.849454305791992,0,3,1,0
876,0,1,42.862761678439156,31.452230759514382,0,6,1,0
877,1,3,72.67231523756473,59.31914883366106,0,5,0,0
878,0,2,47.943221849057885,20.79778750305129,0,3,1,0
879,1,2,46.11746291821555,53.523515827856684,0,3,0,0
880,0,3,35.03534889171432,0.0,0,2,1,0
881,0,2,50.60229928749735,37.8473841036274,0,10,1,0
882,0,3,59.89810536424623,46.21542673020618,0,9,1,0
883,1,3,67.35065727485585,72.17293812293873,0,5,0,1
884,1,3,39.96856074558008,57.651697271452655,0,8,0,0
885,1,1,50.335041155516215,34.25793881924495,0,2,0,0
886,1,3,40.08726307485325,51.76749201398563,0,5,1,0
887,0,3,46.476591353989406,4.159563221750721,0,5,0,0
888,0,3,40.57049010920022,9.231418484966653,0,9,1,0
889,0,2,54.149090118009376,25.16025156086489,0,1,1,0
890,0,3,36.131100895914344,3.87458206120607,0,7,1,0
891,0,3,49.01101670035185,29.809362041011262,0,5,0,0
892,0,1,45.934303892692625,0.0,0,6,1,0
893,1,2,54.97905871896835,60.799464470901825,0,4,0,0
894,0,2,27.832501319922045,18.596224605698573,0,5,1,0
895,0,3,65.04316903235305,17.169722504599804,0,2,0,0
896,0,2,42.658743474291626,28.726960749430038,0,7,1,0
897,0,3,51.160584991344344,37.61885953554639,0,9,0,0
898,0,3,53.031261924597665,35.70828050394722,0,7,1,0
899,0,2,66.41134710367066,22.608624129313753,1,5,1,0
900,0,2,26.996497612373506,0.0,0,2,1,0
901,0,3,37.25733772942544,5.838619012097959,0,7,1,0
902,0,2,39.7903141015328,16.727698620352466,0,4,0,0
903,0,3,67.84091177258756,21.844188542951176,1,7,1,0
904,1,1,26.607950627251544,26.472479972167257,0,5,0,0
905,0,3,67.06690201345386,30.89635634366574,0,8,1,0
906,1,3,67.90076593414557,46.380743379128376,0,3,0,0
907,0,2,54.902760934673054,7.935891979569879,0,4,0,0
908,0,2,32.303160050467184,4.685830806463612,0,7,1,0
909,0,2,52.603860094127015,5.850352975132681,0,4,1,0
910,0,3,46.536653966811514,28.456080272472274,0,8,1,0
911,1,3,54.56575985858496,48.33911630569014,0,2,0,0
912,0,2,62.16921876171275,18.349307734251767,0,4,1,0
913,0,2,69.43244985654066,20.186891603353125,1,6,0,0
914,1,3,34.699201277105765,50.74085236898798,0,4,0,0
915,0,3,39.99024954946209,26.39062083362871,0,4,1,0
916,0,2,43.70933017858832,26.688700223848823,0,7,1,0
917,0,2,46.33810840595239,0.0,0,2,1,0
918,1,2,39.57603743762951,50.45290373006496,0,3,0,0
919,0,3,55.44521584677851,31.208403607303723,0,5,1,0
920,0,3,41.63863515868635,17.263257075763946,0,4,1,0
921,0,2,28.176358779425208,20.157963998836838,0,7,0,0
922,1,2,44.63377224690495,44.476052845111234,0,9,0,0
923,1,2,66.64744883933257,68.94612653729355,1,5,0,1
924,1,3,57.951728164437526,42.31447588450437,0,4,0,0
925,0,3,59.32735543544353,11.14711134765761,0,3,1,0
926,1,3,59.10072193999184,65.97910326681932,0,5,0,0
927,1,3,53.056635988653866,63.03881324996539,0,8,0,0
928,0,2,41.44042602508203,23.295954539147928,0,4,1,0
929,1,3,40.52806855919094,59.475129815448575,0,6,0,0
930,0,2,79.69592943681475,27.77615136616942,1,4,1,0
931,0,1,54.88175957809872,25.467109583468567,1,7,1,0
932,0,1,66.62141152430154,16.386980725390625,1,2,1,0
933,0,2,47.94181277758316,6.509937826946753,0,5,1,0
934,1,3,24.505823306085443,43.540393344480975,0,4,0,0
935,0,3,60.10320559004547,10.498455537742256,0,3,1,0
936,0,3,32.216854733530674,17.754525769917127,0,6,0,0
937,0,2,49.664415623370004,31.16682471051359,0,6,1,0
938,0,3,48.864734765110626,0.0,0,5,1,0
939,0,3,55.54810240284977,32.04442678020269,0,3,0,0
940,1,2,22.14514063961245,21.173478684111927,0,5,0,0
941,0,2,44.545451565050215,6.538974948249506,0,5,0,0
942,0,3,31.896184885904326,1.6900537065435657,0,5,1,0
943,0,1,62.1146318857081,10.808710880855568,1,3,0,0
944,1,2,65.87489441931109,49.359720277432174,1,5,0,0
945,0,3,51.87000399335717,27.41300572106259,0,6,1,0
946,0,3,48.08137093945003,28.70868127185026,0,4,1,0
947,0,3,61.89296743572714,30.115453564203108,0,5,1,0
948,0,3,53.24377171249017,33.42507836722552,0,4,1,0
949,1,3,55.67047454959001,45.28683106620502,0,5,0,0
950,0,3,61.024402244888705,17.04735474687414,0,3,0,0
951,0,3,38.96608829299848,32.428631806559515,0,4,1,0
952,1,3,44.883290700510834,39.91040707341269,0,8,1,0
953,0,2,65.23970732786023,25.149331411896895,1,5,1,0
954,1,3,48.92795194381946,41.95081188949333,0,7,0,0
955,0,2,42.8695946627457,28.78241425619376,0,8,1,0
956,1,3,66.67834012004492,68.5151999709529,0,4,0,1
957,0,3,56.25082359149678,37.868380292756136,0,3,1,0
958,0,2,51.83517121687099,33.04816342292326,0,5,1,0
959,0,3,17.762237441366153,11.157240748345775,0,6,0,0
960,0,3,59.19458547449931,14.153811754654628,0,4,1,0
961,0,2,24.253712200324816,15.549703728867541,0,6,1,0
962,0,3,56.27157569869358,26.57169828817362,0,6,1,0
963,0,1,40.06707575222543,18.059757073318014,0,3,1,0
964,0,2,77.12992136842959,51.83706656544089,1,6,1,1
965,0,3,94.19174908218363,56.091008350277356,1,4,1,0
966,0,3,61.89712576163852,37.351458290645425,0,3,0,0
967,0,2,30.082735414725573,19.171305672056732,0,5,0,0
968,0,3,29.24878743583418,18.808014837484134,0,6,0,0
969,0,1,59.70544750008097,17.117313602920138,1,6,1,0
970,0,2,77.96091795435832,20.154078004066232,1,4,0,0
971,0,3,63.68833361607538,29.458434483973967,0,1,0,0
972,0,3,51.313500243701114,32.081611657866716,0,6,0,0
973,0,3,76.27858461693346,14.676844925302053,0,6,1,0
974,1,3,58.99750769797101,59.672688932107526,0,6,0,1
975,0,2,35.023623482564396,17.1881525204647,0,3,1,0
976,0,3,78.32375245239243,57.188943469868526,0,10,0,0
977,0,2,42.133800970787185,28.950451798993427,0,9,0,0
978,0,2,66.7944176776864,34.96385963460644,0,4,1,0
979,0,3,34.886099789139585,17.193430413568525,0,4,1,0
980,1,3,81.98529098901807,69.86973577687483,1,9,0,0
981,0,3,39.48924211722074,15.843042543196724,0,11,1,0
982,0,3,52.2557455850358,15.903240257098755,0,5,1,0
983,0,3,67.59817625553126,26.918446008711797,0,6,1,0
984,1,3,83.86652000518043,44.199541405012695,0,5,0,0
985,1,1,44.76429462929218,39.70033155210765,0,9,0,0
986,0,2,56.24968147899533,10.577544336182534,0,6,0,0
987,0,2,24.636105387100177,5.475898427180193,0,2,0,0
988,0,1,55.31235283826717,9.386218687050784,0,4,1,0
989,1,3,71.91006522590715,75.66150177968635,0,4,0,1
990,1,3,61.143753274230875,65.24129362641361,0,5,0,0
991,1,3,66.72609824309396,45.76685414145517,0,1,0,0
992,0,2,39.10392080948193,4.242032667842305,0,5,0,0
993,0,2,56.779489311208245,35.63355265656225,0,7,1,0
994,1,3,53.27698510170121,71.03779813944965,0,8,0,0
995,0,3,77.66778036271349,40.96961920346804,1,4,1,0
996,1,2,57.921155555130795,41.794255966521845,0,3,0,0
997,0,3,60.345498967728886,29.39749002911585,0,2,1,0
998,1,2,59.91975900213348,36.549738707219234,1,1,0,0
999,0,3,43.01478467473189,29.145001435521074,0,7,1,0
1000,1,1,31.775683774799806,61.57581063370227,0,6,0,0
1001,0,3,19.4177694015993,8.969624895302381,0,5,1,0
1002,0,3,45.932269007825234,16.720001923632964,0,8,1,0
1003,0,3,34.29883720839552,17.622451357681314,0,4,1,0
1004,0,3,43.33191953624937,27.288595243216,0,4,1,0
1005,0,2,38.424245991266105,9.011622448058402,0,6,0,0
1006,1,2,47.335727600783045,32.60969429245963,0,1,0,0
1007,1,3,51.02648688314748,38.46149992342142,0,4,0,0
1008,0,1,35.5321799491415,19.818871628116533,0,5,1,0
1009,1,3,68.09767319955978,59.015259137919095,0,8,0,1
1010,1,3,32.42231068826972,36.616761390592956,0,2,0,0
1011,0,3,25.860732314803478,30.239974990144354,0,5,1,0
1012,0,2,36.27687909016,3.4848600550095075,0,5,1,0
1013,1,2,55.6348548239211,34.88683047871717,0,4,0,0
1014,0,2,49.93661114409645,4.886278010055651,0,2,1,0
1015,0,2,21.349539888319757,0.0,0,3,1,0
1016,0,3,47.43422080427696,32.955510099763096,0,6,1,0
1017,0,3,45.60150711980429,13.082900251107905,0,7,1,0
1018,0,2,75.65012301627736,38.6030824013506,0,4,0,0
1019,0,2,51.24638475270059,25.06149695936103,0,3,1,0
1020,1,1,94.4231183037249,70.83899719165373,1,6,1,1
1021,0,2,50.0980757447938,38.99432272536977,0,8,1,0
1022,1,3,10.117094909595464,35.14103641011074,0,4,0,0
1023,1,2,46.43541778378447,37.96153709225908,0,5,0,0
1024,1,3,56.48768963589353,57.008115543851936,0,3,0,0
1025,0,3,22.105797838541505,10.94221606846878,0,5,1,0
1026,0,3,34.27562981916872,4.967975033933771,0,8,1,0
1027,0,3,45.19979126860636,7.43050254510465,0,4,1,0
1028,0,3,43.20998645510194,24.112275734308028,0,4,1,0
1029,0,2,37.33303962943044,20.024862420895854,0,6,1,0
1030,0,3,93.94854587032576,39.79649679009912,0,4,1,0
1031,0,2,66.02439857981736,48.17215819912765,1,8,0,1
1032,1,3,47.749272010939066,37.504633803275546,0,3,0,0
1033,0,3,53.784049398728655,10.173231203149346,0,5,1,0
1034,0,1,50.17528773105653,19.417555049845827,0,1,0,0
1035,1,2,54.32895120073706,63.34138982129526,0,5,0,1
1036,0,1,72.26493225043994,33.83078487261835,1,10,1,0
1037,0,3,70.28826884980523,38.65083770704227,0,4,0,0
1038,0,3,2.6378046411905682,0.0,0,5,1,0
1039,0,2,24.47263371202672,13.015382281389325,0,5,1,0
1040,0,3,60.22305879186688,44.62909049709569,0,7,1,0
1041,1,3,54.990873605575494,33.900005699789126,0,1,0,0
1042,0,3,58.26686082488722,22.732478191306054,0,8,0,0
1043,0,3,63.66546392174087,44.047082549977496,1,10,1,0
1044,1,3,9.48368929254224,19.978490869115475,0,8,0,0
1045,1,2,55.40806375859158,31.53913374379499,0,5,0,0
1046,0,3,22.72162133749546,0.0,0,6,1,0
1047,0,1,65.92756942091452,36.68692551702284,1,1,0,0
1048,0,3,64.5205466067912,23.466951319182975,0,6,1,0
1049,1,2,32.07148754248458,50.62746677135388,0,6,0,0
1050,0,2,43.778650337057506,0.0,0,3,1,0
1051,0,3,51.601677312330814,15.668658404661226,0,6,1,0
1052,1,2,64.53338514768829,50.72718402647621,1,6,0,1
1053,0,3,40.02211206275384,30.24153842061885,0,8,1,0
1054,1,2,44.05857711249244,71.35244673572912,1,5,0,1
1055,0,2,42.958791662595566,13.734510944542539,0,4,1,0
1056,1,2,44.64222441485709,26.620341397686698,0,2,0,0
1057,0,3,55.4690789736387,32.134903775985,0,3,0,0
1058,1,3,65.58404670124649,44.54483284916756,0,3,0,0
1059,1,2,48.007472737422596,54.9053658637915,0,3,0,0
1060,0,3,36.72503467531004,27.562331151891375,0,5,1,0
1061,1,3,80.27452971059088,65.35281890944529,0,7,0,1
1062,0,2,72.32153460730747,14.523068092745214,1,2,1,0
1063,0,2,56.550361776075206,12.560633257255144,0,1,1,0
1064,1,3,54.07272524426627,31.433120444891365,0,2,0,0
1065,1,3,71.63171051590591,78.0992085027259,0,6,0,1
1066,0,3,57.20753977339457,14.342345361731898,0,6,1,0
1067,0,2,47.990466149187675,12.620145103462844,0,7,1,0
1068,1,3,58.441151723312906,42.16080321734826,0,5,0,0
1069,0,2,25.09213749511754,0.0,0,3,1,0
1070,0,3,51.95445300272479,29.812466042086115,0,2,1,0
1071,1,3,61.76254501007994,64.22776411131854,0,14,0,0
1072,0,2,57.89050777177957,35.504057164721836,0,5,1,0
1073,0,3,56.74040404253094,43.90683030430969,0,8,1,0
1074,0,2,73.63981545583647,28.682133052157422,1,6,0,0
1075,1,3,60.612040288535425,41.82544760845248,0,4,0,0
1076,0,2,53.39236158949712,9.191985896786147,0,5,0,0
1077,0,3,48.53945452067385,7.549041414901483,0,3,1,0
1078,0,3,20.268363706277032,6.445413863530179,0,2,1,0
1079,1,3,39.7548744857812,38.75960720772641,0,7,0,0
1080,0,3,58.86728709300433,16.901377181352803,0,5,0,0
1081,1,2,60.99580906806811,42.085663421603456,0,1,0,0
1082,0,3,22.09660756444835,1.5147778608263278,0,11,1,0
1083,1,3,24.72358277415368,46.50672378265235,0,3,0,0
1084,0,3,70.54786902902086,33.15091950228983,0,2,1,0
1085,0,3,54.660600140546364,3.8594039856761038,0,3,1,0
1086,0,3,53.1589147143889,4.008357326387454,0,3,1,0
1087,0,3,30.20318257762625,2.957635264543308,0,6,1,0
1088,0,2,50.351072812750395,28.73501263423722,0,4,1,0
1089,0,3,49.56229504016238,4.304170088665054,0,1,0,0
1090,0,2,87.39021453224119,14.358780427228988,0,5,1,0
1091,0,3,57.57318202242202,8.141632760600444,0,3,1,0
1092,1,3,49.175239605900806,48.53448723177083,0,8,0,0
1093,0,3,78.2915891983701,38.26323867482287,1,3,1,0
1094,0,2,25.44648673124681,0.0,0,3,1,0
1095,1,3,60.07917263492062,43.560058998888834,0,5,1,0
1096,0,3,63.23797183421162,44.17141065068718,0,8,1,0
1097,0,1,65.78664310347895,23.33774466337709,1,5,1,0
1098,1,2,39.816153610981004,53.32459833257164,0,4,0,0
1099,0,3,63.676915700862025,14.584168336975,0,7,1,0
1100,1,3,82.01253670361753,68.01222251953168,0,6,0,1
1101,1,3,39.65589904119181,34.72498769129202,0,6,0,0
1102,0,3,38.3700467813963,4.620321392543234,0,7,0,0
1103,1,2,63.06251295561291,44.73281688422739,1,5,0,0
1104,1,3,23.362339988740057,18.45311294172916,0,6,0,0
1105,0,2,37.99964035050968,19.95580617811604,0,2,0,0
1106,0,3,37.50243708526677,9.35130993876461,0,7,0,0
1107,1,3,41.76280991260749,57.147427793422665,0,4,0,0
1108,0,2,36.910849142158206,0.0,0,2,1,0
1109,0,3,44.70586915008843,32.73757023348308,0,6,1,0
1110,0,2,49.12187828672509,40.61750438678804,0,5,1,0
1111,0,2,48.28750476533309,16.23171015160529,0,6,1,0
1112,0,3,43.0098700080113,16.558133372427555,0,3,1,0
1113,0,3,70.66516282822765,51.30850693191776,0,5,1,0
1114,1,2,36.72602067001249,35.230736522688396,0,7,0,0
1115,1,1,33.36592891602177,30.13167614850888,0,4,1,0
1116,0,2,35.64870229634186,25.27791401780537,0,5,0,0
1117,0,3,17.741080850133898,12.779065730687204,0,6,0,0
1118,1,3,70.00945470336225,68.97289855028554,0,4,0,0
1119,1,2,15.395208093916882,17.675800736301383,0,3,1,0
1120,0,1,26.412349878384077,0.0,0,5,1,0
1121,0,3,44.361212061242,7.727581156806752,0,5,1,0
1122,0,2,33.64731148029329,10.310332149615713,0,6,0,0
1123,0,3,56.691309422448136,17.353527249036347,0,5,0,0
1124,0,2,100.0,34.2998595387112,0,6,1,0
1125,0,1,44.89371385151297,5.943388009829501,0,5,1,0
1126,0,2,46.933324134547405,9.434605102635011,0,5,1,0
1127,0,1,43.925774153498395,6.159364727001912,0,5,0,0
1128,0,2,56.52459927137034,12.179164950405042,0,5,1,0
1129,0,3,59.667506527045965,38.1604189407686,0,4,1,0
1130,0,2,30.153322910236188,17.73862790310185,0,7,1,0
1131,0,3,48.17752453551939,25.190093860121216,0,3,0,0
1132,1,3,41.165872758362624,62.638988206215835,0,8,0,0
1133,0,3,57.886014703873485,35.46313656965331,0,6,1,0
1134,0,3,34.950321207432935,45.08194612755478,0,10,1,0
1135,1,3,69.10510850709682,73.9654762221144,1,6,0,0
1136,0,1,42.469022716592484,6.098980910795435,0,4,0,0
1137,1,3,47.01393744749555,34.79348924847302,0,4,0,0
1138,0,3,0.0,0.0,0,8,0,0
1139,0,2,26.93973143433412,14.152990134717184,0,5,0,0
1140,0,3,67.42653396726989,21.524323761098838,0,3,1,0
1141,0,2,47.200034864810284,6.620487321745976,0,3,1,0
1142,0,1,55.05188916276236,14.95854436876148,0,6,0,0
1143,0,3,37.19434987197259,22.08907231486312,0,5,1,0
1144,0,3,18.745681229194343,0.0,0,4,1,0
1145,0,2,69.76272856285706,54.873846336650296,1,9,0,1
1146,1,3,60.66901363389387,49.81253000716887,0,5,0,0
1147,1,2,58.24547197303208,40.63829243385004,0,3,0,0
1148,0,1,49.573920436423336,8.577861323212932,0,5,1,0
1149,0,3,54.42692285417778,7.834812127177919,0,5,0,0
1150,0,2,53.34247653161585,31.27533701647022,0,5,1,0
1151,1,2,25.676495717296973,34.39610810562366,0,3,0,0
1152,1,3,38.851174301550635,35.548516946111995,0,5,0,0
1153,1,3,70.45705090373515,54.430437780583496,0,7,0,1
1154,0,3,49.03757367465137,34.99681796968296,0,5,1,0
1155,0,3,60.00911041114896,32.34681710968485,0,4,1,0
1156,0,2,57.01203339274921,33.41076638184696,0,5,1,0
1157,0,3,39.53498830111027,4.487954678051173,0,4,1,0
1158,0,2,37.1616483667828,0.0,0,4,1,0
1159,0,2,50.159029821232984,29.1406142453473,0,9,1,0
1160,0,3,10.86673854359015,0.0,0,8,0,0
1161,1,2,65.33687641810431,62.022035684258306,1,11,1,0
1162,0,3,68.90360962506732,49.757211264185415,0,11,1,0
1163,1,1,68.46907578454982,50.491215049632096,1,3,0,1
1164,0,3,57.83983743361534,11.331413955275456,0,7,1,0
1165,1,1,26.62210975493447,29.22829081732292,0,7,0,0
1166,0,3,49.77510423877298,26.115874276335493,0,2,1,0
1167,1,2,72.15112154238031,80.12835464932506,1,8,0,1
1168,0,2,74.24572404654437,39.97014545776914,1,3,1,0
1169,1,1,29.585775200175934,43.350016087805116,0,9,0,0
1170,1,3,51.735300401782865,39.23791717439723,0,3,0,0
1171,0,3,67.46658368774295,46.14581810325123,0,9,1,0
1172,1,2,46.085675440503636,51.747627862460206,0,2,0,1
1173,1,2,48.886486729480524,57.506689356345326,0,4,0,0
1174,1,3,61.35760485896428,67.58351989562927,0,5,0,0
1175,0,3,54.50168114907974,34.73004224968823,0,6,0,0
1176,0,3,53.167931059061964,9.127479059509206,0,4,1,0
1177,0,3,48.398933652502855,35.77518455911681,0,8,1,0
1178,1,2,82.604316346796,63.08671840103715,1,6,0,1
1179,1,3,41.527276591145146,64.22620397202385,0,7,0,0
1180,0,3,51.34806280298743,5.386807976027264,0,6,1,0
1181,0,1,56.22518664756654,29.192614663691394,0,5,1,0
1182,0,3,68.61367131885676,42.52840355855101,0,6,0,0
1183,0,3,54.61350716102124,14.940793055587953,0,5,1,0
1184,0,2,51.23877973047147,3.1114205114598072,0,3,1,0
1185,1,3,60.559560224646965,44.01856342614794,0,3,0,0
1186,1,3,53.58801140519073,34.993583789106864,0,2,0,0
1187,0,3,49.143617335096415,11.446514214936656,0,5,1,0
1188,0,3,53.341212410139626,29.444054599617495,0,5,1,0
1189,0,2,40.87145960095461,2.5411531954350433,0,6,1,0
1190,0,2,22.65126130005241,9.262026274760322,0,6,1,0
1191,0,3,54.09863262021736,19.449814003175014,0,7,1,0
1192,0,2,53.19339387109084,26.7902245405568,0,2,0,0
1193,1,2,26.763740078468064,41.15197443125981,0,4,0,0
1194,0,2,48.53591325348297,2.672329789836728,0,3,1,0
1195,0,3,54.94929601141508,2.340517373691086,0,4,1,0
1196,0,3,44.770938784293726,29.390491970618978,0,4,1,0
1197,0,3,49.21602736717017,30.946955885038967,0,6,1,0
1198,1,1,28.44345816771263,34.37871977363062,0,9,0,0
1199,0,3,54.415628665233214,18.387784313967618,0,7,1,0
1200,0,3,54.14619208198607,33.81154926141338,0,8,1,0
1201,0,3,66.35881311361594,33.04988551860239,0,10,1,1
1202,0,3,49.43308861402636,20.40147512994669,0,0,1,0
1203,1,2,46.97607224053716,68.24302165905624,0,7,0,0
1204,0,3,52.517306583185096,3.7195842760571667,0,4,0,0
1205,0,3,56.55718665359512,36.27791606525824,0,8,1,0
1206,0,3,24.50062073678133,0.0,0,4,1,0
1207,0,3,65.95610825920814,26.730290891896242,0,7,1,0
1208,1,3,25.33916780684061,53.51024930118482,0,7,0,0
1209,1,1,21.60933805060085,52.88357984391377,0,10,0,0
1210,1,2,44.3169657709186,60.83523938672418,0,5,0,0
1211,1,3,55.38060051675828,45.61964245797489,0,6,0,0
1212,1,3,54.562339765472515,59.992730623833616,0,6,0,1
1213,0,3,38.094314630905,28.132513428333375,0,7,1,0
1214,0,1,56.435941902585135,40.7198085623015,0,7,1,1
1215,0,3,50.44156521316824,8.84999504604221,0,3,1,0
1216,0,3,27.06467665252789,11.584691014091328,0,4,1,0
1217,0,2,56.83307394540024,2.9144217300929,0,3,1,0
1218,0,2,56.11723541261429,31.60904218230152,0,3,1,0
1219,0,2,57.31767865334806,18.30347528002988,0,8,1,0
1220,0,3,51.37568995966144,5.029944884910659,0,2,1,0
1221,1,1,39.832430955089535,49.142875643870276,0,4,0,0
1222,0,3,44.84462944223291,28.585610526879186,0,6,1,0
1223,0,3,40.20721803081476,12.252571645199245,0,6,0,0
1224,0,2,62.41360738940626,35.256906286247236,0,4,1,0
1225,1,3,66.87876785467394,52.120266093646265,0,3,0,1
1226,1,3,67.1913017893797,55.45128040891112,0,8,0,1
1227,0,2,38.05550393719942,1.9749428508458302,0,5,1,0
1228,1,1,41.21074193661007,57.272117631524026,0,6,0,1
1229,0,1,0.0,0.0,0,4,0,0
1230,0,2,34.486518496539276,21.590832648378036,0,6,1,0
1231,1,2,62.069477848311934,40.081357265723135,0,2,0,0
1232,0,2,54.81961499985413,14.934799015346297,0,4,1,0
1233,0,2,34.43609786652118,11.992776933295564,0,4,1,0
1234,0,1,36.956248506817815,25.767117307385192,0,6,1,0
1235,0,1,48.143369065785784,1.6937137233922481,0,1,1,0
1236,0,2,47.958694001882535,6.888488685301203,0,4,1,0
1237,0,3,58.62295038709015,22.4586036969837,0,7,0,0
1238,0,3,73.61126809369262,48.912410815296184,0,7,0,0
1239,1,3,67.73819739689306,59.866167028978616,0,9,0,0
1240,1,2,31.314061548683355,61.847334687527606,0,2,0,0
1241,1,3,53.41648382592439,47.05040346505792,0,7,0,1
1242,0,3,45.018302615030834,7.873051979614951,0,4,1,0
1243,1,2,41.89983788813565,35.59036488892004,0,8,0,0
1244,0,2,43.3648335288247,1.246346742549715,0,1,0,0
1245,0,3,59.03227767011293,3.873078869824692,0,4,1,0
1246,0,2,53.70066695744887,35.31719775267997,0,2,1,0
1247,0,3,43.78928038858276,25.433565572061344,0,4,0,0
1248,0,2,72.00583868236082,27.7529248773477,1,8,1,0
1249,0,3,54.98050680382659,35.56939339742388,0,6,0,0
1250,0,2,99.65157626026598,51.046342371918854,1,5,1,1
1251,0,3,56.374508818954105,15.236549654814391,0,4,0,0
1252,0,2,59.37742622648546,17.35848478412301,0,6,1,0
1253,1,3,8.121750505730999,25.32580822085967,0,3,0,0
1254,0,3,45.23999413961592,11.434484876265923,0,3,0,0
1255,1,2,68.39762361948377,61.238512517813994,1,7,0,0
1256,0,3,40.79972295311634,6.799229698656058,0,7,1,0
1257,0,2,42.8438616300442,0.0,0,3,1,0
1258,1,3,74.37814331966655,76.31168023998761,0,4,0,1
1259,0,2,20.62817248702124,7.796238037362521,0,4,1,0
1260,0,2,40.472299272101665,21.05712236551922,0,4,1,0
1261,0,2,45.98822551249253,24.85909281983889,0,4,0,0
1262,1,3,42.125035976167936,59.598236423735365,0,6,0,0
1263,0,2,56.733708529820625,42.0831270307411,0,7,0,0
1264,0,3,25.744186664420347,6.624231624435206,0,1,1,0
1265,0,3,38.626230590738935,10.452297444288888,0,9,1,0
1266,0,3,40.5782628446253,0.0,0,3,1,0
1267,0,3,41.74120409408309,0.0,0,2,0,0
1268,0,2,46.66146258901485,5.7458060775990445,0,3,1,0
1269,0,2,60.91337599824332,12.411379091428886,0,2,1,0
1270,0,3,73.8339801538085,50.00825079410249,1,6,1,0
1271,0,3,63.27152655702172,41.918099159977345,0,5,1,0
1272,0,3,41.6670369408516,5.083247104576948,0,4,0,0
1273,0,3,68.4981302885445,20.88717990322887,0,6,1,0
1274,1,3,38.74859471641854,36.75332337306482,0,7,0,0
1275,0,3,65.9383544674461,24.024858314422094,0,5,1,0
1276,1,2,49.46953415554984,65.22591083323819,0,4,0,0
1277,0,3,41.5207657831255,10.556025839265128,0,7,1,0
1278,0,2,78.85849859330301,48.3996218983426,1,5,1,1
1279,0,2,35.86703230147949,24.503458636603938,0,6,1,0
1280,0,2,55.52551971547402,43.261041921573955,0,7,1,0
1281,1,1,31.65949547209699,41.5689673188527,0,2,0,0
1282,0,3,50.43316652732797,22.76706720568366,0,3,1,0
1283,0,3,71.12719177858992,21.09118938608265,1,4,0,0
1284,1,2,53.15762987280492,65.10729333552436,0,4,0,1
1285,0,3,32.05859038142637,8.457027857728434,0,1,1,0
1286,1,2,57.31599375656387,51.796512143569856,0,3,0,0
1287,0,1,70.91533752433008,38.44203616342786,1,6,1,0
1288,0,3,49.764735216351866,9.975089416669874,0,5,0,0
1289,0,3,53.663028851159524,28.196989183430453,0,6,0,0
1290,0,1,66.16182582337129,21.57549510785155,1,5,1,0
1291,0,2,42.420342222405516,8.348391506771746,0,7,1,0
1292,0,2,47.46619429285031,11.037030758079053,0,7,1,0
1293,0,3,44.59518251866879,12.570406195589301,0,6,1,0
1294,0,3,34.79065227078598,17.719897784107445,0,4,1,0
1295,0,2,61.45411976943862,14.497514492895643,0,6,1,0
1296,0,3,68.42076950469165,36.7324571130653,0,7,1,0
1297,1,3,49.528054023868755,59.77447075115515,0,3,0,0
1298,1,2,27.361282602198997,27.70575794653346,0,6,0,0
1299,1,3,39.96345974026614,57.660452987555786,0,6,0,0
1300,1,3,58.375546971447186,33.45789036041532,0,3,0,0
1301,0,2,64.12250605441994,42.983804153316115,1,8,0,1
1302,0,3,33.76702651173256,17.19825539118558,0,5,1,0
1303,0,2,64.97462608957603,46.28252189666817,1,4,1,0
1304,1,2,56.77950472793934,45.4852251322223,0,8,0,0
1305,0,3,32.480470316330795,11.106871997222706,0,2,1,0
1306,0,3,50.51545311283657,21.75155194027451,0,1,1,0
1307,0,3,82.23648970409806,28.885892644387148,0,3,0,0
1308,0,3,39.25383988165076,0.0,0,5,0,0
1309,0,3,72.7571549174994,45.168161165428366,0,4,1,0
1310,1,2,48.698780794929185,45.50661406511855,0,7,0,0
1311,0,2,48.66800435908704,10.09791698752463,0,7,1,0
1312,0,3,45.61275494295498,32.25759550943792,0,5,0,0
1313,0,3,41.18750362038155,28.462480297446362,0,5,1,0
1314,0,2,39.26373549705404,24.307186569763044,0,7,1,0
1315,0,3,49.70692188048849,31.466328322611965,0,5,1,0
1316,0,3,46.54851938174007,5.8632843037099445,0,4,1,0
1317,0,3,60.97630433697381,23.223651034114194,0,7,0,0
1318,0,3,37.881973267579596,18.969694783458365,0,5,1,0
1319,1,3,57.276013379973655,61.35259564097808,0,3,0,1
1320,0,1,39.21546941217848,0.0,0,4,1,0
1321,0,2,59.21941928080823,16.13299553033754,0,4,1,0
1322,1,2,56.23138120959979,51.033200795091204,0,7,0,0
1323,0,3,34.559468871216296,25.4294124483325,0,5,1,0
1324,0,2,5.070527179250465,12.743010195113134,0,3,0,0
1325,1,3,36.248054561600625,29.93345806321604,0,4,0,0
1326,1,3,23.819292116527155,49.55566338228997,0,8,0,0
1327,0,1,56.28095997027958,13.969773882902732,0,3,0,0
1328,0,3,43.51606827388429,27.421352715344828,0,5,0,0
1329,0,3,25.861776563982744,0.0,0,3,0,0
1330,0,2,63.001080971657764,11.48777858791602,1,1,1,0
1331,0,3,66.05374937603443,38.42602782660387,0,7,0,0
1332,1,2,26.861570742245494,48.56121028460766,0,7,0,0
1333,0,3,29.416187201325062,12.422385315191367,0,4,1,0
1334,1,3,63.438664312789804,46.14408167071409,0,5,0,0
1335,0,3,64.72940724886408,25.7214915284712,0,8,1,0
1336,1,3,46.31538281788146,56.56304679613618,0,4,0,0
1337,0,3,62.21233246738928,20.401741752272592,0,7,0,0
1338,1,3,38.6253269422622,53.706023156334915,0,5,0,0
1339,0,3,71.25104153927468,39.31379702861926,1,5,0,0
1340,1,3,44.75908418559992,36.048064210245364,0,6,0,0
1341,0,2,88.75147194637131,46.84415476223093,1,3,1,0
1342,1,3,25.57288835499892,36.7061046248216,0,1,0,0
1343,0,2,44.555725076454614,2.949660474355438,0,3,1,0
1344,0,3,45.76832310356711,2.1098117949315807,0,6,1,0
1345,1,2,35.2287596053945,59.856615620148524,0,5,0,0
1346,1,1,60.94531570947502,60.420320916033745,1,3,0,0
1347,1,3,51.24295027828374,62.455912653218874,0,4,0,0
1348,1,3,38.34379163043031,28.056954574989348,0,5,0,0
1349,0,3,28.41082868458118,20.939111493689772,0,7,0,0
1350,0,2,68.48461155302616,19.142155591252244,0,5,1,0
1351,1,2,59.073948521397334,57.48318022179522,0,1,0,0
1352,0,3,36.28552795106928,31.81972779503167,0,10,1,0
1353,0,2,50.7290529531309,43.00213256551741,0,7,1,0
1354,0,1,62.01353150121049,17.499239379837718,1,4,1,0
1355,1,2,36.25892544702335,25.021513466846073,0,2,0,0
1356,0,3,74.01332469685802,51.0968566624703,1,7,1,0
1357,0,3,55.454868498845116,33.395877236881766,0,4,1,0
1358,1,3,85.20824339560201,54.111714044419976,0,2,0,1
1359,0,3,14.014089275923439,23.2578687571416,0,3,0,0
1360,0,1,45.843207253184374,32.00932099754225,0,7,0,0
1361,0,3,55.86315198232487,11.735306457009457,0,5,0,0
1362,1,3,48.92399388130921,32.51975001256097,0,1,0,0
1363,0,3,18.068080976417534,6.732113240197522,0,5,1,0
1364,1,3,54.39625664953555,41.51685230622799,0,4,0,0
1365,0,3,49.92885943693924,17.011269404880043,0,6,1,0
1366,0,3,59.439246643413405,11.854845781327995,0,2,1,0
1367,0,3,32.67457330310126,1.992476878225264,0,8,0,0
1368,0,2,68.02307279063308,47.00270086003137,1,8,1,0
1369,1,1,60.63877375303487,66.87979278728646,1,4,0,1
1370,0,3,42.50285091537044,10.206612496603075,0,6,1,0
1371,0,2,74.90316769344555,16.797157024454087,1,1,0,0
1372,1,3,37.63309313728364,47.138538675435,0,4,1,0
1373,0,3,67.81601767125683,34.874791534995644,0,5,0,0
1374,0,3,59.61259921754544,27.83392719469532,0,3,1,0
1375,0,2,62.40517812774067,12.650601025937606,0,3,0,0
1376,0,3,51.33147473710492,20.537265926583682,0,3,1,0
1377,0,3,33.57153707184698,6.67797439637329,0,9,1,0
1378,0,2,67.28809209340206,16.123226901631632,1,2,1,0
1379,0,3,35.255214307890775,0.0,0,5,1,0
1380,0,3,58.01264073700621,11.316759342009318,0,3,1,0
1381,1,2,47.18595643746988,48.89997422239049,0,7,0,0
1382,0,3,54.63612809562181,4.922571274281049,0,3,1,0
1383,0,3,19.565467964328466,7.210482558518903,0,3,1,0
1384,0,2,54.30537187725132,9.408703780188143,0,3,0,0
1385,0,3,43.96168349680146,0.0,0,3,1,0
1386,1,3,40.28403645399767,52.651765990550686,0,5,0,0
1387,1,2,25.796066809894363,26.597978208240363,0,5,0,0
1388,0,1,62.164801996485465,20.938292308704387,1,7,1,0
1389,0,3,45.14616332310323,26.326901720580256,0,4,1,0
1390,0,2,48.02666498641696,17.649195959480302,0,6,1,0
1391,0,3,47.60248873233894,28.724258872307352,0,11,0,0
1392,0,3,32.4266906400501,1.20494657387583,0,4,0,0
1393,0,3,51.77241160168991,10.839559395080258,0,5,0,0
1394,0,3,59.19875467322966,14.275607204245231,0,5,0,0
1395,0,3,70.66931251060265,41.118516928525345,0,3,1,0
1396,1,3,76.29052641666463,75.82624261508477,1,4,0,0
1397,0,2,45.66859904903741,10.347554330025893,0,1,0,0
1398,0,3,100.0,15.884502385359564,0,4,1,0
1399,1,3,70.8391668667399,69.90246464807352,0,4,0,1
1400,1,3,47.45445817124895,35.182489836405445,0,4,0,0
1401,0,3,48.765188698298985,25.600849541974405,0,3,1,0
1402,0,3,49.233046580912074,1.8456669384957038,0,1,1,0
1403,1,2,59.612699645281225,65.13172111404599,0,5,1,0
1404,1,3,63.73721538293911,59.34030494823519,0,10,0,0
1405,0,3,74.078820046388,33.41928429374736,1,5,1,0
1406,0,3,82.62507563794857,59.59895091142146,1,5,1,0
1407,0,3,58.438842928859785,39.196736459815675,0,2,1,0
1408,0,2,42.93296887270528,9.083540681542875,0,7,1,0
1409,0,2,81.73648655483322,35.606002226413814,1,8,1,0
1410,0,3,75.34978171297418,25.657233555723987,0,4,1,0
1411,1,2,49.66038609935816,66.47247050002561,0,6,0,0
1412,0,2,57.46459725849531,19.033883256386268,0,5,0,0
1413,1,2,39.00631512645854,33.86652145325746,0,4,1,0
1414,0,3,34.96890420409598,0.0,0,5,1,0
1415,0,1,30.881473689881425,18.066272818061776,0,7,1,0
1416,0,2,49.06994718975499,23.062893766891683,0,6,0,0
1417,0,3,37.244816091757656,30.298114218206543,0,10,1,0
1418,0,3,28.95695276970997,19.373072022011637,0,4,1,0
1419,1,2,29.606331646465225,47.624233821190565,0,6,0,0
1420,0,3,57.742614900166274,31.58134168683364,0,5,0,0
1421,1,3,52.098560055805216,36.80296754549627,0,3,1,0
1422,1,3,56.760887111384626,47.89106708207222,0,5,0,0
1423,1,3,41.42139474642346,31.773284534719885,0,3,0,0
1424,0,3,40.198045645079645,30.93678762767226,0,6,1,0
1425,0,3,29.675278138127876,11.92513921375165,0,3,1,0
1426,0,2,37.923528640853704,20.135482050006907,0,5,1,0
1427,0,3,63.0817511331656,25.35890031643052,1,4,1,0
1428,1,3,43.21950267261738,36.955955889231966,0,6,0,0
1429,1,2,41.28056775130035,35.224772454720885,0,5,0,0
1430,0,3,30.915395432638952,19.760056608701408,0,3,1,0
1431,0,3,75.0370756608316,51.632961555247206,0,5,1,0
1432,0,2,39.34306525817123,31.509404600071,0,10,1,0
1433,0,3,36.2797331048237,24.532517097502378,0,6,1,0
1434,1,3,47.51195622148312,55.88295896304871,0,7,1,0
1435,0,2,33.92594148558309,1.3766863500736868,0,7,1,0
1436,1,3,41.57465129137227,59.63368231091624,0,10,0,0
1437,0,2,61.76865167471973,44.569662732051405,0,9,1,0
1438,0,3,51.32102791689459,2.8425662418340787,0,2,1,0
1439,0,1,44.10113715463084,0.0,0,2,0,0
1440,0,3,55.29694651772243,12.241971690171287,0,3,1,0
1441,0,2,57.38558758111477,35.83764713668328,0,5,1,0
1442,1,2,54.72061889298305,38.93063223760832,0,2,0,0
1443,1,3,37.552337301514484,31.857843192379004,0,6,0,0
1444,0,3,63.63159461345558,41.094033719058444,0,4,1,0
1445,0,3,88.87297806364138,53.312353541346305,1,5,0,1
1446,0,3,34.17571310245712,0.0,0,1,0,0
1447,1,2,63.51916575084149,60.05265981450078,0,2,0,0
1448,0,3,67.45716439776031,43.318273003392534,0,5,1,0
1449,0,3,77.80340471086393,52.073710107828255,1,7,0,0
1450,0,2,50.43482821655745,31.853428029933,0,3,1,0
1451,1,2,63.539991632588276,48.1814760806709,1,7,0,1
1452,1,3,41.78975382837962,49.22635675254379,0,1,0,0
1453,1,2,26.195130432521633,23.515402412971408,0,5,0,0
1454,1,3,62.42383942226201,38.346269379962195,0,3,0,0
1455,0,3,54.91845664591194,6.97249434914959,0,2,0,0
1456,0,3,69.19802383662928,22.7161977694479,0,4,1,0
1457,1,2,53.15517362198974,40.78393971894694,0,5,0,1
1458,1,2,43.80225308924262,52.20726322546189,0,5,0,0
1459,0,2,34.61330291395373,27.395898881184035,0,8,1,0
1460,1,3,31.77361703722029,27.254676119525307,0,4,1,0
1461,0,2,38.571701015810525,22.667388888815857,0,5,0,0
1462,1,3,50.1209098293239,62.95771936224407,0,5,0,0
1463,0,2,26.639643970500302,0.0,0,6,1,0
1464,0,3,64.88951968846486,35.9042591205776,0,4,1,0
1465,1,3,46.1267658252207,58.711580134497105,0,5,0,0
1466,1,1,64.33674542424747,57.10848788246137,1,7,1,1
1467,0,2,53.052106915973184,8.408323890833426,0,7,1,0
1468,0,3,42.560761152519724,23.867700544427453,0,4,0,0
1469,0,2,59.10826351297994,12.76746576526806,1,6,0,0
1470,0,1,68.49269925940295,38.188358725738354,1,4,1,1
1471,0,3,49.71330747534154,12.05967611391722,0,4,1,0
1472,0,1,23.738953604365808,0.0,0,7,0,0
1473,1,1,46.0466561044749,38.483351011010285,0,6,0,0
1474,1,3,48.47759843441658,41.6872308555812,0,4,0,0
1475,1,3,100.0,47.681472291364706,0,3,0,0
1476,0,2,52.62701750113579,17.62674610560516,0,8,1,0
1477,0,3,59.89342566696307,36.94047364408457,0,4,1,0
1478,1,3,40.068641891429465,48.67271938048091,0,7,0,0
1479,1,2,48.688897757951324,56.020605885850436,0,4,0,1
1480,0,3,51.235193394333365,38.76651163743327,0,8,1,0
1481,0,3,62.239119612453976,44.62117180806291,0,7,1,0
1482,1,3,51.09775320578981,52.66898013115841,0,3,0,0
1483,0,2,68.5152391499605,17.724466322675813,1,5,0,0
1484,0,2,30.617122560831497,1.7087750217318158,0,6,1,0
1485,0,3,47.14563627316599,2.595187911945358,0,4,1,0
1486,0,2,59.334569670521354,32.342697482784,0,4,1,0
1487,1,3,53.712862648168404,72.47667447998846,0,7,1,0
1488,1,3,65.78029308606206,71.47069742125854,0,4,0,0
1489,0,3,43.57072293276963,27.431486580545165,0,6,1,0
1490,0,2,53.84957902362983,29.125379773884447,0,3,1,0
1491,0,3,50.82528680634876,23.885601053738558,0,7,1,0
1492,0,2,53.38506519976389,37.06780652168296,0,7,1,0
1493,0,3,73.45739908544533,23.01906255736903,1,3,1,0
1494,0,2,67.79674431385169,47.33178757716612,1,7,1,1
1495,0,3,61.88907596631242,22.417555915139992,0,6,0,0
1496,0,3,50.69816289719367,9.547567273456572,0,4,1,0
1497,1,2,43.264387135509196,54.71438479104902,0,4,0,0
1498,0,2,51.9831497467249,29.182780564727334,0,4,1,0
1499,1,2,38.41513535947939,52.89653722112701,0,6,0,0
1500,1,3,60.1481869245853,43.70844895377934,0,3,0,0
1501,1,2,22.124963592029747,18.965974407150505,0,4,0,0
1502,0,2,72.89360855256791,39.884555649455926,1,5,1,0
1503,0,3,59.43019462209882,51.82700265393013,0,12,1,0
1504,1,2,58.72772311590343,44.25012570097701,0,4,0,0
1505,1,2,18.27086200969043,17.598801953696608,0,0,0,0
1506,0,2,37.16769341409372,10.891005681043174,0,8,1,0
1507,0,2,29.378703447754845,9.877653163731908,0,2,1,0
1508,0,2,64.75031312270713,17.39802438040465,0,6,1,0
1509,0,1,46.94781071744024,4.510972977501936,0,2,0,0
1510,0,2,56.759248922944614,16.04647151117105,0,7,1,0
1511,1,3,64.31710615697656,65.19160545137899,0,5,0,0
1512,0,2,52.043936707560036,33.04156519935332,0,5,0,0
1513,0,2,41.14893236647712,10.187121667679666,0,6,0,0
1514,1,3,56.59056615169472,44.4847154132164,0,5,1,0
1515,1,3,19.7758528661274,20.218082098126807,0,5,1,0
1516,0,1,49.01919737415827,26.53671893888744,0,2,0,0
1517,1,1,48.55560350292895,47.68646027915747,0,6,1,0
1518,0,3,63.663121970394826,19.095875149821715,0,10,0,0
1519,0,2,58.08726469829537,36.29882222465976,0,6,1,0
1520,0,1,37.45534233529959,16.516898915134405,0,1,1,0
1521,0,3,29.294547468135566,15.022535916383589,0,3,1,0
1522,1,2,48.147661451217814,53.43307778196585,0,4,0,0
1523,0,3,65.92148559137216,20.459353979602973,0,2,1,0
1524,0,2,49.54353276388908,17.5218769994675,0,3,1,0
1525,0,3,68.25176340983751,41.741371206156494,0,5,0,0
1526,1,3,48.55854207421798,39.64138779215655,0,7,1,0
1527,1,2,48.87071393526675,34.064459853350584,0,4,0,0
1528,1,3,46.94234901263728,50.5345195298191,0,4,0,0
1529,0,3,46.892100433138694,11.497285965703211,0,7,1,0
1530,0,2,49.43543198132094,33.67128500385743,0,7,1,0
1531,0,2,88.18489411978256,57.345427196498406,1,5,1,1
1532,0,3,56.748440675142646,16.290941122453656,0,6,1,0
1533,0,3,36.49541152775909,18.256678290646633,0,5,0,0
1534,0,3,33.70515484237767,23.61002131937365,0,8,1,0
1535,0,3,29.672146346288407,21.004694338754078,0,6,0,0
1536,0,2,46.58524561784168,25.002593993895676,0,6,1,0
1537,1,3,62.94708869828386,63.82413040419263,0,3,0,0
1538,0,3,23.28696325682283,7.826059912771672,0,6,1,0
1539,0,2,22.379299821867185,0.0,0,1,1,0
1540,1,2,43.43209193892375,61.039061592129826,0,7,0,0
1541,1,1,61.342567071237724,80.42914883075483,1,10,0,1
1542,0,3,75.2973583502315,18.50478711686049,0,1,1,0
1543,1,2,29.03862082408031,34.156724865839855,0,8,0,0
1544,0,3,58.95513246932852,14.449607579050847,0,5,1,0
1545,0,3,38.66610828920303,10.789396878950894,0,1,1,0
1546,1,3,37.68182686608203,31.205198878402353,0,3,0,0
1547,0,2,74.89174886574408,39.103568086455496,1,2,0,0
1548,0,2,36.35066987613275,24.305860986772217,0,6,1,0
1549,0,3,48.03168587410117,4.96912872695449,0,3,0,0
1550,0,3,45.48181506441902,20.961760066221796,0,2,1,0
1551,1,3,65.16312499080814,52.48429570855771,0,6,0,0
1552,0,3,36.84276456731588,29.60621722462438,0,8,0,0
1553,0,3,56.68761085482079,24.550665349117455,0,5,0,0
1554,1,2,38.63914684213525,59.51619258575609,0,9,0,0
1555,1,2,50.78996759304384,46.02723903694424,0,1,1,0
1556,0,3,48.94846177493704,28.251005563815813,0,3,0,0
1557,0,1,65.96887752769125,27.641910219494537,1,5,1,0
1558,0,3,52.75857303039551,38.465351964552575,0,6,0,0
1559,1,2,65.2516386460098,67.45175070584986,1,5,0,1
1560,0,3,55.140085034548065,35.598463137753015,0,6,1,0
1561,0,2,4.30323931101346,1.919375002438289,0,6,0,0
1562,0,3,38.605820931823295,0.0,0,3,0,0
1563,1,2,21.20215970926458,23.057594702295606,0,5,0,0
1564,0,2,51.57843446912849,15.690172652916939,0,5,1,0
1565,1,2,35.1331523770561,34.158880035395164,0,7,0,0
1566,1,3,57.66226346297805,59.74476109485079,0,3,0,0
1567,0,3,51.97226274959895,33.36216399733388,0,11,1,0
1568,0,2,47.3923852423419,5.2052463501112,0,3,0,0
1569,0,3,48.49740561832022,27.270445096690583,0,5,1,0
1570,1,2,39.751865961781334,47.8295082132344,0,3,0,0
1571,0,3,42.32340028019379,17.496219769674667,0,2,0,0
1572,1,3,34.361904984711096,29.420332454398565,0,3,0,0
1573,0,3,50.714875605733425,9.693643580791647,0,6,0,0
1574,1,3,83.7417229452602,65.21761179977764,0,6,0,0
1575,0,1,27.938105841759562,0.8340524747100604,0,7,1,0
1576,0,3,78.18377281134335,25.132108710803806,0,5,1,0
1577,0,3,44.1575749510785,14.74190246815867,0,1,1,0
1578,1,2,35.00481142638019,31.851146796736316,0,3,1,0
1579,1,3,81.75542760804987,75.31290414810888,1,5,0,0
1580,0,3,59.562205457440704,45.29037635221112,0,6,1,0
1581,0,3,63.993511923038824,37.53630714255415,0,5,1,0
1582,1,3,64.53154392181686,68.44603614606697,0,5,0,1
1583,0,3,25.33963962840472,0.0,0,8,1,0
1584,1,2,54.377801204170865,57.17329007839913,0,4,0,0
1585,0,3,56.131942401100844,22.034131861765534,0,6,0,0
1586,0,2,61.41365038544849,15.939317025616583,1,4,0,0
1587,0,3,48.06882781314661,23.94136295418526,0,2,1,0
1588,1,2,52.59319792792033,63.708729315312276,0,6,0,0
1589,1,3,48.29044975531937,47.84337503275793,0,8,0,0
1590,0,2,53.279112562978966,4.198749542742931,0,3,0,0
1591,0,2,52.13239093388938,10.22406997898445,0,4,1,0
1592,0,2,100.0,54.62329765752439,1,7,0,1
1593,0,1,43.0299715427726,29.316722505339765,0,7,0,0
1594,0,3,29.447971435033256,0.0,0,4,1,0
1595,1,2,45.42076199052494,34.063855350305836,0,4,0,0
1596,1,3,60.2298352745305,60.73859766443691,0,3,0,0
1597,0,3,61.45363016655472,32.77101735960311,0,4,1,0
1598,0,3,57.96098267658174,7.457632715196924,0,5,0,0
1599,0,2,23.976741378940545,0.0,0,3,1,0
1600,0,2,57.17323932127433,15.684242890999736,1,6,1,0
1601,0,3,37.829643877416444,30.964244513484307,0,4,0,0
1602,0,3,38.76493921086422,15.692086886722791,0,3,1,0
1603,0,3,26.654665418711122,22.004346156520793,0,8,1,0
1604,0,3,39.32876554387925,26.602223753438107,0,8,1,0
1605,0,2,41.87073600987266,16.54869606481869,0,4,1,0
1606,0,2,59.92169217116023,9.478965242823298,0,3,1,0
1607,0,3,38.533803973305375,18.53035024205567,0,5,1,0
1608,0,2,67.24950393136746,17.5267722983377,1,4,1,0
1609,0,3,29.980424619471684,10.295888845652428,0,4,1,0
1610,0,3,41.280703292427525,2.650142686530427,0,7,0,0
1611,0,3,100.0,12.264041664767614,0,5,0,0
1612,0,3,38.7976734087069,26.451583758635397,0,7,1,0
1613,1,3,50.95315321971676,59.24683242121479,0,3,1,0
1614,1,2,45.18685700145973,56.10509781224621,0,2,0,0
1615,0,3,43.082874288190794,24.396542826028615,0,5,1,0
1616,0,1,32.79895987725731,0.0,0,5,1,0
1617,1,2,74.31977041466946,74.5734414990162,1,7,0,1
1618,0,3,69.75289574338422,44.07366524713376,0,6,1,0
1619,1,3,68.73126993460883,70.11126359268654,0,2,0,1
1620,0,2,43.55523229547688,20.70431921607762,0,3,0,0
1621,0,3,21.806104130040172,0.0,0,6,1,0
1622,1,3,41.0075716791845,50.490224018551544,0,4,0,0
1623,1,3,49.08918003793193,63.3606934208265,0,4,0,0
1624,0,3,100.0,35.677448180879594,0,6,1,0
1625,1,2,53.56387041060554,65.62551600401271,0,6,0,1
1626,0,3,11.394808544565471,17.427839347967904,0,6,0,0
1627,0,3,45.247268872534505,32.3253128021844,0,8,1,0
1628,1,3,56.77838265324018,62.560995777361434,0,3,0,0
1629,0,3,14.327476077822686,0.0,0,2,1,0
1630,0,2,44.13360240561537,19.24203539817769,0,3,1,0
1631,0,3,100.0,36.391247075772434,0,5,1,0
1632,0,3,33.56789312372134,18.184578858567257,0,7,0,0
1633,0,3,44.63868272145654,22.543266434538758,0,1,1,0
1634,0,3,42.30149480219836,30.314023337980135,0,5,1,0
1635,0,2,37.380677764608464,14.078956381311794,0,2,1,0
1636,0,3,65.51641934591319,46.666313026444925,0,6,1,0
1637,1,3,61.76330778600913,57.64873465080117,0,8,1,1
1638,1,3,38.76954487156398,50.19042385862344,0,4,0,1
1639,0,2,29.720844364579,1.500355647643699,0,6,0,0
1640,0,2,12.343804486000039,0.0,0,3,1,0
1641,0,3,23.642526879606137,0.0,0,4,1,0
1642,0,2,39.78613640957337,0.0,0,3,1,0
1643,0,2,35.178609299397195,0.09707780683036482,0,7,1,0
1644,0,1,51.05472903948102,40.44911062367953,0,10,1,0
1645,0,1,43.820970249402656,0.0,0,2,1,0
1646,0,3,67.8480585338475,18.37715542651248,1,5,1,0
1647,0,3,57.90424387617979,40.79610514326691,0,7,0,0
1648,0,3,55.25963332346794,5.496134280182828,0,2,1,0
1649,1,3,68.40104554277812,53.65692826815198,0,6,0,0
1650,0,3,82.7579603215943,27.094903854006102,1,4,1,0
1651,0,1,37.94929753515862,25.959776172405878,0,6,0,0
1652,0,3,59.443213961100234,16.61795099694043,0,4,1,0
1653,0,2,42.60998856717352,14.059680797989653,0,8,1,0
1654,1,2,34.56887109394533,26.365825872453016,0,4,0,0
1655,1,2,59.68212699696096,51.29663452553602,0,6,0,1
1656,0,1,39.641593311227695,15.30297548367219,0,3,1,0
1657,1,3,67.58766429164159,77.55806817091538,0,7,0,0
1658,0,3,50.94006783729317,14.537830707216095,0,7,1,0
1659,1,2,71.0151868985847,72.07340388067821,1,5,1,1
1660,0,2,58.52623129634809,40.17436241472827,0,6,1,0
1661,1,2,44.22956505272746,29.77847243736405,0,2,0,0
1662,0,2,48.79153203461057,23.93960984338858,0,4,0,0
1663,1,1,52.81050859868031,68.50744378362816,0,5,0,1
1664,0,3,71.50478416324457,38.596547572846525,0,4,1,0
1665,0,2,100.0,35.34263817005932,0,4,1,0
1666,0,2,52.38344612792372,18.436938686243693,0,4,0,0
1667,1,1,52.73620029004712,46.16744468894485,0,7,0,1
1668,1,3,56.56390658630099,48.025653403864936,0,6,1,0
1669,0,3,50.95668972025478,35.79422645363272,0,3,1,0
1670,0,3,67.86814910411685,28.864278406930904,0,7,0,0
1671,0,3,53.569734001171284,17.78712193247684,0,7,0,0
1672,0,3,47.117153487271615,12.038623351039146,0,6,1,0
1673,0,2,36.548370333110135,8.296576276503075,0,8,1,0
1674,1,2,44.952622673987065,36.011599809575124,0,4,1,0
1675,0,3,42.41786486166669,0.24209512572230232,0,3,0,0
1676,0,2,19.68652443338565,11.737541164673797,0,4,1,0
1677,0,2,17.902021746426367,3.3698743680752337,0,3,1,0
1678,1,3,63.5693970307657,48.42112930773626,0,5,0,0
1679,0,3,41.716249369758096,4.40837242089924,0,5,1,0
1680,0,1,67.00826023817166,49.321994325445786,1,1,1,1
1681,0,2,54.7221901186753,38.03267256562479,0,9,0,0
1682,0,2,38.174189804598875,25.182883238169577,0,7,0,0
1683,1,3,59.138976312488154,67.07644795567877,0,2,0,0
1684,1,3,60.78482926366184,40.95756166810442,0,0,0,0
1685,1,3,45.38906719231979,53.39896070731503,0,3,0,0
1686,0,3,34.33707520075598,17.894072593424518,0,1,1,0
1687,0,2,69.90396594706733,49.63195944364216,1,8,1,0
1688,0,2,60.288563652522214,15.659824337125826,1,3,1,0
1689,0,3,64.25267064208359,21.3696437442648,0,5,1,0
1690,0,3,37.24104877938161,16.09533589438614,0,3,0,0
1691,1,3,45.767176613185846,56.289902351426385,0,5,0,1
1692,0,2,72.20471306307978,0.0,0,1,1,0
1693,0,2,45.21594855795011,29.781175306739033,0,5,1,0
1694,0,2,54.447364038993875,35.11255929527967,0,8,1,0
1695,0,2,69.01108862695948,20.84898282688256,1,4,1,0
1696,1,3,41.91761177927318,40.59814408583728,0,8,0,0
1697,1,3,46.52642845527384,37.25886317828779,0,4,0,0
1698,1,3,44.14441091659298,52.298121549924275,0,5,0,0
1699,0,3,62.08737686480625,20.58663031041767,0,7,0,0
1700,0,2,62.065177761990356,18.18727168693469,0,4,1,0
1701,1,2,57.17950783343246,63.935853229755544,0,4,0,0
1702,1,2,37.456607686802165,55.76245832999329,0,6,0,1
1703,0,3,50.531305327427184,12.154749801601398,0,5,1,0
1704,0,3,33.69686044377298,0.0,0,3,1,0
1705,0,2,52.578530094850585,24.236770459078034,0,1,1,0
1706,1,2,75.61351153110775,63.14638683749769,0,4,0,0
1707,1,2,52.494056460759964,50.70365686717537,0,4,0,0
1708,0,3,44.802127309049226,26.4417826175607,0,6,1,0
1709,0,2,53.9219370398238,37.91482839225891,0,6,0,0
1710,1,2,40.85005301328005,34.61542568868464,0,5,0,0
1711,0,3,51.53449637910949,36.271562195457825,0,6,1,0
1712,0,3,37.41276937674967,10.201467992818124,0,9,1,0
1713,0,3,69.89184624692491,35.79911307600846,0,3,1,0
1714,1,2,68.6690249038531,46.47163391014708,1,2,1,0
1715,0,3,45.81148914086148,10.753333444590796,0,6,1,0
1716,1,3,46.0879438951007,36.28977516834015,0,4,0,0
1717,1,3,48.0956631021859,61.9524862848825,0,7,0,0
1718,1,1,34.8856876305555,35.58962410826874,0,7,0,0
1719,0,3,31.716193370703632,21.793805663882498,0,8,1,0
1720,1,2,78.86388396934937,61.952616073001536,1,5,0,1
1721,0,2,72.10998366807026,25.467635248789406,1,4,0,1
1722,0,3,48.38516091456633,6.435616776334249,0,5,0,0
1723,0,2,0.0,12.13716134152704,0,3,1,0
1724,1,3,63.75191356823325,51.09484760322303,0,6,0,0
1725,1,2,100.0,59.12296777623789,1,6,0,1
1726,1,2,86.05567897811267,64.2501956411559,1,5,0,1
1727,0,3,45.63609198311925,26.483975318006358,0,6,0,0
1728,1,3,56.76812722009003,62.987371975748225,0,4,0,0
1729,0,2,53.83720087758638,38.12658244630188,0,6,1,0
1730,0,2,39.92033441757422,40.40829269190284,0,11,1,0
1731,0,3,53.86997891696318,30.215870935832175,0,5,1,0
1732,1,1,59.678180593144795,41.11875493698504,0,2,0,0
1733,0,3,40.247873342440826,4.146313918383466,0,7,0,0
1734,0,3,42.79067662599466,5.687639575131036,0,4,1,0
1735,0,2,39.86904647512871,32.82517692214448,0,8,1,0
1736,0,2,51.990459533015255,0.0,0,4,1,0
1737,0,3,22.69133105270799,0.0,0,8,1,0
1738,1,2,72.50481331174389,68.36883857460093,1,2,0,1
1739,1,2,48.434557569843186,32.69984273395965,0,3,1,0
1740,0,2,3.9055617595456775,0.0,0,9,1,0
1741,0,3,100.0,29.284655192340708,0,8,1,0
1742,0,2,39.62104270788035,24.160061535447948,0,7,1,0
1743,0,3,28.75300687842372,0.0,0,4,0,0
1744,0,3,36.77032364310907,4.755026476716186,0,1,1,0
1745,0,2,70.24321386881276,41.664591165176354,1,5,1,0
1746,0,3,75.7724729281951,20.843128260747932,0,2,1,0
1747,1,3,56.530907762315074,50.34401385022878,0,6,0,0
1748,1,2,41.15052469846298,56.14808405604384,0,4,1,0
1749,0,3,63.267014291688355,17.78156053413248,0,2,1,0
1750,0,2,54.48427005014402,40.59751637482302,0,9,1,0
1751,1,3,58.65155258405566,49.62961507096945,0,5,0,0
1752,1,3,56.98914833153437,40.95544315248591,0,3,0,0
1753,1,3,36.552854319950875,28.15518281845968,0,7,0,0
1754,0,2,38.53746982158973,3.4228612362794513,0,7,1,0
1755,1,3,44.470348744789064,44.57133641799775,0,3,0,0
1756,1,2,53.600872394607656,40.044806745731286,0,4,1,0
1757,0,2,41.600078731640465,14.661034202930715,0,4,1,0
1758,0,3,49.20640619917951,13.0583570953715,0,7,1,0
1759,0,3,67.6747574554479,7.247980691099437,0,2,0,0
1760,0,3,64.6674297161788,30.384875685981548,0,1,1,0
1761,0,2,35.82048514489415,23.474158824530953,0,6,1,0
1762,1,2,50.78678741200571,43.038909742001934,0,6,1,0
1763,0,2,31.97304667338621,9.33679133878615,0,2,0,0
1764,0,3,64.59038557590027,36.94465588889219,0,5,1,0
1765,0,3,51.131956507130774,55.421977827836656,0,13,1,0
1766,0,3,41.45010455724621,17.310805412245124,0,10,1,0
1767,0,3,26.945351953740015,14.09197334005553,0,4,1,0
1768,1,2,68.89679191285646,51.447123192433324,1,2,0,1
1769,0,1,58.46124157691754,22.293251862139154,1,8,1,0
1770,1,3,58.10232770767689,42.655476484669464,0,3,0,0
1771,0,3,59.7651476231216,22.67450010467878,0,8,1,0
1772,0,2,42.95929523024983,29.807727063498362,0,5,1,0
1773,0,2,55.709127861947024,39.80839261054535,0,8,0,0
1774,1,2,80.72799566935313,75.03135480857024,1,5,0,1
1775,0,2,71.74777551352084,39.00963777363669,1,4,1,0
1776,0,3,43.93189300414183,26.980206898251797,0,6,0,0
1777,0,3,61.207422687392054,20.896062463156518,0,7,1,0
1778,0,3,37.530861862388484,21.785269207412156,0,4,1,0
1779,1,2,28.706105926002255,26.00289388903058,0,5,1,0
1780,0,2,64.6237315284121,38.742578592087725,1,5,0,0
1781,0,2,46.98705476909002,5.261730617688479,0,4,1,0
1782,0,3,34.87564934442445,0.0,0,1,1,0
1783,0,3,45.3149625247314,26.35879315114051,0,4,1,0
1784,1,2,33.86713198577341,27.66224894676341,0,4,0,0
1785,1,2,79.64266115036908,71.9228519212279,1,3,0,1
1786,0,3,55.40295012146736,43.546139180166044,0,9,1,0
1787,0,3,43.75204950933243,30.653337843211716,0,8,1,0
1788,0,3,62.886507011364344,38.99726537379021,0,5,1,0
1789,0,2,40.43374213389647,33.474401665520865,0,6,1,0
1790,1,3,53.72421996372826,59.07424045484666,0,4,0,1
1791,0,2,35.76727897615469,0.0,0,7,0,0
1792,0,3,83.54770108587628,54.19105101287361,1,6,1,0
1793,0,3,66.52470880818919,23.844787790921153,0,7,1,0
1794,0,3,22.591687060200385,0.0,0,2,0,0
1795,0,2,48.336513182560196,30.0156431120058,0,5,1,0
1796,0,3,35.41507405604546,25.281586050138724,0,7,1,0
1797,0,3,55.24896860265159,4.401060587456543,0,2,1,0
1798,0,2,72.4713254154365,42.56323462363029,1,6,1,0
1799,0,2,58.63851003292581,29.605251683606888,0,1,1,0
1800,0,3,47.15395493832144,11.494713995784677,0,3,1,0
1801,1,3,43.49866586445424,52.5866831099975,0,4,0,0
1802,0,3,52.662555564564194,30.685253850781518,0,7,1,0
1803,0,3,47.05696990414772,14.942682457843912,0,7,1,0
1804,0,3,44.74064019916957,25.07544866115181,0,3,0,0
1805,0,1,31.49762094312807,0.0,0,5,1,0
1806,0,1,25.953611711148756,12.496766651206691,0,3,0,0
1807,0,2,48.9375838285883,3.162398157563483,0,2,0,0
1808,0,3,28.575452185164668,13.252000365672126,0,3,1,0
1809,1,2,60.70097372710984,48.63321056602142,1,7,1,0
1810,0,2,83.30781855062087,64.0712414344639,1,10,1,1
1811,1,3,46.62083650292927,55.242811459222914,0,2,0,0
1812,0,2,63.37563838397366,41.550536350976266,0,5,0,0
1813,1,2,46.089941377315384,64.14286296487168,0,7,0,1
1814,0,1,29.419849479434713,0.0,0,5,0,0
1815,0,2,77.60642627555268,50.87160721674742,1,5,0,1
1816,0,2,23.700172117799944,3.5974178049810104,0,9,1,0
1817,1,3,40.34141205305433,31.225283001861783,0,3,0,0
1818,0,3,33.946122992316894,0.0,0,2,0,0
1819,0,2,72.67351023125872,13.799245342784674,1,4,1,0
1820,0,3,43.9765474467205,21.476954202125526,0,3,0,0
1821,1,3,51.63064314853802,60.48087524804811,0,5,0,0
1822,0,3,56.488340996202545,20.06840358678678,0,9,1,0
1823,0,2,31.363748932916554,1.7391052069979978,0,4,0,0
1824,1,3,41.492741385444404,47.437897767251364,0,2,0,0
1825,0,2,44.08076621002556,10.44906144289061,0,4,1,0
1826,0,3,35.218512653596626,3.3628147460322704,0,6,1,0
1827,0,3,58.913578430102504,27.17949473230352,0,2,1,0
1828,0,3,54.26906660855924,7.480509112488026,0,3,1,0
1829,1,2,35.17897265681331,27.34223250338918,0,3,0,0
1830,0,2,46.586557121080496,0.0,0,2,1,0
1831,0,2,37.93676756833676,24.483423308191497,0,4,1,0
1832,1,3,62.642441494098094,48.89815073068335,0,6,0,1
1833,1,3,64.38211790310334,65.34827279379961,0,2,0,0
1834,0,2,51.17349763657017,16.37979452801579,0,4,1,0
1835,0,3,28.171478756485737,23.022727387347974,0,6,1,0
1836,0,3,52.97214053933627,8.190318833130384,0,4,1,0
1837,0,2,66.46390982734842,35.29643991050457,1,3,0,0
1838,0,3,100.0,15.308562691322432,0,2,1,0
1839,0,2,20.4377852458523,0.0,0,5,0,0
1840,0,2,54.61907009074645,7.712230362979405,0,4,1,0
1841,0,2,73.31996701773724,17.781834731552483,0,6,1,0
1842,0,2,46.84364915936895,33.89172820744002,0,7,1,0
1843,0,3,40.15241129413155,22.943962332402123,0,6,1,0
1844,0,2,0.0,20.37310055539657,0,3,0,0
1845,1,2,35.66154048553448,32.64053177665278,0,2,0,0
1846,1,2,42.805195488971385,57.0384875054618,0,5,0,0
1847,0,2,34.46622778915301,17.95248862358874,0,4,0,0
1848,1,3,71.63072468504818,73.84422672631062,0,6,1,1
1849,1,2,41.56149702631091,37.300990434866726,0,7,0,0
1850,0,2,64.59506509088145,42.680181524447136,1,6,1,0
1851,1,2,71.88283384553941,63.75975795544501,1,9,1,0
1852,0,1,53.99172214626038,34.08167841901154,0,5,1,0
1853,0,3,77.39621732738496,24.402110589261145,1,3,1,0
1854,0,2,23.11396248800909,10.98413478371361,0,3,1,0
1855,1,1,40.66420547293595,31.133058285141033,0,4,0,0
1856,0,3,32.96591487942494,29.33960889114264,0,9,1,0
1857,1,3,21.724158054563603,21.703447879170234,0,6,0,0
1858,0,2,40.672304491718464,0.0,0,3,0,0
1859,0,2,57.44670996094795,14.201155120330583,0,5,1,0
1860,1,3,45.12921311226135,59.45876424088048,0,6,0,0
1861,0,3,38.73831693744241,18.958594468856724,0,5,1,0
1862,0,1,2.3633735722142433,31.46588169971174,0,4,1,0
1863,0,2,39.58637127405614,10.416852543011988,0,7,1,0
1864,0,3,28.780301583644306,19.841228548178005,0,6,1,0
1865,0,3,61.080504442466605,43.15458609594777,0,5,1,0
1866,0,2,48.60827380647279,19.874534382457842,0,10,1,0
1867,1,3,20.297001101022236,39.89425859826933,0,5,0,0
1868,0,2,42.38734092515776,6.777708491380836,0,4,1,0
1869,0,1,52.16920319152044,28.456234439060722,0,5,1,0
1870,0,3,9.835753163572114,0.0,0,4,1,0
1871,0,2,71.14831698001882,46.163894783709495,1,5,1,0
1872,0,2,40.293466780317644,20.985122556341313,0,4,1,0
1873,0,3,47.95182055562079,15.932464276807721,0,7,1,0
1874,0,2,28.798440034428232,1.0384339844371278,0,5,1,0
1875,0,1,31.39086160079244,13.979117459302762,0,0,1,0
1876,1,3,61.11484047244615,62.38256633199912,0,8,1,0
1877,0,2,41.042614782712576,3.96471648451067,0,4,1,0
1878,0,2,51.95242593051882,7.105815572447941,0,3,1,0
1879,1,2,28.170544984221557,47.054214571282515,0,5,0,0
1880,1,3,63.41843658805612,51.39075233904664,0,6,0,1
1881,1,3,55.385757707073275,53.49014648518862,0,7,0,0
1882,0,3,39.305646280037344,18.21704065943335,0,4,1,0
1883,0,3,32.75675700526562,0.0,0,5,1,0
1884,1,2,60.07715258267903,65.1793483887755,0,5,0,1
1885,0,3,84.39629972158433,57.116530820276175,1,7,1,0
1886,1,3,48.60323432923487,57.939912498982,0,4,0,0
1887,0,2,47.48971827694537,10.572735558128926,0,7,1,0
1888,0,2,32.284890645036555,4.524249006479128,0,7,0,0
1889,0,3,35.621086540350014,0.0,0,2,0,0
1890,0,2,60.057290618115715,38.53641014834592,0,6,1,0
1891,0,3,50.09048073647866,21.552031084795292,0,5,0,0
1892,0,2,54.45249969948697,26.07129654161345,0,9,1,0
1893,0,3,52.58659056713451,17.65664821291304,0,9,1,0
1894,0,2,48.076819479153784,19.286160368864124,0,4,0,0
1895,0,3,38.82236594973668,3.233057358828814,0,6,1,0
1896,0,2,13.254738566828514,15.8250780924936,0,10,1,0
1897,0,3,56.370868459950266,10.983706612282864,0,3,1,0
1898,0,3,22.764115567799994,13.6044259330252,0,4,1,0
1899,0,2,34.73902341362474,21.47390337058643,0,6,1,0
1900,0,3,46.31908517317099,11.495447416641422,0,10,1,0
1901,0,3,6.054153817658194,0.0,0,4,0,0
1902,1,3,70.07890841261359,46.97668921504968,0,7,0,1
1903,0,3,88.94919305888725,35.49950659030479,0,4,1,0
1904,1,2,47.67064237101257,66.94338545827812,0,9,0,1
1905,0,3,39.10463810863962,7.76448509056125,0,9,0,0
1906,0,3,73.4000683981019,25.68820482287265,0,6,1,0
1907,1,3,34.90454707944421,48.41443983783984,0,9,0,0
1908,0,3,50.35306744783247,29.45910823627304,0,5,1,0
1909,0,3,26.814113534049667,15.779307063398377,0,7,0,0
1910,1,2,67.64771605500238,72.15215372780614,1,5,0,0
1911,0,3,35.641758963483895,24.899408213680832,0,3,1,0
1912,0,2,32.07004154311264,21.03989702449543,0,6,1,0
1913,1,2,30.152769587310054,48.89579871919749,0,7,0,0
1914,1,2,40.39634984270517,30.544323667483987,0,3,0,0
1915,1,3,39.440358319732766,52.048484706257746,0,2,0,0
1916,1,3,49.71451495839087,54.668852578727304,0,2,0,0
1917,0,2,44.43815192719865,0.0,0,2,1,0
1918,0,2,45.38766561832572,22.11510236016095,0,3,1,0
1919,0,3,46.90145453310719,15.881317277623625,0,1,1,0
1920,0,3,34.35634079899953,0.6664032475542578,0,6,1,0
1921,0,2,50.632839404170255,39.155144123200515,0,10,1,0
1922,1,3,28.80144111363693,47.116584395289394,0,5,0,0
1923,0,2,58.838551990587,26.88651219507368,1,9,0,0
1924,0,2,53.716050590847196,20.773634153684778,0,9,1,0
1925,0,2,40.129694828439305,21.039989763703616,0,6,1,0
1926,0,3,58.11185402050184,30.697048424790054,0,5,0,1
1927,1,3,46.107037059861625,58.342530977123744,0,5,0,0
1928,0,2,66.62649370961668,27.018965199219853,1,8,1,0
1929,0,3,51.11940550767015,40.06330385722312,0,8,0,0
1930,1,3,48.26402268953059,51.23379702847183,0,3,0,0
1931,0,3,58.25204648695647,12.472878618190819,0,4,1,0
1932,0,2,60.4224197675382,12.771499968303639,0,7,0,0
1933,0,2,37.48258169562269,3.401396928781941,0,7,1,0
1934,0,3,58.427008305165515,30.069113155091927,0,2,0,0
1935,0,3,78.2502328082432,42.31967539152251,1,2,1,0
1936,0,2,57.02914305877603,36.742182614334205,0,5,1,0
1937,0,2,29.86852721542345,0.0,0,2,0,0
1938,0,3,45.598897141303944,1.728667604924381,0,2,1,0
1939,1,2,39.13487228422461,66.38158323473692,0,8,0,0
1940,1,3,43.668819754523724,38.40077987443171,0,5,0,0
1941,0,2,41.56562909296254,0.7715513149915827,0,4,1,0
1942,0,3,52.47345257269373,47.21830330398757,0,10,0,0
1943,1,3,34.13564090027547,20.788714550647516,0,4,0,0
1944,0,3,62.4247375043341,21.662584613298247,0,6,0,0
1945,1,3,61.11046349550894,67.12734829533504,0,2,0,1
1946,0,2,70.36417080136333,48.58014242940959,1,8,0,1
1947,0,3,52.68257853424277,23.645962279355803,0,5,0,0
1948,0,3,97.43454747305842,28.75259190448422,1,3,1,0
1949,1,1,60.97454094658912,62.98932050470719,1,2,0,1
1950,1,2,69.60838592542156,57.91615057113378,1,6,0,0
1951,0,2,66.7642004839282,42.13792974180023,1,6,1,0
1952,1,2,30.78590231789808,47.19666143150263,0,4,0,0
1953,1,2,54.0571905518817,72.54839396888802,0,8,0,1
1954,0,3,53.67393032083313,35.570720274681506,0,6,0,0
1955,0,2,47.91488939082852,38.476471369257254,0,10,1,0
1956,0,2,65.49316667616979,46.29174107370168,1,9,1,0
1957,0,1,43.65098485160223,22.322141841258585,0,2,1,0
1958,1,3,47.94659220291721,56.12513511750112,0,4,0,0
1959,1,3,83.82352926332095,79.09386404364203,1,5,0,1
1960,0,2,68.05708121735398,27.039920131096345,1,4,1,0
1961,0,3,58.48645728701928,3.041307813965531,0,1,1,0
1962,1,2,33.594877639448214,35.37080556297651,0,6,0,0
1963,0,2,73.17389585040256,44.6349419879235,1,5,1,1
1964,1,3,49.90288844699682,56.48183594219626,0,2,1,0
1965,0,3,28.053609451572104,20.18573447841217,0,7,0,0
1966,0,2,60.65977087133545,28.798092871624256,0,2,0,0
1967,0,3,40.291994168170234,20.878999339275175,0,7,1,0
1968,0,3,45.00842420337159,10.491262759251784,0,7,0,0
1969,0,3,48.52286778211269,5.636119775866194,0,3,1,0
1970,1,3,86.80537274226766,68.52397081539524,1,5,0,1
1971,1,3,62.56798401052378,63.711595946844525,0,3,0,0
1972,0,3,35.61111472142724,27.366239140891246,0,9,1,0
1973,0,2,45.10981499504404,25.774545761789817,0,5,1,0
1974,1,3,33.52703596260379,24.158152757816254,0,2,0,0
1975,1,2,45.405898724320416,36.49174426517436,0,5,0,0
1976,0,2,41.1268532524409,25.539674941930294,0,8,1,0
1977,0,3,29.58958913932593,11.206589729543293,0,2,1,0
1978,0,2,40.2985467210973,0.0,0,3,1,0
1979,0,2,40.29399271767438,19.469974360589294,0,5,1,0
1980,0,2,32.20154138579814,0.0,0,4,0,0
1981,0,3,51.97163436175304,27.07707191040781,0,3,1,0
1982,1,3,21.834910990480854,28.865924228567305,0,9,0,0
1983,0,3,42.39570395783259,4.981404857318032,0,6,1,0
1984,0,2,30.01278238338265,0.0,0,5,1,0
1985,0,3,39.650883861867484,5.899117299262522,0,5,0,0
1986,0,2,33.98964499309726,18.14782893842002,0,4,1,0
1987,1,2,34.726600376532566,25.286211735634847,0,4,0,0
1988,0,3,44.49044436163938,16.26951408646638,0,1,1,0
1989,0,2,36.05559114699182,2.0726849365626205,0,4,1,0
1990,1,2,51.304162423546494,45.22774890273212,0,8,1,0
1991,1,3,30.969344104515496,47.95998647494065,0,6,1,0
1992,0,3,49.408234011989926,36.67896011293898,0,7,1,0
1993,1,3,44.83380828881141,37.39994892048696,0,6,0,0
1994,0,2,7.652454929618173,41.9372230883253,0,12,1,0
1995,0,3,59.03410518676936,37.68972164941073,0,6,0,0
1996,0,3,36.447524219375204,21.18604332705594,0,5,1,0
1997,0,2,51.727737323319374,41.65338050990668,0,8,1,0
1998,0,2,66.76293181970208,47.43611389082289,1,4,0,0
1999,0,2,60.31745984115483,46.20042920907342,0,6,1,0
2000,0,2,38.489988839858334,24.44206704145582,0,6,0,0
2001,0,3,56.99531866509812,48.04353052069953,0,9,0,0
2002,1,3,40.50719544538527,47.09674757600397,0,5,0,0
2003,0,2,70.78273384995232,22.33725088449276,1,7,1,0
2004,0,3,30.707207587699926,0.0,0,2,1,0
2005,0,2,19.076627165435898,10.257217549535241,0,7,1,0
2006,1,3,51.02453004015151,67.57738486886602,0,7,0,0
2007,0,2,50.64434371626695,0.0,0,3,0,0
2008,0,3,16.508106559334916,0.0,0,5,1,0
2009,0,3,38.67699115704302,24.72307372238139,0,5,1,0
2010,0,3,68.2401100629601,26.617422177641192,0,6,1,0
2011,1,3,71.6244773436504,61.81555250969134,1,6,0,0
2012,0,3,56.5299834390432,25.591795276801278,0,8,1,0
2013,0,3,50.656157514699224,10.899996376512581,0,6,1,0
2014,0,1,45.61624498435968,27.872384644457124,0,5,0,0
2015,0,2,40.46558225238422,4.016675518544957,0,6,0,0
2016,0,1,29.920609193154615,0.0,0,5,1,0
2017,1,3,19.544356778692418,23.126512979783456,0,5,0,0
2018,0,2,49.761782978871565,9.661768212899172,0,4,1,0
2019,1,2,43.47256112074193,54.525577027296634,0,3,0,0
2020,0,2,59.19059701283756,12.502086696311107,0,4,1,0
2021,0,3,35.43920104166546,28.772729618281588,0,10,1,0
2022,0,3,68.64856279258628,25.60980703719341,0,8,1,0
2023,0,3,69.6172949256841,13.189691094743047,0,2,1,0
2024,0,2,71.9480973132319,24.780978737476406,1,4,1,0
2025,0,2,43.91930480421199,14.088024501323137,0,7,1,0
2026,1,3,44.92299847563247,34.771962593601195,0,5,0,0
2027,0,3,32.46987008519382,22.033664693124173,0,6,1,0
2028,0,1,54.056833306919614,9.393822542296162,0,3,1,0
2029,0,3,69.84207266636207,36.57689944787431,0,3,0,0
2030,0,3,67.4851578758076,18.426985577091077,0,3,1,0
2031,0,3,28.49879801524649,0.0,0,1,1,0
2032,0,3,22.262095247291665,0.5078216326552223,0,9,0,0
2033,0,1,38.37152769984661,10.824759103868555,0,10,1,0
2034,0,3,17.192554253371092,0.0,0,7,1,0
2035,0,3,59.030880116344626,9.273537507963521,0,2,1,0
2036,0,2,49.89845892973155,22.23205759949988,0,3,1,0
2037,0,3,49.23212883166725,7.961109649126685,0,5,1,0
2038,0,2,84.35761484645373,29.45299349389955,1,2,1,0
2039,1,1,62.42942290041527,41.93645331760665,1,3,0,0
2040,0,1,52.5936923827808,50.85582177615504,0,8,1,0
2041,0,3,44.313198159034826,37.9858001517145,0,11,1,0
2042,0,3,65.54769028742555,49.06994444203349,0,10,1,0
2043,0,2,52.58159476615838,36.87460986056256,0,6,1,0
2044,0,2,16.566413613365718,0.0,0,5,1,0
2045,0,3,52.175967232570684,30.43098560968721,0,4,1,0
2046,1,2,36.02635243203017,24.87960706663555,0,2,0,0
2047,0,3,55.63124192614656,46.62582683054957,0,6,0,1
2048,0,3,57.687502721513766,12.908232347394428,0,4,0,0
2049,0,3,38.964782342689446,0.0,0,4,1,0
2050,1,3,41.945518714304065,56.574943216113226,0,6,0,0
2051,0,3,46.41159076583075,36.339760873454956,0,7,0,0
2052,0,2,96.71011977968287,62.381985705035,1,5,0,1
2053,1,2,58.98035118017112,63.929743617869114,0,4,0,0
2054,0,3,69.25897064068299,22.170712334732105,0,6,0,0
2055,1,3,57.44044791601949,66.99998761266495,0,6,0,0
2056,0,3,33.95630336225975,2.138413302709428,0,5,1,0
2057,0,3,53.5447335418775,7.8150235318278005,0,1,1,0
2058,0,3,55.40777920258009,18.406980039301242,0,7,0,0
2059,0,2,55.36615597316052,30.905121869826033,0,4,0,0
2060,1,3,32.197846313287926,49.3545213156477,0,5,0,0
2061,0,2,60.70567861259547,15.069524238516806,0,4,0,0
2062,0,3,47.32202227270708,4.326857206117352,0,5,1,0
2063,0,3,78.17059949492062,32.80006959570718,1,7,1,0
2064,1,3,64.96913339920322,80.03227154570475,0,6,0,1
2065,0,3,52.640020834602176,25.905929293650292,0,3,1,0
2066,0,3,55.764803034527276,12.223339251750414,0,4,1,0
2067,1,2,48.595748105369466,59.17009354921169,0,8,0,1
2068,0,3,41.17884694602421,0.0,0,1,0,0
2069,0,3,33.66991896477857,2.0786902168400303,0,7,0,0
2070,1,3,51.66370333195495,35.77747229685419,0,4,1,0
2071,0,3,48.42590346003534,4.356587004246837,0,2,0,0
2072,0,3,65.44847431931167,16.730856805077245,0,3,1,0
2073,0,1,76.02120290326789,21.679285170376193,1,2,1,0
2074,0,3,79.07461935998445,51.40421776495673,1,5,1,0
2075,1,3,26.121464602516447,24.35482285808464,0,5,0,0
2076,0,3,65.19509984598653,36.02912459121937,0,8,1,0
2077,1,3,45.15420564699995,58.78526310657388,0,6,0,0
2078,0,3,52.37746172335703,10.88720096895749,0,4,0,0
2079,0,2,70.26817287700487,43.18432991577489,1,5,1,1
2080,0,3,42.46217859881011,25.041259254658964,0,5,1,0
2081,0,3,58.65290532764534,10.034172985632548,0,1,1,0
2082,1,3,35.413537741258814,56.01299580491981,0,7,0,1
2083,1,3,58.94416221628427,71.19720093752133,0,8,0,1
2084,0,3,36.62953046253324,3.6244515239589115,0,3,1,0
2085,1,2,67.8122519668722,76.3998032793412,1,6,0,0
2086,0,3,39.939879785822626,0.0,0,2,1,0
2087,0,1,61.03564221686461,38.69071207494803,1,5,1,0
2088,1,2,51.36883007277912,51.657818230133564,0,1,0,0
2089,0,2,49.498783537175854,2.177302544484043,0,4,1,0
2090,0,2,63.998148889070805,17.506579965764423,1,1,1,0
2091,1,2,51.301582478591655,38.00041170112364,0,3,1,0
2092,0,2,59.874309377018434,23.375936004684906,0,9,0,0
2093,0,3,56.40593793769521,14.27513067051505,0,4,1,0
2094,0,1,41.66701401040189,13.541981148584272,0,9,0,0
2095,0,2,35.78145136188057,17.350769156547514,0,4,1,0
2096,1,3,43.58675110820944,78.64974451828684,0,8,0,1
2097,0,3,63.50651166288476,40.6482257793642,0,6,1,0
2098,0,3,66.83091967278398,45.41517947123977,0,7,1,0
2099,0,3,57.23239766346645,39.918811527355906,0,7,0,0
2100,0,2,69.75316243356177,41.205055340993,1,5,1,0
2101,1,2,53.68222212287004,61.33832975846319,0,7,0,1
2102,0,2,35.862999191021466,28.585777411210938,0,8,1,0
2103,0,3,50.579117438696684,19.285740986945612,0,9,1,0
2104,0,3,42.07041930779771,24.888216337704396,0,6,1,0
2105,1,2,61.81365267348903,59.63623739992504,0,3,0,1
2106,1,3,35.57210093491696,59.04396310691965,0,8,1,0
2107,0,3,36.07426904315526,0.0,0,4,0,0
2108,0,2,43.7914132547046,7.092322143316418,0,7,1,0
2109,0,3,34.084038157817844,24.52305616468848,0,5,1,0
2110,0,2,45.739662180414875,32.65655558654626,0,9,1,0
2111,0,2,42.28521800669113,0.0,0,3,0,0
2112,0,2,56.71762384572381,32.896675105057916,0,4,1,0
2113,1,2,40.56541845426037,56.33104430666646,0,5,1,0
2114,1,2,54.765542653773146,51.00923786469168,1,6,0,0
2115,0,3,44.733593754341854,23.528356582453345,0,4,1,0
2116,0,3,57.547206722658146,11.391398347566545,0,4,1,0
2117,1,2,35.92970760523309,42.10013283597,0,2,0,0
2118,0,1,67.74312124090785,48.48308935080906,1,5,1,1
2119,0,2,64.99089165589487,21.01709285262974,1,7,1,0
2120,1,3,52.89284151340941,78.2659881962324,0,11,0,1
2121,0,3,62.87640939105115,39.393618444332965,0,5,1,0
2122,0,2,61.83140547822534,30.519182666945518,1,1,1,0
2123,1,3,49.64138112337673,41.50752302758098,0,3,0,0
2124,0,2,66.50070969305287,18.184567446624442,1,5,1,0
2125,0,3,61.555255842963135,49.084046876222075,0,3,1,1
2126,0,2,64.65156184003031,35.5263454068776,1,6,0,0
2127,0,3,49.01367408067676,29.931196977698473,0,6,0,0
2128,0,2,72.08612202003489,23.34652356962131,1,6,1,0
2129,0,3,40.465025117028915,19.88030829010493,0,4,0,0
2130,1,2,47.5001588939182,37.20940131818557,0,4,0,0
2131,0,3,42.85804814841435,0.0,0,2,1,0
2132,0,2,70.20973629912544,26.123742481333117,1,6,1,0
2133,0,3,44.11006533949331,0.0,0,2,1,0
2134,0,2,39.10934857216625,19.240160039464513,0,3,1,0
2135,0,2,71.87190331039132,19.684793820885865,1,3,0,0
2136,1,3,57.508627973709196,64.93408361803212,0,10,0,1
2137,1,2,53.98545595102972,66.25167573651689,0,8,1,0
2138,0,3,50.80516659411545,28.65240837329307,0,4,1,0
2139,0,3,65.48571542567014,33.78190043278395,0,3,1,0
2140,0,3,68.09222334379503,30.390678874447403,1,8,1,0
2141,0,1,68.16397641792432,47.729442349289144,1,6,1,0
2142,0,3,61.48519072866443,47.88426054622724,0,7,1,0
2143,0,2,31.346958327799747,15.95137700470755,0,4,1,0
2144,0,3,39.53560256150863,3.849517831666671,0,5,1,0
2145,0,3,48.175189968988235,28.729139545981056,0,5,0,0
2146,1,2,51.95667439467947,49.59934101960868,0,8,0,0
2147,1,2,57.49242383000608,68.93190016811815,0,5,0,1
2148,0,2,55.7021349333394,23.43455544178956,0,2,1,0
2149,0,3,39.181684140901666,14.3311448107257,0,10,1,0
2150,0,2,65.8279482222656,38.36638513950986,0,7,1,0
2151,0,3,34.87804136998,26.40029359594816,0,6,1,0
2152,1,2,48.56525088976939,33.03563927162519,0,4,0,0
2153,1,1,33.66723983596784,53.32908054724333,0,6,0,0
2154,0,3,65.38601200964376,10.625917134424338,0,3,1,0
2155,1,2,38.03631275767864,55.33820650804182,0,4,1,0
2156,1,2,44.79949286692378,57.912698121640666,0,5,0,0
2157,1,2,43.048689978983504,38.39364457135368,0,5,0,0
2158,0,2,49.017970074169284,31.004404367484934,0,6,0,0
2159,1,3,0.0,49.309039879105285,0,5,0,1
2160,1,3,67.39017559068408,65.57031188636836,0,2,0,0
2161,0,2,17.457122353571794,0.0,0,3,1,0
2162,0,2,33.362382667719274,20.20543507160626,0,6,1,0
2163,1,2,63.9960129319071,67.80631278150231,1,4,0,1
2164,0,2,41.01351318894161,0.0,0,3,0,0
2165,0,2,72.02435137453642,30.97325684573273,1,8,1,1
2166,0,3,58.95893645876547,20.456922108783417,0,7,1,0
2167,0,3,64.40747421135539,25.08224185520001,0,7,0,0
2168,0,3,39.22963297739795,7.145653416463145,0,7,1,0
2169,0,3,20.930648052483374,0.0,0,2,0,0
2170,0,2,75.03339798612036,24.158450701336044,1,2,1,0
2171,0,2,100.0,16.676188049002768,0,4,0,0
2172,0,2,49.34697603063234,28.1689978214631,0,10,0,0
2173,1,1,27.123226649039232,44.76302344356646,0,2,0,0
2174,0,3,59.97114502182954,13.623352203368926,0,3,1,0
2175,0,3,44.24898480391229,24.658811979370334,0,6,1,0
2176,0,2,3.904699490358481,7.732083140607159,0,8,0,0
2177,1,3,41.44233067778692,49.60174629711636,0,5,1,0
2178,0,1,23.302455829584552,12.507496568868913,0,6,1,0
2179,0,2,47.06657221878916,8.892808921389147,0,5,0,0
2180,1,3,53.64526688002546,54.196305573406605,0,1,0,0
2181,0,1,41.8879237021014,31.08933970277665,0,9,1,0
2182,0,3,40.765585339843696,0.0,0,3,0,0
2183,0,3,58.53895443870728,16.697813325766383,0,8,0,0
2184,0,2,81.94674312713961,54.438296807670774,1,3,1,1
2185,1,3,51.00001811555678,57.07360682236002,0,4,0,0
2186,0,3,47.95197934117779,4.106398860088504,0,2,1,0
2187,0,3,39.00020731464978,30.5885766325081,0,4,0,0
2188,1,3,62.884522392818475,70.58843682200879,0,5,0,0
2189,0,3,61.09192074962353,35.387632898253614,0,6,0,0
2190,1,2,44.06227129545922,30.610819783080565,0,2,0,0
2191,1,2,31.96340960214896,39.493689796082336,0,3,0,0
2192,1,2,64.07035848479458,46.95242798538043,0,5,1,0
2193,1,1,55.64356681697768,45.68037379497073,0,6,0,0
2194,0,2,64.26179841317007,16.55519891073426,0,5,0,0
2195,1,2,60.25381669139533,71.8698685394955,1,6,0,1
2196,0,3,26.646916160622325,0.0,0,4,1,0
2197,0,2,34.611569339105245,0.0,0,3,1,0
2198,1,1,62.37310134734255,44.45841517130392,1,4,0,0
2199,1,1,65.67970625741899,51.516247286720656,1,6,0,1
2200,1,3,66.00491339181102,50.916949787190056,0,6,0,1
2201,1,3,43.405184836946475,67.59940526542442,0,8,0,1
2202,0,2,53.733204330093486,32.33168584849829,0,5,1,0
2203,0,3,86.34895168480314,18.289544464974057,0,3,0,0
2204,1,3,44.09262516126445,27.068204687669333,0,2,1,0
2205,0,3,49.71210281531517,32.97851511187548,0,6,1,0
2206,0,2,51.13658141035618,29.617901005922935,0,7,1,0
2207,0,3,34.30776524080323,11.452912528884507,0,2,1,0
2208,0,3,56.348779579679565,36.58041172156791,0,6,0,0
2209,1,3,41.89823109886099,31.627946230767815,0,5,0,0
2210,1,2,59.43358503398172,45.85861087660212,0,5,0,0
2211,0,3,26.616314978483224,18.498827700333774,0,6,1,0
2212,0,1,65.45393066528949,36.572984073929476,0,6,1,0
2213,0,3,90.28546528068725,48.38942302890338,0,10,1,0
2214,0,3,30.428887457317817,13.722933449990867,0,5,1,0
2215,0,2,76.32241840700797,45.89305616621613,1,4,1,1
2216,0,1,62.52082788408219,12.323915763932298,1,4,0,0
2217,0,3,66.24308496242473,22.17112114140879,0,6,1,0
2218,0,2,63.55372294034565,37.01013093521816,0,2,1,0
2219,1,2,31.251763718469203,54.123983795497445,0,7,0,1
2220,1,3,72.97685185910807,46.567097514123496,0,6,0,0
2221,0,2,58.72451825163241,40.17798013298805,0,8,1,0
2222,1,2,1.541970331990589,5.6037970316929355,0,3,0,0
2223,0,3,36.59582310114192,15.287895952227123,0,2,1,0
2224,1,3,46.09500806708748,51.46490082853698,0,2,0,0
2225,1,3,57.219258702291214,70.59167140602835,0,10,0,0
2226,0,2,72.71146508772472,29.52575970484154,1,6,0,0
2227,1,3,54.969991476636736,35.83933928327682,0,2,0,0
2228,1,3,47.410302797521055,33.74816865131499,0,0,0,0
2229,0,2,60.75425853005761,34.29153300629495,1,4,0,0
2230,0,2,64.23530235154395,27.673874799649653,0,8,0,0
2231,1,2,62.916787151484215,77.0765319959593,1,8,0,1
2232,0,2,31.29395721445391,23.565991216779246,0,8,1,0
2233,0,3,53.69588087989211,27.318707596313523,0,3,1,0
2234,0,3,40.193909527711675,0.0,0,1,1,0
2235,0,3,43.15757822514952,19.698753634570778,0,2,1,0
2236,0,3,83.97738486436926,50.37331394904897,1,6,1,0
2237,0,3,46.52239714611869,25.515818223706667,0,4,1,0
2238,0,2,34.36392161602093,15.75453009295989,0,3,0,0
2239,0,3,45.0450329712203,35.36862967169208,0,8,1,0
2240,0,3,66.90113066206531,14.310094852577965,0,3,1,0
2241,1,2,40.910285319755054,40.46540154052893,0,7,0,0
2242,0,3,69.56004506250417,21.645248017368402,0,5,1,0
2243,0,2,52.24129439813565,13.599479234233405,0,7,1,0
2244,0,3,32.099010744002385,16.626539627678543,0,3,1,0
2245,0,3,11.557517201282101,0.7273681197069708,0,5,1,0
2246,0,2,77.71571489531384,53.61212970210161,1,6,1,0
2247,1,2,42.77444179422678,59.842811088610844,0,8,0,0
2248,0,2,40.95616314943308,25.509135839604912,0,5,1,0
2249,0,3,41.85411820569294,3.199700105035965,0,4,1,0
2250,0,3,44.176782637934274,10.806186162412784,0,7,1,0
2251,0,2,53.33357422494475,10.130262201704905,0,5,1,0
2252,1,3,27.53184298336536,24.106480843483247,0,6,0,0
2253,1,3,69.38323136314195,69.64789539758067,0,5,0,1
2254,0,3,28.655689894874577,9.621161383054957,0,8,1,0
2255,0,3,33.69483538985739,0.0,0,5,1,0
2256,0,3,43.86673789792438,11.24144673023208,0,3,0,0
2257,0,3,55.59331289730858,34.27019648064101,0,9,1,0
2258,0,2,74.87108243185604,47.42054181181362,1,5,1,1
2259,1,2,35.484681189234664,59.57549716688426,0,10,0,1
2260,0,3,30.40197815111068,0.0,0,5,1,0
2261,0,3,62.52169612508365,39.4453397560333,0,5,1,0
2262,0,3,62.988434178793135,42.26484546513723,0,5,1,0
2263,0,2,53.297800749370126,10.831492682998524,0,5,1,0
2264,0,2,41.75962919629663,0.09208685617224166,0,3,0,0
2265,1,2,15.506090922396456,11.66182883518333,0,5,0,0
2266,1,3,61.08984083645997,37.156259923205646,0,3,1,0
2267,0,3,43.53762571099969,11.593471940970145,0,7,1,0
2268,0,3,62.64992466623343,34.20279044358915,0,2,1,0
2269,0,2,52.715097345882356,36.12803075174075,0,7,1,0
2270,0,2,70.40507874195633,22.090010465784175,1,4,1,0
2271,0,3,58.913610138755935,40.68262547039694,0,6,1,0
2272,0,1,45.45602345549568,1.102940979882828,0,2,1,0
2273,0,3,50.378119584261995,6.428881581626387,0,5,1,0
2274,1,3,55.34425392528163,46.253598540071984,0,5,0,0
2275,0,3,58.373345331210515,34.5070428241748,0,6,1,0
2276,0,1,34.31823297064522,17.729045307978403,0,6,1,0
2277,1,2,26.742578966851386,44.542441790413974,0,7,0,0
2278,1,2,57.38613123622197,63.40234148880075,0,5,0,0
2279,1,2,52.63949326422866,35.27846050297126,0,4,0,0
2280,1,2,43.71696460615699,52.77787698656185,0,3,0,0
2281,0,3,67.01581531091917,27.17158971895028,0,8,1,0
2282,1,3,29.907215086437272,29.45141731980086,0,6,0,0
2283,0,3,76.73622011198647,31.043939948366322,0,7,1,0
2284,0,1,51.62790035515224,19.1344592731284,0,7,1,0
2285,0,3,36.0802197099891,23.112300530862246,0,9,1,0
2286,0,3,36.78448768063296,19.59528277602754,0,5,1,0
2287,0,3,44.18480241697016,0.0,0,2,1,0
2288,0,3,75.83717886400471,49.873104906148214,1,6,1,0
2289,1,3,16.873094242913808,39.618549294918,0,2,0,0
2290,0,1,49.15494449083667,35.70753554319243,0,9,1,0
2291,0,3,59.64329184104505,18.261917887570508,0,5,1,0
2292,0,2,13.606637380481706,1.7108957861001994,0,3,1,0
2293,0,3,59.84023398378456,5.605245340232277,0,4,1,0
2294,0,3,42.72357837136579,0.0,0,1,1,0
2295,0,1,48.776828865183795,38.00099773060984,0,10,1,0
2296,0,3,70.08499077763075,19.998367161442438,0,3,1,0
2297,0,2,57.452202259816076,1.5414817384002513,0,1,1,0
2298,1,1,54.18318726540893,84.51394306042533,1,8,1,1
2299,0,3,50.48094703544794,33.12836265329686,0,4,0,0
2300,0,3,59.142922856198005,31.063928163816044,0,3,1,0
2301,0,3,79.65113629435147,45.6309801498902,0,3,1,0
2302,1,2,65.29510547197421,47.0156425488686,1,4,0,0
2303,0,2,51.910945184181664,8.649645517359605,0,2,0,0
2304,1,3,75.06303813625475,82.07733031972577,0,6,0,1
2305,0,3,33.38409621881013,15.96169593962703,0,3,1,0
2306,0,2,43.37242065232883,6.419584250940316,0,6,1,0
2307,0,2,64.70190643025681,29.146861696449697,0,2,1,0
2308,0,3,12.623824751014606,0.0,0,2,1,0
2309,0,3,33.227133772262334,6.455024981933909,0,6,0,0
2310,0,2,82.8503660250679,10.87961020162384,0,2,0,1
2311,0,2,45.83680243490105,23.05960977459254,0,3,1,0
2312,1,3,72.41047168085672,49.529956414214546,0,3,0,1
2313,0,3,51.222186038850346,12.333813413859236,0,6,0,0
2314,0,3,52.98443548601489,15.202835215343454,0,5,1,0
2315,0,2,57.92095520369647,31.296390043243527,0,3,0,0
2316,1,3,79.74394661023152,80.91279485608081,1,5,0,1
2317,0,2,57.230673851805214,18.39892713129355,0,4,1,0
2318,1,2,34.24104863500358,64.19962027440903,0,4,0,0
2319,0,3,40.54251838160266,26.73042852708539,0,6,0,0
2320,0,3,65.18920842122465,19.334891055539966,0,4,1,0
2321,0,3,76.05785363971532,40.82121780927481,0,4,1,0
2322,0,3,68.18121353119915,37.483567562125394,0,3,0,1
2323,0,3,26.529513924667206,0.0,0,6,1,0
2324,1,3,27.704432407031685,28.374180198687466,0,7,0,0
2325,0,2,33.273118366278965,0.0,0,5,1,0
2326,0,3,49.11759808167997,9.66271594143307,0,9,0,0
2327,1,2,45.516850901291,40.66341778478781,0,5,0,0
2328,0,2,46.992836764692456,5.307123656055697,0,5,0,0
2329,0,3,29.96831916553052,0.0,0,4,1,0
2330,0,3,30.04369173456547,0.0,0,2,0,0
2331,0,2,57.480971720560746,42.19464664895916,1,7,1,0
2332,0,2,62.930140328647916,19.354511283501154,0,4,1,0
2333,1,3,61.15998308637278,56.29486508145675,0,2,0,1
2334,1,2,31.370336758024855,44.45289163731187,0,7,1,0
2335,0,3,4.9561733017958005,23.691577775586566,0,3,0,0
2336,0,3,40.36870531374089,0.0,0,5,0,0
2337,0,3,53.251480885171624,38.360324967146866,0,4,0,0
2338,0,3,39.360032235417215,27.09921701961276,0,8,1,0
2339,0,2,0.0,4.612186064900657,0,3,1,0
2340,1,3,15.739647857826562,18.01025612500653,0,5,0,0
2341,0,2,80.63832199014074,28.06031431814998,1,4,1,0
2342,0,3,30.88586203687313,0.0,0,5,1,0
2343,1,3,23.264853498595034,43.60119542021231,0,7,1,0
2344,0,3,36.874726768616696,11.625140807668963,0,5,1,0
2345,0,1,55.47231083989301,31.137854127647536,0,5,1,0
2346,0,2,43.30888062825825,0.0,0,4,1,0
2347,0,3,49.79639026832031,13.029069095548119,0,7,1,0
2348,0,3,55.64088275003518,22.536846935383085,0,8,1,0
2349,0,2,56.1432122901728,20.61305834809898,1,3,0,0
2350,1,2,60.109996335042574,50.31034049345383,0,5,0,0
2351,0,2,66.43054970219562,21.02411089992926,1,4,1,0
2352,1,1,47.45507405308254,36.26258752352219,0,2,0,0
2353,1,3,68.41771870825097,79.84645441943381,0,9,0,0
2354,0,2,28.835301943113496,4.413071921162237,0,2,0,0
2355,0,2,78.21057068689788,26.610768992161724,1,3,1,0
2356,0,2,37.78184731072778,7.220873209598277,0,5,0,0
2357,1,3,82.7962384135964,44.24524653988151,0,8,0,0
2358,1,3,42.269760542385356,30.193248471437965,0,4,0,0
2359,0,2,37.5836582521247,21.300835417337595,0,5,1,0
2360,0,3,54.15076358023884,7.578047876757143,0,4,1,0
2361,0,3,43.566221449065864,26.9275993608785,0,7,1,0
2362,1,2,80.24099903205313,78.69188957981936,1,4,0,1
2363,0,3,53.23583984214563,18.802861983332416,0,9,1,0
2364,1,1,30.365583115688327,29.673588148171785,0,5,0,0
2365,1,2,81.34941084733879,61.94876995621289,1,4,0,1
2366,0,2,52.80144242694528,15.254055723861548,0,6,1,0
2367,0,2,53.33309206204597,37.45008105359887,0,5,0,0
2368,1,3,71.37748690598701,45.910449046303995,0,4,0,0
2369,1,3,34.6259588412385,32.73212020559676,0,7,1,0
2370,0,2,54.86292387068109,27.927889923001942,0,10,0,0
2371,0,3,45.533476437752,4.579479159284625,0,4,1,0
2372,0,2,32.26694218199755,9.025782597053613,0,1,1,0
2373,0,2,59.38323827966765,33.586965859036994,0,4,0,0
2374,0,3,41.425236722234885,20.56328606386178,0,3,1,0
2375,1,3,35.65068827740332,28.63896100508787,0,3,0,0
2376,0,3,57.6055651711571,29.18467823631575,0,4,1,0
2377,0,3,58.181949999387946,14.632928538149988,0,5,1,0
2378,0,3,73.62518521207302,45.02944540591063,0,4,1,0
2379,0,3,71.49305932661792,46.471527100318255,0,6,1,0
2380,0,2,50.31805300740252,36.4536323438687,0,4,1,0
2381,1,3,50.445184873049264,42.404735553614664,0,6,0,0
2382,0,3,72.66821940964601,46.91865794038891,0,5,1,0
2383,1,2,39.91640068651869,53.422881818635496,0,4,0,0
2384,0,3,39.53246307756852,30.342294178377237,0,4,1,0
2385,0,2,48.23637768037004,7.01513593179553,0,4,1,0
2386,1,3,54.52724494828451,28.930105533544054,0,2,0,0
2387,1,3,61.08451932379093,52.55357807192026,0,8,0,0
2388,0,2,63.59596179403037,20.769566203556018,1,7,0,0
2389,0,2,45.60824524129882,35.322963652705596,0,8,0,0
2390,0,2,63.175155162155896,13.310828163177927,1,3,1,0
2391,0,2,31.953626162798237,0.0,0,5,1,0
2392,1,3,65.08203899159379,47.67046408576104,0,5,1,0
2393,0,2,47.99892447110936,27.738858562522488,0,5,1,0
2394,0,2,86.93060243310596,57.7898846397479,1,7,1,0
2395,1,2,42.58678318914327,41.466857435108615,0,8,0,0
2396,0,3,68.40168176809873,24.932264021739915,0,5,0,0
2397,0,3,50.341792007362926,8.841400408733634,0,3,1,0
2398,0,3,56.650479555530545,23.983396201935744,0,4,1,0
2399,0,2,61.010787520660266,39.666671773111574,0,7,1,0
2400,0,2,41.16951434890607,25.99932900573393,0,6,0,0
2401,0,3,78.74182334386465,28.732467417204738,1,5,1,0
2402,0,3,60.92252035516369,40.17229141326291,0,4,1,0
2403,0,3,80.28992888985789,29.10195476104125,0,4,1,0
2404,0,2,64.14503640014993,2.1845622277279535,0,1,0,0
2405,0,1,78.71363387597657,23.087234701060126,1,3,0,1
2406,0,2,60.33275440791882,40.81688129707371,0,8,0,0
2407,0,3,27.322013090196222,2.0256960943534894,0,8,1,0
2408,0,2,44.73520267086204,0.0,0,2,0,0
2409,1,2,52.327243652973934,43.626305901877174,0,4,0,0
2410,1,2,53.32540227753973,59.515205726853395,0,5,0,0
2411,1,3,52.285549130046526,53.75300914084212,0,8,0,0
2412,0,3,22.224788460960113,5.799312655551291,0,2,0,0
2413,0,2,56.6525683889994,37.08218872964084,0,4,1,0
2414,0,3,42.51323263691173,34.855459300507,0,9,1,0
2415,0,3,35.16422542108014,2.196725678243558,0,5,1,0
2416,0,2,34.552673076042716,7.015847177621943,0,8,0,0
2417,0,2,72.9862616709278,18.252997620233046,1,3,1,0
2418,1,1,40.740337877279906,45.99201323760906,0,3,0,0
2419,0,2,42.97214937654744,22.390103241631174,0,3,0,0
2420,0,3,36.831933289335126,9.48391584777379,0,7,1,0
2421,0,2,23.36900023505833,0.0,0,5,0,0
2422,0,3,32.11483455047398,23.58133169472145,0,6,1,0
2423,1,3,45.11254787038358,40.57122613756531,0,6,0,0
2424,0,2,91.4324907402486,34.78938543057623,1,4,1,0
2425,1,1,62.40036087392391,59.39057369021242,1,6,0,1
2426,1,1,62.58475392076235,69.32711410770372,0,7,0,0
2427,0,3,29.51313873533273,14.764853724425743,0,4,1,0
2428,1,2,54.471761459602114,34.23139884948169,0,2,0,0
2429,1,2,0.0,55.554057750711415,0,5,0,0
2430,0,2,39.77836016553098,1.2748752145169746,0,4,1,0
2431,0,2,49.61261777214594,32.78253543863153,0,8,1,0
2432,0,3,50.26861383617915,29.932900942398277,0,4,1,0
2433,0,2,25.10400305149845,0.0,0,5,0,0
2434,0,2,22.538939178427935,0.0,0,3,0,0
2435,0,3,60.70436472050034,10.332498556145847,0,1,1,0
2436,0,3,55.66689511960316,46.06406884509593,0,9,1,0
2437,0,3,58.49671699320688,34.98952343536006,0,3,1,0
2438,0,3,26.631842052069526,0.0,0,8,1,0
2439,1,3,50.96970238020724,38.65365652337623,0,3,0,0
2440,0,3,41.27312457071671,10.404991664781694,0,6,1,0
2441,1,3,37.67761195395172,45.587106364927735,0,1,0,0
2442,0,3,34.16594705425243,16.729556821241403,0,4,0,0
2443,0,3,38.64052170824475,5.2332316432330686,0,5,0,0
2444,0,3,41.759236964455184,27.617563264029485,0,1,0,0
2445,0,3,23.529205529563264,11.592836451540714,0,4,0,0
2446,0,2,58.8166813550574,14.383362882624953,0,4,1,0
2447,1,3,54.5473514224885,46.53594772237674,0,6,0,1
2448,0,3,62.664940768955745,19.512709255940656,0,5,1,0
2449,1,3,40.228796710220514,33.779823474277805,0,5,0,0
2450,0,3,13.973021010630559,0.0,0,5,1,0
2451,0,2,45.95925652316562,33.63698315835994,0,3,1,0
2452,0,2,63.71019376747416,36.73553247499934,1,5,1,0
2453,0,3,45.70058558196977,29.13991131627667,0,7,1,0
2454,0,3,35.942439137019925,22.310442960361666,0,6,1,0
2455,0,3,56.253033458124904,12.199540428912737,0,4,1,0
2456,0,2,56.638116669781525,8.715874827014655,0,1,0,0
2457,1,1,70.3114633688126,49.893190995683455,1,4,0,1
2458,1,3,49.23868514883303,51.82247536577719,0,3,0,0
2459,0,3,38.91059469897152,29.354617252016283,0,7,1,0
2460,0,2,60.75853117318033,15.457891619313608,0,5,1,0
2461,0,3,60.15607874887128,18.394154766409176,0,8,1,0
2462,0,3,49.1733602709557,21.12042768014934,0,6,1,0
2463,0,3,48.669345488884204,11.270363821801878,0,6,1,0
2464,1,3,61.59015127104099,41.29398646058852,0,2,0,0
2465,0,3,75.00496089826471,29.177509346534332,0,4,0,0
2466,1,2,43.18378400461453,38.23276416459483,0,4,0,0
2467,0,2,38.173104717325955,24.163918642864235,0,7,0,0
2468,1,3,38.3789137264617,54.70770881886003,0,5,0,1
2469,0,3,46.22518323695266,8.044125948198982,0,3,1,0
2470,0,2,28.150083368641777,5.625403909071206,0,3,1,0
2471,0,3,57.65203178658173,26.479463203782053,0,5,1,0
2472,1,2,59.30455859274668,43.91836775428325,0,4,1,0
2473,0,3,65.70352066767634,29.684293241066346,0,6,1,0
2474,1,3,20.318874364925275,21.156238732086923,0,5,0,0
2475,0,3,63.485881426982175,41.393427125837064,1,5,1,0
2476,0,2,35.43339903227264,4.838059061348183,0,5,1,0
2477,0,3,69.71809593886098,38.913789742514155,0,3,1,0
2478,0,3,36.970984000835905,31.168367672007868,0,8,1,0
2479,0,3,32.461311066718814,10.614560584432901,0,2,0,0
2480,0,3,66.07733022816606,15.845293633143225,0,2,1,0
2481,0,3,68.70930259746552,22.444681109881067,0,3,0,0
2482,1,2,66.38029913349979,55.880740346294914,1,8,0,1
2483,0,1,16.484387006133858,0.0,0,1,1,0
2484,0,2,53.2871577779035,1.1414038018810309,0,2,1,0
2485,0,2,51.89930835333836,6.176910254317849,0,2,0,0
2486,1,2,65.18651422214961,67.95115547609097,1,5,0,1
2487,0,3,62.00317198125019,18.075262409336112,0,5,1,0
2488,1,3,60.983582572061955,69.2326939555238,0,5,0,1
2489,0,3,28.31010284524052,0.523951383038195,0,7,1,0
2490,0,3,41.08704862105957,3.8684595572131633,0,3,0,0
2491,0,3,42.06622059312251,20.69278566317792,0,3,1,0
2492,0,3,55.60852860583598,32.307491845756445,0,5,0,0
2493,0,3,62.01873134339327,35.81452055723841,0,4,0,0
2494,0,3,38.168976956754285,0.43818764710084057,0,2,0,0
2495,1,3,56.85062651191353,58.50903049862487,0,4,0,0
2496,0,3,43.43028675588439,3.0066220734267795,0,5,1,0
2497,0,3,69.34927816414057,19.270274095371317,0,4,1,0
2498,0,2,43.890016737491806,19.01154170319068,0,2,1,0
2499,1,3,56.06246439802627,61.06663829241734,0,3,0,1
2500,1,2,30.884766454551745,38.3006093747146,0,10,0,0
2501,0,2,49.142287664297875,27.461226045769532,0,7,0,0
2502,0,3,36.74151823318324,0.0,0,3,1,0
2503,0,3,53.439425763552634,33.456962261982895,0,5,1,0
2504,1,3,38.81434445656884,64.57286734663465,0,9,0,1
2505,0,3,68.7617744906695,48.73470786730914,0,5,1,0
2506,1,2,29.97549611267276,28.99166294565041,0,7,0,0
2507,0,2,75.35558723469981,0.0,0,6,1,0
2508,0,3,47.93502552937654,26.50718895130094,0,1,1,0
2509,1,2,66.9335792538699,46.77673716854158,1,4,0,0
2510,0,2,44.255999361380496,35.76453738854954,0,7,0,0
2511,0,2,52.41635487795215,27.77207414481098,0,5,1,0
2512,1,3,71.02414648576202,78.4129376030315,0,6,0,1
2513,0,3,45.820447874736615,36.66524948442511,0,8,1,0
2514,0,3,38.455410535189216,0.0,0,4,1,0
2515,0,3,72.57013044044756,28.663356881602546,0,6,0,0
2516,1,3,54.74472300793329,77.77448372836638,0,8,0,1
2517,1,3,2.0908760835041926,27.126885505681145,0,6,0,0
2518,0,3,69.13909471603156,23.88363619131896,1,5,1,0
2519,0,1,28.292743458860528,16.603872202775253,0,3,0,0
2520,0,3,50.424855030009276,9.619885980413814,0,3,0,0
2521,0,3,24.105131554808416,15.367901928593454,0,9,1,0
2522,0,3,52.434559589018235,35.01809852821434,0,7,0,0
2523,0,2,41.52805912377013,27.03761767617486,0,4,0,0
2524,0,3,38.345542188831516,20.852135323134522,0,3,1,0
2525,1,3,42.82520281690501,39.90208014661081,0,11,0,1
2526,0,2,30.33737944003309,0.0,0,2,1,0
2527,0,3,39.33341514347776,9.78078460443638,0,7,0,0
2528,0,3,63.32611659083752,36.370671811686954,0,2,0,0
2529,1,3,58.15778690700615,42.42454803441262,0,5,0,1
2530,1,3,64.70528969347889,64.38161270515856,0,2,1,0
2531,0,3,45.08772845683866,7.259122353054508,0,7,0,0
2532,0,1,42.21449947518053,7.821085420530081,0,5,0,0
2533,0,3,24.10752080679351,11.624759524544583,0,3,1,0
2534,1,2,100.0,45.58066050975958,0,7,1,0
2535,1,3,47.14075742760055,41.71990946951312,0,6,0,0
2536,0,3,18.811186174044284,12.41054208674323,0,6,1,0
2537,0,2,38.01270535811213,11.855511792413576,0,3,1,0
2538,1,1,51.30514025927771,59.86140737272801,0,4,0,0
2539,0,3,49.92447432558533,25.384565319536414,0,3,1,0
2540,1,2,46.07819972814655,43.5946749479247,0,4,1,0
2541,0,3,64.76509506875537,24.15295633369289,0,4,1,0
2542,0,1,58.33844896807189,32.28449414077239,0,4,1,0
2543,0,3,54.92708606705483,1.2263088259699977,0,4,1,0
2544,1,3,34.288282848765085,34.00210339408073,0,7,0,0
2545,1,2,23.688151865626242,44.872625250273764,0,7,0,0
2546,0,2,64.63531157898204,7.680950477302796,0,3,1,0
2547,0,3,49.01837547473725,5.22385443051096,0,3,1,0
2548,0,3,61.865133443295285,37.141681905868815,0,4,0,0
2549,0,3,45.39696224549358,27.210122093623866,0,6,0,0
2550,1,3,35.692745812743425,49.197812431497496,0,4,0,0
2551,0,3,36.23584823724163,0.06543068016612619,0,3,0,0
2552,0,2,75.44534335110397,25.140658305736146,1,5,1,0
2553,0,2,56.87665278327645,11.424109502708728,0,4,1,0
2554,0,2,35.70038296428528,0.0,0,5,1,0
2555,1,3,32.39860577577095,27.248401297005273,0,5,0,0
2556,0,3,70.22376324361586,37.41999573514921,0,2,1,0
2557,0,2,49.07843307741836,32.21780554561859,0,6,0,0
2558,0,2,40.56694424416049,33.96959701387645,0,5,1,0
2559,0,3,0.0,30.79655138822675,0,6,0,0
2560,1,2,62.21217965217872,40.07548308004523,1,4,0,0
2561,0,2,52.09504840993637,30.91864976077111,0,4,1,0
2562,0,3,35.06234836301685,31.27890339502106,0,10,0,0
2563,1,2,55.58990277493253,62.024163531730906,0,4,0,1
2564,0,2,31.734638077301124,3.4436182056647464,0,8,1,0
2565,0,2,27.180494502502548,0.0,0,4,1,0
2566,0,3,48.40174026380415,19.302670788609824,0,6,1,0
2567,1,2,32.96051853800701,25.4669956985504,0,3,0,0
2568,1,2,53.37293064460827,49.21726191364967,0,8,0,0
2569,0,2,36.13345557493551,13.667382459141882,0,8,0,0
2570,1,3,100.0,53.584786104553906,0,9,0,1
2571,0,3,48.82592178248603,3.6996389422591047,0,2,1,0
2572,0,3,40.16449821793752,24.76018820442311,0,4,1,0
2573,0,2,52.68084359154198,32.07055207836941,0,4,0,0
2574,0,3,28.840737421512436,2.3139904986249347,0,9,0,0
2575,1,2,53.1141184241035,47.57285997548221,0,4,0,0
2576,1,3,49.343205482905994,30.73295128037293,0,2,0,0
2577,1,3,45.71260992519615,33.13980313672412,0,4,1,0
2578,1,2,40.8054010092339,31.926352604439582,0,4,0,0
2579,1,1,21.143761459468458,25.939910005210635,0,8,0,1
2580,1,3,32.38763986153576,34.63381782179735,0,6,0,0
2581,0,2,61.65873667907548,32.14360840995852,0,3,0,0
2582,0,2,43.5522530139118,14.707374079642223,0,8,1,0
2583,1,2,40.98608306340068,58.16932113389203,0,6,0,0
2584,0,3,37.92652174932027,25.60502578597579,0,4,0,0
2585,0,3,77.758866229227,46.90623854108191,0,6,1,0
2586,0,1,32.037616670046226,9.46354716734049,0,5,0,0
2587,0,3,60.86613456407745,17.315191498794277,0,7,1,0
2588,0,2,81.54277156846109,67.82085428096384,1,13,0,1
2589,1,3,46.46654078783722,35.5504622464053,0,3,0,0
2590,0,3,53.84805041401255,10.803553713680996,0,5,1,0
2591,0,2,61.72140291121523,11.927412397010215,1,3,0,0
2592,0,3,45.08000700236336,30.570019253331342,0,5,0,0
2593,1,3,34.65065246793165,35.2682110606125,0,11,0,0
2594,0,3,67.72061181242063,24.184151619934873,0,6,1,0
2595,0,2,44.06904221402051,0.0,0,3,1,0
2596,0,2,100.0,31.544201080516263,0,4,1,0
2597,1,1,25.92874770297053,19.70713955058843,0,3,1,0
2598,0,2,49.34827773809712,9.839885389287721,0,4,1,0
2599,1,2,41.95108690645293,37.951493304998365,0,5,0,0
2600,1,2,44.128753929413335,53.3471936889918,0,4,0,0
2601,0,3,32.82326823445105,2.40443525744422,0,4,1,0
2602,0,3,43.764685638950056,24.18747270076494,0,4,1,0
2603,0,3,63.627815880036444,45.35719286551599,0,9,1,0
2604,1,3,86.44366100309362,83.39372680901452,1,9,0,1
2605,0,3,68.80426444101539,19.007292198365754,0,2,1,0
2606,0,3,52.33251697355292,4.130340046651795,0,3,1,0
2607,0,2,23.15689372937056,11.491214524432625,0,4,1,0
2608,0,2,72.89005450451839,15.991764949493836,1,2,0,0
2609,0,2,27.644195093424837,15.764370407241941,0,6,1,0
2610,1,3,35.69398304143926,28.939307200127782,0,4,0,0
2611,0,2,27.669823169487643,11.10094141282473,0,3,1,0
2612,0,3,54.97058295313768,17.074811535647832,0,7,1,0
2613,0,2,46.830248007203856,12.628166196325257,0,6,1,0
2614,0,3,62.180364460238216,39.800214151137645,1,3,1,0
2615,1,3,69.58596740073746,74.23474839473916,0,6,0,1
2616,1,3,32.66451175943643,28.76605637296603,0,6,0,0
2617,0,3,40.50327977082605,24.924609541399235,0,5,1,0
2618,0,2,51.120476127059035,25.747838982455285,0,3,0,0
2619,0,3,48.23003516472868,28.868492520400007,0,7,1,0
2620,0,3,65.90287391449012,33.8680131061428,0,5,1,0
2621,1,1,33.52428762164521,26.009600342205044,0,5,1,0
2622,1,3,57.77132096195709,40.01079285075416,0,2,0,0
2623,0,2,69.92397699470285,23.803712858024518,1,7,1,0
2624,0,1,70.13191151429781,52.009800019371625,1,9,1,1
2625,0,2,72.62095194746756,47.35293924782558,1,7,1,0
2626,0,3,74.34901829331505,28.52814396867418,1,8,1,0
2627,1,3,59.93652807851832,67.3046385179163,0,6,0,0
2628,0,2,34.23389928718266,11.641614397653374,0,4,1,0
2629,0,3,48.02396024868468,9.318636812954258,0,5,1,0
2630,1,2,44.45480406378321,35.737517344158015,0,4,0,0
2631,0,3,38.1286507668791,29.653533074130177,0,5,0,0
2632,0,2,46.671596815860966,11.970898645547532,0,5,1,0
2633,0,3,68.0880852769002,41.749166495648275,0,5,1,0
2634,0,2,67.60534850916711,13.026086453022163,1,2,1,0
2635,0,3,74.9156468258444,20.093388507878327,0,3,1,0
2636,0,3,28.78497716865501,0.0,0,2,1,0
2637,0,3,63.57933708902297,37.91531121919845,0,4,1,0
2638,1,3,49.47565646745142,65.26331282342193,0,3,0,0
2639,0,3,78.49972489411184,51.70339267928678,1,8,1,0
2640,0,3,55.25695689668271,29.92254980505288,0,3,1,0
2641,1,3,43.04665637596982,37.037935466261644,0,3,0,0
2642,0,2,44.18660145709989,7.108085503430745,0,5,1,0
2643,1,3,80.8772286340287,80.91420188222864,0,4,0,1
2644,0,2,64.3092752744019,35.090905223884974,0,1,0,0
2645,1,3,78.90751439770641,70.13061896538971,0,4,0,0
2646,0,3,62.62242056917473,13.53742840904679,0,2,1,0
2647,0,1,65.10057094092005,19.861893809234502,1,4,0,1
2648,0,3,50.702525349789475,49.79017008985685,0,11,1,0
2649,0,2,33.48895396681232,7.6935523529847245,0,7,1,0
2650,1,2,38.44521266760479,40.95805891995635,0,0,0,0
2651,0,3,38.611721261235786,25.895726379996972,0,4,1,0
2652,0,2,48.45828148086767,6.10609200999805,0,4,0,0
2653,1,2,47.18380475958327,51.55867079540425,0,1,1,0
2654,0,2,55.06351330100414,12.882564137110467,0,5,1,0
2655,1,3,73.56551580801776,45.04972620773286,1,2,0,0
2656,0,3,45.1181709917714,8.014336043034417,0,3,0,0
2657,0,3,53.74937043613046,38.6151206682323,0,6,1,0
2658,0,3,47.40012053655577,23.730324228144976,0,12,1,0
2659,1,3,57.867276339465164,65.31717140649818,0,4,0,0
2660,0,3,57.32407117011199,32.47015767430763,0,4,1,0
2661,1,2,54.964844923852944,45.79381050810216,0,5,0,0
2662,0,2,63.31297595375272,18.751347557942523,0,5,1,0
2663,1,3,46.986906407237626,37.46515117858625,0,4,0,0
2664,0,2,50.41365277454483,13.059112347513315,0,4,1,0
2665,1,2,51.463882368314074,51.8531240414369,0,1,1,0
2666,0,3,97.11316107827021,43.38650449233027,0,2,0,0
2667,0,3,27.320086206829853,0.0,0,5,1,0
2668,0,3,61.76848534551479,37.60345885339789,0,6,1,0
2669,1,3,49.13627465739955,33.678528994627534,0,6,0,0
2670,0,2,36.70828272357414,11.530880926102585,0,0,0,0
2671,0,3,40.0630487416908,3.7455739121814613,0,4,1,0
2672,1,3,18.787763545861164,58.265885102009555,0,9,0,0
2673,0,3,58.14523840235255,39.02556527743485,0,7,1,0
2674,1,3,18.580215997023558,17.414415857638662,0,7,0,0
2675,1,2,43.553631850332934,52.59755041399866,0,4,0,0
2676,0,3,61.14181719166148,33.456130669080615,0,3,1,0
2677,0,2,38.47251975846509,8.244901069743705,0,3,1,0
2678,0,1,58.851254553801986,38.90514458839792,1,5,1,0
2679,0,3,80.29340504096335,42.63630981106766,0,5,1,0
2680,0,2,36.70035207671067,20.609690208246956,0,5,1,0
2681,1,2,63.05380136653678,45.99695272184435,0,5,0,0
2682,0,3,29.81041155742085,5.462155948169526,0,2,0,0
2683,0,2,32.92528508212544,10.09427732658285,0,4,1,0
2684,0,2,75.29755868848737,22.23367751837513,1,2,1,0
2685,0,2,47.296477556262985,22.04955002075976,0,4,1,0
2686,0,2,41.01163942898137,19.1801354282524,0,2,0,0
2687,0,2,59.0859578724517,15.663770394796895,1,3,1,0
2688,0,3,16.311626253690314,4.143354430738213,0,4,0,0
2689,0,2,65.40353143475647,24.77702321671478,0,2,1,0
2690,1,1,74.74991310701452,79.64962713260516,1,2,1,1
2691,0,2,53.825854506636894,39.82529182169376,0,5,0,0
2692,0,3,47.45249613320696,0.1389453771202902,0,3,1,0
2693,0,1,34.2084439053886,0.0,0,4,0,0
2694,1,3,73.83553793174654,73.6472591602248,0,5,0,1
2695,0,3,71.974783836094,48.35597925140529,0,7,1,0
2696,1,3,39.18145940695419,32.054179800813884,0,4,1,0
2697,0,3,36.8395795361377,15.73546690643685,0,4,1,0
2698,1,3,63.867124888690654,69.73976625318943,1,5,0,1
2699,0,3,50.29702580349044,24.034666673099025,0,1,0,0
2700,0,2,36.47199989540384,27.897390294957443,0,6,1,0
2701,0,2,64.29049396538555,18.67932064450244,0,5,1,0
2702,1,1,70.7583624083092,77.85989577206838,1,6,0,1
2703,0,3,33.951772396214324,19.07200512773351,0,5,0,0
2704,0,3,28.89092247649121,10.609568954436599,0,2,1,0
2705,1,2,40.883601046499344,28.55385550219442,0,4,0,0
2706,1,2,39.88058907391023,34.602075755649295,0,6,0,0
2707,0,2,47.94633568016371,10.943686190950512,0,5,1,0
2708,0,3,21.650913087977486,0.0,0,5,1,0
2709,0,3,16.293646118004563,0.0,0,7,1,0
2710,1,3,56.21164740613893,67.14251545583043,0,5,0,0
2711,0,3,47.31771301778458,25.884416169971193,0,2,1,0
2712,0,3,65.12538391224746,32.57327118041193,0,2,1,0
2713,1,3,55.136030285156515,39.410726362565015,0,5,1,0
2714,1,2,50.291228868719216,49.319948987971124,0,1,0,0
2715,0,3,19.64860321704967,0.0,0,3,1,0
2716,1,3,45.72364013369153,34.353449447616086,0,3,0,0
2717,0,2,28.5407582866829,2.5596488426268875,0,9,1,0
2718,0,3,36.36526438483702,26.083416741163056,0,7,1,0
2719,0,3,61.33280108770649,31.85417725984846,0,3,1,0
2720,0,3,36.714106360279935,16.488658080828227,0,4,1,0
2721,0,2,75.35923064209182,17.69045606382119,1,2,1,0
2722,1,3,38.654441031021356,48.55933890652595,0,5,0,0
2723,0,3,57.873768441553516,42.365430423783366,0,7,0,0
2724,0,3,38.53887690485898,0.0,0,3,0,0
2725,0,3,54.911256478118936,32.01891448230993,0,4,0,0
2726,0,2,38.54417165760806,19.40627835348551,0,5,1,0
2727,0,2,61.93915544011632,30.999051292714594,1,4,0,0
2728,0,3,37.38623988556733,32.96274665449662,0,8,1,0
2729,1,3,46.76917629064374,55.79783734094759,0,7,0,0
2730,0,3,51.91050863264983,24.933922144795858,0,3,0,0
2731,0,3,45.1232732950283,8.086812678026895,0,8,0,0
2732,0,2,63.052892617624615,31.02778174193173,1,4,1,0
2733,1,3,30.918425650134854,52.89411252931587,0,7,0,0
2734,0,3,58.08347067778486,41.37415927756849,0,7,1,0
2735,1,3,51.04131278099305,74.2202238729352,0,10,0,1
2736,0,2,61.624644130030674,13.955897275988915,0,4,1,0
2737,1,2,53.23736406489497,31.87617423738668,0,1,0,0
2738,1,2,36.74199895755032,52.33729779530398,0,7,0,1
2739,0,3,70.5593240739475,40.3568146066325,0,7,1,0
2740,0,3,70.58943123669609,45.445758613128355,0,6,1,0
2741,1,3,68.08947725830511,60.88666039155984,0,8,0,1
2742,0,3,49.16394319940432,9.695422442347674,0,4,0,0
2743,0,2,62.69141622406303,10.549645171082208,1,2,1,0
2744,0,3,26.467317302550708,18.13143533030449,0,2,1,0
2745,0,3,71.57380214492032,47.60688818265155,0,7,1,0
2746,0,2,56.611189096614304,8.922570942225489,0,4,1,0
2747,0,3,49.321837617402046,32.402664110098705,0,8,0,0
2748,0,3,63.65169465731864,35.25993762683512,0,6,0,0
2749,0,3,26.85731498363294,10.5484856092654,0,4,1,0
2750,0,3,27.405041852408264,0.0,0,4,1,0
2751,0,2,37.077933748595015,0.0,0,2,1,0
2752,0,1,52.73305558663135,28.349351324447802,0,5,1,0
2753,0,3,48.9156089844094,21.0508628641765,0,5,0,0
2754,0,3,23.78621731383654,14.78378004742623,0,6,1,0
2755,1,3,53.366163985290946,65.13144932424588,0,5,0,1
2756,1,3,59.218536807793555,47.25892757961593,0,5,0,0
2757,0,2,31.7485059205818,18.753231642001264,0,2,1,0
2758,1,2,44.366419295189615,53.651810563937715,0,4,0,0
2759,0,3,82.4988040705769,57.31535351358355,1,9,1,1
2760,0,3,71.78267975567537,23.797055015757394,0,3,1,0
2761,0,1,55.49509066021788,33.3261506850565,0,7,1,0
2762,0,2,55.61706042510656,24.09736559991159,0,4,0,0
2763,0,2,45.93982989449126,21.996445129339012,0,3,1,0
2764,0,2,63.8298631758059,1.3357100896721157,0,3,0,0
2765,0,2,51.15394198695432,33.45452055549366,0,5,0,0
2766,0,3,37.636053964905116,4.609704306102008,0,5,1,0
2767,1,2,44.08984717114347,39.2833917686329,0,6,0,1
2768,0,3,41.472159988881984,0.0,0,2,1,0
2769,1,3,55.34687868293103,47.847673617643586,0,7,0,0
2770,0,3,58.72083087727833,12.45771378287807,0,4,1,0
2771,0,3,42.814018597771614,0.0,0,3,1,0
2772,0,3,55.20526733714673,13.581545983994207,0,6,0,0
2773,0,3,49.91481247803433,29.208000220983926,0,12,1,0
2774,0,3,22.001032103791186,0.0,0,6,1,0
2775,0,2,41.02678642735411,20.47603821058743,0,4,1,0
2776,0,2,47.08684744524449,25.16207580381992,0,2,0,0
2777,0,3,39.45874333555991,31.821092504647137,0,6,1,0
2778,0,3,56.40754291239888,30.011173899539617,1,6,1,0
2779,0,2,54.890645666537154,35.24645962707844,0,6,1,0
2780,0,3,35.19655248148703,10.076901364432072,0,4,1,0
2781,0,2,49.114854747205506,11.108548419486276,0,4,1,0
2782,1,1,100.0,62.92280154935974,1,5,0,1
2783,0,2,50.90270254127997,25.16678725353723,0,3,1,0
2784,0,3,40.9786360626259,2.447493758100289,0,4,1,0
2785,0,3,39.314595028806075,0.0,0,2,0,0
2786,0,3,47.798006734863804,22.746915628486644,0,2,1,0
2787,1,2,40.59518725011818,47.74832150793639,0,3,0,0
2788,0,2,67.52029843433164,35.32614394950566,1,2,1,0
2789,0,3,81.5889949288752,27.095036875023272,1,3,1,0
2790,0,3,42.77416878247042,20.523294196832378,0,5,1,0
2791,0,3,14.02474079868311,0.0,0,3,1,0
2792,0,3,47.5279621440455,14.586257202194822,0,9,0,0
2793,1,3,46.93802311899799,34.61680303295127,0,3,0,0
2794,1,2,43.56200022153897,56.11654588668871,0,5,1,0
2795,0,2,39.32270261894677,23.905114872404965,0,6,1,0
2796,0,3,54.015118498339234,0.0,0,3,1,0
2797,0,3,39.53606593853928,27.091818576796108,0,7,0,0
2798,1,2,61.985837222672224,66.62369600486115,0,4,0,0
2799,0,2,49.89036735802703,31.177090323681256,0,7,1,0
2800,1,2,38.1429176976894,24.18785105986148,0,4,0,0
2801,0,3,54.86955904307535,19.35614824100862,0,6,0,0
2802,1,3,52.62262032590625,31.430931863478555,0,4,0,0
2803,0,3,68.95344010925649,20.800155370512726,0,5,1,0
2804,1,2,44.3758491385614,33.2467251191329,0,4,0,0
2805,0,3,44.43407788242785,25.097226528658844,0,0,0,0
2806,0,3,58.332851239715296,32.792432464094915,0,5,0,0
2807,0,2,38.965104540784154,5.773805970637764,0,4,0,0
2808,1,3,52.00231324618169,62.59441540905749,0,6,0,0
2809,0,2,45.684406619865186,5.9243226740552375,0,4,0,0
2810,0,3,26.458265579904456,10.328557852899193,0,4,1,0
2811,0,3,74.0133528792643,51.80103326396533,0,8,1,0
2812,1,1,61.41053639465649,40.70590453087956,1,3,0,1
2813,0,3,26.004751403859117,0.0,0,5,1,0
2814,0,1,56.227227396205926,25.491949509822003,0,2,1,0
2815,0,3,80.10434228605033,33.77074637372943,1,5,0,0
2816,0,3,37.936017199014884,0.7901479140315038,0,3,1,0
2817,1,2,59.48379120476698,46.5422898549143,0,6,0,0
2818,0,2,46.564656014016826,2.5489521698330564,0,1,1,0
2819,0,3,39.471898318916104,34.89327552519241,0,9,1,0
2820,0,3,67.33888429161524,26.501922096964552,0,7,1,0
2821,0,3,65.40538662226479,43.26864424771975,0,4,1,0
2822,1,2,57.590454263347674,67.82352282907497,0,6,1,0
2823,1,3,61.338469423629526,69.21177724919629,0,5,0,1
2824,1,3,0.0,44.60608423163,0,7,0,0
2825,0,2,75.67415427731675,35.26234271929156,1,10,1,0
2826,0,3,59.32067955959471,31.85435641345571,0,3,1,0
2827,0,3,74.70316039391746,22.041480591265977,1,5,1,0
2828,0,2,62.38225028657685,12.627167626141507,0,5,0,0
2829,0,2,57.86431025438227,33.41387003110619,0,5,1,0
2830,1,2,0.0,46.48892127749586,1,2,0,0
2831,0,2,30.417507479550967,0.0,0,2,1,0
2832,0,3,39.640694179481514,6.756885983845912,0,8,1,0
2833,0,2,41.887402774081515,14.351717971785803,0,10,1,0
2834,1,2,60.57902160231345,73.075707575257,0,10,0,1
2835,0,3,70.4296290406399,38.69197128006149,0,4,1,0
2836,0,3,20.05754899048508,0.0,0,7,1,0
2837,1,3,63.997885137583175,46.3018277320097,0,5,1,0
2838,1,2,38.669602097045605,51.09801047357991,0,3,0,0
2839,0,2,60.67569578711635,33.78038809919894,0,4,1,0
2840,1,3,52.993341478867556,60.155334072269554,0,8,0,0
2841,1,3,37.03232205459198,51.44663343460444,0,5,0,0
2842,0,2,27.094468639704377,0.0,0,4,1,0
2843,1,3,43.62731326657778,53.16271079839658,0,3,0,0
2844,0,2,49.358615902594394,20.863913425158145,0,3,1,0
2845,1,2,45.19154149205399,50.845650323552476,0,3,1,0
2846,0,3,37.60681944024009,17.679291441758078,0,3,1,0
2847,0,3,41.06955387438934,22.23426520362676,0,5,1,0
2848,1,2,49.78641638626917,43.369339291306815,0,7,0,0
2849,0,1,46.153508116922,24.07434222273197,0,4,1,0
2850,0,3,21.559992665147284,4.1121832010678485,0,7,1,0
2851,0,3,52.4570331931239,26.87673229694981,0,3,1,0
2852,0,3,62.09348485646721,19.724721288434992,0,6,1,0
2853,0,1,45.98547915722876,19.24709136660148,0,2,1,0
2854,0,2,72.10269308239377,42.73158120712104,1,5,0,0
2855,0,2,63.836878119895815,9.110000716657392,1,1,1,0
2856,0,2,35.31210770062198,0.0,0,1,1,0
2857,1,2,42.394761016998956,44.38247138472876,0,6,0,0
2858,0,3,42.24822686660693,10.15994605083567,0,6,1,0
2859,1,2,50.670964462518505,58.73651192410025,0,3,0,0
2860,1,3,44.38350380008956,54.86900848229523,0,3,0,0
2861,0,3,73.32916779748292,40.904369318909225,1,3,1,0
2862,1,3,47.81938713813914,53.68939700297833,0,4,0,0
2863,0,2,63.09381824256236,12.546610136481398,1,4,0,0
2864,0,2,51.07594536153593,11.602290097734986,0,7,0,0
2865,0,3,43.44185400828424,0.8497438908585917,0,2,1,0
2866,0,3,59.54294367784358,43.65623650048479,0,6,1,0
2867,1,2,37.37922594866718,50.6243705017263,0,5,0,0
2868,0,3,44.0451860427962,13.035334284931507,0,9,1,0
2869,0,2,51.453936585381726,30.773148687270016,0,5,1,0
2870,1,2,51.95028934779085,58.14636401362602,0,4,0,0
2871,1,1,76.32276468844742,54.23607402903767,1,6,0,0
2872,0,1,43.56960178243057,30.43039774411679,0,6,1,0
2873,0,3,27.507103551447155,13.375281221277971,0,3,0,0
2874,0,2,37.86618697949385,20.96113468410507,0,4,1,0
2875,0,2,72.53562833737702,25.00548107090875,1,3,0,0
2876,0,3,59.90081610279329,15.381553208288887,0,5,1,0
2877,0,3,40.66422649255793,28.02802613670183,0,7,1,0
2878,0,3,70.37320086776397,48.267680859281015,0,9,1,0
2879,1,3,41.38065536073127,33.668912937761725,0,4,0,0
2880,0,2,55.947778389944276,30.97947337501987,0,5,1,0
2881,0,2,47.02670791857928,50.98465627977467,0,11,1,0
2882,1,2,66.4825561073417,66.73046076402782,1,4,0,1
2883,0,2,31.526023148215444,0.0,0,6,1,0
2884,0,1,66.57671946444599,27.274101219697194,1,4,1,0
2885,0,3,45.93362559261319,35.497409634735824,0,8,1,0
2886,0,2,31.16497051084602,13.31975327893803,0,2,1,0
2887,0,1,60.460291338513116,40.218394322236364,1,6,1,0
2888,0,2,34.34406112798979,12.838639205959117,0,3,0,0
2889,0,3,40.99020357257203,9.526421047268725,0,4,1,0
2890,1,2,70.73587475249758,51.463203817408186,1,6,1,0
2891,1,2,55.19468477210658,66.79953204012067,0,6,0,1
2892,0,1,100.0,4.90600075377499,0,6,1,0
2893,1,2,50.779517846351126,67.66450851562252,0,7,0,0
2894,0,1,55.55178353893467,27.917890407723647,0,4,1,0
2895,0,2,47.47483471074578,35.53260941891237,0,5,1,0
2896,1,2,62.8971635506469,71.4599662688162,1,5,0,0
2897,0,2,25.56871887656122,16.174655074554526,0,4,1,0
2898,0,2,56.09873723764763,35.90892405136737,0,6,0,0
2899,1,3,36.401490537824806,46.47214459041885,0,3,0,0
2900,1,2,46.41421816338639,54.1067721702444,0,5,0,0
2901,0,3,68.8530577016254,26.06143525643818,0,2,1,0
2902,0,2,48.219324815305384,21.505671452218344,0,3,1,0
2903,1,3,41.99705498558599,48.860818589991126,0,4,0,1
2904,0,2,62.13371697005593,22.217501567389895,1,5,1,0
2905,0,3,0.0,1.2841317879984113,0,4,1,0
2906,0,3,57.83580221154049,45.87003931137898,0,10,0,0
2907,0,3,32.35647716459491,10.833438069105625,0,2,1,0
2908,1,3,43.548822344503115,29.124402919361863,0,2,0,0
2909,0,3,81.1682137595422,50.03412291140592,0,5,0,0
2910,0,3,65.74715194667304,45.116817930896765,0,6,1,0
2911,0,2,33.60670791192164,19.03332919658515,0,6,1,0
2912,1,1,65.53239527554668,49.23033248818817,1,4,1,0
2913,1,3,27.467730186788362,45.61789538790212,0,2,0,0
2914,0,3,52.19754601187377,24.81734338093892,0,4,1,0
2915,0,3,31.569975516546446,23.744172691405275,0,8,0,0
2916,0,3,52.20386446242871,46.78832821222051,0,10,1,0
2917,0,2,59.63580109156069,38.13269482192392,0,5,0,0
2918,0,3,89.39794344023977,61.35905815268358,1,7,0,1
2919,0,2,49.35393014631234,3.751816537099505,0,3,1,0
2920,0,3,60.606529141368924,44.21302676914789,0,8,1,0
2921,1,2,41.20850736274785,58.54475584547536,0,6,0,0
2922,0,3,58.713463879495166,9.937560451358031,0,2,1,0
2923,1,3,41.34096842978213,32.671876706633576,0,4,0,0
2924,0,3,41.80782974122989,23.075072720897044,0,5,0,0
2925,0,3,98.83810748975007,36.01250946512177,1,2,1,0
2926,0,2,65.94711591900406,40.00246876424078,1,5,1,0
2927,1,1,57.750691302510056,44.20846988597343,0,5,0,0
2928,0,3,67.24728758148532,18.685980418329354,1,4,1,0
2929,0,2,74.5672860598029,30.467652823034545,1,8,1,0
2930,0,2,61.463900833969056,36.73982150979223,0,5,1,0
2931,1,3,51.406462583013884,67.56632305753918,0,8,0,0
2932,0,3,38.76227932836255,0.8090869274229755,0,6,0,0
2933,1,2,51.51829593745151,35.95110979954961,0,6,1,0
2934,0,3,44.31188037551514,27.933523421869182,0,5,1,0
2935,0,2,52.57682625097724,10.015495197190262,0,4,1,0
2936,0,2,58.26960443695739,19.62390425822518,0,9,1,0
2937,1,2,49.0047685369087,26.133906461695446,0,0,0,0
2938,0,2,66.1597279772635,17.24619726634724,1,3,1,0
2939,1,2,39.597972447265214,48.81405701798548,0,3,0,0
2940,1,3,71.5111246987064,32.48446560596341,0,4,0,0
2941,0,3,48.05330247983196,25.141165423231648,0,5,1,0
2942,0,3,79.2824406830711,33.389516677375575,0,2,1,0
2943,1,2,46.265963280892976,35.92440207361741,0,4,1,0
2944,0,2,29.983286682243033,18.79922087092729,0,6,1,0
2945,0,3,56.96545070477654,27.15757776958667,0,2,1,0
2946,1,2,81.31473579059696,74.69760164546207,1,2,0,1
2947,1,2,51.24784390528478,57.69136004817137,0,1,0,0
2948,0,3,72.74260177969315,38.69315112806186,0,4,1,0
2949,0,2,45.15874965942024,28.6965097943506,0,7,0,0
2950,0,3,100.0,10.971677505808875,0,2,0,0
2951,0,2,31.21527425067888,12.479150259734045,0,3,1,0
2952,1,2,66.1705109712179,56.952064159178526,1,8,0,1
2953,1,2,41.174487871511644,55.768700967677944,0,5,0,0
2954,1,2,41.514840127504996,51.724613827623195,0,5,0,0
2955,1,3,63.545620599823906,45.23743897692431,0,2,0,0
2956,0,2,17.748420904674838,0.0,0,8,1,0
2957,0,2,47.564586482115345,17.906975036558034,0,10,0,0
2958,0,3,32.859291887347666,1.2836648003330664,0,4,1,0
2959,0,3,55.13118637333197,38.70635382457034,0,7,1,0
2960,0,3,56.66710116031761,31.175165277253527,0,5,1,0
2961,1,3,15.233707435360152,11.809648248042393,0,3,0,0
2962,0,2,57.781134341491885,14.686829442711167,1,5,1,0
2963,0,1,12.965629492565576,0.0,0,11,1,0
2964,0,3,68.75763086706974,39.22044783503064,0,4,1,0
2965,1,2,39.630536197972795,51.2450874230002,0,5,0,0
2966,0,3,40.93049922511767,20.86919307443614,0,5,1,0
2967,0,3,25.776009684286777,0.0,0,6,1,0
2968,0,3,68.5687656377809,47.163967326482954,0,7,0,0
2969,0,3,42.20569010937966,26.0066188049477,0,5,1,0
2970,1,3,79.43812596875708,62.35100478987556,0,5,0,1
2971,0,2,70.58475757385355,43.521846281334206,1,4,0,0
2972,0,3,57.94435326497835,12.55856897696841,0,4,1,0
2973,0,1,72.10057999535765,19.56445175332614,1,3,0,0
2974,0,1,65.53901094359566,11.372927755363207,1,2,1,0
2975,0,3,46.22606466577646,37.43883771923639,0,9,1,0
2976,0,3,56.23112659852648,40.811462738393615,0,9,1,0
2977,0,3,39.97879281155135,0.5026689609745791,0,3,1,0
2978,0,3,37.669060020330456,0.0,0,4,1,0
2979,0,3,29.125053683718708,3.1329245187272834,0,9,1,0
2980,0,3,41.626945836825094,0.0,0,5,1,0
2981,1,3,58.99945929845029,27.54885881212221,0,4,0,0
2982,0,2,19.576117563667637,1.4525432766203488,0,3,1,0
2983,1,2,23.61704296827693,27.73639004423113,0,5,0,0
2984,1,3,61.70651386786095,39.51118178597638,0,7,0,1
2985,0,3,56.905062167674345,49.52925778202393,0,8,1,0
2986,0,3,29.935808363815312,11.449003489192863,0,5,0,0
2987,1,3,45.061415499034055,25.47163446021612,0,4,0,0
2988,0,2,50.43659074968469,29.093591185733196,0,5,1,0
2989,1,3,71.67838278082844,51.6862957443857,0,4,0,0
2990,1,3,68.82486954084887,61.41079349524056,0,7,0,1
2991,0,3,42.973615114864664,15.758636683587486,0,8,1,0
2992,0,3,43.46596204910035,2.478603199343472,0,3,1,0
2993,0,2,54.80303444944231,31.87281401093132,0,4,1,0
2994,0,3,39.97164357302205,0.7038655802980864,0,6,0,0
2995,1,3,58.24326661702653,70.83106694308887,0,4,0,1
2996,0,2,34.692658138045736,8.023265605166198,0,7,1,0
2997,1,3,48.85468699418861,55.905887808732636,0,4,0,0
2998,0,3,51.722614524834356,28.923620780896943,0,1,1,0
2999,0,3,59.765381782840976,0.0,0,5,1,0
3000,0,2,54.55710071067413,38.966370418665925,0,9,1,0
3001,0,3,38.63423543596748,0.0,0,2,1,0
3002,0,3,59.56205508428807,36.79294524617228,0,2,0,0
3003,0,2,52.976522820398934,31.795208571238746,0,5,0,0
3004,1,3,44.84721210729034,40.591347829476135,0,6,0,0
3005,1,3,44.67835511293713,54.92074799126333,0,3,0,0
3006,0,2,47.4037489958622,27.440068549897678,0,2,1,0
3007,0,2,39.18240716670376,25.661086482590356,0,8,1,0
3008,1,2,47.15501865861443,60.076750479486314,0,5,0,0
3009,0,2,86.35786156588189,39.71845374118793,1,4,0,1
3010,0,2,74.53985908347654,25.356125178916837,1,7,1,0
3011,1,3,57.32096051921732,72.99669297795859,0,7,0,0
3012,0,2,34.71481152891509,14.155103787172191,0,4,1,0
3013,1,3,25.36064577824698,24.679346031293186,0,6,0,0
3014,0,3,54.798343007265125,15.602316872874198,0,7,1,0
3015,0,3,68.94053532185434,33.3193354301801,0,8,0,0
3016,0,3,2.6173470992683363,16.729064485053076,0,2,1,0
3017,0,2,30.8141035424249,8.278271380001643,0,2,0,0
3018,1,2,41.06042735112646,35.052714289858386,0,5,0,0
3019,0,3,50.96647943530105,28.614241519613813,0,4,0,0
3020,1,2,51.947555984452755,38.68966879263588,0,4,0,0
3021,0,2,49.832202740655596,4.386581722982809,0,4,1,0
3022,0,3,75.70551044634824,26.131908162131367,0,5,1,0
3023,0,3,30.21647062745967,33.46531065192102,0,8,1,0
3024,0,3,43.93677557484834,31.16524567908224,0,4,1,0
3025,0,2,67.6701540249354,42.487612195002676,0,7,0,1
3026,0,2,64.92624932694187,19.88733143253803,1,6,0,0
3027,1,3,50.10857244037398,45.74053714213173,0,8,0,0
3028,1,3,45.80518994169216,39.415287153782174,0,7,0,0
3029,0,3,50.5569079302253,12.263627977885621,0,5,0,0
3030,0,3,55.93837922248608,13.484088471069054,0,6,0,0
3031,1,3,43.69671547972382,39.28352561502409,0,8,0,0
3032,1,2,33.23370788091743,32.115853183744136,0,6,0,0
3033,0,3,36.061665576513,17.98222115177616,0,4,0,0
3034,1,3,70.51310672643967,71.37307897889238,0,4,0,1
3035,0,2,35.17450582397388,21.07312695809347,0,2,1,0
3036,0,2,35.700555288173796,7.313702059150289,0,8,1,0
3037,0,2,92.37754045908659,34.10401012494659,1,3,1,0
3038,0,3,70.92909463020958,35.153101444883646,0,7,1,0
3039,0,3,40.904530312778945,21.364675729156502,0,5,1,0
3040,1,2,53.979860273654516,72.05238125887267,0,9,1,1
3041,1,2,62.61488116061213,67.47258230555431,1,3,0,1
3042,0,3,55.9796592526223,24.641842398498866,0,9,1,0
3043,0,1,61.378639130661156,28.272990398335345,1,10,1,0
3044,0,2,40.34348580935731,0.0,0,2,1,0
3045,1,2,56.89968216592902,58.303156452350244,0,2,0,0
3046,0,2,63.4817540122339,37.85815384723958,1,4,1,0
3047,0,2,36.14557206457031,12.28955073058999,0,2,1,0
3048,1,3,51.57798840387039,38.747520990438126,0,3,0,0
3049,0,3,52.46577554421158,33.11309484704285,0,6,1,0
3050,1,3,45.798912445129176,46.09650772816435,0,9,0,0
3051,0,3,48.69404866562123,23.06169964974519,0,2,0,0
3052,1,3,46.75302228851616,62.084426524411896,0,5,0,0
3053,0,3,40.477300690321236,30.224499767126666,0,6,1,0
3054,1,2,71.57033898692517,76.38998140448334,1,6,0,1
3055,1,3,38.681590886729445,52.61763201434661,0,4,0,0
3056,0,3,35.74831543631507,13.42515266930407,0,2,1,0
3057,1,3,62.49064053661788,61.88321504221886,0,2,0,0
3058,0,1,67.50463464808924,41.56611920228305,1,3,1,0
3059,0,3,46.23139329744164,15.961440670009264,0,8,1,0
3060,0,3,54.79866322936371,29.914019246505546,0,4,0,0
3061,0,2,40.44783216392625,26.46532510068525,0,6,1,0
3062,0,3,40.43056115119058,29.677416977558984,0,8,1,0
3063,0,2,51.45794502204872,10.225844029931846,0,6,1,0
3064,0,3,45.94902215085879,7.955129771602626,0,7,1,0
3065,0,2,47.28259352563308,5.976355637867391,0,5,1,0
3066,0,3,28.212308070515967,0.0,0,4,1,0
3067,0,3,68.50062754526766,35.876563038509886,0,1,1,0
3068,0,3,35.08391526300576,22.623707585145993,0,3,1,0
3069,0,3,19.869877099067704,0.0,0,7,1,0
3070,1,2,80.2736736262133,69.97428653994147,1,4,0,1
3071,0,2,49.196564734792574,31.764826134749978,0,6,1,0
3072,0,3,69.54749789981653,43.06189404598302,0,5,1,0
3073,1,3,89.72242493627004,79.96849320649842,1,4,0,1
3074,1,3,62.45226232791898,60.15383478064433,0,1,0,0
3075,0,2,45.856825411697905,21.124653051454185,0,3,1,0
3076,0,2,77.82081410754505,33.10982440734593,1,6,1,0
3077,0,1,59.7061475875666,36.676577072166516,1,4,1,0
3078,0,2,51.48581262836105,6.810343971347745,0,5,0,0
3079,1,2,28.914885285854787,53.44562341279985,0,2,0,0
3080,0,3,50.261764302369386,10.805056892610425,0,6,1,0
3081,0,3,59.73463574914014,33.6959533379357,0,5,1,0
3082,1,1,29.348144573072133,31.503908180496648,0,7,0,0
3083,0,2,48.579230783418986,6.7967482863933455,0,3,1,0
3084,0,2,42.75084267739004,25.960180603084464,0,8,0,0
3085,0,2,63.380488381292594,31.305973103371798,0,3,1,0
3086,0,1,40.776756060730975,4.22571868036909,0,5,0,0
3087,0,2,36.601669826900824,0.2242534381065111,0,5,1,0
3088,0,2,34.63968012755386,4.26993108836373,0,8,1,0
3089,0,3,53.770871453742025,38.679397304649605,0,8,1,0
3090,0,2,57.525158100894785,33.11478711377544,0,4,0,0
3091,1,3,49.44762519877802,67.44697766196657,0,8,0,1
3092,0,3,27.933982762562636,13.853100702944053,0,6,1,0
3093,0,2,43.017981020258276,35.141148717685596,0,9,1,0
3094,0,3,52.33241310187452,29.094558283862256,0,6,1,0
3095,0,2,49.09001394227661,17.53514427231292,0,10,0,0
3096,0,2,35.366091974621455,0.0,0,2,1,0
3097,0,3,49.58772509772531,25.981364158792374,0,3,0,0
3098,1,2,28.905724360638672,38.39887241983101,0,1,0,0
3099,0,3,27.80575679331921,3.972115598167159,0,2,1,0
3100,0,3,43.64670963007286,6.889531994679954,0,4,1,0
3101,1,3,44.661831672389596,52.42779866350623,0,2,0,0
3102,0,2,74.17136731637478,47.86486747229881,1,6,1,0
3103,0,2,41.1539346593945,0.0,0,3,1,0
3104,1,3,55.407166387303036,45.24495177455457,0,4,0,0
3105,0,2,25.0989218411896,0.0,0,3,0,0
3106,1,3,51.206976486205015,54.609623302397836,0,4,0,0
3107,0,3,69.52517947892827,42.94685689806204,0,4,1,0
3108,1,2,69.56353622635561,52.85371391388552,1,5,1,1
3109,0,3,63.32679959665096,16.142743098196103,0,3,1,0
3110,1,2,39.292562930100935,38.917803155189524,0,8,0,0
3111,1,2,49.09395279244639,52.49187437917649,0,1,0,0
3112,0,3,48.89732508576313,26.607666646123633,0,2,1,0
3113,1,2,61.91720259946157,45.85524981385853,1,5,0,0
3114,0,2,26.15271562052158,12.397487569179756,0,3,1,0
3115,0,1,45.409650535859846,26.965320540043983,0,4,1,0
3116,0,3,63.65867876941808,25.294990865554894,0,9,0,0
3117,0,2,32.54077156236276,1.997342881507254,0,6,0,0
3118,1,2,33.02901891473017,28.67613477958781,0,5,0,0
3119,0,3,70.45857036333054,19.821940088578632,0,4,0,0
3120,1,2,25.983254284677884,46.739429141655215,0,6,0,0
3121,0,3,53.646280333755065,10.292490720295735,0,5,1,0
3122,1,3,47.60373073950464,30.588694379139362,0,2,1,0
3123,0,3,74.18629848619749,35.03088265566505,0,3,0,0
3124,0,3,48.924975687836024,29.30339583191918,0,6,0,0
3125,0,2,61.795112875068234,20.545053321357926,1,6,1,0
3126,0,3,66.0201519681379,26.37281297886543,0,7,1,0
3127,0,2,50.07135377395268,24.369457905843216,0,9,0,0
3128,0,2,29.13870126142712,10.893948623329305,0,2,0,0
3129,0,2,36.02593651988471,22.580417493901027,0,5,0,0
3130,0,3,52.69542661014009,32.144641991617746,0,5,1,0
3131,0,2,89.03951064860027,54.59009723667427,1,5,1,1
3132,0,3,80.9187703320269,50.4899488763019,1,8,1,0
3133,0,3,33.921822007748375,21.635971237406693,0,5,1,0
3134,1,2,41.711754061479205,40.50508740292722,0,7,0,0
3135,1,2,66.2864248964696,77.58581911804839,1,6,0,1
3136,1,1,44.99761148665923,62.144147992915556,0,7,0,1
3137,0,3,48.286834220610686,22.28615084295477,0,6,1,0
3138,0,2,55.534773274926074,12.472576471492445,0,5,1,0
3139,0,2,65.10183828083808,19.264427206607287,1,3,1,0
3140,0,3,41.95123797956459,14.653914060606702,0,7,0,0
3141,1,3,52.886704171875756,35.25561309078964,0,5,0,0
3142,0,3,38.98125514287626,4.59210805545616,0,5,0,0
3143,0,2,25.698736287522,8.747433134446492,0,1,1,0
3144,0,3,50.72480943991417,26.291005438333933,0,5,1,0
3145,0,3,64.19395376423817,13.015332452998326,0,2,1,0
3146,0,3,63.61901520163619,40.396620785909,0,6,1,0
3147,1,2,28.134336335932396,46.82231316043977,0,4,0,0
3148,0,3,56.337150727500905,17.598773476609438,0,1,1,0
3149,1,3,52.060125133858364,68.20722944026197,0,6,1,0
3150,0,3,74.42270478476757,29.082657463339775,0,5,0,0
3151,0,3,76.54580163968377,48.81568795764988,1,5,1,0
3152,0,3,56.39110259879133,21.775276693569694,0,5,1,0
3153,0,3,47.03040659244802,28.392685937760735,0,4,1,0
3154,1,3,75.71418772632174,73.9235643592242,0,3,1,0
3155,0,1,16.923602521704982,0.0,0,3,1,0
3156,0,3,59.753489048185436,34.79769109950684,0,6,1,0
3157,0,3,78.63964614455072,42.31341682200706,0,0,0,0
3158,0,2,39.88955748333637,0.0,0,4,1,0
3159,1,2,47.15166005372266,57.835297675967034,0,5,0,1
3160,0,3,41.69344954109625,5.205616610007454,0,5,1,0
3161,1,1,41.483409497955186,55.70522253092768,0,5,0,1
3162,1,3,46.46796869490487,34.74589391052912,0,3,0,0
3163,0,2,33.95912189440198,13.364657828648554,0,3,1,0
3164,0,3,64.216237969206,39.76237176503286,0,5,0,0
3165,1,3,61.40911873102648,51.536133383451464,0,7,1,0
3166,0,2,33.57320147090206,11.08379327191577,0,2,1,0
3167,0,3,59.70402312606307,18.824410534005334,0,6,1,0
3168,0,2,26.138551858075925,23.613453399269268,0,4,1,0
3169,1,2,61.473544359016564,47.38684368459169,0,3,0,0
3170,0,3,41.237820781470845,33.74171846923464,0,10,1,0
3171,1,2,57.702943531548655,50.04954971537841,0,7,1,0
3172,0,2,81.42503768957197,33.91729500199141,1,6,1,1
3173,0,3,27.17759562331455,1.1858174268104644,0,6,1,0
3174,0,2,41.10519455112459,19.405939508068688,0,3,1,0
3175,0,3,54.9776882463022,38.47850566284007,0,6,1,0
3176,0,2,22.85980343598308,16.077871417028934,0,5,1,0
3177,0,3,52.86988133885087,20.997256232543272,0,2,1,0
3178,0,2,25.229082227112873,3.6660353799660785,0,1,1,0
3179,0,3,38.09835174492934,1.4646879403813928,0,6,0,0
3180,0,3,56.90125709791274,16.063432986778228,0,7,1,0
3181,0,3,57.60490261679642,18.404306305665063,0,7,1,0
3182,0,2,72.56039032977688,13.749980835961168,0,3,1,0
3183,1,1,55.03408135497894,39.45350732397909,0,3,0,0
3184,0,2,65.83893355385999,11.316028039285257,1,3,1,0
3185,0,3,36.07976877555296,34.579415262036754,0,10,1,0
3186,0,2,18.620893806649665,0.0,0,2,0,0
3187,0,3,38.37161295300179,22.311813888887684,0,7,1,0
3188,0,2,46.25221691152227,10.052190500552165,0,5,1,0
3189,1,3,41.33757707189363,35.81912951090199,0,3,0,0
3190,0,3,57.508239594269334,42.58219047228041,0,5,1,0
3191,1,3,73.20336190573207,46.25454202836151,0,2,0,0
3192,0,2,53.895189197301484,17.134786735877473,0,8,0,0
3193,0,3,66.50439488997695,41.72958868315325,0,5,0,0
3194,1,2,51.494113470625415,59.76112422011273,0,6,0,0
3195,0,3,52.4701479959002,8.93969927529577,0,8,1,0
3196,0,3,63.62182710626032,13.168637754260478,0,3,0,0
3197,1,2,45.63202755146783,45.82155895894372,0,1,0,0
3198,1,1,73.3564088453494,82.14915857707419,1,6,0,1
3199,0,2,12.659778807329758,3.716828710067597,0,3,1,0
3200,0,3,66.90969947711464,40.9939518068747,0,6,1,0
3201,0,3,68.66251965185786,20.69527036881764,0,6,0,0
3202,1,3,68.41792105346188,51.82302657733098,0,3,0,0
3203,0,2,64.34574199333915,28.388213396966353,1,2,0,0
3204,0,2,67.02081330430798,32.05331148829546,1,1,1,0
3205,1,3,67.81030528571208,51.97298345661215,0,6,0,0
3206,0,3,53.30987887134818,0.0,0,2,1,0
3207,1,3,14.151671536584152,39.625009985088305,0,3,0,0
3208,0,2,27.33261816483338,0.0,0,4,0,0
3209,0,3,60.04018569693642,11.50325340300845,0,3,1,0
3210,1,2,59.76975378585386,73.07225780608094,0,8,0,1
3211,1,3,49.757094636690006,65.1958542259957,0,7,0,0
3212,0,2,59.3115751786188,12.93677421112068,0,4,1,0
3213,0,3,19.435463963410214,0.0,0,5,1,0
3214,0,2,55.71389365025507,3.6618605901867496,0,1,1,0
3215,1,3,34.64644352376578,40.05280767556966,0,2,0,0
3216,0,3,45.59830504929635,32.46989751730462,0,9,1,0
3217,0,2,65.99629429665701,27.814432077154844,1,8,1,0
3218,1,3,62.977207173036646,43.48082790527445,0,3,0,0
3219,0,3,69.65628882975885,43.98229154751461,0,6,1,0
3220,0,3,43.83478067451424,4.31182396300997,0,4,1,0
3221,0,3,32.2668139384181,0.0,0,3,1,0
3222,0,3,21.329706493905128,0.0,0,10,0,0
3223,0,2,43.062669240077064,12.941134838634415,0,9,1,0
3224,0,2,63.75938033263536,15.297345558960368,1,4,0,0
3225,0,2,37.013343510231515,3.878013482371207,0,6,1,0
3226,0,3,57.93452641361834,30.0266268769402,0,4,1,0
3227,0,2,70.28897799606914,29.95647522783566,1,8,1,0
3228,0,3,45.49630892340982,22.745421251640174,0,3,1,0
3229,0,1,58.77356355119135,19.714096951782842,1,7,1,0
3230,1,2,33.21746988929916,34.994278311273234,0,6,1,0
3231,0,3,48.488272064845454,30.36707174967848,0,5,1,0
3232,0,2,46.92725208963257,30.76884266233961,0,6,1,0
3233,0,2,5.838765157066244,0.0,0,4,1,0
3234,0,2,39.70121318384843,8.434706602051422,0,6,1,0
3235,0,3,61.11751793568374,17.181511699180525,0,6,0,0
3236,0,3,27.05794303449666,0.0,0,5,1,0
3237,1,3,50.95746115706857,56.11053225410995,0,2,0,0
3238,1,3,61.82214717220072,69.36870590482634,0,6,0,1
3239,0,3,44.61766611462589,29.483814048803694,0,7,1,0
3240,0,2,54.62638113871251,37.84647329754131,0,6,1,0
3241,0,2,54.233741537494296,11.88786412226908,0,5,1,0
3242,1,3,37.91186539429537,61.017355127916545,0,8,0,0
3243,1,2,44.27208181887425,58.92314048797359,0,7,0,0
3244,0,3,58.59811995559921,28.990398466252703,0,1,1,0
3245,1,2,67.4288750755258,72.92153094194306,1,4,0,1
3246,0,3,76.73671906363454,48.29022669926658,1,6,1,0
3247,0,2,48.4088564513572,29.732737901460105,0,5,1,0
3248,0,2,43.12577848953642,9.872591751023192,0,7,1,0
3249,1,1,41.40562047522846,48.503347432164965,0,3,0,1
3250,0,3,66.0277043333809,41.517796147766845,0,4,1,0
3251,0,3,57.901804818920795,40.61114464932203,0,6,1,0
3252,0,3,41.97280098377307,3.07309810203986,0,4,1,0
3253,0,3,43.97969971455112,5.881251024897511,0,4,1,0
3254,1,3,28.62174931025951,23.721120668378582,0,2,0,0
3255,0,2,59.83602533397996,13.5851614487465,0,5,1,0
3256,1,3,62.86357974419518,77.06928164134494,0,6,0,0
3257,0,3,30.919344760224025,0.0,0,6,0,0
3258,0,2,52.99841774947311,35.18409663195388,0,6,1,0
3259,1,3,0.33621310645800917,32.57830814654104,0,10,1,0
3260,0,2,24.277258252546783,0.0,0,7,0,0
3261,0,3,25.194449947393558,2.211539372253789,0,8,1,0
3262,0,3,48.40048015804489,2.1263642603050967,0,3,1,0
3263,0,3,55.26067115099798,44.084080728875705,0,11,1,0
3264,0,3,53.277258733476145,24.55497528935249,0,5,0,0
3265,0,3,51.050349566754946,11.432271202302406,0,4,1,0
3266,0,3,54.367524305193925,31.27813804581596,0,6,0,0
3267,0,2,36.99412439285822,0.129696226976436,0,4,0,0
3268,0,3,35.80011587913987,0.0,0,1,1,0
3269,1,2,69.47101114121338,39.25529784492986,0,6,0,0
3270,1,3,0.0,43.25360239788059,0,7,0,0
3271,0,2,20.417530154268622,0.0,0,7,1,0
3272,0,3,74.28168189385084,24.531670341088972,1,4,1,0
3273,0,2,24.75328566240336,0.0,0,2,1,0
3274,1,3,51.14968098553903,60.57148431912517,0,4,0,0
3275,0,3,78.3701526107575,26.566439920585903,1,6,1,0
3276,1,3,47.93953365200166,64.11538231979357,0,7,0,0
3277,1,2,42.84970031888164,41.51021229276435,0,8,0,0
3278,1,2,37.74791492638987,51.12451636272427,0,2,0,0
3279,1,3,46.154971588660274,25.739245672049556,0,3,0,0
3280,1,2,66.78528175701136,68.45158521195611,1,3,0,0
3281,1,3,80.99021615363694,67.47822724758083,0,4,0,0
3282,1,3,51.707118911818846,45.19900035457534,0,6,1,0
3283,0,3,28.91499687999734,0.0,0,5,1,0
3284,1,2,62.09354138725686,48.98870422035112,1,5,0,0
3285,1,1,59.28582400754473,65.88313110871806,1,5,1,0
3286,0,3,42.251278253011144,9.546164496766865,0,7,1,0
3287,1,3,14.443005553728032,30.37890688884576,0,3,0,0
3288,1,3,51.70598158869311,71.08880599966943,0,9,0,1
3289,0,3,65.1752662190365,38.32699546412895,0,5,1,0
3290,0,1,58.11978361102501,40.533550405346205,1,8,0,0
3291,0,3,36.48952705249856,1.2255134301380715,0,5,1,0
3292,1,3,44.98431522393747,36.849454521992925,0,6,0,0
3293,0,2,75.57494694818638,30.28764542631565,1,5,1,0
3294,0,3,62.71706051855595,15.767839872069294,0,3,0,0
3295,0,3,49.484219944101525,28.193415837046132,0,4,0,0
3296,0,3,100.0,49.68478158926608,1,6,0,1
3297,0,3,35.56898710097264,5.3799665939808285,0,7,0,0
3298,1,2,80.08903506660073,63.023699386795926,0,5,0,0
3299,1,2,69.91509932361345,76.39161269395044,1,5,0,1
3300,1,3,7.823991902580606,21.978492659868863,0,5,1,0
3301,1,3,33.45638123302898,23.14218269755432,0,2,0,0
3302,1,3,45.91754677506209,50.97827173188134,0,3,0,0
3303,0,3,53.5117414961941,29.685952227199426,0,5,1,0
3304,0,2,51.7933964276839,42.40292640165182,0,7,1,0
3305,0,3,27.282432249529197,16.227369230864806,0,9,0,0
3306,0,3,30.411041867227148,25.753305493871228,0,8,1,0
3307,0,2,12.647620597139966,0.0,0,2,0,0
3308,0,3,16.204473934063067,0.0,0,4,1,0
3309,0,3,67.16473851000536,40.00864792607435,0,4,0,1
3310,0,3,52.75786595844018,17.1929509583169,0,9,0,0
3311,0,2,47.878450310864835,13.44926498516772,0,7,0,0
3312,1,3,35.995152760344276,33.445485922112375,0,6,0,0
3313,0,2,100.0,58.94066773809528,1,7,1,1
3314,0,1,33.54422306479012,26.96855111929016,0,6,0,0
3315,0,3,30.420107771300607,0.0,0,4,1,0
3316,0,3,51.57769496648601,23.735565723630614,0,3,1,0
3317,0,3,52.88561439909745,10.347996434875446,0,3,1,0
3318,0,3,41.054501465630615,22.597353637889444,0,3,0,0
3319,0,3,27.28459297107971,0.0,0,6,1,0
3320,1,3,71.71855887525162,51.57305521783777,1,4,0,0
3321,0,3,59.320779911928106,16.081710317156784,0,6,1,0
3322,1,3,44.662095058036805,56.31301693050052,0,4,0,0
3323,1,2,53.61194831143627,55.805390587611726,0,4,0,1
3324,0,2,16.529067888773824,27.18070052863913,0,4,1,0
3325,0,3,54.324021958159726,11.6259555270298,0,6,1,0
3326,1,3,45.7158211599636,30.029269329283196,0,3,0,0
3327,0,3,54.85447785057224,36.51882009321322,0,5,1,0
3328,1,3,15.55669271255401,13.537436103582438,0,4,0,0
3329,0,2,28.91138933390499,34.724369433889585,0,9,1,0
3330,1,2,51.908799665895614,55.68922771496766,0,8,0,0
3331,1,3,72.06264085136425,72.02911404547446,1,7,0,0
3332,1,2,59.886510215992494,66.93140302422415,1,4,0,0
3333,0,3,70.0726417633705,37.85709297861076,0,3,1,0
3334,0,3,59.24240660882053,38.87441135542066,0,7,0,0
3335,1,3,56.35608196029073,48.95176493173794,0,7,0,0
3336,0,3,59.8087440266907,26.02992575973905,0,9,0,0
3337,0,3,54.751398478036,25.941812229242434,0,1,0,0
3338,0,2,58.71016354922892,19.204605273547372,0,7,0,0
3339,0,3,64.59728235519904,45.98696464617387,0,9,1,0
3340,1,3,92.71152510716571,80.46646062142293,1,3,0,1
3341,0,3,7.28681274941281,1.4671969896871655,0,5,1,0
3342,1,2,87.20757550239935,50.097359353088756,0,5,0,0
3343,0,3,45.06490381617393,28.41988330976113,0,6,0,0
3344,0,3,67.30949049794079,39.7486433994108,0,4,1,0
3345,0,3,57.07865583360417,29.195881277408454,0,2,1,0
3346,1,3,25.022961718726147,26.55118185105414,0,9,0,0
3347,1,2,58.86149936159421,36.90301860969159,0,2,1,0
3348,0,2,57.55178332109357,12.271486712816372,0,3,1,0
3349,1,3,30.463385480948435,22.245491960576242,0,5,0,0
3350,0,2,92.17426863741792,37.881900854274356,1,5,1,1
3351,0,2,43.22905621003024,11.601653213989898,0,7,1,0
3352,0,3,59.79694193756522,30.035076187556076,0,5,1,0
3353,0,1,62.15520048582846,45.55471119550739,1,8,1,0
3354,1,2,45.980332884005044,58.37941632031759,0,6,0,0
3355,0,3,50.54752653392316,8.488334267899383,0,8,0,0
3356,1,2,28.314075396082,42.48032573515184,0,7,0,0
3357,0,3,89.5500640966467,66.095996799801,1,7,1,1
3358,1,2,72.1735280103387,48.83972039234117,1,5,0,1
3359,0,3,42.764081494903465,23.368365113900648,0,5,1,0
3360,1,3,61.89286895279858,42.61152505007732,0,5,0,0
3361,1,3,52.65145844208803,36.30402691321274,0,3,0,0
3362,0,3,73.60787711443422,48.15614459864526,0,5,1,0
3363,0,2,51.49479786694545,27.665351403992812,0,2,1,0
3364,0,3,47.61444266525784,22.108977967546537,0,1,1,0
3365,0,3,43.05375638907473,5.63246252627292,0,7,1,0
3366,0,3,46.184254288605295,21.063547999357034,0,2,1,0
3367,0,3,37.556791423591896,14.482197860953494,0,2,1,0
3368,0,3,51.31063158548605,10.489383496589404,0,4,0,0
3369,0,2,45.959756671194796,0.0,0,2,1,0
3370,1,3,36.67834793401232,53.10327801673805,0,6,1,0
3371,0,2,43.372193650157925,3.71475395682627,0,4,1,0
3372,0,3,53.346476932732386,11.700076154473253,0,4,0,0
3373,0,2,79.84823404193331,31.81092530768682,1,3,0,0
3374,0,3,25.415703211394792,14.988970090153444,0,4,1,0
3375,0,3,58.670697197584104,8.89263866228303,0,3,1,0
3376,1,1,28.21065177255182,59.738872485127395,0,12,0,1
3377,1,2,59.29785586819192,43.607963941821694,0,2,0,0
3378,0,3,20.281780750405872,10.923795014429457,0,4,1,0
3379,0,2,78.94204488248927,45.57968579024211,1,4,1,0
3380,0,3,69.72989275348642,21.35454325212794,0,6,0,0
3381,1,3,44.18741126385776,33.69881322631688,0,2,0,0
3382,0,2,23.93483268559247,21.3214814848612,0,4,1,0
3383,0,2,69.16007507567905,52.322285081040235,1,7,0,0
3384,0,3,41.1218190024065,17.677480004458992,0,2,1,0
3385,0,3,66.30234798316036,24.132626486041445,0,5,1,0
3386,1,3,43.59534186740284,49.175267849526286,0,7,0,0
3387,0,3,79.2509908684043,45.517814841566356,1,4,1,0
3388,1,3,43.6179189452805,41.496478907698275,0,8,0,0
3389,1,3,29.82673288734524,44.52639232838937,0,5,1,0
3390,0,2,60.610694529291784,18.14197794266805,0,6,1,0
3391,1,3,24.361433536180098,41.40058754183931,0,4,0,0
3392,0,3,63.57725899989835,18.6637214677376,0,4,1,0
3393,0,2,56.896627404801144,22.70584794440695,0,4,0,0
3394,0,3,62.89588884840296,16.736378283373764,0,5,0,0
3395,0,3,51.3889917890881,37.376684258365465,0,5,0,0
3396,0,3,32.74211896995172,0.0,0,2,1,0
3397,1,3,37.879988207560665,23.07092670374964,0,8,0,0
3398,0,1,46.069230735164034,0.8266285370065996,0,4,1,0
3399,0,3,54.93167390725654,25.942595986483845,0,5,0,0
3400,0,2,49.86361246314789,23.88649872635714,0,4,1,0
3401,0,2,0.0,31.021594895960607,0,5,1,0
3402,0,1,43.58274901807451,9.187055413254978,0,7,1,0
3403,1,3,39.61930625173362,25.40116104534805,0,4,0,0
3404,0,2,43.47980893173762,28.033720052427295,0,6,1,0
3405,0,2,42.051444021866956,0.0,0,1,1,0
3406,0,2,62.35179749535069,29.310579970097535,1,7,0,0
3407,1,2,64.58343206752141,50.242190807813614,1,5,1,0
3408,0,2,49.435583818740014,6.297505483095086,0,4,0,0
3409,0,2,53.99957957665391,8.78943032145579,0,4,1,0
3410,1,1,40.93758232475088,45.87094776524464,0,2,0,0
3411,0,2,40.79993391565374,21.00507690002561,0,4,1,0
3412,0,3,59.21918634163361,32.58513424996378,0,4,1,0
3413,0,3,51.40359708752812,13.757789593078764,0,7,1,0
3414,1,3,68.85756480686896,74.26484931567289,0,5,0,1
3415,0,2,56.81214882023667,32.9409520162717,1,11,1,0
3416,1,3,52.83233523544995,53.934097320230435,0,7,0,0
3417,0,2,40.756745286430856,21.74169072228009,0,2,1,0
3418,0,3,54.976187596217535,36.863426904193894,0,6,1,0
3419,0,3,46.83810895759358,0.21418545754334772,0,5,1,0
3420,0,3,63.420877887079726,40.619070688305285,0,7,1,0
3421,0,2,66.59524186653742,27.943296294747682,0,7,1,0
3422,0,3,37.07975513636271,23.908883743259846,0,5,0,0
3423,0,3,47.2100461578052,31.35633818998453,0,7,1,0
3424,0,3,51.17351935829662,27.744827097828527,0,3,1,0
3425,1,3,38.9583476638492,30.72956926753604,0,4,0,0
3426,0,3,25.616612917319117,20.672971003262816,0,6,1,0
3427,0,2,54.8891669605019,10.753152395873498,0,7,1,0
3428,0,3,47.4168600052977,24.34043677377917,0,4,1,0
3429,0,3,65.86836553716697,17.799000057675016,0,6,1,0
3430,0,3,41.52319954050032,0.0,0,0,1,0
3431,0,3,42.261582582582065,4.214445594596202,0,4,0,0
3432,0,3,37.87163376237421,27.59348336235948,0,1,1,0
3433,1,3,32.042618573907006,55.49293009670903,0,4,0,1
3434,0,2,36.61047410139198,0.0,0,1,1,0
3435,0,3,46.56217200236807,13.746457516765494,0,5,1,0
3436,1,3,44.25550420950534,58.60670261320609,0,4,0,0
3437,1,3,49.592620369424644,47.75907140325254,0,7,0,0
3438,0,1,40.62487137936715,2.636356414198957,0,2,1,0
3439,0,2,57.02992453669165,26.987497184160766,0,2,0,0
3440,0,2,61.4722327744077,40.12351306544878,0,7,1,0
3441,0,3,59.3314418535245,10.325831183543194,0,2,1,0
3442,0,2,73.49141037383187,51.59023171861868,1,5,1,1
3443,0,3,49.93560187038034,9.222760182814795,0,4,1,0
3444,0,2,58.06750412336596,11.186391560416466,0,2,1,0
3445,0,3,56.46243410825886,39.93133857325348,0,8,1,0
3446,0,3,44.845100446446075,23.223249393693656,0,3,0,0
3447,0,3,49.88050379047613,13.753473869774142,0,9,1,0
3448,0,3,36.698148753021194,0.37469351627874414,0,4,1,0
3449,0,3,21.877491491821257,0.0,0,2,1,0
3450,0,2,45.01971166746472,14.161889710727209,0,4,1,0
3451,0,3,55.397139281003966,36.40583454539201,0,5,0,0
3452,0,3,45.402363442665454,26.938249184227118,0,5,0,0
3453,0,3,53.53860891180483,34.9625902485735,0,6,1,0
3454,1,1,78.58537868823272,79.83707457436236,1,2,0,1
3455,0,2,68.23174675166779,47.29185664549897,1,9,0,0
3456,1,2,13.034302394241724,23.293809969773633,0,0,0,0
3457,0,2,59.88446402858534,0.8445736821704202,1,2,0,0
3458,0,3,53.83040939912012,11.58962329217751,0,7,1,0
3459,0,2,59.29020062477991,11.925034104204629,0,3,1,0
3460,0,3,55.817613814178806,8.201810668077835,0,2,0,0
3461,0,2,66.49694209917983,13.26926788466202,1,4,1,0
3462,1,3,3.2942989857840774,27.500131826613828,0,4,0,0
3463,0,2,38.87937123389102,3.9429005971121622,0,5,1,0
3464,1,2,45.14516154977775,64.52328663731288,0,7,1,0
3465,0,2,58.71482348071855,37.3696234976928,0,10,1,0
3466,0,3,49.467947470107895,30.46023845390537,0,5,1,0
3467,1,2,61.02709374442576,63.448223306940555,0,3,0,0
3468,1,2,39.15042027113617,49.040315686962415,0,3,0,0
3469,0,2,45.888897346021785,27.208756501177263,0,6,0,0
3470,0,3,80.97235990697905,53.361841441325446,1,6,1,0
3471,1,3,59.9514848726991,42.933017581846556,0,6,0,0
3472,1,3,39.6690508081794,48.46933033473033,0,5,0,0
3473,0,2,41.88826511378029,28.000625159330273,0,7,0,0
3474,0,3,59.30499500384241,38.105393029576426,0,5,1,0
3475,0,2,99.32809971099607,22.272204304323832,0,4,1,0
3476,0,3,42.44622540690279,14.022890443149262,0,5,1,0
3477,0,3,31.157923918971008,0.6927081800786488,0,2,1,0
3478,0,2,44.02447205532515,0.7402953059549461,0,7,1,0
3479,0,1,51.33960398232543,32.41101738486685,0,5,1,0
3480,1,1,42.001346896797045,38.9208959624075,0,6,0,0
3481,0,3,38.05156188092863,60.909020474566226,1,9,1,0
3482,1,3,46.53238158857475,41.58815316763423,0,7,0,0
3483,1,3,45.845906511345724,35.39256790875268,0,6,1,0
3484,0,3,39.36157676318009,0.0,0,1,1,0
3485,0,3,100.0,21.39532300966866,0,6,0,0
3486,1,2,49.85726875431482,58.900085830656536,0,2,0,0
3487,0,2,41.542473887587654,1.439461210625793,0,3,1,0
3488,0,2,40.36022547161651,26.385461216320177,0,5,1,0
3489,0,2,49.88259851833543,25.554157029902036,0,4,1,0
3490,0,3,34.33332006367415,0.0,0,3,1,0
3491,0,3,77.48018702762229,43.908103097115934,1,3,0,0
3492,0,3,74.32483202269518,40.95671151071849,0,6,1,1
3493,0,3,34.00455513273652,6.191436151511876,0,4,1,0
3494,0,2,57.25486543835426,14.144989688549607,0,3,1,0
3495,0,2,46.8578852686537,30.12459644033739,0,6,0,0
3496,0,3,56.64874880693175,11.22393962008512,0,2,1,0
3497,1,3,50.95221153470456,51.81948656064648,0,0,0,0
3498,0,2,46.949919855632416,10.289519420283384,0,3,0,0
3499,1,2,43.62213652841997,33.2074255178796,0,8,0,0
3500,0,3,31.90825309265401,11.98257910964309,0,3,0,0
3501,0,1,24.34025026423441,0.0,0,4,1,0
3502,1,2,34.293737843352346,29.669722068578988,0,4,0,0
3503,0,2,22.704202661053714,0.0,0,5,0,0
3504,0,3,31.59191354079757,4.274304414500001,0,4,1,0
3505,1,3,57.70286644563563,58.05074879298736,0,3,0,0
3506,0,3,54.46469210000235,40.15493287039703,0,8,1,0
3507,0,2,11.051957985530935,5.591074482131713,0,5,1,0
3508,0,3,6.800968416484865,0.0,0,8,1,0
3509,0,3,53.339231821256355,16.360172797198032,0,6,1,0
3510,0,1,22.67408921010762,14.731199031646446,0,7,1,0
3511,0,3,35.531485268113144,10.393565820192887,0,9,0,0
3512,0,3,65.44599299993538,21.752108769696765,0,6,1,0
3513,0,1,58.299926305243375,33.88875584969449,1,4,1,0
3514,0,3,47.27360148468596,22.673905994071895,0,2,1,0
3515,0,2,68.25381891590104,45.71858673999535,1,8,1,0
3516,0,2,30.580998366753306,24.376884657768585,0,9,0,0
3517,0,3,59.65651671546493,17.609402055351538,0,3,1,0
3518,1,3,48.34796136455452,45.87272491853053,0,3,0,0
3519,0,2,65.5401396146934,32.384977214833576,1,4,1,0
3520,1,2,39.58798871415105,29.683914973928246,0,2,0,0
3521,1,2,47.476025039247375,36.72342015392698,0,5,0,0
3522,0,3,38.46213839528488,25.019320909451878,0,4,0,0
3523,0,2,47.91473163400415,25.422076392647863,0,4,1,0
3524,0,3,46.84367495945632,1.3871910583874971,0,3,1,0
3525,0,3,45.55810126694371,15.365146355491566,0,1,0,0
3526,1,3,51.469233839756626,61.696781455068944,0,6,0,0
3527,0,2,45.78846818523577,22.030214278964955,0,4,1,0
3528,0,2,70.84615369731806,17.40137919924615,1,2,0,0
3529,0,3,45.06065428228846,11.942308491633568,0,5,0,0
3530,1,2,46.94609275595875,56.93162485345632,0,6,0,0
3531,1,3,43.57369530500556,58.81109614377889,0,7,0,0
3532,1,3,41.13724211702065,59.40757180219316,0,5,0,0
3533,0,3,29.402126206296394,3.3476844507825234,0,3,1,0
3534,0,1,29.84605413952934,0.0,0,5,1,0
3535,1,3,61.3310223237967,69.57010441986186,0,5,0,1
3536,1,3,69.97678962965966,54.725398751908486,0,6,0,0
3537,1,3,50.55806975023021,70.58417312915559,0,3,0,0
3538,1,2,62.00404965614448,52.89354442214731,1,6,0,1
3539,0,3,68.02246882727574,18.70936204978248,0,3,1,0
3540,0,3,38.542318563753014,0.0,0,2,1,0
3541,0,3,79.6315419987921,34.06455068601188,1,7,1,0
3542,0,3,82.53603140496897,44.804148913246806,1,3,1,0
3543,0,2,33.27427366872811,14.486731928474104,0,3,1,0
3544,0,3,27.377493908939865,15.450221499324051,0,5,1,0
3545,0,2,50.753360369741294,0.0,0,2,1,0
3546,1,2,47.888002004813394,57.41670610083978,0,5,0,0
3547,1,3,52.4490546938461,50.75270571016613,0,1,0,0
3548,1,3,22.61195052999743,19.89921587824971,0,3,0,0
3549,1,2,45.93551811804495,53.9072785594636,1,5,0,0
3550,0,3,53.868764353047105,41.53398130182116,0,7,1,0
3551,0,3,62.32642739803994,22.89980797696254,0,7,1,0
3552,1,2,75.66837540040613,56.34285649249362,1,4,0,1
3553,0,1,82.26699304478826,47.7208680503288,1,2,1,1
3554,1,2,56.97097351634009,72.37437057229286,0,6,0,1
3555,0,3,52.03963505289312,29.4100545595328,0,3,0,0
3556,0,3,35.79101383051821,2.6049720059656343,0,5,0,0
3557,0,2,35.357280137206665,21.388067267811444,0,5,1,0
3558,0,3,38.13074112565303,17.437590173129646,0,5,1,0
3559,0,2,38.26309575569229,2.8873305917541456,0,3,1,0
3560,0,3,68.25219228172514,18.19330160983384,0,4,1,0
3561,0,3,27.272412495084325,16.675478812333598,0,6,1,0
3562,1,3,80.03326361704151,55.78446772101585,0,4,0,0
3563,1,3,35.384839374664026,27.344012322905073,0,5,0,0
3564,0,2,30.14167668467201,12.37835479900793,0,5,1,0
3565,1,3,41.97069414841216,56.660901014786454,0,6,1,0
3566,0,2,35.21183080650085,15.92153109618191,0,5,0,0
3567,0,1,57.4273204444858,15.71675242819672,0,7,0,0
3568,0,3,61.74002035002296,21.911426702065864,0,5,0,0
3569,0,2,57.7023037756632,4.970760265540978,1,3,1,0
3570,0,3,35.88672092313483,21.662575092571224,0,5,0,0
3571,1,2,60.27341192228871,65.31555038907074,0,5,0,0
3572,0,3,43.15750400249486,32.26127086740858,0,9,0,0
3573,1,3,30.75509114521009,23.195288986877433,0,3,0,0
3574,1,3,32.82829405163198,48.12768137119802,0,4,0,0
3575,1,3,47.85344052981057,36.09310071147698,0,4,0,0
3576,0,3,42.166020899614765,18.725168233564943,0,3,1,0
3577,0,2,50.78173308614105,8.825841397620739,0,3,1,0
3578,0,3,55.164050017141435,20.171284580145105,0,8,1,0
3579,0,3,45.08471251542127,31.847249778541947,0,8,0,0
3580,1,2,27.94292549799334,14.256804294960334,0,4,0,0
3581,0,3,55.072851162056054,11.614227276250304,0,5,1,0
3582,0,2,48.65388333434173,5.048858334292434,0,1,1,0
3583,0,3,49.7645415533777,13.743132960599626,0,7,0,0
3584,0,3,15.812028328237595,16.478797565173956,0,2,1,0
3585,0,3,65.18092699228994,39.74646206908626,0,6,1,0
3586,0,2,54.36581346660698,40.626487040591634,0,7,1,0
3587,0,2,35.43260406972272,0.0,0,5,1,0
3588,1,3,42.36656847936156,51.589411763790835,0,4,0,0
3589,1,2,79.12226381702833,63.67633991767194,1,5,0,1
3590,0,2,67.79010529005068,16.251224121288658,1,2,0,0
3591,0,3,39.33711679261376,12.347628882392387,0,11,0,0
3592,0,3,58.08962200928726,35.53183325251776,0,6,0,0
3593,0,3,94.8018654991444,2.9372222082861548,0,5,1,0
3594,0,3,38.692593561158056,25.085347701335813,0,7,1,0
3595,0,1,37.143657831425685,1.0807994768327496,0,4,1,0
3596,0,2,83.41068486648054,47.39109459505132,1,4,1,0
3597,1,3,67.28651513525129,38.18437067961117,0,6,0,0
3598,0,1,41.612780189413435,13.933089284320985,0,9,1,0
3599,0,2,49.78872876792946,38.951467694084045,0,8,0,0
3600,1,3,51.11095675143882,32.833324628197815,0,3,0,0
3601,0,2,58.83964539227473,35.82562902497706,0,8,1,0
3602,0,3,23.3871551200738,0.0,0,9,1,0
3603,1,2,76.52971509248242,53.042295507472105,1,4,0,1
3604,0,3,45.730613294635354,9.806330364431195,0,6,1,0
3605,0,2,57.70236957846892,8.189354304245779,0,2,0,0
3606,1,2,42.96940285971023,60.644275908200584,0,7,0,1
3607,0,2,55.38700608973701,43.262168888032114,0,9,1,0
3608,0,3,67.15359064418908,47.48968653269684,0,8,1,0
3609,0,3,56.27055077964401,33.45348790945894,0,3,1,0
3610,0,3,35.713335873294774,7.914446688149866,0,8,1,0
3611,0,2,54.785003972234655,14.228681488783215,0,6,1,0
3612,1,2,61.87716177581062,43.278689752330784,0,4,0,0
3613,0,3,56.636187813259774,39.15149285073047,0,5,1,0
3614,0,2,44.02483910175607,7.613772967778953,0,6,1,0
3615,0,3,42.05946604212465,22.68292425545802,0,4,1,0
3616,0,2,52.889711259151504,17.50521334573444,0,9,0,0
3617,0,3,45.718133161026834,29.82302198312423,0,6,1,0
3618,0,2,42.30728160077678,17.282646213859767,0,3,0,0
3619,0,2,42.483354402176126,0.0,0,2,0,0
3620,1,3,15.351831362406937,42.4217123075099,0,7,0,0
3621,1,3,39.19296389912029,54.49014081174787,0,6,0,0
3622,0,2,55.28814033175246,25.545172772599592,0,3,0,0
3623,1,3,39.033117878138725,31.11757150537247,0,5,0,0
3624,0,1,31.168835459091014,9.8119228228113,0,8,1,0
3625,0,2,42.20405750313174,9.535934491222939,0,7,1,0
3626,0,2,50.31793747231797,43.025023494601314,0,8,1,0
3627,0,1,57.61306752286288,38.26654533688064,0,4,1,0
3628,1,3,24.807680858397017,28.124420977161968,0,8,0,0
3629,0,3,50.76771548266086,2.7126543588261036,0,4,1,0
3630,0,3,54.62363887180399,20.323801766913217,0,8,1,0
3631,1,3,40.00994890786971,64.41612967643705,0,5,0,0
3632,0,3,45.27858380315363,5.6425396503249,0,4,0,0
3633,0,3,47.80071020442111,13.573548448841152,0,6,0,0
3634,1,3,65.64751798353203,64.35296025992513,0,3,0,0
3635,1,2,67.75732731809015,67.68597367616594,1,3,0,1
3636,0,3,58.25955880460257,42.714616837748025,0,6,1,0
3637,1,3,49.857709887342146,57.13509881016097,0,3,0,0
3638,0,2,20.98180876041212,25.01930619917318,0,9,1,0
3639,0,2,55.73514859055587,10.828051444139673,0,7,1,0
3640,0,2,42.856775684747596,35.7865159625422,0,8,1,0
3641,0,3,59.160923763578744,31.993227209341246,0,3,1,0
3642,0,2,69.88632893775393,18.762951463467292,1,5,1,0
3643,0,3,48.16765909164331,8.816661640335257,0,8,0,0
3644,0,3,45.89750692254946,28.219356470984792,0,4,0,0
3645,1,3,51.95932964238323,59.65296171097275,0,5,1,0
3646,1,3,36.169358755779186,34.194621094055925,0,3,0,0
3647,1,3,41.2734317548643,33.37358131850399,0,7,0,0
3648,0,3,53.155576309936755,37.812667682528016,0,6,1,0
3649,0,3,51.26695848029995,18.91484603413098,0,6,1,0
3650,1,3,32.88960121240551,52.27807366071209,0,2,0,1
3651,1,3,77.30870387308153,56.89129059992328,0,6,0,0
3652,0,1,35.74521203632061,0.0,0,2,1,0
3653,0,3,74.0163505699457,35.118113560512086,1,9,1,0
3654,0,3,62.92282086858867,46.830732451807,0,9,1,0
3655,1,2,44.21417348329511,47.82337479508858,0,2,0,0
3656,0,2,23.5293463755139,7.356663966955112,0,4,1,0
3657,1,3,46.160232925352254,62.634592555623634,0,7,0,0
3658,0,3,49.51133191371996,51.70908680621745,0,6,1,0
3659,0,3,73.91132243955472,17.025116933901838,0,3,1,0
3660,0,3,57.40533987476616,11.698088075794525,0,3,1,0
3661,0,2,60.23936300096648,31.243643608607606,0,3,0,0
3662,1,2,54.88161508557378,41.19087274691143,0,6,0,0
3663,0,2,53.71366496090525,9.656642078451375,0,4,0,0
3664,1,1,69.44498845848601,57.13080876112801,1,9,1,0
3665,1,2,0.0,40.461260494587926,0,6,0,0
3666,1,3,53.359072377332836,62.45105197230135,0,5,0,0
3667,1,2,76.68954529064914,76.3029556106897,0,8,0,1
3668,1,3,68.57125068555388,50.591413271246275,0,4,0,0
3669,0,3,71.13584020570282,18.64576445387309,0,3,1,0
3670,0,3,73.18152205148276,27.78254036357074,0,5,1,0
3671,0,2,71.516393601359,44.94660538270614,1,5,1,0
3672,0,3,56.689603933718594,31.95404683537576,0,2,1,0
3673,0,3,41.59913939079346,5.015516961679222,0,5,1,0
3674,0,2,79.8931230047814,26.468529351667552,1,3,1,0
3675,1,2,29.934956500982185,48.02034571285558,0,4,1,0
3676,1,2,56.67218258589796,47.270049202337866,0,3,0,0
3677,0,3,54.32571068789495,14.980991767697919,0,5,1,0
3678,0,2,42.0768575612838,2.231623429773219,0,4,0,0
3679,1,3,36.26868808507026,24.098366367988596,0,3,0,0
3680,1,1,50.76575999266338,34.964268526286105,0,0,0,0
3681,1,2,69.96705374368572,45.93266480840119,1,4,0,0
3682,0,2,38.732854658675166,19.633003425815808,0,3,1,0
3683,0,3,68.19645564771498,17.475380837694768,0,2,0,0
3684,1,1,32.77503391402848,47.091773307128356,0,4,0,1
3685,0,1,64.75582012753553,19.830990265131014,1,5,1,0
3686,1,2,61.11691436415168,68.56075956989368,1,7,0,1
3687,0,3,46.081605498651655,17.01057378120803,0,2,0,0
3688,0,2,22.919739127903146,23.279333426787773,0,10,1,0
3689,0,1,62.07675875064298,18.788832286009118,1,6,1,0
3690,0,2,22.016421121685603,0.0,0,5,1,0
3691,1,3,35.813298432958774,53.92712883721691,0,6,0,0
3692,0,3,40.543449167069134,29.959788977693428,0,8,1,0
3693,0,3,62.0406028385631,49.15805871271036,0,3,1,0
3694,0,3,61.59928568581953,17.723209064431593,0,7,0,0
3695,0,3,44.65721828198871,2.8781890933439236,0,4,0,0
3696,0,1,65.53472339814219,21.500825675814642,1,6,0,0
3697,1,2,50.28048275355629,56.794233960996216,0,4,0,1
3698,0,3,54.798965392267405,36.1465412461127,0,5,1,0
3699,0,3,32.653777932346294,16.40702496473985,0,4,1,0
3700,1,2,36.841461352461856,42.6412935097411,0,4,0,1
3701,0,2,41.59547886728241,36.76602600285842,0,11,1,0
3702,0,2,64.83351873531481,12.916303993079442,1,5,1,0
3703,0,1,31.46015781878834,18.160320860234886,0,6,1,0
3704,1,3,62.63926278174477,64.28773005306715,0,2,0,0
3705,1,2,81.20898622484243,91.46109091686971,1,8,0,1
3706,0,2,42.37805809692688,8.268069647199166,0,11,1,0
3707,0,2,22.712624234124927,0.0,0,3,1,0
3708,1,3,32.08045632511683,31.042262940204928,0,2,0,0
3709,1,2,48.135088503518745,33.52166612369121,0,4,0,0
3710,0,2,56.9030540230276,35.70642154862684,0,5,1,0
3711,0,3,35.08432613748996,0.0,0,3,1,0
3712,0,2,41.60576701414693,0.0,0,4,0,0
3713,1,3,54.709834888959215,60.860084031684345,0,3,0,0
3714,0,2,39.22341289342421,0.0,0,0,0,0
3715,1,1,30.958304518199633,32.50565408996216,0,9,0,0
3716,0,3,47.47078293847155,26.414103179082183,0,6,0,0
3717,1,2,79.39512229317499,73.07352212693914,1,4,0,1
3718,0,2,56.10552710908834,9.695783779643113,0,2,1,0
3719,1,3,45.576206549963146,57.69741966412774,0,5,0,0
3720,0,3,56.04200512129392,33.18787411691465,0,5,1,0
3721,0,1,47.37178379440258,16.812568783472965,0,10,0,0
3722,1,3,33.24890102259858,24.628140156578205,0,6,0,0
3723,1,2,36.855112425901375,51.64776271840336,0,5,0,0
3724,0,3,79.56605889886191,30.61090521480266,1,3,0,0
3725,1,2,54.048471488781836,37.92432278841484,0,3,0,0
3726,1,2,62.09514209110893,43.973846545326005,0,1,0,0
3727,0,2,34.587503744284675,31.66591005987319,0,10,0,0
3728,0,1,95.81710672230871,37.73911595262074,1,7,1,1
3729,1,3,56.159651912189005,47.15786744885516,0,5,0,1
3730,0,2,39.80457964209233,13.119326965083326,0,0,0,0
3731,1,3,44.15914572197665,37.617859197536404,0,5,0,0
3732,0,2,60.25237076591451,16.829944479242457,0,6,1,0
3733,0,3,48.21804514115257,16.103994937659312,0,8,0,0
3734,0,2,72.02099017769292,40.92040349703792,1,4,1,0
3735,0,2,41.43832185969256,31.632991795488074,0,5,1,0
3736,0,2,45.14534267042365,17.51710359710867,0,8,1,0
3737,0,2,67.82605578743518,15.96089047252612,1,1,0,0
3738,1,3,65.65251732440132,71.21998200597318,0,6,0,1
3739,0,2,7.771759250051473,0.0,0,4,1,0
3740,0,2,86.69891401243483,21.174228837054414,1,3,0,0
3741,0,2,51.27916980388055,11.938955194720407,0,5,0,0
3742,1,1,47.97089250786008,59.56163390839663,0,5,0,0
3743,0,3,38.16465556330172,6.126025166481112,0,9,1,0
3744,0,2,23.09605591945426,13.987922890646539,0,7,1,0
3745,0,3,45.91200165932938,17.12107006399185,0,9,1,0
3746,0,2,33.24897543186534,15.382035958525469,0,6,1,0
3747,1,3,51.32900716583463,63.815240671711905,0,4,0,1
3748,0,2,43.292038185925804,0.0,0,2,0,0
3749,1,2,71.22031366463385,59.87968809801904,1,7,0,1
3750,1,3,66.47895896711809,43.5997258459172,0,5,0,0
3751,1,3,7.354342317022242,14.070976481421031,0,4,0,0
3752,1,3,62.796208004266,72.82606449015657,0,7,0,1
3753,1,3,42.61387163631164,61.22955064527916,0,8,0,0
3754,0,2,71.36383880646862,43.35967513048811,1,4,1,0
3755,1,2,67.60098315269474,57.843712139046914,1,8,0,0
3756,1,2,37.68302042567587,51.451583195224885,0,5,0,1
3757,0,3,41.76035657652113,35.66915760576618,0,11,1,0
3758,0,3,45.854021254743586,7.031195553261002,0,5,0,0
3759,0,1,28.563677786802035,14.402117059455694,0,4,1,0
3760,1,3,48.73319675325448,36.15967412118748,0,3,0,0
3761,1,2,36.61249580524341,21.649858461386962,0,3,0,0
3762,0,3,60.46126197933998,12.314777103948979,0,7,1,0
3763,0,3,51.61183721137899,42.36439628888875,0,8,1,0
3764,0,2,35.207906896140734,7.189567202262367,0,8,1,0
3765,0,3,55.81358478313376,16.101392275117714,0,4,0,0
3766,0,2,38.43613256553195,0.0,0,4,1,0
3767,0,3,45.42411677350371,30.0156764496809,0,7,1,0
3768,0,2,55.38519089082303,32.4747081108932,0,5,1,0
3769,0,1,44.39244736329837,21.46756737776631,0,2,1,0
3770,0,3,67.5017856795865,37.25795098030127,0,5,1,0
3771,0,3,60.11353901250465,21.918359243368105,0,9,1,0
3772,0,3,46.287503090784405,26.976874266305032,0,4,0,0
3773,1,3,50.45089686058721,46.17850260511864,0,6,0,0
3774,0,2,74.53668833790908,25.521306553787767,1,4,0,0
3775,0,3,55.234520318156356,16.028345089427084,0,4,1,0
3776,0,2,39.725361754266245,26.043184937691375,0,6,1,0
3777,0,3,47.19976492563927,9.365187063730067,0,5,1,0
3778,0,3,46.33006292657426,0.0,0,2,1,0
3779,1,3,38.936451769553265,40.905396262033655,0,8,0,0
3780,1,2,54.87534643127159,45.487929058717924,0,6,0,0
3781,0,2,61.208009592732274,48.98434847513951,1,6,0,0
3782,0,3,37.342043883598876,10.944548412009519,0,2,1,0
3783,0,3,21.24534463936479,28.97205382222752,0,6,1,0
3784,0,3,72.0275002193783,37.4822713185206,0,4,1,0
3785,0,2,63.48091008254419,29.75566063593778,1,10,1,0
3786,0,3,33.32803279070892,0.0,0,4,1,0
3787,0,3,45.874860941714765,7.2999321833205,0,4,0,0
3788,0,2,36.53383844483549,19.72481683018909,0,3,1,0
3789,0,2,50.84716303099741,12.978433749672757,0,6,1,0
3790,0,1,57.45405013605853,19.59309129209491,0,8,1,0
3791,1,3,36.99133368125448,24.298638685607838,0,2,0,0
3792,1,1,46.35937037522961,54.33754110086994,0,4,0,1
3793,1,3,44.50292361501404,41.37762660468947,0,7,0,1
3794,0,3,74.7521795277785,45.1251154480989,0,4,1,0
3795,0,1,52.032853390165066,25.637047678702945,0,4,1,0
3796,1,1,38.26692289972513,56.84997523052903,0,7,0,0
3797,0,3,40.712750769050885,24.155739570674672,0,5,0,0
3798,1,3,38.008487551906136,26.377100134524564,0,2,0,0
3799,1,2,43.77859846277286,41.86706327892361,0,8,0,0
3800,0,3,32.867140191903395,28.555373393147434,0,8,0,0
3801,0,3,66.99532857010134,17.114681766842214,0,4,1,0
3802,1,1,49.29929974147444,56.34644213625913,0,4,0,0
3803,1,3,24.701482544965202,39.650812010854494,0,3,0,0
3804,0,2,43.23749181029855,16.08362087986119,0,2,0,0
3805,0,3,28.523069019378394,0.0,0,1,0,0
3806,0,2,75.19482323905328,44.57797507423632,1,4,1,0
3807,0,2,64.24612832098366,39.52742629416539,1,4,0,0
3808,1,3,59.9486136487271,69.30072498855486,0,11,0,1
3809,0,2,43.05219879023728,16.388104067729348,0,8,1,0
3810,0,2,33.63703911766362,7.714917242040932,0,5,0,0
3811,0,3,59.63506664146996,22.136636421773872,0,7,1,0
3812,0,3,32.33285052882771,0.0,0,3,1,0
3813,0,2,63.59796453891817,14.80711379973419,1,4,1,0
3814,0,2,34.38530531131162,0.0,0,1,1,0
3815,0,3,59.86406130663481,24.945980971509485,0,5,1,0
3816,0,2,28.248367340491804,30.371726509531197,0,5,1,0
3817,1,2,26.00126192027188,46.37586354803857,0,5,0,0
3818,1,3,69.72073847485944,50.79990916348776,0,6,0,0
3819,0,3,43.43849426418659,2.49269147189341,0,3,1,0
3820,0,3,22.680986136436236,25.07119184951053,0,11,0,0
3821,0,2,43.97188142085764,8.749539556572055,0,7,1,0
3822,0,2,57.71387886143931,11.860341317355255,0,3,1,0
3823,0,2,52.16215448901444,10.013493647336478,0,5,0,0
3824,0,3,71.17065926304765,4.614333046873069,0,2,1,0
3825,1,2,57.008467177123705,57.15809845570286,0,5,0,1
3826,1,2,39.67234952142958,56.149442795178985,0,7,0,0
3827,1,3,40.76600366085428,32.60446941622151,0,4,0,0
3828,0,3,67.87832839030456,52.21759934810683,0,10,1,0
3829,0,3,82.3386951553271,28.495693442217046,1,4,1,0
3830,1,3,58.00366650980715,79.08609657482987,0,12,1,0
3831,1,3,65.65607116245681,61.026491478145154,0,4,0,0
3832,1,2,45.434945345623824,29.337668072501973,0,1,0,0
3833,0,3,57.17294565409181,28.586916871186745,0,7,1,0
3834,1,3,7.5329374885165485,60.361235215904124,0,9,0,0
3835,0,3,66.69914577562017,22.39032280200074,0,5,0,0
3836,0,3,58.032255029454234,25.054819640025528,0,1,0,0
3837,0,2,53.12774278678134,45.26225919933009,0,12,1,0
3838,1,2,43.01786420882853,34.10665775400334,0,4,1,0
3839,0,3,51.30168355142631,29.372328972607082,0,7,0,0
3840,0,3,83.18897504656772,18.901017385982712,0,5,1,0
3841,0,2,58.38000794254551,34.458992884183886,0,5,1,0
3842,0,3,56.269826731742,32.238068370389605,0,8,0,0
3843,0,3,35.87009442593282,0.0,0,4,1,0
3844,1,2,7.972941535183654,43.618527577775225,0,4,0,0
3845,1,3,30.794371738196805,37.52953622305149,0,2,0,0
3846,1,3,65.91142465924258,73.48944525514543,0,5,0,1
3847,0,2,56.629265430893696,18.620963031811836,0,4,1,0
3848,0,2,42.319661180257896,0.0,0,4,1,0
3849,0,1,34.67001695648246,0.2384699351574464,0,4,1,0
3850,0,3,62.10233452792193,42.26011257707626,0,4,0,0
3851,0,3,62.15243956146222,22.344408611353856,0,6,0,0
3852,1,3,51.508931779669595,57.53879556847876,0,3,0,0
3853,1,2,36.52548974132883,53.20225162336653,0,5,0,0
3854,0,3,57.25224445382028,12.153111912889447,0,3,0,0
3855,0,3,38.61201254566156,0.0,0,4,0,0
3856,1,2,22.294281079071098,54.84630095733382,0,10,0,0
3857,0,2,40.144449676541804,0.0,0,4,1,0
3858,0,2,55.11780261103254,35.231744413128595,0,6,1,0
3859,0,3,44.47927976510904,21.395707299899207,0,5,0,0
3860,1,2,64.66609727887669,49.47814198251451,0,6,0,0
3861,0,3,37.45199964019188,18.71314531934511,0,4,1,0
3862,0,2,51.41130776073192,17.453119852816474,0,8,0,0
3863,0,3,70.09685646105969,42.79353916271428,0,5,1,0
3864,0,2,29.07032012240589,0.0,0,7,1,0
3865,0,2,55.35061974912674,10.796966962792414,0,4,1,0
3866,1,2,28.321906378834775,43.77860636463683,0,4,0,0
3867,0,2,62.21620726600575,13.694393382916228,0,3,1,0
3868,0,2,40.604624150735816,16.56580634330359,0,7,1,0
3869,1,3,46.4376190737015,39.35480104730888,0,5,0,0
3870,1,3,11.961072985426405,23.79821774396551,0,6,0,0
3871,0,3,45.654094589434514,6.635387738165019,0,3,1,0
3872,0,3,51.875762862269774,4.634878677447209,0,4,1,0
3873,1,2,35.388740999490814,27.562134372538335,0,4,0,0
3874,0,3,36.20885355030114,2.988051913474953,0,6,0,0
3875,0,1,68.17337066720725,17.14996984177304,1,5,0,0
3876,0,2,100.0,33.79043600943241,1,7,1,0
3877,1,2,64.77047242853416,67.92174504085104,0,5,0,1
3878,1,3,54.29714646601828,67.0983921526923,0,8,0,0
3879,0,2,59.823430330228696,26.682922412465146,0,9,1,0
3880,1,3,67.9706985205993,53.7423404977183,0,4,0,0
3881,1,2,65.17065868844277,72.02151360707843,1,7,0,1
3882,1,2,58.3779115810375,65.0414113631826,1,4,0,0
3883,0,3,58.80641905729992,16.67550636794872,0,4,0,0
3884,1,3,43.77676547205493,29.588141870025627,0,1,0,0
3885,0,2,61.154347182559604,40.06068244040488,0,6,1,0
3886,0,3,49.55680263484345,29.35304504460529,0,5,1,0
3887,0,2,66.27057112773608,37.60506092100339,0,3,1,0
3888,0,2,61.131191404353686,11.539682927914562,1,1,0,0
3889,1,3,33.67386363542067,21.972221358852195,0,4,0,0
3890,0,3,60.33019089165148,43.227245638391,0,8,1,0
3891,0,2,39.924171333478895,21.00357687546466,0,3,1,0
3892,0,2,66.1017368633328,42.27773470455328,1,5,1,0
3893,0,2,53.2479221677052,11.568871104428021,0,4,1,0
3894,0,3,59.67133265349232,27.577768202286773,0,2,0,0
3895,1,3,55.29508605712585,52.91143375406765,0,1,0,0
3896,0,3,53.39747362504823,17.82601673867855,0,8,1,0
3897,0,3,39.00293048642168,22.038647294826674,0,3,0,0
3898,0,3,53.819257047126904,28.06609142646568,0,8,1,0
3899,0,2,39.97495871266289,0.0,0,2,0,0
3900,0,2,67.26313594389957,23.46739058107284,0,4,0,0
3901,0,2,40.60827764376556,1.8211686725676572,0,4,0,0
3902,0,2,48.05383070107517,32.75956391481689,0,8,0,0
3903,0,3,67.70234588683482,41.94302229061904,0,7,1,0
3904,0,3,52.84911691957485,36.93175643168418,0,8,1,0
3905,1,2,46.925445539655236,38.667099154547884,0,5,1,0
3906,0,1,100.0,22.72741128315939,0,4,0,0
3907,0,3,45.119103114221645,5.02653081769764,0,6,1,0
3908,0,2,65.18597104738748,50.6148228127626,0,7,1,1
3909,0,2,73.74922212977577,27.027893141025075,1,6,0,0
3910,0,3,44.144376578991746,2.6471247894514587,0,5,0,0
3911,1,3,28.177257446081658,20.632404194840884,0,4,0,0
3912,0,3,33.02001573012263,25.293788665106188,0,5,0,0
3913,0,3,66.73544438233019,21.421649408239382,0,5,1,0
3914,0,3,83.42480539300209,51.225275537249324,1,7,1,0
3915,1,3,62.81593212633059,67.3991995264562,0,7,1,0
3916,0,2,55.810763351766866,30.161040307561237,0,3,0,0
3917,1,2,52.06263939100846,62.11574281434311,0,3,1,0
3918,0,2,39.23224186100216,30.547782421788597,0,8,1,0
3919,0,1,47.38321106024306,9.712047927513025,0,4,1,0
3920,0,2,60.155211843210566,57.32742917789985,1,11,1,0
3921,0,3,42.89812108534641,11.837448308433288,0,5,1,0
3922,0,3,49.892429437096325,16.344976917132406,0,5,1,0
3923,0,2,46.86745460500057,4.520705738608561,0,4,1,0
3924,1,3,52.608100166206356,41.73540064484265,0,2,1,0
3925,0,3,61.6785180613952,50.59160536563176,0,11,1,0
3926,0,2,42.80211563608225,0.0,0,2,0,0
3927,0,3,40.31191247093339,6.723216834598077,0,5,1,0
3928,0,1,25.812755080724067,0.0,0,2,1,0
3929,1,3,55.426135655957204,68.37266889906195,0,5,0,0
3930,0,2,50.93346766820068,30.077732282549846,0,4,0,0
3931,0,3,70.75756017588509,18.678338941146897,0,1,1,0
3932,0,3,69.81034134317477,46.31139941839242,0,6,0,0
3933,1,2,59.85687707007827,40.341718954718615,0,6,0,0
3934,1,2,42.63079286775251,33.82623442303456,0,4,0,0
3935,1,3,40.011913513622304,56.24969948942765,0,5,0,0
3936,1,2,21.870878161287294,35.539312283937065,0,3,0,0
3937,0,1,44.36759742632357,5.76410208470848,0,6,1,0
3938,0,3,26.209940058679386,23.22447380281921,0,9,0,0
3939,0,1,48.42759604193878,18.927802270788142,0,9,1,0
3940,0,1,54.02478979097241,31.721949980991766,0,6,1,0
3941,0,2,55.93750153717739,11.714942131488375,0,4,1,0
3942,1,3,85.52044894907054,62.009868128311254,1,5,1,1
3943,0,3,89.31758355557224,28.300670780767206,0,4,1,0
3944,1,2,44.30356739032435,56.83965930080227,0,4,0,0
3945,1,3,20.9456235900202,46.221696797840764,0,7,0,0
3946,0,3,74.7134618894533,37.15225293599623,1,3,1,0
3947,0,2,61.02865333843763,33.962762327417764,0,5,0,0
3948,1,2,53.933538486985796,42.51970734601993,0,5,0,0
3949,1,3,59.63663400273279,48.69443410084843,0,8,0,0
3950,1,2,55.65378407885615,66.06092853398715,0,6,0,0
3951,1,3,48.56053265610911,51.19679801337078,0,8,1,0
3952,0,3,50.676335184796606,32.28589420002655,0,5,1,0
3953,0,3,65.95806102195193,36.07665132560598,0,3,0,0
3954,1,3,37.87529552956338,41.89595221981406,0,5,0,0
3955,0,3,47.88391664231029,34.2930261745303,0,6,0,0
3956,0,3,28.970661487701793,16.265267094288152,0,7,0,0
3957,0,3,32.97060506077835,24.567497893482393,0,7,1,0
3958,1,3,69.44530823397953,77.1766530758308,0,5,0,0
3959,0,2,56.44885848287922,15.36079686272879,0,7,1,0
3960,0,2,41.34703592131735,20.576475674039536,0,2,0,0
3961,0,3,46.87052365712028,6.306942827443397,0,5,1,0
3962,0,3,47.94857005405279,24.459334540299533,0,5,1,0
3963,1,3,56.841542751873085,34.785014681806345,0,2,0,0
3964,1,3,28.091291701703952,37.595334466938944,0,3,0,0
3965,0,3,57.43105806275244,15.13709069614097,0,8,1,0
3966,0,3,100.0,27.509810754130264,0,4,0,0
3967,0,2,32.192042029738715,17.807531364429327,0,5,1,0
3968,1,3,41.12011717372565,24.667922600619445,0,5,0,0
3969,0,3,47.403200018843165,0.9707908632267266,0,4,1,0
3970,1,3,65.75581355091755,49.604628795215724,0,3,0,0
3971,1,3,40.29278932470352,28.576012104297245,0,3,0,0
3972,0,2,53.489365307709754,10.396889230798733,0,4,1,0
3973,1,2,69.2279883671444,50.319753953419514,1,5,0,1
3974,0,2,41.01759060019375,20.86290869077659,0,4,1,0
3975,1,3,59.54585392551323,70.32479104959032,0,8,0,1
3976,0,2,53.23859370451553,31.154683091812743,0,5,1,0
3977,0,3,29.023780573817106,0.0,0,4,1,0
3978,0,2,57.19791476031355,22.850013445160286,0,9,0,0
3979,0,3,82.92294890141122,59.48938827888181,1,4,0,1
3980,1,2,25.050345338163677,20.28685351575836,0,5,0,0
3981,1,3,15.118374780465704,51.054685033974465,0,4,0,0
3982,0,3,56.86066732334341,10.999489411399798,0,4,0,0
3983,0,2,62.240789236275745,37.52387815925468,0,4,1,0
3984,0,2,55.85437115373481,31.31870839973507,0,4,1,0
3985,0,1,60.78518836962122,13.55721915141279,1,3,1,0
3986,0,2,58.889357160279644,38.86041508466837,1,7,1,0
3987,0,3,44.78815930853632,1.3834283730767498,0,4,1,0
3988,0,3,40.501966165599576,29.175847299433933,0,8,1,0
3989,0,1,42.533557564757295,10.82698950507222,0,8,1,0
3990,1,3,58.729229576741155,63.224218664986665,0,4,0,1
3991,0,3,40.713090965779436,3.005515955593562,0,4,1,0
3992,1,2,51.52063040917176,44.05458714476728,0,6,0,0
3993,1,3,68.54048639565991,59.42867184890924,1,8,0,1
3994,0,2,42.86335860739854,29.690462153053623,0,6,1,0
3995,0,3,53.99595686675745,8.69536345366065,0,4,1,0
3996,0,2,44.12104482007475,30.38783873873387,0,5,1,0
3997,1,2,63.01394507227922,54.64774223291935,0,8,0,0
3998,0,3,28.142627764495916,0.0,0,0,1,0
3999,0,3,55.59533447813806,0.0,0,1,1,0
4000,0,3,30.864139265842137,8.233628980477935,0,5,1,0
4001,0,3,36.70793512497009,25.222766389291333,0,7,0,0
4002,0,3,50.387606596167245,27.211410963805147,0,1,1,0
4003,0,3,63.82287796224298,37.43277947051466,0,4,1,0
4004,1,3,66.00967717048657,72.76659069647789,0,4,0,0
4005,0,2,40.86373501727537,29.033466216664372,0,5,1,0
4006,0,3,55.3635913131766,51.134828675395106,0,8,0,0
4007,0,3,55.71092618633478,20.0814508049822,0,9,1,0
4008,1,3,39.53046320072442,65.29990018745401,0,9,0,1
4009,0,2,48.30113836518543,8.250037636251353,0,4,1,0
4010,0,1,46.28464966211312,28.81912897751829,0,5,0,0
4011,0,2,46.48355679121812,8.47083483189016,0,5,1,0
4012,0,2,74.26388020729233,26.795259629398352,1,5,1,0
4013,1,3,39.092781562182715,57.1381207432302,0,7,1,0
4014,1,1,35.21789764256627,27.8220867193698,0,4,0,0
4015,1,2,33.91299830379471,47.77136700044665,0,5,0,0
4016,0,2,85.92735174240536,33.05377710412825,1,5,1,0
4017,1,3,57.33834112192649,36.54938719226115,0,4,0,0
4018,0,3,23.718172811155082,0.0,0,7,0,0
4019,1,3,39.57943171295344,62.42371131923146,0,8,0,0
4020,0,2,71.10728721615968,21.06952277427547,1,4,0,0
4021,0,3,53.24616061129418,9.63054428106741,0,2,0,0
4022,0,3,54.35893657288686,1.814296948448261,0,3,0,0
4023,0,3,46.68140609043992,10.44404016742163,0,6,0,0
4024,1,3,70.1625405879984,52.593088758185345,0,4,0,0
4025,1,3,46.74326033139191,43.167765028496824,0,1,0,0
4026,1,3,50.86427728704023,40.32615110800132,0,3,0,0
4027,0,3,75.74120913409597,20.840017746150657,0,10,1,0
4028,0,3,30.987652458063994,0.0,0,5,1,0
4029,0,2,58.1690967283711,20.493920830673034,0,7,1,0
4030,1,3,62.784888298490955,43.99966446702215,0,3,0,0
4031,1,2,15.52594338967613,47.61774227208971,0,6,0,0
4032,0,3,50.18438030306077,4.88460256863927,0,3,1,0
4033,0,3,56.15876674125127,35.534345180559555,0,5,0,0
4034,0,1,57.28172652325314,12.60184513195319,0,7,0,0
4035,0,2,44.167806327178845,20.80571671243899,0,4,1,0
4036,1,3,28.368877413722725,44.487257359929316,0,5,0,0
4037,1,3,53.100470346387034,54.27576560320623,0,3,0,0
4038,1,1,35.16267085632449,37.49445820639527,0,6,0,0
4039,0,3,58.78071975761295,45.976794723948224,0,9,1,0
4040,1,3,66.65809544613342,47.28066265922383,0,3,0,0
4041,0,3,40.304007699420765,24.521871921170835,0,5,1,0
4042,0,2,45.798829961349,5.335891820667517,0,5,1,0
4043,0,2,17.382590485035212,17.00938628241121,0,8,0,0
4044,0,2,69.64630885710933,36.229464802248295,1,10,1,0
4045,0,2,42.76408364052294,0.3778355264745329,0,3,1,0
4046,1,3,44.757441693119226,40.38627808363554,0,7,0,0
4047,0,3,75.53104551400637,17.463522523935655,0,6,1,0
4048,1,3,19.73469848594969,37.40758336503247,0,5,0,0
4049,0,3,66.83470480525854,50.329133454597574,0,7,1,0
4050,0,2,47.10399009208105,38.902731557130416,0,6,1,0
4051,0,3,61.26826194383157,45.77887094489901,0,10,1,0
4052,0,2,55.38004289849507,24.387797906949885,0,3,1,0
4053,0,3,56.0699925358472,11.161586458542232,0,5,0,0
4054,1,3,40.93716683227975,32.239742080178786,0,4,0,0
4055,0,3,36.33261106975988,0.048460554530705524,0,2,0,0
4056,0,2,46.621354696022145,40.48700231529031,0,11,1,0
4057,0,3,43.60399035929756,5.550121532666106,0,6,1,0
4058,0,2,39.50818225283264,3.8543460773310296,0,4,1,0
4059,1,3,50.85332570763725,60.815393848002394,0,3,1,0
4060,1,2,23.795971978978656,34.03454655425095,0,2,1,0
4061,0,3,41.112405566758795,5.953966416049824,0,5,1,0
4062,0,3,31.26583235043717,17.80622508880383,0,4,1,0
4063,0,2,57.437424458197086,34.320197864924246,0,5,0,0
4064,0,2,41.02136280001422,38.02272349625624,0,5,1,0
4065,0,2,69.35083724661459,40.3523643612751,1,4,1,0
4066,0,2,53.5721972979944,26.89423774949308,0,5,1,0
4067,0,2,47.85191639397797,10.659139324509617,0,4,1,0
4068,0,3,50.04278057198589,12.421812584655964,0,6,1,0
4069,0,3,17.172983745398422,0.0,0,7,1,0
4070,0,2,29.816381319426878,14.988208145347341,0,5,1,0
4071,0,1,62.89219195840472,23.386707456380982,1,9,1,0
4072,1,2,54.6530655084009,45.69604618553312,0,6,0,1
4073,0,3,43.79820033154526,6.145799111109845,0,5,1,0
4074,0,3,29.37114505066112,11.833659837840024,0,4,1,0
4075,0,3,44.40445643075736,0.0,0,5,0,0
4076,0,3,63.931900582735636,37.9649484237372,0,5,1,0
4077,1,2,58.557878137087656,58.67384176562521,0,0,1,0
4078,0,1,38.80867831850726,19.23275014894006,0,4,1,0
4079,0,2,23.614400643586848,23.801809185320458,0,8,1,0
4080,0,2,60.39515308633249,23.989109251938544,1,7,1,0
4081,1,2,54.74219290815731,59.34352342886907,0,5,0,1
4082,1,3,49.356909702946744,33.381694077936565,0,3,0,0
4083,1,2,56.181546801982826,66.68801106768193,0,5,0,0
4084,0,3,44.645858782214894,15.160742914065825,0,2,1,0
4085,0,2,51.55873845253644,30.65740670450407,0,6,1,0
4086,0,2,54.34169468563468,25.943557277024954,0,3,1,0
4087,0,2,39.879243649610146,28.16500648875522,0,6,1,0
4088,1,2,50.64288878155239,58.829232538465924,0,4,1,0
4089,0,3,38.4167161624379,16.025807681819586,0,2,1,0
4090,1,3,58.915217842101896,50.5804535955651,0,7,1,0
4091,0,3,35.34531406741548,25.989049463179917,0,6,1,0
4092,0,3,66.7322769192628,43.81908719964119,0,7,1,0
4093,0,3,66.78530851779436,19.648500332883042,0,6,1,0
4094,1,1,49.37351475187465,66.93482384455295,0,10,0,1
4095,0,3,55.4084993129311,29.984059958238696,0,12,1,0
4096,1,3,62.707533892449334,58.25198240312252,0,2,0,0
4097,0,2,56.82427868141127,5.716769406819726,0,1,0,0
4098,0,2,47.44148729709016,31.002635664207137,0,2,1,0
4099,0,1,59.56936748803671,9.898271627394136,0,2,1,0
4100,0,2,47.449824613791414,1.3699826898708904,0,4,1,0
4101,0,3,78.06167805268558,38.88594326530909,0,12,0,0
4102,0,1,76.47223393894005,8.267907730062024,0,4,1,0
4103,1,3,30.950594981224825,40.43169566411326,0,5,0,0
4104,0,2,36.40928551789408,18.65433900815397,0,4,0,0
4105,0,3,28.02113227879155,0.0,0,7,1,0
4106,1,3,74.04964129251829,62.38726519857775,0,6,1,0
4107,0,3,43.361050610904485,13.76216635904487,0,6,1,0
4108,1,2,23.549402206165805,44.11738104061141,0,7,0,0
4109,1,3,40.221610113160075,33.27702175461747,0,5,0,0
4110,1,1,46.24300052820472,56.54295804984846,0,5,0,0
4111,0,2,67.46481247544956,13.884951420725006,0,4,1,0
4112,1,2,21.71379559737212,55.76638951185452,0,10,0,0
4113,0,3,50.84449296229178,18.567323922210516,0,2,1,0
4114,0,3,57.416891570180304,40.19272286660312,0,5,1,0
4115,1,2,50.30707497094267,41.33347458465018,0,3,1,0
4116,1,3,59.56219979778962,77.06859748427512,0,6,0,1
4117,0,3,42.2396165830592,33.3738610784531,0,7,1,0
4118,1,2,13.746888872548858,11.310662737542168,0,4,0,0
4119,0,3,60.55791745670296,18.501471043272808,0,4,1,0
4120,1,3,48.06749549277417,42.53678367017664,0,6,0,0
4121,0,2,53.93800130791296,15.793168000170995,0,5,1,0
4122,0,3,28.933478857592664,15.9363172037408,0,4,1,0
4123,0,2,50.632148702070424,15.785936606351456,0,7,1,0
4124,1,2,63.092727028791316,57.244901466192715,1,1,0,0
4125,0,3,42.2565995014676,2.7532974967678694,0,4,0,0
4126,0,2,31.568820315651806,21.37200797973287,0,5,1,0
4127,1,1,27.031259030766734,48.17995294050026,0,5,0,0
4128,0,3,51.24367718353432,16.955731056768354,0,5,1,0
4129,1,2,51.86103223312079,62.64599657561155,0,4,0,0
4130,0,1,48.90719893352091,24.133262102082284,0,4,1,1
4131,0,3,48.811080436391514,29.509420232345548,0,4,0,0
4132,1,2,28.521331380403737,53.61913079767689,0,7,0,0
4133,1,3,66.88448049308414,75.1963938960883,0,4,0,1
4134,0,3,54.73318587042883,13.172937785308356,0,7,1,0
4135,0,2,55.325114512293965,29.305515242297826,0,1,1,0
4136,0,3,30.060215978967758,17.24949380760839,0,6,0,0
4137,0,3,79.02126906454143,60.158991193960006,1,9,1,0
4138,1,2,61.910234494759635,52.028923035907916,0,6,0,0
4139,0,3,32.82652580235032,2.9183297853454278,0,7,0,0
4140,1,2,45.766209288775784,44.984847913757626,0,5,1,0
4141,0,3,45.874889397629595,34.9574839519887,0,6,0,0
4142,0,3,50.18660006833105,27.024849127003932,0,3,1,0
4143,0,3,63.70707667977327,26.610483996167336,0,1,0,0
4144,0,3,57.67907759810257,32.168338093808,0,9,1,0
4145,1,2,26.39820213433674,48.562615827601604,0,5,0,0
4146,0,3,43.2652214082472,0.0,0,6,1,0
4147,0,2,24.067044749281926,0.0,0,5,0,0
4148,0,3,64.00449330529193,33.00776582005604,0,4,1,0
4149,1,2,43.30476321746211,38.58591620665068,0,6,0,0
4150,1,3,13.532502966073155,30.868915885285997,0,4,0,0
4151,0,2,61.93710301623167,23.100879850031824,1,8,1,0
4152,0,2,41.716104572293006,3.6755861236601457,0,5,0,0
4153,1,2,61.33885027145667,44.95702585502433,0,2,1,0
4154,1,3,54.5372392108992,68.26400530779398,0,7,0,0
4155,0,2,60.400321474415875,20.542171677351817,0,8,1,0
4156,1,3,38.358768677649444,50.52689796415831,0,2,0,0
4157,0,3,44.471233536650566,24.620737470679817,0,5,1,0
4158,0,3,50.07026714974762,25.930057387050304,0,4,1,0
4159,0,3,35.66858246121202,2.3253580892640473,0,5,1,0
4160,0,3,50.20622854170207,32.45918950700647,0,3,1,0
4161,1,2,0.0,70.78658533652437,0,8,0,0
4162,1,2,56.99565668973881,60.904924960298644,0,4,0,0
4163,0,3,58.641082091935445,14.134355373014046,0,3,1,0
4164,1,2,36.25365522821368,26.46704209001962,0,5,0,0
4165,0,3,62.67602058248783,45.73300480861122,0,8,0,0
4166,1,2,61.07817885453801,64.10209713804889,1,8,0,1
4167,1,2,36.95243644616547,21.937323314340652,0,2,0,0
4168,1,3,54.82974864794521,57.882774252866646,0,5,0,0
4169,0,3,50.20098344996941,27.153740279365586,0,3,0,0
4170,0,3,65.98115067259795,34.00318419611492,0,2,1,0
4171,0,2,38.67270491443471,0.0,0,4,1,0
4172,1,3,55.389799196824924,41.10450075892872,0,5,0,0
4173,0,3,69.01590793861715,38.74071878404978,1,3,0,0
4174,0,2,78.39578407910882,46.89874774066821,1,2,1,0
4175,0,1,42.83062898482765,1.5753188690690267,0,7,1,0
4176,0,2,67.80701784449013,53.66857043380111,1,5,1,0
4177,0,2,65.88637069349461,21.564663370337335,1,5,1,0
4178,0,3,28.345226060485313,0.0,0,5,0,0
4179,1,3,56.34823894866689,60.78164935535644,0,4,0,0
4180,0,2,54.9564864596855,32.55010748846692,0,6,1,0
4181,0,2,55.39340316646533,12.915791877006297,0,3,0,0
4182,1,2,69.72461685346518,71.31400374564548,1,4,0,1
4183,0,3,50.08466841483353,27.918511727761153,0,4,1,0
4184,0,2,11.284721116731726,5.5355602324885815,0,4,1,0
4185,0,3,61.85047033486262,40.54410597017743,0,4,1,0
4186,0,3,30.330156146002807,0.0,0,3,1,0
4187,0,3,57.14826377669553,30.577921556239936,0,3,1,0
4188,0,2,76.24007826656018,49.711529635845444,1,8,1,0
4189,1,3,62.601552212454564,61.19045655249682,0,2,1,0
4190,1,3,54.020816638830546,40.68144929409808,0,2,0,0
4191,1,3,51.08425316138856,65.3576534781365,0,5,0,1
4192,1,3,4.147069592020671,50.19246404152064,0,5,0,0
4193,0,3,63.42149429459248,11.738422560709427,0,4,1,0
4194,0,3,53.88851092614786,16.37819297878686,0,7,1,0
4195,1,3,25.83247695143259,35.29455828783976,0,2,0,0
4196,0,3,99.16949030459378,34.65138228644998,0,2,1,0
4197,0,3,27.930198545089905,0.0,0,5,1,0
4198,1,3,52.98342713278686,57.927972519311446,0,4,1,0
4199,0,2,17.044899926814427,18.951486852799256,0,9,1,0
4200,0,3,42.1085405529692,18.956062140831097,0,4,1,0
4201,0,2,53.222365637938445,30.91361528894895,0,4,1,0
4202,1,3,68.82801932649363,41.76737223614038,0,4,0,0
4203,1,2,58.270761132919525,67.75420354737346,0,6,0,1
4204,0,3,52.841700800344526,35.666379888489935,0,6,1,0
4205,1,2,42.75829019835295,49.698379892237185,0,3,0,0
4206,0,2,34.12314365396065,12.830939487954552,0,4,1,0
4207,0,3,28.006049674033747,0.0,0,1,0,0
4208,1,3,65.95878046350505,47.368940045216554,0,8,0,0
4209,0,2,20.066416520310973,0.0,0,9,1,0
4210,0,3,26.12397268249182,6.208531597584825,0,6,1,0
4211,0,3,52.23804642265212,10.057517936283581,0,6,1,0
4212,0,3,60.59472080140525,19.461811754274752,0,6,1,0
4213,0,3,38.581290543998286,0.0,0,3,1,0
4214,0,1,47.415546762068885,4.041714236463002,0,2,1,0
4215,0,3,63.064041374099766,50.868815318054516,0,10,1,0
4216,0,3,50.4369571420433,9.041382467794758,0,7,1,0
4217,0,3,63.81996340389887,39.55709197589007,0,5,0,0
4218,0,3,45.26004406398354,16.79961424827733,0,4,1,0
4219,0,2,48.77672745825188,29.476179058077655,0,6,1,0
4220,0,2,57.48984346775186,13.774139473794449,0,6,1,0
4221,0,2,26.916752849018827,0.0,0,6,1,0
4222,1,3,29.9648272421594,27.15697394084419,0,4,0,0
4223,0,3,56.29128934701429,26.633264230066672,0,8,1,0
4224,0,3,50.15561606816409,30.953208339825842,0,4,0,0
4225,0,2,57.36591143513295,23.683403096659934,0,9,1,0
4226,0,3,61.8221786648705,17.497136134049363,0,5,1,0
4227,0,2,75.03554968938755,34.581803968258406,1,7,0,0
4228,1,2,39.918312868595386,53.58655481124684,0,5,0,0
4229,0,1,44.42311023569289,24.481756629293145,0,5,1,0
4230,0,2,26.53455510166733,21.756511532601333,0,3,1,0
4231,0,3,63.81105155332009,13.727362084663865,0,5,1,0
4232,0,3,24.63639334920275,14.881530973658522,0,5,0,0
4233,0,2,45.70327221270772,16.82453483811342,0,3,1,0
4234,0,3,29.953175000084215,15.218311735093888,0,5,1,0
4235,1,3,64.15451734014647,54.15096806022964,0,5,0,0
4236,0,3,40.388061220134674,1.5370685012584822,0,4,1,0
4237,0,3,76.72213445475528,52.960949084199505,1,8,0,1
4238,0,3,71.77287832444121,28.95487491584438,1,3,1,0
4239,0,2,34.54024922310712,15.158691929122172,0,3,1,0
4240,0,3,57.514309471681756,50.858782093019066,0,10,1,0
4241,0,3,56.79782021687402,31.74446208512004,0,3,1,0
4242,0,3,44.73990779208401,5.255400465777623,0,3,0,0
4243,1,1,52.84822756299657,40.701802793611485,0,5,0,0
4244,0,2,73.9358439911653,48.848784642746715,1,5,1,0
4245,1,3,59.5394246999393,72.58356517158253,0,6,0,1
4246,0,3,57.075933012473214,36.50020888848173,0,6,0,0
4247,0,3,58.614099059862085,53.809963895747664,0,10,0,0
4248,0,2,41.289828498354005,27.79256681539676,0,7,1,0
4249,0,3,48.4110429270724,33.09355703375023,0,6,1,0
4250,0,2,79.06511928661833,45.38899840039079,1,5,1,1
4251,0,3,51.5174929240908,13.44609009287226,0,6,1,0
4252,1,3,57.05605776171805,59.078800010868825,0,3,0,0
4253,0,2,46.658760971373155,13.530280388445986,0,7,1,0
4254,1,2,39.66660762003405,31.791027426710688,0,3,0,0
4255,1,2,33.60176983306853,54.225592559864594,0,5,0,0
4256,1,2,34.05185423042451,54.77754044795994,0,5,0,0
4257,0,3,55.40752261468829,10.40584829894758,0,6,1,0
4258,0,3,37.446380339854535,26.400171450956975,0,8,1,0
4259,0,1,66.90738918318172,37.373533555064355,1,3,1,0
4260,0,1,73.12078470193458,24.8487673858148,1,3,1,0
4261,1,2,37.13552177018846,40.599219387368244,0,9,1,0
4262,1,1,42.871667750262404,61.222121682597965,0,7,0,1
4263,1,3,45.909988131324404,39.17808013609477,0,5,0,0
4264,0,3,54.45559025291391,36.467061370565546,0,7,1,0
4265,0,3,57.68630278705701,36.0878657724579,0,4,1,0
4266,0,2,48.55214547849217,9.937645660382582,0,4,0,0
4267,0,3,26.706464537817386,12.416340478795806,0,3,1,0
4268,0,1,49.83319894229506,23.446597159779078,0,4,0,0
4269,1,1,27.073842710710732,11.26789962148086,0,4,0,0
4270,1,2,46.57197399287373,32.1182731665901,0,4,0,0
4271,0,3,58.7028942217341,9.503790848022241,0,3,0,0
4272,0,3,59.495538145419786,36.6768986941274,0,5,0,0
4273,0,2,15.46554126461529,14.769287459197052,0,8,1,0
4274,0,2,38.463373077081556,23.43499700414383,0,5,1,0
4275,1,3,61.549009540685816,54.97777664805056,0,8,0,0
4276,1,2,37.44636455585311,57.411947269048454,0,4,0,0
4277,0,3,68.79312325290908,39.7300493430287,0,4,0,0
4278,0,3,22.433012901139495,13.467405358105285,0,5,1,0
4279,0,3,72.75194347998655,43.91005766845376,0,5,1,0
4280,1,3,53.54113443913225,60.88574767023494,0,2,1,0
4281,0,3,17.82384937822355,0.0,0,2,1,0
4282,1,3,56.32224428021241,60.867456398265176,0,4,0,0
4283,0,3,51.272269709360536,28.618942395293338,0,5,0,0
4284,0,3,49.12053144123692,14.099321024350608,0,6,1,0
4285,0,3,66.88285967390499,52.48560310862394,0,11,1,0
4286,1,3,59.088350363492644,54.411133439581036,0,6,0,0
4287,1,2,52.37082676626314,67.55787223379944,0,8,0,0
4288,0,3,68.01201406619332,37.431040646543174,0,3,1,0
4289,0,3,39.061864339524334,27.204848953339884,0,0,1,0
4290,0,3,67.753662939757,20.523921358131147,0,4,1,0
4291,0,3,64.3480217256265,18.11122447506486,0,4,1,0
4292,0,2,45.75107773011967,31.700285966159413,0,4,0,0
4293,1,3,59.426686833690795,47.39826092801131,0,7,0,0
4294,0,2,47.01237962541286,23.99412700577821,0,2,1,0
4295,0,2,71.06224069551001,39.92348249150944,1,6,0,0
4296,1,3,41.24478750243796,41.06571295499427,0,1,0,0
4297,0,2,68.83935246964553,46.64244993090617,1,7,1,0
4298,1,1,69.48525667531,74.74634319572729,1,5,0,1
4299,0,3,46.274573454746786,21.846714786189818,0,4,0,0
4300,0,2,76.79547795097415,50.14544997087097,1,6,0,0
4301,0,3,45.73858367914455,26.80163640271159,0,5,0,0
4302,0,1,39.64299347481347,25.61455811555045,0,4,1,0
4303,0,3,51.38446569809916,6.291475944561661,0,4,1,0
4304,0,2,58.497296045938306,6.559218594392133,0,1,0,0
4305,1,3,42.40980820879594,34.66986686483149,0,5,0,0
4306,1,2,59.874973813317624,57.374970489146115,1,1,0,0
4307,0,3,63.04962631617874,11.300846186477632,0,4,0,0
4308,0,2,40.236383429982865,20.450365659443257,0,3,1,0
4309,1,2,68.24354319148648,46.23002344404367,1,3,0,1
4310,0,3,57.4765131996279,30.24719535320249,0,4,1,0
4311,0,3,50.36837683624005,11.013782646800745,0,5,1,0
4312,1,1,73.6149152072429,83.6553426294205,1,9,1,1
4313,0,3,49.62137343744366,12.995803185505718,0,4,1,0
4314,0,3,41.65137886513008,29.791934171663723,0,8,0,0
4315,0,3,46.99237920103217,28.0547884221209,0,4,1,0
4316,0,3,45.52574303615953,11.443653311044416,0,7,1,0
4317,0,3,66.72626908350632,17.705897907680793,0,3,1,0
4318,0,3,53.86080528468331,36.66165155756786,0,8,1,0
4319,1,3,51.84402837645482,66.52021692085714,0,9,0,1
4320,0,1,33.69670286126848,0.0,0,2,0,0
4321,0,2,27.03554359868607,17.639071322916198,0,6,1,0
4322,1,3,48.9354886793285,32.767225888042645,0,3,0,0
4323,1,1,38.832309584676786,37.30312015605207,0,8,1,0
4324,1,2,28.54932998789082,24.419882025928107,0,4,0,0
4325,0,2,41.654722322544345,10.167448400740517,0,1,0,0
4326,1,3,57.49919971880827,58.874708044395085,0,11,0,0
4327,0,3,41.10430082121151,6.370156213791159,0,1,0,0
4328,0,3,44.61801721813871,8.359517483049137,0,5,1,0
4329,0,3,63.15608585086663,35.43728252975163,0,4,1,0
4330,0,3,37.24757967446615,20.328860696703412,0,4,0,0
4331,0,2,60.890653714314396,31.071674155778172,1,2,1,0
4332,0,3,50.631868096122346,26.729879182383122,0,12,1,0
4333,0,3,38.81558648870762,19.09598263481009,0,4,1,0
4334,1,3,32.98987495507681,26.489876545957497,0,4,0,0
4335,1,2,53.45137798896235,44.88549663750915,0,3,0,0
4336,0,3,75.58263224403512,50.54298602358593,0,6,1,0
4337,0,2,41.29055081439242,2.9367080702486583,0,5,1,0
4338,0,3,51.577830248165505,7.466258475283725,0,5,1,0
4339,0,2,44.27997802565093,27.430954914487486,0,6,1,0
4340,0,3,60.375786780290525,31.095369129629287,0,6,1,0
4341,1,1,66.50247938988045,60.00292025817309,1,2,0,1
4342,1,3,45.56390046030262,29.57113077924463,0,6,0,0
4343,1,2,68.2329587002534,67.46783504753881,1,5,0,0
4344,0,2,50.23718938319642,28.56956221070544,0,3,1,0
4345,0,2,47.000250820194346,20.96399230271786,0,8,1,0
4346,0,3,27.297644981552462,17.687699252979165,0,6,1,0
4347,1,2,44.82402177435342,63.69433729372677,0,6,0,1
4348,1,2,62.67657291506811,74.81446095748743,1,8,0,1
4349,0,3,68.87425354255802,26.538286437600405,0,7,1,0
4350,0,3,22.286378584470715,0.0,0,4,0,0
4351,0,3,77.39041012462667,63.93506892023267,1,9,1,0
4352,0,3,28.008296857722776,0.0,0,7,0,0
4353,1,3,35.021382999926466,46.39997281209621,0,2,1,0
4354,0,2,53.502596646316164,41.51093168406624,0,8,0,0
4355,1,3,61.86081591283807,68.15645666112128,0,6,0,0
4356,0,2,50.87824808485196,31.25638494431646,0,5,1,0
4357,1,2,55.607048853315305,33.37589767405548,0,4,0,0
4358,0,3,57.43941762711862,37.766859570604474,0,7,1,0
4359,0,3,43.68082657491999,30.134973592041213,0,6,1,0
4360,0,2,49.94476677690857,10.377357021578698,0,5,1,0
4361,1,2,60.7611209870168,56.084633299136975,0,9,0,0
4362,0,3,60.164286525309926,25.155870970540562,0,4,1,0
4363,0,3,58.58672091861722,11.501214213014515,0,3,1,0
4364,0,3,42.39914949227448,0.0,0,4,1,0
4365,0,3,39.38962937713507,30.79645033337352,0,9,1,0
4366,0,3,67.72786056298865,23.666815295344865,0,4,1,0
4367,0,2,25.792679362863108,0.0,0,2,1,0
4368,1,2,68.58983410347348,52.34961335779439,1,6,0,1
4369,1,3,52.76633047531869,31.859347080549448,0,2,0,0
4370,0,3,37.04818442178684,24.187401155183068,0,7,1,0
4371,0,3,81.15550360425885,28.121847841022106,1,3,0,0
4372,0,3,47.1044518919271,11.361006457865455,0,7,0,0
4373,0,2,58.838469275637266,11.955527327486685,0,4,1,0
4374,0,2,41.555751417311306,0.0,0,2,1,0
4375,1,3,32.99369415936705,25.068503257152287,0,3,0,0
4376,0,3,32.236595013661784,8.481488826537502,0,1,1,0
4377,1,1,75.170210881791,88.33332442876508,1,10,0,1
4378,0,3,65.0423405237522,46.87897348190632,0,5,0,0
4379,0,2,73.4485764498783,23.042432848371202,0,7,1,0
4380,0,3,38.38601757050531,26.77938906346897,0,7,1,0
4381,0,2,63.84094916415081,38.605569229717794,1,3,1,0
4382,0,2,50.002424802943764,12.540779260703266,0,6,1,0
4383,0,2,47.43289492624292,3.4616813459152715,0,3,1,0
4384,0,2,60.756794355728,29.096483293066154,0,4,1,0
4385,1,2,47.441824754615226,35.4842434022966,0,3,0,0
4386,1,3,33.09070795225916,44.9666467392676,0,4,0,0
4387,0,3,74.85344169357926,44.892787196654126,0,4,1,0
4388,0,3,43.45780227605628,8.30172972569259,0,6,1,0
4389,0,1,57.25224436194072,10.686037712601815,0,5,0,0
4390,0,3,43.087374845858236,6.865070574824549,0,6,1,0
4391,1,2,46.315152727886165,40.95715441488021,0,9,0,0
4392,0,3,41.62329683737789,24.453538757784017,0,10,1,0
4393,0,2,55.613143103200336,15.635920018667607,0,7,1,0
4394,0,2,60.87421617696243,8.695204333870722,0,3,0,0
4395,0,3,56.28984366287838,12.33947374888935,0,3,0,0
4396,0,3,44.73311227097534,3.738171546159049,0,5,0,0
4397,0,3,79.13463953687076,36.24957145119852,1,6,1,0
4398,0,3,38.8960647880955,21.32256539464035,0,6,1,0
4399,0,1,35.53084618569228,16.920113083687298,0,3,1,0
4400,0,3,35.135995165355126,16.572203219742264,0,5,1,0
4401,0,3,47.365413387728346,19.850980144079905,0,3,1,0
4402,0,2,54.42498315742647,38.40210018338138,0,7,1,0
4403,1,3,38.658210439719525,29.099786105167148,0,5,0,0
4404,1,2,36.877673220676236,42.13814874348124,0,11,1,0
4405,0,2,69.5501719242458,43.28762382995082,1,5,1,0
4406,1,3,68.08043983952385,71.52974904858817,1,2,0,1
4407,1,2,44.22158967943255,40.24440118431051,0,6,0,0
4408,0,3,30.863244970156607,9.703728553772782,0,4,0,0
4409,0,3,56.359648251996575,15.963137853863273,0,5,0,0
4410,0,3,48.620936458098925,14.992877332416825,0,9,1,0
4411,1,3,64.29251800243185,64.43300221052978,0,1,0,1
4412,0,3,52.17956184489071,32.01625825688584,0,4,1,0
4413,1,3,29.972799383604624,11.259907197888941,0,3,0,0
4414,0,3,66.72228320288144,19.73771549303261,0,6,1,0
4415,0,3,43.028721321429835,24.77972834376446,0,3,0,0
4416,1,3,54.38514926909221,42.095740012612595,0,4,0,0
4417,1,2,52.61996603583177,63.799715672974344,0,6,0,0
4418,0,3,40.20445312332841,11.178318710944705,0,6,0,0
4419,0,3,46.548735253414854,25.388485583278754,0,2,1,0
4420,0,3,66.45900263386456,20.936005521275654,0,5,1,0
4421,0,2,40.47307125923088,30.3478832048146,0,8,0,0
4422,0,3,47.32486345850981,18.14513770496175,0,10,1,0
4423,0,2,50.5392787688212,32.270532257594006,0,4,0,0
4424,0,3,71.2303135488303,24.584185250421335,0,6,1,0
4425,0,1,78.779116512292,52.37267727215454,1,5,0,1
4426,0,3,66.30977106935605,45.364435753039025,0,6,1,0
4427,0,1,36.161895647752324,0.0,0,6,1,0
4428,0,2,63.83655658574058,36.38891333769519,0,1,1,0
4429,0,3,73.53810058918442,35.225072430338464,0,9,1,0
4430,0,3,52.62951449690272,33.38659099025076,0,5,1,0
4431,0,3,32.06807517205672,15.801683346190798,0,4,0,0
4432,1,2,48.652195043851194,75.50700590695246,0,11,0,1
4433,1,3,65.68988812308787,80.99066906395991,0,9,0,1
4434,0,3,57.26989923477781,42.2505617727885,0,10,0,0
4435,0,2,44.38559481927295,5.086973066435089,0,5,1,0
4436,0,3,83.84716540463863,23.48941677153775,1,2,0,0
4437,0,3,35.24717170358773,0.0,0,1,1,0
4438,1,3,56.06732803241181,61.50951923325113,0,4,0,0
4439,0,2,77.27228287544348,21.950130413317087,1,4,0,1
4440,0,3,61.46496592547692,30.942766518258967,0,5,0,0
4441,1,2,54.907310688403776,63.811384368222896,0,7,0,0
4442,0,3,42.42440482896755,0.0,0,4,1,0
4443,1,3,27.825341482806053,45.83061483786652,0,5,0,0
4444,0,3,11.501071687133273,0.0,0,4,1,0
4445,0,3,73.12840327609783,50.70615948301604,0,9,1,0
4446,1,3,16.565410166018793,33.705130849844124,0,4,0,0
4447,1,2,67.11107086880469,61.71044132474105,1,1,0,1
4448,1,2,49.08473489674337,62.98941398202999,0,2,0,1
4449,0,2,100.0,36.89427280865352,1,3,0,0
4450,1,3,19.986409981094514,37.623023074340296,0,3,1,0
4451,0,3,55.99872686312285,27.754467824791305,0,9,1,0
4452,0,3,37.2513151875791,20.975181183146812,0,5,1,0
4453,0,2,72.13829347037311,44.337822783284466,1,3,1,0
4454,0,3,0.0,25.426127305295793,0,6,0,0
4455,0,3,45.82780883032196,15.726286183055672,0,9,1,0
4456,0,3,51.01054360141916,26.84616590773106,0,3,0,0
4457,1,3,51.64899271602645,45.20549230528891,0,4,0,0
4458,1,3,38.18654520452687,38.58224219934587,0,4,0,0
4459,0,2,53.29911757206404,10.806871799836856,0,4,1,0
4460,0,2,27.565712105327208,11.542461982306122,0,3,1,0
4461,0,3,66.48699703900469,31.727451635228046,0,10,1,0
4462,0,3,42.470522564508556,16.512048505532782,0,8,1,0
4463,0,3,35.1325870371938,0.0,0,1,1,0
4464,0,3,50.01447797093671,7.706688067907837,0,4,1,0
4465,0,3,49.75656721718906,33.03282897398852,0,6,1,0
4466,0,3,44.977673541848105,19.381733061402077,0,8,1,0
4467,0,3,66.39472911023063,40.71719134982835,0,6,1,0
4468,1,3,66.0362127656189,42.25590478354489,0,1,0,0
4469,0,3,46.96712945449228,22.50555346378921,0,4,1,0
4470,1,3,68.20999136435582,70.47390781274285,0,2,0,1
4471,1,3,24.383273824316653,29.226082639448126,0,7,0,0
4472,1,3,53.99527175641914,70.3276685810319,0,7,0,0
4473,0,3,33.146452835449495,1.193223548157051,0,6,1,0
4474,1,3,47.70091274076639,49.94713038796466,0,5,0,0
4475,0,3,51.569907291751235,32.09032115958008,0,6,1,0
4476,1,3,43.825603656306825,43.593904489091244,0,8,0,0
4477,0,3,94.02021210826719,37.710762645618665,0,3,1,0
4478,1,2,50.620309081358634,56.423910654518124,0,3,0,0
4479,0,3,20.99321745173429,0.0,0,5,1,0
4480,1,3,38.901414533742795,30.774381698422633,0,4,0,0
4481,1,3,67.69692433570081,54.189706269435284,1,2,0,0
4482,0,3,31.854437142781006,25.465790759411853,0,7,1,0
4483,0,2,48.07039597966733,18.824674536263867,0,8,1,0
4484,0,2,58.944269722435955,17.183561652739332,0,6,1,0
4485,0,3,50.11954552674004,12.251515442838945,0,5,1,0
4486,0,3,16.30229906243906,0.0,0,8,0,0
4487,0,3,46.57102796722025,5.410539360884904,0,3,1,0
4488,0,2,59.90939591590848,24.355031667407474,0,10,0,0
4489,0,3,37.505959035816154,22.92616160482172,0,4,1,0
4490,1,3,94.59416037275946,89.00241088239031,1,5,0,1
4491,0,2,37.34427285030113,29.534354158945533,0,10,1,0
4492,0,3,31.03985245501172,0.0,0,6,1,0
4493,0,3,25.096569089112798,0.0,0,2,1,0
4494,0,2,43.8174375804062,22.102634573992766,0,3,0,0
4495,0,2,43.803249096429916,26.367111867020114,0,5,0,0
4496,0,1,53.96682136813108,34.7668572689253,0,5,0,0
4497,0,3,56.94123633386147,32.12359583620797,0,6,1,0
4498,0,2,40.43508268025817,3.0659028005548037,0,4,1,0
4499,0,2,49.03508809476793,26.05347275120575,0,3,1,0
4500,0,3,75.55714503981393,23.252710524721312,0,5,1,0
4501,0,3,39.70563546576493,0.0,0,3,1,0
4502,0,2,60.5051743905933,17.435756991138568,0,6,1,0
4503,1,2,54.42781016013962,42.399763872007135,0,4,0,0
4504,0,2,53.326091008465795,8.536239374661887,0,6,0,0
4505,1,3,57.024545923643025,64.94849238406107,0,5,0,0
4506,0,3,35.718443818102315,0.0,0,3,1,0
4507,0,2,36.60703885939885,0.0,0,5,1,0
4508,0,3,35.974592176203245,0.48145603747225474,0,4,1,0
4509,0,1,28.86002108254362,0.0,0,5,1,0
4510,0,3,32.19122785307298,0.0,0,5,1,0
4511,0,2,45.2030088033274,41.16487868473628,0,9,1,0
4512,0,3,57.100284360171045,40.01236386399156,0,7,0,0
4513,0,3,47.231368821462176,6.974612156043588,0,2,1,0
4514,0,2,41.98678000849397,27.33625860628748,0,4,1,0
4515,0,3,72.90310288851357,55.03674511123914,0,4,0,0
4516,1,2,41.60487842478755,42.49862498495945,0,1,0,0
4517,1,3,52.31660726169342,34.735681964637806,0,1,0,0
4518,0,3,46.66980936659032,3.38460583427604,0,4,0,0
4519,0,3,75.65382640147743,8.327748809516958,0,4,0,0
4520,1,2,45.54053939778499,54.25159150152458,0,5,0,0
4521,0,3,56.581853827852456,27.961788992783237,0,4,1,0
4522,1,3,56.387715231806354,74.31488935034386,0,7,0,1
4523,0,2,57.106477746682245,26.880336314985087,0,2,1,0
4524,0,3,62.151871580818046,43.289141990969945,0,6,1,0
4525,0,1,58.20923633581787,36.01028518622461,0,5,1,0
4526,0,1,41.47570672886519,0.24739512756733517,0,4,1,0
4527,0,2,57.56357284476943,14.655056875789398,0,3,0,0
4528,0,3,65.67005410216497,19.605374717325123,0,4,1,0
4529,0,3,57.19741720861303,36.32147026355832,0,4,1,0
4530,0,3,36.595135965244154,0.0,0,6,1,0
4531,0,3,46.70041068709311,11.302458050407434,0,5,1,0
4532,1,2,69.1003255938288,46.55435698868229,1,5,0,0
4533,0,3,41.15455471465961,8.004362531024277,0,7,1,0
4534,0,3,50.396625681521996,25.41464004376064,0,5,1,0
4535,0,3,83.32992865560351,25.134346414458424,0,4,0,0
4536,0,2,61.354287659440715,35.782416232699475,0,5,1,0
4537,0,3,27.345169960760437,0.0,0,5,0,0
4538,0,1,60.70994804201583,31.3111032089119,1,4,1,0
4539,1,3,68.88131882085042,54.707078537536184,0,6,0,0
4540,0,2,49.116728444885105,19.777801330629394,0,10,0,0
4541,1,2,21.289006375759516,38.67055181268231,0,5,0,0
4542,0,2,64.2666838530987,25.166411678144158,1,7,1,0
4543,0,2,47.988631646305336,28.644145533221934,0,5,1,0
4544,1,3,18.308405901660713,21.31533781899139,0,4,0,0
4545,1,2,48.34233430017293,45.87404195322545,0,8,0,0
4546,0,3,37.908403087258556,8.14718109280015,0,6,1,0
4547,0,3,42.69541387497821,7.240410494589329,0,7,0,0
4548,0,3,53.59066034247915,27.809320699123923,0,11,0,0
4549,0,3,58.146506848923394,18.997305022513086,0,5,1,0
4550,0,2,42.732527899989485,1.172411199004111,0,4,1,0
4551,0,2,60.82161442374341,29.4448474669138,0,4,1,0
4552,0,3,46.19689354880302,11.243198682632078,0,5,0,0
4553,1,3,63.63437067314637,48.598358027807045,0,2,0,0
4554,1,3,46.26064685032893,38.0395088789184,0,7,0,0
4555,0,2,70.60065585962536,43.562208232651464,1,6,0,0
4556,0,2,53.21021779459597,40.86481827287982,0,10,1,0
4557,0,3,50.68893322375987,38.132134513450254,0,7,0,1
4558,1,3,43.10220607151612,34.7450862369792,0,4,0,0
4559,0,3,59.87045051617606,36.107744731947584,0,4,0,0
4560,0,1,58.680451562656636,39.82839401419122,0,7,1,0
4561,0,2,50.97094112412314,12.498349350117318,0,7,0,0
4562,0,3,58.256094001332876,42.213178345526224,0,7,1,0
4563,0,2,73.276800136237,23.11499713938494,1,3,1,0
4564,0,3,53.80613474801783,20.755105926825998,0,3,1,0
4565,1,3,17.03158255253357,14.295514162540684,0,5,1,0
4566,1,3,69.30694045143893,75.1937477308931,0,7,0,0
4567,0,3,35.22311000416717,0.0,0,2,0,0
4568,0,2,47.212264846522075,6.417983054888874,0,4,0,0
4569,1,3,87.2433229585969,79.94133393662534,1,2,0,1
4570,1,3,26.104144794409688,25.747596393970937,0,5,0,0
4571,1,3,72.3059906113213,56.869187143880644,0,9,0,1
4572,0,3,60.93345348589453,11.16296683464834,0,2,1,0
4573,1,3,88.20111036231712,100.0,1,11,0,1
4574,1,3,55.29081232952258,47.940985914074425,0,6,0,0
4575,0,1,61.77893109153519,3.6273898804481686,0,2,1,0
4576,0,3,49.1215325663967,3.9171855049320694,0,2,1,0
4577,0,2,33.75984004074027,28.160061693956923,0,8,0,0
4578,0,3,56.78750869949973,13.634550555597302,0,4,0,0
4579,1,2,40.57991820989168,61.42337676370534,0,6,0,0
4580,1,3,49.520879045770705,49.67602956190534,0,9,0,0
4581,0,1,59.65839178070127,20.13652148813242,1,5,0,0
4582,0,3,69.29807634894823,37.28710667050064,0,3,1,0
4583,0,3,47.18977293091192,28.156112313746494,0,4,0,0
4584,1,2,34.40689227467669,31.29911381000044,0,6,0,0
4585,1,1,70.30369810044841,50.02822785913726,0,1,0,0
4586,1,3,65.22221329269796,69.70583068002792,0,5,0,1
4587,0,2,58.39827305555417,16.94642558869747,0,6,0,0
4588,0,3,57.16344143650568,42.504333535682775,0,6,0,0
4589,0,1,61.31338849262696,45.130078869785095,0,8,1,0
4590,0,3,58.71181981300805,21.68116267631687,0,6,1,0
4591,0,2,34.405834695103195,0.0,0,4,1,0
4592,0,2,47.75435393430557,8.56734065598015,0,3,1,0
4593,0,2,33.6652343170268,19.05919882051751,0,2,1,0
4594,0,3,72.37359898344673,26.336146959053107,0,7,1,0
4595,0,2,67.32718263839362,42.335426366546244,1,6,0,0
4596,0,2,62.33126492545246,30.539388184868766,0,2,1,0
4597,1,2,57.57711033021508,45.26549413190325,0,5,0,0
4598,1,3,67.68981696120557,78.12972873710292,0,8,0,1
4599,0,3,51.71809831343311,27.558227739295887,0,2,0,0
4600,0,3,38.54921906021222,22.075138359894567,0,5,0,0
4601,0,3,39.33117760457531,25.13834856827944,0,7,1,0
4602,1,3,44.061138350797776,54.99014973041344,0,4,0,0
4603,0,2,54.74516216129118,36.385951590360186,0,7,1,0
4604,0,1,48.82501266007478,21.797995622687623,0,4,1,0
4605,0,2,65.03714879187463,40.308793063341334,0,4,1,0
4606,0,2,67.14208891545758,15.11931480425341,1,2,1,0
4607,0,3,43.81726694675931,11.777300223570059,0,6,1,0
4608,0,2,0.0,36.889322776180734,0,7,0,0
4609,0,3,40.16145003495763,33.23201236615264,0,9,1,0
4610,1,2,61.42513702934336,45.92875226940954,0,3,0,0
4611,0,3,43.19324691833232,25.427506863507755,0,6,1,0
4612,0,2,29.375872662415606,0.0,0,6,0,0
4613,0,3,26.730728108294798,9.716229481216454,0,3,1,0
4614,1,3,58.34385079043308,47.383999375238666,0,5,0,0
4615,1,3,38.09372505822086,63.4171021958056,0,7,0,1
4616,0,3,41.942175842126446,0.0,0,2,1,0
4617,0,2,56.245982874537724,14.937230004284045,0,5,1,0
4618,0,3,42.9275231611894,26.614336899913607,0,5,0,0
4619,0,2,46.35172594192407,29.903099769189964,0,6,1,0
4620,0,3,58.43099118374826,26.041468046985532,0,10,1,0
4621,0,3,27.879562956117677,12.906120281076632,0,4,1,0
4622,0,3,62.52741993680144,15.336399922602821,0,3,0,0
4623,1,2,42.53503987608041,35.11471578210117,0,4,0,0
4624,0,3,36.32376472021562,21.572433549427323,0,5,1,0
4625,0,3,65.79679866025464,40.83678096337005,0,3,1,0
4626,0,1,45.55018718860794,6.58521187021127,0,5,1,0
4627,0,2,40.89663888272176,9.86180947229077,0,6,0,0
4628,1,3,37.93816130478632,44.313328199862625,0,6,1,0
4629,0,2,54.8127450210935,27.64527141210273,0,4,1,0
4630,0,1,83.9900660007655,29.974976040520772,1,4,0,0
4631,1,2,30.877935968648345,47.02887296276701,0,7,0,0
4632,0,3,62.73013434698162,35.238101342662475,0,1,1,0
4633,0,3,51.432925208931806,8.410850093003813,0,4,1,0
4634,1,2,31.817973871985462,25.081185393405498,0,2,0,0
4635,0,1,54.556142838843925,15.652693647573239,0,5,1,0
4636,0,1,64.63423439220006,43.64146862565359,1,5,1,1
4637,0,2,42.927003501561785,6.6926500459622105,0,5,1,0
4638,0,3,42.61105847468107,1.0426255011695353,0,4,1,0
4639,0,2,28.45762929446736,20.479571793392306,0,7,0,0
4640,1,3,67.94347977096446,81.32629639196881,0,8,0,1
4641,0,2,54.87709006460652,26.879538177204843,0,2,0,0
4642,0,2,50.45058347931967,28.77115520732015,0,6,1,0
4643,0,3,0.0,17.15473548674168,0,6,1,0
4644,1,3,6.051942212183563,30.421522295601203,0,8,0,0
4645,0,2,37.859877321634556,15.00357490634249,0,10,1,0
4646,1,2,47.37828315222185,37.35625540296474,0,4,0,0
4647,1,3,72.26887881736188,42.74500755669147,0,5,0,0
4648,0,2,59.5917065448369,32.44725162126866,0,4,1,0
4649,1,2,23.148535795712636,27.996030888069246,0,9,0,0
4650,0,2,58.007080324849,44.6299741326457,1,4,1,0
4651,1,3,53.40380321149746,41.68130131853019,0,6,0,0
4652,0,2,65.49608241016595,9.987787738860225,1,0,1,0
4653,0,3,45.3368640190366,24.920726372244534,0,5,1,0
4654,0,3,39.83610192934031,0.0,0,3,1,0
4655,0,3,58.51045448007764,35.491660638350176,0,4,1,0
4656,0,3,47.28930607932236,21.970365595994735,0,3,1,0
4657,0,2,22.406341490359505,26.199917655604747,0,4,1,0
4658,0,3,32.8148743681852,0.0,0,5,1,0
4659,0,3,65.28398393955419,24.33274897471333,1,5,1,0
4660,0,3,25.825879349139488,0.0,0,5,1,0
4661,0,3,61.33107893468682,29.14664915601818,0,10,0,0
4662,1,2,31.878628498623396,52.321886799145,0,7,0,0
4663,0,2,38.67282580535086,1.0816211838816914,0,5,1,0
4664,0,1,45.74398535134221,13.178740656874117,0,7,1,0
4665,0,2,45.7247483444465,42.12421201483798,0,13,1,0
4666,0,2,28.167137917389226,0.0,0,3,0,0
4667,0,3,87.49184455740452,37.86632366733309,1,8,1,0
4668,0,2,56.70683700378953,37.57427446674007,0,7,1,0
4669,1,3,36.33312946719087,52.844974870092784,0,7,0,0
4670,0,3,32.39367269249459,17.089051189718436,0,4,0,0
4671,0,2,64.01215477191609,16.24909630005552,0,5,1,0
4672,0,3,39.14657162999411,11.325089566283982,0,3,1,0
4673,1,3,51.4039788540782,66.67718125267413,0,7,0,0
4674,1,2,38.28350444727504,31.182397973682296,0,5,0,0
4675,0,2,57.69700036875695,14.197673686005174,0,6,0,0
4676,1,3,52.16210186060859,63.12687621175519,0,6,0,0
4677,0,2,27.65216020765143,25.856482641135912,0,6,0,0
4678,0,3,21.95284551659155,0.0,0,7,1,0
4679,0,2,57.1783166610616,19.53125300786483,0,7,1,0
4680,0,3,46.993158099837466,35.200949488465454,0,4,1,0
4681,0,3,45.88198684315955,5.697666949581507,0,4,1,0
4682,0,3,31.184052593335203,11.818334332631522,0,0,1,0
4683,0,1,60.13911227575982,41.179348018461404,1,8,1,0
4684,0,2,34.72132870618973,20.93576740480961,0,5,1,0
4685,0,3,46.93326380720956,6.290697713596186,0,4,1,0
4686,1,2,31.881554713928836,31.95568975518539,0,7,0,0
4687,0,3,34.88293725796279,1.6598323565612767,0,5,1,0
4688,0,3,37.65608901022128,26.24065883413127,0,6,1,0
4689,0,3,37.03575231815002,0.0,0,2,1,0
4690,1,2,63.013464272048374,81.3454728633484,1,9,0,1
4691,0,3,48.86006414519053,25.186786683746345,0,4,1,0
4692,1,3,47.536321512960974,54.06230497674855,0,3,0,0
4693,1,3,38.872916693324925,57.658925760008245,0,6,0,0
4694,0,2,79.58277365797704,25.49165182527761,1,1,0,0
4695,0,2,12.379537926589682,0.6178419855687967,0,6,1,0
4696,0,3,7.342820005585972,0.0,0,7,1,0
4697,0,3,30.595403807102997,0.0,0,1,1,0
4698,0,3,24.631289555153536,12.706757399216634,0,1,1,0
4699,0,1,73.19019453312463,24.300724689845214,1,5,0,0
4700,1,3,72.58930548484079,65.58880701508434,0,2,0,1
4701,0,3,69.37248162144708,13.246832737223693,0,4,1,1
4702,1,3,49.51910381930392,54.0847727642691,0,2,0,0
4703,0,2,80.37105924627615,30.98632942550983,1,6,0,1
4704,0,2,40.438842973643176,20.874644552518717,0,2,0,0
4705,1,3,70.35980348428177,79.2357585183766,0,9,0,1
4706,0,2,53.81259604530431,7.814987822366616,0,4,1,0
4707,1,3,39.002654986994926,52.57511603240871,0,6,0,0
4708,1,2,65.66412079856599,61.25114621798721,1,2,0,1
4709,0,2,19.576262762666683,13.828868334906886,0,5,1,0
4710,1,3,58.60588306838858,77.75026461820455,0,10,0,1
4711,1,3,28.45612037844411,24.319359752710863,0,4,1,0
4712,0,3,37.5917308614276,0.0,0,5,1,0
4713,0,3,55.90964850182725,14.28883353551738,0,5,0,0
4714,1,3,57.89272962321081,60.62003291018541,0,2,1,0
4715,0,3,36.79251421664484,28.346152503637438,0,8,1,0
4716,1,1,56.52385867090908,69.70336308540374,0,7,1,0
4717,0,2,57.15587734582047,28.62311009475889,1,5,1,0
4718,0,3,54.12599712718613,34.569863825916045,0,6,1,0
4719,0,3,100.0,39.77977802348058,0,4,1,0
4720,0,3,77.62504781519637,58.44766073048919,1,10,0,0
4721,0,3,48.31186944055672,29.658105297457116,0,5,1,0
4722,0,2,62.818631489210546,34.004075020919394,1,2,1,0
4723,0,3,27.98954636086284,12.753815259674536,0,4,1,0
4724,0,3,56.29934818637803,31.94872545477483,0,4,1,0
4725,1,3,42.80531872576495,53.233295763440864,0,4,0,0
4726,0,2,43.14293889240068,8.322765767767226,0,2,1,0
4727,0,3,22.089042169930924,10.911328236525495,0,4,1,0
4728,0,2,69.3531767212602,36.75598591439794,1,3,1,0
4729,0,3,44.4062642241844,18.489223630818266,0,3,1,0
4730,0,3,34.90664771555154,8.665483120585101,0,9,1,0
4731,1,3,48.673915738334486,37.41163547220117,0,4,0,0
4732,0,3,30.530182009722772,20.864895283461077,0,7,0,0
4733,1,2,72.67918260736724,55.756468980295736,0,5,0,1
4734,0,3,43.0864401362596,26.176189519602353,0,4,1,0
4735,0,3,54.957608884034954,21.784875234516925,0,10,0,0
4736,0,3,58.391431646412514,40.64784726725863,0,7,0,0
4737,0,3,50.278598872096374,27.16573590698364,0,4,0,0
4738,0,3,46.2730679235817,10.512563673645705,0,5,1,0
4739,1,1,27.326949913056907,28.333640622280367,0,4,1,0
4740,0,2,29.85550764457542,0.13927847442939412,0,8,0,0
4741,0,2,79.48507035393716,21.243649962088497,0,3,1,0
4742,0,2,43.77738815249228,27.66632815907979,0,5,0,0
4743,1,2,36.75508505285021,26.645007025790648,0,4,0,0
4744,0,3,44.54187781726913,30.69812128389032,0,6,0,0
4745,0,3,30.17986820033532,0.0,0,6,0,0
4746,0,3,44.66233526006752,2.6941180774129263,0,5,0,0
4747,1,2,49.30958910031791,56.0511729029875,0,5,0,0
4748,0,2,66.95764429373315,27.21724117260328,1,7,1,0
4749,0,2,65.59664949611415,42.0521074160888,1,5,1,0
4750,0,3,63.628557090387524,19.624869693018432,1,5,0,0
4751,0,3,48.90181644367464,18.39588942573144,0,7,1,0
4752,0,2,35.16606791051173,0.0,0,4,0,0
4753,0,3,48.91750845488153,1.5873234080531269,0,3,0,0
4754,0,3,63.905574779261855,34.324185118367176,0,5,0,0
4755,1,3,60.53498746592345,46.116896121931305,0,4,0,0
4756,0,2,53.41464497077732,16.665476858188146,0,1,0,0
4757,1,2,56.35489892410526,70.92023526932786,0,7,1,0
4758,1,3,72.7184716845997,69.90962599291377,0,3,0,0
4759,1,2,50.895340217468615,64.91915474229847,0,4,0,1
4760,0,3,79.8008701411456,61.536748137503324,1,9,1,0
4761,0,2,48.11663064035546,30.643725340080564,0,5,1,0
4762,1,3,56.23378223293498,59.46230589216433,0,2,0,1
4763,0,2,50.527460179414746,15.908914788615332,0,8,0,0
4764,0,3,77.78021437719262,27.584491552522238,0,5,1,0
4765,1,3,52.052828429659264,58.44486085771104,0,4,0,0
4766,0,3,25.774659400213928,0.0,0,7,0,0
4767,0,3,39.00148137412524,1.883813603260735,0,6,1,0
4768,1,2,41.377029161256004,35.52505990012814,0,4,0,0
4769,0,3,74.8442468667628,21.28296373652871,1,3,0,0
4770,0,2,50.48662470950281,13.102733372675434,0,1,1,0
4771,1,2,37.65293925511008,46.813365439364084,0,5,0,0
4772,0,2,46.318356869285935,21.464469588956707,0,10,1,0
4773,0,2,25.132627586083977,5.92759513725102,0,1,0,0
4774,0,3,66.34716929517303,26.63330944114122,0,7,1,0
4775,0,2,39.12971679646406,0.0,0,1,1,0
4776,0,3,66.45730875501988,39.732193745638256,1,6,1,0
4777,0,3,45.99112654679255,13.223916511469733,0,5,0,0
4778,0,2,50.045798835815674,26.82460422744286,0,3,0,0
4779,1,2,43.95988442542141,38.84065536111966,0,9,0,0
4780,0,2,59.14236842285788,11.14448969991864,0,5,1,0
4781,0,1,31.673119842409555,0.0,0,5,0,0
4782,0,3,54.55643045187811,29.39346309186873,0,5,1,0
4783,1,3,79.82133911182117,63.95689535461854,1,7,1,0
4784,1,3,54.00776989248683,61.14247477230968,0,2,0,0
4785,1,3,53.275476840253475,64.85163302318844,0,6,0,1
4786,1,3,82.93377155981277,75.75941145738082,0,5,0,1
4787,1,2,15.536358180491385,40.727374504247386,0,3,0,0
4788,0,3,64.14871685186937,25.96795418677846,0,7,1,0
4789,0,2,45.57388033583734,5.418585124143458,0,5,0,0
4790,0,2,29.9094019893598,23.25360955044853,0,5,1,0
4791,1,3,57.05410363691211,64.20513415038776,0,5,0,0
4792,0,2,35.4918142131266,0.7359516046125694,0,6,0,0
4793,0,3,54.89406066154265,14.082753613292963,0,5,0,0
4794,0,2,4.746091318942146,0.0,0,5,0,0
4795,1,3,29.019229532803546,25.049169757439433,0,5,0,0
4796,1,2,31.17195854267365,49.04968257203865,0,5,0,0
4797,0,3,40.04009629480809,19.648171889144752,0,3,0,0
4798,0,2,34.06367921702781,0.0,0,6,1,0
4799,0,1,27.38544864908082,25.2040005468036,0,9,1,0
4800,0,2,42.2454309819461,8.773693865405102,0,7,0,0
4801,0,1,49.306162745063,6.7801239318967985,0,4,1,0
4802,0,2,53.10939466536018,27.01045743847494,0,3,1,0
4803,0,3,34.04339575843701,2.38945034106676,0,6,1,0
4804,0,3,56.954370875197995,21.978093939062475,0,10,1,0
4805,0,1,58.43576535975619,12.687519259623041,0,5,1,0
4806,1,2,77.95124173190324,71.70019433088721,1,2,0,1
4807,0,3,71.77723132658441,42.841862838726904,0,3,0,0
4808,0,3,40.15608634893971,30.04446817684808,0,4,1,0
4809,0,3,50.54611179124153,34.47918039542561,0,5,0,0
4810,0,2,23.1112653181592,0.0,0,2,1,0
4811,0,3,43.105364431231216,3.8719003873328903,0,5,1,0
4812,0,2,72.9151508428535,23.45131061861634,1,3,1,0
4813,0,3,32.04813761943288,29.124098651178638,0,7,1,0
4814,1,3,38.940753065361434,40.556813434108236,0,5,1,0
4815,1,2,49.58923808488176,53.80749191858062,0,10,0,0
4816,0,3,29.480425519114462,0.0,0,2,1,0
4817,0,1,45.27316806076232,0.0,0,2,1,0
4818,0,2,32.59901979480796,0.0,0,4,1,0
4819,1,3,19.42986769475994,22.177737180779324,0,6,0,0
4820,0,3,52.65692845435329,29.705155950489182,0,1,0,0
4821,1,1,41.373107959658725,57.81807623073134,0,6,0,1
4822,1,3,54.200996367912424,53.68424549183916,0,3,0,0
4823,0,3,25.400700999818934,29.39536543232279,0,4,1,0
4824,0,2,37.74717580923803,15.051443343639896,0,3,0,0
4825,1,3,59.45354697706845,45.52377765574384,0,3,0,0
4826,0,3,39.29737658417706,13.164989404941728,0,2,1,0
4827,0,1,46.130469137081185,5.128768240360599,0,4,1,0
4828,0,3,61.75626225626259,21.918227027131348,0,7,1,0
4829,0,2,64.04708733690109,39.33547275467941,1,5,0,0
4830,0,3,54.017187776491,20.94238615542926,0,7,1,0
4831,0,2,50.17266794783715,20.71693838313,0,4,1,0
4832,1,3,29.904548216913764,39.643829984051195,0,5,1,0
4833,0,3,44.511621597130656,27.597110009365714,0,3,1,0
4834,1,3,25.495340990115828,22.75786310551777,0,3,0,0
4835,0,3,74.33606277744394,22.799093175289972,0,5,0,0
4836,0,3,39.554246404944884,14.409215868470945,0,2,1,0
4837,1,2,66.00509448397597,83.2180410704769,1,8,0,1
4838,0,3,48.944988540965504,9.897955326978112,0,5,0,0
4839,0,3,37.73840859000586,8.450343883071548,0,9,1,0
4840,0,3,42.88412287642095,32.0915363325874,0,6,1,0
4841,1,3,55.09759312863545,62.487230420317644,0,5,0,1
4842,0,3,70.26856984566555,37.72176661957471,1,2,1,0
4843,0,3,53.96766203480824,26.860380781258435,0,6,1,0
4844,0,3,34.99240321461399,0.0,0,2,1,0
4845,0,2,45.28814085733633,0.39048178557590885,0,1,1,0
4846,0,3,37.63301264806815,26.24635929723941,0,7,1,0
4847,0,1,56.22494779561814,48.189394313812834,0,9,1,0
4848,0,3,38.69328333751471,12.289631186773049,0,10,1,0
4849,1,3,60.21628016258238,57.623079338527184,0,2,1,0
4850,0,3,59.070558245445525,33.48450190189003,0,5,1,0
4851,0,2,46.8020142128468,13.383020142339902,0,3,1,0
4852,0,3,88.94869631986398,47.56660968524833,0,7,1,0
4853,0,3,52.124714388781726,5.632771737080868,0,2,0,0
4854,0,3,55.7064644911399,35.48400347166049,0,4,0,0
4855,0,3,29.755335204133956,0.0,0,5,1,0
4856,0,3,47.036415369947235,22.844092306159855,0,6,1,0
4857,0,3,67.07800868588548,20.491914688847853,0,6,0,0
4858,0,2,42.40980662686161,20.962900272064935,0,5,1,0
4859,1,2,23.38704277182948,23.15571541376344,0,5,0,0
4860,0,3,100.0,2.1249659177601465,0,3,1,0
4861,0,1,44.02815600727192,14.285664721744027,0,10,1,0
4862,1,3,41.891471112200826,28.288023373457122,0,3,1,0
4863,1,3,47.84915775654984,50.33205205000005,0,4,0,0
4864,0,3,15.880339641563644,28.24966267419841,0,3,1,0
4865,0,3,40.79973450812051,5.507292015376031,0,5,1,0
4866,1,3,39.71473985338486,57.98169359279767,0,9,0,0
4867,1,2,70.41319087642272,75.76441387957786,1,6,0,1
4868,0,2,56.31880788112102,35.75521765797146,0,5,0,0
4869,0,3,64.1402430480196,32.46093009088414,0,2,0,0
4870,0,3,46.23883993213648,18.57853652830247,0,6,1,0
4871,0,3,38.01596200045444,0.0,0,2,1,0
4872,0,2,33.033682993100896,5.423820442696208,0,1,1,0
4873,0,3,58.14838704233074,13.229034556919483,0,5,0,0
4874,0,3,21.451064019541953,23.071428026766352,0,8,1,0
4875,0,2,31.994107305555776,0.0,0,3,1,0
4876,1,3,65.04096972453884,73.83327066968668,0,5,0,1
4877,0,2,65.51268898665495,35.18492106316596,1,6,0,0
4878,0,3,46.48237285548445,30.058533342724356,0,6,1,0
4879,0,3,55.28490085731337,28.28445231419214,0,3,0,0
4880,1,2,50.82560501496359,64.78999874160722,0,9,0,1
4881,0,2,41.787627028345476,2.394151417373047,0,4,1,0
4882,1,3,51.15606401054372,41.34419887503251,0,3,1,0
4883,0,2,35.23271266885281,17.805011987834224,0,5,1,0
4884,0,3,66.17319455965506,14.351326033642225,0,6,0,0
4885,0,2,74.87967614054536,53.886186838503285,1,4,1,0
4886,1,3,54.475847541010346,66.08321351297846,0,6,0,1
4887,0,3,18.293568002638427,12.032338941825744,0,6,1,0
4888,0,2,47.410852547219214,8.47875508658188,0,7,0,0
4889,0,3,8.29459552663272,0.0,0,8,1,0
4890,1,3,60.76076651529492,56.50112322214293,0,8,0,1
4891,0,2,63.064773037268765,23.073347864788584,1,6,1,0
4892,0,3,42.8859617822134,1.225010394974678,0,4,1,0
4893,0,2,55.85284360698967,16.015795286329997,0,5,1,0
4894,0,3,59.32059029348673,33.71119763941449,0,7,0,0
4895,0,2,51.13277785947209,35.93221287986888,0,9,1,0
4896,1,3,26.487965112625176,32.88852691687303,0,8,0,0
4897,0,3,40.78231661863614,24.035697269430617,0,4,1,0
4898,1,3,72.15731709281195,57.65938593175977,0,0,0,0
4899,1,3,37.44213234626003,29.442518157650028,0,8,0,0
4900,0,2,63.92759219264806,35.771474714982325,0,8,1,0
4901,0,2,69.82745280884723,52.724899347822884,1,6,1,0
4902,1,2,58.447423382754494,60.43193054117178,0,2,0,1
4903,0,3,69.96838404407345,37.81158676221164,1,2,1,0
4904,1,3,82.18053597199784,62.06041033540756,1,5,0,0
4905,0,2,30.747012164993695,0.0,0,4,1,0
4906,0,3,34.23324869672817,4.691141640583501,0,5,1,0
4907,0,2,39.059608828990086,8.802222094101014,0,8,1,0
4908,1,3,65.22977340061834,37.60897961669003,0,1,0,0
4909,0,2,63.37389277378369,17.771240986886408,1,4,1,0
4910,1,2,59.97797561500502,65.15256209642452,0,7,0,1
4911,0,2,54.968381276960216,47.60439364038877,0,7,1,0
4912,1,2,47.79065432459247,53.4294099002142,0,2,0,0
4913,0,2,26.38651304055981,11.5309647865432,0,1,1,0
4914,0,2,75.04115516690254,26.617226844193457,1,5,1,0
4915,1,2,13.559920844725939,18.05881257371,0,6,0,0
4916,0,3,61.91233879528085,20.60256792718986,0,9,1,0
4917,0,2,36.784080405753755,20.691203276198777,0,4,0,0
4918,0,2,45.60889546187767,30.53943941770735,0,5,1,0
4919,0,2,100.0,20.907490291044507,1,6,1,0
4920,0,2,65.09753495092727,20.183280796887907,1,6,1,0
4921,1,3,49.227251352738755,34.61522058218146,0,3,0,0
4922,1,1,68.72799133232179,75.85838584088343,1,5,0,1
4923,1,3,33.13253548428437,31.870659793265972,0,4,1,0
4924,0,3,46.76455641569906,25.744273316582458,0,6,0,0
4925,1,3,82.14916236247267,56.62236453934095,1,5,0,0
4926,0,2,33.473261691695356,15.516501073723216,0,3,0,0
4927,1,3,28.737398542234242,35.5159829433553,0,1,0,0
4928,0,2,55.19922956454478,36.05608069486715,0,6,1,0
4929,0,3,43.58608005810635,26.669808270445422,0,5,1,0
4930,0,2,41.78267670437091,20.481553920249038,0,3,1,0
4931,1,3,38.42185022364899,31.5232449130326,0,3,0,0
4932,0,3,60.63751416266122,34.188615351580346,0,3,1,0
4933,1,2,69.47467109049171,55.13375241091302,1,5,0,1
4934,0,3,30.403006009585493,0.0,0,5,1,0
4935,0,3,64.83610058591022,2.1854533022810845,0,0,1,0
4936,0,3,50.9291387359514,13.621273170638958,0,7,1,0
4937,0,3,52.969917747814826,16.86911963967945,0,8,1,0
4938,0,3,49.74136752167098,25.34840088274779,0,2,0,0
4939,0,2,35.99086658358665,15.159948765751741,0,4,0,0
4940,1,3,53.31661837746441,35.75193016767671,0,2,0,0
4941,0,3,66.08769858848329,14.256752285313526,0,2,1,0
4942,0,3,23.137925333143656,0.0,0,3,0,0
4943,0,2,48.8768522546005,7.118793756848328,0,4,0,0
4944,1,3,59.94759783949844,68.88802351169397,0,3,0,0
4945,1,3,50.84934671931274,73.76996951572836,0,9,0,0
4946,0,2,42.29674101035642,3.9800077743508435,0,7,1,0
4947,0,3,64.69324396392176,26.02990132408029,0,7,1,0
4948,0,3,78.18545662546154,49.628580263513854,0,5,1,0
4949,1,2,52.61623874699929,64.39574011315557,0,7,0,0
4950,0,3,39.610223899042154,30.52114575707305,0,11,1,0
4951,0,3,64.67984975884501,44.51728662657844,0,7,0,0
4952,1,3,46.709791518195516,59.905784395789944,0,5,1,0
4953,0,2,51.32693396859546,10.878721834358911,0,4,1,0
4954,1,2,63.626840160234856,65.57065650680951,1,4,0,1
4955,0,3,78.56758579021728,54.701896817823766,1,7,1,0
4956,0,1,34.81452654706379,22.22445329877872,0,5,0,0
4957,0,2,61.40214156704268,28.329222620318454,0,3,1,0
4958,0,2,62.152878345759426,25.169649610978396,1,8,0,0
4959,0,3,50.269358678270976,22.344476544480877,0,1,0,0
4960,1,3,47.17846375445159,59.45003295827559,0,7,1,1
4961,1,3,32.25080877911149,21.44019466605149,0,4,0,0
4962,0,3,39.223674015725756,24.627450522414698,0,8,1,0
4963,0,1,55.02368049675299,4.509234940033695,0,1,1,0
4964,0,1,81.90654636337585,55.460441686668105,1,5,1,1
4965,1,3,53.340744532420864,37.60040310231772,0,2,0,0
4966,0,2,48.33042696461079,4.050673080521598,0,4,1,0
4967,0,3,43.48753048952338,16.878024164943753,0,1,1,0
4968,1,3,48.58092777893187,54.75441312415189,0,3,0,0
4969,0,2,95.75051569745375,7.24978242005035,0,4,0,0
4970,0,2,50.21032123211295,14.840558905431557,0,6,1,0
4971,1,3,63.44309151029667,80.04669435008857,0,9,1,0
4972,0,3,73.5331782272795,37.140315242860616,1,9,1,0
4973,0,2,64.31380821404876,16.917119490633766,1,4,1,0
4974,0,3,45.887415342188085,34.63843702629735,0,7,0,0
4975,0,2,24.579948894635518,0.0,0,5,0,0
4976,0,3,50.645351217780124,34.36313921576059,0,7,0,0
4977,0,2,77.84069307770619,58.12825166501319,1,10,1,1
4978,0,3,34.08798695827463,36.438332071307315,0,10,1,0
4979,0,3,52.125455169312865,7.148380426062315,0,3,1,0
4980,0,3,33.59244825514523,24.008840357188078,0,4,1,0
4981,1,3,82.67983566573481,71.35501673619923,1,7,0,0
4982,0,2,31.366701617903377,0.16914078081624578,0,7,0,0
4983,0,2,15.146758848766288,0.0,0,2,0,0
4984,0,3,49.34711361806273,22.38688215711809,0,1,1,0
4985,0,2,56.21977854098237,12.040504929916079,0,5,0,0
4986,1,3,57.38578459297064,77.79644323340062,0,10,0,1
4987,0,1,51.43740730102045,9.92897409261235,0,4,1,0
4988,0,2,21.643165315267115,0.0,0,2,0,0
4989,0,2,34.001819112427334,29.515144844849125,0,7,0,0
4990,0,2,54.823265717470996,17.296707285925304,0,8,1,0
4991,0,3,53.623014755260016,29.71794944040809,0,3,0,0
4992,0,2,30.425583225776364,8.77668628898023,0,3,1,0
4993,1,2,40.211869528685746,28.993199638929433,0,3,0,0
4994,1,3,52.17422158387718,35.29206719840421,0,2,0,0
4995,0,3,65.27436986264038,17.068797003941626,0,4,0,0
4996,0,3,42.309675749160924,12.220439254181237,0,7,1,0
4997,1,3,62.05796187009997,70.91052924869147,0,6,0,1
4998,0,3,50.98790840407335,24.306606487717918,0,3,1,0
4999,0,3,26.33343853433735,21.97891688309055,0,5,1,0
5000,1,2,51.65639874461273,33.2255277310957,0,3,0,0
5001,0,3,60.445398317660505,43.549915843101616,0,8,1,0
5002,1,2,51.1737593820377,38.123580887777244,0,4,0,0
5003,0,2,37.795990518049926,19.590598590723623,0,7,0,0
5004,0,3,50.346578046589194,27.02797455265322,0,3,0,0
5005,1,3,57.23237778282625,56.25257716335725,0,8,0,0
5006,1,2,32.42706356696225,58.47998871655862,0,6,0,0
5007,0,2,44.38427661099963,16.009282693646504,0,1,1,0
5008,0,2,58.33192703064943,7.509455397754579,0,4,0,0
5009,0,2,54.13193423397069,30.98704671953936,0,3,1,0
5010,0,3,43.99104485222222,7.269480997648782,0,5,1,0
5011,0,3,55.82220353472908,29.703589529872445,0,3,1,0
5012,0,3,44.763164167389476,22.73357063437291,0,3,1,0
5013,0,3,66.12145381152303,41.52641503399578,0,2,1,0
5014,0,3,41.618693475375196,22.32549730693443,0,6,0,0
5015,0,3,50.44454683819926,50.23455208545502,0,7,1,0
5016,0,2,45.155026105912235,3.692228305377987,0,3,1,0
5017,0,2,54.57316458453096,4.679865594887108,0,1,1,0
5018,0,3,58.16439040774459,12.319032160320267,0,5,1,0
5019,1,3,38.759922006144166,43.43146519295731,0,10,0,0
5020,0,3,78.18775927303324,47.51869734878648,0,6,1,0
5021,0,2,37.029793314076954,19.122585954086166,0,5,1,0
5022,1,2,32.89099232132872,27.07029988416623,0,6,0,0
5023,0,3,71.60301362414344,47.793006896933065,0,6,1,0
5024,0,3,66.22601551910367,38.26881709608748,0,3,1,0
5025,0,3,44.08514780531281,30.632254179701672,0,5,0,0
5026,0,2,23.20059301024962,37.928522998431596,0,6,1,0
5027,1,2,63.17679216999124,82.97917771408845,0,14,0,1
5028,0,3,37.05707050907582,13.268292322163381,0,2,1,0
5029,1,2,49.37689858583401,63.698984911087564,0,7,0,0
5030,0,1,26.77938930521388,0.0,0,6,0,0
5031,0,2,21.796147553500326,19.896966103810747,0,11,1,0
5032,1,3,49.870750759309956,33.63455914550959,0,4,0,0
5033,0,3,50.87042265733394,9.19076229011813,0,4,1,0
5034,0,2,68.74512679552178,28.87211583290009,1,11,0,0
5035,0,3,79.31842278081702,52.79732989246756,1,4,1,0
5036,0,2,64.90699667416688,35.328323070139504,1,5,1,0
5037,0,3,57.93202066032211,19.704372921302497,0,6,0,0
5038,0,2,50.3298567957305,25.37767800690943,0,2,0,0
5039,1,3,48.82558543059658,56.36960635446101,0,5,0,1
5040,0,3,50.721850593816896,31.66230981560334,0,5,1,0
5041,0,3,66.38749953441683,21.128427380143183,0,5,0,0
5042,0,3,69.60765139288475,16.255863932613565,0,3,1,0
5043,0,3,43.02431345980915,4.379912879004881,0,2,1,0
5044,1,2,41.43058723434496,52.487744009309864,0,3,0,0
5045,0,2,49.676834045217696,11.293108172210019,0,7,1,0
5046,0,2,51.09838777773125,22.308542532206957,0,3,1,0
5047,0,3,33.11763206441289,0.0,0,1,1,0
5048,0,3,48.56250213766695,0.0,0,3,1,0
5049,0,3,36.86232575441171,0.0,0,6,1,0
5050,0,3,61.12282369142517,36.608487284158706,0,6,1,0
5051,0,3,46.14415759560107,13.999928224355312,0,6,0,0
5052,0,3,40.3353025704842,2.5977592620227528,0,4,0,0
5053,0,2,45.67355517784194,18.121562934300083,0,11,1,0
5054,1,3,54.54318154009346,68.66058450949474,0,8,0,0
5055,0,3,52.047511567294926,25.505680338291015,0,5,0,0
5056,0,3,61.01471288420025,41.47148091457877,0,6,1,0
5057,1,3,45.46847734753708,42.662121206787184,0,5,0,0
5058,0,3,41.63069457069792,22.385114920707515,0,3,1,0
5059,1,2,52.73410647821782,61.92282329917288,0,6,0,0
5060,1,2,27.171338593454664,20.013694864314257,0,3,1,0
5061,1,2,65.43085093934364,65.80374045575414,1,3,0,1
5062,0,3,45.377240896625445,26.250151906005907,0,6,0,0
5063,1,3,21.834935321930544,34.606276161872806,0,8,0,0
5064,0,3,71.9668647863746,16.91360224015932,0,3,1,0
5065,0,2,57.71109898542123,15.822479560338255,0,6,1,0
5066,0,3,31.06202430666068,8.089390059123712,0,5,1,0
5067,0,2,46.424114869733984,33.44763667441959,0,9,0,0
5068,0,2,61.09109633384815,36.948907755725365,0,3,0,0
5069,0,3,49.53582929756738,0.0,0,0,1,0
5070,0,3,0.0,13.262313370038878,0,4,1,0
5071,0,2,0.0,42.97187854193649,0,11,1,0
5072,0,3,59.54634511725966,18.805905016644896,0,5,1,0
5073,0,3,50.74150409438821,39.47528149601196,0,7,1,0
5074,1,3,26.085601873594307,20.33663863624538,0,4,0,0
5075,0,2,37.63231488433277,26.12823012149633,0,8,0,0
5076,0,3,67.80692861201354,27.025688113483838,0,5,1,0
5077,0,3,63.6207280723944,14.016626836150412,0,5,1,0
5078,1,2,66.31813706569112,44.07684873034857,0,4,0,0
5079,0,3,53.86173340953451,36.493973286491794,0,6,1,0
5080,0,3,30.761643897787348,17.53786451308556,0,6,1,0
5081,1,3,34.48756031506672,24.466111937890055,0,4,0,0
5082,0,3,22.918946946766518,0.0,0,3,1,0
5083,0,2,33.98362328199116,28.354216704832325,0,9,1,0
5084,0,3,64.11369698522022,40.862951573511644,0,5,0,0
5085,0,3,76.15929513657717,20.718033976328073,1,4,1,0
5086,1,2,61.596185256788885,53.47599120879272,1,6,0,1
5087,1,2,57.088139359739266,44.515845524669274,0,2,0,0
5088,0,3,60.98163268778316,15.599860835393095,0,5,1,0
5089,0,3,48.558314855876304,9.479465606841579,0,5,1,0
5090,0,2,35.52040245285786,15.513799505857266,0,2,1,0
5091,0,3,35.28915918496458,16.23146404029166,0,3,0,0
5092,0,3,63.81128699319951,15.341415932038457,0,4,0,0
5093,0,3,75.98134447590373,48.763146847023,1,6,1,0
5094,0,2,37.36361414762207,0.0,0,5,1,0
5095,0,1,47.52005226391801,23.7113493060532,0,3,0,0
5096,1,3,71.28945623217193,70.92140472114845,1,4,0,1
5097,1,2,55.77336241701903,60.53658907122133,0,7,0,0
5098,0,2,53.611917835310834,13.801949482103076,0,4,1,0
5099,0,3,50.75503309884317,21.212487905983558,0,0,1,0
5100,0,2,72.88040377235636,52.76084102018682,1,8,1,0
5101,0,1,4.049386113296691,0.0,0,3,1,0
5102,1,2,21.04183759440439,33.40707010298445,0,2,0,0
5103,0,3,74.19878110169985,44.26751372765431,1,4,1,0
5104,1,3,59.90288884590457,66.5744711297594,0,5,0,1
5105,0,3,14.305651291817366,11.769566830637944,0,6,1,0
5106,1,3,46.174520417726384,49.76434465136959,0,2,0,0
5107,0,3,38.51133591662577,20.565629009829546,0,3,1,0
5108,1,2,74.50565965051713,56.70872340458884,1,4,0,1
5109,0,3,52.287009173783844,1.9998500683445108,0,2,1,0
5110,0,2,94.07518239398706,26.956495689077414,0,2,1,0
5111,0,3,39.20669867907432,29.205110575225877,0,9,1,0
5112,0,3,64.54871546683168,42.50281674853616,0,7,1,0
5113,1,2,41.65276897267534,46.81887442510444,0,9,0,0
5114,0,2,69.59578785109632,25.152265173233538,1,5,0,0
5115,1,3,59.50806553490625,55.1601248695916,0,0,0,0
5116,1,3,66.9767669548163,47.57248781872788,0,2,0,0
5117,0,2,50.26088576971055,12.14513646918649,0,5,0,0
5118,0,3,41.41714850385407,24.19527392852333,0,4,1,0
5119,0,3,62.977809506701,44.8489510368711,0,7,1,0
5120,0,2,34.02834104510021,32.91797538135366,0,5,0,0
5121,0,2,79.70726936064862,55.27093778757989,1,9,1,1
5122,1,1,59.08190765210712,60.99812520167167,0,3,0,0
5123,0,3,29.04241339945985,3.7252038463755,0,6,1,0
5124,0,2,42.644662606052115,22.430754683946187,0,6,1,0
5125,1,2,49.526609216229325,37.538505350228334,0,3,0,0
5126,1,2,46.36011618774084,57.48481370198481,0,6,0,0
5127,0,2,69.70198703979159,49.1468664340036,1,6,1,1
5128,1,3,51.67563223875321,48.573788587115374,0,8,0,1
5129,0,3,30.20257256305969,0.5541089881813342,0,6,1,0
5130,0,3,65.64566354718114,16.947808893148654,0,4,0,0
5131,1,2,49.420348461974385,45.26794152768927,0,5,0,0
5132,1,3,16.65879564216865,41.200495842421056,0,6,0,0
5133,1,3,32.42102425887948,65.1439122018447,0,5,1,0
5134,1,3,48.72807576445622,61.573489429888454,0,3,0,0
5135,0,2,55.10112248092338,17.30335898778141,0,8,1,0
5136,0,3,59.561838819626104,36.427957036091755,0,2,1,0
5137,0,2,61.026193232705154,8.513111832558268,0,5,1,0
5138,0,2,49.47175042110867,15.957194165162852,0,7,1,0
5139,0,2,57.74338377314557,9.20767058396692,0,3,1,0
5140,1,2,66.0603459620922,50.54309922986061,1,4,0,1
5141,1,3,57.439821012269334,40.64253183173634,0,2,0,0
5142,0,3,67.30212992341433,41.173418212146835,0,4,0,0
5143,1,2,51.069461185426604,61.21118356487349,0,7,0,0
5144,1,2,55.65563506024665,36.447850763366645,0,2,0,0
5145,0,2,43.7266952772306,27.813650618881717,0,6,0,0
5146,0,2,70.60977859264506,24.623713941864168,1,5,1,0
5147,1,3,53.14717376467522,54.79545556208769,0,12,0,1
5148,0,3,54.658054960355884,1.7474390267531965,0,4,0,0
5149,0,3,37.66037333323146,3.3940362570813445,0,5,0,0
5150,1,3,63.23599249483809,48.29163573800966,0,4,0,0
5151,1,3,66.27112249092876,73.37708298350563,0,6,1,0
5152,1,2,34.60443213263957,60.10350994490821,0,8,0,0
5153,0,3,42.56591877673181,3.6945043283927297,0,6,1,0
5154,0,3,30.460240415012873,5.680665342515885,0,3,1,0
5155,0,3,53.9918040558776,8.53095546494266,0,3,1,0
5156,0,2,59.44967881258429,16.458054728072913,0,5,1,0
5157,0,2,23.191787906283064,35.32206427000338,0,7,0,1
5158,1,3,52.834566170489396,60.38613731822729,0,2,0,0
5159,0,3,24.669592123207813,14.216473073786053,0,3,0,0
5160,1,2,59.367763424746194,41.597418830882276,0,5,0,0
5161,0,1,60.003215840502804,16.294539916352413,1,5,1,0
5162,1,3,39.039688645540515,51.31236214240681,0,5,0,0
5163,0,3,23.781415667909112,0.0,0,5,0,0
5164,0,3,44.85475202229788,1.2220471001383972,0,3,1,0
5165,0,2,48.113951897212985,8.199685794598972,0,4,1,0
5166,0,3,46.411203507055085,3.8537539649220904,0,3,1,0
5167,0,2,51.778803549763396,10.432022691525578,0,3,1,0
5168,0,3,100.0,7.086031235139887,0,2,1,0
5169,0,3,34.5873389202883,13.770927145492635,0,3,1,0
5170,0,3,47.21608907117616,5.686376409938783,0,2,1,0
5171,0,3,33.66442099920237,17.403385718875366,0,4,1,0
5172,0,2,49.30998280288029,23.48294055989109,0,5,1,0
5173,1,2,35.556469265672646,45.42689608658701,0,3,0,0
5174,0,1,67.20657079683268,31.25580503022676,1,8,1,1
5175,0,3,41.67356040612053,8.740324679351776,0,6,1,0
5176,1,2,61.69074979361919,62.30009784201457,0,4,0,0
5177,0,3,23.548481356687788,0.0,0,7,1,0
5178,0,3,20.92785761593455,0.0,0,6,1,0
5179,0,2,32.378325423304375,0.3542793162767188,0,6,1,0
5180,1,3,29.1558267448738,47.555042182725536,0,6,0,0
5181,0,2,55.7020294542826,18.07014165282131,0,7,0,0
5182,0,2,71.04429331733196,40.41536729375723,1,5,1,0
5183,1,2,52.45756494083601,36.50130016053081,0,2,0,0
5184,0,3,31.460102590902505,0.0,0,2,0,0
5185,0,2,43.32926044687138,1.7690116473850956,0,4,1,0
5186,0,3,48.7820988132237,29.666625072774274,0,6,1,0
5187,0,3,66.3048723295138,37.1859047848427,0,3,0,0
5188,0,2,28.05538463614597,5.035438736984574,0,10,0,0
5189,0,3,50.93174518924951,31.33470817202548,0,7,0,0
5190,0,3,39.212028442676534,17.790744631362344,0,3,1,0
5191,0,2,46.72268480320029,27.990347403051743,0,6,1,0
5192,1,3,56.0632783898974,41.325165008679704,0,4,0,0
5193,1,1,40.992278279205465,53.627453601223245,0,5,0,0
5194,0,3,52.744586523832986,32.70779873252878,0,7,1,0
5195,0,2,54.27518796960033,12.282196556689248,0,3,0,0
5196,0,3,71.31963587476962,26.78066746472306,0,7,1,0
5197,0,3,59.929656957374334,16.74304755951614,0,7,1,0
5198,1,3,45.70312072787981,22.08830012686566,0,0,0,0
5199,1,2,55.99683135354548,65.7597857601902,0,6,0,1
5200,0,3,67.3155674022953,48.60094617041192,0,7,1,0
5201,0,2,39.57850430806391,23.475269487090436,0,3,1,0
5202,0,1,70.56957944162477,44.90497057405137,1,3,1,1
5203,1,2,62.55115878712412,68.26209718041743,1,8,0,1
5204,0,2,57.73070496676297,34.645272799403045,0,8,1,0
5205,0,2,50.18709582079544,25.727137333039835,0,3,1,0
5206,0,2,52.733986359257614,32.93029584836196,0,10,1,0
5207,0,3,80.06886227498858,30.442796285309157,1,6,1,0
5208,0,1,31.95632485924527,15.04960078388217,0,4,1,0
5209,0,3,59.10445476408139,21.076085215808074,0,6,0,0
5210,1,3,34.22037931585844,40.40549348332509,0,3,0,0
5211,1,3,45.48881568318663,31.841629107834425,0,5,0,0
5212,0,3,34.457467003012404,12.3388792177989,0,1,1,0
5213,1,3,61.15540460079996,65.21048169487678,0,4,0,0
5214,1,2,48.3575276153114,60.19531833152384,0,6,0,1
5215,1,1,45.93961663950678,34.01843539900139,0,5,0,0
5216,0,2,28.19334876331346,0.0,0,5,1,0
5217,0,3,51.946139048204294,8.247713801534934,0,4,1,0
5218,0,3,51.717161930459675,35.523019065510255,0,6,1,0
5219,1,2,45.34968050587745,28.32727223790312,0,2,0,0
5220,0,3,34.85434320583846,22.97808133228238,0,4,1,0
5221,1,3,31.69837521837769,21.204941299877273,0,3,1,0
5222,0,1,22.728808351014894,0.0,0,3,0,0
5223,0,3,58.50403769346413,10.784832196445901,0,6,0,0
5224,1,3,49.865759728076625,46.05675579142795,0,6,0,0
5225,0,2,12.517020500630714,26.724566903310894,0,3,1,0
5226,0,2,30.724950633331236,0.04345709282636423,0,6,1,0
5227,0,2,59.30843720980138,33.64745148133546,0,5,0,0
5228,1,2,60.871627954534766,47.768906040399365,0,6,0,0
5229,0,2,48.71270526061689,32.11306487633868,1,9,1,0
5230,0,2,68.84376544121815,42.788900866742644,1,5,1,0
5231,0,3,55.4069306257596,18.270568962404788,0,7,1,0
5232,0,2,31.305394566368513,33.37085650739317,0,4,1,0
5233,0,3,49.34414734740619,7.81885435807796,0,3,0,0
5234,0,3,51.60556059029893,30.66178461858927,0,4,1,0
5235,1,2,66.09178317522431,45.958974192091816,1,3,0,1
5236,0,3,0.0,32.6494197658045,0,6,1,0
5237,0,2,56.91653708263639,21.243188920044147,0,1,0,0
5238,0,3,71.14122727461513,19.747223330755826,0,2,1,0
5239,0,2,39.85915121808204,34.240188671630534,0,9,1,0
5240,0,3,60.44404341493131,37.54856993659622,0,5,0,0
5241,0,3,75.49846288228827,30.090396459493352,0,7,1,0
5242,0,3,41.05070952912699,30.752874177808785,0,6,0,0
5243,1,2,47.86382946376025,58.45078442446274,0,5,0,0
5244,0,3,49.31153962474017,14.826269339395655,0,7,1,0
5245,0,2,67.21568375069573,37.206713702747486,0,4,0,0
5246,0,3,54.15080098371595,30.20471597755467,0,5,0,0
5247,0,3,42.56268520854769,2.7903896726271045,0,4,1,0
5248,0,3,71.51566018961651,40.8929058024547,0,6,1,0
5249,0,3,66.75982324511139,28.41662812357506,0,7,1,0
5250,0,2,57.93184673760226,25.964602471779752,0,8,1,0
5251,0,2,64.35403426343831,41.12682976087369,1,5,1,0
5252,1,2,60.48079139533387,51.811181715441975,0,9,0,0
5253,0,1,48.073701013327586,8.40143335798268,0,5,1,0
5254,1,3,44.62737874268245,28.48704368792611,0,3,0,0
5255,1,1,69.26683202090953,47.56996432189524,1,1,0,1
5256,0,2,34.50450788118791,0.0,0,3,0,0
5257,0,3,42.409608727383116,0.0,0,2,0,0
5258,0,3,27.533134342346706,5.352552630631466,0,8,1,0
5259,0,3,48.80238138972675,6.520751745504245,0,4,1,0
5260,0,2,77.91082415147899,22.825238567879648,1,2,0,0
5261,0,3,18.448669870107594,0.0,0,10,0,0
5262,1,1,79.03818218519312,56.48004797526161,1,6,0,1
5263,0,2,37.886087741282694,13.40450495170596,0,4,1,0
5264,1,2,30.56203054795127,27.591208848001216,0,5,0,0
5265,0,3,55.48842629644167,7.55035812993723,0,2,1,0
5266,0,3,60.100138176414916,5.0299929903071074,0,4,1,0
5267,1,3,84.69136802442985,67.02833650468195,1,7,0,0
5268,0,3,39.240549912816974,22.93622504006361,0,8,1,0
5269,0,2,50.79898328503008,23.048611354007647,0,5,1,0
5270,0,2,47.51047619638652,30.640764667131336,0,5,0,0
5271,0,2,46.0382006282071,31.33189528889804,0,8,1,0
5272,0,2,57.49759034699977,22.86783038085926,0,1,1,0
5273,0,3,73.17450985436942,54.5557015058798,1,10,1,0
5274,0,3,47.72766966068996,35.213574948903556,0,9,1,0
5275,0,3,45.9281810290312,2.943255283481129,0,3,0,0
5276,1,3,47.46534642523911,34.35217797483367,0,3,0,0
5277,0,2,48.70114859926252,24.408481239712668,0,2,0,0
5278,1,3,62.589396763775426,53.64421658185762,0,6,0,1
5279,0,3,88.22683185084401,51.132968552374884,1,6,1,0
5280,1,2,71.18621603585005,72.618627017853,1,6,0,1
5281,0,2,21.197093477830883,0.0,0,2,1,0
5282,1,3,55.353371490567824,47.31854820149428,0,7,0,0
5283,0,3,16.741882953412343,0.0,0,7,1,0
5284,1,3,54.38229630450236,44.81610003427248,0,5,0,1
5285,0,3,33.47074701782709,3.08230079146079,0,7,1,0
5286,0,3,67.76266687339937,45.03817247317416,0,7,1,0
5287,0,1,23.236777543621496,0.0,0,4,1,0
5288,0,3,44.44629314408882,4.228822808108533,0,5,1,0
5289,1,3,34.36386642482299,58.70833658486932,0,13,0,0
5290,0,3,27.54255817133469,0.0,0,6,1,0
5291,0,3,74.4901180346426,34.35222506723218,0,4,1,0
5292,0,3,44.4370624746633,13.057751596273414,0,8,1,0
5293,0,1,63.25374935866809,40.82262486997438,1,4,0,0
5294,0,3,0.0,5.203561715807174,0,5,1,0
5295,0,3,25.56030630962026,13.634767141724934,0,3,0,0
5296,0,2,66.31804217897185,17.34917485638037,0,4,1,0
5297,1,2,44.19795934051901,59.864169276923995,0,4,0,1
5298,0,3,40.40680885597809,6.512310455202444,0,6,1,0
5299,0,1,31.678898361746274,21.6723520599749,0,5,1,0
5300,0,3,53.50366045467236,29.83520632706529,0,3,0,0
5301,1,3,39.144836460017785,48.4883138246222,0,6,0,0
5302,0,1,44.741140222430204,7.031084744914715,0,7,1,0
5303,0,2,60.16787421052257,19.833500548891042,0,4,1,0
5304,0,2,47.58852991731335,0.0,0,1,1,0
5305,1,3,33.511057656612365,43.02598350389781,0,11,0,0
5306,0,3,65.14887316809762,45.7888483372998,0,7,1,0
5307,1,1,54.91527275803405,50.415674455201845,0,8,0,0
5308,0,2,30.12201150741075,0.0,0,5,1,0
5309,1,2,56.09459073378579,61.773796309330564,0,3,0,0
5310,0,2,47.747179395996646,23.91428935270535,0,5,1,0
5311,0,3,40.627692665760556,6.932668369162393,0,5,0,0
5312,1,3,51.68156843397735,39.75434888156225,0,1,0,0
5313,1,2,59.1815069361825,50.0408801845995,0,9,0,0
5314,0,3,37.453799415230804,0.0,0,4,0,0
5315,1,3,26.12633486700713,59.08783474331914,0,9,0,0
5316,0,3,49.29570454482961,32.2638991266728,0,6,1,0
5317,1,2,60.136979002307186,47.61847227768381,0,4,0,0
5318,0,2,36.68719645040262,1.9584878710357057,0,6,1,0
5319,0,3,31.412726815546975,26.37200841534701,0,7,1,0
5320,0,2,25.458996698623167,0.0,0,5,1,0
5321,1,3,10.777717318210314,19.51673654017048,0,6,1,0
5322,0,3,58.03422680261262,18.2352369778354,0,5,1,0
5323,0,3,35.69338246824853,6.290338458234447,0,6,0,0
5324,0,3,65.86607939650074,9.502998932487756,0,2,1,0
5325,0,3,40.724016068705176,0.0,0,5,1,0
5326,1,2,38.71647920485832,36.37763539427235,0,9,0,0
5327,0,2,66.96814669845078,44.29614227655658,1,8,1,0
5328,0,3,20.883795773348815,3.978617155112274,0,3,1,0
5329,0,2,63.76985098088076,33.28972783655867,1,2,0,0
5330,1,3,50.70007475210694,57.02507905086245,0,4,0,0
5331,0,3,29.872931140146235,0.0,0,2,0,0
5332,1,2,49.3063979872956,44.040436151876044,0,4,0,0
5333,0,3,53.60616496385515,34.59183961285627,0,6,0,0
5334,0,3,42.545460649185394,6.467762396258504,0,7,1,0
5335,0,3,45.40979263376961,18.725487760725937,0,7,1,0
5336,0,1,57.18237009981436,12.751032525258374,0,4,1,0
5337,1,2,26.940042685625066,47.005518735994315,0,6,0,0
5338,1,2,4.200410103792382,34.50073490866675,0,2,0,0
5339,0,2,71.90276330165688,19.150153355785694,1,3,1,0
5340,1,2,20.035646042476568,17.15149633119302,0,4,0,0
5341,0,3,36.756160990844684,1.5930113058002682,0,5,0,0
5342,0,2,66.84932457479813,7.281593854434537,0,6,1,0
5343,0,2,31.406021904470425,19.78315516967919,0,8,1,0
5344,0,3,31.736100477945936,16.569805090917725,0,5,0,0
5345,1,3,70.97967266076778,51.764175864577055,0,3,0,0
5346,0,2,60.86194938344433,20.54018633967828,0,6,1,0
5347,0,1,38.876342082636306,22.718579582456886,0,3,1,0
5348,1,2,56.790667968883696,61.74036347088713,0,4,0,1
5349,0,3,55.48878169625518,38.49890618645438,0,5,1,0
5350,0,3,39.49908144175379,25.118658322895406,0,6,1,0
5351,0,2,38.39710713114982,0.0,0,1,0,0
5352,1,3,64.71668368168363,50.19015814677176,0,7,0,0
5353,1,2,50.463338589555654,67.92343734735906,0,9,0,0
5354,0,2,56.75256621153247,1.1256772067950402,0,2,1,0
5355,1,3,42.27456848693699,27.805545299580324,0,5,0,0
5356,0,2,32.1482103887864,3.834526667488295,0,6,1,0
5357,1,3,61.750132472296315,42.15616509518493,0,4,1,0
5358,1,2,7.059477167223417,6.84558600466284,0,3,0,0
5359,0,3,36.763073913856786,26.354738552423996,0,7,1,0
5360,0,3,53.075280743411305,12.254392445796128,0,5,1,0
5361,0,3,53.12488603066351,31.46509623442213,0,4,1,0
5362,1,1,100.0,37.55816294044519,0,3,0,0
5363,1,3,50.95581492472647,31.694444576446806,0,2,0,0
5364,1,3,44.827630157892415,49.443249478784935,0,2,1,0
5365,0,3,45.144874697245896,22.422916716722288,0,4,1,0
5366,0,3,69.20631266185494,16.53291772930553,1,4,1,0
5367,0,2,53.15050683091712,33.79392170214522,0,4,1,0
5368,0,3,80.14784759087729,51.58591852811077,1,6,1,0
5369,0,2,52.194546786984674,40.39563593438851,0,10,0,0
5370,0,3,53.66165445326664,32.20594347744548,0,5,1,0
5371,1,3,61.4766228501782,60.80046981920066,0,11,0,1
5372,1,3,63.53451958529909,63.458050452746235,0,2,0,0
5373,0,3,48.585475114460245,11.115195968433525,0,7,0,0
5374,1,3,69.70152201644767,76.28598939192476,1,4,1,1
5375,1,3,56.75272722849371,32.71644138785241,0,6,0,0
5376,1,2,100.0,72.34322032627338,1,9,0,1
5377,0,2,29.44719479259001,0.0,0,1,1,0
5378,0,3,62.341349284541295,3.8991177743900782,0,4,1,0
5379,0,3,100.0,38.66973273094917,0,5,1,0
5380,0,3,54.428494930231615,13.490790652427568,0,5,1,0
5381,0,3,39.97044040195462,0.0,0,1,1,0
5382,1,3,61.84516103043162,63.09710655140532,0,3,1,0
5383,1,1,55.46710567610793,40.85034348117779,0,4,0,0
5384,0,1,19.213514337017767,3.349207107735916,0,4,1,0
5385,0,2,53.681716586598306,27.51501040672191,0,4,0,0
5386,0,3,0.0,13.82199398331625,0,3,1,0
5387,0,3,44.9916433604442,21.89047035538504,0,4,1,0
5388,0,3,50.892067843657365,4.4100452892953586,0,2,0,0
5389,0,3,38.83834567201317,6.213192388444838,0,6,1,0
5390,0,2,52.02583938124549,31.36294439398514,0,7,0,0
5391,0,3,45.76948050988234,30.3541244610318,0,6,1,0
5392,0,2,57.765523663167535,38.14974611935938,0,9,1,0
5393,0,3,56.627647650064894,39.477732570551595,0,10,0,0
5394,0,1,34.48137129458967,0.0,0,6,0,0
5395,0,2,53.36254636797639,12.721899047496496,0,5,0,0
5396,0,2,17.728509245303222,7.20446858747823,0,3,1,0
5397,1,3,36.98719711950076,42.69930987238112,0,8,0,0
5398,1,3,58.29135730697318,54.473828752488195,0,3,1,0
5399,0,2,41.45028988344378,29.44822357221401,0,6,0,0
5400,1,2,45.163419860141005,51.82753059033601,0,1,0,0
5401,0,3,31.524600092440004,0.0,0,2,1,0
5402,1,2,45.21278758801918,53.64150402527681,0,3,0,0
5403,1,2,47.464024710575856,56.147719042685374,0,7,1,0
5404,0,3,64.86084298645223,19.435708155995936,0,5,0,0
5405,0,3,55.26991534094789,42.41998124936126,0,9,1,0
5406,0,2,61.564841057610614,26.11380660185039,0,1,1,0
5407,1,2,33.622967149291696,45.3629156275731,0,5,0,0
5408,1,3,46.87300800775317,38.92692204445623,0,5,0,0
5409,0,3,54.85732644472514,37.027450408357744,0,6,1,1
5410,0,2,64.4365003770968,26.27726759828427,0,5,1,0
5411,0,3,37.20601157743126,17.00187047752664,0,6,1,0
5412,1,3,27.119728473942413,17.371864011927165,0,2,0,0
5413,1,3,35.856435741516925,57.08592183068314,0,8,0,0
5414,0,3,5.45713728008977,14.001042519395934,0,9,1,0
5415,0,3,63.42998144314084,52.519841258129304,0,11,1,0
5416,0,2,65.84206051595902,36.696849579441725,0,6,1,0
5417,0,2,55.8286439184,36.591137221483336,0,5,1,0
5418,0,3,48.97949854662084,33.6838432326569,0,8,0,0
5419,1,2,37.31545545256092,49.18857317098481,0,5,0,0
5420,0,3,53.78804744963781,39.851056255413084,0,9,1,0
5421,0,3,78.05919684484478,27.789037022384168,1,4,1,0
5422,0,3,28.224953537518278,0.0,0,3,1,0
5423,0,2,56.069465267515604,18.39524974231678,0,4,1,0
5424,0,2,89.09496144191083,40.401337849711915,1,4,1,0
5425,0,3,32.19710478448946,7.4948876528567645,0,6,0,0
5426,0,3,63.313238138440035,14.744974354877012,0,5,0,0
5427,0,2,49.2883511360328,23.58462467234616,0,3,1,0
5428,1,3,58.06085525371468,50.35204211179077,0,6,1,0
5429,0,1,51.03188488404527,31.792061674310723,0,6,1,0
5430,0,3,65.48448260179973,49.85964307715884,0,8,1,0
5431,0,2,46.34781404459385,33.37938188988137,0,6,1,0
5432,0,2,62.79612800397559,10.664937204014063,0,2,1,0
5433,1,3,32.49502714430866,61.63037792308752,0,9,0,0
5434,1,2,76.68108633958337,42.86323676682352,0,4,1,0
5435,0,2,71.1197694633058,39.46868176808635,1,3,1,0
5436,0,2,52.154784034733716,27.327973671721715,0,4,1,0
5437,0,1,33.89536575785024,8.784170242434843,0,10,1,0
5438,0,2,19.545223142958406,0.0,0,4,1,0
5439,0,3,18.22556641353081,12.665664552951085,0,6,1,0
5440,1,3,51.9355698116828,69.02764923285656,0,6,0,1
5441,0,3,63.961175909546846,19.044566504603473,0,5,1,0
5442,0,3,37.6094538831766,1.3780594569347466,0,6,0,0
5443,0,3,41.179534892391594,23.978168086495803,0,6,1,0
5444,1,3,71.435432543315,77.41179495912489,0,7,0,1
5445,0,2,52.9126199079336,6.907538652751938,0,1,1,0
5446,0,2,0.0,6.111194757446858,0,1,1,0
5447,0,3,39.746147126741775,1.6684122570953983,0,6,1,0
5448,0,2,53.87461822369294,31.74820669709994,0,4,1,0
5449,1,2,40.33929616661807,58.91038054444369,0,9,1,0
5450,1,2,49.764608353196095,45.574580975822094,0,9,0,0
5451,0,3,48.99472898938699,9.494131965590737,0,8,1,0
5452,1,3,67.50468976113432,50.07548209602266,0,3,0,0
5453,1,2,26.228427837037223,44.4927773854935,0,5,0,0
5454,0,2,51.08545678385463,14.15363779170372,0,5,0,0
5455,0,3,36.318806760492784,0.0,0,5,0,0
5456,0,2,51.815701461180005,27.73953444480363,0,5,1,0
5457,1,2,78.35196043447236,56.00493614773058,1,5,0,1
5458,0,2,50.244621638979574,9.219193489567262,0,4,1,0
5459,1,3,77.21280197880552,79.85852706934752,0,6,0,1
5460,1,3,63.69916443030343,84.05222167273787,0,6,0,1
5461,0,3,26.934485838110916,12.73716420818384,0,3,0,0
5462,0,3,50.315338055755106,30.955664703359943,0,6,0,0
5463,0,2,67.72574060037385,20.737933321175834,1,5,0,1
5464,0,1,46.59854050759283,22.534021558066993,0,6,1,0
5465,1,3,58.17942380307822,62.70895747549821,0,8,0,1
5466,0,3,22.768851086407185,18.961927974996556,0,8,1,0
5467,0,2,21.10516568164991,14.795961100367771,0,7,1,0
5468,1,3,50.05730554957265,62.594007657294746,0,6,0,0
5469,0,2,17.38641710504041,6.4697073313768865,0,5,1,0
5470,1,3,28.643458475099695,40.76950170435723,0,5,0,0
5471,0,2,81.55094782210158,43.71996006448779,1,5,1,0
5472,1,2,100.0,62.415468778536905,1,7,1,1
5473,0,2,76.05688561541774,23.423284553665443,1,3,1,0
5474,0,2,71.20420195776953,30.067605505103167,1,8,1,1
5475,0,2,40.31819823578643,18.2914769741956,0,3,1,0
5476,0,3,38.778084956634835,17.12301277543881,0,3,1,0
5477,0,1,19.143602629115342,0.0,0,2,0,0
5478,1,2,25.36734771148972,23.477015141811172,0,3,0,0
5479,1,3,41.56684367620485,24.20276841750895,0,1,0,0
5480,0,1,53.176938900179756,6.172475321357682,0,5,1,0
5481,0,3,38.346796424097036,6.216973973965278,0,4,0,0
5482,0,3,20.576576291301567,0.0,0,5,1,0
5483,0,3,43.970050933286814,22.495397110150382,0,6,1,0
5484,0,3,53.55264303997324,12.590532567192488,0,5,0,0
5485,0,3,58.93000050671359,11.794962568566548,0,4,1,0
5486,0,3,0.0,0.0,0,4,0,0
5487,1,2,65.65978872013035,65.70893976111093,1,2,0,0
5488,1,3,47.4165098154318,50.803917976501744,0,3,0,0
5489,1,3,54.12665308584555,60.70841156392063,0,3,0,0
5490,0,3,100.0,26.906190119107894,0,2,1,0
5491,0,3,90.81500614480206,33.08723410311233,1,3,1,0
5492,0,3,61.51659822901963,32.48947320517403,0,3,1,0
5493,1,3,31.945653055312714,56.60892043216376,0,9,0,0
5494,0,2,47.51863044396165,11.390523471820817,0,7,1,0
5495,0,3,80.08159569121041,35.60238432324632,1,8,1,0
5496,1,3,50.274795761825345,55.038327342489765,0,7,0,1
5497,0,3,70.2073555499481,47.56845044958594,0,8,1,0
5498,0,3,46.844966484473886,33.583623347614264,0,7,0,0
5499,0,3,52.13948107309806,17.045224970917705,0,7,0,0
5500,1,3,14.38526053544628,43.10289838612073,0,8,1,0
5501,0,2,17.86456732382519,0.0,0,4,1,0
5502,0,3,26.36185098792558,6.962567885777033,0,2,1,0
5503,1,1,57.07322126808941,41.29382774262275,1,6,0,0
5504,0,3,58.28004589412979,23.011984162889267,0,8,1,0
5505,0,3,35.5604892834794,15.661595149930797,0,3,1,0
5506,0,2,52.52542026401923,19.734896868519886,0,8,0,0
5507,0,2,37.327474948734036,29.119989652995912,0,7,1,0
5508,0,2,46.136822033875205,10.383122844312037,0,6,1,0
5509,0,3,44.02789544779194,4.075166364980445,0,5,1,0
5510,0,1,3.1655670302253895,0.0,0,1,1,0
5511,0,3,44.48621041192069,9.142102471889714,0,8,1,0
5512,0,3,44.35330416241869,23.409202097398474,0,5,1,0
5513,0,2,49.22059763909672,30.593895862267797,0,6,1,0
5514,0,3,48.5767108154035,27.49734903922561,0,4,1,0
5515,0,3,53.834507250018,31.933724745685698,0,5,1,0
5516,1,2,50.074904388885976,60.69890667908154,0,6,0,1
5517,1,2,32.299549791753414,26.376134109156133,0,4,0,0
5518,0,2,40.74322499012411,20.96177438492134,0,5,0,0
5519,1,2,13.324076823342669,43.48746208514809,0,4,1,0
5520,1,1,55.44842183390311,61.59264231558601,0,5,0,0
5521,1,1,31.785064253407793,48.72662838061648,0,7,0,0
5522,0,3,70.40035092498474,32.41880947103491,0,2,0,0
5523,0,3,48.225541592326515,31.809432809684928,0,6,0,0
5524,0,2,52.638680387028785,28.897463233496698,0,5,1,0
5525,1,2,23.89354808699393,20.584236488359487,0,7,0,0
5526,0,3,34.97320039811444,14.099633447717355,0,6,0,0
5527,0,2,51.58817894828372,27.67533278728301,0,6,1,0
5528,0,2,46.46411631933832,35.39818118982566,0,9,1,0
5529,0,3,67.28695361563419,30.05918828232674,0,8,1,0
5530,0,3,32.01657048840618,24.282531247591855,0,5,1,0
5531,1,2,64.42181997182256,71.65420985164722,1,4,0,0
5532,0,3,41.55481149931762,29.045582066046624,0,7,1,0
5533,0,3,25.015438374031724,11.958707638887109,0,4,0,0
5534,0,2,29.266229831115364,0.0,0,3,0,0
5535,0,3,59.253074006039746,30.641581223925808,0,2,1,0
5536,0,3,62.698820114425196,17.409783180747873,0,3,0,0
5537,0,2,38.014888225583114,17.7404497484308,0,3,1,0
5538,0,3,43.09843341556908,5.080713647536517,0,4,0,0
5539,0,2,59.96561063981355,39.16033586489465,0,5,1,0
5540,0,2,30.352286090306638,5.827869616526208,0,8,1,0
5541,0,2,61.554910033030026,40.2444096231261,0,5,1,0
5542,0,2,37.9892805716222,0.0,0,3,0,0
5543,0,3,38.279656766736835,21.430789523121643,0,4,1,0
5544,1,3,40.32362237529644,54.52865091496568,0,5,0,0
5545,0,3,44.217861570551314,8.821590819150535,0,6,1,0
5546,1,3,40.519895152465196,29.27027221723508,0,2,0,0
5547,0,3,34.009738832908766,28.84116504790597,0,8,1,0
5548,0,3,55.25599339373404,10.534521601226272,0,7,1,0
5549,1,3,34.95452184107772,45.223677269474194,0,2,0,0
5550,0,3,55.938954723489374,33.31513134358195,0,2,0,0
5551,0,3,56.90030270061738,47.80638249117964,0,9,0,0
5552,0,3,44.67799945472554,25.16949648779204,0,5,1,0
5553,1,2,56.52880201527718,51.90308728772087,0,6,0,1
5554,0,3,15.409602229481287,2.102725858849462,0,4,0,0
5555,0,2,23.05057238926462,12.227840292998994,0,3,1,0
5556,1,2,27.845498308459575,46.24549754991015,0,5,0,0
5557,0,2,32.541398125376574,12.245855962514224,0,11,1,0
5558,0,2,35.610102754008714,2.4985026498759715,0,8,1,0
5559,1,3,71.79543084479361,69.54808573507431,0,3,0,0
5560,0,3,61.96776003296868,20.524035038553397,0,7,1,0
5561,0,3,27.047552449185094,0.0,0,3,1,0
5562,0,3,42.49350395949982,22.20438267863511,0,4,1,0
5563,1,3,20.011767101795336,38.72230020088961,0,3,0,0
5564,0,2,47.16451837913711,28.429736463403678,0,7,1,0
5565,1,3,47.728812141402805,32.09010344004074,0,3,0,0
5566,0,2,40.87858586073967,3.2552462630674124,0,4,1,0
5567,1,3,40.02257211150058,53.16854187394759,0,5,1,0
5568,0,3,41.05999104952156,10.335956375396776,0,7,1,0
5569,0,2,67.05593534308261,19.600152815902362,1,5,1,0
5570,1,2,42.64136134154212,53.69976953225994,0,5,0,0
5571,0,1,38.70310363778549,32.52025858157337,0,11,1,0
5572,1,3,23.194536332624534,23.529078397708545,0,4,0,0
5573,0,2,59.89949590618659,10.487130529999769,0,4,1,0
5574,0,3,70.8319709213034,42.59397152461954,0,3,1,0
5575,0,3,36.03582251357031,0.0,0,1,1,0
5576,0,2,0.8675835188062884,0.0,0,3,0,0
5577,0,3,84.64763739509523,50.32146005691582,1,3,1,0
5578,0,3,41.28833597853347,23.12571243454403,0,6,1,0
5579,0,3,40.75866677426402,5.315570474888236,0,6,0,0
5580,0,2,53.60708900859102,31.88141685359616,0,6,1,0
5581,1,2,86.26957591366852,71.34228651262728,1,4,0,1
5582,0,3,22.50054214713239,7.340339645217227,0,2,1,0
5583,0,3,12.175775314809309,4.003089267467345,0,2,1,0
5584,0,1,28.277858922606622,0.0,0,5,1,0
5585,1,3,54.863214651511285,57.69357408927472,0,4,0,0
5586,0,1,62.95912882418116,37.18916168084037,0,5,1,0
5587,0,3,41.87289962006532,9.207184985750187,0,6,1,0
5588,0,3,50.73270049247791,8.13641873807924,0,1,1,0
5589,1,3,71.15093200144881,63.26960655129042,0,2,0,0
5590,0,3,50.22784325649953,32.963210123979536,0,6,1,0
5591,0,3,56.4418124935604,30.780758741979422,0,5,1,0
5592,1,3,36.805758477843334,31.146406678382277,0,4,0,0
5593,0,2,58.95112051745691,24.526960225993708,0,7,1,0
5594,0,2,43.863881936546775,0.06529938418160663,0,2,1,0
5595,0,2,30.99931548534524,0.0,0,2,1,0
5596,0,3,71.05184880837147,40.85669025717961,0,7,1,0
5597,0,3,58.72300161464602,11.464831272564858,0,5,1,0
5598,0,2,47.36220837753894,0.0,0,4,1,0
5599,0,3,40.00176952170019,20.162116053270076,0,3,1,0
5600,0,3,76.60103352055314,42.167084306881236,1,8,0,0
5601,0,2,39.81083471567641,10.58158215079638,0,3,1,0
5602,0,2,88.52635803424143,51.80467926025318,1,4,0,1
5603,0,3,74.2880360510412,28.51191567692513,1,6,0,0
5604,1,1,62.53992604549693,56.79093101624652,1,4,0,1
5605,1,3,55.56552420174524,60.45029167284665,0,6,0,0
5606,0,3,68.8709055145773,17.178560965526916,0,4,0,0
5607,0,2,9.703485917222187,0.0,0,2,1,0
5608,0,2,42.17913984617377,28.284676822080034,0,8,0,0
5609,1,3,52.3685239648945,60.74605476195022,0,7,0,0
5610,0,2,61.18307132672697,41.26480337338836,0,7,1,0
5611,0,3,37.75603804400614,1.8281863222332881,0,5,0,0
5612,0,1,42.25069717315184,22.45905781668111,0,5,1,0
5613,0,2,47.09303048110928,8.854144776274286,0,4,0,0
5614,0,2,54.335843846454,20.674903889317402,0,5,1,0
5615,0,1,62.795334880579034,38.9102107837475,0,5,1,0
5616,0,2,35.168057596238434,0.0,0,5,1,0
5617,0,2,65.20952946263814,37.51047972719621,1,2,0,0
5618,0,3,64.5101818959361,39.370090249807134,0,6,1,0
5619,0,1,53.41814815151845,47.6483233225987,0,7,1,0
5620,0,3,34.25701177827476,16.760319511699333,0,4,0,0
5621,0,2,64.59568333300695,37.66796911569245,1,6,1,0
5622,1,3,56.51718248387162,41.416363395334855,0,2,1,0
5623,1,3,33.43866448269484,62.008165278521076,0,7,0,0
5624,0,3,0.0,30.25602534283427,0,4,0,0
5625,0,3,46.598149045943025,6.7189842638857975,0,5,1,0
5626,0,2,20.359236105259548,11.991651341682882,0,7,1,0
5627,1,2,43.73891460158908,28.880731866492713,0,2,0,0
5628,0,2,52.767270643766324,31.36544254723784,0,4,1,0
5629,0,3,60.44201584461158,46.82701493364236,0,9,1,0
5630,0,3,42.06587988292516,11.929706442248065,0,4,0,0
5631,0,1,74.31742800199609,42.97511185625327,1,4,1,0
5632,1,2,34.4206085625095,24.453802205856327,0,3,0,0
5633,0,3,15.220737325798035,0.0,0,6,1,0
5634,0,3,78.08496205286045,42.40514639173838,1,12,1,0
5635,0,2,63.02265212480336,12.800267299996055,0,3,0,0
5636,0,3,51.65271127237972,24.520485650563547,0,2,1,0
5637,0,3,13.388625814160916,0.0,0,4,0,0
5638,0,2,53.70658641792036,26.903274522804406,0,2,1,0
5639,0,2,69.1371450875713,9.327649350776761,0,4,1,0
5640,0,2,43.77835313928328,21.867885884393555,0,5,1,0
5641,0,3,47.604619485732236,14.20392870301327,0,3,1,0
5642,0,1,34.05760614465744,8.985466848805439,0,3,1,0
5643,0,2,58.7617766245789,44.98333043725539,0,9,1,0
5644,1,2,1.9002210149638046,54.32310991976615,0,6,0,0
5645,1,3,41.62708399789481,24.148795093069502,0,2,0,0
5646,0,2,40.08519605058661,0.0,0,2,0,0
5647,0,2,44.959880660426386,3.3637734597248103,0,4,0,0
5648,0,3,54.466345646664536,47.30461767442089,1,6,1,0
5649,0,2,20.82012605116629,15.686711380429644,0,8,1,0
5650,1,3,40.87681073127541,26.02240712951892,0,2,0,0
5651,0,3,53.543123706175585,36.096662840831144,0,5,1,0
5652,1,2,35.17332699455023,51.25232739178563,0,3,0,0
5653,0,3,38.32000895097845,29.700014268005283,0,8,0,0
5654,1,3,40.09515948150231,36.22869336874108,0,6,0,0
5655,0,3,62.50605829775276,32.59148553051184,0,2,1,0
5656,0,3,39.62081263100669,8.247660060824495,0,8,1,0
5657,0,2,61.408372984956465,20.84136999159399,0,6,1,0
5658,0,1,68.12474194056259,30.512133596006265,1,7,1,0
5659,0,3,69.09007915057731,42.43931145809111,0,5,1,0
5660,0,3,52.119649461418554,27.684293242857134,0,4,1,0
5661,0,2,67.15269453510342,40.96292038746854,1,6,1,0
5662,1,2,57.31214807554284,37.364145355589365,0,2,0,0
5663,0,1,76.49814146974552,41.2038116431278,1,4,1,0
5664,0,2,35.085115332289725,18.229738514820564,0,3,1,0
5665,0,3,57.15107359846241,35.33707994586701,0,6,1,0
5666,0,2,26.600771488614726,20.966315556466103,0,6,1,0
5667,0,2,59.69777491701399,37.808213327933714,0,5,1,0
5668,0,3,23.745862917157684,0.788777966577312,0,6,1,0
5669,0,2,65.91424075592964,31.251819434697936,1,3,0,1
5670,0,2,41.688131630345254,1.2955082552875734,0,7,1,0
5671,0,1,52.84059498582651,23.73777883394233,0,3,0,0
5672,0,3,40.843457025116614,29.852431050502044,0,8,1,0
5673,1,3,30.47497598488788,54.097146605540495,0,8,1,0
5674,0,2,34.744176948236074,0.0,0,5,0,0
5675,0,2,23.32870954534102,0.0,0,9,0,0
5676,0,3,38.46001479963788,13.516457965447,0,2,0,0
5677,0,3,43.925598624173524,6.230717949309218,0,4,1,0
5678,0,2,40.820939289265134,41.37986833902239,0,9,0,0
5679,0,2,37.03597276687745,26.17620493193845,0,6,0,0
5680,0,3,36.09000348565138,15.054262272054842,0,4,1,0
5681,0,3,100.0,41.14035052378932,0,9,0,1
5682,1,3,57.00637988501515,66.32829635775445,0,6,0,0
5683,0,3,40.311854087782834,9.32393610142885,0,8,0,0
5684,0,2,48.995878853232846,23.819887477005643,0,8,1,0
5685,1,2,66.47039000210559,52.43571408888075,1,6,0,0
5686,0,3,70.656963872198,50.53586739445445,1,6,1,1
5687,0,3,56.74418658456367,36.47962856895127,0,5,1,0
5688,0,3,54.420959687394685,46.28379678449099,0,5,1,0
5689,1,2,44.146434033521246,54.69649348046401,0,1,0,0
5690,0,3,52.153972061467826,3.546412909977329,0,1,1,0
5691,0,2,27.283753577849797,5.459552048433978,0,1,1,0
5692,0,3,35.26641799875453,0.0,0,3,0,0
5693,1,3,58.93712264932442,60.91360537918678,0,4,0,0
5694,1,3,39.86387722466182,58.21953442343596,0,7,0,0
5695,0,3,62.846230873880344,40.5020141619755,0,6,1,0
5696,0,3,31.02448856906902,5.321948143809033,0,3,1,0
5697,0,2,49.280589281262,12.125907320064181,0,6,1,0
5698,0,1,72.49850269818577,26.04229189930402,1,4,1,0
5699,0,2,48.39486518243415,31.421273638797548,0,7,1,0
5700,1,3,40.23342076255179,46.477299804097285,0,10,0,0
5701,0,2,73.77538659333426,26.54014203509409,1,6,1,0
5702,0,3,64.46259684780993,27.966003972342364,0,0,1,0
5703,1,1,100.0,62.23086217982075,1,3,0,1
5704,1,3,37.06217251684448,50.280948193842605,0,4,0,0
5705,0,3,31.33993551948861,0.0,0,2,0,0
5706,1,3,45.714538301799486,34.151057282529635,0,5,0,0
5707,0,3,58.082698956430235,37.651996910952654,0,6,0,1
5708,0,3,34.74113687424524,17.301341555091827,0,7,1,0
5709,0,2,37.18331669426502,0.0,0,0,1,0
5710,0,2,0.0,20.28119893320605,0,12,1,0
5711,1,3,40.75538019333541,57.7701524700916,0,5,0,1
5712,0,2,56.84950108037931,10.219761839567077,0,2,1,0
5713,1,2,29.985087932722763,16.21957780751047,0,3,0,0
5714,0,3,53.27145869442941,14.93129042708247,0,7,1,0
5715,0,3,79.7206287491117,59.42164477983243,1,5,0,0
5716,0,2,30.20844516863369,0.0,0,4,1,0
5717,1,3,25.260457288478676,40.46833326978605,0,2,0,0
5718,1,2,18.57734563318043,24.922184875051443,0,10,0,0
5719,0,2,36.428746121429135,0.0,0,2,1,0
5720,0,3,45.19455963900364,1.2928277756051891,0,2,1,0
5721,0,3,56.94529845754468,16.27303651294999,0,6,1,0
5722,0,3,62.33530114854741,44.33330725928385,0,7,1,0
5723,0,3,32.72692595621745,11.386778498825741,0,3,1,0
5724,1,3,69.07466733797142,49.75738836764517,0,5,0,0
5725,1,1,37.259171283774855,59.09572491273244,0,9,0,0
5726,0,2,43.47403873294454,0.0,0,2,1,0
5727,0,3,31.13708070051316,10.160679069401244,0,7,0,0
5728,0,3,41.328097502328035,17.346203685788034,0,5,1,0
5729,0,3,49.14521585011003,10.198000116144755,0,5,1,0
5730,0,3,36.74355144422732,0.0,0,3,0,0
5731,0,3,66.02032348825506,18.248632843204515,0,3,0,0
5732,1,2,70.81753589989651,68.03382917861416,0,6,0,0
5733,1,3,71.79608871093389,75.820798385363,1,3,0,1
5734,0,3,66.05986782503314,19.142255682716865,1,2,1,0
5735,0,2,51.04601277473939,7.070891765694482,0,5,0,0
5736,1,3,36.968830308395205,41.53103685836591,0,1,0,0
5737,0,3,68.40520697411074,44.808047095346986,0,5,1,0
5738,1,3,31.170928505542413,43.169588075654005,0,4,0,0
5739,0,2,52.98031819637745,5.516630957769034,0,3,1,0
5740,1,2,48.683604974720495,61.52704150703362,0,8,0,1
5741,1,3,95.08618797488761,95.03279435476662,1,8,1,1
5742,0,3,35.59004688305199,21.97922227953754,0,4,1,0
5743,1,3,61.30294575651495,39.92722230129546,0,3,0,0
5744,0,3,13.893763568336235,10.128092259794295,0,4,0,0
5745,0,2,40.403200549563515,29.857417023981718,0,7,1,0
5746,1,3,79.22274811288246,51.34329243414799,0,2,0,0
5747,1,3,55.58954549999898,36.160510476803005,0,1,0,0
5748,0,2,64.78422698454962,6.042895898375495,0,2,0,0
5749,0,2,100.0,9.89430739134242,0,1,0,0
5750,0,3,31.905008795423697,36.19870824363301,0,9,1,0
5751,0,3,66.88142687604903,19.695686819716094,0,3,1,0
5752,1,3,40.335751297517426,34.179259342933285,0,5,0,0
5753,1,3,78.9939592231606,58.81682190993996,1,3,0,1
5754,0,2,61.275284922666884,23.976483234573788,0,8,1,0
5755,1,3,38.2758427227369,26.75037872734914,0,4,0,0
5756,1,3,43.68959462734844,56.957716703640465,0,5,0,0
5757,0,3,73.38910563222422,22.88977019670134,0,7,1,0
5758,1,3,35.82130592340161,34.51391353247763,0,6,0,0
5759,0,3,28.75244495722858,15.80056624124418,0,7,1,0
5760,0,3,38.35713489626855,18.005586021236486,0,3,0,0
5761,1,3,51.12668479833222,35.76955483609446,0,4,0,0
5762,1,2,32.35390069275186,53.25391244142034,0,7,0,0
5763,0,2,100.0,5.690493390950271,0,3,1,0
5764,0,3,25.949574125172408,0.0,0,4,1,0
5765,0,3,32.132503489594114,0.0,0,6,1,0
5766,1,2,47.65042900439081,44.39224348166442,0,10,0,0
5767,0,2,17.906428222267,0.0,0,5,0,0
5768,0,3,32.768165424200184,16.161654191671715,0,4,1,0
5769,0,2,52.05802524373324,36.75270342315155,0,7,1,0
5770,0,2,55.18995393262862,32.24125782804438,0,5,1,0
5771,0,3,48.87821845359681,29.003886184571183,0,7,1,0
5772,0,2,60.004189667258224,22.274039015318753,1,7,1,0
5773,1,2,73.13445017965387,35.97504389143129,0,3,1,0
5774,0,3,74.85989005759997,20.328800362067895,1,1,1,0
5775,1,1,57.78707149943354,47.66752897292163,0,7,0,0
5776,0,2,48.253814897894486,11.044809683431911,0,6,1,0
5777,0,1,57.48582585397834,27.166494553157733,1,3,1,0
5778,1,3,100.0,37.76750217839272,0,4,0,0
5779,0,3,59.5779959388732,32.409832099336896,0,4,1,0
5780,1,1,88.33641950371427,64.51087510755325,0,4,0,1
5781,0,3,43.67052179184519,6.3670103863846785,0,6,0,0
5782,0,3,26.880703844962195,0.0,0,5,1,0
5783,1,3,48.563692056188046,65.7194351889432,0,7,0,0
5784,1,2,49.4921886270607,60.33987357286342,0,5,0,0
5785,1,3,58.04502373005761,41.14358731228866,0,3,1,0
5786,0,2,56.21462414573184,9.985223920008773,0,4,1,0
5787,0,3,69.11357707116696,20.31403639414436,0,4,1,0
5788,0,3,65.66172482170586,50.97965532250598,0,9,1,0
5789,1,2,55.35892605146183,62.125859473883736,0,4,0,1
5790,0,3,33.59102844814689,0.0,0,7,0,0
5791,0,3,29.193050122631277,0.0,0,7,1,0
5792,0,2,74.21131531075653,29.929415942632087,1,5,1,0
5793,1,2,41.916595783240695,54.1247235238856,0,4,0,0
5794,0,2,26.326020471817483,8.096599012569245,0,1,1,0
5795,0,3,56.53438149674771,28.91749437891952,0,4,0,0
5796,1,3,44.50879573951287,32.75717543609392,0,1,0,0
5797,0,3,69.34206646850929,37.780287649954886,0,12,0,0
5798,0,3,57.8585641229378,31.44734624118264,0,1,0,0
5799,0,2,33.50185923057086,18.106324357970674,0,5,0,0
5800,0,3,64.00488863337715,22.09296907989654,0,6,0,0
5801,0,2,20.77627998415836,24.954455578834878,0,7,0,0
5802,0,3,28.182023856287287,1.8375113482214278,0,1,0,0
5803,0,3,64.15049755346962,50.166882515734116,0,5,0,0
5804,0,3,64.03257058010236,20.41996843971303,0,3,1,0
5805,0,3,50.80376825544603,36.72964226294401,0,5,0,0
5806,0,1,32.737817814497866,0.0,0,6,1,0
5807,1,1,70.51183771229624,53.06420385261428,1,4,0,1
5808,0,2,25.612913017632394,0.0,0,3,1,0
5809,0,2,63.39505345668175,14.15962458317716,0,3,0,0
5810,0,3,20.984051546883055,9.163809825630056,0,5,0,0
5811,1,3,36.17493208264064,44.53313769140247,0,2,0,0
5812,0,3,66.42903262013678,36.34600800836507,0,3,1,0
5813,0,3,50.79188034744862,32.65776290525366,0,3,1,0
5814,1,2,47.55295847261934,55.22283810629231,0,3,0,0
5815,0,2,41.661022414106974,2.13107717112139,0,3,1,0
5816,0,2,60.81215671176318,18.9637858423288,0,7,1,0
5817,0,2,0.0,0.0,0,5,1,0
5818,0,2,72.69483992154359,28.9684502171539,1,5,1,0
5819,0,2,34.76108524647298,21.016355890618772,0,5,1,0
5820,1,3,31.10866171854351,25.016236785410563,0,6,0,0
5821,1,2,41.4731571534548,39.93399840705313,0,7,0,0
5822,1,2,64.63784398758726,63.28238875921083,0,5,0,1
5823,0,2,33.459750251283936,27.953290131187387,0,8,1,0
5824,1,3,42.5677571198603,35.86525226999309,0,6,1,1
5825,1,3,58.39136380240623,51.78562470568859,0,3,0,0
5826,1,3,58.535060774410454,50.10203436038657,0,5,0,0
5827,0,3,72.5777069001876,26.15408110975709,1,4,1,0
5828,0,3,58.73460789068493,19.714261489530152,0,4,1,0
5829,0,3,65.05062153497094,52.868095435405145,0,10,0,0
5830,0,3,39.53873344930315,25.537394543610926,0,3,1,0
5831,0,2,70.55674318173908,26.057729084850347,1,4,1,0
5832,0,3,24.795361196869468,18.703990539336345,0,6,0,0
5833,0,2,38.56537811000174,6.762577946564707,0,7,1,0
5834,0,2,100.0,37.45019168680145,0,9,1,0
5835,0,3,46.00337557358403,37.380494393449716,0,8,1,0
5836,1,2,44.23055112924472,37.66323700229329,0,5,0,0
5837,1,3,46.44671662298265,79.62238937726681,0,13,0,1
5838,0,3,62.2400870349576,31.134715191912377,0,6,0,0
5839,1,3,57.39337013847628,52.56182530418334,0,4,0,0
5840,1,1,47.42320155187793,33.05416927689392,0,1,0,0
5841,0,2,60.63351616226453,22.73501442419635,0,9,1,0
5842,0,3,40.060905172172056,0.0,0,2,1,0
5843,0,3,51.296892005806725,7.2156133120023895,0,6,1,0
5844,0,3,49.193941472555046,14.648046857185438,0,2,1,0
5845,1,3,50.77618725965027,34.65225798437993,0,3,0,0
5846,0,2,50.07775567423318,29.046892456646134,0,5,0,0
5847,0,2,44.12325591414561,2.5191827712452706,0,5,1,0
5848,0,2,38.80005972552688,9.817965558514654,0,5,1,0
5849,1,2,56.762930733637866,40.210070575087386,0,2,0,0
5850,0,2,64.52850548858763,12.315707070215986,0,6,1,0
5851,0,3,38.41184200297002,0.0,0,2,1,0
5852,0,3,11.918436874257655,0.0,0,4,1,0
5853,0,3,57.84552671472548,16.44521733068045,0,0,1,0
5854,1,2,33.53692737654789,35.72346816141917,0,9,0,0
5855,0,3,38.75348359018734,7.527719290431518,0,6,1,0
5856,1,3,68.54893064778585,35.37052698288444,0,6,0,0
5857,0,3,96.1915064824556,27.938639648678322,0,3,1,0
5858,1,3,70.31901722060522,71.22980184483924,0,6,1,1
5859,1,3,17.334857950633886,25.847172016623354,0,1,0,0
5860,1,1,50.79707237300843,30.921422902090313,0,1,0,0
5861,0,3,50.03892386031536,37.597313228359155,0,9,1,0
5862,0,2,55.90398312991701,4.93170904034789,0,3,1,0
5863,1,2,48.89633076844038,42.007257313247905,0,4,0,0
5864,0,2,29.61712491047372,0.0,0,6,1,0
5865,0,3,54.25241380927098,42.828242021332564,0,9,1,0
5866,0,3,64.93857402762775,0.0,0,2,1,0
5867,0,3,40.070896568295865,29.650337714613997,0,7,0,0
5868,0,3,76.03429201568233,47.71062586880584,0,6,1,0
5869,0,3,74.620872557203,22.999586060595863,0,6,0,0
5870,0,2,47.12704762881381,4.192310132594945,0,6,0,0
5871,1,2,69.00954978011198,49.84858281679818,1,6,1,0
5872,0,3,54.66681901969343,45.88757996755384,0,11,1,0
5873,1,2,34.79275562051979,50.1515677440726,0,4,0,0
5874,0,3,73.78818543371774,24.55601647444931,1,3,1,0
5875,0,2,26.536154610031897,7.068573757434995,0,4,1,0
5876,1,3,50.74940449713248,60.91301695290843,0,7,0,0
5877,0,3,62.89791779201006,36.717785247490596,0,4,1,0
5878,0,3,44.79423597748839,21.867927732185176,0,3,0,0
5879,0,2,41.89634423713725,28.4203966702449,0,7,0,0
5880,1,2,59.818620138443094,66.36968402186339,1,5,0,1
5881,0,3,57.67263879718387,9.99788740183334,0,5,0,0
5882,0,2,52.16197530482409,9.178874964660835,0,5,1,0
5883,0,3,34.8016195035224,28.538475210687327,0,5,0,0
5884,0,3,31.416233413400857,14.89248481650944,0,4,1,0
5885,1,1,51.24024877227862,69.81936901575371,0,8,0,1
5886,0,3,62.93806036076441,25.546588053344593,0,8,0,0
5887,1,3,26.86028766754304,48.42967191641461,0,9,0,0
5888,1,3,44.01637064124879,41.332063207908426,0,6,0,0
5889,0,3,45.18081494602678,22.839089524799082,0,4,1,0
5890,0,2,60.58636408185185,17.79591808186786,0,8,1,0
5891,0,3,48.87445754054133,12.648592118822402,0,7,1,0
5892,0,2,45.30391632019929,30.501211824711742,0,6,1,0
5893,0,3,59.38338975062315,42.358627069051124,0,7,0,1
5894,0,3,41.35597272319428,0.0,0,2,1,0
5895,0,3,52.10826847448114,27.95197387313611,0,5,1,0
5896,1,3,43.71345442009937,67.57183069327971,0,6,0,1
5897,1,2,51.505842424518505,40.1840723274666,0,4,0,0
5898,0,3,49.00883080716562,28.3310515392327,0,4,0,0
5899,1,3,47.7991174796239,58.37142257435161,0,4,0,0
5900,0,3,50.52487909054063,2.3696420883816565,0,2,1,0
5901,0,3,49.85235949181057,24.085129320148162,0,2,0,0
5902,0,1,67.70774259578798,52.39912785383725,1,6,1,0
5903,0,2,41.42841748215919,22.17380381897783,0,3,1,0
5904,0,2,26.72817603213709,0.0,0,4,1,0
5905,0,3,62.236893979807846,41.52154690880456,0,7,1,0
5906,0,2,44.35452009585632,4.333347491585064,0,3,0,0
5907,1,2,61.31618183963376,60.534342724719615,0,9,0,0
5908,1,2,29.18998894678291,34.0311204206583,0,11,0,0
5909,0,3,56.241915193355375,7.923864139657498,0,3,1,0
5910,0,3,73.71331007811274,48.612049547471784,0,4,0,0
5911,1,2,19.775353574209795,32.905953771214335,0,10,0,0
5912,1,3,45.29782182375937,62.41853853996089,0,8,0,0
5913,0,3,54.81254268238205,30.461134612538103,0,4,1,0
5914,0,2,42.03602215167325,6.961076337358241,0,5,1,0
5915,1,2,40.4936812492242,38.213056248007526,0,7,0,0
5916,1,3,60.964396569396065,39.811266916442854,0,5,0,0
5917,0,3,53.94898826423013,33.71430200750198,0,4,0,0
5918,0,3,71.05432789943812,24.868967496892374,0,1,0,0
5919,0,2,43.837299057392975,9.771612194549371,0,8,1,0
5920,1,3,11.677448231590041,30.151853675612287,0,3,0,0
5921,1,2,66.30590095896375,50.601723573506554,0,7,0,1
5922,0,3,42.95776778150044,0.0,0,2,1,0
5923,1,2,79.44075357892086,64.82430890225808,1,7,0,1
5924,0,2,39.481212902396635,4.693615649465262,0,7,1,0
5925,0,3,23.421556202148036,8.398449352187718,0,4,1,0
5926,0,3,40.48388808873887,33.73861588929513,0,3,1,0
5927,0,3,45.93048623034325,29.897856956335072,0,7,1,0
5928,1,3,49.63823610018845,56.35813241090295,0,5,0,0
5929,0,2,52.75709809349885,25.778136524272618,0,3,0,0
5930,0,3,49.75736552612399,42.731712547804165,0,7,1,0
5931,1,2,30.308711167722937,30.52485398483658,0,6,0,0
5932,1,2,53.439584949800846,43.59138943589404,0,5,0,0
5933,0,3,64.3854078535068,18.286922603181495,0,4,0,0
5934,0,3,37.53657471332486,0.0,0,7,0,0
5935,0,3,40.063139942883154,20.213468170618526,0,4,0,0
5936,1,2,40.950938179226924,66.36492917029173,0,11,0,0
5937,0,2,45.29964515851749,19.02911528394472,0,4,1,0
5938,1,1,61.17501134955047,45.020687646816256,1,6,0,1
5939,0,2,29.45526960400396,14.9819252547177,0,3,0,0
5940,0,2,50.31366275495884,20.9144159478808,0,4,1,0
5941,0,3,50.160979694837124,31.603128204304863,0,6,1,0
5942,0,3,47.46776008682878,28.523934738484762,0,4,1,0
5943,0,2,57.051706735680156,36.34284321456438,0,6,1,0
5944,0,3,59.22354813981033,44.32964426897367,0,9,1,0
5945,0,3,52.553661359336346,22.570567524030093,0,4,1,0
5946,0,3,57.76666201223934,17.751314334260176,0,6,0,0
5947,1,2,61.54312118372195,69.88381654110682,1,6,0,1
5948,0,2,40.53297501693525,15.394493733108636,0,3,1,0
5949,0,2,47.04668887851693,37.274277308471696,0,8,0,0
5950,1,2,81.41192086407169,60.751815793398485,1,6,0,1
5951,0,1,55.535080307012116,7.546693465120086,0,1,1,0
5952,0,2,48.13755498814233,24.396634176032414,0,8,0,0
5953,1,3,56.36087249679908,46.7319113064422,0,5,0,0
5954,0,3,75.89704250179116,25.127516282065482,1,5,0,0
5955,0,3,44.39142443500771,5.106886238403989,0,4,1,0
5956,1,2,48.13191155986983,42.1556520189539,0,8,0,0
5957,0,3,32.43184270903022,0.0,0,3,1,0
5958,0,3,40.06232896090136,8.981421167741528,0,8,1,0
5959,0,3,34.625001465033286,18.318728274068285,0,12,0,0
5960,0,3,35.59715004662928,17.83927550684128,0,3,0,0
5961,0,3,14.627617004297482,9.364897850014037,0,7,1,0
5962,0,3,39.51903566555309,8.173082741658433,0,2,1,0
5963,1,2,42.252871996653056,57.335025186625074,0,6,0,0
5964,0,2,0.0,53.53514584380304,1,6,1,0
5965,1,3,58.438688819048664,60.42203507831029,0,3,1,0
5966,0,3,24.959366915607845,11.031153407583512,0,4,1,0
5967,0,3,54.66444103477117,38.61067777340957,0,6,1,0
5968,0,3,47.25230217727507,5.083795515562516,0,4,0,0
5969,0,3,44.132197674342926,30.14775625519288,0,7,0,0
5970,0,3,63.665994963713096,16.903620257404928,0,3,1,0
5971,1,3,44.15927636998689,34.25055423849428,0,4,0,0
5972,0,2,63.65834629492078,8.199478381152787,1,3,1,0
5973,0,3,29.496137184704622,12.036469195049024,0,3,0,0
5974,0,3,33.00751189609538,16.734296056518197,0,3,0,0
5975,0,3,49.542905905272406,28.812146068222333,0,3,1,0
5976,0,3,27.944267779147157,2.7029890313821614,0,4,1,0
5977,0,3,60.77784938543545,35.2332002176112,0,5,1,0
5978,0,2,38.22694554270067,11.449683254672175,0,0,1,0
5979,1,3,64.62318060015829,48.18961372642177,0,7,0,0
5980,1,2,37.45047801908586,57.828067608577605,0,7,0,0
5981,1,3,32.81285209490339,21.894250314363816,0,2,1,0
5982,0,3,34.57600737759537,0.0,0,5,1,0
5983,0,2,42.36848646528639,11.791929881437902,0,8,1,0
5984,0,1,46.55416062702186,38.74274100353105,0,9,1,0
5985,0,3,71.9035084538652,16.979719568532758,0,0,0,0
5986,0,3,69.61454429608507,16.336508264356826,0,3,0,0
5987,0,3,60.25927068218392,12.739525175603791,0,3,0,0
5988,0,1,57.570616766459416,12.397256985651849,0,4,1,0
5989,0,3,36.346382789357634,21.51881603499345,0,2,1,0
5990,0,2,41.8966452016938,23.75159498789827,0,7,1,0
5991,1,3,74.39255706769015,61.9449425538776,0,7,0,0
5992,1,2,78.5152442263093,54.5497798983127,1,6,0,1
5993,0,2,50.01027264231889,11.299342361699168,0,5,1,0
5994,0,2,44.81452880188373,29.606006044596175,0,8,1,0
5995,1,3,34.51391347980153,32.799906839794644,0,5,0,0
5996,1,3,44.294409857488425,26.88216209831491,0,3,0,0
5997,1,2,43.06924271743313,51.70272570661867,0,4,1,0
5998,0,3,53.41096451921524,38.473703878649445,0,8,1,0
5999,0,3,73.52680683369753,34.595385227277816,0,9,1,0
6000,1,2,31.592992949277363,45.222441349736755,0,3,0,0
6001,0,3,29.216269232301688,18.4419693039257,0,3,1,0
6002,1,3,50.396816539301604,64.01958508464014,0,8,0,0
6003,0,3,68.40495584227887,46.84666947146785,0,9,0,0
6004,0,3,50.5312505358212,9.233083977518705,0,4,1,0
6005,0,3,61.998295160615804,12.095806182710326,0,3,1,0
6006,1,3,52.5467481232018,64.74853415915081,0,7,0,1
6007,0,3,30.348028005931,4.488747515616703,0,3,1,0
6008,0,3,54.449448460059436,10.524641890828978,0,3,1,0
6009,1,3,29.33761156748752,61.80722735277577,0,6,0,1
6010,0,3,35.554292874125906,3.3658394215815837,0,6,1,0
6011,0,3,52.77122188502612,25.256728620465783,0,2,1,0
6012,0,3,42.60056748544712,17.37399221726362,0,7,0,0
6013,0,2,82.47686677646097,28.699409382002568,1,2,1,0
6014,0,3,73.89942145621582,33.12722835940466,1,1,0,0
6015,1,3,44.52069438459983,50.088998423485535,0,3,0,0
6016,0,3,35.8004834881438,0.0,0,5,1,0
6017,0,3,38.55326820953221,0.0,0,4,1,0
6018,0,2,24.745828282737925,0.0,0,8,1,0
6019,1,3,76.68196245364294,88.7157947848624,1,9,0,1
6020,0,2,38.672086233515415,5.609305456591886,0,7,1,0
6021,1,3,56.00338238856051,67.2482236996448,0,9,0,1
6022,1,3,65.01230606144989,56.012731036542064,0,2,0,0
6023,0,3,45.4602574178812,6.9428233834791655,0,5,1,0
6024,1,3,40.984627038574665,57.90453209492664,0,7,0,0
6025,0,3,61.61273628048522,9.592982105354562,0,4,1,0
6026,0,3,46.77702427308342,16.41662868001041,0,3,1,0
6027,1,2,46.50763386061134,37.72200576126877,0,5,0,0
6028,1,3,47.50244864506656,30.72307115071338,0,4,0,0
6029,0,3,66.59219311367855,22.99841329112654,0,6,0,0
6030,0,3,49.508562208493544,18.52527493147838,0,10,1,0
6031,0,3,16.45312547324125,13.409908903723517,0,6,0,0
6032,0,2,34.93856304951389,7.5282948421482105,0,7,1,0
6033,1,3,39.649470540586755,34.20959859429724,0,0,0,0
6034,0,2,55.52683210783039,37.10675691692592,0,4,1,0
6035,0,3,55.21821846699905,12.08462936935682,0,4,1,0
6036,0,2,50.06690191565721,23.646249312661002,0,3,1,0
6037,0,2,56.579146400465554,38.77222385085817,0,7,1,0
6038,0,3,69.55326091123214,32.59339396701187,0,3,0,0
6039,0,3,47.82911525679883,15.745633585820208,0,6,1,0
6040,1,2,49.804974081924634,69.16698063118855,0,6,0,1
6041,1,3,65.9403182589674,69.25069738603945,1,3,0,0
6042,1,3,32.141360534699174,45.91116401300737,0,4,0,0
6043,0,3,72.61837626388194,49.683239920832044,0,2,1,0
6044,0,2,34.496743129505965,0.0,0,3,1,0
6045,0,3,71.00990289446223,39.85572281217975,0,3,0,0
6046,0,2,61.898755456978314,36.83331558676568,1,5,1,0
6047,1,2,20.74394251524921,17.746174126486984,0,5,0,0
6048,0,3,64.4480477799006,35.44110216430473,0,8,1,0
6049,0,2,39.79404202034801,39.97802548417257,0,11,1,0
6050,0,2,69.33231587664929,43.801024086026516,1,4,1,0
6051,0,3,8.299515041045199,6.729147461848899,0,7,0,0
6052,0,3,51.50773029424918,8.381451930560992,0,3,1,0
6053,1,1,34.9171099804494,30.890175876624234,0,5,0,0
6054,0,3,45.24770412951961,6.385273475165604,0,5,1,0
6055,0,3,21.49640374220777,13.884564544874479,0,4,0,0
6056,0,3,70.93385377995276,31.97159604561339,0,6,0,0
6057,1,2,26.350343177079438,44.441869350064586,0,2,0,0
6058,0,2,10.704370787317039,18.785001875995725,0,9,0,0
6059,1,3,60.2193752500095,68.27568507396143,0,4,0,0
6060,0,3,48.94264878629523,33.6332904670429,0,7,1,0
6061,1,3,78.00556852600184,78.5383968543721,0,5,0,0
6062,0,3,22.38779324812709,0.0,0,7,1,0
6063,1,2,38.01509533693153,51.68118075566221,0,3,0,0
6064,0,2,45.39778860598624,9.285751501703883,0,6,1,0
6065,0,1,53.00024242309415,37.06743919871499,0,8,0,0
6066,1,3,26.728427746135857,17.292375491610947,0,3,0,0
6067,0,3,57.87586834449372,37.92225042827241,0,7,1,0
6068,1,3,38.19347976797635,29.30207691052188,0,3,0,0
6069,0,3,71.91977782151832,23.256235279566127,0,3,1,0
6070,1,3,64.48767255421697,50.076076887743355,0,6,0,1
6071,0,3,32.270154991862825,11.665119671545778,0,3,0,0
6072,1,1,50.07509715671854,42.6227239015916,0,2,0,0
6073,0,3,55.688087425730444,41.34923357018367,0,6,1,0
6074,0,2,56.0404435190699,50.50783537918339,0,9,0,0
6075,1,3,38.1301223212263,37.26057014109949,0,7,0,0
6076,0,3,47.506268916853244,25.94114559186763,0,5,1,0
6077,0,1,58.24992264091213,40.95880795684178,1,6,0,0
6078,0,3,56.098760993712574,13.043715574911793,0,6,1,0
6079,1,3,37.911601092312054,57.91881192330098,0,5,0,0
6080,0,3,39.955987097241284,0.0,0,4,0,0
6081,0,2,49.73488300825334,17.67030059168266,0,7,1,0
6082,0,2,57.66752838827483,31.997884385710154,0,3,1,0
6083,0,2,41.61510882277221,13.408169761995984,0,9,1,0
6084,1,3,34.1460712809874,45.08961085315414,0,4,0,0
6085,1,3,43.46374900475546,53.91623537726657,0,4,0,0
6086,1,3,33.37681834410509,35.542161816730534,0,7,0,0
6087,1,1,53.09355797574266,43.30388812129699,0,9,0,0
6088,1,3,39.359074772297646,26.24954686723942,0,3,1,0
6089,0,1,46.088798763797556,12.69625904420267,0,3,1,0
6090,0,3,38.46448078129073,3.8209653151923524,0,5,1,0
6091,0,2,44.831335605201744,5.437428651847952,0,5,1,0
6092,1,2,67.40425438852289,50.52913005905801,1,4,0,0
6093,0,3,34.55309104505355,0.0,0,4,1,0
6094,0,2,74.02029295744195,36.86418607300885,1,3,1,0
6095,0,3,61.26853085909042,23.279380150535133,0,9,1,0
6096,1,3,28.984759941081144,27.0790893592045,0,6,0,0
6097,1,2,42.91400499191733,62.080587999267706,1,7,0,0
6098,0,2,19.106243090896584,0.0,0,11,1,0
6099,0,2,70.32936078241006,46.831523430203525,1,7,1,0
6100,0,3,50.28809868021448,30.804775378934288,0,6,1,0
6101,0,1,38.226456962299075,26.657754828086656,0,6,1,0
6102,1,2,42.44308765196439,57.84533548048929,0,4,0,0
6103,1,2,34.91111701469133,28.877625505587268,0,5,0,0
6104,0,3,64.45796387394589,32.17265164117146,0,6,0,0
6105,0,3,49.49008574686759,32.413874765220406,0,6,1,0
6106,0,2,43.195565457631176,23.014353861447454,0,6,1,0
6107,0,3,44.49598857858875,21.554402785463385,0,5,1,0
6108,0,3,69.07173353247983,42.858159960531665,0,5,1,0
6109,0,2,39.81709932642024,0.0,0,3,0,0
6110,1,2,53.734267310316184,57.260432102546496,0,3,0,0
6111,0,3,46.87755336099137,20.40489384815397,0,5,1,0
6112,1,2,54.79956320081224,44.14687245772698,0,5,0,0
6113,1,3,82.1871940482806,66.13638884500263,1,5,0,0
6114,0,2,48.560920173255916,33.04933284089903,0,3,1,0
6115,0,2,88.64936407923624,30.88461514642641,1,3,0,1
6116,0,1,11.504420202570417,0.0,0,4,1,0
6117,0,2,27.05554117386501,17.93253183172335,0,5,0,0
6118,1,2,59.632672972783865,39.61848615177355,0,5,0,0
6119,0,3,65.47640608625696,24.59682026788432,0,7,1,0
6120,0,2,49.44383987514131,23.497833305056464,0,3,1,0
6121,1,3,36.050156785488035,31.48768377377905,0,4,0,0
6122,1,3,52.76388404451524,32.21677315063787,0,5,0,0
6123,0,2,57.03680588324353,36.93077188735284,0,7,1,0
6124,0,3,44.23122229172277,8.202482406725178,0,7,1,0
6125,0,2,28.44660794995887,0.0,0,1,1,0
6126,1,2,43.83990603794379,57.57318659964275,0,2,0,0
6127,0,2,100.0,33.735769806569955,1,7,0,1
6128,1,3,51.94549546123682,60.11839914429347,0,4,0,0
6129,0,3,45.01370615823238,25.49943647947865,0,5,0,0
6130,0,3,50.46057511499836,9.785310685137388,0,6,1,0
6131,0,3,72.74016468860971,39.650223216433446,1,4,1,0
6132,1,3,67.26910072419369,75.25577899702614,1,4,0,1
6133,1,2,25.893026615592525,27.94646450639998,0,4,0,0
6134,1,2,65.36546438108259,64.6677649689729,1,4,1,0
6135,0,3,74.46924708335497,54.6045592675346,0,4,0,1
6136,0,2,73.9608175307822,23.706598610754213,1,3,0,0
6137,1,2,47.31702259553695,61.84362642530054,0,6,0,0
6138,1,2,42.66205284252598,38.79002271306176,0,6,0,0
6139,0,3,61.93631302852538,6.848072871959498,0,3,1,0
6140,0,2,42.03690046626336,4.654110096284395,0,4,1,0
6141,1,3,55.87632185688731,48.07681224089775,0,7,0,0
6142,0,3,76.99470496245821,36.54461739822077,1,10,1,0
6143,0,3,47.91792893768625,28.060183089065223,0,3,0,0
6144,0,3,45.08876996582921,15.276795295895184,0,10,0,0
6145,0,3,43.66973825817515,16.80870501931637,0,3,1,0
6146,0,3,58.498287973451774,36.6701063592862,0,5,0,0
6147,0,3,78.73402587357756,21.223505333437107,1,3,1,0
6148,0,3,45.23438990120046,0.3852251268037036,0,4,1,0
6149,0,1,58.61752199700935,30.99398586971378,0,4,1,0
6150,1,2,63.361133695070336,49.249227316068655,0,6,1,0
6151,0,3,25.999495671299414,17.60588593756332,0,6,0,0
6152,0,2,38.91815458313817,21.07050879366794,0,6,1,0
6153,0,2,73.10312396117895,28.32442092403154,1,7,1,0
6154,1,2,52.95461674328663,64.20986571432337,0,7,1,0
6155,1,1,64.36305971809035,81.42854564772375,1,10,0,1
6156,0,3,67.56977419312315,39.456895186378304,0,4,0,0
6157,1,2,32.70281160356549,43.46869629124682,0,2,1,0
6158,0,3,41.72422999430167,24.5148037888216,0,5,1,0
6159,0,3,86.7317748198294,28.359669453778753,1,2,1,0
6160,1,3,23.60949031894704,25.37333588772607,0,6,0,1
6161,0,2,36.2941001102245,18.828558026396536,0,3,0,0
6162,0,3,41.56786508425393,3.193621600687025,0,4,0,0
6163,0,3,34.90045930821891,0.0,0,3,1,0
6164,1,3,67.14721027010256,49.04736950283389,0,5,0,0
6165,0,3,51.179609548108374,30.116468219122613,0,8,0,0
6166,0,3,59.9484632694378,16.851310924046462,0,6,1,0
6167,0,2,52.93713683973288,39.285395295750135,0,9,1,0
6168,1,3,48.05930133579541,39.20102578872487,0,4,0,0
6169,1,2,23.415752578937084,25.949431390572943,0,7,1,0
6170,0,3,41.39641336963676,4.78929404345799,0,4,1,0
6171,0,3,62.91464151808329,22.72009688039912,0,7,1,0
6172,1,3,59.25185503464921,76.992245541691,0,9,0,1
6173,1,1,48.417785247410706,55.8989032030393,0,6,0,0
6174,0,3,30.40890362413376,20.798292418312798,0,5,1,0
6175,0,3,62.245890506891314,18.90397915883979,0,5,1,0
6176,1,3,33.860463807625486,39.505227336962704,0,11,0,1
6177,0,2,49.17341436596854,34.63948624533842,0,7,0,0
6178,0,2,68.04289132614068,41.60916971505899,1,5,1,0
6179,0,3,61.673283039746174,45.514112552974744,0,6,1,0
6180,0,1,45.265992251049106,34.67710778948013,0,8,1,0
6181,0,3,71.45793084859991,42.94890095168265,0,6,1,0
6182,0,3,55.16146480479798,23.2146485208317,0,1,1,0
6183,0,3,29.921473759698817,13.333204134308152,0,9,1,0
6184,1,3,73.66844737018008,61.10345340811143,0,4,0,1
6185,0,3,35.490260580250045,17.07120106400958,0,3,1,0
6186,1,2,56.106302100426596,45.600387801557254,0,6,0,0
6187,0,2,45.829179443035144,7.214615759611959,0,6,1,0
6188,1,3,47.66430305170055,63.228149327401695,0,7,0,0
6189,0,3,56.632220338729454,6.49843195937297,0,5,1,0
6190,0,2,31.266541468627857,0.0,0,2,1,0
6191,0,3,100.0,60.49405933569712,1,3,1,1
6192,0,2,55.12520497603251,40.73238110093721,0,6,1,0
6193,1,3,49.198424519569116,57.67510577536847,0,6,0,0
6194,1,2,22.57226172916923,41.18768002646449,0,4,0,0
6195,0,2,49.44309055228766,24.110408094362725,0,3,0,0
6196,1,3,37.23150933673188,42.33310609350745,0,8,0,0
6197,1,3,41.688899513619134,29.32144811170315,0,6,1,0
6198,1,3,44.90302478060891,47.61040616348241,0,9,0,0
6199,0,2,54.265031069396116,19.90989831955046,0,8,1,0
6200,0,2,43.30574045894902,22.15700653185391,0,5,0,0
6201,0,3,74.41758642183355,30.013364081253734,0,6,0,0
6202,0,3,52.96809909564606,28.06772185338595,0,9,1,0
6203,0,2,67.15236307063876,22.13091633427383,1,5,0,0
6204,0,2,27.55283973718245,10.586716444044052,0,4,1,0
6205,0,2,46.10382475682683,24.03793349508441,0,2,1,0
6206,0,2,40.563020286347566,3.367035085831523,0,4,0,0
6207,0,2,50.0877482444928,14.883945872582936,0,2,1,0
6208,0,3,34.47022414032244,32.06569306207175,0,9,1,0
6209,0,2,21.625260745209268,7.514351550762434,0,2,1,0
6210,1,2,32.00298790060448,28.055405969958088,0,4,0,0
6211,1,3,31.98877049466467,46.288997029977935,0,6,0,0
6212,0,2,45.81942135850922,8.855848949112042,0,5,1,0
6213,0,3,40.43275821158244,22.493123406435437,0,4,1,0
6214,1,2,80.79864510180583,59.82979538282195,1,4,0,1
6215,0,3,39.46380612157169,30.4399901330006,0,10,1,0
6216,0,3,36.535834934041276,2.778770350879433,0,6,1,0
6217,0,3,58.13101671491949,37.66010506945669,0,6,1,0
6218,1,3,45.83348003077017,39.87151041814484,0,5,0,0
6219,0,2,50.13568653604453,4.1779397469925135,0,2,1,0
6220,1,2,23.50853801005713,41.236773098662894,0,4,0,0
6221,0,3,59.741587436831956,10.95589646649366,0,4,1,0
6222,0,1,30.913083227729313,1.234100460102046,0,6,0,0
6223,1,3,63.18657153366276,44.73979138608395,0,3,0,0
6224,1,2,80.86392613068878,67.4846788017838,1,6,0,1
6225,1,3,41.31097307649662,34.514941655340614,0,6,0,0
6226,0,2,33.868351159866336,27.60328721396065,0,10,0,0
6227,0,2,61.481588153878945,17.94599683213161,0,5,0,0
6228,0,3,47.947626117163644,25.814175261589842,0,3,1,0
6229,1,3,15.805436416511656,29.767812840199923,0,10,0,0
6230,0,3,16.581758529977716,7.541651462267282,0,6,0,0
6231,0,2,61.84479106461925,39.83280766120879,1,6,1,0
6232,1,2,43.39939760068963,56.17317545402166,0,9,0,0
6233,0,3,14.471928227893713,0.0892132050241079,0,3,1,0
6234,0,3,42.065708162011816,6.45568200498277,0,7,0,0
6235,0,3,28.000467853890726,23.44691702272873,0,9,1,0
6236,0,2,73.19333264917995,54.62609938287486,1,10,1,1
6237,0,3,47.62764094235358,3.5248921795173214,0,4,0,0
6238,0,3,40.62228948017109,33.16930812250976,0,9,0,0
6239,0,3,61.80434227210571,15.203568934583744,0,2,1,0
6240,0,2,49.980086549923726,26.173472945679904,0,4,1,0
6241,1,3,58.886657136427765,54.49814908261682,0,10,0,0
6242,0,3,73.78516761457885,44.87529419274278,0,7,1,0
6243,0,2,93.43933039188705,35.180254313148666,1,1,1,1
6244,1,3,32.974095614226925,49.0408232122338,0,6,1,0
6245,0,2,24.665869948765973,0.0,0,6,1,0
6246,0,3,39.97568481340231,8.46559078045119,0,6,1,0
6247,1,3,58.140631504603824,62.65133401116267,0,4,0,0
6248,0,2,40.552782855903466,20.143780521901014,0,3,1,0
6249,0,3,42.6160830469453,25.429676014329196,0,4,1,0
6250,0,3,53.02832026923925,34.174077026468986,0,6,0,0
6251,1,3,45.74575323582076,57.3111627464463,0,6,0,0
6252,0,3,32.037901900441256,17.15227873640686,0,4,1,0
6253,0,3,30.659720830788263,8.585322709485201,0,8,1,0
6254,1,2,32.436905397949374,53.39565150671759,0,7,0,0
6255,0,3,47.33201504102692,20.617011735130617,0,3,1,0
6256,0,3,27.98511747138209,11.24995265965445,0,5,1,0
6257,1,2,100.0,41.21025776976616,0,7,0,0
6258,1,3,42.423071797538235,36.14467098593346,0,3,0,0
6259,0,3,48.109434525724325,34.24340591229693,0,6,1,0
6260,0,2,58.70571281996731,18.5222060581277,0,6,1,0
6261,1,3,0.0,7.216406078440379,0,4,0,0
6262,0,3,76.99466708879004,45.70052603479393,0,5,1,0
6263,0,2,56.027786815237846,40.712839265619294,0,8,1,0
6264,0,3,49.92513268207806,25.90614488174849,0,2,1,0
6265,0,3,53.67973578581739,31.786318063134317,0,3,1,0
6266,0,3,12.068830311263593,26.712373296089677,0,6,1,0
6267,0,3,76.56558062443213,30.4572853227911,1,7,0,0
6268,0,2,49.39242087374248,36.18454018498467,0,4,1,0
6269,1,2,62.267584284565736,68.93981264408802,1,6,0,1
6270,0,3,63.41389743067055,34.47370837902542,0,4,1,0
6271,1,3,27.61006491956897,21.471490772890647,0,3,0,0
6272,0,3,29.282700074556818,0.0,0,1,1,0
6273,0,2,53.99910926027107,6.657508809589453,0,2,1,0
6274,0,2,51.83426790404107,4.356023916648818,0,2,1,0
6275,1,3,51.37849089204957,49.66625573848738,0,5,0,1
6276,0,2,62.80968055079893,18.489503639170465,1,4,1,0
6277,0,2,56.05593916662643,41.70499473130252,0,9,0,0
6278,0,1,82.53054460945283,28.1720346046854,1,6,1,0
6279,0,2,61.68202560934858,28.687303838999842,0,2,1,0
6280,0,2,49.55925815516544,28.355240019048136,0,5,1,0
6281,0,3,39.56663544759095,14.814303789694767,0,4,1,0
6282,0,3,78.72982722843803,44.8378365155905,1,4,1,0
6283,1,3,18.563839107797346,36.46047199906342,0,6,0,0
6284,1,3,42.484218926077006,30.195407724271178,0,1,0,0
6285,0,3,48.102106818977106,22.181345618369534,0,5,1,0
6286,1,3,31.724241116031134,22.41459508950876,0,4,0,0
6287,0,1,71.33234229643796,12.441154421101281,1,2,1,0
6288,1,2,74.80980937824316,57.52083047483906,1,5,1,1
6289,1,3,34.749063953366615,29.562586065720946,0,5,0,0
6290,0,3,54.09305013714222,31.28321179126353,0,3,1,0
6291,0,2,74.99093980258185,46.70323622791307,1,5,1,0
6292,0,2,66.50564726873702,22.74490132810171,1,4,1,0
6293,0,2,76.26187722769461,41.57128885158401,1,4,1,1
6294,0,3,47.269517321867376,0.36696710555299383,0,2,1,0
6295,0,2,67.81980161242862,17.612659274257503,0,7,0,0
6296,1,3,51.72024563710421,53.31819408835422,0,2,0,0
6297,0,3,44.8783030279262,5.4875111907603085,0,7,0,0
6298,0,3,48.99431416005989,20.935541658760812,0,8,1,0
6299,0,2,18.92036809656306,0.0,0,9,1,0
6300,1,2,38.22059410470046,29.75246178809619,0,3,0,0
6301,0,3,74.12347232999645,32.7921909369113,0,7,0,0
6302,0,3,64.39679925987664,19.86039025907064,0,6,1,0
6303,1,3,63.821116238464114,40.31000779584927,0,2,0,0
6304,1,3,90.7855728930557,50.45493468413492,0,3,0,1
6305,0,3,42.556636443563065,29.10765339707153,0,6,1,0
6306,1,3,58.83186227704054,56.79207101209536,0,6,0,0
6307,0,3,78.29851900488393,25.159734678076553,1,2,0,0
6308,0,3,39.29304591887582,25.127217989494504,0,5,1,0
6309,0,3,38.21547394789125,1.3951919648103437,0,7,1,0
6310,0,2,49.16987674146112,29.435866753644344,0,5,1,0
6311,0,2,66.62912607108727,13.236924324597622,1,1,1,0
6312,0,3,56.01568849859657,37.530325693601924,0,7,1,0
6313,0,1,52.455850085297655,7.306492170243804,0,6,0,0
6314,0,3,61.34843579882788,15.618935343606559,0,6,1,0
6315,1,2,38.97739282944672,30.350507343095927,0,5,0,0
6316,0,3,83.38385027757185,37.452419522335695,1,8,1,0
6317,0,2,36.18503508988948,25.19362437240824,0,5,1,0
6318,0,3,26.47405558863648,14.288882810250353,0,3,1,0
6319,0,2,16.988792429332282,0.0,0,5,0,0
6320,0,3,51.25121946247979,11.106532228921,0,8,1,0
6321,0,2,38.36035040757349,0.0,0,0,1,0
6322,0,3,20.79710078685004,0.0,0,6,1,0
6323,1,3,35.139125607229204,56.496152448738606,0,7,0,0
6324,0,2,26.19926764646544,15.198642375977593,0,5,0,0
6325,0,3,54.97384339522157,32.87948205937627,0,7,1,0
6326,1,2,44.74490008660489,51.20432002118103,0,7,0,0
6327,1,3,79.72061651934607,50.55644941690255,1,3,0,0
6328,1,3,62.198895840446475,66.25461877037992,0,5,0,0
6329,1,3,73.25382201328559,56.197968082551284,0,6,0,1
6330,1,3,40.06408672497532,40.09477062596361,0,7,0,1
6331,1,2,37.38497853212803,36.137815243752044,0,6,0,0
6332,0,3,37.71911388849246,33.685132721642134,0,9,0,0
6333,0,2,26.496051390734266,0.20337178980076942,0,6,1,0
6334,0,3,46.09387461948951,10.264110111676017,0,6,0,0
6335,0,2,42.858747314083274,20.72712022767928,0,3,1,0
6336,0,2,74.33678470053275,32.68221985546581,0,5,1,0
6337,0,3,30.57582429673068,3.205364956971615,0,7,1,0
6338,0,2,41.35660119382375,1.650563624445633,0,8,1,0
6339,0,2,58.405464854310935,27.988120654126085,1,7,1,0
6340,0,2,49.05323229316346,19.863573769645303,1,6,1,0
6341,0,3,46.964816061400725,14.175649358648556,0,7,0,0
6342,0,3,44.591824778189256,24.657291697332784,0,8,1,0
6343,0,3,26.361404540823322,9.652312287781923,0,11,0,0
6344,0,3,0.0,17.09921695713079,0,3,1,0
6345,0,2,55.893333545225225,22.135964570635984,0,2,0,0
6346,0,2,48.02506984167145,9.29827223957965,0,6,0,0
6347,0,3,39.066586876763424,19.12265304120729,0,4,1,0
6348,0,2,33.72722019004347,0.7680305285480773,0,6,0,0
6349,1,2,48.71592428310776,45.18233686471612,0,8,0,0
6350,1,3,60.05691214800964,48.31435502408119,0,5,0,0
6351,1,3,50.03353086672719,36.317960355903345,0,4,1,0
6352,0,2,39.95517895769849,5.202791898738344,0,6,0,0
6353,0,2,50.050910522812444,40.09896693372023,0,9,1,0
6354,0,3,73.84923610658615,22.03046880620895,0,6,0,0
6355,0,3,58.37487720694981,26.606945835595397,0,2,1,0
6356,0,3,50.73048910090341,0.0,0,3,1,0
6357,1,3,39.00678279385353,58.90738347562987,1,8,0,1
6358,1,3,26.326264514155095,51.582576811024765,0,9,1,0
6359,1,2,46.72497098144969,60.59813236062635,0,6,0,0
6360,0,2,60.68454438794247,10.839969104703796,0,5,0,0
6361,0,2,63.68088254712992,27.629506437827104,0,6,0,0
6362,1,1,13.231251022521718,9.273690635933239,0,2,0,0
6363,0,3,100.0,8.430614914315955,0,5,1,0
6364,1,3,62.73677921264564,44.496562997147976,0,4,0,0
6365,1,3,70.02244607724013,55.08138683475854,1,5,0,0
6366,0,2,68.9877192207632,47.438413502296015,1,8,1,0
6367,1,3,100.0,59.91311679053058,1,5,0,1
6368,0,2,79.70874315118888,21.947286772089303,1,3,1,0
6369,1,3,46.24870902023601,36.19027776329479,0,4,0,0
6370,1,3,49.382935423309206,43.62684356976437,0,5,0,0
6371,1,3,42.97387126862998,61.03273592417509,0,6,0,0
6372,1,3,58.27627834915108,64.44770650712906,0,7,0,1
6373,0,3,23.85813593179612,0.0,0,6,0,0
6374,0,2,72.28879071707635,52.60536767480154,1,5,1,0
6375,1,3,41.97381123716649,31.895626677731578,0,4,0,0
6376,0,2,62.946291977862,36.02103537248236,0,1,1,0
6377,1,3,32.17103810701717,31.25899834282095,0,6,1,0
6378,1,3,48.12080621639064,57.08903245978721,0,1,0,1
6379,1,2,84.99179291890057,56.97132291746956,1,2,0,1
6380,1,3,82.12286297787061,59.13647126531087,1,3,0,0
6381,0,3,17.33242704695575,6.101596639783029,0,3,1,0
6382,0,2,60.732938971430094,10.425465440510909,0,2,1,0
6383,0,2,52.65407690056647,44.07481264499511,1,8,1,0
6384,0,3,30.995673089704336,19.14243721203215,0,5,1,0
6385,1,3,68.31398339142906,57.63299520584414,0,7,0,0
6386,1,2,53.053334800659805,38.48271144048934,0,4,0,0
6387,0,2,27.639473501316868,0.0,0,6,1,0
6388,0,2,56.07417630711141,15.951022376319132,0,4,0,0
6389,0,2,60.936348668233734,34.1034005805837,0,4,1,0
6390,0,2,55.22571939046595,39.339947305302175,0,7,1,0
6391,0,2,58.03461494899478,10.946986944088325,0,4,1,0
6392,0,2,52.04104684558882,11.135804545252551,0,5,1,0
6393,0,1,89.44590559653426,50.03338884955658,1,3,1,1
6394,0,3,47.63991192083917,10.592033082234902,0,5,1,0
6395,1,1,53.31310679375204,58.36116613922935,0,5,0,0
6396,0,2,62.33263122077154,34.63005537487244,1,3,1,0
6397,0,3,59.93949730053857,24.404857273903957,0,5,1,0
6398,0,3,57.2203196527817,18.308884556149092,0,6,1,0
6399,0,2,54.08965280431947,26.036912550190944,0,3,0,0
6400,0,3,69.84334182325011,22.028546019739032,0,6,0,0
6401,1,3,61.27471462715114,68.24338117735786,0,6,0,1
6402,0,2,66.1628594111688,20.098373772047946,0,7,0,0
6403,0,3,42.18636803844701,6.938425621417472,0,7,1,0
6404,1,2,58.4435036182168,52.71952978973463,0,8,0,0
6405,1,1,47.632069208142795,37.38855486549619,0,5,0,0
6406,1,1,34.40214294404771,50.06935420026908,0,5,0,0
6407,0,3,58.70472308455077,18.104476689603416,0,6,1,0
6408,0,3,51.0493675980719,7.392302405852552,0,5,0,0
6409,0,2,62.628360573191785,10.639476953000681,0,2,0,0
6410,0,1,38.62263445612841,8.395279541604458,0,8,0,0
6411,1,2,64.35264624333956,61.632266787007,1,4,0,0
6412,0,3,29.813895455560424,0.0,0,2,1,0
6413,0,3,60.8329619952946,37.54554039585123,0,4,0,0
6414,1,3,54.64402212840681,44.11473598796998,0,8,0,0
6415,0,2,58.007762184608765,34.77983852698686,0,3,1,0
6416,0,1,47.60377465232296,15.950566725668335,0,3,1,0
6417,0,3,26.535401204309863,11.815314631310716,0,2,1,0
6418,1,3,26.5671826386044,30.786806587820397,0,9,0,0
6419,0,2,43.981570236804835,16.827457469889907,0,1,1,0
6420,0,1,63.659228571179206,30.74530106018777,1,2,0,0
6421,0,3,33.54087373142921,21.08839822936352,0,7,0,0
6422,0,3,27.39459167941048,11.891444502503589,0,3,1,0
6423,1,3,21.476906611664944,36.947648484154655,0,3,0,0
6424,0,3,64.03612063701148,15.745681183176242,0,4,0,0
6425,0,3,1.6945542942895322,0.0,0,6,0,0
6426,0,3,66.69291942952118,20.002402854641083,0,6,1,0
6427,0,3,45.30974905837101,5.682462155242612,0,4,1,0
6428,0,3,79.96368009882251,26.686807893940042,1,5,0,0
6429,0,2,82.67607382459278,42.35250120706121,1,8,1,0
6430,1,2,48.37272768152246,50.25655329932833,0,1,0,0
6431,1,2,73.00561109206924,57.252771706883564,1,4,0,1
6432,1,2,46.982752796828684,38.41360870281759,0,4,0,0
6433,0,3,76.21576987486102,36.7779107739166,1,10,0,0
6434,0,2,46.59581733004723,28.024577488600976,0,4,1,0
6435,0,3,19.00287159914975,7.749905602428056,0,6,1,0
6436,1,3,24.65292541105525,37.92530160844141,0,3,0,0
6437,0,3,52.6596525400627,24.36919344806745,0,5,0,0
6438,0,3,47.69199143064235,5.304981391786382,0,4,1,0
6439,1,2,73.94534492076917,65.4235353559169,1,6,1,0
6440,1,3,63.72503281613497,63.11849761807352,0,7,0,0
6441,0,3,86.52216007942145,63.517128752909876,1,8,0,1
6442,1,3,31.14035261464376,40.66198030860519,0,3,0,0
6443,0,2,43.990046659440424,5.330391627388909,0,6,0,0
6444,1,3,46.689219899892485,64.87616226685584,0,7,0,0
6445,0,2,55.982177764205694,5.669739993483944,0,1,1,0
6446,0,3,62.42973071099117,39.815684078062375,0,6,1,0
6447,0,3,54.16712653990107,23.44505909382594,0,9,1,0
6448,0,3,74.39670191740154,39.90624152269083,0,3,1,0
6449,0,3,29.184086913258238,19.98171831228058,0,6,1,0
6450,0,3,26.646439458692235,18.535558418324314,0,7,1,0
6451,1,3,37.493367775131,33.06358976553975,0,5,0,0
6452,0,2,56.81198985380549,17.634729834652905,0,4,1,0
6453,0,2,57.037262481756855,13.596729697441468,0,6,1,0
6454,0,3,56.75638381148056,1.6235014625173307,0,3,1,0
6455,0,3,49.400386252080686,10.574437766798331,0,6,1,0
6456,1,3,66.24684052632767,51.93531504145399,0,8,0,0
6457,1,2,36.30895391063902,32.57974676699007,0,7,1,0
6458,1,3,44.42629080857612,59.02441472058075,0,6,0,0
6459,0,3,40.192756046369915,26.876526783422907,0,5,1,0
6460,1,3,38.963001382432275,38.729878018993,0,7,0,0
6461,0,3,40.13066226114028,32.89857840018434,0,7,1,0
6462,0,3,48.97164304618692,6.72792232921718,0,4,1,0
6463,0,3,68.97371898420981,21.97738196953128,0,3,1,0
6464,0,3,61.46628292227471,14.275013494551025,0,3,1,0
6465,0,2,0.0,4.192811100522763,0,5,1,0
6466,1,2,45.513896040734245,60.80698565773711,0,6,0,0
6467,1,3,62.622178306515956,69.99014587727416,0,5,0,1
6468,0,2,61.825311368854955,24.733363587135074,0,8,1,0
6469,0,3,65.29933597492082,12.237914649834305,0,2,1,0
6470,1,3,94.148505443549,76.74785515162553,1,2,0,1
6471,1,2,40.42418918785962,52.37351713327962,0,5,0,0
6472,0,2,34.94968265080424,0.0,0,5,1,0
6473,0,3,38.19821558538428,0.0,0,1,1,0
6474,0,1,31.945323873368817,19.81503501088008,0,4,1,0
6475,1,3,48.64789833161461,41.32780561255739,0,5,0,0
6476,1,3,42.44755376058572,53.544459249876965,0,3,0,0
6477,0,3,68.06705720555425,16.143721217787366,0,5,0,0
6478,0,1,51.979701528565776,16.280814479613074,0,6,1,0
6479,0,3,34.48050276045772,0.0,0,4,1,0
6480,0,1,12.92135489052709,0.0,0,7,1,0
6481,0,2,47.87566940627189,27.71843676530979,0,4,1,0
6482,0,3,44.15588518472492,24.097399606550493,0,4,0,0
6483,0,2,24.587662158123575,1.1062957734020142,0,8,1,0
6484,1,3,47.19554593776447,48.426005415038404,0,9,1,0
6485,0,3,46.29292723475993,34.66257796609298,0,7,0,0
6486,0,3,58.11928602285374,35.20699070664601,0,5,1,0
6487,0,3,50.641573128688,23.61040959251567,0,2,1,0
6488,1,2,70.4361117002672,38.312494392210965,0,5,0,0
6489,1,3,42.985104870102205,58.35375305472827,0,7,0,0
6490,0,1,30.033736557003824,5.834289710599319,0,4,0,0
6491,1,3,100.0,51.256865651933595,0,8,0,1
6492,1,2,37.62163096964407,14.993918918612675,0,1,0,0
6493,1,3,46.72953080388605,60.175638541646016,0,6,0,0
6494,1,3,41.90518240829925,41.588026752260205,0,9,0,0
6495,1,3,62.27242924176069,52.946954578916234,0,4,0,1
6496,0,3,40.6135324419494,21.044911847842126,0,3,1,0
6497,0,3,50.17485136564921,26.244753276822944,0,3,0,0
6498,0,3,45.0789716031831,17.121482053459893,0,3,0,0
6499,1,3,55.51732405819683,39.84669802902945,0,4,0,0
6500,0,2,44.972560048543016,6.490422282659775,0,5,0,0
6501,0,3,76.07920242551248,44.60926401267857,1,5,0,0
6502,0,3,48.69594692208504,6.015226146527844,0,2,1,0
6503,0,2,31.851924697434647,0.0,0,3,1,0
6504,0,2,39.04035220965349,0.0,0,2,1,0
6505,0,3,54.753485440387834,45.07014937878558,0,10,1,0
6506,1,3,70.46907259429825,50.23463117798955,0,5,0,0
6507,0,2,52.05548494426714,51.86780942705733,1,4,1,0
6508,1,3,49.206401417782,40.73094385577779,0,5,0,0
6509,1,3,51.233929432655856,32.57554646409353,0,5,0,0
6510,0,2,68.85766664680568,42.549622527421974,1,5,1,0
6511,1,3,53.18718151820309,57.950345029891466,0,4,0,0
6512,0,3,34.46847675254748,6.33306633833079,0,6,1,0
6513,0,2,66.43391576869512,21.464664939096775,0,7,0,0
6514,0,2,28.66884732525564,13.982688806315918,0,4,1,0
6515,0,3,62.160225924798,9.784454496570874,0,2,1,0
6516,0,3,36.21543197246528,22.04281534042576,0,5,1,0
6517,1,3,50.446733326745466,60.03061071345975,0,5,0,0
6518,0,2,39.294008989393326,23.132997856826332,0,7,1,0
6519,1,3,69.51853217974715,51.92976961480589,0,5,0,0
6520,0,2,41.805491356309886,6.739229026272824,0,4,1,0
6521,1,3,26.430741697384658,56.42887710895302,0,8,0,0
6522,1,3,36.50880119079858,44.5906246361553,0,2,0,0
6523,1,3,62.43602198926688,50.45608363329217,0,7,0,0
6524,0,2,41.44437129923934,2.780799184010802,0,4,1,0
6525,1,2,48.052138113687136,50.54845246016071,0,3,0,0
6526,1,2,49.90256262925193,38.787900515811224,0,6,0,0
6527,0,2,39.71500032384442,19.487472359848297,0,6,1,0
6528,0,3,63.632366646167064,47.58401045976469,0,9,1,0
6529,0,2,29.038102697431892,0.0,0,3,1,0
6530,0,2,84.44511640943264,57.1015844790731,1,7,1,1
6531,0,3,43.902883131390944,2.7946210195833885,0,3,1,0
6532,0,3,95.7358039127428,47.34928410268893,1,5,0,1
6533,1,2,15.507635493287742,13.095359576024393,0,4,1,0
6534,1,2,32.761597665059035,20.06776697140852,0,0,0,0
6535,0,3,41.53790256562383,6.705796056976137,0,5,1,0
6536,0,3,62.33598059041531,12.803408227046136,0,2,0,0
6537,0,3,46.5025219735136,7.188180597899296,0,3,0,0
6538,0,3,10.423448385207564,0.0,0,6,1,0
6539,0,2,66.41541122792914,46.72939308414419,0,9,1,0
6540,0,1,25.603629012697773,9.586785038628786,0,3,1,0
6541,1,2,46.696077700010534,49.08199271951375,0,8,0,0
6542,1,1,49.5444921956404,33.72451863563742,0,3,0,0
6543,0,3,45.1146496016905,18.602170191271625,0,4,0,0
6544,0,2,44.866188002650944,12.360495043565535,0,4,1,0
6545,0,1,51.0016157829895,16.875582618858317,0,7,1,0
6546,0,2,65.42910271220164,30.702019744646883,0,4,0,0
6547,0,2,42.38754998093079,1.8531309279914128,0,4,0,0
6548,0,3,22.75079820016312,6.724742390041973,0,2,1,0
6549,1,2,59.46973797023137,64.54222653108373,1,4,0,0
6550,0,2,30.89310463027473,0.0,0,3,1,0
6551,0,3,21.54038936056686,0.0,0,5,0,0
6552,0,2,53.53097610179297,14.468905733230825,0,5,1,0
6553,1,2,52.605098676623996,40.27743640270466,0,5,0,0
6554,1,3,74.61455426650447,58.23651161626403,0,5,0,1
6555,0,2,54.851322280388224,19.296334468141048,0,10,1,0
6556,1,3,62.00158525202337,43.74088914639582,0,3,0,0
6557,0,2,71.8203349608445,21.581821197815994,1,3,1,0
6558,0,3,31.666742984569503,0.058714331965737054,0,6,0,0
6559,0,3,51.62024879322192,20.807032608861782,0,10,1,0
6560,0,3,63.32770331567625,22.393781492771463,0,6,0,0
6561,0,3,33.43367037417715,12.995236659312875,0,1,0,0
6562,1,3,63.33326608782436,41.986531212192894,0,5,0,0
6563,0,3,82.91121045412844,46.979271810507065,1,4,1,0
6564,0,3,89.18629427505665,40.219564446801684,1,5,1,1
6565,1,3,21.789312002036304,44.35542325242709,0,4,0,0
6566,0,3,49.50815048468924,26.596768051084158,0,5,1,0
6567,0,3,43.53015081233441,33.458599691300975,0,5,1,0
6568,0,3,57.24751473490271,12.529463687835301,0,5,1,0
6569,1,3,56.69095856986811,46.617091534853394,0,4,0,0
6570,0,3,24.388062925340932,7.432623523401543,0,4,1,0
6571,1,3,63.564924021590386,70.9581855448512,0,7,0,0
6572,0,2,38.894289851504624,0.0,0,3,1,0
6573,0,3,38.76771153619835,16.914131374693532,0,4,1,0
6574,1,1,32.423350866239524,31.143132178328123,0,6,1,0
6575,0,3,51.45391291638568,23.645155406044996,0,10,1,0
6576,0,3,31.522555661509045,13.86698840096895,0,11,1,0
6577,0,2,22.11512493876069,0.0,0,5,1,0
6578,0,2,54.58564381005543,35.37531190122997,0,5,0,0
6579,0,2,55.25127824749102,10.028991068210466,0,6,1,0
6580,0,3,45.348567474913885,11.855320903921637,0,8,0,0
6581,0,3,36.32637292956965,20.536356205979043,0,5,1,0
6582,0,2,48.3694748469001,23.677910514337253,0,4,1,0
6583,1,2,60.16522299368742,50.64056589496386,0,6,0,0
6584,0,3,46.26455501107901,10.807475733945298,0,8,1,0
6585,0,2,71.1344336333637,26.914872414768922,1,6,1,0
6586,0,3,49.02983799871856,29.721225135425286,0,5,1,0
6587,1,2,41.078905952296154,28.7181430613886,0,5,0,1
6588,0,2,41.445344339237685,18.875447988231326,0,3,1,0
6589,1,3,45.17091874083357,47.63707106277897,0,2,0,0
6590,0,2,43.50088201748559,10.794091581813321,0,8,0,0
6591,0,3,63.48865292898411,33.91343691232126,0,1,1,0
6592,0,3,66.80211171371461,21.018322364317008,0,6,1,0
6593,0,2,54.17546908962753,27.712005902192015,1,8,1,0
6594,0,2,73.3145083345766,49.783306931335524,1,8,0,0
6595,1,3,47.704919516619476,59.776171583286846,0,3,0,0
6596,1,2,41.545345746503315,37.65044650946057,0,7,0,0
6597,0,3,24.008167203485517,14.155542578540606,0,7,1,0
6598,0,1,52.41837161792177,0.0,0,2,1,0
6599,0,3,37.806390005364946,8.454575053371906,0,8,0,0
6600,0,3,25.357063288167332,0.5743748749318147,0,8,1,0
6601,1,2,42.83525892931104,37.90482517240896,0,7,0,0
6602,0,3,80.40323429676738,42.23036456205355,1,1,1,0
6603,1,2,41.946992588403866,46.49527304449492,0,1,0,0
6604,0,3,40.02328858779238,21.488123216744643,0,4,1,0
6605,1,3,29.412253333951277,48.04449367083861,0,6,0,0
6606,0,2,42.699150431349196,20.338658458350785,0,2,0,0
6607,1,3,38.699923644047445,34.630684068121546,0,7,0,0
6608,1,2,48.862774017332896,37.472984522176745,0,2,0,0
6609,1,3,35.71197646764127,34.276269056470284,0,7,0,0
6610,0,3,49.709417645125335,7.513349242505108,0,3,1,0
6611,0,2,45.63875659635485,10.19523108116361,0,9,1,0
6612,0,2,60.50432454006322,27.41220936306035,0,4,1,0
6613,0,3,56.27701610429001,33.926104311440774,0,5,1,0
6614,0,2,40.98344151101823,25.767231090663245,0,4,0,0
6615,0,3,46.17138336265851,41.09885323279959,0,11,1,0
6616,0,3,36.671553006810214,7.231089090836655,0,7,1,0
6617,0,2,63.085250424642496,10.9139805896703,0,3,0,0
6618,1,3,71.87161397616835,49.76855199426801,0,3,0,1
6619,1,3,51.22055718793535,62.54902306458962,0,5,1,0
6620,0,3,69.1025480949139,26.04870074476904,1,5,1,0
6621,0,3,55.64671752272693,19.98962622406918,0,5,1,0
6622,0,3,71.95034011998483,17.914950509339214,1,5,1,0
6623,1,2,30.396496763301474,43.1118724394961,0,3,0,0
6624,0,2,58.76114317955632,16.135332188586794,0,4,1,0
6625,0,2,66.11983303979116,35.32937801122794,0,3,1,0
6626,1,2,31.841286012913628,31.283241567040037,0,5,0,0
6627,0,3,39.940952196069695,10.120440438742158,0,8,1,0
6628,0,3,50.69540225759512,34.34619538391944,0,5,0,0
6629,0,3,57.243280593187656,15.424864778984979,0,2,1,0
6630,0,3,62.84142300102589,39.35483213088487,0,4,1,0
6631,0,1,40.264339685445535,0.0,0,3,0,0
6632,0,3,82.69187714247485,53.08582850905309,1,6,1,0
6633,0,2,49.470848099541115,34.29533856461036,0,6,1,0
6634,0,3,61.94788310300257,58.47048406388247,0,7,0,0
6635,0,2,40.69344063923263,0.0,0,3,1,0
6636,1,2,54.923759010928876,43.270050330686004,0,4,0,0
6637,0,1,55.73155384953396,4.4075082838574,0,3,1,0
6638,0,3,33.80130805679817,0.0,0,3,1,0
6639,0,2,62.20203018484444,22.42049786789555,0,8,1,0
6640,0,3,55.11670794560333,42.80072456204424,0,5,1,0
6641,1,2,54.3750648396564,43.02311769323114,0,4,0,0
6642,0,3,0.0,5.4302398727026775,0,4,0,0
6643,0,3,12.591291746923876,0.0,0,3,0,0
6644,0,2,52.261491786263875,10.493563220558075,0,6,0,0
6645,1,3,85.6594372073801,64.2128481264116,1,5,1,1
6646,0,2,36.01224791247273,1.69215182844773,0,5,1,0
6647,1,2,59.567098003799885,31.51717948161803,0,4,0,0
6648,1,2,37.15970676992703,24.20677842916911,0,2,0,0
6649,0,3,51.119891825637346,0.32141458152955726,0,5,1,0
6650,1,3,55.98599113166701,64.6315974662771,0,2,0,0
6651,0,3,30.794618406952697,1.4438014624807547,0,6,1,0
6652,1,3,62.07078920309485,27.322803397396775,0,4,0,0
6653,1,3,63.53790923317254,68.75173369463168,0,4,0,1
6654,1,1,48.60389147244712,58.98918964819697,0,6,1,0
6655,0,2,100.0,6.972367285194015,0,5,1,0
6656,0,3,73.9896238271153,31.357431722582362,0,7,1,0
6657,1,2,40.29219825097289,53.24629917456142,0,5,0,1
6658,0,2,68.6428429973887,27.42158638332652,1,7,1,0
6659,0,3,64.49232901961855,35.834329834701265,0,2,0,0
6660,1,1,57.660232005588156,55.257637582927956,1,1,0,0
6661,0,3,40.83342946126743,28.954378192313552,0,2,0,0
6662,1,2,55.099720591384035,56.773242369448575,0,2,1,0
6663,0,3,72.35133611696094,44.583586585448195,0,7,0,0
6664,0,3,74.92277167203608,48.161595785742804,1,7,1,0
6665,0,2,60.45853857098134,18.62483571975072,1,6,1,0
6666,0,2,66.54498999293722,21.66584383033122,1,6,1,0
6667,0,3,52.996817505816686,30.889453069343144,0,5,1,0
6668,1,3,66.84093375642293,44.99069545024309,0,2,0,0
6669,0,3,53.95175844992556,12.991460951615077,0,4,1,0
6670,1,3,79.18960313810953,75.43083817092058,0,10,0,1
6671,0,1,48.48353983390084,32.89091558616834,0,6,1,0
6672,0,2,40.422245355310544,23.523648314326547,0,5,1,0
6673,0,2,42.28268753363384,2.782540438039301,0,4,1,0
6674,0,3,73.73415926936902,28.02856611026577,0,4,1,0
6675,0,2,61.85240983678813,15.892526375698539,0,8,0,0
6676,1,3,44.57502177131288,40.25925051642498,0,5,0,0
6677,0,3,71.4112352624664,27.44629577599428,0,7,1,0
6678,0,2,44.38429707244434,17.44933703677359,0,1,1,0
6679,1,2,53.504022293094096,60.58222982037833,0,7,0,0
6680,0,3,61.36708106119945,41.40435283992488,0,6,0,1
6681,1,3,65.99958023163725,72.02655569927822,0,5,0,1
6682,0,2,59.82797034104209,21.362659865593923,1,4,1,0
6683,0,2,30.621161726149726,18.309625084283095,0,5,1,0
6684,0,2,59.478084870056236,43.5878965075678,0,6,1,0
6685,1,2,46.63766826657704,65.2403876088498,0,7,0,0
6686,0,2,46.19441988118665,28.423366635832224,0,5,1,0
6687,0,2,59.887391975155836,12.906425020470936,0,3,0,0
6688,0,3,27.48601701296771,3.588578182358898,0,8,0,0
6689,0,2,49.320085059148006,4.877597233363103,0,2,0,0
6690,1,3,75.99046556947457,50.21305543790759,1,3,0,0
6691,1,2,36.75531268575421,55.21101843914428,0,8,1,0
6692,0,3,37.58276110740045,10.752221888840978,0,7,0,0
6693,1,2,53.33920750101791,45.74499032753958,0,2,0,0
6694,0,2,52.044012310785114,11.53881607855904,0,5,0,0
6695,0,2,68.5974660189579,44.82369729567537,1,7,1,0
6696,1,2,48.024789475243516,48.69245441767998,0,9,0,0
6697,0,3,25.929788090282212,1.0660115936618553,0,9,1,0
6698,0,3,98.3030337741099,38.961825655491474,1,1,1,0
6699,0,2,51.96622152022202,29.120959203262192,0,4,1,0
6700,0,2,40.3763905938701,11.615227425390943,0,3,1,0
6701,0,3,42.52888036092473,25.17162329641389,0,5,1,0
6702,0,2,21.580665154270495,0.0,0,7,1,0
6703,0,1,54.14246909050725,35.54853267151284,0,6,1,0
6704,0,3,69.31479452680925,25.98584178643682,0,8,1,0
6705,0,2,56.46986827622478,21.28464722254639,0,8,0,0
6706,0,2,29.1095846685586,14.425791916531098,0,4,1,0
6707,1,2,42.978153259197555,51.893349011343425,0,3,0,0
6708,0,3,91.28076038012455,58.54883003297726,1,6,1,1
6709,0,3,20.36087481357348,16.22875326954646,0,6,1,0
6710,0,3,65.8249222400597,41.215521268366395,0,6,1,0
6711,0,2,46.4933745267655,9.150602537129219,0,5,0,0
6712,0,3,60.168914867540124,22.919013638652793,0,3,1,0
6713,0,3,61.25913287325953,32.35317740498967,0,3,1,0
6714,1,3,65.11999204024988,49.411949034849115,0,4,0,0
6715,1,2,55.96097200617203,62.351576257319984,0,3,0,0
6716,0,3,74.09310277847456,21.662017518582626,1,4,1,0
6717,0,2,56.10594316450641,28.58244647469062,0,2,1,0
6718,0,3,65.75732323608332,15.522851255636791,0,3,0,0
6719,0,3,44.15460766445398,3.099573982128847,0,3,0,0
6720,0,3,59.691072250311514,15.257394131259794,0,4,1,0
6721,0,3,54.778210250654205,27.570130094896424,0,3,1,0
6722,0,2,47.91574715715176,27.944098562425737,0,4,0,0
6723,0,3,55.35972370411158,34.148317057932715,0,5,0,0
6724,0,3,63.12696255835569,14.238081236229363,0,3,1,0
6725,1,3,27.279068741686288,39.60134292450605,0,4,0,0
6726,1,3,23.312031994659808,42.07688613636684,0,5,0,1
6727,0,3,43.56538038023059,20.290137352768784,0,4,1,0
6728,0,3,39.62870681487978,24.438326203685154,0,7,1,0
6729,0,3,24.107269260129204,13.667795416331886,0,5,1,0
6730,0,3,46.239349870972376,21.162274180456187,0,8,1,0
6731,0,3,61.95278050477955,19.950447317067827,0,6,1,0
6732,0,3,70.65711107385826,25.82183599101705,0,5,1,0
6733,1,3,71.95651643245566,68.95648797815376,0,3,0,1
6734,0,2,42.279708167268566,15.095411849909272,0,3,0,0
6735,0,2,37.54615901956183,38.479408682414174,0,9,1,0
6736,0,3,76.53648715861652,27.211823596020295,0,5,1,0
6737,1,2,46.85726495003651,48.49573195906918,0,1,0,0
6738,1,2,60.16520781556008,39.89940078798786,0,3,0,0
6739,0,3,68.03143703130839,14.788907010383593,0,4,1,0
6740,0,3,25.1936921633503,1.164279776256531,0,8,1,0
6741,1,2,71.98900428955838,59.73926553399116,1,6,1,0
6742,0,2,51.780657431347294,37.11781734741445,0,8,1,0
6743,0,2,64.92066807657864,37.5186144503785,1,5,1,0
6744,0,3,34.21995968240831,0.0,0,2,1,0
6745,0,3,37.15343478148744,8.593584092513098,0,9,0,0
6746,1,2,56.821494471221136,64.49090518063291,0,5,0,1
6747,1,3,49.273449222323585,58.17963642860865,0,5,0,1
6748,0,2,40.19029170661971,8.967077625618858,0,8,0,0
6749,1,2,54.05902963672287,44.210376114655084,0,6,0,0
6750,0,3,60.329572943742065,15.292907525708825,0,3,1,0
6751,1,2,58.74845572046407,47.98384937996963,1,5,0,1
6752,1,3,34.324028227242216,33.997344111603574,0,6,0,0
6753,0,2,41.91069094058519,25.528564009867033,0,3,1,0
6754,1,3,50.663772538057856,51.69857521327155,0,3,0,0
6755,1,3,32.67365096846749,52.747720029848,0,6,0,0
6756,0,1,32.121481884078136,0.0,0,4,1,0
6757,0,3,56.91306696347842,24.750482999456864,0,3,1,0
6758,0,3,44.08950654593745,21.74017420116164,0,3,1,0
6759,0,2,68.8756534389755,30.83010073039285,1,6,0,0
6760,1,3,29.963572357502862,42.05219853434209,0,3,1,0
6761,0,3,46.114385979611214,12.447877373922328,0,7,1,0
6762,1,2,46.96478937622384,54.37292994027206,0,2,0,0
6763,0,2,46.25997221422018,17.147144103643186,0,10,1,0
6764,1,3,73.97118001742152,70.08805848265322,0,7,1,0
6765,0,2,31.360478724644675,16.3198439500892,0,5,1,0
6766,0,3,73.52627960837991,50.13772425260056,1,7,0,0
6767,0,3,70.59130266165484,9.596654259359019,0,1,1,0
6768,0,3,30.97647718957331,40.43105774612635,0,8,1,0
6769,1,2,43.056303954580414,43.14872082344885,0,7,0,1
6770,1,3,34.59368876414056,51.612080992781216,0,7,0,1
6771,1,3,16.648300379931676,20.177778585318563,0,4,0,0
6772,1,2,36.43598336202189,56.71060296689482,0,3,0,0
6773,0,3,78.94387201012702,28.481369636238913,1,5,1,0
6774,0,3,56.267505284410525,20.573898586089754,0,8,1,0
6775,0,2,62.037662232556585,41.10893108913419,1,7,1,0
6776,1,3,55.393629138959085,39.40076480839727,0,1,0,0
6777,0,2,37.06156021208236,18.223336444276026,0,4,0,0
6778,0,2,56.02293973676625,36.791368309746034,0,7,1,0
6779,1,2,35.977904403301395,29.45031697602794,0,5,0,0
6780,1,2,68.53931807190901,92.53173344164304,1,10,0,1
6781,0,3,51.71485923152897,13.899542567593457,0,5,1,0
6782,0,3,56.546160570003735,16.69804610237454,0,6,1,0
6783,0,2,47.08367032289048,29.755389649424878,0,5,1,0
6784,0,3,81.53008366482668,39.820100738826504,1,7,0,0
6785,0,2,32.42307966567511,0.0,0,4,1,0
6786,1,3,66.26060838752514,68.1728873969977,0,3,0,0
6787,0,3,43.725740257110616,0.0,0,5,1,0
6788,0,2,46.96853111732193,27.407990469426025,0,4,1,0
6789,0,2,40.95531581481803,1.8085774647414634,0,4,1,0
6790,0,2,51.996222856351714,13.319153426795863,0,7,0,0
6791,1,2,50.974481282844124,57.86372141330129,0,4,0,0
6792,1,2,38.73637139825408,34.052386811276165,0,4,0,0
6793,0,3,68.09194930331753,34.751150422448006,0,3,1,0
6794,0,2,64.24913739728986,25.38626077988451,1,7,0,1
6795,1,2,100.0,37.558993608787624,0,5,0,0
6796,0,2,72.6280422955054,8.580464667361172,0,2,0,0
6797,1,3,63.257494130363995,78.18628906193761,0,5,0,1
6798,1,2,56.146715669071654,41.66346629737093,0,4,0,0
6799,0,2,21.36767386500149,15.540932408202467,0,3,1,0
6800,1,3,42.53216329367785,39.1766925696702,0,6,0,0
6801,1,3,33.692443760763126,34.01911869310003,0,6,0,0
6802,0,3,40.87701156952224,20.565107766967884,0,5,0,0
6803,0,3,62.14713008393106,16.50010701757197,0,5,0,0
6804,0,3,59.8582462252785,12.986240488012102,0,4,1,0
6805,0,3,26.75975634680161,31.14859840598206,0,5,1,0
6806,0,3,61.87068846973586,16.38318001106268,0,4,0,0
6807,0,2,37.196962175857465,4.492298546848096,0,8,1,0
6808,0,2,49.93323069676659,28.32195731856242,0,4,1,0
6809,1,3,57.631517953122625,42.01559751679418,0,4,1,0
6810,1,2,42.16697144385164,21.83027197987839,0,3,0,0
6811,0,3,31.221831474860068,17.02745448066417,0,7,0,0
6812,1,3,32.26429404646735,33.00845360748073,0,7,0,0
6813,0,3,50.57777616839967,35.81349499584571,0,6,0,0
6814,1,3,55.578461163251596,65.85839893013556,0,5,0,1
6815,0,3,18.288246783872125,2.376578597109597,0,2,1,0
6816,0,1,61.51638262528393,35.768137874603575,0,5,0,0
6817,0,3,30.188073318262788,10.990332916113372,0,9,1,0
6818,1,3,20.888505447370058,35.20489127265922,0,1,0,0
6819,1,2,54.230445139394355,60.553110596939064,0,4,0,1
6820,0,3,38.93100068000282,23.07470430892369,0,5,1,0
6821,0,2,28.011700586122128,1.6286771775550264,0,8,1,0
6822,0,2,27.37324591339315,0.0,0,4,1,0
6823,1,3,26.10966075242467,45.12743406209106,0,4,0,0
6824,1,2,47.543409541699255,58.76390361525288,0,3,0,0
6825,1,2,40.35941675947172,60.612409968864526,0,8,0,0
6826,1,3,51.35696980872011,57.79683425792836,0,3,1,0
6827,0,3,54.32294805035414,10.452908312367214,0,4,1,0
6828,0,3,54.790425704205,20.17583019166664,0,6,1,0
6829,0,3,63.25951589542348,43.788806582498324,0,8,0,0
6830,0,2,25.6037118205938,0.0,0,6,1,0
6831,0,2,62.43096830227089,19.349353520321515,1,3,1,0
6832,0,3,70.73333257480265,33.733390238336895,0,10,0,0
6833,1,2,67.86458560017563,58.43047030193296,1,7,0,0
6834,0,2,54.40325431819789,17.816205298185107,0,5,1,0
6835,0,1,65.39684819634756,27.266145719679862,1,7,1,0
6836,0,3,43.543482914398396,33.802694006975244,0,6,1,0
6837,1,2,37.18607700153941,55.39843895439908,0,4,0,0
6838,0,2,39.72753076998776,4.946327113265875,0,4,1,0
6839,1,3,70.4372953746568,59.91007406486302,1,4,0,0
6840,0,2,38.56516225651554,22.817059602116682,0,4,1,0
6841,0,2,65.303298329535,42.184790894986754,1,4,0,0
6842,0,2,59.79202918014207,10.619336631838936,0,2,1,0
6843,1,2,38.6465117213145,53.238710935938016,0,5,0,0
6844,0,3,38.67722575888834,9.736831615975873,0,2,1,0
6845,0,3,59.238003307545185,15.44596280905968,0,2,1,0
6846,0,3,70.14755746207862,25.269791413937213,0,5,1,0
6847,0,3,8.549324147676874,0.0,0,6,1,0
6848,0,2,69.61295413517927,20.33775961651085,1,5,0,0
6849,0,3,44.393580553472894,0.0,0,2,1,0
6850,0,3,63.4487079376163,32.67615478263611,0,4,1,0
6851,0,2,41.25384782858239,0.0,0,2,1,0
6852,0,2,45.09358029765632,5.864663240686513,0,6,1,0
6853,1,3,31.559368999460784,31.078892484134787,0,5,0,0
6854,0,3,29.299722969698845,15.48424320956103,0,3,1,0
6855,0,3,61.78033230729752,39.668828679282264,0,4,1,0
6856,0,3,55.889025406570006,33.5239649755832,0,4,1,0
6857,0,3,48.626942559027455,28.881632769256832,0,4,1,0
6858,0,3,41.69151353799655,2.723830773595108,0,4,0,0
6859,1,2,55.67032516978425,59.690912367210736,0,4,0,1
6860,0,2,41.65802325204324,0.0,0,2,1,0
6861,1,3,49.11584373235886,34.57463995881485,0,2,0,0
6862,0,3,25.042540841030192,16.2106954890028,0,5,1,0
6863,0,3,74.34307928106571,15.384270791104182,0,3,1,0
6864,1,2,56.5897805796266,58.88167371437946,0,3,0,0
6865,0,3,54.80284381791861,34.1249091007523,0,6,1,0
6866,0,3,49.86045057185721,14.464699911183631,0,9,1,0
6867,1,3,34.04299198065965,49.497029339020116,0,5,0,0
6868,0,2,55.12537861430436,26.61103361771451,0,4,1,0
6869,1,3,22.889581468397992,26.317261969325365,0,4,0,0
6870,1,3,54.26095895209052,76.02990641791295,0,8,0,0
6871,0,2,52.99891626790495,38.07678501876616,0,9,1,0
6872,0,2,71.10333119652077,28.61493884835371,1,9,1,0
6873,0,2,49.482954967182536,2.415379522397448,0,2,0,0
6874,0,2,55.09240704259731,37.21666684375902,0,3,1,0
6875,1,2,77.42722304458383,55.67244657036421,1,6,0,1
6876,0,2,38.78436369749743,33.37387736231003,0,6,1,0
6877,0,3,62.85641446247046,36.38695528222002,0,5,0,0
6878,1,3,49.94987636129221,58.57098415374433,0,2,0,0
6879,1,2,44.707429680114075,39.96218092477098,0,5,0,0
6880,0,2,28.197460504912517,8.505927166891333,0,1,0,0
6881,0,3,5.908807882137734,0.0,0,6,1,0
6882,0,3,57.37867812970434,12.019742283763431,0,5,0,0
6883,0,1,56.63077055239604,17.001505991596904,0,7,1,0
6884,0,3,75.30969262597598,24.472319896679124,0,5,1,0
6885,0,2,72.23035040081656,17.319081139345897,1,2,1,0
6886,0,2,46.78213964989473,37.38435480449631,0,5,0,0
6887,0,2,25.498167693915494,0.0,0,5,0,0
6888,0,3,36.2724291573537,4.833569577787208,0,10,1,0
6889,0,2,55.998859307227,39.325368735568055,0,9,1,0
6890,0,1,73.67219768273662,46.13205259331231,1,5,0,1
6891,1,3,60.059307302364765,46.07680361409744,0,3,0,0
6892,0,3,48.48507015405851,18.893679131911462,0,2,1,0
6893,1,3,57.1841452716865,58.77445132177552,0,5,0,0
6894,0,3,80.6851489269293,29.388350066651686,1,1,0,0
6895,0,3,35.29354825181802,14.098572957834854,0,5,0,0
6896,0,2,44.26798015670594,18.967036082635204,0,3,0,0
6897,1,3,48.78027312905529,36.28395650967278,0,5,0,0
6898,0,3,13.709061769288535,2.0210065501851737,0,6,1,0
6899,0,3,55.94971444632666,18.2713080404205,0,7,1,0
6900,1,2,22.97729791674434,45.17997259637914,0,6,0,0
6901,1,3,49.66861608578151,40.81513441492664,0,4,0,0
6902,1,2,38.46428976733005,51.23736361803834,0,4,0,0
6903,1,3,70.61496785622083,46.36851753370284,0,2,1,0
6904,0,3,49.12440392652887,27.873191927962708,0,4,0,0
6905,1,3,40.70559892584595,38.80253960550822,0,5,0,0
6906,0,3,37.03608698095256,9.880738837906247,0,8,0,0
6907,0,3,76.95493056881821,26.01202207579033,1,4,1,0
6908,0,2,40.16754267807972,28.95995746502347,0,10,1,0
6909,0,3,48.52167959948864,28.42131288698773,0,5,1,0
6910,1,3,64.09518878531365,64.57625673674512,0,3,0,0
6911,0,3,53.65139671169774,8.389412242030815,0,3,1,0
6912,1,3,14.536419777701301,35.84678301451396,0,3,0,0
6913,0,3,49.109039831338634,4.670187998610045,0,4,1,0
6914,1,3,32.99359038742707,54.91939188002995,0,5,0,0
6915,1,2,50.84058472901093,66.59776990960631,0,7,1,0
6916,0,2,83.4685477575863,58.85987218266638,1,7,1,1
6917,1,2,40.052692747774294,48.610636546661006,0,3,0,0
6918,1,3,23.196740685098,36.18958017066854,0,3,0,0
6919,1,3,8.895362080212939,4.760482372225793,0,2,0,0
6920,1,2,40.569780522516375,53.7316545936913,0,5,0,0
6921,0,3,62.16593107291179,15.499325975287105,0,7,0,0
6922,0,2,61.420757571206984,39.387880479059106,0,5,1,0
6923,1,3,42.871566309911664,39.207544561203136,0,6,0,0
6924,0,2,23.203597307729506,28.365540171096384,0,7,1,0
6925,0,3,37.4260563834702,0.0,0,2,0,0
6926,1,1,40.083487869114634,61.345140567495164,0,5,0,0
6927,0,3,66.29610053169696,14.687069693430267,0,5,0,0
6928,1,3,47.099968316938856,58.261913620934266,0,4,0,0
6929,0,3,32.55314322133365,17.517107457446706,0,3,1,0
6930,0,2,61.484782331700174,44.69539925100609,1,8,0,0
6931,0,3,38.670439150328555,21.296168354991753,0,4,1,0
6932,0,3,36.96103174276474,19.267151692693595,0,5,1,0
6933,0,3,53.78438604126089,29.873085431589416,0,5,0,0
6934,0,2,58.319613968515434,13.326219641256017,0,4,1,0
6935,0,3,46.459090449541925,23.47285825953768,0,4,1,0
6936,1,3,70.73955323789494,62.68525366910975,0,7,0,1
6937,0,3,41.44168288062274,29.215931348934824,0,7,1,0
6938,0,2,46.10858342769597,0.16699426241782245,0,4,0,0
6939,0,2,50.12851319450001,0.0,0,1,0,0
6940,0,3,70.91941206776043,33.20223861946262,0,5,1,0
6941,0,3,69.92169291808894,30.835311282033874,0,0,1,0
6942,1,1,58.74476321942659,69.94721384546651,1,4,0,1
6943,0,2,71.93970032054085,22.955154724996614,1,5,1,0
6944,1,3,58.49174016849713,44.06534350264978,0,4,0,0
6945,1,2,73.42415177520455,77.9369205516349,1,5,0,1
6946,0,2,53.26819002788496,20.264923594679612,0,10,1,0
6947,0,2,32.41012219005985,15.72216803142736,0,3,1,0
6948,0,3,52.465382217363405,34.4273421143525,0,8,0,0
6949,0,3,72.64550413234447,36.745161993891436,1,6,0,0
6950,0,3,49.30299926869025,31.04865900657945,0,7,1,0
6951,1,3,39.53768169659878,45.90166291804772,0,1,1,0
6952,0,2,65.39304626766513,50.113568614031536,1,5,0,0
6953,0,2,63.631451924314206,26.50132402561988,0,10,1,0
6954,0,2,56.613874509869355,26.898873200885827,0,1,1,0
6955,1,3,54.13955285699479,39.28996538957059,0,3,1,0
6956,0,2,80.3726912787455,47.42821991282235,1,5,1,0
6957,0,3,41.702637858952464,20.070217607002242,0,3,1,0
6958,1,3,46.676603770371244,39.835330202598975,0,7,0,0
6959,1,3,57.755575490732966,51.503303099857156,0,6,1,0
6960,0,2,54.319458844423984,38.41355904680191,0,5,0,0
6961,0,3,67.16901004104206,11.536353980832564,0,2,0,0
6962,1,3,70.89459359798335,58.21131111875221,1,5,0,1
6963,0,3,48.155056658344364,9.542987533991356,0,8,1,0
6964,1,3,28.96902362029116,39.86896971097504,0,4,0,0
6965,0,1,43.55347006000388,23.686515393935156,0,5,0,0
6966,0,2,72.47352877033082,47.4431623222976,1,6,1,0
6967,0,3,58.12434307479599,22.216005244384796,0,4,1,0
6968,1,3,33.58431829774705,31.391992692322127,0,9,0,0
6969,0,2,28.361981775354845,9.789401887777005,0,2,1,0
6970,1,2,47.74488026409136,35.09526528270907,0,3,0,0
6971,1,2,60.95151625660921,61.50353850148703,1,5,0,1
6972,1,2,32.90065848770294,43.6629722951994,0,4,0,0
6973,0,2,43.51304156642697,26.751865112061502,0,5,1,0
6974,1,2,58.926021719340646,43.17326505417006,0,4,0,0
6975,0,3,56.54346763162354,48.77452419887217,0,10,1,0
6976,0,3,66.12986288843116,43.93338284347286,0,6,0,0
6977,1,2,51.30801423096252,37.21578075508538,0,6,1,0
6978,0,3,39.858315094452195,7.910730773560531,0,7,1,0
6979,0,2,34.37528851499783,12.626147343555502,0,4,1,0
6980,0,1,45.45092273827939,45.88340784988892,0,12,0,0
6981,0,1,56.94394770511463,17.51906815809545,0,7,0,0
6982,0,3,43.780499573122874,16.98504112694078,0,2,0,0
6983,1,2,37.12857606763827,53.60800454540623,0,6,0,0
6984,0,3,47.315381819240386,32.59419907394401,0,8,0,0
6985,0,3,24.957989346250812,14.5662785775277,0,15,1,0
6986,0,3,55.73917450803695,36.24701711492156,0,4,1,0
6987,0,2,100.0,4.166420443733142,0,3,1,0
6988,1,2,42.33845149554579,35.232741602226554,0,8,0,0
6989,1,1,40.299561488481814,35.289221306232655,0,7,0,0
6990,0,2,56.211417934692605,12.120395798132755,0,4,1,0
6991,0,2,57.429281612826095,20.767173134224752,0,7,1,0
6992,0,1,50.94700121902276,2.105892647962712,0,6,1,0
6993,0,2,53.22454901554877,25.11048876698664,0,3,1,0
6994,0,2,37.352481827744796,12.454934396039466,0,10,1,0
6995,0,3,100.0,30.904904612723968,0,3,1,0
6996,0,2,60.39453965378915,23.48703006548702,0,11,0,0
6997,0,3,70.07364460249752,44.73482286696689,0,6,1,0
6998,0,2,78.63170685428392,26.761402634100246,1,6,0,1
6999,0,3,50.52258702243964,32.43159853659494,0,5,1,0
7000,0,3,66.44130915784497,23.360895282768,0,7,1,0
7001,0,1,53.311958775907904,16.44616174516044,0,7,0,0
7002,0,3,54.54481014046156,32.383405824756125,0,4,0,0
7003,0,2,39.72277336981203,15.616283211015682,0,3,1,0
7004,0,3,54.91922297076348,22.239800341810785,0,6,1,0
7005,0,3,44.46058215227234,22.900926952041374,0,3,1,0
7006,1,3,49.85869050696104,46.53562899000991,0,4,0,1
7007,0,2,13.411582910315573,13.246814377151729,0,5,1,0
7008,0,3,100.0,26.747746493833723,0,2,1,0
7009,0,2,71.51891520863734,31.05951532960191,1,9,0,0
7010,0,3,85.21818656929773,36.0726171789662,1,6,1,0
7011,1,3,34.45765455033108,57.23390436077199,0,10,0,0
7012,1,3,55.08502272715076,42.326786137885364,0,4,0,0
7013,0,3,66.32787990647242,47.22559172745069,0,8,0,0
7014,1,3,44.16517537896801,37.12495209986153,0,4,1,0
7015,0,3,75.37850407650006,29.309113800067614,1,7,0,0
7016,1,3,100.0,38.87043184501341,0,3,0,0
7017,0,3,55.87119693649327,11.181559223182724,0,7,1,0
7018,0,3,72.8065278009687,48.38936706031196,0,5,1,0
7019,1,2,67.08473985439508,54.43939248743165,1,5,0,0
7020,1,2,36.912798408424365,46.20838456391451,0,5,0,0
7021,0,3,46.95287028289538,13.485066792930441,0,2,1,0
7022,1,2,70.76989708564243,73.39326053417193,1,4,0,1
7023,0,3,48.10572313102192,24.123415296615594,0,3,0,0
7024,0,3,66.04531731282968,15.46981453763099,0,7,1,0
7025,0,3,62.24889765551972,31.285466869412055,0,2,1,0
7026,1,2,55.775915168546035,71.8584068649344,0,8,0,1
7027,0,3,51.852873045791426,30.11045333464482,0,2,1,0
7028,1,3,27.009894350186215,16.64286672046013,0,3,0,0
7029,0,2,68.42947715360438,23.98493162426865,1,7,1,0
7030,1,3,64.24832201300549,63.557341364987906,0,3,0,0
7031,1,2,62.188796712985805,54.41214142349991,0,2,0,0
7032,0,3,64.30706607902144,42.325883923065604,0,7,1,0
7033,0,1,69.72772657650475,47.82016362956295,1,7,1,1
7034,0,2,40.85814446157388,31.829306090604593,0,9,0,0
7035,0,3,70.49984283472783,20.28358096729677,1,3,1,0
7036,0,3,46.61205529981509,9.23751538663116,0,6,1,0
7037,1,2,52.99620595000845,63.700409624275224,0,4,0,0
7038,0,3,39.67291733801365,3.9463458973361067,0,5,0,0
7039,1,2,50.81702735703534,57.657267298579576,0,2,0,0
7040,1,3,29.17398810489219,30.21650605284937,0,7,1,0
7041,0,3,38.957659143920765,0.0,0,6,1,0
7042,0,3,77.10417255583025,26.474997720754562,0,6,1,0
7043,1,2,100.0,44.05855482905293,0,1,0,0
7044,0,3,57.141141672929486,12.944226467992554,0,4,1,0
7045,1,2,60.89093044612372,70.93315243900861,1,7,0,1
7046,1,2,51.26424629388481,65.78619664541985,0,7,0,1
7047,0,3,49.32198940794634,5.283276530594266,0,2,0,0
7048,0,2,68.57063503117536,41.08377173857582,1,5,1,0
7049,0,2,60.67990483837324,32.103120593724064,0,3,0,0
7050,0,2,37.91183211974288,2.093340097518163,0,3,1,0
7051,0,2,37.63358259372461,0.0,0,4,1,0
7052,0,2,47.89045644397812,5.346682280250884,0,3,1,0
7053,1,2,37.31681600556441,29.35603033449261,0,3,0,0
7054,0,3,73.22857731624985,19.79696761239146,1,2,0,0
7055,0,3,59.80793862789159,25.963552936559324,0,3,1,0
7056,0,3,35.071900823941846,0.0,0,2,1,0
7057,0,2,50.568359653912424,11.72765044915759,0,3,0,0
7058,1,3,43.80875802878942,43.47316368591827,0,9,0,0
7059,0,2,59.821942859539,3.8833427599823196,1,4,1,0
7060,1,3,11.841161338759358,28.832512699066218,0,3,0,0
7061,0,2,60.81095597873135,20.19325516060879,0,6,1,0
7062,1,3,30.699658957176766,23.047959573108688,0,4,0,0
7063,0,3,62.923187344426836,22.042222617813675,0,5,1,0
7064,0,3,63.70415744075132,38.6091361368327,0,4,1,0
7065,0,1,79.9752061056736,52.43895888348077,1,8,1,0
7066,1,1,72.79481806572835,72.25961902933604,0,8,0,1
7067,0,3,63.52577195288697,40.221035839599416,0,5,1,0
7068,0,3,48.001798327395214,17.453569919901256,0,10,0,0
7069,1,3,38.39789908573431,51.835212452772105,0,5,0,1
7070,0,2,51.15607524176406,15.908469028844472,0,5,0,0
7071,0,3,58.1580084899964,21.817963278195712,0,7,1,0
7072,0,2,45.41525784647783,4.468632460669636,0,3,1,0
7073,0,3,41.141368533654045,31.94270309183994,0,8,1,0
7074,0,3,36.74803145951412,20.15177339774559,0,4,0,0
7075,1,2,38.24204614609361,32.490466644272715,0,4,0,0
7076,1,2,55.03542904817076,65.46545057848378,0,7,0,1
7077,0,3,30.916726025200653,0.0,0,5,1,0
7078,0,2,58.47223338269867,36.20677838341876,0,5,0,0
7079,0,2,45.42475873664328,17.869805962451505,0,4,1,0
7080,0,2,59.011116517046894,11.23133477569428,1,3,1,0
7081,0,1,50.60455959858175,8.61138818335035,0,4,1,0
7082,0,3,28.731508115487227,9.620579909932312,0,6,1,0
7083,0,2,51.82313548986194,6.05312642595936,0,6,1,0
7084,0,2,53.80021570900145,34.03093743487087,0,5,1,0
7085,0,1,34.62271802986859,21.145041891615126,0,4,0,0
7086,0,3,32.88064414586187,25.91718918070503,0,5,1,0
7087,1,3,20.38311585686984,19.696356199827388,0,4,0,0
7088,0,3,46.74721247415041,10.532544043753354,0,11,1,0
7089,1,1,48.153361641502514,27.41574562006669,0,2,0,0
7090,0,3,38.18027184716114,17.844102761876698,0,5,1,0
7091,0,3,37.80461214814501,2.297696222126794,0,6,1,0
7092,0,3,52.32678043320142,22.08104545308297,0,8,1,0
7093,1,2,27.059663358070615,47.08875280739617,0,12,0,0
7094,1,3,44.713749771982926,51.66855385034259,0,3,0,0
7095,0,3,15.484196940600931,27.264815487740833,0,5,1,0
7096,0,2,20.53087486427758,0.0,0,4,1,0
7097,0,3,52.37271848997488,17.483623941749812,0,7,1,0
7098,0,3,43.014468986856215,6.352576457517049,0,4,0,0
7099,1,3,46.557685932858476,40.94435417532387,0,5,0,1
7100,0,3,56.09146789557186,54.24720615830769,0,11,1,0
7101,1,3,43.419425000699526,58.44281291629292,0,6,0,0
7102,0,3,41.10534545591503,34.61585483502617,0,9,0,0
7103,1,2,40.83765697680333,46.791321200381105,0,3,0,0
7104,0,1,63.55046204797831,33.79297153371474,1,4,1,0
7105,1,3,43.62110468515245,58.78057199871514,0,6,0,1
7106,0,3,28.457017367969865,0.0,0,3,1,0
7107,1,2,47.13743535845093,43.00384509696886,0,6,0,0
7108,0,1,42.74602734729979,25.40529662921671,0,3,1,0
7109,1,3,41.48022517776664,67.65321469559692,0,9,0,1
7110,1,3,41.885941865058506,34.995850584558745,0,7,0,0
7111,0,3,53.237454868054,22.942983867331222,0,3,1,0
7112,0,2,73.43143500014031,27.082801828767224,1,4,1,0
7113,0,2,52.17103868187234,35.948053358961374,0,8,1,0
7114,0,3,49.6975289056875,8.718271895588572,0,5,0,0
7115,0,2,86.27402014128114,14.074863023708584,0,6,1,0
7116,0,3,99.51865995959511,49.92081565237371,1,6,1,0
7117,0,2,23.757356690269223,10.989700625264835,0,3,0,0
7118,0,2,62.76172537326089,14.233344609141781,0,3,1,0
7119,1,2,34.175323866337834,33.32044116718642,0,6,0,0
7120,0,3,75.1098018813105,24.96740109927802,0,6,1,0
7121,0,2,75.41737453976653,11.786935816793346,1,2,1,0
7122,0,3,0.0,9.850252778620193,0,4,0,0
7123,1,2,68.53459846979783,73.88997331910826,1,5,1,1
7124,0,3,27.78716349516284,0.0,0,4,0,0
7125,0,3,39.267973842410946,4.7389550343048565,0,5,1,0
7126,0,2,53.939165437792944,18.6262975509019,0,10,1,0
7127,0,3,40.99197329073913,0.0,0,3,1,0
7128,0,2,62.32921124496305,31.63567476049286,1,2,1,0
7129,0,2,32.89020959857714,17.15352798944446,0,4,1,0
7130,0,2,40.11984085953175,27.350950576727033,0,6,1,0
7131,0,2,27.144105437422745,25.25063435362323,0,5,1,0
7132,1,1,67.9144940635565,47.0042863640856,1,2,0,1
7133,0,3,30.592126838777833,32.43415317962587,0,7,0,0
7134,1,3,34.412005983822624,34.25313197627429,0,6,0,0
7135,0,2,62.019110434688685,32.49071141809457,1,4,0,0
7136,0,3,22.00619691268917,11.520834192386655,0,5,1,0
7137,0,1,31.405654444362916,0.0,0,2,1,0
7138,0,3,87.88201385273157,10.320213218629874,0,5,1,0
7139,0,3,33.00589601701689,0.203600698702532,0,5,1,0
7140,0,3,38.04382000840921,23.740557950062247,0,6,0,0
7141,0,3,61.59883526419368,34.49395281900838,0,2,0,0
7142,0,3,67.40968418069266,24.770827318771843,0,5,0,0
7143,1,3,51.34653381392782,57.52468124753612,0,3,0,0
7144,0,2,79.6200929726612,48.210809273434066,1,4,1,0
7145,1,3,42.31090347670834,51.961163749860795,0,4,0,0
7146,0,2,36.15588122606251,17.219096840867586,0,4,1,0
7147,1,3,70.9446381168278,55.98301846506098,0,7,0,0
7148,0,3,42.19797146845182,29.589190745743988,0,7,1,0
7149,0,3,48.549787152621285,39.354473707391584,0,10,0,0
7150,1,3,66.31457396915289,43.19840452378498,1,0,0,0
7151,0,3,60.362275597381434,9.530185052567543,0,3,1,0
7152,0,3,79.57268077794194,54.07416023227468,1,7,0,1
7153,1,3,90.00072224398681,88.41011960609134,1,6,0,1
7154,0,1,37.65908470382086,3.9413312582875926,0,6,0,0
7155,1,3,53.63732723602306,42.587306852706156,0,5,0,0
7156,0,3,46.70602360012549,28.545904530553507,0,5,1,0
7157,1,3,92.1349904898299,55.16959092723612,1,1,0,1
7158,0,1,35.18629316559196,28.513695232877172,0,9,1,0
7159,0,3,39.2036674787073,7.90731376193368,0,6,0,0
7160,0,2,79.98526722511458,45.14921220135786,1,8,1,1
7161,0,2,73.69062590907265,39.38864095754578,1,3,0,1
7162,0,3,51.31438148524274,4.01131365683176,0,3,0,0
7163,0,3,75.81509706253286,25.2443472939168,1,4,0,0
7164,0,2,74.04568894260899,44.932052962599116,1,9,1,0
7165,1,3,41.203288471647646,28.064623244788123,0,3,0,0
7166,0,3,60.292908130630295,35.36406007805235,0,8,0,0
7167,0,3,64.55068407729419,17.31114587138511,0,3,1,0
7168,0,3,39.88918459691628,21.841925000221607,0,6,1,0
7169,1,3,64.22809323283914,71.55894702623063,0,4,0,1
7170,1,3,47.29040931557771,42.77723113093603,0,6,0,0
7171,0,3,37.77774139734576,2.9376077146466733,0,6,1,0
7172,0,1,79.78182781777423,52.40352687273771,1,4,0,1
7173,0,3,38.7621505498584,21.05472403154882,0,7,1,0
7174,0,3,96.64751930561374,14.02393312856918,0,3,0,0
7175,0,2,74.64303617206923,30.9795084704829,1,10,1,1
7176,0,3,51.258441322244124,28.42378130403229,0,5,1,0
7177,0,3,22.36129785126826,4.338906669966747,0,3,0,0
7178,0,2,41.41075673258535,2.988062847592734,0,4,1,0
7179,0,3,76.84550258082838,56.612871657022666,1,9,1,0
7180,0,3,29.841214262510775,0.0,0,1,1,0
7181,0,2,100.0,48.152923985286336,1,4,1,0
7182,1,3,54.94679331049733,44.01833972093017,0,4,0,0
7183,0,3,0.0,16.024697643296015,0,6,0,0
7184,0,3,49.60102574885868,13.908042210336236,0,7,1,0
7185,0,1,72.93707446601937,21.825555009328347,1,5,1,0
7186,0,1,41.425708318001206,21.563384173027263,0,4,1,0
7187,0,3,62.92710984495488,12.431754270006055,0,1,1,0
7188,0,2,54.97070461161512,2.7771331265681676,0,1,1,0
7189,0,3,78.55334959665988,21.870285570315087,1,3,1,0
7190,0,2,47.80468824601645,34.34131066807577,0,9,0,0
7191,0,3,67.1327033396495,34.323742789940916,0,3,1,0
7192,0,3,58.436270974658285,21.89572990279747,0,8,1,0
7193,1,3,52.017485587658705,41.64012688457119,0,7,0,0
7194,0,3,57.625449305948315,35.12684611936663,0,4,1,0
7195,0,3,59.89419720002658,10.114212543881447,0,3,1,0
7196,0,3,43.26316220651636,26.48594614786998,0,7,0,0
7197,1,3,54.822922833557065,77.7519841472622,0,9,0,1
7198,0,2,39.243053573120164,2.5966943368948083,0,4,0,0
7199,0,2,28.00535284329162,0.0,0,1,1,0
7200,1,2,22.352115803602395,54.698203948334246,0,5,0,1
7201,1,3,41.364695271753774,39.98344551627665,0,2,0,0
7202,0,2,68.37160494884301,40.383955459453766,1,6,1,0
7203,0,3,82.77324199491375,59.97300591067379,1,5,1,0
7204,0,3,47.609012187735146,8.418668949633426,0,5,1,0
7205,0,3,61.93917152610596,17.928940349486137,0,3,1,0
7206,0,3,57.88305267071444,41.797814021944305,0,8,1,0
7207,0,2,38.2659538972264,15.530245318244603,0,3,0,0
7208,1,2,63.41337447717127,46.705505869414836,0,3,0,0
7209,1,3,55.89677610829815,48.773100584611534,0,6,0,0
7210,0,3,54.65477526872481,30.908390622561246,0,5,1,0
7211,0,3,35.786578298664814,29.556442383153236,0,9,1,0
7212,1,3,47.53607237288504,62.7861996409226,0,6,1,0
7213,0,2,43.6910678761697,3.8261632217443307,0,3,1,0
7214,1,3,69.04493133038439,54.050718542815126,1,5,0,0
7215,0,3,45.9215976209356,3.631495341437736,0,2,1,0
7216,0,3,51.540097493365074,6.711244436416571,0,6,1,0
7217,1,1,53.87675778675373,46.1261981506967,0,4,0,0
7218,1,3,73.02175227763335,51.38428181430675,1,3,0,0
7219,1,3,71.22264680282292,75.58234489495216,0,7,0,1
7220,1,2,26.790027756991215,54.633116460582116,0,11,1,0
7221,0,2,51.9875813514577,25.424554909511723,0,2,0,0
7222,0,1,45.24225614103179,6.072170568498285,0,7,0,0
7223,0,3,74.10281492851334,42.592246647646775,0,4,1,0
7224,0,3,39.251612310494636,16.75953347558269,0,4,1,0
7225,0,2,51.36725854395996,10.657455509216602,0,4,1,0
7226,0,2,59.40867126514238,12.668732812536357,0,4,1,0
7227,1,2,68.28319446282619,25.727041998372556,0,4,1,0
7228,1,3,100.0,42.79883463948412,0,5,0,0
7229,0,1,38.22923357227815,24.21941584955365,0,6,0,0
7230,1,3,58.017351306812145,68.44093406429772,0,6,0,1
7231,0,3,57.921652270997065,38.960214843075626,0,6,1,0
7232,0,3,70.47070170455704,48.756218036305086,0,5,1,0
7233,0,3,41.28865173921149,30.084770997196117,0,2,1,0
7234,0,2,51.44946200700684,30.3305981924583,0,3,1,0
7235,1,2,45.53835058787861,41.55576353117382,0,7,1,0
7236,0,2,41.23709674407282,33.96935743720764,0,9,1,0
7237,0,3,59.445348319964154,38.0402254578616,0,5,1,0
7238,0,2,44.26491423912551,4.300806103407608,0,4,1,0
7239,0,2,63.00718528029125,17.165752756082124,1,4,0,0
7240,0,3,39.98743477439885,23.320870113610503,0,2,0,0
7241,0,2,45.606938205433224,7.405755936158978,0,5,0,0
7242,0,3,47.22377673213328,34.38888016152815,0,7,1,0
7243,0,3,34.93317570964445,19.068316356142166,0,4,1,0
7244,1,2,17.00381307195151,35.11646373742673,0,3,0,0
7245,0,3,41.56511407938075,0.0,0,4,1,0
7246,0,3,42.818036808336124,33.73635451163194,0,8,1,0
7247,1,3,39.12475742627495,39.609404057930064,0,8,0,0
7248,0,3,45.00056659521885,4.5400210754456545,0,4,1,0
7249,1,3,48.065433027492745,36.349585445648486,0,4,0,0
7250,0,3,38.619946788790955,32.15628902222613,0,8,1,0
7251,1,2,45.15887096108791,36.03699232396043,0,5,1,0
7252,0,3,9.39049365617154,14.78515403936792,0,12,1,0
7253,1,3,35.55246835714764,23.63182133827437,0,2,0,0
7254,0,2,39.274115240049625,22.509724726455158,0,5,1,0
7255,1,3,36.9880887999761,66.24914295702277,0,7,0,0
7256,0,2,49.5163972469786,14.422238206143724,0,6,0,0
7257,0,3,52.73643980228716,31.130577137229167,0,6,1,0
7258,0,3,63.010174355397616,35.73282378036952,0,5,1,0
7259,0,2,20.987494499241112,17.583657918166466,0,7,0,0
7260,0,2,57.0142650587001,10.270665791586632,0,5,0,0
7261,0,3,65.89553580030761,18.293523449894238,0,4,0,0
7262,0,3,50.43904735788227,17.86760228804048,0,2,1,0
7263,0,2,54.815037169659064,14.811884416628473,0,5,0,0
7264,0,3,42.499564784513026,7.52382846308584,0,7,0,0
7265,1,3,49.17366786040154,69.20827436412716,0,7,0,1
7266,1,3,56.97404168220698,65.07777206031811,0,4,0,0
7267,0,3,60.273994231693564,30.01600062497189,0,2,1,0
7268,0,1,37.63358982711667,0.0,0,3,1,0
7269,0,2,64.03630979559534,16.000267866376145,1,2,0,0
7270,0,3,59.20987908809814,14.627487155216624,0,3,1,0
7271,0,1,44.630668695003706,6.457217241727723,0,6,0,0
7272,0,2,31.623550105199623,16.334136482253584,0,6,1,0
7273,0,3,58.229422035513664,32.42367748703572,0,4,1,0
7274,0,3,54.5334279720353,22.344668061828013,0,2,1,0
7275,1,2,46.442429434484325,23.784806726574462,0,3,0,0
7276,0,2,38.6595762224797,10.151844530857787,0,0,1,0
7277,0,2,45.94987718223007,14.999251728444957,0,3,1,0
7278,1,1,45.16204915122766,45.0344084188813,0,11,0,0
7279,0,2,49.522290431449036,10.86633445081833,0,7,1,0
7280,0,2,23.3649485752811,14.258610723683617,0,6,0,0
7281,0,2,16.649278641254252,0.0,0,3,0,0
7282,0,3,60.48372410123647,36.656705817988055,0,3,1,0
7283,1,2,43.47123960440136,30.246616753973985,0,2,0,0
7284,1,3,70.26803023411529,80.22598301179323,1,8,0,0
7285,1,1,58.16006165992835,50.373753250890516,1,5,0,0
7286,1,2,34.563552187991334,25.882719198887447,0,3,0,0
7287,0,2,61.132404833505994,35.317418426426904,0,5,1,0
7288,0,3,74.48040978111456,35.5061333172016,0,8,1,0
7289,0,3,59.95970752119725,29.10855430227918,0,3,1,0
7290,0,3,0.0,35.670722519878446,0,7,1,0
7291,1,2,73.62931985198904,50.94597162543323,1,3,0,0
7292,0,3,35.13856244792919,8.268288418095658,0,10,1,0
7293,0,2,53.33737421395053,22.602248046056616,0,4,1,0
7294,1,3,47.67479275300605,54.927119635262564,0,5,0,0
7295,0,3,49.79003312841235,11.152873410397735,0,4,1,0
7296,0,3,73.74201187068846,24.55657486200442,0,4,1,0
7297,0,2,68.49812259387947,18.539169432040676,0,5,0,0
7298,0,2,41.4878118577469,29.1048308041396,0,6,1,0
7299,0,1,52.39186684074573,24.39018947413287,0,3,1,0
7300,1,2,54.14781531924719,43.985256363816745,0,3,0,0
7301,0,2,48.11001118748894,33.653255865747276,0,5,0,0
7302,0,2,48.79319715114273,24.26084336438231,0,10,1,0
7303,0,3,54.96430244494166,13.473457910537983,0,2,1,0
7304,0,2,51.00039111028774,4.568148586725421,0,4,1,0
7305,0,2,78.6722318201864,30.038925523630944,1,5,1,1
7306,0,2,38.70280227880268,31.9517032688798,0,11,1,0
7307,0,3,39.309766370350474,16.233615396421385,0,3,1,0
7308,0,3,64.8702428820494,43.43067256876467,0,9,0,0
7309,0,3,67.4740793849256,15.921947732104764,0,2,0,0
7310,1,2,65.22246425070121,72.61259835999385,1,4,0,1
7311,1,3,45.15309076669537,54.271067727138735,0,5,0,0
7312,1,2,59.995179716909014,64.70991232501949,0,4,0,0
7313,0,2,16.06802540414062,5.753662852674327,0,4,1,0
7314,0,3,43.22270810794125,25.92208049651886,0,5,1,0
7315,0,1,57.31974428880435,31.81327773923945,0,3,1,0
7316,0,2,40.93476360574165,28.1375879175773,0,9,1,0
7317,1,3,45.98859313400258,55.869636295846,0,4,0,0
7318,0,3,47.0745047584383,29.14549478950416,0,3,0,0
7319,0,3,38.67713185961832,16.529565735845424,0,8,0,0
7320,1,2,61.116509205715445,77.08778227794387,0,10,0,1
7321,0,2,38.67697577741833,8.074683914643268,0,6,1,0
7322,0,2,67.05926236848401,49.430365428372916,1,9,1,0
7323,1,2,68.86363696723792,57.67454735540906,1,8,0,1
7324,1,3,43.12523851963648,45.66674561266576,0,3,0,0
7325,0,2,42.13435797795752,20.35103824036968,0,4,1,0
7326,0,2,60.68397043752237,16.623874568635845,0,6,1,0
7327,1,3,45.848163684524906,66.4979897332737,0,11,0,1
7328,0,3,46.17575175659451,7.100129653377355,0,4,1,0
7329,0,3,32.257118533140904,4.17065986140075,0,7,1,0
7330,0,1,24.8618466069212,32.01915545871142,0,10,1,0
7331,1,3,22.856437225777167,18.218338587714715,0,3,0,0
7332,0,3,61.94649551548382,38.446544088062225,0,3,1,0
7333,1,1,62.44682617037957,70.94215201410452,1,6,0,1
7334,0,3,0.0,16.516870291876828,0,5,1,0
7335,0,3,54.639015448506306,7.733710677633245,0,2,1,0
7336,1,3,55.26434212840954,48.29453610424961,0,6,0,0
7337,0,3,75.72721777820136,24.60531099613402,1,4,1,0
7338,0,3,35.90630143383644,14.338838598467412,0,2,0,0
7339,0,3,65.86706890595026,37.50563771541062,0,5,1,0
7340,0,3,45.01370604937195,12.463486145971228,0,4,1,0
7341,0,2,42.29019831595551,28.66899809104861,0,6,1,0
7342,0,2,54.33161015246191,26.89606177746808,0,4,1,0
7343,1,3,34.35048163190246,23.052637847372722,0,5,0,0
7344,0,2,55.17024329369669,8.801687441015977,0,3,1,0
7345,0,1,62.6370790339876,23.493788151790955,1,5,0,0
7346,0,3,56.055748354964955,29.298039380244322,0,2,1,0
7347,0,3,87.29842733190137,38.50980715086139,1,7,1,0
7348,1,2,59.162564921254976,48.565977604990984,0,7,1,0
7349,1,1,67.34561526151234,80.81188380499567,1,9,0,1
7350,1,3,42.08438832321508,58.52942289980387,0,5,0,0
7351,1,2,46.14204206326633,38.51702530107402,0,4,0,0
7352,0,2,46.23446506260053,5.822923584749913,0,4,0,0
7353,1,2,55.94020344100646,46.205412833059185,0,6,0,0
7354,0,3,47.197299075636714,35.87554587672886,0,8,1,0
7355,0,2,59.63824275406231,35.85875428407726,1,6,1,0
7356,0,3,52.0504466877962,0.22191735015835423,0,5,1,0
7357,0,3,76.98976688477659,46.75838881091775,1,6,1,0
7358,1,3,58.538429947035524,28.763275758800987,0,0,1,0
7359,0,3,62.00804608667339,35.79862230804288,0,3,1,1
7360,0,3,45.387504348097345,26.999532563201985,0,3,1,0
7361,0,2,48.3542501638143,6.159526032708148,0,3,1,0
7362,1,2,39.772771567161946,28.498808365240627,0,3,0,0
7363,0,3,36.95920991411811,20.254323765447484,0,4,1,0
7364,0,3,8.38656017584015,2.2461188478396092,0,5,1,0
7365,0,2,58.38075027692822,38.96137055285608,0,5,0,0
7366,0,2,37.670202619079916,3.857185886590868,0,6,1,0
7367,0,2,60.98199609746552,30.891649086642126,0,5,1,0
7368,0,2,55.087768953253864,19.615919992394684,0,9,0,0
7369,1,3,62.92846888939866,60.949488296288344,0,2,0,1
7370,0,3,59.949673508983345,43.84819250288644,0,6,0,0
7371,0,3,100.0,38.21911085376186,0,6,0,0
7372,0,3,57.30276049155911,8.704968630495822,0,2,1,0
7373,1,3,56.73326738118215,40.17497228710552,0,3,0,0
7374,0,3,55.70004897387024,10.654703890612604,0,4,0,0
7375,1,2,43.74576832651409,35.30808458539636,0,4,0,0
7376,0,3,44.448690413367395,12.703487324305415,0,7,0,0
7377,0,3,61.62007305233005,11.312151210190047,0,2,1,0
7378,0,3,61.958579942218556,14.862206479984563,0,6,1,0
7379,0,3,57.9403653889768,32.86217411826995,0,3,1,0
7380,0,3,73.29058556403542,36.872583619526246,0,2,1,0
7381,0,2,49.26149525478889,15.950015706576558,0,7,1,0
7382,0,2,53.10901783097577,32.049810486998716,0,5,1,0
7383,0,2,57.092096978249714,9.776704524228188,0,4,0,0
7384,1,3,50.03592296359449,54.09532025720562,0,3,0,0
7385,0,3,80.71243466963324,70.26605495539292,1,7,0,0
7386,1,3,72.22288043488724,69.3440210165498,0,4,0,1
7387,0,1,53.55814234291224,12.872327813706395,0,6,1,0
7388,1,3,54.580473379877674,68.10038228309566,0,7,0,0
7389,0,3,40.41365064918217,0.0,0,3,1,0
7390,0,2,47.478681418634025,16.082145255500016,0,5,1,0
7391,0,2,36.04945291107073,25.592401535199052,0,9,1,0
7392,0,2,37.796367654442065,0.0,0,1,1,0
7393,0,3,87.8208292113051,44.35964609537465,1,3,1,0
7394,1,3,63.985757357047625,62.22663220957538,0,2,0,0
7395,0,3,71.86975528844614,41.81420448855168,0,6,0,0
7396,0,3,46.18076464670636,28.57157432160304,0,6,1,0
7397,0,2,55.918708098633395,8.660134707874514,0,3,0,0
7398,0,3,85.1833859100353,41.28754636511084,0,5,0,0
7399,1,3,56.17496129719346,55.29248460282933,0,3,0,0
7400,0,2,51.238814713248765,16.41312950656321,0,6,1,0
7401,0,3,55.90630434987596,40.37444956399103,0,6,1,0
7402,1,2,79.78855010208508,80.79741317747356,1,4,0,1
7403,1,2,50.37934546087543,44.15399069732535,0,7,0,0
7404,0,3,27.835010586497837,0.0,0,7,1,0
7405,0,2,19.379253801050652,11.617441048364004,0,4,0,0
7406,0,3,32.75421092038183,0.0,0,4,1,0
7407,0,2,45.93905072330971,18.116397844440574,0,10,1,0
7408,0,3,39.4247241782935,34.99506258053037,0,11,0,0
7409,0,3,38.79802538915991,0.0,0,3,1,0
7410,1,3,52.195609056991806,43.69068029468112,0,6,0,0
7411,0,3,50.35878405883097,33.19331718647282,0,8,1,0
7412,0,3,63.664298295228335,33.63702572986671,0,4,1,0
7413,0,1,48.701623504391264,19.18260590321565,0,1,1,0
7414,1,3,56.12521265656036,60.51764894665688,0,3,0,1
7415,0,2,28.538744965920856,0.0,0,3,1,0
7416,0,2,53.442935119600165,17.579074120056056,0,5,1,0
7417,0,1,39.428269712202166,24.906752200299355,0,8,0,0
7418,1,3,52.80563609528264,59.86413239995681,0,4,0,0
7419,0,3,38.63562982116693,18.82714150103097,0,5,0,0
7420,0,3,19.194356048944982,0.0,0,8,1,0
7421,1,2,82.07147664449836,58.44557438089998,1,3,0,1
7422,1,2,63.73408935885352,56.12332957202563,1,7,0,1
7423,0,3,60.477469409051686,16.377667895395017,0,6,1,0
7424,0,2,62.961374526794735,39.11590850942075,0,5,1,0
7425,1,3,53.405743904093036,60.00409870112391,0,5,0,0
7426,0,3,50.395634531169996,36.54850798144273,0,9,1,0
7427,0,3,29.980359613699093,0.0,0,5,1,0
7428,0,3,40.522465079376914,3.4158728387283235,0,5,0,0
7429,0,1,49.83756746941605,28.467840472990268,0,6,1,0
7430,0,2,43.891507526595255,4.962985425389924,0,7,1,0
7431,0,2,56.3402356916019,39.99506441446447,0,7,1,0
7432,1,3,26.028725933680622,20.457920633193353,0,2,0,0
7433,0,3,39.63263095214433,29.90606825662659,0,9,1,0
7434,0,2,67.35118791787141,47.942296409375956,1,9,1,0
7435,0,3,57.54129599744465,9.225862371137797,0,3,1,0
7436,0,2,51.45217555077501,17.815557914669668,0,8,0,0
7437,0,3,44.570070737339854,10.253187830397755,0,4,1,0
7438,0,2,52.44890648527355,45.25683337273014,0,12,0,0
7439,0,1,32.846212666292736,18.971502262803522,0,6,1,0
7440,1,2,42.10085985371702,68.55001783096839,0,11,0,1
7441,1,3,56.12055005181579,42.57218080212102,0,5,0,0
7442,0,3,40.99499455001068,19.72965452795042,0,3,1,0
7443,0,2,67.41955552716256,39.60289689552261,1,5,0,0
7444,0,2,30.771794229093604,0.0,0,5,1,0
7445,1,2,70.93078569242651,80.12935375128569,1,9,1,1
7446,0,3,39.3919823072628,30.70385680832087,0,6,0,0
7447,1,2,31.679139145276004,37.95206568969817,0,8,0,0
7448,1,3,60.55328076134258,63.61733846930808,0,3,0,1
7449,1,2,74.94883135576255,79.50972275270824,1,6,0,1
7450,0,2,68.66660188976451,20.1834346010085,1,4,1,0
7451,0,2,77.90811194571313,25.923418134021215,1,5,1,0
7452,0,2,35.894672539194225,20.165094725286917,0,5,1,0
7453,0,3,56.18738344704743,11.966299308439005,0,4,1,0
7454,1,3,44.74898360448265,32.4462107485669,0,5,0,0
7455,0,2,25.94930637472665,14.355656864373264,0,5,1,0
7456,0,3,54.15121763382522,12.711299122177998,0,4,1,0
7457,1,3,65.95206568914142,66.52165169934874,0,5,1,0
7458,1,2,33.44222891678384,54.55650616572604,0,8,0,0
7459,0,3,37.4012390335243,0.0,0,4,1,0
7460,0,2,46.2574618470075,24.72106280673481,0,5,1,0
7461,0,3,53.277843077989644,11.197388821490417,0,4,1,0
7462,0,3,51.64395179860782,17.343975771242512,0,4,1,0
7463,0,3,53.843630488270605,12.450356792824852,0,7,0,0
7464,0,2,85.1084540437212,30.48924897678421,1,7,1,0
7465,1,3,45.17130009364548,55.985264152758646,0,4,0,0
7466,0,2,60.3154638820011,37.03855341261727,0,6,1,0
7467,0,2,61.07606641642813,41.41938377522508,0,7,1,1
7468,0,3,42.92704816678896,0.0,0,1,1,0
7469,0,1,25.53847193438337,0.0,0,6,1,0
7470,0,2,48.93450974742627,9.024966014917606,0,6,1,0
7471,0,3,12.643619925832553,0.0,0,10,1,0
7472,0,2,58.17731188440437,36.66368767530471,0,6,1,0
7473,0,3,61.48658019797968,16.824868141836127,0,7,1,0
7474,0,1,53.3535550725026,10.37397205109247,0,5,1,0
7475,0,3,38.7715038687078,22.006626427351627,0,7,1,0
7476,0,2,21.693067016340073,3.628855360589948,0,1,0,0
7477,1,2,46.775835370310254,38.9611438247578,0,6,0,0
7478,0,1,49.31370240559614,35.79663067635241,0,7,0,0
7479,0,2,52.95582879618012,9.052673817311225,0,4,1,0
7480,0,2,30.516595368757155,19.57148771702463,0,7,1,0
7481,0,2,45.54249984936483,22.649321517744248,0,3,1,0
7482,0,2,47.08855376524157,21.156229043871182,0,12,1,0
7483,0,2,69.56153360571541,45.17712803297266,1,3,1,0
7484,0,3,31.390652404724197,20.259758977784063,0,5,0,0
7485,0,3,35.83150098206934,0.0,0,5,0,0
7486,0,2,47.5858250675584,22.48679231523835,0,3,0,0
7487,0,3,61.96857432144945,11.378649199289157,0,5,0,0
7488,0,2,64.65046958275077,21.86331902885045,1,4,1,0
7489,0,2,48.44758545692567,5.345557251207492,0,3,0,0
7490,1,2,31.33136758431915,26.071593626831284,0,4,0,0
7491,0,2,68.50324149755934,36.535138698849586,1,3,1,0
7492,0,3,45.78441729517223,11.359276352271548,0,6,0,0
7493,0,2,9.425007429897326,4.441315688326678,0,6,0,0
7494,1,2,66.74664784360583,52.016394240096275,1,4,0,0
7495,0,2,45.20449586289399,15.84879162816549,0,9,1,0
7496,0,3,63.19913165018656,19.332751018702858,0,5,1,0
7497,1,3,46.10968236683354,38.95905219012564,0,7,0,0
7498,0,2,32.73505168507621,0.0,0,4,1,0
7499,1,3,67.69688637249088,60.69615388838328,0,7,1,0
7500,0,2,46.30905348428629,9.677942609524596,0,6,0,0
7501,1,2,48.19863684150011,50.58950841742151,0,2,0,0
7502,0,3,53.870899831319925,32.01103870501796,0,5,0,0
7503,0,3,36.724396033093306,0.8059394507534874,0,4,1,0
7504,0,3,25.602596296174262,12.676397369253674,0,5,1,0
7505,0,3,37.89606994201061,13.10442557269474,0,8,1,0
7506,0,3,4.6102506343454195,0.0,0,6,1,0
7507,0,3,50.97657723620822,20.05791579583432,0,8,1,0
7508,0,3,58.00694621945103,30.89730088660528,0,4,1,0
7509,1,3,40.77703368846699,49.16814604854299,0,3,0,0
7510,1,2,63.82364171726131,47.018332601328126,1,3,0,0
7511,0,3,52.59969598692919,25.50159063761178,0,3,1,0
7512,0,1,73.28300610450341,17.96697153272784,1,3,1,0
7513,0,3,70.95480941092757,32.5494155713441,0,7,1,0
7514,0,2,49.267275825991874,5.756147763735138,0,2,1,0
7515,0,2,54.18576504372942,10.622409417980341,0,4,0,0
7516,0,3,32.218731194724434,14.82848677278784,0,2,1,0
7517,1,3,47.43821771236831,62.44461409939765,0,6,0,1
7518,1,2,36.20851679916503,47.14417066764048,0,2,0,0
7519,1,3,64.64718907585858,39.014895450004374,0,2,0,0
7520,1,3,35.507137678557754,22.276211070491136,0,2,0,0
7521,1,2,54.7996533728208,71.14402330095476,0,6,0,0
7522,0,3,59.43908554149635,17.49975729077709,0,7,0,0
7523,0,3,41.120251409355,28.437853783071706,0,5,1,0
7524,0,2,45.15152793794036,7.940844186330358,0,7,1,0
7525,0,3,69.73377415845684,51.23750804100377,0,9,0,0
7526,0,2,46.06644912690997,19.420511934631037,1,7,1,0
7527,0,3,54.057851921162204,26.233411033460914,0,1,1,0
7528,0,2,49.231225350420644,18.777906885941245,0,1,1,0
7529,0,2,36.69976363071685,11.25468598537045,0,1,1,0
7530,0,2,43.74194830414964,29.74179349242583,0,5,1,0
7531,0,2,36.56909733720134,23.005021116986548,0,4,1,0
7532,0,2,45.7337738406744,24.934557732547333,0,4,1,0
7533,0,2,35.254428179029304,3.7608799621732683,0,6,0,0
7534,1,2,60.41806571416149,56.75808876603944,0,6,0,0
7535,1,3,30.34385597110083,51.21148632976692,0,5,0,0
7536,0,3,42.67203427937113,3.8827458543156315,0,4,1,0
7537,0,3,44.479001125066816,0.0,0,5,0,0
7538,0,2,34.20227808261436,19.120105773282294,0,5,1,0
7539,0,2,17.606233937841647,1.7908994347711809,0,1,1,0
7540,0,3,53.11939412893119,10.580988475147123,0,5,1,0
7541,0,2,53.057699385456885,11.68308106232291,0,4,0,0
7542,1,3,68.9061973661653,40.91553126002615,0,1,0,0
7543,1,2,48.856344513967535,68.47044071001221,0,10,0,0
7544,0,2,37.187884617035024,0.0,0,3,0,0
7545,0,2,53.90926094362557,7.050830264671962,0,5,0,0
7546,1,3,74.54600921316766,57.238379526137145,0,7,0,0
7547,1,2,44.16077683947487,38.65775665130725,0,7,0,0
7548,0,3,50.49872005032177,14.602106302741687,0,3,1,0
7549,0,3,70.38735793553795,33.20534233647204,1,1,0,1
7550,0,2,53.53320239103514,45.17417532181113,0,13,1,0
7551,1,3,62.29515210042559,41.898099371306905,0,4,0,0
7552,1,3,69.24667169812383,50.16007590238908,0,6,0,0
7553,0,3,0.0,0.0,0,5,1,0
7554,0,3,0.0,6.173243707427798,0,7,0,0
7555,0,3,53.59383320545941,0.9437726496836858,0,0,1,0
7556,1,3,52.536232504945026,40.21593022829848,0,5,0,0
7557,0,2,40.13646293895576,20.9892245206048,0,4,0,0
7558,0,3,17.15327866960952,1.0187875586620958,0,9,0,0
7559,0,2,0.0,0.0,0,3,1,0
7560,0,2,72.51323511843735,17.02813326228772,1,4,1,0
7561,0,3,46.3291821841508,21.700026441481683,0,4,1,0
7562,1,3,62.97960724194901,45.49224752808406,0,4,0,0
7563,0,1,54.00675588160977,15.270249055842118,0,7,0,0
7564,0,3,37.436654762330235,6.094755768757201,0,6,0,0
7565,0,1,61.72819042689355,28.782996116935262,1,8,0,1
7566,1,2,26.239169026523534,22.90759985344649,0,4,0,0
7567,0,3,54.80006224942281,31.192650007399816,0,4,1,0
7568,0,2,36.60222750594007,20.024551544425922,0,4,1,0
7569,1,2,61.66076236883867,60.695625973130554,0,5,0,1
7570,1,3,57.908125904013964,43.831478605004925,0,5,0,0
7571,1,3,50.20364397872884,41.757915566485075,0,7,0,0
7572,0,2,41.815736630896545,4.094524901356978,0,6,1,0
7573,0,3,27.92498061992442,17.31329829855929,0,6,0,0
7574,0,2,39.059961370325425,0.0,0,3,1,0
7575,0,2,42.368350582262565,11.828011633581927,0,5,0,0
7576,1,2,56.06386391148591,60.86420116920626,0,5,0,0
7577,1,2,57.181539558989314,63.47326461733857,0,4,0,0
7578,1,2,30.171720091310544,21.995617298890796,0,3,0,0
7579,1,2,51.52688108900193,61.353837738394226,0,5,0,0
7580,0,2,70.80525287880926,37.63671130898491,1,1,1,0
7581,1,3,56.14935629606815,60.18920994964861,0,6,0,0
7582,0,3,67.57942778131141,39.57609976814067,0,4,0,0
7583,0,2,75.69615211920687,54.26381640734444,1,9,1,1
7584,0,1,58.00279425432603,28.909500076066898,0,4,1,0
7585,0,2,52.245303303733905,16.868893089081826,0,5,0,0
7586,0,2,31.889078991695495,0.0,0,4,0,0
7587,0,1,54.76077188474073,38.226361858725404,1,6,1,0
7588,1,2,64.67771612522128,51.99036397441509,1,3,0,0
7589,0,2,34.799339659246016,0.0,0,5,1,0
7590,0,3,37.863814984482445,20.798614206677183,0,4,1,0
7591,0,2,59.17080141965619,35.33030882680383,0,5,0,0
7592,1,1,67.82894023316481,60.32994093160604,1,4,1,0
7593,1,3,59.60428242568662,44.31687843207925,0,6,0,0
7594,1,2,76.0490526127218,75.52705931047174,1,3,0,1
7595,0,3,50.82756016317493,12.10543031143563,0,6,1,0
7596,0,3,62.417444130775536,45.3686092196532,0,8,0,0
7597,0,3,51.91417436775876,7.296560694194425,0,3,0,0
7598,0,2,29.459063105100704,19.535659338564383,0,8,1,0
7599,0,3,56.17624594159581,35.70480122839923,0,5,1,0
7600,0,3,64.49881775510455,39.70413855252343,0,7,0,0
7601,1,3,58.95629966708363,45.27740427865259,0,7,0,0
7602,0,3,35.66821598566832,22.77055985956737,0,5,1,0
7603,0,3,53.69892821012235,5.750939693034551,0,2,1,0
7604,1,2,40.68805066011841,35.55718753252818,0,5,0,0
7605,1,2,21.061758167636505,24.799009939816514,0,2,0,0
7606,1,2,51.7129359289058,57.963193483100916,0,3,0,1
7607,1,2,66.38938700353494,71.6823795564899,1,5,0,1
7608,0,3,79.92390000766964,45.140550260272725,1,3,0,1
7609,0,2,55.95060061591095,28.892879979075044,0,5,1,0
7610,0,3,46.921294433348244,30.047096169093557,0,7,0,0
7611,0,3,45.99447776854715,30.117111750390197,0,8,0,0
7612,0,2,80.00738187007127,53.54428435487125,1,6,1,0
7613,1,3,85.51007503829578,82.32420213262019,1,2,1,1
7614,0,3,71.62167832343621,39.268717009663845,1,3,1,0
7615,1,3,48.25428705811414,50.79035560869519,0,1,0,0
7616,1,2,35.6798963319152,45.477508583382466,0,11,0,0
7617,0,3,46.26964440406488,10.364347750435643,0,6,1,0
7618,0,3,53.922262760206856,29.169477843711412,0,1,0,0
7619,1,3,44.877511362961734,43.84199223636695,0,8,0,0
7620,0,3,54.654045195110776,20.622367818814006,0,5,1,0
7621,0,3,74.7586708581428,39.76678200322458,0,5,0,0
7622,1,3,71.8813390230017,53.1775077129501,0,3,1,0
7623,0,2,75.49019134832574,17.34272357713667,1,1,1,0
7624,0,2,56.19716693964093,22.341344014252414,1,6,1,0
7625,0,3,68.62704234739593,45.15826306526632,1,6,1,0
7626,0,3,50.98934721145897,23.104704751972488,0,1,1,0
7627,0,3,47.81691395900645,6.373586390864641,0,3,1,0
7628,1,3,45.544434935565654,34.63375153922897,0,3,0,0
7629,0,3,31.68118842538095,0.0,0,3,0,0
7630,0,3,17.93001830075748,0.0,0,5,1,0
7631,0,3,57.17769260163917,25.884604594081626,0,7,1,0
7632,0,2,51.25918654971129,28.039943214452084,0,5,1,0
7633,0,3,34.13589773507473,23.96627021916249,0,7,1,0
7634,0,2,49.545080002294924,13.86087218133039,0,6,1,0
7635,1,3,56.88891573931116,49.00246663749693,0,4,0,0
7636,0,2,62.72079654978603,24.18401361053401,1,5,1,0
7637,0,3,71.51290403811133,23.036256205443177,1,5,1,0
7638,0,2,45.14563133175398,18.460082940353892,0,8,1,0
7639,0,3,43.197399476450286,3.596262421787711,0,4,0,0
7640,1,3,61.283265803361914,40.91950645926253,0,2,0,0
7641,1,2,86.01804486253893,39.42069636614795,1,1,0,0
7642,0,2,66.60958303241456,23.230590248013065,1,4,1,0
7643,0,3,79.1714058807706,30.014774837981406,1,6,1,0
7644,0,3,100.0,38.168058096886725,0,5,1,0
7645,0,2,30.750121253864922,0.0,0,2,1,0
7646,0,1,71.17412159471888,49.95585857659876,1,8,0,1
7647,1,2,10.965182605713448,24.749777139586172,0,0,0,0
7648,1,2,44.420266221194495,52.80753135028644,0,4,0,0
7649,0,2,62.07505359593905,25.698423671600725,0,6,0,0
7650,0,3,37.294495359767666,0.0,0,1,1,0
7651,0,3,49.06877935660649,29.823991134086302,0,5,0,0
7652,0,2,68.39414096483436,47.78249514334999,1,7,1,1
7653,0,3,100.0,15.984597590917922,0,5,1,0
7654,0,3,62.19691249504343,16.097470398653886,0,4,1,0
7655,0,3,57.76268077623209,12.825346984005838,0,5,1,0
7656,0,2,37.218606980894116,0.9580153726397698,0,3,0,0
7657,1,3,92.83154087967164,93.37380534425954,1,5,0,1
7658,0,3,8.626069712809457,0.0,0,5,1,0
7659,1,3,39.40561453824228,66.59530133748085,0,8,0,1
7660,0,2,39.03008395874052,20.540264415387416,0,4,1,0
7661,0,2,72.1877987312782,11.946867486311287,1,1,1,0
7662,1,2,32.767800420063644,29.983109546620454,0,5,1,0
7663,0,2,28.494551771082655,0.0,0,1,1,0
7664,0,3,34.87249575364713,0.8814055212789442,0,5,1,0
7665,0,3,27.87750214034631,21.08891864269563,0,5,1,0
7666,0,3,46.475402187577274,32.47810976294247,0,7,1,0
7667,0,3,48.440414087747136,25.980830451364806,0,4,1,0
7668,0,2,45.0683584360534,2.8471229320334914,0,4,1,0
7669,1,3,32.966779242408315,56.63854868361228,0,9,0,0
7670,1,3,20.767465211475077,54.75423997685748,0,9,0,0
7671,0,2,54.933791908946716,12.109575186067705,0,3,1,0
7672,0,3,84.03637836356248,25.288543161353623,1,4,1,0
7673,1,2,59.01489185307927,41.66930043930647,1,2,0,0
7674,0,3,43.165446962649355,39.96144817020968,0,7,1,0
7675,1,3,55.21116443295323,70.60629645880053,0,8,1,0
7676,1,3,42.702057105622195,33.502012798040845,0,6,0,0
7677,1,3,70.07006246861283,49.529966068144866,0,4,0,0
7678,0,3,30.386165240080295,14.314029297404264,0,5,0,0
7679,0,2,43.85596989826601,26.941887318608867,0,3,0,0
7680,0,2,23.23777682204777,0.0,0,4,1,0
7681,0,3,68.37079357321673,41.104576631466195,0,5,1,0
7682,0,2,42.04071569999705,23.98221740524081,0,4,1,0
7683,1,3,56.78489177739386,57.32410034153592,0,1,0,0
7684,0,3,51.73683226703664,6.281958450526203,0,5,1,0
7685,0,2,66.74931441163164,41.75181093609846,1,5,0,0
7686,0,3,57.09169736245777,34.87464706053636,0,5,0,0
7687,0,3,51.77212135983476,32.83857513304415,0,6,1,0
7688,0,2,35.604760077883576,11.560279784722075,0,8,1,0
7689,0,2,59.37916507827197,11.642211775732868,1,5,1,0
7690,0,2,72.54904181556904,47.73102020817925,1,6,0,1
7691,0,3,49.60835416816408,1.179358838665344,0,4,0,0
7692,0,3,33.85990653916393,16.672967408124386,0,5,1,0
7693,0,3,64.53010743176522,44.49277132701582,0,5,1,0
7694,0,2,85.41164116831364,52.24054956652626,1,5,0,1
7695,1,1,56.074936508988394,65.87465285576305,0,4,0,0
7696,0,3,50.34362579187623,25.50608396062169,0,5,0,0
7697,0,3,48.507359105364024,23.932381897378068,0,3,0,0
7698,0,3,62.76563345553784,15.48704901365419,0,3,1,0
7699,1,3,21.75244274288778,43.20619367306771,0,7,0,0
7700,1,2,66.61613937940481,65.87492698633146,1,4,0,1
7701,1,2,0.0,51.632932112187675,1,3,0,0
7702,0,3,54.36586336379857,35.934090611144576,0,5,1,0
7703,1,2,35.59634311306287,60.52040745248344,0,5,0,0
7704,0,3,35.89313182510096,17.027620188941096,0,2,0,0
7705,0,2,87.2911021671688,32.98091131549308,1,5,0,1
7706,0,2,62.922587056188675,24.90033520750512,0,10,0,0
7707,0,3,57.43098160177195,18.848757681489392,0,6,1,0
7708,1,3,56.21942027397065,42.33172420728237,0,5,1,0
7709,1,3,67.76539221409497,78.59992789424723,0,7,0,1
7710,1,2,54.1091143030324,61.007799444428784,0,3,1,0
7711,0,2,35.46620941560022,0.21096533255057526,0,5,0,0
7712,0,3,61.372678870596054,14.017883251504703,0,4,1,0
7713,0,2,56.03198595975031,35.45471040491514,0,6,0,0
7714,1,1,34.20152706999306,51.121082904938746,1,5,0,1
7715,0,2,80.04088518150249,28.709272957732423,1,4,1,0
7716,0,1,49.89269945885309,15.493841507035745,0,6,1,0
7717,0,3,47.50748477603702,0.0,0,4,1,0
7718,1,3,50.978910067447195,38.190238183917245,0,4,0,0
7719,1,3,58.67909713277767,64.73946449003506,0,6,0,1
7720,0,2,77.28236123747243,42.81592882806974,1,3,1,0
7721,0,3,37.33034359289001,0.0,0,3,1,0
7722,0,2,40.59070602827381,34.13906431951055,0,4,0,0
7723,1,3,41.443490147079025,35.07165373367892,0,5,0,0
7724,0,3,16.803190331202146,17.40967201690089,0,9,1,0
7725,0,3,64.61500060593166,19.036199095099022,0,7,1,0
7726,0,2,64.52215351466604,25.80562307432663,1,9,1,0
7727,0,3,58.359663421416876,39.18838182509979,0,10,1,0
7728,0,2,25.16369922708457,19.63546663699234,0,6,1,0
7729,1,2,53.32822734626313,39.21004697032638,0,3,0,0
7730,1,2,79.05437595065028,67.39689264220867,1,4,0,1
7731,1,3,74.04820418805073,50.578328714931395,1,2,0,0
7732,0,3,60.496238852502756,39.27454924629884,0,5,1,0
7733,0,3,68.09116636879033,45.36666562812539,0,6,1,0
7734,0,3,52.03488408096707,24.844397160460723,0,1,1,0
7735,1,3,72.81398275843472,54.389172644339645,0,6,0,1
7736,0,3,56.00603273039202,16.182680407205517,0,5,1,0
7737,0,3,42.83360417410785,12.987934464769232,0,9,1,0
7738,0,2,24.759134074782413,0.0,0,3,0,0
7739,0,3,35.61404070155343,0.9940332047410667,0,5,1,0
7740,0,2,63.53503188239082,18.059452665511337,1,3,1,0
7741,0,3,52.59632109599084,34.2242005128378,0,6,1,0
7742,0,2,40.157164817919835,21.198541618220407,0,5,1,0
7743,0,2,39.56131711047455,2.7230289954260662,0,5,0,0
7744,0,2,55.98281022296123,10.238937064401284,0,4,1,0
7745,1,2,92.46631091256698,55.81035713878356,0,4,0,1
7746,1,2,36.26633404851867,51.60360252704138,0,3,0,0
7747,0,3,33.27082221288582,3.4432229267325294,0,6,1,0
7748,0,3,78.40811353038143,47.22512009950717,0,5,1,0
7749,0,2,7.300572374762097,0.9703707106010606,0,2,0,0
7750,0,2,26.746670622959428,0.0,0,5,0,0
7751,0,3,55.26322342779673,39.66936238586614,0,5,1,0
7752,0,3,84.76212497496456,50.495741523268,1,3,1,0
7753,1,1,28.5475553306069,60.04374874482701,0,6,0,1
7754,0,3,33.376302611693795,31.721964833198268,0,6,1,0
7755,0,3,44.42291191007502,22.934060885994157,0,4,0,0
7756,0,3,35.34873696123369,20.628664529123906,0,4,0,0
7757,1,2,64.47507440359135,42.15909338517984,1,2,0,1
7758,1,2,59.56643604358773,41.78162782423046,0,6,0,0
7759,1,3,49.0039780441266,40.81980334660495,0,4,0,0
7760,0,3,55.215476836710195,14.702748862331163,0,6,1,0
7761,0,3,56.99892931508899,3.0937295291462243,0,2,1,0
7762,1,3,55.56995427999674,68.77482493535828,0,7,0,1
7763,1,3,48.393275184601464,34.531266677795166,0,3,0,0
7764,1,2,60.16095339418151,88.8614512714809,1,15,0,1
7765,0,2,61.18198909217116,17.471286715769608,0,6,1,0
7766,0,3,54.88398005483473,0.0,0,3,0,0
7767,0,3,40.8493548709645,16.459092303511962,0,3,1,0
7768,0,3,55.99622632064127,15.907034274753249,0,6,1,0
7769,0,2,43.37560881126936,29.075616989661288,0,8,1,0
7770,0,3,35.324959098312014,20.485787954750602,0,4,1,0
7771,0,2,74.78018975032909,26.312220264395403,1,6,1,0
7772,0,3,58.21876411239731,35.4721933054374,0,3,1,0
7773,0,2,33.93178956447302,0.0,0,5,0,0
7774,0,3,60.43017660297976,39.26616085505338,0,7,0,0
7775,1,3,56.72940580499706,73.20913582169824,0,7,0,0
7776,0,2,72.02492715494525,19.369758498591047,1,4,1,0
7777,0,2,53.705184602753924,10.459746319600875,0,5,0,0
7778,1,3,34.33416524601347,57.6476330832647,0,8,0,0
7779,1,3,44.70616920408794,29.833743647940228,0,2,0,0
7780,1,3,24.563407343063197,24.625480150048887,0,6,0,0
7781,0,2,43.75070983434826,19.423989460819215,0,10,1,0
7782,1,1,48.27977982322267,36.443056029403685,0,5,1,0
7783,1,2,33.627301558466165,42.914079995220405,0,3,1,0
7784,0,2,27.88327520826663,15.394966823248682,0,6,1,0
7785,1,2,34.82270070510923,33.704158070448415,0,2,0,0
7786,0,3,38.22724359031831,6.935779077201244,0,3,0,0
7787,0,2,48.24235728326441,34.22297658801566,0,5,1,0
7788,0,3,47.804484242272196,11.846382954728144,0,7,0,0
7789,1,3,24.7207772095274,27.073039194829796,0,4,0,0
7790,0,3,64.12430382052688,41.22608869126042,0,7,1,0
7791,0,2,64.84285860365746,17.661293581761853,1,4,1,0
7792,0,2,28.55176066637513,0.0,0,1,1,0
7793,0,3,44.60030350802948,1.2850458076470803,0,3,1,0
7794,0,2,53.7066916577928,2.4792770324863427,0,2,1,0
7795,1,3,40.10543878172604,39.853796692603375,0,7,0,0
7796,1,2,68.42300538317733,72.8748652632755,1,5,0,1
7797,0,2,41.235090598641825,37.984661351887056,0,7,1,0
7798,1,3,76.75151414061273,78.12238270192589,1,5,0,1
7799,0,3,21.26331160151811,17.85825922943488,0,8,1,0
7800,1,2,41.08185479795439,26.944973246582737,0,2,0,0
7801,1,2,37.48262993001881,49.23010165569042,0,6,0,0
7802,0,2,53.3155601996338,36.929120567481775,0,6,0,0
7803,0,3,59.211868289623624,17.06725247290732,0,6,1,0
7804,0,3,39.89707340548328,5.24863425017546,0,4,0,0
7805,0,3,74.37151146477534,32.505820017269635,1,8,1,0
7806,0,3,62.293039694717706,28.43812073273051,0,3,0,0
7807,1,2,35.44224543999307,57.00166188129244,0,8,0,1
7808,0,2,23.54464579657622,21.83775708186069,0,8,1,0
7809,0,2,45.64065294083525,11.496054785050728,0,7,1,0
7810,1,2,39.122456427785814,33.37139891131033,0,6,1,0
7811,0,2,13.671841978575415,26.081223481677192,0,4,1,0
7812,0,3,56.14519474047,27.6829802456426,0,6,1,0
7813,0,3,69.96242144211011,45.69153096768125,0,5,1,0
7814,0,2,43.45185869455956,36.30957213373941,0,5,1,0
7815,0,3,24.52529449674946,0.0,0,7,0,0
7816,0,2,73.31823861835306,37.35542309879603,1,8,0,0
7817,0,3,50.2462084718755,11.603881230414768,0,5,1,0
7818,0,3,60.184706404333774,10.699522363739089,0,1,0,0
7819,0,3,38.916051936343806,21.463278588541662,0,1,0,0
7820,0,2,47.39575331794882,2.783521472372307,0,3,1,0
7821,1,2,37.135027320167914,33.10631820649384,0,5,0,0
7822,0,1,39.290942256912246,13.389574102663548,0,2,1,0
7823,0,3,61.59702968530009,10.76097633944466,0,4,1,0
7824,1,3,30.374037095304384,34.17829948456339,0,7,1,0
7825,0,3,64.55885333927421,25.022566078225598,0,7,1,0
7826,0,1,55.94997967873903,30.287228176698214,0,3,1,0
7827,0,2,47.644939470199,26.737359150960152,0,2,1,0
7828,1,3,43.6421889622782,39.76886831145502,0,7,0,0
7829,0,3,65.50006239275065,5.309195403354488,0,1,0,0
7830,1,3,25.382060681369808,53.393663852912745,0,9,0,0
7831,0,2,65.42609294801139,45.321842713129016,1,6,0,0
7832,0,3,52.43814343863416,28.488972314013754,0,2,1,0
7833,0,3,64.09160592178394,16.493828212337267,0,5,0,0
7834,0,3,65.43379742113191,11.184408347231727,0,2,1,0
7835,1,2,57.06723614531272,40.99558497588255,0,2,1,0
7836,0,3,19.300936029205655,12.812708662671975,0,6,1,0
7837,0,2,67.25412019827448,17.423343133102613,1,3,1,0
7838,0,3,65.50001216704807,37.9637220904697,0,4,1,0
7839,0,3,33.91560987396091,17.55087589454302,0,4,0,0
7840,1,2,81.86501118497728,69.51249983202533,1,6,0,1
7841,0,1,38.97052842079592,0.0,0,5,1,0
7842,0,3,60.75177314683102,40.84409327604631,0,8,0,0
7843,0,3,31.149025861921835,0.0,0,8,1,0
7844,0,2,51.25003460147345,33.68685362568663,0,7,1,0
7845,1,2,43.399318733918726,27.78441505774927,0,4,0,0
7846,0,3,35.846762751061746,20.551719107307235,0,6,1,0
7847,0,3,46.98135416195243,17.266740106901427,0,5,0,0
7848,0,3,47.819952823595855,37.3377796773704,0,6,1,0
7849,0,3,54.881331178900496,26.3629870698688,0,4,0,0
7850,0,2,58.196920645311216,34.26556323505122,0,3,1,0
7851,1,2,29.898188722217803,38.521716346099566,0,3,0,0
7852,0,3,66.07890088392773,14.210192138267118,0,3,1,0
7853,0,3,22.17506189645858,4.4338411534564415,0,2,1,0
7854,0,3,45.042904359810585,4.925410871522843,0,6,1,0
7855,0,2,32.07291635195425,16.425428864518345,0,3,1,0
7856,0,3,65.42850935213804,16.379865065241397,0,5,1,0
7857,0,1,40.977369826082324,19.408830777076272,0,3,1,0
7858,1,3,56.53200000746596,67.4791342853362,0,7,0,1
7859,0,1,43.9047279062913,14.631754692324424,0,8,1,0
7860,1,3,18.38137379361642,46.780632767380965,0,6,0,1
7861,0,1,48.567408124395456,27.294632188064732,0,5,0,0
7862,0,2,56.65612037782377,29.41031060837872,0,6,1,0
7863,1,3,40.24216129388226,49.20530964410172,0,3,0,0
7864,0,3,52.06298155417039,28.904322081316817,0,5,1,0
7865,0,3,66.23327446503143,25.246774638341947,0,7,1,0
7866,0,2,44.65506080428401,0.0,0,3,1,0
7867,0,3,43.35786643758579,4.8362869587056,0,4,1,0
7868,0,3,68.10701410352603,46.41430765360846,0,4,1,0
7869,0,3,71.603742666956,39.54427087472413,0,10,1,0
7870,0,2,79.928903588943,11.04166617367218,0,5,1,0
7871,0,3,47.76631417327103,5.9207615067122035,0,4,0,0
7872,0,2,57.320327794564626,19.095095794439487,0,7,1,0
7873,0,3,40.273281086774894,14.52172949875584,0,3,0,0
7874,1,2,27.67802054416862,20.61161615521393,0,2,0,0
7875,0,3,59.260240997653476,34.80095287413454,0,4,0,0
7876,0,3,35.97449444002939,0.0,0,6,1,0
7877,1,3,50.007250220880245,38.891154680613646,0,6,0,0
7878,0,2,31.848932110977625,22.872458217217947,0,5,1,0
7879,1,1,46.018276444259484,65.8348198604905,0,7,0,0
7880,0,2,52.608678764989556,20.804381967875162,0,8,1,0
7881,0,2,56.43326347231844,27.767824277192116,0,3,0,0
7882,0,2,55.86904200091758,22.62245476607844,0,9,1,0
7883,0,3,27.562664152633946,0.0,0,3,1,0
7884,1,2,94.63529431855952,89.9472191107601,1,5,0,1
7885,0,2,42.25163510423966,21.15957479913959,0,6,0,0
7886,0,3,36.3624541769524,4.875034566772141,0,7,1,0
7887,0,2,29.98870703752904,10.846187469100322,0,3,1,0
7888,1,3,46.16488490169803,55.23316781092802,0,4,0,0
7889,0,2,44.867314216952245,12.288679721981767,0,7,1,0
7890,1,3,41.346652276846406,58.396382395506286,0,7,1,0
7891,1,2,62.19613817082877,73.73335717439765,1,4,0,1
7892,1,2,0.0,7.239388356434527,0,5,0,0
7893,0,2,56.56923989307016,22.1442176915903,0,2,1,0
7894,0,2,53.367323579604715,24.028475917129636,0,1,0,0
7895,0,2,0.0,38.254668604496885,0,5,0,0
7896,0,3,46.241848155415774,33.892741590630294,0,4,1,0
7897,0,3,57.01023641062284,29.547249857859423,0,3,0,0
7898,0,2,24.900449560960286,19.738002814013765,0,8,1,0
7899,1,3,77.12460118505605,79.91604259121722,1,7,0,1
7900,0,2,46.35276528862029,8.889743930366055,0,6,1,0
7901,0,3,48.05603577194869,15.140083558409346,0,5,1,0
7902,1,2,42.126507009375175,58.57148542036604,0,5,0,1
7903,0,2,42.132780904368,29.351582479858042,0,3,1,0
7904,0,2,64.7117434167395,40.71370164282749,1,5,0,0
7905,0,3,38.40006732585026,21.712227864892785,0,4,1,0
7906,0,2,57.15140133242555,14.577508191550276,0,6,1,0
7907,0,3,52.029045940210224,36.05947917837238,0,8,1,0
7908,0,2,56.375182768225464,18.498825182636267,0,0,0,0
7909,0,3,41.61603942434299,19.964242935646222,0,8,1,0
7910,0,2,46.182167648447624,7.635897069425887,0,2,0,0
7911,0,3,45.4086500819366,8.620785511520356,0,6,0,0
7912,0,3,49.31024271322876,34.63702521146724,0,4,1,0
7913,1,3,45.10998167065507,45.17072252860349,0,7,0,0
7914,0,2,40.41601583826649,0.0,0,4,1,0
7915,0,2,28.292672018047362,23.57935249077196,0,5,1,0
7916,0,3,52.67035499627777,9.752036737784458,0,7,1,0
7917,0,3,64.09409390348856,40.006693694637704,0,5,0,0
7918,0,3,22.376355265219704,0.0,0,4,1,0
7919,0,3,30.929781120905997,0.0,0,4,1,0
7920,0,2,39.16128218315297,30.143552750606318,0,9,1,0
7921,0,2,77.79359577426821,31.575262882563326,1,6,1,0
7922,0,1,45.34221654378994,25.46338214706409,0,4,1,0
7923,1,3,80.14119648879884,72.04717522643696,1,2,0,0
7924,0,3,47.85581190093819,38.70039804332615,0,6,1,0
7925,0,3,19.92455538765778,13.162368999441945,0,6,1,0
7926,0,2,51.898598083043,24.261396206096794,0,3,1,0
7927,0,2,70.30818787067311,16.794745067489863,1,3,1,0
7928,0,3,40.320351225131816,5.200775360888267,0,8,1,0
7929,0,3,38.75724198739957,2.534531927221228,0,5,1,0
7930,1,2,65.49441568701889,67.87803727019974,0,4,0,0
7931,1,1,80.13271948878081,73.848197318967,1,2,0,1
7932,0,2,36.29807729292545,0.0,0,4,0,0
7933,0,3,63.658826642114335,10.48258718793712,0,5,0,0
7934,1,2,55.08536792708135,36.77079636692028,0,3,0,0
7935,0,2,61.46711362513997,30.165367895975493,0,8,1,0
7936,0,2,50.22213599273738,9.953936397112827,0,4,1,0
7937,0,3,51.278373576106894,10.753448881518434,0,5,0,0
7938,1,2,11.778068076036924,19.17816626658843,0,6,0,0
7939,1,3,57.268657169693114,51.345356011065775,0,5,1,0
7940,1,3,59.47420911559358,64.95951113421765,0,5,0,1
7941,1,2,55.37934533513036,44.26167489739907,0,5,0,0
7942,0,2,67.54897051530926,21.0691323649512,1,5,1,0
7943,0,2,49.6395965747216,26.082126773314474,0,3,1,0
7944,1,3,44.27983365206509,30.478388171472616,0,3,0,0
7945,0,3,31.52767623350665,20.440262277030623,0,5,1,0
7946,1,1,52.47073828925262,42.22180862140528,0,7,0,0
7947,1,3,38.414497801476266,43.6987378712605,0,2,0,0
7948,0,3,64.903366157956,18.081229647352174,0,3,1,0
7949,0,3,74.7372632291558,30.947407782356468,1,4,1,0
7950,0,3,59.933185728269684,26.216655219441936,0,5,1,0
7951,0,3,70.88450275665,28.01512072099949,0,5,1,0
7952,0,2,35.02494145907274,24.371725448574736,0,6,1,0
7953,0,1,57.204147501401145,9.17478947895459,0,5,1,0
7954,0,3,33.95902217856219,0.0,0,3,0,0
7955,0,2,82.55855914696822,54.481363930153165,1,6,0,1
7956,0,3,49.11283632115292,23.19269598628094,0,6,1,0
7957,0,1,65.99365591618555,36.9422067002708,1,4,1,0
7958,0,3,54.30881739073084,27.960075679894626,0,9,1,0
7959,0,3,66.19361144769863,42.92610545281791,0,7,1,0
7960,1,3,45.20885849245029,40.192978666223055,0,6,0,0
7961,0,3,43.20344262201178,10.02931478211145,0,7,1,0
7962,0,3,43.35677411998065,5.868524583866833,0,4,0,0
7963,1,3,29.64015954522437,62.456259925140785,0,9,0,1
7964,0,2,64.15800091214517,37.63620852032099,1,4,1,0
7965,0,3,82.91514377116049,50.72616321190663,1,4,0,0
7966,1,2,70.77860495791195,56.22005221582889,1,8,0,1
7967,0,2,28.909901005668566,5.735851132559983,0,3,0,0
7968,0,3,46.49337625351038,39.97736010366732,0,10,1,1
7969,0,2,45.07117453201199,25.793251113720487,0,5,1,0
7970,0,2,68.18234375820872,35.32902845519409,1,3,1,0
7971,0,3,67.18773853536146,41.19251087264016,0,5,1,0
7972,0,1,82.0057852136026,33.768578389473866,1,8,1,0
7973,0,1,34.90144903939738,3.3902597301222976,0,5,0,0
7974,0,1,38.61581769588332,22.704148505950965,0,5,1,0
7975,0,2,0.0,34.779633647084225,0,6,0,0
7976,1,3,42.268000656142846,45.89632946770332,0,10,0,0
7977,1,3,0.0,34.06662466512001,0,3,0,0
7978,0,3,87.54690217818039,52.019158689776134,1,5,1,1
7979,0,3,77.18511494108316,48.259096539311095,1,8,1,0
7980,0,2,45.03693098836915,31.435914924067525,0,7,1,0
7981,0,3,68.71477722522638,29.772291901080145,0,8,1,0
7982,0,3,74.60763630595974,46.457496723234044,0,5,1,0
7983,0,3,36.165551920737364,14.560096789553535,0,2,1,0
7984,0,2,19.803453878098182,1.605526893279329,0,4,1,0
7985,0,2,44.8077422925384,5.553579618981486,0,6,1,0
7986,0,2,62.84023748850159,18.792730676597966,0,6,1,0
7987,0,3,66.04301458890892,7.14101658029821,0,1,0,0
7988,0,3,36.51341634959747,0.19452913934270555,0,6,1,0
7989,0,3,58.01428257490843,40.179171586740736,0,9,1,0
7990,0,2,57.568166743137496,21.04962445256809,0,4,1,0
7991,0,2,48.068398056818985,31.691058157211845,0,6,0,0
7992,0,2,40.567734509993834,2.83038176690636,0,6,0,0
7993,0,3,66.13964295488795,41.45051280505299,0,5,1,0
7994,1,3,46.13786978807705,58.45320445049451,0,3,0,0
7995,0,3,56.94093159203137,40.74995383089594,0,7,1,0
7996,0,2,28.582629821341982,19.177517499156647,0,8,1,0
7997,1,3,82.58593900521853,72.3741827146251,1,4,0,1
7998,1,3,51.66888152870864,42.34442896039903,0,5,0,0
7999,0,3,33.526361072888726,8.962915437158154,0,3,1,0
8000,0,3,43.931848603308616,7.82317601932178,0,7,1,0
8001,0,3,49.65183687343064,28.054689786280523,0,6,1,0
8002,0,3,59.1686168782272,33.489546478772766,0,3,1,0
8003,0,2,79.77305033579466,35.75708502590684,1,1,1,0
8004,0,3,46.419536627921175,23.493476291901644,0,4,0,0
8005,1,3,40.31837688670637,56.4832684567836,0,6,0,0
8006,1,3,63.057877855385115,41.775210207022994,0,4,0,0
8007,1,3,59.90604484214447,56.63863936198339,0,10,0,0
8008,0,3,28.47623268917164,18.00045624162263,0,5,1,0
8009,0,3,49.577302873779594,25.894415073257658,0,3,0,0
8010,1,3,51.49204255861757,51.40140025118079,0,1,0,0
8011,0,3,66.05511517857306,11.801674884597256,0,2,1,0
8012,1,3,20.43471322516718,21.02572938825689,0,3,0,0
8013,0,2,64.9985954673271,19.62479791888605,1,6,0,0
8014,0,2,28.11695143505076,0.0,0,4,1,0
8015,0,2,46.06889073515221,24.169105731771943,0,5,0,0
8016,0,3,0.0,16.442090707780814,0,3,1,0
8017,1,3,83.12334103796744,87.29713151037043,1,7,0,1
8018,0,2,63.15162451693978,41.3836097928948,1,5,1,0
8019,1,3,39.562897160671,34.56673407268769,0,6,0,0
8020,0,2,55.94055765881743,18.22278565328414,0,4,0,0
8021,1,3,17.347853203448686,32.57625379505882,0,3,0,0
8022,0,3,36.96124666833241,22.77958146702543,0,3,1,0
8023,0,2,36.192022034362815,0.0,0,4,1,0
8024,1,2,39.10814629337656,52.24870360813866,0,5,0,1
8025,0,3,46.593795664809306,0.0,0,2,0,0
8026,1,2,0.0,58.09175585694565,1,1,0,1
8027,1,3,43.94076845726302,44.47518056410966,0,9,0,0
8028,0,2,47.93076284663258,32.95879586693171,0,6,1,0
8029,1,3,69.05052106045177,76.8784146264481,0,7,0,1
8030,1,2,68.42028317137108,50.56769199426313,1,3,0,0
8031,0,2,52.51604138285259,8.493225556075396,0,3,1,0
8032,0,2,32.99994631381845,0.0,0,7,1,0
8033,0,2,44.08330481702565,5.047962251719729,0,4,1,0
8034,0,3,61.57720472671676,26.975984927559203,0,1,1,0
8035,0,2,35.098397837717094,22.280486139547293,0,7,1,0
8036,1,3,55.40777122671229,64.11477844003441,0,6,0,0
8037,0,2,63.718995742045124,10.208462618058963,0,3,1,0
8038,1,2,59.017685258369006,83.39337413859067,0,9,1,0
8039,0,2,25.16658938474087,10.329553402743556,0,3,1,0
8040,0,3,59.86092951700926,5.810205099826524,0,5,1,0
8041,0,2,53.67658038498614,5.035973609654746,0,4,1,0
8042,0,3,84.48054017673441,44.673340042611116,1,1,0,0
8043,0,2,45.8239298403812,14.750822653419336,0,7,1,0
8044,0,3,54.17573454802726,36.35272271208924,0,6,1,0
8045,0,3,61.63895145839398,47.49558277272141,0,7,0,0
8046,0,1,32.6703669246683,22.966782826422026,0,7,1,0
8047,0,3,35.69131680162449,16.218106104006786,0,3,1,0
8048,1,1,33.696864718848076,55.05057329311528,0,9,0,1
8049,0,3,56.27779502387735,9.246995027434897,0,4,1,0
8050,0,2,28.31900753021626,25.970504632962964,0,7,1,0
8051,1,2,66.6292054775924,79.90808069366852,1,5,0,1
8052,0,2,52.940984901820926,22.06351119407999,0,9,1,0
8053,0,3,83.48582264605606,56.188517002517436,1,5,0,1
8054,0,2,70.70105478988911,21.854727912282208,1,4,1,0
8055,0,1,48.822145589868704,20.716783959837823,0,2,1,0
8056,0,2,67.01350965861018,33.47656884239332,0,2,1,0
8057,0,3,81.21263274839316,54.879972507229674,1,8,1,0
8058,0,2,72.47989453542328,16.325640474217785,1,4,1,0
8059,0,2,30.027341744438516,20.798254694701857,0,7,1,0
8060,0,2,46.47230778540705,7.711723500824057,0,4,1,0
8061,0,3,66.21680027847398,47.032329469779775,0,10,1,0
8062,0,2,30.462548878161158,9.142345262124705,0,6,1,0
8063,0,2,42.68818988042487,25.229307700197545,0,4,0,0
8064,1,3,59.83978992710681,39.23768249797369,0,4,0,0
8065,1,2,19.595167196354275,53.342150405286624,0,7,0,0
8066,0,3,34.149201004318286,0.22954490047381604,0,6,1,0
8067,0,3,60.820944552208445,21.482798030537932,0,5,1,0
8068,0,2,46.19462212403339,19.86894998676492,0,3,1,0
8069,0,3,54.52665056547016,10.924807469290105,0,5,1,0
8070,0,2,86.65997060621015,59.77624203433075,1,6,1,1
8071,0,2,67.51323376943267,20.099801820074045,0,6,1,0
8072,0,2,57.38135753612433,13.570423258185272,1,5,1,0
8073,1,2,68.92910142168044,72.63142673746039,1,4,0,1
8074,0,2,56.903696160799136,17.39737787115574,0,5,0,0
8075,0,2,41.15315694964671,0.0,0,4,1,0
8076,0,3,66.77233818924739,26.488406546456137,0,8,1,0
8077,0,2,40.072957313339884,28.69610362565,0,8,1,0
8078,1,2,41.646437771272225,40.05990769496499,0,8,0,0
8079,0,3,64.43238338412603,35.039191846391375,0,2,1,0
8080,0,2,64.62940536046682,37.48534651560585,1,3,1,0
8081,1,3,49.769042555732305,55.22824491395172,0,5,0,1
8082,0,2,49.06652162366391,35.659916324806,0,7,1,0
8083,0,2,46.95545682404682,5.388500261726487,0,4,1,0
8084,0,3,34.98956189278729,25.25331185267343,0,8,1,0
8085,0,3,41.133128951274884,19.44680431972383,0,4,1,0
8086,1,3,36.48533384612318,47.4496967928509,0,3,0,0
8087,0,3,59.30285918403147,23.986705241285907,0,9,1,0
8088,1,3,52.499386887026354,60.39428978625064,0,5,0,1
8089,1,2,29.32460815255224,55.62794685088875,0,7,0,0
8090,0,2,55.806184883415455,22.910132942780336,0,6,0,0
8091,1,2,35.98722841285022,44.62148964389593,0,2,0,0
8092,0,2,63.34890194985994,26.97751676285871,0,6,0,0
8093,0,3,75.86672479166977,40.356427332656814,1,2,1,0
8094,0,3,46.73661466581513,25.36645191661281,0,4,1,0
8095,0,3,29.076792485987333,17.911025885988753,0,5,1,0
8096,0,3,57.757653697243505,23.88242797252988,0,2,1,0
8097,0,2,28.938592088227903,0.0,0,7,1,0
8098,1,3,65.78960706311265,70.43357480416299,0,6,0,1
8099,0,3,51.39549791025804,11.396884162231284,0,8,1,0
8100,0,2,33.61020356607223,26.82362783354291,0,9,1,0
8101,1,3,61.92456355637689,47.47414529841987,0,5,0,0
8102,0,3,41.136945667832684,6.903265285977671,0,6,1,0
8103,0,3,30.85575642331552,17.511860810640645,0,5,1,0
8104,1,2,58.115433983008,35.97325418139558,0,1,0,0
8105,1,2,59.63001735442842,39.18480584118774,0,2,0,0
8106,1,3,74.54130399134023,80.24018411310111,0,6,0,1
8107,0,2,47.56069915615095,11.53736286999893,0,5,0,0
8108,0,2,41.43493481092301,13.018878483566546,0,6,0,0
8109,0,2,28.169166987304553,0.0,0,5,1,0
8110,0,3,0.0,36.72438286939706,1,3,0,0
8111,0,3,58.131731882555265,33.884556275870374,0,5,0,0
8112,0,3,47.997460433807504,26.656715086493264,0,2,0,0
8113,1,2,9.279623782918613,28.630665740449594,0,3,0,0
8114,1,3,40.368636857762986,54.983502289410374,0,5,0,0
8115,1,2,3.4983497036189983,33.76250129033475,0,5,0,0
8116,0,3,54.33566344371566,27.27066934353283,0,4,1,0
8117,0,2,52.33309739922516,32.19497141366891,0,6,1,0
8118,0,3,44.089548680562224,30.752971578370172,0,5,1,0
8119,0,2,57.95714991301121,27.044988005079418,0,3,1,0
8120,0,3,57.10981593593133,15.433453687187395,0,4,1,0
8121,1,3,42.07030690640895,33.72401688883141,0,4,0,0
8122,0,2,73.42717451741507,25.833614321179372,1,5,0,0
8123,1,2,52.74449393656542,59.99999189468318,0,4,0,0
8124,0,3,44.543772732051636,11.959387085306258,0,5,1,0
8125,0,2,48.00163715158169,39.422300247858324,0,10,1,0
8126,0,2,41.41494775219296,21.180936686775564,0,4,1,0
8127,0,2,23.502961996700154,10.0372168638043,0,5,1,0
8128,1,2,58.626885567682535,38.14956452867634,0,1,0,0
8129,1,3,84.03289281892518,82.3991086540877,1,7,0,1
8130,0,2,42.321014886486886,1.1573976384878757,0,2,1,0
8131,1,3,40.69402844047615,53.19215803834375,0,5,0,0
8132,0,2,59.79779775159697,18.591906870763918,0,6,0,0
8133,0,2,40.62739822878482,30.131264151606384,1,10,1,0
8134,0,2,70.66753384099822,49.04724745482736,1,7,0,1
8135,1,3,48.95641770062751,51.87750208872277,0,10,0,1
8136,0,2,57.816718621760174,13.77521949904223,0,4,1,0
8137,1,3,53.46448232308027,67.664255423916,0,6,0,0
8138,0,2,65.41166497119822,35.85202346204417,1,12,1,0
8139,0,2,43.33020189547732,19.111762175450558,0,4,1,0
8140,0,3,38.069198933399356,34.670656344946096,0,11,1,0
8141,0,2,40.37314443430404,26.128640739413505,0,5,1,0
8142,0,3,64.84441329077556,48.85126587572019,0,4,1,0
8143,1,3,63.70449514715938,71.95519673609277,0,4,0,0
8144,1,3,81.12015925435198,71.1711578299435,1,9,0,1
8145,1,3,48.365927614989474,62.99596127628562,0,7,0,1
8146,1,2,31.62518054576818,22.81923969479118,0,4,0,0
8147,0,3,29.08575278024923,15.732372024926422,0,5,0,0
8148,1,2,31.372531939354296,29.399055270961938,0,3,0,0
8149,0,3,28.566454113344015,0.0,0,1,1,0
8150,0,3,30.577293261905616,1.129670034856275,0,5,1,0
8151,1,3,42.334826194926265,28.86209772205705,0,2,0,0
8152,0,3,58.000416644821165,3.929617415905726,0,6,1,0
8153,0,2,58.836156881194285,10.655055389901786,0,4,1,0
8154,0,3,65.13833416268479,42.63007565026798,0,6,0,0
8155,0,3,70.34811261788353,41.320548737041655,0,4,1,0
8156,0,2,54.41005629646901,12.310414358221841,0,4,1,0
8157,1,3,34.877064633563236,52.42104554918332,0,3,1,0
8158,0,3,52.25751378852579,32.288391211126154,0,3,1,0
8159,0,2,58.068749854842146,39.62903531701842,1,4,1,0
8160,0,3,50.81173168015933,41.499373893787244,0,10,1,0
8161,0,2,14.500993698746576,42.07637968498457,0,8,1,0
8162,0,3,70.18008663423863,39.24388800217497,0,3,1,0
8163,0,3,51.7152350784582,5.552042798728537,0,4,1,0
8164,0,3,70.35262432096116,44.48308146385645,0,5,1,0
8165,0,2,72.80716446923505,21.300554105134335,1,5,1,0
8166,1,2,59.80634649389837,52.37721846680458,0,8,0,1
8167,1,2,70.03497913889593,73.74429324292747,1,4,1,1
8168,0,3,100.0,36.945529109047854,0,4,1,0
8169,0,3,54.60440281552243,10.619597659973772,0,5,0,0
8170,0,3,37.103570973506066,29.309960684044533,0,9,0,0
8171,1,3,28.19493469085667,37.69618506949702,0,5,0,0
8172,0,3,73.24855854711565,40.52062081122668,0,4,1,0
8173,0,3,36.998363760756476,13.608305471093,0,10,1,0
8174,0,3,78.8943655527094,44.78765052743656,1,4,1,0
8175,0,1,6.669206130920655,5.056524691622941,0,5,1,0
8176,0,3,82.64526373880247,28.26030048497578,1,2,1,0
8177,0,3,42.09615768485735,25.36409000240328,0,5,1,0
8178,0,3,44.50455216922936,0.0,0,2,1,0
8179,1,2,51.36693375127959,40.01246099136532,0,5,0,0
8180,1,3,35.615981038162836,29.74799501229062,0,5,0,0
8181,0,2,27.259086107235607,11.398274311452713,0,9,1,0
8182,0,3,35.15267537470859,3.679234775749796,0,3,0,0
8183,0,2,21.8531239258012,11.949489677272783,0,2,1,0
8184,0,3,36.076144286828765,5.851765355921993,0,7,1,0
8185,0,2,52.16974872381558,12.090934231578508,0,4,1,0
8186,0,1,71.65474629972789,37.99259341154596,1,1,1,0
8187,0,2,56.07475240324317,28.001367291238136,0,3,1,0
8188,0,3,51.488251172930326,14.114576961047888,0,9,1,0
8189,1,3,32.723680945727324,46.403780100572334,0,2,0,0
8190,1,2,55.1865487685244,76.67977142767886,1,6,0,0
8191,0,2,75.151550960334,47.28085382241093,1,6,0,1
8192,0,3,73.57956594005277,21.100943609869724,0,3,1,0
8193,0,3,69.55723552888855,32.61088245494457,1,8,1,0
8194,0,3,58.54675748037006,38.79127923460164,0,5,1,0
8195,0,2,47.527575284005074,11.924936971234732,0,7,0,0
8196,0,2,63.32945780857787,16.568511958953813,1,6,0,0
8197,0,3,39.440287306893325,6.264827057636573,0,6,1,0
8198,0,3,0.0,0.0,0,6,1,0
8199,0,2,37.982269457065456,25.71080848163917,0,8,1,0
8200,0,3,38.87369349346903,25.789230032946413,0,6,1,0
8201,1,3,21.992416518260935,19.337043731996253,0,4,0,0
8202,0,3,41.08962185227823,3.501266753363271,0,5,1,0
8203,0,3,40.43096426153872,2.9854613767589133,0,3,1,0
8204,0,3,48.7819697412106,0.0,0,3,0,0
8205,0,3,49.11959795441503,20.14764246951236,0,1,1,0
8206,0,2,58.590799104444,36.22623531079288,0,5,1,0
8207,0,3,24.23761290030555,0.0,0,5,1,0
8208,0,3,67.85977531022563,41.279123703645624,0,5,1,0
8209,0,3,42.57864835960739,30.190138330784798,0,5,1,0
8210,1,3,68.24868793962564,66.53798796644834,0,4,0,1
8211,1,3,82.9200474908798,74.16733740577641,1,2,0,0
8212,0,1,15.327502460873351,3.0891880037618304,0,4,1,0
8213,0,1,65.37822805253417,2.5824153454440566,1,3,1,0
8214,1,3,28.34362239589791,49.094477041514914,0,5,0,0
8215,0,2,38.733771000412936,24.70075083966833,0,6,1,0
8216,0,2,14.996748277384386,6.889625722328715,0,7,0,0
8217,0,2,51.360846690776654,29.131605906757642,0,3,1,0
8218,0,3,50.798130233185496,28.425722628869107,0,5,1,0
8219,0,3,55.15237976346222,15.364148485662561,0,7,1,0
8220,1,3,73.67761637799568,57.47733833849881,0,0,0,0
8221,0,3,45.80617755545152,0.21065282920418638,0,2,1,0
8222,1,3,56.117092299339596,63.756858880625735,0,5,0,0
8223,1,3,61.6268109637751,63.519513146784334,0,4,1,0
8224,0,2,68.78728681915996,45.255019250657355,1,7,1,0
8225,0,2,25.729089486144474,0.0,0,5,1,0
8226,0,2,59.834572987610215,45.30656809249639,0,5,1,0
8227,0,2,59.123497531464345,42.57827809612264,0,6,1,0
8228,0,3,56.302394667630644,2.817960417481255,0,1,1,0
8229,0,3,52.47899759937809,16.560123089957408,0,5,1,0
8230,0,3,46.49664322490488,14.637588041103342,0,8,1,0
8231,0,2,58.772742067174,27.634306987238496,0,7,1,0
8232,0,3,39.66383583735267,6.953828312074837,0,6,1,0
8233,1,3,49.341774826921736,34.539123606308074,0,2,0,0
8234,0,1,35.96421989077746,26.232584836225698,0,6,1,0
8235,1,3,21.296586345478882,18.734552656202016,0,3,0,0
8236,0,2,58.35036898796348,30.726226635233722,0,2,0,0
8237,0,2,44.430667518830774,9.953976740814644,0,6,1,0
8238,0,3,45.07448303383828,24.681042922908176,0,4,0,0
8239,1,3,50.34517180905149,34.24509562282007,0,5,0,0
8240,1,2,36.81047688660359,36.75594761999169,0,7,1,0
8241,0,3,66.03922237820842,35.60218806013633,0,7,0,0
8242,1,1,47.6953779473211,32.559185376702466,0,1,0,0
8243,0,2,54.19201769477989,5.433855837169575,0,2,1,0
8244,1,3,58.80227128173579,65.57601229741228,0,6,0,0
8245,0,3,48.83288906135906,13.23115464831883,0,6,0,0
8246,0,2,36.99073032982272,0.0,0,3,0,0
8247,0,2,55.689913719862496,47.80120966924884,0,9,0,0
8248,1,3,54.2785408055117,71.30527618410142,0,5,0,0
8249,0,3,38.64117984601864,27.34740851030162,0,7,0,0
8250,1,3,70.34071015986376,82.5070624398565,0,2,0,0
8251,0,3,49.30517733385383,23.166507366842776,0,13,0,0
8252,0,2,87.01054902011603,34.34371179022014,0,7,1,0
8253,0,2,40.905769350356074,6.582977853003745,0,4,0,0
8254,0,3,54.494845414315925,11.614262681700932,0,4,1,0
8255,0,2,62.52182064788479,53.0128475505958,1,8,0,0
8256,0,3,47.58574370902799,14.8265850907588,0,8,1,0
8257,0,2,30.36119719684263,22.956357982895764,0,6,1,0
8258,1,3,39.47785259068097,43.240316473423356,0,7,0,0
8259,0,3,63.26939441287171,20.41392015237571,0,6,1,0
8260,0,3,40.09397820997798,26.68528544152863,0,7,1,0
8261,1,3,37.966393187136795,50.09958734551169,0,4,0,0
8262,0,2,0.0,9.207194639939143,0,6,1,0
8263,0,3,42.305140836375536,7.840691325275904,0,4,0,0
8264,0,3,55.947872165201524,35.56852323688532,0,5,0,0
8265,1,3,18.737992532803904,46.03586230945649,0,8,0,0
8266,0,3,64.82805011226048,27.65257620238351,0,4,1,0
8267,0,2,49.99409053924616,29.780932480894194,0,6,1,0
8268,0,3,26.817128294406746,0.0,0,6,1,0
8269,1,3,32.383500502682914,39.06731835108774,0,2,0,0
8270,1,3,34.55536376002419,51.784255239269925,0,5,0,1
8271,0,2,71.56110684525893,17.406770754729894,1,4,1,0
8272,0,1,51.667039116245604,5.5655448993616154,0,1,1,0
8273,0,2,18.241992753065755,0.0,0,2,0,0
8274,0,3,63.035164743981056,39.98097539234459,0,5,0,0
8275,0,2,58.55902506296063,28.68045136351646,0,3,0,0
8276,1,2,42.00696703419366,57.53799546915229,0,5,0,0
8277,0,2,49.88342095418322,37.214777425548405,0,7,0,0
8278,0,3,66.85496176213249,33.90800499551775,0,3,1,0
8279,0,2,63.08691887508173,41.87595644805361,0,7,1,0
8280,0,3,65.9600245174231,35.63697810178795,0,1,1,0
8281,0,2,47.18743726943294,30.40970876969991,0,7,1,0
8282,0,3,30.717508080014746,15.45100652662068,0,6,0,0
8283,1,3,8.174088929678938,33.54746326045068,0,7,0,0
8284,0,2,50.162526414634016,16.691388655417896,0,10,1,0
8285,0,3,64.31816375530619,39.26684202447375,0,4,1,0
8286,0,2,28.449583190291317,0.0,0,3,1,0
8287,1,1,54.30385985745794,68.2896017189754,0,6,0,0
8288,1,2,61.01649619132213,65.97674631195764,0,6,0,1
8289,0,3,48.956385359243484,19.30799883654596,0,2,1,0
8290,0,2,30.454950166503227,18.060775519590194,0,5,0,0
8291,0,2,60.0915991492009,29.314115977154092,0,3,0,0
8292,0,3,33.360640149758574,0.0,0,2,1,0
8293,1,3,52.36277279395772,30.59944387540099,0,3,0,0
8294,0,3,70.09836578264333,26.76464772113724,0,6,0,0
8295,1,2,71.69372089793475,63.491455024021704,1,9,0,1
8296,1,2,55.040637522149694,41.959346065808184,0,3,0,0
8297,1,3,53.605321074066694,60.642033203628486,0,3,0,1
8298,0,2,54.212199273621664,34.66698242668305,0,6,1,0
8299,1,3,47.90890623397012,39.93534235668125,0,4,0,0
8300,0,2,34.712181423432746,0.0,0,3,1,0
8301,1,2,43.88501705416244,50.71835251347173,0,3,0,0
8302,0,3,45.51710161726989,20.480027878810205,0,11,1,0
8303,0,2,34.91475521223824,23.386655935786994,0,4,0,0
8304,1,3,37.51347401781562,29.45320573176573,0,5,1,0
8305,0,3,41.295925015970695,6.113600979952667,0,7,1,0
8306,0,2,68.22516953785228,39.45790388520693,1,4,0,0
8307,0,2,44.46168972472646,8.146956240999929,0,6,1,0
8308,0,3,28.38837959453529,19.93931541905388,0,6,1,0
8309,0,3,58.109647829038636,45.808889971704474,0,4,1,0
8310,1,2,26.881136608384452,35.29220083211055,0,4,0,0
8311,1,3,45.78188293329978,58.20726809390536,0,7,1,0
8312,1,3,47.76247670095862,69.46419000605555,0,7,0,0
8313,1,3,40.93448022519209,60.68874496982304,0,5,1,1
8314,0,3,23.094187905878933,0.0,0,6,1,0
8315,0,3,27.058609791837995,0.0,0,6,0,0
8316,1,2,29.959741198387594,22.935151172815793,0,6,0,0
8317,0,2,67.57229888021733,37.98682642257942,1,6,0,0
8318,0,3,56.25816942820123,13.248952451613075,0,3,0,0
8319,0,2,23.493473124354644,3.026160018372252,0,11,1,0
8320,1,1,55.3663641118891,58.53581279654998,0,3,0,0
8321,1,3,37.19426203534134,50.5063914376896,0,5,0,1
8322,0,3,74.98050233831452,54.23074989695144,0,6,1,0
8323,1,3,76.28372867074626,64.84343450444648,1,0,0,1
8324,1,3,39.17324910794935,23.545317983449543,0,1,1,0
8325,0,3,53.44912565782107,6.49610841140499,0,2,1,0
8326,0,2,50.85048125548413,27.491941026285396,0,5,1,0
8327,0,2,51.17540584937433,35.314119292708256,0,6,1,0
8328,0,2,78.80296030172904,48.59994926076797,1,4,1,1
8329,0,3,52.16510741193895,4.480391050171569,0,2,1,0
8330,0,1,60.82582774551723,11.134315324018425,1,3,1,0
8331,0,2,51.907432178776894,36.00401364163351,0,5,0,0
8332,0,3,41.46280549650155,0.0,0,4,0,0
8333,0,3,40.43191296107347,20.624185475257043,0,5,1,0
8334,0,2,43.150224889571135,17.289992066857486,0,4,1,0
8335,0,3,46.88293705885551,3.7324520246374377,0,2,0,0
8336,0,2,47.47798601567977,25.806624462678684,0,1,0,0
8337,0,3,17.073749936567616,0.0,0,6,1,0
8338,0,2,51.62769235811005,30.3619281924212,0,4,1,0
8339,0,3,49.3118533751809,10.64525170012435,0,6,1,0
8340,0,3,48.81577265176083,6.216824101691468,0,3,1,0
8341,0,3,65.64933237862216,21.172069861296755,0,5,0,0
8342,0,2,41.670791079036675,12.78132782495388,0,10,1,0
8343,0,3,65.73639457915138,26.193995895153154,0,9,1,0
8344,1,2,33.7329694587846,24.536461248661702,0,1,0,0
8345,0,3,51.61712895226361,33.15970987732237,0,6,1,0
8346,0,3,44.77208002259909,8.710050593891138,0,5,1,0
8347,0,3,45.82222314746091,6.389966250555972,0,3,1,0
8348,1,3,27.343583248228022,49.82434057790819,0,6,0,0
8349,0,2,43.14022835495199,11.907610963266244,0,5,1,0
8350,1,3,33.345657421093506,16.248463421370246,0,4,0,0
8351,0,3,37.87060161373954,10.55391267618601,0,9,1,0
8352,1,2,42.80598349126262,32.61231699555114,0,4,0,0
8353,1,2,43.56533301753577,47.72036057370393,0,3,0,0
8354,0,2,77.9653186756009,55.10902992016532,1,8,0,1
8355,1,2,34.018509710473964,30.22204663176236,0,3,0,0
8356,0,3,37.56873212796224,15.644394293981183,0,4,0,0
8357,0,1,59.029826364952896,41.76179383487025,1,5,1,0
8358,1,3,99.73226829058953,67.13340592869848,0,4,0,1
8359,0,2,64.77652299906511,46.97306422514668,0,9,1,0
8360,0,2,9.129970037362737,0.0,0,6,0,0
8361,0,3,64.22098216885905,8.229681373518961,0,4,1,0
8362,1,3,55.25114708108399,68.72793871403142,0,6,1,0
8363,1,2,50.44936288978428,37.6525502822829,0,2,0,0
8364,1,3,47.26715453276036,47.09710603135353,0,10,0,0
8365,1,3,46.497997151771685,32.53046604855389,0,5,0,0
8366,0,2,65.37252148302437,15.503429530760618,1,3,0,0
8367,0,2,46.63051826183393,27.29808167452103,0,6,1,0
8368,0,3,70.40195639144585,43.600043556889375,1,4,0,0
8369,1,3,27.894208813809186,57.46256100519358,0,8,0,0
8370,0,3,57.645673857853396,42.47108874708885,0,8,1,0
8371,1,3,51.08977769827279,41.822944004568406,0,4,0,0
8372,0,2,52.2681078575211,31.296108739567686,0,5,0,0
8373,0,3,40.31645842962506,28.136843997495156,0,4,1,0
8374,0,2,54.505881440088665,25.495807006616744,0,10,1,0
8375,0,3,36.20205184955672,20.409852819693466,0,3,1,0
8376,0,3,57.474602110285396,13.450921297070076,0,4,1,0
8377,0,2,24.780752437399546,0.0,0,5,0,0
8378,1,3,76.82648922296877,55.77496489497691,0,4,0,0
8379,0,2,45.51229112936798,24.976581922604062,0,6,1,0
8380,1,3,51.00604977750806,67.50343805976141,0,4,0,1
8381,0,2,72.97903000190546,45.044870604995936,1,6,1,0
8382,0,2,51.66165146368529,35.99970715061,0,5,0,0
8383,0,2,64.58899440356808,18.943838657415785,1,5,1,0
8384,0,3,70.8783145508223,42.053652320842104,0,3,1,0
8385,1,3,65.37414875294523,50.08448362601499,0,5,0,0
8386,1,3,45.404546843411694,58.811575363456264,0,5,1,0
8387,0,3,59.42696546975166,23.708344106222977,0,3,1,0
8388,0,3,41.4424305244128,19.203787690245072,0,2,1,0
8389,0,3,51.94115999364405,28.25617179021158,0,5,1,0
8390,0,2,61.801758771836994,44.90932525665334,0,9,1,0
8391,1,2,73.3711960103993,57.4213839381492,1,3,0,0
8392,0,3,46.6391721656165,11.905178407167348,0,7,1,0
8393,1,2,66.14811376128748,75.3202615862204,1,7,0,1
8394,0,1,66.2910571616363,44.4482342070356,1,4,1,0
8395,1,3,53.94119965714184,55.26095707243342,0,2,0,0
8396,0,3,41.2398237417612,14.168199603589867,0,4,0,0
8397,0,3,55.00197666527585,4.925746844935251,0,5,1,0
8398,0,3,14.881940034000344,0.0,0,3,1,0
8399,0,3,45.43980527186407,8.65153743010862,0,6,1,0
8400,0,3,57.6132429128336,13.56722679861844,0,6,0,0
8401,0,2,17.64955143908574,24.22197246350928,0,6,1,0
8402,0,2,48.30687956590746,27.88859645918807,0,6,1,0
8403,1,2,70.33096879356687,67.48860599550233,1,4,0,1
8404,1,3,47.757986926515095,36.32172098544149,0,4,0,0
8405,1,3,46.788936378221194,28.780388601520045,0,3,0,0
8406,1,2,34.71892512502184,36.37971909681514,0,9,0,0
8407,0,3,40.30653328973846,14.586425465049615,0,9,1,0
8408,0,3,37.421088258511155,0.0,0,1,0,0
8409,0,3,37.07157335174767,0.0,0,2,1,0
8410,0,3,51.56242673283359,2.1243404439961453,0,3,1,0
8411,0,2,84.18561726685233,23.893000972756354,1,1,1,0
8412,0,3,71.1123257760105,20.8722350568325,0,4,1,0
8413,0,3,33.46025327310779,19.07671142434456,0,3,1,0
8414,0,2,19.088683890168486,0.0,0,2,1,0
8415,0,3,41.323189274897764,3.5998078896968098,0,5,1,0
8416,0,3,38.045998312478936,0.0,0,4,1,0
8417,0,2,38.263386371214914,1.2903627313941701,0,4,0,0
8418,0,3,60.21801341420099,30.194607576945593,0,4,0,0
8419,1,3,49.82976003964287,59.963733608522,0,5,0,0
8420,0,3,48.45212712261165,8.237515999376189,0,5,0,0
8421,0,2,49.99658123981319,33.655311332871555,0,7,0,0
8422,0,3,71.99907040164999,52.392534065424606,0,3,1,0
8423,0,1,48.007257692716955,6.366009576966729,0,3,1,0
8424,0,3,32.76262711319205,0.0,0,6,0,0
8425,0,2,28.406309613039422,20.04536678663485,0,7,1,0
8426,0,3,42.28457770701195,0.0,0,1,1,0
8427,0,3,60.11105495650891,33.71996860986704,0,7,1,0
8428,1,2,44.759588916984214,49.372276087511366,0,6,1,0
8429,0,3,81.68152851272646,20.903047389294265,0,9,1,0
8430,0,2,48.95966769583924,30.26621240479556,0,5,0,0
8431,0,3,49.00808566404697,31.93867905291123,0,6,1,0
8432,0,3,63.80322070564721,38.533088756549915,0,7,1,0
8433,0,1,63.610710133300074,42.35697597648294,1,6,1,0
8434,0,2,42.97461154972634,0.0,0,4,0,0
8435,0,3,49.579822054009824,4.492240332633925,0,3,0,0
8436,1,3,30.62923877141042,26.27594323358535,0,5,0,0
8437,1,3,47.78167863897992,61.21375557846506,0,6,0,0
8438,0,2,44.566347370936235,5.4444487361530385,0,8,1,0
8439,0,2,47.76798424806301,30.276875139502433,0,8,1,0
8440,0,2,57.66240874486463,15.953721967549399,0,4,1,0
8441,0,2,47.679383227788136,27.35641464642992,0,3,1,0
8442,0,3,20.19683328308477,0.0,0,8,1,0
8443,1,2,38.45811314365685,56.25275508282903,0,9,0,0
8444,0,3,61.57093993849153,39.33720341164605,0,6,1,0
8445,1,1,37.86548200570542,48.80470453214273,0,4,0,0
8446,0,3,71.60499835487643,42.1179468189489,0,5,0,0
8447,0,2,52.18010156487782,7.119676988573007,0,3,1,0
8448,0,3,20.159894565658384,0.0,0,3,1,0
8449,0,2,75.98452996579296,24.78931304388988,1,4,0,1
8450,0,3,72.29287632504948,48.66701341446213,0,7,1,0
8451,0,3,68.57482784276058,20.35850686363214,1,4,1,0
8452,1,2,56.93510574072135,62.31472340706288,0,3,0,0
8453,0,3,29.29515055538232,12.142465299859072,0,4,1,0
8454,0,3,49.587955098549905,14.322087605012362,0,7,1,0
8455,0,2,81.79485889672875,52.064749313140325,1,6,0,1
8456,0,3,28.517125939877875,17.043094336073953,0,2,1,0
8457,1,3,41.73734388313699,52.193810665491434,0,3,0,0
8458,0,3,53.85951655362975,6.39199672467365,0,3,1,0
8459,1,2,45.0210956873667,55.597723864154176,0,5,0,0
8460,0,3,50.69682082194635,7.77365052694412,0,2,1,0
8461,0,2,45.37282561994058,25.359149602006653,0,5,1,0
8462,0,3,36.60107406152284,18.84746339768004,0,4,1,0
8463,1,2,27.650309902646995,50.18599181867201,0,6,0,0
8464,0,2,59.786289838359565,37.99063996837781,1,4,0,0
8465,0,3,77.74287877663185,47.37762717563189,1,4,1,0
8466,1,2,42.73631153902586,32.268314528618596,0,3,0,0
8467,1,3,41.51868120791641,26.551669365484376,0,2,0,0
8468,0,3,37.55335691366747,0.6815621863118467,0,4,1,0
8469,1,3,23.449089712558624,21.306857836286394,0,5,0,0
8470,0,2,61.74849337098752,8.133237771209911,1,3,1,0
8471,1,2,51.879415311316116,56.71845102085822,0,5,0,1
8472,1,2,50.171445782217226,44.1008738658531,0,8,0,0
8473,0,3,53.36293623420241,15.554880362538754,0,2,1,0
8474,1,2,38.112797264716335,65.86273289968004,0,7,0,0
8475,0,2,33.820057311459564,13.348202325541914,0,4,1,0
8476,1,2,54.637277471915624,39.02294532432957,0,6,0,0
8477,0,3,74.86899048931518,49.82278902498025,1,5,1,0
8478,0,2,27.847102337532696,0.0,0,7,1,0
8479,1,2,82.35578273097678,71.82414252661216,1,4,0,1
8480,0,2,43.25371266140937,25.98467809985274,0,4,0,0
8481,0,2,44.86959928375466,25.759943647412783,0,4,1,0
8482,1,3,74.43453523879148,72.97303356285273,1,4,0,1
8483,0,3,54.18230063414337,40.231481720887274,0,8,1,0
8484,0,2,71.98675966027263,50.600606086708794,1,6,1,0
8485,0,2,64.98322238533908,15.87709829908372,1,3,1,0
8486,0,2,36.61468565466966,19.402439276289243,0,5,1,0
8487,0,3,58.716173590191815,0.4776350366351103,0,4,0,0
8488,0,3,55.49701103297587,27.28571655477978,0,3,1,0
8489,0,2,48.29356857963377,2.439940554454604,0,5,1,0
8490,0,3,36.90986690126356,21.19611694460112,0,5,1,0
8491,0,2,0.0,7.584277913988589,0,8,1,0
8492,0,2,63.487235193654335,17.963889362966402,1,4,1,0
8493,0,3,64.2688857201588,12.94037552327868,0,4,0,0
8494,0,2,20.422935786808505,20.947841580110364,0,6,1,0
8495,0,2,69.0674194427745,44.35154601896938,1,1,0,0
8496,0,1,21.697429068822274,23.98703871308011,0,8,0,0
8497,1,2,37.6712506311342,43.42993201570834,0,3,0,0
8498,0,3,47.29666686202339,3.4525448287490543,0,3,1,0
8499,0,1,59.881787701910135,13.069315740277364,1,4,1,0
8500,0,3,60.79271735024788,40.18797014646182,0,7,1,0
8501,0,3,56.27589384743956,37.87296010134175,0,6,0,0
8502,0,2,93.547532921849,39.32305106882164,1,3,0,1
8503,0,2,57.48005277171459,29.429409091263345,0,8,1,0
8504,0,3,53.99338656274965,7.944960354776267,0,4,0,0
8505,0,3,51.069552958879484,34.53299875546463,0,7,1,0
8506,1,2,71.86763522008275,40.36592656303268,0,4,0,0
8507,0,3,65.26312909574116,42.688899762261826,0,5,1,0
8508,0,3,31.568379957002772,0.0,0,5,1,0
8509,0,3,64.18318432175644,6.0913788822066355,0,4,1,0
8510,0,3,68.8887833350622,30.741368473719792,0,1,1,0
8511,0,3,38.15543711733987,3.4428931977130306,0,6,1,0
8512,1,2,57.162280192448605,49.210841813452774,0,8,1,0
8513,1,3,39.580841614913794,26.56941895680973,0,2,0,0
8514,1,3,66.04476423726646,63.809914466344395,0,13,0,0
8515,0,2,65.17776733715333,38.57698571095976,0,3,0,0
8516,0,2,54.920734849236936,8.015169838070488,0,3,1,0
8517,0,3,33.63574785472998,5.872117742111785,0,6,1,0
8518,0,3,54.918325029858224,15.399425118615854,0,7,0,0
8519,1,2,44.115052763475376,33.91230397649705,0,5,0,0
8520,0,2,44.73264953262282,6.472149572720975,0,5,1,0
8521,0,2,68.20859128106255,21.4720369815608,1,5,0,0
8522,1,3,41.730882503251365,29.08718712671786,0,4,0,0
8523,1,3,49.259493381711906,48.80566243837987,0,8,0,0
8524,0,1,57.75530664130894,39.097224028228226,0,8,1,0
8525,0,2,58.782127132531336,38.84234214910038,0,6,1,0
8526,1,2,60.36346213149812,59.25521833565026,0,10,0,0
8527,0,2,53.68625149415143,11.015285789524068,0,2,0,0
8528,0,2,60.26002861413453,33.33073929758808,0,6,0,0
8529,1,2,37.00405661043606,34.171850604256456,0,5,1,0
8530,0,3,51.275224432297556,13.943704371725946,0,5,0,0
8531,0,2,36.262580555770356,13.905829591676698,0,3,1,0
8532,1,3,44.468062812111654,50.81656044660159,0,5,0,0
8533,1,2,75.80746394430906,56.15503288267587,1,6,1,0
8534,0,3,39.288666736235754,21.79690617936445,0,7,1,0
8535,0,1,68.01471375918858,32.296885574644584,1,1,1,0
8536,1,3,46.91396251046444,26.91852589733449,0,2,0,0
8537,1,3,46.033570121794206,58.39183546182419,0,5,0,0
8538,0,2,36.04573773472953,16.775095442933193,0,3,1,0
8539,1,3,55.26548490884625,65.26602495932558,0,6,0,0
8540,0,2,33.644381067546185,0.0,0,4,0,0
8541,0,2,46.72087140311513,2.864564107142521,0,6,1,0
8542,0,2,91.20605034801791,51.690478705160295,1,3,0,1
8543,1,2,47.80627254281188,61.80869471038289,0,4,0,0
8544,0,3,82.03200007342147,51.988270219495305,1,4,1,0
8545,0,2,37.35836279666243,21.698167871429924,0,1,0,0
8546,0,3,49.25845677643178,26.411965796064752,0,1,0,0
8547,0,3,71.52627825872254,47.47025709864987,0,8,1,0
8548,0,2,56.1993399381589,40.56456721354135,0,8,1,0
8549,0,3,68.38827444424183,45.870503811167296,0,7,1,0
8550,1,3,49.32375467026466,44.266962046698744,0,6,0,0
8551,1,2,52.987697032332385,63.783948289651185,0,5,0,0
8552,0,2,61.20861278888412,32.025172132352964,0,3,1,0
8553,0,3,79.32028702114586,34.39808732892917,1,8,0,0
8554,1,3,71.5017773407775,69.68867927115608,0,3,0,1
8555,0,3,50.36462273846888,23.366813407846962,0,7,1,0
8556,1,2,74.84759946108801,58.338710354304624,1,6,0,1
8557,0,3,62.56732508012621,23.76851957589048,0,7,1,0
8558,0,2,75.95245675612327,17.096869200944454,1,3,1,0
8559,0,2,100.0,20.24536868290444,0,4,1,0
8560,1,2,63.757040335044486,53.487768991461806,0,5,0,0
8561,0,2,46.69108951067077,6.2024337456963785,0,6,1,0
8562,1,3,69.08705230703823,76.20135012069727,0,5,0,1
8563,1,1,65.32534918767763,60.28236711073875,1,8,0,1
8564,0,3,50.32011065084311,32.00446464038449,0,6,1,0
8565,0,3,67.37523489330266,19.62676099291063,0,5,0,0
8566,0,3,20.460523860256366,11.69375356026461,0,6,1,0
8567,0,3,71.49062601205064,39.89174741642277,0,2,1,0
8568,0,3,64.85909337136746,47.91698872330564,0,7,1,0
8569,1,1,67.1872987993081,42.80157621152516,1,1,0,0
8570,0,3,72.54910715929391,42.367319262234,0,4,0,0
8571,1,3,70.09334268997362,69.35644279581975,0,3,0,1
8572,0,3,67.93995905959996,19.45333038817946,0,3,1,0
8573,0,3,43.273686798876184,4.530564699495462,0,7,0,0
8574,1,3,42.90478132443709,50.535908135292196,0,3,0,0
8575,0,1,54.88947650938814,45.38688097139956,0,9,1,0
8576,0,3,53.91622601211339,29.541526251135203,0,4,1,0
8577,0,3,37.60147229648593,0.0,0,5,1,0
8578,0,2,28.93888806200979,0.0,0,6,0,0
8579,0,2,51.61064495746441,7.084524346038766,0,2,1,0
8580,0,2,75.71616767726908,20.416770434077854,1,2,1,0
8581,0,3,42.649812796743745,10.283582321176196,0,7,1,0
8582,1,3,45.07751300468861,42.69620935321825,0,6,0,0
8583,1,3,57.759129156827136,72.0061617245712,0,6,0,1
8584,1,3,60.49000182238474,60.27656161884916,0,2,0,0
8585,1,3,45.043656894140916,31.379654819634432,0,2,0,1
8586,1,2,36.5257970869645,38.182573690061176,0,9,0,0
8587,1,3,67.61615401354075,77.7884560887858,0,7,0,1
8588,0,1,43.908405351659695,20.383595585696,0,4,0,0
8589,1,3,49.232039069409176,43.718254435616856,0,7,0,0
8590,1,1,59.06945561127762,46.31501213480692,1,6,0,0
8591,0,3,41.49727253531984,25.17634730920609,0,5,0,0
8592,0,2,60.55781167973086,25.41421558123373,0,9,1,0
8593,0,3,63.85915245265366,29.500395528501407,0,5,0,0
8594,1,2,63.05578433566466,59.63243822143822,0,3,0,0
8595,0,2,71.98286409590344,43.95218224886346,1,5,1,0
8596,0,2,61.641344171634465,35.29451219352483,0,3,1,0
8597,0,3,37.800206894827305,0.0,0,3,0,0
8598,0,3,63.31814091684632,20.551764524716855,0,6,1,0
8599,0,3,38.92681563911617,4.711838588990462,0,7,1,0
8600,0,2,67.8630274334716,30.80583446282333,1,1,1,0
8601,0,2,61.13831881581561,35.65558042293446,0,4,1,0
8602,0,3,49.77785847112632,11.524483612376779,0,6,1,0
8603,1,3,69.13330751804205,42.61691108826181,0,0,0,0
8604,0,3,0.0,6.1959361660527685,0,6,1,0
8605,0,3,76.36409926058026,17.563106714178524,0,3,1,0
8606,0,3,55.54306401849539,44.53480040610896,0,9,0,0
8607,1,3,59.50576932605156,54.882889269637815,0,10,0,0
8608,1,3,28.52289263499198,49.23596634092063,0,5,1,0
8609,0,1,26.386937907439034,7.848458057592206,0,5,1,0
8610,0,3,61.791656876423204,34.963155793215165,0,3,1,0
8611,0,3,59.48033186154987,32.78128754752142,0,2,1,0
8612,0,2,30.866884405993595,23.1461747513914,0,7,1,0
8613,0,2,100.0,17.384643593642508,0,8,1,0
8614,0,2,45.07800972215215,40.08882982205859,0,11,0,0
8615,1,1,63.08137110805197,48.40954129222036,0,9,0,0
8616,0,3,50.1304618244486,2.1902367729833534,0,3,0,0
8617,0,3,45.400887199963535,35.44775629732075,0,5,1,0
8618,0,2,39.7064833290227,0.0,0,2,1,0
8619,0,2,85.76492254921183,23.316572930893077,1,3,1,0
8620,0,2,36.54631311090442,18.79499919996321,0,2,1,0
8621,0,2,52.46982423066103,37.91457896986496,0,6,1,0
8622,0,3,47.92320648600434,0.0,0,3,0,0
8623,1,2,52.89678541442979,38.94084162345042,0,5,1,0
8624,1,3,39.97761321245311,55.93907221123548,0,6,0,0
8625,0,3,60.14248693072388,37.219828893165676,0,7,1,0
8626,0,3,9.964880212329266,23.337949461718367,0,8,1,0
8627,0,3,35.62358886797377,26.42847695077887,0,5,1,0
8628,1,3,43.826195458308575,63.84463265939586,0,8,0,0
8629,1,2,40.653810154650614,35.206721661425604,0,4,0,0
8630,0,2,60.62846304142467,38.05756545666221,0,4,1,0
8631,0,2,48.73520435693739,29.72372117870382,0,7,1,0
8632,1,2,59.063430367242,77.9851862596854,0,13,0,1
8633,0,2,53.60001287350138,21.616810740499027,0,1,0,0
8634,0,3,41.21563651527392,2.898582593657588,0,4,1,0
8635,0,2,13.576702120667928,0.0,0,6,1,0
8636,0,2,100.0,35.696029826994476,0,5,1,0
8637,0,3,43.68760856122621,7.208127253914118,0,6,1,0
8638,0,2,53.09291814539422,13.02204272738938,0,5,1,0
8639,0,3,39.85362440617165,28.390494488049796,0,7,1,0
8640,0,2,20.919187575761935,19.278252738050533,0,6,1,0
8641,0,3,35.97974349849056,13.834997749492635,0,3,1,0
8642,0,2,31.16659749188776,33.40083860080533,0,9,1,0
8643,1,2,38.89034730523892,37.14698259311852,0,8,0,0
8644,0,3,66.2567988408123,40.79991042291205,0,6,1,0
8645,0,3,100.0,26.032849369183406,0,7,1,0
8646,0,2,65.18014998902223,34.714385577885004,0,6,1,0
8647,0,1,45.53500668830175,7.016563228414606,0,4,1,0
8648,0,1,40.17106599917682,17.2179127048104,0,4,1,0
8649,1,1,18.7983478670617,52.339345302518744,0,10,0,0
8650,0,2,53.114743622859955,21.221993940298653,0,0,0,0
8651,0,3,88.1686365309166,65.51272120882098,1,10,0,1
8652,0,3,50.27070401155534,14.74252820336633,0,6,1,0
8653,0,1,40.321386673168014,29.33664773017979,0,5,1,0
8654,0,3,30.576341274106575,24.268952913036202,0,5,0,0
8655,0,3,28.880400911889993,9.311119104968284,0,3,1,0
8656,0,2,30.647711088998786,0.0,0,5,1,0
8657,1,2,42.07287991594247,29.6810354915662,0,4,0,0
8658,0,3,50.24649833640703,6.418595074220374,0,4,0,0
8659,0,3,55.68180921896789,33.215511316863214,0,8,1,0
8660,0,3,37.16138243986252,19.775560195756775,0,4,1,0
8661,1,3,48.521115978292514,63.16219921921692,0,6,1,0
8662,0,3,61.03927909946136,28.818783103582753,0,10,1,0
8663,0,3,48.83382052083785,8.734788086904224,0,5,1,0
8664,0,3,40.73728769139916,24.522567651042067,0,4,1,0
8665,0,2,49.03851256439192,20.65439337205325,0,4,0,0
8666,1,1,42.33973015615177,39.93716071586601,0,4,0,0
8667,1,3,60.83627096437367,69.35237137944196,0,6,0,1
8668,1,3,58.14222988285089,47.79000910370773,0,5,0,0
8669,0,3,55.34877800185469,15.732075912280855,0,7,1,0
8670,0,3,62.955135754573405,46.03898222336016,0,9,0,0
8671,1,2,38.09840323981259,30.871783380521276,0,4,0,0
8672,0,2,37.27743243913914,30.062329971586976,0,9,0,0
8673,0,3,54.882404947149915,22.36366334791834,0,3,1,0
8674,0,3,73.22404397204276,32.122186146147975,0,6,1,0
8675,0,3,40.56809931533948,15.943599353056161,0,10,1,0
8676,1,1,46.567406191323386,32.35728745487021,0,3,0,0
8677,0,3,48.87000313154841,35.50732720836326,0,7,1,0
8678,1,3,24.35294838878886,53.99975116648869,0,4,0,0
8679,0,3,51.51708790315232,34.20003708455103,0,8,1,0
8680,0,3,70.35321088411352,40.78296357000758,0,2,1,0
8681,1,3,74.31950579005405,56.23572856735168,0,6,0,0
8682,1,2,38.071318787563534,57.06622798129851,1,4,0,1
8683,1,3,27.221558912891012,42.46238413714411,0,4,0,0
8684,0,3,46.41389376629566,31.99261297778456,0,5,0,0
8685,1,3,44.46054414835323,65.90889146413582,0,10,0,0
8686,0,3,42.20017491135901,28.37847058324776,0,6,1,0
8687,0,3,61.4675042786499,32.328272489627764,0,2,1,0
8688,1,3,77.60572561420821,89.96096148299898,1,10,0,1
8689,0,1,54.57218554452418,9.472800913234659,0,2,0,0
8690,0,2,42.83374351864614,29.32274314215644,0,3,1,0
8691,1,3,58.9660428930045,61.075147861116385,0,7,0,1
8692,0,2,48.08751723865255,30.513325205542632,0,3,1,0
8693,0,3,39.47394040897726,3.524901832606342,0,4,1,0
8694,1,3,52.229489987722374,41.01951560189494,0,5,0,0
8695,1,2,63.99448627221157,66.84792387968552,1,2,0,1
8696,0,3,48.36308484594009,0.5909199561435949,0,3,1,0
8697,1,3,49.316704967423114,33.14052603142219,0,2,0,0
8698,0,3,35.87502270419312,0.0,0,3,1,0
8699,0,1,40.13873954078898,21.71065603005018,0,3,0,0
8700,1,2,56.795781345286464,70.04115322498197,0,6,1,0
8701,0,1,72.95225228836622,24.732242877077297,1,7,0,1
8702,0,3,30.146990279660486,51.344704285208564,0,5,1,0
8703,1,3,64.89372543753817,62.086536362279716,0,1,0,0
8704,0,1,80.41595352951256,41.391835840204415,1,7,1,1
8705,0,2,65.94969707061156,51.43973543207643,1,10,0,0
8706,0,3,39.085234471798245,23.04829860529096,0,3,1,0
8707,0,3,17.861712897025313,0.0,0,7,1,0
8708,0,2,62.003659071586455,30.156939660591373,0,2,1,0
8709,0,3,0.0,26.0259662863971,0,2,0,0
8710,1,3,70.93715785125326,72.02686001501417,0,3,0,0
8711,1,3,63.24257604941425,52.03239525567118,0,6,0,0
8712,0,2,46.812706741111974,0.7119988320993076,0,2,1,0
8713,1,3,60.53719825564594,58.87701154295327,0,1,0,0
8714,1,2,37.5318396850518,41.727607135428585,0,1,0,0
8715,0,3,36.34449572491668,31.305809280451268,0,7,1,0
8716,1,2,46.119910916565104,58.723384096267324,0,6,1,0
8717,0,3,21.034346162849857,13.926611552974492,0,5,0,0
8718,0,1,44.39655947624695,21.529323392696618,0,7,0,0
8719,0,3,27.931178344444376,14.95533077963579,0,4,1,0
8720,1,1,48.91117414304468,55.79107896613293,0,4,0,0
8721,1,3,41.554221326065296,27.690037535142583,0,3,1,0
8722,0,3,49.03232831689335,18.92876076454196,0,1,1,0
8723,1,3,50.64112240774334,38.12554931968867,0,4,0,0
8724,1,3,77.58436553223376,61.806874407677306,1,4,0,1
8725,1,1,71.03166275304143,55.05558196098045,1,4,0,1
8726,0,3,50.63830586856082,12.258662907402986,0,5,1,0
8727,1,3,40.83526047260217,51.51306502010769,0,4,0,0
8728,0,2,57.24106863529429,34.35468516303084,0,4,1,0
8729,0,3,59.93460388686819,37.56268326547142,0,4,1,0
8730,1,3,22.239645412720147,17.34394597074922,0,4,0,0
8731,1,2,44.43653794373053,39.84976762161569,0,5,0,0
8732,0,2,56.63060024265537,9.777353823341342,0,5,0,0
8733,0,3,49.252985850140355,37.90993998529514,0,8,1,0
8734,1,3,44.742281054311,32.545749713184776,0,4,0,0
8735,0,3,56.93342296617597,43.37717278528113,0,9,1,0
8736,0,3,38.76778501934469,9.5074961798977,0,7,1,0
8737,0,2,50.898551191717786,22.40362120128787,0,4,1,0
8738,0,3,52.92890727925406,24.211315743772055,0,3,0,0
8739,0,2,37.236767341300734,4.210345881610985,0,7,1,0
8740,0,3,48.927897155172936,29.293544309846865,0,3,1,0
8741,0,2,33.838647137893815,20.182195261612883,0,7,1,0
8742,0,3,23.95115004681938,0.0,0,4,0,0
8743,1,2,27.453503581657817,21.967375594061448,0,5,0,0
8744,0,3,45.90137435287623,31.744149970444504,0,7,1,0
8745,1,2,44.08265211850323,42.22129213145649,0,7,0,0
8746,1,3,40.246928892832315,61.99923712315709,1,10,0,1
8747,0,3,46.84878846176845,1.0406324213382174,0,4,1,0
8748,1,3,78.837126259108,73.66406040928732,0,3,0,1
8749,0,3,44.63460326614939,25.648820382190106,0,4,1,0
8750,0,2,29.117888266823176,15.041748137105113,0,3,0,0
8751,0,2,50.70177561004596,16.148058841393805,0,7,1,0
8752,1,3,49.21901310987637,32.91037481371234,0,3,0,0
8753,0,3,63.52048489388735,35.85765895498364,0,3,1,0
8754,0,3,36.627170317299885,4.472563768155993,0,2,1,0
8755,0,2,65.37561688244939,43.554922763537505,1,3,1,0
8756,0,2,67.07367870510508,39.851269833607226,1,5,0,0
8757,0,3,83.26100075066256,47.36778055501003,1,2,0,1
8758,0,2,35.34493683804327,24.501488373059182,0,8,1,0
8759,0,2,30.073840987617366,0.0,0,4,0,0
8760,0,2,50.93580141841445,28.167213029192137,0,5,1,0
8761,0,3,72.95965157823632,44.87131726756011,0,7,1,0
8762,1,3,78.55094979589875,74.46008720239462,1,5,0,1
8763,0,3,67.2029284019203,27.634076041294357,0,6,1,0
8764,0,3,60.02347707516232,38.40630702348495,0,5,1,0
8765,0,3,39.77845129603208,30.61731649586659,0,10,1,0
8766,0,3,44.4428220421434,7.957241885216412,0,5,1,0
8767,0,3,41.58418391131512,30.930549109151524,0,6,1,0
8768,0,2,40.98621219898913,18.09989754452052,0,9,1,0
8769,1,2,50.44726369689514,39.39284161307828,0,4,0,0
8770,0,3,62.96817374844769,49.033514325694995,0,8,1,0
8771,1,2,30.442189324732816,29.98238875240025,0,3,0,0
8772,0,2,35.62857944088855,19.58737743428864,0,4,1,0
8773,0,3,58.747145076765065,40.10056419851309,0,7,0,0
8774,1,3,40.890349476171735,27.714239559312276,0,2,0,0
8775,0,1,49.41730971377443,0.0,0,1,1,0
8776,0,3,47.47934534896984,12.528999187562064,0,5,0,0
8777,0,2,36.353628904622184,16.151478292749413,0,7,1,0
8778,1,3,49.880763479743955,37.621814838836094,0,5,0,0
8779,0,3,38.24100929029552,20.363001891083037,0,4,1,0
8780,1,3,68.92115928310946,50.17825160939734,0,1,0,0
8781,0,2,38.43186390140654,36.093856702409916,0,10,1,0
8782,0,3,72.04936184675864,16.753384505934406,1,1,0,0
8783,0,1,39.16361425258968,13.139858589097823,0,7,1,0
8784,1,3,41.515013821094755,35.90506138615636,0,6,1,0
8785,0,3,52.58865405672157,31.302503161662795,0,4,0,0
8786,0,2,57.27491869996692,14.235642096080134,0,8,1,0
8787,0,3,60.76156849151646,43.313243063315376,0,7,1,0
8788,1,3,48.66581571055777,60.881706784286585,0,7,0,1
8789,0,2,57.74797585480718,13.463642613584604,0,6,0,0
8790,0,3,0.015210988965215222,0.0,0,1,1,0
8791,1,2,63.52189126700505,61.824591628667704,0,3,0,0
8792,0,2,54.94181712502994,31.343291246184663,0,3,1,0
8793,0,2,60.338964114140595,34.360588734614595,0,4,1,0
8794,0,3,35.43468718069836,20.603550117681994,0,4,1,0
8795,0,1,78.11012386152112,30.785054438772026,1,4,0,1
8796,0,3,32.26622655517549,17.775608304303596,0,5,1,0
8797,0,2,53.79266614289224,20.750313230998696,0,5,1,0
8798,0,3,29.072818499914316,13.855320341905918,0,13,1,0
8799,1,1,0.0,44.92961828023563,0,3,0,0
8800,0,3,66.66348343313066,15.133966487735584,0,2,1,0
8801,0,2,33.574807934835455,7.474988430779387,0,8,1,0
8802,0,3,44.4650584707723,46.511660394151825,0,10,1,0
8803,1,1,30.138813681710335,53.24664750587765,0,5,1,0
8804,0,1,69.38620683360877,23.14803619940106,1,5,1,0
8805,0,1,25.41872244771262,0.0,0,9,1,0
8806,0,3,36.97875690560039,21.061621803300532,0,5,1,0
8807,1,1,23.56795798766089,14.753057071067946,0,1,0,0
8808,1,2,32.96902978504329,30.157450050504615,0,5,0,0
8809,0,3,41.849625479132555,13.33224590061819,0,2,1,0
8810,1,3,42.51491321388816,57.33003586796604,0,4,1,0
8811,1,3,58.87296045310293,57.29459564962489,0,1,0,0
8812,0,3,29.709346252490132,15.419543190720228,0,5,1,0
8813,1,2,66.19170821650438,71.96081333868173,1,6,0,1
8814,1,3,73.95424782583609,73.23224487652699,1,4,0,0
8815,0,2,15.549448941674065,12.9757943848327,0,7,1,0
8816,1,2,79.05665410527062,80.92277138963746,1,5,0,1
8817,0,3,23.538642838017953,14.86704947808311,0,5,0,0
8818,0,3,62.021558976749,40.149236797768,0,5,1,0
8819,0,3,58.14065777839015,33.81214968402913,0,3,1,0
8820,1,3,44.990962107495065,38.74865557848355,0,4,0,0
8821,0,1,38.47117428598805,10.198243778643581,0,8,0,0
8822,1,3,71.51274520294557,53.53619977037805,0,9,0,1
8823,0,2,68.28363446535717,42.57531239877915,1,6,1,0
8824,0,3,33.692713354175325,22.024685271644284,0,7,1,0
8825,0,2,48.409547111405104,10.755421023878409,0,2,1,0
8826,0,3,32.15118213222462,0.0,0,4,1,0
8827,0,2,42.95933679121296,22.473716201159448,0,4,0,0
8828,1,3,59.080016556933764,44.97335588728092,0,4,0,0
8829,0,2,57.27871181532745,20.262635302487396,0,7,1,0
8830,0,2,46.93242728104903,22.865680973203336,0,2,0,0
8831,1,3,71.69360436075348,74.18702340118276,0,3,0,1
8832,0,3,12.5250232407557,43.894839072379725,0,6,1,0
8833,0,3,47.06117877436252,36.889201129105075,0,6,1,0
8834,1,2,50.83454401583922,66.06131983077833,0,8,0,1
8835,0,3,42.8437335193122,31.877970242932008,0,10,1,0
8836,0,3,52.41268739783726,11.854408227832979,0,4,1,0
8837,0,3,48.49940029065739,13.40451747141951,0,6,1,0
8838,1,2,34.8105190701746,13.949479252890187,0,1,0,0
8839,0,2,40.6982963732175,20.439085697957058,0,4,1,0
8840,0,3,51.03156817218847,31.59595205327184,0,6,1,0
8841,0,2,51.55100712332744,31.099809192585095,0,8,1,0
8842,0,2,63.80249071246887,17.54776014641034,0,5,1,0
8843,0,2,21.389724688103577,0.6833930566158639,0,6,1,0
8844,0,2,44.90386301212387,0.0,0,1,1,0
8845,1,1,55.09854280186608,69.30382233972419,0,7,1,0
8846,1,2,15.818735948883704,26.420116164830496,0,5,0,0
8847,0,2,39.11971762126899,2.3613905287330357,0,6,0,0
8848,0,2,25.817837232804308,0.0,0,3,0,0
8849,0,2,12.709189001752062,11.727865648025233,0,7,1,0
8850,1,1,51.71090638331867,40.846085620749385,1,5,0,0
8851,0,3,47.93399512943159,23.29525950035871,0,2,0,0
8852,0,2,45.76054861566369,12.675251977181722,0,8,1,0
8853,0,2,29.39817241526603,25.705110320333535,0,4,1,0
8854,1,2,38.97027559626959,61.146313955197606,0,9,0,0
8855,0,2,54.07221596281418,8.370577525374458,0,2,1,0
8856,0,2,62.103333605093624,46.94995629146375,0,4,1,0
8857,0,3,43.24122793508321,0.0,0,2,1,0
8858,0,3,68.93077130515226,44.75102941228856,0,6,1,0
8859,0,3,45.173460651042994,5.90943139802644,0,4,0,0
8860,0,3,64.25719829102546,18.757649058886322,0,5,1,0
8861,0,3,34.75255249087977,14.953967473581859,0,6,1,0
8862,0,1,75.78740522627838,20.579079956516217,1,0,1,0
8863,1,2,49.13834296948218,52.33050075472993,0,3,0,0
8864,1,2,45.1550646337579,57.73204993445388,0,6,0,0
8865,1,2,16.331321205380664,35.99597306490851,0,3,0,0
8866,0,3,37.858664173939225,12.670411719251653,0,5,1,0
8867,0,3,35.56321427545902,21.22613377694059,0,4,1,0
8868,0,3,38.76620148689908,26.76717523291123,0,9,1,0
8869,1,3,19.945011473168915,46.20568414206673,0,7,0,0
8870,0,2,75.54080852050276,44.59911275602742,1,3,0,1
8871,0,3,54.60735908931733,26.65779901061518,0,4,1,0
8872,1,3,29.103112846026082,38.41485195559607,0,3,0,0
8873,1,2,45.244950769833025,31.3228512550971,0,5,0,0
8874,0,2,61.18513211299733,11.440436051439288,0,4,1,0
8875,0,2,65.31881586202782,43.31384395430461,1,3,0,0
8876,0,3,36.234172166026475,18.67937827785326,0,3,0,0
8877,0,2,64.96071395950906,35.18541764310674,1,5,1,0
8878,1,3,89.15913668744324,87.72772484952047,1,4,0,1
8879,0,3,53.87993950661093,11.286014746243056,0,5,0,0
8880,0,3,76.7562107082408,32.82667984567421,1,7,1,0
8881,0,2,42.26241205242545,35.271146357288025,0,10,1,0
8882,0,3,42.126538949421196,25.771800219187377,0,7,1,0
8883,0,3,33.581869810039635,0.0,0,7,0,0
8884,0,3,74.62547170769665,51.16581672897532,0,8,1,0
8885,0,3,69.3589572431414,34.90299625815185,0,2,1,0
8886,1,2,57.21427808496995,62.84319909953934,0,4,0,0
8887,1,3,40.587063013231344,55.53354063160282,0,3,0,0
8888,0,1,72.06125826965652,52.83364567849163,1,9,1,1
8889,1,3,44.48333953008695,51.4022866450626,0,2,0,0
8890,1,3,43.55011955480311,42.02455903565942,0,8,0,0
8891,0,3,38.239880292338924,0.0,0,2,0,0
8892,0,3,47.30975399407336,31.295228310350023,0,8,1,0
8893,0,2,64.90778825233687,46.7411371233267,1,8,0,1
8894,1,3,35.66409697838022,36.540670047905685,0,5,0,0
8895,0,3,61.90836569149586,49.03587487033544,0,11,1,0
8896,0,2,45.44560551536517,6.706342420739768,0,5,1,0
8897,0,3,13.672646690182496,3.990932971265525,0,3,0,0
8898,0,2,45.61744716416601,3.659254371755588,0,5,1,0
8899,0,2,58.49662366950669,32.9721651778552,0,9,1,0
8900,0,3,68.3966145103679,19.00380151475114,0,4,1,0
8901,1,3,67.91984082498216,71.08684852965243,0,5,1,0
8902,0,3,51.90877582607843,16.18963391585614,0,3,1,0
8903,0,2,56.449586894766206,21.858950930096718,0,7,1,0
8904,0,3,28.366995664764033,25.792651814870712,0,8,1,0
8905,1,3,39.8432260909611,61.76298520996265,0,9,0,1
8906,0,3,35.91158346851743,0.0,0,8,1,0
8907,0,2,57.889782190698654,9.874129049687104,0,3,0,0
8908,0,1,36.59226164755453,5.619484475898897,0,7,1,0
8909,0,2,55.31996588411535,31.11313899432126,0,4,1,0
8910,1,3,40.81847579787082,64.62688918612696,0,6,0,0
8911,1,3,78.49574830797486,57.70613433721164,1,5,0,0
8912,0,3,38.54050385857331,27.407133691426075,0,2,1,0
8913,0,3,63.694108943934914,40.653880737603245,0,4,1,0
8914,0,3,54.976013907806966,25.151456138888395,0,3,1,0
8915,0,3,54.80835731047993,37.978757792142716,0,7,0,0
8916,0,2,44.93822067976113,14.325783645187128,0,9,1,0
8917,0,3,70.69150634217327,50.56591756576938,1,7,0,0
8918,0,2,74.28841044686182,39.560852537522614,1,2,1,0
8919,0,2,16.268127012861246,12.352200006435133,0,7,1,0
8920,0,3,60.676697761425544,40.164685480621245,0,6,1,0
8921,0,3,50.185147901117205,15.562425867011175,0,7,1,0
8922,1,2,30.792282322399934,40.37816151804538,0,3,0,0
8923,1,2,54.841560432894305,48.4002058612639,0,8,0,0
8924,0,3,43.62395101548048,7.414507128784044,0,9,1,0
8925,0,2,51.27788258228501,22.049157907993795,0,3,1,0
8926,1,3,15.518048817618705,24.08558231124085,0,7,1,0
8927,0,2,33.87783123499912,41.118929336144724,0,6,1,0
8928,0,3,53.254755622437855,39.52344058441319,0,11,1,0
8929,0,3,43.73471373391152,28.756984187574034,0,7,1,0
8930,0,3,55.46624619798689,34.463897964466554,0,5,1,0
8931,0,1,76.09242787179886,41.35782310325035,1,5,1,0
8932,0,3,51.344883445152114,30.19503026111052,0,7,1,0
8933,1,3,61.93884455442053,52.515898011257256,0,6,0,0
8934,0,2,34.59888367946089,0.0,0,1,1,0
8935,1,2,53.99666883354818,40.14572848650274,0,5,0,0
8936,0,3,56.39159559497134,18.833221535023632,0,6,1,0
8937,0,3,27.50562049588724,0.0,0,7,0,0
8938,1,2,44.57163240473495,31.080987015294763,0,5,1,0
8939,0,2,37.1222402259068,23.33381795482483,0,5,1,0
8940,0,2,53.01007373085183,32.37634797012484,0,6,0,0
8941,0,3,40.83129965162175,19.646010320853584,0,3,0,0
8942,1,3,13.34656614415067,13.287681911685098,0,4,0,0
8943,0,3,29.82017891850563,23.638296322507173,0,8,1,0
8944,0,2,19.823943586478507,3.353221558588829,0,8,1,0
8945,0,3,61.47186790959001,9.79207645935948,0,2,1,0
8946,0,3,54.10169787629144,12.236207801279619,0,7,1,0
8947,1,2,59.274054651977714,66.62009274970401,0,5,0,1
8948,0,3,64.20853605485597,28.781817420457763,0,5,1,0
8949,1,2,61.56118650375816,59.49726846886061,0,7,0,1
8950,0,3,40.772359827686344,0.0,0,2,1,0
8951,1,3,55.91245226204626,61.7857228029769,0,3,0,0
8952,0,3,46.28166859822771,11.552958737894429,0,7,1,0
8953,0,2,33.66859381837568,0.0,0,3,1,0
8954,1,1,39.222023187834,29.01597603801418,0,3,0,0
8955,0,3,79.92871394326639,28.82145285525318,1,3,1,0
8956,0,2,64.33699723177419,48.31140871718311,1,9,1,0
8957,0,3,67.03076323204523,29.005799662608204,0,7,0,0
8958,1,2,43.632585643560944,55.202002760417884,0,5,1,0
8959,0,2,63.277292143075016,20.940126022424188,1,7,1,0
8960,0,3,57.61771368982379,18.352935324873958,0,6,1,0
8961,1,3,36.65269521059963,43.628239156394656,0,11,0,0
8962,0,3,71.35592376300701,49.64269187499583,1,8,1,0
8963,1,3,59.004316505117814,59.7057855962722,0,3,0,0
8964,0,3,70.50494892709727,41.01238717440807,0,2,1,0
8965,0,2,31.46304757716505,13.154039427347792,0,3,0,0
8966,0,3,41.35937560412345,0.3514177430268389,0,3,0,0
8967,0,3,43.114309693852576,26.613582212625012,0,2,1,0
8968,1,3,78.19502357401463,79.90600708213954,1,7,0,1
8969,1,2,28.858692779458476,22.094843880512556,0,5,1,0
8970,0,3,67.06821241099215,42.40971738581166,0,5,1,0
8971,0,1,39.210661412366285,23.38352170999289,0,6,1,0
8972,0,2,44.533533153992785,20.60126737369894,0,4,1,0
8973,0,3,28.44396772012913,0.0,0,4,0,0
8974,1,3,52.912300370091465,67.48559307099607,0,7,0,1
8975,1,1,56.90285043005124,44.67235830567798,1,7,0,0
8976,1,2,48.59202012520441,54.22288414873256,0,4,1,0
8977,0,3,31.52098715949277,0.0,0,3,0,0
8978,0,2,22.823437570453308,0.0,0,4,1,0
8979,1,2,60.05656575246319,46.646058989983786,0,6,0,0
8980,1,2,37.403487074443284,43.26940523998604,0,11,0,0
8981,1,3,48.654942303642294,38.498188927716505,0,4,0,0
8982,1,2,52.12783822974201,67.530652373348,0,9,0,0
8983,0,3,70.81859296248788,32.682181557800114,0,7,1,0
8984,1,1,36.775823176979095,47.508926830026404,0,2,0,0
8985,1,2,74.65334174737107,56.99089604781983,1,3,0,0
8986,1,2,49.67447273542226,43.062497310911546,0,7,0,0
8987,0,3,63.18448789048782,36.300621069739,0,4,0,0
8988,0,1,45.045304474759206,24.073482025574794,0,4,1,0
8989,1,3,41.529504736259845,50.88904435136374,0,3,0,0
8990,1,1,19.548717611884207,79.66845358280631,0,12,0,1
8991,0,2,46.678198432074254,28.447038158908654,0,4,1,0
8992,0,3,47.63982182207413,0.0,0,0,1,0
8993,1,3,100.0,74.22898034299325,1,5,0,1
8994,0,2,44.44236953720929,0.0,0,4,1,0
8995,0,3,66.73821329877146,32.98588464351658,0,3,0,0
8996,0,2,26.61439781926612,0.8988966107180314,0,5,1,0
8997,1,2,48.401826127859685,60.58749782921901,0,5,0,1
8998,0,3,52.490681750822056,11.202840145836367,0,3,1,0
8999,1,1,42.51748251256082,34.134246294771586,0,6,1,0
9000,0,3,54.955235305182974,19.763810425731194,0,5,1,0
9001,1,2,37.962719462884436,49.129109864085244,0,3,0,0
9002,1,1,66.61191078069191,27.377025431331372,0,2,1,0
9003,1,3,63.67637205585545,69.78171247641548,0,5,0,1
9004,1,3,24.54770045064964,21.739086746148196,0,4,0,0
9005,0,3,66.01833720663531,37.376825090576254,0,6,0,0
9006,0,2,55.80459897683798,11.628146447287678,0,3,1,0
9007,0,3,55.5273752819142,38.058718431482376,0,6,1,0
9008,0,3,42.504693885735286,26.472935016173878,0,6,1,0
9009,0,3,43.587044118552676,0.0,0,2,1,0
9010,0,3,55.34697752099296,13.464188690437265,0,5,1,0
9011,1,1,53.77147461701364,68.390344960834,0,7,0,1
9012,0,3,47.64341333854839,4.6736725027379284,0,5,1,0
9013,0,2,34.49341426510153,0.0,0,3,1,0
9014,0,2,57.336702361720285,18.98404506669102,0,7,0,0
9015,0,3,31.41601078351348,0.0,0,0,1,0
9016,1,2,58.77337040408441,66.79575717651062,0,6,1,0
9017,1,2,41.28827190798815,54.44314231501704,0,5,0,0
9018,0,2,90.81517333317137,58.74782740998149,1,3,1,1
9019,1,2,100.0,60.592413081904155,0,4,0,0
9020,1,3,54.71344625363054,45.13894134700291,0,5,0,0
9021,0,3,48.66939196735264,32.35450717202273,0,8,0,0
9022,0,3,33.27193057222893,20.159489889946688,0,8,0,0
9023,0,2,70.74649362203284,41.58053244733513,1,5,0,0
9024,0,2,36.51169572469221,18.36830693991172,0,6,1,0
9025,0,2,39.94619528825794,21.53721307588713,0,4,1,0
9026,1,2,17.627504160446826,25.60863944996796,0,9,0,0
9027,1,3,32.09566088098063,50.7665426571652,0,5,0,0
9028,0,3,38.22565077943435,22.22623084762005,0,5,1,0
9029,0,2,51.122708122004944,29.43811826025762,0,6,1,0
9030,1,3,55.994317499727636,70.95139780501448,0,5,0,1
9031,0,3,36.58944282697527,26.952565337158795,0,6,1,0
9032,0,2,52.9368788547897,29.934535156531247,0,4,1,0
9033,0,3,49.71566512504723,29.93777856466652,0,5,0,0
9034,1,3,35.7946785973252,36.65469322124817,0,8,0,0
9035,0,2,80.65203766445475,41.08423059564271,1,3,1,0
9036,0,2,30.77830912211639,0.0,0,3,1,0
9037,0,3,53.004298792461334,26.607220535922345,0,2,1,0
9038,0,2,38.05146356234209,9.378284754859123,0,5,1,0
9039,1,2,39.29661455525608,46.99463589861794,0,3,0,0
9040,1,3,50.276806934801996,40.518104556001376,0,6,0,0
9041,0,2,16.852089399492638,7.857786672367899,0,4,1,0
9042,1,3,35.67126994127202,49.327462418616136,0,2,0,0
9043,0,3,26.061123814845864,7.667347469768769,0,13,1,0
9044,1,2,60.680023666261356,40.3919938668528,0,2,0,0
9045,0,3,28.23199398675326,0.0,0,3,0,0
9046,0,1,39.86415396085104,0.0,0,2,1,0
9047,0,2,41.04302419809503,0.6407753515179827,0,3,0,0
9048,0,3,92.57804304945594,39.656972999373586,1,9,0,0
9049,0,3,29.979381349349786,30.49930471323931,0,11,0,0
9050,0,2,70.78769679711137,41.56606670200504,1,4,1,1
9051,0,3,54.67078079622818,46.51515810839956,0,10,1,0
9052,0,3,51.51530989351996,19.958546150553133,0,5,0,0
9053,0,2,43.06000319441216,3.6096354096862884,0,5,0,0
9054,1,2,36.36306986463481,28.452885085117973,0,6,0,0
9055,1,3,45.12895488697218,60.36071569619716,0,7,0,1
9056,1,3,56.49475305791173,42.30192450931305,0,4,0,0
9057,0,3,63.25228325455343,20.693170175870783,0,5,1,0
9058,0,3,62.190646446957906,32.40218568168666,0,9,1,0
9059,0,2,44.35874795646394,2.345589119152371,0,4,0,0
9060,0,3,49.58518666001136,29.991116659613418,0,5,1,0
9061,1,1,58.87226685083671,54.885017365130786,0,1,0,0
9062,0,2,42.86199116081083,26.692772136537457,0,5,1,0
9063,1,3,57.08744791349118,45.512784022676016,0,10,0,0
9064,0,2,34.90299446156771,25.059715972883147,0,5,0,0
9065,1,2,44.296141640874524,59.889406030301274,0,6,0,0
9066,0,3,64.77938847552497,21.706111050663356,0,5,0,0
9067,0,3,73.53580890808215,42.35810188886029,1,3,1,0
9068,1,2,35.86333933032668,39.09201637009164,0,6,0,0
9069,0,2,62.84030639288961,22.555426461411063,0,6,1,0
9070,1,3,31.289818421039772,24.493180676127196,0,3,0,0
9071,0,1,80.20289184426879,33.39271061461087,1,7,0,1
9072,1,3,38.06611069748486,33.560748200720056,0,6,0,0
9073,0,3,40.82698836144444,0.0,0,1,1,0
9074,0,3,61.427556600928646,46.370436727556736,0,7,1,0
9075,0,2,29.632158579485527,24.35881810359029,0,10,0,0
9076,0,2,42.03738424162307,4.24799558704263,0,3,1,0
9077,0,3,64.66657722144414,24.6620794001349,0,2,0,0
9078,0,3,51.85347949507231,14.198764780599724,0,5,0,0
9079,0,3,65.65994451174758,41.90421948174955,0,5,1,0
9080,1,2,93.36658824005883,64.71254759654536,1,6,0,1
9081,0,1,66.25723539209356,26.56587571782437,1,4,0,0
9082,1,3,52.653368193357316,68.317471259588,0,7,0,0
9083,0,2,80.83876900647564,30.264082590473404,1,4,1,0
9084,0,3,53.66577254475108,6.164277075304369,0,2,1,0
9085,0,2,41.38833033085819,23.38454337305741,0,3,0,0
9086,0,3,21.217258156356788,15.46965597140241,0,7,1,0
9087,0,1,61.666811033208205,20.18202791332644,1,4,0,0
9088,1,2,41.89242479176815,29.255070804038056,0,3,0,0
9089,0,3,37.84764890268686,24.458785777032517,0,5,0,0
9090,1,2,36.491949794111015,49.28286473169603,0,2,0,0
9091,0,2,46.63744840617448,15.852314293164593,0,8,1,0
9092,0,2,58.51683697303319,46.86593158577368,0,14,0,1
9093,1,3,38.76147445362634,31.870354237679404,0,3,0,0
9094,1,3,39.29792105522139,47.74217103332347,0,3,0,0
9095,0,3,42.902278052698705,19.149813968865818,0,2,0,0
9096,0,2,75.71958953131387,28.59238175330379,1,4,0,0
9097,0,3,42.37938553763544,29.07429923766525,0,3,0,0
9098,0,3,55.28708407821809,19.0425825405481,0,6,1,0
9099,1,3,73.82936095613921,54.28931324810336,0,4,0,0
9100,1,3,34.16807396602842,25.603151601454332,0,2,0,0
9101,1,3,51.42319458587903,81.30618344900769,1,8,1,0
9102,0,3,59.84819842782925,32.29119369512538,0,4,0,0
9103,0,3,54.8270021904028,33.73223697075304,0,6,0,0
9104,0,3,66.38842628172583,29.461593999832584,0,3,0,0
9105,0,3,100.0,17.183338757674328,0,4,0,0
9106,1,3,19.78317698122691,14.048816935859476,0,2,0,0
9107,0,3,58.47393186177591,32.87749336653,0,4,1,0
9108,0,3,35.411745588960855,24.217913994287812,0,8,1,0
9109,0,2,32.47755965844096,4.593886778669852,0,7,0,0
9110,0,2,37.47247764663379,8.025117113386784,0,7,1,0
9111,0,3,56.672955034062674,16.265510266128455,0,4,0,0
9112,0,2,27.29144092487273,0.0,0,4,0,0
9113,1,2,43.136095249251646,33.43874865759996,0,4,0,0
9114,0,3,51.007692215600024,37.63859067858575,0,6,1,0
9115,0,3,52.497103892748015,10.63406306238446,0,5,1,0
9116,0,3,24.18828197710516,9.485510015879942,0,4,1,0
9117,0,3,37.12549138529912,0.0,0,5,1,0
9118,1,3,10.362986453313145,36.10660900224391,0,6,0,0
9119,1,3,23.14551384086739,17.21946350601575,0,4,0,0
9120,0,2,32.852769491107104,3.897031904276049,0,7,1,0
9121,0,2,35.14665385829707,17.710810309431785,0,3,1,0
9122,0,3,52.04687804155067,31.413618298100342,0,5,0,0
9123,0,3,40.80247241543833,0.16945740280568322,0,3,1,0
9124,0,3,36.77573745767278,3.9584862801301144,0,6,1,0
9125,0,2,40.283266830877245,31.666098785520283,0,5,1,0
9126,1,3,62.556566113055176,64.3857377427234,0,4,0,0
9127,1,2,68.94174333436658,59.26078816923787,1,8,0,0
9128,0,3,41.141829189806074,23.115556341133622,0,3,1,0
9129,0,3,45.774138782722574,9.483290098731015,0,5,0,0
9130,0,3,44.55471574334459,34.57819161074847,0,8,1,0
9131,0,1,68.81437833478755,45.74377467000593,1,3,1,0
9132,0,2,25.073527264097606,14.049674299690363,0,4,1,0
9133,0,2,56.02929419824651,28.306271582213007,0,3,0,0
9134,0,3,43.78421736850536,28.86722591520579,0,7,1,0
9135,0,3,48.53597506338399,0.0,0,2,1,0
9136,1,3,40.32280794656687,32.22026065331311,0,3,0,0
9137,0,3,59.6395116588796,28.40962064013989,0,1,1,0
9138,0,2,65.05392829895547,23.09211200871587,1,5,0,0
9139,0,3,47.1516839134804,3.4663780799699264,0,3,0,0
9140,0,3,28.34871273397929,22.621817697541278,0,4,1,0
9141,0,3,61.91100820357744,7.341404293142407,0,2,1,0
9142,0,2,79.38270233532567,30.0541170451579,1,1,1,0
9143,0,1,37.12666685620347,23.359679068740398,0,3,1,0
9144,0,3,59.241074506583686,32.38725089379618,0,3,1,0
9145,0,3,60.96216159986803,42.52559235380796,0,6,0,0
9146,0,2,45.544789429579474,36.83571823989398,0,8,1,0
9147,0,3,37.965868235494085,27.613647282446635,0,6,1,0
9148,0,3,65.31111051707224,33.4835350003139,0,2,0,0
9149,1,2,27.65789723064043,38.098789898323204,0,4,1,0
9150,1,3,71.28372554870657,68.96312062085747,0,2,0,0
9151,0,2,63.79802295666056,19.918111869372137,0,6,0,0
9152,0,2,39.070438181458094,24.45079155859557,0,6,0,0
9153,0,3,50.87483807786158,31.39356901974668,0,3,0,0
9154,0,3,43.8717658139182,27.761973956305674,0,8,1,0
9155,0,2,70.84709185123059,41.93157296910171,0,6,1,0
9156,1,2,77.53859174145886,55.79293575926648,1,5,0,1
9157,0,3,25.869137860926262,14.476645045501474,0,3,1,0
9158,0,2,18.667668712741474,4.56405850253178,0,3,1,0
9159,0,2,96.50475350558877,32.61467039702913,1,1,1,1
9160,0,3,45.30900151538913,32.60059369603807,0,7,1,0
9161,1,3,49.375256220105456,49.25435310761664,0,9,0,0
9162,0,3,53.72426574080433,11.744637465043029,0,5,1,0
9163,1,3,42.02719618594459,33.53550769933412,0,3,0,0
9164,1,3,64.1509792784793,47.544778379932204,0,6,0,0
9165,0,3,42.06568366248904,6.0052220386062505,0,3,1,0
9166,0,1,98.08970729859013,41.61355112178044,1,6,1,1
9167,0,3,50.703505845819805,6.583122875107552,0,3,1,0
9168,1,3,59.896901648981114,60.343018068955,0,3,0,0
9169,0,3,57.48583020453779,51.09878728675564,0,10,1,0
9170,0,2,45.53785520860286,37.654878072301884,0,6,0,0
9171,0,2,67.60419694007058,41.492043675987176,1,8,1,0
9172,1,1,58.56632494322512,66.92270029168019,0,5,0,1
9173,0,2,58.731793012442076,14.504302819475422,0,3,1,0
9174,0,2,50.994167236923694,17.337390898930554,0,8,1,0
9175,0,3,63.62427726491465,17.139066394840487,0,3,1,0
9176,1,3,76.45754663158118,53.91876584320649,0,5,0,0
9177,0,1,68.66783220504423,50.49744793843564,1,11,1,1
9178,0,2,51.370028378817665,6.7389567459469815,0,6,0,0
9179,0,2,66.73032849970546,27.66881358964856,1,9,1,0
9180,0,2,54.63435791827756,23.679394687179204,0,3,1,0
9181,1,1,65.83868053215085,72.82113546907587,1,6,0,1
9182,0,3,69.95632768609606,44.22241575984752,0,6,1,0
9183,0,2,67.94622787181974,33.33683912331193,1,8,1,0
9184,0,2,39.66962190148691,4.865573238953884,0,4,1,0
9185,0,3,66.50365355112385,27.749598374685938,0,4,1,0
9186,0,2,32.981564084244724,22.037718815516882,0,5,1,0
9187,0,3,62.63532600950232,0.0,0,2,1,0
9188,1,3,57.37223474025351,40.92678377521356,0,4,0,0
9189,0,3,54.5488484283706,22.122180933111935,0,8,1,0
9190,0,2,32.097522569674226,0.5996668851736291,0,7,0,0
9191,0,3,25.74260897794828,0.0,0,6,1,0
9192,0,3,42.74063486417602,0.0,0,3,1,0
9193,1,2,44.13572766892864,60.991507381008866,0,3,0,1
9194,0,3,45.39992622869611,26.64886395536935,0,5,0,0
9195,1,3,13.399602583850191,48.3899892583812,0,5,0,0
9196,0,3,19.385172644772005,9.946477034230302,0,6,1,0
9197,1,2,45.920645233275096,35.63209368640892,0,6,1,0
9198,1,2,34.240025310178396,49.645883506289195,0,6,1,0
9199,1,3,53.68931744082939,61.03947784545,0,6,1,0
9200,0,3,54.67761698556507,2.9169314965999433,0,2,0,0
9201,0,3,22.570590549951095,10.183347520578172,0,5,1,0
9202,0,3,71.00095892433932,46.81835046276143,0,7,1,0
9203,1,3,43.3076670031573,33.235460852118536,0,4,1,0
9204,0,2,49.41878796328713,24.428286868228092,0,2,1,0
9205,0,3,84.35563289413571,10.20316988939836,0,7,1,0
9206,0,2,29.961148075579505,12.107744016390683,0,2,0,0
9207,1,2,40.53261208093741,48.79985194660232,0,2,0,0
9208,0,3,39.26856449081722,18.13746804362895,0,4,1,0
9209,0,3,38.61365036766181,28.103515507244488,0,6,1,0
9210,0,3,65.96148408002048,34.34909491408868,0,5,0,1
9211,1,3,31.41494518867597,30.72303223015036,0,8,0,0
9212,1,3,25.32690456091807,44.85404231932407,0,7,0,0
9213,0,2,62.07649544488375,21.915488349209475,1,8,1,0
9214,1,2,44.54739395301632,54.10955446076893,0,5,0,0
9215,0,2,61.140515785190814,26.748624466944417,0,9,1,0
9216,0,3,59.792358682894175,34.87577024802007,0,4,0,0
9217,0,3,41.61843437599214,25.602276066270583,0,5,1,0
9218,0,2,78.92460865638887,45.850311037235294,1,5,1,0
9219,0,2,30.759139049624288,0.0,0,2,1,0
9220,0,3,42.81220409762779,6.813104933936321,0,5,1,0
9221,0,3,50.57314969117539,25.79817175561283,0,4,1,0
9222,0,2,46.20710146538101,31.928395944291566,0,4,0,0
9223,1,3,60.88319285424619,49.51123389588255,0,5,0,0
9224,1,3,33.135482295902456,52.32287560737815,0,6,0,0
9225,0,2,53.25936395869779,35.38035375561113,0,8,0,0
9226,1,3,47.395069839516786,44.22406383328921,0,6,0,0
9227,0,2,54.939204451998336,8.568644775620626,0,2,1,0
9228,0,2,40.61551460914387,12.43685591270333,0,9,1,0
9229,1,1,42.37653389063453,57.93191710942609,0,5,0,0
9230,1,2,38.312484214564975,43.2677811290843,0,1,0,0
9231,1,3,68.07138604283921,51.60527610408363,0,3,1,0
9232,0,3,44.97423391194828,2.5708561522180458,0,3,1,0
9233,0,2,65.92930988377016,36.656627848162415,1,4,1,0
9234,0,3,65.67657921572074,38.19260256895712,0,3,0,0
9235,0,3,30.540557993439354,13.495585988184938,0,4,0,0
9236,1,3,47.175590613843944,52.35662416328243,0,2,0,1
9237,0,3,60.6991342985299,18.69791480951298,0,4,1,0
9238,0,3,24.135355959143034,0.0,0,8,1,0
9239,0,3,38.081498867405934,23.517450717280745,0,8,1,0
9240,0,1,49.82558055927282,0.0,0,3,1,0
9241,1,2,60.90840814233213,72.56765440154508,0,6,0,1
9242,0,3,60.792890322190814,16.988513733441412,0,5,1,0
9243,0,2,53.44507850836978,38.84551233204691,0,7,1,0
9244,0,3,30.078974712673585,12.252033026956953,0,5,0,0
9245,0,2,39.48146908802328,26.89821755191298,0,8,0,0
9246,0,2,41.00908229897165,23.772684977665854,0,6,1,0
9247,0,2,49.946998569221,17.705635479743297,0,6,1,0
9248,1,3,35.122315345156565,55.0735127353258,0,8,0,0
9249,0,3,25.093162163817055,19.287917168359872,0,4,0,0
9250,0,3,66.06296933864593,14.395754613502003,0,3,1,0
9251,0,3,58.71426051174179,15.856532295292093,0,5,0,0
9252,0,3,42.582454096867345,24.27841954656904,0,4,1,0
9253,0,3,18.05560971433509,6.580602765729836,0,5,0,0
9254,0,2,57.789977142063414,12.861842006098163,0,3,0,0
9255,1,3,72.03061179774173,52.94208589735473,0,5,0,0
9256,0,3,73.3498827433156,29.20888848211111,1,6,0,0
9257,1,2,47.51634511922667,29.301985077640357,0,1,0,0
9258,0,3,55.96980271047085,31.65656192741513,0,3,0,0
9259,0,3,45.61041508629164,19.454141319756747,0,2,1,0
9260,0,3,64.51467096402901,45.99664911216992,0,6,0,0
9261,0,3,68.51177852546321,19.218862559832598,0,4,1,0
9262,0,1,56.820275513152005,16.135970060733946,0,6,1,0
9263,0,2,23.511071740551433,0.0,0,4,0,0
9264,1,2,63.487405147749335,67.77328815980418,1,3,0,1
9265,1,2,53.68222558108838,62.94309449919867,0,3,0,0
9266,0,2,58.260154375350204,14.012888226134077,0,2,0,0
9267,1,3,0.0,43.08487359322981,0,5,0,0
9268,0,3,68.48252089065885,33.140151575754864,0,3,1,0
9269,0,3,39.171593153067064,1.0645628584312115,0,7,0,0
9270,1,2,46.401774319978514,51.75253912490706,0,2,0,0
9271,0,2,57.904131468216534,10.03668800559215,0,4,1,0
9272,1,2,67.81892108455024,68.2691737380665,1,4,0,1
9273,0,2,37.303984189044535,23.79274485015333,0,4,0,0
9274,0,2,55.421496653514836,28.876727829410513,0,3,0,0
9275,0,3,41.79693554530744,10.264943406356632,0,8,1,0
9276,0,3,41.66014898931385,28.985396431686866,0,7,1,0
9277,0,1,57.6627599935721,31.420623202813122,0,4,1,0
9278,0,3,38.29690643527598,14.30527203360576,0,5,0,0
9279,0,1,48.98400102088272,10.73682177068849,0,5,0,0
9280,0,1,40.514848692313215,17.71516296075438,0,3,0,0
9281,1,2,24.22146399703257,20.913393103714,0,4,0,0
9282,0,1,67.60913636181382,20.407227664256293,1,7,1,0
9283,0,3,35.401592348756665,0.0,0,6,1,0
9284,0,3,76.16466251362127,45.85890165756982,1,4,0,1
9285,0,2,86.66542604093156,58.9245571979772,1,7,1,1
9286,1,2,44.597500437676814,55.58181639751748,0,4,1,0
9287,1,3,15.646751510798477,58.657202643447086,0,5,0,0
9288,1,3,66.28548663010541,68.78542555785894,0,4,0,1
9289,1,3,37.23543737129571,30.70412147602921,0,6,0,0
9290,0,3,32.52466191463841,29.64882951905358,0,8,1,0
9291,0,2,100.0,25.07945159833101,0,7,0,0
9292,1,2,49.87467904573558,61.151853607789405,0,7,0,0
9293,1,3,50.47059289485893,62.01904925276037,0,6,0,0
9294,0,3,48.809669322046055,5.229826748188845,0,2,1,0
9295,0,2,64.88084301043588,0.0,0,5,1,0
9296,0,1,54.15527647316017,37.54740127922319,0,8,1,0
9297,1,2,36.911947840591885,47.597691009540874,0,2,0,0
9298,0,2,51.109396188781126,23.325800558254077,0,8,0,0
9299,0,1,33.89759315646888,24.85872352395346,0,3,1,0
9300,1,2,35.37477858224828,27.79723720002866,0,8,0,0
9301,1,2,60.722488221566834,46.33548357500216,0,6,0,0
9302,0,2,40.898683523745696,31.9515147897462,0,6,1,0
9303,0,3,48.036253859359896,30.00254756001687,0,7,0,0
9304,0,3,46.697276408643404,0.0,0,1,1,0
9305,0,2,43.7950015532161,29.05143792971223,0,5,1,0
9306,0,2,47.95098925189678,31.176618928127294,0,5,0,0
9307,0,2,55.94645288768224,35.660402541452584,0,6,1,0
9308,0,2,59.37506734613315,12.823338760039357,0,3,1,0
9309,0,2,72.73588704969737,43.58560496420148,1,3,1,0
9310,0,3,67.07317865447737,23.001284946676705,0,2,0,0
9311,0,2,30.14386724936853,16.581520308583176,0,4,1,0
9312,0,3,42.29538068103528,10.193852066261126,0,5,0,0
9313,0,3,58.46811982121967,32.377329497510445,0,2,1,0
9314,0,2,48.646210025979364,16.12754901983553,0,5,1,0
9315,1,3,20.307823406441678,19.70540517238222,0,5,0,0
9316,0,3,48.11515312093113,31.64829941009256,0,7,1,0
9317,1,2,36.35610105055582,34.211420620215016,0,6,0,0
9318,0,3,64.5143322365421,25.4303331648199,0,8,0,0
9319,0,1,64.68076150369255,33.394667770290745,1,4,1,0
9320,1,3,16.067273476900603,15.6823800128485,0,4,0,0
9321,0,2,38.523402543455234,13.27812708765935,0,2,1,0
9322,0,1,55.12911704023336,4.333139588560039,0,3,1,0
9323,1,2,5.487944238456047,49.023451351298924,0,8,0,0
9324,0,2,32.411167505995515,0.2476776331851518,0,5,1,0
9325,0,3,59.997962742158975,21.00565651407052,0,7,1,0
9326,1,3,47.496694657218185,59.905097216826995,0,5,0,0
9327,1,3,64.78476984959804,49.14677656459314,0,5,0,0
9328,1,3,60.13333552374861,52.234617091222844,0,6,0,1
9329,0,2,54.7314041889642,28.93596791067441,0,4,1,0
9330,0,1,40.11839050593726,6.902978775888174,0,6,1,0
9331,0,2,78.0909530491897,54.01693558126237,1,8,1,1
9332,1,3,50.42016949646461,30.88608517192563,0,3,0,0
9333,0,3,79.1994462443544,67.85912728284468,1,13,1,1
9334,0,3,39.201093584744946,6.265010979161889,0,7,1,0
9335,1,2,49.734867800514095,38.522434648552064,0,5,0,0
9336,0,3,50.314711452477376,14.456678633558337,0,9,1,0
9337,1,3,31.226825864280194,17.59093224302433,0,2,0,0
9338,0,2,45.61536073530276,10.053194331856107,0,7,1,0
9339,1,3,56.34095061333297,68.90438289213049,0,8,0,0
9340,0,2,30.59945998976664,0.0,0,7,1,0
9341,1,3,44.228568291112474,35.25918998684982,0,4,0,0
9342,0,2,36.38111893816224,0.0,0,6,0,0
9343,0,3,44.496787442207356,25.35511185173055,0,4,1,0
9344,0,3,23.976156882713454,15.988438522983659,0,7,1,0
9345,0,2,43.53804894647905,11.502101121068211,0,10,1,0
9346,0,2,52.349325172060986,38.00751584460535,0,4,1,0
9347,1,2,42.70437789825154,44.7838065471724,0,2,0,0
9348,1,3,36.560679194209186,30.849492412274547,0,3,0,0
9349,1,3,60.788513543513794,36.88540215862179,0,1,0,0
9350,0,1,48.9092822966783,34.59060065873677,0,7,0,0
9351,0,2,51.88441135922137,10.696781992563515,0,6,1,0
9352,0,3,46.60175131712724,9.80945437296679,0,3,1,0
9353,0,3,55.94585040774707,10.57339768437869,0,4,0,0
9354,0,2,37.702279587965826,7.959723733969739,0,7,1,0
9355,0,3,56.53022192752223,7.061295077217954,0,2,1,0
9356,0,3,37.24401451931731,3.3903845127820023,0,5,1,0
9357,0,3,70.36701015702745,23.059014401280763,0,6,1,0
9358,0,2,52.787266791014424,26.2808304902112,0,2,0,0
9359,0,3,48.547762353043424,12.86154836437621,0,6,1,0
9360,1,2,45.01994645562669,42.70668802778726,0,9,0,0
9361,1,2,62.24472528285056,67.8115403666741,0,5,1,0
9362,0,1,37.79402575704326,20.111620850824075,0,6,1,0
9363,1,3,38.82373142051539,63.07302459600871,0,10,0,1
9364,1,1,59.46290540032196,55.584393892790644,1,8,0,0
9365,0,3,46.876899992081796,23.50917134641857,0,12,0,0
9366,0,3,49.973902138472695,7.876747506086325,0,5,0,0
9367,0,3,68.57050915734548,21.60491321310111,0,4,1,0
9368,0,2,50.93653644666302,23.894726781024744,0,4,1,0
9369,1,2,46.892165841187726,56.879701120713065,0,5,1,0
9370,1,3,60.05343622599369,63.40560064693466,0,6,0,1
9371,0,2,46.62515939144299,1.392367234283217,0,3,1,0
9372,1,3,49.38654039565625,30.607015523103716,0,1,0,1
9373,0,1,56.9037124636147,10.781334140409676,0,3,1,0
9374,1,3,73.07971326628504,53.05674445362986,1,5,0,0
9375,0,3,56.010172343723404,20.723663330157414,0,3,1,0
9376,0,2,72.91415944544208,48.724540185656494,1,7,1,0
9377,0,2,38.57109399223095,22.21813235823704,0,4,1,0
9378,1,3,44.32062161214251,41.9470255439161,0,8,0,0
9379,1,3,53.80351024770795,63.910163272362276,0,6,0,0
9380,1,3,45.372862320711846,38.74601333713417,0,5,0,0
9381,1,2,50.553253031674046,30.522112349156448,0,2,0,0
9382,1,2,50.523031306656435,63.82102094562966,0,7,0,0
9383,1,3,55.57764179929546,40.458251065115654,0,5,0,0
9384,1,2,59.97123069147745,39.13188115252293,0,3,0,0
9385,0,3,29.802134172675487,0.0,0,2,0,0
9386,0,3,47.5710410739829,27.38700339801631,0,6,1,0
9387,0,2,9.581752886797217,1.9522160560540884,0,5,1,0
9388,0,2,44.30651935448969,18.435808981967863,0,11,1,0
9389,0,3,61.18209289466431,37.19420499127715,0,5,1,0
9390,1,1,69.9411863937026,52.30342439093685,1,7,0,1
9391,0,2,40.10172131824951,0.0,0,2,1,0
9392,0,3,30.40666660803918,29.113268903492585,0,10,1,0
9393,0,3,57.03315229836115,26.550718853753864,0,3,1,0
9394,0,3,32.46207748549628,3.147063864709641,0,3,1,0
9395,0,2,41.67678424189218,22.16129184032932,0,3,1,0
9396,0,3,50.485415182612904,30.360963988294884,0,5,0,0
9397,0,3,58.08390778571673,13.248304522564482,0,5,1,0
9398,1,2,72.23444907147848,56.59956886814276,1,6,0,1
9399,0,3,43.1857426011699,15.55153244379874,0,8,0,0
9400,0,2,62.66899023330531,40.25717495783191,1,9,1,0
9401,0,3,35.11969492748662,24.299678448936742,0,3,1,0
9402,1,3,34.07680129585066,57.393918155452084,0,5,0,0
9403,0,2,38.573296521484544,24.84534617924777,0,6,1,0
9404,0,2,78.64236414336197,32.32882094387389,1,3,0,0
9405,0,3,52.40012623126129,23.35179188379216,0,4,1,0
9406,0,2,21.437149026298517,4.0515954763269155,0,4,0,0
9407,1,3,48.44045952398415,45.43276952500071,0,7,0,0
9408,0,2,40.453639789385925,6.575489799208297,0,7,0,0
9409,0,2,25.111058291356898,8.142065615732706,0,4,1,0
9410,0,3,49.29618225541219,10.792427473531061,0,6,1,0
9411,0,2,38.46749949209884,6.512709437969296,0,4,1,0
9412,0,3,67.29324771308958,13.24022880711481,0,2,0,0
9413,0,2,47.410503342354076,7.617847655276689,0,4,1,0
9414,0,3,48.73985741693845,33.71325301623193,0,7,1,0
9415,0,3,40.10615482579236,21.759153715007756,0,5,0,0
9416,0,3,47.56734734259652,32.39418466427821,0,6,1,0
9417,0,3,47.196635721973834,6.160991671815374,0,4,1,0
9418,0,3,24.765069228964332,0.0,0,5,1,0
9419,0,2,22.521435518725813,13.855497382816896,0,5,1,0
9420,1,3,55.4650626208456,41.45839003088568,0,6,1,0
9421,0,3,52.574170551474275,13.340329970018717,0,5,0,0
9422,1,3,51.93907648690779,41.13218466942333,0,2,1,0
9423,1,2,45.25859691335001,44.86479036495999,0,0,0,0
9424,0,3,75.03864851992398,0.0,0,6,1,0
9425,0,2,26.31847535069256,0.9934221316207168,0,5,1,0
9426,0,2,68.60947614930343,33.67131199160296,1,2,1,0
9427,0,3,79.33161410599617,34.25332979801543,1,7,1,0
9428,0,3,55.22216963203913,32.28390767865452,0,5,0,0
9429,0,3,42.37023112002818,4.556805450513108,0,6,1,0
9430,0,3,57.046220563585074,37.187231090899054,0,3,1,0
9431,0,3,47.09279878611914,26.003711698763265,0,5,1,0
9432,0,3,57.31992013469192,15.527661217951138,0,3,1,0
9433,1,3,40.991298801076844,48.59667255166585,0,2,0,0
9434,0,3,64.09860170401012,20.053411902053572,0,5,1,0
9435,1,3,37.73753256658973,47.32368048006985,0,3,0,0
9436,0,3,36.98164720325617,16.266408073549933,0,3,0,0
9437,0,3,58.142395368352595,20.270103297617776,0,6,1,0
9438,0,3,84.93831902053088,38.32419664110374,1,6,1,0
9439,0,2,88.92970924093164,50.17178256660232,1,4,0,1
9440,0,2,58.61302881703465,40.09035867921589,0,7,1,0
9441,1,2,43.46365263264289,61.05227284150582,0,6,0,1
9442,1,2,49.6700445819521,48.55475593174258,0,7,0,0
9443,0,2,38.35528830019324,12.129098472207492,0,3,1,0
9444,1,3,36.58058391948149,46.49456439974156,0,3,0,0
9445,1,2,74.21586075588503,56.74873158243996,0,2,0,0
9446,0,3,60.71697431774388,36.339802912199104,0,4,1,0
9447,0,2,66.89597124028428,25.60347784895983,1,7,1,0
9448,0,3,37.80104281504579,20.028470315686846,0,3,1,0
9449,0,3,40.99745463453858,23.381209314187412,0,4,0,0
9450,0,2,41.21798775149949,23.63828928218659,0,1,1,0
9451,1,2,66.64390214800466,48.46720587912825,1,4,1,0
9452,1,2,48.565355905847305,36.162618180519786,0,4,0,0
9453,0,3,61.21882598760285,18.018975943232853,0,4,0,0
9454,0,3,67.8250379353119,38.22026404553097,0,6,1,0
9455,0,1,49.909074051265854,7.327921869525861,0,3,0,0
9456,0,2,61.11413566341217,15.6595040347856,1,6,0,0
9457,0,3,47.11568293357496,27.768141845435494,0,6,1,0
9458,0,3,25.384786116164452,27.698878136469144,0,6,0,0
9459,0,1,39.71770227533088,22.53193143022003,0,4,1,0
9460,0,3,39.92628578848643,5.259145263234696,0,6,1,0
9461,1,3,60.559152861299694,46.809978800307654,0,6,0,0
9462,1,3,38.00515750389056,45.556010277438816,0,6,0,0
9463,0,2,23.30190024645426,14.091793916959345,0,5,1,0
9464,1,3,45.595605158565945,60.41263648004942,0,7,1,0
9465,1,2,24.33816957487287,46.14410669071955,0,6,0,0
9466,1,3,42.792252742304285,22.005931207818026,0,3,0,0
9467,0,2,7.373656720866712,0.0,0,3,1,0
9468,1,2,34.92684436822505,53.73813425114414,0,6,0,0
9469,1,3,59.638543801355176,60.904999419341785,0,2,0,0
9470,1,2,49.90145170479616,63.16810454294261,0,5,0,1
9471,0,2,55.17549751552443,13.656311131115697,0,6,0,0
9472,0,3,59.14914098696796,45.17786171735389,0,8,1,0
9473,0,2,41.3714562824024,20.175036932929252,0,5,1,0
9474,1,2,43.8574742388975,64.94511810642449,0,5,0,0
9475,1,3,29.587143141673458,36.473479142323875,0,8,0,0
9476,1,2,80.81802131947805,78.98613568881214,1,5,0,1
9477,0,1,60.81073281788488,29.112677598364154,0,3,0,0
9478,0,2,71.52363031367982,54.89288298755976,1,11,1,1
9479,0,2,59.94737034215015,12.457695680891778,0,8,1,0
9480,0,3,38.54330397215564,2.8932374780712307,0,9,1,0
9481,0,3,46.46631213725155,5.0037683647203615,0,4,0,0
9482,0,3,45.0720829098311,10.968273353465259,0,8,1,0
9483,0,3,35.07985086862341,7.1508122960978895,0,5,0,0
9484,0,3,35.51267679256071,2.2425007482786636,0,6,1,0
9485,0,3,63.534189564139666,36.05272838946489,0,5,1,0
9486,1,3,45.85096399970857,44.0434789889315,0,5,0,0
9487,1,3,49.4646553006394,39.72814236216055,0,7,0,0
9488,0,2,50.99860460431667,23.248108806773107,0,1,1,0
9489,0,3,52.154908084023866,5.115855160264076,0,5,1,0
9490,0,1,61.92351892311617,19.97476718109569,1,6,0,0
9491,0,3,45.61783225174881,26.04234183102196,0,5,1,0
9492,0,2,46.55208669669672,33.43291609961415,0,8,1,0
9493,0,2,35.18413313057494,0.19901731463506733,0,7,0,0
9494,1,3,73.12928594645717,73.92709993006875,1,4,0,1
9495,1,2,25.7626261847219,46.52509533439084,0,5,1,0
9496,0,3,29.375008053780267,3.267647945921538,0,7,1,0
9497,0,2,100.0,10.45816523546656,0,4,0,0
9498,0,2,52.61744478205587,27.543669169428387,0,3,1,0
9499,0,3,46.111912265527884,34.965233325927244,0,7,1,0
9500,0,2,69.53528719733488,31.911476358782778,1,9,1,0
9501,0,3,58.40340331840889,15.609342026571255,0,5,1,0
9502,1,2,58.57558136091934,59.20119586254014,0,3,0,0
9503,1,3,15.252220700935373,10.367487525180087,0,2,1,0
9504,0,3,47.08188983095433,9.473682004641027,0,3,1,0
9505,0,2,38.33873782260366,6.858183954223626,0,7,0,0
9506,0,3,26.631270672789995,0.0,0,5,0,0
9507,0,3,64.08147166927291,37.688184359808986,0,6,1,0
9508,0,2,64.22958189038792,33.12723191494892,1,4,1,0
9509,0,2,34.57274826380979,0.0,0,5,1,0
9510,0,3,52.65878742425665,10.526556175357364,0,5,1,0
9511,0,3,43.91729483434306,44.71377149427899,0,9,0,0
9512,0,3,34.084039762221494,30.769395930117042,0,5,1,0
9513,0,3,24.43732163963961,0.0,0,4,0,0
9514,0,1,64.18801010736978,22.02037679724065,1,5,1,0
9515,0,2,43.64961779421701,5.375590374459796,0,2,0,0
9516,0,2,62.05608001021053,37.10215842758833,0,6,1,0
9517,1,3,66.67202666338132,40.908503898682866,0,5,0,0
9518,1,3,56.28681997256063,62.09275875917407,0,3,0,1
9519,0,1,78.01535999949735,43.529415761123865,1,4,1,0
9520,0,3,25.75267424024452,13.13724117188357,0,5,0,0
9521,0,3,28.748320738813113,22.23116489750685,0,8,0,0
9522,0,3,48.282358258782345,32.90915505661009,0,7,1,0
9523,0,2,56.02150545245156,35.42520200831678,0,6,1,0
9524,0,3,50.432151992431564,27.949237585237814,0,3,0,0
9525,0,2,39.555763898652756,22.971687967712104,0,5,1,0
9526,1,3,31.193418215728094,46.742974896607514,0,4,1,0
9527,1,3,59.91158666138279,72.99946307064009,0,5,0,1
9528,0,3,56.88406856919789,17.646096718708908,0,7,0,0
9529,0,3,46.063701614948364,24.540383876324075,0,3,0,0
9530,0,1,66.90222962333891,43.342515209509635,1,5,0,1
9531,0,3,32.55018037452174,1.785270159308329,0,6,1,0
9532,0,2,58.37433739962323,13.56568280394983,1,9,0,0
9533,0,3,32.8543218387711,24.15491412543429,0,7,1,0
9534,1,3,64.53483911963018,50.14228230183558,0,6,1,0
9535,0,3,38.77021782140746,4.17795959975365,0,7,1,0
9536,0,2,31.11621959182233,26.539942942069466,0,5,1,0
9537,0,2,73.60790141319843,11.854670464277799,1,6,1,0
9538,0,2,49.9068112337401,11.863313688428612,0,4,0,0
9539,0,3,61.67911435776885,8.052168374128579,0,2,0,0
9540,0,2,56.49663742417359,21.47307180027282,0,11,0,0
9541,0,3,36.081221186690016,0.0,0,4,0,0
9542,0,3,50.61472262455142,14.070852064110769,0,9,1,0
9543,0,2,40.309799206914086,23.459487400735277,0,4,1,0
9544,0,3,21.438769590264698,0.0,0,5,1,0
9545,0,1,41.741340658708815,25.527852184636327,0,5,1,0
9546,0,3,32.09366753850649,0.0,0,5,0,0
9547,0,2,60.46211302654011,40.12421823790408,0,6,1,0
9548,1,2,47.18628202223345,30.897862234194605,0,4,0,0
9549,1,1,26.38781837847684,50.62669349240545,0,6,0,0
9550,1,3,55.630910884668126,48.0632481341834,0,8,1,0
9551,0,3,70.84182393508648,42.33529870374336,1,6,1,0
9552,0,2,65.13610939229812,39.86170879623188,1,7,1,0
9553,0,3,31.09685162358569,0.0,0,4,0,0
9554,0,3,58.4994730075713,36.36737055685033,0,5,0,0
9555,1,2,61.767578052758886,41.17075344144468,0,3,0,0
9556,0,3,50.68358948110758,3.67316588575345,0,3,1,0
9557,1,2,33.422592562008354,19.026755200434756,0,4,0,0
9558,1,3,50.66090247180158,43.338719500640195,0,4,0,0
9559,0,3,69.51409712292066,17.94571727879017,0,3,0,0
9560,1,2,51.22113203636671,53.58133385849839,0,4,0,0
9561,1,2,59.32135243985807,65.98798573021844,1,4,0,1
9562,0,3,54.85883633759337,38.56371684197451,0,8,0,0
9563,0,2,62.897192210113325,24.819242386626755,0,1,0,0
9564,0,1,45.75785177747475,16.98489190255629,0,9,1,0
9565,0,3,48.0539194263771,21.48439203477438,0,4,0,0
9566,0,2,58.14524333608856,32.27607677733901,1,3,0,0
9567,0,2,51.5712311322206,10.340062143108039,0,5,1,0
9568,0,3,67.86391498499577,37.89458592678824,0,2,1,0
9569,1,2,49.79314933199531,52.6043460025009,0,5,0,0
9570,0,2,60.94686300220808,25.998502355245023,0,7,1,0
9571,0,3,55.228130797157064,41.05019297901783,0,9,0,0
9572,0,2,53.19311729956753,31.586065848592245,0,5,1,0
9573,0,2,64.06732753082518,12.356699618480484,1,2,0,0
9574,0,3,44.85750821329411,0.0,0,5,0,0
9575,0,2,100.0,25.209360003566474,0,1,1,0
9576,1,2,66.11491511000422,64.01969637280325,1,11,1,1
9577,1,3,48.252885448905595,59.48712543669193,0,10,0,1
9578,0,2,44.746125696439705,23.59554076569786,0,3,1,0
9579,0,3,47.34161904755922,5.241829366169975,0,3,0,0
9580,0,2,48.88029793765284,30.072853122327537,0,6,0,0
9581,0,1,44.847237972478,0.0,0,1,1,0
9582,0,1,49.045787863374954,6.323907541897027,0,3,1,0
9583,0,3,57.0152656153066,35.14725525069063,0,3,1,0
9584,0,1,7.590651470456315,3.374962002638521,0,3,0,0
9585,0,2,46.59906576084141,24.524825633772796,0,4,1,0
9586,0,3,54.531467749525724,30.800753556690786,0,5,1,0
9587,0,3,25.150924982101323,0.0,0,3,1,0
9588,0,2,6.876129304425628,0.0,0,8,0,0
9589,0,3,19.762228664747212,0.0,0,6,1,0
9590,0,3,62.14716743194399,37.16586618707419,0,5,1,0
9591,0,3,72.68643931565542,23.638446580262023,0,5,0,0
9592,0,3,43.95085882737225,1.766340932885175,0,2,1,0
9593,0,2,65.19994040537105,55.91362618031094,1,8,1,0
9594,1,3,51.75578078212195,51.58825708205052,0,9,0,0
9595,1,3,37.30358251942356,51.077512273925954,0,6,0,0
9596,0,3,100.0,37.19641207949178,0,9,0,0
9597,1,3,56.77927670603965,70.0819161545435,0,8,1,0
9598,1,1,10.353865238964483,36.87859209986224,0,7,0,0
9599,0,2,72.26112945681722,40.476507610510396,1,3,1,0
9600,0,3,55.44115689720535,33.62747700494713,0,3,0,0
9601,0,3,38.90213340764255,23.160296833256798,0,5,0,0
9602,0,3,55.73235063050944,2.239911847901757,0,3,0,0
9603,0,3,41.43048110603069,34.00305762049402,0,7,1,0
9604,1,2,58.09976045346556,48.52454413049957,0,6,0,0
9605,0,2,28.438969972236166,14.926151338190056,0,3,1,0
9606,0,3,40.0204046841163,25.373249165941125,0,6,0,0
9607,1,3,52.56204734948578,45.367335773782045,0,6,0,0
9608,0,2,59.08856257358665,35.65385069838189,0,6,0,0
9609,0,3,38.07525489619676,0.6506742383835897,0,5,1,0
9610,0,2,50.56301381332893,7.067764038870782,0,4,0,0
9611,1,2,75.25232774914349,28.256280798276833,0,6,0,0
9612,0,3,61.673615747315054,38.86380031588115,0,6,1,0
9613,1,2,41.8806402139319,52.0912670808812,0,6,0,0
9614,0,2,61.670597329834735,40.294464327927635,1,4,1,0
9615,0,3,59.07587701377212,44.854122047504156,0,9,1,0
9616,0,2,42.56665346212353,27.536313894179965,0,6,0,0
9617,1,3,46.67249921566144,63.88303962499956,0,6,0,1
9618,1,3,56.28975361509515,44.328289348505194,0,5,0,0
9619,0,3,25.177423036395616,0.0,0,5,0,0
9620,1,2,64.22437225458351,51.87622646305708,1,7,0,0
9621,0,2,44.615685458569466,28.472666963664466,0,8,1,0
9622,0,3,55.98247795515658,13.42183150432432,0,3,1,0
9623,0,3,33.64549678296351,17.904990010989543,0,6,1,0
9624,1,2,50.22415710659117,26.779649751295295,0,2,0,0
9625,1,3,50.10500360635247,61.729762926037665,0,6,0,1
9626,1,2,9.589764253200602,15.226452967904851,0,6,0,0
9627,1,2,72.70538346458015,74.70659292009499,1,6,0,1
9628,1,3,53.8740789430838,43.44078719824337,0,4,0,0
9629,0,3,38.773815337860874,27.86171666676593,0,8,1,0
9630,0,3,85.2724105979799,54.94683229448589,1,5,1,0
9631,1,2,48.50953240780284,36.275745499696086,0,4,0,0
9632,1,2,60.93201671243223,69.3761474462569,1,5,0,1
9633,0,3,58.09198146206615,13.986837454149171,0,4,0,0
9634,0,2,66.93829758780953,26.184956771733628,1,8,1,0
9635,0,2,64.47262592460035,12.48517790542432,1,1,1,0
9636,0,3,40.86773726976295,8.262732331088005,0,7,0,0
9637,0,1,52.759974785640395,36.78564527088547,0,6,1,0
9638,0,2,39.411814028388164,6.435495150121015,0,4,1,0
9639,0,3,67.65028630797501,39.43685460549983,0,4,1,0
9640,0,3,63.879791071953214,39.14462398790405,0,3,0,0
9641,1,2,58.62564971172588,63.21920267313957,0,3,0,1
9642,1,2,43.370859536781175,55.59874132798421,0,5,0,0
9643,0,1,45.38012416210897,13.818592833518768,0,6,1,0
9644,0,2,78.64895610960676,23.391929140999096,1,5,0,0
9645,1,3,56.144275957693736,30.19594683109311,0,3,0,0
9646,0,3,69.74628244517783,45.832550527950886,0,6,0,0
9647,1,2,47.13608501003457,33.679339032717216,0,3,0,0
9648,1,2,25.325038121535457,42.06542230229478,0,5,0,0
9649,0,2,15.653954103934979,15.007359127658063,0,2,1,0
9650,0,2,57.21442640593247,21.451656591874517,0,7,0,0
9651,0,2,56.368751596269526,15.646156625417662,0,7,1,0
9652,0,2,70.89833217425351,28.684277465372215,1,4,0,0
9653,0,3,52.19013103671325,6.8331664323969,0,4,1,0
9654,1,3,65.92971733202552,46.38567721363643,0,4,0,0
9655,0,1,37.25957673316255,17.317000954843035,0,3,0,0
9656,0,3,78.5297743694936,49.61678853462712,1,5,1,0
9657,0,3,44.46922277145105,23.043886544839435,0,3,1,0
9658,0,3,45.06570181268377,21.855926346412925,0,3,1,0
9659,0,2,56.32256737465846,34.03062511936616,0,5,1,0
9660,0,2,33.3693973827873,0.86209996908596,0,6,1,0
9661,0,1,76.93729210574809,53.45784802602946,1,7,1,1
9662,1,3,24.914527909217107,27.77716737574844,0,6,0,0
9663,1,3,67.2463083803692,46.63708713357555,0,4,0,0
9664,0,3,64.5131601353331,21.541246292080352,0,8,1,0
9665,0,3,40.07606716769199,7.034774989534878,0,6,0,0
9666,0,3,43.785852113826266,2.2942696369192186,0,3,1,0
9667,0,2,67.4010358543567,23.209891311295863,1,5,1,0
9668,1,3,48.12472917836026,34.38254728211976,0,5,1,0
9669,0,2,45.3548002563087,19.988031956347093,0,2,1,0
9670,0,1,54.24877150076846,16.811649378076112,0,9,1,0
9671,0,1,43.96721958482626,5.175895002738553,0,5,1,0
9672,0,2,53.95702316525022,33.63990111462799,0,6,1,0
9673,0,1,64.37650426702257,32.02650161719177,1,3,0,0
9674,0,2,46.30773362049007,10.353984205222652,0,4,1,0
9675,0,3,49.28849978755898,18.44998691002936,0,6,1,0
9676,1,1,57.61743092057537,41.14720968097394,0,3,1,0
9677,1,3,66.69430874721029,58.02800119208713,0,9,0,1
9678,0,3,54.773447647784714,29.246317481410514,0,4,1,0
9679,0,3,45.559434510996596,31.271741344561686,0,4,0,0
9680,1,2,63.356946418376104,57.775160534913184,1,0,0,0
9681,0,3,39.48340874410663,7.866079763351339,0,9,1,0
9682,0,3,37.36646462717188,21.147698524889616,0,5,1,0
9683,1,2,50.655616360409134,35.57455888030332,0,3,1,0
9684,0,3,46.387270786128695,31.176939180580426,0,3,1,0
9685,0,1,78.87788934324504,42.00404014256614,1,9,1,1
9686,1,1,53.14512439900041,62.55272841710146,0,3,0,1
9687,0,2,59.93656913978056,9.737395612448918,0,4,1,0
9688,0,3,35.94037004172558,0.0,0,3,1,0
9689,1,3,48.01870533797538,56.91099971039751,0,4,0,0
9690,0,3,62.54599099699659,40.11747228230905,0,3,0,0
9691,1,3,59.72800616843369,66.27685913364768,0,6,0,0
9692,0,3,39.762236569520795,4.25424320442365,0,6,0,0
9693,1,3,42.696957947879525,24.072010310474795,0,4,0,0
9694,1,3,70.0142877378754,75.60118677835798,0,6,1,1
9695,0,3,40.957428336216495,8.32638437733697,0,6,1,0
9696,1,2,31.40674298774,54.869440426086236,0,6,0,1
9697,0,2,53.65251869970938,16.529896655835678,0,5,1,0
9698,0,2,60.24840007921916,14.185536046077269,0,5,0,0
9699,0,3,50.58274746343896,30.62729427096629,0,8,1,0
9700,0,3,32.36944378755523,0.0,0,3,1,0
9701,0,3,49.216203118036574,33.057215639735695,0,6,1,0
9702,0,2,66.61547791004749,16.027851542047575,1,5,0,0
9703,1,3,55.59704401257339,52.0470472398301,0,5,0,0
9704,1,2,81.36430510180038,85.45705767922442,1,7,0,1
9705,0,3,21.993882093190532,0.0,0,4,1,0
9706,0,2,42.02042312987852,3.946014620979091,0,5,1,0
9707,1,3,46.478415029515396,32.077154070091545,0,3,0,0
9708,0,3,39.31376933435819,4.612488659593172,0,6,1,0
9709,0,3,53.80498970835779,14.446436495898963,0,4,1,0
9710,0,2,48.04376895123847,19.930076496040044,0,5,1,0
9711,0,3,40.159650573226344,4.492261697134465,0,7,1,0
9712,1,2,51.73769061007086,51.95183556272949,0,2,0,0
9713,0,2,49.05251041397843,23.5954641514304,0,2,1,0
9714,0,3,48.48899899893736,6.372587227186522,0,3,1,0
9715,0,2,43.23327972143817,8.441238553950686,0,4,1,0
9716,1,3,36.36469576304953,31.191079458200768,0,5,0,0
9717,0,2,72.28143225114178,41.660031582770735,1,7,1,0
9718,1,2,53.37195933725129,42.792070751308046,0,6,0,0
9719,1,3,59.97445556693603,46.266263417421015,0,5,1,0
9720,0,3,48.85865770136356,23.83916951746643,0,2,1,0
9721,0,2,32.15425954654003,0.0,0,6,1,0
9722,0,2,0.0,34.52065308015072,0,4,1,0
9723,0,2,54.0198177866206,41.123490768282345,0,8,1,0
9724,0,2,30.197415360601536,20.045456592978237,0,6,1,0
9725,1,2,34.022133887743124,26.944060360493918,0,4,0,0
9726,0,3,55.80503284056688,29.25519228674506,0,4,1,0
9727,0,2,50.62489171180083,33.213582672169316,0,6,1,0
9728,0,2,31.33462539461523,0.0,0,4,0,0
9729,0,3,54.149873628706054,36.12520983997647,0,9,1,0
9730,0,3,47.55010470140986,13.708229855252133,0,6,1,0
9731,0,3,82.34419530853309,30.27302496025305,1,4,1,0
9732,0,3,38.93842871292915,1.0109079447610183,0,4,0,0
9733,0,2,51.062580874358666,16.9965001150822,1,5,1,0
9734,0,3,57.42333940603868,4.12411500474748,0,4,1,0
9735,1,3,49.13814528837673,62.712447620997,0,5,0,1
9736,1,2,54.87973762320407,43.652805183131015,0,6,0,0
9737,0,2,25.122189968090513,0.0,0,5,1,0
9738,0,2,57.58002138767082,18.252497277833307,0,2,1,0
9739,0,3,20.47961535896266,0.0,0,4,0,0
9740,0,2,52.66660071335979,30.233468880330648,0,4,1,0
9741,1,3,40.757173355335446,61.3696233618995,0,7,1,1
9742,0,3,32.812209328612596,32.86497852340442,0,11,1,0
9743,0,2,54.59886471321089,12.940950067807501,0,9,1,0
9744,0,2,45.36031832492801,28.10108994577682,0,5,0,0
9745,1,2,38.1106004647628,38.80412210607654,0,5,0,0
9746,0,3,44.182027579074386,6.2217424821617175,0,4,1,0
9747,0,2,58.35028261195472,15.683464697406794,0,4,1,0
9748,1,2,49.150877571742896,62.97604918323161,0,8,0,0
9749,0,1,49.52588102576852,13.14241854493395,0,5,1,0
9750,0,3,58.32462108202093,9.613823587533778,0,2,1,0
9751,1,3,52.9323935259726,61.20256775379199,0,4,0,0
9752,0,3,91.22681639488889,41.66762077097345,1,7,1,0
9753,0,2,35.1385875157473,24.824244161089197,0,8,1,0
9754,0,3,30.617766058687327,0.0,0,7,1,0
9755,1,3,67.62905990570465,70.33548718329587,0,4,0,1
9756,0,3,59.151688192173005,34.24661640936324,0,3,1,0
9757,0,2,74.83573224823469,19.365283855173033,0,8,1,0
9758,0,3,75.36344114864588,35.96773658816958,0,3,1,0
9759,0,3,68.64559220807212,41.37105531439343,1,4,1,0
9760,0,3,55.67217206809997,17.076616496554156,0,6,1,0
9761,0,2,63.31612958275634,37.91784365744159,1,5,1,0
9762,0,2,61.632031665559154,21.797032995667724,1,7,1,0
9763,0,2,17.254358816029328,0.0,0,3,1,0
9764,0,2,50.46641624108374,15.030888078589205,0,6,1,0
9765,0,3,41.7157756757982,23.414725791285527,0,5,1,0
9766,0,2,21.5855257124572,16.932520050458418,0,6,1,0
9767,1,2,34.11256536436093,36.72720924972421,0,2,0,0
9768,0,3,48.824052476064544,13.995708917503608,0,6,1,0
9769,0,3,61.63193133248568,23.089237111841225,0,4,1,0
9770,1,3,49.1320983863903,53.15580580980437,0,3,0,0
9771,0,2,51.35783797232674,14.801390013660654,0,7,1,0
9772,0,3,40.261700229699514,0.0,0,4,1,0
9773,1,2,40.68230089460702,32.58062842198261,0,6,1,0
9774,0,2,72.50545910478091,38.09022322963754,0,4,1,0
9775,0,3,38.96860520901675,0.0,0,4,0,0
9776,0,3,63.05464614437619,22.085169149477544,0,8,0,0
9777,0,2,37.46609601143328,0.0,0,2,1,0
9778,0,2,60.247907249093764,31.155832741401998,0,5,1,0
9779,1,2,53.03630235601797,60.97990714378023,0,5,0,0
9780,0,3,29.199599708247625,15.922846390210884,0,4,1,0
9781,0,3,53.72009038361398,16.858115942731043,0,5,1,0
9782,0,2,40.42781824820783,0.3149339588757407,0,4,1,0
9783,1,2,18.87871504261374,9.50265946461788,0,2,1,0
9784,0,3,31.946273449368498,0.0,0,2,1,0
9785,0,3,32.563047674127695,17.939842745318863,0,6,1,0
9786,0,3,59.39349306106898,36.89028299967956,0,4,1,0
9787,1,2,64.16370272934822,54.828787841992934,1,5,0,1
9788,1,3,57.60783834983033,46.455313645841535,0,7,0,0
9789,0,2,59.514495473244395,37.840672565476474,1,7,1,0
9790,0,3,32.53834112339454,18.102270751189614,0,4,1,0
9791,0,2,68.13796857203897,41.68014048461657,1,4,1,0
9792,0,1,51.96355674913973,37.17894941478356,0,7,0,0
9793,0,1,73.77557994182722,45.49171946068827,1,3,1,0
9794,0,2,37.8445323276331,0.0,0,5,1,0
9795,1,3,45.910285617719516,55.22374408441996,0,3,0,1
9796,0,1,45.31405282840749,29.874609377134874,0,4,1,0
9797,0,3,69.97809370245642,47.95754535301913,0,7,1,0
9798,1,3,51.907763730179546,55.72667346590248,0,5,0,0
9799,0,2,55.63230822669645,23.027024290084814,0,11,0,0
9800,0,3,58.334280364195926,35.41605427567076,0,5,1,0
9801,1,3,51.807151797988546,54.92504943436842,0,4,0,0
9802,0,2,43.31372722647365,25.06722462709042,0,6,1,0
9803,1,2,48.769179021773034,61.411758232642896,0,6,0,0
9804,0,2,57.287342476892995,9.673934940851906,0,3,0,0
9805,0,3,45.947022367998116,3.0942792751706403,0,3,1,0
9806,1,3,54.37010403994424,47.498922032022385,0,6,1,0
9807,0,2,56.58422021599144,9.248676740598675,0,3,0,0
9808,1,3,51.130788690570306,45.714539405170676,0,8,0,0
9809,0,3,50.49521236574717,12.591922758341147,0,6,0,0
9810,0,3,52.19568204676977,8.51995004781377,0,1,1,0
9811,0,3,40.84910371984621,29.616325431644245,0,7,0,0
9812,1,3,49.73089395284426,34.26268257163278,0,5,0,0
9813,0,3,52.95544982516105,30.933866015857994,0,4,1,0
9814,1,3,71.26046673008263,54.998226272159336,0,6,0,1
9815,0,2,48.491367659322286,19.069942697484315,0,4,1,0
9816,0,3,29.505080594129343,0.9190257907444552,0,5,1,0
9817,1,3,63.4966241861712,46.670298376999334,0,3,0,0
9818,0,2,80.8048079946933,51.47897007959674,1,3,1,1
9819,0,3,50.58970302340907,10.58008764545724,0,5,0,0
9820,1,2,32.96743754743441,52.3426961528677,0,6,0,1
9821,1,2,25.410026801255732,27.866434945256096,0,7,0,0
9822,0,2,53.24047996238744,0.0,0,5,1,0
9823,0,3,34.4216706517628,20.64807280659725,0,6,1,0
9824,1,1,42.272511564013236,26.033183644779427,0,4,0,0
9825,0,2,54.45818621908051,13.116004768612783,0,6,1,0
9826,0,2,63.72896365835991,18.032029642901982,0,4,1,0
9827,1,2,40.14103703042366,38.99343410079139,0,7,0,0
9828,0,2,64.55843473157042,11.506960914314206,0,4,1,0
9829,1,3,36.533707002421345,35.82751107205074,0,6,0,0
9830,1,2,64.32853986518994,47.81799224350892,0,9,0,0
9831,0,2,28.30187206543811,0.0,0,5,0,0
9832,0,3,50.590404874888286,37.543658510333366,0,9,1,0
9833,0,3,57.0580224421082,7.093853284491944,0,2,1,0
9834,0,1,70.72539649454244,35.627939214087036,1,4,1,1
9835,1,2,46.089361456432265,37.38700433634626,0,5,0,0
9836,1,2,46.96326817816227,26.100943332140037,0,3,1,0
9837,0,3,56.36635270128586,27.535130545909944,0,3,0,0
9838,1,2,56.25470412423561,40.43010617135469,0,4,1,0
9839,0,2,42.51906304826879,25.383249023648144,0,5,1,0
9840,0,3,35.7859084657217,26.070580280733484,0,6,1,0
9841,1,3,89.82528266288236,57.34935009390152,0,4,0,1
9842,0,3,54.74300006168656,14.37172972004776,0,4,0,0
9843,0,3,56.063653249013576,36.9131058677623,0,7,1,0
9844,0,2,55.616407271185125,10.28773946539393,0,6,0,0
9845,0,3,43.150253023219705,11.19387999122204,0,6,1,0
9846,0,2,78.03294136090157,53.14562227386633,1,7,1,0
9847,0,1,38.24281720639086,12.34984557783179,0,7,0,0
9848,0,2,48.480547881687606,29.481072572672375,0,5,0,0
9849,0,3,43.48474106119745,4.745993168947473,0,5,1,0
9850,0,3,43.93578024414498,31.36245629405456,0,5,1,0
9851,0,1,40.44821812380095,25.007115451774588,0,6,1,0
9852,0,2,22.884163201197097,0.0,0,5,1,0
9853,0,3,34.70380402502491,0.880093844478187,0,5,1,0
9854,0,2,61.162384237825115,35.10199753940561,1,5,1,0
9855,0,2,44.00219613842609,24.130239401221015,0,5,0,0
9856,0,2,32.17824168221306,10.944327034541612,0,5,1,0
9857,0,3,54.82310611091134,16.17705029845662,0,4,0,0
9858,1,1,76.21196345453436,69.56588808731715,1,6,0,1
9859,1,2,56.95277414495313,41.36688141814605,0,4,0,0
9860,0,3,42.087738062597936,0.0,0,3,0,0
9861,0,3,40.96309995975172,24.203106492117737,0,5,1,0
9862,0,1,0.0,0.0,0,4,1,0
9863,1,3,70.77193551681859,60.39564885545617,0,7,0,0
9864,0,2,39.02831996952438,2.1746496270948423,0,6,1,0
9865,1,2,31.3438212056996,33.453735587533885,0,4,0,0
9866,0,2,66.15055267365963,46.290218768880976,1,8,1,0
9867,0,3,52.021754437768564,10.162864346133622,0,4,1,0
9868,0,2,38.95422259140419,16.06416131677601,0,2,0,0
9869,0,3,87.98115037500446,65.77743940214927,1,9,0,1
9870,0,2,44.31213282580161,24.786164766093698,0,6,1,0
9871,0,3,57.90266863580874,15.565250780428517,0,4,0,0
9872,1,2,49.25397215245111,29.512280150181255,0,3,0,0
9873,0,2,38.90059481334613,2.6591043812901884,0,5,0,0
9874,1,2,39.873174952193196,52.40067336676352,0,4,0,0
9875,0,3,69.2205092645257,33.662522503268164,0,8,0,0
9876,1,3,34.23160900689856,26.68686796774504,0,6,1,0
9877,1,3,30.653095221711364,50.74848233259412,0,7,0,0
9878,0,3,66.33893042780097,24.52155011704745,0,7,0,0
9879,1,2,55.065743154077644,72.94685369084576,0,7,1,0
9880,0,3,23.890184633605045,0.0,0,3,1,0
9881,0,3,42.20966473765403,21.627157878421254,0,4,1,0
9882,0,2,40.36646471106304,19.660618500719867,0,4,1,0
9883,1,2,28.094962424511635,41.42008626788643,0,3,0,0
9884,0,3,83.6892576516037,30.786546938703133,1,6,1,0
9885,0,2,68.31955365325143,24.04533319302642,1,5,1,0
9886,1,2,42.583301986844326,50.61627235172966,0,3,0,0
9887,1,2,59.57758830692506,59.83071576862803,0,7,0,0
9888,1,3,60.809558967845746,42.31041705976051,0,3,0,0
9889,1,3,44.56341489664321,30.06615606810445,0,2,0,0
9890,0,2,37.657915440646335,23.130328835057323,0,5,1,0
9891,0,3,57.28538014888445,25.55143454558646,0,2,0,0
9892,0,2,28.430333915298306,4.380123098782892,0,7,1,0
9893,0,2,44.203903954705105,22.28720018558061,0,3,0,0
9894,1,2,48.74835605220206,58.341904152425315,0,5,1,0
9895,0,3,52.29787614126212,31.381072591679395,0,5,1,0
9896,1,2,43.11942044526168,29.354211768980342,0,4,0,0
9897,0,3,30.63078740283127,0.0,0,3,1,0
9898,0,2,53.05133681389443,19.79799737053957,0,1,1,0
9899,0,3,28.391961482218267,0.0,0,3,0,0
9900,0,2,52.1694968516264,14.741885198615828,0,6,1,0
9901,1,3,49.51324104697291,64.20640549549978,0,6,0,1
9902,1,2,51.3738783193423,36.80325801582102,0,2,0,0
9903,0,2,70.55327784826235,20.58092063864225,1,6,1,0
9904,0,3,68.19532358991538,13.073066909372526,0,1,1,0
9905,0,2,59.72948874004084,37.56959998986069,0,6,1,0
9906,0,3,60.26803972220481,21.985909001538513,0,7,1,0
9907,0,2,78.84513925161413,40.366678089021384,1,2,0,1
9908,1,3,72.46863400700732,72.9848667165483,0,5,0,1
9909,1,2,42.69565338115317,32.618638738942195,0,2,0,0
9910,0,2,42.44037948577415,9.040884744858046,0,7,1,0
9911,0,3,37.72488859304012,0.0,0,1,1,0
9912,0,3,48.573087759836895,28.738891580661665,0,5,1,0
9913,0,3,56.776523498370935,5.034113132977537,0,0,1,0
9914,0,2,100.0,10.25522302990128,0,8,1,0
9915,0,3,57.09605943246837,10.63785111835023,0,3,1,0
9916,0,1,62.74817929190854,17.409224086052696,1,6,1,0
9917,1,3,47.491781347015795,60.6298176119242,0,5,0,0
9918,0,1,46.60187465364492,0.0,0,3,1,0
9919,0,1,44.533526272470446,17.99486744868747,0,5,1,0
9920,0,1,36.8838260756471,18.436647989815306,0,4,1,0
9921,1,2,78.74571846026974,52.69076748496807,1,3,0,0
9922,1,3,32.47107241452423,31.205562434574524,0,7,0,0
9923,1,2,71.68857992230065,51.6242924142271,1,4,0,1
9924,0,2,45.96359935333031,10.864021862376271,0,5,1,0
9925,1,3,33.59135823508408,48.87793266841813,0,4,1,0
9926,0,1,55.030992457167464,0.2601820872180971,0,1,1,0
9927,0,2,51.301561592412234,32.580997668470495,0,6,0,0
9928,0,3,62.92204166389138,19.874397698990496,0,5,1,0
9929,1,2,21.470392382058645,20.06358923299875,0,5,0,0
9930,0,3,0.0,11.6670718795333,0,8,0,0
9931,0,2,65.12410321993742,39.05874470081144,0,5,1,0
9932,0,3,42.78193874176555,19.622219102837246,0,3,1,0
9933,0,3,47.997049809559236,26.634614530836917,0,4,1,0
9934,1,2,72.12824884144793,73.10353125506705,1,5,0,1
9935,0,3,73.95743417085744,47.37403860573153,1,5,1,0
9936,0,3,41.283304768405905,7.038981941458721,0,7,1,0
9937,1,2,29.198142236008962,29.397760196729948,0,5,0,0
9938,0,3,30.596687532215746,0.0,0,1,1,0
9939,0,2,68.50165517856038,22.718048748263918,1,6,1,0
9940,0,2,58.82367841141687,20.830197349294238,0,10,1,0
9941,1,3,68.35897223762889,55.13539211641147,0,6,0,0
9942,0,2,53.19176571880325,32.67939006139021,0,3,1,0
9943,0,3,41.1415432497793,0.0,0,2,1,0
9944,1,3,31.44055730437828,26.29431074741528,0,4,0,0
9945,0,2,48.23859724817766,28.27479757801425,0,1,0,0
9946,0,3,42.17308388621212,0.0,0,2,0,0
9947,1,1,34.95434096977515,38.86092102864683,0,5,0,0
9948,1,3,58.53995815432716,66.15818140169027,0,5,0,1
9949,1,3,57.215064577751605,56.60430900849934,0,4,1,0
9950,0,3,67.27715892799596,35.191600474980596,0,5,0,0
9951,0,3,62.919290582478965,27.854274484670665,0,7,1,0
9952,0,3,75.4338320586094,30.978983218198348,1,6,1,0
9953,0,2,33.3444054436528,0.0,0,5,1,0
9954,1,3,54.287731975882984,43.731759796907646,0,4,0,0
9955,0,2,62.34116341194211,38.663290409271326,0,5,1,0
9956,0,2,72.12105403009572,40.037126546942915,1,2,1,0
9957,1,3,3.220108941257905,57.961844624313265,0,1,0,0
9958,0,3,49.398914520413825,31.47879228242039,0,7,1,0
9959,0,3,38.25450586687214,14.886412468548741,0,0,0,0
9960,0,3,40.877710608749226,1.5250488285051873,0,4,1,0
9961,0,2,60.42955826291211,30.576295834456392,0,4,1,0
9962,1,2,62.61800938278456,49.180324759016784,1,5,0,0
9963,0,3,38.1578574562939,22.995340978673312,0,4,1,0
9964,0,2,46.917114861219154,2.639346219460144,0,4,1,0
9965,0,3,39.55057627540864,0.0,0,4,0,0
9966,1,2,52.212468017933084,34.05012687717872,0,6,0,0
9967,1,3,80.77582063156146,93.63634018532164,0,7,0,0
9968,1,2,55.79242464600807,56.12065945355448,0,5,0,0
9969,0,3,56.16977859129471,36.69310811199876,0,6,0,0
9970,1,3,46.27241007357275,66.90587924388132,0,4,0,0
9971,1,2,68.74869832553902,48.56130154813078,1,3,0,0
9972,1,1,72.31263532106995,70.9560822368786,1,3,0,1
9973,0,3,35.76777559714031,18.365779688075946,0,3,1,0
9974,0,3,52.0929616403819,35.861732136613604,0,6,1,0
9975,0,3,37.86331755923182,2.196890401085074,0,3,1,0
9976,0,2,56.13297085570451,15.542371214189195,0,6,1,0
9977,0,2,62.44051641432798,47.31696992615284,1,8,0,1
9978,1,2,46.42594027437461,42.913675529312734,0,5,1,0
9979,0,2,45.84903258144592,30.359319015965127,0,5,1,0
9980,0,3,69.4924733797377,5.386324459065904,0,4,1,0
9981,0,2,59.14275721820753,40.85742259639099,0,7,1,0
9982,0,2,16.06860372843723,0.0,0,6,1,0
9983,1,3,59.950837502669636,43.03864580324896,0,5,0,0
9984,1,3,32.423255003707624,53.87819630820699,0,6,0,0
9985,1,3,23.811532845010277,39.259262892583465,0,7,0,0
9986,0,1,58.91895866555009,22.17604789553386,0,8,1,0
9987,0,2,66.88757858290676,33.68549115642376,1,0,1,0
9988,0,3,77.92665033079757,19.970625842145587,1,4,0,0
9989,0,3,48.94124912012002,1.1986961716070597,0,4,0,0
9990,0,2,76.16512403724442,49.16887616712033,1,5,1,0
9991,0,1,48.97775427955754,18.276516222441746,1,4,1,0
9992,0,3,66.0357396532541,13.956144276858444,0,1,1,0
9993,0,3,47.8922494023588,3.332539220432227,0,3,0,0
9994,0,3,45.67965198305707,22.062564735901873,0,4,1,0
9995,0,2,40.09020080631741,25.146130547197227,0,4,1,0
9996,1,2,63.17141532298352,68.49256821096863,0,4,0,0
9997,0,3,23.809765349668325,20.338765462413022,0,10,0,0
9998,1,3,56.99985223996176,56.78597709839474,0,3,0,0
9999,0,3,19.217231736147507,0.0,0,5,0,0
