candidate_id,G_Gender,S_ImmigStatus,U_wealth,U_prob,H_policy,C_shadow,X_uni,X_code,X_behav,X_ref,X_exp,X_permit,Y_Target
0,0,0,0.9075148784340772,-1.0694036151351638,10.409917497923319,0.0,3,32.531712811774646,24.710952514023987,0,7,1,0
1,1,0,2.212715187350384,-1.748209055186297,12.366245412228206,0.0,2,23.18175099419651,0.0,0,5,1,0
2,1,1,1.3353300294554853,1.8942812337565973,4.289456223795971,1.1243529588112382,3,78.50289531713788,53.13137332194374,1,4,0,1
3,0,0,1.2369884345999032,-0.35452885839908216,8.480968493457265,0.0,3,39.8425881480418,27.836388299263785,0,6,1,0
4,0,0,0.7752041170594093,1.102276375545649,8.74306391532192,0.281982385912175,3,66.83850684078052,39.00059320883863,1,3,1,0
5,0,0,2.1269781582097265,0.7786248224220511,8.05625017251114,1.6549747226035316,2,63.07449055125005,41.110891037910086,1,7,1,0
6,1,1,1.2508729205444264,0.6402300737383974,6.320602882929877,0.0,3,60.33557756604248,40.60380657959238,0,1,0,0
7,0,1,1.3987034267958387,-2.1290293159654854,6.153428024471408,0.0,3,15.646346170174574,41.6797587184009,0,5,0,0
8,0,0,1.0905191500630391,1.6056504072444908,5.5403911999256845,2.0462516268289908,3,73.80157610151245,41.444974376521316,1,3,0,0
9,0,1,4.172127699548848,1.1932255821118924,3.3569548485726104,4.7403498740555605,1,68.95612130787599,74.39099337811582,1,8,0,1
10,0,0,2.0189171844455465,-0.051910424397753493,10.984151870564906,0.0,2,49.94956923604708,25.302471023896615,0,4,1,0
11,1,0,2.032412194151588,-0.269358666505261,11.775489509319835,0.0,2,46.2051301612364,7.221777027149024,0,3,1,0
12,0,0,0.9279530908718107,0.09615046749065341,9.108254758229167,0.0,2,52.12350881277096,26.874253343351363,0,3,1,0
13,1,1,1.9074825009588046,1.6828139133645896,3.9276031283636805,1.0426127406216468,3,50.5925989709888,60.53289129284798,1,5,0,1
14,0,1,1.0236151283673873,-0.6775553900001102,6.3329031132870615,0.0,3,40.26312498011057,53.029270049368385,0,5,1,0
15,0,0,1.1681160378255437,2.285016183984935,6.216541361098166,2.3475126032380755,3,85.4140501220324,53.07786037713081,1,4,0,0
16,1,0,1.6237895549500538,-0.26267159686424624,11.429993533219212,0.0,3,47.62808472175342,6.464192878040977,0,7,1,0
17,1,0,0.6404640906074306,0.617904296406246,11.737834718676094,0.0,3,57.740174078371425,13.076642042039925,0,3,1,0
18,0,0,0.7901508851157616,0.7946051242690895,7.747890866672827,0.48876913763165225,3,59.75747701257038,36.87964229617557,1,5,1,0
19,0,0,2.021296977966463,1.889944946060493,5.82459576295021,1.6039741638394387,3,80.10921172615642,55.882514575872804,1,5,1,1
20,1,1,1.0098942516351346,2.2340790100459973,3.7116924561988687,6.144616093412644,2,81.46844255006866,70.31032980448347,1,7,0,1
21,0,0,1.2011846438916625,0.5941170180672468,8.426573921787247,1.026220127890726,2,59.97864351648293,36.75622803454506,1,7,1,0
22,1,0,3.3474423646407603,-1.10323689794847,11.831265828745956,0.0,1,28.217603295657117,0.0,0,1,1,0
23,1,1,1.126313246566421,0.7354439837592643,5.515127887833849,0.22161901746038865,3,60.79929151899053,51.100155363838965,1,5,0,0
24,0,0,1.0732256621284921,-1.870972487343958,11.58238288669857,0.0,3,24.22789038984446,6.47303561515233,0,3,1,0
25,1,0,1.958616194216097,0.4625444166146043,7.363596076349713,0.0,3,72.95451745456754,42.475782430653766,0,7,1,0
26,0,1,2.9986926267321876,0.2819961252755957,4.507603964165649,0.34126549767866576,2,59.9021628781411,55.05605998481106,1,2,0,0
27,0,1,0.9247558236880458,0.4222009968627943,5.396217141458056,0.2895708162570412,3,56.81451846211491,56.39375065506641,1,2,0,0
28,1,0,3.1229544496665027,0.6225916187338332,10.630997389030176,0.0,3,64.30080803655706,15.307035083634007,0,5,1,0
29,1,0,1.5814541801764475,1.3666758613972818,7.354639386411782,3.1336954737772267,2,71.07724938922298,36.242050231710856,1,10,0,0
30,1,0,0.9962914243487512,0.03639598149071581,10.627766427555564,0.0,3,51.0066506232113,10.681322180322958,0,4,1,0
31,0,0,1.8511326760888336,-1.7421404343835423,11.534084362575145,0.0,2,31.433536026545614,7.492973909470507,0,7,1,0
32,0,0,1.2378088928200466,0.10686252052255582,8.150689434216423,0.0,3,38.76022121864466,33.38879401756334,0,6,1,0
33,1,0,1.5670942842351887,1.2819627488861634,9.772188069929134,0.4066868430216154,3,70.66547811078415,22.39744814158765,1,5,1,0
34,0,0,2.3135058674001097,-0.7269892848169599,11.604965835346011,0.0,2,38.507701554798615,8.918681615169131,0,2,1,0
35,0,0,0.5058982277497569,-0.6333991753400908,9.80665191103426,0.0,3,38.88011257692838,26.39187357410413,0,6,1,0
36,0,1,2.537883667364602,-0.3766685978924704,4.914478675571484,0.0,2,44.972918752324105,55.029057656989515,0,3,0,0
37,1,0,0.8486032784840204,-0.5373430005956946,9.75398564039273,0.0,3,40.3666259547844,4.533056403355535,0,4,0,0
38,0,1,2.599784390987514,-0.7293158221340116,4.500771190053834,0.0,3,38.839516029814995,58.00692595110165,0,9,0,0
39,0,0,0.9051314978308581,1.3534869486916299,9.074246012897902,1.2937309022077639,3,69.63690995921178,34.53910488811366,1,1,1,0
40,1,0,0.675712486828272,0.02269200354227801,8.83769027973567,0.0,3,49.42922679277944,10.507035087374929,0,5,0,0
41,1,0,1.4264459996088974,0.9953724600127315,10.060066670439314,0.5242228711430186,3,69.3222816453331,22.68037204071635,1,6,1,0
42,1,1,1.5161004381290926,-1.6804909700586,8.350579815811978,0.0,2,24.82029340437438,20.60721152414491,0,6,0,0
43,1,0,2.0451655193179743,-1.2121931175348848,9.721598713620734,0.0,2,34.432477606982935,0.0,0,1,0,0
44,1,1,2.7525624956190957,-0.7577122396710936,9.405254526463446,0.0,1,43.082796458490506,29.991154500949172,0,4,1,0
45,1,0,2.321566959317335,0.9398733608007668,11.805621242988892,1.8076169126104582,2,65.37010018014352,9.418110955564563,1,0,1,0
46,1,1,2.120466086837338,0.9489761363360575,4.2937281427289395,0.7819011243071015,3,64.93121762455858,57.675699562003246,1,9,0,1
47,0,0,1.4798884737377271,0.4905201985010603,8.466853309305863,0.14755948564975502,3,53.88501890888311,33.25307427419392,1,5,1,0
48,0,1,3.3678339786130476,-0.5102437836841341,4.330459090462209,0.0,1,45.13478675834218,58.00176406792101,0,8,0,1
49,0,0,2.5552861060714274,1.2356340242981774,7.816938327028343,0.8289085669723826,3,67.53243548852548,45.457672192178514,1,9,1,1
50,1,1,1.8234401502605424,0.3173300288553336,8.311140411075852,0.0,3,53.25752451410189,40.23576135430052,0,5,1,0
51,1,1,1.448264427322176,-1.689014374213685,8.49390938760575,0.0,3,23.790233719450544,18.002638920212824,0,4,0,0
52,0,1,1.90333532589174,0.8197557405794266,4.455774734224939,1.8199491438086408,2,65.81199238075254,60.26216381470435,1,2,0,0
53,0,0,1.3130008231617836,0.6096720743672441,9.408672869413,0.0,3,60.78624751092782,40.55025286828738,0,9,1,0
54,1,0,4.6061773422335275,-0.3929739666981829,11.35843606001586,0.0,1,45.97019029524976,4.396384311028847,0,2,1,0
55,1,1,1.124363771352944,-0.8776087026815617,6.712496293304195,0.0,3,36.04293353441144,35.79630149547929,0,5,0,0
56,0,0,3.532306945317305,-0.1416613673762851,9.31144140702579,0.0,1,48.36654442536209,25.574972507342515,0,3,1,0
57,1,0,3.2943026200558863,0.849827623313087,9.882027413035425,1.5478255818246063,2,63.69910044205946,19.718687832666305,1,5,1,0
58,0,1,1.743278017120358,2.6275737629317057,0.42381977072314514,3.490062602682534,3,65.59211319236944,93.77566399519418,1,7,0,1
59,1,0,1.6951133094603057,0.12544405191430394,10.026842103615031,0.0,3,51.564477664675024,14.754634292365235,0,8,1,0
60,0,0,2.1934971305669784,0.5628219400252567,8.117196736719547,1.0524787307105248,2,57.91157092827944,41.98686723088581,1,7,1,0
61,1,0,1.2466086430450751,0.45630226504716415,10.544135243625245,0.0,3,58.794990191046445,18.799810493190908,0,8,1,0
62,0,1,0.6785409463665294,-0.12162763503716782,6.439148150747432,0.0,3,48.276722075535176,54.933577270462806,0,3,1,0
63,1,0,1.90308975876108,-1.658369051634795,11.891404159941398,0.0,2,25.074523874098375,0.0,0,3,1,0
64,0,1,3.206734303178407,-1.5077896808588709,4.894166706802242,0.0,2,26.505939741056107,46.35904728652342,0,5,0,0
65,1,0,1.569038299708399,0.23518824958383625,11.480075576369938,0.0,2,53.698704841954104,7.424313839178388,0,4,1,0
66,0,1,1.2568116514698735,0.6559474433488376,2.849892670936188,0.008187239292305325,3,58.96156987557323,74.96078942178883,1,6,0,1
67,0,1,1.7288476723628738,-0.3002065136752905,7.404141044579007,0.0,3,46.045347592341564,52.81653685900412,0,5,1,0
68,1,1,3.6645207740143717,-1.0140209679746237,8.016566505548575,0.0,1,34.68787101543882,30.304613271928982,0,6,0,0
69,0,1,2.44261531160217,-1.1430430926645911,5.0447292753958735,0.0,3,32.76844392803305,57.290352883503125,0,7,0,0
70,1,0,1.8879712448839998,-0.5938215168166319,9.787152962113387,0.0,2,40.77120720174424,0.0,0,2,0,0
71,1,1,2.5133731225216907,0.2645320187615217,6.467203515870748,0.19120228279287327,2,52.644440337444294,40.8490565593262,1,5,0,0
72,0,0,3.1437260306562695,1.2190052913754739,9.094613405806854,3.303193313154986,2,70.58087597969055,33.059855914604576,1,1,1,0
73,1,0,3.5388188808300107,-0.8307523578050084,12.214616058264516,0.0,2,34.2365153403508,0.0,0,5,1,0
74,0,1,1.4761745004989753,0.5813298187524636,4.428304772895751,0.6035741440135473,2,59.07058630490603,58.973110331488314,1,5,0,0
75,1,1,3.022319855281323,0.5741421752404497,10.2748723738844,0.06382359836489859,2,59.264224357339444,36.55348758969952,1,2,1,0
76,0,0,3.506237165143006,-0.5181780792494235,8.397981076130305,0.20477741290972595,1,40.313214947632446,26.080777457774342,1,5,0,0
77,0,1,2.1317683705559203,0.9622425118429994,6.23351680272234,2.2872764159642203,2,68.729076630055,66.70928994340814,1,5,1,1
78,1,0,0.6948122667215496,-0.5829696269961261,10.275418043362643,0.0,3,44.743210615024296,19.040770257384494,0,6,1,0
79,0,0,1.2663499065325285,-1.6125158433130626,9.983124782841605,0.0,2,25.164595527210246,18.429127691297783,0,6,1,0
80,0,0,3.154232882733417,-0.2543938234956061,9.595235113047666,0.0,2,28.502313580646245,31.797042123076494,0,8,1,0
81,0,1,1.233403033070218,-1.139377016370855,5.848066508325521,0.0,3,33.206968138049724,40.0804560622804,0,3,0,0
82,0,1,1.8020025000554114,0.6572410479558016,3.0955574615070383,0.9116393168007184,2,58.492379974202855,68.33511430831678,1,7,0,1
83,0,0,2.2435736846957095,-0.8240698682823148,10.76564773533301,0.0,2,38.9044811975972,21.800834976914395,0,6,1,0
84,1,0,1.4407340325232745,-2.135271066751179,13.35765824533403,0.0,3,18.233685801074092,0.0,0,8,1,0
85,0,0,1.8508146402449408,0.9907585265407358,9.045052740900216,2.9320244223516316,2,69.5319520832723,35.23562808948759,1,5,1,0
86,0,0,5.128737186302724,0.2696497854145378,8.286075884306358,0.658804474572694,1,39.77847343123253,34.97773386863765,1,6,0,0
87,0,1,2.041931456357207,-1.318408681167938,5.756244862417994,0.0,2,30.514385054762354,40.87204064095779,0,3,0,0
88,0,0,1.603889012331897,-0.3019123163599024,9.49771316844574,0.0,3,51.10175984205306,25.597872370716015,0,4,1,0
89,1,0,1.2639559939348521,-0.858599228237528,11.618766943371561,0.0,3,46.77767520755468,0.0,0,3,1,0
90,0,1,1.3103711628397718,-1.9726835671395504,5.825846456966976,0.0,3,20.194758166042256,45.84071903071841,0,7,0,0
91,1,0,2.88211127576321,0.20626266978360977,11.402698722801812,0.0,2,51.77634171566425,13.458762816232996,0,6,1,0
92,0,1,3.397313113022484,0.10939607242685767,3.2079619090609186,0.010253998656982066,2,49.0399652911243,68.96083095966627,1,9,0,1
93,0,0,3.6738402605229488,-0.401972604486557,9.517817855057089,0.0,2,41.33006374830781,30.02427777798455,0,7,1,0
94,1,1,1.7873261161535448,0.9638555458962406,5.54255415422852,0.4470633327234023,3,62.91725942243079,45.40879177255242,1,3,0,0
95,0,0,1.3311364402678936,0.7566272740546945,8.235804291240196,0.41362844893072526,3,64.37658090228676,41.38669097959681,1,5,1,0
96,1,0,2.04361492677092,0.23690199172404783,10.862874043019358,0.0,2,53.14358666037436,12.15627087580035,0,2,1,0
97,0,1,0.6135608593611939,0.8002574512148415,7.8880290848600545,0.0,3,64.52856471494518,53.42933571298736,0,5,1,0
98,0,0,0.8943491195582997,0.6410884660029841,5.755620386048527,0.1930035643412714,3,60.05869282448875,37.883448012352616,1,4,0,0
99,0,0,1.8830540149473232,-0.4878089725774359,10.718529095270569,0.0,2,15.138160386174949,26.648215786858405,0,8,1,0
100,0,0,2.5933332453423703,-0.9378327736605031,10.292477520750245,0.0,2,36.6391088937135,16.68029872752627,0,1,1,0
101,1,1,0.659398225614362,-1.0218749671472833,9.767297801318806,0.2323144186141437,3,36.12549311806288,20.00491047806266,1,1,0,0
102,1,1,0.7218764353226671,-1.6562153781421454,9.567477512507931,0.0,3,0.0,24.92942720084943,0,5,1,0
103,0,1,1.2585076191572089,0.03410188605587798,3.2052395513694245,0.0,3,49.48437808755718,66.11136058070916,0,9,0,0
104,1,0,2.860872569750271,-0.14603611297412425,11.78004936120935,0.0,2,45.657255416401235,8.83117141139555,0,4,1,0
105,1,0,1.686417952292998,-0.6642286253903218,12.525706336462862,0.0,2,40.388638153230254,4.782680567005438,0,7,1,0
106,1,1,1.5635073395348553,-0.13037601239648822,6.996863675377582,0.0,2,48.24592732091479,34.73836860650655,0,4,0,0
107,0,0,2.2849170596194814,0.5651156503227909,9.94046468134776,0.6600931070451648,3,57.36640495333265,27.03189674817177,1,3,1,0
108,0,0,1.585475941234697,-1.648716921743943,11.86892247307584,0.0,3,25.68453426941987,14.64017066344338,0,3,1,0
109,1,0,1.1759110852863026,0.13193734840807342,11.33388388078292,0.0,3,51.262119803029734,10.712024405087995,0,3,1,0
110,0,0,1.7364268442336577,-0.4421225153497904,10.302857512360825,0.0,2,43.365791911972224,21.927406973651824,0,4,1,0
111,1,1,2.326209317942661,-0.040309517749661995,5.961761894908826,0.0,2,48.29461852660779,46.00966741820855,0,8,0,0
112,1,0,1.020473080367741,-0.08903062252903052,8.678256676350193,0.0,3,48.80487357034652,9.334723271991487,0,6,0,0
113,1,0,2.2433351464571496,0.07352434442411965,9.950921562531827,0.0,2,40.80251963198137,7.045066326726911,0,5,0,0
114,1,1,1.4710033045105022,-0.005012438531911652,5.805307646674385,0.0,3,50.390182540180405,41.62923932355294,0,6,0,0
115,1,1,1.273787296283465,1.8510153464329087,3.0676665682941766,1.5277550261449795,3,100.0,62.33693509237093,1,6,0,1
116,1,0,3.5240895436546893,0.26037368200686317,11.954062571672353,0.0,2,52.468145040731734,5.76027950379219,0,2,1,0
117,1,0,2.655594810253944,-0.4051298419312529,11.716862648683236,0.0,2,43.147321430123625,8.90688584619828,0,6,1,0
118,0,0,1.6933722978018786,0.6796359307514558,8.839984390423515,0.23646218856291945,2,59.879522826940935,36.82277614960551,1,5,1,0
119,0,1,0.5160474213197069,-0.513737471343082,4.019625475316615,0.0,3,89.91303901509542,68.85539171265017,0,8,0,0
120,0,0,1.363141921868632,-0.7981142582838716,10.672626240356934,0.0,3,37.359319414023304,22.566049273686207,0,7,1,0
121,0,0,1.5760929663712773,-0.05313832245724795,8.986979497533865,0.0,2,46.0272523276784,31.5389177929155,0,8,1,0
122,0,0,0.9571791050463436,2.411531420432033,6.660901480804252,2.7852196338990893,3,84.6962350772187,50.15164436599986,1,4,1,0
123,1,1,2.661431055314957,0.8180045425945726,4.6990075578369535,2.122990007269605,2,64.85003469082595,54.659127905730145,1,8,0,1
124,0,0,1.6019842258761727,2.1676395573964697,5.957302548502398,1.8046445520145833,3,83.02044469720836,49.08341969738129,1,3,0,0
125,1,1,3.0190478653746338,1.1554206513751613,9.675522197251478,4.467915127581252,1,59.8856139563118,49.830882269180364,1,2,1,0
126,1,1,4.4502381272011045,-0.6385414694430566,9.974952967633198,0.0,1,40.45716671190757,41.533599066445305,0,8,1,0
127,1,1,1.4637209295460538,1.9108967033647317,6.860952306316887,3.6827259427322483,2,77.67300565572394,53.40644654503592,1,2,0,0
128,0,0,2.2001543627943714,-0.4711246348749792,9.631308716081373,0.0,2,42.74975451726134,19.228572998401646,0,5,1,0
129,1,0,1.0183875063158676,1.63050468962047,8.492619236008716,2.1364908400128053,3,100.0,16.716391487608472,1,1,0,0
130,0,0,1.086451338695847,-1.7195511974332625,9.122099943765319,0.0,3,23.871497750369258,7.432034835804659,0,2,0,0
131,0,0,1.6297786323769248,0.5024588834021757,5.9148702646675915,0.7373900030804549,3,60.29489232568836,33.09012694608562,1,6,0,0
132,1,0,1.5173769282497898,-0.8297144551792728,11.398722635806582,0.0,3,48.00236506109218,7.336316311479061,0,6,1,0
133,0,0,1.2958234194826719,-1.1344124633453905,9.898974233353654,0.0,3,32.9315392762684,15.703432362942445,0,4,1,0
134,1,0,2.304001381488372,0.2537705186372505,11.778964701746224,0.0,2,53.627357277023165,5.1760873248995365,0,4,1,0
135,1,0,1.090435551898843,-0.4288410472430542,12.032346368643912,0.0,3,45.30982443707204,0.5619256565594715,0,3,1,0
136,0,0,1.5225716316102638,-1.1513328824730256,10.65041867954186,0.0,3,35.32785985324602,20.8295195012182,0,6,1,0
137,1,1,1.1710491479032472,-0.7830399563942737,6.541832679914829,0.0,3,38.26294769294407,32.38100400364777,0,2,0,0
138,1,1,1.5290498385203135,-0.6165736582174652,6.003398134115258,0.0,3,41.20035796338023,35.49784415368948,0,4,0,0
139,1,0,1.564057507133505,-0.2683947630844958,10.933649599260349,0.0,3,46.28845020806442,7.016125868911121,0,4,1,0
140,0,0,0.8642572410543328,-0.9370121720856391,10.090158567571908,0.0,3,36.25434249789227,19.336736229553022,0,4,1,0
141,1,1,1.8060807527625646,0.32404019844348253,4.715899571217874,0.0,2,53.070975566113994,43.40896967409795,0,5,0,1
142,1,1,1.1728337409860505,-0.8589274984925406,7.1106855543511545,0.0,3,36.90416115785009,38.271137705888705,0,7,0,0
143,0,0,1.2901007524075068,-0.17594773127439803,9.867296560628132,0.0,2,47.29679183069664,26.040731558878736,0,3,1,0
144,0,0,1.746418449059714,1.2439697156896163,8.209369299581043,3.120808244816481,2,68.81166181584886,33.92115601778608,1,1,1,0
145,0,0,2.503892103836767,0.5675574353560219,8.60558488841347,0.3801938548926485,2,58.867017584539084,33.91309200555271,1,6,1,0
146,1,0,0.7961278882283479,1.363539558649128,8.406890045706382,3.813078268719578,2,71.60574460815386,17.044068611924192,1,4,0,0
147,0,0,2.117727020302492,0.9140439852716772,6.361242255421313,2.176369106473335,2,62.73133108509682,41.09227215591061,1,5,0,1
148,1,0,1.5434028912387912,-0.07187074929899984,10.460745853451725,0.0,3,49.424084916860096,11.95673509767345,0,4,1,0
149,1,1,1.733419772619282,1.0192029452368743,7.4372021798567465,1.2939212632676593,3,67.33195025204071,44.55207340160408,1,6,1,0
150,0,0,2.159637999240675,0.21821120897636628,7.57795896359173,0.5286979296870536,2,53.92569950710137,31.74620867956289,1,5,0,0
151,1,0,0.8095655926151167,0.5677405911447805,8.957885012983462,0.17674071707196753,3,57.48069279278944,20.929360718734106,1,5,1,0
152,1,1,1.3195011350739545,0.7207604986025158,4.687769786103179,0.16089720441002853,3,58.708936810651224,54.059356175073674,1,10,0,1
153,0,1,1.7387898736756247,0.270880826146395,3.9525954789196196,0.0,3,57.812509703782865,61.35990917914175,0,4,0,0
154,0,0,3.305357481136069,-0.049916528249678155,8.40231677769993,0.0,2,48.39411610065799,31.58393134623252,0,7,1,0
155,0,0,2.907401959818465,0.35281389910882904,8.847856961462977,0.6170390986684444,2,54.831778967395046,35.246699649370726,1,5,1,0
156,1,0,1.0484129816076615,-1.631120524999654,10.122473273886992,0.0,3,24.43630678375212,0.0,0,5,0,0
157,1,0,2.5149594277151004,-0.7757410096469582,12.084591030556808,0.0,2,38.843485330227224,0.1575503874964561,0,3,1,0
158,1,0,1.005002819293746,-0.17204253029426345,11.65541974580645,0.0,2,48.75395244276237,0.17606273566335573,0,0,1,0
159,0,0,0.8321260568868369,0.909404401354361,6.80864220425798,0.3793958131444033,3,50.16314807610137,42.903196538327094,1,4,1,0
160,0,0,1.642194228301728,-0.42869554033938273,9.800157066015936,0.0,3,48.1966373339878,17.8397621579655,0,7,1,0
161,1,1,1.982910006526227,-1.5590333441707636,7.9899072756130565,0.0,3,21.881447258300803,25.77648319850612,0,5,0,0
162,0,0,1.5242010372351098,0.09352243666905358,6.810979667166732,0.0,3,53.01886079495207,33.420195561159076,0,6,0,0
163,0,1,1.174859845816643,-1.0897691780714645,4.939010870916051,0.0,3,37.55180110037262,46.45058401045423,0,4,0,0
164,1,1,0.910358737229922,-0.7531025772593272,9.085051706565997,0.0,3,38.65290597188669,26.87839496625778,0,3,0,0
165,1,1,3.090823501768415,-0.09362716954432337,6.211963734809607,0.0,2,50.00149464735021,42.415775684472564,0,6,0,0
166,1,0,1.3810608818383494,-0.6660116857213629,12.732695546414545,0.0,3,39.854991573939,7.561775454625771,0,4,1,0
167,0,0,1.014677159747218,-1.0555766742745258,8.194851251342945,0.0,3,28.85744894225917,16.82142781950994,0,3,0,0
168,1,0,2.7887777605734354,0.9813228297819337,9.669267967363139,1.6150936242567147,2,65.22175494327566,9.409346479956525,1,3,0,0
169,1,0,2.111704644777219,0.33830846807424125,9.145433374250421,0.0,2,54.128999226835035,24.558697962127155,0,9,1,0
170,1,1,3.741007078296753,-0.3085767672230319,6.616330235607941,0.0,2,42.034270248814124,27.99680932291878,0,3,0,0
171,0,0,3.2553873925405,-0.02392124471378099,10.404248335208937,0.0,2,58.53160169200809,27.775476012242194,0,4,1,0
172,0,0,4.625159772548709,-0.38560312463080276,9.40241477643206,0.0,1,46.0360465742927,35.27114093419855,0,9,1,0
173,1,0,1.0180201778611178,0.16450952685480671,9.957672547229269,0.0,3,51.41875125676984,15.623613058503693,0,6,1,0
174,1,0,0.9668365902173948,-2.8376137967909374,10.492152734736832,0.0,3,0.0,0.0,0,4,0,0
175,1,0,2.2588321346401945,1.436699030552227,10.023132697083065,1.4669916760499608,3,73.67535562250858,19.79744437528495,1,4,1,0
176,1,0,0.8738238279989531,-1.0757938253601103,12.099032169928236,0.0,3,34.5067778416215,0.0,0,4,1,0
177,0,0,0.6461341867989174,-1.3488775004232296,10.974743893343422,0.0,3,30.08679703111491,9.415184729975914,0,2,1,0
178,0,1,1.279264814091707,0.010784215342734847,4.706836143387333,0.0,3,51.95140976999731,53.10754168554756,0,3,0,1
179,1,0,3.2120020671784566,0.8616416935198357,9.768908435624443,1.5632754584567328,2,60.62300507457305,22.72325353292293,1,6,1,0
180,1,0,2.0647623624089713,-0.4674268432048801,9.460610845280133,0.0,3,44.413332228345844,24.674323341788494,0,10,1,0
181,1,0,1.356037246055149,0.4169728692215529,11.276131668249702,0.4625044905574987,2,55.63307750662373,10.316831733668739,1,4,1,0
182,0,0,1.1402047343652297,-0.5817201387592909,9.27029242500766,0.0,3,43.049936616678906,22.143702061077832,0,5,1,0
183,1,1,2.422616907960225,-0.8119235374367128,7.173141930696314,0.0,2,39.056714173855426,42.29099871734864,0,10,0,0
184,0,1,2.360614413772575,-0.7444886597968361,5.376311854755699,0.0,2,37.76151623812025,47.94429359765481,0,3,0,0
185,1,0,2.807535311917871,0.8435394931327715,12.189900590161583,1.7437272656349936,2,61.49281797730845,19.042140009719585,1,6,1,0
186,1,0,4.5392057282023375,-0.5028260954647414,12.241033787318225,0.0,1,50.8398383453548,5.8130907856073755,0,5,1,0
187,1,0,2.4341576450659614,-0.7950807612674753,11.869631433368612,0.0,2,38.2324628778886,2.5471580661595157,0,5,1,0
188,0,0,0.9662672217250279,-0.5266078607180105,7.440412962430951,0.0,3,40.04467350608075,31.978866566494094,0,5,0,0
189,1,1,1.3599094253603756,-0.4204108722283237,7.4712933967760495,0.0,3,43.59272747300117,31.610125296022314,0,2,0,0
190,1,0,2.905230068070349,1.085193462215833,12.325128495739108,2.0380862234760757,2,64.90538972349826,11.712714726456763,1,2,1,0
191,1,0,2.555673608352153,0.04879677763601489,8.133948315525036,0.0,2,50.14537359092446,14.620761669575431,0,9,0,0
192,0,0,0.793441777837314,0.6045894747690546,7.914739891950473,0.0,3,53.11258501754835,37.98748123400386,0,4,1,0
193,0,0,1.4000458153000912,0.3454654678531366,8.607801282930069,0.0,3,53.802395858137345,37.06447381718694,0,3,1,0
194,1,1,1.4740532451594741,-1.2497896282380954,6.948950416597117,0.0,2,31.92531846642185,30.570325563037287,0,5,0,0
195,1,0,2.0414338474997265,-0.05818488350884578,8.665411790448465,0.0,2,50.03727583452378,13.854695969936746,0,7,0,0
196,1,0,1.1269806046186401,-0.7187870099540887,12.425337253708847,0.0,3,38.43684401414171,0.9159295454338428,0,3,1,0
197,0,0,1.7026936126016528,-0.08264283062212924,6.791079902823463,0.0,2,48.768460004804425,30.27466851461016,0,3,0,0
198,1,1,1.0686777072156468,-1.2970933904611128,7.410093755590822,0.0,3,34.89710016490473,23.625064965397353,0,3,0,0
199,1,1,1.3412498396826753,0.5002412626951369,5.153625205416668,0.0,3,62.64176962244682,50.23277057404242,0,9,0,0
200,1,0,0.942900351473742,-0.9872996328669095,11.187121136800368,0.0,3,37.534552492513086,2.0057900150317955,0,6,1,0
201,0,1,1.2603578840171958,0.433207988982443,4.397644354719638,0.0,3,56.83784465646904,56.19230832062464,0,1,0,0
202,0,0,1.4955108113829803,-0.18863718275422076,6.001312839535599,0.0,2,47.52552327301127,43.76353282256395,0,13,0,0
203,0,0,1.173769621375419,-0.5745567441361996,10.657584969091369,0.0,3,40.07034635482954,24.569143963975904,0,4,1,0
204,0,1,2.0257878962870803,-0.44348605907153027,4.4243091300864,0.0,3,40.83398951866692,55.25553088007515,0,5,0,0
205,0,0,1.2114812718330912,1.4700457521838037,6.635984313554019,1.3277427963440007,3,73.4199017601208,47.38702896472576,1,6,1,1
206,0,0,1.0718127670729445,0.049063028202500074,8.108097079286626,0.0,3,50.50468615711313,37.48696238973166,0,8,1,0
207,0,1,0.8882866056931789,-0.7353556617642788,6.46413159340289,0.0,3,40.67860804888453,49.204760203489144,0,4,0,0
208,0,0,2.0121181677694064,1.154060203400147,7.802385844172501,2.766519367409203,2,64.23302321715406,41.11247333299495,1,9,1,0
209,0,0,1.6956446609856928,1.5737682565283009,7.469897803630449,4.290360821969282,2,73.88219977671334,51.23045594082406,1,4,1,0
210,1,0,2.2063463321118686,0.9039951798895259,10.330755265108758,0.4852579738476944,3,70.33984420968841,13.831963704109231,1,3,1,0
211,0,1,0.6845677341500689,0.5739030333838812,1.832775389693029,0.0,3,58.623965737861695,76.99966494115408,0,9,0,1
212,0,0,1.032900505936573,-0.36760836995699214,8.457180152305124,0.0,3,49.01573155845603,28.66852143500295,0,6,0,0
213,0,0,1.7522932537505544,-0.4657656249662337,9.701453757726075,0.0,3,43.24692522533626,25.2570877195331,0,5,1,0
214,0,0,2.177428092383374,-0.7204766739983622,11.34500125733188,0.0,3,38.83184909950507,18.29563438849281,0,3,1,0
215,1,1,1.8437148579975626,0.885270471069327,4.575705464366133,0.8858856886602284,3,62.42574613253049,52.78228707943008,1,6,0,0
216,0,0,2.4005878148300064,0.31871502238868354,9.056453975152817,0.0,2,58.23144574937299,32.22862377971023,0,5,1,0
217,1,1,3.784656567067467,0.089822620713514,7.025936676685573,0.3568318495590612,1,60.20884885950123,32.82847177656454,1,1,0,0
218,1,0,1.8529457305106793,-0.1418021927228261,10.83592048726027,0.0,2,53.964039300365265,9.78213541232733,0,6,1,0
219,0,1,2.282708165303323,1.141438425837922,3.0523122546092467,0.6145960494509808,3,66.53165865643574,76.93185786159418,1,9,0,1
220,1,1,2.023705745306802,0.3869419978549575,7.0552968725653,0.0,2,55.400902067534474,48.489651472016746,0,6,0,0
221,0,0,1.0437764382536943,-1.2660217441419932,10.66735811021085,0.0,3,32.09410256552715,10.458415620355442,0,3,1,0
222,0,0,3.3111122017494683,0.15426995787634853,8.832896312985488,0.9403580144635215,1,49.2353910311701,33.31742488063483,1,6,1,0
223,1,1,0.7630671980552244,0.260860340279364,7.41049066650893,0.0,3,41.95221665392468,26.848563314497017,0,2,0,0
224,1,0,0.7315503252534639,-1.438949008268541,13.330855755518227,0.0,3,30.655802552169842,0.0,0,7,1,0
225,0,0,1.1803280924238728,1.3127170091034808,6.002444115215141,1.4799118186173232,3,67.50714855480722,46.60410617990881,1,6,0,0
226,0,0,4.043842213937213,0.4896815607905044,7.9933035372286225,0.6147530251680012,2,58.0517945719733,40.8968736379565,1,7,1,0
227,1,1,1.8867939177121607,-1.3488568871435862,8.31844634808271,0.0,3,30.500131947674003,20.991583591167924,0,3,0,0
228,1,0,2.860823168191627,1.0760161715595404,10.350225298016161,2.656478428317496,2,64.91245169772002,22.578512469278316,1,6,1,0
229,1,0,3.795212671784401,-0.6517607304011589,11.460661147244014,0.0,1,39.90096675032737,2.1392077168873507,0,5,1,0
230,0,0,1.4682639401879194,0.9660863719491154,6.5679458474982075,2.286885357431258,2,72.03224980361531,33.92195195514112,1,3,0,0
231,0,1,3.3312578885789534,-1.5342434717651898,4.938406956030273,0.0,2,24.8906653586956,50.50296079138679,0,4,0,0
232,0,0,1.6037899344980184,-1.257990232228617,12.030604502038997,0.0,3,31.257388908703724,7.63920022139527,0,3,1,0
233,0,0,1.0587773641182174,0.8366512838200786,9.557664251981317,0.4681384970907214,3,63.155672506530834,31.848756954506356,1,4,1,0
234,0,0,3.121072762140172,0.8509867303720478,8.258678977200338,1.8042735201683227,2,60.4171346086008,35.78175713713714,1,4,1,0
235,0,1,1.5086269587680516,0.904896440063435,3.4177335712563606,0.0,3,57.08026863337197,70.98092356696165,0,7,0,1
236,1,1,0.7502339302660219,-1.0364097511590096,7.452498838421022,0.0,2,34.5660719542189,27.79256833669928,0,5,0,0
237,0,0,1.7583317492997736,-0.2752708607278418,9.587831604404144,0.0,3,44.93137083960456,20.198363456063205,0,4,1,0
238,1,0,1.8266089704205275,-0.22998979308180076,11.557063884871864,0.0,2,46.183520057871824,3.1428622190456816,0,3,1,0
239,0,1,1.0147629867280399,-1.5554916918531303,6.221356443005955,0.0,3,26.737001763396318,40.31127287710622,0,5,0,0
240,1,0,3.2893159657076665,-0.4791686486556573,10.994434132129408,0.0,1,42.513419356638515,4.793620618704315,0,6,1,0
241,1,0,5.249654681838506,-1.1365943193361516,11.738489083862655,0.0,1,33.4165050035739,0.0,0,2,1,0
242,0,1,1.5135392569011925,0.31388813337285243,4.3513252911599505,0.0,3,54.23481882619164,63.02805244310012,0,4,0,0
243,0,0,1.8241204122308599,3.1328661193454352,5.44976570809298,7.7616317280822535,2,97.58137392410532,63.04370659231693,1,6,1,1
244,1,1,3.1445178804217346,-0.19536409022638773,8.951105242107241,0.0,2,41.550187268245146,35.464075204810314,0,4,1,0
245,1,1,4.375127825969622,0.3225960752130534,4.937489149454511,0.3928093400377957,1,54.77578931844758,50.93802912407408,1,9,0,1
246,1,0,0.8300076271385346,-0.17693671627435664,9.977105586099475,0.0,3,31.428048970850888,6.130241240616647,0,6,0,0
247,0,0,1.2427367986236248,-0.31483247315375346,9.228312869774799,0.0,3,48.603933836034216,27.6072559114859,0,5,1,0
248,1,0,0.7426297203272411,-0.846698711051017,11.958399743956194,0.0,3,37.54832346875749,0.0,0,3,1,0
249,1,0,1.7601501619205069,0.06482194157601645,10.53232862355565,0.0,3,50.528514436580316,15.078183119888488,0,7,1,0
250,0,0,2.4407451457908307,2.1888297334005724,5.969818671712639,5.585464177482773,2,83.51323024883659,54.26981077865562,1,5,1,1
251,0,0,2.216572176234563,-0.419861320278852,7.193895624989239,0.0,2,43.99328132501902,27.48473971909979,0,6,0,0
252,0,0,3.384308230816394,0.4967812905926793,6.628373790086946,0.9461776209402015,2,57.535558951511746,50.37323459906425,1,11,1,0
253,1,0,1.5592569306377349,0.4551289301949503,11.526551835803085,0.0,3,61.160330017397875,6.851474181653449,0,4,1,0
254,1,0,0.6963989816171483,1.9409111288724976,8.188184088357286,2.272938814047331,3,75.2315673070646,33.0243758731808,1,6,1,1
255,0,0,0.8946183133810971,1.0707337447935252,8.085518817749985,1.5104497167995916,3,72.70592124510203,41.298533312646384,1,6,1,0
256,1,1,3.585647331497632,-0.47457707052579107,8.686346605835869,0.0,1,41.61757771944457,28.253053535376466,0,2,0,0
257,1,1,1.2753965394885247,0.5285666287197522,7.703219302237782,0.0,2,57.73939963482414,41.331685002703175,0,3,1,0
258,0,0,3.05322934431043,-0.7546620140087293,8.350690662698161,0.0,3,38.21998506495399,26.045442691936625,0,6,0,0
259,0,0,1.3508884161272725,0.7741059593172274,5.3313998732018035,0.23925121776444905,3,61.92339345419976,44.44121174972625,1,8,0,0
260,1,0,0.5709571085257766,-0.0763435267883849,11.52351803335104,0.0,3,70.89091655933909,7.635668135347336,0,5,1,0
261,0,0,1.673158907296112,-1.5243882466408645,11.625922304807286,0.0,3,27.548444010421726,14.087224775328451,0,6,1,0
262,0,0,1.6731872226708675,0.6308391038786472,8.115020865795707,0.0,3,58.048573503249614,31.94956703945714,0,2,1,0
263,0,0,3.0173588882749596,-0.19471175884708505,10.041685717010065,0.0,2,48.72256288398479,18.48597777908261,0,3,1,0
264,1,0,0.8911400969572228,0.22069379186554994,11.178909907821238,0.0,3,66.6533967000328,23.478127432752917,0,10,1,0
265,1,0,2.7064619651646833,0.6727602504350567,10.222015193629357,1.2298709329084212,2,56.53442473147732,14.346520188285037,1,3,1,0
266,0,1,1.1761104024493505,-0.8322547929256577,6.081333812234961,0.0,3,39.96345178037585,49.03548867042845,0,4,0,0
267,0,1,0.9781697648724218,1.3146661250131368,2.9016150446786217,1.414466562141848,3,70.50961827169004,77.24282717785042,1,8,0,1
268,1,0,1.0769098454520936,-1.8249048374610577,12.133520629876243,0.23489006285837633,3,22.328372788898815,0.0,1,4,1,0
269,0,1,1.4373971341299228,-1.8136140965437593,5.599531119299628,0.0,3,37.63770316562439,39.438984344341144,0,4,0,0
270,0,0,1.937741375112077,1.724192272648989,5.85516570427122,2.389756321004509,3,75.49458506239876,55.72396631793731,1,5,1,1
271,0,0,1.2823356321726982,0.9719841996593171,7.433024635223836,0.041894829155046276,3,59.48379400540306,48.21258961955315,1,9,1,0
272,1,1,2.2427304159666717,2.5394077057463527,2.754711037397903,3.1352736277662965,3,88.50965905549367,69.90455925089707,1,7,0,1
273,0,1,1.924582882869999,1.959259462459213,1.7872458886197986,1.874306703499649,3,80.08388950242407,80.92678834031081,1,4,0,1
274,0,0,2.438729988323201,1.8713311797598269,7.215875139311853,4.3798648210161515,2,78.55659526614181,52.1110782168681,1,5,1,1
275,1,1,1.5452748939115633,0.5637285276591291,6.342766306780768,0.0,3,57.44581258052819,44.498515393973555,0,4,0,0
276,0,0,2.0175022232280737,0.01926511755989955,8.659877859887606,0.0,2,50.91300458326022,33.717299857074075,0,7,1,0
277,0,1,1.2490708088342588,-0.8555602535277026,4.78223321844486,0.0,3,36.44321776567644,48.77745139978627,0,4,0,0
278,1,0,3.6508874600572048,0.6769189178199829,10.119179032928287,1.4061779210094427,1,59.54222967385604,15.487802343298386,1,4,1,0
279,0,0,1.1047292101063972,0.770968927253742,7.612060249814361,0.7532257737585906,2,60.588840799524675,41.65117176662711,1,8,1,0
280,0,0,0.9086847757289774,-0.5657706707278208,8.087021348915433,0.0,3,40.65625819093893,15.436093177926711,0,2,0,0
281,0,0,1.336373899800118,0.1771818991421013,8.583473719482926,0.0,3,52.48532948701754,28.342699384874262,0,5,1,0
282,1,0,0.4422853217865485,0.23965955781312395,11.815360413357043,0.0,3,52.85682315618041,4.5762546643508255,0,4,1,0
283,0,1,3.0773759344264504,-0.3434416546313604,4.794698568827244,0.0,2,42.04849798086603,56.47131533280432,0,5,0,0
284,0,0,1.7063302251545065,0.4897652353318257,9.13601926894478,0.0,3,60.415034521159264,23.887224899621252,0,3,1,0
285,1,0,4.286698053652638,0.3561844918085463,11.467524624426963,0.0713176575275779,1,56.43755191071587,12.541135992884413,1,6,1,0
286,0,0,2.3832567116601697,1.0924006145747858,9.342271881384457,0.0,3,66.31217649604447,38.830360556772895,0,3,1,0
287,0,0,4.661866513665431,0.5896990248429097,7.929545962341401,1.59767549673197,1,51.942808094105914,38.65147281044693,1,2,1,0
288,0,0,0.6465942695730624,-1.7925148252508263,11.374747576670131,0.0,3,21.83397555680501,13.916482112020038,0,6,1,0
289,1,0,1.4805652232390891,-0.9263034900682949,12.467912500669277,0.0,3,37.366276001627604,0.09771495028438082,0,3,1,0
290,0,1,1.8457777348584257,0.3427812763867946,2.9634800028860555,0.8366083626544436,2,54.256134285216234,74.82196031382844,1,7,0,0
291,0,0,2.1076487028341893,-0.6349799834521672,10.983349538630552,0.0,2,42.2447019745416,26.03606678452966,0,7,1,0
292,0,1,0.855082522928109,0.06707751714961054,4.384901125269319,0.0,3,66.45238021178885,59.22133805293843,0,3,0,0
293,1,1,2.5646986619542225,-1.570800205337526,8.072106517347569,0.0,2,28.169599531424975,19.082495946392257,0,5,0,0
294,1,0,0.950464745998541,0.23493161781410143,11.555199070245033,0.0,2,51.893631205029344,11.922335409240675,0,5,1,0
295,1,0,2.4323248598106826,0.8401975462401476,11.070443502575662,1.603573002025013,2,64.39138277191678,22.47915630116312,1,7,1,0
296,0,1,1.710909175599731,-0.045251211373088754,4.79980131864099,0.0,2,50.593958160508926,54.96020893150591,0,2,0,0
297,0,0,0.7034938620802108,1.0197761688949962,5.072278777110028,1.5053399811730006,3,65.56916824516505,44.89302264383524,1,9,0,0
298,1,0,2.3913997448601574,-1.3626636385223818,9.621739087634273,0.0,2,32.64020373474379,0.0,0,5,0,0
299,0,0,1.7388104215506819,0.14857848718905772,8.783708906746899,0.0,3,49.824290592593805,32.05277483091652,0,5,1,0
300,1,0,1.975222178491068,1.003448559452927,11.054685000912407,2.9120080908386385,2,66.96441031121853,14.044131697030723,1,2,1,0
301,0,0,7.15642020092069,-0.26668267043898414,7.999408032161425,0.0,1,46.85819582700683,24.571746885331567,0,2,0,0
302,1,0,1.2226485359418897,-0.06257421689996105,12.022610729427187,0.0,3,50.17957119090332,1.6217424185752312,0,2,1,0
303,1,0,1.5441857025157792,0.5449722801822513,11.063910273390736,0.0,3,58.66690188940285,18.301121545783552,0,7,1,0
304,0,0,2.3402288528987922,1.019874062343699,8.955235853050624,2.694769934749281,2,60.01399840673369,34.74035526994366,1,3,1,0
305,0,0,1.593958478208962,1.6800066476599347,6.452912374618472,2.230215802807968,3,77.67535754543658,38.620092815274354,1,2,0,1
306,0,0,3.0086491199608947,0.60505153440025,6.703072371520518,0.09063857804112518,2,64.84151717788534,37.891196442540746,1,6,0,0
307,1,1,1.754392752585236,-1.2766039394515443,7.22751596173588,0.0,2,30.706466040234517,31.87704086056396,0,8,0,0
308,0,0,2.0647345469214176,-0.5868527931511746,6.8957992203809315,0.0,2,66.18004650612647,35.64183108083428,0,8,0,0
309,0,0,0.9461926719566024,0.69217073551513,10.533507780780278,0.0,3,66.129211825117,23.747371377341082,0,6,1,0
310,0,1,2.046295838363027,0.3877960174204084,2.271832055050354,0.059264054842433064,2,64.66033860392646,72.36466001159737,1,9,0,1
311,0,1,1.4400775712698741,-0.8953902215645723,7.6163694031488,0.0,2,36.370289142691746,50.3594308910195,0,6,1,0
312,1,0,1.8542899710311629,-1.4145554183729347,12.629988693353962,0.0,3,28.96591739037456,0.0,0,3,1,0
313,0,0,2.26624778017822,-1.1203157446921108,10.336299609332986,0.0,3,36.830740245243305,25.35504032961188,0,8,1,0
314,1,0,1.5011732496032995,0.07925956262869373,8.6716340946076,0.0,3,0.0,6.236543974082618,0,3,0,0
315,1,0,1.797778311396458,0.632329613042867,10.427541462817755,0.0,3,58.773504788964885,18.933626873825755,0,6,1,0
316,1,0,1.0980180016615844,-0.91069680296225,12.077170742639568,0.0,3,29.326930755298136,0.0,0,4,1,0
317,0,0,1.450360810774263,0.6611486569500301,8.35587233431517,0.0,3,61.242551484248516,36.31209885601639,0,4,1,0
318,1,0,1.623801077442804,-0.9256263931839201,11.847456134049136,0.0,2,34.35255302622204,0.0,0,2,1,0
319,1,0,2.635763250316115,0.042135224135468274,13.19084527263076,0.0,1,48.270681901392976,7.966415083132048,0,4,1,0
320,0,1,1.2721350757288241,0.45398495211054235,2.6259617690225907,0.0,3,57.016194022463964,70.70035805798416,0,7,0,1
321,0,1,2.812222425227232,-0.462592994505362,3.8341559939670606,0.0,2,43.3583502946559,62.67419051614343,0,8,0,1
322,0,1,1.16415593051355,1.1118806758779045,3.313219635826984,0.737393279340781,3,66.51471131678002,72.75802969437252,1,4,0,1
323,0,0,2.7142189188649124,0.9942801371437395,8.988550994976176,2.2294157998058055,2,64.64317542334378,30.790822985673326,1,4,1,0
324,1,0,2.0608902298153806,-1.3062577112778473,11.81177991350547,0.0,2,27.346298698116303,0.0,0,2,1,0
325,1,0,1.7866187517192644,-1.715471034474423,10.540748343685275,0.0,3,24.631484081389463,13.12796236395771,0,14,1,0
326,1,0,1.4095314047504337,1.4389759663394852,9.07671590308378,2.413316637159558,3,71.65142358670668,25.1795418109295,1,6,1,0
327,0,0,0.9080876082867777,0.32376490765289945,6.0419535758063345,0.0,3,78.3384410456463,33.60372132485361,0,3,0,0
328,0,0,1.2383560353885557,-1.5692193385917643,11.519133491068684,0.0,3,26.42967517677059,13.792362984803866,0,7,1,0
329,1,1,2.0237123814644065,1.199593324720443,7.376307967330805,1.442223019444989,3,68.15990948045376,57.346422754592226,1,8,0,0
330,1,1,0.903596799565618,0.21657267576428074,8.538709974177314,0.0,3,54.45520038622487,42.0650834145745,0,5,1,0
331,1,0,2.618702888151797,-0.6847740564785325,14.456347062675087,0.0,2,40.14417483978111,5.506803306869602,0,6,1,0
332,1,0,1.6877467778497772,-0.050547615690270775,10.72776208939413,0.0,2,49.568150476993594,14.498126963971373,0,9,1,0
333,0,0,2.514137533031963,-0.30793957752878204,6.8368526689848075,0.0,2,44.27883508091532,34.170835593815625,0,8,0,0
334,1,0,2.2845244344280324,0.9943805234563317,9.580857910561482,1.1672226699482169,3,66.08509365105571,21.590266316400694,1,6,1,0
335,0,1,1.2516086120997316,1.233433849872734,3.7206892703468237,3.729410122349613,2,67.20538572161513,67.50238912873502,1,2,0,1
336,0,0,2.2786119499278668,0.24159285385821677,9.400865316590638,0.0,2,60.416141971180366,29.12895014195605,0,4,1,0
337,1,1,0.8843995714999955,0.9991216232671601,4.939034345291152,0.0027040619677206057,3,64.45634305578727,49.87075903429676,1,5,0,0
338,1,0,1.1174457939238178,-1.1072690493391326,12.310634910246876,0.0,3,32.907922918837315,0.0,0,5,1,0
339,1,0,3.996905872749408,0.9228065817603818,11.436742888895509,1.348542639162631,2,64.07643777233454,21.850457935531754,1,7,1,0
340,0,0,1.7907643565287397,0.4670311984481827,9.560861256856956,0.0,2,58.84897598321465,33.06221886303182,0,5,1,0
341,0,0,1.7054741916230933,-0.5832255737348893,12.459547547909771,0.0,3,40.787505527266255,14.447473684116183,0,2,1,0
342,1,0,2.381266018607143,0.5037591243894484,10.496827268842607,0.0,2,56.620853590862346,14.534600401687708,0,5,1,0
343,0,0,3.5845694828036767,1.0038546410426414,7.80252003117337,3.7676593416076924,1,65.30620895527947,42.00354841944187,1,5,0,1
344,0,1,1.428461865633752,-0.4310343066198038,6.808592682464047,0.0,3,45.02923345700446,52.311246158824154,0,4,1,0
345,1,0,2.7116402057800744,-0.02956025643282276,10.289070451942628,0.0,2,49.90745644098579,11.991367061669305,0,4,1,0
346,1,0,1.1772804441523672,1.9140656425187035,10.905445435932355,1.9733531310904346,3,78.76938356217231,15.805514495285449,1,1,1,0
347,1,0,2.0774863992461112,0.047673078118756824,11.128482347619073,0.0,2,48.77522393233306,7.2840917501410924,0,4,1,0
348,1,1,2.013714617423374,1.6602788808769031,2.429407184553456,3.4985781285756454,2,74.4778944720803,76.10911216740647,1,6,0,1
349,0,0,1.514925249626825,-1.0349204060626045,10.943001885214477,0.0,3,32.37293204187748,15.86974393468051,0,5,1,0
350,1,1,4.168614237085667,0.008377698984632647,6.48463136106555,0.0,1,46.51884102129285,35.547526776642,0,3,0,0
351,1,0,2.42584239643753,0.9249249923252213,10.926139998601295,2.2275456155518967,2,64.2425627490592,14.20726983468564,1,0,1,0
352,1,0,2.314639835700305,1.9128131823753594,9.265327219620534,6.206363685665196,2,86.47199387553866,22.19836412805066,1,2,1,1
353,0,0,1.1563872494807943,-0.08587636947935452,11.770206787573088,0.0,3,58.64749222897867,23.656775804603797,0,3,1,0
354,1,1,0.7932110284357619,-0.029625417400853064,5.982107288053525,0.0,3,77.05909634402857,45.03424090328629,0,7,0,0
355,0,1,2.5826881408776163,-0.830181232980071,3.9109427246439457,0.0,2,37.818151594991015,55.97401957412934,0,5,0,0
356,0,0,0.9485718226248584,-0.735053370107249,9.742560583531144,0.0,3,54.30695227725799,24.422633983025456,0,5,1,0
357,0,0,1.2030941361029501,0.6474011041293526,9.282651855123929,0.0,3,51.935088357776294,37.229937227748295,0,4,1,0
358,1,1,0.8954239953460991,-0.43774387159827133,7.301573353145653,0.0,3,44.31756663440618,33.28843913623325,0,6,0,0
359,1,0,2.090049046373489,0.3498232386815928,10.562742631494833,0.0,3,55.205397397350225,12.738040511478141,0,5,1,0
360,0,0,2.976743662904689,-0.36636919622707564,10.564621043226659,0.0,2,45.83546970458763,18.863856292932663,0,2,1,0
361,0,1,1.1968674422619967,-0.3303516056477394,8.087034537415143,0.0,3,40.63566411165141,53.60073428156882,0,4,1,0
362,1,1,1.81748262939156,0.10865873167177097,6.262914057439142,0.0,3,51.03144311878431,42.75941292256011,0,6,0,0
363,1,0,1.2983698335678648,0.8235822444168174,8.995833868911019,0.27883520602996237,3,94.31629017231754,26.3676969051258,1,8,1,0
364,0,1,2.0049066761821748,0.7805577093065578,3.2525596295199004,2.2137672081438415,2,58.30525208765405,66.52461081019547,1,5,0,1
365,0,1,1.9431924886455179,0.25461726041684435,5.773248417619723,0.5569470537620341,2,55.725346375285774,58.891989586124424,1,3,1,0
366,0,0,1.9980236391241553,0.4924728628643974,9.492350657345156,0.42574617647368923,2,58.59218894739836,34.922964690393165,1,5,1,0
367,1,1,1.3630492640090548,0.07079827862687955,5.6644213545224655,0.0,3,0.0,40.50421075786193,0,5,0,0
368,0,0,1.8042538616248365,1.0021990456158554,6.924287871944032,1.3781260627415544,3,65.43773862861153,45.794610528446135,1,7,1,1
369,1,0,2.322339196343732,-1.3622935160774536,12.170342103944737,0.0,2,28.557595772798948,0.0,0,2,1,0
370,1,1,0.9322633822844475,0.26712359891138054,5.3692171009292675,0.0,3,53.00185287133015,40.98887196258086,0,4,0,0
371,1,1,5.463911615243498,-1.0218546929249672,6.91273972356177,0.0,1,34.30227752603555,34.04374660086515,0,5,0,0
372,1,0,0.8538616410502556,-0.8562308753946473,12.027555168952727,0.0,3,21.445842511703876,0.0,0,3,0,0
373,1,0,1.0483815795810192,1.1750990160353179,9.165090438077979,1.626538235618142,3,67.78600402624375,17.54298048663659,1,3,0,0
374,0,0,1.0074450606863268,-1.0986020325546202,8.29079901780777,0.0,3,28.97713072808186,17.74021555475489,0,4,0,0
375,1,1,2.447703244197437,-0.5144288476480009,6.588930866038392,0.0,2,40.62944292897181,32.73444267550688,0,6,0,0
376,0,0,1.5692435179053437,-0.645635737612801,10.345940322507605,0.0,3,40.608430207873155,20.84234386441459,0,4,1,0
377,1,0,2.3413319586112684,1.6696625667913152,10.23775990032109,1.1584486276554011,3,78.11105092418707,23.133690886666766,1,3,1,0
378,1,1,2.669240286120557,-0.3156532485271561,6.991749642940059,0.0,2,43.46447592891236,36.3306640611022,0,6,0,0
379,0,1,2.865445875313925,1.4697759625754911,5.3746207411586475,3.6722199854746727,2,71.91560982833958,77.2062707525731,1,7,1,1
380,1,1,2.5696075153307585,-0.6190199103240981,6.370935385545122,0.0,2,39.37912559695524,38.314705896567695,0,6,0,0
381,0,1,1.577608502311721,-0.8188807447167956,3.9966123972792778,0.0,3,38.95104783317835,53.06680617338076,0,4,0,0
382,1,0,2.249227787450363,0.9750530480803281,10.440852102550405,2.63520826425221,2,65.42629567318575,16.988153085511485,1,5,1,0
383,0,0,1.6352259393702127,1.1077665751550252,7.327495988036727,1.0529127529680502,3,66.57796935663531,47.185476138565946,1,9,1,0
384,1,1,0.7197424671893725,1.9865949770473044,3.9105906453548864,1.4823105785905069,3,100.0,60.41362554594392,1,2,0,1
385,0,0,1.1693955888179992,-0.8410787924325002,8.764752008554584,0.0,3,37.484922672933266,25.590022070730754,0,7,1,0
386,1,0,0.7698141836898931,-0.21842216142901952,9.550871405135567,0.0,3,54.43020695172831,17.367009608578044,0,6,0,0
387,1,0,1.7094000575114967,-0.441268171242077,12.003052861489031,0.0,3,44.35669505974565,0.055938029800878364,0,2,1,0
388,0,1,2.2905584135299093,-1.1903390202278652,6.566628257637393,0.0,3,32.233059192253855,37.58780481187348,0,3,0,0
389,0,0,0.553396691342967,-0.13322897374256992,10.416999360717869,0.0,3,35.01499938884701,26.244607541526875,0,4,1,0
390,0,0,1.7648478692091178,1.097355276471104,7.1224725935432485,0.3572973578497224,3,68.38641055771991,45.09140752135668,1,6,1,0
391,1,1,1.5345296377683066,0.025495032897461033,5.504362356382886,0.0,3,59.782080798934295,48.739000006575864,0,4,0,0
392,1,1,1.692317056502399,-0.29922923805472196,7.4176681701940135,0.0,3,45.40709193038334,29.135698490248437,0,2,0,0
393,1,0,8.34942795236429,0.7575141395776908,6.953812363042375,3.109784969565668,1,60.21356061545703,23.81267602906131,1,7,0,1
394,0,1,1.3420868204918723,-0.3133056303136708,4.594323303719451,0.0,2,45.23251891934869,65.6565077153922,0,6,0,0
395,1,0,1.513502256503756,-0.3398997402367221,11.265840333022918,0.0,3,44.89550139682342,2.2889478256365368,0,3,1,0
396,1,0,2.3134112541388223,0.38367888584758125,10.64624771205411,0.0,3,48.62928151546214,7.629130728796904,0,2,0,0
397,0,0,1.3046893098727292,1.1117554342451315,5.840921797617842,0.5095409922411638,3,67.12541169361523,38.27727132446487,1,4,0,1
398,1,1,1.538924778278879,0.6180595982591338,5.126452255765384,0.0,2,59.08153508225153,48.343899573774834,0,6,0,0
399,1,0,1.752182336081164,-1.0819541650033335,12.003401347383425,0.0,2,35.00608872148957,0.0,0,3,1,0
400,0,1,1.9662310528580578,-0.434275647737646,4.916001882681456,0.0,2,43.976986503827646,58.33879635959046,0,5,0,0
401,0,0,2.026544318642584,1.3812669450674213,8.76521372880848,3.673747471894212,2,70.50192461428459,38.45537178944223,1,5,1,0
402,0,0,1.1229930591323312,1.9314567870040613,6.8697919001791705,1.6521619760044264,3,79.85034961374636,51.53186722027963,1,7,1,0
403,0,0,2.2537744249388054,0.030009828468600633,6.424571382964109,0.3540932264152413,3,50.673536197014336,35.08376054215504,1,5,0,0
404,1,0,0.7953969848176389,-0.3179888164836794,12.143155851458069,0.0,3,43.494288917211485,0.0,0,2,1,0
405,0,1,3.4442147728936883,-0.9137525902232428,4.160455852738105,0.0,2,35.5648341981985,60.616987919583515,0,9,0,0
406,0,0,1.4346718324996939,-0.5184319715131961,9.463570140082258,0.0,3,39.93778118746086,29.157079290982715,0,8,1,0
407,1,0,1.4863659401464715,-0.09304393478246438,11.92299026482879,0.0,3,56.60958072916871,1.8723284092685666,0,2,1,0
408,1,1,2.245564065708515,0.8020411732072862,5.885210220700982,2.1176144748947845,2,62.168243462508904,43.22880703785806,1,5,0,0
409,1,0,1.9499690387390467,-0.8788821667961317,12.815638012918578,0.0,3,43.155768753923205,0.0,0,4,1,0
410,0,1,1.8160084330343707,0.5326955023014668,3.4646192429970397,0.3004142381753688,2,55.248687483881696,68.11034145685326,1,7,0,1
411,1,0,1.711890053824518,-0.44899085619692736,12.886383112525701,0.0,3,43.564112542002135,10.481048118367351,0,6,1,0
412,0,1,1.3289381383811176,-0.953724880938233,5.644302441861592,0.0,3,34.758952482233944,42.969002611045525,0,0,0,0
413,0,1,1.1332855513895568,1.2711896427315175,2.3699004169003457,1.3454291473652278,3,69.64355688969403,75.50931612569157,1,7,0,1
414,0,0,0.599759888868967,1.2732244109456339,8.29795844625092,0.8855515059348921,3,67.44280296453712,37.85507236667803,1,2,1,0
415,1,0,1.1430183244402337,1.2609784248430063,7.010855086457713,0.7405364488148376,3,66.66583301222207,28.904062308387918,1,7,0,0
416,0,0,1.2347692564730162,-0.6754124537564754,8.87324729404465,0.0,3,39.47751348007735,30.916912791265638,0,7,1,0
417,1,0,0.8076263005389452,-0.5598468876835759,11.281110301255845,0.0,3,42.85117863642595,6.826629864484476,0,7,1,0
418,1,0,3.338442863015895,0.7356560038590041,9.241194372126627,0.36461313230725667,2,61.16893174572895,19.81020695850121,1,6,0,0
419,0,0,1.5422240777530953,-0.9880233753356398,9.839676539221756,0.0,2,35.013899531305626,22.012556063444283,0,7,1,0
420,1,0,1.5190179046808951,0.0030506957481789207,12.011383888017729,0.0,3,54.25284626123744,3.008147775467914,0,2,1,0
421,0,0,1.2661718678341731,1.1042460126179467,7.451666446046878,1.4010883375674994,3,83.83776537506684,43.82561395918396,1,7,1,1
422,1,0,1.057060779784794,0.5313070234130473,11.09236504801625,0.0,3,56.99426967406047,19.72088740362539,0,7,1,0
423,0,0,0.8709248721151773,1.3264625886397867,8.4242699956362,0.8205464421372637,3,68.33254903474281,44.07384870406004,1,4,1,0
424,1,0,1.3334014132281267,-0.07505593680843034,12.260496934776036,0.0,3,48.133433767073164,3.9595820488552507,0,4,1,0
425,0,0,2.027609851059532,-0.18431468890908775,7.848014714177838,0.0,2,47.27992288847166,38.36724647538009,0,10,1,0
426,1,0,0.5095123220892765,-0.7083930926160119,11.102927127967655,0.0,3,38.32773318404783,6.874366430815319,0,8,1,0
427,1,0,1.516914231601313,0.3498839887844703,10.70183169372529,0.01404212842091812,3,55.527385999592276,16.908556734881717,1,7,1,0
428,1,0,2.297141002918215,-0.9176536287763003,13.500601007714902,0.0,2,37.43664468022826,2.18266278403983,0,5,1,0
429,0,0,1.17320876366649,-0.91914078347009,10.493685133683009,0.0,3,51.77177468095012,16.473913908862023,0,4,1,0
430,0,0,2.802413761996852,0.7771424475090674,7.690662145727661,1.3382580555314139,2,70.30511334008769,35.21379594186604,1,4,1,1
431,1,0,2.6056565749487275,1.1540814198390728,7.648298421086575,2.45987680362268,2,65.96471078894824,15.26810213112464,1,1,0,0
432,0,1,3.4712905771378595,0.46724508779684865,2.0484715923964165,2.474123354664756,1,55.97777787880058,72.16745023366117,1,6,0,1
433,0,0,1.4148854359675278,0.45131101774085225,12.039645203012075,0.0,3,68.97209970637127,35.366246755114645,0,5,1,0
434,0,0,2.7620484080109335,1.5383180836566814,7.8858483858622925,3.5573248898425156,2,74.12610777959678,43.66874627496682,1,2,1,0
435,1,0,0.9813778125931897,0.027903861443625517,10.176958999990806,0.0,2,50.58680199723173,14.984578467832183,0,8,1,0
436,0,0,1.9796818888852603,0.9102426931491252,8.44263455427931,1.6478941456060028,2,63.6397092843985,42.938642273120024,1,7,1,0
437,1,0,0.9743882081172065,0.3786766906046205,10.42445013278127,0.0,3,56.381337992265514,12.968218031325826,0,6,1,0
438,1,1,1.4292809147236902,-0.5921672971893283,8.00173875786292,0.13567469046491376,3,39.158727733186986,31.84990239027393,1,5,0,0
439,1,1,3.340104720268729,-0.05826297991392342,6.2862184768460665,0.0,1,49.41391545869773,33.2988589299859,0,4,0,1
440,0,0,0.812544361024436,0.19832822728304808,7.812345572257948,0.0,3,57.06043026825557,27.307728681158714,0,4,0,0
441,0,0,2.7618955336137376,-1.5740916490444148,9.916288805962774,0.0,2,35.68984638405006,14.053767753722585,0,5,1,0
442,0,1,1.7745063975188657,0.23039268935477794,4.375522154788355,0.0,2,49.572960578153435,56.45366067933421,0,4,0,0
443,1,0,2.069290729357235,-0.44303595296602116,10.184749827861683,0.0,3,44.72465262334949,17.407800715376556,0,10,1,0
444,1,0,2.361425569005521,1.496071495616172,10.414824309477863,2.817616701477238,2,74.20171862884992,15.026890391154058,1,2,1,0
445,0,0,2.8384593147097443,0.022232863593087147,8.072240163983354,0.0,2,51.458610296469345,27.670692621299334,0,6,0,0
446,0,1,3.0956829405630084,0.4536894578298056,4.455861839520962,0.7725302165675683,2,55.61501877755247,57.763515253430526,1,1,0,0
447,0,0,1.6767112051990358,-0.17902694172433498,8.6450832469288,0.0,3,47.55261156250077,29.576353737591887,0,4,1,0
448,0,0,1.1674627908348048,1.8585366870882418,6.704072349192905,4.7801591415211595,2,73.46131205140117,48.59984755737024,1,7,1,1
449,1,0,2.047422771921942,0.07315360987336023,10.8387803235603,0.0,3,50.8813095620037,13.61955668737847,0,8,1,0
450,1,0,1.1537255484757096,1.1921889466563755,10.249840833172044,1.2786697501323199,3,68.98450199186492,15.53719853161154,1,2,1,0
451,0,1,2.6029808310739964,1.8685424937825625,2.5803189590817572,4.309731505851941,2,78.51168424998434,72.30550131971385,1,2,0,1
452,1,0,3.6035481547361488,-0.33591538702517276,11.045404062927455,0.0,1,44.58957606901461,15.042702374727728,0,7,1,0
453,0,1,1.7722517167310905,-0.3718626637715134,5.588997525590089,0.0,3,43.74797303589155,47.15240318284544,0,3,0,0
454,0,1,2.008790610579581,-1.5299981640214364,4.983131326535086,0.0,3,27.224996370418896,43.22727017502519,0,6,0,0
455,0,0,1.1261788464388858,-0.1626909320612292,8.30243314277348,0.0,2,23.698306464560687,30.861858481423802,0,7,0,0
456,0,0,1.3763497086104965,0.13572430201631402,7.494158665315204,0.0,3,51.92679763307797,32.28594970982103,0,5,0,0
457,1,0,0.5551542603542573,-0.038831454675777845,11.948903667563695,0.0,3,49.94316525748985,2.2175697024462435,0,1,1,0
458,1,0,3.2693372247379764,-0.8666405326174506,11.018290138717635,0.0,1,31.25023432002233,0.0,0,3,0,0
459,0,0,1.147188643782479,1.1081268997510045,8.376555607161663,0.2978538411128522,3,66.72613267306512,41.542689854163505,1,5,1,0
460,1,1,0.9803581938549027,-1.070663998744368,7.052408956605285,0.0,3,33.59077004088595,28.66501414807847,0,4,0,0
461,1,0,1.9300422375365642,0.7525133729720486,10.460343305108811,0.9699909033592026,2,56.71566696166879,13.924478503305219,1,3,1,0
462,1,0,1.848703418490071,0.8276344733433998,11.00705362591691,2.2069069489138795,2,60.215590554830726,16.885257803684596,1,5,1,0
463,1,1,0.7180783476611682,0.7914658539631139,5.601692476124242,0.8602778843401422,3,58.78150949755207,42.558305205498776,1,4,0,0
464,0,0,0.9152295481590713,-0.8674232047494665,9.477056111851878,0.0,3,31.898663046082948,21.478805994927516,0,5,1,0
465,0,0,1.6270200823792385,-0.8259321552256137,7.533782660213511,0.0,2,36.68470961153395,18.949374435310038,0,4,0,0
466,0,1,1.6298735702696259,0.7262365577010159,3.937485380217998,0.1217784098518351,3,61.94544406556451,64.93656960145806,1,4,0,1
467,0,0,1.9482004032033737,-0.1541551167021864,7.772528963712126,0.0,2,49.33327416092542,54.1011265800597,0,14,1,0
468,1,0,1.7181808194927202,-1.365646819843596,10.255556031822328,0.0,2,28.609913072115017,0.0,0,2,0,0
469,0,1,2.286864399476861,-0.913626498257945,5.090262460854901,0.0,2,35.98239501967361,52.079121994604584,0,5,0,0
470,0,0,0.9893327275469975,-0.8014924918645021,11.477522351813239,0.0,3,37.421383169121235,13.683881298266583,0,4,1,0
471,1,1,1.9497881343095147,0.9927047858966372,6.590440875572891,1.783746777453514,2,48.186776418257026,58.899879904067944,1,10,1,0
472,0,0,0.7864421641466154,-0.021131976666453268,8.679219759092229,0.0,3,49.60451449256785,23.871661434384208,0,4,0,0
473,1,0,2.1468074981170657,0.8011786070279892,8.97814653658848,0.0,3,57.71708444673975,8.38798927288045,0,4,0,0
474,1,1,0.8450503769259704,-2.248695259325633,10.081034499689519,0.0,3,16.745181128758613,8.026326422683344,0,2,0,0
475,0,0,1.0246364599180695,1.18643373805225,7.3475128345859995,0.4543851785160883,3,68.78150550131068,45.60659268319034,1,8,1,0
476,1,1,2.1119376435374955,0.9670651846849195,4.5111528848993885,1.6143374388069613,2,64.89830854487307,51.79221030472173,1,6,0,1
477,0,0,1.6797296164181257,0.270773906568846,9.5283069584034,0.3399004919395052,2,67.03899016155748,29.596892753272336,1,3,1,0
478,1,0,0.9842388183507004,-0.8763727733403317,12.76122819753567,0.0,3,38.17413310318951,7.800542713670693,0,9,1,0
479,1,0,1.7603718820945133,-1.3054241035420788,13.432274061912683,0.0,2,77.71933787834271,0.0,0,6,1,0
480,1,0,2.0072947212185195,-0.9483096367235898,10.526819461630591,0.0,3,36.09718287496994,0.0,0,3,0,0
481,1,0,1.7832657007920756,1.5413707575860975,8.961570850729823,4.038782175087643,2,72.1504603298117,19.78418002384507,1,3,0,0
482,1,0,3.424498515506285,-0.25921067827205946,9.550663962622671,0.0,2,48.381231099148245,1.533793287674831,0,2,0,0
483,0,1,1.3601576908776363,-0.3233074487786305,4.782171422848257,0.0,3,38.928461108514,56.98436865486607,0,6,0,0
484,0,0,3.48300782944922,0.0053998642302470435,9.503162930548573,0.0,2,48.87349725280448,34.421274840245644,0,7,1,0
485,1,1,1.4110328102290826,0.6576778024034334,4.90554027347513,0.6993747603471175,2,59.2228980150784,49.43427144078841,1,6,0,1
486,0,0,0.9288097130065751,-0.06542329569217979,8.888865886131308,0.0,3,49.40220120214269,28.491988967710274,0,5,1,0
487,1,0,0.8638058592809865,-0.21274619808005807,11.787457157620784,0.0,3,59.50411615547304,5.361811591600696,0,3,1,0
488,1,0,1.679483647750791,-0.4102747434666564,11.421396450982995,0.0,2,43.115006790719164,7.625100346356627,0,8,1,0
489,1,0,1.1409305120702553,0.03010440675666775,10.930945557891613,0.0,3,52.800923038518675,11.09621858937616,0,5,1,0
490,0,0,9.945007766390862,-0.37275115465507475,9.199277716118779,0.0,1,41.89879372513086,26.46463212408405,0,5,1,0
491,0,0,1.2992796839933274,0.1617994475515881,9.254406587901398,0.0,3,53.089984990853566,29.905842588851986,0,3,1,0
492,1,0,1.3355372547141777,-0.0838577120378456,11.779287223461509,0.0,3,54.27628297158909,8.603082685336744,0,5,1,0
493,1,1,1.7304962236317083,0.30412869967934947,5.379264716615916,0.0,3,47.65097583868199,40.74574849672669,0,4,0,0
494,1,0,1.4047917558559841,2.3369032359874153,8.346786994652547,3.2631535885624015,3,84.86658815159782,37.801057607511716,1,4,1,1
495,0,1,1.5056694727261353,-1.7449752050795106,5.883568345954562,0.0,3,25.506267854624305,37.326488653947116,0,4,0,0
496,1,0,4.114390481179804,0.1872908428094848,9.876725399905594,0.0,1,52.73904423811668,7.1348721092147915,0,1,0,0
497,0,0,0.7732347419893368,0.04502434376313751,9.207690271571071,0.0,3,52.20695106454994,26.091845281752267,0,3,1,0
498,0,0,0.5055733688039453,-1.0773057172735478,7.5374896000196525,0.0,3,32.100419731776135,24.031494809901982,0,7,0,0
499,0,0,2.960148777080935,0.35731813778623406,8.247630593209431,0.2136686313282101,2,74.21769720332942,33.462756699156955,1,5,1,0
500,0,1,2.470816474908462,0.8529886276363865,2.3455346428995894,1.5688713209146539,2,69.51946208302184,69.22398962188593,1,7,0,1
501,0,1,2.510707362791414,-1.8244937289617684,5.334291173861932,0.0,2,23.020349564261014,58.33294849903345,0,11,0,0
502,0,0,1.9712309625679874,-2.5035691454298306,9.044838205329501,0.0,3,13.122091990526012,5.586389211091638,0,5,0,0
503,0,0,1.3674712110695761,2.316925454873566,6.95999068453554,2.5548935595733244,3,85.35506138817577,55.62980505074799,1,7,1,1
504,0,1,0.5643883253217798,-0.9357058387044214,7.205603135194046,0.0,3,30.13982991920222,53.4366774235689,0,6,1,0
505,0,1,1.3578527635769093,-0.5272645083859322,3.8085738817466996,0.0,3,42.34246583923807,60.93218715516624,0,6,0,0
506,1,1,4.017907714473225,-1.6401103964910042,7.602719638355451,0.0,1,29.563708366837215,20.717613545332377,0,4,0,0
507,1,0,2.0386682560000473,-0.09289412278063203,10.924409530721723,0.05056545115843192,2,48.59419079159802,19.704983239038512,1,10,1,0
508,0,1,0.862090931687104,-3.0496748288579583,6.427310993470899,0.0,3,6.907226783994265,36.78709558321474,0,6,0,0
509,1,1,3.5062819572535653,-0.6734827198691822,6.550188871942901,0.0,2,35.44157413840493,29.75361895271042,0,6,0,0
510,1,0,2.6595459068356826,-0.5818060695122388,9.58228823768324,0.0,2,41.019574202338845,12.99048616503289,0,9,0,0
511,0,0,2.587458413830597,0.827256618632189,7.647816780479796,1.5147009900902666,2,61.87679852759111,38.0548357724512,1,4,0,0
512,1,0,2.126812812478046,0.8838912995670257,7.615137818477742,1.778761277649625,2,63.5469158532157,21.149387500854193,1,7,0,0
513,1,0,2.334501946463016,-0.22865873531787345,8.499412310706854,0.0,2,47.26293694049421,14.812844286704896,0,8,0,0
514,1,1,3.3514040983765994,-0.7367536897331468,7.828653374588825,0.0,1,32.77604221528872,25.13558665412345,0,5,0,0
515,0,1,0.5039870637672442,-0.5946777379662896,6.168668511684262,0.0,3,49.500254429659456,64.02737173493794,0,10,1,0
516,0,0,0.4126229318014425,-0.07914238696142512,8.878042373355552,0.0,3,47.80187874950537,28.586655951526406,0,4,1,0
517,0,1,1.031773684657077,-0.0865736228568826,4.793143375227256,0.0,3,48.3328423823771,52.53281320263688,0,3,0,1
518,0,0,1.9714465792932565,0.05464468095019193,7.90132826432472,0.0,2,52.16990077853811,30.24811716317246,0,3,0,0
519,0,0,2.600802162013433,0.0014679523372702259,9.487090541984891,0.0,2,50.52849208832586,32.58422972288597,0,6,1,0
520,0,0,2.475310322745898,-0.23536372582735463,9.219304388926806,0.0,2,46.49975226018152,25.662455563917117,0,4,1,0
521,0,0,2.9796770177478438,-0.0023250287642131943,9.024570921629774,0.0,2,49.762929365804965,30.413526393358268,0,5,1,0
522,0,0,2.283613976341662,-0.11804164913553772,9.147479785573918,0.0,2,47.793220963033846,26.72174821300884,0,4,1,0
523,0,1,1.1136748373654082,2.150254248161632,0.8330035144947084,2.786626533470077,3,84.80043043838926,91.18381135229265,1,8,0,1
524,1,0,0.502500307643701,-1.5172232230574894,9.316487780705515,0.0,3,27.154065202101606,0.0,0,3,0,0
525,1,0,1.5509842682522488,-0.7430591194137702,12.597838407116333,0.0,3,37.93183189931184,3.8453670487964757,0,6,1,0
526,0,1,1.159632303609205,0.32035981708576333,4.470348925921916,0.0,3,54.83044448926575,77.63509458511041,0,7,0,0
527,0,1,1.1257950945823147,-0.6323730412991684,4.212444663992181,0.0,2,40.87259252040887,57.11683052853944,0,7,0,0
528,0,0,3.787688966144987,-0.28846604360155487,13.54312305136619,0.0,1,47.41614424310496,11.186666381406098,0,4,1,0
529,1,1,1.4301371613563707,-0.29207688967941337,6.17049999437919,0.0,3,45.09305283659941,38.67037464372333,0,5,0,0
530,0,0,3.621770868686026,0.1892695709746407,9.311792973638736,0.0227326756583639,2,48.692149414838376,27.65938141723768,1,3,1,1
531,0,0,1.6544352930249646,-0.05990739933202698,8.699046526910752,0.0,2,0.0,33.55814675814587,0,7,1,0
532,0,1,3.6973081523771354,0.8105985431862616,4.220398975384188,2.5965699408429597,2,62.317240695599445,73.59958711135542,1,5,0,1
533,0,0,1.7189508081238611,0.5795957325932017,5.223189781280567,1.082711967105778,2,58.29703865108266,44.710866554478194,1,9,0,1
534,0,0,1.0296118374799699,-2.1317332691156103,8.98641081427327,0.0,3,19.469923905407374,9.418334098965856,0,6,0,0
535,0,0,2.5714858773933655,-1.8217257368739481,12.947529514775944,0.0,2,23.273101639659988,5.23026204096752,0,3,1,0
536,0,0,2.5347095224821676,0.1517515642580806,8.293046046697395,0.5091521328003765,2,52.93315675323855,33.280571235922885,1,7,1,0
537,0,0,3.979735950817021,-0.9911147638151201,9.796587983654849,0.0,2,31.519208745507065,22.56708765888858,0,5,1,0
538,1,0,1.0853213625213762,0.05359115453757024,7.9214241146930275,0.0,3,49.947339169931816,23.972248825550935,0,12,0,0
539,0,0,2.0559320410243656,-0.4307366040372966,9.465342843415108,0.0,3,28.87004005150945,23.838916635947918,0,5,1,0
540,1,0,1.0039990140883197,-0.5575993494986627,13.793588544949543,0.0,3,42.344080909318876,0.0,0,4,1,0
541,1,0,1.595085581847394,-0.34638696798354435,10.832103705679698,0.0,3,44.06398299230462,8.532797897722272,0,7,1,0
542,1,1,0.9780577426082357,0.5752433923036563,4.236343992059339,0.0,3,28.71856851152493,55.60295674340529,0,6,0,0
543,0,0,1.4691990426835566,-0.833370574463409,10.936123182989174,0.0,3,39.68428323217691,17.488680232417906,0,5,1,0
544,1,1,3.42889490928405,-0.9295769411951607,6.821206237381276,0.0,1,34.71743857949111,27.532920574053968,0,5,0,0
545,0,0,1.2787778717727722,-1.2525763058255626,9.350888749232835,0.0,3,31.59451586619658,22.68052169321514,0,8,1,0
546,1,0,2.5692953361815243,-0.2577574680391384,11.87903950860408,0.0,2,45.46166335000355,14.655940090117564,0,7,1,0
547,1,0,2.1162477016327697,1.9719159418591614,5.8140580070675245,2.349179458525848,3,79.8969734521671,42.13855136862644,1,8,0,1
548,0,0,1.0845653031465088,0.9528416646466936,8.196471576686367,0.5747167990116075,3,65.42857830115597,35.000899088114856,1,4,1,0
549,1,1,0.9286219402973681,-0.9235838019939699,8.462025783490386,0.0,3,34.957684236907085,23.268906889887997,0,3,0,0
550,0,0,1.3834420715296076,-1.19993463695095,10.835342642012996,0.0,3,32.62257023837956,17.801555394161305,0,7,1,0
551,1,1,1.4821540334831773,-0.9632965634085062,8.892825890918859,0.0,2,36.01386560488585,32.46317265916831,0,6,0,0
552,1,0,0.9454767637537178,-0.9311351798366706,12.066969245214631,0.0,3,38.04225960895419,0.5761882550753405,0,6,1,0
553,0,0,3.5528289171053724,-0.8678776552243375,10.867683596826511,0.44290729987976896,1,35.74033679980218,18.24114889247604,1,5,1,0
554,1,0,4.936955370154181,-0.21506290686562243,10.477632721719239,0.0,1,45.210528744067055,21.084216801376463,0,6,1,0
555,0,0,0.7027498623844353,-2.2241697329761037,10.918725641297243,0.0,3,16.947457529716104,7.4189968528811265,0,4,1,0
556,1,0,1.012492470082679,-0.8240548482538297,9.301332941227471,0.0,3,34.20542171859442,1.8941273274374701,0,6,0,0
557,1,0,1.9788774549002284,-0.2597177030558774,10.152175514911422,0.0,2,0.0,0.0,0,1,0,0
558,0,0,2.2754235601628885,0.8252171356292795,8.228391091917981,2.328742741427651,2,61.095906161586655,37.7840668668463,1,4,1,0
559,0,0,1.9786304116060647,1.360853286899669,7.482735155875195,2.0834533697634052,3,73.60504027188357,41.77233215640466,1,4,1,0
560,0,0,2.521895461012062,-2.4564784114151292,11.462322434753768,0.0,2,12.329882176205002,2.8783621963436854,0,4,1,0
561,1,0,1.1580398461780828,-1.0193639800161134,11.962395389929238,0.0,3,28.265202396900015,4.011463583053016,0,6,1,0
562,0,1,1.0373361316371799,-0.15042082748671448,4.220284053210947,0.0,3,46.97680586669552,60.35596561049603,0,6,0,0
563,1,1,2.894456410634926,1.7747106062425877,5.54239099161733,3.8211273227886746,2,74.99788090033957,53.72688454772577,1,4,0,1
564,0,1,1.4047762984449998,0.6490854446234464,3.936727754627849,0.0,3,60.234567721954136,68.8129242883783,0,5,0,1
565,0,1,3.500013470294385,0.08915129897971819,4.506290358557478,0.0,2,49.399503493403174,60.39746226026448,0,5,0,0
566,0,0,0.7323118329869357,0.72389798760004,8.747093698157396,0.0,3,59.98313707750282,36.30251562931594,0,5,1,0
567,1,0,1.0764978250683928,-0.9689425155540826,12.132272752354432,0.0,3,39.423914988145555,0.0,0,3,1,0
568,1,1,2.166304829750483,-1.0652036142107366,8.420185139246954,0.0,2,34.87104397692499,29.3924250601329,0,5,0,0
569,1,0,1.7288655444315364,0.8005722222391829,10.133419618687062,0.4002257059132448,2,61.60640485074584,20.281300245791027,1,6,1,0
570,1,0,2.2399274906416684,-1.3279558298287943,12.514870044599748,0.0,3,30.362114773346192,0.0,0,3,1,0
571,0,0,2.1058486394652456,-0.23786496993492703,8.952828585182429,0.0,3,47.436590192689366,38.790200100422034,0,2,1,0
572,0,1,2.114792891218416,-1.3360509817938382,6.542102884063159,0.0,2,31.07264144087485,36.609175377519186,0,2,0,0
573,0,1,1.11787331200524,0.4916659048186875,3.7277147563447346,0.0,3,58.172301356533225,61.61618222403655,0,3,0,0
574,1,0,2.1956437051900695,-0.5919450007226489,12.139781336519196,0.0,3,39.120360725268654,0.0,0,3,1,0
575,1,1,0.9584382553017342,0.35785148137365363,5.859285558325806,0.0,3,52.261619666728684,40.97396808115873,0,6,0,0
576,1,0,1.7254499019738863,1.6113353089501854,9.308411514343405,0.0,3,75.58414579150075,21.525452155071047,0,4,1,0
577,1,0,2.090241761172626,0.5844409769695037,7.956390272558922,1.2752311054608862,2,58.10086783644033,19.61304166873481,1,6,0,0
578,0,1,1.6202258042627902,0.11153518297651584,2.3364737834707405,0.0,2,47.22519036655466,66.78207143591942,0,7,0,0
579,1,0,1.1826734994202692,0.07205617357578692,12.143151660722918,0.0,2,50.39193664802924,5.9324119342390595,0,3,1,0
580,0,0,4.4330526142801805,-0.4562025134233671,9.499383880191152,0.0,1,44.27892537008245,27.04479391958842,0,8,1,0
581,0,0,2.2826747656566058,0.3065462302123669,7.718505807374392,0.0,2,54.94713717433285,32.86314360654154,0,5,0,0
582,1,0,1.8160561373639557,-0.10863456109408524,11.30345120237793,0.0,3,49.61884731903926,7.918334954151468,0,5,1,0
583,0,0,0.9193661665688814,-0.060413589276304455,9.846621789716332,0.0,3,49.18521898598693,26.222473411786197,0,4,1,0
584,0,0,0.7424508846866812,-0.8634467759459689,11.365619026574848,0.0,3,36.837407703587495,21.584123922604654,0,5,1,0
585,1,0,0.8497741606193205,1.0471255105412194,10.494228369486194,0.21808853761196856,3,66.58194052872692,20.885377362398177,1,5,1,0
586,0,1,1.1920017729553762,1.3982061839580795,3.3767053883999765,0.8472661833763689,3,75.49457335292946,68.57573064532087,1,3,0,1
587,1,0,1.5940443319582016,-0.11209690283744606,8.603784188988314,0.0,2,47.08489960363943,10.704692047931232,0,3,0,0
588,1,0,2.1318942770204883,-0.5745989593159088,9.154193613234122,0.0,3,41.5342428118194,22.530857124150785,0,9,1,0
589,0,1,1.112800251283676,1.511788032853895,5.978253027327863,0.6858548030248747,3,56.16576965296173,63.663316218426516,1,1,1,0
590,1,0,2.7439255697454272,1.1176188254693755,8.54659265233832,0.9997610047832797,2,70.00823964656895,22.341067489615817,1,6,0,0
591,0,0,1.7392024852914714,0.09279891334112242,10.180069634902678,0.0,2,51.09059732080914,30.074602051400714,0,4,1,0
592,1,0,1.1978090423084287,-0.6718174763977541,11.409483691246994,0.19349890855416252,3,41.887596283263655,0.0,1,4,1,0
593,1,0,4.499320107052623,-1.2725257480431806,11.518868738556046,0.0,1,32.19204557326901,0.0,0,2,1,0
594,0,0,1.6183286005521356,0.10540049595523698,8.404352053719277,0.0,3,50.82425903857957,33.49102958512959,0,5,1,0
595,0,1,2.571094286739317,-0.7462736269601035,5.264319134860962,0.0,2,38.328328421037256,51.872348771328404,0,5,0,0
596,1,0,2.0616580062146492,1.129566533100205,10.379921249047179,0.33967974455108485,3,21.98144243115862,22.18852255705746,1,4,1,0
597,1,0,1.9559682319777671,-0.7799366749443692,11.254435274004237,0.0,3,37.70066090063866,6.969879659260592,0,3,1,0
598,0,1,1.385693929515027,0.12040406921167723,5.286114834025795,0.0,3,49.888182124580105,62.20900857512566,0,4,0,0
599,0,1,6.96499818919818,1.235944778290315,3.4727472688498358,4.638244114794849,1,65.00098998700177,71.54466278641023,1,5,0,1
600,0,1,3.9272590823685514,-2.2219037263796437,9.369185891725976,0.0,2,17.917807826250563,33.143770610130886,0,2,1,0
601,1,0,1.1408895280648073,-0.5019749473017466,10.25264500794413,0.0,2,47.51398337560031,22.07076053901993,0,4,1,0
602,0,0,2.5090919774556135,-0.10709116068049686,7.8011469036559875,0.0,2,51.430998354052164,20.867186515101025,0,2,0,0
603,1,0,2.221983196582183,1.536715380286023,9.787185024801635,2.982251490018058,2,73.06094818650799,21.978277128933858,1,3,1,0
604,0,0,1.3113578732069393,-1.314549397311369,10.152950418084108,0.0,3,33.46659586882887,17.424655823823134,0,4,1,0
605,1,0,0.6778531657551508,-0.09440299685726983,12.085814866810944,0.0,3,44.90036740328762,0.0,0,2,1,0
606,0,0,2.2335795617528307,0.009816803847705113,7.085253767295583,0.0,3,50.66669860284748,24.417888462965273,0,4,0,0
607,1,0,2.0586714639728476,1.164855971047795,8.444959602879122,3.0090072660367686,2,67.82964449516808,19.260442627941693,1,4,0,0
608,0,0,1.204401294974241,1.389791444758879,8.040726076388049,3.878023129217895,2,67.74919385575802,37.98995198985658,1,5,1,1
609,0,0,1.8106024579755458,1.0235995430509053,9.16211449570353,2.9139751964949716,2,65.83744082080669,37.46259488162749,1,3,0,0
610,0,1,2.261743578105525,-0.5828458526036318,4.7239641158345576,0.0,2,43.12974759951345,51.02703961905608,0,6,0,0
611,0,0,1.4310369746089489,0.008191190083455467,6.911975941753958,0.0,3,35.92685775128733,29.91713030328666,0,5,0,0
612,0,0,1.5630693997362406,-0.43001133448160195,9.818692014345794,0.0,3,43.65695135128401,22.082477570982594,0,5,1,0
613,0,0,1.459965109179024,-0.4074127898660284,9.130201431649478,0.0,3,42.65139681361239,21.66968695452153,0,3,1,0
614,1,0,1.7061131974089743,0.40906089736574386,9.98341497783221,0.03570987381280005,3,64.87320323345449,18.93592759317383,1,6,1,0
615,0,0,0.7992279352559665,0.8145862601966667,6.226949945766242,0.17081557584822346,3,62.785625069467955,34.43027131260782,1,3,0,0
616,1,0,2.199359115671222,0.18160684895093193,10.05461331633386,0.0,2,52.34973819869073,20.18537281633432,0,9,1,0
617,0,0,1.464424791857744,-0.8294616044159809,8.076509252736871,0.0,2,37.04274024987926,22.145697775238908,0,6,0,0
618,1,0,1.0235198584586007,0.12862499022248602,10.324893993822553,0.0,3,49.71210808370261,17.940158281315398,0,7,1,0
619,1,0,1.8233021871903832,1.4237429451898804,8.710882307359201,1.7162161795222106,3,72.10239436756589,31.0112966235816,1,9,1,0
620,1,0,0.6506263940408562,-0.6918495363588403,11.71480167542791,0.0,3,40.75916425982934,0.0,0,3,1,0
621,1,1,1.5802665447672022,1.6240498435948725,4.604092909034729,1.0895816202978457,3,74.00880451300146,57.01173853816657,1,4,0,1
622,1,0,1.1397624278911012,-0.4950818795518153,12.108090938839876,0.0,3,43.15578766869674,1.129242907317691,0,4,1,0
623,1,0,1.057961968202273,0.5251493671322205,9.830603206548917,0.0,3,59.09290922898548,25.23996965423996,0,10,1,0
624,1,0,2.5241330237575883,0.6826721774406351,10.329648533227864,0.9180625589536162,2,68.61079620086261,20.33884229048192,1,7,1,0
625,0,0,1.024558528822772,-1.3528707426620803,8.134492446045218,0.0,3,31.26606646255656,25.113715573777327,0,10,0,0
626,1,1,1.2204481159446217,0.19644070422312515,5.1185993858054495,0.0,3,55.61236369765967,45.722760094992374,0,6,0,0
627,0,0,0.5289326448648992,-1.6294579669667075,11.543990396494875,0.0,3,25.50047252114224,3.0001910896605053,0,1,1,0
628,1,0,1.619998657587035,-0.3044521341659192,9.298813487840642,0.0,3,45.86178345670369,6.581254077797253,0,5,0,0
629,1,1,2.2885658026883093,0.4224135168856135,5.371447604664313,1.0005035104854907,2,57.53400411348735,46.50466764374742,1,5,0,0
630,0,0,1.9480959734958825,1.1128588350099953,9.247787630907643,1.0722716649675847,3,65.89298199727743,43.844235721097135,1,6,1,0
631,1,0,1.5232409828407167,1.9551342776625977,9.516057608499509,1.5455424004406793,3,81.4958980096485,33.66470591109526,1,6,1,0
632,0,0,2.5652161643140943,0.013924233998347215,6.967894911580401,0.0,2,50.8551489667679,30.40315684465852,0,2,0,0
633,1,0,0.6340233449883328,0.23770553467302574,11.183972510795696,0.0,3,28.292372461030116,14.218392610089314,0,5,1,0
634,1,0,2.0744367812490165,-1.1625271581212524,10.860765420590246,0.0,3,33.01078293995111,5.526562300600503,0,4,1,0
635,0,0,2.332131319885761,-1.1117592828304825,10.821930256595381,0.0,3,33.82099021589683,21.054515818974963,0,7,1,0
636,0,0,1.663663640749996,-0.5541914027580653,7.458532248643196,0.0,3,43.12583248008941,27.186525274694095,0,5,0,0
637,1,1,1.7557395519800465,-1.8483182015628916,8.472876736716119,0.0,2,13.773082074159591,17.6154539614553,0,4,0,0
638,0,0,1.2725734282561048,-0.9071119063162306,10.401537539712976,0.0,3,31.154171817112427,23.13139373308015,0,6,1,0
639,0,1,0.9486194507406139,1.5214763156918578,2.066971994438644,0.5834255845184292,3,75.66170386171437,77.68004518136988,1,5,0,1
640,1,0,1.399254743837642,-0.3428238733064217,11.32677465866194,0.0,3,46.3856510040593,15.97980460559264,0,9,1,0
641,1,1,0.9925879164448611,1.385997359029079,5.330878930032981,1.7709732469534603,3,71.54758886193314,59.72357810230352,1,7,0,1
642,1,1,1.450173353813148,-0.07430656418482988,6.560668175506441,0.0,3,47.794712689929746,37.523881780086384,0,3,0,0
643,1,0,0.6184248402523804,-1.9536174537469815,10.85811908123745,0.0,3,30.958432729676133,0.0,0,0,0,0
644,1,0,1.3891917416274693,-1.0785799593600596,11.75143707735005,0.0,3,32.1757371778172,1.0177253763174974,0,6,1,0
645,1,1,1.7027998058923437,0.1611678607211086,6.478101263524106,0.0,3,51.96276972883983,39.55807385702339,0,3,0,0
646,1,0,1.859521635060407,-1.1391040030945927,13.196039375252903,0.0,3,32.32934380036454,5.738017012126684,0,9,1,0
647,0,0,0.40186618257071394,1.0974346430214659,8.969231026413237,1.4314816554120233,3,65.09771861636358,36.24495046400412,1,3,1,0
648,0,0,1.6351312381349166,0.7573736072309253,8.29360974924578,0.0,3,58.736691249608356,42.749974016563925,0,7,1,0
649,1,1,0.8502048179969989,-1.5428973041764493,7.270467265380152,0.0,3,24.754827572537287,23.45118234191476,0,4,0,0
650,0,0,1.3464274028545868,0.17893014223352355,6.470155165571526,0.0,3,53.10646357140057,32.740122900679985,0,4,0,0
651,0,0,2.7739223400207216,0.008664648539325866,6.908169277658242,0.0,2,46.29585655565376,46.55344536239342,0,10,1,0
652,0,1,2.0414887757860662,-0.8400181680614894,4.867814885671087,0.0,3,36.44054518947805,48.956789738542945,0,5,0,0
653,1,0,1.167003462099493,0.8445524401953618,10.787059335902041,0.496604576454697,3,66.71674356575826,9.367279932446593,1,1,1,0
654,1,1,2.897718438357551,-1.4058220262589287,10.213799926419263,0.0,1,0.0,19.037104094287617,0,3,1,0
655,0,1,1.4288878125014746,-0.5189743544722183,5.498956154086524,0.0,3,42.22859230460779,45.17078704221524,0,1,0,0
656,1,0,2.635500989289634,0.9226709584226429,11.002168219316404,0.23810871919347076,2,35.91148878590267,14.330467528897138,1,4,1,0
657,0,0,1.50269330549379,-0.058539632839967784,10.364762663204385,0.0,2,48.88156350906395,19.581766262456426,0,1,1,0
658,0,0,2.5384978656154047,0.5758588780324153,8.52660598557016,0.29256616720911516,2,59.19294800775185,37.49822927960187,1,6,1,0
659,0,0,1.4220420520253272,0.9601286273724212,10.56600123361696,0.0,3,66.54444797493693,34.426164960125476,0,3,1,0
660,0,0,1.837978580231139,-0.25072209717412414,7.741275024488083,0.0,3,46.19398853056749,26.721182934352772,0,3,0,0
661,0,0,2.544639722439735,-1.5315486723725034,10.060558007381358,0.0,2,27.284541776054503,26.289536424604798,0,7,1,0
662,1,0,1.2409008641530561,0.11041930947063072,9.879757320164245,0.0,3,52.06522416609123,0.0,0,5,0,0
663,1,0,2.149932059802849,-0.7114183129960863,9.408123949104624,0.0,2,39.50087419176491,11.50665788210505,0,8,0,0
664,1,0,1.403685956218806,-0.5598327441838673,9.737046889424578,0.0,3,43.261932752553925,6.958376793038301,0,6,0,0
665,0,0,1.2171105878051325,-1.1656899831704277,10.369069806439263,0.0,3,32.32430315298455,22.680558872873142,0,5,1,0
666,1,0,3.0391765894920773,0.5424041871110418,8.250326929731914,0.4431645950116794,2,58.835808451321675,13.871487291741477,1,3,0,0
667,0,1,2.9949478916228434,-0.3734727668237585,3.6228176228634914,0.0,2,46.4843850495165,60.09965877748826,0,7,0,1
668,0,1,1.8475122146045884,-1.2289581824974793,7.7351398065954236,0.0,3,32.76081955644251,48.70043844675884,0,3,1,0
669,0,0,1.540546834357748,0.9007223288748004,7.636523853501452,0.0,3,65.10050751109604,39.39325101214979,0,3,1,0
670,1,1,1.9285657967909793,-1.901720716633917,9.064318178922415,0.0,2,28.9486734600083,19.73816758509628,0,4,0,0
671,0,0,1.8720936796693695,-0.6298354841115847,9.66397582031445,0.0,3,12.226808831015386,18.87822170277927,0,3,0,0
672,1,1,2.6513392706075076,-0.009586612187968177,6.094392322874148,0.0,2,49.3839538724943,37.51926266324972,0,2,0,0
673,1,0,0.248582796204264,0.2566818801638582,11.64269128556369,0.0,3,59.32983749834847,13.042989329856201,0,6,1,0
674,0,0,1.3762251234898895,-0.23699577609216654,10.922025530986483,0.0,3,45.468030830187345,25.74859315441339,0,7,1,0
675,1,1,2.043661179995801,-0.45970787375848066,7.482040888291073,0.0,2,45.384225925772284,30.35922440528395,0,3,0,0
676,0,0,1.3071624161827085,1.3658007959887497,7.977293889035651,0.9411890197909132,3,68.3043191182246,49.79600395529702,1,8,1,0
677,0,0,3.415029839660375,0.7679123472387045,7.446009657096631,0.16866055360889765,2,58.50123527194573,30.99938678630764,1,4,0,0
678,0,1,1.164343721890563,-0.8498982371160639,5.3267652009083335,0.0,3,36.076782557809246,53.48720213005272,0,6,0,0
679,1,0,1.314446296712845,-0.5539699685244999,11.184001911071377,0.0,3,0.0,0.0,0,3,0,0
680,1,0,1.6050854862195403,-0.06473632139059952,7.562752304077247,0.0,2,49.58573019238943,20.559614745083877,0,10,0,0
681,1,0,0.7483085809784984,1.0778975214428796,9.322049090310873,0.03877601946918363,3,72.65367336092146,24.62909848179675,1,8,1,0
682,0,0,4.45477726598348,-0.08700889940297439,8.603481230791132,0.0,1,48.164034875272215,29.169447090739872,0,3,1,0
683,1,0,3.4958118893142287,-0.14952317987663705,11.074939497930515,0.0,2,52.41895678240347,7.267865357589142,0,5,0,0
684,0,1,0.7636361482738915,-1.1281703346265681,4.3739507925752665,0.0,3,31.960943141128123,52.17881349113723,0,7,0,0
685,0,0,2.8205651980765967,-1.444710300784983,11.192884603063916,0.0,2,27.447002459152387,11.44863253165225,0,3,1,0
686,0,0,1.1316027806842197,-0.12110038156683098,11.768112371305032,0.0,3,49.78640527341245,25.050606163210244,0,5,1,0
687,0,0,2.314359259711299,-0.13574371541921118,8.112700534887981,0.0,2,47.09734146120631,36.73699477940237,0,9,0,0
688,1,0,3.5870717671994643,0.5331404731757091,9.35602955255691,0.6540086697542996,2,57.809585919059984,17.459530177931626,1,3,0,0
689,0,1,1.1792713280281593,-1.8553076507268778,7.740131959241232,0.0,3,22.462156923432442,37.29070876678314,0,4,0,0
690,0,0,2.1715212927886256,-0.050436065195785515,8.731972687553549,0.0,3,56.44652648165564,18.36232252340794,0,1,0,0
691,0,0,2.552243290340103,-0.6536835905559515,7.705587341751525,0.0,2,40.91108769769495,22.380830950943942,0,4,0,0
692,1,1,1.7013061158419711,0.7338709105924816,5.83817150263735,0.5337717597988998,2,62.93334505417619,43.25331136896949,1,6,0,0
693,0,0,2.2834485954190837,-0.8458078949055376,9.754057794803773,0.0,2,37.332844331066966,26.551706055793154,0,5,1,0
694,1,0,1.6354444047538539,0.8595396454267258,7.969250943285154,1.4284275811033722,2,94.54379364302626,36.45816644192251,1,6,1,0
695,1,0,0.6326408129773482,-0.24344399877249093,11.138040954714114,0.0,3,44.4796849251589,8.585323717052463,0,6,1,0
696,0,0,0.8710795915949724,0.9763146293913987,8.061834281373713,0.5999790992265925,3,63.998406917584134,37.68886321525952,1,4,1,0
697,0,1,1.7649603305923307,0.2981426119156895,6.188017264167883,0.0,2,53.28217105690901,59.63788856810129,0,4,0,0
698,1,0,1.6087793090574078,0.4951677155095311,11.578935933009504,0.0,3,57.51837887890389,10.094751069741653,0,3,1,0
699,1,1,0.8903939135377418,-0.8506726782014175,5.4808684409567805,0.0,3,37.57753435708644,38.72560088433321,0,12,0,0
700,0,0,0.7609767128215122,2.154957364806232,7.247597962817647,1.9307285416069355,3,78.0451956108825,48.02883084236147,1,2,1,0
701,0,0,2.435685355585684,0.005818062669865525,8.741620991620788,0.0,2,52.449573225428885,32.4396759113769,0,6,1,0
702,0,0,1.7161480147504502,-0.11025660798185596,11.411087109833959,0.0,3,53.10069898905948,27.13972555894161,0,6,1,0
703,0,1,0.7964227905619716,0.33345210273678527,3.6921192012203883,0.0,3,54.86939563197807,59.32872538837934,0,4,0,0
704,1,1,1.4321010750283891,-0.27730530852323143,6.085093541794508,0.0,3,45.95477734573916,39.192161605869515,0,6,0,0
705,1,0,1.1115437823628198,1.820813291944562,10.113581524912183,1.5226989907319177,3,77.1293093591741,18.486604299302215,1,2,1,0
706,1,0,6.104558856635881,-0.8315086881038838,11.90755156540688,0.0,1,38.60689835108273,7.004240568111205,0,7,1,0
707,1,0,1.0515075082072038,-0.602258881358454,10.184910472472012,0.0,3,58.11141914738384,18.147448154677534,0,9,1,0
708,0,0,1.6201745236143372,-1.5561522068880798,13.607940396775303,0.0,3,26.576255593950123,13.127619114958133,0,7,1,0
709,0,0,1.7650870989845946,-1.2944626677552002,9.994033944827272,0.0,3,31.350356296798115,27.119708816912677,0,10,1,0
710,1,0,5.343765746616236,-1.1575123306050084,11.673966472848573,0.0,1,32.39335248695215,2.7592110959322476,0,8,1,0
711,0,0,2.980550793419579,0.21569946739487036,7.447310085316754,0.0,2,52.9365202695098,31.210764013184836,0,4,0,0
712,0,1,2.3443371564940763,0.3970627092331588,6.764296693214984,0.0,2,56.16724578977383,47.60140047974232,0,3,0,0
713,1,0,5.201544725741213,-1.1103089496590497,12.923632701433087,0.0,1,33.67169005231435,0.0,0,4,1,0
714,0,1,3.5637193980817785,0.7269906570027753,3.4239459867180995,1.1153430907983806,2,60.52133105753555,65.1381093162543,1,4,0,1
715,1,1,2.2520833159504385,0.08547077449951093,8.02368402210138,0.0,3,52.169784803101344,38.28854784406571,0,3,1,0
716,0,1,1.2481493845128209,-0.9248274399509003,5.49612358521273,0.0,3,35.62521725287511,48.90108079197059,0,5,0,0
717,0,0,1.9999840412285554,1.432274409514912,7.802236670137979,1.1854124985691317,3,71.12558755790567,37.34294320260735,1,1,1,0
718,0,0,0.9362968723852203,0.8534428237770383,8.2363465460749,1.0591247245998878,2,63.03376090142085,37.83080240771617,1,3,1,0
719,0,0,1.176950186322259,-0.49236713173710206,7.361868522171944,0.0,3,57.69513910462565,27.57437868455701,0,5,0,0
720,0,1,1.317860907704924,0.40993760314403255,6.838636088140359,0.41475070314295587,2,60.192773241001525,69.44235470252421,1,6,1,0
721,1,0,1.3801692160038392,1.8763902417846559,8.75561678176921,2.0622256865807085,3,77.81661535883516,34.57675028101049,1,7,1,0
722,0,1,1.2033262121651322,-0.5766197853290627,4.448705641367219,0.0,3,48.66618128365532,68.86860381707855,0,12,1,0
723,0,1,3.502919171811685,-0.0074753612294978285,3.6257515173314583,0.0,1,51.33327029175397,64.20109907779705,0,5,0,1
724,0,1,3.5897458944481535,-0.1620549773539742,5.4065884598462315,0.0,1,48.02028762678316,66.90110877035242,0,9,0,0
725,0,1,0.8774680174491843,-1.4877331980769568,5.081785632548015,0.0,3,27.509393531498212,43.70557136641931,0,4,0,0
726,0,1,3.3785092072851555,2.50917624355697,1.4877396030002454,7.152361049176191,2,86.31897755506552,85.23722967611036,1,5,0,1
727,0,0,1.74716857070787,2.038670088560911,6.519125229040177,2.2341176994530487,3,80.29678817711216,50.488141740677506,1,6,1,1
728,0,0,1.5604339022494509,-2.63793544366246,12.407091112000433,0.0398603123077137,3,10.353639205097844,0.27584896208395104,1,5,1,0
729,0,0,1.7405335167801104,0.22210842546799997,7.892563236778572,0.32838135569669036,3,52.94825821558023,32.50674971228288,1,6,0,0
730,0,0,1.0716317573135377,0.49222600187869386,7.278657390023534,0.0,3,58.42590665157702,30.792910449464014,0,2,0,0
731,0,0,2.173900233067488,-0.4210152097050386,7.469108033073129,0.0,2,37.43254141250301,24.9764289803614,0,5,0,0
732,0,0,2.47377963873643,2.043956915412013,9.267901036787247,5.286469888956056,2,78.64879247734447,42.53227339419177,1,1,1,0
733,0,0,0.5040441543568166,0.5918749288081229,8.59315131708477,0.6948323988767583,3,58.3853270176028,35.611048939916955,1,5,1,0
734,0,1,1.2869729215433086,1.2142200608346518,3.858144933829671,1.8325552510769614,3,64.34742037907812,75.2372498587093,1,9,0,1
735,0,0,0.9938562081171081,2.130076811831503,7.527207480745899,2.6229789968610255,3,80.56674358737963,50.825080137128474,1,6,1,0
736,1,0,1.5604230834742525,0.9032022822122985,8.957740945257143,0.26348342708423156,3,63.731734427370526,19.471537747674095,1,5,0,0
737,1,1,1.3856773160076055,-0.4310979921953678,7.074684375454289,0.0,3,43.09386965309636,39.217259284867154,0,8,0,0
738,0,0,0.8723992123089993,-0.9987755554709525,7.610305805527955,0.0,2,34.32879675730728,19.8275699180196,0,5,0,0
739,1,1,3.0582156861630794,2.058484080230416,3.950482090041594,5.345673149089416,2,79.69364066745601,59.51839776211062,1,3,0,1
740,0,1,1.2929512089976836,-0.07132516082418484,4.289019916415068,0.0,3,47.92188292952828,54.12637183378634,0,2,0,0
741,0,1,2.7668951351512026,1.123106644954817,2.2288631194538278,1.259123644231976,3,66.91929734332506,74.77356850500178,1,9,0,1
742,0,0,0.8814233878561409,0.0929183259248654,9.641088331898105,0.0,3,38.58627903643473,28.091926238471427,0,4,1,0
743,1,0,4.233907453704143,-1.1980677601023808,12.102417009194053,0.0,1,33.41736131915575,4.170936097688984,0,7,1,0
744,0,0,1.0084981961765556,1.021435046453245,8.599438737351495,0.692358365887892,3,64.53788242561689,51.039253389472414,1,11,1,0
745,1,0,1.0729086745175291,-1.1378685559344985,8.575897557519399,0.0,3,35.120450399028954,11.222142352819754,0,6,0,0
746,1,1,1.8049711772961206,-0.9396508836176958,7.350964551375112,0.0,2,37.357808003740175,27.7391947672761,0,4,0,0
747,0,1,1.2438543253923176,-0.12205635527544365,5.44216226985188,0.0,3,45.59991142490145,56.25504008351426,0,4,0,0
748,0,0,1.0050619760636716,-1.7262467575708673,11.66291703288653,0.0,3,22.632473045138674,11.931122511829873,0,4,1,0
749,0,1,1.9456919531631023,0.7358466657229589,3.970111164969376,1.0616811686278687,3,57.84018250387433,59.9663580901576,1,2,0,0
750,0,0,1.1828170904096325,0.3284297003263556,9.635117045711176,0.0,3,57.40980332568654,35.93919880580537,0,6,1,0
751,1,1,1.3918109912734973,-0.17911505716056406,5.067744747834235,0.0,3,46.49156138744141,44.555931031427754,0,8,0,1
752,0,1,0.27025437644599426,-1.2345992766528788,5.717149714999023,0.0,3,30.72164252386669,50.270213166160445,0,6,0,0
753,0,1,0.8630271681730034,1.1858888725583152,3.5476134016887504,0.9379442203841185,3,64.51504697938499,71.62112809146738,1,3,0,1
754,1,1,1.362880767260973,0.7457080721167075,5.6732871221943935,0.0,3,61.08305481200903,43.22046181864319,0,3,0,0
755,1,0,0.7692558570396414,0.04986441444629842,11.770052808468298,0.0,3,55.584257908770944,5.790430701879073,0,3,1,0
756,1,1,2.141670394147094,-2.046368262483968,9.877842769975075,0.0,2,17.714249970133956,14.795320140942799,0,4,0,0
757,0,1,1.4650233530185277,-1.9077691533759915,6.388086422185278,0.0,3,23.24404159842142,46.399890622234075,0,5,0,0
758,0,1,1.036445649733786,-0.8708031404151394,5.761417500308447,0.0,3,57.26956418948407,54.55195492533525,0,6,0,0
759,1,0,1.3248931169123563,1.020317954938614,9.152654129713575,0.0,3,65.60727881912588,29.569489370366647,0,9,1,0
760,0,0,4.860907181104796,1.8088100672045344,4.781875678937277,5.905719026050797,1,76.80643728550245,48.059360493462044,1,6,0,1
761,0,0,2.1659049470002523,0.40395060641232333,9.347194700067675,0.0,2,55.90805958834482,29.431235234038404,0,7,1,0
762,1,1,0.7896218053350382,-0.6053237406934658,11.816928741228416,0.0,3,43.88944307501827,27.61048200408963,0,2,1,0
763,0,0,0.988957278516985,1.156263534841489,7.691797546317017,0.5027111979132044,3,71.0382740092681,39.776600758479454,1,5,1,0
764,0,0,3.629279922298726,-0.35018532732461144,10.117011303139448,0.0,2,44.4635759129839,22.06249718567697,0,4,1,0
765,0,0,2.3335302579057506,-0.2116008233046423,10.797889629691436,0.0,2,47.16257077389645,28.064683129540747,0,4,1,0
766,0,1,3.5579891509279826,0.35049129327592127,3.5274438469543594,0.5938825512233555,1,91.67429069542648,60.50474266347748,1,4,0,1
767,0,0,1.642148712498532,0.5324687087684487,8.25073104479172,0.04566842788516276,3,58.22264030815704,31.75280083077549,1,4,1,0
768,0,1,1.8429001677464516,0.5222457601814701,3.7463537148667916,0.17293592361835902,2,58.20153940309605,62.04236578968929,1,2,0,0
769,0,0,6.53106056929935,0.0667351257578901,9.359583508056291,0.0,1,51.803597080292946,32.271304345697395,0,6,1,0
770,1,1,1.6040760382846604,-0.8595862092409329,7.784997274781644,0.0,3,33.95718290732296,42.02556228436188,0,11,1,0
771,0,0,1.886401507795646,1.2461879074850422,6.767394385965178,1.3593865079079905,3,68.51311488260045,39.447828467125696,1,3,0,0
772,0,0,2.4453596734655196,0.3579417459720354,6.639251573946062,0.0,2,52.147951505224164,35.33282388710265,0,6,0,0
773,1,0,2.465422133607338,2.683220621902481,6.332615729781675,3.359246811919282,3,89.58460912165035,35.65453634597255,1,4,0,1
774,1,0,2.4853629210601436,-0.2258624896002224,11.656080504988743,0.0,2,45.17246058812345,8.715407673735333,0,4,1,0
775,1,0,2.346675618187673,-0.023869150335576794,10.497640425889994,0.0,2,49.31109782021243,11.235774140955314,0,4,1,0
776,1,0,2.22648964378718,0.07643127639790996,10.443240471779726,0.0,2,0.0,14.889075018723979,0,8,1,0
777,0,1,0.7823664124982507,0.8699412419471181,3.642267443664843,0.24838785772019795,3,63.55834191724644,60.14803098073183,1,4,0,1
778,1,0,1.074064608762574,-0.215488900293846,10.988547722302533,0.0,3,41.686531427789156,12.796942338199223,0,8,1,0
779,0,1,1.5240272835568154,-0.592445547445362,4.771857297000509,0.0,3,42.151498240620825,45.65396585191295,0,2,0,0
780,1,0,1.5659482299240457,-0.5003693450690542,12.24959901854316,0.0,2,49.382415570253805,0.0,0,3,1,0
781,0,1,1.5741315387583945,0.3509641432076517,3.195402443717084,0.30863919386068345,2,56.498803626803095,62.71006073994687,1,1,0,1
782,1,1,1.145645393507666,-1.3583239184220022,8.304501330448494,0.0,3,28.957152566898166,18.099921209069624,0,2,0,0
783,1,0,1.05055399193702,0.7867061871432424,10.118248450352668,0.0,3,63.13132627326363,17.77938605816437,0,6,1,0
784,0,1,1.5586290090594128,-0.5457220366671396,4.931962160134701,0.0,3,42.672024958164606,53.843210325525924,0,4,0,0
785,0,0,1.0510332625533683,-0.0445169080223685,9.739349092137163,0.0,3,47.18478722185731,25.440638952883457,0,3,1,0
786,1,0,1.201684915568455,-0.32746642846595975,9.229721575576267,0.0,2,44.732427316582516,6.4231525245382715,0,6,0,0
787,1,0,1.514069149981364,-0.3130847378288816,11.628426601381395,0.0,3,43.87931063404357,1.3485658613685831,0,2,1,0
788,1,0,1.0397503686713487,0.8012259145736588,9.59220543087811,0.6175653610527387,3,62.37638970646141,22.282174945278626,1,7,1,0
789,0,0,1.492358022664085,-0.15378462268759005,8.902589748087697,0.0,3,57.34328752654378,24.169910010475167,0,4,1,0
790,0,0,1.52579589062349,-1.5315755946868748,11.77499182707829,0.0,2,25.616087480339267,8.672479143361603,0,3,1,0
791,1,0,0.8330735020801042,-0.7465531954480695,11.30150280821257,0.0,3,38.22031466249113,10.556587430967506,0,7,1,0
792,0,0,2.897568968097919,0.04956131024662593,8.366606709543115,0.0,2,51.24817342873578,32.84613390310045,0,6,1,0
793,0,0,1.6109118975897143,-0.3443762381707689,10.216783140328971,0.0,3,44.9498884103743,29.12095923323515,0,5,1,0
794,1,1,1.4022967028039321,-0.8770564304507419,6.495407036102808,0.0,3,38.82317165923142,34.13618483977383,0,3,0,0
795,1,0,3.2922611435398323,0.6876267418839253,8.362996336973609,2.01853859045658,1,60.15525094622993,17.817873596930443,1,5,0,0
796,0,0,2.0950927313253573,0.4996611418806077,8.295198086694947,0.14365573038099738,3,58.671976235176274,31.351301395218535,1,4,1,0
797,1,1,1.157177967843172,-0.5711664019134742,6.560334241243595,0.0,3,41.18336280494707,36.35457558494839,0,6,0,0
798,0,0,0.831830754683081,-0.41522517112946716,9.802931708463193,0.0,3,44.57893295441172,23.938764789405617,0,3,1,0
799,0,0,1.1761358070189127,-0.08221472554031581,8.542672074841756,0.0,2,100.0,31.507532358793956,0,4,1,0
800,0,1,1.2882767905799262,-1.4200869970946508,5.450756196066562,0.0,2,28.445406217202876,51.66253884429442,0,8,0,1
801,0,0,2.421421040960636,-1.0739569314615154,10.576276195847148,0.0,2,33.95514074964525,13.439017857093098,0,3,1,0
802,1,0,1.4683935795011305,-1.0441476086915928,12.911509991293208,0.0,3,31.82518134119547,0.0,0,4,1,0
803,1,1,0.8333788692544234,-0.03005128304870221,4.895988693703099,0.0,3,50.18647699425834,49.625773307309856,0,6,0,0
804,1,0,1.4514574682970798,-0.8679099928227759,10.26747826049228,0.0,2,37.24288040125075,0.0,0,3,0,0
805,0,0,0.7539462897998034,0.1973244392543813,8.590023107391616,0.0,3,47.29778230736134,32.630392041009,0,4,1,0
806,1,0,1.3572868942378968,-0.12533617484450943,11.17628127146604,0.0,3,48.94784262516545,11.605607201147976,0,5,1,0
807,0,1,1.0031583423911472,0.6321676531699923,3.7666560219582568,0.0,3,60.734694796293105,64.28708958458097,0,4,0,0
808,0,0,0.9767957567327252,0.4688372247476098,9.100792149114984,0.04532184477724738,3,59.478318015898964,32.1373840643778,1,4,1,0
809,0,1,1.2849112606185107,1.2752232390368403,3.6586123694312818,1.340583841507053,3,67.81534313689288,76.27339673932978,1,6,0,0
810,0,0,1.1152186666957096,-0.18385251239867573,6.618603768125075,0.0,3,46.23658321771683,30.223070227266447,0,4,0,0
811,1,0,2.0613348434746888,-0.02250422549697981,10.781606144550107,0.0,3,49.95876837050032,12.721896930379186,0,7,1,0
812,0,0,2.2392034850869953,0.7006838310273742,7.011551133757016,1.679846442670839,2,62.4642274208502,38.9687172535762,1,6,0,0
813,1,0,1.2253760425733953,0.17237026263203414,9.92707981871489,0.0,2,51.28622783625508,18.632577063286625,0,8,1,0
814,0,1,1.084779336913959,-0.9020499464161481,6.686539997731131,0.0,3,36.82237407697798,34.526326825596186,0,5,0,0
815,1,0,0.8561133783433278,0.1304447657255063,11.277043670099399,0.0,3,51.65318410415528,13.4349026387418,0,6,1,0
816,1,0,1.8534656854570175,-0.5798790385223702,9.98373776152945,0.0,2,41.03894379800941,25.15444881872931,0,8,1,0
817,0,1,3.9411889667434696,-0.02654565729924412,4.417622497280976,0.0,2,55.593335160129115,55.820826110060636,0,3,0,0
818,0,1,1.501609808754514,0.7462060187900743,3.6706760990961156,0.47569901713157114,3,45.765636890734314,64.60450607724377,1,4,0,1
819,0,1,4.831368502654351,-0.003972280250778302,6.175278461419853,0.0,1,49.774243172232815,60.501426839819985,0,5,1,0
820,1,0,0.9621619232127921,-0.4263279679389441,12.661380199136685,0.0,3,42.44621455651028,0.0,0,3,1,0
821,1,0,1.8676770477449691,0.9116984521341283,10.008198188514337,0.6379542369960793,2,94.09875675923729,23.00599698325493,1,9,1,0
822,0,1,1.5872028507833764,-2.4948145365745993,5.130556933710827,0.0,2,15.501258294041522,43.694787096449225,0,6,0,0
823,1,1,0.8975900656015079,-0.1781868902539278,7.216815404740693,0.0,3,44.65483095475472,35.01838915700902,0,3,0,0
824,0,0,0.7311841900747195,-1.9121647210374608,9.432680127832333,0.0,3,21.46370250432792,8.445741670865763,0,3,0,0
825,0,1,1.7275979242470358,1.106427638177928,3.244644010628299,2.7296799315443065,2,66.64278411632952,69.99857626216479,1,4,0,1
826,1,1,1.1458519956820865,0.44809989261044353,5.722143500505896,0.3485539483284268,3,55.645402383232735,47.105402363552066,1,6,0,0
827,0,0,1.922680002909697,-0.7183448869338022,9.161204438291309,0.0,2,39.3530663791549,24.507002782570527,0,3,1,0
828,0,0,3.923457542268162,0.697097245591221,7.819962806715548,2.2437976819780436,1,61.10951183239615,39.29314629357137,1,5,1,0
829,1,1,2.495092237157522,1.047430288570057,5.64467926720046,0.32315210167099195,3,66.17371688934129,45.33013600859827,1,3,0,1
830,0,0,1.0309644842308594,-0.5463424719668484,9.904023924758937,0.0,3,40.1226926320868,26.72766805181192,0,6,1,0
831,0,0,0.9974200592981967,-1.1616276206569343,12.65808529405921,0.0,3,35.592087863983984,9.235887696864424,0,1,1,0
832,1,0,1.6651834652284947,-0.3309314482509691,12.054058288150454,0.0,3,44.76259039153985,3.3733205114204705,0,3,1,0
833,0,0,2.3056274160230603,2.2908434262067927,3.6832096511284864,5.642865670971534,2,85.26148690176338,64.52488792516351,1,10,0,1
834,0,0,1.311185150389422,0.3893925712350698,7.9769528640586165,0.08099182266010707,3,44.994679158639855,27.534299007320197,1,3,0,0
835,1,0,2.262690783939467,-0.5079293515830196,11.912946359984838,0.0,2,41.21101328463587,0.0,0,3,1,0
836,0,1,1.3868013520704265,-0.7236695813271993,7.31823123337302,0.0,2,40.11702237392986,48.553175421592115,0,2,1,0
837,0,0,0.606648335414437,-0.3395026549751833,8.93966860530631,0.0,3,39.08128845495993,27.531471182517713,0,7,1,0
838,0,1,1.473153468222237,0.512480568158592,3.719514373097396,0.0,3,100.0,65.96334107364143,0,5,0,1
839,0,1,1.9092000376378635,-0.1407993847671043,4.822468069220242,0.0,3,49.728415727545496,53.074482018119866,0,4,0,0
840,1,0,1.9132151262129984,-1.0210918020607511,11.659897948175564,0.0,2,35.175738561289805,0.0,0,5,1,0
841,1,1,1.1711521005620913,0.2680068692483966,4.937528593302676,0.0,3,57.83551345562037,48.37933913285723,0,9,0,1
842,1,0,0.412951623832193,1.058365475882506,10.195085223712455,0.11622722659709889,3,67.8431378761969,21.400024368713805,1,5,1,0
843,1,0,0.6993630456594501,-1.45041112595407,10.272713808376952,0.0,3,27.705486879288262,0.0,0,3,0,0
844,1,0,1.3839209894369644,0.8751658944998629,9.006455235099324,0.7061100882182707,3,63.514117344302875,22.81433770645145,1,9,1,0
845,1,0,1.6416486483587138,0.13025911973155516,10.8385073085952,0.0,3,48.49906052690759,1.570707319385362,0,1,1,0
846,0,0,1.0701163841158512,-0.7540637482223709,8.435426613528527,0.0,3,67.21259066226565,20.27883998781904,0,4,0,0
847,1,0,2.3856694850164084,-0.2523188426886681,12.690993303731302,0.0,2,45.84734005817015,4.5673871262420125,0,4,1,0
848,1,0,2.3410221088462193,-1.1727132914206202,11.91289260807411,0.0,2,15.802823746591987,0.0,0,1,1,0
849,0,1,1.293357822122804,-2.3638244978208527,7.148641006593128,0.0,3,15.215953133195582,35.76860420872076,0,5,0,0
850,0,0,2.866457105447795,-0.4801312445388106,10.631786896460357,0.0,3,41.59296686753304,20.197037128415165,0,1,1,0
851,0,0,0.8391479309559762,1.1135711848903533,8.765385210285144,0.7900997551992461,3,67.92165525715875,42.42413400754039,1,5,1,0
852,0,0,2.3142569026619664,0.6223938414376018,7.2835818459013915,1.1779972359119735,2,58.36157612911601,43.14313957111316,1,6,1,0
853,1,1,2.3626707661973776,-1.033398001370472,7.245031886543122,0.0,2,36.28878997998149,31.832445342680693,0,9,0,0
854,1,0,1.1419523230823942,0.030524615256922457,11.428420820729917,0.0,3,49.94397638873399,4.630421000695215,0,5,1,0
855,0,0,2.6817008187478537,0.33447519015937577,9.867666149236571,0.40210415361008195,2,54.81374093638749,37.93250871549564,1,7,1,0
856,0,0,1.656889442769531,1.6331147365398226,8.86156839383193,1.646574536918079,3,80.11139553488364,42.184708878898796,1,5,1,0
857,0,1,1.4905667341340743,1.1415978966282108,2.6880574129235852,2.0628863379140308,2,69.22038101865049,73.09964154365929,1,7,0,1
858,1,1,3.2490316379039523,-0.9542906592691901,8.23736739195242,0.0,2,35.73080423836388,28.762120666831382,0,4,0,0
859,1,1,1.2738113273050158,0.2827230149494806,5.537304704360582,0.35330206697852806,2,53.423463882829026,48.449718029071526,1,5,0,0
860,0,0,1.3852786212237163,2.092108685246152,7.479355221965669,1.9477796047451439,3,80.85669261932942,43.48477572628612,1,4,1,0
861,0,0,1.384007442890407,-1.774521190762629,13.45147028051085,0.0,2,17.806455238154363,6.477592799302151,0,6,1,0
862,0,0,1.7007363236763402,-0.5229006693550221,9.303396505202498,0.0,2,42.97412112453264,20.03127871841111,0,7,1,0
863,0,1,3.3278720716887835,-0.36600185390281953,4.18521323308276,0.0,2,44.592650729524124,52.284491454955834,0,4,0,0
864,1,0,1.3302839055251703,-0.17274140280251998,8.67401127815689,0.0,2,47.27680841104453,8.095769168958082,0,4,0,0
865,0,0,2.949345257991377,-0.19738147894261,9.254345859581806,0.0,1,46.69453344265549,31.18534386705737,0,7,1,0
866,0,0,1.8770595059001827,-0.5771327720305248,8.91715834021851,0.0,2,35.901407751571824,30.347279278145688,0,6,1,0
867,1,0,2.988478922674753,-1.6436623313164218,12.221477178726605,0.0,2,27.482792222334538,4.813910940744303,0,9,1,0
868,0,0,1.6070523157177121,-0.12327596855265288,9.177714746873017,0.2704050100616129,3,47.17704007958006,39.75106829884456,1,11,1,0
869,1,0,0.8678677497756495,-1.982715980187072,11.060722702541938,0.42589147623306167,3,20.881287200760294,1.0266826279716215,1,8,1,0
870,0,0,1.7039956657150714,-1.3836849355014784,9.07392200878838,0.0,2,31.259416092666,22.74212071975593,0,5,1,0
871,0,0,1.9715967880293548,1.299501162998991,8.424208671937896,2.705391423206715,2,70.13352671137085,41.54503702184195,1,4,1,0
872,0,0,0.913247541203674,-0.2035204905782703,9.80328603317508,0.0,3,55.090477781544436,23.173066942303862,0,3,1,0
873,1,1,0.9866797385047764,0.44965869413282344,6.950865842146455,0.0,3,56.44519853507373,37.43720086424335,0,2,0,0
874,0,1,2.9764041267125054,-0.5753188292317629,5.582710309785871,0.0,1,42.81420066141143,52.764264807994394,0,5,0,0
875,1,0,2.040588688487977,0.7952613391327192,9.546711529769373,0.8363623282164343,2,61.75805507540061,23.413341373742366,1,9,1,0
876,0,1,0.9335538306796152,0.3364590175206393,4.438781197908304,0.7623955867340134,3,55.75496344058266,60.82707793606648,1,4,0,0
877,1,1,1.463567096098867,-0.7016464198781089,6.846976262546141,0.0,3,39.854655674280615,29.233976462722268,0,3,0,0
878,0,1,0.6071581837932916,2.0666765514793273,2.5083302699337753,2.3018785867870157,3,81.5568294164843,79.03406954995657,1,4,0,1
879,0,0,2.1033778436786266,-0.5570190685449016,8.46610431853372,0.0,2,41.29223191683077,20.57645979298642,0,7,0,0
880,1,1,1.0412117806349068,1.002245930929997,4.614086098663232,0.04855019570664176,3,64.72014741400805,58.740397991174554,1,6,0,0
881,0,0,5.152204611260265,0.037280856083026524,7.014152448035553,0.0,1,50.61134763408825,29.09986523220809,0,4,0,0
882,0,0,1.6489606864960578,-1.3066648679978197,9.7626103088174,0.0,3,31.978023352514338,28.060450311049486,0,9,1,0
883,0,1,2.8791267200552273,-0.45535800364553,4.091147193125513,0.0,2,44.09613283808438,53.896591833545735,0,4,0,0
884,0,0,1.3595145276858707,-2.6167517070602093,10.782509484913117,0.0,3,10.473735535854745,9.74640862887266,0,8,1,0
885,1,0,1.0811053902658099,-1.1992075000897273,12.254978560277863,0.0,3,33.873958316140076,0.0,0,4,1,0
886,0,0,1.2971169918873875,1.4774234049567225,6.455388674141569,0.9258207214143989,3,72.90036596181824,35.604164940107054,1,2,0,0
887,1,1,2.3361105495877146,-1.599815794416175,8.830922764484743,0.0,2,26.128339150352414,13.33416223310521,0,3,0,0
888,1,1,1.3506112345592758,0.977754330865491,4.255820405244012,1.0798230881296447,3,66.09993606463239,55.805621557639455,1,7,0,1
889,0,0,4.044309656391155,0.5758213218956961,7.1160962168722435,0.45695787260712684,1,63.4082609281052,30.470663327221168,1,2,0,0
890,1,0,1.6784578399033452,1.216429857092725,7.3266882456136075,1.3081059248125895,3,67.24834634163653,30.46071326738113,1,7,0,0
891,0,0,2.850266153591539,0.413135534656027,10.542907333204797,0.0853475127427836,2,56.69477095257118,24.24480534267125,1,1,1,0
892,1,0,4.287158849394797,0.04094943581850571,11.764594065737596,0.0,1,50.14736192316236,0.0,0,1,1,0
893,0,1,1.7120159490341726,0.552396608669289,3.0672106683406093,1.0236785470072127,2,59.836160486173924,66.4806160483628,1,5,0,0
894,0,0,1.5122216813179776,1.7226339669729605,6.790183858685378,2.6422722173048285,3,76.44433491513196,50.10074503230741,1,6,1,1
895,1,0,1.1980165752094847,0.03274314623462222,11.391305479881026,0.0,3,49.35128195138186,1.9115985669085003,0,4,1,0
896,0,0,2.60333206010074,1.464490915955331,6.115733791576729,4.171417244217797,2,71.99779705411025,45.38857352146551,1,6,0,1
897,0,0,1.160763201257719,-0.25279895101088445,9.78548811234942,0.0,3,43.336323986240636,26.59350963433494,0,5,1,0
898,0,0,1.34009826830968,0.030416203577174734,9.445467407087946,0.0,3,48.79645635178413,23.980403072853875,0,1,1,0
899,1,0,1.148974668888287,-0.0755582986411854,9.173319704354787,0.0,3,43.54916237231534,4.9922465514056125,0,2,0,0
900,1,1,1.8938766280311996,-0.8410151138165258,8.487334951883653,0.0,3,37.27234934545325,33.93599736333776,0,7,0,0
901,1,0,1.9826799405850521,1.0881055707519165,9.878376730206362,3.0376685855598864,2,66.06153453372482,17.093679159453117,1,3,1,0
902,1,1,1.4870901457638415,-0.5790961769703409,7.222863404720613,0.0,3,40.72881218236781,34.53424907175477,0,5,0,0
903,1,0,0.8742719269397484,-0.2882897964051005,9.474007949073656,0.04380244507553299,3,45.90816861815775,0.0,1,3,0,0
904,1,0,1.9331025000239306,1.0658214808187292,11.12350357981421,0.7000314824710118,3,69.92719004658734,13.252723351854929,1,1,1,0
905,1,1,1.0618149536113897,-1.3546415586333496,8.125947088382572,0.0,3,30.575535321976464,25.475478150525177,0,3,0,0
906,1,1,2.8665336723907267,-1.422844510768024,6.269507442196667,0.0,2,28.579507467701116,29.041393815816946,0,7,0,0
907,1,1,1.3353327563584987,0.7940094149899973,4.563768558944467,0.7845708917411108,3,62.79410161289155,51.964187444710554,1,5,0,1
908,1,0,1.5934372859375208,0.30902177930638886,12.318491142020331,0.2224931828014865,2,56.06180075687443,11.431768515007485,1,4,1,0
909,1,0,0.9777803417372786,-0.3772290095362019,11.312747181157544,0.0,3,43.56803710229907,7.884513930325185,0,4,1,0
910,0,0,1.115045130842637,-0.4591234462848741,8.634139515201502,0.0,3,43.5354746060225,23.59474088066426,0,5,0,0
911,0,0,1.3570426046831594,0.8488884961956775,8.166158852591025,0.0,3,67.37088443992103,41.01777357973117,0,6,1,0
912,1,0,1.0136477442411447,0.3378989829794397,11.143541478590606,0.0,3,55.115523314193794,9.556358175604963,0,3,1,0
913,1,0,0.9558327384411696,0.8922763299157196,10.154540640714627,0.9589836673551533,3,64.2145023685179,18.01723911344442,1,3,1,0
914,0,1,1.110880085993421,-0.4706692180906113,3.5796673763778135,0.0,3,100.0,55.0090542292152,0,5,0,1
915,0,0,2.5272749819427536,2.8691065266564784,5.380411245258855,11.104398260548557,1,92.4923181711242,63.7609822327136,1,6,1,1
916,0,0,0.8205905767582395,1.1709056527705188,8.031324894549822,0.6156903178264945,3,66.57511556529826,37.06707209447996,1,3,1,0
917,1,1,3.5188921868182494,-0.3295496555269425,6.534537668653674,0.0,1,48.17145554989165,38.400109838526966,0,6,0,0
918,0,0,4.743070006391935,-0.9508034713945979,8.440410799554396,0.0,1,24.281281847117775,20.36500854740309,0,5,0,0
919,0,0,1.3971883502946485,1.6596462416700255,6.320088607780775,1.2519161267277432,3,78.78234663810038,53.56930071557407,1,8,1,0
920,0,1,3.5064335280978143,1.2340710682622287,2.7002703602808857,2.7134741446998376,2,76.80581590536421,69.83904265611248,1,5,0,1
921,0,0,1.4331185325018976,1.1437369330728118,9.530960185154791,0.2868313816456921,3,62.20067636749028,29.694991166744856,1,2,1,0
922,1,0,1.776540887142237,0.814207603195304,10.921471439399976,0.35045623654235236,3,36.66587445780153,15.867651537619462,1,4,1,0
923,0,1,1.8009861804208482,-1.088091364526651,6.480408865935706,0.0,3,33.644600118133134,54.23121711499068,0,6,1,0
924,1,1,0.9700315671728845,1.3117404611005725,5.123266631192578,0.49059267985903704,3,67.01515247068332,48.747955065270176,1,6,0,1
925,1,0,2.4366512017111868,-0.1903184880287853,13.505525791081668,0.0,2,47.600383502918845,0.0,0,1,1,0
926,0,0,1.3040413830485469,-0.7188248062817126,10.123273066858369,0.0,3,38.59916594425769,24.005298560182958,0,5,1,0
927,0,0,1.6580805617037828,0.1649874160325641,9.119184607047673,0.0,3,52.66008216582279,29.280152690347833,0,3,1,0
928,0,1,1.62453483458428,0.7484368335959628,3.0291818790322043,0.0,3,62.45790040618798,67.73942842162649,0,6,0,0
929,0,0,1.970421462255847,-1.3525733006118865,7.544500166584875,0.0,3,29.073378835231175,21.541684248379234,0,5,0,0
930,1,0,2.5350825622905497,0.9739005221138763,8.658352423434721,0.0,3,63.8575443487372,18.13364520362736,0,4,0,0
931,1,1,2.4931215938046463,1.368912133277024,5.391124710758173,1.9651062462223514,3,71.22881714709492,49.19937329953292,1,4,0,1
932,1,1,1.9820218521393715,-0.606483661174707,7.8828579050209715,0.01832026104789297,3,42.65005365356909,23.24080894617319,1,2,0,0
933,1,0,1.9171249295374369,0.38730482391395166,10.918447462963499,0.4425126311616709,2,56.662453508305155,12.936658072499146,1,5,1,0
934,0,0,2.0786646771133848,-0.6795993924217545,9.71219963099923,0.0,2,40.587249987702,22.831444662524046,0,5,1,0
935,1,0,0.9916038853932031,-0.22441181365706867,12.574718601638212,0.0,3,46.08120441863313,4.2534290353855155,0,3,1,0
936,0,0,2.5001331801250384,1.4843475565520623,5.363301873323873,3.770693966262625,2,72.0587987761481,48.48499451118375,1,6,0,0
937,0,0,3.7440929364047704,-1.3602740822557546,10.805363999879264,0.0,1,28.229899970276083,16.997720198767684,0,5,1,0
938,1,0,0.5794311812231543,-1.3140681135959122,9.410612870242717,0.0,3,30.281773075080316,0.0,0,6,0,0
939,0,0,1.1516488713429667,-0.019035678721579564,10.057742464112014,0.0,3,49.79622457467488,31.900007133350183,0,6,1,0
940,1,1,2.472360155947719,-1.320713277661792,6.835829390280403,0.0,2,29.907583994230496,27.014698946689673,0,4,0,0
941,1,1,1.539728216973214,-0.8715131696331396,6.890329830884861,0.0,3,39.94939611653329,27.928382655414048,0,2,0,0
942,1,0,2.4275417107358814,-1.0894038474330923,11.097965379027729,0.0,2,35.04686754682223,2.5111400928256664,0,7,1,0
943,1,0,1.1095808350920904,-1.0398699009022487,13.2440581586336,0.0,3,34.627815971317546,0.0,0,3,1,0
944,1,0,1.3965940839061575,-0.5586897198093701,11.701638700177515,0.2676667315259411,3,43.88815603204128,9.060245472361014,1,7,1,0
945,1,0,2.417176332969048,0.6445100254358879,8.966721011071092,0.6595806434882939,2,59.73740999887738,26.148067377189484,1,6,1,0
946,0,0,1.3246722027865028,-0.40284271394402343,9.962702163735468,0.0,2,36.93908525723897,19.133876063766046,0,4,1,0
947,0,0,1.5646025013901264,-0.48619376220645844,10.48586170564179,0.0,3,42.122715575145,28.528898051335748,0,6,1,0
948,0,1,0.878023059717288,0.4827880703843873,4.016636791905487,0.15800410711028456,3,55.00475808589607,65.2708239403918,1,5,0,0
949,1,0,1.610693328088801,0.20141955712524615,8.69814270698518,0.0,2,45.26410400959464,12.46518218558808,0,5,0,0
950,0,0,0.9009251953362678,2.1004294994921904,4.999583655976592,2.5415470019069684,3,79.63490086744994,56.59958207130039,1,6,0,1
951,0,0,2.958190140808746,1.028256597255743,6.144534529504337,1.4799359000414793,2,65.69078027779057,43.40556132489309,1,8,0,0
952,1,0,2.6911912990896356,-0.031941042951581365,9.35272552128518,0.0,3,49.09765961980111,5.478892918049003,0,3,0,0
953,1,0,1.2490184383326375,-1.4176174098062073,10.26008471129523,0.0,2,0.0,1.7709471077617405,0,5,0,0
954,1,0,2.6004207981873178,0.224099042656728,9.368981210480014,0.3828709041920092,2,53.70334758837601,11.15503513610368,1,4,0,0
955,0,0,3.719356151323763,1.0927363271284525,8.040363275447682,3.9748985816153293,1,66.77965150193452,36.65734839253721,1,4,1,0
956,0,0,2.430408257737133,-1.8942009898612124,8.115914852326403,0.0,3,21.14934724536215,13.217285889078237,0,6,0,0
957,0,0,1.0730331382016745,0.41547783417926437,7.3766783122579715,0.0,3,56.66796798048125,34.175593960972044,0,4,0,0
958,0,0,1.4383501737511744,0.5494564211282115,7.763588214222514,0.0,3,58.53743918580018,38.005231815588694,0,4,1,0
959,0,0,0.8022204065340968,-0.3715088977621311,10.795867907437255,0.0,3,44.21293121471093,21.056364951270147,0,4,1,0
960,1,1,1.4639572994460828,0.36866202583312224,7.69024486709135,0.6600976004051327,3,54.346614082955476,35.70416300338176,1,2,0,0
961,0,0,1.322438721947062,0.7888483549383104,6.177369320921716,0.44170033078699694,3,63.60257575104202,40.482599014478104,1,6,0,1
962,0,1,4.472772914510298,0.0765284529418019,4.886416776116746,0.0,1,52.48001795172777,59.85901661738951,0,6,0,1
963,0,0,0.9091238673904682,2.3278470127694457,6.16550287899992,2.2274194019111104,3,85.3979584733531,52.1016557900101,1,5,1,1
964,0,0,1.401628122903111,0.16860170304903185,8.58951613346171,0.0,2,52.19462115719931,35.827756379991854,0,7,1,0
965,0,0,1.3432508816833097,0.5684561241181877,9.958594864427742,0.3562271052406639,2,58.90689923023426,30.808529071853393,1,3,1,0
966,0,0,0.77821316095988,0.18312809067426317,8.098524417260473,0.2260769856260727,3,48.396990319206296,43.77535039050135,1,9,1,0
967,0,0,1.3201974995104446,-1.2053009993526274,9.843341942906436,0.0,3,30.5860538967152,20.278053235745986,0,7,1,0
968,1,0,0.509412184100532,0.6004709834620563,10.668995809724066,0.0,3,59.60786007882595,9.621558585591563,0,2,1,0
969,1,1,3.6807266778004313,-0.27047561765801226,6.150739025670629,0.0,2,45.66416212570234,33.62096902505724,0,5,0,0
970,1,0,1.3532316635400359,-0.4524158317415128,9.222221312310726,0.0,3,44.158389194516744,15.35178297326041,0,9,0,0
971,0,0,1.3924297498436293,-0.039606313729410494,9.523693897711553,0.0,3,50.339129219219906,27.344838725700505,0,1,1,0
972,0,0,1.040676652985398,0.4319406349317483,10.193900692221712,0.0,3,56.447401736822364,25.257938703494915,0,4,1,0
973,1,0,2.93143612959407,0.09436974964635617,11.716568678795491,0.0,1,51.50965676501152,12.144010745172002,0,7,1,0
974,0,0,2.168069821009833,-0.4025669180329505,7.612279367316174,0.0,2,44.35891959003106,25.40636479118369,0,5,0,0
975,0,1,1.7351183178850893,0.7519247909476239,5.140184732478584,0.0,3,61.769555916211075,71.81084180804383,0,5,1,0
976,0,0,0.39456338029482096,1.3215122133682222,7.9370225397981224,0.9078420830387366,3,67.71685895137202,48.03654809647867,1,4,1,0
977,0,0,1.7494166582911643,-2.1626823143247975,12.351087697951137,0.0,2,14.571162419445068,6.991361273993181,0,4,1,0
978,0,1,4.049985571293484,1.2781790141386775,2.831329869263706,5.005866561157097,1,69.63755067989011,68.9128086850486,1,3,0,1
979,0,0,2.3789738278573327,0.7684927480309484,8.533152238595187,1.690249927896103,2,61.656426146043124,35.3015554516101,1,3,1,0
980,1,0,2.647712936790126,-0.08864166644483643,11.950938474691092,0.0,2,48.334029145220384,2.151566376486268,0,2,1,0
981,1,0,3.1474353671353623,0.5676792388348739,9.999249165608887,0.8758398007162409,2,47.26753556023214,14.966000572062239,1,4,1,0
982,1,0,1.4519742751477047,0.28902832265327805,8.500771583847614,0.0,2,53.607938240148535,10.287437165401498,0,5,0,0
983,1,0,2.797345043479769,0.16813514071686406,10.17327529698316,0.0,3,47.84062647862821,18.149090462387697,0,9,1,0
984,1,0,1.8043670132268508,-0.010741718811409043,10.979736893370882,0.0,3,50.00382320670906,7.6655545736109,0,6,1,0
985,1,1,1.5270422717083214,-1.5922934849019714,6.909585820434361,0.0,3,27.407511759245434,30.60604145463934,0,7,0,0
986,1,0,0.859200808758342,1.860343646160356,8.69872341413963,0.7111890539023018,3,84.14117054264848,40.351581373498995,1,8,1,0
987,0,0,1.6690653798155808,-0.045667863721513574,9.791699677976258,0.0,2,48.72436021441959,19.72489693186444,0,1,1,0
988,1,0,1.5751830697623306,-1.0687511510575214,12.99780207277295,0.0,3,35.77793982818478,0.0,0,4,1,0
989,0,1,1.692052527636641,-0.8747674028770612,6.774608643211199,0.0,3,36.41922906701807,42.47341748826519,0,2,0,0
990,0,0,2.2601142319374006,0.8106932690665448,7.059124413049316,1.3060914217467139,2,62.75706897761519,37.153488621197496,1,5,0,0
991,1,0,1.530363146386444,-0.4261085579219355,9.33429336290186,0.0,3,42.74219574035728,9.195543724931015,0,6,0,0
992,1,0,1.5993535000264596,-0.5565367869630197,11.42960838382918,0.0,3,44.19758825068113,0.5650132248403186,0,4,1,0
993,0,0,1.0114797936434703,0.06300153127425935,8.83978491080667,0.0,3,49.578811735344416,34.90460917240357,0,7,1,0
994,0,0,1.281746868866059,0.5490631304832649,9.27830448884129,0.0,3,57.241569570591054,32.197034768924276,0,3,1,0
995,0,0,0.6982290044773173,0.615460470135227,6.2840598318007554,0.21627337065663288,3,59.38572096709518,35.70975390111458,1,5,0,0
996,1,0,1.0807105233185101,-1.4725793827183657,9.820776117929418,0.0,3,25.16816640872553,0.0,0,3,0,0
997,0,0,1.9192385377912902,1.3623250942618472,7.84843463253584,2.739880665399071,2,68.0117045572408,46.00723981658874,1,6,1,0
998,1,0,1.0026427104076905,1.5507791324834515,9.738703205081046,0.8652331626492763,3,73.02443240478394,23.9983575262503,1,6,1,0
999,0,0,1.9569807351752915,-1.465488766521481,8.271484447066902,0.0,3,28.604614634290233,18.599167923476,0,7,0,0
