candidate_id,S_ImmigStatus,X_uni,X_code,X_behav,X_ref,X_exp,X_permit,Y_Target
0,0,3,48.663212538649745,32.820034867914885,0,4,0,0
1,0,3,59.10513665465556,38.14400845569092,1,4,1,0
2,0,2,54.10769411351177,32.23263888840879,0,4,0,0
3,0,3,57.60510259190227,25.113660470750922,1,1,1,0
4,0,3,33.21296123144479,20.713740979203376,0,4,1,0
5,1,3,30.991227248010198,40.30576200297207,0,4,1,0
6,0,2,61.26212145706573,45.87628001237489,1,5,1,1
7,1,3,49.506233639346874,68.98395744675344,0,10,1,0
8,0,3,50.93748299995941,49.103572891184896,0,8,0,0
9,0,2,72.39994648200772,42.783919780744675,1,4,1,1
10,0,3,46.9059510172103,26.87611883390068,0,0,1,0
11,0,3,39.6970329016585,39.783757120932755,0,9,1,0
12,0,2,47.63576878201854,31.7452043705079,0,3,1,0
13,0,3,39.35205828977014,26.657763623278182,0,7,1,0
14,0,3,52.79169058216332,43.741680412107044,0,5,1,0
15,0,3,43.60129487066784,23.304195217822258,0,4,0,0
16,0,3,29.712639415610063,14.799307943244251,0,7,0,0
17,1,3,54.81975262066125,54.674472627954664,0,4,0,0
18,0,3,42.193556892097625,28.542942926814913,0,5,1,1
19,1,2,47.45940792692428,51.84613214302367,0,9,1,0
20,0,3,58.801884568454675,50.96162517426396,1,4,1,1
21,0,3,52.77565223549909,49.957965531167105,0,3,1,0
22,0,2,38.94627550373121,31.375254689741812,0,5,1,1
23,0,2,66.32699995596245,43.23494142695406,1,5,1,1
24,1,3,70.76148759809247,70.08726590994789,1,8,0,1
25,1,3,28.15040340082598,47.061280670199395,0,5,1,0
26,0,3,35.24704131060593,22.82524570577033,0,6,1,0
27,1,3,100.0,56.90346738116243,1,4,0,1
28,0,3,56.351466961259185,26.54677144328684,1,2,1,0
29,0,3,45.313139612247504,51.81726325081217,0,9,0,1
30,0,3,21.910817584598163,30.469083844460677,0,9,1,0
31,0,3,93.23437498137676,62.31608395952629,1,7,1,1
32,0,3,41.13172901701688,31.658269102103187,0,5,1,0
33,0,2,46.01162945065064,40.465629009770275,0,4,1,0
34,0,3,44.066206841014505,34.842042084167645,0,4,1,0
35,0,3,54.6516591881928,43.732507834658534,0,5,1,0
36,0,2,57.10710789770944,44.66552003190989,0,6,1,1
37,0,2,52.33932701084409,41.46703042419429,0,6,0,1
38,0,3,65.64745736222238,29.95008381687567,0,3,1,0
39,1,3,56.244097048977544,46.752483546174794,1,2,0,0
40,1,3,54.12129436880888,56.66285369735678,0,7,0,1
41,0,3,35.375981885789784,14.301834998194632,0,3,1,0
42,0,3,20.726862941725155,8.453139466528683,0,3,1,0
43,0,2,22.29429968052648,21.164687368949153,0,4,1,0
44,1,3,77.88270557723692,92.59732490739142,1,11,0,1
45,1,3,58.89245604238005,61.822353154465496,0,4,0,0
46,0,2,40.406955105699694,28.213012682626463,0,9,0,1
47,0,2,49.062630979643956,31.114099169486266,0,1,0,1
48,0,3,34.465164557904586,35.58869474711927,0,7,1,0
49,0,3,23.348500619258058,19.771933081131806,0,6,0,0
50,1,3,57.1768447644315,60.00621706474987,0,3,1,0
51,1,3,55.637462895336746,63.89667144866593,0,6,1,1
52,1,3,46.720949930689166,62.24827887233894,0,10,0,1
53,0,2,31.439957913360704,29.664765041139855,0,6,0,0
54,0,3,68.43128599882873,56.37189064701552,1,6,1,1
55,0,2,50.665077916867816,42.19237720498592,0,6,1,0
56,0,3,64.03703612900122,42.44511963406734,0,7,1,1
57,0,3,27.923839719227225,25.606637006168917,0,3,1,0
58,1,3,53.41853714933702,41.550373408744264,0,4,1,0
59,0,2,49.31215074685586,32.20976219421167,0,2,1,0
60,0,3,41.553470334901675,36.73482334900454,0,6,1,0
61,0,3,31.42616292858341,24.700726715217563,0,6,0,0
62,0,3,56.95879120424839,46.23624606695022,0,6,0,1
63,1,3,69.92602308237049,55.413951206558764,1,7,1,1
64,1,3,66.55887683293007,61.356701945969235,1,2,0,1
65,0,3,62.48483383879028,49.240053833533615,1,5,0,1
66,0,3,69.70475885156667,41.635059618150066,1,5,1,1
67,1,3,39.82264308281115,36.74033722347665,0,1,0,0
68,0,3,68.59863569356592,42.50560171514914,1,3,1,1
69,1,3,49.88339639804683,38.447941547588265,0,0,1,0
70,0,3,41.23764071447485,32.383349952808665,0,4,1,0
71,0,3,66.14038551325568,51.93157329823633,1,8,1,1
72,0,3,64.02380474121378,50.81445406044487,0,6,0,0
73,0,3,63.72923073317206,52.51311773311994,1,9,1,1
74,0,3,34.32309083060421,13.511442123026114,0,3,1,0
75,1,3,0.0,70.49020281203288,1,8,1,1
76,1,2,45.64260958060251,36.006999786412656,0,2,1,0
77,0,3,39.495874433594146,21.055994514905336,0,7,1,0
78,1,3,49.3450573387071,60.45507798795129,0,6,1,0
79,1,3,21.125838039300053,36.12588404487323,0,7,0,0
80,1,3,67.68787700510272,66.50854588110965,0,6,0,1
81,0,3,42.87462676892879,40.10008429046679,0,9,0,0
82,0,3,62.446242403799474,32.541837231960685,1,5,1,0
83,0,2,61.56867008470921,41.577757929876896,1,5,1,1
84,0,3,60.76531489908137,32.04792434868706,0,5,1,0
85,0,3,50.974810273817354,50.28240312383134,1,5,0,1
86,1,3,61.64931470657927,49.484533334436215,1,2,0,1
87,0,3,45.42854090137409,24.303428504537948,0,4,1,0
88,1,3,69.291653113336,71.4136672067084,1,3,1,1
89,0,3,33.10239612721696,30.09282577518281,0,6,1,0
90,0,3,8.633920065515696,16.097576218364676,0,5,1,0
91,1,3,63.228375191250024,69.49516654350138,0,3,1,1
92,0,2,59.464489396796104,45.31305372297841,1,7,0,1
93,0,3,38.053470867231525,23.389608322428494,0,1,1,0
94,0,3,44.46062612992561,12.831247878510595,0,1,1,0
95,0,3,34.298551703922115,22.482640516806725,0,6,1,0
96,0,3,35.10924727668834,35.55373028807555,0,4,1,0
97,0,2,61.50276296830848,40.83947367010053,1,7,1,1
98,0,3,58.37622810292878,30.64563660898828,0,4,1,0
99,0,3,53.59088032741876,35.37451746089554,0,1,1,0
100,0,3,42.12929797604453,34.77916691563418,0,5,1,0
101,0,3,80.83874159879167,62.926387193294154,1,7,1,1
102,1,3,43.17468218769919,51.25034842886721,0,3,0,0
103,1,3,42.63804778833156,55.16553282795757,0,4,0,1
104,0,2,80.76203218522265,63.10398139416229,1,5,0,1
105,1,3,60.65402479033344,54.99026165110219,0,2,0,1
106,0,3,78.25234204053301,50.11997517850698,1,2,0,1
107,0,3,88.38689207622444,64.08122937502004,1,9,1,1
108,0,3,54.69241975833543,55.827605727280684,0,10,1,0
109,0,3,27.270085844073346,26.39312668944045,0,6,1,0
110,0,3,53.881493018303516,32.13155802166276,0,2,1,0
111,0,3,67.84818140243142,38.74288196532445,1,4,0,0
112,0,3,48.286733873181454,30.47469129284211,0,5,0,0
113,1,3,25.93241727609197,34.041360889092594,0,3,1,0
114,0,3,60.86087027733264,47.72044758691619,0,5,1,0
115,0,3,21.461232942955487,15.28361481789095,0,7,0,0
116,1,3,63.07378625535751,63.96291256799758,1,4,0,1
117,0,3,47.263797757001875,34.70748810948496,0,3,1,0
118,0,3,48.71677726795544,41.3788300558054,0,4,0,1
119,0,3,54.648390147408115,39.70776124435949,0,7,1,0
120,0,2,24.1469865564834,26.04566015048916,0,10,1,0
121,0,3,67.30352292791974,44.65856179198919,1,6,1,1
122,1,3,45.536038673035556,54.13212423578755,0,3,0,0
123,0,3,54.11048317930385,43.81154483829773,0,6,1,0
124,1,3,51.34281500386179,52.31560502214433,0,7,0,1
125,1,3,40.91095752114712,31.859232048580306,1,3,0,0
126,1,3,100.0,51.20613059766619,0,5,0,1
127,0,3,27.645812484393435,25.03414054945485,0,4,1,0
128,0,3,45.27542651229958,31.88533797820517,0,1,0,0
129,1,3,15.593667743135812,25.479531279739266,0,3,0,0
130,1,2,31.680541668070763,37.65275354539144,0,5,0,0
131,0,3,15.33448231902403,25.36415434986949,0,9,0,0
132,0,3,55.075829791340674,28.64636840613911,0,3,1,0
133,0,2,53.15941020581714,21.65759693949088,0,0,1,0
134,1,2,58.47077677940095,68.13391914673943,0,6,1,1
135,0,3,40.266358422965766,23.393766393311036,0,4,1,0
136,0,3,39.88646388470635,25.908022998364203,0,7,0,0
137,0,3,42.6489171030797,16.3094963423018,0,2,0,0
138,0,3,41.58037120560479,35.311848959299375,0,5,1,0
139,1,2,31.673321013574256,41.3389078006977,0,2,0,0
140,1,3,75.59383104061698,80.02217690532409,1,7,0,1
141,0,3,36.609222308219515,25.18279849745901,0,1,0,0
142,0,2,55.497668803280376,50.36946231380376,1,6,1,1
143,0,2,49.191787708776936,21.777747071358185,0,2,1,0
144,0,3,38.293103599431305,18.607244971421995,0,5,1,0
145,0,2,14.462937263412645,34.791443850947495,0,4,0,1
146,0,3,31.06517074692168,22.7589199763113,0,4,0,0
147,1,3,23.710010232230243,26.840042879859347,0,3,0,0
148,1,2,63.57191398138001,63.0911796862249,1,9,0,1
149,1,3,47.50665402764599,56.817690373273116,1,3,1,1
150,1,3,69.46464211821139,76.94750972569872,1,7,1,1
151,0,3,100.0,64.49906933169812,1,4,0,1
152,0,3,53.08816138191109,33.14420538150553,1,7,0,0
153,0,2,35.80056281193126,46.70616306478251,0,10,0,1
154,1,2,85.89906508501728,73.40727856615592,1,4,0,1
155,0,3,40.634736661759526,32.69992556836355,1,6,1,0
156,1,3,51.98471025826534,53.555577681472236,0,2,0,0
157,0,3,42.93660243022866,37.107387562460175,0,7,1,0
158,0,3,49.125991508249506,45.95724068379306,0,5,1,0
159,1,2,48.89270843347387,56.07666296062621,1,7,1,0
160,0,3,40.94525953577848,17.44212343484827,0,2,1,0
161,0,3,43.47309861548923,38.25831315029484,0,6,0,0
162,0,2,43.25252477338337,30.96432532790636,0,7,1,0
163,0,3,57.520652118644655,36.40478342646093,0,5,1,0
164,1,2,27.24409777848779,33.64208698785877,0,4,0,0
165,0,3,38.540200097000266,31.673849036872763,0,4,1,0
166,0,3,60.01088544885858,50.08178983370276,0,6,0,0
167,0,2,41.98430658641636,34.276605097360644,0,3,0,0
168,0,3,56.73702939013553,32.9061237877649,0,3,0,0
169,0,3,72.89473566898059,50.094629448926256,1,7,1,1
170,0,3,45.1797859102792,35.370015240505666,0,4,1,0
171,1,3,43.351583795159726,31.42734289047216,0,3,1,0
172,0,3,41.46022622639873,31.113041560001413,1,3,1,0
173,1,3,34.53532038733235,40.927121559090615,0,4,1,0
174,0,3,48.98735863043618,28.6107805285722,0,3,1,0
175,0,3,35.539956167178964,28.8036301440446,0,4,1,0
176,0,3,45.651412538417944,32.9354382932306,0,2,1,0
177,0,2,75.48773403800051,52.1877408160708,1,6,1,1
178,0,2,45.27806666527342,21.551056343186026,0,2,0,0
179,0,3,48.96342159117494,27.234879289965935,0,3,1,0
180,0,3,50.51013250199177,34.815761548421634,0,4,1,0
181,0,2,48.030785111739235,35.91654300407134,0,4,1,0
182,1,3,38.98345500189674,41.182977174920964,0,4,0,1
183,0,2,46.42156991916072,30.22264943890225,0,3,1,0
184,0,1,65.92287968660644,46.32804998605768,1,4,1,1
185,0,3,22.541815441007248,19.588139853126425,0,7,0,0
186,0,3,85.9074392061035,28.960065224190732,0,5,0,0
187,0,3,33.688345153675854,28.30791770089616,0,2,1,0
188,1,3,23.268632284659557,35.61133606611051,0,6,0,0
189,0,2,52.74179019811888,29.840600997530917,0,5,0,1
190,0,3,21.23259313379707,22.101029224930674,0,6,1,0
191,0,3,67.0765943447715,42.081080644172786,1,3,1,1
192,0,3,70.73128448881465,49.97212401014153,1,8,1,1
193,1,3,37.78821692277659,54.810283330140294,0,6,0,1
194,1,2,54.35780530163946,56.19373940796662,1,4,0,1
195,0,3,21.382608267037376,16.9896179340137,0,3,0,0
196,0,3,56.05139550596645,27.04152935405746,0,4,0,0
197,0,3,32.62631623054643,25.571204482016956,0,3,1,0
198,0,3,29.10086311507906,7.267248453684427,0,3,1,0
199,0,2,30.57490647157627,29.557161297789587,0,6,1,0
200,1,3,50.229242751857846,62.838971631684124,0,8,0,1
201,1,3,75.78441378685106,68.3047390839472,1,5,0,1
202,1,3,63.1568445654816,55.35843983774152,1,4,1,1
203,0,3,52.07566076675971,44.574382379355214,0,8,1,1
204,0,3,47.00871169571613,23.71536005057525,0,4,1,1
205,0,3,59.435392444981986,30.837382751774015,0,4,1,0
206,0,3,71.32164647935537,34.65118109105437,1,2,1,1
207,1,3,47.7391848451011,52.90327923480857,0,3,0,0
208,0,3,51.12909168308955,41.18433596716841,0,5,1,1
209,1,3,60.526625554495816,78.10511867079371,0,8,0,1
210,0,3,57.430120976739595,30.55559328638074,0,4,0,0
211,1,3,52.455288766102434,48.423016970577486,0,6,0,1
212,1,3,47.167811069822825,52.344382805013645,0,2,1,0
213,0,3,32.950521001712616,39.51080413706676,0,8,1,0
214,0,3,37.928538947441005,27.70069411343625,0,3,1,0
215,0,3,54.97690174544291,44.876630364781334,1,4,1,0
216,0,3,73.89508913183464,54.75112719793769,1,8,1,1
217,0,3,24.644809184183103,21.022109099572944,0,7,1,0
218,1,3,57.08276854879097,58.7919911056498,0,2,0,1
219,1,3,73.28440771520563,69.2729757043176,1,2,1,1
220,1,3,38.00073341608674,53.33583701767558,0,2,0,0
221,0,3,86.87924791577606,54.70940081592723,1,5,1,0
222,1,3,23.857458010536543,46.394775890562975,0,6,0,0
223,0,3,32.010202667754854,16.747517107732232,0,5,0,0
224,0,3,100.0,26.228739641980688,0,4,0,1
225,1,2,32.4849541225357,28.382176173314967,0,2,0,0
226,0,3,52.468385604735765,28.58626172761346,0,3,1,0
227,1,2,33.34122159799912,47.44683884543449,1,4,0,0
228,1,3,82.24625342044772,78.68378194175838,1,5,0,1
229,0,3,44.726599102241344,36.13452540562721,0,6,0,0
230,0,3,45.003649185841255,31.614139200659867,0,3,1,0
231,0,3,79.78499697308864,34.19487922165387,0,5,1,0
232,1,2,15.16302099112222,32.1080403750546,0,7,0,0
233,0,3,46.477714519354734,25.21536933085102,0,3,1,0
234,0,3,56.242647703733,34.89375350477772,0,7,0,1
235,0,3,37.620386750936795,13.691733670171685,0,2,0,0
236,0,3,27.594463405198926,28.676975017809557,0,7,0,0
237,1,2,45.02314973734535,46.15626585337871,0,5,0,0
238,1,3,47.85101993470272,64.16119654681914,0,4,0,1
239,0,2,57.7228831456949,33.50529471898362,1,6,0,0
240,0,2,72.05828307161677,47.49781886160095,1,4,1,1
241,0,3,53.127138467083114,43.79640193829933,0,3,1,0
242,0,3,93.54201171243602,59.805340710265405,1,3,1,1
243,0,2,53.86243865371059,44.2650872630422,0,6,0,1
244,0,3,46.199579899277104,21.01177354325017,0,2,1,0
245,0,3,60.56377055715846,44.61366307309089,0,5,1,0
246,0,2,48.9576862953154,34.703207253177695,0,5,0,0
247,0,3,63.29567762981594,49.790869635293625,1,6,1,0
248,1,3,37.007650572625224,49.14528372198765,0,4,0,0
249,0,3,31.189814906379844,23.795426971986068,0,2,0,0
250,0,3,36.16735246273976,16.66174714910311,0,8,1,0
251,0,3,43.77537100234664,23.485029973363282,0,5,1,0
252,1,3,100.0,76.15147864163747,1,4,0,1
253,1,3,43.48187194027944,59.149598767558096,0,4,0,1
254,1,3,32.846247350138114,45.90567077050775,0,7,0,0
255,0,3,62.59204372430723,39.90120218672709,1,5,1,1
256,0,3,43.71428292347775,35.14353232810227,0,6,1,0
257,0,3,47.22870308541599,40.64898826395914,0,6,1,0
258,0,3,47.108689382180096,22.097220121870564,0,3,0,0
259,0,3,58.58296208336208,43.22778568821517,0,2,0,0
260,1,3,77.49323738549184,67.70200792596918,1,4,0,1
261,0,3,19.32335401677242,19.314818514708918,0,4,1,0
262,0,3,62.37810343175842,38.65358068673843,1,5,1,1
263,1,3,51.08172722225782,66.9114469250362,0,8,1,0
264,1,3,42.772251241313924,48.35674976334962,0,7,0,1
265,0,3,61.33094499970954,47.22888774064041,1,5,1,1
266,0,3,69.66965809840552,39.807722904180636,1,4,1,1
267,0,3,65.06151355398887,56.8014631429912,1,10,1,0
268,0,3,53.791931326081716,32.15329670663078,0,7,0,1
269,0,3,87.84988036261682,60.3628158611074,1,3,0,1
270,0,3,53.85787119903643,37.86597219401754,0,7,1,0
271,0,2,35.41969482203912,17.473382564568354,0,4,1,0
272,1,3,59.69583474185305,63.04279005666342,1,7,0,1
273,0,3,37.161822256380766,35.77616131443478,0,7,0,0
274,0,3,44.04579824504797,38.162278143613456,0,11,0,0
275,0,3,84.70651986750339,57.795923052622975,1,6,1,1
276,0,3,27.34304633057816,32.5388700138644,0,6,1,0
277,0,3,64.509891495916,50.882327222097516,1,6,1,1
278,0,3,31.667526882101228,30.9375474356625,0,3,0,1
279,0,3,75.24804580113991,54.52673248908695,1,7,1,1
280,0,3,51.95755860597541,41.72666632779911,0,5,1,1
281,0,3,58.12418903216184,29.956695171886928,0,4,1,0
282,1,3,35.418390710785864,37.13079101211029,0,3,0,0
283,1,3,35.27561176521122,45.592328239130005,0,3,0,1
284,0,3,36.167348669800774,21.038151584184966,0,4,0,0
285,0,2,38.908683515902915,37.518322940573086,0,13,1,0
286,0,3,61.62780633517209,41.52462582912486,1,3,1,0
287,1,3,34.307799034699755,35.66592159406453,0,5,0,0
288,1,3,70.32282939430891,75.6487175024206,1,8,1,1
289,0,3,50.43936764526892,46.29323608739223,0,9,1,1
290,1,3,0.0,50.28459051300855,0,9,0,1
291,0,3,54.64017750124635,57.927716642865754,0,13,1,1
292,1,3,43.23488496618988,54.27518040482897,0,5,1,0
293,0,3,43.026628336851175,38.41148947437223,0,6,0,0
294,1,3,53.025374085268865,60.85930825826075,0,3,1,0
295,1,3,58.37495881152904,68.40514704535995,1,7,0,1
296,0,3,71.8928311602481,40.59083649125014,1,2,1,1
297,0,3,59.19571251699613,49.06095033459786,0,8,1,1
298,1,3,68.59509495751193,62.05310419677131,1,5,0,1
299,0,3,53.406337052561575,32.372903940972996,0,6,0,0
300,0,3,70.39858148761401,56.334227860918865,1,6,0,1
301,0,3,51.41722385130373,45.85569840899208,0,8,1,0
302,1,2,47.04295399875128,67.61014043342479,1,8,0,1
303,0,2,13.733771534767477,8.901750287893925,0,3,0,0
304,0,2,32.85050389753772,36.47332859805861,0,8,0,0
305,1,3,56.24216022839916,74.34467979315231,1,7,0,1
306,0,3,62.96352838124424,41.76805351302287,1,2,1,0
307,1,3,74.72346953446615,67.11164076344723,1,6,1,1
308,0,3,58.419618052414016,34.43840305991704,1,3,1,1
309,0,3,35.68687099762794,15.583930050899946,0,4,1,0
310,0,3,63.405996575449485,54.31087560096909,1,6,1,0
311,0,3,55.832304747964905,31.59736181114858,0,4,1,0
312,0,2,55.41358622574578,40.031024019584684,1,4,1,1
313,0,2,27.86722499719177,22.690745665690155,0,5,1,0
314,0,3,81.18670005901058,68.26159787896793,1,9,0,1
315,0,3,64.24983194143022,43.97620754951978,1,5,1,1
316,0,3,76.1208471694656,52.02901352419053,1,7,1,1
317,1,3,62.920439819348815,61.57624980324471,0,10,0,1
318,0,3,61.29791894630064,49.081661335033964,1,4,1,0
319,0,3,70.13458350449027,37.777239544068884,1,3,1,0
320,1,3,69.82524236282262,66.69187291422048,1,3,1,1
321,1,3,46.787810758203754,62.89175297812581,1,5,0,1
322,1,3,100.0,43.32719288776399,0,3,0,0
323,0,2,62.23568317184875,41.09513734001762,1,6,1,1
324,0,3,45.19241160464023,40.1446584764156,0,6,0,0
325,0,3,53.68938036324642,17.257762978164727,0,2,0,0
326,0,2,27.96287713509956,12.343449145462412,0,4,1,0
327,0,2,45.33490416813589,30.028617433343335,0,6,1,0
328,0,3,57.49445485403379,41.70835766018664,0,2,1,0
329,0,3,32.81873443224166,22.691257030266225,0,5,1,0
330,0,3,43.53231768580947,28.611644289387364,0,3,1,1
331,0,3,38.77020761655189,33.53774768513805,0,5,1,0
332,0,3,63.534961617754256,51.86209496144162,1,6,1,0
333,1,2,49.55564697048246,57.09674638606854,0,5,1,1
334,0,3,29.05001335551124,18.04046244850209,0,5,0,1
335,1,3,47.52411941705832,43.129647837184535,0,3,0,1
336,0,3,43.79296253379966,39.34744881426939,0,5,1,0
337,0,2,20.633144308311834,52.90554004488498,1,6,1,1
338,0,3,64.65448856864009,49.67515659907591,0,5,1,0
339,1,3,39.56772061045351,56.070304845780036,0,5,0,1
340,1,3,57.85441740412521,60.1564454082195,0,9,0,1
341,0,3,38.80160464920134,19.623981503025625,0,6,0,0
342,0,3,51.31836134195334,28.84805298555667,0,4,1,0
343,0,3,69.91900369822878,50.17821770772453,1,4,1,0
344,0,2,63.28839842159173,36.98753239961288,1,4,1,1
345,1,3,50.02244927540467,52.428510080035736,0,4,0,0
346,0,3,53.48797541891589,35.078909231512135,0,6,0,1
347,0,3,25.83072164922772,43.11733145622648,0,7,1,0
348,0,3,41.40711449318715,23.27892838107511,0,5,1,0
349,1,3,18.00373686521359,41.70716034450665,1,6,0,0
350,0,2,87.13669801637509,39.77135590954927,1,0,0,1
351,0,3,49.991819339629934,34.98898382383066,0,7,1,1
352,0,2,52.65185604672949,43.947783232021266,0,4,1,0
353,0,3,82.230363749102,71.11711820577833,1,12,1,1
354,0,2,45.0793034783303,23.004686939736285,0,5,1,0
355,0,3,72.7755874930873,43.14485437122052,1,6,1,0
356,0,3,40.257662925132685,26.05629772403346,0,2,1,0
357,0,3,35.64812059527618,28.459790071055217,0,7,1,1
358,0,2,32.39733200661508,15.250667168723224,0,3,0,0
359,0,3,68.63698949756841,50.08686763561623,1,8,1,1
360,0,3,57.88045851211923,46.33055827406447,0,5,1,0
361,1,3,59.49487638115881,47.61311617733469,0,3,1,0
362,0,2,55.56350479959373,51.2051025108409,1,5,1,0
363,0,3,44.80032323805663,22.813517052321483,1,5,1,1
364,1,2,38.24499989520455,44.90362562671381,0,3,1,0
365,0,3,41.66069427136918,22.012561672255945,0,4,0,0
366,0,2,38.19240673595141,20.15409088641211,0,4,0,0
367,0,3,54.51463508894418,40.85161691048836,0,6,1,0
368,1,3,57.04042853684173,59.58936781002809,0,4,0,0
369,0,3,45.2746030350859,26.26537470219165,0,5,0,0
370,0,3,30.653384383041928,7.827578721365866,0,1,1,0
371,1,3,47.45352461985081,49.70194096636529,0,1,1,0
372,0,3,0.0,51.317716952741776,1,5,1,1
373,0,3,57.26414213149599,43.093545512710584,0,9,1,1
374,0,3,71.17149369743879,37.917766254163105,1,1,1,1
375,0,2,40.301590860581584,37.79693752840533,1,6,0,0
376,0,3,78.91671521704147,55.928005656875946,1,3,0,0
377,0,3,63.98343529687831,50.75907279412183,1,5,1,1
378,0,3,0.0,40.78128008452382,0,9,1,0
379,0,3,66.5784910819508,61.15661451662269,1,10,1,1
380,0,2,47.450309525582895,44.09775619489096,0,7,1,0
381,1,2,44.65093535816018,53.67240997379976,0,4,0,1
382,0,3,62.75930160003232,37.879769593741464,0,3,0,1
383,0,3,29.735340257890524,9.937338736934619,0,2,0,0
384,0,3,57.95694149736632,29.418329208822286,1,3,0,0
385,0,3,38.763390734914545,39.06404338673634,0,4,1,0
386,1,2,60.09119584043491,66.26578121069987,1,4,0,1
387,0,2,82.24493631793936,53.845431838075186,1,7,0,1
388,1,3,12.325252579692336,39.057304497275204,0,3,0,0
389,0,1,43.593340585410836,23.559320282168862,0,2,1,0
390,0,3,64.52862910291357,49.48750493386804,1,5,1,0
391,0,3,45.75103628487753,35.40230483010242,0,9,1,1
392,0,3,51.541505206509896,31.76540242521692,0,4,1,0
393,0,3,71.55714862391703,44.09811192970946,1,5,1,1
394,1,3,50.783603894170945,55.05244147879973,0,8,0,1
395,0,3,61.46888632760578,46.72033660960147,1,5,1,1
396,0,3,40.25834731164466,30.6947632759356,0,3,1,0
397,1,3,55.8396563449762,58.06431899080748,0,6,0,1
398,0,2,100.0,57.4907827271059,1,10,1,1
399,1,3,64.38217834411145,56.391225874170495,1,5,0,1
400,1,3,62.84508291821808,64.17495570457693,1,8,0,1
401,0,3,20.529323136077938,3.9838261045559107,0,2,1,0
402,0,3,32.9508916691416,8.826471469380008,0,0,1,0
403,0,3,59.23798909900609,46.691393818957,0,5,1,0
404,0,2,46.92508381826622,27.631901297364106,0,5,1,0
405,0,3,44.948303471802646,30.73043840794103,0,3,0,0
406,0,2,47.54462753427995,33.20343624357091,0,2,1,1
407,0,3,91.28174719137452,43.00860357529751,1,5,1,1
408,0,3,30.464835497606035,12.133351116309015,0,4,1,0
409,0,3,24.102693300489495,32.729198605469996,0,8,1,0
410,1,3,80.27527868058283,72.08566033032959,1,5,0,1
411,1,2,41.44268176132892,46.86893671461318,0,1,1,0
412,1,3,30.806026210522226,42.37873283730041,0,3,0,0
413,0,3,63.271021857044275,50.37108252238169,0,7,0,0
414,1,3,28.999082790995597,37.91721465333344,0,6,0,1
415,0,3,41.41797935846551,13.954203463688078,0,2,1,0
416,0,3,44.416573613993435,38.229954386081694,0,9,0,0
417,0,3,61.12783194651375,45.38135104931702,0,8,1,1
418,1,3,55.87392931032196,41.98135212585703,0,2,0,0
419,0,3,56.731533018237826,55.47574419597841,1,10,1,1
420,0,3,53.374942302592665,39.09011383912919,0,3,1,0
421,1,2,45.313749452758934,40.450918521294085,0,6,0,1
422,1,3,37.98465841905699,46.11420188294636,0,1,0,0
423,0,3,65.45465617900994,42.21544315376173,1,4,0,1
424,0,2,51.2001838083291,35.800551356505466,0,3,1,0
425,0,3,27.08053333707887,21.639382662542097,0,4,1,0
426,1,3,54.71935952819316,39.86824866303932,0,2,1,0
427,0,3,39.90060128887747,26.874731191539727,0,3,1,0
428,1,3,88.25411370958132,63.61487840027503,1,1,0,1
429,1,3,81.29214044147683,69.07114042216831,1,2,1,1
430,0,3,55.61824697163354,40.540703798826314,0,3,1,1
431,0,3,53.08227433926753,40.40798664269556,0,6,0,0
432,0,3,39.998564949204265,18.493301350243076,0,4,1,0
433,0,3,58.30539350490485,56.49278421263419,0,15,1,1
434,0,3,55.36067462172896,42.20968785277523,0,5,0,0
435,0,3,54.71224432326379,35.02275358982438,0,5,1,0
436,0,3,42.19806937295128,37.171988269236884,0,5,1,0
437,0,3,27.956923346256453,16.49955756445737,0,2,1,0
438,0,2,52.976505540191695,33.328636975475604,1,6,1,1
439,1,3,46.516030640952714,60.21720608769655,0,9,1,1
440,0,3,35.03032388822296,17.950552726102593,0,4,1,1
441,1,3,38.61231626056919,47.85810051383872,0,8,1,0
442,0,3,37.66892502869308,39.959837197781816,0,9,1,0
443,0,3,74.33924866113612,31.988678364397174,0,6,1,0
444,0,3,86.86852783535764,53.3548935435426,1,5,1,1
445,0,3,63.13463615848785,32.835536008357,1,2,1,0
446,0,3,41.92136616757555,33.2348608047174,0,5,1,0
447,0,2,80.82938865984408,40.117699368474725,1,5,1,1
448,1,3,44.41363510876112,50.37453799588024,0,7,0,0
449,1,3,21.790004783047163,31.783246102638913,0,4,0,0
450,0,3,48.147108259920536,27.775686771001357,0,4,1,0
451,0,2,49.675690256111935,25.798599790766435,0,4,1,0
452,0,2,41.48123665982164,17.88742695789817,0,3,1,0
453,0,3,61.96716200225803,52.67238142455259,0,8,1,1
454,1,3,38.448820941657544,58.84681001737876,0,9,1,1
455,0,3,89.77651607278138,40.92813575666053,1,2,1,0
456,1,3,61.801743698300356,61.69279152608348,1,5,0,1
457,1,3,50.74710876066706,64.60540070375762,1,6,0,0
458,1,2,58.042977903972584,73.46636636261024,1,9,0,1
459,1,2,66.68427912192999,56.02772756086886,1,3,0,1
460,0,3,43.70638536428869,37.9136136585505,0,4,0,0
461,0,2,49.39893242193016,32.827455571056916,0,4,1,0
462,1,3,67.76423546470552,57.210004523109006,1,3,1,0
463,0,2,65.33962336274288,45.76582418395977,1,1,1,1
464,1,3,57.959329691175704,62.350283850036945,0,8,0,0
465,0,3,63.63247640504601,55.88544183211188,1,5,1,0
466,0,3,40.24949265891422,25.67696138560456,0,7,1,0
467,0,3,65.26980997147707,43.80504953933823,0,4,1,0
468,1,3,61.888117041602975,61.501952037268794,0,5,1,0
469,1,3,23.538128230539325,43.027303658345005,0,6,0,1
470,0,3,79.44754331827842,60.53033826477321,1,4,0,1
471,1,3,63.857673759826916,55.926844652360714,0,5,0,1
472,1,2,77.12640754199035,63.83199932914845,1,8,0,1
473,0,3,57.14680181249617,35.62585474681781,0,2,1,0
474,0,3,39.011912274397474,31.029671198627113,0,4,1,0
475,0,3,64.94232013780977,36.20653769672814,1,4,0,1
476,0,3,51.98604812085972,28.998506394204618,0,3,1,0
477,0,3,35.002337221386384,18.98158992312616,0,6,1,0
478,0,2,48.74318639593336,36.92704735848742,0,4,0,1
479,0,3,31.360039560576645,20.29245346823427,0,1,1,0
480,0,3,36.988210192372726,27.452576441812575,0,3,1,0
481,1,3,62.42704829682651,69.86597344177389,1,5,0,1
482,0,3,28.746383240197023,11.029242810988443,0,4,1,0
483,0,3,70.6496499421935,52.31698668856457,1,4,1,0
484,1,3,47.36187104737256,45.07371528642411,0,4,0,0
485,1,3,58.9795800991686,71.41358457881759,0,7,0,1
486,0,2,51.37629805393113,43.30345115506619,0,6,1,1
487,0,3,53.448972778488596,20.810800862954153,0,0,1,0
488,0,2,59.73332838513782,40.84374700150145,1,8,0,0
489,0,3,63.33701483141758,40.93078295606377,0,6,1,0
490,0,3,39.08168672664389,47.39349597349069,0,13,0,0
491,0,3,45.33307709972222,29.18679531738747,0,2,1,0
492,0,2,37.323825552475874,42.011342230298794,0,10,0,0
493,0,3,47.26122987557258,26.5717263022011,1,3,1,0
494,0,3,38.56891807206182,21.97103709394458,0,6,1,0
495,0,3,50.229617238881914,38.861229633608744,0,4,1,0
496,1,3,29.201261006755875,52.19833573534473,0,4,0,0
497,0,3,36.46492886141107,11.819013697430492,0,4,1,0
498,0,3,20.908600242909227,22.911444517784997,0,9,1,0
499,1,3,26.177731447187497,31.42261286904582,0,3,0,0
500,1,3,55.54825912956845,58.592518772860764,0,5,0,0
501,1,3,38.432841471358174,44.172775861891644,0,6,0,1
502,0,3,32.133890916355355,27.76511338500378,0,6,1,0
503,0,3,45.99414591383756,36.58680706130723,0,5,1,0
504,1,2,71.11816731927064,81.99548164535008,1,8,0,1
505,0,3,44.50754554223292,37.19067492507041,0,5,1,0
506,0,3,45.25834668158717,28.636338835398192,0,4,0,0
507,0,3,61.34042487423018,38.38126847171785,0,6,1,0
508,1,3,54.676004991220445,53.4935428990006,0,5,1,1
509,0,3,76.16755973319373,54.10953247755571,1,8,1,0
510,0,3,54.52291630800628,35.37727291057997,0,6,0,0
511,1,3,70.02443777776055,64.79748385047917,1,2,0,1
512,0,3,40.186892553781334,17.17743269130687,0,2,1,0
513,1,3,86.084555674819,84.61151883462568,1,6,0,1
514,1,3,70.63432945009657,79.33513038443543,1,9,0,1
515,1,3,45.12641066045401,47.28693362053187,0,4,1,0
516,0,3,44.0060889272956,36.13735179709869,0,7,1,0
517,0,3,47.245189347065384,37.418276698903256,0,7,1,1
518,0,3,40.303325582645876,29.921136059837853,0,6,0,0
519,0,3,54.20935713849659,44.61268837133058,0,4,1,0
520,1,2,78.27122886109899,76.50514520900404,1,5,1,1
521,0,3,47.525032248546424,22.99523655187121,0,1,1,0
522,0,3,74.59130876978455,51.90475338030076,1,5,1,1
523,0,3,51.85604137768615,30.7390825239259,0,4,1,0
524,0,3,47.179222920931174,29.320796843641464,1,3,0,0
525,0,3,35.842126146317426,25.341820510550644,0,3,1,0
526,1,3,56.9673978420057,41.869314009057476,1,5,0,1
527,1,3,44.530941531323634,58.30549608295202,0,6,0,0
528,0,3,30.259826722157243,26.205828581246553,0,2,1,0
529,0,3,63.26149498526904,53.36267101186222,0,5,0,0
530,1,2,47.674551941918054,58.90189858893438,0,5,1,0
531,0,3,38.97975539918489,30.996286309422338,0,8,1,0
532,0,3,21.08657262413407,23.218201427411046,0,4,1,0
533,0,2,32.5454848980401,13.191298517033212,0,3,1,0
534,0,2,30.902718835471067,27.533977791472555,0,6,1,0
535,0,3,82.29706589001925,54.184132698365445,1,6,1,1
536,0,3,30.73696033161136,6.426744531115357,0,2,1,0
537,0,2,25.053809959776824,15.97301120692421,0,5,1,0
538,0,3,79.41901003860261,54.52374837339628,1,4,0,1
539,0,3,58.13295360690567,29.027841202320104,0,2,1,0
540,0,3,34.56548545510992,27.954318627554102,0,4,0,0
541,0,3,30.178311034832063,29.39951858646452,0,3,1,0
542,0,3,33.4459920671423,30.578892697002686,0,12,1,0
543,0,3,41.4760454096328,36.449827381827255,0,10,0,0
544,1,3,47.59359419745927,47.064345494693,0,5,0,0
545,1,3,41.08178152801066,52.602773387572896,0,4,0,1
546,1,3,36.21966616709608,53.51034722439439,0,6,0,0
547,0,2,27.261001458632496,22.86777252403903,0,4,1,0
548,0,3,49.54919077485994,28.528657396472976,0,3,1,0
549,0,1,30.579506702017657,27.66229891933447,0,8,1,0
550,0,3,56.53355243877595,44.32029399714609,1,5,1,1
551,1,3,51.10827357155157,63.230424156448834,0,6,0,1
552,0,3,48.780232460440864,41.72168836069468,0,5,1,0
553,0,3,47.13831123603062,32.22020244426833,0,9,1,0
554,1,3,71.84633113086817,71.57395963176441,1,1,0,1
555,0,3,58.38770035418865,43.761475364072865,0,9,1,0
556,0,3,17.977820726647888,25.257535323655393,0,3,0,0
557,0,2,60.39157087098645,32.26690338082872,1,2,0,0
558,0,3,76.37553862630357,48.83102553113366,1,5,0,1
559,0,3,71.41193348870202,49.10681530747512,1,6,1,0
560,0,3,52.383160993674004,39.65733582943986,0,6,1,0
561,0,3,38.24641008901354,29.96778754178402,0,1,1,0
562,1,3,64.43885718990404,56.90167640347775,1,7,0,1
563,1,3,45.71092460932853,45.81407447322856,0,6,0,0
564,1,3,36.25572044161296,40.36735733103103,0,6,0,1
565,1,2,50.777379585716304,50.414855532409746,0,0,1,0
566,0,3,33.9477928509468,19.425534270707157,0,3,0,0
567,1,3,65.60521113473433,55.145956213962904,0,2,1,1
568,0,2,47.24149965671626,30.249653655238276,0,7,1,0
569,0,3,40.68119933707418,18.877706773615053,0,3,0,0
570,0,3,51.024117134618955,35.62501423572485,0,9,1,0
571,0,3,25.631114756757242,18.20877630629396,0,5,1,0
572,0,3,51.89112591372624,32.71874568201886,0,6,1,0
573,0,3,56.986719439948665,29.696423232507023,1,4,0,0
574,0,3,47.86804732586022,32.668829078837234,0,6,1,0
575,0,2,78.18699758754113,57.68043331381036,1,2,1,1
576,0,3,49.04273361330721,22.986549674706442,1,1,1,0
577,0,3,68.1586899126349,42.56553856675195,1,3,0,1
578,1,3,41.69831273427703,50.90119271163168,0,3,1,0
579,0,3,41.9641191168229,27.715672641936965,0,8,0,0
580,0,3,82.81936215087994,53.014107986403175,1,9,1,1
581,1,3,49.66466741585435,53.9693107876525,0,7,0,1
582,1,3,31.32391925481599,52.21666525135633,0,5,0,0
583,0,2,13.896997262744957,8.982727390298015,0,5,1,0
584,1,3,55.828728008289964,64.44571418024896,0,6,1,1
585,0,3,59.019313627503834,45.70814562900892,1,4,0,1
586,0,3,73.13424274242013,51.843437992742885,1,3,1,0
587,0,2,46.79350745525179,31.716336436641143,0,4,1,0
588,0,3,39.15648398948594,36.53225927520966,0,7,0,0
589,0,3,74.46381824360687,58.092229351568896,1,6,1,1
590,1,3,39.44097334646937,39.7770844333626,0,2,0,0
591,0,3,50.741798004492196,26.654625240679742,0,4,0,0
592,1,3,47.89771493356975,51.34027065449208,1,3,0,1
593,0,3,25.365746615800855,8.231958809834515,0,3,1,0
594,0,3,20.964729556525132,26.5400053614683,0,8,0,0
595,1,3,59.94477773039655,64.49954703654689,0,6,1,1
596,0,2,20.24223443379634,10.054021662964006,0,6,1,0
597,1,3,55.60871233147643,48.157399059902296,0,4,0,0
598,0,3,62.15300294756482,53.674775959614436,1,8,1,0
599,0,3,53.620851095871735,39.85942428990164,0,4,1,0
600,0,2,37.40744924169709,35.052009574858786,0,7,0,0
601,1,3,63.421322547708854,60.34469963243719,1,6,1,0
602,0,3,64.54159038178473,57.049895960292424,1,7,0,1
603,0,3,76.49601236952688,50.80274873157284,1,6,1,1
604,1,3,72.71759780687603,70.91313874497892,1,3,1,1
605,1,3,42.456123155726296,57.05569585459713,0,6,0,0
606,0,2,62.06442502697112,42.78062193099319,1,2,1,1
607,0,3,31.076342249064123,28.488589763494396,0,6,1,0
608,0,3,48.20239593835804,48.81149532920763,0,11,1,0
609,0,3,28.000415794812252,10.633485661955204,0,2,1,0
610,0,3,47.40704087107479,35.705680652586246,0,4,1,0
611,0,3,41.18383113895285,31.978069753231395,0,9,1,0
612,0,3,39.7514886851208,33.791226811975065,0,4,0,0
613,0,3,37.36462285729487,30.630948850661724,0,3,0,0
614,1,3,40.541819387301935,49.32867558367911,0,8,0,0
615,0,3,49.45988754829752,23.298882928147847,0,2,1,0
616,1,3,35.3842447852643,40.06650005759564,0,5,0,0
617,0,3,52.92779942280161,41.49944218241742,0,4,1,0
618,1,3,70.69967099262949,60.96782976658353,1,5,0,1
619,0,3,71.89755648385173,58.79877440569286,1,6,1,1
620,0,2,60.89657931506999,36.55135186192762,1,5,1,1
621,0,3,54.83167243362865,27.464779850292988,1,2,0,0
622,0,3,42.11025664959249,44.726263549479405,0,11,1,1
623,0,3,52.42992181059294,15.739221625293906,0,4,1,0
624,0,3,53.25654631022694,40.61514196326572,0,5,1,0
625,0,3,53.24736204366776,31.283425653332458,0,4,1,0
626,1,3,72.9986005330437,72.4922670251309,1,6,0,1
627,1,3,47.12916433351538,51.86349510871423,0,3,0,0
628,1,3,51.54365058960325,58.508958096419754,1,6,1,1
629,1,2,98.7330282120152,80.22413453647468,1,4,1,1
630,0,3,48.10695167205494,36.52624698300045,0,5,0,1
631,0,3,36.10027680134385,19.21678681592641,0,7,1,0
632,0,3,51.492040727756205,30.883194163432645,0,5,1,0
633,0,3,67.94210793007305,39.42279909070382,1,2,1,0
634,1,3,49.24458839271805,71.55850248645541,0,11,1,0
635,0,2,34.33829512155899,31.901010310548187,0,9,1,1
636,1,3,73.64360121041327,78.26400577918972,1,5,1,1
637,0,3,50.53509895062676,31.565754252967807,0,6,0,0
638,0,3,51.31224796903169,24.29429429341999,0,4,0,0
639,0,3,61.83380038042261,36.72194367428164,1,5,1,0
640,0,2,65.07395699970772,43.13748839292559,1,2,1,1
641,1,3,53.880157347453945,55.23911970089912,0,5,1,0
642,0,2,49.87689279637754,42.36234257257475,0,7,0,1
643,0,3,57.908940370524604,49.40405433699565,0,3,1,0
644,0,3,57.614790878061434,32.399105139034575,0,7,1,0
645,0,3,53.01121987211204,35.98361887049562,0,5,1,0
646,1,3,54.27871238198322,63.79262469151498,0,5,0,0
647,1,2,47.53470833951505,48.270951564127046,1,4,1,0
648,0,3,23.224051876371856,13.106664683335328,1,5,1,0
649,0,2,40.68627095671313,38.72193202389913,1,5,1,0
650,0,3,41.61477901398911,43.2122781813452,0,6,1,0
651,0,2,46.126823882349555,44.3957265663264,0,6,0,1
652,0,3,48.45253706156878,50.410323030974574,0,7,1,0
653,0,3,10.68862362088071,17.21818397300591,0,6,0,0
654,0,2,59.69573438279316,48.27889774527279,1,6,1,1
655,1,3,21.218371842860524,34.79880635140899,0,8,0,0
656,0,3,18.99871154247456,29.718510880372243,0,5,1,0
657,0,3,44.51291393459306,21.402637235820922,0,3,1,0
658,0,3,49.67543383654289,23.749701299256845,0,4,0,0
659,0,3,61.600541333922294,29.603397354439576,0,2,1,0
660,0,3,35.61498869640319,35.55645514388681,0,4,0,0
661,0,2,56.16763755961414,52.06560283431163,1,5,1,0
662,1,3,52.92946997372586,65.86733695292253,0,7,0,1
663,0,2,44.713411935499295,53.86321936768633,0,12,1,0
664,0,3,75.72781693898473,54.591925196662125,1,8,1,1
665,0,3,53.202169780638364,24.600701652078342,0,3,0,0
666,0,3,47.07661641125079,31.465717377456937,0,6,0,0
667,0,3,53.11800403534312,26.599523885439794,0,4,1,0
668,1,3,71.22074147773809,63.62984419381629,1,6,0,1
669,1,3,83.3187312590494,79.338446507203,1,4,0,1
670,0,3,47.637330751970964,24.24041793831726,0,4,1,0
671,0,3,60.953028397404935,38.89433566827862,0,4,1,0
672,0,3,24.06118176613645,21.12631336097907,0,2,1,0
673,0,3,84.48828535918817,56.77434676819543,1,2,1,1
674,0,3,59.69132384017912,31.820857468595122,1,2,1,0
675,1,3,62.227074241258606,54.71366071895027,1,3,0,1
676,1,3,66.00787808765527,68.64982658470225,1,3,0,1
677,1,2,50.5285580757864,53.37906170508438,0,5,0,1
678,0,3,53.34248509731193,30.564900505016464,0,4,1,0
679,1,3,67.68516751285719,59.50207796500667,1,6,0,1
680,0,3,45.093983534333475,37.06158318214606,0,4,1,0
681,0,3,32.658469680408835,31.95660205647069,0,5,0,0
682,0,3,33.062196031630215,31.2422581120871,0,3,1,0
683,0,3,65.68671980329603,43.49170114634406,1,5,1,1
684,0,2,47.72296739192927,27.22854102637623,0,4,1,0
685,0,3,40.98132851644594,28.426192804216583,0,5,1,0
686,0,2,48.814820129884914,42.7878911986124,0,5,0,1
687,0,3,61.34949144928397,49.81755085461229,0,8,1,0
688,0,2,21.904313207489224,34.956142156688195,0,12,1,0
689,0,3,54.45979630470098,44.312221354441235,0,5,0,0
690,0,3,38.86538796193738,26.583929348011033,0,4,1,0
691,0,3,53.449452984084225,29.837970391819958,0,2,1,0
692,0,2,40.39117798690772,19.572949611556925,0,3,1,0
693,0,3,22.750272230096744,27.281917096662106,0,5,1,0
694,1,3,87.11077805063023,84.94851544973237,1,5,1,1
695,0,3,59.424025943610744,45.20455879199023,1,3,0,1
696,0,3,51.98049997762606,29.86566896976461,0,4,1,0
697,0,3,52.97558341870324,26.02772034453906,0,5,1,0
698,1,2,49.68267771343097,42.52540090411105,0,4,0,0
699,0,3,30.58786765255354,27.266896704499782,0,5,1,0
700,0,3,0.0,46.430941984129795,0,9,1,0
701,0,3,39.94408287445688,18.827253152285397,0,2,1,0
702,1,3,45.98435030376948,56.56503765739178,0,5,0,1
703,0,3,33.07401108257561,20.598714218238708,0,5,1,0
704,1,3,57.09506702552385,58.42941939489389,0,3,1,0
705,0,3,64.72252620903372,49.13060590147247,1,4,0,1
706,0,3,45.08972590152925,32.729245067388376,0,3,1,1
707,1,3,35.82056927657463,48.69608742766487,0,4,0,0
708,1,3,60.32373034037376,62.76229557730668,1,3,0,1
709,0,3,24.47783259515524,23.480266073995683,0,5,0,0
710,0,1,68.43095398887279,41.66121846410114,1,5,1,1
711,1,3,77.57614500721942,65.32707978582222,1,3,0,1
712,1,3,66.97578959981881,57.33956962315694,1,3,0,1
713,1,3,26.117901770175035,27.099527516005264,0,1,1,0
714,0,3,49.12520139705986,33.66866734647887,0,3,0,0
715,0,3,60.611438536906284,53.34139706446705,0,6,1,0
716,0,3,68.19800018854092,47.981693301058264,1,3,1,0
717,0,3,53.58093636904102,27.875332040726114,0,1,1,0
718,0,3,69.14961444794844,57.183657333593175,1,7,0,1
719,0,3,55.38804866932057,34.343472155781186,0,6,1,0
720,0,3,41.17029164877288,36.100650992270985,0,4,0,0
721,1,3,56.03265327087929,60.446734628445995,0,4,0,1
722,0,2,39.58524115234566,23.537763968546315,0,4,1,0
723,1,3,50.703516785623755,53.935139110536994,0,5,1,1
724,1,3,58.01751084820593,84.87487094177322,1,10,0,1
725,0,3,59.242984802691694,45.91138701373439,1,4,1,0
726,1,3,41.092209020045715,50.07159768431428,0,4,1,0
727,1,3,42.97659085136245,45.398755957095474,0,6,0,1
728,0,3,49.2298178711512,24.59526935238504,0,3,1,0
729,0,2,55.7043745528879,40.181169926619525,1,6,1,0
730,0,3,100.0,39.87949184448478,0,6,1,1
731,0,2,54.7024640415002,46.5889744303302,0,9,1,1
732,0,3,61.00840118197283,39.11479380540306,1,6,1,0
733,1,2,58.54488409531478,63.49422247386833,1,4,0,1
734,1,3,34.14699719593962,35.09675659290139,0,4,1,0
735,0,3,57.297483674780544,50.80727676063082,0,7,1,1
736,0,3,24.909576147975468,29.647339747580173,0,8,1,0
737,0,3,83.63830858845529,60.104788048816566,1,3,1,1
738,1,2,10.851609653079365,35.03612455204385,0,4,0,0
739,0,3,58.09958932521308,29.44681432042267,0,4,1,0
740,1,2,45.40484445990452,64.0172900353371,0,8,0,1
741,0,3,34.81325849780426,37.40093439906616,0,7,1,0
742,0,3,47.28357672475502,38.797021433392224,0,3,0,0
743,0,2,63.05020892319379,44.75308919027177,1,3,1,1
744,0,3,34.09291127593239,25.492406844502376,0,5,1,0
745,0,3,47.39056495301622,28.11088997328735,0,5,0,0
746,0,3,52.135059941835515,45.93080897161187,1,9,1,0
747,0,3,88.1929581853037,42.9149379980551,0,6,1,1
748,0,3,42.076072918478744,15.85920280910965,0,2,0,0
749,0,3,42.78226549134931,35.791674206532925,1,7,1,0
750,1,3,58.63685626292633,58.3184034628069,1,5,1,1
751,0,3,14.941381242244429,25.32026091108564,0,4,0,0
752,1,3,45.53212257314766,58.89914626830774,0,6,0,1
753,1,3,12.51782125872597,21.32767785253009,0,2,0,0
754,0,3,39.67342911080481,31.35846934328912,0,4,0,0
755,1,3,32.66755025065173,42.9433293307922,0,6,1,0
756,1,3,44.53443214821578,44.812201694805935,0,5,0,0
757,1,2,57.71434727984378,72.22163901632119,1,3,0,1
758,1,3,52.90595516256081,50.10214797577306,0,3,0,1
759,0,3,49.99282294522696,25.530313057029765,0,2,1,0
760,0,3,48.498657184910016,34.21390732185649,0,2,1,0
761,1,2,52.145329654898994,59.487394990240276,1,4,1,0
762,0,3,33.827513138082985,30.454106772020822,0,6,1,0
763,0,3,46.73058484187671,25.66239755463711,0,8,1,0
764,0,3,38.61652466095832,32.146211711114326,0,7,1,0
765,0,3,42.90014357323901,23.18203247318856,0,4,1,1
766,1,3,79.91633022039382,72.05631573223778,1,5,1,1
767,0,2,59.79367841291219,50.536608101047584,1,7,0,1
768,0,2,46.110025010613384,31.881653076505184,1,4,1,1
769,0,3,80.59880782251378,59.21133623594037,1,7,1,0
770,0,3,32.125735784654665,34.197559021429534,0,2,1,0
771,1,3,33.961132750007714,37.6241888102067,0,4,1,0
772,0,3,36.95506962671587,25.006829108830363,1,6,1,0
773,0,3,63.15517997609047,53.9643877921345,0,8,1,1
774,0,3,47.02107229800628,49.37866438077574,0,9,1,0
775,0,3,62.891727157415374,39.709626532686585,1,4,1,0
776,0,3,20.76173074603655,15.223072617506132,0,7,1,0
777,1,3,40.76452876069114,40.993781301825905,0,5,0,0
778,1,3,41.7081174085565,50.07498299339677,0,4,1,0
779,0,3,34.37074555092107,29.677436015266835,0,3,1,0
780,0,3,52.99078982953756,43.710869728956716,0,7,1,0
781,0,2,59.7695260077587,47.534746879821704,1,9,1,1
782,0,2,39.3723810760006,20.77450229231667,0,4,1,0
783,0,3,43.68087537357309,33.4992440040533,0,5,1,0
784,0,2,45.81644167741478,25.010787337558625,0,2,0,0
785,0,3,27.853087033628572,10.222960328242554,0,2,0,0
786,0,2,69.82796694549285,49.04407407496637,1,7,1,1
787,0,2,56.17002124410854,49.339972909196504,1,6,1,0
788,0,3,46.54285792321319,28.74126369318013,0,5,1,0
789,1,3,62.43284038887901,73.14525887615132,1,4,1,1
790,0,3,6.720115195364951,0.3890253909494086,0,3,1,0
791,0,3,71.2773410282822,41.071624609047085,1,5,1,0
792,0,3,65.60318180658189,53.12396996350425,1,5,1,1
793,0,3,55.301624493988314,41.62966973719713,0,7,1,0
794,0,3,45.758478726011624,34.37752425170579,0,7,1,0
795,0,2,62.90570209293037,46.454026590083096,1,6,1,1
796,0,3,57.46884303797441,36.533049470351045,0,3,0,1
797,0,3,61.08447725651814,37.319065565195366,1,6,1,0
798,1,3,52.81758405298268,55.552613239678855,0,4,1,0
799,0,3,74.55817169687596,37.80448818141228,1,2,0,1
800,0,3,56.29476999947303,33.007815148638606,1,4,1,0
801,0,3,37.624534356408454,28.70325749624255,0,5,1,0
802,0,3,54.371591231413575,47.33785343726084,0,7,1,0
803,0,3,75.94828224545886,47.531899531398416,1,3,1,1
804,0,3,34.189053531494714,14.740520768689958,0,3,1,0
805,0,3,75.83430175449827,58.5572908907066,1,6,0,1
806,0,3,0.0,42.59179096622446,0,6,1,0
807,0,3,70.93926569877911,57.49114011121115,1,6,1,0
808,0,3,36.91854729574795,28.451150555093943,0,5,1,1
809,1,3,48.57414273879627,63.830620231083884,0,4,0,1
810,1,3,49.89772796721824,57.081501685492945,0,10,0,1
811,1,2,45.93122611902477,49.89188526772607,0,2,1,0
812,0,2,78.59492867306307,63.13172810860005,1,7,1,1
813,1,3,30.64192203139159,36.642252156731246,0,4,1,0
814,0,3,75.41143664870849,58.956974156279884,1,7,0,1
815,0,3,45.6541453268416,40.94263772091444,0,6,1,0
816,0,3,39.30435855917724,34.13254152210759,0,3,1,0
817,0,2,51.963829662638105,29.28262335653204,0,3,1,0
818,1,2,43.8090727553093,56.71333379061849,1,5,0,1
819,0,2,54.24244425623157,43.19331819875891,0,4,1,0
820,0,2,54.82066422816216,39.78995414558619,0,5,1,0
821,0,3,67.60148464329899,53.06585106321423,1,6,1,1
822,0,3,33.58657598222926,28.527774081441905,1,9,1,1
823,0,3,52.5535427087145,45.34335796887034,0,8,1,0
824,0,2,47.706397587489214,36.45585929769097,0,9,1,0
825,1,3,65.0893266248384,68.23932692632941,0,6,0,0
826,0,3,62.60017046494081,38.81391240783163,0,4,0,0
827,1,3,36.113294578505396,34.17120716817053,0,2,0,0
828,0,3,37.36737238012353,19.41486591423242,0,3,1,0
829,0,3,51.180446016087664,39.64228752005253,0,5,1,0
830,1,3,29.842417480037817,38.92626715863099,0,6,0,0
831,0,3,55.51654941560536,45.648870800094265,0,6,1,0
832,0,3,55.41755374340446,29.164177626878775,1,2,0,0
833,0,3,42.287306073449514,44.86349955384148,0,9,1,0
834,1,3,71.77838765518361,81.49133582697448,1,7,0,1
835,0,3,49.97429190388199,39.205745718236244,0,4,1,1
836,0,3,89.60515751264111,75.39251306525739,1,8,0,1
837,1,3,44.08758827349008,55.5563545652489,0,9,0,1
838,0,3,45.017257176034995,54.678867607490076,0,12,1,0
839,0,3,43.96418607937866,24.587833757268346,0,3,1,0
840,0,3,49.91624487895368,33.425729421853475,0,6,1,0
841,1,3,48.17849902420809,55.06181353692077,0,3,0,0
842,0,3,38.60377668821235,40.24672747265615,0,8,0,0
843,0,3,43.51314512304139,34.153458175983445,0,4,0,0
844,1,3,48.20364290577511,42.685690407676105,0,3,0,0
845,0,2,70.51244836307926,45.75192957667148,1,2,1,1
846,0,3,47.4346811484579,29.5315855356705,0,2,0,1
847,0,3,36.48289107532869,28.541665210523433,0,4,1,0
848,0,3,43.444415016726055,27.74360509965724,0,6,1,0
849,0,3,56.26351199406307,43.43769149045916,0,5,1,1
850,0,2,73.55097785666513,36.67030666224265,1,2,0,1
851,0,3,21.939448445418776,28.73212366628004,0,7,1,1
852,1,3,44.10301458486995,62.87752206486834,0,7,0,1
853,0,3,53.058923476222766,41.15005957593942,0,6,1,0
854,0,2,34.586333871214116,24.920551268644832,0,8,1,0
855,0,3,32.177139307686794,21.848039012308988,0,8,1,0
856,0,3,33.12783722154686,28.583647629608723,0,4,1,0
857,0,2,37.02627087804387,18.867068716736103,0,4,1,0
858,0,3,73.86210814894149,45.550282136709974,1,4,1,1
859,0,3,53.14427612554348,26.066681926366954,0,2,1,1
860,0,2,28.973002365170682,10.828154787094041,0,4,1,0
861,0,2,42.79334654812675,19.62037905026963,0,3,1,0
862,0,3,54.66827252691339,42.80609358945618,0,6,1,0
863,1,3,41.537536904376985,46.091288611427096,0,6,1,0
864,1,3,45.49266306563661,53.71743284969554,0,7,1,0
865,0,3,47.640467696771914,46.28230229556376,0,8,1,0
866,0,1,52.48739828126479,25.1880991396225,1,2,0,0
867,0,3,54.373112143335206,42.0678733969502,0,5,1,0
868,0,3,43.897203584228286,46.66557223636636,0,8,1,1
869,1,3,55.93923458923935,83.8677834396773,1,13,0,1
870,0,3,57.317967385098314,43.21020866532574,0,4,0,0
871,0,3,45.43899090628569,26.978490155446927,0,4,0,0
872,1,3,22.67904070026639,44.428474348617506,0,4,0,1
873,0,3,55.98747741155744,42.61561047336737,0,3,1,0
874,0,2,67.48403297875096,42.645235723616935,1,3,1,1
875,0,3,59.848200984010475,52.07677499228775,1,8,1,0
876,0,3,38.8342626463057,32.380827245077924,0,5,1,0
877,1,3,56.26544275180158,64.65348523255909,0,4,0,1
878,0,3,35.70115643504517,18.345953099395327,0,7,0,0
879,1,2,12.587836873562743,44.08901449462647,0,8,0,0
880,0,3,37.55085980480038,20.713968933061533,0,4,0,0
881,1,3,65.44016451838445,35.823407591794854,0,2,0,0
882,1,3,72.67978585416016,62.24647754781005,1,4,1,0
883,0,3,45.35922928254123,35.39455536944263,0,5,1,0
884,0,3,46.70982694295404,41.625644675049216,0,6,1,0
885,1,3,29.74771860066516,45.462959487555715,0,5,0,0
886,1,3,61.17906435986433,69.3555896373735,1,4,0,0
887,1,3,26.766548194342665,44.9197170896924,0,6,0,0
888,1,2,55.18281999388327,45.50956445057599,0,3,0,0
889,1,3,31.51533526600616,48.57045710179252,0,6,1,0
890,0,3,58.267549684973595,40.101027813258575,1,3,1,1
891,0,3,74.71339404810568,64.45493037986529,1,8,0,1
892,0,3,60.80122227899616,41.79387344788944,0,3,0,1
893,1,3,36.35061882353749,65.31083509036077,0,13,0,1
894,0,3,26.10213306982059,26.828066952220592,0,6,0,0
895,0,3,46.91331153376137,42.388639336735366,0,6,1,1
896,0,2,70.57086222892242,37.316934300453845,1,4,0,1
897,0,3,57.08713529597891,30.325184640768548,0,5,1,0
898,1,3,51.94040446279105,59.76451627049418,0,5,0,1
899,0,3,45.57925196716282,22.813618272129876,0,4,1,0
900,0,3,65.59050313467796,41.48324889799913,1,4,1,0
901,0,3,14.225616262172249,35.20293001664134,0,0,1,0
902,1,2,28.615412899780853,38.9010355079777,0,3,0,0
903,0,3,44.335222225414206,21.625930640496048,0,2,1,0
904,0,2,58.91148222017014,28.87662199020985,0,2,1,0
905,0,3,43.33781087252807,28.946631668966422,0,6,0,0
906,0,2,42.50910925555414,34.5075174381817,0,8,1,0
907,0,2,54.95168068597107,40.00569398722075,1,4,0,1
908,0,3,2.629291290380607,6.562706069868758,0,2,0,0
909,1,3,82.34661535130796,52.971876458878185,1,1,0,1
910,0,2,32.43415833525191,4.7122287107907646,0,1,1,0
911,0,3,74.94533272051045,43.14341064194856,1,3,1,0
912,0,3,62.187614529939026,34.29968777628667,0,4,1,1
913,0,3,35.19009626108235,24.792049366471183,0,2,1,0
914,0,3,36.52203478139602,20.9073612417408,0,4,1,0
915,1,3,72.97319463438826,61.5574571010178,1,2,1,1
916,0,3,49.011086050490015,26.808371862346302,0,4,1,0
917,1,2,48.82824438355715,63.4501237832688,1,2,0,1
918,1,3,40.49442052338511,42.97090606100325,0,3,0,0
919,0,3,43.68521517521888,24.764371904509485,0,6,0,0
920,1,3,66.11583946627135,57.25740281531484,1,4,0,1
921,1,3,55.48904943541975,60.786976850998336,0,4,1,0
922,0,3,31.059196395420148,9.519815946548347,0,1,0,0
923,1,3,32.66882424870089,46.50287174678723,0,9,1,1
924,0,3,44.87456673014541,39.94139600050893,0,6,0,0
925,0,3,40.48162924994499,24.515627839916178,0,5,1,0
926,0,3,40.465103850948225,26.655213662066405,0,2,0,0
927,1,3,73.77216634755277,59.38540708281619,1,4,1,1
928,0,2,50.9312694437063,26.771632404522823,0,5,1,0
929,0,3,43.633310978623676,26.282519849874248,0,2,1,0
930,0,3,37.33133585593265,16.65599826949439,0,8,1,0
931,1,3,58.91468490530541,64.88258098654411,0,5,0,0
932,1,3,43.579741570939646,53.71754540559701,0,5,0,0
933,0,2,25.581065062572605,29.307351916623826,0,8,1,0
934,0,3,46.13480297860323,37.84660498417753,0,5,1,0
935,1,3,35.70376916648489,37.85423530577938,0,2,0,1
936,0,3,50.47900403720723,41.91564020677767,1,4,0,0
937,1,3,95.31515247564093,61.50315872380891,0,3,0,1
938,1,3,52.87749794941309,69.24116566386908,0,8,0,1
939,0,3,30.994083590436514,15.966631596939095,0,5,0,0
940,0,3,59.72041397154106,39.96406393567004,1,7,0,1
941,0,3,47.09296333554805,31.522246463481356,0,3,1,0
942,0,3,46.4542673497263,36.05188603170779,0,6,1,0
943,0,2,55.64877973308345,31.43776514725384,1,4,1,0
944,0,3,64.70786931431304,33.30587322787721,1,3,1,1
945,1,2,61.42790085714437,56.840545922836746,1,5,0,1
946,1,3,45.49605735660934,52.82056811391207,0,3,0,0
947,0,3,0.0,2.7591504122024553,0,5,0,0
948,0,2,74.19042250319688,56.8459929755431,1,5,1,1
949,0,3,42.93712194162972,18.765934550302383,0,4,0,0
950,1,3,77.76438171796633,72.36776364491674,1,9,0,1
951,0,3,61.76380816152409,39.92210465105812,1,3,1,0
952,0,3,33.92336355917655,33.68597784751095,0,7,1,0
953,0,3,31.998029866687066,20.19649577896831,0,4,1,0
954,0,3,54.99361455980057,35.06789647904462,0,8,0,0
955,1,3,48.5878493929623,48.213069060711334,0,7,0,0
956,1,3,39.813202808846,56.689949627762154,0,5,0,1
957,1,3,47.79152158822825,54.04101441429318,0,4,1,0
958,0,3,35.81842673057163,38.83608818643509,0,9,1,1
959,0,3,15.276129417983466,24.169360415467263,0,8,1,0
960,0,3,50.83155503825684,36.16945091777658,0,6,1,0
961,1,3,52.43504174363564,59.11918723605029,0,9,0,1
962,0,3,68.73129053844436,38.439772616601246,1,3,1,0
963,0,3,36.38980385960631,33.9051934856856,0,7,1,0
964,0,3,57.44789948716148,32.89166256955794,0,2,1,0
965,0,2,51.55090862181928,29.5028891391164,0,4,0,1
966,1,3,19.265692967696495,43.69190115986837,0,9,0,0
967,1,3,28.909492580873007,38.3170742953189,0,2,0,0
968,0,3,56.66260205059445,48.98236073039853,0,7,1,0
969,0,3,50.585759551872414,35.2535563967474,1,2,1,0
970,1,2,55.449337876352416,53.62206114222561,1,1,1,0
971,0,3,31.31268431575804,41.84050376307154,0,7,1,0
972,0,3,43.74778587761553,29.93884311320958,0,7,1,1
973,0,3,31.289318643447093,12.655299475156042,0,5,0,0
974,1,2,40.48635730337364,39.028397324785594,0,3,0,0
975,0,3,45.63741589609071,31.627987959753558,0,2,0,0
976,0,2,59.95344307490827,29.909775171855784,1,4,1,0
977,0,3,58.71900059204949,35.486381445549085,1,4,1,0
978,0,2,32.656877805651945,13.708177100945093,0,5,1,0
979,1,3,58.58184726628883,63.46592340626642,0,5,0,1
980,1,3,61.560769257232565,60.06940433772877,1,2,0,1
981,0,3,53.89301618107266,42.97171332677202,1,8,0,1
982,1,3,91.74870771076843,74.59421359476362,1,5,0,1
983,0,2,44.44305508068385,27.74358069086562,0,5,1,0
984,1,3,44.95255519493235,67.19968700372097,1,4,0,1
985,1,3,64.15117386387936,68.3506857627967,1,6,0,1
986,0,3,59.71160249303984,33.20881631981884,0,7,1,0
987,0,3,46.60053395208768,26.416079567252844,0,4,1,0
988,0,3,44.41868511750118,34.82922994484053,0,7,1,0
989,0,3,52.35497265832567,21.192076714132774,0,4,1,0
990,0,3,53.31128990908165,40.26608829157681,0,4,1,0
991,1,2,46.68768659707322,56.04969131002601,0,3,1,0
992,0,3,8.29082450519117,16.043827513997567,0,6,1,0
993,0,3,78.33396054757681,47.37161221048991,1,6,1,1
994,0,3,38.50823040533744,25.26730342272549,0,3,1,0
995,0,3,32.77839767374019,29.76777106492104,0,7,1,0
996,0,3,43.07070616895439,32.449833972995734,0,3,0,0
997,0,3,15.254151155568676,19.0623069290544,0,6,1,0
998,1,3,35.37694280705778,49.34207792756133,0,7,0,0
999,0,3,63.57784475562691,62.97472494347851,1,7,1,1
1000,0,3,58.51519060347077,46.774212775076506,0,2,1,0
1001,1,3,47.51725556310895,45.53106132100379,0,3,1,0
1002,0,3,50.39667611707454,33.98027330089688,0,6,1,0
1003,0,2,48.2210594750595,27.981725119332566,0,3,1,0
1004,1,2,25.700119761840444,38.520459468552446,0,2,0,0
1005,1,3,72.54055189349265,63.89925488944854,1,5,0,1
1006,0,3,61.48203584997381,50.996327947286055,0,6,0,1
1007,0,3,29.775176329320225,24.28371386619113,0,7,0,0
1008,0,3,73.53417370425727,54.01855820020308,1,6,1,0
1009,0,2,58.753021715156606,41.73181816892883,1,2,1,0
1010,0,3,51.94328408050367,26.98517621413924,0,3,1,0
1011,0,3,71.77519831740894,56.64120429013558,1,6,1,0
1012,1,3,47.58272517155469,60.29479038648024,0,4,1,0
1013,0,3,50.44638671202949,21.059061380634645,0,0,1,0
1014,0,3,50.67940438149159,33.87187296138676,1,3,0,0
1015,0,3,30.581671355381086,38.63667745398322,0,8,1,0
1016,0,3,56.17793542669514,31.84385263912382,0,5,1,0
1017,1,2,30.40264851457937,44.22331208979915,0,6,0,0
1018,1,3,35.799314687491396,59.211414520083395,0,9,1,0
1019,1,3,77.42311285261385,65.93846465604547,1,4,0,1
1020,0,3,66.42744109889024,49.29808538355698,1,4,0,1
1021,0,2,40.02918244453776,19.147072104889588,0,3,1,0
1022,0,3,48.036294353079285,42.17399026785078,0,2,1,0
1023,0,3,48.52916027672469,38.625627388065496,0,3,1,0
1024,0,3,51.32356028809112,26.791931043270097,0,4,1,0
1025,0,1,63.18906012739459,38.45509345144737,1,6,1,1
1026,0,3,39.11319769741406,24.488567481016847,0,6,1,0
1027,0,3,49.233678628922334,39.63451711461733,0,4,1,1
1028,0,3,59.62947114221097,24.0621095873533,0,3,0,0
1029,0,3,36.56421285405758,23.043766719736137,0,6,1,0
1030,0,3,52.18313860664889,41.86737364228243,1,7,1,1
1031,0,2,50.92628828730407,37.22294810448961,0,3,1,0
1032,0,3,51.033430362588945,38.13563888457725,0,7,0,1
1033,0,2,75.07738686534464,54.87165475292671,1,5,1,1
1034,0,3,36.335929316887885,26.415609083474948,0,2,1,0
1035,0,3,30.36258229167394,26.554329080885424,0,4,0,0
1036,0,3,36.20952559392548,20.546743310509886,0,1,0,0
1037,1,3,55.20406152443659,47.984539774196946,0,3,0,0
1038,1,3,63.2226731323459,47.78801198210237,0,3,0,0
1039,0,3,26.862480493677175,22.847620011039886,0,4,1,0
1040,0,3,25.945902392762402,29.058193737874994,0,12,1,0
1041,0,3,86.46200235973234,56.46095555066105,1,4,1,0
1042,0,3,60.93008976040336,33.8448003774436,0,4,1,0
1043,0,3,40.67879093241495,31.90639817558916,0,5,0,0
1044,0,3,49.23757997713128,24.565304295875265,0,3,0,1
1045,0,3,28.378043385926947,19.618715416453306,0,6,1,0
1046,1,2,53.92184457186055,53.874041521497524,1,4,0,1
1047,0,3,29.04472767914498,16.231664247559188,0,5,1,0
1048,0,3,18.80432282137963,7.651951507207281,0,4,1,0
1049,1,3,41.86482545183399,50.03277954882231,0,3,0,1
1050,1,3,67.46996305268857,50.36942620404733,1,2,0,1
1051,0,3,73.51237446820588,32.66224652462361,0,3,1,0
1052,0,3,34.85163032815717,36.40037375812729,0,4,1,1
1053,0,3,46.34033622586478,40.120804252736505,1,5,0,0
1054,0,3,56.82948321787496,46.55349991856487,0,7,1,0
1055,1,2,55.56724577690495,39.37584920289592,1,3,0,1
1056,0,3,59.95720430777659,40.43311108211658,1,8,1,0
1057,0,3,32.56823276321341,23.583357489945417,0,5,1,0
1058,0,3,80.32236957215525,58.71265414841622,1,3,0,1
1059,0,3,62.41172546955201,35.77026108713227,0,2,1,0
1060,1,3,49.565203115784335,49.38063496142524,0,3,0,0
1061,1,2,69.72459499820673,68.17282365576212,1,7,1,1
1062,0,3,68.02494696845733,46.93062087167886,1,3,1,1
1063,0,3,46.749409724061614,29.857221900583117,0,6,0,0
1064,1,3,55.85921653898807,60.90530743320451,0,4,0,1
1065,1,2,76.2300422107764,57.69923301270541,1,2,0,1
1066,1,3,47.82009646718601,52.69240584759744,0,8,0,1
1067,0,3,57.91200116136849,30.45804490930076,0,5,1,0
1068,0,3,29.176350429633953,21.42492089279101,0,3,0,0
1069,1,3,51.75986017887943,44.12521337223819,0,4,0,1
1070,0,3,40.1667127783777,16.334989817927358,0,3,1,0
1071,0,3,81.14070981942318,55.65285794454569,1,3,1,1
1072,0,3,73.35372682003367,50.831742608691144,1,3,0,1
1073,0,3,73.87812749119983,68.76422984252892,1,9,1,1
1074,1,3,26.204208277659855,38.23925327931464,0,3,0,0
1075,1,2,49.46598368335283,44.24981782283296,0,3,1,0
1076,1,3,47.80140204704001,63.38360990155635,0,4,0,0
1077,1,1,100.0,51.19410436557319,0,2,1,1
1078,1,2,30.578272235719247,39.89246881704578,0,7,0,0
1079,1,3,81.0565399531835,77.17048037337614,1,4,0,1
1080,0,3,47.692258253478556,21.637265620204975,0,2,1,0
1081,0,3,67.60565607389869,39.52773009191528,1,3,1,1
1082,0,3,66.99810197132032,40.482322983516056,1,5,1,0
1083,0,2,12.643794069128418,5.266737157976464,0,4,1,0
1084,0,3,60.86670770048835,44.263622026735305,0,2,1,0
1085,0,3,46.3088556348231,38.10304931566367,0,9,0,1
1086,0,3,53.232490709019686,25.06522634788476,0,1,1,0
1087,0,3,48.888694720163144,28.992812622812174,0,4,0,0
1088,1,3,42.22351161944692,56.659495300135724,0,5,0,0
1089,0,3,18.465410070455086,21.290885470239232,0,6,1,0
1090,0,3,50.88425401911373,33.0476079653116,0,5,1,1
1091,0,3,57.05000855785593,43.356583568621076,1,4,1,0
1092,1,3,35.41606385997443,51.25663336631308,0,9,1,0
1093,0,3,54.20821122904925,27.6620966745098,0,4,1,0
1094,1,3,47.33137321555444,51.70523348230266,0,3,0,1
1095,1,3,50.61319289119014,59.04228044561967,0,5,0,1
1096,0,2,74.76484284994957,43.20611208610439,1,4,1,1
1097,0,3,21.494311341949782,0.0,0,3,1,0
1098,1,3,34.98200536737651,33.84935127563081,0,2,1,0
1099,0,3,19.899092734070273,4.559085651052338,0,1,1,0
1100,0,3,37.240449678406236,22.25650385449716,0,5,1,0
1101,1,3,62.45431002769729,65.05965032886913,1,3,0,1
1102,0,3,47.57241899191452,34.028564563212136,0,7,1,0
1103,1,3,49.167692365206115,57.37909100755596,0,6,0,1
1104,1,3,47.861664625318305,58.70146683667584,1,3,0,1
1105,0,3,29.37155069658038,23.67675246706521,0,4,1,0
1106,0,2,54.36642538935612,43.79731460471615,0,4,1,0
1107,1,3,53.55671803818381,63.029563344907004,1,7,0,1
1108,1,3,40.213101647250426,45.68803535135162,0,8,0,0
1109,1,3,60.28510370671141,63.622450234584534,0,5,0,1
1110,0,3,69.47992314330216,43.72480493345179,1,3,1,1
1111,0,1,68.41993322061349,49.667095439504415,1,3,0,1
1112,1,3,40.78667974469494,42.27489520568922,0,3,0,0
1113,1,3,46.35832939264107,54.86701817839676,0,3,0,0
1114,1,2,96.99358258574225,100.0,1,10,0,1
1115,0,3,55.231009543514595,38.52122023015033,0,5,0,1
1116,1,3,50.06827724861016,63.05944427506283,0,7,0,1
1117,0,3,14.89391121584892,7.17150484038875,0,5,1,0
1118,1,3,31.844073847987563,41.91969089359515,0,8,0,1
1119,1,3,44.975273867060714,49.90041655501861,0,6,0,1
1120,0,3,76.78663478615269,50.6196192524979,1,2,0,0
1121,1,3,18.787329999564687,45.72633811254527,0,7,0,0
1122,0,3,51.064127144150234,39.890926093484886,0,6,1,1
1123,1,3,58.16967764469547,65.415607256295,0,5,0,0
1124,1,3,62.58906143786447,46.062251921949965,0,3,0,0
1125,1,3,43.02572144184176,54.410866298517604,0,6,0,1
1126,0,2,32.246186857911184,19.94654500913498,1,6,0,0
1127,0,3,51.41147396870214,40.620435471945235,0,3,0,0
1128,0,2,62.9990631274347,41.884610854442315,1,4,1,0
1129,0,3,48.75508626864435,17.600884834488177,0,0,1,0
1130,0,3,64.66239604538325,46.41867464345747,1,5,1,1
1131,0,3,52.85508335939577,40.06402098235399,1,4,0,0
1132,0,2,73.62951254414516,45.76800502111412,1,5,1,1
1133,0,3,6.376684408738711,31.10151636575408,0,4,1,0
1134,0,2,42.701796456697984,22.550575110446314,0,8,1,0
1135,0,3,49.350676591599914,39.73839305997719,0,5,1,0
1136,0,3,43.20431037262678,32.9149677726978,0,3,0,0
1137,0,3,0.0,0.0,0,3,1,0
1138,0,3,35.932678968076445,32.01931872785051,0,5,1,0
1139,0,3,24.752642736096185,12.624734466436944,0,2,1,0
1140,0,3,59.532789801946365,46.833053962261836,0,6,0,0
1141,0,3,56.442200747450705,36.553718163702314,0,4,1,0
1142,0,3,76.42510040824403,58.196160910565865,1,6,1,1
1143,1,3,49.946921089797144,51.74655216345008,0,4,0,0
1144,0,3,53.73848530483271,45.69699098787282,0,7,1,1
1145,0,3,34.50240402869994,23.909952393062323,0,5,0,0
1146,0,3,15.90207349466811,19.646661376457494,0,10,0,1
1147,0,3,67.3061490299963,40.48355392435603,1,6,1,1
1148,0,1,39.70396134644622,26.642451760830102,0,2,1,0
1149,0,3,9.486069623362738,16.26641285259683,0,4,1,0
1150,1,3,48.53063224456953,55.725985154788425,0,4,0,1
1151,0,3,15.821993733193505,10.462293884977646,0,5,1,0
1152,1,2,59.92823344867847,58.17389730501202,1,7,0,1
1153,1,2,69.5730642260451,78.13294614955481,1,7,0,1
1154,0,3,54.28322735390511,35.32885360573616,0,1,1,0
1155,0,3,36.182614631143274,28.994185389623937,0,3,1,0
1156,0,3,50.1260878978206,38.92557988318823,0,5,1,0
1157,0,3,59.00323829141875,40.10801116211249,1,6,1,0
1158,0,3,59.5428789516796,41.99152495179132,0,2,1,0
1159,0,3,27.303380868576795,20.534643735099827,0,6,0,0
1160,0,3,38.42797144417432,18.697172239697153,0,4,1,0
1161,1,3,69.02804384252161,60.3899427948758,0,4,0,1
1162,0,3,63.962488677442465,40.012776271194,1,6,0,1
1163,0,2,31.928458209761505,26.596965370490654,0,9,1,0
1164,1,3,36.266034072463164,38.417404392679565,0,4,0,1
1165,0,3,64.5846635172264,51.23110802317321,0,9,1,1
1166,0,3,52.52153750348388,30.105197801521104,0,4,1,0
1167,0,3,51.207657831964106,35.48533184406055,0,7,1,0
1168,0,3,48.320904500740134,35.450416436596115,0,5,1,0
1169,0,3,60.270663138400955,43.20550032583895,0,6,1,0
1170,0,3,25.38398700969517,23.506581931654917,0,5,1,0
1171,0,3,24.734764250491494,10.481325917217761,0,4,1,0
1172,0,2,46.28359260421284,41.24605449403498,0,3,0,1
1173,0,3,53.37812905465606,31.728261890386708,1,3,0,0
1174,0,3,92.03974435299875,53.55476968668448,1,6,1,1
1175,0,3,18.907695035654587,12.713827507371619,0,5,1,0
1176,1,3,66.52666290337348,73.71517615930267,1,4,0,1
1177,0,2,58.90809104340068,56.375140924197254,1,7,1,0
1178,1,3,80.34862078303854,79.22117382392227,1,3,0,1
1179,0,2,46.88584811142991,25.42350310374932,0,4,1,0
1180,0,2,79.6791749917668,48.02824096591327,1,3,1,1
1181,0,2,54.26461095019035,29.449948774595626,0,2,0,0
1182,0,3,62.25892972746752,35.009558911590815,0,4,0,0
1183,0,3,59.450026397321324,48.45469231578787,1,5,1,0
1184,0,3,41.46919422910892,36.65993777770166,0,3,1,0
1185,0,3,44.09993613848377,21.877246502612863,0,3,1,0
1186,1,3,52.43147592357911,61.54161798695161,0,10,0,1
1187,1,3,44.554515439557576,50.47202101370995,0,3,0,0
1188,0,3,34.480684110820214,14.07672436013342,0,5,1,0
1189,0,3,30.335970135299082,7.303719700572573,0,2,1,0
1190,1,3,65.62048602330096,61.94092332270994,1,2,1,0
1191,0,3,49.8158017559961,35.38337603165957,0,6,1,0
1192,0,3,60.01029127265251,49.95263205668808,0,5,1,1
1193,0,3,40.08823810178708,27.61194303981551,0,4,1,0
1194,0,3,51.29054821935141,44.1868266176522,0,7,1,0
1195,1,2,45.56086258098422,47.69461219517289,0,3,0,0
1196,0,2,66.87032491364987,39.548442122249476,1,3,1,1
1197,0,3,56.6241637224648,33.075315892037025,0,4,0,1
1198,1,2,50.81443338885699,60.28674448610243,0,6,1,0
1199,1,2,51.483433152563435,58.918977572464485,0,9,0,1
1200,0,3,40.57893141026096,25.559054773260325,0,6,0,0
1201,0,3,50.08619785657578,20.36090266720213,0,1,1,0
1202,1,3,34.05968253895491,47.806882674943964,0,4,0,0
1203,0,3,47.88838091114293,34.596840022641075,0,2,1,0
1204,0,3,100.0,40.162449684064995,1,6,1,0
1205,1,2,35.44211950167696,48.77822378328943,0,7,1,0
1206,0,3,50.579868852290545,38.21362373677391,1,3,0,1
1207,0,3,56.23488362828767,49.56645359486411,0,7,1,0
1208,1,3,3.3847606350463817,25.859900328754854,0,3,0,0
1209,0,3,49.35193684635181,41.661847745763446,0,5,1,0
1210,0,3,42.68097531157749,33.51781335517691,0,9,1,0
1211,0,3,50.05186088124018,30.499808034302156,0,5,1,0
1212,0,3,44.9223092083391,34.34702776783425,0,3,0,0
1213,0,3,37.177961166306176,23.100056022977967,0,6,1,0
1214,0,3,45.51815039010564,33.38103665485742,0,3,1,0
1215,1,3,0.0,51.64957302166578,0,8,0,0
1216,0,3,85.94300354997465,42.09806524387082,0,7,1,1
1217,0,2,62.85477130214009,40.92896725100459,1,3,1,0
1218,0,3,46.05777830347711,42.94679933885895,0,11,1,0
1219,0,3,73.15445990120331,39.525212538909955,1,4,1,1
1220,0,3,44.37736434800688,27.44907748563027,0,5,1,0
1221,0,3,41.334160712429785,26.731799069595173,0,6,0,0
1222,0,2,63.11003939590449,34.05331591353667,1,5,1,1
1223,0,3,71.02746322867384,70.9697366062324,1,7,0,1
1224,1,2,44.92461035746403,49.30513694087403,0,8,0,1
1225,1,3,34.551566882247606,61.91638155151383,0,8,1,1
1226,0,3,56.19751450512628,40.06742549977644,1,3,0,0
1227,1,3,32.570126822550066,40.97988811742964,0,4,0,0
1228,0,2,37.4355718566419,16.62274072947782,0,3,1,0
1229,1,3,49.29769253273386,58.102119630216926,0,6,1,0
1230,1,3,40.5713477128277,50.01714338337054,0,2,0,0
1231,0,2,31.234560588865328,38.97619512585674,0,10,0,1
1232,0,3,58.677211027945475,44.26755279454995,0,4,1,1
1233,1,3,37.21438166787115,45.54568177092938,0,3,1,0
1234,0,2,37.940201915971876,15.534718907403269,0,5,0,1
1235,0,2,44.66720029096831,34.153171111846476,0,4,1,0
1236,0,3,32.62281470802737,19.371674968223115,0,6,0,0
1237,0,3,34.65278472199522,12.807128851859174,0,1,0,0
1238,0,2,32.909732402541565,8.581263836813468,0,1,1,0
1239,0,3,64.4557873582574,51.92863335491515,1,5,1,1
1240,0,3,78.9110192977122,63.62644445516257,1,5,1,1
1241,0,3,56.603208035347095,36.462713640273,0,8,1,0
1242,0,3,64.95877665258188,40.5056441338573,1,5,1,1
1243,0,3,38.20589650782897,26.532552308488047,0,5,1,0
1244,0,3,71.03795773060136,54.97559173694381,1,6,1,1
1245,1,3,45.53828650364412,64.36253517447692,1,5,1,1
1246,0,2,12.562713236044807,27.052635466654568,0,5,1,0
1247,0,2,59.3691624343748,50.297352982343135,1,6,1,0
1248,0,2,42.55203212417132,29.773651055902818,1,3,1,0
1249,1,3,59.49085531456346,64.64938570742795,1,8,0,1
1250,1,3,57.04418826465243,54.017411794852435,0,4,0,1
1251,0,3,39.13069933086312,42.45230056380394,0,5,1,0
1252,0,3,67.50536037963677,38.45130260037596,1,0,1,0
1253,1,3,49.899832518636785,49.19816748443064,0,5,1,1
1254,0,3,36.67660414897246,25.18318546054786,0,5,1,0
1255,1,3,80.4110365474806,69.66241070385227,1,7,0,1
1256,0,2,34.01049557700109,32.395080356923636,0,6,1,0
1257,0,3,64.07100489206796,37.66295493356155,1,4,0,0
1258,1,3,64.40008215372353,59.88366440258857,0,3,0,1
1259,1,2,61.48442130805375,57.93966559862885,1,6,0,1
1260,0,3,26.03559733092579,40.91206221418653,0,9,1,0
1261,1,3,53.25461984043111,45.37749835767038,0,3,0,0
1262,1,3,78.45230880339508,64.3969428338839,1,1,0,0
1263,0,2,47.9964274496964,30.053363772056322,0,7,1,0
1264,1,3,52.0399866955975,66.69718705686434,0,6,0,1
1265,1,3,50.16883130197537,46.697524645653715,0,4,1,0
1266,0,2,61.87338986289383,41.322952639986205,1,2,1,1
1267,1,3,44.81052218455925,51.95388561752566,0,4,0,1
1268,1,2,40.45634806021056,52.50200850557988,0,6,0,1
1269,0,3,41.555959195431505,32.93258605289109,0,8,1,0
1270,0,3,62.784489985146685,35.463225481004265,1,5,1,0
1271,0,3,32.80071213015964,23.946855703477805,0,1,1,0
1272,0,3,47.30147998272912,26.448908866499934,0,4,1,0
1273,1,3,47.457736500145344,68.47577253459707,0,8,0,1
1274,0,3,57.997813896104574,46.21444671372509,0,5,1,1
1275,0,3,35.80593435634377,44.76221113243977,0,7,1,1
1276,0,3,64.06408493910763,48.66365122925843,1,5,0,1
1277,0,3,43.61473550418762,18.274842409004428,0,2,0,0
1278,1,3,70.838700520003,86.24133536741742,1,8,0,1
1279,1,3,35.477302273878536,54.10097889296774,0,5,0,0
1280,0,3,54.26459369319436,44.01360998879951,0,11,1,1
1281,0,3,49.605105347959594,35.36785324689372,0,8,1,0
1282,0,3,36.602029915218786,22.346102967713517,0,4,1,0
1283,0,3,54.76934846773654,38.03725821844256,0,8,1,1
1284,0,3,54.365301841496084,27.258981197986262,0,5,1,0
1285,1,3,42.657380019606244,41.051942509965556,0,2,0,0
1286,0,3,53.90635984907263,40.977675820102874,0,9,1,1
1287,0,3,59.21689975490932,29.00954487600901,0,1,1,0
1288,0,3,42.58328073094856,32.62880683843838,0,2,0,1
1289,1,3,58.403116458206654,61.80433592659613,0,4,0,1
1290,0,3,65.9166751959444,37.41104600454084,1,6,1,0
1291,0,3,48.287250238450206,27.043533712706882,0,3,1,0
1292,0,2,51.565422563746374,38.33431956822107,0,4,1,1
1293,0,2,81.95014409344549,45.75321820878748,1,1,1,1
1294,0,2,52.178397503754354,34.917821296070684,0,3,0,1
1295,0,3,53.62947516366219,28.925766814688888,0,4,1,0
1296,0,3,81.0040272837365,36.87072748074691,1,4,1,0
1297,1,2,50.52417869355595,46.765496655970715,0,6,0,0
1298,1,3,59.78395490274718,66.56230926226709,0,5,1,0
1299,0,2,71.753730457302,47.33607728762719,1,6,0,1
1300,1,2,69.74345127228494,68.86529654516099,1,4,0,1
1301,1,2,32.443346050413226,55.794939567059124,0,6,1,0
1302,1,3,57.510176427743566,58.17937211215636,0,6,0,1
1303,0,3,31.28018010396071,19.73365211991145,0,6,1,0
1304,0,3,59.6890020628648,31.99577301502667,1,4,1,0
1305,1,2,47.17399598869103,42.072379864383834,0,1,1,0
1306,1,3,49.5263992138208,50.77370744188805,0,5,0,1
1307,0,3,46.562364522367574,36.636048095783416,0,9,0,0
1308,0,3,48.29536532280049,34.223878010126185,0,8,1,0
1309,0,1,53.604134130440805,37.99998034537952,1,3,1,0
1310,0,2,65.09916354659715,48.00461836660725,1,4,1,1
1311,0,3,33.439902226442314,23.49383299388155,0,7,0,0
1312,0,3,53.65210970783255,34.097111806204,0,3,1,0
1313,1,3,61.25101022755419,56.26758347951755,1,7,1,1
1314,1,3,57.8018771597241,63.86042716832147,0,4,0,1
1315,1,3,42.84642890072334,59.52124138844489,0,9,0,1
1316,1,2,25.692966125848784,40.665759852275656,0,2,0,0
1317,1,2,43.27350099305511,43.76290209190835,0,4,0,0
1318,0,3,48.282425850150446,33.10665256194637,0,5,1,0
1319,0,3,53.455133099529675,32.71689447912258,0,7,0,0
1320,0,3,44.92563112679845,32.38575762503232,0,9,1,0
1321,1,3,67.7245637693954,49.57622967307171,1,1,0,1
1322,1,3,52.31412893356358,57.45978013685878,0,10,1,1
1323,0,3,85.84894046818334,63.3094334468681,1,6,0,0
1324,1,2,22.555146572665723,37.250001538337926,0,5,0,0
1325,0,3,50.14050993574333,42.972120148117206,0,7,1,1
1326,1,3,87.0595466237992,69.56431453973526,1,8,0,1
1327,0,2,51.6092070550137,31.711070932510776,0,6,1,0
1328,0,3,40.487823531797154,21.465731932995613,0,2,0,0
1329,1,3,39.57801528244841,42.842800488308136,0,6,0,1
1330,0,3,0.0,19.532736825320917,0,7,1,0
1331,0,2,100.0,34.359749923404145,0,5,1,1
1332,0,3,43.95499887564738,31.333637829413178,0,8,1,0
1333,0,2,0.0,28.25279616453351,0,7,1,0
1334,1,3,22.32967584084141,34.61622570602363,0,6,1,0
1335,0,3,55.76939258747173,41.18136278947977,0,5,1,0
1336,0,3,81.32574423491465,27.073919366404162,0,2,1,1
1337,0,2,36.778175158363126,21.473841397457356,0,4,0,0
1338,1,2,55.901019086520016,57.17907826517237,0,3,0,1
1339,1,3,61.46697535957,59.82239992758165,0,6,0,1
1340,0,3,42.16621335888361,18.33154543312366,0,2,0,0
1341,0,3,73.4959753654381,45.96564580990826,1,6,1,0
1342,0,3,67.37703249068174,43.80097736950469,1,7,1,1
1343,0,3,50.78047626385339,31.884729259334406,0,4,1,0
1344,0,3,43.69357721503303,37.06599955520762,0,3,0,1
1345,1,3,62.186126537002636,58.29725123959918,0,5,0,1
1346,0,3,66.58212306097815,27.43794245488919,0,4,1,0
1347,0,3,81.24580160275228,40.319980512340024,1,3,1,1
1348,0,3,10.018567418901636,11.976510169571757,0,3,1,0
1349,1,3,60.14779484904722,68.15562154281288,0,7,1,1
1350,0,3,62.318899675059626,30.574555279338657,1,2,0,1
1351,0,3,48.40015662154861,30.002414862900086,0,4,1,0
1352,0,2,68.39451514791945,46.888521232820516,1,8,0,1
1353,1,3,46.14178176897541,61.82183463384912,0,4,0,1
1354,1,3,30.193386332522945,38.557223204244224,0,6,0,1
1355,0,3,80.88274036131267,51.796678094668245,1,5,1,1
1356,1,3,100.0,69.50704499941358,1,7,1,1
1357,0,3,18.935390937082673,15.175069818713652,0,8,0,0
1358,0,3,73.93512474225531,37.499603849573155,0,5,1,0
1359,0,3,33.20431207052411,24.235250266736003,0,5,1,0
1360,0,3,49.298260147920224,32.343062275779396,0,5,1,0
1361,0,3,49.021070654799665,38.4051324711713,0,5,1,1
1362,0,3,89.93489195286092,42.55486237679,1,3,1,0
1363,0,3,48.879275096064404,24.437558478773653,0,2,1,1
1364,1,3,42.09277187436759,57.87070568305263,0,6,1,1
1365,0,3,28.40537309975776,25.847522375075318,0,8,0,1
1366,1,3,53.00195343444661,66.87644035689887,0,10,0,1
1367,1,3,48.57376465933716,45.892343283999836,0,7,0,1
1368,0,3,46.87756312292945,29.979138809970735,0,5,1,0
1369,1,3,32.4790560970851,33.6826889492391,0,3,0,0
1370,0,3,17.058139323693737,1.796539248981217,0,6,1,0
1371,0,3,40.62583272051484,31.489206336499787,0,5,0,0
1372,0,3,75.50441584254051,42.60051960366643,1,3,1,0
1373,0,3,61.56102263663085,37.40313357889907,1,6,1,0
1374,0,3,61.967275547491624,8.399111202828616,0,3,1,0
1375,0,2,78.39525055996192,46.213001464683025,1,4,0,1
1376,0,3,44.07951111507904,14.13777917958319,0,1,1,0
1377,0,3,42.18920964181513,25.198523352503834,0,5,1,0
1378,0,3,50.74580540904208,46.2600019077566,0,8,1,0
1379,1,3,54.46999584921551,56.630607579685666,0,7,1,1
1380,1,3,33.21582432063729,37.08867580789418,0,4,0,1
1381,0,3,45.60539263939811,34.434508394248155,0,7,1,0
1382,1,3,59.982098036514266,59.555957663194235,0,8,1,1
1383,0,3,75.95635606371317,54.14853445534824,1,5,0,1
1384,0,2,55.776148689863426,30.265985093716434,1,2,1,0
1385,0,3,80.90831266523352,55.90880420628794,1,8,1,1
1386,1,3,60.650997340992305,57.727362227800405,0,2,0,1
1387,0,3,76.86854727372565,58.831228387035054,1,5,1,1
1388,0,3,64.13745534255416,38.73501085105892,1,3,0,1
1389,0,3,65.14082847329549,41.62527654914232,0,7,0,0
1390,0,3,8.153175579302959,4.189760029203926,0,6,0,0
1391,0,3,59.1156822195054,45.89537865432679,1,6,1,0
1392,0,3,36.92632918725849,30.460247776449556,0,3,1,0
1393,0,3,61.76811388353386,47.07977257674371,0,5,1,0
1394,0,3,48.64728014420343,27.442527530312073,0,4,1,0
1395,1,2,48.316693888698474,65.78401275085528,0,9,1,1
1396,0,2,46.33433242847839,35.418634913021776,0,2,1,0
1397,0,3,68.76731334590859,39.15507938129447,1,6,1,0
1398,0,3,64.96000892380779,47.08039542849256,1,5,0,1
1399,1,2,56.85134900891769,44.85619129676428,0,5,0,1
1400,0,3,77.98045898042436,58.72544532483961,1,4,1,1
1401,0,3,38.42174510041964,16.331274040274817,0,4,1,0
1402,0,2,37.793430203202455,22.742297516850353,0,4,1,0
1403,0,3,45.288558350537556,23.691260880630146,1,4,1,0
1404,1,3,49.64771316344641,56.098961204066576,0,3,1,0
1405,1,3,43.18390899717323,53.938502921375935,0,3,0,1
1406,1,2,44.19985685829984,57.946243944538274,0,7,0,1
1407,1,3,21.269650875946702,48.826879401737074,0,7,0,1
1408,1,3,39.08856362307777,58.90772704763453,0,6,1,1
1409,0,3,21.363956871853762,45.36887189688378,0,9,0,1
1410,0,3,50.675269018279536,43.2521765062831,0,8,1,1
1411,0,3,37.3328856598886,27.747731335242314,0,7,0,1
1412,1,3,27.00429541031634,38.395132049217466,0,3,0,0
1413,0,3,38.00950960305992,13.71685574403043,1,6,1,0
1414,0,3,48.43347586308022,39.28538179557126,0,5,1,0
1415,1,3,37.82075195921048,33.966855291291466,0,4,0,0
1416,0,3,62.515150429036666,31.78180360168962,1,5,1,0
1417,0,3,28.249251391500913,38.069404945448674,0,9,1,0
1418,0,3,51.422688141047054,47.86046693898471,0,9,1,0
1419,0,3,50.93651915021143,44.92936870163058,0,7,0,0
1420,1,2,43.29279228406965,50.849948877128284,0,5,0,1
1421,1,3,20.875551993948136,26.53939940766205,0,3,1,0
1422,0,3,49.269086418144,52.04801505696978,0,11,0,1
1423,1,3,58.01321422655557,48.48398062124309,1,3,0,1
1424,0,3,100.0,60.788200481812005,1,5,1,1
1425,0,2,27.358660941844423,23.33674874408902,0,5,1,0
1426,0,2,41.383480262875956,20.735869183875224,0,3,0,1
1427,0,3,62.805617596085796,31.295823840427673,1,2,1,0
1428,0,3,48.7253017668211,36.35986999887247,0,7,1,0
1429,0,2,38.94930987541064,31.89838370071114,0,3,0,0
1430,0,2,58.6519968744482,28.28099525960726,1,3,1,1
1431,0,2,59.80582349441446,22.775509486663786,1,1,0,0
1432,0,2,23.837391746180245,20.273742612004643,0,7,0,0
1433,0,3,54.897175253047365,27.06574231178813,1,4,1,1
1434,1,2,71.78630383915932,50.87203098839923,0,5,0,1
1435,1,3,59.44228931456117,74.65764038757919,0,8,1,1
1436,1,3,36.377031047409815,44.63518334660248,1,1,0,1
1437,0,3,78.07818626539714,49.53617371236154,1,4,0,1
1438,1,3,42.583033951501605,50.72210672435574,0,4,0,1
1439,0,3,51.11517106301989,28.252527181838325,0,2,1,0
1440,0,3,44.63292410475875,33.759526034623086,0,7,1,0
1441,0,3,24.031708056744776,28.973376390721306,0,3,1,0
1442,0,2,55.589583751420946,37.856905290501665,0,4,0,0
1443,1,3,51.908035133282326,54.590671054667794,0,8,1,1
1444,0,3,56.94714216909167,30.826608033756344,0,3,1,0
1445,0,3,37.08697193744286,40.59381153393184,0,3,1,1
1446,0,3,53.15938983628794,36.3740051660222,0,6,1,0
1447,1,3,31.950551856304767,42.21697485990643,0,8,1,0
1448,0,3,49.40470890254116,41.79587396116284,0,7,0,0
1449,1,2,33.82494744768875,54.35928905434156,0,4,0,0
1450,1,2,25.627976579580693,31.51334887728844,0,1,0,0
1451,0,3,48.0584358296367,26.834854308872323,0,1,1,0
1452,1,3,56.738863215259165,48.87145832598348,0,7,1,1
1453,0,3,73.37383629301719,52.86927686453186,1,8,0,0
1454,0,3,42.225033457122116,36.47109264628857,0,8,1,0
1455,1,3,64.06921330194602,58.45996831038282,1,5,0,1
1456,0,3,53.7675630230412,33.19296912509048,0,5,1,0
1457,0,3,74.16759884147733,39.33659182596613,1,4,0,1
1458,0,3,31.655633227373634,42.15383779702088,0,12,1,1
1459,1,1,67.24094668081142,65.84293815446534,1,5,1,1
1460,1,3,52.448399391156286,63.128555223898665,0,5,0,1
1461,1,3,34.422326152776456,58.12415355371987,0,14,1,1
1462,1,3,34.691575551769034,54.62655766361096,0,6,0,0
1463,1,2,44.98617553093557,38.687085037625685,0,1,0,0
1464,1,3,47.538917162495196,48.920538743557955,0,6,1,1
1465,0,3,44.58290610446956,23.397105150040787,0,3,1,1
1466,1,3,60.123638463902225,54.18243141040427,1,2,1,0
1467,1,3,60.32595737743053,66.44749567247374,0,9,0,1
1468,1,3,41.26569604135043,39.68756574442397,0,5,1,0
1469,0,3,70.77528416584843,50.667721780012236,1,4,0,1
1470,0,3,34.70705999956675,38.07939703267657,0,6,0,0
1471,0,3,40.36454041751717,35.54666022811003,0,6,1,0
1472,1,3,30.581426509941092,43.00584050310686,0,3,0,0
1473,0,3,56.49937077906378,52.83912946896625,0,9,1,0
1474,0,3,55.2470784071954,32.45662267602422,0,6,0,1
1475,0,3,42.12950640185073,48.935786924847804,0,9,0,0
1476,0,2,49.06594544820393,31.33285516248545,0,6,1,0
1477,1,3,49.15254779563126,51.062890488825815,0,3,0,1
1478,1,3,52.52194237886291,47.798212048113676,0,6,0,0
1479,1,3,60.48347495647072,67.62632274254473,0,7,0,1
1480,0,3,42.13573473545658,20.145528795464276,0,3,1,0
1481,0,3,64.58204245253815,53.563763583068095,1,7,1,1
1482,0,2,25.90128568235948,24.180810538275644,0,5,1,0
1483,0,3,47.95443106365634,29.439599039891757,0,1,1,0
1484,0,3,50.718180475953346,22.664844485982243,0,4,1,0
1485,0,2,55.76775822956256,34.14353931846092,1,5,1,1
1486,0,3,24.62415242766942,12.483772058482216,0,3,1,0
1487,0,3,46.90181284931258,45.66997190679574,0,8,1,1
1488,1,2,56.32231414051871,64.85706600337818,0,5,1,1
1489,1,3,23.17918774232703,44.16692355343023,0,9,1,0
1490,0,3,37.643157317052214,29.88243834880354,0,5,1,0
1491,1,3,82.38206010810427,43.70019851740934,0,3,0,1
1492,0,3,32.9735488524166,14.6416725442628,0,4,0,0
1493,0,2,45.50988096010856,34.46606937935229,0,6,1,0
1494,0,3,66.53973706778466,40.501776445715215,1,7,1,0
1495,0,2,76.52049116293324,39.410986240604856,1,4,0,1
1496,0,3,39.568580890724924,22.04174003434147,0,0,1,0
1497,0,2,36.28466789086394,43.49294985169629,1,3,1,1
1498,0,3,69.22081344200922,43.43565825930722,1,8,1,1
1499,0,3,57.68112288971886,54.48934021832997,0,5,1,0
1500,0,2,48.35711900242808,44.047247862519164,0,11,0,1
1501,0,3,45.544805883731605,40.03533573788141,0,5,0,1
1502,0,3,57.36779012184729,36.442468983957724,0,4,1,0
1503,0,3,23.796738109954518,27.37482574069939,0,9,1,0
1504,1,3,64.62088557992043,70.41523207458725,1,5,0,1
1505,0,3,46.47994008580652,26.953367355767554,0,3,1,0
1506,0,3,69.28554507223099,50.761107034569356,1,4,1,1
1507,0,3,52.72380224070112,44.13207566174581,0,6,0,1
1508,0,3,49.83384652109394,35.653413572635905,0,3,1,0
1509,0,3,62.6838086449938,41.24124771380661,0,5,1,0
1510,0,3,42.979884773011115,35.596153876503024,0,4,1,0
1511,1,3,64.27468851218958,53.680278861323984,1,7,1,1
1512,0,3,61.647191951516234,32.51311987132303,1,5,0,0
1513,1,2,38.50782066609809,45.35974923739184,0,1,1,0
1514,0,3,53.82555946919142,28.00762916939618,0,5,1,0
1515,0,3,38.286307578152694,23.228430183666593,0,5,0,0
1516,0,3,57.45899033738302,48.43145045084188,0,3,1,0
1517,0,3,46.06391884602884,33.06598587430427,0,6,1,0
1518,0,3,49.45348991634305,32.33060753499474,0,6,1,0
1519,0,3,34.157367148477924,17.718482162302685,0,2,1,0
1520,1,2,56.34137058904432,66.81924214435179,1,6,0,0
1521,0,3,19.809065069009293,0.0,0,1,1,0
1522,0,3,47.65847737894715,37.62224589552746,0,3,1,0
1523,0,3,73.29593405016053,60.58770333399984,1,8,1,1
1524,0,3,32.14014270729813,4.244299453895171,0,3,1,0
1525,0,3,57.59898297120778,42.483328671341376,0,5,0,0
1526,0,3,78.76474653915422,54.27004578668988,1,3,0,1
1527,0,3,44.662055022869914,26.583234004107663,0,5,1,0
1528,0,3,35.08957090031349,31.593204494649367,0,8,1,0
1529,0,3,30.349490695344986,29.83910574421595,0,5,0,0
1530,1,2,50.37040367195107,60.58311000502668,0,6,1,0
1531,1,2,60.040787277458115,61.904227686841395,1,4,0,1
1532,0,2,47.69654061922594,43.351536192780905,0,7,1,1
1533,1,3,36.99993181704006,47.59830603911992,0,4,1,0
1534,1,3,58.602570087104276,74.06637541772217,1,9,0,1
1535,0,3,53.964250451689,43.58699543179637,0,4,1,0
1536,0,2,29.03732652899199,23.14130199811366,0,8,1,0
1537,0,3,29.731635908845696,14.52878338909022,0,3,1,0
1538,0,3,54.69678910462821,45.89824879091377,1,3,1,0
1539,0,3,56.4788301882009,50.58288232450321,0,7,0,0
1540,0,3,62.86210002392859,30.141817608748113,0,3,1,0
1541,0,3,47.39267040618934,33.6925857353232,0,5,1,0
1542,1,3,52.57614347589523,61.730439634152276,0,4,0,1
1543,0,3,44.36370744825267,17.511294115918,0,3,1,0
1544,1,3,50.31005323134674,53.69543940967287,0,1,1,0
1545,0,3,43.78765220718168,39.099784192377314,0,10,1,0
1546,0,3,73.95876257411332,40.759225403133016,1,3,0,0
1547,1,3,0.0,50.72616400788547,0,10,0,0
1548,0,2,44.80864469627672,31.130487264468947,0,4,0,1
1549,0,3,48.92560969162032,30.382261563448452,0,5,1,0
1550,0,3,100.0,45.74467208995538,0,5,1,1
1551,0,3,32.45163726849382,16.9164922543356,0,5,0,0
1552,0,3,34.24723332287861,34.437619064747565,0,11,1,0
1553,0,3,63.22474085527415,16.70617157067421,0,1,1,0
1554,1,2,53.47407076928639,60.70418750936544,0,3,1,1
1555,0,3,59.069017996646515,35.330416277992484,1,5,0,0
1556,1,2,44.47092614235807,49.24918476541844,0,7,0,1
1557,1,3,53.81800609606437,56.7032384755006,0,4,1,0
1558,0,3,65.05309605120686,33.513034311190616,1,3,1,0
1559,1,2,74.30609530956082,56.7251385422598,1,1,0,1
1560,1,3,61.31636403125001,57.56590853917963,1,5,0,1
1561,0,3,43.92970211284389,24.310874921402856,0,5,1,0
1562,0,3,27.669740910311802,17.66512734544206,0,5,1,0
1563,0,3,57.42611649629492,51.09055936542254,0,7,0,1
1564,0,3,60.54493010732764,58.64169101597305,1,9,1,1
1565,0,2,23.636258877341348,29.353370343903578,0,9,1,0
1566,1,3,50.660001835823486,60.3712805431463,1,2,0,0
1567,0,3,37.466409323548774,27.60735083337645,0,1,1,0
1568,0,3,61.99168739238077,45.59799088585991,1,2,1,0
1569,1,3,57.43020747664093,51.06685537417732,1,6,0,0
1570,1,3,63.27946605502607,63.92681332109114,1,2,1,1
1571,0,3,45.04735318144431,27.644192384928537,0,5,1,0
1572,1,3,49.29717896197076,54.7886495057781,0,3,0,1
1573,1,3,37.51061414986585,51.73552843659085,0,4,0,1
1574,0,3,52.625874012228216,28.71720466536234,0,4,0,0
1575,0,3,47.56655092381931,31.93884246736687,0,5,1,0
1576,0,3,50.10298785249635,41.12628687135715,0,7,1,0
1577,0,3,58.84252155714801,34.06941733941129,1,6,1,0
1578,0,2,41.88089083845606,21.879486034403545,0,3,1,0
1579,0,2,53.92687559480734,28.088167015856353,1,3,1,0
1580,1,3,52.04034528267178,58.21859737506112,0,3,0,0
1581,1,3,60.58664219455746,59.73468357824381,1,6,1,1
1582,0,3,27.684512071894343,21.441667821255304,0,8,1,0
1583,1,3,64.38179708020306,68.7985764788196,0,5,0,0
1584,1,2,54.962369767019936,51.342930684184516,1,5,1,0
1585,1,3,32.85312328649977,54.93759928383382,0,4,0,0
1586,0,3,68.67233239723936,47.690963183793855,0,6,1,1
1587,1,3,78.08688941462937,70.34594644657855,1,7,0,1
1588,1,2,41.308348588956356,55.36761236463601,0,10,0,1
1589,0,3,57.27278598371965,44.865640353009155,0,8,1,1
1590,0,3,77.54151456875704,61.17185412442862,1,5,0,1
1591,1,3,40.353413351651064,52.6756332947296,0,5,1,0
1592,0,2,43.75742919815967,37.439828288570105,0,4,1,0
1593,0,3,53.794732231456784,26.103202123898868,1,2,1,0
1594,1,3,59.64468231103956,69.65624317676104,1,7,0,1
1595,1,3,100.0,40.421104587434854,0,1,0,0
1596,1,3,39.139176057342816,41.28232518669539,0,4,0,0
1597,0,3,87.55243808311342,63.37567372302838,1,5,1,1
1598,0,3,53.6339984141328,33.61652112004439,0,2,1,0
1599,0,2,51.24199644433047,44.3841945501624,0,7,1,0
1600,1,3,57.02187777877745,72.84087492893761,1,7,0,1
1601,1,3,37.42307178371089,45.26153517780912,0,4,1,0
1602,1,3,46.67214602245256,47.72325201132159,0,5,1,0
1603,0,3,80.63294168851726,49.94190559537783,1,5,1,1
1604,1,2,58.54981062666805,74.97462006951518,1,9,0,1
1605,0,3,27.097854548053224,25.486666029462597,0,7,1,0
1606,0,3,49.504931152637056,44.57178306145791,0,7,1,1
1607,0,3,33.50272445128556,22.480763451986235,0,5,0,0
1608,0,3,43.955891911439274,24.489674323465216,0,5,0,0
1609,1,3,67.02267758908968,70.2542852455499,1,10,0,1
1610,1,3,24.129372281357565,34.286318270969936,0,3,0,0
1611,0,2,44.017963063571344,19.316113830559026,0,2,1,1
1612,0,2,56.48394857766292,31.727434970106344,1,5,1,0
1613,0,3,50.77416258778464,38.19987791896078,0,3,0,1
1614,0,3,51.30337316741512,31.015877398010193,0,1,1,0
1615,0,3,17.419007225275404,38.11411009027081,0,10,1,0
1616,1,2,63.883953772373054,64.92294030406384,1,7,0,1
1617,1,3,53.455397398598215,50.72985103844931,0,3,0,0
1618,0,2,47.21177558024354,32.042661544317376,0,3,1,1
1619,0,3,64.31896414873582,32.44094425699133,0,3,0,0
1620,0,3,54.73936766614082,46.71869034159761,1,3,1,0
1621,1,3,51.555564283498484,53.54660389912116,0,6,0,1
1622,1,3,50.19333382889038,60.471281868322485,0,4,0,0
1623,0,3,44.07453479899313,30.93127560758695,0,3,0,0
1624,0,3,67.31773853854708,50.445585132956516,1,9,1,1
1625,1,3,25.549936884199134,29.022980886897074,0,4,0,0
1626,0,3,36.427059114459375,21.424140055410607,0,6,0,0
1627,0,3,26.691595550438322,15.631883013055281,0,6,0,0
1628,0,2,76.38780590778387,47.841162743696344,1,4,0,1
1629,0,3,43.98017386023241,43.15874382954251,0,5,1,1
1630,1,3,100.0,56.91061225758114,0,6,1,0
1631,0,3,40.59421092608307,16.93847837936036,0,5,0,0
1632,0,2,42.13041116879625,31.991890903986057,0,4,1,0
1633,0,3,38.28204978252534,34.22833106121897,0,6,1,0
1634,0,3,57.9047978102492,43.34958705043666,0,7,1,0
1635,1,3,51.7220753625621,44.42914058530889,0,4,0,1
1636,0,3,30.868100451079684,31.282106919850648,0,5,0,0
1637,1,2,79.40821447825181,76.98884499932407,1,10,0,1
1638,0,3,48.579284111664315,36.2303377427133,0,3,1,0
1639,0,3,26.32585075973522,14.490204584404932,0,2,1,0
1640,0,2,0.0,59.091137475948955,1,8,1,1
1641,0,3,26.938554732638195,6.502305720888602,0,3,1,0
1642,1,3,57.3161033697611,57.02063391801241,0,6,0,1
1643,0,3,41.40930002670979,37.46815659163538,0,6,1,0
1644,1,3,58.35583395906211,53.011873962949785,1,4,0,1
1645,0,3,50.11836501972724,19.366614835558014,0,3,1,0
1646,0,3,56.892112731352675,31.58769798219914,1,3,1,0
1647,1,2,62.45749861040043,62.13208226654692,1,3,0,1
1648,0,3,57.0741825865898,44.26695605692476,1,9,0,1
1649,1,3,65.61706554002119,56.073428275241,1,2,1,0
1650,1,3,40.368316130889255,63.024443239642636,0,8,0,1
1651,1,2,54.509239235728536,56.436703703378164,0,8,0,1
1652,0,1,40.62318605718262,18.885303321230012,0,2,1,0
1653,0,3,31.25300091795362,26.482701041541414,0,4,1,0
1654,0,3,50.84959273099525,29.61449768307024,0,5,1,0
1655,1,3,40.14060789747944,40.71264767029275,0,3,1,0
1656,0,2,37.02129704493798,25.31259715281281,0,5,1,0
1657,0,2,46.049780013797694,46.24050038804204,0,5,0,0
1658,1,2,48.18946063225521,51.81968947733211,0,6,0,0
1659,0,3,75.93139566459443,44.172088641349376,1,6,1,0
1660,0,3,35.58983284591587,18.713356721728008,0,5,1,0
1661,0,3,42.65573689566126,42.59817052887794,0,8,0,0
1662,0,3,37.830322716814855,13.391378813715175,0,4,1,0
1663,1,3,22.49916214803788,39.382726072712956,0,5,1,0
1664,0,3,60.988124784887106,24.509606328104685,0,3,1,0
1665,0,3,53.98079789490874,49.68091747816987,0,8,1,0
1666,0,3,54.80827644765502,34.587077781247835,0,8,0,0
1667,0,2,47.918862929146776,37.039895390445515,0,4,1,1
1668,0,3,44.6460232908981,27.103880253294612,0,5,1,0
1669,0,3,43.11274641441516,23.65617420295835,0,6,1,0
1670,1,3,80.55765238488202,80.7579222493814,1,4,0,1
1671,0,2,48.877843074893455,25.874131750993985,0,4,1,0
1672,0,3,61.446193832593835,46.49163595200829,1,10,1,1
1673,1,3,44.84906617329238,51.06654330385761,0,7,0,1
1674,0,2,54.317497803116176,42.670513563086736,0,5,0,0
1675,1,3,46.05230847985725,53.51938094794605,0,4,1,0
1676,0,3,57.06789437944443,36.67231253548237,0,6,1,0
1677,0,3,19.099608472282274,3.9956774891482834,0,4,1,0
1678,1,3,60.419973044606344,75.75888622230364,1,4,0,1
1679,0,2,53.792305961908916,44.06301165673302,0,7,1,0
1680,0,3,33.46151917601569,24.670461079239,0,2,0,0
1681,0,3,29.14067054802284,21.07041126789242,0,3,1,0
1682,0,2,56.52153983400285,48.98459232698841,1,8,1,1
1683,0,3,54.77124678838463,27.19149625694519,0,5,0,0
1684,0,3,51.48197773666902,34.92973535647124,0,6,0,0
1685,1,3,41.71979602765463,56.800205893270274,0,6,1,1
1686,0,3,41.616510590248595,16.143578319704233,0,2,1,0
1687,0,3,47.024958756043986,29.415780025640007,0,1,1,0
1688,0,3,52.214747234363735,35.04391225437092,0,3,1,0
1689,1,2,23.837045764856562,38.25590427472923,0,3,0,0
1690,1,3,54.7470798416074,58.606519697105,0,3,1,0
1691,1,3,55.78616476053053,57.838344833358335,0,6,0,1
1692,1,3,27.554344773581057,35.32151262646735,0,2,0,0
1693,1,3,54.5787466210118,58.741906609223484,0,7,0,1
1694,0,3,69.66642319025233,39.37696416251702,1,4,1,0
1695,0,3,40.81215713082369,28.433017209679363,0,5,0,0
1696,1,3,32.35034667582686,46.29493914057497,0,9,0,1
1697,0,3,42.973597722398104,31.89117158878455,0,8,1,0
1698,1,2,62.372790158477684,47.343958034146816,1,1,1,0
1699,0,2,100.0,32.55975598868315,0,7,1,1
1700,0,2,8.670158229430974,46.64632516875869,0,11,1,0
1701,0,3,58.988215962216884,43.39952384913609,1,5,1,0
1702,0,3,38.417623039514986,20.8874584652361,0,4,1,0
1703,0,3,61.658523794535334,47.199787118290686,0,2,1,0
1704,0,3,37.05224540446313,22.349619155670133,0,5,1,1
1705,1,3,51.01385599376965,41.224414116271326,0,3,0,1
1706,0,3,56.42309032026953,44.45503923144212,1,5,1,0
1707,0,3,32.83289775455451,20.745231349382724,0,5,0,0
1708,0,3,57.61777654944284,45.814323565053634,1,8,1,0
1709,0,3,30.341575573229314,13.151926629540055,0,3,1,0
1710,0,3,58.71085671549842,36.2155481605759,1,4,1,0
1711,1,3,63.3443360441459,55.799738629729276,1,2,1,1
1712,1,3,49.76402476857071,61.1991204143034,0,3,0,1
1713,0,3,38.67378635395684,22.821822786681864,0,7,0,0
1714,0,2,21.2964412283512,10.182775308658162,0,5,1,0
1715,0,3,43.84388317467413,37.890534518379866,0,7,1,0
1716,0,2,38.49219214456182,33.19687317260266,0,6,1,0
1717,0,3,36.74123125040803,22.21705921520359,0,6,0,0
1718,0,3,12.117458503178128,13.39569767905874,0,2,0,0
1719,0,3,22.799904873856143,37.514565135187055,0,9,0,0
1720,1,3,38.1680284494111,43.975492608020055,0,6,1,0
1721,0,3,65.13026415739475,37.092336579650464,1,5,0,0
1722,0,3,53.03644000910138,32.99748615201627,0,5,0,0
1723,1,2,48.96263813797152,61.2493873344696,0,7,1,1
1724,0,3,35.313664407958676,27.51330695458765,0,5,1,0
1725,1,3,79.56717838156457,80.06378268360672,1,4,0,1
1726,0,3,40.37990617676609,26.69523584874,0,2,1,0
1727,0,3,52.63362506132014,35.71572010526411,0,7,1,0
1728,0,3,36.61184940735339,22.577285327284248,0,4,1,0
1729,0,3,22.910663413238048,23.923120519968784,0,8,0,0
1730,0,3,51.73107395689333,21.847958958014413,0,1,1,0
1731,0,2,70.6273709924161,43.265833676321016,1,6,1,1
1732,0,3,69.12237411282595,55.873013126851475,1,4,0,1
1733,0,3,28.283792145047105,23.65076205008812,0,4,1,0
1734,1,3,52.274202607392866,74.4558013605449,0,12,0,1
1735,0,3,23.384202061216367,21.71115975232938,0,5,1,0
1736,0,3,67.57046612330632,38.813209264383,1,6,1,0
1737,1,3,47.85823450101102,59.09162914989598,0,6,0,1
1738,0,3,47.351633420501805,47.2571722588507,0,9,1,0
1739,0,3,47.70263398620689,33.603215137025316,0,3,1,0
1740,0,3,92.10020375577687,76.32104954274203,1,5,1,1
1741,0,2,33.33108765926557,31.211087508157554,0,6,0,1
1742,0,2,46.41157105493783,23.16395365338649,0,5,1,0
1743,0,2,44.66611945755363,36.3194759596015,0,6,1,1
1744,0,3,39.72198185790335,19.5313135819344,0,2,0,0
1745,0,2,50.62767619331765,32.77480570913228,0,10,1,0
1746,0,3,79.61859980648177,58.95449245737761,1,6,1,0
1747,0,3,57.35514364263757,47.78214060378486,0,6,1,1
1748,0,3,57.51932821775604,25.434713225617777,0,4,1,0
1749,0,3,49.58664866756372,27.90695205190419,0,2,1,0
1750,0,3,40.12979761550261,22.441992467603015,0,5,1,0
1751,1,3,0.0,76.59526164084485,1,4,1,0
1752,1,3,59.313529147290325,70.80471797656996,0,8,1,0
1753,1,3,37.305095044608834,57.439885854402235,0,4,1,0
1754,0,3,37.46153981777176,40.44166318601167,0,7,1,0
1755,0,3,53.40618009415784,53.32700521798603,0,7,1,0
1756,1,2,49.44711202443788,50.58739251252594,0,1,0,0
1757,1,2,20.377797324359722,46.513327348204214,1,8,0,1
1758,0,2,63.70479568432939,37.46188117431847,1,1,0,0
1759,1,2,49.814857299443396,54.02378728548072,0,3,0,1
1760,0,3,27.173147550476695,44.31524979784744,0,9,0,0
1761,0,3,71.92507022916053,38.09858028735507,1,2,1,0
1762,1,3,52.63919969050913,52.814526913003185,0,0,1,0
1763,1,3,26.52767603518037,41.35503443987693,0,5,1,0
1764,0,3,48.98114118693517,21.86850449036335,0,0,1,0
1765,0,3,50.61329432987303,26.649587980414847,0,3,1,1
1766,0,2,34.70285458378816,20.248000110405822,0,5,1,0
1767,0,2,44.749413392940426,25.07198530905704,0,4,1,0
1768,1,3,67.89272879579292,62.61875084468483,0,4,0,1
1769,1,3,43.60330212106454,41.592134787897706,0,3,1,0
1770,1,3,50.198087826402435,43.47192075913058,0,3,1,1
1771,0,3,51.85778881613905,37.13794483645325,0,8,1,1
1772,1,3,35.880275879280305,45.20188648608445,0,3,0,0
1773,0,3,64.24183434837951,56.65615905703254,0,9,1,1
1774,0,3,52.708614855299736,17.018468319711303,0,4,1,1
1775,1,3,34.395755800673115,45.228105232948465,0,2,0,1
1776,0,3,29.479836129543166,22.675430302848834,0,6,1,0
1777,1,3,46.0952516414976,64.4794261116525,0,7,1,1
1778,1,1,77.38960909183301,63.623032895003355,1,3,0,1
1779,0,3,49.86426625569164,38.77602677154074,0,4,0,0
1780,0,3,34.72363875486371,28.52789391095,0,7,1,0
1781,0,3,47.46312366511405,31.81940778564034,0,2,1,0
1782,0,3,65.76330841250434,32.879619990149855,1,4,1,1
1783,0,3,34.39535265470053,20.347572299857774,0,4,1,0
1784,1,3,55.614135087117624,46.837993741293865,0,2,0,1
1785,0,2,60.57479918645179,42.86760583730582,1,2,0,1
1786,0,2,37.55348007996811,25.806089688179842,0,4,1,0
1787,0,3,49.48646081232923,46.68993286364358,0,8,1,1
1788,0,2,69.35166683538087,48.528663194586905,1,7,1,1
1789,1,2,50.941182040868945,53.52574584700956,0,4,1,0
1790,0,3,13.551105142271803,0.0,0,1,1,0
1791,1,3,37.3353997632396,44.921449972138134,0,6,0,1
1792,1,2,59.292807153624786,65.92939892921149,1,8,1,0
1793,1,3,66.27523141006482,66.22262209780511,1,2,0,1
1794,1,3,43.4446006219301,52.46680361438873,0,5,0,0
1795,0,3,31.265527260537276,35.47746397678553,0,5,1,0
1796,1,3,47.488332689546006,59.6343652380969,0,6,0,0
1797,1,3,32.66256993463637,48.30199660471877,0,7,0,0
1798,0,3,69.76450338876246,43.47489150215337,1,5,1,1
1799,1,3,39.58087940226062,56.54733593568427,0,5,0,0
1800,0,3,72.00846556308183,51.67312680340915,0,7,1,1
1801,1,2,40.1382003031922,33.55549382866154,0,1,0,0
1802,1,2,42.00530681621058,53.54861069438842,0,5,1,0
1803,1,3,46.455349188932395,36.00075618087678,0,1,1,0
1804,0,3,59.63949220583971,39.22492040462035,1,6,0,0
1805,0,2,60.65336422671297,35.75552639987642,1,4,1,0
1806,1,3,72.51422939367248,65.26408575208998,1,8,0,1
1807,1,3,60.30983257686095,58.50130591074379,1,6,0,1
1808,0,3,23.216428287628716,19.35635654138648,0,3,0,0
1809,0,3,42.39235321966515,38.64376030521573,0,6,0,1
1810,0,3,55.161951168863126,37.57791595915578,0,4,1,0
1811,0,2,100.0,30.08111848420416,0,4,1,0
1812,0,3,41.81416820485274,36.05081449386789,0,4,0,0
1813,0,3,86.80629208055703,61.78249913525208,1,4,0,1
1814,0,3,39.41825778973609,20.72707674065751,0,6,1,0
1815,1,3,64.61348561582344,60.92395785594747,1,5,1,1
1816,1,3,53.72044172108304,48.29485881339944,0,2,1,0
1817,0,3,51.11391688797517,37.53414616796436,0,3,1,0
1818,0,3,45.86927215420773,26.496577241286307,0,5,1,0
1819,1,3,43.55919370774655,51.930081679372115,0,8,0,1
1820,0,3,50.101622588253164,36.011417219700725,0,4,1,0
1821,1,2,34.21827619383421,55.522427347294844,0,10,1,1
1822,0,2,33.8728081168663,19.7187364800602,0,1,1,0
1823,0,3,59.029833002762985,46.84284971826396,1,3,0,0
1824,0,3,42.16002147978888,33.36326392761616,0,9,0,0
1825,0,2,78.92638443796653,41.74797679895226,1,5,0,1
1826,0,3,50.31967033981331,25.77341188338114,0,4,1,0
1827,1,2,23.92544846501552,49.51371746980867,0,6,0,0
1828,1,3,41.921834237950335,52.12792774904045,0,3,0,0
1829,0,2,42.528369398224086,26.4441674588373,0,5,1,0
1830,0,3,53.21432408113468,47.70643870184204,1,8,1,1
1831,0,3,57.46059366515212,35.32541600043144,1,4,1,0
1832,1,3,45.55536534535246,55.538873835384514,0,8,0,1
1833,0,3,64.45515916129054,42.05014548395216,1,2,1,0
1834,0,3,59.44426256009727,43.16494099693671,0,4,1,0
1835,0,3,34.93626253451011,32.71161388069563,0,6,1,0
1836,1,3,31.686351850260095,41.871611160528886,0,5,0,1
1837,0,3,44.97749754404066,25.98319876402295,0,5,1,0
1838,0,2,50.2331650655674,33.453588031353746,0,6,1,0
1839,0,3,77.86033750049376,53.21846958100898,1,2,1,1
1840,0,3,16.615446709102933,21.471287723360906,0,7,1,0
1841,0,2,59.67950205913982,47.17515970734603,1,9,1,1
1842,1,2,78.8036044299341,73.33056527390447,1,4,1,1
1843,0,3,55.47856899204347,31.575539524881393,0,2,1,1
1844,1,3,54.877998734777805,51.15723032225713,0,4,0,1
1845,0,3,39.60772169474162,22.634873174379578,0,4,1,0
1846,0,2,33.90496456881085,19.976256503475046,0,5,1,0
1847,0,2,86.71868510571638,48.59915561477105,1,4,1,1
1848,0,3,50.46393978548701,31.924896755209936,0,4,1,0
1849,0,3,75.24676547858341,47.48424289134736,1,5,1,0
1850,1,2,36.79655761864723,46.15124814062242,0,5,0,0
1851,0,3,49.57299274371488,38.45608526908238,0,9,0,1
1852,0,3,56.314382145833534,44.08069126656834,1,5,1,1
1853,0,3,45.51798749992382,34.30575459257561,0,3,0,0
1854,1,3,46.84639083749282,49.70836753410799,0,3,1,0
1855,0,2,42.33378317940287,32.5119385038364,0,5,1,1
1856,1,3,63.208088875263066,61.17469515663723,0,1,0,1
1857,1,3,45.14436242171925,50.358778734042886,0,3,1,0
1858,1,3,45.519946801627306,54.56850378368957,0,2,0,1
1859,1,2,52.77541761063671,55.81518739170191,0,3,0,1
1860,0,3,32.91031190533201,27.02653266724134,0,4,1,0
1861,1,3,30.417929257671307,70.62330005437559,0,5,0,1
1862,0,3,71.20154427655598,48.782981927750605,1,7,1,1
1863,0,3,64.33260628573217,47.16255560227697,1,7,1,1
1864,0,3,23.51997160690027,27.2444085371482,0,3,1,0
1865,0,3,60.57942360071341,39.15956204658024,0,4,0,0
1866,0,3,12.546278044497992,11.891526787221249,0,4,1,0
1867,0,3,71.30926938529267,53.587808459260515,1,4,1,1
1868,0,2,36.03763907359362,26.655816852647472,0,5,1,0
1869,0,3,51.866225309496556,30.438741148216423,0,5,1,0
1870,0,3,62.23926383282064,35.19183256435491,1,1,1,0
1871,1,3,51.03519598091016,47.32960252128928,0,6,0,1
1872,0,3,33.899648004738324,12.675110378525796,0,2,1,0
1873,0,3,66.87025330936726,49.96631182188901,1,3,1,0
1874,1,3,64.40781127447171,60.8415414851989,1,4,0,1
1875,0,3,49.51346966833161,34.12658132589717,0,5,1,0
1876,0,3,64.39546229762327,31.756691579030054,1,3,0,1
1877,1,2,50.67049994218078,58.96027499930787,0,4,0,0
1878,1,3,62.49644051907049,59.70811333615469,1,2,0,1
1879,0,3,31.534288896360515,18.793812053265864,0,3,0,0
1880,1,3,66.90009933168575,68.12658439150064,1,3,0,1
1881,0,3,63.14067228396082,45.85331573302753,1,4,0,1
1882,1,3,39.76151397880173,53.171222464072066,0,3,0,0
1883,0,3,29.142617906638886,22.09647019925759,0,3,1,0
1884,1,2,33.9163125210177,47.790561905488104,0,4,0,0
1885,0,3,41.37303671441523,16.01742303040613,0,2,1,0
1886,0,3,48.500755180707024,19.610995326029695,0,2,1,0
1887,0,3,57.237722115729895,38.81501688720884,0,3,1,0
1888,0,3,53.8414529768176,26.804000878123155,0,3,1,0
1889,0,3,56.05791683431468,25.3186924929631,0,1,1,0
1890,0,3,26.903414419931057,22.901620957791092,0,9,1,0
1891,0,2,46.575679594937874,37.320880036593095,0,8,1,0
1892,0,3,46.559198902829145,37.15061344748603,1,5,1,0
1893,0,3,57.610965737767,44.9531552144127,0,7,1,0
1894,0,3,32.49185846752402,21.743029029627213,0,2,1,0
1895,1,2,53.26841849825166,56.175361303094036,0,4,0,1
1896,0,3,30.027297468264535,17.478133899359968,0,6,1,0
1897,0,3,43.84859004550008,21.711308853395867,0,4,1,0
1898,0,2,56.782830567797916,36.54604685964399,1,1,1,0
1899,0,3,29.594388257587077,22.910190791000772,0,8,1,0
1900,0,2,73.63291250371452,51.847502449887735,1,6,1,1
1901,0,3,54.1395874143816,33.06648505822501,0,4,0,0
1902,0,3,40.58145622535675,21.992459293904634,0,3,1,0
1903,1,3,43.444026172236825,56.623205951616136,0,6,1,0
1904,0,2,44.880681298045864,26.13675062682995,0,4,1,0
1905,1,3,59.19172503433305,49.84278843859383,0,6,0,1
1906,0,3,22.24679875543777,14.527504464223,0,2,1,0
1907,1,3,69.11769912495069,76.46532101393929,1,6,1,1
1908,0,1,64.21363129428997,46.75446899809502,1,2,0,1
1909,1,3,45.84645741326192,45.57595478974401,0,7,0,0
1910,0,3,33.69616523619952,21.94520866512608,0,2,1,0
1911,0,1,69.3762948752579,39.6363395604101,1,4,1,1
1912,0,3,42.56146141033397,38.984325868465596,0,5,1,0
1913,0,2,28.784659785451634,12.58212906971907,0,4,1,0
1914,1,3,34.153925640238626,46.52986231066246,0,3,0,0
1915,0,2,55.608511329274364,37.3631736920129,0,8,1,1
1916,0,3,60.87232461748264,47.326339147092924,0,5,1,1
1917,0,3,66.07698391564789,50.37351648837926,1,6,1,1
1918,0,2,37.482297698476344,35.05252873850967,0,5,1,0
1919,0,2,42.80582130600685,30.944377892477604,0,4,1,0
1920,0,3,73.65143918548077,50.154391758915004,1,6,1,1
1921,0,3,60.000142054887355,51.315982915041836,0,8,1,1
1922,0,2,84.37342915902225,53.031903092972335,1,6,1,1
1923,0,3,0.0,6.59471072890232,0,4,1,0
1924,1,3,48.37551050843542,67.0896292875133,0,5,0,0
1925,0,3,57.20511621123441,41.41092452013417,0,6,1,1
1926,0,3,52.1867903631543,48.67680121254172,0,7,1,0
1927,1,3,59.62870406561929,38.73967761009434,0,1,1,0
1928,0,3,56.503730597132325,42.334956108839066,1,7,1,0
1929,0,2,19.49621123826669,20.16666227656703,0,8,0,0
1930,0,2,26.91046036259247,19.866041770690703,0,6,0,1
1931,0,3,59.79526471695917,35.34623469236005,0,4,0,0
1932,0,3,54.449692272796085,27.989417040653713,0,6,1,0
1933,0,3,26.899952580000146,19.274883179293294,0,2,1,0
1934,1,2,62.98538186092244,55.32083152775351,0,8,0,0
1935,0,3,49.95997069091443,19.986646305991833,0,5,0,0
1936,0,3,57.75184008474884,45.031217818978114,0,5,0,0
1937,1,2,47.35771675971336,53.11066084801434,0,4,0,0
1938,1,3,67.09060935346992,57.80776486877023,1,4,0,1
1939,1,3,33.6635773300941,52.053443450518465,0,7,0,1
1940,0,2,30.142257807664404,24.619943979114705,0,5,1,0
1941,0,3,66.4610044983259,34.164192575815335,0,2,1,0
1942,1,2,45.95073297300326,43.832296772952,0,2,0,1
1943,0,2,71.02817063942622,35.57335240277439,1,2,0,1
1944,0,3,29.248049618494917,26.223038169738217,0,5,1,0
1945,0,2,1.3046170075506076,6.640180225402633,0,6,1,0
1946,0,3,55.30095643318153,28.69616028759545,0,3,0,0
1947,0,3,34.160775904942106,14.90089375243451,0,5,0,0
1948,1,3,38.755172955838546,48.11886350309357,0,5,1,1
1949,0,3,27.660052915563362,28.829500837269947,0,6,1,0
1950,0,2,54.32254382887407,40.986115795403215,0,4,1,1
1951,0,3,15.677528481254562,12.203999101580505,0,7,0,0
1952,0,3,60.54027606343763,50.65783090888736,0,9,1,1
1953,0,3,66.94645190211617,45.524852849667255,1,4,0,1
1954,1,3,32.98683114835014,49.20490496752141,0,5,0,1
1955,0,2,38.266334744804816,26.84617499808238,0,5,0,0
1956,0,3,64.92164048183878,42.36127363612737,1,7,1,0
1957,1,3,17.636188655926027,47.428797835756264,0,9,1,0
1958,0,2,66.63707607386486,57.69095902745632,1,8,1,1
1959,0,3,60.11438547498552,35.10696373365899,1,4,1,1
1960,0,3,63.719681663207226,40.0947351565882,1,6,1,1
1961,0,3,35.509699529526586,26.37831229507808,0,3,1,0
1962,0,3,40.92457443440254,18.71873390822646,0,1,1,0
1963,0,3,48.67196588590243,30.850274122433532,0,5,1,0
1964,0,3,54.60807174912119,35.80361946140817,0,5,1,0
1965,0,2,81.27759870486658,44.28111582741519,1,2,0,1
1966,0,3,23.783343433196173,15.02078104163447,0,5,1,0
1967,0,3,60.42814995129718,43.774398853775686,1,5,1,0
1968,0,2,58.66662003404261,39.37056080963275,0,5,1,0
1969,0,3,65.45325260531072,42.13873114217925,1,3,1,0
1970,0,3,33.21117351481436,22.712139761934544,0,5,0,0
1971,0,2,57.030777142541915,28.431155568957493,0,1,1,0
1972,0,2,46.80822250524173,18.6753435049674,0,1,0,0
1973,1,3,56.97035850956817,52.61201122422001,0,4,0,1
1974,0,2,48.179235726351386,29.27046835366285,0,8,0,1
1975,0,3,45.47521667419701,26.86898399566907,0,5,1,0
1976,0,3,25.829412623951384,17.32266084298853,0,7,1,0
1977,0,3,81.6527329890686,48.73794012667095,1,3,0,1
1978,0,3,20.78942405740661,19.987866394171064,0,4,1,0
1979,0,3,45.52883259969307,23.204491367003367,0,3,1,0
1980,1,3,43.25492309429509,49.53472626102292,0,4,0,0
1981,0,3,63.61670198088889,55.09791498577991,1,7,1,0
1982,1,3,59.253291802148254,49.355781725295294,0,2,0,1
1983,1,3,45.49217669618666,55.797916437372,0,4,0,1
1984,0,3,50.34581158204105,37.4967575468188,0,2,0,0
1985,0,3,58.46962422220286,47.74595529969335,1,5,1,1
1986,0,3,70.8865406879099,36.20802712046318,1,7,1,0
1987,0,3,35.59053628016201,22.481292305895405,1,6,1,0
1988,0,2,41.89180375607607,34.58566331305586,0,8,0,0
1989,0,2,57.7148108961015,43.014357569994715,1,3,1,0
1990,0,3,48.38067227298414,28.807708301386537,0,5,1,0
1991,0,2,62.24957946387479,46.93243140774698,1,2,1,1
1992,0,2,47.99509268410534,25.239790746542283,0,2,0,0
1993,0,3,72.25705627459386,56.619605157917185,1,5,1,1
1994,0,3,72.76873787395172,38.26452725052599,1,2,0,1
1995,0,3,100.0,40.76167027700214,1,5,1,0
1996,0,3,65.27803882522453,51.27690093750108,1,6,1,0
1997,0,3,65.59143640277314,64.2851495730386,1,12,1,1
1998,1,3,45.846634162278406,46.36264056837714,0,4,1,1
1999,1,3,33.59930336086832,43.21224644845241,0,7,0,0
2000,1,3,44.52152050045022,64.5110443612839,0,6,0,1
2001,0,3,73.76282545202727,59.551441210140545,1,3,1,1
2002,1,3,84.39348939692637,76.37009663786493,1,2,0,1
2003,0,2,61.21829814326552,45.68251572409765,1,8,1,0
2004,1,3,60.08260526517687,72.7026482692569,0,4,0,1
2005,0,3,70.93636562256,52.5838943657578,1,5,1,0
2006,0,3,70.13977435927397,45.97000087175466,1,6,1,1
2007,0,3,45.383610722268884,35.03786272793391,0,5,1,1
2008,0,3,63.005123743181684,40.626066072967795,1,3,0,0
2009,0,2,46.45094499305062,40.55612683576521,0,12,0,0
2010,1,3,44.751349603390565,52.739075933592396,0,3,0,1
2011,0,3,9.290114970015177,17.365573696672193,0,6,1,0
2012,0,2,51.52145752245354,39.0547562888576,0,5,1,0
2013,0,3,29.385797176034746,13.959979336250935,0,3,1,0
2014,0,3,39.553091503964,21.55642497856575,0,4,1,0
2015,0,3,34.29832029810561,30.240201302872627,0,6,1,0
2016,0,3,46.38273477016649,42.153113336450744,0,5,1,0
2017,1,3,39.760568622920076,67.40182672689272,1,10,0,1
2018,0,3,70.48944763563753,44.48275483070272,1,3,1,0
2019,1,3,40.03673159150832,53.00145106929251,0,4,0,0
2020,1,3,47.648837658962954,50.507598645425915,0,5,0,0
2021,0,3,78.71791294642384,47.70263355900901,1,5,1,1
2022,0,3,22.768703990431423,16.662694047439498,0,4,1,0
2023,0,3,36.86617883019439,18.907464784457737,0,3,1,0
2024,0,3,45.85804291717481,26.376222766749464,0,4,0,0
2025,1,3,33.28072310508568,38.69471574344561,0,2,0,0
2026,1,3,58.90207766027247,69.8780347234667,1,7,0,1
2027,0,3,37.844756243493634,21.729533972783457,0,5,1,0
2028,0,3,63.949023359889615,53.26481328758948,1,9,1,1
2029,0,3,71.34724311487486,37.99511035364143,0,6,1,1
2030,0,3,43.55231364256634,24.358263986667357,0,2,0,0
2031,1,2,55.109566889183505,39.035442408210734,0,5,0,0
2032,0,3,64.93044465130396,63.62032264959463,1,6,1,0
2033,0,3,46.60124991186685,41.16548902006636,0,6,0,1
2034,0,3,50.68381788362645,39.655069899122196,0,5,1,0
2035,0,2,16.954037073975424,17.035174599489306,0,4,1,0
2036,0,3,68.89445256672052,60.86872005426012,1,10,1,1
2037,1,3,46.76775691488386,49.60596533844736,0,6,0,1
2038,0,3,97.65701315222871,57.47577145229309,1,4,1,1
2039,0,3,48.458523660654826,37.24135293885173,0,4,0,1
2040,0,3,39.94005275604071,36.823563466091755,0,9,1,0
2041,1,3,71.71338802647963,61.11907478543902,0,5,0,1
2042,1,3,63.72076931075145,74.06597336134146,0,8,0,1
2043,0,3,38.74820761426117,32.172330737562405,0,3,1,0
2044,1,3,51.75778712193974,52.153421404992265,0,5,0,0
2045,1,3,51.51575388902212,41.62259136589589,0,4,0,0
2046,0,3,51.167027934434,49.50414120624791,0,7,1,0
2047,0,3,61.22665634670786,45.70243803951946,1,5,0,1
2048,0,3,52.725966436190376,31.359536157131878,1,6,1,0
2049,0,3,59.02262364440731,37.67459015317112,0,4,1,0
2050,0,2,67.92908412596456,45.8551115640953,1,5,1,1
2051,0,3,51.64598262658847,34.00211752257322,0,7,0,0
2052,0,3,49.538973467317064,38.06582128706393,0,5,1,0
2053,0,2,50.79920008630121,52.7479160819631,1,4,1,1
2054,0,3,53.89332403229513,32.63240013624729,0,3,1,0
2055,1,3,78.67872684082565,63.89348838320536,0,4,0,0
2056,1,3,27.292653718283365,53.39704657210261,0,5,1,0
2057,0,3,33.7316171388889,33.740245622354124,0,7,1,0
2058,1,2,40.38484763885456,50.72200068106456,1,8,0,1
2059,1,3,51.19296925041485,62.08422606089262,1,5,1,0
2060,0,3,43.54249811520089,32.42617765185431,0,3,1,0
2061,0,2,25.42432726392966,11.960642334448575,0,3,1,0
2062,0,2,71.79454591999014,54.01127461850615,1,9,1,1
2063,0,3,43.45614461144163,36.084594421094714,0,7,1,0
2064,1,3,51.82615048975977,57.19154380681205,0,2,1,1
2065,0,3,45.451549068628644,53.28746161652118,0,6,1,0
2066,0,3,62.54069076014339,52.105389681878435,1,6,1,0
2067,0,2,49.611143725119874,32.970395204750346,0,5,1,0
2068,0,3,100.0,51.67469825114083,0,5,1,1
2069,0,3,50.592898262796076,21.50236565055365,0,3,0,1
2070,1,3,41.165151871079956,35.818083176191806,0,2,1,0
2071,0,3,13.310929101251824,2.3091831572747727,0,3,1,0
2072,0,3,62.6773454277335,43.28914865729098,1,4,0,0
2073,1,3,53.16843773522447,71.11977904259025,0,5,0,1
2074,0,3,50.37532679603703,32.892679386791244,0,7,0,0
2075,0,2,72.31860510174504,39.30396094378844,1,2,1,1
2076,0,3,53.11776163095439,38.015095434778395,0,3,1,0
2077,0,3,44.15006836341578,35.94873854824701,0,5,0,0
2078,1,3,22.212402208650502,41.94747707794985,0,10,0,0
2079,0,3,67.9992745883911,45.62944615174402,1,4,1,1
2080,0,3,47.73999888529938,35.25034920895977,0,8,1,0
2081,1,3,60.10826836937704,66.24587425639211,1,4,0,1
2082,0,3,38.57035664205165,37.654543107976465,0,10,1,0
2083,1,3,51.29428785964332,53.77388753409744,0,6,0,0
2084,0,3,62.551663896222124,42.412617470790146,1,4,1,1
2085,1,3,54.17495957856779,55.448840042575085,0,2,1,0
2086,1,2,57.45649838660888,55.75044221516665,1,5,0,0
2087,0,3,43.53278895048305,30.213980568776872,0,4,0,0
2088,0,3,34.93751484400616,32.446618438348345,0,13,1,0
2089,0,3,49.4655459123955,30.141905490837505,0,5,1,0
2090,0,3,27.952629551245376,28.53908773607988,0,5,0,0
2091,1,3,35.937415032216244,43.57757948044821,0,2,0,0
2092,0,3,62.37616194269206,51.11572702892229,0,7,1,1
2093,0,3,74.26128580352885,49.80063201977729,0,4,1,1
2094,1,3,46.01258675337261,49.35040426020097,0,4,1,0
2095,0,3,58.247822510987156,43.62742951494973,0,5,1,1
2096,1,3,50.43628910899442,63.548785683911746,0,1,0,1
2097,0,3,54.45897425878774,41.65902645838085,1,5,1,1
2098,0,3,57.46472182809367,41.35530195113018,0,3,0,0
2099,0,3,72.84127373660215,50.04768945844845,1,7,1,1
2100,1,3,32.56981906022825,38.72374329005347,0,3,0,0
2101,1,3,34.76213198685374,34.4991504542005,0,3,0,0
2102,0,3,60.098729182946165,39.39117436550359,1,6,1,1
2103,1,3,52.97972336693981,58.20043438247656,0,6,0,0
2104,0,3,35.00141531678445,20.1083606691981,0,4,1,0
2105,0,2,48.913168769831984,41.6818738287478,0,6,1,0
2106,1,2,44.869598983547526,54.66148537378389,0,8,0,1
2107,1,3,72.70760427671189,66.96481500442793,1,7,1,1
2108,0,3,69.12624170268334,38.92881196467012,1,3,1,1
2109,1,3,58.172242699692205,60.29664955046524,0,7,0,0
2110,0,3,51.85322714683755,37.58343785586147,0,5,1,0
2111,1,3,27.751195155750924,40.220451507777085,0,3,0,1
2112,0,3,67.5413424750229,16.497549305764743,0,2,1,0
2113,0,3,54.786667299317735,36.29547164930704,0,2,0,0
2114,0,3,36.36606085568928,30.20132378099573,0,6,1,0
2115,1,3,47.779849227348954,59.654236480301066,0,9,1,0
2116,1,3,84.90883687066345,80.04768639024422,1,9,0,1
2117,0,3,24.537987864444478,27.581747430292832,0,7,1,0
2118,0,3,45.80439523215038,42.62179404586997,0,7,0,1
2119,1,3,58.34904828024765,59.26248424650763,0,5,0,1
2120,0,3,40.05616834210019,26.18724049074207,0,7,1,0
2121,1,3,45.913717713860386,67.44815462752851,0,10,0,1
2122,1,3,28.271217948104997,27.463547234776456,1,3,0,0
2123,0,2,49.97733262272936,26.5760786838549,0,4,0,0
2124,0,2,45.18873672816757,25.461199548482373,0,5,1,0
2125,0,3,47.014665091829855,24.87983857528496,0,3,1,0
2126,0,2,26.834006913888082,28.35772030479364,0,6,1,0
2127,0,3,38.25916095708706,24.95422636468053,0,6,1,0
2128,1,3,50.30258171989125,60.530587769551346,0,5,1,0
2129,0,2,61.298152137722184,53.71226480836699,1,8,1,1
2130,0,2,55.65476850111422,34.05591899553455,0,6,1,0
2131,0,3,43.5042051145277,41.46799011342278,0,7,0,0
2132,0,2,65.07311338734667,31.949780574054707,1,3,1,0
2133,1,3,29.10227868764261,45.81740486549017,0,5,0,0
2134,0,3,63.54116084520154,31.126932447144643,0,3,0,0
2135,1,2,60.91631385306353,45.398133213840694,1,3,1,1
2136,0,3,48.339114373772304,32.67168206855878,0,3,1,0
2137,1,3,46.879866145349034,57.249093648474265,0,5,0,1
2138,1,3,58.68498985652972,63.98757485862232,1,3,0,1
2139,0,3,45.853135881385704,37.23888171179578,0,8,1,0
2140,0,3,33.31952625335661,27.059275322616223,0,5,1,0
2141,1,3,64.44617892094736,64.01953748845396,0,3,0,0
2142,1,3,50.406908738620466,49.84520037575723,1,4,0,1
2143,1,3,62.77955442427808,71.77645410221658,1,6,0,1
2144,0,3,80.91691900074191,62.61805123775389,1,3,1,1
2145,0,2,60.70968045463041,45.921150674886285,1,4,1,0
2146,1,3,37.037586217503744,36.90132618033218,0,3,1,0
2147,0,3,20.23646008004041,8.704709529985541,0,4,1,1
2148,0,3,16.570816120120448,20.730424109897925,0,6,1,0
2149,0,3,57.23975277250025,44.11107032372176,0,5,1,0
2150,0,3,38.61971687605004,17.4270679579712,0,2,1,0
2151,1,3,40.32476106742322,49.5754517397147,0,7,1,0
2152,1,2,63.85947421685618,57.683219123308994,1,4,0,1
2153,0,3,57.03829872006349,35.07410119397628,0,2,1,0
2154,1,3,14.963110174543385,38.20378281741251,0,6,0,0
2155,0,3,51.22628146872112,39.91715012487228,0,5,1,1
2156,1,3,56.00941084310996,53.81856412268588,0,5,0,1
2157,0,3,47.31212632471381,42.56159378526424,0,5,1,0
2158,0,3,80.57896624279651,48.477551369704436,1,4,1,0
2159,0,3,65.57136443781532,36.01616310463368,0,4,1,0
2160,1,3,61.177221335707024,64.08262013391511,0,4,0,1
2161,1,3,53.107884984777876,45.264341019660826,0,6,0,0
2162,0,3,66.26223374690404,52.99776571842537,1,6,1,1
2163,1,3,60.29433670626905,68.99884062478053,0,8,0,1
2164,1,3,45.449976328352506,48.53834235495605,0,7,0,0
2165,0,3,63.087826745644755,49.808463274702355,1,5,1,1
2166,0,3,20.318058461392088,20.67033875864586,0,5,1,0
2167,1,2,69.33623126325303,57.52344292972963,1,3,0,1
2168,0,2,33.89712852163676,28.833697511262947,0,3,1,0
2169,0,3,47.3625006225787,33.842081251385466,0,8,1,0
2170,0,3,59.64324708722334,31.58354865958453,1,6,0,1
2171,0,3,43.8838761319258,30.37399502109657,0,4,1,0
2172,0,3,52.921629820552866,28.917449752746062,0,4,1,0
2173,0,3,53.681171630762165,33.58389990456192,0,3,1,0
2174,0,3,57.65009249901571,34.451570507994084,0,4,1,0
2175,0,3,43.747584948181256,21.78009736682085,0,3,1,0
2176,0,3,52.880701823618246,27.713589482022464,0,2,1,0
2177,0,3,42.789798214953485,40.11306181434021,0,7,1,1
2178,0,3,41.67990076502584,22.957175129982918,0,4,1,0
2179,0,3,35.61745028332799,34.550546405127506,0,8,0,0
2180,1,3,54.8858516659791,55.38192193429549,0,6,0,1
2181,0,2,63.67192741027523,46.724297120915864,1,6,1,0
2182,0,2,31.493503894975866,34.18567730044391,0,6,0,0
2183,0,2,81.08584567284345,56.03654784947075,1,6,0,1
2184,0,2,55.7788752384079,31.85799573413049,0,5,0,0
2185,0,3,46.292752941743004,47.45673850047022,0,8,1,1
2186,0,3,35.21505206771093,26.811638044317053,0,2,1,0
2187,0,2,25.6343610513259,27.42798484220868,0,6,0,0
2188,0,3,76.98447317803779,29.948234933416185,1,5,1,1
2189,0,3,39.89112143160282,34.111953337162404,0,4,1,1
2190,1,3,53.77509107150607,66.64286802127181,0,7,0,1
2191,0,3,91.2922446440918,57.515587964341385,1,5,0,1
2192,1,1,52.866545600905766,56.68361730482945,0,1,0,0
2193,1,3,54.891456888037546,65.77980758577442,0,3,0,1
2194,0,3,26.52855560684037,28.41516664856532,0,7,1,0
2195,0,2,65.00758625922836,35.197382872565825,1,4,1,0
2196,0,3,49.44737048463352,38.14062767869729,0,3,1,0
2197,0,3,53.373467032657345,41.544786888475244,0,9,1,0
2198,0,3,47.28908466953955,22.952935331846906,0,3,0,0
2199,0,3,42.898122327156315,37.90613961397604,0,8,1,0
2200,0,2,48.731041922684305,37.079871883115686,0,3,1,0
2201,0,3,49.683195711878,34.434697048611696,0,2,0,0
2202,1,3,62.93453229465177,73.3281472251525,1,6,1,1
2203,0,3,47.88619793010233,20.795061233137602,0,0,0,0
2204,0,3,49.292840646388406,29.213010157655972,0,4,1,0
2205,0,3,68.79667980252762,51.15571016098433,1,3,0,0
2206,0,3,69.07056516720495,38.7817558266186,1,3,1,0
2207,0,3,48.53797268252021,30.587951673948947,0,6,1,0
2208,0,3,68.31630267343242,46.12513797984622,1,4,1,1
2209,0,3,25.300811510937066,15.12448722692795,0,4,1,0
2210,0,3,62.12515792124603,49.816096045363835,1,5,0,0
2211,0,2,23.371840316906344,31.29365272568992,0,9,1,0
2212,0,2,27.84054957032862,20.68502193404421,0,4,1,0
2213,1,3,85.35815058451722,71.17121805845645,1,1,0,1
2214,0,2,26.167847423839813,21.384488903962573,0,8,1,0
2215,1,3,55.20367470665686,51.1055269080394,0,5,0,0
2216,0,3,29.942603934569462,16.66689933284851,0,4,1,0
2217,1,2,72.3149287897615,63.29441927370967,1,4,0,1
2218,1,2,41.30973829928507,47.723818482403416,0,5,1,0
2219,1,3,44.159899273092144,53.83215868848836,0,3,0,0
2220,0,3,49.3560739615743,32.87820610106671,0,7,1,0
2221,1,3,24.671900622903923,26.77709413423363,0,0,0,0
2222,1,3,46.598109638995375,68.0185185519336,0,10,0,0
2223,0,3,56.69015086490249,36.15345536106911,1,2,1,0
2224,1,2,48.3393581070804,46.35192903017749,0,4,1,0
2225,0,2,75.81833520882707,52.597510956132865,1,3,1,1
2226,0,2,64.39207585011889,59.571133990188855,1,8,1,1
2227,1,3,57.35210212412355,65.4278884073631,1,5,0,1
2228,0,3,39.74633794362774,24.180611609632393,0,5,1,0
2229,0,2,59.39449322919555,43.047351801386235,1,2,1,1
2230,1,3,29.309563913843945,33.9682434447525,0,4,0,0
2231,1,3,36.742003652733246,61.22087739420346,0,16,1,1
2232,0,3,72.21591795603484,51.21115185217083,1,8,1,1
2233,0,3,58.358520408808495,48.17623617804231,1,6,1,1
2234,0,3,53.671685288915285,30.132199989665423,0,7,1,0
2235,0,3,24.74650495993661,14.09439930896456,0,5,0,0
2236,0,3,19.629728342331397,3.366068605202681,0,3,0,0
2237,1,3,57.889296223527595,70.55357119993323,0,9,1,1
2238,0,3,42.34143440362681,43.64851500525581,0,10,1,1
2239,0,3,67.99078680855216,55.055706567944604,0,8,0,0
2240,0,3,52.44684463795599,31.669262117611115,0,0,0,0
2241,0,3,100.0,15.479089265168005,0,1,0,0
2242,1,3,37.171274303171785,30.993713388201627,0,2,0,0
2243,0,3,58.00313479005966,35.11015542126083,0,6,1,0
2244,0,2,65.22166896045503,36.134377549475225,1,2,1,1
2245,0,3,36.36204114470724,23.621285824590316,0,6,0,0
2246,0,3,70.23702529996814,41.15818577201594,1,7,1,1
2247,0,3,53.23661758467809,40.90172778284444,0,3,1,0
2248,0,3,100.0,35.49737661039608,0,8,1,1
2249,0,3,47.5271131421524,22.529116880917705,0,2,1,0
2250,0,3,63.16955020152735,52.421802129307665,1,7,1,0
2251,0,3,57.33703788004554,46.54938360234309,0,4,1,0
2252,1,3,50.477024992925266,44.79047232649717,0,1,0,0
2253,0,2,54.486610350787075,37.219692811754875,1,5,1,0
2254,0,3,52.201277373216236,34.63698050519209,0,6,1,0
2255,1,3,45.89795732473717,36.31947111733222,0,3,0,0
2256,0,3,65.71166828229036,51.58035986343381,0,6,0,1
2257,1,3,63.588606294359806,52.927851355566524,0,4,0,0
2258,0,3,53.89412812112631,38.54165457376952,1,7,1,1
2259,1,3,52.56192253432143,64.92621334433017,0,9,0,0
2260,0,3,33.606229485236796,30.33744944193128,0,5,0,0
2261,0,2,45.83934379740157,36.45565397665999,0,8,0,0
2262,0,3,68.19118770398978,49.41014963236854,0,4,1,0
2263,0,3,26.707953307372605,28.53676338251918,1,9,1,0
2264,1,3,47.05500841054809,57.09183309735634,0,3,0,0
2265,0,3,53.97504272807332,34.740393523024686,0,5,1,0
2266,0,3,56.35183147601392,43.856329123937186,1,5,1,0
2267,0,3,44.62036024498368,33.368893929388435,0,4,1,0
2268,0,3,39.20101792389529,19.01676497076102,0,4,1,0
2269,0,3,31.630858327987934,15.031465315733998,0,4,1,0
2270,0,3,86.86339590033403,44.05173667978478,1,2,1,0
2271,1,3,58.40393052888684,55.140661297172684,0,7,1,1
2272,0,3,40.51941008740702,26.459528273995012,0,6,1,0
2273,0,3,8.87609843967618,21.182794880663796,0,9,1,0
2274,1,3,53.45240439878131,61.19110049245299,0,8,0,0
2275,0,3,65.47416126306479,57.147649320287805,1,7,1,1
2276,0,3,55.68570770684774,44.64964856410974,0,5,1,0
2277,0,3,32.25804698172849,25.25080105715395,0,6,0,0
2278,0,3,0.0,42.33061572127643,1,2,1,0
2279,0,2,57.00016124023219,40.84946436591139,1,2,1,1
2280,0,3,83.68193288122012,65.73562067227036,1,6,1,1
2281,0,3,25.046739577247855,22.644305957412854,0,5,0,0
2282,1,3,51.53436076764445,56.33789342416879,0,2,0,0
2283,1,3,57.625184486035515,45.56412902815742,1,2,1,0
2284,1,3,66.3649758339983,63.933791729433935,1,6,1,1
2285,1,3,54.694850693734494,62.12709720155805,1,8,0,0
2286,1,3,39.19416169109868,40.616126989427144,0,4,0,0
2287,0,3,32.80072800863542,36.032856662294265,0,9,0,0
2288,1,3,51.60090898071134,50.057052619334115,0,5,0,0
2289,0,2,46.49970383281318,19.088603248837995,1,4,1,0
2290,0,2,49.65695773292055,24.712010250397075,0,2,1,0
2291,0,3,59.69873371763123,56.70066906933115,1,5,0,1
2292,1,3,43.30240894813046,37.576084085536486,0,2,0,1
2293,1,3,80.68669737130102,68.82160187375447,1,4,0,1
2294,0,3,41.57605246691272,18.032596826092664,0,3,1,0
2295,1,3,43.39249560561181,52.382725488550165,0,2,0,0
2296,0,3,38.65382013615337,17.584534966523073,0,4,0,0
2297,1,2,75.27415357969346,76.40345686536072,1,6,0,1
2298,0,3,69.26509930572817,38.30791410277159,1,4,1,0
2299,0,3,28.149719317871554,20.778928940185683,0,7,1,0
2300,0,2,30.22761914677054,26.836513778533433,0,5,1,0
2301,0,3,74.67417135282352,48.41147412805654,1,6,1,1
2302,0,2,47.79677004994179,45.290435502681625,0,7,1,0
2303,1,3,38.40770254840322,41.89183459933781,0,5,0,0
2304,0,3,29.59916113943006,10.569439907779678,0,3,1,0
2305,0,3,0.0,44.49866524186344,0,5,0,0
2306,1,3,44.84451390888888,50.73574447743739,0,4,1,0
2307,0,3,47.58993604380311,42.52999523223451,0,8,0,1
2308,0,3,50.508860468831536,34.61650487582741,0,7,0,0
2309,1,3,43.79733713311647,52.34885175778807,0,4,0,0
2310,0,3,52.94445176777039,25.35257322323577,0,2,1,0
2311,0,2,52.39245500346367,45.51438732097253,0,9,0,1
2312,0,3,52.88032575992715,35.72016157419884,0,2,1,0
2313,0,2,48.39234532761208,45.62197930335287,0,8,0,1
2314,1,3,74.21248973742938,62.66069985113828,1,2,0,1
2315,0,3,84.29038019777832,58.830811798565435,1,6,1,1
2316,1,3,54.9126651843871,57.767844182942056,0,2,0,0
2317,0,3,67.5122798916232,50.58319770124123,1,7,1,1
2318,1,3,39.827175368021244,55.99016489215848,0,10,0,1
2319,1,3,40.63929400549322,46.11977187503942,0,6,0,1
2320,0,2,39.54403471136895,16.842881514237206,0,5,1,0
2321,0,3,45.910546149199675,37.47698017132863,0,5,1,0
2322,0,3,61.58274719198409,41.600092359518854,1,4,1,0
2323,1,3,80.63607106237382,75.33821814004801,1,5,0,1
2324,1,2,30.791878150248415,32.990274516251404,0,3,1,0
2325,1,3,31.894757184681932,53.56882658377577,0,6,0,0
2326,0,2,45.66714292003366,46.50896921600284,0,7,1,0
2327,0,3,48.409089772079156,23.856263376375814,0,3,1,1
2328,1,3,32.8428241556686,35.76336426229189,0,4,0,0
2329,1,3,27.915924752735634,32.46007310890865,0,5,0,1
2330,1,3,63.70630432213729,75.02073221782418,0,6,0,1
2331,0,3,46.846881221657064,41.7484592015507,0,8,0,1
2332,0,3,40.26883370376571,27.614818581871283,0,4,0,0
2333,0,3,49.14393184630817,42.554023909582455,0,5,1,0
2334,0,3,37.15248389013787,32.95856428825272,0,6,1,0
2335,0,3,45.04634109395702,23.725563054288862,0,5,1,0
2336,0,3,0.0,23.601479613887534,0,3,0,0
2337,0,3,58.25365185710975,42.07860220824623,0,7,1,0
2338,0,3,36.738592974086835,23.340555266857642,0,4,1,0
2339,0,2,58.505236120676734,51.814313122007356,1,5,0,0
2340,0,2,87.11188552956482,30.204284543942354,1,2,0,0
2341,1,2,38.840615922518936,54.33907440435911,0,7,1,0
2342,0,3,57.010097899363544,43.0307781158856,0,8,1,0
2343,0,3,44.93037210417398,17.53124155883325,0,4,1,0
2344,0,3,70.10379347449911,56.41026662311472,1,5,1,1
2345,0,3,44.61591440388497,29.91136360283933,0,3,1,0
2346,1,2,67.86011765328985,67.584810186153,1,4,0,1
2347,0,3,41.58616027693576,30.922575172457076,0,4,1,0
2348,1,2,32.97576190266841,49.15668754035068,0,4,0,0
2349,0,2,43.51151327409346,22.066844819342478,0,3,1,0
2350,0,3,17.69096696465431,33.37997426881032,0,5,1,0
2351,0,3,66.2387675981916,48.956231814681765,1,9,0,1
2352,1,3,54.93692511425414,58.88705251683612,0,3,1,0
2353,0,3,48.9492840374397,34.93620561588613,0,6,1,1
2354,1,3,48.431805657249136,63.2950795401697,0,6,0,1
2355,0,2,64.43934850985096,40.90556064256325,1,5,0,1
2356,0,3,38.43724140160801,5.652740055502145,0,3,1,0
2357,0,3,38.957002575624585,13.422571887835415,1,3,1,0
2358,0,2,43.4411223728445,38.35872985551155,0,8,1,0
2359,0,3,59.66488604361959,50.14524377708958,0,6,1,1
2360,0,2,34.43205953939164,22.974827767770797,0,6,1,0
2361,0,3,49.34753343391091,47.60039345057866,0,5,1,0
2362,1,3,40.15360527919535,77.5413235661344,0,9,0,1
2363,0,3,38.77417171182518,34.72094285166378,0,8,1,0
2364,0,3,63.56710374690054,37.38649716548729,1,4,1,0
2365,0,3,38.3131930549856,34.401887175375485,0,6,1,0
2366,1,3,34.31790861763881,58.02954640977433,0,8,0,0
2367,1,3,43.07612004444796,31.559971364677878,0,3,0,0
2368,1,3,56.432825408729954,52.03721976398085,0,4,1,1
2369,1,3,76.00702288756939,78.51861209337939,1,8,1,1
2370,1,3,50.45139368407542,53.842632337593486,0,5,1,0
2371,0,2,68.16187901286845,63.819674473440166,1,7,1,1
2372,1,3,51.05642023830025,64.97513286165407,1,8,1,0
2373,1,3,51.550932733849656,60.67215248923477,0,4,0,0
2374,1,3,66.74757302306135,64.58629655738807,1,6,1,1
2375,1,3,59.84410549207947,46.57888674058666,0,1,0,0
2376,1,3,46.687775676713684,61.81112401153165,1,4,0,1
2377,1,2,9.023807480183606,21.81724226306033,0,3,0,1
2378,0,3,31.422461003159306,27.93014169023497,0,4,0,0
2379,0,3,80.71903914727014,56.671239914770865,1,2,1,1
2380,0,3,63.55730251528417,46.85183320871359,1,4,1,1
2381,0,3,51.0811730038302,49.884598066828026,0,8,1,1
2382,1,3,53.28480971149418,74.2871012253614,0,9,0,1
2383,0,3,36.089555796214405,36.00843208928376,0,7,1,0
2384,0,3,66.02076097329447,57.56749799979137,1,3,1,1
2385,0,2,33.39800676712867,29.22779016589453,0,7,1,0
2386,0,3,0.0,24.87912690097547,0,6,1,0
2387,0,2,54.562063213385606,41.883622307213074,0,4,0,1
2388,0,2,55.23521969003386,30.800339877367577,1,3,1,1
2389,0,3,56.59521217925566,43.183464685889035,0,4,1,0
2390,1,1,29.354437136155205,39.57058456311951,0,5,0,0
2391,0,3,44.39010532389288,24.44914661493169,0,4,0,0
2392,1,2,31.6496228149922,27.74167909416107,0,3,0,0
2393,0,2,53.82941105139031,37.85815230522714,0,2,1,0
2394,0,3,61.02482833469039,51.941956786241,1,4,1,1
2395,1,3,24.330828563885856,41.15688553122003,0,5,0,0
2396,0,3,49.068749288590325,21.49763353126606,0,4,1,0
2397,1,2,42.348740372429575,51.22755247963562,0,3,0,0
2398,0,2,58.690072569274946,47.707979095542015,1,7,1,0
2399,1,3,50.403291226042576,53.31862721050691,0,2,0,1
2400,0,3,50.07129890393667,24.364918978200603,0,2,1,0
2401,0,3,59.36491720921559,36.68889798448859,0,5,1,0
2402,0,3,47.2806144005361,33.0952522424602,0,3,1,0
2403,0,2,85.63326476993878,51.525736636290084,1,4,1,1
2404,1,3,61.083959819569074,40.74525991796303,0,2,0,1
2405,0,3,67.51879545868255,52.36214519753573,1,6,1,1
2406,0,3,46.0399294854149,35.590951878396616,0,3,1,0
2407,1,3,44.33645389795301,68.55905054871823,0,10,0,1
2408,0,2,70.11135132246463,46.98323987470736,1,7,0,1
2409,0,3,79.2783504113285,51.796775637783384,1,2,1,1
2410,1,3,50.63939885079793,46.58517893781144,0,4,0,1
2411,1,2,69.10504765074765,57.71053822940205,1,2,0,1
2412,0,2,67.06426793367729,47.593974722027276,1,4,0,1
2413,1,3,78.81590076714681,61.68509341052288,0,6,0,1
2414,0,3,40.50510341958956,24.244953567105124,0,5,1,0
2415,0,3,40.735568794180075,18.38735764723999,0,2,1,0
2416,0,2,61.09379543212494,35.69217574197739,1,4,1,0
2417,0,3,61.6807956211997,52.590898155767185,1,8,1,1
2418,0,3,44.62327833123622,24.980490339275686,0,5,0,0
2419,1,2,40.31728133563249,49.648949763474214,0,2,0,0
2420,0,3,58.17666423855357,41.573591308329945,1,3,1,0
2421,1,3,18.81684809116959,39.844351222163674,0,5,0,0
2422,0,3,58.415477486461214,44.677137624025406,0,4,1,0
2423,0,3,78.66434163190947,54.710693275060805,1,1,1,1
2424,0,3,52.74817418518209,37.740594194371596,1,3,0,0
2425,0,3,37.143062907833745,33.265387616749145,0,5,1,0
2426,0,3,64.50225158609847,55.39708905102998,1,7,1,0
2427,0,3,19.578554579473714,26.386969652947577,0,7,1,0
2428,1,3,96.11713507766602,79.07835918241244,1,4,1,1
2429,1,3,64.4041400346266,62.4758093571251,1,4,0,1
2430,0,3,47.59652555982092,47.951943440550764,0,6,0,1
2431,0,3,38.18687701895578,35.76888480322294,0,12,1,1
2432,1,3,56.26842782455554,52.192030095530214,0,3,0,0
2433,0,3,62.16614324278602,32.015176031313935,1,4,0,1
2434,1,3,57.56834896359702,54.92857530464244,1,5,1,0
2435,0,3,36.51662595059916,36.667604900618414,0,5,1,0
2436,1,3,0.0,51.05744969612516,0,5,0,0
2437,1,2,35.79160819607197,38.19409876225092,0,3,0,0
2438,0,3,48.05367120668015,37.13672557510742,1,6,1,1
2439,1,3,66.08085676102404,69.85528491834908,0,6,0,1
2440,1,3,48.52565384748583,51.58640563826003,0,3,0,1
2441,1,1,35.41867156561388,34.13742321868418,0,2,0,0
2442,0,3,84.35431245891448,27.40573937661967,0,5,1,0
2443,1,2,61.05072567386483,52.00720408582391,1,5,0,1
2444,0,3,44.362698909439274,35.125741137800254,0,7,1,0
2445,0,3,64.269249295441,44.57004177156374,0,4,1,1
2446,0,3,29.418105633374942,14.284200173177524,0,3,0,1
2447,0,3,53.93766035697918,38.99747583093256,0,5,1,1
2448,1,3,57.39163818278428,54.01841799638476,1,4,1,0
2449,0,3,38.86909460871082,20.472547012827242,0,2,1,0
2450,0,3,36.88740745440903,34.11283857686392,0,3,1,0
2451,0,2,33.4568123917133,28.848905203157496,0,3,1,0
2452,1,3,37.753429254644885,57.072409001367056,0,4,0,0
2453,0,3,54.884299414821854,44.21351080654464,0,6,1,0
2454,0,3,90.91424438332236,67.45255957641824,1,4,1,1
2455,0,3,26.770136414543078,23.997640555405283,0,9,1,0
2456,1,3,44.24426099083038,41.290201591615656,0,5,0,0
2457,0,2,70.9261029101146,44.038513633781434,1,6,1,1
2458,0,3,70.75849385986474,57.8112407919989,1,6,0,0
2459,0,3,38.223964354010384,12.670151535998293,0,0,1,0
2460,0,2,58.42669755514409,41.31416659054889,1,8,1,0
2461,0,3,38.761011100684854,32.30307676360493,0,3,1,0
2462,0,2,49.495874424208196,35.2251938136221,0,5,0,0
2463,0,3,41.709213257918876,32.43984378753157,0,8,1,0
2464,0,3,46.28487724010788,34.09795279307153,0,7,0,0
2465,0,3,22.123773597082337,19.505989534099314,0,5,1,0
2466,1,2,21.16128216923032,39.017226291390955,0,5,0,0
2467,1,3,20.455366660370697,46.61467742912167,0,5,0,0
2468,0,2,41.8788034148471,29.814776949280915,0,6,1,0
2469,0,3,26.171386919980158,16.121770662732892,0,5,1,0
2470,1,3,66.39194877628219,56.92096235337886,1,3,0,1
2471,0,2,38.46416861033161,24.506190807886714,0,2,0,1
2472,1,3,34.97669798832769,39.81103204075319,0,6,0,1
2473,1,2,57.680168973885884,87.80763731301313,1,13,1,1
2474,0,3,51.39642802907811,34.98204804068249,0,6,1,0
2475,1,3,42.94615616355592,66.120510308089,0,7,0,1
2476,0,2,34.9696468581869,27.338160692192318,0,4,1,0
2477,0,3,46.270225255819604,37.21492888819069,0,3,1,0
2478,0,3,52.80780542902916,35.349925862180406,0,4,1,0
2479,0,3,55.2024411115857,30.786646093141194,0,4,1,0
2480,1,3,6.129213777122274,51.56612943423652,0,4,0,1
2481,1,3,54.63398399594472,65.71201293920296,0,6,0,1
2482,0,3,59.0602861193221,32.06004713830754,1,5,0,0
2483,1,3,49.42145069698619,48.04690791697718,0,4,0,0
2484,0,3,76.10821803488861,49.700259809176494,1,4,1,1
2485,0,3,52.893374115151786,30.405247912922597,0,5,0,1
2486,1,3,57.7973563770489,69.75929408093451,0,7,0,1
2487,1,3,55.774877775983434,57.584597392618036,0,7,1,0
2488,0,2,48.27165354677822,30.747380858132917,0,2,1,0
2489,0,3,32.290666568159644,16.467152653020275,0,3,1,0
2490,0,3,65.04711557177289,56.27675289745197,1,6,1,0
2491,0,3,51.59538998819135,47.392105032659956,0,7,1,0
2492,0,2,77.02918169916836,58.74934428932525,1,4,0,1
2493,0,2,48.38157610188898,44.29856331939778,0,6,1,1
2494,1,3,48.966477746985156,67.81925396441996,0,7,0,1
2495,0,3,21.25600409638564,17.65196768036922,0,1,1,0
2496,1,3,81.90470477530621,74.14279094827234,1,7,0,1
2497,0,3,53.75083356984342,45.05948141600611,0,6,0,1
2498,0,2,40.55692818035153,37.81721824725744,0,9,1,0
2499,1,3,31.886591472935443,36.988807294853736,0,3,1,0
2500,0,3,54.94346784890809,35.213475636906985,0,6,0,1
2501,0,3,54.20854061115831,41.26190567946322,0,4,0,1
2502,1,3,67.02102828208982,69.76725984955137,1,5,1,1
2503,0,3,71.7099579494606,55.06849467784437,1,4,1,1
2504,0,3,70.67411683175322,42.15262649433366,1,3,1,1
2505,0,3,18.898033742142115,12.949282345333463,0,6,1,0
2506,1,3,36.18197584826016,53.28960521802122,0,5,0,0
2507,0,3,35.053061930870626,33.202631124924345,0,8,1,0
2508,0,3,71.4535085789165,42.22126307208644,1,3,1,1
2509,1,2,57.2395322088816,60.744690619985846,0,5,0,0
2510,0,3,46.67868476284452,35.28262515402737,0,5,1,0
2511,0,3,76.21223990451328,63.70957736353376,1,8,0,0
2512,0,2,63.42748990413778,29.39236638031308,1,2,1,0
2513,0,3,43.439943255834855,35.82674685784211,0,3,1,0
2514,1,3,49.00807230966783,57.812390666534476,0,4,0,0
2515,1,3,64.45021460815224,66.93576850453684,1,4,1,0
2516,0,3,35.01519948749412,27.665911444398365,0,3,1,0
2517,0,3,83.49394307335257,65.67076362493935,1,7,1,1
2518,0,3,38.58155781514296,16.87240946248344,0,2,0,0
2519,0,3,84.16549059966813,44.84952257459076,1,2,0,1
2520,0,3,34.29384839815334,25.505166977583666,0,2,0,0
2521,0,3,35.29581086717305,22.604748312729,0,6,1,0
2522,1,3,56.56656051575254,71.80126149693984,1,4,0,1
2523,0,3,61.626416322049366,39.82053279720761,1,7,0,1
2524,1,3,40.25415509184661,49.124706779688786,0,6,0,0
2525,0,3,86.91828940544617,58.972114579177855,1,6,1,1
2526,1,3,69.8282731570121,54.262963635187305,1,1,0,0
2527,0,3,64.43629891291704,40.35116039638175,1,6,1,1
2528,0,3,63.334751584885424,41.4945284294013,1,7,1,0
2529,0,3,32.44412546869982,20.865940320345736,0,5,1,0
2530,0,3,59.703369801504174,49.305087638797566,1,9,1,1
2531,0,3,38.300717937704114,28.369157318929236,0,2,0,0
2532,0,2,22.980172114759856,21.084532441051742,0,4,1,0
2533,1,2,98.61475877720932,67.99880895710548,1,7,0,1
2534,0,3,22.841907763195987,15.788529187483267,0,2,0,0
2535,0,3,57.20362294318693,33.23287239330888,1,4,1,0
2536,0,2,62.2753908509939,56.661292654829026,1,8,0,1
2537,1,2,65.08792427460985,50.92304955217095,1,2,1,1
2538,0,3,48.09700356847683,32.01908314561856,0,4,1,0
2539,0,3,17.63536124163863,12.478106397725991,0,2,1,0
2540,0,1,31.927979276734668,29.709186580593805,0,10,0,0
2541,0,3,42.97678573150526,40.105782743478755,0,7,1,0
2542,1,2,23.243560507876268,50.58238799825953,0,7,1,1
2543,0,2,77.02654957174957,37.17969964970799,1,1,1,1
2544,0,3,70.78032591465556,56.66357894270259,1,10,0,1
2545,0,3,65.1023767034512,43.63686924203617,1,3,1,0
2546,1,3,57.40067192236481,62.59391261048604,0,3,0,1
2547,0,3,61.253229827235174,39.72730404325683,1,7,1,0
2548,0,3,67.62315994205382,38.4786843032793,1,2,0,0
2549,0,2,50.028368722772356,46.50423001735723,0,7,1,0
2550,0,3,64.76532245296096,27.805610078540667,1,3,1,0
2551,0,3,65.01753431408922,30.353814661009583,0,3,1,0
2552,1,3,44.07743541706033,56.014286527678706,0,11,1,0
2553,0,3,19.369570858754418,8.122952234668121,0,4,1,0
2554,0,3,62.370216365617374,38.92967777291229,0,4,0,0
2555,0,2,55.22771375277159,35.35872214756543,0,1,1,0
2556,0,2,62.26577150385523,33.77550181149667,1,4,1,0
2557,1,3,46.53052025671994,43.821370749147334,0,1,1,0
2558,0,3,55.75108898840197,38.839821372743515,0,4,1,0
2559,0,2,49.852227959353634,33.26817800476221,0,6,0,0
2560,1,3,45.64928577526583,49.813640874844424,0,7,1,0
2561,1,3,50.99681690164752,46.14830930820838,0,3,1,0
2562,0,3,49.47889741747272,23.208631955257683,0,3,1,0
2563,0,3,70.44911238607115,44.09117906340706,1,2,1,1
2564,0,3,58.56761815858223,46.26978814012904,0,10,1,1
2565,1,2,85.98182882547637,75.99914976592694,1,3,0,1
2566,0,3,40.98477430866193,39.87245564474749,0,12,0,1
2567,0,3,64.39442542356771,35.8577463418509,1,3,0,1
2568,0,3,59.166797827460336,29.39813765309624,0,3,1,0
2569,1,3,63.52691872158551,62.225587876943344,1,4,0,1
2570,1,2,54.91600707126892,66.08085301842556,1,10,1,0
2571,0,3,47.90689889757955,30.918932286919222,0,6,1,0
2572,0,3,60.29703752606541,45.154928327906795,0,4,0,1
2573,0,3,58.62277661639872,50.60823298356793,1,8,1,0
2574,0,3,61.25580688897471,53.907281345243156,0,7,1,0
2575,0,3,52.931037924135964,43.77110229438273,0,8,1,0
2576,0,3,46.831615406058106,38.8852228221619,0,4,1,0
2577,1,3,56.23731942880612,66.96189859228072,0,7,0,1
2578,0,3,66.50535477170237,47.802776499890086,1,3,0,0
2579,0,3,61.09172007705847,40.08544566960769,0,2,1,1
2580,0,3,16.283244534148768,13.285221837334033,0,5,1,0
2581,0,2,34.48762307678065,21.55946423967361,0,6,1,0
2582,0,2,69.3335798564882,40.2918345734414,1,4,1,1
2583,0,3,40.8297942052838,21.265660172716785,0,4,1,0
2584,1,3,68.44774840292985,66.58526647477188,1,2,1,1
2585,1,3,60.313222135808765,52.39041652572644,0,3,1,0
2586,0,3,42.00833330652608,20.94482654959387,0,2,1,0
2587,0,3,45.2586474569516,44.96600323034084,0,9,1,1
2588,1,3,19.349071005977585,36.113158440832784,0,8,1,0
2589,0,2,54.170084740337785,46.49190757756307,0,5,0,0
2590,0,3,30.995366329167346,18.55028336821655,0,7,1,0
2591,0,3,61.46702081494733,36.81455184365601,0,5,1,0
2592,0,3,64.09784999586142,51.04740292978053,0,12,1,1
2593,1,3,48.14507924185173,44.649684782852226,0,3,0,0
2594,0,2,45.742497555944595,40.232517343551436,0,4,1,0
2595,1,3,25.48257185799015,37.7837631119742,0,5,1,0
2596,1,3,65.57479159304421,49.46614141827073,1,2,0,0
2597,0,3,24.200578853562583,20.922049827169406,0,3,1,0
2598,1,3,74.92041184723247,66.60562424244041,1,5,0,1
2599,1,3,54.42872660688076,48.299695892814825,0,3,0,1
2600,1,3,41.36036761175498,50.84222408020698,0,3,0,1
2601,1,3,47.19678525524896,47.10336410514357,0,2,0,0
2602,0,3,71.1820372695954,64.13461495361827,1,10,1,1
2603,0,3,52.04416682084698,34.62307951982762,0,7,1,1
2604,1,3,52.205435102765605,47.14173269344107,0,3,1,0
2605,1,2,49.548173191541615,43.18415638329111,0,3,1,0
2606,1,2,40.39439154343833,47.52991831156243,0,5,1,0
2607,1,2,27.31741316538873,36.339428363132015,0,7,0,1
2608,1,3,56.76483604949784,79.38709956710741,1,11,1,1
2609,0,3,39.47288115032402,38.130744197785724,0,6,1,0
2610,0,3,62.42394979143899,44.53346465692578,1,3,1,1
2611,0,2,46.22506844691546,19.233351786163713,0,4,1,0
2612,0,2,11.766323384296454,0.0,0,1,0,0
2613,1,2,43.33785012592526,47.039323368762574,0,4,1,0
2614,1,2,48.05681656840235,56.44306479471834,0,2,0,0
2615,1,3,25.48194251385212,39.377239517491276,0,2,0,0
2616,0,3,40.579078775493365,33.30137694873406,0,3,1,0
2617,0,3,52.75357026777812,33.92962922829681,0,5,1,0
2618,1,3,23.568459656552648,53.186250267478684,0,5,0,0
2619,0,3,40.18864402422438,30.401135934118233,0,4,0,0
2620,1,3,61.59222846486221,60.307758754064814,0,2,0,0
2621,0,3,41.15556824063318,24.826498698123174,0,5,1,0
2622,0,3,54.8129331862805,45.76497611326766,1,6,0,0
2623,0,2,43.24919880175088,19.07011778814364,0,1,0,0
2624,0,3,37.8376131508847,24.179912299517497,0,4,0,0
2625,0,3,34.947686922277654,35.05712917897965,0,5,1,0
2626,1,3,47.5287505926177,50.6631965306955,0,6,1,0
2627,1,3,66.59226625422137,52.156260667159096,1,1,1,0
2628,0,3,38.56058087616799,34.62691650494406,0,10,1,0
2629,0,3,40.89055686808529,29.401443166971433,0,8,1,0
2630,0,3,72.2121461314366,54.10324872523493,1,4,1,0
2631,0,3,33.4500920172285,15.008413715347938,0,3,0,0
2632,0,3,50.413989714854345,36.96818065429831,1,11,1,0
2633,0,3,19.799938448116553,12.268865786143078,0,5,0,0
2634,0,3,37.88773738598345,16.806622512838995,0,2,0,0
2635,0,3,57.7756798655035,44.76650697334574,0,4,0,0
2636,0,3,32.53016778248268,33.489048334442685,0,6,1,0
2637,0,2,75.58213324425694,51.91800535281858,1,5,1,1
2638,0,3,60.30226140735833,36.50286733580318,1,5,1,0
2639,0,3,30.422517321259846,25.780740078167398,0,3,1,0
2640,0,3,54.48693648026931,43.74865483293174,0,4,0,0
2641,0,2,62.54985071844955,45.42014234936341,1,3,1,1
2642,0,3,26.111367714356813,28.9020639432363,0,4,1,0
2643,1,3,52.15324391417039,54.239792119751066,0,6,1,0
2644,0,3,46.492297368543596,40.28150683105963,0,5,1,0
2645,0,3,52.78222603147942,54.40303087124588,0,11,1,0
2646,1,3,27.91587048604514,40.676133043887354,0,2,1,0
2647,0,3,35.203210848974464,32.58660698684045,0,8,1,1
2648,0,2,69.61123666616984,53.689341648847304,1,6,1,0
2649,1,3,76.30403662090563,71.09182607327469,1,5,0,1
2650,0,3,20.94517218638335,15.010425870156654,0,3,1,0
2651,0,2,35.01627939647171,23.06464077647159,0,5,1,0
2652,0,3,70.78952187077026,35.15658224560959,1,4,1,0
2653,0,3,30.775213206128633,21.548801474686154,0,2,0,0
2654,0,3,43.60548702249409,31.14248767236136,0,4,0,1
2655,0,3,60.01625506596101,44.98953810326654,1,4,1,0
2656,0,3,47.43464938881636,37.32715106101702,0,5,1,1
2657,1,3,40.68537304491531,43.63906516608839,0,0,1,0
2658,0,2,55.073147277314675,48.233790856656725,1,7,1,1
2659,1,3,53.19168407116544,53.22067791168367,0,6,1,0
2660,1,3,57.59425954780194,53.62223239539323,1,3,1,0
2661,0,2,58.00561628369833,48.223197026073244,1,5,1,1
2662,1,3,40.48016029529348,54.721732401837514,0,5,1,0
2663,1,2,43.72601223106379,58.08025991496564,0,4,1,1
2664,0,3,42.81082389204195,34.051894731362005,0,8,1,0
2665,1,3,66.36641993099586,64.73746939634513,1,6,0,1
2666,1,3,33.876836787555426,55.30666941614608,0,8,0,0
2667,0,3,63.557679705185016,42.20509297430189,1,7,0,1
2668,1,2,7.301854669951894,31.78928318850079,0,6,0,0
2669,0,3,64.28284345492116,52.590446376226836,0,5,0,0
2670,0,3,27.025823967501495,10.099580057913753,0,6,1,0
2671,0,2,46.67903518127181,38.68551037216451,0,6,1,0
2672,0,3,54.713314026175,41.817030267104116,1,5,1,1
2673,0,3,51.08485964551958,45.90473780598396,0,7,1,1
2674,0,3,42.52602567356805,30.97908752041624,0,3,0,1
2675,0,2,55.048314052853996,26.24566690385278,1,1,1,1
2676,0,3,41.36171650357391,28.980921890001188,0,7,1,0
2677,0,3,52.23132357178585,42.20536501260766,1,6,1,1
2678,1,3,65.13643265322747,78.51763143709712,1,10,0,1
2679,0,3,64.818741259815,51.61811912047422,1,7,1,0
2680,1,3,50.719138020367474,49.42841246830558,0,5,0,1
2681,0,3,64.71638527315595,45.35019044283449,0,3,0,0
2682,0,3,57.46213641598975,38.210505243711374,1,5,0,1
2683,0,3,66.00941311703919,53.46695920666257,1,10,1,1
2684,0,2,73.44445429127263,41.620341296062925,1,3,1,1
2685,1,3,47.493137463850104,49.96426800307144,0,5,1,1
2686,1,3,36.5153557893096,37.885825766863846,0,2,0,1
2687,0,3,58.411627528884814,59.923050091654005,1,7,1,1
2688,1,3,56.166185955028695,63.58151888031995,0,5,0,1
2689,0,3,60.20091508210509,50.12178544234544,0,8,0,1
2690,0,3,74.23847534992821,58.07780496255804,1,5,1,1
2691,0,3,29.013387637468774,22.875488768726587,0,4,0,0
2692,0,3,76.860781319171,32.316114409510895,0,8,0,1
2693,0,3,56.1744862761038,45.52031121261345,0,8,1,1
2694,1,3,42.997085521181646,44.07451066823637,0,5,0,1
2695,0,3,53.85568369942496,46.60671133056181,0,6,1,0
2696,1,3,32.99509432856552,46.76512905608477,0,9,0,1
2697,0,3,51.03921303965147,30.85976885358964,0,6,0,0
2698,0,3,21.71694380287638,14.945585689681382,0,7,1,0
2699,0,3,44.21810452853277,27.741814278760412,0,6,1,0
2700,0,2,52.10111918047835,36.48016314952329,0,7,1,1
2701,0,3,49.84472968151516,39.72205968907264,0,3,1,0
2702,0,3,30.178222000235728,30.456485213763546,0,8,1,0
2703,0,3,73.15136487486083,42.77873326901766,1,3,0,1
2704,1,3,43.530799455126136,57.19944976076254,0,4,0,1
2705,0,3,57.45338876376892,41.96496829328076,0,4,1,1
2706,0,3,47.606373746934246,40.41663439363486,0,12,1,0
2707,0,3,34.08166833492548,23.063058680938056,0,3,1,0
2708,0,2,39.81560782513039,24.016034893279347,0,4,1,0
2709,1,3,52.94936949263238,61.655657468636626,0,5,0,0
2710,0,3,52.516435144605964,56.81094189839352,0,13,1,0
2711,0,3,68.3522835285521,36.84742980632182,1,3,0,1
2712,0,3,67.55281226645954,43.75865090974729,1,3,1,1
2713,1,3,44.28564711033072,49.940235696980764,0,4,0,0
2714,1,3,42.913683071486055,41.12219877133588,0,3,0,0
2715,0,2,45.82524999068247,41.846728631659204,0,8,1,0
2716,1,3,43.220341824367715,64.02102705713295,1,8,0,1
2717,0,3,56.15346540344159,42.09830167421003,0,8,1,0
2718,0,3,52.03696768802911,36.91699051688806,0,5,1,1
2719,0,3,79.70875640611816,66.88076494779492,1,7,1,1
2720,0,3,58.80505400780923,36.50407254369425,0,4,1,0
2721,1,1,54.1747755495512,58.969198372075134,1,3,1,0
2722,1,3,42.41042464476176,71.90769937998498,1,5,0,0
2723,0,3,45.17406022026695,34.408117281867256,0,8,0,0
2724,1,2,46.34683550316221,51.49536865664932,0,5,0,1
2725,0,3,28.524647537621384,15.038982640678402,0,5,1,1
2726,0,3,55.05809578317975,54.14723417891499,0,9,1,1
2727,0,3,70.56191955971865,40.109529063528605,1,5,1,1
2728,0,3,16.739060049732714,4.113632147506182,0,3,1,0
2729,1,3,33.38034444238352,32.20548958437931,0,4,0,1
2730,1,3,47.2028466824562,55.64206698480693,0,8,0,1
2731,0,3,33.51961757936626,26.409401556590893,0,3,1,0
2732,0,3,55.65480765516363,44.1510630337294,0,6,1,0
2733,0,3,80.10906958142992,47.4820689834015,1,3,1,1
2734,0,3,55.993754707220326,48.75391686393808,0,8,1,1
2735,1,2,39.12543166427579,47.41397665633056,0,7,1,0
2736,0,3,48.744066299962675,28.419134516556845,0,5,1,1
2737,0,3,48.123840689669606,26.79628611028464,0,5,1,0
2738,0,3,45.60516252952886,38.99910887447738,0,9,1,0
2739,0,2,56.54573599194694,31.94984680607554,1,2,1,0
2740,0,3,64.43139073785476,40.30893258952282,1,5,1,0
2741,0,3,32.168441850706735,18.964196425291664,1,6,1,0
2742,0,3,63.38218542790362,47.13118400883228,1,8,0,1
2743,0,3,49.3268481275991,34.24596363821254,0,3,1,0
2744,0,3,42.465269894107934,22.73962671141475,0,3,1,0
2745,0,3,61.61878353037589,43.09026524742273,0,9,1,1
2746,1,3,27.824246471230683,46.84552803727072,0,6,0,0
2747,1,3,59.608734665662936,58.02472282905479,0,5,0,0
2748,0,3,20.21480729697072,27.287261237952816,0,7,1,1
2749,0,2,49.53714131936319,19.189618773329812,0,5,1,0
2750,0,3,46.07068891731791,32.85561369963297,0,3,1,0
2751,0,3,28.32099287330602,12.525306465759424,0,3,0,0
2752,0,2,32.64295555153663,20.11779581870964,0,2,1,0
2753,0,2,22.93623089043506,26.545633933584185,0,6,1,1
2754,0,3,35.023768828054855,14.298623011121554,0,3,1,0
2755,0,3,76.87414277818108,47.33713517162733,1,5,1,1
2756,1,3,18.823924095287424,39.365594153876714,0,6,1,0
2757,0,3,0.0,50.96630912619647,1,7,1,0
2758,0,3,23.26010427932834,16.220107059001492,0,3,1,0
2759,1,3,37.06957180291278,43.42621373284961,1,4,0,1
2760,0,3,55.84406814798613,31.108228233680105,0,4,0,0
2761,1,3,32.67473262779516,38.101629573604924,0,6,0,0
2762,1,3,59.40884813629703,61.7984611982052,0,3,0,0
2763,0,2,68.61971769201553,39.36423322264662,1,4,1,1
2764,0,2,45.93629863951749,24.963846240692643,0,5,1,0
2765,0,2,62.912058395346776,24.809709333880836,0,3,0,0
2766,0,3,52.274134780234,26.080026893320703,0,3,0,1
2767,0,3,58.577346313935045,55.91349517097935,1,6,1,1
2768,0,2,39.3333793087438,27.197756499197567,0,7,1,0
2769,0,3,58.19433736634719,33.14090464534004,1,4,0,0
2770,1,3,77.18422399983936,83.36729253119344,1,8,1,1
2771,1,2,49.47724458093863,61.8028488796804,0,6,1,0
2772,0,3,27.440633230319506,15.088002811206039,0,4,1,0
2773,1,3,30.033418463914195,29.221652537824802,0,0,1,0
2774,1,3,29.407714614322543,37.69027607131257,0,3,0,0
2775,1,3,56.85607729754986,54.50471805740263,0,5,0,1
2776,0,3,42.4685837049633,23.749463731032858,0,3,1,0
2777,1,3,57.98037894090571,57.37064772144662,0,8,0,1
2778,1,3,45.40351631034999,48.78536593920966,1,6,1,0
2779,0,3,36.943203358459144,22.647947784995868,0,7,0,1
2780,1,2,45.90908536077419,51.230795320747376,0,4,1,1
2781,0,3,44.2252945194635,28.182790727741963,0,5,1,0
2782,0,3,49.577222435596305,36.78027346135806,0,5,1,0
2783,0,3,51.82533783880331,39.5317905238397,0,5,1,0
2784,0,3,43.667386495434044,28.280056736490362,0,6,1,0
2785,0,3,70.52702741462436,64.73860151681419,1,10,1,1
2786,0,3,52.966760509208605,34.40845285415115,0,7,1,0
2787,0,3,20.354420607673365,15.201649548071646,0,3,1,0
2788,0,3,82.16433417202178,57.25581686257531,1,5,1,1
2789,0,3,60.14299261062683,49.900011339798866,1,6,1,1
2790,0,3,27.551645978239357,29.421858702497683,0,6,1,0
2791,0,3,60.39521733104463,32.05880912893475,1,2,1,1
2792,0,3,13.938108769781484,33.762423940998,0,7,1,0
2793,0,3,53.389697415164385,39.346214676117,0,4,1,1
2794,0,3,84.59524826601285,46.16020581508616,1,3,1,1
2795,0,3,49.36395054733265,34.49087354843168,0,9,1,0
2796,0,3,61.64421157834253,27.677701850623738,0,2,1,0
2797,0,3,57.05493973609035,49.59325272143769,1,4,1,0
2798,1,3,35.9747355620239,51.060612197974194,0,7,1,0
2799,0,3,70.30093084152084,47.9984614289813,1,4,1,1
2800,0,3,62.57152150671136,53.09169154065206,1,6,1,1
2801,0,2,56.72226959236961,33.80450695256935,1,4,1,0
2802,1,3,51.86846156024143,44.64971675908612,0,3,1,1
2803,1,2,23.234934577276587,32.28362128131684,0,5,0,1
2804,0,3,40.77003340567534,20.727667076818555,0,3,0,0
2805,0,3,46.65178641576099,32.010035056030375,1,3,1,0
2806,0,3,61.36488177072895,37.16597686137485,0,6,1,1
2807,0,3,59.18388737113,29.703910271870853,0,4,1,0
2808,0,3,39.3416387456865,40.99896608503607,0,8,1,0
2809,0,2,50.705073644269724,39.70162946762746,0,8,1,1
2810,0,3,45.976084565951794,55.17519872344204,1,5,1,1
2811,0,3,32.62682434177974,26.340567480435833,0,8,1,0
2812,0,3,38.33662905909106,28.524137485753908,0,7,1,0
2813,1,3,52.379792705004846,60.22943161486814,0,5,0,0
2814,0,3,76.01045003100982,52.95222590916923,1,3,0,1
2815,0,3,42.00317680029122,17.696953069275114,0,1,1,0
2816,0,3,36.59713525915031,27.799868933938015,0,5,1,0
2817,0,3,39.912237422152415,43.87006265452704,0,7,1,0
2818,0,3,47.65525239271027,31.38637852839963,0,3,1,0
2819,1,3,48.29857408023327,64.75275823728796,0,6,0,0
2820,0,3,66.01958092822656,46.52367672924342,1,4,0,1
2821,0,2,59.817316457318945,30.50176942482991,1,4,1,0
2822,1,3,41.28799363866589,43.79035786794636,0,5,0,0
2823,0,3,51.34928250636144,48.576806322236614,0,7,1,0
2824,0,2,34.178905887181905,14.962364532872698,0,3,0,0
2825,0,3,50.711066375266725,44.51579931630979,0,6,1,1
2826,0,3,49.01887380359395,28.06297176640352,0,4,1,0
2827,0,3,0.0,29.441150871564275,0,1,0,0
2828,1,3,74.70183956699903,71.02036734964972,1,6,0,1
2829,0,3,76.3950050466675,66.10268371248253,1,8,1,1
2830,0,3,45.13296888890742,23.533545593863277,0,4,1,0
2831,0,3,11.360027417183389,14.217404033288428,0,4,1,0
2832,0,3,27.12627607208405,20.526358933901605,0,2,0,0
2833,0,3,38.807054010693605,25.109641539507,0,7,0,0
2834,0,3,51.66108087393445,37.38860305202981,0,2,0,0
2835,0,2,40.923882015205166,31.524198537891046,0,6,1,1
2836,1,3,68.25676523500877,64.79807807986361,1,9,0,1
2837,0,3,69.9620455718858,48.8737536818939,1,3,0,1
2838,0,2,30.24233066806171,17.06132619112444,0,5,1,0
2839,1,2,55.51756353940871,46.656859661149795,0,3,0,1
2840,0,3,62.194450107399675,35.35168788846174,1,6,1,0
2841,0,3,66.9587446221917,52.24830421711548,1,5,1,1
2842,0,3,73.76853422673386,50.8056808613504,1,4,1,1
2843,0,3,32.86782091092928,18.1076021956613,0,5,1,0
2844,0,3,100.0,22.282741994677533,0,2,1,0
2845,0,3,76.62992968439292,54.507001707435634,1,3,1,1
2846,0,3,55.50264247842406,49.825627621004145,0,9,1,0
2847,0,3,31.13678259827905,19.177536339816715,0,1,1,0
2848,0,3,44.184186237969584,30.309939770742726,0,7,1,0
2849,0,3,68.20683686804136,36.02333552374028,1,4,0,1
2850,0,3,54.51953561818425,52.386608149282694,0,4,1,0
2851,1,3,28.502981609905387,34.25751821648921,0,0,0,0
2852,0,3,51.722999369785065,28.220788055639115,0,5,0,0
2853,0,3,44.864183088139725,20.30813659756602,0,4,1,0
2854,0,3,33.69580657320419,22.788421229065612,0,7,1,0
2855,1,3,64.9443717315241,55.508484738221696,1,4,1,0
2856,1,3,69.02000847534417,62.001126839501225,1,7,0,1
2857,0,3,46.811779815446826,40.85705833888394,0,7,1,0
2858,0,3,63.503730278757885,26.873086555946468,1,2,0,0
2859,1,3,74.95232707980504,72.19993995462157,1,10,1,1
2860,0,2,55.4987782133467,45.4961008052219,1,7,1,0
2861,1,3,44.07907335417253,50.56009729054946,0,5,1,1
2862,0,3,52.23224337708059,37.3549989548148,0,5,1,0
2863,0,3,34.22108497880268,25.33546968431841,0,3,1,0
2864,0,3,80.52362167989486,44.85462759315881,1,5,1,0
2865,0,3,30.448948531521765,29.378419055529285,0,3,1,0
2866,0,3,33.54168822736205,8.156801830489687,0,3,1,0
2867,1,3,64.11484083035747,71.64973361116648,0,6,0,1
2868,1,3,56.75272661690301,70.30367771865079,1,9,0,1
2869,0,3,29.158583720852544,32.02071113388926,0,6,0,0
2870,0,2,35.6366039748219,27.33394186575474,0,4,1,0
2871,1,3,70.55513582361608,73.52150047675558,1,2,0,1
2872,1,3,76.24812967896943,63.99621819566102,1,2,0,0
2873,0,2,52.156705092144115,33.571013658458895,0,3,1,0
2874,0,3,57.12706812750872,32.01543865865786,1,3,1,0
2875,0,3,58.81153589626034,29.57117181295998,0,4,1,0
2876,0,3,52.91848783475633,37.7820678905559,0,10,0,0
2877,0,3,17.404561103244102,4.891088293967222,0,5,1,0
2878,0,1,49.113316840397665,32.76855695399285,0,7,0,0
2879,1,3,48.605719365756705,46.35185939761292,0,4,1,0
2880,0,3,58.28845553028025,42.041550273543116,1,8,1,1
2881,0,3,30.086594042893214,42.12387272515213,0,6,1,0
2882,0,3,29.775214778250607,9.533515246806484,0,5,1,0
2883,0,3,48.44942037125815,28.417955527171824,0,6,0,0
2884,0,2,57.602455943811435,45.72393181611733,0,8,0,1
2885,0,3,37.80812228892278,29.27590680706376,0,3,1,0
2886,0,2,57.00334535402729,38.77457396974428,1,6,0,1
2887,0,2,48.69542510200835,39.06098043340389,0,10,1,0
2888,1,3,54.346514542566595,51.77875615415253,0,4,1,0
2889,1,3,22.33551264943077,39.92387131487373,0,5,0,0
2890,0,2,72.23545232534441,64.65444402721566,1,6,1,1
2891,0,2,51.93759191327508,41.20603194842795,1,7,1,1
2892,0,3,61.15594620445809,44.01415835351604,1,3,1,1
2893,0,2,65.09548037048708,53.96841087149478,1,10,1,1
2894,1,3,60.201280600965056,63.342688751194935,1,5,1,1
2895,1,3,42.88635108742836,58.940639529447694,0,7,0,1
2896,1,3,29.059065855366253,40.896385067496695,0,5,0,0
2897,0,3,42.61170132870378,40.07958338033579,0,8,0,1
2898,0,3,63.23514954346107,37.55743331408514,1,4,1,0
2899,0,3,43.651428927785545,28.1491769676745,0,7,0,0
2900,0,3,42.938164501077566,29.346235284599988,0,8,1,1
2901,0,3,86.29988709731114,61.71295059383759,1,9,1,1
2902,0,2,62.272449545532915,50.81105091626404,1,7,1,1
2903,0,3,59.27494333319185,38.64985241493823,1,3,1,1
2904,0,3,0.0,35.94584674692025,0,5,1,0
2905,0,2,73.12055518478445,61.68615912300646,1,9,1,0
2906,0,3,59.38369041537764,33.68886077377257,1,3,1,0
2907,0,3,56.45526755064064,45.699165970321566,0,7,0,0
2908,1,3,37.02987781873234,40.13391193389107,0,4,1,0
2909,0,3,61.9123037197972,37.336930829888175,0,5,1,0
2910,0,3,69.73614527135653,44.00481450745103,1,5,1,0
2911,0,3,66.79884325151848,57.52616455901773,0,6,1,0
2912,0,3,37.75501367011608,28.193752013195713,0,6,0,1
2913,0,2,56.51205708563297,39.579500670513646,1,8,1,0
2914,0,3,59.115427869242836,31.319481928155085,1,5,1,1
2915,0,3,27.619637744526838,10.438795260343667,0,2,0,0
2916,0,3,55.1091568870966,34.04579660199079,0,5,1,0
2917,1,3,34.05416388346575,53.52446200148033,0,7,0,1
2918,0,3,34.601365447320575,29.549181559391617,0,5,1,0
2919,1,3,13.789969365776159,27.25962236643971,0,3,0,0
2920,0,3,60.43430473376771,50.74728687340748,1,10,0,1
2921,0,3,59.59487571613974,31.06814088092777,1,3,1,1
2922,1,3,24.976508071836918,37.61923491996906,0,5,0,0
2923,0,3,54.62499311028881,25.299302779556374,1,2,1,0
2924,0,3,39.8556341063888,30.64637585535609,0,3,0,0
2925,0,3,65.80078605485483,44.48767011877098,1,3,0,1
2926,0,3,55.2232698229813,53.57110216952675,0,9,0,1
2927,0,3,32.79169680092641,27.373262414778146,0,5,0,0
2928,0,3,57.14888516927377,48.44056009289991,0,4,1,0
2929,0,3,37.12462510935513,14.099452711037957,0,2,1,0
2930,0,3,46.046731365814665,27.747021604559148,0,4,0,0
2931,0,3,86.74811497635962,43.28410356886935,1,2,1,1
2932,0,3,25.068366206080658,17.94629261089842,0,2,1,0
2933,0,3,43.62920938152316,46.301152902293,0,9,1,1
2934,0,3,29.994834829749664,16.17227208905978,0,5,1,0
2935,0,2,60.28613142538552,36.107015763959495,1,3,0,1
2936,0,3,47.6224889516947,40.76568924009739,0,5,1,0
2937,0,3,50.52015835156061,44.82856552983503,0,8,1,1
2938,0,3,32.95404618096569,26.51194511340297,0,5,0,1
2939,0,3,12.500112750135937,31.32218679251539,0,5,0,0
2940,1,3,32.27998399540364,45.59328483821362,0,2,0,0
2941,0,3,57.24017416591003,26.25574435753689,0,3,0,0
2942,0,3,85.5807022492533,61.61969276753316,1,7,0,1
2943,0,3,35.985838141677206,34.16323756750826,0,5,1,0
2944,0,3,45.4477609536076,19.93530001005078,0,2,1,0
2945,1,2,37.85948242245635,44.344400220530424,0,6,0,0
2946,0,3,20.38710600539588,22.975537896110502,0,11,1,0
2947,0,3,41.408790183554444,24.32386609908008,0,5,1,0
2948,0,3,51.93534175252256,29.670409172220303,0,3,1,0
2949,0,3,82.8125348222388,56.34447566578851,1,5,1,1
2950,0,2,29.827033049823886,23.565180794504307,0,7,1,0
2951,0,2,76.53249548398549,46.00217711166372,1,4,1,1
2952,0,3,54.059390404616664,31.254806700599936,0,3,0,0
2953,1,3,54.53317377042664,64.78869557589299,0,5,0,1
2954,1,2,39.18508538452172,53.27009313056675,0,3,0,1
2955,0,3,14.079353148105056,5.866136818224349,0,5,1,0
2956,0,2,28.48352608909291,17.972496183192188,0,6,0,0
2957,0,3,82.0478570324423,58.25695562965488,1,5,0,1
2958,0,2,47.0290739060947,30.601469124940767,0,3,0,0
2959,1,3,52.26058341431727,68.18565653258369,0,9,0,1
2960,1,2,54.56012002393287,72.29161749745836,0,10,0,1
2961,0,3,49.00984560967552,31.344352386971423,0,3,0,0
2962,0,3,49.17026611857844,38.1198683777325,0,4,1,0
2963,0,3,64.19736526158128,52.392063101978245,0,6,1,1
2964,0,3,61.284713938964906,37.72449293094538,1,4,1,1
2965,0,3,54.841182365734745,51.84448459589423,0,8,0,0
2966,0,3,62.223914437480076,38.48115665815789,0,2,1,0
2967,0,3,100.0,46.14824981645022,0,10,1,0
2968,0,3,34.78936559891331,24.10443828181525,0,4,1,0
2969,0,2,39.362693100948235,33.909795892046574,1,6,1,0
2970,0,2,39.825163093591705,20.189116892458305,0,3,1,0
2971,0,3,61.121003633368495,40.220785768419496,1,2,1,0
2972,0,3,45.24169067330119,35.55160616835349,0,3,1,0
2973,0,3,45.909807361427184,32.03254464059931,0,2,1,1
2974,0,2,50.771217485052226,13.571674775096257,0,2,1,0
2975,0,3,65.94873923980239,27.693659203445083,0,0,1,0
2976,0,2,46.59511499482794,21.38664768067468,0,3,1,0
2977,1,1,35.16969367569845,46.13902160104813,0,7,0,1
2978,1,3,52.53049121755503,65.78272551178215,0,5,0,1
2979,0,3,27.747664761684614,12.878956123627619,0,4,0,0
2980,1,2,24.70745903459908,37.63904938776259,0,6,0,0
2981,0,3,26.329560530767125,27.792727416575225,0,8,0,1
2982,0,3,49.2517578557685,49.62983498788039,0,7,1,0
2983,0,3,65.29248680209278,58.68583132534156,1,10,1,0
2984,0,3,51.88221799015267,47.60489214261449,0,5,1,0
2985,0,3,50.69174810832408,29.720191890152655,0,4,1,0
2986,0,2,64.18006575014843,54.061441313426585,1,6,0,1
2987,0,3,72.23588389397021,42.33747183393895,1,5,1,0
2988,0,3,40.52498861553058,20.55684306671839,0,2,1,0
2989,0,3,62.14679919248371,48.20017953315523,1,5,1,0
2990,1,3,71.2085567023139,67.57416031317543,1,4,0,1
2991,0,2,59.111490733034806,53.45807528615007,1,7,1,0
2992,0,3,37.49458157601845,24.67328261354343,0,8,1,0
2993,1,2,67.15987543901201,57.32369255605404,1,8,1,1
2994,1,3,56.702876363894156,54.00107433152223,0,3,0,0
2995,0,3,59.65472565318557,47.66118012481609,1,5,0,0
2996,0,3,5.52398738441749,6.7025647988156924,0,2,1,0
2997,0,3,56.94973628762363,52.092622334379485,0,9,0,0
2998,0,3,56.10857439908944,33.51453770523573,1,5,1,0
2999,0,3,36.34840897322908,7.716957560740985,0,1,0,0
3000,0,3,36.12936658612499,24.57702887039548,0,3,0,0
3001,0,3,22.860468145084766,17.74498022702153,0,4,0,0
3002,0,3,53.39415991666953,49.435245635168464,0,7,1,0
3003,0,2,23.05918873728934,13.032576352192175,0,6,1,0
3004,0,2,34.328108010832665,24.390943970725466,0,2,1,0
3005,0,3,74.85513025169956,46.8813387552331,1,2,1,1
3006,1,2,53.785866384291,61.207988765623845,0,8,0,1
3007,1,2,45.840377972585365,51.58901729571494,0,1,0,0
3008,1,3,75.43169557440781,76.9119236996255,1,4,0,1
3009,0,3,36.580251708473405,20.460929211350155,0,6,0,0
3010,0,3,52.88990053851138,37.768174336887355,0,8,0,0
3011,1,2,52.023676194118444,64.53558813389621,0,8,0,0
3012,0,3,48.711702725452966,23.167621056306352,0,6,0,0
3013,0,3,33.87284327536919,9.115348343153444,0,0,1,0
3014,1,3,85.07355669205697,70.51337120255486,1,3,0,1
3015,0,3,21.84769769832753,25.11456546922242,0,6,0,0
3016,0,2,68.8198428311779,49.83317760658781,1,4,1,1
3017,0,3,80.63623224849692,47.93904269191757,1,3,0,0
3018,0,3,47.56143144728858,42.21045885836885,0,6,1,0
3019,1,3,37.007313277008826,37.94218502043854,0,3,1,0
3020,0,3,41.203030311382285,26.888463736755533,0,0,1,0
3021,0,3,49.28054449403154,46.729714449376374,0,9,1,0
3022,0,3,77.18605640352698,59.23177243242677,1,3,1,0
3023,1,3,55.566542976414276,67.8587529389488,0,6,0,1
3024,1,3,32.684947826849864,44.794851204054986,0,2,0,0
3025,0,3,43.792837136618196,26.889307940391024,0,4,0,0
3026,0,3,55.29799944938633,31.297966577910167,0,8,0,0
3027,0,3,48.72291766965369,26.394036856368835,0,3,1,0
3028,0,3,70.21119372178873,40.93524103137755,1,4,0,1
3029,0,3,70.565222406963,51.778286282662265,1,7,1,1
3030,1,3,60.24638927651779,75.87322068198354,0,9,0,1
3031,0,3,56.966425462105654,50.64078751721893,1,8,1,0
3032,1,2,37.14120717155645,57.09587661250315,1,5,1,1
3033,0,3,33.641848348322796,13.48473138809915,0,5,1,0
3034,0,2,56.279472396793366,33.05141551700469,1,3,1,1
3035,1,2,28.66008612165264,25.467818698988,0,3,0,0
3036,0,3,0.0,43.839781958668446,1,4,0,0
3037,0,3,31.54833495510117,22.223100183834053,0,3,1,0
3038,1,3,64.6486639563455,65.41433977074708,1,8,0,1
3039,0,3,54.83272714479199,46.07426294967203,0,9,0,1
3040,1,3,48.92761572520624,62.7405882516407,0,3,0,1
3041,0,3,47.6436857591976,19.265672042144107,0,1,0,0
3042,0,3,46.02519847069969,23.810132257620555,0,5,1,0
3043,0,3,53.52968133788907,29.361988515288658,0,6,1,0
3044,0,3,58.74580302993026,37.60586398865593,0,4,1,0
3045,0,3,36.409585244353345,18.390482540014084,0,4,1,0
3046,1,2,52.740175753408515,48.78643948012726,0,1,0,1
3047,1,3,51.06874777828117,60.39516378420402,1,8,0,1
3048,0,3,42.28161211380729,37.38136554684555,0,4,0,0
3049,1,3,37.53936725115579,53.487841027782366,0,6,1,0
3050,0,3,44.377134713355,27.917336529683794,0,4,1,0
3051,1,3,76.42332073918213,66.55530898031733,1,5,0,1
3052,1,3,59.176691066953545,61.034833606584264,0,7,0,1
3053,0,3,71.46737234829345,62.061265644135126,1,7,1,1
3054,1,3,37.24602770252968,40.357903355450496,0,4,0,0
3055,0,3,50.61330455175198,27.373855083140985,0,4,1,0
3056,0,2,42.22059015735728,20.59484892905883,0,5,1,0
3057,0,3,38.87184303529232,30.716530318382727,0,4,0,0
3058,1,3,45.79966799235745,57.58503907145207,0,8,0,0
3059,0,3,47.81862185407143,28.99610725933261,0,5,1,0
3060,0,2,49.14433499585262,48.06661600750587,0,9,1,0
3061,0,2,34.26449354467745,15.991621993962834,0,3,1,0
3062,0,3,43.87266904358516,26.14268250713025,0,5,1,0
3063,0,3,65.99956443354183,48.96776398877147,1,4,0,1
3064,1,2,58.19313240296893,43.14947212746418,0,5,0,1
3065,0,3,61.41839921176908,33.89475864300787,1,5,1,1
3066,0,3,62.121934243549724,27.142139937294843,1,5,1,1
3067,0,3,36.06585116921644,27.15039446069,0,2,1,0
3068,1,3,51.853587477023474,66.47886347547622,0,7,0,1
3069,0,3,42.79575034249234,32.737206149078396,0,4,1,0
3070,1,3,36.0447995668527,31.90431638672566,0,3,1,0
3071,1,3,42.48309478084918,51.145081539370636,0,5,0,0
3072,0,2,38.39500985854734,31.972745995263644,0,1,0,0
3073,0,2,32.86053451652615,22.80319330110696,0,3,1,1
3074,1,3,67.73568025565183,76.04008386830671,1,7,1,0
3075,1,3,33.385525037838505,38.03478655311135,0,9,0,0
3076,0,3,32.608950123443776,21.590819382453052,0,3,1,0
3077,0,3,18.814447177950253,1.4482229782258216,0,4,1,0
3078,0,3,60.438772024582114,40.60766965875842,1,1,0,0
3079,0,3,54.74871232584536,43.53211615903112,0,4,1,1
3080,1,3,3.2048515249711302,24.506678757133994,0,5,0,0
3081,1,3,55.75124664849058,57.945260327798046,0,6,0,0
3082,0,3,58.17175423728334,45.42939533055914,0,4,1,0
3083,1,3,43.15983585444833,67.33576317864298,0,11,0,1
3084,0,2,34.56627717335849,20.26791494828443,0,5,1,0
3085,1,2,65.41779358944217,57.31914037849847,1,3,0,1
3086,1,3,38.109350035641775,62.01076534983503,0,9,0,1
3087,0,2,63.95293922752993,64.45470593722904,1,11,1,1
3088,0,3,42.57002729928452,22.444946305910975,0,2,1,0
3089,0,3,36.208135003711206,17.87459095381125,0,4,1,0
3090,0,3,81.72977437678605,25.50700307381502,0,4,1,0
3091,0,2,35.54368642220059,28.46797646168889,0,7,1,0
3092,0,3,45.03703112801034,19.558059229270118,0,2,0,0
3093,0,3,29.39287839042607,14.949795863290706,0,8,1,0
3094,1,3,100.0,81.57393615883834,1,6,1,1
3095,0,2,75.6777332722753,40.68460397615053,1,1,1,1
3096,1,2,45.12720095323539,58.928676539038975,0,7,0,1
3097,0,3,26.743957703231786,21.96972083189667,0,5,1,0
3098,0,2,71.55232395874111,51.39344376022572,1,5,1,1
3099,1,3,76.65690527547929,70.89530631785624,1,4,0,1
3100,0,2,47.88809358078737,36.784894779864025,0,5,1,0
3101,0,3,47.99036101140293,28.295994812502602,0,4,1,0
3102,0,2,36.56977590337237,18.20934040214648,0,0,1,0
3103,0,3,61.7206731968502,54.006180521420895,0,8,1,0
3104,1,3,45.33202339640472,46.23921553688385,0,4,0,0
3105,0,3,62.625016570627345,45.12595674614971,0,7,1,0
3106,0,3,17.163736358407416,14.713046876198948,0,3,1,0
3107,0,3,53.418077855696616,28.622420123744487,0,2,1,0
3108,0,3,57.22469692713323,42.52824239722218,0,4,1,0
3109,0,3,77.97197559737424,46.935655430060606,1,6,1,1
3110,0,3,68.78524370612777,39.5039225565763,1,4,0,1
3111,1,3,0.0,82.66056776769229,1,9,0,1
3112,0,2,52.68320335767927,32.66056938994008,0,2,1,0
3113,0,3,78.40153142765415,50.861860730997286,1,6,1,1
3114,1,3,18.143671703748044,24.784225999372143,0,3,0,0
3115,0,3,33.66363086501772,35.141626212455414,0,8,1,0
3116,1,3,53.779831548544095,74.13127298499018,0,6,0,1
3117,0,3,43.29700046222577,28.06189384054936,0,6,1,0
3118,0,3,50.90260667180581,36.4302153473439,0,4,1,0
3119,0,3,85.56680527002233,63.528987766838114,1,5,1,1
3120,1,2,43.149677735353485,59.59129560230061,0,3,0,1
3121,0,3,51.412301441210154,42.06758206193518,0,5,1,0
3122,0,3,69.54290779011961,41.73148847660007,1,9,1,0
3123,0,3,47.23330437312898,26.7731130252794,0,5,0,0
3124,1,3,30.1570825572363,43.73955700937813,0,4,0,0
3125,0,3,44.88409083070186,38.02616087028943,1,6,0,1
3126,0,3,38.698958962999285,28.15321752911875,0,7,1,0
3127,0,3,62.70111667174856,33.78564201310871,1,2,1,1
3128,1,2,46.61220800399616,55.28025904135819,0,3,1,0
3129,1,2,51.83025782147655,68.43109835152482,0,9,0,0
3130,1,3,67.9589959528809,59.880994955856835,0,2,0,1
3131,1,3,39.8689910000586,46.786616660513666,0,6,0,0
3132,0,3,45.90414343139761,37.83415183243352,0,8,0,0
3133,0,3,57.34285640576868,46.285484797715206,0,4,1,0
3134,1,3,44.66618202872067,45.92738963589052,1,6,0,1
3135,1,3,45.47023556136649,56.19783104592615,0,6,0,0
3136,0,3,37.87320554423024,26.77090819677106,0,5,1,0
3137,1,3,43.634505763150045,38.47137037854853,0,3,1,0
3138,0,3,47.47807230225634,30.857871209915242,0,5,0,0
3139,0,3,25.51639921535977,21.253786566818587,0,2,0,0
3140,0,3,53.842024924188,35.33832631786554,0,3,1,0
3141,0,3,57.85234929961938,51.69062736461802,1,7,1,1
3142,0,3,56.980865528064484,42.918335740300826,0,3,1,0
3143,1,3,41.395623270391106,54.091210477593556,0,4,1,0
3144,0,3,57.2994225094965,42.13686904342544,1,3,1,0
3145,1,3,69.19252724225255,66.14998580789066,1,5,1,1
3146,1,3,37.6708245370056,50.805958031760085,0,10,0,1
3147,0,2,54.991388026441605,32.80055307203275,0,7,1,0
3148,0,2,72.72597690641928,47.021608422688445,1,6,1,1
3149,1,3,20.566935266308253,25.67162883481784,0,3,0,0
3150,0,2,59.407095484531325,41.98189980042972,1,3,1,0
3151,0,3,64.23314368754437,44.1678093315245,0,3,0,1
3152,0,2,56.95440545758173,46.36135632616811,1,8,1,0
3153,0,3,46.21723337321714,22.31263240173276,0,3,1,0
3154,1,3,21.78732163553625,50.01195259629365,0,1,1,0
3155,0,3,56.735524754393246,45.01994250610758,0,6,1,0
3156,1,3,45.59063794753176,56.38888757897234,0,5,1,1
3157,0,3,49.73772210306161,20.19039841635668,0,2,1,0
3158,1,2,0.0,50.548643460053015,0,7,0,0
3159,0,3,41.152416971023015,25.68194683910634,0,6,1,0
3160,1,3,44.86696435369257,50.434650640430846,0,5,0,1
3161,0,3,50.937376550791676,40.47349360108926,0,5,0,1
3162,0,3,2.3885933378071025,12.26556230634063,0,5,1,0
3163,1,2,52.60044956717804,62.4743866969468,0,5,1,1
3164,0,3,46.074752320702096,37.65133581176149,0,2,1,0
3165,0,3,53.09386679702568,40.105476741880146,0,3,1,0
3166,1,3,45.69801111007245,61.401867827664475,0,4,0,0
3167,1,3,54.06063106887287,74.21987869032849,0,11,0,1
3168,0,2,39.38246219578271,35.36161325712297,0,7,1,0
3169,0,3,57.55340057195469,51.941993799271174,1,9,1,1
3170,0,3,65.50604435572153,51.79874412438965,0,5,1,1
3171,1,3,74.30321954075359,95.68855459236016,1,12,0,1
3172,0,3,71.14870379263756,52.96483200836393,1,6,1,0
3173,1,3,71.37233306706212,69.5131071677828,1,3,1,1
3174,0,3,37.86277823763656,14.327755476979227,0,3,1,0
3175,0,2,71.85469041271428,23.114241563614023,0,4,1,0
3176,0,3,64.40253526818545,48.73355931546811,1,3,1,1
3177,0,3,59.096875265889864,41.96996207158474,0,9,1,0
3178,1,2,32.880646125619954,49.80286573844163,0,11,0,1
3179,1,3,49.355516000500856,56.77699023564937,0,4,0,1
3180,1,3,68.49213835539332,63.341895376428155,1,4,0,1
3181,0,3,52.61631807565704,37.177275364588624,0,5,0,0
3182,1,3,66.83403515041509,45.168655191332704,1,1,0,0
3183,0,3,45.82263241357343,39.78334122204327,0,6,1,0
3184,0,3,47.82445521213748,28.667454933901013,0,4,0,0
3185,0,3,76.51027999104083,41.684502125262696,1,4,0,1
3186,1,3,54.338712171713325,52.367029214372934,0,3,0,0
3187,0,2,94.14912304771418,63.664455474831726,1,2,1,1
3188,1,3,65.1145040161857,79.42588871068666,1,8,1,1
3189,1,3,54.44982898749622,54.6931864886041,1,7,0,1
3190,0,3,58.285035503522955,29.668959606921632,0,3,1,1
3191,0,3,57.76072848463563,44.2748575875069,1,4,1,0
3192,0,2,30.997014921701464,32.90836213364092,0,7,1,0
3193,1,3,65.80820952506438,61.23797397784823,1,6,0,1
3194,0,3,41.771031920246344,23.734806345123566,0,5,1,0
3195,1,2,57.33373899191963,62.533392996890875,1,7,0,0
3196,1,2,51.442512542115,56.09193171902237,0,6,1,0
3197,0,3,42.7124226082077,24.340810851863523,0,3,0,0
3198,0,3,55.29623119262682,36.76901106449164,0,8,1,0
3199,1,3,49.72821664698847,58.63979058980026,0,6,1,0
3200,0,3,73.86130038595373,52.07379698043737,1,6,1,1
3201,0,3,29.854110460113755,34.42512486011866,0,8,1,0
3202,0,3,47.03226232170393,35.901108244258296,0,5,1,0
3203,1,3,49.74392461607921,61.30630186229261,1,3,0,1
3204,0,3,63.29668414159103,48.67845589465957,1,5,1,1
3205,1,3,59.48259543199251,46.36758052444437,1,2,0,1
3206,1,3,33.87190483656411,38.42406817050295,0,5,0,0
3207,0,3,21.60572654250273,14.708748405646464,0,2,0,0
3208,0,3,72.46242134115721,38.58417682349741,1,4,1,0
3209,0,3,61.42699799860244,48.78255693278382,1,5,1,1
3210,0,3,32.3461776643712,17.52137939178066,0,2,1,0
3211,0,3,56.76756032841935,45.916515035089034,0,6,1,0
3212,0,3,64.35214110815518,48.267518272674174,1,4,1,1
3213,1,3,43.87583815975096,53.99264445456818,0,5,0,1
3214,0,3,58.5465254973155,23.072171391119745,0,4,1,0
3215,0,3,60.637487055381456,45.6416147271111,0,9,1,1
3216,0,3,48.0899960422728,20.1049045869498,0,1,1,0
3217,0,3,79.86806170208848,49.91525458418745,1,6,1,1
3218,0,3,100.0,12.556802105034546,0,4,0,0
3219,0,3,15.194448063892306,5.4464155352545,0,4,1,0
3220,0,3,40.87354076232009,21.725399576905357,0,7,1,0
3221,1,3,29.41337988152344,49.97649045096293,0,7,0,1
3222,0,3,26.109938380219155,13.895200028219143,0,2,0,0
3223,0,2,39.93477385770924,20.67928294844033,0,3,0,0
3224,0,3,66.18258162089434,27.179521820520637,0,0,0,0
3225,0,3,58.84231706303564,30.543988684419087,0,4,1,0
3226,0,3,49.023568470674114,28.80511123440138,0,5,1,0
3227,0,3,63.20379597494251,43.168335686547536,1,4,0,1
3228,0,2,71.7615257828241,40.5752387510387,1,3,1,1
3229,1,3,71.16162747155327,74.53320450360336,1,4,0,1
3230,0,3,75.02913145549292,54.313793800280216,1,4,0,1
3231,1,3,44.060092556654304,34.016589533270384,0,0,0,0
3232,0,2,36.24594194779335,20.664237503662203,0,5,1,0
3233,0,3,66.90778460852076,51.418902567450154,1,5,1,0
3234,0,2,24.321451366833486,7.38265524678705,0,5,1,0
3235,0,3,63.667621445490106,33.107010636287576,0,4,1,0
3236,0,2,54.014038170321875,39.99665787269047,0,5,1,0
3237,1,3,59.36169700511412,37.47043082887933,0,3,1,0
3238,0,3,59.708423219543064,52.413239837180384,0,3,0,1
3239,1,3,53.45688653682416,66.07962784611269,0,7,0,1
3240,1,3,43.90316675600523,58.0298964151108,0,4,0,1
3241,0,3,58.561214290839594,28.281335773535186,1,3,1,0
3242,0,1,56.548019301020396,33.50328613823146,1,4,0,0
3243,0,3,37.68854583743427,30.769155638450467,0,6,1,0
3244,0,3,51.002625246465996,41.51669613681414,0,2,0,1
3245,0,3,25.951345641896644,11.914471922542655,0,3,1,0
3246,0,3,28.217329507505667,27.90929413123122,0,6,1,0
3247,1,3,23.03669761748228,63.74468334145227,0,10,1,0
3248,0,3,64.49949179935514,25.678424184140802,1,2,0,0
3249,1,3,38.140857792315934,44.063249783524434,0,6,1,0
3250,0,3,57.58973489019413,35.077620288760635,0,5,0,0
3251,1,2,51.03752188649082,57.94906014306414,0,3,1,0
3252,0,3,37.57501506334564,19.487232131643374,0,4,0,0
3253,0,3,42.23753781541715,36.344347864229555,0,4,1,0
3254,0,3,27.649642285791167,30.868752509462716,0,4,1,0
3255,1,3,41.0127091488259,44.911768638682986,0,3,0,0
3256,0,3,53.17527949247245,28.67047384639793,0,3,1,0
3257,0,3,41.78228652937219,35.56460025598902,0,6,1,0
3258,0,3,49.79797308390531,24.278502225930513,0,2,1,0
3259,0,3,32.682343881514754,17.810747754169373,0,3,1,0
3260,1,3,23.27124392533983,32.01078983119581,0,6,0,0
3261,0,3,69.343659373791,56.112248700235526,1,6,1,1
3262,0,3,45.678074513453765,30.370002549792172,0,4,1,0
3263,0,3,47.46039226210638,26.150763151548293,0,4,1,0
3264,0,3,71.78964069816892,65.61581204629573,1,7,1,1
3265,0,3,70.47743631594544,43.46278491506543,1,2,0,0
3266,0,3,44.742549572513944,37.86619644671655,0,5,1,0
3267,1,2,36.79773457095759,55.1960495402797,0,6,0,1
3268,1,3,22.950406011168738,59.74264848015152,0,3,0,1
3269,0,3,61.304237978436696,54.583284483273175,0,8,1,0
3270,0,3,36.20500746228989,40.84834355235443,0,6,1,0
3271,0,2,71.86079435396894,61.15690695048991,1,5,0,1
3272,0,3,41.536374110346806,41.70466269550913,0,8,1,0
3273,0,3,55.614950498067714,38.86865057570457,0,4,1,0
3274,0,3,55.127618323364665,44.466741402242164,1,5,1,0
3275,1,3,58.722187095368405,45.848629043865266,0,5,0,0
3276,1,2,58.58022366985449,39.210365803350584,1,3,0,0
3277,0,2,73.6088847644806,43.873452063265425,1,4,1,1
3278,0,3,36.921929554261595,39.86489403560008,0,6,1,0
3279,0,2,50.65419691705098,36.01685941759699,0,3,1,1
3280,1,3,51.34130300407265,54.46333863118987,0,2,0,1
3281,0,3,58.42511450724091,36.410732453131615,0,3,1,0
3282,0,3,86.27625798936681,76.28300993919935,1,9,1,1
3283,0,3,25.878093416310662,29.657015477933644,0,4,0,0
3284,1,3,60.21028872201654,54.63542014466507,0,4,0,1
3285,0,3,64.22919041574316,47.647014677588416,0,2,0,0
3286,0,3,49.90318472540641,40.8749384585114,0,3,1,0
3287,0,3,62.21598088874274,41.412045062426635,0,4,1,1
3288,0,3,31.980619331651575,23.178738173240713,0,7,1,1
3289,0,3,44.91324141893472,28.6424317358,0,2,1,0
3290,1,3,29.23152259227463,48.011024526160824,0,4,0,0
3291,0,2,58.66612478233903,33.212698783601354,1,5,1,1
3292,0,3,79.42920469481616,59.77321606120312,1,3,0,1
3293,0,3,62.89040679894574,52.75152301937079,1,7,0,1
3294,0,3,69.1470268535197,46.89770463098781,1,2,1,0
3295,0,3,69.92263091158264,42.6952667069272,1,5,1,0
3296,1,3,54.577704970722294,53.69489573531404,0,3,0,0
3297,1,3,43.84695390854879,41.09728368604572,0,2,0,0
3298,0,2,56.2192614622105,44.80467378003297,1,5,1,0
3299,0,3,32.914238803305714,25.18167821380265,0,8,1,0
3300,0,3,25.373551401292524,26.46522591136941,0,4,0,0
3301,0,3,53.615607783224846,43.859327384302,0,4,1,0
3302,0,3,47.01712495780526,41.093980434956464,0,6,1,0
3303,0,3,58.838174651663735,44.692396922348095,0,6,1,1
3304,0,3,56.594794871097655,42.820988180729074,0,4,0,0
3305,0,3,56.9000869722127,40.473289084005536,0,5,1,0
3306,0,3,43.103799511520734,32.09197170524455,0,7,1,0
3307,0,3,33.97663573288436,26.101921635981775,0,10,0,0
3308,0,3,55.18756231653499,38.30492980196141,0,2,1,0
3309,1,3,61.11116867254203,71.89999697210531,0,7,0,0
3310,0,3,55.80921445220415,30.67076071511044,0,5,1,0
3311,0,1,67.69076326219741,49.04108976791611,1,4,0,1
3312,0,3,76.76534608724366,45.113315883616885,1,3,1,0
3313,0,3,53.20502912930344,31.77231836055449,0,5,1,1
3314,0,3,28.972759958665108,4.100608845797798,0,4,1,0
3315,0,2,28.819671296858225,29.505983506981426,0,7,1,0
3316,0,2,78.99657016358736,42.69272437283027,1,3,1,1
3317,0,2,58.321339318357225,47.428923398729815,1,6,1,1
3318,0,3,15.245612576811144,12.888072393972255,0,7,1,0
3319,1,3,33.560513029547906,50.68719627251267,0,5,0,0
3320,0,2,62.98757054753937,36.82790246346878,1,4,1,1
3321,0,3,71.48988178543007,45.85749299268622,1,4,1,1
3322,0,3,42.83488877744387,41.258483348434964,0,8,1,0
3323,1,2,63.00620918333532,69.9866883325024,1,7,1,1
3324,0,3,51.65328381472946,33.80120513932083,1,4,1,0
3325,0,3,69.2345034994488,46.50351956895715,1,4,1,1
3326,1,2,44.4325177448962,61.229505517934676,0,6,0,0
3327,0,3,39.8616619803488,22.288717805183623,0,2,1,0
3328,0,2,37.2822899940112,32.84422831280331,0,8,1,0
3329,1,2,43.56414722792649,60.52975976072101,0,9,1,0
3330,0,3,100.0,42.939927442848145,0,3,1,0
3331,1,3,85.02890362661533,65.74060367320898,1,6,0,0
3332,1,3,71.3434622617817,79.74838574206431,1,8,0,1
3333,0,2,33.03191769956341,29.604916356772666,0,10,1,1
3334,0,3,45.036344946787665,25.412333665878318,0,2,1,0
3335,0,3,32.5085802808343,7.709131784901675,0,2,0,0
3336,0,2,58.34401398383069,37.84718897899384,1,4,0,1
3337,0,3,83.90611459809695,64.85948968768234,1,6,1,1
3338,0,3,52.50247472312354,22.485848506840348,0,3,1,0
3339,0,3,31.780087641376735,14.331800425533665,0,4,1,0
3340,0,3,73.03608249094813,38.73882530411245,1,4,1,1
3341,0,3,60.17061704726199,41.89279075877264,0,5,1,0
3342,0,3,52.726823077522596,28.30263990232182,0,6,1,0
3343,0,3,66.00234584832162,49.06612110264867,1,5,0,0
3344,0,3,42.21620389021231,33.85535226334459,0,6,1,0
3345,0,3,46.63858005055977,40.92386822294726,0,6,0,0
3346,0,3,54.95079890624355,24.763850599307276,0,3,0,0
3347,1,3,49.67841733299933,48.346131925442464,0,3,0,1
3348,0,3,36.246851022134365,24.86173384865208,0,5,1,0
3349,0,3,65.05034698447714,35.0072261589164,1,2,1,0
3350,0,3,82.41011790789986,34.08448631722016,0,6,0,0
3351,1,3,31.048460370579733,56.47898259072436,0,5,1,0
3352,0,3,69.78365200534608,54.66986393306752,1,5,0,1
3353,0,3,83.29388468357286,69.4007463836213,1,12,1,1
3354,0,3,42.947744706547276,25.355599488861937,0,1,1,0
3355,0,3,62.30373407223638,37.9051185232546,0,3,1,0
3356,0,3,40.83580698597069,36.64793589106433,0,12,1,0
3357,1,3,70.42562415094845,59.19168319116007,1,3,0,0
3358,0,2,63.03465222622127,35.573856740724395,1,4,1,1
3359,0,3,47.35868876470212,22.54398950660257,0,3,0,0
3360,0,3,100.0,35.679816488467424,1,5,1,0
3361,0,3,52.814610973205454,41.86670177740058,0,5,1,0
3362,1,3,44.14018195594105,46.998611008098386,0,4,0,0
3363,1,3,64.29892155989911,59.79125973776515,1,4,0,1
3364,1,3,48.83997785336924,52.36244084489492,0,6,1,1
3365,0,2,56.84275906824463,51.3720580114535,1,8,1,0
3366,0,3,53.98976573729533,33.20378790144432,1,5,1,0
3367,1,3,81.97920646548457,60.94362336576719,0,9,0,1
3368,0,3,35.62886363734053,37.06755673685214,0,7,1,1
3369,1,3,29.813271836073252,37.101406296509175,0,1,1,0
3370,1,2,50.41526053438098,71.23610958390888,0,11,0,1
3371,1,3,62.16998148864271,56.65265616372927,1,2,0,0
3372,0,2,18.63516806833394,27.02006578222324,0,8,1,0
3373,0,3,62.11698538062819,36.94626232963484,1,4,0,1
3374,0,3,60.28208438459251,41.73697902682298,0,10,1,1
3375,0,3,57.89198073075825,38.062089297935216,0,7,1,0
3376,0,3,48.024632077046085,30.741097445401948,1,6,0,1
3377,0,3,36.59815870120292,26.57304211053466,0,5,1,0
3378,0,3,36.67738972847281,19.437150952359282,0,4,1,0
3379,1,3,63.97388484323977,57.59348889783318,1,4,0,1
3380,0,2,47.42677708435896,39.14139405301309,0,4,1,0
3381,1,3,52.570509423424994,59.30091578025758,0,7,0,0
3382,0,3,69.17028483994696,30.491896860117407,1,3,1,0
3383,0,3,24.237734691766825,26.708822985446098,0,6,0,0
3384,1,3,43.764250970322145,45.119873132150346,0,6,0,1
3385,1,3,46.56149362210963,52.96229101929521,0,6,0,1
3386,0,3,52.76837928079788,38.065193211695295,0,4,0,0
3387,0,3,36.06026728464725,29.40742614811835,0,7,1,0
3388,0,3,41.74860898744194,16.13281039029732,0,2,1,0
3389,1,3,28.810967734602396,46.49991030440389,0,5,1,0
3390,0,3,56.90625714140274,29.606655183202342,0,5,1,0
3391,0,3,61.776940828892855,37.92203284513043,1,2,1,0
3392,1,3,73.07244823004052,70.41212095046696,1,5,1,1
3393,1,1,70.35817241090353,52.231474055224346,1,1,0,1
3394,0,2,24.890935193209746,8.442822081712121,0,5,1,0
3395,0,3,62.338862830640224,41.46364530338864,1,6,1,1
3396,0,2,60.16411195192606,29.180266997954455,0,3,1,0
3397,1,3,19.222478750946305,38.36243952874625,0,5,0,0
3398,0,3,55.74274063919606,32.04278549665096,0,4,1,0
3399,0,3,37.35832602826373,29.55065052414334,0,8,0,0
3400,0,3,43.66673092863101,34.49176911565966,0,9,1,0
3401,0,3,25.461968979022398,15.087378327713074,0,6,0,0
3402,0,3,36.29296077303219,25.51948238975681,0,3,1,0
3403,0,3,39.03880428014159,38.286770920314865,0,7,1,0
3404,1,2,66.67521454644645,70.81508711142692,1,7,0,1
3405,0,3,46.447795409605995,39.15875065092311,0,7,0,0
3406,0,3,58.52257702766464,67.30844854554212,1,6,1,1
3407,0,3,26.772524849274312,21.970448251873385,0,3,1,0
3408,0,3,64.08845699986456,40.93791710820996,1,5,1,1
3409,0,3,45.877320664897546,16.17945011920323,0,0,1,0
3410,1,3,67.76403030953544,69.6812216696041,1,5,0,1
3411,1,3,52.41584537313031,60.12910464197712,0,5,0,1
3412,1,3,53.188933782489144,49.06673300711744,0,1,0,0
3413,1,3,39.80213694048202,50.18314625921086,0,4,1,0
3414,0,3,53.16549099564423,29.638714555940986,0,4,0,0
3415,1,3,35.33434678488808,42.599928569859735,0,6,0,0
3416,1,2,47.00547988854996,58.36978145737738,0,4,1,0
3417,1,3,41.77628983569125,56.61743238037228,0,6,0,1
3418,0,3,74.84526378086234,39.7840928641987,1,4,1,1
3419,1,3,51.20875054555712,55.00293563939948,0,2,0,0
3420,0,3,52.62320285534617,42.272018492372254,0,8,1,1
3421,0,3,49.65204793764261,39.99630007706663,0,4,1,0
3422,0,3,56.18811832318336,29.348333188563863,0,3,0,0
3423,0,3,47.546916731657696,37.1396545464258,0,9,1,0
3424,0,3,49.031913324515315,43.88030323995541,0,3,1,0
3425,1,3,49.048295289198045,55.53371993810469,0,9,1,0
3426,0,3,32.61217572172083,31.075026138890152,0,6,1,0
3427,0,3,7.444576359944714,1.302864390090532,0,2,1,0
3428,0,3,65.99785740557833,54.42607860469661,0,5,0,1
3429,0,3,74.15876817476203,38.369191310610454,1,4,0,1
3430,0,2,72.85130933742444,37.77190659973376,1,2,0,1
3431,0,3,39.9654844222648,20.99785089515281,0,6,1,0
3432,0,3,23.032721075357948,13.35807626276462,0,3,1,0
3433,0,2,23.03208294835094,21.89778402741422,0,5,1,0
3434,0,2,42.90886995005082,40.88444567907309,0,6,1,0
3435,1,3,53.181716046142974,60.76761889592027,0,10,0,1
3436,0,3,47.41077904525243,31.859733201823715,0,8,0,0
3437,0,3,33.80882960671135,30.861588219946363,0,4,1,0
3438,0,3,60.455673795451716,40.53930002545335,0,6,0,1
3439,0,3,53.47266718019232,21.15372365266924,0,1,1,0
3440,0,3,54.53714474735367,30.178169089772116,0,4,1,0
3441,0,3,42.51231234724282,27.755818656867326,0,4,1,0
3442,0,3,89.59955085903724,57.30969421705866,1,6,1,1
3443,0,3,40.73746481648428,21.02121925958327,0,4,1,0
3444,1,3,60.03879708601701,71.65026024685483,0,7,0,1
3445,0,3,37.32898136238628,32.071033500129886,0,7,0,0
3446,0,3,54.16290815713532,33.675877242944644,0,6,1,0
3447,0,3,47.90358789206276,34.885330409872076,0,2,1,0
3448,0,3,49.36915369938622,32.011320514324154,0,5,1,0
3449,0,3,68.89918112026614,40.52893404849996,1,5,1,1
3450,0,2,51.90081842407985,25.81569582728492,0,5,1,0
3451,0,3,69.56729548537484,47.96640873360391,1,8,1,1
3452,0,2,49.81345384922266,40.2425259401375,0,8,1,1
3453,0,3,55.35922472287273,31.3252760293263,0,2,1,0
3454,0,3,55.09838163580941,33.2674285767333,0,3,1,0
3455,0,2,55.224584440373306,37.3257890876495,0,3,0,0
3456,0,3,22.856555349278374,18.116196005578495,0,5,1,0
3457,0,3,39.90414410489564,36.73087762245945,0,6,1,0
3458,1,3,48.24808154030852,41.784036303289724,0,2,0,0
3459,0,3,55.814004773235276,43.28842572556102,0,6,1,0
3460,0,3,61.430021897283275,42.16316336001789,1,5,1,0
3461,0,3,25.94231207459481,21.25542163097989,0,5,1,0
3462,0,3,35.9385681513106,19.035851999986964,0,0,1,0
3463,0,3,0.0,0.0,1,4,1,0
3464,0,3,55.366602325816835,42.29721488331245,0,8,1,1
3465,0,3,55.411616846204105,40.37903756981491,1,4,1,0
3466,0,2,35.96118401935441,14.315971319999965,0,3,1,0
3467,1,3,69.91131463369005,66.37407241749447,0,5,1,1
3468,0,2,51.68103581516653,22.70912279919191,0,2,1,0
3469,1,3,52.1556359291733,47.88678479093855,0,3,0,1
3470,0,3,43.77646992637247,38.23804171313719,0,7,1,0
3471,1,3,39.274946202260175,41.37517641854523,0,3,1,0
3472,1,2,45.81997006089643,46.32791415066981,0,6,1,0
3473,1,2,81.74563863970074,73.32176491912901,1,7,0,1
3474,1,1,22.465041291511778,44.7548533803031,0,4,0,0
3475,0,2,55.09666628473218,46.69554817520116,1,7,1,1
3476,0,3,30.555237187648263,30.67362742852207,0,8,1,0
3477,0,3,30.487993554517026,32.805573872803016,0,8,1,1
3478,0,3,46.20228367943452,39.45940647907713,0,6,1,0
3479,0,3,67.5213313999568,36.99600465603407,1,2,1,1
3480,0,3,74.09493255387495,42.25911799599859,1,4,0,1
3481,1,3,60.1784297832574,66.89958836995436,0,4,0,0
3482,0,3,36.63819205651796,19.17330812567379,0,4,1,0
3483,0,3,54.6845115118245,39.809095414012475,0,6,1,0
3484,1,1,43.59605266850923,55.50676456621509,0,4,0,0
3485,0,1,51.067962703595676,25.701775789535727,0,6,1,0
3486,0,2,63.71437174176049,36.74975885242292,0,2,1,0
3487,0,3,58.45816808284431,51.433350744306615,0,8,0,1
3488,0,3,56.97973546555554,36.14274863815989,0,4,0,0
3489,0,3,53.22779453509246,51.4314318322633,0,6,0,1
3490,0,3,100.0,37.309456243651944,0,6,0,1
3491,0,2,35.811226698872886,14.773015358034987,0,2,1,0
3492,0,3,60.1219053886967,51.80863322225677,1,5,1,1
3493,0,3,43.79290487913417,29.944115643345047,0,3,1,0
3494,0,3,84.36424357546069,47.52857437135967,1,3,1,1
3495,0,3,49.877832952096284,35.02655969375986,0,8,0,0
3496,0,3,58.1933868545739,27.269703840796602,0,4,0,1
3497,1,3,46.86450953806117,43.059334692190305,0,4,0,1
3498,0,3,40.26925280113338,35.30398843967071,0,6,1,0
3499,0,3,51.047126099532875,29.27267850233971,0,6,1,1
3500,0,3,100.0,40.47721487497321,0,7,1,0
3501,0,3,36.357230850335654,15.33265477136565,0,4,1,0
3502,0,3,24.978987110478972,32.34122511134184,0,7,0,0
3503,0,2,62.11025781865496,47.61348156713478,1,5,1,1
3504,0,3,45.828262217972934,32.05845990593973,0,7,1,0
3505,0,3,48.89013587221407,31.862104205370855,1,6,1,0
3506,0,3,69.78489014493606,52.18992942451238,1,4,1,0
3507,1,3,66.18202940874501,54.15821104252906,1,1,0,1
3508,1,3,34.08945002914043,43.33124575580131,0,8,0,1
3509,1,2,41.52524162374152,52.78634009613678,0,5,1,0
3510,0,3,59.12964093681817,37.686680427451556,1,5,1,1
3511,0,2,63.6955810466275,42.28275708012283,1,6,0,1
3512,0,2,93.1458627419269,76.36507466609035,1,10,0,1
3513,0,3,56.89865906723489,33.67222876777515,0,5,1,0
3514,0,3,53.40184452020074,33.63649706708375,0,4,1,0
3515,0,3,19.98017005116375,23.811904258385525,0,7,1,0
3516,1,2,29.891470615903884,42.75952711685309,0,5,0,0
3517,0,3,43.04714042917451,39.72668692746476,0,7,1,0
3518,0,3,55.788571764153396,44.73567593935588,0,5,0,0
3519,1,3,50.0236928205893,60.193483421758174,0,10,0,1
3520,1,2,33.57323194731388,37.42574901073858,0,3,0,0
3521,0,3,38.94935789628072,17.018675470379524,0,3,1,0
3522,1,2,66.66760574056933,61.46999973037844,1,4,1,0
3523,1,3,68.56440845230469,57.75444485750771,1,3,0,1
3524,1,3,92.51811285905761,80.19826888595294,1,7,0,1
3525,1,3,28.25254568280497,35.63060059790191,0,4,1,0
3526,0,3,60.63652809060476,42.04039706265493,0,7,1,0
3527,0,3,61.20867777642233,34.86474397794036,0,3,1,0
3528,0,3,65.12627872229746,52.18922493090279,1,4,1,1
3529,1,2,44.896062911351024,40.90162092497127,0,2,0,0
3530,0,3,77.75223255762496,41.42522816656384,1,5,1,0
3531,0,3,44.69052789617217,28.584114129009226,0,7,0,0
3532,0,3,31.953261521852987,13.595798447632674,0,3,1,0
3533,0,3,39.83596210338432,36.48212547428343,0,8,0,0
3534,0,2,65.42607951152723,51.56364618926909,1,4,1,1
3535,1,3,56.058924578414185,53.49796821570322,0,4,0,0
3536,0,3,44.74484034581649,40.37067221655934,0,8,1,0
3537,1,3,81.49095549079155,73.36070933073444,1,6,1,1
3538,0,3,36.35809704768778,23.28700852437824,0,1,0,0
3539,1,3,62.230388882929354,65.73437866947955,1,3,1,1
3540,1,3,29.383185113735227,42.31335646953076,0,8,0,1
3541,1,3,32.14205505018507,47.6572470377646,0,2,0,0
3542,0,3,53.975098691393356,31.614873862287578,0,5,1,0
3543,0,3,49.799615906368054,33.568587139556385,0,3,0,0
3544,1,3,32.84820068042853,55.79381837886117,0,8,0,1
3545,0,3,43.435548723892175,21.510945167635825,0,4,0,0
3546,0,3,41.387830467100194,34.54365180402397,0,4,1,0
3547,1,2,28.116535396666364,48.85828589445579,0,7,0,0
3548,0,2,62.60089999714353,48.46309568856039,1,4,0,1
3549,0,3,62.59305436217252,61.773068154927536,1,10,0,1
3550,1,3,40.71791768486503,58.02426746536113,0,10,0,1
3551,1,3,22.91277319719764,38.07857889998668,0,7,0,0
3552,1,3,41.546339123556564,40.08282507040643,0,5,0,0
3553,0,3,76.42745034607138,51.25821451824849,1,3,0,1
3554,0,3,26.476387266357882,8.573954841799239,0,3,1,0
3555,1,3,58.276429926701496,49.570794726774736,1,2,1,0
3556,1,3,68.72760084356786,63.61258043665431,0,3,1,1
3557,1,3,43.1795878479746,46.52775070357223,0,7,1,0
3558,0,3,68.54390430699277,50.032409544482405,1,5,1,1
3559,0,3,40.37760393131674,22.507004215970337,0,5,1,0
3560,1,3,16.279570052466607,38.63817903973729,0,4,1,0
3561,0,3,46.9454849149733,27.197253407699925,0,5,1,0
3562,0,3,65.71343120802715,46.66906915435968,1,3,1,1
3563,1,3,53.87678243329492,50.169040566549924,0,2,0,0
3564,1,3,48.13837923323514,58.386344746874826,0,4,0,1
3565,1,3,74.44244858106488,63.96714809220356,1,6,0,1
3566,0,3,52.17513422175722,36.64178748636725,0,3,1,0
3567,0,3,59.812164471205065,35.86401362769765,0,1,1,0
3568,0,3,74.75959261580134,56.984281290753145,1,6,0,1
3569,1,3,62.825948208700176,54.07882703794648,1,4,0,1
3570,0,3,64.79827769747925,37.37827407965519,1,3,1,0
3571,0,3,50.02821123000928,24.440479726716177,0,2,0,0
3572,0,2,41.09977865877306,34.80417466596468,0,4,1,0
3573,0,3,50.74269188804915,34.930480988153995,0,5,1,0
3574,0,3,24.228518613917803,21.579515218177,0,6,1,0
3575,1,3,17.294579220403985,47.63921533679498,0,5,0,0
3576,0,3,44.33233168166978,33.63164963302785,0,4,0,0
3577,0,3,69.93111984743388,41.76576176720789,1,4,1,0
3578,1,2,72.43637530002721,72.12397773593494,1,4,1,1
3579,0,3,57.06374883012509,33.264764731909494,0,7,0,0
3580,0,3,85.83061134185375,64.15957589844504,1,9,0,1
3581,1,3,48.545690411195594,58.711250361774276,0,8,0,0
3582,1,3,61.70487204673053,69.26500487903593,1,8,0,1
3583,0,3,55.702816762613104,34.96857112322447,0,7,0,0
3584,1,2,58.92387496724699,63.492595997950595,0,4,0,1
3585,1,3,29.118658762365087,37.04616794375414,0,4,0,0
3586,1,3,54.42419516804492,66.14379698847358,1,5,0,1
3587,0,3,44.08174023794891,37.01326761538862,0,4,1,0
3588,1,3,78.63448425811637,54.39906344031438,1,2,1,0
3589,0,3,40.273702864606555,18.30296451483577,0,3,1,0
3590,0,2,55.23888619403239,44.13708215796471,1,8,1,1
3591,0,3,37.576779557870985,35.8789594726712,0,6,1,0
3592,0,3,38.94459374772977,21.918544023224232,0,5,1,0
3593,0,3,40.44727779691084,25.898049029822722,0,5,1,0
3594,0,3,46.258927068757906,25.685000747353058,0,3,0,0
3595,0,3,73.30832061991228,54.32389024118351,1,4,1,1
3596,0,3,66.86521063263181,44.1919343802205,1,3,1,0
3597,0,3,66.23707375286565,48.65471809514447,1,6,1,0
3598,0,3,68.89816219207941,31.62980061027175,0,4,1,1
3599,1,3,24.176792225989054,51.77149058675795,1,5,1,0
3600,1,3,43.9585229872312,54.78867397804296,0,8,1,0
3601,0,3,42.63218352395408,43.405160601453936,0,8,1,1
3602,0,3,38.51095599140213,40.30083786507679,0,5,0,1
3603,0,3,34.22511602880292,27.086395806990897,0,9,0,0
3604,1,3,34.01678790376022,39.02187538342454,0,5,0,0
3605,0,3,29.039882984417794,19.41685302977212,0,4,1,0
3606,0,2,47.49705159403008,44.1867959432529,0,7,1,0
3607,1,3,57.456855586786546,60.575034414443266,0,3,0,1
3608,0,3,62.63119958058614,47.562697354131735,1,10,1,0
3609,0,3,55.15161370376789,31.104567207416494,0,2,1,0
3610,1,3,36.314837490535965,54.38134410951704,0,8,0,0
3611,0,2,47.751102156774834,24.92874825518224,0,4,1,0
3612,1,2,64.8474053623056,64.16182112494067,1,6,1,1
3613,0,2,38.8298934892419,16.241811696668183,0,2,1,0
3614,1,3,41.47597071947729,46.63078180355253,0,4,1,0
3615,0,3,49.19323263668012,25.24476712762484,0,3,1,0
3616,0,3,41.1592782465668,35.651429889804014,0,8,1,0
3617,0,3,66.75982804356035,46.603980298595445,1,8,0,1
3618,1,3,57.21124730801948,65.7320206737672,1,5,0,1
3619,0,3,44.19194876200175,37.495929671739866,0,6,0,0
3620,1,3,42.44185821402312,49.26175675321642,0,9,0,1
3621,0,3,49.976038073307045,27.82794095549655,0,4,1,0
3622,0,3,57.117385973772386,40.978141280588304,1,8,1,1
3623,1,3,70.93831182596679,66.47117806584068,1,6,0,1
3624,0,1,13.637200497313145,47.620122925477325,1,7,1,0
3625,0,3,54.81795977875961,27.600503570992302,0,3,1,0
3626,0,3,9.56701546620239,8.357778366780243,0,5,1,0
3627,0,3,74.78034953351447,41.25674410792702,1,7,1,0
3628,1,3,69.78508274452587,74.19845861823384,1,5,0,1
3629,0,2,47.71981022392863,42.98710018911369,0,8,1,0
3630,0,2,60.308770809117625,42.115194028769686,1,10,1,0
3631,0,3,42.97203279003351,34.03001962297016,0,2,0,1
3632,0,3,47.66010742504031,42.39258815070968,0,12,1,0
3633,0,2,44.23154286757952,22.39165615952293,0,4,1,0
3634,0,3,40.282286826386155,23.195708935867685,0,3,1,0
3635,0,3,53.899143072105616,43.534702051885716,0,5,1,0
3636,0,2,82.19055071152737,64.17178087495913,1,6,1,1
3637,1,2,34.694137706132274,37.66314484836552,0,5,0,0
3638,0,3,49.42839615365361,40.314606244004125,0,6,1,0
3639,0,3,48.56402284542029,27.28832087155399,0,4,0,0
3640,0,3,84.08111723902653,61.45247978902563,1,4,0,1
3641,0,3,43.211027065893305,31.44967517560825,0,3,1,0
3642,0,2,51.336385087870504,39.788441579668785,1,3,0,1
3643,1,3,50.917473300492524,50.33912840071916,0,5,0,1
3644,1,3,61.32486968506734,55.73063500173629,1,5,1,1
3645,0,2,48.00577366897654,40.285350670811354,0,3,1,0
3646,0,3,58.77698827963008,33.394812144768075,0,3,0,0
3647,1,3,52.909711893787374,65.94242610477303,0,2,0,1
3648,0,3,42.91166407450298,21.111191421645206,0,4,1,0
3649,0,3,51.14619912249121,38.50782768347394,0,5,1,0
3650,0,3,56.171082057158856,26.38550863881418,0,1,1,0
3651,0,2,43.401468146905444,24.480880954624663,0,4,1,0
3652,0,3,68.52669962449396,51.014599666455396,1,4,0,1
3653,0,2,51.91472749177969,33.742086684975696,0,5,0,1
3654,0,3,30.12045706202626,11.25149373639012,0,3,1,0
3655,0,2,44.455977546987775,24.033112872887862,0,5,1,1
3656,0,2,66.41982568483597,56.94754036690161,1,4,0,1
3657,1,3,33.029770534392995,45.9210007676412,0,3,0,0
3658,0,3,25.24023512115038,23.733901931112072,0,6,1,0
3659,1,3,81.37657504936841,74.199002400713,1,7,0,1
3660,0,3,66.5820699857932,45.23354727938878,1,3,1,0
3661,0,2,61.24389972797205,46.2618874118157,1,4,1,1
3662,0,3,54.278737249365335,40.520554587975546,0,8,1,0
3663,0,3,69.17921536813138,47.580445401909046,1,4,1,0
3664,1,3,29.150836703379223,46.12873148900449,0,4,1,1
3665,0,3,38.11968705696954,28.638770265023698,0,5,1,0
3666,1,3,45.14982976192585,53.41048085922072,0,4,1,0
3667,0,2,43.531293050969204,30.702572490184245,0,4,1,0
3668,1,3,45.10541688365975,53.829975005186114,0,7,0,0
3669,1,3,100.0,41.36058938000608,0,4,0,1
3670,0,3,57.86157309357661,46.95992485821584,0,5,1,0
3671,0,3,31.317014801894178,16.741453066209235,0,5,1,0
3672,1,3,53.149554578991165,61.17713478210461,0,8,1,1
3673,0,3,61.30143817041186,40.93558706286969,0,5,0,0
3674,1,3,43.92012373177315,55.752636061393545,0,8,0,0
3675,0,3,68.61121598192115,64.85949425466269,1,8,0,0
3676,0,3,86.37454123910567,62.7183576110777,1,4,1,1
3677,0,2,0.0,38.56202087881644,1,5,0,0
3678,0,2,28.586520823354196,33.05333270461115,0,7,1,0
3679,0,2,29.689424719500128,17.16668704028649,0,2,1,0
3680,0,3,54.48470273509389,49.37145989746147,0,5,0,0
3681,0,3,47.843022411413216,42.80157677689507,0,6,1,0
3682,0,3,23.73754464469133,20.259610259345752,0,4,0,0
3683,0,3,49.20965625754507,38.00740149425361,0,5,0,1
3684,0,3,18.04204906169135,27.716831797420042,0,5,0,0
3685,0,3,34.77831173456051,37.88893449633475,0,11,0,0
3686,0,3,47.370874034396685,28.354387039528746,0,6,0,0
3687,0,2,42.56765186403068,17.837824102331428,0,1,0,0
3688,0,3,54.013846859896816,37.54597634289212,1,4,1,1
3689,0,3,33.04107493081077,40.094143636373985,0,9,0,0
3690,0,3,41.019113964930156,31.685788957273665,0,5,0,0
3691,1,3,69.12374956948798,67.94223320232608,1,6,0,1
3692,0,2,59.36838939384703,31.90177817414397,1,3,1,0
3693,1,3,67.39077044112139,62.062611124899774,1,6,0,0
3694,1,3,74.44491804739707,68.92921396473953,1,8,0,1
3695,0,3,33.713533142538054,23.175790851538324,0,5,0,0
3696,0,2,53.24814207112113,54.93959835273189,1,12,0,1
3697,0,3,57.382659581045054,33.96297604963176,1,6,1,1
3698,0,3,42.33898588443948,25.81401029052846,0,1,1,0
3699,1,3,66.25971888394444,72.61406372994232,1,6,0,1
3700,0,3,0.0,58.149740764852645,1,6,1,1
3701,1,3,58.686005739886006,51.902144065834676,1,3,0,1
3702,0,2,33.87950180242285,26.851341739080507,0,9,1,0
3703,1,3,31.654054989081278,28.92197524352349,0,1,0,0
3704,0,3,47.67365629187419,31.084637656239142,0,1,1,0
3705,0,3,46.60142981505071,34.669581227833255,0,3,1,0
3706,0,2,65.51834057244514,45.674818252315916,1,12,1,1
3707,1,3,42.827992382794626,60.11638868842912,0,4,0,0
3708,1,2,32.70046259737328,36.84889873149356,0,5,0,0
3709,0,3,39.73063415024555,23.2957610849383,0,2,1,0
3710,0,3,57.18690084890286,46.73527239644451,0,6,0,0
3711,0,3,23.157366813048625,8.511998810491068,0,3,0,0
3712,0,2,44.63106225440161,31.699022933403523,0,8,1,0
3713,1,3,83.77370657166881,63.7860013980353,1,6,0,1
3714,0,2,55.34996349000612,31.594062700978043,1,5,1,0
3715,0,3,42.782064955484266,32.03992370615111,0,2,1,0
3716,0,3,0.0,37.51790941569415,0,4,0,0
3717,0,3,70.57924928888082,46.05970661349955,1,5,0,1
3718,1,3,6.1080150474812935,23.96415557081644,0,3,0,0
3719,0,3,49.32937956308077,47.94083224780532,0,9,1,0
3720,0,3,32.75247977803752,32.14509544777804,0,7,0,0
3721,1,3,42.67593666428402,49.63352128455817,0,7,0,0
3722,0,3,35.72022496784804,27.67788507247458,0,4,1,0
3723,0,3,50.92355246670242,46.4712667365779,0,9,1,1
3724,0,3,47.69341284891801,32.67450538221763,0,2,1,0
3725,0,3,86.08330812078009,54.97867390970052,1,3,1,1
3726,1,1,63.46978704258669,56.32936930768234,1,5,0,1
3727,0,2,75.26867264817697,54.92109759674599,1,4,1,0
3728,1,2,40.112893999088506,39.40561605184611,0,3,0,0
3729,0,3,33.29650220092335,28.251825938936193,0,5,1,0
3730,1,3,49.47663775867408,57.803327182343274,0,4,0,1
3731,0,3,43.723400527518315,23.305765933758288,0,7,1,0
3732,0,3,29.092961427909653,26.86493853699403,0,6,1,0
3733,0,3,11.27271664990647,22.443934363557133,0,3,1,0
3734,0,3,37.485590774083924,37.36029087977456,0,4,0,0
3735,0,3,60.67305637071618,51.12767133101191,0,6,0,1
3736,0,3,50.23341510863182,21.7215254422947,0,1,1,0
3737,1,3,26.19388378168418,44.713343955935215,0,6,0,0
3738,0,3,68.87450902245865,35.27777584867141,1,2,0,1
3739,1,3,24.08964700037967,36.904051151976134,0,6,0,0
3740,0,3,18.40424514570501,22.32012098405053,0,4,0,0
3741,0,3,49.69521998414961,27.871192537944943,0,4,1,0
3742,1,2,71.473472085015,69.60130520651573,1,3,1,1
3743,0,3,40.004821248237775,40.565419693609265,0,8,1,0
3744,0,2,45.72591361031733,29.439145363826842,0,6,1,0
3745,0,3,63.109940785926085,41.98289033972922,1,7,1,0
3746,0,3,61.12782543477105,42.98140753925291,1,3,0,0
3747,0,3,37.77618493872012,17.591370903477618,0,3,1,0
3748,0,3,34.51762024806518,35.949445514715364,0,8,0,0
3749,0,3,77.81698035177949,45.99952826240327,1,3,1,1
3750,0,3,57.92235423265714,29.06536286552096,0,2,0,1
3751,0,3,37.57786691267423,35.625402425406264,0,9,0,0
3752,1,3,41.65083678949761,42.98139559445406,0,0,0,1
3753,1,3,49.97313385419328,55.49438072774218,0,4,0,1
3754,1,2,51.29290053445754,65.7405833836391,0,9,0,0
3755,0,3,57.9295784321828,43.66482046589748,0,5,1,1
3756,0,3,66.31001367344759,47.141882559081786,1,3,1,1
3757,1,3,55.066675974278546,67.23358822000834,0,5,1,1
3758,0,3,32.58053334492343,17.71057740498541,0,4,0,0
3759,0,2,66.87781842210508,35.20805358770349,1,2,1,1
3760,0,3,9.61898959321914,25.852488618573076,0,5,1,0
3761,0,3,66.13417144572705,46.03751925420969,0,5,1,0
3762,1,2,36.92355973598673,52.77179709484035,1,6,1,1
3763,0,2,47.85810239632883,30.768884188215317,0,5,1,1
3764,0,3,57.23540107785186,36.3157473775224,1,5,1,0
3765,0,3,39.72371106874056,44.50573515796403,0,8,1,0
3766,1,3,34.17227420332501,43.648694058029285,0,3,0,1
3767,1,2,35.01663890795731,32.22882915328542,1,4,0,0
3768,0,2,0.0,40.1942435904833,1,6,1,0
3769,0,3,71.30939825338228,41.79614014994386,1,4,1,1
3770,0,3,62.80813193266031,45.23168583059237,1,4,1,0
3771,1,3,29.26646331551752,38.34104293326559,0,2,0,0
3772,1,3,80.05655701082016,88.15384259287293,1,7,0,1
3773,1,3,65.18204969060393,48.658471689600084,1,2,0,0
3774,0,2,61.180203352376516,39.59397290265729,1,2,0,1
3775,1,2,43.92895712033879,58.98751356286168,0,2,1,0
3776,0,3,46.79444776969344,33.75860798803878,0,9,1,0
3777,0,3,59.52263892969077,34.72421354019159,1,5,0,1
3778,1,2,74.57914509047565,63.63094310392958,1,5,0,1
3779,0,3,54.408896116228725,45.655322752615724,0,5,1,1
3780,0,3,66.63341768676459,44.430193912640256,1,6,0,1
3781,0,3,54.51234949040368,24.661492104362875,0,2,1,0
3782,0,2,70.88048611335911,49.72436427539662,1,8,0,1
3783,1,3,49.320248679889836,47.08034826386038,0,2,1,1
3784,1,3,55.815264332528166,67.48004576575164,0,5,0,0
3785,0,3,39.825895656883894,35.05515742746078,0,8,1,0
3786,0,3,56.05446067899756,36.33838273619623,0,7,0,0
3787,0,3,34.476659317737735,22.84181992529329,0,4,0,1
3788,0,3,51.44542987768776,28.661175847658058,1,5,0,0
3789,1,3,72.16125037676109,68.65399026119984,1,7,1,1
3790,1,3,41.29796092604881,50.34939276816242,0,5,0,1
3791,0,3,70.80268071971243,50.495949745387364,1,4,1,1
3792,0,2,56.05895849500536,37.813474457237305,1,7,1,0
3793,0,3,54.83633185330241,28.540538560845103,0,2,1,0
3794,1,2,59.98567156793235,71.53695853846388,1,7,0,1
3795,0,3,61.41072629750399,28.899254898478535,0,1,1,0
3796,1,2,47.569270667371015,51.0967247864609,0,6,0,0
3797,0,2,59.53404234789274,47.09136750123205,1,7,1,0
3798,0,3,39.655922805290864,23.979488135890577,0,5,1,0
3799,1,3,55.23417614021189,63.424331507207945,0,5,0,1
3800,1,3,65.38704056558203,62.10349936481435,1,6,0,1
3801,0,3,44.47315708913709,26.702165604411668,0,2,0,0
3802,1,3,64.73799124307637,63.41231916533094,1,5,0,1
3803,0,3,57.9738186545465,47.414369843241964,1,3,1,1
3804,1,3,47.59366198957135,57.839869857780364,0,6,0,1
3805,0,3,45.479278728613465,21.47564969050151,0,3,1,0
3806,0,2,29.578381095145872,35.45396810749847,0,7,1,0
3807,0,3,72.00698313236123,66.28516218267565,1,8,1,1
3808,1,3,34.5918681866158,53.738876161712064,0,4,0,1
3809,0,3,26.27668699772911,39.971551611469124,0,6,1,0
3810,1,3,71.03807279862386,67.18058622254891,1,6,0,1
3811,0,3,38.72598352608382,41.76786097013384,0,10,1,0
3812,0,3,35.00948178260338,14.881600650077996,0,6,1,0
3813,1,3,40.90572349546388,44.8124835002388,0,5,1,0
3814,1,3,63.827407270786914,77.33953987500458,1,9,1,1
3815,1,3,52.606030942836206,81.48892377618435,0,12,0,1
3816,1,3,51.39184599502693,56.882301428741144,0,4,0,1
3817,1,3,30.239294166442257,35.86194843960245,0,5,0,0
3818,1,3,32.261544075870326,47.31080212679369,0,4,0,1
3819,0,3,49.23459880259909,13.895573057330711,0,5,1,0
3820,0,3,43.796374115289176,24.710620173333243,0,5,1,0
3821,0,3,41.92286766964143,31.601857660103224,0,4,1,0
3822,1,2,46.87232154687317,59.627585711835906,0,5,1,0
3823,0,2,66.27922888426502,32.22989950921516,1,3,1,0
3824,0,3,47.34459385868391,35.13147828851183,0,4,1,0
3825,0,3,71.80122285378295,46.4526235736117,1,7,0,1
3826,0,3,31.44825209014057,25.935606645669885,0,4,1,0
3827,1,3,52.06465922859497,67.41546094475423,0,9,0,1
3828,0,3,44.30719298371287,32.51107326638032,0,5,0,0
3829,0,3,64.0540618690408,41.739757148098704,0,8,1,1
3830,0,2,61.60154662667589,43.753057684585016,1,7,0,1
3831,0,2,22.9232572852826,24.87565964707278,0,7,0,0
3832,1,2,57.9722597081573,64.41077453731054,1,7,0,1
3833,0,3,73.50434101778514,33.4265280415209,1,3,1,0
3834,0,3,34.634828054786645,17.03235560539198,0,3,1,0
3835,0,3,42.512312821618394,42.514307535829374,0,5,1,0
3836,0,3,24.815802779080478,2.4796529997958583,0,5,1,0
3837,1,3,0.0,53.73898920389475,0,5,0,1
3838,0,3,57.97243508058391,34.062036348173535,1,3,0,0
3839,0,3,53.70808439554464,24.596685207892392,0,2,1,0
3840,0,3,47.87538561490202,32.31585657538833,0,6,1,0
3841,0,3,57.24481095192074,34.89582577125621,0,4,1,0
3842,0,3,49.3714944619361,36.32863097122547,0,6,1,0
3843,0,3,77.14923615100832,61.88657007894943,1,2,0,1
3844,0,3,50.770634768151076,41.19377704177026,0,7,0,0
3845,0,3,77.33651712256656,64.66599023836687,1,8,1,1
3846,0,3,73.1695421520977,39.913195778569865,1,4,1,0
3847,0,3,47.49306144238772,30.039521696374408,0,6,1,0
3848,1,3,64.7380900973058,62.25580061090085,1,6,1,1
3849,1,3,0.0,48.50494480356203,0,4,0,0
3850,0,3,45.576568737879214,38.83838019040305,0,6,1,1
3851,0,3,35.2560428346307,26.135296541774185,0,4,1,0
3852,0,2,62.63661074634609,46.65825959938809,1,3,1,1
3853,0,3,51.73088313317526,42.86835974036476,0,7,0,0
3854,0,3,36.3395491195654,25.95471829743195,0,4,0,0
3855,0,2,58.567401575966144,34.52421501181108,1,5,0,0
3856,0,3,63.209427261470054,39.08290728073562,1,2,0,0
3857,0,2,29.927680809887008,19.81044594214121,0,4,1,0
3858,0,3,43.163530449405556,32.4507901013038,0,3,1,1
3859,0,3,31.037394749293604,33.57798448750562,0,7,1,0
3860,0,3,54.41073227978576,36.175885082451565,0,1,0,0
3861,0,3,59.12401327519714,47.44811223557567,0,5,1,0
3862,1,3,24.809211658655336,27.83004626598889,0,2,0,0
3863,1,2,74.15749109546294,61.05432157438836,1,3,0,1
3864,1,3,70.54957021160097,59.047774306399866,1,4,0,1
3865,1,3,75.29898419005687,66.10125418280556,1,5,0,1
3866,1,3,31.736848861978377,36.34246238017918,0,5,0,0
3867,0,3,73.73363659652696,56.676097288697804,1,3,0,1
3868,0,3,33.24242102608807,31.86554040168527,0,7,1,0
3869,1,3,63.07908197245659,68.35745264277108,1,6,1,1
3870,0,2,59.094230570867005,46.238144014091105,1,1,0,1
3871,0,3,40.127198182756736,35.571310184415964,0,5,0,1
3872,0,3,70.04266512902296,48.245287898314636,0,5,1,0
3873,1,3,38.786368150092216,44.83214028721289,0,9,1,1
3874,0,3,33.89815270961125,36.51517814060133,0,8,0,0
3875,0,1,37.69371705924056,27.77917271682871,0,3,0,0
3876,0,3,76.5189203128833,55.20719583494191,1,5,1,1
3877,0,3,48.414871863438215,36.86121706672248,0,4,1,0
3878,1,2,0.0,56.799142965588075,0,5,1,0
3879,1,3,44.18969427100214,69.34096237817836,0,13,0,1
3880,0,2,55.103961564233025,35.22977848020162,0,10,1,1
3881,1,3,78.89466449462327,66.67864860035665,0,6,1,0
3882,0,3,42.81347674075919,19.871814686734407,0,2,1,0
3883,0,3,45.50430601665141,35.084486763801486,0,5,1,0
3884,1,3,51.098338049214824,51.64912244527099,0,5,1,1
3885,1,3,34.23909459177138,51.03171683981062,0,5,0,0
3886,0,3,8.8353756513498,38.09188502191277,0,9,0,0
3887,0,3,33.08184815355954,18.211869511519097,0,6,1,0
3888,0,3,58.025484751469506,39.23827419198553,0,7,1,0
3889,1,2,19.679277962678277,35.519991452215486,0,2,0,0
3890,0,2,58.68991540503646,38.62577678878504,1,5,1,1
3891,1,3,80.59213566281146,63.899455570680395,1,2,0,1
3892,1,3,61.549181474384554,52.19461251027274,1,4,0,1
3893,0,3,38.92295985314546,40.68182289503182,0,11,1,0
3894,0,3,57.494975497424406,41.54849155083805,0,8,0,0
3895,0,3,35.11505946296454,18.199552876257705,0,4,0,0
3896,0,3,63.392024347508794,49.9410780757515,1,7,0,0
3897,0,3,69.95936050574646,51.114532815585136,1,8,1,1
3898,0,3,53.0482626838813,31.38315579833649,0,5,0,0
3899,0,3,44.89825143370732,30.774078329834364,0,3,1,0
3900,1,3,48.86838737703109,59.07988990756452,0,8,0,1
3901,0,3,41.5011999721724,41.39238841147241,0,7,1,1
3902,0,3,73.95366638603419,56.16052019833758,1,9,1,1
3903,0,3,25.250678382253046,23.266524120286928,0,5,0,0
3904,0,2,73.34272253653802,43.93182236049479,1,3,1,1
3905,1,3,51.4963232828497,57.69536606715197,0,3,1,0
3906,0,2,35.85486893870314,26.041280417501017,0,4,1,0
3907,0,3,63.736025400640315,42.11832470692811,0,4,1,0
3908,0,3,59.821959110618,48.213279103917166,1,3,1,1
3909,1,3,60.25103635716188,48.07588047055349,0,4,0,0
3910,0,3,66.34341774061537,45.371137503338005,1,7,1,0
3911,1,3,36.605859992398656,42.63706742818134,0,3,0,0
3912,0,3,32.33803708302847,19.858439888107267,0,6,0,0
3913,1,3,44.100860130475496,40.242025512219826,0,2,0,1
3914,1,3,58.656497781037444,69.55519524189546,0,4,0,1
3915,1,3,41.03827353392392,33.457430342800734,0,2,1,0
3916,1,3,35.5977818959608,51.50175871449114,0,5,1,0
3917,1,3,61.92326597627895,69.78229553817593,1,5,0,1
3918,0,3,54.23281343016833,23.253723531239643,0,2,1,0
3919,0,3,41.7166108379278,32.6894630455865,0,3,1,0
3920,0,3,55.40305175983674,21.587267520729664,0,3,1,0
3921,0,3,51.029762692977535,31.185604617749153,0,4,0,0
3922,0,2,42.88113809611679,32.12299164775886,0,4,1,0
3923,1,3,63.023049912820596,59.27454227199077,1,5,0,1
3924,0,2,29.32255742883719,19.427463011981466,0,3,1,0
3925,0,3,49.37214505343515,25.81755934558571,0,6,1,0
3926,1,3,61.61843856505079,72.46194841885374,0,6,0,1
3927,0,3,54.41986233660165,40.58404494573754,0,4,1,1
3928,0,2,44.29898645375186,33.38533081522241,0,3,1,0
3929,0,3,67.51089056511188,51.511359065876576,1,11,1,0
3930,0,2,40.841092710993514,28.493192042843745,0,8,0,0
3931,1,3,61.4962752171751,75.41170144709838,1,7,1,0
3932,1,3,45.09823115942989,65.78451972190476,0,10,0,0
3933,0,3,66.15921204727958,43.01542331031645,1,4,1,0
3934,0,2,19.850978603982284,12.04638302485119,1,6,1,0
3935,1,3,61.78569803106137,57.539741615280185,0,4,0,1
3936,0,3,55.7896358345783,51.19194221939404,1,9,0,1
3937,0,3,69.63551340224984,49.034839348647644,1,3,1,1
3938,0,3,71.82027585567512,49.38992916205863,1,5,1,1
3939,0,3,69.77009675309944,67.26163983192403,1,8,0,1
3940,1,3,27.514991184939866,33.275618201668166,0,4,1,0
3941,1,3,85.39623679550915,80.60762819355914,1,7,1,1
3942,0,3,31.329327786256478,29.960977719397448,0,6,0,0
3943,1,3,80.97585374583235,63.357731081694716,1,2,0,1
3944,0,3,44.498037217918515,25.92636207298277,0,3,1,1
3945,0,2,52.21680601451238,22.69650397195436,0,2,1,0
3946,0,3,43.56569612434293,23.36670712387905,0,3,1,0
3947,0,3,22.65965045951185,47.04247212132626,1,7,1,0
3948,0,3,30.82671225380138,20.35211978721053,0,1,1,0
3949,0,2,66.67455410338884,43.87862377022113,1,4,1,0
3950,0,3,36.80641893605409,21.438804124146664,0,6,1,1
3951,0,3,69.14364097983943,62.3265458091445,1,9,1,1
3952,1,3,56.84749274951271,49.6951081952984,0,5,0,0
3953,0,3,34.280212276468106,16.871185037900084,0,4,1,0
3954,0,3,69.54960390495678,54.70747139985078,1,8,1,1
3955,0,3,85.67002159420771,67.86204278997447,1,9,0,1
3956,0,1,42.122279802257374,26.37041389501923,0,3,0,1
3957,0,3,56.68982005602446,41.35100513488225,0,5,1,0
3958,0,2,56.475718402713696,41.17255558453377,0,9,1,1
3959,1,3,59.06417012566385,60.53122774678686,0,2,0,0
3960,0,3,56.92011607009029,40.250583979907574,1,3,0,0
3961,0,3,29.679012251294452,33.50684051571942,0,7,1,0
3962,0,3,57.31697780368491,32.824045258164574,0,4,0,0
3963,1,1,32.63906807745982,38.757759379727766,0,5,1,0
3964,1,2,50.86374853533688,65.76452716030583,0,4,1,0
3965,0,3,37.35256102112593,21.33773946287837,0,4,0,0
3966,0,2,43.20487159134648,23.64626157216891,0,6,0,0
3967,0,3,60.444093829917286,32.87471612706522,1,3,1,0
3968,0,3,75.28761981084405,51.58970411232009,1,7,0,1
3969,0,3,41.402580143454024,32.003514365672785,1,5,0,0
3970,0,3,67.87029327402776,40.17394583329047,1,6,1,0
3971,1,2,39.96475086560114,54.384361001814305,0,6,0,1
3972,0,3,0.0,51.472217619624445,1,4,1,0
3973,0,3,32.81288412994966,35.45723005678451,0,8,0,0
3974,0,2,54.6510833690832,36.54420205770695,1,3,0,1
3975,0,2,62.66142213892361,38.00390807551884,1,5,0,0
3976,0,2,34.0586915907122,39.4900142949928,0,7,1,0
3977,0,3,54.27764097808938,30.30026185047007,0,2,1,0
3978,0,3,44.48927164426747,29.68941701469384,0,6,0,0
3979,0,3,66.3038121353527,35.681875082831944,0,5,1,0
3980,0,3,62.11274849505326,42.78629551727455,1,7,1,0
3981,0,3,50.95893731491941,31.001500523957162,0,5,0,0
3982,0,3,41.910980588243135,40.00325574655056,0,8,1,0
3983,0,3,37.28112098434537,26.81469578960171,0,6,1,0
3984,0,3,53.76660113381067,29.91303597768698,0,4,0,0
3985,0,3,51.45593043915372,22.027597709051307,0,3,1,0
3986,0,2,47.04355544149672,33.18815708405938,0,3,1,0
3987,1,2,66.46276660575475,63.37392581680533,1,7,0,1
3988,0,3,52.58151852688329,19.34705607365345,0,7,1,0
3989,0,3,45.441964828260026,32.14133849442523,0,7,1,0
3990,0,3,74.42549491279831,54.3409726044452,1,4,1,1
3991,0,3,57.68701557839103,30.14896059371624,0,5,1,0
3992,0,3,46.278214771745155,31.209057773249313,0,7,1,0
3993,1,3,46.93772254286213,46.706019312736736,0,5,0,0
3994,1,2,33.08295173036245,47.00407048344881,0,3,1,0
3995,0,3,53.93934872891456,40.56482508102617,0,3,1,0
3996,1,3,25.94497319483434,35.710332995664636,0,6,1,0
3997,0,2,56.10122648125771,26.613173267755844,0,6,1,0
3998,0,3,58.56316369409897,39.14107345065356,0,4,1,0
3999,0,3,48.65421435558274,26.347252871640027,0,2,1,0
4000,0,2,62.964489998046375,40.55992484549022,1,6,1,0
4001,0,3,35.91396369691457,36.70743224407228,0,8,0,0
4002,0,3,14.934812896313243,23.495459743298774,0,7,1,0
4003,1,3,87.78306776710764,76.84802098305198,1,6,0,1
4004,0,3,71.86010317818898,64.76576915808177,1,9,1,1
4005,0,3,64.203011580192,53.357179739056114,1,5,1,1
4006,1,3,47.26103181294576,68.3711371051938,0,9,1,0
4007,0,2,61.12970429622976,38.75799962339857,1,6,1,1
4008,0,3,58.52865800590613,35.22827725814495,1,4,0,1
4009,1,3,47.84576244262492,49.77541509003864,0,5,1,0
4010,0,3,43.76153377890266,37.43458491801502,1,7,1,0
4011,0,3,33.556972491906265,25.371395179642757,0,8,1,0
4012,0,3,63.516258092597546,35.52954716668431,1,3,1,0
4013,1,3,75.0571444612665,68.49809227515135,1,5,0,1
4014,0,3,51.08235220565145,45.04384940306787,0,4,0,0
4015,1,2,58.951665106839194,66.598389896832,1,7,0,1
4016,0,3,35.860628822211055,31.97105586677731,0,3,0,0
4017,0,3,31.336442286746706,19.712575445551423,0,6,1,0
4018,0,3,21.794319246200754,20.872675712251084,0,4,1,0
4019,0,3,20.462832446993804,24.641251997058184,0,8,1,0
4020,0,2,59.25390139611323,26.51561139343553,1,4,1,0
4021,1,3,15.602468683286219,23.334272986351035,0,4,0,0
4022,1,3,29.82301236475889,32.489776310176424,0,3,0,0
4023,0,2,53.27313451715025,37.93813048289301,0,4,0,0
4024,0,3,54.594842595374104,32.6859739658454,0,4,1,0
4025,0,3,33.24196245512503,20.914772591473408,0,5,1,0
4026,0,3,76.65147124388542,60.07765364157123,1,6,1,1
4027,0,3,50.25651197990125,40.604696258079606,0,7,1,0
4028,1,2,39.739570657203465,43.94757540738718,0,7,0,0
4029,0,3,55.935610793367076,47.92309974840719,0,4,1,0
4030,0,3,34.66558065674775,28.87939891791078,0,3,1,0
4031,1,2,100.0,34.841956255239275,0,7,0,1
4032,0,3,36.98449906712402,20.811758113722615,0,5,1,0
4033,0,3,60.57897377410447,33.87425965549156,1,1,0,0
4034,0,3,63.804353591822334,34.26515824249871,1,2,1,1
4035,0,3,48.757891667565524,26.230708993808932,0,2,1,1
4036,1,2,48.466760550359744,45.18507077010998,0,5,0,0
4037,0,3,83.0815446029581,50.96552168237419,1,7,1,1
4038,0,3,36.5056936879745,34.28886660281766,0,9,0,0
4039,0,3,38.96452225558591,12.339424137500924,0,3,1,0
4040,0,3,64.22624314718249,33.402903350774324,1,3,1,0
4041,0,3,53.20886880477186,37.888516826289596,0,6,1,0
4042,0,3,71.18188063847096,52.18018097777785,1,6,1,1
4043,0,3,74.09915994068048,54.394008353909626,1,9,1,1
4044,0,3,54.88736793228074,56.25830747831359,0,11,1,1
4045,1,3,32.013459974817636,52.86091086401872,0,8,1,0
4046,0,3,40.31945792745581,19.6763914912799,0,6,0,0
4047,1,3,87.18999765439102,100.0,1,10,0,1
4048,1,3,32.068367853152246,45.94613885869914,0,4,0,1
4049,0,3,31.272789708927412,22.30178480432127,0,8,1,0
4050,0,3,39.229057413729684,25.94704272796598,0,1,1,0
4051,0,3,57.761280937519224,25.36331961467177,0,0,0,0
4052,1,3,59.388184025661424,71.80430888110304,1,5,1,1
4053,0,3,30.398866826509895,25.718153099406457,0,9,0,0
4054,1,2,62.53747716475339,65.07204401331626,1,9,0,1
4055,1,3,0.0,39.95744618532779,0,7,0,0
4056,0,3,28.948233423850525,10.371221318438302,0,3,1,0
4057,1,3,47.596068456854944,49.09052063472099,0,2,0,0
4058,0,3,54.47740484982977,41.96615180726153,1,4,0,0
4059,0,3,56.18198167792812,55.05583913731996,1,9,1,1
4060,0,3,66.91406637017572,43.32041569882817,1,5,1,1
4061,1,3,58.55690587706219,67.98173802600814,1,7,0,1
4062,0,3,47.23103077744733,30.984585528831875,0,7,1,0
4063,1,3,48.55232175705187,62.07931839390197,0,11,1,1
4064,0,3,63.38237637271981,39.182540998408406,1,3,0,1
4065,0,3,12.927159895587025,6.598897951218043,0,6,1,0
4066,0,3,40.82249715907519,38.23282636967186,0,5,1,0
4067,0,3,41.80241927378785,33.99390296289727,0,3,1,1
4068,0,3,33.61569482478389,19.73993314851011,0,4,1,0
4069,0,3,36.61037330382922,40.02061623845025,0,8,0,0
4070,1,3,59.6152604044923,60.82252391314376,1,7,0,1
4071,1,3,59.8539084170991,56.85553701008431,1,4,0,1
4072,0,3,41.62063614460882,23.02589311149305,0,4,0,0
4073,1,3,65.41280625460868,65.41800167198173,0,5,0,1
4074,0,2,53.213052623071356,32.461541852987196,0,4,1,0
4075,0,3,64.84459893394151,44.12104831911651,1,6,1,1
4076,1,2,50.41079039488062,52.03359870620944,0,3,0,0
4077,0,3,28.224324927849374,28.777870081868652,0,3,1,0
4078,0,3,37.16296112014717,22.68145656121379,0,3,1,0
4079,0,3,66.21323441719608,43.607156126384986,1,6,1,1
4080,1,3,59.10025356715786,47.003535588076616,0,3,0,0
4081,1,2,45.45608036298999,47.54522330738716,0,4,0,0
4082,0,3,42.89029822134303,27.314494404227514,0,7,1,0
4083,0,3,36.37797207429286,33.78425209351492,0,2,1,0
4084,1,3,48.488418349997005,55.101738284695074,0,5,0,0
4085,0,3,40.52170150142853,30.819161991759795,0,1,1,0
4086,0,2,39.526350823565764,22.35886637324101,0,3,1,0
4087,1,3,76.21068597167266,77.83283556859018,1,4,0,1
4088,0,3,30.82609527955117,23.038640784484702,0,3,0,0
4089,1,3,36.22310819587156,49.733936215520366,0,6,0,1
4090,0,3,35.99392353396644,15.415082165542207,0,3,1,0
4091,1,2,43.71908689448767,54.01111973004189,0,4,1,1
4092,1,3,49.27055977865714,50.978194376062945,0,2,1,0
4093,0,3,52.78943562904939,24.79309135331962,0,3,0,0
4094,1,3,90.50386740262422,78.44625744584836,1,5,0,1
4095,0,3,65.00700048741517,53.46169834733335,0,4,1,0
4096,0,3,44.73253713834606,43.39095905307663,0,4,1,0
4097,0,3,31.49084787677752,21.33922147496314,0,6,1,0
4098,0,2,62.69820189996274,27.306986338152207,1,2,1,0
4099,0,3,47.20222686292948,18.466029863109192,0,2,0,0
4100,0,3,38.75622614970022,32.15735817882256,0,4,1,0
4101,1,3,56.62411097531481,52.857663285044744,0,3,0,0
4102,1,3,82.97412905250776,64.43425517176733,1,4,0,1
4103,0,3,31.106965829981476,38.679527150641135,0,2,0,0
4104,0,3,45.85125569785711,33.64975084749664,0,8,1,0
4105,0,3,59.60070855003267,29.75234596259581,0,1,1,0
4106,0,3,25.07286922145537,14.130320767271295,0,5,0,0
4107,1,2,59.52484987819415,53.20381548533234,1,4,0,1
4108,0,3,39.19364325360746,50.75631085971089,1,6,0,1
4109,0,3,55.988891803462565,44.05410968312802,0,4,1,0
4110,1,3,68.75454986637678,64.20603963501674,1,2,0,1
4111,0,2,59.0475798840329,42.98306916456521,1,3,1,0
4112,0,3,53.9298289615805,25.17201951771959,0,5,0,0
4113,0,3,39.56629538205396,33.152627426433014,0,7,1,0
4114,0,3,19.006893779550854,16.507550545227467,0,10,0,0
4115,0,3,36.743040362349554,16.411786235335974,0,5,0,0
4116,0,3,53.18400062317089,31.57656500085133,0,6,0,0
4117,1,2,53.51142549566426,65.98785191742937,0,6,0,1
4118,0,3,44.71632748290106,24.057576393225375,0,7,0,0
4119,0,3,32.78298193539069,24.31985362669909,0,6,1,0
4120,0,3,46.575221765251705,47.62145643913365,0,9,1,0
4121,0,3,68.11775809316306,53.39073097070225,1,7,1,0
4122,0,3,61.63478382407531,42.47301376529372,0,5,1,0
4123,0,3,39.65658392788457,27.100634334905504,0,2,0,0
4124,0,3,35.96285547346987,36.37092602718803,0,7,1,1
4125,0,1,26.04518249270808,15.350060768895274,0,4,1,0
4126,0,3,15.010554404251643,22.08983343814293,0,9,1,0
4127,0,3,52.471947447414344,33.412713824152426,0,8,1,0
4128,0,3,40.52213065395741,21.361442857570268,0,3,1,0
4129,0,2,62.931446158932964,49.64557889344307,1,6,1,1
4130,0,3,58.37775167839289,48.38055563890803,1,6,0,1
4131,0,3,33.580431897256204,17.85826434284853,0,5,1,0
4132,0,3,35.092548979807844,36.77216944665948,0,4,1,0
4133,1,2,48.41397477208772,53.07867438853759,0,2,1,0
4134,0,3,70.8752132886437,52.6903777893869,1,3,0,1
4135,0,3,62.1252369389847,32.69231381580656,0,2,0,0
4136,0,3,54.92862697825157,34.615892949804554,0,5,1,0
4137,0,3,48.96705007079077,26.809915407084514,0,4,0,0
4138,0,3,55.27573909254695,46.52852908787259,0,6,1,0
4139,1,3,25.417584559676428,33.353557805342675,0,4,0,0
4140,0,3,45.14645195055693,19.467226632975212,0,2,1,0
4141,1,2,34.62236865968118,57.907180928378814,0,9,0,1
4142,0,2,56.69176351714671,31.454975937207863,1,4,1,1
4143,0,2,80.79571235017156,55.915040100361445,1,8,1,1
4144,1,3,49.06376489591556,54.64379467849175,0,5,0,1
4145,0,3,61.61188302782815,40.19399444142298,1,1,0,0
4146,0,3,32.530218945786494,18.3345280833048,0,7,1,0
4147,0,3,58.43386730415524,45.937100414608345,0,5,1,0
4148,0,3,32.66119813382223,19.1607231557676,0,3,1,0
4149,0,3,59.7274370676687,49.7682514025849,0,6,0,1
4150,0,3,41.34985478052787,32.418742708786986,0,7,0,0
4151,0,3,70.5209005737183,53.40488666317123,1,5,1,1
4152,1,3,16.359637718006688,44.19988350777746,0,8,0,0
4153,0,2,54.77719609326232,39.29976626208908,0,5,1,0
4154,1,2,38.97750026944696,42.911690876065705,0,6,0,0
4155,0,3,86.86893292805775,62.00134827909623,1,7,1,1
4156,0,3,32.433866198404864,24.36652570739387,0,1,0,0
4157,1,2,68.52913292500136,85.87440896337414,1,9,0,1
4158,1,3,44.67449263271715,44.51258868459176,0,4,1,0
4159,0,2,28.953594986794712,28.474446367902665,0,6,1,0
4160,0,3,59.864547948272566,39.63044457965097,0,2,0,1
4161,1,2,52.93088900323711,61.03495543654655,0,7,0,1
4162,0,3,42.14413221576555,39.458071917846674,0,9,1,1
4163,0,2,40.57221007387592,33.31850193672051,0,6,1,0
4164,1,2,71.22884669932276,77.57636959483085,1,6,1,1
4165,0,3,45.050584989321365,24.44734464882336,0,5,1,0
4166,0,3,72.60725102988943,54.773053173933825,1,5,1,1
4167,0,3,82.20479139208898,63.96829425577081,1,6,1,1
4168,1,3,26.198346285734193,42.76055776944802,0,4,0,1
4169,1,3,32.5452833612229,57.779793551532386,0,5,0,0
4170,0,3,50.487600004023776,40.43605582147589,0,5,1,0
4171,0,3,51.15328817717025,33.438989488590984,0,7,1,0
4172,0,3,60.49574131482828,37.781303133995614,0,5,1,0
4173,1,3,45.45318937774041,45.822622967223055,0,6,0,0
4174,0,3,53.97798433922153,27.70121574518075,0,3,0,0
4175,0,3,43.42795368724436,38.754975686247725,0,6,1,0
4176,0,3,72.68169455854672,66.538312356933,1,9,1,1
4177,0,3,53.970899173685034,32.37770762583237,0,4,1,0
4178,1,2,37.12887619751181,54.48714688367545,0,6,0,0
4179,0,2,30.66383101529711,12.190062840784211,0,3,1,0
4180,1,3,62.6495871426056,53.01767520117182,1,2,0,1
4181,0,3,57.75838774715296,32.829667218206176,0,3,0,0
4182,0,3,62.01460911306645,50.40748021882818,1,8,1,1
4183,0,3,15.708586680840916,39.89306715230796,0,6,1,0
4184,0,3,20.03679272714854,6.433790607360254,0,5,0,0
4185,0,1,69.62261184623375,41.71248107334487,1,6,0,1
4186,1,3,38.51473106311549,54.131840310572336,0,7,0,1
4187,0,3,32.97202863962276,35.44988075405443,0,8,1,0
4188,1,2,48.03344815526331,56.48737407347653,0,4,1,1
4189,0,3,34.23037250971913,21.699674159201333,0,6,1,0
4190,1,3,30.00444362551728,38.20596073930644,0,6,0,0
4191,0,3,51.352590215298534,29.14735406089238,0,4,1,1
4192,0,2,23.71588163188836,15.156966401010603,0,3,1,0
4193,1,3,57.02194635136058,58.43557532718991,1,5,0,0
4194,0,3,35.92074141661582,25.896825244793433,0,4,0,0
4195,1,3,41.3058667533252,36.5567697599905,0,1,0,0
4196,0,2,53.57585739792368,27.267705205636826,0,3,0,0
4197,0,3,37.4574844844801,36.542584921292864,0,7,1,0
4198,0,2,34.47419143963233,39.56765609065175,0,7,1,0
4199,0,2,68.03301992014988,52.11879270090155,1,10,1,1
4200,0,3,61.06579861420518,63.389464485631684,1,7,1,0
4201,0,3,40.62603313604999,29.23989276050262,0,3,0,0
4202,0,3,51.51600280352467,40.365257510888895,0,9,1,0
4203,0,2,46.058987426525604,31.640668592629844,0,8,1,1
4204,0,3,39.51442345646352,39.910132899836384,0,3,1,0
4205,1,3,46.4411150700776,46.23605453883779,0,3,0,0
4206,0,3,37.06846937576173,19.53888391257038,0,5,1,0
4207,0,3,54.89876511031425,40.60670547491128,1,8,1,1
4208,0,3,26.484940542709783,13.761479777017021,0,8,0,0
4209,0,3,58.49237824687512,25.927555985915568,0,2,1,0
4210,1,2,68.72520650144409,68.46931403656211,1,3,0,1
4211,0,3,58.339611691555476,23.89734926436144,0,4,1,0
4212,0,3,38.59941683629782,29.50137606860713,0,5,1,0
4213,0,3,59.08031060521819,33.08873234975967,0,4,1,0
4214,0,3,32.44886834680792,35.37506072878532,0,6,0,1
4215,0,3,22.979484148828636,3.403929121451492,0,4,1,0
4216,0,3,45.01740285902642,27.282158171006664,0,4,1,0
4217,1,3,21.384726711132103,38.91775424846254,0,3,1,0
4218,0,3,73.22789727393113,42.12289301963319,1,2,1,0
4219,1,3,33.79282260726872,51.84740994710409,0,6,0,0
4220,0,3,63.99706985901349,50.113536259984045,0,6,1,0
4221,1,3,68.94021220242874,61.4609985246336,0,5,1,1
4222,1,3,55.931399627131604,60.08675893574349,0,6,1,0
4223,1,3,43.2288389108258,53.82660948158348,0,4,1,0
4224,1,3,76.85588801856467,80.72785133620094,1,8,1,1
4225,0,3,26.51685180460875,27.297686796400072,0,5,0,0
4226,1,3,63.17632168976879,72.63521072106087,1,10,0,1
4227,0,3,44.32065657401342,37.65221213250149,0,6,0,0
4228,0,3,0.0,48.01422943806713,1,2,0,0
4229,0,2,37.46185630618685,36.60049127352185,0,7,1,0
4230,0,3,64.5423765663687,29.578517117930048,0,1,0,0
4231,0,3,35.26833162224929,29.9686901563753,0,8,1,1
4232,0,3,25.56107129196609,24.397503885489094,0,4,1,0
4233,1,3,52.46500440386179,58.293103946730014,0,3,0,1
4234,0,3,53.91184016562447,37.79531658467531,0,5,1,0
4235,0,3,83.12955607770834,46.76221986646146,1,7,1,0
4236,1,3,57.92888662838078,50.46795879073514,0,4,1,0
4237,0,3,57.181110333398536,50.34016631308742,1,9,1,1
4238,0,3,27.73965318326656,14.795790439422678,0,2,1,0
4239,0,2,64.31965936826737,51.03713861751062,1,5,1,1
4240,1,2,62.17614324986059,75.74622248912705,1,5,0,1
4241,0,3,41.94072961469812,25.7159603392951,0,6,1,0
4242,1,3,58.16013254191169,51.41468555073522,0,4,0,0
4243,0,3,55.04145492443246,38.06094809123621,1,4,1,0
4244,0,3,25.100330801631,22.06704851037092,1,5,0,1
4245,0,3,64.78239066760875,43.82635300570925,1,8,1,0
4246,1,3,59.12946910729409,58.101312696168634,0,2,1,1
4247,1,3,57.95554850464561,56.978091770499724,0,3,0,1
4248,0,3,38.00790673681077,32.716938475821145,0,5,0,1
4249,1,3,55.74278686992451,59.81939718601353,0,6,0,1
4250,1,2,69.10218952630127,65.08036242479294,1,1,0,1
4251,0,2,78.01862173520834,55.46980036142982,1,8,1,1
4252,1,3,42.75603998278716,59.36141402179663,0,4,1,0
4253,0,3,57.2419568825522,39.538231819279765,1,6,0,0
4254,0,3,100.0,44.83756811512427,0,4,0,1
4255,1,3,40.9614715700194,59.38500991055479,0,6,1,1
4256,0,3,53.18030309107872,34.39558037231791,0,4,1,0
4257,0,2,43.07079783545209,36.10007444659383,0,6,1,0
4258,0,3,43.103170038520005,49.8595478926162,0,12,1,1
4259,0,3,51.709358887383395,46.09716508239506,0,8,1,1
4260,1,3,62.71292063598718,68.66437774493507,1,5,1,1
4261,0,3,27.152063324554934,24.078737796557352,0,9,1,0
4262,0,3,47.167317797909995,40.22261585834698,0,9,1,1
4263,1,3,71.10550223583311,84.94939596211694,1,9,0,1
4264,0,3,20.539815538719733,5.315395397341392,0,3,0,0
4265,0,1,88.9735945354098,69.08988590567044,1,7,1,1
4266,0,3,44.64491279414952,32.26386717060798,0,8,1,1
4267,0,3,63.6185878048318,37.988672195339674,1,5,1,0
4268,1,3,44.31833726886037,52.72723216080409,0,3,0,0
4269,0,3,79.69496395544647,64.90107044889729,1,5,1,1
4270,0,3,62.09571351202137,46.455360633582806,0,7,1,0
4271,0,2,30.431292544597902,13.53900343871958,0,3,0,0
4272,0,3,58.18351679148192,51.274709646276214,0,9,1,1
4273,1,3,68.42752163668683,60.71095005672372,1,4,0,1
4274,1,3,54.86844386519614,51.77214327954098,0,1,0,1
4275,0,3,54.9617429416974,62.24950341398506,1,10,1,1
4276,1,3,22.853472471047084,43.08874882152553,0,3,0,0
4277,0,3,25.923908262382128,13.750874622981483,0,6,0,0
4278,1,3,78.18445688561883,71.74418867216968,0,4,1,1
4279,0,3,35.704945883901175,35.68452473261055,0,7,1,1
4280,0,3,47.17981102477795,50.05461097674008,0,9,1,0
4281,0,3,60.67920065401766,42.71485508416379,0,4,0,0
4282,0,2,61.76269535040411,40.56084552702019,1,6,1,1
4283,0,3,46.369894919729326,32.991816277838126,0,6,1,1
4284,0,2,59.48772392064499,47.01410585640042,1,7,1,1
4285,1,3,56.12214434152472,65.14874255481783,0,9,0,1
4286,0,3,56.01067922045478,49.8224059498255,0,9,0,1
4287,0,2,65.80401168584629,61.30724173354195,1,9,0,1
4288,1,3,48.992384944438044,44.39785038508985,1,4,0,1
4289,0,3,55.35443802103408,39.06371253750857,0,9,1,0
4290,1,3,65.50577943600327,60.34928486032858,1,1,0,1
4291,0,3,52.7114655078216,54.51875552502973,0,4,0,1
4292,0,3,25.673086174019296,19.651866147272766,1,3,1,0
4293,0,3,61.492181601816675,52.96718107147062,1,6,0,1
4294,0,3,39.0190320248639,30.740062766881977,0,7,1,0
4295,0,2,75.23675730271152,54.56787515707835,1,4,0,1
4296,0,3,35.869130459385026,15.930327327062988,0,3,1,0
4297,1,3,42.924787496565585,51.00458228027154,0,3,0,1
4298,1,3,26.48862549728386,34.07166536587894,0,6,1,0
4299,1,3,75.76090065112417,69.28889074849609,1,6,0,1
4300,0,3,31.935246853556748,24.94483520480343,1,5,0,0
4301,1,3,29.808564207642466,35.96703919511749,0,4,0,0
4302,0,2,50.757873918879696,30.649752149253544,0,5,1,0
4303,0,3,52.11547951134721,31.083489907213348,0,3,0,0
4304,1,3,37.71923017009004,31.136958404281255,0,3,0,0
4305,1,3,15.197186643468715,43.23458914076344,0,6,0,1
4306,0,3,77.07212543361338,42.28208269881571,1,2,1,0
4307,1,3,57.29754977538111,75.19086833156148,1,9,0,1
4308,0,3,41.38896985405355,29.747771469287862,0,7,1,0
4309,0,3,48.07327637210472,50.24304364860298,0,9,1,0
4310,1,3,14.11492621727588,45.8526180433224,0,2,0,0
4311,0,3,38.790761641687666,38.75043648037135,0,4,1,0
4312,1,3,52.16565262211243,50.227116590562154,0,6,0,1
4313,0,3,54.720793094978504,24.162481284236684,0,4,1,0
4314,0,3,35.45308061402809,29.755288242516784,0,5,1,0
4315,0,2,36.739651060868454,26.73813973042003,0,4,1,0
4316,0,3,31.91545139071126,23.285232049313215,0,3,1,0
4317,0,3,14.438118322296232,6.483080319214823,0,5,0,0
4318,0,3,51.39454448843629,42.56883161073346,0,5,1,0
4319,0,3,43.785793208798246,21.847573467713485,0,1,1,0
4320,0,3,54.33075920391878,38.769759791959146,0,4,1,0
4321,1,3,43.01677998972756,48.91302934054848,0,6,0,1
4322,1,3,31.26233967261319,48.07388774473308,0,4,1,0
4323,1,2,70.97862799709739,80.53618517043945,1,13,0,1
4324,0,3,62.67896111303056,42.63778388784491,1,6,1,1
4325,0,3,30.13378516877789,35.599488296115574,0,4,1,0
4326,0,3,64.19116574252078,48.937484979678274,1,7,1,1
4327,0,3,69.0878836793856,53.500875755156194,1,6,1,1
4328,1,3,64.4697600611831,67.73205183031396,1,4,1,1
4329,1,3,76.78482655318884,81.74953295075247,1,7,0,1
4330,1,3,40.25029270605205,52.934306744969305,0,3,0,1
4331,0,3,26.14789046936194,21.969706406788152,0,3,1,0
4332,0,1,65.04862302323797,50.908131157285965,1,4,1,1
4333,1,3,49.46503718173258,78.64377338406793,0,8,1,1
4334,0,3,69.20825110029416,49.605256255763614,1,4,0,1
4335,0,3,59.04758125358669,36.27106307660402,1,4,0,0
4336,0,3,52.021649082498534,48.472335485955334,1,8,1,0
4337,0,3,54.62640412965304,36.561455243661065,0,7,1,0
4338,1,3,35.80622253916836,36.553777115327726,0,5,0,1
4339,0,3,22.604725701148222,16.292818163151306,0,4,1,0
4340,0,3,36.16435395548719,44.10437149488441,0,5,1,1
4341,0,3,50.87749916879417,39.49793522231206,0,5,0,0
4342,1,2,51.36799435121391,55.56381866659375,0,1,0,1
4343,0,3,36.80608269216876,25.979538338035994,0,8,1,0
4344,0,3,56.91226764046949,40.4558254589932,0,8,1,0
4345,0,3,43.77007134501818,29.30248256813171,0,1,0,0
4346,0,3,46.48384730206928,38.397212090798114,0,8,1,0
4347,1,3,39.02475765739138,52.565766883313216,0,2,0,0
4348,0,3,44.950327215942146,21.308224707859285,0,4,0,0
4349,0,3,56.53311522763303,36.82318349780127,0,7,1,0
4350,0,3,39.06012242911435,17.947577409965124,0,3,1,0
4351,1,3,43.31445031175736,49.577772401672306,0,4,0,0
4352,0,3,54.83189095484252,46.88869428714217,1,4,1,1
4353,0,3,63.72285499680892,43.51922086637035,0,3,1,1
4354,0,2,51.22629394906775,45.377181873543016,0,4,1,1
4355,1,3,24.590373783310397,39.64478131595938,0,3,0,0
4356,0,3,30.066003364997282,17.389667642578793,0,3,1,0
4357,0,2,59.40071818151556,47.2198038922116,1,6,1,1
4358,0,3,61.445449084320124,45.41845043266842,1,2,0,0
4359,0,3,31.331910175060788,13.490125938429044,0,3,0,0
4360,0,3,62.95335270001135,29.706828019439946,1,2,1,0
4361,1,3,37.87685734498644,64.06477729556738,0,9,1,0
4362,0,2,64.19838010349835,55.744121458165466,1,7,0,1
4363,1,3,26.575761302446452,50.65317655051394,0,8,0,0
4364,0,3,63.486380250603254,37.26595002792722,1,2,1,0
4365,0,3,50.597800832729966,40.76796348246048,0,5,1,0
4366,0,2,49.90969104713618,43.71049470569858,0,8,1,1
4367,1,3,45.55650612779808,44.03447901486956,0,2,1,0
4368,1,3,72.56141090662236,64.04944990479636,1,5,0,1
4369,0,2,53.56098486841479,44.141193388335786,1,3,1,0
4370,0,3,22.228201461282268,14.74726140890274,0,5,0,0
4371,0,3,47.66320663881873,26.25737319437626,0,2,1,0
4372,0,3,65.09866752833062,13.917187791508661,0,4,1,0
4373,1,2,38.87084683177425,46.89654974915969,0,5,0,0
4374,1,3,56.73116689672894,62.48596282584291,0,5,1,1
4375,1,3,61.811524859209996,70.14027749018125,1,9,0,1
4376,0,3,53.836167956609756,35.89766564167286,0,6,1,1
4377,0,3,48.11204927129094,22.045304021688125,0,3,1,0
4378,0,3,57.429353648420495,33.88009272506372,1,4,1,1
4379,0,3,35.02791400974493,40.06756282302821,0,6,1,0
4380,0,2,70.67819258819173,49.3499019456984,1,3,1,0
4381,0,3,49.62342156486904,36.290311387577475,0,4,0,0
4382,0,3,81.85587206683941,60.4117279292827,1,8,0,1
4383,0,3,35.84873549653723,15.924619669615852,0,3,1,0
4384,0,3,47.86598921475875,24.662993619750935,0,2,1,0
4385,0,3,61.28045413692031,32.356485631870754,0,5,1,0
4386,1,3,68.65575508187301,75.5084233040842,1,7,1,1
4387,1,3,46.15562154884348,37.60181300994836,0,4,0,0
4388,0,3,12.80201022721254,0.9069607666486528,0,6,1,0
4389,0,2,50.86586022358017,29.92165656887767,0,4,1,0
4390,0,3,46.64862173031728,33.166897918885056,0,7,0,0
4391,1,3,67.84751001063172,60.707500850307134,1,1,0,1
4392,0,3,42.71788631659675,32.34458191258102,0,7,0,1
4393,0,3,46.2261684912932,29.365075692966858,0,5,0,1
4394,1,1,41.72968778909244,64.40234875949126,0,8,0,1
4395,0,3,59.33602191234372,43.91402480571766,0,6,0,0
4396,0,3,18.87340829689121,28.5204531932486,0,6,1,0
4397,0,2,54.86194756508057,40.44204903072531,0,4,1,1
4398,1,3,35.32906113904794,43.00897624605912,0,2,1,1
4399,0,3,72.29305641038904,55.08849111793857,1,5,1,1
4400,1,2,28.267236513792298,36.727929929113174,0,6,0,0
4401,0,3,0.0,51.97197624550532,1,5,1,0
4402,0,3,44.7140078923585,43.8836703191864,0,4,1,0
4403,0,3,41.60182243213535,28.66772733050633,0,3,1,0
4404,1,3,57.7995756530856,67.47440120650417,1,3,0,1
4405,0,3,52.1736271678353,35.007077353147636,0,4,0,0
4406,0,2,36.545456682579754,24.46379815405168,0,2,0,0
4407,0,3,66.90689138941781,41.86365914295384,0,6,1,1
4408,0,3,70.99324883406574,44.75061630573232,1,5,1,0
4409,0,3,63.2635286191477,55.49384452654238,1,7,0,1
4410,1,3,62.271040935579464,66.35816450333424,0,5,0,1
4411,1,3,73.47786588264296,76.21249048205904,1,7,0,1
4412,0,3,48.382339852897864,27.871201262492086,0,4,1,0
4413,0,3,57.24162723053916,43.663723666289464,0,5,1,0
4414,0,3,61.413497576833564,47.86577715356514,0,7,1,0
4415,1,2,64.45927778695743,74.31989962338443,1,4,0,1
4416,0,3,46.14401383202863,33.32158458247518,0,2,1,0
4417,0,3,60.9855373407056,45.504068363869585,1,4,1,0
4418,0,3,79.75488749138347,63.70482037698529,1,7,1,1
4419,0,3,40.73453596878698,42.521590417751675,0,8,0,0
4420,0,3,56.06798944996131,44.563711252532464,0,3,1,0
4421,0,3,29.163921926579228,21.868916621600103,0,5,0,0
4422,0,3,19.912819042088085,10.615578192752583,0,5,0,0
4423,0,3,32.256968215059246,24.15928520576027,0,2,1,0
4424,0,2,65.0665014625991,53.10474415197318,1,5,1,0
4425,0,3,44.52272692128252,23.492938397699128,0,5,1,0
4426,1,3,43.504468303393644,58.437390976221884,0,7,1,1
4427,1,3,61.124921149054686,62.8672031257816,1,1,0,1
4428,0,3,42.714605553631486,22.074327304073748,0,4,1,0
4429,1,3,52.072755841933116,66.7329291130971,0,7,0,1
4430,0,3,50.74972735946455,32.44925333807259,0,6,1,0
4431,1,3,28.095885960746827,29.279686181850145,0,3,1,0
4432,0,3,45.48022484710718,36.691917027600766,0,7,1,1
4433,0,2,81.3401155870475,66.4144692418159,1,7,0,1
4434,0,3,55.42070497755633,45.562756326551906,0,3,1,0
4435,0,3,73.15655166013859,58.477247207905954,1,8,1,1
4436,1,3,38.041742641000944,51.534453509624996,0,3,0,0
4437,0,3,33.68601383531894,26.273227595674218,0,3,1,0
4438,0,3,45.16044700991741,26.22189824248586,0,4,1,0
4439,1,3,28.167906925867957,35.16244381138256,0,3,0,0
4440,0,3,39.09803199284833,20.510879193716292,0,5,1,0
4441,0,3,47.43177372646052,22.676278653318377,0,5,1,0
4442,1,3,42.84200560521609,62.087241399555715,0,5,0,1
4443,0,3,54.387568974521024,32.588489222165926,1,3,0,0
4444,0,3,42.80501689135202,28.46014562053121,0,3,1,0
4445,1,3,19.100919317365094,28.563212613012148,0,6,0,0
4446,1,3,64.04327445749192,35.572802907311385,0,4,0,0
4447,0,2,61.99993828959238,41.246663429035614,1,5,1,1
4448,0,3,65.38648501026677,33.93972481797955,1,3,1,0
4449,0,3,31.09212261767863,13.56986083246136,0,3,1,0
4450,0,3,47.79452882939261,34.5486026186413,0,3,1,0
4451,0,2,68.82389903600885,40.11826243489892,1,5,1,1
4452,0,3,69.26597481541884,36.28661032955615,1,2,1,1
4453,0,3,43.18812156276803,34.516392523916075,0,2,1,1
4454,0,3,50.72954479378908,25.363052752711774,0,2,1,1
4455,0,3,54.03048082903698,37.53082246982389,0,7,1,0
4456,0,2,69.53664546645109,49.532377248290516,1,5,1,1
4457,0,3,32.966912423170946,22.990328541411422,0,5,0,0
4458,0,3,47.22459207329706,31.203962896905516,0,4,1,0
4459,0,3,71.3449662134539,42.79934643619503,1,3,0,0
4460,0,3,38.41292789502041,21.097478227323748,0,7,1,0
4461,0,2,56.010615222960304,53.61269337550369,1,6,1,1
4462,0,3,20.91191582957233,30.831801759201188,0,7,1,0
4463,0,3,70.1836416475827,43.00334639050691,1,5,1,0
4464,1,3,72.03059823756614,83.03731606479293,1,8,0,1
4465,0,3,55.59370572363957,58.99829643567204,0,7,1,0
4466,0,3,42.35265674150027,28.473300056492164,0,4,1,0
4467,1,2,48.125072055268326,56.1781998786062,0,7,1,1
4468,1,3,56.61033940014757,51.39914434714543,0,3,0,1
4469,0,2,59.3458473432896,45.97475287945081,1,9,1,1
4470,1,3,41.703854786345225,47.34336233988473,0,1,0,1
4471,0,3,32.9611521286827,7.344114735878653,0,2,1,0
4472,0,3,65.8731510541089,46.241510586403535,1,1,1,0
4473,1,3,28.311052196638975,42.021087657284504,0,8,1,1
4474,0,2,34.28020718132536,15.959092701955926,0,2,1,0
4475,1,3,39.6791348804615,56.6631642413582,0,7,0,0
4476,0,3,26.557545074044842,9.41108044084762,0,2,1,0
4477,0,3,45.74896863240876,27.650536524335294,0,6,1,0
4478,0,3,41.443732680633616,22.85260551042428,0,3,1,0
4479,1,2,46.35020764091547,55.996369193842064,0,4,0,1
4480,0,3,90.58173721416941,61.83041372808751,1,6,1,1
4481,1,3,62.73590722277503,49.99255987529499,0,5,1,0
4482,1,3,54.20967917843704,80.99420942192653,0,14,0,0
4483,0,3,68.51803744905324,50.19465677625135,1,9,1,1
4484,0,3,65.36786368146085,31.257876297091425,0,3,1,0
4485,0,3,17.4348083626836,19.008790911140647,0,6,1,0
4486,0,3,11.988119138074401,2.5766571679378556,0,2,1,0
4487,1,3,15.267351203768808,30.02850759605417,0,6,1,0
4488,0,2,52.724491222859825,30.20448824693016,0,4,1,0
4489,1,3,66.51711083131087,77.96404333243665,1,6,0,1
4490,1,3,54.16278678151791,49.13093706104387,0,2,1,1
4491,0,2,43.98720247394411,27.986080781661506,0,6,1,0
4492,1,3,72.90441977219366,67.23465168620376,1,2,0,1
4493,0,3,37.62453195942375,17.23197429948737,0,4,1,0
4494,0,2,46.63307892360748,38.17590938045079,0,8,1,1
4495,1,3,30.660901469470147,53.78586255570023,0,3,0,0
4496,1,3,44.42849634621228,43.49947573021465,0,2,0,0
4497,0,3,35.40806016549992,19.125527683612734,0,3,1,0
4498,1,3,36.21883348821438,39.4611392147986,0,5,0,0
4499,0,2,27.556263677998857,8.693616221000354,0,3,1,0
4500,0,2,69.77735246868653,63.084141833344155,1,10,1,1
4501,0,3,53.28650272220225,26.43172369705271,0,2,1,0
4502,1,3,63.39247454489759,57.65492675819194,1,3,0,1
4503,0,3,35.92506016892602,22.519600290548883,0,5,1,0
4504,1,3,33.28017613571372,35.723704310622495,0,4,1,1
4505,1,3,46.191587200417636,59.31313520382176,0,6,0,1
4506,0,3,38.48248819840938,32.630972555499014,0,6,1,0
4507,1,2,70.9046586559926,71.93952599416552,1,6,0,1
4508,0,3,53.904991256992446,43.05857338619208,0,5,1,0
4509,0,2,43.74067771020038,19.074924514951,0,5,0,0
4510,0,3,36.12375689439931,31.64406434426152,0,5,1,0
4511,0,3,58.883139179784685,49.83149539441523,0,5,1,0
4512,0,3,57.19636023982125,45.02777088029524,0,7,1,0
4513,1,3,16.849426548473875,33.154727655136256,0,6,0,1
4514,0,3,36.005803619594936,36.468446259843034,0,7,1,0
4515,1,3,40.55649680337601,42.50529295916098,1,5,0,0
4516,1,2,64.86856198614338,69.1671304635404,1,5,1,1
4517,1,3,44.15883660130426,40.02621182336024,0,5,0,0
4518,0,3,25.957462204651485,18.42818885654147,0,6,1,0
4519,0,3,56.870943720729706,29.260505186699632,0,3,0,0
4520,0,2,42.843012873369226,28.1321447058292,0,4,1,0
4521,0,3,70.21754360952897,54.37139942477124,1,6,1,1
4522,0,3,32.71257415573221,28.459703001390274,0,4,1,0
4523,0,3,67.13950568907855,41.22239430361897,1,7,0,1
4524,1,2,65.44522246638013,60.433158408043546,1,2,1,0
4525,0,3,8.491182762717305,14.199352414411424,0,4,1,0
4526,0,3,45.32743265349288,31.373160868726345,0,8,0,0
4527,0,2,41.439197176846235,31.246829064597645,0,9,0,1
4528,0,3,42.565774134150274,31.965092072629414,0,5,1,0
4529,0,3,33.090543156353945,31.39495444535411,0,6,1,0
4530,1,2,0.0,40.37010924626218,0,3,0,0
4531,1,3,37.97337821328977,42.34172212013445,0,5,0,0
4532,1,3,68.26901906185245,64.6901916602592,1,6,0,1
4533,0,3,57.68624189017917,29.77845548511739,1,2,1,0
4534,0,3,30.85431995951363,32.1593366280948,0,7,0,0
4535,1,3,34.38702144926016,43.595461572567594,1,5,0,0
4536,0,3,44.70861798735305,19.346968819385168,0,3,1,0
4537,0,3,71.18515194542435,53.730256736004776,1,5,1,0
4538,1,3,12.934439122481688,46.90734128240268,0,6,0,0
4539,0,3,69.39019085831177,56.21958095288204,1,5,1,1
4540,1,3,25.070320614410956,28.9656419045267,0,3,0,0
4541,0,3,59.0498491127236,52.87507886095024,1,7,1,1
4542,1,3,42.028314836615515,50.56918267506856,0,6,1,0
4543,0,3,65.073322456208,40.95192678798395,0,4,1,0
4544,0,3,54.24628223967943,32.56385854241094,0,3,1,0
4545,1,3,59.41771008247531,68.82119664471428,1,9,0,1
4546,1,3,66.16927383239675,63.55184989066228,1,7,0,1
4547,0,3,50.464664933850784,25.020712575313944,0,4,0,0
4548,0,3,52.02401707930449,34.96599124174414,0,4,0,0
4549,0,3,49.00274820317961,35.862509809544676,0,6,0,0
4550,0,3,49.238254925022666,26.749068394375364,0,2,0,0
4551,1,3,31.01007150292706,38.14761733699701,0,5,0,0
4552,0,3,48.82382589959769,35.9206351899373,0,4,1,0
4553,1,3,36.45401979335419,52.37149758637588,0,6,0,1
4554,0,3,31.307797204565418,20.395630444347436,0,2,1,0
4555,1,3,30.266838965711933,48.30016358953707,0,9,1,0
4556,0,3,56.22876337498374,33.2779145843257,0,5,0,0
4557,1,3,31.26789541185593,39.302247880994194,0,5,0,0
4558,1,3,42.413028152220434,48.99606966003339,0,2,1,0
4559,0,3,89.4331493510717,63.2810036373217,1,8,0,1
4560,0,3,38.145750283227486,27.197492873467006,0,5,1,0
4561,1,2,25.74952680051754,37.293287377807204,0,3,1,0
4562,1,2,49.56920175180421,54.166596393457155,0,5,0,1
4563,0,3,60.67015919505861,40.35161364594689,0,7,1,0
4564,0,3,58.6052964409511,45.93677155276811,1,6,1,0
4565,0,3,57.184772545496614,33.9982277371483,0,4,1,1
4566,0,3,58.20699832564237,32.484847071012226,0,6,1,0
4567,0,3,51.97536633962145,37.611074755369536,0,3,1,0
4568,0,3,44.14422495348966,19.757435934109086,0,2,1,0
4569,1,2,46.07029085721966,48.9907670785998,0,5,0,1
4570,1,3,20.49816872417999,42.40156761693547,0,5,1,0
4571,0,3,49.25916457995552,37.36765524125484,0,9,0,1
4572,1,3,61.71845681382777,62.909104490225964,1,6,0,1
4573,0,3,25.360575787438414,24.039330201091147,0,3,0,0
4574,0,3,68.60384142689351,40.04495071059234,1,2,1,1
4575,0,3,90.44670634328041,46.93932826584927,0,7,1,1
4576,0,3,56.52009234364123,48.528985785762345,0,4,1,0
4577,0,3,42.98028005344655,46.367455759172174,0,9,0,0
4578,0,3,76.02294394391849,45.93049420060698,1,6,1,0
4579,0,2,27.112920702708397,11.751620766746672,0,4,1,0
4580,1,3,37.47084353968623,51.54481068216272,0,4,0,1
4581,0,3,59.663807248536926,39.70988382463959,1,2,1,1
4582,0,3,40.4055957683761,21.71856423855693,0,4,1,0
4583,0,3,38.0932555025265,29.54532484073583,0,4,0,0
4584,0,3,52.42241520849377,29.982689821130442,0,2,1,0
4585,0,2,58.72365166869303,39.28706731145732,1,5,0,0
4586,0,3,39.42974445709741,37.288505324323005,0,6,1,0
4587,1,3,46.75378595151621,61.49860453663295,1,4,1,0
4588,0,3,34.66484450503251,20.45439426110275,0,5,1,0
4589,0,2,18.715163726513243,23.771824694536072,0,8,1,0
4590,1,3,25.375348731194038,29.051115353916416,0,5,1,0
4591,0,3,52.0591601633577,28.162254398867283,0,3,1,0
4592,1,2,54.0820620179738,50.181595756526036,1,4,0,0
4593,0,3,56.03906675332667,57.62938156325255,0,12,0,1
4594,1,3,44.1350599712458,60.001242119320956,0,6,0,1
4595,0,3,53.284645149936054,39.97107855014665,0,6,1,1
4596,0,3,88.21843895204074,74.13937335278314,1,5,1,1
4597,1,3,57.87187344449642,78.53506258546923,1,7,1,0
4598,1,3,60.76745224142918,60.81060105543954,1,3,1,1
4599,0,2,43.181448923589116,27.222572448980788,0,7,1,1
4600,1,3,41.55038252575307,48.24388791067943,0,4,0,1
4601,0,3,35.67334487153102,15.746011314307507,0,2,1,0
4602,0,3,54.34128329364021,36.93863430358385,0,6,0,0
4603,1,3,55.19522876607277,62.02589032554891,1,4,0,1
4604,0,3,34.70331810148794,15.562613088485175,0,2,1,0
4605,1,3,41.73912366539487,53.91803243310751,0,7,0,1
4606,0,2,87.57743529601034,61.341529001238534,1,5,0,1
4607,1,3,44.656363226333866,48.82466407521425,0,5,0,0
4608,1,2,28.69863754246725,28.69905282096558,0,2,0,0
4609,0,3,32.37106578625695,15.668638857775928,0,3,0,0
4610,1,2,56.304477535312785,65.16033440628235,1,7,1,0
4611,0,3,73.22002825041251,48.413839860490036,1,8,1,1
4612,0,2,55.1802948620973,29.02307896338995,0,4,1,0
4613,0,3,46.8141507579647,25.121043087428998,0,4,1,0
4614,1,3,50.14611533586938,49.30086368257958,0,5,0,1
4615,0,3,50.33929176737791,41.51372913871573,0,6,0,1
4616,0,2,68.94671421406761,42.510083775771676,1,5,1,1
4617,1,2,46.86236750470824,65.26400722373259,0,4,0,1
4618,0,2,53.34234836671984,34.356502630946274,1,6,1,0
4619,0,2,35.82724270237799,26.682133133449767,0,2,1,0
4620,0,3,51.61145744494073,32.29250272171198,1,4,1,0
4621,0,3,30.801176871320486,19.479112790171808,0,7,1,0
4622,0,3,57.109532512968016,48.126073893353144,1,7,0,1
4623,0,3,57.057172639952114,26.297641103357,1,2,0,0
4624,0,3,38.38457432342217,33.45427133446151,0,6,1,0
4625,0,3,86.07406029048394,54.74681400957342,1,5,0,1
4626,0,2,60.69693111150153,43.39030059678277,1,2,1,1
4627,0,2,51.975585924133156,30.74446038268838,0,6,1,0
4628,0,3,31.678014926220854,26.56176709975555,0,6,0,0
4629,0,3,23.341529630624176,18.300261222873154,0,7,1,0
4630,1,3,38.17293261314013,44.694665848521936,0,5,0,0
4631,0,3,52.291412281324206,27.450328018240576,0,2,0,0
4632,0,3,32.955621667624676,21.58656416163962,0,3,1,0
4633,0,3,56.50635002973672,49.239597431070074,0,8,1,0
4634,1,3,58.620892521469145,54.7805324249543,1,5,0,1
4635,0,2,36.90360399531476,21.15224139288165,0,4,1,0
4636,1,3,48.06948760272966,55.733274705078465,0,3,0,1
4637,1,3,66.05288638343761,69.70532330868875,0,7,0,1
4638,0,3,87.3187333997902,37.90380778146029,0,3,1,1
4639,1,3,58.02610758277773,68.53641480016994,0,6,0,1
4640,0,3,50.41558565757716,40.762152147236804,0,7,1,0
4641,0,3,16.597536337925852,15.761174488314683,0,7,1,0
4642,0,2,72.83792284551242,42.11939859989284,1,3,1,1
4643,1,3,36.72712175800809,66.77811893155896,0,10,0,1
4644,1,3,52.267462159395535,52.349942573323986,0,6,1,0
4645,1,3,69.26220539772888,76.4233859804565,1,12,0,1
4646,0,3,38.357159196205224,30.22818888795644,0,10,1,0
4647,0,3,43.03654744767635,32.43780185274438,0,5,0,1
4648,0,3,36.85365914025256,28.925331151223773,0,7,1,1
4649,0,3,42.93781822669177,30.916232325287062,0,5,0,0
4650,0,3,65.40362207638958,42.87139012457455,1,4,1,1
4651,0,3,52.9339633696832,31.17126454114641,0,4,1,0
4652,0,3,48.1122996387759,50.739735800348434,0,9,1,0
4653,0,3,45.25447415122877,37.392287238737815,0,7,0,0
4654,0,3,77.54075624862692,32.2282276385994,1,5,1,0
4655,1,3,82.13202702117664,74.53023528534179,1,3,1,1
4656,0,3,51.89171270771467,43.62392766445894,0,6,1,0
4657,1,2,64.59195987449861,70.89885312593212,1,9,1,1
4658,0,3,21.34922559768399,30.2604544440936,0,3,0,0
4659,1,2,39.21803648613799,41.744273723232745,0,3,0,0
4660,1,3,47.404390808185845,69.18197104804548,0,11,0,1
4661,1,3,55.42773535086834,63.27462667622508,0,7,0,1
4662,0,2,73.94104451877762,51.66683902099751,1,3,1,1
4663,0,3,43.89837180715971,18.63298672330133,0,2,1,0
4664,0,3,60.88298312581484,48.92828201751678,0,7,0,0
4665,0,3,45.77523519890994,23.917078222527742,0,4,1,0
4666,1,3,41.74154113498057,58.08919303132345,0,7,0,0
4667,1,3,35.66935450203642,61.6254817015094,0,10,0,1
4668,0,3,15.814662551157113,0.04262754103779409,0,3,1,0
4669,0,2,52.036235018171396,26.988647566850254,1,3,1,0
4670,1,3,50.48407579725629,57.11274465707491,0,5,0,0
4671,1,3,0.0,42.163653800242656,0,5,0,0
4672,0,3,52.328362684095566,43.44951782746869,0,4,1,1
4673,0,3,52.23777631133316,39.34581729818863,0,3,1,0
4674,0,3,23.244695708906495,19.00116856524484,0,1,0,0
4675,0,3,53.9042231856552,37.24130150320337,0,2,0,0
4676,1,2,44.1437425178712,44.946079451124184,0,4,0,0
4677,1,3,64.79040372231633,61.21723652686222,1,6,1,1
4678,1,3,23.22140262407223,39.98960606476179,0,3,0,0
4679,0,3,68.31562744967329,30.88028925529238,0,3,0,0
4680,1,3,44.02392186165303,45.239056070520064,0,4,0,1
4681,1,3,45.882256836418094,60.79770959252873,0,6,0,1
4682,1,2,51.016775296462896,56.43908534695391,0,3,0,1
4683,0,3,65.69812969983745,41.12060284007439,0,6,1,1
4684,0,2,84.16604299002256,40.78463044234869,1,4,0,1
4685,0,3,55.07955701828653,39.36692263063774,0,4,1,0
4686,0,3,55.00116740436661,44.88540895833053,1,5,1,1
4687,1,3,64.57209477234619,47.523227499074125,0,2,0,1
4688,1,3,52.649297535169424,42.81675361442198,0,2,0,0
4689,0,3,64.42168418621019,55.17272538702765,1,6,1,1
4690,0,2,60.28649657120001,46.80032270495139,1,6,1,1
4691,0,3,74.75035574528769,42.0227794778244,1,2,0,1
4692,0,3,70.2477004726647,46.730659741651124,1,5,1,1
4693,1,3,64.66575120660143,73.14789637793467,1,4,0,0
4694,0,3,51.270458252406584,36.479953821325296,0,7,0,0
4695,0,3,93.10993480954437,25.996163414245196,0,2,1,0
4696,0,3,37.58183170670833,19.700387971372383,0,3,1,1
4697,1,3,53.298242234351925,59.24861891942535,0,7,0,1
4698,0,2,63.65967546088856,39.982203923371166,1,3,1,1
4699,0,3,77.82204603863441,54.591740454092516,1,7,0,1
4700,1,2,100.0,76.12983911232888,1,9,0,1
4701,0,3,57.912164626169954,45.010019778683336,1,4,0,0
4702,0,3,50.30083527174725,34.22958478813699,0,6,1,0
4703,1,3,47.43940204291786,61.50932415922652,0,6,1,1
4704,0,2,26.42597195053099,21.962015534978814,0,4,1,0
4705,1,3,40.24087186342807,56.59942131044566,0,6,0,0
4706,0,3,39.27160262862672,28.624949355622473,0,5,1,0
4707,0,3,69.78647904111142,34.86074464040668,1,3,1,1
4708,0,3,61.53855158622309,53.1630137781319,1,6,1,0
4709,1,3,78.36948291304505,73.39280418225762,1,6,0,1
4710,0,3,13.664940647149807,9.996174420380289,0,1,1,0
4711,0,3,63.40460435003723,53.203012965705646,1,5,1,0
4712,0,2,63.2083691397587,41.96340106800084,1,2,1,0
4713,0,3,67.08816421578614,35.6066241762036,1,4,1,0
4714,0,3,54.39872204124897,44.74159004055951,0,5,1,0
4715,0,3,66.63456558670072,53.63408512629644,1,3,0,0
4716,0,3,100.0,26.507943492083186,0,3,0,1
4717,0,3,100.0,34.67173741780118,1,1,1,0
4718,0,3,19.086092335038835,19.263385805335233,0,10,0,0
4719,0,3,58.011682213045965,50.80179843861626,0,5,1,1
4720,0,3,58.37762903499698,43.31258670477835,0,4,1,0
4721,0,2,44.3084261531607,39.01230733598129,0,5,1,0
4722,0,2,52.259872754681865,25.996537233141783,0,2,0,0
4723,1,2,52.74962200184436,40.74711948823892,1,1,0,0
4724,1,3,73.77022799271671,65.5782992672811,1,0,0,1
4725,0,3,31.748307711008525,27.43533196409586,0,4,1,0
4726,1,2,53.19279858218019,50.3290508645373,0,4,1,0
4727,1,2,51.7797098901222,53.566069200435344,0,8,1,1
4728,0,3,100.0,23.983864414847204,0,2,1,0
4729,0,2,41.71759120432359,25.04428931975716,0,6,1,0
4730,0,3,51.4579254093176,24.02782046872316,0,3,1,0
4731,0,3,48.86129133722009,42.11561218554241,0,6,1,0
4732,0,3,56.703971385845236,40.071197343042115,0,6,1,0
4733,1,3,59.99071277613275,55.77333526901948,1,4,0,0
4734,0,3,56.45189400346389,50.63375948538906,0,7,1,1
4735,1,3,100.0,46.55412644039175,0,4,0,1
4736,1,3,71.2717135246309,60.95861096001074,0,5,0,1
4737,0,3,44.27647813431523,35.54841254173434,0,3,1,0
4738,0,3,62.27627097487023,35.18776776873862,0,3,0,1
4739,0,3,48.53778679576651,42.963419372602075,0,5,1,0
4740,0,3,32.253067836013734,19.1920807918802,0,5,0,0
4741,0,3,23.11934038936267,20.50236661281752,0,6,1,0
4742,0,3,40.36658985004643,22.880657868015774,0,7,1,0
4743,0,3,46.36650386846114,23.041906013376295,0,4,0,0
4744,1,2,78.44353055628879,63.39812080466946,1,1,1,1
4745,0,3,24.852662933820007,32.419877451524634,0,4,0,0
4746,0,2,61.11820978991629,38.76158957786162,1,7,1,1
4747,0,3,54.733037873360665,31.983338641989477,0,4,1,0
4748,0,3,49.53634563799271,32.21880049687818,0,6,1,0
4749,1,3,65.17293152360774,59.45558087538783,0,5,0,1
4750,1,3,49.8602391890615,47.804514109670045,0,6,0,0
4751,0,3,46.813079792586,35.43492512863627,0,5,1,0
4752,0,3,64.86968307506058,48.50577127223518,1,6,1,1
4753,0,3,87.75879989708112,60.51753127178061,1,3,1,1
4754,0,3,28.786107063995875,5.303193769976453,0,1,1,0
4755,0,3,45.067288244013824,37.33466543388895,0,5,1,0
4756,0,3,45.54961077535168,37.09196239580538,0,6,1,0
4757,0,3,70.44459117197088,64.99528836714921,1,7,1,1
4758,0,2,46.105545889740426,20.273183441245347,0,2,0,0
4759,0,2,39.47473337939232,33.16363005575342,0,9,1,1
4760,0,3,45.358904761757046,25.27680786892333,0,4,1,0
4761,0,2,48.81105132211679,36.26572838888827,0,4,1,0
4762,0,2,68.60794121452601,50.48895052799534,1,4,0,1
4763,0,3,55.79817635833657,48.747454286869086,1,11,1,0
4764,0,3,46.88257290148927,44.047402351047005,0,8,0,0
4765,0,3,43.132132409439365,22.235358333532655,0,5,1,1
4766,0,3,0.0,39.49662460788707,0,9,0,0
4767,1,2,84.27885923425252,61.959534911016675,0,7,1,1
4768,0,3,54.56516954773037,39.39878156110253,0,5,1,0
4769,0,3,60.31312861733988,39.585864203441176,0,7,0,0
4770,0,3,0.0,44.902772610316845,0,4,0,1
4771,0,2,59.17364625987493,36.16832675621749,1,7,1,1
4772,0,2,53.10654627932048,26.687178550476656,1,2,1,0
4773,0,3,49.21633417553804,20.192511600875747,0,3,1,0
4774,0,3,38.092126552781444,31.584860992327325,0,4,1,0
4775,0,2,76.05321181378946,48.097728797176885,1,9,1,1
4776,0,3,38.38217081759645,30.136440406274787,0,4,1,0
4777,0,3,38.199734912082505,31.77967013248345,0,5,1,0
4778,0,3,62.56992757793953,62.401544693675596,0,8,1,1
4779,0,3,35.960427399062105,32.326324983590226,0,9,0,1
4780,1,3,45.23759640977585,56.622320386677266,0,2,0,0
4781,0,3,62.86345167562359,29.967258087485824,1,2,0,1
4782,0,3,35.419764947588725,28.948509212646982,0,4,0,0
4783,1,3,48.18891388707269,49.85881514238541,0,4,1,0
4784,0,2,39.51061040179372,32.130731160218716,0,5,1,0
4785,0,2,40.069410811792864,29.53446654465304,0,4,0,0
4786,0,3,71.71912238676917,37.93875430893771,1,3,1,1
4787,0,3,45.68544380311127,36.702133591986396,0,4,1,1
4788,0,3,65.76201234228843,60.032373371832605,1,9,0,1
4789,0,3,37.59323098241738,33.222184538641244,0,5,1,0
4790,0,3,38.413125506896975,29.150743029265065,0,5,1,0
4791,1,2,52.45225110951734,58.78178711920331,0,3,0,1
4792,0,2,11.897337145992172,11.805615334009902,0,1,0,0
4793,0,3,85.13498217495076,54.67617631159031,1,2,1,1
4794,0,3,45.35036030695536,38.16811550717323,0,5,1,0
4795,1,3,44.06641771602445,42.99894991708973,0,4,0,1
4796,1,3,36.86772106624762,43.78769980031539,0,7,0,1
4797,0,3,73.5467966762616,40.864479928199806,1,3,0,1
4798,0,3,40.02552121254302,16.63931076980159,0,4,1,0
4799,0,3,21.281516824084946,29.417280135898043,0,3,1,0
4800,0,3,66.2959667070996,47.66411154997275,1,9,0,1
4801,0,3,84.76877150702128,47.124138485558895,1,7,1,1
4802,0,3,25.03497651433006,0.0,0,3,0,0
4803,0,3,15.784356028098577,8.282172680246937,0,6,0,0
4804,0,3,62.251299067066256,56.8723429396957,1,8,1,1
4805,0,3,54.038728183402554,34.68996644688088,0,6,0,0
4806,0,3,56.82995076786914,29.72640818944511,0,3,1,0
4807,0,3,0.0,27.83616548402326,0,5,0,0
4808,0,3,34.52305755203456,20.5352748846904,0,6,1,0
4809,0,3,32.50549804981344,18.525070463940335,0,5,1,0
4810,1,2,29.38025849855246,36.080164071754204,0,5,1,1
4811,0,2,24.966145507193655,16.20558400616745,0,2,1,0
4812,1,2,63.76981774564719,70.79977691120615,1,6,1,1
4813,0,3,41.834474295282604,23.57436884629166,0,2,1,0
4814,1,3,40.2539538615302,55.98583886981343,0,6,1,1
4815,0,3,100.0,69.93225497232383,1,9,1,1
4816,0,3,32.86153352865938,19.218250548114334,0,6,1,0
4817,0,3,55.268129425412916,30.259103328536444,0,4,1,0
4818,0,3,65.25348701380977,40.61171863495321,1,3,1,0
4819,0,3,69.87464807453695,52.37810540061845,1,6,1,1
4820,0,3,32.26188731338809,25.20616582348148,0,1,1,0
4821,0,3,64.02271563226242,44.61913471414863,1,4,0,0
4822,0,3,71.07381428427992,46.01995521430861,1,6,0,1
4823,0,3,28.656707378981995,23.836961490992564,0,9,1,0
4824,0,3,34.56827111893928,24.319316620066363,0,2,0,0
4825,0,3,89.43426274142291,54.24146169682565,1,7,1,1
4826,0,3,54.410990047898174,38.304484650209815,0,3,1,0
4827,1,3,29.27963541807792,35.57939049835194,0,4,0,0
4828,0,3,37.61516087097208,25.302927543031203,0,1,1,0
4829,1,3,35.52147665265356,47.99494170157057,0,4,0,0
4830,1,3,48.1704584184749,51.46372828126112,0,5,0,1
4831,1,3,30.969051229518474,47.63453725304094,0,4,0,0
4832,0,3,45.041494911936326,26.701013031698366,0,4,1,1
4833,1,2,51.23940698853767,48.3643356289657,0,4,0,1
4834,0,3,24.241371132521067,0.0,0,1,1,0
4835,0,3,44.482417474884606,50.0566085875426,0,10,0,1
4836,0,3,62.082127062929324,34.372235153170124,0,2,1,0
4837,0,3,52.733074013936864,37.06472585360036,0,4,1,0
4838,0,2,33.197216836169005,28.62211538091806,0,4,1,0
4839,0,3,71.1677667654601,42.63226852398008,1,5,1,1
4840,0,3,66.60804475232666,53.10972678881207,1,5,1,1
4841,0,3,51.47122426873239,49.9172719878854,0,9,1,1
4842,0,3,37.70133739863617,24.145940522075453,0,4,1,0
4843,0,3,44.80361723503415,27.044772604624573,0,4,1,0
4844,0,3,25.490615224994308,17.90334735936688,0,2,1,0
4845,0,3,0.0,2.152125470242896,0,3,1,0
4846,0,3,62.06293216228091,50.14461595783614,0,6,1,0
4847,0,3,52.30432380425581,38.35251001417691,0,3,1,0
4848,1,3,58.82914143213068,51.819281311263694,1,1,1,1
4849,1,2,52.06182678958009,54.5463009165466,1,3,0,1
4850,1,2,54.66926160671142,51.02181355547995,0,3,0,1
4851,0,2,76.65284306607224,53.22465362893009,1,3,1,1
4852,0,2,74.9428329368772,49.2238577229789,1,1,1,1
4853,0,2,63.64570375457937,55.54720624547322,1,6,0,1
4854,0,3,38.30960705719851,21.159022545366593,0,4,1,0
4855,0,3,60.171412302093344,33.956173497283245,0,3,1,0
4856,0,3,58.103704506252754,45.81216341130088,0,5,1,0
4857,0,2,66.6211211879035,53.053325367102524,1,3,0,1
4858,0,3,34.078742002507894,14.893426908561864,0,3,1,0
4859,1,2,41.79173221655785,64.53571544983643,0,9,0,1
4860,0,3,5.4367093063588925,45.2171780994487,1,8,1,0
4861,0,3,67.17022410305076,36.069268817353915,1,2,1,0
4862,1,3,55.72647086100378,50.306492121194836,0,2,0,0
4863,0,2,30.53674552262842,23.09212727334901,0,1,1,0
4864,0,3,48.319738245642505,45.70105792396679,0,5,0,1
4865,0,3,38.45278503820147,35.86869737317281,0,7,1,0
4866,0,2,35.41940871294096,37.876438918819254,0,5,1,0
4867,0,3,26.8660467509273,16.618979659912377,0,4,0,0
4868,0,3,73.73374310235201,44.401205753193175,1,7,0,1
4869,0,3,42.67277796957853,39.965268407204064,0,4,1,0
4870,0,3,33.57091494490042,14.104878863463643,0,6,0,0
4871,1,2,32.82245778975505,50.20196014765081,0,9,1,1
4872,0,3,50.46375935921418,42.87372292923303,0,5,1,0
4873,0,3,7.24512183932075,12.12900381732548,1,4,1,0
4874,0,3,56.78335508756517,34.10170973627027,1,5,1,0
4875,0,3,66.64153444471268,46.453067436589244,0,3,1,1
4876,0,2,34.93912422426614,32.986214619706466,0,6,1,0
4877,1,3,49.81739370319034,55.30005238186314,0,8,0,1
4878,0,3,46.54978306804913,26.486408447558816,0,3,1,0
4879,0,3,67.63820129282391,46.76929276167388,1,6,1,1
4880,1,3,49.41477502257939,50.364715740040985,0,6,0,1
4881,0,3,30.448979946383748,30.045579344752333,0,5,1,0
4882,0,2,58.39303741826415,41.95943225721508,1,2,0,1
4883,0,3,88.24346227849776,62.15430103645068,1,7,1,1
4884,1,3,12.462649248879568,20.039805795277754,0,3,0,0
4885,0,3,58.01414662956739,46.530874725337554,0,5,0,0
4886,0,3,62.35769011566702,37.484561122908076,0,6,0,0
4887,0,3,67.73112671977596,41.321091905925456,1,6,0,1
4888,0,2,59.30548891913894,48.918257033170235,1,6,1,1
4889,0,3,38.560488225335355,27.274550299677657,0,5,1,0
4890,1,3,51.220837189648925,61.06973357966615,0,5,0,1
4891,0,3,0.0,41.54332145333154,0,5,1,0
4892,0,3,44.05015576809726,42.55698869908464,0,5,1,0
4893,1,3,72.34392185978916,66.78001770556249,1,6,1,1
4894,0,3,42.663510084762734,54.580929727785936,0,10,1,0
4895,1,2,34.7040487946556,34.237680945531444,0,4,0,0
4896,1,2,57.37426211024437,52.99433368034998,0,2,0,0
4897,0,3,47.248412723121426,40.80634844501886,0,5,1,0
4898,0,3,60.718400680884216,42.80695870031559,1,7,1,1
4899,0,3,82.19500652510567,37.31259647466144,1,0,1,1
4900,0,3,58.22156029124731,42.20428070032957,0,1,1,0
4901,0,3,69.7548300396215,54.17865605657608,1,5,1,0
4902,0,3,48.20305691469738,38.60325171164815,0,6,1,0
4903,0,3,58.242372194918005,42.607264231114875,0,8,0,0
4904,0,2,76.52344958187027,44.314667062831745,1,4,1,1
4905,0,2,57.16688651875824,31.59743972260732,1,6,0,0
4906,1,3,59.29510158150073,69.84828656947643,1,8,0,1
4907,0,3,35.204754984372286,37.77838951601275,0,6,1,0
4908,0,1,43.0175113506507,32.53830244499976,0,3,1,0
4909,0,3,64.30758903587237,35.41725181257017,1,4,1,0
4910,1,2,26.926060317393873,31.388365209735227,0,4,0,0
4911,1,3,30.32078853691108,47.19926518420627,0,10,1,0
4912,1,3,88.72629714674189,75.73438871757514,1,3,0,1
4913,0,3,48.74946132620138,34.41139192536339,0,5,0,0
4914,0,3,33.24195281081128,32.111399141818865,0,6,0,0
4915,0,3,66.78570554770347,52.057062920079034,1,10,1,1
4916,0,3,61.768077800287024,54.09248428136418,1,5,1,0
4917,1,3,44.84259744634507,44.59784207721814,0,4,0,0
4918,0,3,43.24403830564701,35.51229643105841,0,5,0,0
4919,0,3,40.61318204121153,23.723877870827213,0,4,0,1
4920,0,2,45.4434976007779,36.4625007931687,0,6,1,1
4921,1,3,45.40117146297825,49.58164033599324,0,7,0,0
4922,1,3,57.44886528897285,71.2815625139221,0,7,1,1
4923,0,3,47.907307313682,34.90412956301794,0,2,1,0
4924,1,3,32.776275701432915,49.4194410898771,0,8,0,1
4925,0,3,47.59414372392958,38.72905415969156,0,6,1,0
4926,0,3,61.02806156911855,48.417259542550624,1,6,0,0
4927,1,3,56.481653079938404,66.29704968880394,0,6,0,1
4928,1,3,45.613011908678416,49.26859799663572,0,5,0,0
4929,1,3,74.70384926090945,65.7260825212899,0,8,0,1
4930,1,3,33.96903435081531,59.44877861918328,0,8,0,1
4931,0,3,46.684013881256284,36.45736011662594,0,8,1,0
4932,0,2,39.61462237614702,46.081343091301314,0,11,1,0
4933,0,3,31.7102741504692,19.962713718662222,0,8,1,0
4934,1,3,46.20433414124913,57.09432236703371,0,4,0,0
4935,0,3,100.0,31.678871711023827,0,5,1,1
4936,1,3,29.54310645361441,40.68071881979559,0,3,0,0
4937,0,3,28.680269684472965,29.84074195837852,0,9,1,0
4938,0,3,47.0043435795723,40.52431818793551,0,5,0,1
4939,1,3,78.54294040683949,83.59209611722518,1,11,0,1
4940,0,3,63.92092663766582,53.97136481676885,1,7,0,1
4941,0,2,63.446148232953156,57.38618659654956,1,8,1,1
4942,0,3,43.58854522356477,36.03544387824696,0,6,1,0
4943,0,3,44.91677665878003,24.177846572365826,0,5,1,0
4944,0,2,75.85805670934663,30.26514296463162,1,1,1,1
4945,1,3,57.53771124003619,55.20358782486682,0,4,1,0
4946,1,3,69.22606435502188,63.90955933175622,1,6,0,1
4947,0,3,41.623967986361926,35.564998292292294,0,6,1,0
4948,0,3,54.437242880021124,26.739266098217655,0,3,1,0
4949,0,3,41.17867844498066,26.67801037742402,0,6,0,0
4950,0,3,65.1134072319063,63.704905208924366,0,8,0,1
4951,0,3,48.471480689945935,33.02135773014859,0,5,0,0
4952,0,3,34.99454512502753,25.682916551558105,0,5,0,0
4953,0,3,45.52553056042674,35.68042754619889,0,5,1,0
4954,0,3,65.23633128783707,45.84199672801276,1,2,1,0
4955,0,3,50.715082810551856,38.55336184951738,0,5,1,0
4956,0,2,64.85965973711589,52.25794423945297,1,11,0,1
4957,0,3,70.022767500683,41.62884610790688,1,4,1,0
4958,1,3,43.652690538845654,65.75926045170468,0,10,0,1
4959,0,3,59.21507909017456,47.806062808273175,0,6,1,0
4960,1,3,48.3162226221213,49.05481763171815,0,4,1,0
4961,0,3,55.684024872566454,33.45239925370886,1,5,1,1
4962,1,3,33.67824250063329,68.24186985904235,0,8,0,1
4963,0,2,45.991541436860004,23.03877325177781,0,3,1,0
4964,0,3,58.28240916617325,49.37710850115992,0,8,0,0
4965,1,2,60.37868773484358,82.86338995425396,1,12,0,1
4966,0,2,40.849722533627556,21.14783432881204,0,2,1,0
4967,0,3,26.738158030481696,18.212009111223693,0,7,1,0
4968,0,3,74.9570968018243,57.575057421843375,1,6,0,1
4969,1,3,43.48168622274774,56.05704220268231,0,8,0,1
4970,1,1,45.35603433576946,43.30858622827044,0,3,1,0
4971,0,2,52.73037512777324,33.217381771464,0,6,0,0
4972,0,3,31.961410379517257,32.101922659151754,0,6,1,0
4973,0,2,34.4418997481772,18.495426100007823,0,3,1,0
4974,0,3,55.329623798188855,41.3101879001284,0,4,0,0
4975,0,2,43.783424390073264,18.99788230023086,0,3,0,0
4976,0,3,42.44254471450154,31.19687112096618,0,5,1,0
4977,0,3,64.69493895637041,37.872844968256246,0,8,1,0
4978,0,3,59.28268623586626,39.897415179542946,0,3,1,0
4979,0,3,78.93266969149822,53.010386680475776,1,6,1,1
4980,0,3,54.62113982273928,42.14570461358805,0,5,1,0
4981,0,3,65.13224501130415,43.45441822821043,0,4,1,0
4982,1,3,50.66954675785323,65.78970954926771,0,7,1,1
4983,1,3,21.45793203419084,29.648511354521546,0,5,0,0
4984,0,3,34.54707408360994,13.442170221903401,0,4,1,0
4985,0,3,63.94841146622613,45.69278258291074,1,4,0,1
4986,1,2,48.731249292028984,49.07564056023421,0,6,0,0
4987,0,3,39.56408386146994,32.277943501412864,0,6,1,0
4988,0,3,41.76324899563448,41.55765619111334,0,8,1,0
4989,0,3,67.21396457332695,42.13367546957556,1,2,1,0
4990,0,3,50.54193836641091,23.334078868381948,0,0,1,0
4991,0,3,62.18873868023191,31.899347346403488,1,2,0,0
4992,1,3,63.997188186104744,49.26057360051963,1,3,0,1
4993,0,3,34.54061374759592,21.66613747866431,0,6,1,0
4994,0,3,50.894400416103494,49.86581006507872,0,7,0,1
4995,1,3,67.04349721312829,64.45320746022252,0,3,0,1
4996,1,3,70.5909128813124,60.05691512784122,1,2,0,1
4997,0,3,42.044090111460264,30.05153151335752,0,2,0,0
4998,1,2,32.69125968630742,31.038381528497062,0,5,0,0
4999,1,3,45.04002948464766,47.50723490167438,0,5,0,0
5000,0,2,36.36597184312809,17.77277098661022,0,6,0,0
5001,1,3,61.091515752840095,71.39829962027912,1,7,1,0
5002,0,3,66.76547569615907,49.04843644410033,1,4,1,1
5003,1,3,48.03339202163983,55.54802569877714,0,3,0,1
5004,0,3,71.08298848606358,36.78672220186286,1,2,1,0
5005,1,3,64.06930021202979,61.190812329473374,1,3,1,1
5006,0,3,63.06388325474657,37.32129402477777,0,7,0,1
5007,0,3,26.317699693656678,21.332160318372136,0,7,0,0
5008,0,3,83.64844762904504,62.25509528504531,1,5,1,1
5009,0,3,56.527990346681015,33.609033402280296,0,3,1,0
5010,0,2,44.69560255748589,18.33303402010529,0,4,0,0
5011,0,3,41.81781652384924,30.834311509839825,0,6,1,0
5012,1,2,56.31562944409056,43.55482496966269,1,1,0,0
5013,0,3,41.713314321786484,31.64241793079232,0,6,0,1
5014,1,2,64.4312887385122,53.783460914054324,1,0,0,1
5015,1,3,25.121404300678492,30.35049331525661,0,4,1,0
5016,0,3,65.56871154661026,47.17438259452943,1,4,1,1
5017,0,3,43.04224111339739,38.48734784390234,1,2,1,0
5018,0,3,34.79652167604068,19.244943323637465,0,3,1,0
5019,1,3,76.84206479107931,79.43914934177464,1,5,0,1
5020,0,2,44.307684513856664,42.917954232315466,0,9,1,0
5021,1,3,33.830571721073554,50.313690672286675,0,8,0,0
5022,1,3,57.11100553782105,57.733955450148486,1,5,1,0
5023,0,3,50.297664837754034,30.236699098089808,0,3,1,0
5024,0,3,64.56833435050592,33.16878528903145,1,5,0,1
5025,0,3,35.80137710883415,34.37704455530071,0,6,1,0
5026,1,3,38.45888327679344,66.85199425879753,0,7,1,1
5027,0,3,37.968950296221855,26.614010067780647,0,6,1,0
5028,0,3,70.17993165379343,42.23536134262414,1,1,1,0
5029,1,1,33.45908524225095,35.18615948183387,0,3,1,0
5030,0,2,38.94598596293915,22.60138040421261,0,5,0,0
5031,1,2,60.70535549928892,58.69840961705693,1,7,0,1
5032,0,3,42.4022685508794,26.842565307689608,0,1,1,0
5033,0,3,55.87680865446254,39.39994879093575,1,6,1,0
5034,0,3,52.44436715134273,33.585542763327574,0,6,0,1
5035,0,2,18.973330450042972,13.887091785588483,0,6,1,0
5036,0,3,56.797286060665385,45.45358467028606,0,6,1,1
5037,1,3,53.633272039329555,49.1230388634752,0,5,1,0
5038,1,3,45.06224131909232,49.74659367269933,0,6,0,0
5039,0,3,30.04002606331888,39.9966311989695,0,7,1,1
5040,0,3,50.76576863839731,29.37795592888201,0,5,1,1
5041,0,3,59.95235371620262,44.78203465703065,1,4,1,1
5042,1,3,34.78064345938232,37.877969863726975,0,3,0,0
5043,0,2,67.20751428432351,54.70871100620551,1,8,1,0
5044,0,3,55.8588180547859,38.17021867497772,1,7,1,0
5045,0,3,47.70542689959947,27.09107996365494,0,5,1,0
5046,1,3,35.77731666978455,29.902635221630668,0,4,1,0
5047,0,3,50.46246782781904,32.07191982946488,0,7,1,0
5048,1,2,54.57818352636131,56.25803981518012,0,9,0,0
5049,0,3,67.96090699876378,29.096600197991364,1,2,1,0
5050,0,3,38.62568850597099,30.228317859308454,0,8,1,0
5051,0,2,32.58552966851146,35.15352693877671,0,5,1,0
5052,0,3,70.29418624655827,61.675540097358514,1,7,0,1
5053,0,2,41.33842297917271,30.54935371096987,0,3,0,0
5054,0,3,55.40671226359122,37.43382221928773,1,5,1,1
5055,0,3,45.02638610502434,28.299641828644397,0,6,1,0
5056,0,3,66.39444500278077,41.851456741326274,0,4,1,0
5057,0,3,54.21757541362338,35.808467043105594,1,5,1,1
5058,0,3,74.96959037100288,54.320094820961344,1,5,1,1
5059,0,3,57.94869081022478,53.64299867689985,0,10,1,1
5060,1,3,46.076173667714095,45.53468573045959,0,5,1,0
5061,1,3,79.09013944067351,88.0440607431734,1,8,0,1
5062,0,3,64.26146227627524,37.13984415809729,1,4,0,1
5063,0,3,50.30058934096811,18.840544089374337,0,1,1,0
5064,0,3,45.02517088963961,17.88277359467859,0,6,0,0
5065,0,3,29.739467642051746,10.97674607327938,0,2,1,0
5066,1,3,42.64711104383102,45.36837399116351,0,5,1,0
5067,0,3,53.4111769183537,39.31044216224045,0,7,1,0
5068,0,3,81.58287658027614,64.01020196829433,1,7,1,1
5069,0,2,40.544222849037936,36.99541789400153,0,4,1,0
5070,0,3,64.31645039140028,38.950026537396084,1,5,1,1
5071,1,3,81.39072705488003,60.76614217078245,1,6,0,1
5072,0,3,82.82549944398878,56.7178564063901,1,4,0,1
5073,1,3,33.024431408935136,50.36400040551699,0,6,0,1
5074,0,3,57.937042130483405,32.41078419385616,0,4,1,0
5075,0,3,58.438986836592946,43.22650011016408,0,4,1,0
5076,1,3,40.738039310726485,36.96878758074577,0,3,0,0
5077,0,3,71.70367406899508,51.37172577458788,1,3,1,0
5078,1,3,49.240768368155706,59.578835869549856,0,5,1,0
5079,0,3,56.43304325542831,33.595693147486,0,3,1,0
5080,0,3,40.1145991380739,9.267258450677943,0,0,1,0
5081,1,3,52.297598667587366,56.331208847545206,1,3,1,1
5082,0,2,66.1661065461955,45.86529713396801,1,3,1,1
5083,0,3,56.27860093834247,30.544360797255372,0,4,1,0
5084,0,3,30.306472533677216,23.18708198755823,0,4,0,0
5085,0,3,58.534413151747586,23.359766567015825,0,6,0,1
5086,1,3,62.61085346959858,58.6022577383959,1,5,0,1
5087,1,3,59.15559842790823,74.2507408913708,0,10,0,1
5088,1,2,62.43502734396162,65.07420040023908,1,4,0,1
5089,1,2,59.89893136365486,57.54664301848078,1,5,0,1
5090,0,3,48.52620251805121,30.506282831723407,0,6,1,0
5091,0,3,45.91693736942964,32.36050017387179,0,6,1,0
5092,0,3,37.78140011731125,20.671092122351308,0,1,1,0
5093,0,3,59.102066404015034,44.75366911492616,0,6,1,0
5094,0,2,47.92043252209308,18.089722332024827,0,1,1,0
5095,1,3,22.66478809245717,31.04838300083069,0,4,1,0
5096,1,3,49.39075962299595,44.0278391871982,0,7,0,0
5097,1,3,63.39975025778145,54.571305034686794,1,2,1,0
5098,0,3,24.80007338763606,18.335421855613948,0,4,1,0
5099,0,2,44.032489248532805,34.0055708268036,0,4,1,0
5100,1,2,59.716553510396245,64.9227973516717,1,2,0,1
5101,0,2,32.09681188429198,30.27267208584974,0,7,1,0
5102,1,2,50.757624959331615,59.627976239691456,0,4,0,1
5103,0,2,23.815862548817567,13.392042086326128,0,2,1,0
5104,1,3,43.66919567414718,52.14124694542614,0,4,0,1
5105,0,3,37.11435071694126,48.11793330013041,0,9,1,0
5106,1,3,66.05127099884193,64.94328106031725,1,7,0,1
5107,0,3,37.20033794184147,32.861111448903294,0,5,1,0
5108,1,3,41.32284588280163,44.22099338737702,0,4,0,0
5109,0,3,23.753505260738404,42.4812591088742,0,9,1,0
5110,1,2,45.02705010540904,61.551467833833925,0,7,1,0
5111,0,2,39.81280715598748,22.49421814737556,0,4,1,0
5112,0,3,55.50514945858932,38.94751808572929,0,2,1,0
5113,0,2,65.04997411702097,38.65870827128065,1,6,0,1
5114,0,3,42.57787367574538,12.732119399199991,0,0,0,0
5115,0,2,38.89688127274376,16.308453491908427,0,2,0,0
5116,0,3,58.73494394310355,40.73467673968932,0,3,1,1
5117,0,3,53.57230153401633,28.458950993178064,0,4,1,0
5118,0,3,51.0909635507917,40.58875091173783,0,6,1,0
5119,0,3,35.19622765758419,30.518098884891934,0,10,0,0
5120,0,3,16.15872961496592,14.20968177077939,0,9,0,0
5121,0,2,72.70516905931244,46.81871544017077,1,4,0,1
5122,0,3,87.91086228541262,60.44995879605488,1,8,0,1
5123,0,2,0.0,15.885946934957632,0,4,0,0
5124,0,3,38.00614012405589,18.298437268619125,0,4,1,1
5125,0,3,40.25726590221329,24.41470343836336,0,4,1,0
5126,0,3,59.1045598035403,28.425604855556333,0,5,1,0
5127,0,3,57.173417720177355,35.35397998824472,0,0,1,0
5128,1,3,47.18061066448965,44.59567031737968,0,5,0,0
5129,0,3,49.03688358797992,40.695558039271475,0,6,0,0
5130,0,3,65.70011303108984,45.28305189035801,1,1,1,0
5131,0,3,27.397772076335595,21.52391026364792,0,3,1,0
5132,0,3,51.4790030246219,36.68485519465545,0,3,1,0
5133,0,3,46.767877219936764,32.54632925489152,0,7,0,0
5134,0,3,38.1223817208825,36.59889741633048,0,7,1,0
5135,0,3,80.75031733621125,74.53043244028864,1,10,1,1
5136,0,3,71.12555016175227,49.189237255265944,1,8,0,1
5137,1,3,38.018984449032615,45.025991403951224,0,5,1,1
5138,0,3,61.090005035073915,42.82423972866147,0,3,1,0
5139,0,3,39.78058921942091,37.22285308123052,0,6,1,0
5140,1,3,55.42099054547433,56.16506029730067,0,4,0,0
5141,1,3,19.473076322906696,39.770574254508816,0,3,0,0
5142,1,3,59.57146873480628,57.3850047771654,1,6,0,0
5143,0,3,55.69755299824053,51.337996214198604,0,8,1,0
5144,1,3,21.44252520416746,40.4446683186862,0,3,0,0
5145,0,3,51.61377355288483,62.757718447034534,1,11,1,1
5146,0,3,37.581150910253,14.591212597802995,0,2,1,0
5147,0,3,55.430787892951976,32.901011654779126,0,5,1,0
5148,0,3,41.51883760854253,37.51379320585015,0,6,0,0
5149,0,3,56.07802501137099,37.68521056567072,1,3,1,0
5150,0,3,58.47811696696911,29.186964322940348,0,6,1,0
5151,0,2,35.495234202370725,33.60319835802131,0,6,1,0
5152,0,3,38.33520949070559,29.831950836539544,0,7,1,0
5153,1,3,45.91303672201782,52.499070220269004,0,6,0,1
5154,1,3,47.60685832882438,67.6727703136252,1,8,0,1
5155,0,3,63.23267983845496,51.185520074711405,1,6,1,0
5156,0,2,28.26927143191865,39.37496328400135,0,5,1,0
5157,0,3,44.75303706075142,30.76012620471615,1,6,1,0
5158,0,3,61.60516660361198,41.674637164228955,1,3,1,1
5159,1,3,45.00526370712032,55.66276905268467,0,4,0,0
5160,0,3,32.275670489066584,28.927343073161957,0,3,1,0
5161,0,2,26.149316205072722,28.455941841913432,0,7,1,0
5162,0,3,53.07785239814481,22.855520052100577,0,3,1,0
5163,1,3,59.20729527171305,57.88920826899203,1,6,0,1
5164,0,3,33.733331486930844,39.55471312640735,0,6,0,0
5165,0,3,47.42854172690085,31.351669981284914,0,5,0,0
5166,0,3,64.32505856994472,45.03644308638706,1,2,1,1
5167,0,3,53.56220686343893,28.735091875072076,0,4,1,0
5168,0,3,58.89950137782144,46.03383297584655,0,5,0,1
5169,1,1,48.430243286145554,37.11503752893442,0,4,0,0
5170,0,3,61.41636782243336,46.95747904497618,1,4,1,0
5171,0,3,71.3718728027194,50.74836289880828,1,3,1,0
5172,0,3,44.97899251656419,24.268121104146626,0,3,1,0
5173,1,3,36.719618026716425,49.3363957310978,0,8,0,0
5174,0,2,41.66166637223521,21.739180418633794,0,6,1,0
5175,1,3,54.97497688497153,45.79755281110865,0,3,0,0
5176,1,3,48.94816197781248,69.88896597416357,0,8,0,1
5177,0,3,62.22190527511823,44.79805601941796,1,5,1,0
5178,1,2,35.09742619133105,54.60961681608006,0,5,0,0
5179,0,2,61.23941028349405,38.756379660289824,1,3,1,1
5180,0,3,29.671960557259816,18.700813466058694,0,5,0,0
5181,0,3,21.505120450400835,17.707894194543794,0,3,1,0
5182,0,3,0.0,28.284188641993033,0,4,1,0
5183,0,3,59.753060458780936,35.8177231635768,0,5,0,0
5184,0,3,45.44194976057335,40.22806668156392,0,5,1,0
5185,0,2,54.42245357028781,31.15229124166991,0,4,0,0
5186,0,3,0.0,29.27180152067849,0,6,1,0
5187,1,3,50.82732578474789,69.01302311841319,1,5,1,1
5188,0,2,73.6199673014185,49.91566663041942,1,2,1,1
5189,0,3,44.72558869703922,28.29995907266649,0,6,0,0
5190,1,3,44.430967956579885,55.7138230494033,0,5,1,1
5191,1,3,39.62217004615554,60.11128790522472,0,8,0,1
5192,0,3,64.43998123689747,48.1332552345001,0,6,0,1
5193,0,3,62.311477005392376,50.20175125228153,0,7,1,1
5194,0,3,52.082293428274404,40.662654160870325,0,5,1,0
5195,0,3,100.0,35.530645040522494,0,7,0,1
5196,0,2,16.789009551497415,11.291928646145742,0,5,1,0
5197,0,3,73.96288489702773,52.218907487806604,1,10,0,1
5198,0,3,67.96225861074659,47.357959408516486,1,5,0,1
5199,1,2,59.09508697641394,66.71372491275686,1,3,0,1
5200,0,2,46.78990380728187,34.46500594654233,0,3,0,0
5201,1,3,72.46146186292685,63.18394650844374,1,3,0,1
5202,0,3,79.0384993044427,53.32686354648477,1,2,0,0
5203,0,3,65.9881875676179,49.36316547251473,1,4,1,0
5204,1,3,25.894933479452746,71.07303816660607,0,8,0,1
5205,0,3,55.496660281292016,33.95444930043517,0,5,1,0
5206,1,3,60.659736756415356,58.22694818640691,0,6,0,0
5207,0,3,77.71907663547063,60.07698627849594,1,3,0,1
5208,0,3,53.5306762649305,41.699234318875256,1,5,1,1
5209,0,2,54.952754279311584,39.391764040951024,1,4,0,0
5210,0,3,78.59531598443161,45.93352993871987,1,5,1,1
5211,0,3,31.605001952074623,27.4286819969851,0,6,0,0
5212,0,3,28.17819442052837,22.980538766810813,0,9,1,0
5213,1,2,53.18312483212707,66.21414718397224,1,8,0,1
5214,1,3,53.24226732337059,47.5415312809073,0,3,0,0
5215,1,3,45.45294087933252,50.529997441469405,0,7,0,1
5216,1,2,52.850880910633286,56.71126127967952,0,1,0,1
5217,0,3,51.59923909877211,23.8428905940833,0,4,0,1
5218,0,3,60.820037399970495,46.788894601542104,0,6,1,0
5219,0,3,69.02642175158722,50.21172858099294,1,6,1,1
5220,0,3,100.0,45.60911881653764,1,7,1,0
5221,0,3,38.316317970390116,23.919204487770646,0,3,1,0
5222,1,2,43.291355235417754,50.98062048629914,0,4,0,1
5223,0,2,38.52335286598729,37.0510930451195,0,8,0,0
5224,1,2,47.231970565044044,65.85257009697304,0,7,0,1
5225,0,2,75.77428449760353,30.928563747356545,1,2,1,0
5226,0,3,29.491955857545758,24.22090911967641,0,4,1,0
5227,0,3,61.108441401632824,47.08037549273886,1,8,1,1
5228,0,3,35.60682455284955,18.81937143547226,0,4,1,0
5229,0,3,75.3042733479824,47.32515255983564,1,1,1,1
5230,0,3,54.70139966757906,50.85849610071132,0,8,0,0
5231,0,3,49.26024890029541,28.930515494486023,0,3,1,0
5232,0,3,61.41793655292775,46.35569229769173,1,7,1,0
5233,0,3,25.35128282416394,17.612347754908363,0,5,0,0
5234,0,3,40.91431520083051,18.325270569655203,0,4,1,0
5235,1,3,52.829267848278036,63.188280839763664,0,7,0,1
5236,0,3,67.62927240382722,39.438354273949365,1,5,1,0
5237,0,3,50.11578102302501,44.6230125739358,0,6,1,0
5238,0,2,68.34453951923985,44.46465858234046,1,6,1,1
5239,1,3,70.31331398847159,75.03405882320895,0,10,0,1
5240,1,3,53.023616492431614,48.27550601513783,0,5,0,0
5241,0,3,58.395313436083214,29.780204845750934,0,2,1,0
5242,0,3,91.71254213106587,41.83998734493873,1,6,1,1
5243,1,3,70.27621639965707,80.10816338834589,1,9,0,1
5244,0,3,30.60642523152498,24.202677951121885,0,4,1,0
5245,1,2,59.66146939182754,74.70804413664341,1,3,1,1
5246,0,3,15.348026349604112,20.281094357264525,0,6,1,0
5247,0,3,45.695141630766344,24.10528282837401,0,8,0,0
5248,1,3,0.0,43.9162501565515,0,5,0,0
5249,0,3,52.641940393644155,29.22914283448117,0,1,1,0
5250,0,3,59.537582452163576,48.438766816977925,1,5,1,1
5251,0,3,41.845531913534906,21.685363983569516,0,3,1,0
5252,0,3,36.899981574116346,10.762084732503926,0,0,1,0
5253,0,3,69.61291078618973,50.14406413361433,1,3,1,1
5254,1,3,40.416984663651405,47.04592913418358,0,2,0,1
5255,1,3,40.472096092938195,45.329816909773356,0,6,0,0
5256,0,3,24.048753509465563,30.255082922184855,0,6,1,0
5257,0,3,34.873869992168544,19.99311653529395,0,4,1,0
5258,1,2,40.50849082772848,43.18017103373654,0,5,1,0
5259,1,3,61.74118004442824,60.00018446812313,0,7,0,1
5260,0,3,57.206059721284255,43.21088361172093,0,1,1,0
5261,0,3,33.74105374697114,31.046821935010087,0,4,0,0
5262,1,3,57.84847187008624,49.648002609940455,1,7,0,0
5263,0,2,62.76970773711602,36.80110707078685,1,4,1,0
5264,0,3,36.566203694274336,32.25788390992156,0,7,1,0
5265,0,3,31.815875322037943,20.552902177330303,0,5,0,0
5266,0,3,50.307875466679924,38.58603898706225,0,4,1,0
5267,0,3,58.83356154094842,49.84556524389724,0,6,1,0
5268,0,3,51.68386740113151,41.3645560746924,0,5,1,0
5269,1,3,62.36826219428386,66.9516275031424,1,8,0,1
5270,1,3,43.424362028712515,48.513142124445636,0,7,0,1
5271,0,3,53.01214161336069,43.03117556483694,0,7,1,0
5272,0,2,38.624840788229974,28.044938746839858,0,6,1,0
5273,1,3,67.75089226829307,72.5951252311987,1,5,1,1
5274,1,3,38.86287580788648,57.16705314005791,0,6,1,0
5275,1,3,40.07909221492168,47.01576386828378,0,2,1,0
5276,1,2,58.43324536988943,59.88833627328931,0,3,0,1
5277,0,3,43.64868348304887,26.580199763414935,0,4,1,0
5278,1,3,33.623724358775505,38.788731963607084,0,5,0,1
5279,0,3,87.71792272675074,66.98559999253582,1,5,1,1
5280,0,3,50.381005567116354,33.3058310904841,0,1,0,0
5281,1,3,82.31541838813806,65.69284130003032,1,3,1,1
5282,1,3,77.48385580888915,80.43322119458412,1,8,0,1
5283,1,3,42.24060823980852,52.95945461347973,0,4,0,0
5284,1,2,50.73771570485118,51.858845049452114,0,4,0,0
5285,0,3,44.79760384829406,50.1643834550281,0,9,0,1
5286,0,3,34.866625159582654,29.873484838741984,0,5,1,0
5287,0,3,55.005732383883554,36.40229264651155,0,3,0,0
5288,0,3,26.68006852978999,22.249277306129787,0,4,1,0
5289,0,1,56.41448478910534,34.506430624287134,0,5,1,0
5290,1,3,49.0946120259384,60.11069119696575,0,7,0,1
5291,0,3,48.461177481843265,26.997239365049985,1,1,1,0
5292,1,2,42.460599388298114,38.05144966847933,0,1,0,0
5293,1,2,21.01332308623977,23.669402610706253,0,4,0,0
5294,1,3,51.449317431058546,44.83003695511945,0,2,0,0
5295,1,3,56.06050570058273,50.55127792702026,1,4,0,0
5296,0,3,27.051636869649894,27.95491066068452,0,5,1,0
5297,0,3,51.78385736970578,42.1880554478884,0,4,1,0
5298,1,3,48.29063537021905,68.90246485675131,0,9,0,0
5299,1,2,54.33872091925322,66.43603700522827,1,12,1,1
5300,1,3,46.03383994125161,55.90837833814509,0,9,0,0
5301,0,3,54.92564387469152,41.73106660740257,0,6,1,1
5302,0,3,49.84692489193566,27.21843359558034,0,3,1,0
5303,1,2,82.82771841851769,69.37743557836406,1,3,0,0
5304,0,3,61.446719352820686,47.076398306018746,1,8,0,0
5305,1,3,73.32512002984913,67.18783085213506,1,3,0,1
5306,1,3,47.53479109918241,58.816036080011166,0,5,1,0
5307,0,2,64.34471979174363,54.207759228279414,1,6,1,1
5308,1,2,29.28667101059607,41.7083913845257,0,6,0,1
5309,0,3,75.36264481394343,62.120298824809886,1,5,1,1
5310,1,3,32.747253553497714,33.306552508288206,0,4,0,1
5311,1,3,42.207062942822446,56.99844795641722,0,5,1,0
5312,0,3,43.680033081640566,51.44024323360614,0,5,0,0
5313,0,3,63.27169330772276,50.46627039339741,1,6,0,1
5314,1,3,32.09078906588394,42.55235657579423,0,7,0,1
5315,0,3,72.45594358049017,40.07775359938979,1,4,0,1
5316,0,3,63.337613067192784,48.55744063566547,0,11,0,0
5317,0,3,78.02551692833046,53.9730739801459,1,2,1,1
5318,0,3,38.04675234156642,15.411010882230746,0,6,1,0
5319,0,2,21.578998324692975,18.10971754043001,0,7,1,0
5320,0,2,65.40343051501739,42.79638721711908,1,3,1,1
5321,1,3,52.45655895379604,57.77741437245577,0,3,1,0
5322,1,3,30.825638285113982,51.210943306478896,0,7,1,1
5323,0,3,68.3827143488732,39.722559784641284,1,4,1,0
5324,0,3,56.42809074961387,46.36582992479396,0,8,1,0
5325,0,3,27.984531299259807,13.134526203414854,0,6,0,0
5326,0,3,26.20202651066171,30.16266952002012,0,6,1,0
5327,0,3,47.52732545297418,30.256826044011625,0,6,0,0
5328,0,3,39.94913252572685,23.971501963411438,0,4,1,0
5329,1,3,45.28253892351204,58.27233969931811,0,6,1,0
5330,1,2,71.51504893081233,68.35449333948478,1,6,0,1
5331,0,3,45.89368863741579,31.253648187965105,0,4,0,0
5332,0,3,26.717311167131626,32.87445860062583,0,5,1,0
5333,0,3,54.74624837096181,19.471562352324263,0,2,1,0
5334,0,3,35.22481928599835,18.003589949503016,0,5,0,0
5335,0,3,57.09256264119971,40.9573096029389,0,8,1,1
5336,0,3,41.23148553323571,26.610821245402025,0,2,1,0
5337,1,3,31.069299157352045,36.24732393449101,0,2,0,0
5338,1,3,62.40441629844999,63.35163559508314,1,8,0,1
5339,0,3,52.90843026491066,44.22006740388932,0,5,1,0
5340,0,3,63.22031660409417,30.35806419357315,1,4,0,0
5341,0,2,32.70080525307027,20.606339222442443,0,6,1,0
5342,0,3,59.70748576150468,30.42498766976821,0,6,1,0
5343,0,3,66.93086609304987,34.981197117329096,1,4,1,1
5344,1,3,58.516792373934344,61.37898895340837,0,2,1,1
5345,1,3,81.06105955327665,73.87404974319878,1,6,1,1
5346,0,3,32.605598248413784,39.44620173688422,1,7,1,1
5347,0,3,42.06604696021176,27.79284384422207,0,2,1,0
5348,0,3,65.83052667392367,29.432271811919215,0,4,1,0
5349,0,3,55.08249677221915,48.230060608846884,1,6,1,0
5350,0,3,70.34198605198091,41.664599407407835,1,5,0,1
5351,0,3,55.72349265237024,32.542288105846076,0,5,1,0
5352,1,3,62.62626222475885,49.343507495166335,0,2,1,0
5353,1,3,43.70028829376516,56.11918744522474,0,5,1,0
5354,0,3,51.65277744841086,30.87054244463203,0,5,0,0
5355,0,3,39.54792042753798,16.74912639684818,0,5,0,0
5356,0,3,62.604363506614845,52.161199481864664,0,7,1,0
5357,0,2,49.13251369893436,46.040976986941374,1,4,1,0
5358,0,3,41.111986593979154,33.13628813103642,0,9,1,1
5359,1,3,43.546935044354655,63.14704137712442,0,5,1,0
5360,0,2,46.00673272371601,38.25230485424097,0,5,1,0
5361,0,3,49.38233653743549,34.08790048174187,0,4,1,1
5362,0,3,49.79566350023131,34.798636091125346,0,4,1,0
5363,1,3,39.10389999230749,56.425838516370604,0,10,0,0
5364,0,3,57.23870581433559,34.9879631839074,1,5,1,0
5365,0,3,56.191236369194606,31.75686563799789,0,3,0,0
5366,0,3,63.16279535355261,32.59890219982716,1,3,1,0
5367,0,3,53.108769471973396,32.60177489048499,0,7,1,1
5368,0,3,25.308599250336883,19.253917277552556,0,3,1,0
5369,0,2,64.75730805928946,38.28983051828932,1,4,0,1
5370,0,3,82.83830183758774,59.23902064358226,1,5,0,0
5371,0,3,52.337553979008526,46.88067591957704,0,8,0,0
5372,0,3,35.52791437100838,29.18128503291105,0,5,1,0
5373,0,3,24.219501669613226,22.311403054405762,0,9,1,0
5374,1,2,26.68025369713928,46.44271272894972,0,6,0,1
5375,1,2,45.105002626836026,38.30189546095504,0,2,0,0
5376,1,3,41.4006098866027,56.58493251918185,0,7,0,1
5377,0,3,0.0,38.175449705772664,1,6,0,1
5378,0,3,67.35254489068392,53.140531349675534,1,5,1,1
5379,0,3,68.68781549326225,52.56379947465736,1,6,1,1
5380,0,3,29.841864981236796,7.09955015628768,0,2,1,0
5381,1,2,50.750725592432424,45.02762848049029,0,4,0,0
5382,0,3,44.27267803981558,42.29671000065395,0,5,0,0
5383,0,3,59.30519229952173,24.82422084648772,0,4,1,0
5384,0,2,38.61353589678862,18.30283934743682,0,3,1,0
5385,1,3,63.03396195757192,60.827348323661866,0,2,0,1
5386,0,3,36.08548541536909,19.91249075349374,0,4,0,0
5387,0,3,29.281053102393447,28.043360381379756,0,6,0,0
5388,1,3,50.52960565840185,65.26465230627102,0,6,0,0
5389,0,3,41.44936266162263,29.435718310812376,0,6,1,0
5390,1,3,42.73993827988508,50.45860347919277,0,3,0,0
5391,0,3,30.226549727676122,24.804562749849065,0,3,1,0
5392,0,3,57.183223550503094,21.11317132592265,1,4,1,0
5393,0,3,41.73335114667946,46.448144847151895,0,8,1,0
5394,1,2,40.8398407143612,40.33128779742251,0,4,1,0
5395,1,3,28.99169508098133,39.50194056409865,0,5,1,0
5396,1,3,39.47990103922336,50.02867893502895,0,2,1,0
5397,0,3,61.156959070281026,37.49017675651169,1,4,0,1
5398,1,3,35.798362821181385,55.610052554531286,0,5,0,0
5399,1,2,34.21234262521221,50.083649170138926,0,9,0,1
5400,0,3,62.350953726140474,45.73065728654226,0,7,1,0
5401,0,2,64.76602322347493,38.158369831148114,1,4,1,1
5402,0,3,64.00227264655973,47.301930748554284,1,4,1,1
5403,1,3,24.783420749575562,40.853006010580714,0,7,1,0
5404,0,2,41.995475949265725,51.829648626403795,0,11,1,0
5405,1,2,41.56298212166675,54.59531972053653,0,6,0,0
5406,0,2,49.328267263414055,27.402533782036055,0,2,1,0
5407,1,3,70.93044187746443,75.71362817790319,1,7,0,1
5408,0,3,56.112837276141036,26.79692334926508,0,2,1,0
5409,1,3,100.0,73.97069438331876,1,3,0,1
5410,0,3,39.45651410286483,32.40642726887747,0,5,1,0
5411,1,3,50.83127769807639,47.01157192013308,0,2,0,1
5412,0,3,68.47941706200858,32.35373266375075,0,8,0,1
5413,0,3,55.82084036014455,34.306104815914274,0,4,1,0
5414,1,3,53.379596482095046,70.58534575039218,0,8,0,1
5415,1,3,59.917959031650724,68.99173473262195,0,5,0,1
5416,1,3,68.81191809294579,64.30474166524372,0,5,0,0
5417,0,2,0.0,41.73600321103252,1,6,1,0
5418,1,3,59.34096687816659,48.38607037039887,0,2,0,0
5419,0,3,58.85576131605821,27.420209628798847,0,3,1,0
5420,0,3,44.044187929981064,34.492048894193665,0,7,1,0
5421,1,3,42.06073263149821,46.759654828160194,1,3,0,1
5422,0,2,48.78222801449434,32.71090435003926,0,3,0,0
5423,0,3,47.158445701947215,21.67799824556902,0,2,0,0
5424,1,2,32.399269379245325,59.6003020420664,0,8,0,0
5425,1,3,57.051368370343965,47.74394119738817,0,3,0,0
5426,0,3,38.297425814180684,21.923266798764942,0,6,0,0
5427,0,3,43.21933566773957,15.049018605726344,0,1,0,0
5428,0,3,49.40778249738371,31.235969771923312,0,6,1,0
5429,0,3,48.08772469823402,38.62484008920658,0,6,1,0
5430,0,2,56.72017583446996,41.313502693377906,1,2,1,1
5431,1,3,64.78863140014474,58.727029304815716,1,7,0,1
5432,0,3,48.760978842446704,37.835462192627254,0,4,0,0
5433,1,3,68.47010292327502,74.19434829262228,1,6,0,1
5434,0,3,55.74770848510658,36.07587627183018,0,3,1,0
5435,0,3,48.754757413267505,41.30729237452266,0,5,1,0
5436,1,3,25.158539219735673,48.28949779248331,0,4,0,1
5437,0,2,69.01888176999661,45.24836218176294,1,4,0,1
5438,1,3,47.05472110584178,50.42846149787758,0,4,0,1
5439,1,3,62.311292807753674,72.63614205363068,1,8,0,1
5440,0,3,54.77823232664785,49.242846708497055,0,7,0,1
5441,1,3,56.61123655605274,63.67707297685793,0,6,0,1
5442,1,3,35.40426901071606,41.56090460614721,0,6,0,0
5443,1,3,56.05897255796351,56.36373641071394,0,4,1,0
5444,0,3,46.46444246582241,41.674460416519224,0,7,1,0
5445,0,3,25.344381180712396,25.38284711652558,0,8,0,0
5446,1,3,37.775788658954134,50.148690128150456,0,8,0,1
5447,0,3,64.49029677277535,35.54964265875368,1,5,1,1
5448,1,3,62.75554248025366,76.44536747641739,0,6,0,1
5449,1,3,49.21970822042844,67.70195685485233,0,6,0,1
5450,1,3,34.379525788119615,52.79041253163237,0,4,0,1
5451,0,3,68.11485809979618,55.965677005944755,1,5,1,1
5452,0,3,50.162183353299746,39.19708399355919,0,9,1,0
5453,1,2,63.66107137290368,48.693099687926534,1,5,0,1
5454,0,3,63.34046527260051,44.66506416114476,1,2,0,1
5455,0,3,57.03766227930571,33.8660350499022,0,4,0,0
5456,0,3,64.02165960686543,47.691589601307605,1,2,1,0
5457,0,3,48.28553752837125,30.507583575971076,0,4,0,1
5458,0,3,31.896253027656005,14.6124668426733,0,2,1,0
5459,0,1,70.12082133733713,48.1504336962054,1,7,1,1
5460,0,3,65.61189551374696,39.30479151592203,1,3,1,0
5461,0,2,18.712047960962927,27.27294728550945,0,5,1,0
5462,0,3,64.6435427642327,40.42866852806721,1,5,1,1
5463,0,3,33.13927460885107,17.377633699325596,0,3,0,0
5464,0,3,35.20004138984699,12.411553249174888,0,5,0,0
5465,0,2,63.44538350326539,52.053560579162685,1,5,1,1
5466,0,2,59.23856665692373,38.17339558892868,1,5,1,0
5467,0,3,36.502932813866124,25.84477904781127,0,2,1,0
5468,0,3,23.079790845406958,24.942653862801695,0,7,1,0
5469,1,2,48.134906390978166,56.9921586471205,0,6,1,1
5470,0,3,43.49832689207844,28.278469843683688,0,7,1,0
5471,0,3,59.02447313347086,43.52147981005934,1,4,1,0
5472,0,3,88.50794448933041,49.44718469289093,1,3,0,1
5473,0,3,35.56071523517063,21.430050212766,0,6,1,0
5474,1,3,75.74262253644679,64.00141620654115,0,3,0,1
5475,0,3,38.27498514722785,20.051503292270674,0,4,1,0
5476,0,3,69.96688280901249,55.538430497284445,1,5,1,1
5477,1,3,63.222196490041874,50.87849329879625,1,3,0,1
5478,0,3,44.36088034372414,50.377910184087995,0,11,1,1
5479,0,3,35.64373656387908,27.82109599264978,0,6,1,0
5480,0,2,49.54260212900508,23.794110139607454,0,7,1,0
5481,0,3,38.196832238749074,33.882905550103686,0,8,1,0
5482,0,3,55.9329099595004,30.37938626728269,0,5,1,0
5483,0,2,44.05647785991477,9.248269846946446,0,1,1,0
5484,0,3,49.66711687654111,24.67313644766831,0,3,1,0
5485,0,3,34.742461554202045,9.320370292164132,0,4,1,0
5486,1,3,59.87723999984589,50.0685330686931,0,2,1,0
5487,0,2,51.245091757711954,29.679584091451297,0,2,1,0
5488,1,3,43.61654746785977,50.4606882852513,0,4,0,0
5489,0,3,46.87278376624144,14.60951835851392,0,3,1,0
5490,0,2,18.662464502507643,8.891933845000763,0,7,1,0
5491,0,3,64.30754492015669,46.59444901126755,1,9,0,0
5492,0,3,49.528593785838474,28.81183234551631,0,4,0,1
5493,0,3,48.026365380321344,41.422194654001764,0,6,1,0
5494,0,3,1.8508137951882695,15.50668795601782,0,5,1,0
5495,0,3,64.7699837223569,33.29177767999987,1,2,1,1
5496,0,3,18.62797230968217,2.2833726067421294,0,2,1,0
5497,0,3,62.08424729435199,55.852778822412645,1,7,0,1
5498,1,2,45.55273217058887,58.46814374534512,0,1,1,1
5499,0,3,74.07227847851061,59.96418784362979,1,8,1,0
5500,1,3,31.56241045181425,57.31462154379684,0,6,0,0
5501,0,3,55.592791593623765,47.78980993642594,1,6,1,1
5502,0,3,56.01619018725962,32.03107871588811,1,3,1,1
5503,0,3,59.95863086128618,45.603323641107956,0,5,0,0
5504,0,3,34.301670125629606,26.33023212185367,0,2,1,0
5505,0,3,46.0091558810408,37.52452560660869,0,4,1,1
5506,1,3,44.931270363288796,57.49507598853355,0,11,0,1
5507,1,1,70.04293967117772,69.42074082926209,1,6,0,1
5508,0,2,19.542698760224138,15.656791072516755,0,8,1,0
5509,1,3,59.42732544771453,66.14968692232591,0,4,0,1
5510,0,3,29.15488769429739,24.89358079799335,0,4,1,0
5511,0,3,50.16415553723899,40.23451853049399,0,5,1,0
5512,0,3,57.313020290607916,44.92221538771705,1,7,1,1
5513,1,3,29.35724933525051,31.621006009656142,0,6,1,0
5514,1,3,45.84304043461493,51.65780780270471,0,9,0,1
5515,0,2,86.67607549490937,57.87644196639353,1,5,1,1
5516,1,2,56.0624846101123,67.09890413410069,1,6,0,1
5517,0,3,67.45582764300484,51.43767865634293,1,9,1,1
5518,0,3,27.55201284250288,26.103090767264273,0,4,1,0
5519,0,3,33.223947525627395,27.922103728678692,0,4,1,0
5520,0,3,46.85022337923379,21.463994008859718,1,3,1,0
5521,0,3,59.906606068855936,37.169961871754836,1,5,0,1
5522,0,3,53.97793056768875,32.01861402937534,0,4,1,1
5523,0,2,37.89350677128148,35.927143279397015,0,7,0,0
5524,0,3,58.26343382935626,46.16285988296507,0,5,0,0
5525,0,3,50.75114869811929,43.513570444099216,0,6,1,0
5526,1,3,46.105206665651004,56.45198078399188,0,4,0,1
5527,0,3,56.1747996110047,44.30584985691675,0,9,1,0
5528,0,3,48.85429906283907,25.923183985541495,0,3,1,0
5529,1,3,39.806811700385325,50.144185409213904,0,3,1,0
5530,0,3,69.02531492571777,46.08419780834468,0,5,1,1
5531,0,2,56.71140797837772,39.64839882983262,0,6,0,0
5532,1,3,45.82397657881471,42.89661800863182,0,4,0,0
5533,0,3,35.819258297299655,26.317730505677435,0,4,1,0
5534,1,3,22.86070869252449,59.67006031861225,0,7,0,1
5535,0,3,35.296438400015205,25.20596655282704,0,6,1,0
5536,0,3,40.98432491197212,28.477138453816423,0,8,1,0
5537,1,3,53.43007845725779,48.249853948465734,0,3,0,0
5538,0,3,61.30139382520599,36.27320253763943,1,3,1,0
5539,0,3,61.797747618721026,47.10551052720368,1,3,0,1
5540,0,3,22.143469477024812,6.940451449494627,0,2,1,0
5541,0,3,55.98339086800929,47.849541914748315,0,6,1,0
5542,1,3,0.0,60.518863168005815,1,4,0,0
5543,1,3,80.56564808585394,62.45515425926304,1,4,1,1
5544,1,3,15.097949128086183,21.938651915011544,0,2,0,0
5545,0,3,57.4281955089459,42.37177498730199,0,6,0,1
5546,0,2,0.0,41.46260282091002,1,6,1,1
5547,1,3,70.02754030397408,61.53960115546095,1,3,1,1
5548,0,3,63.449573184269724,32.351985529567514,1,3,1,0
5549,0,3,30.752213782883263,13.257552598014774,0,3,0,0
5550,1,3,100.0,49.39307955683602,0,2,0,1
5551,0,3,65.49351165943553,51.44427977165138,1,10,1,1
5552,0,2,61.87611996616485,47.67756189729969,1,5,1,1
5553,0,2,60.92135560182289,45.54496899868537,1,5,1,1
5554,0,3,41.436965455433146,17.03442319378247,1,2,0,0
5555,1,2,38.951006701787236,51.98969713972866,0,4,0,1
5556,0,3,46.95257329954965,25.374353238428103,0,3,1,0
5557,0,3,48.191650661319585,37.270715410258454,0,6,1,0
5558,1,3,52.41478788073654,45.7140050985307,0,4,1,0
5559,0,3,36.610773165074455,27.448813487644664,0,5,1,0
5560,0,3,40.07020154990059,23.18315862386902,0,1,1,0
5561,0,3,37.6725269084068,33.725012393861036,0,7,1,0
5562,0,3,45.8539613700293,32.92386787741634,0,4,1,0
5563,0,3,31.404137407857046,34.8303128031289,0,3,1,0
5564,1,3,75.81909154179868,66.36221626815872,1,5,0,1
5565,0,3,41.859637894390254,6.928266862586277,0,6,1,0
5566,1,2,69.35559559278776,82.40210544005555,1,13,0,1
5567,0,2,73.54005008791353,44.16527316213518,1,4,1,1
5568,1,3,22.613279737454754,28.15034299999416,0,3,0,0
5569,0,3,63.85575063398284,47.76047841855575,0,4,0,1
5570,0,3,54.878279110465854,54.20271675093702,0,8,1,0
5571,0,3,14.397615933269066,26.013448759211304,0,5,0,0
5572,0,3,59.73058106525525,48.36232647477703,1,4,1,0
5573,0,3,43.66609465372417,27.342867626730815,0,5,1,0
5574,0,3,63.59865704331018,34.35957603837452,1,2,0,0
5575,0,3,20.426539310806543,16.535783873128985,0,3,1,0
5576,1,3,38.021918156309255,55.054522031359475,0,7,0,0
5577,1,3,50.566378390664724,50.418932383189805,0,7,0,0
5578,0,2,55.91639542665218,40.84410642334679,1,5,1,0
5579,0,2,36.23570778857417,23.039546430070615,0,5,1,0
5580,1,3,30.270181001962193,48.66668079697471,0,4,0,0
5581,0,3,53.89982005327416,64.50294953036516,0,8,1,0
5582,0,3,84.89944499897679,55.9719353776114,1,3,0,1
5583,0,3,37.140933495525935,24.599836443371316,0,9,1,0
5584,0,3,34.38794866180003,29.38926085189744,0,4,1,1
5585,0,3,32.43645012764133,22.919104626705423,0,5,0,0
5586,0,3,38.58768321387107,31.374637091969124,0,3,1,0
5587,1,3,46.283405566923335,52.5008749516046,0,9,1,1
5588,0,3,75.25340383359277,58.453912470800915,1,11,1,1
5589,0,3,61.5302100053094,40.702079283552784,0,5,1,0
5590,0,3,66.33843200040862,41.28678099439592,1,5,1,1
5591,0,3,25.52050175685837,4.610472534765733,0,3,0,0
5592,0,3,35.01601744577103,32.99270371212422,0,4,1,0
5593,1,3,59.778643179654736,61.42534138390337,0,5,0,1
5594,0,2,47.154754705213044,26.337843699777753,0,5,1,0
5595,0,3,37.51296009260389,29.37795319735792,0,4,0,0
5596,0,3,41.4893685172904,21.841209588445405,0,4,0,0
5597,0,3,59.4571041434295,42.32179086782335,1,4,0,1
5598,0,2,36.56294364280714,34.592679447923594,0,7,0,0
5599,0,3,12.256667788603972,3.9806777871015693,0,4,0,0
5600,0,3,38.96769783383904,37.429022610891934,0,8,1,1
5601,1,3,29.56618220600933,36.41992562265367,0,5,0,0
5602,1,3,48.12138143434176,58.332773471848924,0,5,0,0
5603,1,2,73.3106956830124,65.85599613354472,1,4,0,1
5604,0,3,51.912210731033035,43.45929011138956,0,6,1,1
5605,0,2,32.18332980321084,22.1099136951151,0,7,1,0
5606,0,3,75.5820662263396,47.953974877116345,1,6,1,1
5607,0,3,69.4860674092015,54.528002725942386,1,8,1,1
5608,0,3,41.68022299234232,35.45057477146984,0,6,1,0
5609,1,3,33.85242302770121,46.43156872833968,0,5,0,0
5610,0,3,31.358017489583837,23.853685559410664,0,4,0,0
5611,0,3,33.940721385431914,25.18985425481798,0,6,1,0
5612,0,3,15.43785227298388,8.268879181626252,0,1,1,0
5613,0,3,37.65676620392987,27.39371961331075,0,2,0,0
5614,0,2,13.064661898810384,9.468629806248837,0,3,1,0
5615,1,3,73.78350944935167,69.371397968036,1,3,0,1
5616,0,3,53.02278597856889,29.386465484538856,1,1,1,0
5617,0,3,0.0,37.76465383835591,0,6,1,0
5618,1,3,32.03251396766629,53.92846456729966,0,7,1,0
5619,0,3,72.48290094051207,50.476517853203546,1,4,1,1
5620,0,3,22.669727037171388,21.509005198470003,0,4,1,0
5621,0,3,53.32255510599308,38.792743741279196,0,3,1,0
5622,0,3,29.575538035978152,7.8293275204289845,0,4,0,0
5623,0,3,42.47939422165227,22.587008484707642,0,5,0,0
5624,1,3,55.02833567092041,66.52307854485295,0,5,0,1
5625,0,3,49.03244852831146,34.929554420920155,0,2,1,0
5626,0,3,42.33804030575141,22.39659774527357,0,5,1,0
5627,0,3,59.168621659153935,30.968231796048446,1,2,1,0
5628,1,3,27.841030391128047,39.02430521746005,0,5,0,1
5629,0,3,0.0,18.053254099637137,0,2,1,0
5630,1,3,21.96373735845711,41.2297980863442,0,5,0,1
5631,1,3,53.44503019372943,63.16217149353065,1,6,0,1
5632,1,2,40.478231689201955,46.35862588418531,0,6,0,1
5633,1,2,48.64342636218668,54.87641391769269,0,3,0,1
5634,1,3,31.534081904260233,46.70393540681141,0,4,0,0
5635,0,3,50.822299406292856,29.255495568044335,0,4,1,0
5636,0,3,57.18319976278592,37.10008848801534,0,7,1,0
5637,1,3,17.57070826003604,27.085462586324187,0,7,0,0
5638,0,3,15.77903960388356,12.389063150823539,0,2,0,0
5639,1,3,48.856928273309215,56.67525655624609,1,2,1,0
5640,0,3,73.59614830976884,57.43127152066029,1,11,1,1
5641,1,3,43.712935966110905,60.15580731872393,0,7,0,1
5642,1,3,68.7061551917863,56.10506088821173,1,4,0,1
5643,1,3,47.953257205284146,50.41978799165412,0,6,0,0
5644,0,3,54.541524947174594,29.898808123023148,0,3,1,0
5645,1,3,4.896410319257807,26.49047720603797,0,3,0,0
5646,0,2,32.44075713857688,26.373096518548504,0,3,1,0
5647,0,2,23.824349268231263,21.410189025295864,0,7,1,0
5648,0,3,55.601406706926085,49.322357142700724,1,9,1,0
5649,0,3,60.67022655776136,60.553472399298705,0,9,1,1
5650,0,3,57.28891898211682,35.229206819932955,0,5,1,1
5651,0,3,55.481678868671125,30.05522013274048,0,4,1,0
5652,0,3,55.775297911653254,39.88662037147589,1,3,1,1
5653,0,3,54.39720985148959,19.903362538044675,0,0,1,0
5654,0,3,55.744556978850405,47.338074454581175,0,8,1,0
5655,0,3,49.75501519504079,36.03873440952454,0,3,1,0
5656,0,2,34.64902103589376,32.55157898982263,0,4,1,0
5657,0,3,87.16104553248694,45.22622607084886,1,3,1,1
5658,0,3,41.029537272564085,30.690774823028306,0,4,0,0
5659,0,3,17.02027456511579,35.75348147700751,0,3,0,0
5660,0,2,77.89850696251486,41.94664866286339,1,3,1,1
5661,0,3,51.37705266286776,36.32763914449849,0,4,1,0
5662,0,3,23.05603314007752,34.08439256702043,0,7,0,0
5663,0,3,61.10428072576709,42.01423750579627,0,1,1,0
5664,0,2,51.71127229962043,46.56747038030383,0,4,1,0
5665,1,3,56.484907177956146,62.12495469759929,0,9,0,0
5666,0,3,67.58224047685215,36.64342421405446,1,3,0,1
5667,0,3,34.22903744900455,22.830214043425382,0,6,1,0
5668,0,3,55.8705187966674,31.585109814199996,0,5,1,1
5669,0,2,66.91920111374584,50.17301932152279,1,4,1,1
5670,0,3,62.94201417788652,57.552381223198076,1,10,1,1
5671,1,3,46.02567846879009,60.71009672192922,0,3,0,0
5672,0,3,64.41982748198896,32.05587245389185,1,6,1,0
5673,0,2,47.94545190327702,25.724643729585473,0,3,0,0
5674,0,3,56.34773450038482,49.5607276529966,1,6,1,1
5675,1,3,49.64897013922061,58.1043891646938,0,9,0,1
5676,0,3,40.91562666075068,25.010727795112025,0,5,1,0
5677,0,3,37.12836229502966,42.21662963074527,0,10,0,1
5678,0,3,38.99154415886904,30.17608953927805,0,3,1,0
5679,1,2,39.133608846430576,57.156067456355274,0,6,0,1
5680,0,3,48.87857840425521,38.931547093236844,0,8,0,1
5681,0,3,55.27097046627352,32.55387538143385,0,4,1,0
5682,0,3,55.78778965701441,34.45044628932555,0,8,1,0
5683,1,3,15.881318611610096,35.78186555590536,0,4,0,0
5684,1,3,42.1011970396381,41.793934269155955,0,3,0,0
5685,0,2,83.2360366863453,57.81778618017121,1,9,1,1
5686,0,3,53.54706920884485,42.96177797551708,0,7,1,1
5687,0,3,72.81884235076124,58.66557147403638,1,5,0,1
5688,1,3,67.2661065935379,74.49655319759017,1,10,0,0
5689,1,3,41.52655180212332,51.66818836733528,0,4,1,0
5690,0,3,76.37485765951587,59.7787305512726,1,1,1,1
5691,0,3,42.59879921480063,45.63514917753142,0,6,1,0
5692,1,3,47.518327947686906,42.99034012390785,0,1,0,0
5693,0,3,45.70106862428683,35.02453529957197,0,7,1,0
5694,1,3,52.654302055831025,60.176725264696216,0,6,0,1
5695,0,3,32.07797264769738,17.26805359145682,0,4,1,0
5696,0,3,55.820220065604126,34.8900047194993,0,3,1,0
5697,0,3,44.61188953286099,40.40075807443659,0,5,1,0
5698,0,3,29.50711722364128,30.715548970476636,0,7,0,0
5699,0,3,52.98980366327479,28.604509494509145,0,3,1,0
5700,1,3,26.529588401530482,33.79712971662394,0,3,1,1
5701,0,3,66.98771157055246,50.942934956421034,0,8,0,0
5702,1,3,43.73555541932226,60.65844728426256,0,5,0,0
5703,0,3,41.79002297544772,24.899027370483715,0,2,1,0
5704,1,3,27.123271103541992,40.04750570061941,0,2,0,0
5705,0,3,48.85442111703082,36.428691009327565,0,4,1,0
5706,0,3,41.867386530452755,38.289348011913724,0,7,0,0
5707,1,3,32.041147934877245,31.63886215382564,0,4,1,0
5708,1,3,42.940377926272866,57.41635895119293,0,7,0,1
5709,1,3,36.59365835055638,51.25896752111137,0,5,0,1
5710,1,3,17.98255567705929,61.10694986619401,0,5,1,0
5711,0,2,44.478685808320826,17.964342285291863,0,1,0,0
5712,1,2,60.935915706463085,67.74009593666243,1,4,0,1
5713,0,3,69.35123981851581,45.97555744092038,1,4,0,1
5714,0,2,42.70702956909761,39.930083326149486,0,7,1,0
5715,0,3,25.46426230666315,12.20807132741747,0,3,1,0
5716,0,3,41.62774626171141,24.075974080244688,0,4,0,0
5717,0,3,50.22521513639321,44.351167532226285,0,11,1,1
5718,0,2,100.0,49.57477279094583,1,10,1,1
5719,1,3,57.356179881213144,56.5833796734189,0,2,1,0
5720,0,3,43.823783906936505,43.711434062857684,0,8,1,0
5721,0,3,48.09608127658858,47.62861290740036,0,7,1,0
5722,0,3,55.84696858617898,32.033694713506414,1,4,1,0
5723,1,2,7.977795451217707,17.44734810447725,0,6,0,0
5724,1,3,68.92949395651144,60.54494193293795,1,4,1,0
5725,0,3,65.24201979675102,33.22430094231883,1,4,1,1
5726,0,3,49.00241689079696,29.518391103276155,0,3,0,0
5727,0,3,39.22189385253765,36.48908001822414,1,5,1,0
5728,0,3,49.96980556040598,29.654742908194685,0,2,1,0
5729,0,3,63.1077989821371,44.54312374973641,1,4,1,1
5730,1,3,64.86229671727001,50.73126826129489,0,4,0,1
5731,0,2,18.19548979629666,37.24845024685257,0,6,0,0
5732,1,2,40.825751178993585,48.12009392598281,0,6,0,0
5733,1,2,39.72563959634491,50.47365984705587,0,4,0,0
5734,0,3,66.93669916406485,34.76357379134958,1,2,1,0
5735,0,3,60.92719357369002,44.927682971930686,0,5,0,0
5736,0,2,47.722257337934586,35.96505246086138,0,3,1,0
5737,0,3,38.39093001265335,18.572612775624563,0,5,1,1
5738,0,3,47.437392428193725,32.77609124009766,0,2,0,0
5739,0,3,72.33228503329684,49.31375608958766,1,7,1,0
5740,0,3,83.14574946071653,60.17033544961056,1,4,0,1
5741,1,3,46.68376331198341,57.11838854060392,0,8,1,0
5742,0,3,52.016687847120174,37.455087316210296,0,6,1,0
5743,1,2,21.734120798031263,27.03261110714782,0,4,0,0
5744,0,2,71.06339121558194,34.83588121668309,1,1,1,1
5745,0,2,34.96007611317968,12.127576306386496,0,5,1,0
5746,0,3,48.63919577705229,31.61453265686939,0,6,1,0
5747,0,3,62.15374119634427,44.084205756378175,0,8,0,1
5748,1,3,24.693730236950643,35.32846242185345,0,2,0,0
5749,0,2,47.736668196609,30.04724573745881,0,5,0,0
5750,0,3,75.40785583032479,33.477482832039534,0,9,1,1
5751,1,3,71.31135208050779,88.44765510915772,1,12,0,1
5752,0,3,64.31716272197582,40.65398240165546,1,1,1,0
5753,0,3,50.30012744563075,31.54329489946489,0,3,1,0
5754,1,3,0.0,40.76327152579058,1,8,0,0
5755,0,3,53.09301226770741,37.54479679038454,0,5,1,0
5756,1,3,22.80570506579947,46.31960348421113,0,5,1,0
5757,1,3,52.64853495392303,63.78670840317729,0,6,0,1
5758,0,2,49.75361599373909,33.31659590951475,0,6,1,0
5759,0,3,63.99910225180402,50.40121176532649,0,5,1,1
5760,0,2,44.35046961575699,34.38713175222184,0,3,1,1
5761,0,3,62.67101725130615,55.039333275724665,1,7,0,1
5762,1,3,14.840503792492276,33.36003573236387,0,4,1,0
5763,0,3,61.582921925782685,50.58407113462327,1,10,1,1
5764,1,3,42.301048762923855,88.17990484212343,0,10,0,1
5765,1,2,75.61222314316889,68.13767889600898,1,7,0,1
5766,1,3,75.61709943400294,81.92207619301641,1,7,0,1
5767,1,3,64.79974079650479,78.21727027594883,1,8,1,1
5768,0,2,0.0,42.41563763901335,1,7,1,0
5769,0,3,64.71045789065097,42.96948047280776,1,2,1,1
5770,0,3,49.54692699728949,15.466593948089262,1,4,0,1
5771,1,2,59.75317094519118,57.95876562596827,1,7,0,1
5772,1,3,67.82029503504938,58.35500569060209,1,4,0,1
5773,0,3,37.63314871559082,18.651475481201263,0,4,0,0
5774,0,3,61.90513281818201,49.21786844916725,0,9,0,1
5775,1,3,33.88209015207315,44.237732274828375,0,3,0,0
5776,0,3,41.66248618299025,37.419953232425875,0,11,0,1
5777,0,3,75.1059832319408,41.28411223773076,1,3,1,1
5778,0,3,70.43636592629134,41.57871777476178,1,4,1,0
5779,0,3,60.16982365695246,43.9066586484291,1,7,0,0
5780,1,3,38.46140537430571,54.36944657847632,0,8,1,0
5781,0,3,65.06199538580086,50.902227082625934,1,5,1,0
5782,0,2,59.19524737429772,48.73609602665889,1,6,1,1
5783,0,3,65.65637533451746,44.40590582832678,1,2,1,0
5784,1,3,56.86073273982013,58.260951862551195,0,6,0,1
5785,1,3,80.34794506780916,56.797043222872205,1,2,0,0
5786,0,2,46.589836762989464,39.145443213556376,0,6,1,1
5787,0,3,41.189264756717535,29.487850229745735,0,8,1,0
5788,0,3,43.0423038383603,36.5280189930396,0,8,1,1
5789,0,3,58.560789167726995,46.62178561537878,0,5,1,0
5790,0,3,46.86859953084992,44.05954844285299,0,8,1,0
5791,0,2,56.00449164538356,33.85520450343947,1,3,1,1
5792,0,3,28.28246960972774,7.6144412960940695,0,5,1,0
5793,0,3,18.409463708091657,18.416059124286356,0,4,0,0
5794,0,2,40.4820036360989,28.336258311645743,0,5,1,0
5795,1,3,45.58611542759872,43.33967351716141,0,4,0,0
5796,0,3,48.651274897326076,29.871739938541772,0,2,1,0
5797,0,3,34.185462751405844,27.543860686620697,0,3,1,0
5798,0,3,60.13823358951525,40.998532046561444,0,4,1,0
5799,0,3,100.0,43.10492803085507,1,5,1,0
5800,1,3,59.37816570971733,56.600996780174725,1,3,0,1
5801,0,3,37.69619341033041,30.698553759916297,0,10,1,0
5802,0,3,68.44836614883567,42.67389712953299,0,5,1,0
5803,0,3,61.07340237273896,30.21974698901873,1,2,1,1
5804,0,3,13.910481174765046,1.4859727925350041,0,4,1,0
5805,0,3,21.310953656156542,7.116137297756142,0,3,1,0
5806,0,2,66.37856576885906,57.22919020765814,1,8,1,1
5807,0,2,65.05364891456539,47.58141227343646,1,8,0,1
5808,0,3,57.34461094609129,31.716986827295276,1,4,0,0
5809,0,3,53.44621650379519,29.00703416229384,0,1,0,0
5810,0,3,37.34043860870126,28.860727538362223,0,7,1,0
5811,0,3,5.407142439812581,42.56049690016134,1,5,0,0
5812,0,3,32.23556275921448,6.303462982505194,0,2,1,0
5813,0,3,65.62230119645643,41.64372187695827,1,7,1,1
5814,1,3,54.6623738210637,54.457169865280164,0,0,0,0
5815,0,3,22.945448106016126,16.767728952139837,0,8,1,0
5816,0,3,83.63986258985031,64.69443473575258,1,8,0,1
5817,0,2,59.00300227242727,33.850666018084894,1,5,1,0
5818,0,3,50.517925267257176,33.788951703393,0,7,1,0
5819,0,3,70.79730949448269,62.84048858521674,1,9,0,1
5820,1,3,50.1105908881398,51.66985831712967,0,5,0,0
5821,0,2,21.992689965083855,30.19035529720899,0,8,1,0
5822,0,3,49.287090469223145,15.819441987143472,0,3,1,0
5823,0,3,66.0637217805962,49.79282572317264,1,5,0,1
5824,0,3,32.78327422245705,22.9542631299129,0,5,1,0
5825,1,3,21.1300744784553,28.72471199105424,0,5,1,0
5826,0,3,70.50961259808147,35.34846680853566,1,6,1,1
5827,1,3,55.19417153366291,74.01960500334587,0,9,0,1
5828,0,3,62.52630777988323,41.2060962113661,1,1,1,0
5829,0,3,41.169752587755404,26.639719134382656,0,4,1,0
5830,1,2,59.227675677995705,50.204790243483075,1,4,0,1
5831,0,2,46.058049270793624,36.91485137390907,1,4,1,1
5832,1,2,31.465455466390935,45.18346198094929,0,4,0,0
5833,0,3,66.27898487502394,57.82149665303268,1,6,1,0
5834,1,3,49.112300845453156,47.723145393101746,0,4,0,1
5835,1,3,50.86029161049056,45.05720676928733,0,4,0,0
5836,0,3,44.85706097890086,39.49330177432421,0,5,0,0
5837,0,3,47.56536014903785,21.266976972223453,0,2,1,0
5838,1,3,52.437524522643045,53.50427494470624,0,1,0,0
5839,0,3,39.616440809827644,27.120682724174817,0,8,1,0
5840,1,3,22.77741980782059,37.20926208202988,0,2,0,0
5841,1,3,33.909631708645826,50.36497133020969,0,6,1,0
5842,0,3,37.02320576291649,33.63008435432825,0,7,1,0
5843,1,3,54.759616332479574,48.855209311714816,0,3,0,1
5844,0,3,45.63268649441434,25.401639427144115,1,6,1,0
5845,0,3,54.256012143423774,34.42846854138386,1,9,1,0
5846,0,3,48.297357142367915,45.064525356446154,0,6,1,0
5847,1,3,47.64541397662887,70.12766852063139,0,11,0,1
5848,0,3,69.53076723222843,45.434745332206944,1,4,1,1
5849,0,3,54.36752469911298,35.30107830317319,0,2,1,0
5850,1,3,34.99910471253023,39.93428715378275,0,6,0,0
5851,0,3,55.62715230603679,57.07756245666502,0,5,1,0
5852,0,2,100.0,32.446756270024466,0,7,1,1
5853,0,3,53.15702756067772,45.66205159501915,0,7,1,0
5854,0,3,36.440662628545304,22.844328544007254,0,5,0,0
5855,1,3,61.32744209966872,58.97837227446917,1,5,1,0
5856,0,3,40.67868826892253,46.047948596862966,0,9,1,1
5857,0,3,49.39722624305843,25.510987031073924,0,4,1,0
5858,0,3,32.63122773057358,32.4635782348966,0,6,1,0
5859,0,3,16.553545827273744,19.129910680051697,0,5,1,0
5860,0,3,42.06150940792006,23.564921415420145,0,4,0,0
5861,0,3,66.90709823021236,41.53068349683685,1,5,1,0
5862,1,3,32.35540062123632,33.141318143634436,0,3,0,0
5863,1,3,61.62304236905479,66.72586176132619,0,2,0,0
5864,0,2,84.06963601963375,50.12048797215063,1,4,1,1
5865,0,3,26.97322239432649,22.538320155389755,0,7,1,0
5866,1,3,53.310404093702246,56.093783626854275,0,5,1,0
5867,0,3,40.903429430371595,30.312503298243495,0,5,0,0
5868,1,3,54.941043591916326,48.400491483268226,0,3,0,0
5869,0,3,50.13149333420555,53.44083811407949,0,11,1,0
5870,1,3,44.05528258463295,50.15650605103978,0,7,0,0
5871,1,3,24.732325114632697,47.475092925998716,0,7,0,0
5872,1,3,15.429536559585854,42.00224324668578,0,5,0,0
5873,1,3,61.23397502960286,48.207647820044926,0,5,1,0
5874,0,3,73.81677815404828,47.89310653103519,1,4,1,1
5875,0,3,79.09649960946086,41.47596702326303,1,2,1,1
5876,0,3,38.00926260211038,43.68333341879875,0,11,1,1
5877,1,3,33.79843662490521,37.62660523460131,0,6,0,0
5878,1,2,68.40404910680076,69.04733080953022,1,8,0,1
5879,0,3,65.30887956591526,41.085028954574646,1,5,1,0
5880,0,2,16.32146033620746,2.9469897864445036,0,2,1,0
5881,1,3,69.14463254703136,60.119411170617326,1,4,0,1
5882,0,3,84.3696182218418,58.97477303008597,1,5,0,1
5883,0,2,66.72238073710162,44.43007875923773,1,6,1,1
5884,0,3,38.273590288768645,38.66811196317755,0,4,1,0
5885,0,3,54.49597702535995,30.905007440306434,1,3,1,1
5886,0,2,35.72361019291308,23.689507016162352,0,6,1,0
5887,0,3,100.0,50.766359138252426,0,6,1,1
5888,0,3,68.36765059624796,42.26527667867817,1,4,1,1
5889,0,3,57.127708405103796,34.16033216684309,0,4,1,0
5890,0,3,66.37231519922432,42.21776045716303,1,3,1,0
5891,0,3,49.13924210324043,45.705732882494786,0,8,1,0
5892,0,3,46.28442407812227,42.02216583340925,0,8,1,0
5893,0,3,50.88326589483725,33.416744925760185,0,6,0,1
5894,0,3,41.12426412662126,14.242709714297515,0,3,1,0
5895,0,3,66.40887454195934,30.350586217967972,1,4,0,1
5896,0,3,23.48194694892648,27.736993035677806,0,7,1,0
5897,0,3,46.92237619752808,28.66498279453094,0,6,1,0
5898,1,3,57.18930252857079,52.694535442294416,1,2,0,1
5899,0,3,40.83315341606199,46.32265857971039,0,3,0,0
5900,1,2,61.80786810532108,74.54754442154879,1,9,0,1
5901,0,3,55.926265916140714,32.95056677360896,0,6,1,0
5902,0,3,46.03058738461216,38.391152868539706,0,2,0,0
5903,1,3,46.85295523761833,52.78217112125388,0,2,1,0
5904,1,3,33.261377073465944,59.119294834580145,0,7,0,0
5905,0,2,54.828732500415015,44.392713881128074,0,6,0,1
5906,0,2,47.148844230581744,20.140022542764093,0,2,1,0
5907,0,3,43.36860059460625,34.97577494554911,0,7,1,0
5908,1,3,50.749276219004585,56.32709191485308,0,3,1,0
5909,1,3,74.91849849343215,64.44695244001689,1,5,0,1
5910,0,3,19.241601451403184,7.541305175663998,0,4,1,0
5911,1,3,38.15212233256711,41.040549293392566,0,4,0,0
5912,0,2,46.57416553093334,26.369541778436428,0,3,1,0
5913,0,2,57.10809092146368,31.850170266769418,0,3,1,0
5914,1,3,49.667762970855925,51.11786507377502,0,5,0,1
5915,1,3,49.064647613153895,47.84523419395735,0,5,0,0
5916,0,2,41.82478978545813,23.686875798087204,0,3,0,0
5917,1,3,50.497138268035094,66.23519342087387,0,6,1,1
5918,0,3,45.550516405411905,40.861142175480424,0,6,0,0
5919,0,3,61.00461582471741,52.715668915416686,1,8,1,1
5920,1,2,44.44212815882383,38.79325505006022,0,4,1,0
5921,1,3,55.122396581880466,49.68396532280153,1,4,0,1
5922,0,3,37.55027485453242,15.635707738222557,0,3,0,0
5923,0,3,59.487534226341864,41.90771873974081,0,5,1,0
5924,1,3,42.8390576813415,63.094529335356945,0,7,0,1
5925,1,3,25.05269977438151,38.13550920303454,0,2,0,0
5926,0,3,67.1418235673827,47.51486082028644,1,6,1,1
5927,0,3,15.30890597966334,8.468858688306288,0,6,1,0
5928,0,3,36.065777494069145,32.0820109892847,0,4,0,0
5929,1,3,32.07770575909645,56.63743819111701,0,5,0,1
5930,1,3,25.63318389156604,46.22441769708871,0,5,0,1
5931,0,3,66.6760123209753,39.303701620863635,1,5,1,1
5932,0,3,0.0,47.373409521037566,0,4,0,0
5933,0,3,42.55394635713326,31.141869379386417,0,4,1,0
5934,0,1,46.440605963022904,35.585257030085714,0,4,1,1
5935,0,3,43.04691012421676,37.817529899963496,0,6,1,0
5936,0,3,31.983155158170742,19.29261705035616,0,6,1,0
5937,0,3,75.5935442991243,50.0083706618074,1,4,1,1
5938,1,3,41.78559006013829,37.79619083801774,0,0,0,0
5939,1,2,35.284949904127075,37.95902520424969,0,5,0,0
5940,0,3,49.18545624083983,25.286227712898143,0,3,1,0
5941,0,3,51.02228034729711,34.55121484164231,0,3,1,0
5942,1,3,40.10630215477695,50.149916450065,0,8,0,0
5943,0,3,68.38162992548023,41.01834419483811,0,4,1,0
5944,0,3,47.703914893570364,26.70136136849503,0,4,1,0
5945,1,3,46.19927191683961,66.65429616192424,0,8,1,1
5946,0,2,46.805830706527594,28.686112667088782,0,7,1,0
5947,0,2,56.615193079952995,41.340398258009536,1,3,1,1
5948,0,3,30.98996058249599,28.681913776751568,0,5,1,0
5949,0,3,43.48063370001026,35.79456998620961,0,5,0,1
5950,0,2,66.96398200931102,45.558689370369876,1,6,1,0
5951,1,3,46.58599142978756,45.08441496538526,0,4,0,1
5952,1,3,51.499758323474616,63.68742555504701,0,10,0,1
5953,0,3,43.308522860725525,20.59792928285278,0,4,0,1
5954,1,3,39.665371098548185,67.02672407637544,0,11,0,1
5955,0,2,88.19997905299087,67.16750457665158,1,4,1,1
5956,0,3,66.790795893965,34.52201567476702,1,3,1,1
5957,1,2,39.53085758850331,59.29748159386745,0,7,0,0
5958,1,3,50.073095616185626,56.02854226030063,0,3,1,0
5959,0,3,81.71272186533338,62.36454695480413,1,5,1,1
5960,1,3,43.87164243504665,48.103470885502595,0,4,0,1
5961,1,3,29.6368209166731,50.33563350187543,0,7,0,0
5962,1,3,67.9082839933787,59.055285013039466,1,7,1,1
5963,1,3,25.403711798936214,52.303652515135894,0,9,0,1
5964,1,3,48.32528242289017,59.27151293989314,0,6,0,1
5965,0,3,51.418430840031164,34.73502589725442,1,2,1,0
5966,1,3,32.56440594417694,39.79009514837959,0,5,0,0
5967,0,3,41.02253330167348,37.550293083567716,0,4,1,0
5968,1,2,36.782933318105314,32.65476341976165,0,1,0,1
5969,1,3,55.65790819387927,69.53607158640082,0,7,0,1
5970,0,3,54.69303498949306,24.407616897998075,0,1,1,0
5971,0,3,66.17557372633009,52.76951399236904,1,5,1,1
5972,1,3,65.8303356528222,59.30592130881589,0,6,0,0
5973,0,3,49.666814876096055,50.687953246260626,1,5,0,1
5974,0,3,12.42708644971472,11.389226162814758,0,6,1,0
5975,0,3,36.67509806351172,34.05539230838268,1,5,1,0
5976,1,3,59.83827386291736,63.05833125543388,0,5,0,0
5977,1,2,56.90412208242959,71.57615440080416,1,5,0,1
5978,1,3,59.69669556134533,57.2159373932407,0,6,0,1
5979,0,3,69.49315372844785,50.47010447082285,1,5,0,1
5980,1,3,72.86916337525342,65.80561296218316,1,6,0,1
5981,1,3,27.82697973546629,48.510079484425745,0,4,0,1
5982,1,3,32.77203177914498,45.68536495268577,0,6,0,0
5983,0,3,69.99669389169995,41.10315095122099,1,2,0,1
5984,0,3,65.59693147749047,31.01824732515432,1,5,1,0
5985,0,3,71.64407020956249,60.472733179902384,1,6,0,1
5986,1,3,43.96772577583988,53.64864642412165,0,3,0,1
5987,0,1,84.77374120955062,21.678093415348524,0,3,0,0
5988,0,3,49.63671203878956,31.33018906942611,0,7,1,0
5989,1,3,45.85595548044359,64.56806266154143,0,9,0,1
5990,1,3,48.63365751559715,62.80941090182114,0,6,0,1
5991,0,3,40.72870576863313,30.76113561443764,0,3,0,0
5992,1,3,64.44893551769695,76.61427878908411,1,7,0,1
5993,0,3,25.554241168712135,8.738377503553743,0,3,1,0
5994,0,3,25.438342460378706,11.800921982845319,0,3,1,0
5995,1,3,63.47047383405309,61.86111868401378,1,6,0,1
5996,0,3,68.57769569500604,36.546392980657025,1,2,1,1
5997,1,3,25.750611895221738,40.07324799357124,0,3,1,0
5998,0,3,35.2649678426888,21.239136183839864,0,5,1,0
5999,0,3,49.51688319629632,43.98878752565088,0,7,1,0
6000,0,2,50.40929415155942,44.39307957706296,0,11,0,1
6001,0,3,91.8757810818246,70.86022471627805,1,3,1,0
6002,0,3,49.05156822206523,21.84032578837401,0,2,1,0
6003,0,3,37.95771034901275,30.40022615964044,0,6,1,0
6004,1,3,34.825727562590366,40.305609360659545,0,6,1,0
6005,0,3,55.39706761565324,27.80758687472551,0,3,0,0
6006,1,3,72.2266086011951,69.58162748207634,1,7,0,1
6007,0,2,56.39368773106884,27.41835716611468,1,1,0,0
6008,0,3,54.30979539432615,39.94089231531725,0,8,0,0
6009,0,3,70.50330960748911,40.592092668884916,1,1,1,1
6010,0,3,49.30831523478653,23.570303070671983,0,2,1,0
6011,1,3,48.80271156158897,53.140370040151346,0,7,0,1
6012,0,3,49.0158079509354,33.18675537852582,0,2,0,0
6013,0,3,66.24769638216236,48.06309901651213,0,8,1,0
6014,0,3,43.81552240433272,31.84988170669851,0,6,0,0
6015,0,3,62.27289627019578,59.15463628785356,1,10,0,1
6016,0,3,35.110414553359945,29.89018621344755,0,5,1,0
6017,0,3,33.89774610135769,32.796500934437844,0,5,0,0
6018,0,3,54.210527449621196,43.52335710864616,0,8,1,0
6019,0,2,60.293094006790824,39.42637958688109,1,6,1,0
6020,0,3,67.30944019072291,50.88116050844974,1,5,1,0
6021,0,2,16.253757535749724,11.491758793776015,0,3,1,0
6022,0,3,26.99932636258899,14.782831196290315,0,6,1,0
6023,0,3,12.985381015028143,0.0,0,1,1,0
6024,0,3,58.51455586600168,32.258525797003266,0,5,1,0
6025,0,3,64.1684554182024,41.85373178664653,0,8,1,0
6026,0,2,36.674144404968864,36.278494561370046,0,5,0,0
6027,0,3,61.81316468720233,42.376025510971836,0,6,1,0
6028,0,3,72.16745868139373,32.74271546276508,0,6,1,0
6029,0,1,46.81984302908009,38.805810708355516,0,9,1,1
6030,0,2,54.99289664156621,40.686488549697394,1,4,0,1
6031,0,3,41.81295732349842,8.759551877570807,0,4,0,0
6032,1,3,23.640064102513605,40.898394586393714,0,5,0,1
6033,0,3,80.48529163128555,45.52726417015693,1,1,1,1
6034,0,3,62.182837109276555,45.35355020703258,0,4,1,1
6035,1,3,50.778809678027926,52.898525210979585,0,2,0,0
6036,0,3,53.64790871572521,41.98594450448104,0,5,1,0
6037,0,3,44.00746590967017,38.9928000219309,0,5,1,0
6038,1,3,52.04017726580727,60.0843780990315,0,3,0,0
6039,0,3,72.5477478761104,39.3724128865309,1,3,1,0
6040,0,3,52.26374286128226,37.9787380523406,0,9,1,0
6041,1,3,54.39643643978165,54.487800046670316,1,6,0,1
6042,0,2,54.801774815623055,43.811970897087875,0,5,1,0
6043,0,3,0.0,44.06675970619878,0,2,0,0
6044,1,2,72.8892473299521,73.7162788197309,1,3,0,1
6045,0,2,27.87158655748647,23.189328313343484,0,5,1,0
6046,0,3,42.16099006916404,23.510414315470282,0,5,1,0
6047,0,3,59.05959650275408,39.25046042080363,0,5,0,0
6048,0,3,25.712109064274795,17.20389603357013,0,4,1,0
6049,0,2,52.888502216920564,38.036790471529706,0,5,0,0
6050,1,3,66.75330957995924,72.14725973943307,1,5,0,1
6051,0,2,61.39264176126169,38.43286768716141,1,4,0,1
6052,0,2,47.474712596422,22.85470654545828,0,2,1,0
6053,1,3,40.65409560747162,60.6326982883892,0,4,0,1
6054,0,3,79.9214333324775,48.940457822150286,1,6,0,1
6055,1,3,47.95101345881943,62.471656457861464,0,4,0,1
6056,1,3,17.16210708854326,32.55993954155142,0,7,0,0
6057,0,3,58.97136482143166,34.871266203100376,1,5,1,0
6058,0,1,51.507367253133566,30.179135868806853,0,6,1,0
6059,0,3,21.34153418326499,45.65723717296138,0,8,1,0
6060,0,1,100.0,54.394008886710324,1,9,1,1
6061,0,3,65.17924258708439,33.959709570253914,1,3,1,1
6062,0,3,62.1122204056001,33.92620203981312,0,7,1,0
6063,0,3,65.0666470745535,50.53668633425222,0,6,1,0
6064,0,3,46.55397303811184,29.205068610365853,0,2,1,0
6065,0,2,83.46583452711528,54.28373009815521,1,5,1,1
6066,0,2,70.26133719105968,44.84051847947395,1,4,0,1
6067,1,3,37.63544958660893,51.97129060133364,0,3,1,0
6068,0,2,72.63352639135374,51.429215127733535,1,4,1,1
6069,1,2,0.0,57.16634408695413,0,3,0,0
6070,0,3,58.6262635780371,34.355026631708355,0,5,1,0
6071,0,3,51.68856040797267,34.253953655811266,0,6,0,0
6072,0,3,21.449279593329422,16.81517500796383,0,7,0,0
6073,0,3,58.749108831970936,36.90176848949582,1,4,1,0
6074,1,3,36.123467922218595,48.49205755477317,0,5,0,0
6075,0,3,58.65761002627311,36.5899039216695,0,2,1,0
6076,0,3,56.1124997378473,34.91661041731744,1,1,0,0
6077,0,3,33.16816195233451,39.678293797511365,0,5,1,0
6078,0,3,31.32855175158421,3.5343980375141317,0,2,0,0
6079,0,3,62.122575604272306,36.39779536013523,1,5,0,1
6080,1,3,32.63711890624935,49.715745824161445,0,6,0,1
6081,1,2,49.516661104028664,45.49777908387667,0,3,0,1
6082,1,2,46.99153691897508,51.8357427998961,0,3,0,1
6083,1,3,48.45356884552532,42.75941768039765,0,4,0,0
6084,1,1,81.89122564855772,74.45800705108229,1,3,0,1
6085,0,3,50.65488532298779,30.78404912271521,0,5,1,0
6086,1,3,33.96797201626187,54.699105084169645,0,7,0,1
6087,1,3,40.3738356015071,40.471677262120146,0,2,1,1
6088,1,3,62.063707299335654,68.0470131134451,1,9,0,1
6089,1,3,47.33715024270816,47.40150787272078,0,6,0,1
6090,0,3,42.2014613601132,24.07241980484843,0,7,1,0
6091,0,2,69.50631507083156,43.592666135572046,1,5,1,0
6092,1,2,52.31720433168444,59.770065435880056,0,5,0,1
6093,0,3,23.08119976512419,15.061848442529694,0,4,1,0
6094,1,3,20.481202931993558,81.52564940090625,1,7,0,1
6095,0,3,67.41032457057254,50.58472046026651,0,5,0,1
6096,1,3,69.86401213265815,58.569124907651954,1,3,1,0
6097,1,3,53.037230049696895,59.781203558985325,0,5,0,0
6098,0,3,50.63182347605622,35.89785089663448,0,7,1,0
6099,0,3,31.882758853742427,23.39903998534642,0,3,1,0
6100,0,3,50.74747328433397,30.010210875080773,0,5,1,0
6101,0,3,61.35554077785376,49.062405670157084,1,8,1,0
6102,0,3,63.721116446793474,39.271400804608206,1,5,1,0
6103,0,2,72.15671061367513,58.9401927410789,1,6,1,1
6104,0,3,60.21561908729577,30.3139705449152,0,4,1,0
6105,0,3,83.64761318092772,56.18463205506876,1,4,1,0
6106,1,3,52.54104057958702,64.43404106229605,0,7,1,0
6107,1,3,37.61113886079674,45.87947828280469,0,4,0,0
6108,0,3,66.92666705039599,21.546067351450063,0,3,1,0
6109,0,3,63.81988990747508,35.60962258511134,0,6,0,1
6110,1,3,47.755935484840755,42.90745423509008,0,2,0,0
6111,1,3,44.577209261073364,49.2819079219845,0,3,0,0
6112,0,3,69.2301577122747,42.47476474625095,1,4,0,1
6113,0,3,63.12134127740875,40.81105345100616,1,3,0,1
6114,0,3,46.71653770611301,31.321183200941867,0,4,0,0
6115,1,3,40.803992330536374,45.92977659302907,0,2,0,0
6116,1,2,42.19593814742546,36.29109765678832,0,0,0,0
6117,0,2,48.87585879272985,36.98631980844577,0,3,1,0
6118,0,3,44.71666006095237,49.167220767679225,0,11,1,1
6119,0,2,22.80538075075517,27.892900631081588,0,7,1,1
6120,0,3,57.829567233098736,39.94259485042629,0,5,1,0
6121,0,3,30.734903091888828,27.383077255114785,0,11,1,0
6122,1,2,60.680763878794544,62.95067296552941,1,5,0,1
6123,0,3,43.49152712151854,24.676939877037103,0,4,1,0
6124,0,2,65.71900402269648,57.76311811530334,1,8,1,1
6125,0,2,63.92928976694124,45.3382332325845,1,8,1,1
6126,0,3,40.85864316344219,35.317512639916785,0,7,0,0
6127,0,3,45.847514203326014,19.357605222126796,0,1,0,0
6128,0,3,40.61764288078932,23.287609631426886,0,4,0,0
6129,0,2,52.4373894417551,32.98471392857131,0,5,0,1
6130,1,2,51.67505708388678,53.629482700003756,0,4,0,0
6131,1,3,55.97627086821933,54.08052839437376,0,6,1,0
6132,1,3,100.0,52.3792436088747,0,6,0,1
6133,1,2,58.446788504735984,65.28514129684088,1,4,0,1
6134,0,3,47.89552952007185,24.102475922018172,0,4,1,0
6135,1,3,52.622927304087085,58.43995398947948,0,2,0,1
6136,0,3,39.77028135778959,29.94706259663227,0,4,1,0
6137,0,3,37.276211493514666,22.778800099037845,0,5,1,0
6138,0,2,27.943284431639086,23.485912544508068,0,7,1,0
6139,1,3,63.605590205664164,56.366292655477125,1,3,0,0
6140,0,3,38.682373412806996,31.90859550172517,0,5,1,0
6141,1,3,29.168464358219918,33.424249065688095,0,2,0,0
6142,0,3,38.39139341789687,28.364758043470093,1,5,1,0
6143,1,3,54.23596229707604,48.5935654455342,0,3,0,1
6144,0,2,30.33337843736939,17.181826371081605,0,4,1,0
6145,0,3,35.56746951930163,27.15024297546949,0,3,1,0
6146,0,2,37.894741756799455,31.440144604571195,0,6,1,0
6147,0,3,34.34553791588785,20.002233243566643,0,5,1,0
6148,1,3,62.96382309898709,63.403304730238375,0,3,1,1
6149,0,3,100.0,21.954913909238652,0,5,1,0
6150,1,3,47.73108276127572,63.50452737870976,0,7,0,0
6151,0,3,63.25671360515057,34.689502950743616,1,5,1,0
6152,1,3,51.80072162196054,54.712590439686764,0,6,1,1
6153,1,3,61.35844841815177,55.336701441098796,0,7,0,0
6154,1,3,59.210364424282,54.74001443677347,1,3,0,0
6155,0,3,65.6673056522158,40.68577392157758,0,5,0,1
6156,0,3,45.435287335739595,27.54147826628609,0,2,1,0
6157,0,3,22.53585967096736,6.986053853482679,0,3,1,0
6158,0,3,21.649552160360464,13.982661263025417,0,1,1,0
6159,0,3,45.92588664473389,27.582329397650916,0,1,1,0
6160,0,2,16.40284757789226,15.429218771868769,0,8,0,0
6161,1,3,47.043306065292896,52.24773874870541,0,6,1,0
6162,1,3,55.957563270583876,49.08628628642704,0,3,0,1
6163,0,2,54.50408366297747,37.92991522216171,1,7,0,0
6164,0,3,30.72642026084762,23.506017133931383,0,5,0,1
6165,1,2,47.446548925837085,54.40092500734596,0,5,1,0
6166,0,3,47.60434877270524,35.73444449612538,0,5,1,0
6167,0,3,64.95379511880776,41.04562868519149,0,5,1,0
6168,0,3,56.107741820487945,37.90935609259305,0,2,1,1
6169,0,3,49.93686587902964,29.14608381355487,1,4,1,1
6170,0,3,63.30756782586421,40.30320284396166,1,6,1,0
6171,0,3,58.01933543000947,37.91913314900655,0,4,1,0
6172,1,3,79.64937556829116,76.6108711123067,1,8,1,1
6173,0,2,64.70967364373452,36.0920799417069,1,2,1,1
6174,0,3,36.3788495329279,36.60840845144485,0,5,1,0
6175,1,3,64.02618358557966,50.367774545129464,1,2,0,1
6176,0,3,45.830009168908866,25.050613504938347,0,6,1,0
6177,1,3,84.18546385730454,79.54607870246022,1,6,0,1
6178,0,3,50.73269249292272,25.285134939112346,0,5,0,1
6179,0,3,40.175706407378435,22.450683229201847,0,3,0,0
6180,1,3,48.49366465215054,54.07794956737045,0,6,0,1
6181,0,3,53.41085696848079,37.02236868914504,0,7,0,0
6182,1,3,41.21180991224786,40.87600855928188,0,2,1,0
6183,0,2,55.25051350827685,23.908064377434762,0,1,1,0
6184,0,3,77.72280160618195,59.94490746570276,1,5,1,1
6185,1,3,33.094541797541794,34.45003582342103,0,2,0,0
6186,0,3,55.99455276408907,35.843742572459895,1,6,1,0
6187,1,2,22.483276427107626,54.02024140084393,0,8,0,0
6188,1,2,25.10704321201347,30.1572693191964,0,5,0,0
6189,0,3,50.93116655492071,34.793270433336495,0,5,1,0
6190,0,3,46.67782510570658,22.576468364986585,0,3,1,0
6191,0,2,45.79081282926907,27.38428711175396,0,8,1,0
6192,0,3,45.32321544388659,46.839469212957695,0,12,1,1
6193,0,3,45.02976109395725,47.580604782271934,1,4,1,1
6194,1,2,43.32818088030671,53.96752734456624,0,2,0,0
6195,1,3,0.0,50.21508116427517,0,4,0,0
6196,0,3,30.16410404385355,20.134758275114855,0,6,1,0
6197,0,2,58.028799321332976,42.66340086269425,1,5,0,0
6198,0,3,47.20402759124575,36.83343503147892,0,4,1,0
6199,1,2,54.17582677267241,66.5155593894247,0,7,0,1
6200,0,3,56.24381172520546,46.47807774740891,1,4,1,0
6201,0,2,35.89754204253623,34.45999325457463,0,4,1,0
6202,1,3,40.020143372673594,50.986930044644765,0,3,0,1
6203,0,3,25.23610187995291,15.911130474663135,0,0,1,0
6204,0,3,38.099189120731175,24.085829870378333,0,4,1,0
6205,0,3,38.22703438655492,25.430067791210362,0,7,1,0
6206,0,3,43.41325482372437,26.210804399550995,0,3,1,0
6207,1,2,60.89155575312931,65.08166331550424,1,5,1,0
6208,0,3,45.2645232029037,46.067382490720426,0,8,0,1
6209,0,3,58.162059054503935,52.87906111800706,0,6,1,1
6210,0,3,88.91382954733439,60.62205273890981,1,4,0,1
6211,0,3,45.812679666824565,25.64387992584892,0,7,1,0
6212,0,2,43.30791304876896,35.65797382503727,0,9,0,0
6213,0,3,67.54300998089494,43.6555801120551,1,6,1,0
6214,0,3,0.0,3.4269907508906066,0,5,1,0
6215,0,3,48.71089010765698,40.41743458873063,0,5,1,0
6216,0,2,34.63894115798281,29.802822472271032,0,4,1,0
6217,0,3,66.76918586243148,34.06346722532681,1,3,1,0
6218,1,3,67.61902780756475,66.84498888817824,1,3,0,1
6219,0,3,75.76155980093365,51.124822082675394,1,6,1,1
6220,1,2,30.40311250320744,40.98736724966692,0,3,0,0
6221,1,3,12.775239900133734,51.163605142150175,0,4,0,0
6222,0,2,54.06429327436401,29.00994855675848,0,4,1,0
6223,0,3,40.27499822316713,30.88297971973418,1,6,1,0
6224,0,2,61.47860848706787,37.07496082199997,1,4,0,1
6225,0,3,64.24405881888097,49.01322264385418,1,4,1,0
6226,0,3,52.15316292685901,42.888612334627304,0,6,0,1
6227,0,3,69.29890668928994,48.13272511697617,1,6,1,0
6228,0,3,55.840575875662125,35.93650047291599,1,5,0,0
6229,0,3,48.31263510426235,23.566635180849897,0,3,0,0
6230,1,3,53.73563779911579,63.06097053150456,0,5,0,1
6231,0,3,34.71395736209673,10.172079000008887,0,3,1,0
6232,0,3,72.98738766359706,40.75335315151273,1,5,1,1
6233,1,3,43.17866592206116,50.1419883410392,0,7,0,1
6234,0,3,100.0,73.72783009629867,1,9,1,1
6235,1,3,54.82257315599533,63.61525377345954,0,0,0,0
6236,0,3,46.38253992672435,53.46869089823139,1,2,0,1
6237,0,3,46.067192049026524,38.01082896140729,0,6,0,0
6238,0,2,59.20000973805526,40.769148804119574,1,3,1,1
6239,0,3,49.164105318352455,41.69593574609352,0,7,1,0
6240,0,3,76.85074705700767,52.170225069871734,1,4,1,1
6241,0,2,50.96318831389573,28.18807064586157,0,3,1,1
6242,0,3,43.85617171500017,27.593612450517742,0,2,1,0
6243,0,3,34.69851517967158,25.1457275393836,0,8,1,0
6244,0,3,60.57292019158846,59.14490521033617,1,8,1,1
6245,0,3,50.61818702467668,24.561046224054184,0,5,1,0
6246,0,3,57.03680844773156,34.85338233890927,0,5,1,0
6247,0,3,43.54442230651528,44.25013823331022,0,10,1,1
6248,0,3,49.19502022603103,40.24253744123332,0,6,1,0
6249,1,3,37.60567577097685,46.67488320613259,0,2,0,0
6250,1,3,61.89695764326309,63.017683353844255,0,3,0,0
6251,0,3,34.698592533346584,35.97091475930418,0,7,0,0
6252,0,3,57.193239759874714,35.663102579394725,0,7,0,0
6253,0,3,63.49436827524894,44.86576515738683,1,7,0,1
6254,0,3,36.69233227155165,35.356308675709855,0,8,1,1
6255,0,3,48.605750774157805,36.93756085071091,1,6,0,0
6256,1,2,36.459531546530926,43.994478330434625,0,5,0,1
6257,0,3,52.15697076641487,33.0242437049236,0,5,1,1
6258,0,3,52.831089548588366,41.802180016964925,1,5,0,0
6259,1,3,62.90540464729738,56.96761692195548,1,4,1,0
6260,1,3,83.15887358811489,83.37511223026809,1,4,0,1
6261,0,3,34.46150052119041,21.355748811655438,0,6,0,0
6262,1,3,57.212098524656994,59.198883080912715,1,4,1,1
6263,1,3,36.65754358318031,52.33137324787014,0,5,0,0
6264,1,3,44.40732163020927,48.138044413386346,0,4,1,1
6265,1,3,90.90307391878662,75.93146455975351,1,4,0,1
6266,0,3,31.5500288776022,17.60623356166536,0,4,0,0
6267,0,3,60.64357691451883,30.324584170536856,1,4,1,1
6268,1,2,60.73613436674912,66.21537681647621,1,8,1,1
6269,0,2,80.42202714226772,62.09868141313685,1,5,1,1
6270,0,3,36.992801727675065,4.935661892505512,0,1,1,0
6271,0,3,73.07449091208407,43.74141844718035,1,5,0,0
6272,1,3,58.48361785684657,67.32112023948321,1,4,0,1
6273,0,3,54.269178287295134,25.324488066052215,0,2,1,0
6274,0,3,46.81302818957606,45.1077115744323,0,5,0,0
6275,0,3,35.556268605331525,23.259332488377616,0,6,0,0
6276,0,3,82.54641871449209,75.80438001774377,1,10,0,1
6277,0,3,48.348102691458266,41.80466013352214,0,4,1,0
6278,0,2,40.03828423464495,29.119889496115285,0,6,1,0
6279,0,3,74.33350519635353,33.02608211241237,1,3,1,1
6280,1,3,47.47146909913463,47.66836102118612,0,5,1,0
6281,1,3,48.246572698677774,55.53286221831399,0,3,1,0
6282,0,3,37.79066206426098,31.97494995377602,0,4,1,0
6283,0,2,73.88852507182008,32.34227422208348,1,4,1,1
6284,1,3,68.69774767265723,75.15866981379173,0,4,1,1
6285,0,3,56.37074108378092,32.183623294277155,0,4,0,0
6286,1,2,60.82251241165529,72.34741640799852,1,7,1,1
6287,0,3,74.4144832769685,57.50701515045546,1,6,1,1
6288,1,3,24.39566590343003,17.531592575871745,0,0,0,0
6289,0,3,54.8667981792359,36.25187260810072,0,3,1,0
6290,1,3,46.25040726703369,56.40756234189147,0,5,0,1
6291,1,3,19.6144034989437,24.838885698459684,0,5,1,0
6292,0,3,54.3566057319012,25.488805564378133,0,3,1,0
6293,0,3,67.04862820078833,42.12985628700472,1,7,1,0
6294,0,3,41.52415008852339,16.80590051523276,0,1,1,0
6295,0,3,34.78306191792151,25.53247228609858,0,3,1,0
6296,0,3,46.15475142155926,52.514716825523664,0,11,1,0
6297,0,3,47.62959959705893,23.698701058733896,0,3,1,0
6298,0,3,40.320244573065565,24.119241550866278,0,5,0,0
6299,0,3,16.82678765606787,10.83434741696574,0,6,0,0
6300,1,2,24.382578751830486,39.54676141944804,0,5,1,0
6301,1,3,55.89653954038655,69.68016122414227,0,6,0,1
6302,1,3,16.37586521191267,30.82372093459527,0,5,0,0
6303,1,2,62.08327674836072,69.19189749745338,1,5,0,1
6304,0,3,56.37671174742647,27.0972834426085,0,2,1,0
6305,1,2,51.3899793983738,49.13178887392603,1,3,0,0
6306,1,3,41.46709994546615,51.37775656800102,0,3,0,0
6307,0,3,55.83986493895868,41.13871095293229,0,5,1,0
6308,1,3,38.28902711961495,60.027071616278974,0,8,0,0
6309,0,3,49.65158216284777,35.71035787836689,0,6,1,0
6310,0,3,76.80771138084249,47.30346889257672,1,5,1,1
6311,1,3,45.75990756974959,57.06235425071189,0,3,0,0
6312,0,3,54.91604765403431,34.521565816605815,1,4,1,1
6313,0,2,48.22315061704863,42.03444847898438,0,5,1,0
6314,1,3,60.50004305682231,63.178891473320775,0,7,0,1
6315,0,3,54.426315608255436,30.902506158012127,0,4,1,0
6316,0,2,43.876103513392025,38.13073684190964,0,5,1,1
6317,1,2,60.406778721283246,59.92231587839527,1,6,0,1
6318,0,2,100.0,19.51357393820465,0,3,1,0
6319,1,3,46.29751741275667,44.99634518461491,0,5,0,0
6320,1,3,72.79846022311824,79.83408721407886,1,5,1,1
6321,0,3,52.570428805056665,45.7732461487409,0,6,1,1
6322,0,3,23.46392238913156,24.89409775018997,0,3,0,0
6323,1,3,88.65722023096457,84.78430798658276,1,3,0,1
6324,1,3,41.3057275025296,46.9733247867327,0,3,0,0
6325,0,3,17.93859159413427,14.779951324355906,0,10,1,0
6326,0,3,59.85376116724707,41.53633898791188,0,4,1,0
6327,1,3,33.24276525937865,52.33546021554786,0,10,0,0
6328,1,3,50.16701836919817,46.45695383716397,0,3,0,1
6329,0,3,52.10561539867528,39.517856158510796,0,9,0,1
6330,0,3,68.7536671431445,49.88624895235109,1,3,1,0
6331,0,2,40.76690226229551,9.85928008283001,0,4,1,0
6332,0,3,59.00386994034606,45.230966946872414,0,6,1,0
6333,0,3,29.966978513319013,30.107231455984184,0,6,1,0
6334,0,2,41.96321393631324,39.84987194531098,0,5,1,0
6335,0,3,31.551189570587667,24.756582663973433,0,4,0,0
6336,1,3,50.30308097394178,59.06164300073935,0,4,0,0
6337,0,3,35.814364155682355,14.17377895530564,0,3,1,0
6338,0,3,62.40848034387243,40.024216367660976,1,7,0,1
6339,0,3,70.640842998913,42.60523315107759,1,3,0,1
6340,1,3,44.610281410757004,53.121575118182925,0,7,0,1
6341,0,3,68.43029273439737,36.166737110797456,1,2,1,0
6342,1,3,30.5009676214383,31.714670880772886,0,5,0,0
6343,0,3,26.945738992725843,10.953249732241026,0,3,1,0
6344,0,3,71.60400206596655,55.19487434183835,1,1,0,1
6345,0,3,44.612852085161734,36.07132248142079,0,6,0,1
6346,0,3,73.75169831877983,43.48196640439049,1,0,1,0
6347,0,3,51.089582304191595,39.46446158505151,0,5,1,0
6348,0,3,50.54234445255508,43.02387172074188,0,5,1,1
6349,0,3,100.0,84.26569736449115,1,9,1,1
6350,0,3,28.94571734593049,24.868934743121613,0,2,1,0
6351,1,3,22.331211399490144,53.73564700118667,0,3,0,0
6352,0,3,49.55810392704236,44.22546274490697,0,4,0,0
6353,0,3,34.17576260529613,20.363506257602772,0,6,1,0
6354,1,2,35.134059561387424,47.780548300868,0,9,0,0
6355,0,3,23.49209548250646,13.365572267772121,0,5,0,0
6356,1,3,74.6844455617954,60.94853680056119,1,4,1,1
6357,1,3,38.502761144188526,51.33701549081952,0,5,0,0
6358,0,3,64.57523579125056,50.83000514902972,1,4,0,1
6359,1,2,46.72263465514111,57.565114324431164,0,5,0,1
6360,0,3,40.3996595362862,17.481069722763245,0,2,0,0
6361,0,3,59.25804742425477,33.13974472809638,0,4,1,0
6362,0,3,61.30395157710885,36.752022450385184,1,8,1,0
6363,1,3,28.090252932550708,42.01427674679186,0,7,0,1
6364,0,3,47.01421744848016,24.628635010678153,0,4,0,0
6365,1,2,51.00763626474673,56.90719105045183,0,3,0,0
6366,1,3,44.90568256981217,45.67805139529054,0,7,1,0
6367,0,1,33.577785851786835,18.692328479310905,0,3,0,0
6368,0,3,56.11982969692129,39.856464893017204,1,6,0,1
6369,0,2,51.55761587934241,48.675683813487304,0,11,1,1
6370,0,3,58.08380017081123,36.70396753951717,0,2,1,1
6371,1,3,15.324100109528603,24.31959376106809,0,6,0,0
6372,0,2,51.19464421833458,27.357865619995938,0,3,1,0
6373,0,3,100.0,31.839596955433148,0,2,1,0
6374,1,3,27.659753342687324,30.46997209639203,0,3,0,0
6375,0,3,43.23264527380582,43.09848532030474,0,8,1,1
6376,0,3,65.81777374150444,46.52881476475726,0,3,0,0
6377,0,3,37.01568257967064,34.86055654817775,0,5,1,0
6378,0,2,50.297900488896815,25.681683632943646,0,4,1,0
6379,0,3,14.842347301610422,15.850957323154525,0,8,1,0
6380,0,3,55.40374233348523,44.76494168276399,0,6,0,0
6381,0,3,51.878055688775795,37.52675635493167,0,4,0,0
6382,0,3,48.152785077089554,37.61889354416263,0,5,1,0
6383,1,3,40.52053226088775,37.52590472691966,0,3,0,0
6384,1,2,37.1537973179674,44.20439462538821,0,6,0,1
6385,0,3,44.54842212531182,26.933278137710456,0,4,1,0
6386,1,3,49.43531033572594,39.72478103147155,0,0,0,0
6387,0,3,52.08912226007677,13.863266894905012,0,3,0,1
6388,0,3,55.06537346862207,39.858866200612965,0,2,1,0
6389,1,3,46.72370028317196,38.41575444002947,0,1,1,0
6390,1,3,44.65868183349136,57.25869006749746,0,7,1,0
6391,0,3,61.80014349140576,40.70532164802428,1,3,0,1
6392,1,3,58.025982474651116,67.41810593510803,0,6,0,1
6393,0,2,49.56851271256926,32.79403398220656,0,1,1,1
6394,0,3,75.60741367029324,46.51958121768519,1,6,1,0
6395,0,3,1.1383073926675666,1.9047651501377343,0,7,0,0
6396,1,3,50.1885454885323,56.06773751532331,0,6,0,1
6397,0,3,54.50783481003866,43.88780453825861,0,8,1,0
6398,1,3,72.28846092866897,71.77115831639784,1,5,0,1
6399,1,3,59.133349988817244,61.20288601737759,0,2,1,1
6400,0,3,64.93469509021574,57.15550781055503,1,6,1,0
6401,0,2,72.2365789599594,50.944155906371144,1,2,1,1
6402,1,3,62.015941896823506,63.369452777202014,0,4,0,1
6403,0,3,64.86179893297533,51.6508012126907,1,4,1,1
6404,1,3,59.07386656602109,57.321580341737786,0,5,0,1
6405,0,3,43.87598327221826,49.71771499982254,0,10,0,1
6406,0,3,58.96707010603474,33.6000252734695,0,4,1,0
6407,0,3,24.040570414902493,14.692107040418481,0,2,0,0
6408,1,3,79.20737797564215,76.75710898547214,1,5,0,1
6409,0,2,68.86446273644587,50.528990118993605,1,4,1,1
6410,1,3,55.473095212197826,58.22789194901509,0,6,0,1
6411,0,3,37.87255896917216,24.916152286421013,1,6,1,0
6412,0,3,49.7935828320245,33.481441452215826,0,6,1,1
6413,0,3,45.77395724485372,46.10951522160812,0,6,1,0
6414,0,2,69.83280429135017,38.22956291295725,1,3,1,1
6415,0,3,59.93591589216931,46.16286567063596,1,6,0,0
6416,0,3,60.53793464957515,42.08861769173905,1,4,1,0
6417,0,3,51.190667723249284,36.689946299699066,0,3,0,0
6418,0,3,42.42893729960516,28.551373359261557,0,2,0,0
6419,0,3,27.306655573887888,25.368103384498284,0,3,1,0
6420,0,3,38.074342056281736,30.71754501022569,0,3,0,0
6421,0,3,53.34887845963645,40.39015206487702,1,7,0,0
6422,0,3,50.38890405720141,37.251440640818075,0,2,0,0
6423,0,3,52.12143807845265,38.59526073923436,0,3,1,0
6424,0,3,54.7257809714641,49.299448902794595,0,7,0,0
6425,0,3,39.176139750157596,12.430007967107422,0,5,1,0
6426,1,3,40.57131466614153,41.23195633049874,0,4,1,1
6427,0,3,41.0450000289513,18.173573923986563,0,5,1,0
6428,0,3,47.94575447845757,43.641664296155355,0,7,0,0
6429,0,3,33.826435419694036,27.272035487680444,0,3,1,0
6430,1,3,28.623906874329386,31.817177163033264,0,3,0,0
6431,0,3,23.315186301023488,19.23294752086779,0,7,0,0
6432,0,3,39.51270087625003,25.925506330116722,0,4,1,0
6433,0,3,69.19738613766151,36.722380248360196,1,3,1,0
6434,0,3,67.83294268306315,57.71855924236858,1,5,1,0
6435,1,3,42.98661654847233,41.59297278802527,1,2,0,0
6436,0,3,47.704403674522545,34.26603750629472,0,8,1,0
6437,0,3,44.125011059069436,23.427913824270934,0,7,0,0
6438,0,3,75.36508599468311,40.66753784518507,1,3,1,0
6439,1,3,0.0,56.93440683093158,1,5,0,1
6440,1,3,86.18020543118404,66.05951001082501,1,4,1,1
6441,1,3,69.74542770565294,64.60076934303277,1,6,0,1
6442,1,3,56.633348955629785,69.86856700926253,0,6,1,1
6443,0,3,45.63520209004152,35.54579530671456,0,5,1,0
6444,0,2,37.438972140823154,37.142208119193555,0,3,1,0
6445,1,3,34.87374579479102,30.299910850851827,0,4,0,0
6446,1,3,25.061754303225893,46.26313666394981,0,5,0,0
6447,0,3,43.61548465807334,44.55553503315682,1,6,1,0
6448,1,3,72.74422650563412,89.6268274644786,1,6,1,1
6449,1,2,28.039069824112886,48.41316361948051,0,5,0,0
6450,1,3,56.05431198571996,67.20794898103703,0,7,0,1
6451,0,3,74.03319781571011,58.69430515826433,1,4,1,1
6452,0,3,46.24262204450928,37.28834830953951,0,3,1,0
6453,0,3,60.61052985177554,47.54471764873228,0,5,1,0
6454,0,3,83.08853378270916,54.28485709505601,1,6,1,1
6455,0,3,50.46180035010266,37.59479944783616,0,4,1,0
6456,0,2,78.25167146423196,36.04113902187898,1,1,1,1
6457,0,3,38.628013163058576,22.085441413393312,0,7,1,0
6458,0,2,55.36845776830776,35.70305100386943,0,7,0,0
6459,0,2,23.04845830818411,11.68212306383213,0,4,0,0
6460,0,2,41.31059166838578,38.07149027945355,0,7,1,0
6461,1,3,40.832294593846996,52.11157865138655,0,3,1,0
6462,0,3,84.43940333224917,62.094106938127574,1,5,1,1
6463,0,3,100.0,57.56264151468895,1,5,1,1
6464,0,3,77.83005713261437,50.407793258768194,1,2,0,1
6465,1,3,63.96242645180632,72.50050656247842,1,6,0,1
6466,0,3,41.08610728155936,24.785983799543512,0,4,1,0
6467,0,3,65.34554097066717,39.55425370034046,1,5,1,1
6468,0,3,23.210520764898963,13.847539639612604,0,5,0,0
6469,1,2,45.218634605538895,41.20017072035169,0,5,0,0
6470,1,3,5.929261334833273,26.652909438371015,0,6,0,0
6471,0,3,51.685604232197576,45.405967848937046,0,5,0,0
6472,1,3,40.71060433615232,46.71076333428289,0,6,0,0
6473,0,3,44.908060726279864,23.151746669828526,0,4,1,0
6474,1,3,50.198179218366484,62.121509807570675,0,5,0,0
6475,0,3,51.982787119704874,53.852123372793315,0,6,1,1
6476,0,2,39.18241740043979,22.195713469037415,0,4,1,0
6477,0,3,39.305244283402104,34.56574262608522,0,5,0,0
6478,0,3,27.066519584630246,20.267769990757376,0,8,1,0
6479,1,3,43.3153083095019,56.868436971922065,0,5,0,0
6480,0,2,49.1464670140267,49.63085953102077,0,9,0,1
6481,0,3,48.48655453975549,36.75566317250945,0,4,0,0
6482,1,3,52.94802077569569,62.757081457346416,0,8,0,1
6483,0,3,49.93025088284682,35.3883273266887,1,6,1,0
6484,0,3,13.545107030400356,13.514371079074081,0,7,1,0
6485,0,3,30.620030273328712,0.0,0,0,0,0
6486,0,3,44.14049437975923,31.831551759872802,0,5,1,0
6487,1,3,40.22521292462274,33.69446399960437,0,4,0,0
6488,0,3,70.87306427657263,50.97292200579611,1,6,1,0
6489,0,2,58.86803753241771,39.535953611672866,1,3,1,0
6490,0,3,45.3539242502267,35.85013257496349,1,5,1,1
6491,0,2,56.61538924717556,38.013647528059316,1,4,1,1
6492,0,3,61.474405592535035,56.971290669946136,1,9,1,1
6493,1,3,39.88374258618015,48.16610443048206,0,6,0,0
6494,0,2,81.75269801313375,54.72468563604992,1,7,0,1
6495,0,3,47.042698472271624,37.271362587490486,0,6,1,0
6496,0,2,65.27034285594391,51.61989345487038,1,5,1,1
6497,1,3,66.99821372637882,77.0485563079746,1,6,1,1
6498,1,3,33.82250989930307,36.333334212264575,0,3,0,0
6499,0,3,43.788058950092775,33.23769974844473,0,4,1,0
6500,0,3,55.23592464858753,35.3530044278564,0,1,1,0
6501,0,3,70.81122722011742,52.01332602506029,1,3,1,1
6502,0,3,62.62968050153378,44.23226486091594,0,3,1,0
6503,1,3,85.75459485699704,82.51710223987266,1,4,1,1
6504,0,3,61.33341727975883,27.33620677496184,0,3,1,0
6505,1,3,29.57843829676828,34.92730729422885,0,4,0,1
6506,1,3,69.69880016171922,63.50752274797334,1,5,0,0
6507,0,3,64.22437788149846,37.2065277821477,0,5,1,0
6508,0,3,57.33031832558747,38.072448781266516,0,0,1,0
6509,0,3,63.849615671112026,43.84483791939046,0,2,1,0
6510,0,3,5.220790339407621,3.297124382631532,0,3,1,0
6511,0,2,30.68683245033559,30.2225563896315,0,5,1,0
6512,0,3,70.17747626748437,43.89259896216731,1,2,1,1
6513,0,2,55.326946850135094,36.976453745510874,0,3,0,0
6514,1,3,30.200242818415074,48.83943779413695,0,6,1,0
6515,0,2,57.04231902887858,35.924805971613885,1,7,0,1
6516,0,3,50.627800130738095,37.523801010994134,0,6,1,0
6517,0,2,39.76974668915576,34.84364683153251,0,5,1,0
6518,0,2,50.187943136814425,25.652849358551162,0,5,1,0
6519,0,3,49.27222992426641,53.191604102333244,0,11,1,1
6520,0,3,34.4456760178255,26.70734676000289,0,4,1,0
6521,0,3,70.70841624311845,36.50756345513415,1,2,1,1
6522,1,3,49.41968456087049,46.40928657259313,0,1,0,0
6523,0,3,27.171303036091068,14.856231767930499,0,5,0,0
6524,0,3,63.13912080863034,38.35122375140162,1,3,1,1
6525,0,2,50.878329432115464,46.33941400562354,0,7,0,0
6526,0,2,33.00296209693822,28.723507663995438,0,6,1,0
6527,0,3,61.129121601635504,28.01565970272799,1,1,1,0
6528,0,3,74.94531632972584,54.511936249365185,1,3,1,1
6529,1,3,30.231313836889324,55.80600520236162,0,7,0,1
6530,0,3,43.45629027627743,43.26978702308987,0,10,0,0
6531,1,3,57.86634287398508,50.000187172912405,0,2,0,0
6532,1,3,51.81579579866683,59.534261921000706,0,5,0,1
6533,0,3,63.47609039978131,36.33422538518014,1,4,0,1
6534,0,3,13.73987543036176,22.86450478048443,0,7,0,0
6535,0,3,52.75860821182873,47.045616904348044,0,8,1,1
6536,0,3,54.895024076313,26.087811159382102,0,4,1,1
6537,0,3,28.497427837727255,29.060177694792316,0,7,1,0
6538,0,3,26.716676283547596,10.06894599186279,0,4,0,0
6539,0,3,20.164304842177373,31.871579762510933,0,5,0,0
6540,1,3,47.13081018628104,44.81579507351312,0,4,1,0
6541,0,2,78.25630708292952,56.178917307641214,1,6,1,1
6542,0,2,35.01580216921274,16.209991583020805,0,3,0,0
6543,0,3,52.23351214196542,48.1996846693781,0,5,1,0
6544,1,3,56.89682800435851,64.65683903472204,1,4,0,1
6545,1,3,52.62203722445054,69.8511312746899,0,7,0,1
6546,1,3,31.524613533192092,31.852614266410953,0,2,0,0
6547,0,3,50.05033981747397,40.26372123177574,0,4,1,0
6548,1,3,15.069003662174202,38.08389015607941,0,6,0,0
6549,0,2,63.69489421001081,37.88192860180235,1,5,1,0
6550,1,3,82.8712117946775,85.76132850441599,1,7,0,1
6551,0,3,38.820220872954756,23.871046897621707,0,4,1,0
6552,0,3,23.326624694783533,5.64268995128571,0,4,1,0
6553,0,3,61.403669286355004,63.89879635978464,1,8,1,1
6554,1,3,45.035532033555484,50.1145395811794,0,6,0,0
6555,0,3,26.86663854551145,27.288469516769855,0,10,1,0
6556,1,3,64.09836894387398,65.9293169906329,0,7,0,1
6557,1,3,72.18894587972332,83.81551506326544,1,9,0,1
6558,0,3,60.921627948094326,37.35927800866754,1,4,1,0
6559,0,3,20.017970974626664,14.017589530543232,0,6,0,0
6560,0,3,41.58171099403099,32.537297536049905,0,4,1,0
6561,0,3,40.376483460656026,25.885773672731684,0,4,1,0
6562,0,3,48.52349640410811,28.559348819044896,0,7,1,0
6563,0,3,35.83021845055094,28.156846265308985,0,7,1,0
6564,0,3,27.164684082486378,22.290795096976506,0,7,1,0
6565,1,3,46.877298864910784,50.35807868149212,0,6,0,0
6566,0,3,64.4151515502209,53.174971518455415,1,7,1,1
6567,1,3,47.680194324578636,50.63181111327117,1,4,0,0
6568,0,2,70.07071485461901,39.08213452661817,1,4,0,1
6569,0,3,43.47612766942721,26.8645366245112,0,7,1,0
6570,0,3,73.50447145534262,37.54722602197355,1,2,1,1
6571,0,3,50.35629837268568,43.98300454772222,0,6,1,0
6572,0,2,50.84721568575986,25.61002512412432,1,5,1,0
6573,0,3,69.84930957060254,37.489433792764906,1,2,1,0
6574,0,3,48.55826426725734,42.398417580114426,0,6,1,0
6575,0,3,68.89679201398889,22.648716440850013,0,3,1,0
6576,1,3,37.62829291063706,48.044215179431546,0,3,0,1
6577,0,3,56.330801289381355,36.491006692241086,1,6,1,1
6578,0,3,53.926107740360465,31.966905955529988,1,5,1,0
6579,0,3,50.939627383364424,44.74157713524476,0,4,1,0
6580,0,2,46.644666603542824,31.353355609608286,0,6,1,0
6581,0,2,42.3095704888902,23.19771253150836,0,5,1,0
6582,0,2,51.47799687061222,42.915485419704225,0,8,0,1
6583,1,3,56.838667820522396,54.636819454980305,0,5,0,1
6584,0,3,48.17554048155639,20.747283065006663,0,2,1,0
6585,0,3,52.87468177014661,54.771170551488254,0,10,1,1
6586,1,3,32.595426028563,34.61849215463735,0,4,0,0
6587,0,3,38.20246948339758,15.705796409758626,0,5,1,0
6588,1,3,61.893829072931084,63.671209925580264,1,9,0,1
6589,0,3,49.5337242418897,26.600082884944015,0,5,1,0
6590,0,2,67.62477117505954,51.85140841984973,1,8,1,1
6591,1,3,37.135550857471436,59.42200945838378,0,6,0,0
6592,0,3,61.884268329819925,47.696642391002094,1,3,0,0
6593,0,3,88.21866110655243,61.900638987194824,1,2,1,0
6594,0,3,57.89942288744725,26.723986435376727,1,4,1,0
6595,0,2,75.53983412033574,62.16444708579751,1,6,1,1
6596,1,3,34.931589517974615,54.735167682859085,0,4,0,0
6597,1,3,78.08917488880914,78.1979292903503,1,7,0,1
6598,0,3,53.71967672010501,44.24963920845673,0,5,1,0
6599,0,3,55.70015355279542,46.29080119472474,0,5,1,0
6600,0,3,59.8028874190903,33.217753479422655,1,4,1,0
6601,0,3,71.38834231069615,46.236820632807635,1,4,1,1
6602,0,3,52.12446762552462,28.083827873520093,0,7,1,0
6603,1,3,69.08005852480818,68.71941727263201,1,8,1,1
6604,0,3,73.72118776609781,53.20220978942293,1,4,1,1
6605,1,2,40.90194182273467,39.63566194932565,0,5,1,1
6606,0,2,91.91381588173108,34.01958048455916,1,9,0,1
6607,0,3,100.0,44.18089611681188,1,8,1,0
6608,1,3,50.96619503007854,61.00088891394135,0,7,1,1
6609,1,2,52.19256342328295,51.06193087314976,0,5,1,0
6610,0,3,44.37066912720005,34.0817545465265,0,8,1,0
6611,1,2,57.54956279859829,68.92507428528444,1,11,0,1
6612,0,3,43.04234349338297,37.103902145352926,0,4,1,0
6613,0,3,45.30350480106194,34.79684670291821,0,3,1,0
6614,0,3,78.94504154836893,64.76216945369906,1,9,1,1
6615,0,2,43.062041555349886,29.731526999741906,0,1,1,0
6616,0,3,71.67465719678866,28.600575651092104,0,2,1,0
6617,1,3,62.84984406054894,66.84222996545267,1,3,1,1
6618,1,2,63.16712789973408,75.71251632506684,1,7,0,1
6619,0,3,55.57827488808022,20.780073114209777,0,3,0,1
6620,0,3,45.45485501870269,33.79173668194245,0,3,1,0
6621,1,3,46.75534301886302,54.92926268320658,0,4,0,0
6622,0,3,31.820575102446785,37.89110023014304,0,8,1,0
6623,1,3,50.52802927861829,50.89847389829922,0,2,1,0
6624,0,3,69.63481926989233,34.5066280351452,1,5,0,0
6625,0,3,35.34691957877924,27.802807440258654,1,2,1,0
6626,0,3,36.93111444696555,31.53527995774209,0,4,0,0
6627,0,3,72.02957714942272,53.201046970071545,1,6,0,0
6628,0,3,58.28934944215839,43.692341006481385,0,4,1,0
6629,0,3,58.699138191586215,30.03408120206469,0,1,0,0
6630,1,3,61.94919176960151,66.9483380816956,1,8,0,1
6631,1,3,65.29092408330166,61.40632259010725,1,1,0,1
6632,0,3,53.09718342963171,45.069681885654035,1,5,1,1
6633,0,3,45.179728130658745,32.225022085313505,0,9,1,1
6634,0,3,54.49567193669868,25.62530019350162,0,2,1,0
6635,0,3,40.96652446053304,33.99982221065032,0,4,1,0
6636,1,3,48.16481849062781,45.196035071489206,0,2,0,1
6637,0,3,39.231307220818955,26.668864174294168,0,4,1,0
6638,1,3,49.40396724964603,68.45152350591938,0,7,1,1
6639,0,3,70.46730838301336,48.591424728428684,1,4,1,1
6640,1,3,30.971316048546065,47.4665900110595,0,3,1,0
6641,0,3,25.9894340186273,17.43403451502625,0,7,1,0
6642,0,3,35.63251785411856,23.244997977258983,0,5,1,1
6643,0,3,42.040968201113216,32.777393932139056,0,7,1,0
6644,0,3,29.70539687989395,27.311168650754162,0,4,0,0
6645,0,3,29.356307050244553,26.162838506740304,0,5,1,0
6646,1,3,63.081563821119275,61.37278809462647,1,5,1,1
6647,0,2,56.03499901464771,29.48979311006547,0,1,0,0
6648,0,3,33.723376700227575,33.911271763043636,0,6,1,0
6649,0,3,49.404369199240655,45.63140130416533,0,6,0,1
6650,0,3,55.550760239310385,23.56611731569449,0,2,1,0
6651,1,3,46.05546872153526,59.26011994463988,0,4,0,0
6652,0,3,44.50261611686293,26.446664565888348,0,1,1,0
6653,1,2,38.15966826534798,37.861375917855106,0,3,1,0
6654,1,2,89.7491717343053,90.7718417272896,1,6,1,1
6655,1,3,29.519046924711187,26.043880336721173,0,4,0,0
6656,0,3,100.0,68.1632022996572,1,4,1,1
6657,0,3,32.48612232685673,34.51426008360912,0,5,1,0
6658,0,3,66.69136536250558,51.016809693646344,1,5,0,1
6659,0,3,48.88522621869126,41.704831932374724,0,5,1,0
6660,1,3,29.171346768250938,53.950500080238776,0,7,1,1
6661,1,3,21.61487719231159,53.88198572235873,0,3,0,0
6662,0,3,30.80283148621799,20.150484954565755,0,5,0,0
6663,0,3,44.91746354237983,41.976279437133336,0,6,0,1
6664,0,3,59.97300634087161,44.74180218885151,0,2,1,0
6665,0,3,72.4563085975972,32.11041249001655,0,5,1,0
6666,1,3,31.839995537636455,32.877087451001316,0,2,0,0
6667,1,3,38.99089531725041,44.29341282999107,0,1,0,0
6668,0,3,63.97088769120177,46.85845788976961,1,3,0,1
6669,1,3,70.31870415489146,70.11947801751846,1,8,0,1
6670,0,3,42.205840507537225,29.155230151903833,0,1,0,0
6671,0,3,41.81959628891364,26.39375085382652,0,5,0,0
6672,0,3,62.170452471225055,47.71214276289153,1,9,1,1
6673,0,3,39.79803999924226,52.09423129933934,0,14,1,1
6674,0,3,23.057265944558,24.26565028589187,0,8,1,0
6675,0,3,57.053054165047456,47.545316332108285,0,9,1,0
6676,0,2,28.51388312520679,13.88036239004014,0,3,0,0
6677,0,3,29.447420884614203,28.098684057235754,0,4,1,0
6678,1,2,63.4884460994846,59.918424000359295,1,3,0,1
6679,1,3,48.63435896730096,50.32405946787163,0,4,1,1
6680,0,3,81.00149519909704,54.95887500481673,1,3,1,1
6681,0,2,62.488834309575665,24.98473698321375,0,3,1,0
6682,0,3,57.24330470562994,38.28381044374273,0,3,1,0
6683,1,3,41.98139622752225,59.2749624126329,0,7,1,0
6684,0,3,59.807664992228055,29.709824687998676,1,2,0,1
6685,0,3,58.57626588922212,45.750897081443895,0,4,1,0
6686,0,2,64.7574781605372,43.321985937068334,1,5,1,1
6687,1,3,34.59535482849874,39.918516037556905,0,5,0,0
6688,0,2,70.86024174720627,49.11544568619637,1,7,1,1
6689,1,3,36.380522136075584,58.732874934065634,0,3,0,0
6690,1,3,28.77446778526955,35.49834636418964,0,4,0,0
6691,1,2,75.88055564945239,81.04573446211849,1,8,0,1
6692,1,3,49.25863768524254,67.4808366121123,0,8,1,1
6693,0,3,92.73243579047144,65.47425712572384,1,5,1,1
6694,0,3,50.07735497272006,35.51485522927488,0,4,1,0
6695,0,3,21.733306584762172,25.777191217836062,0,7,0,0
6696,1,2,50.02238087154196,50.24639587088096,0,7,0,1
6697,0,3,58.02359200495856,31.039125631103502,0,4,1,0
6698,1,3,74.98682639586185,66.98705280145109,0,8,0,1
6699,0,3,46.40662333918688,29.53604389099,0,6,1,0
6700,1,3,45.0399892701005,47.22704126751303,0,3,1,0
6701,1,3,68.11802631440224,58.85963941114547,1,4,1,1
6702,0,2,41.99847129207652,33.20457220695036,0,3,0,1
6703,1,3,50.873505868390325,58.51279304705035,0,10,0,1
6704,0,3,37.94245608943533,33.10899388060515,0,4,0,0
6705,0,3,59.456389072422404,36.16039639012732,1,5,0,0
6706,0,3,39.27605871451217,27.121767632888627,0,8,1,0
6707,1,3,39.86279083097826,52.090557120087894,0,3,0,1
6708,0,3,66.27424423805195,44.29275540536217,1,3,1,1
6709,0,3,77.27021851892012,46.23462492724566,0,3,1,0
6710,0,3,65.96069278125627,55.11517535568281,0,9,0,1
6711,1,3,40.22016772610989,58.409810911098226,0,6,0,1
6712,1,3,66.6297154072578,68.08958625121333,0,2,0,1
6713,1,3,60.281542022472664,69.88038387198729,1,2,1,0
6714,0,3,55.5174637414005,35.467532163821325,0,2,0,0
6715,0,3,49.89197935683935,32.959993433632505,0,4,1,0
6716,1,2,37.92578640844467,51.753334282492105,0,6,0,0
6717,0,3,60.66261065406847,59.94717807315011,0,9,1,0
6718,1,3,38.04603327463084,50.27142894490108,0,7,0,1
6719,0,3,36.02501460636162,33.65066716073199,0,5,0,0
6720,0,3,24.711551214112415,31.213024086083,0,1,0,0
6721,0,3,53.58481893942267,26.143417867798288,0,2,1,0
6722,0,2,49.634101891911186,20.83310667384573,0,4,1,0
6723,0,3,62.51506954944725,46.481258401863116,0,6,1,1
6724,0,2,46.503450124639485,23.757469993682754,0,2,1,0
6725,1,3,48.58598535435824,48.799112685073574,0,6,0,0
6726,1,3,25.156293643087377,32.87968547756372,0,5,0,0
6727,1,2,56.25725986171719,65.31565807426226,1,6,0,1
6728,0,3,15.53598416267155,9.960383837417474,0,3,1,0
6729,1,3,43.030503021185766,48.34619553294536,0,7,1,0
6730,0,3,65.36392449218604,49.07963826817873,1,4,1,0
6731,0,3,47.325132787818866,43.924558839317804,0,5,1,0
6732,0,3,46.9235435370821,21.28037253257194,0,2,1,0
6733,1,3,51.374072977221964,47.832302044595735,0,7,1,0
6734,0,3,36.84548826674752,28.1265078057721,0,6,1,0
6735,0,3,55.84674434472612,45.07131669490817,0,6,0,1
6736,0,2,49.0997478706626,30.762126284161972,0,6,1,0
6737,0,3,63.83394391222047,45.18882547116293,1,8,1,1
6738,0,3,45.41942637747455,29.472074874404544,0,7,1,0
6739,0,3,36.789071062518595,23.45627267222701,0,6,1,0
6740,0,3,45.24504588201912,24.67127234312138,0,3,1,0
6741,0,3,48.50493151472643,24.951384522564553,0,3,1,0
6742,0,3,58.58037649251665,43.62755145064052,0,5,1,0
6743,1,3,55.03725715725815,58.91545639601153,0,3,0,1
6744,0,2,25.303840592834455,33.124424142824985,0,9,0,0
6745,0,3,61.65652970374048,41.38117790078886,0,3,1,0
6746,0,2,36.216681863509535,34.85782907100429,0,6,1,0
6747,1,2,18.37775362247793,35.82399196816179,0,7,0,0
6748,1,3,71.03515256372327,66.85282390836596,1,4,1,1
6749,1,3,38.74510064746176,44.51061543509648,0,5,1,0
6750,1,3,24.287075517212102,45.391907355670114,0,4,0,0
6751,1,3,42.72159459786494,53.4667910507281,0,8,0,1
6752,0,3,65.76000370730648,57.2994072672037,0,7,1,1
6753,0,3,33.5454657668157,23.106726445640874,0,2,1,0
6754,0,3,41.725219557289705,38.74377116297107,0,8,1,1
6755,0,2,39.54233998353998,17.300434027373136,0,6,1,0
6756,0,2,45.696605476023706,21.95552757937324,0,6,1,0
6757,1,3,20.684356664889854,27.268390756692924,0,5,1,0
6758,0,2,51.672159173790995,32.30568525279828,0,5,1,0
6759,0,2,0.0,26.1914208978124,0,11,1,0
6760,0,3,72.5939793440484,40.84632271489697,1,3,0,1
6761,0,3,63.82452675802007,43.91428147202477,1,7,1,1
6762,0,3,57.827846546289216,36.79048254855265,0,7,0,1
6763,1,3,19.799126473994818,42.55537993148093,0,7,0,1
6764,0,3,25.285354623672912,23.38181782270758,0,8,0,0
6765,0,3,19.025392454979944,25.959061405626567,0,5,1,0
6766,0,3,47.935919036654006,29.820247371992842,0,3,0,0
6767,0,3,67.68394747475945,40.26142484051649,1,5,1,1
6768,1,3,58.47973090090721,48.06158673539669,1,1,0,0
6769,0,2,48.72334942476044,36.60821681976098,0,4,0,1
6770,0,3,50.297178977926784,48.054793843410614,0,6,1,0
6771,1,3,50.473069027383296,60.93553414685297,0,4,0,0
6772,0,3,47.57173006768277,19.24105129186034,0,2,0,0
6773,1,3,34.028898331228596,52.312184657579635,0,8,0,1
6774,1,3,9.505199629820343,35.6431509217993,0,6,0,0
6775,1,3,62.29874988819185,48.140194174997085,1,4,1,0
6776,0,3,40.4227627473773,36.99393896878532,0,3,1,0
6777,0,3,51.42054834148071,39.590279459601696,0,9,1,1
6778,0,3,64.84636403523902,42.59395273861964,1,6,1,1
6779,0,3,65.4001544463665,41.75511660834959,1,4,1,0
6780,1,1,33.940256983405845,42.43160081563432,0,2,0,0
6781,1,3,63.499389415637616,60.92444369433865,1,7,0,1
6782,0,3,48.264165192112976,29.26089031775659,0,4,1,0
6783,0,3,84.58568178942525,64.87769195081358,1,7,1,1
6784,1,2,74.46532959144291,67.9615687791814,1,7,0,1
6785,1,3,54.07927903138827,52.82350054398692,0,4,1,0
6786,0,3,49.80299559728902,39.6976893907811,0,5,0,1
6787,0,3,58.26240728364944,36.52541317734007,0,2,1,0
6788,0,3,42.41308169455886,27.628018877261365,0,4,1,0
6789,0,3,41.112459151546794,36.90080887573254,0,8,1,0
6790,0,3,27.502517293090957,18.60459043729667,0,3,0,0
6791,0,2,62.70452192732803,39.55550091567534,1,0,0,0
6792,0,3,47.08838578470875,30.584903789673106,0,6,1,1
6793,0,3,48.7544274345226,35.32051238304411,0,4,1,0
6794,0,2,72.41573230372771,50.468642097605645,1,8,0,1
6795,0,2,64.02621075862594,44.41866006590276,1,5,1,1
6796,0,3,69.3234610456994,53.48072436700941,1,4,1,1
6797,0,3,44.92004533208841,30.95691278983045,0,6,1,0
6798,0,3,54.304722267466126,28.38831521119569,0,4,1,0
6799,1,3,59.48154576607926,51.40559100795676,0,5,0,1
6800,0,2,70.38155217068383,53.91999850163364,1,5,1,1
6801,0,3,75.88641505617503,55.897321829158166,1,10,0,1
6802,0,3,53.29329507901556,37.2355938985677,0,3,0,1
6803,0,3,52.98842460465809,39.87712195284783,0,5,0,0
6804,0,3,56.47771898225564,42.0560507201729,0,10,1,1
6805,0,3,36.27177062556358,24.7709875650891,0,6,1,0
6806,0,3,54.8593640401132,37.55035695690828,0,6,0,1
6807,0,3,51.60583569344416,29.765275894572465,0,9,1,0
6808,0,2,47.72517618892365,48.457804537894404,0,8,1,0
6809,0,3,53.350231570358225,39.34573389688335,0,6,1,0
6810,1,3,61.274846133888104,63.24785370489314,0,4,1,1
6811,1,3,65.43095943632576,71.30748644534103,1,7,0,1
6812,0,3,25.9890744538109,63.337689779567214,0,8,1,1
6813,1,3,36.570252011661026,60.78681799285351,0,7,0,0
6814,0,3,95.86956586185067,64.59740525640282,1,5,1,1
6815,0,3,24.536517280148455,17.539400664649037,0,7,1,0
6816,1,2,100.0,53.99984573749027,1,3,0,1
6817,1,3,37.080754655207514,44.909422632435735,0,2,1,0
6818,0,3,58.537239218740126,57.47609658607831,0,11,1,1
6819,0,2,60.117702796740076,49.664047692859654,1,6,1,0
6820,0,2,46.35183606544391,26.504121074939796,0,9,0,1
6821,0,3,85.40322315598127,43.36595323503073,1,2,0,1
6822,0,3,43.67902825822042,37.99179856636569,0,6,0,0
6823,0,3,30.414252821528745,27.294098485594596,0,5,0,0
6824,0,3,57.285571163497146,41.31043045119519,1,3,1,0
6825,1,3,63.870763612753244,66.11190783567446,1,5,0,1
6826,1,3,71.04971721762881,58.09059271728264,1,5,0,0
6827,0,3,89.41579294233594,68.38528885591381,1,5,1,1
6828,1,3,53.41500495628013,57.52653504132171,0,2,0,0
6829,0,3,44.86861103373827,38.11228585188356,0,7,1,0
6830,1,2,90.830210542389,78.25770850493612,1,5,0,1
6831,0,3,52.433745298360115,43.18657668459627,0,5,1,0
6832,0,2,36.528254526509706,26.22611938266428,0,5,1,0
6833,0,3,59.6101959992668,34.23483164459302,1,4,1,0
6834,0,3,30.575159225087475,16.905921361902966,0,3,1,0
6835,1,3,33.76085138320705,40.782097538581574,0,4,1,0
6836,0,2,52.79624875081343,36.508591774307305,1,5,1,1
6837,1,3,34.00494670816642,49.73787681488751,0,3,0,0
6838,0,3,41.66183286477029,33.36312770404236,0,5,1,0
6839,1,3,39.98311735438641,52.13577637093342,0,4,0,0
6840,0,3,67.26746831249041,51.718964860014836,1,6,1,1
6841,0,3,52.18167322602347,45.75624829194068,0,7,0,0
6842,0,3,50.087918157676164,35.15182177943656,0,6,0,1
6843,1,2,43.59468834781171,51.09761461321016,0,7,0,1
6844,0,3,87.58356293871894,55.1404552143898,1,5,0,1
6845,1,3,62.47041351920145,51.096896900212734,1,5,0,1
6846,0,3,48.19367314764383,34.955782723377865,0,5,1,0
6847,1,3,71.14436488811194,77.8834855819002,1,7,0,1
6848,0,3,64.4502642659108,37.28087042873914,1,4,1,1
6849,0,3,76.21128491751115,75.72179114328316,1,12,1,1
6850,1,3,32.85925848187327,34.741287145110086,0,4,0,0
6851,0,3,65.66057990015541,46.61476493572315,0,3,1,0
6852,0,3,36.368711805983054,19.32498892214403,0,3,1,0
6853,0,3,56.19356346639274,32.04524951919131,0,2,0,0
6854,0,3,64.93254690596186,44.03902343083138,1,3,0,1
6855,0,2,56.97436422371857,40.38144624932461,1,4,1,1
6856,0,2,100.0,36.06726186264197,0,4,1,1
6857,0,3,59.5977383249126,54.50198387202809,0,7,0,1
6858,0,3,64.89898412593269,45.63008753171597,1,2,1,0
6859,0,3,72.23184260703641,44.038691090015135,1,2,0,0
6860,0,3,58.847602617232546,41.28631041837329,0,1,0,0
6861,0,2,57.422627254135236,45.52678386957032,1,9,1,1
6862,1,3,45.72133414349585,58.746229042637296,0,4,1,0
6863,1,3,42.98684973978069,40.56704327817466,0,3,0,1
6864,0,3,23.89144308420009,26.727977295514663,0,8,1,0
6865,0,3,42.85477602971682,29.21140847502657,0,6,0,1
6866,0,3,56.010916228845225,38.635097689472865,1,2,1,1
6867,0,3,56.63164819931006,55.99474830155221,0,6,0,1
6868,0,3,45.59848447882187,25.896614744239066,0,5,1,0
6869,1,3,63.295587004845295,56.137756564577735,1,5,0,1
6870,0,3,37.52212474650643,24.016214551993826,0,2,1,0
6871,0,2,50.63134336823428,37.89675024840511,0,5,0,0
6872,1,3,53.857659114423946,63.82803405166148,0,6,1,0
6873,0,3,46.38685307469773,40.59557037734399,0,5,1,0
6874,1,3,27.436625074043224,41.00758076010758,0,7,0,1
6875,0,3,50.12397412624147,59.28390105087798,1,8,0,1
6876,0,3,62.0232601516007,31.037292565765455,1,1,0,1
6877,0,3,65.51422720224537,52.49639478697719,1,4,1,1
6878,0,3,48.641510055526574,45.84965896671722,0,8,1,0
6879,1,3,46.221512915139215,57.11987013326524,0,5,1,1
6880,0,2,52.88279035085243,22.18599800966208,0,1,1,1
6881,0,3,62.01743574938372,34.374527698079994,1,4,1,0
6882,0,3,51.9223245344484,43.618080010637456,0,7,1,0
6883,0,3,40.23415183033304,21.936244855508008,0,5,1,0
6884,1,3,48.98022114652409,47.245168488175956,0,5,0,0
6885,0,2,30.671307465141556,11.856566058083983,1,2,0,0
6886,0,2,20.653409580413964,25.854919939335417,0,5,1,0
6887,0,2,58.52872402372485,20.11399051691965,1,4,0,1
6888,1,3,58.20657320403583,75.64531068984489,1,6,0,1
6889,0,3,54.08782660102131,37.04440331060075,0,6,1,0
6890,0,3,60.474912619865265,36.352354710689,1,4,1,0
6891,1,3,31.483277136624892,54.03216383005147,0,3,0,0
6892,0,3,78.2112396111278,33.46388317697041,1,3,0,1
6893,0,3,62.3002916163324,39.318049410370875,1,6,1,1
6894,0,3,59.83588996695077,49.27563822440787,0,2,0,0
6895,0,3,66.55388339943727,39.736794615957706,1,5,1,1
6896,0,3,67.41379270557674,38.52194275794706,1,4,0,1
6897,0,3,70.54308915342916,45.98699975026081,1,8,1,1
6898,0,3,47.31295725258263,29.36985046937746,1,4,1,0
6899,0,3,51.59254015149883,31.120978546140222,0,6,0,1
6900,1,3,63.941180041130686,65.86099027088707,1,3,0,1
6901,1,2,25.80883784128339,33.15129754999463,0,3,0,0
6902,0,3,25.73093600532636,13.395944798110701,0,5,1,0
6903,0,3,46.92991731658516,47.05836963829672,0,7,1,1
6904,0,3,68.03533854577996,51.724213735627025,1,5,1,1
6905,1,3,37.20386426719319,39.79072766068897,0,3,0,0
6906,0,3,24.933516558884918,18.781649208883167,0,5,1,0
6907,1,3,35.07515342365342,44.588358792801515,0,2,0,0
6908,0,3,64.68498496254283,39.347884610293626,1,4,1,0
6909,1,2,60.44660756070791,58.08073800123041,1,1,0,1
6910,0,3,51.47590570320315,28.499643429090675,0,7,0,0
6911,0,3,16.667763283795555,5.338081602815608,0,4,1,0
6912,0,3,47.211619704760814,32.44030816261592,0,6,0,0
6913,1,3,55.03710344396325,59.44007608934308,1,6,1,1
6914,0,3,37.94026124960914,34.89059179135896,1,7,0,0
6915,0,3,56.35523385112118,49.03438529151871,0,5,0,0
6916,0,2,67.28607519982825,52.826203926726535,1,6,1,0
6917,0,2,42.651541357857134,34.54739160324885,0,8,1,0
6918,0,3,48.639912944937706,27.8921663912474,0,3,0,0
6919,0,2,23.387253238688047,4.255131951703835,0,5,0,0
6920,1,3,55.285873105110895,59.86280386181373,0,4,0,0
6921,0,3,52.752036604313716,39.73484605497908,0,4,1,0
6922,1,3,41.378943200701826,34.687421999787205,0,5,0,1
6923,0,3,41.12901052252234,43.1890199930292,0,9,0,0
6924,0,2,76.36683566140775,51.69821966619879,1,2,1,1
6925,1,2,58.21517868168112,82.09719231602256,1,8,0,1
6926,0,3,38.5647634339186,16.005905540497054,1,2,0,0
6927,0,3,55.5277498010548,22.8012616350235,0,3,1,0
6928,1,3,45.49551897168726,54.68291103564563,0,5,0,0
6929,0,3,50.56861932334719,47.75270496348633,0,7,0,1
6930,1,3,30.014816942654598,37.37113822395455,0,6,0,0
6931,1,3,73.74308253208216,79.51636897519072,1,6,0,1
6932,1,2,71.34284648759386,62.48385879955039,1,6,0,1
6933,0,2,41.47182120272229,44.97677354807982,0,6,1,1
6934,0,3,56.16994857001222,41.144896867044764,0,3,0,0
6935,1,3,42.3759041260086,49.568130358981755,0,3,0,0
6936,1,3,95.82702684800611,86.33826446970798,1,8,1,1
6937,0,3,43.14434865956056,32.258691814611176,0,3,1,0
6938,0,3,55.102211623013865,41.831898452738756,1,9,0,0
6939,1,3,42.11022222935345,56.031448489754915,0,5,0,0
6940,0,3,37.61819756023406,16.26963590236603,0,1,1,0
6941,0,3,56.71281848215307,29.65685485488055,1,2,1,0
6942,0,2,21.28571284265242,22.066727226529718,0,5,1,0
6943,0,3,36.82163957431734,40.788690751413505,0,13,0,0
6944,0,3,53.38418159954346,29.78213934768454,1,3,1,0
6945,0,3,52.45100603376242,37.74874184683104,0,6,0,1
6946,0,3,56.539500116234635,39.38260106271633,0,3,1,0
6947,0,3,39.318437001787544,49.34674362508959,0,6,1,0
6948,1,3,31.312363921328306,52.881135419478156,0,5,0,0
6949,0,3,41.455674221155945,21.921965903325404,0,4,0,0
6950,0,3,44.0878484075726,37.902630931788636,0,3,1,0
6951,0,2,34.54119003740166,42.36466058917037,0,9,1,0
6952,1,3,63.222854364595605,59.08424260998954,1,5,0,1
6953,0,3,65.79706928889364,38.868984452708645,1,4,1,0
6954,0,3,75.81309002730227,67.0858224254588,1,13,1,1
6955,0,3,41.60193449377842,33.32772022647285,0,6,1,0
6956,0,3,44.100777592380936,28.190081605958735,0,6,1,0
6957,0,3,37.73414787623672,17.507207228907127,0,6,1,0
6958,1,3,93.57228730232566,84.07878438317213,1,7,1,1
6959,1,3,55.644872142465374,65.43148458191186,0,5,0,1
6960,0,3,50.17278965885237,45.17955047564622,0,7,1,0
6961,0,2,41.944787737756315,17.33170536285144,0,2,1,0
6962,0,3,41.41464075292083,27.534242455841266,0,6,1,0
6963,0,3,40.03333685404917,25.84294763995165,0,7,1,0
6964,0,3,55.3323204860764,37.73511887503557,0,9,1,0
6965,0,3,37.70189100081556,24.816660625117326,0,3,1,0
6966,0,3,62.27057344290826,26.036365634346843,1,3,1,0
6967,0,3,89.7895700478685,69.47916458571927,1,6,1,1
6968,0,2,67.98820004445174,58.00256729093045,1,10,1,0
6969,1,3,27.26737137301629,41.30535201237684,0,5,0,0
6970,0,3,63.96818232924516,42.31500562271056,1,0,1,0
6971,0,3,70.98061124360011,59.305831771320555,1,7,1,1
6972,0,2,28.780101562312144,24.79178915638525,0,5,1,0
6973,0,3,42.71411921482552,40.092797799617315,0,7,1,0
6974,0,2,49.32385874353603,22.31726497518464,0,3,0,0
6975,0,3,74.12564743348769,52.72274755239675,1,5,1,1
6976,0,3,38.677291315376564,32.14334361070289,0,9,0,0
6977,1,2,56.451663701989816,63.33244474106293,1,9,0,1
6978,1,3,65.88493630902333,69.7756763739934,1,4,1,1
6979,0,3,38.60571188030424,42.96191017981457,0,7,1,0
6980,0,3,52.267752236033,44.27852085989338,0,5,1,1
6981,0,3,73.97045437142492,45.330401745959236,1,5,0,0
6982,0,3,56.94154532896248,47.862145146210146,0,8,1,0
6983,1,3,51.342091206596535,22.85181411584502,0,4,0,0
6984,0,1,37.5746225988175,25.150171474003617,0,5,1,0
6985,1,3,48.19259177751822,55.84471766124701,0,7,1,0
6986,0,2,37.70733371617109,19.003966609790307,0,4,0,0
6987,1,3,40.58252584298297,43.157526538097926,0,4,0,0
6988,1,3,42.78411965947534,53.714284609946944,0,4,0,0
6989,0,3,28.072836836180027,13.164044135458933,0,4,1,0
6990,0,2,53.707417217573806,34.375690871164686,1,7,1,0
6991,1,3,43.45678006252709,55.817872788966525,0,5,0,1
6992,0,3,42.848223038491284,33.06157290564273,0,7,1,1
6993,0,3,69.59236303449026,50.67041604223028,1,4,1,1
6994,0,3,64.67811060044961,33.96388758450238,0,6,0,0
6995,0,3,61.224415517705864,34.050583089545434,1,1,1,0
6996,0,3,47.8080394631561,24.74256509558781,0,3,1,0
6997,0,3,48.54939332390917,47.816060480183154,0,7,0,1
6998,1,3,62.170058317296245,63.13038481406355,1,3,1,0
6999,0,3,53.95970253495735,35.4796613397804,0,4,0,0
7000,0,3,35.60392527103142,18.905606134818477,0,5,1,0
7001,0,3,34.91117467656812,29.074895071687017,0,3,1,0
7002,0,3,26.77421987435604,19.698971674813702,0,7,1,0
7003,1,3,33.55290264379346,36.71145846984122,0,3,0,0
7004,0,3,28.178207127395577,19.215392533319548,0,6,1,0
7005,0,2,64.9743892757516,45.15511074173139,1,4,1,1
7006,1,3,48.2876169777962,63.37050508362613,0,6,1,1
7007,0,3,47.16383793010556,31.302865964388985,0,8,1,1
7008,0,3,36.18421427369662,34.41199669922956,0,6,1,0
7009,1,3,43.002866385301914,39.54338566491524,0,2,0,0
7010,1,3,40.361555364421434,41.37622316770293,0,5,0,0
7011,0,3,50.86229459287832,39.90892348864582,0,5,1,0
7012,0,3,53.213586481764736,42.170135524115594,0,1,0,1
7013,1,3,37.194657305435676,46.327338333871154,0,7,0,0
7014,1,3,52.235720483518435,64.73549970908383,0,6,0,0
7015,0,2,46.584357977469594,16.457033828559553,0,3,1,0
7016,1,3,17.49012940137264,32.9955249909497,0,6,1,0
7017,0,3,67.32895416456597,52.711250197842794,0,6,0,1
7018,0,3,71.57118620470881,47.428838742327514,1,7,1,1
7019,0,3,72.44824530185133,55.356954884601976,1,2,1,0
7020,0,3,50.94020399804107,38.79750599606943,0,4,0,0
7021,0,3,53.685437170319396,28.45292981680873,0,5,1,1
7022,0,3,67.49870892934965,35.869118163752205,0,4,0,0
7023,0,3,37.87641842618333,22.343814501946643,0,5,1,0
7024,0,2,55.37010741388566,36.02766733691358,0,4,0,1
7025,0,3,44.554192754089165,23.739182097840796,0,4,0,0
7026,0,3,47.00348963263606,41.185745123912255,0,8,0,1
7027,0,3,46.88421436677963,39.621464830067545,0,8,1,0
7028,0,3,66.75673024994259,41.56091895468276,1,6,1,1
7029,0,3,70.10620337066524,41.690479203589206,1,4,0,0
7030,1,2,58.32772073393521,59.20388757527602,1,5,0,1
7031,0,3,51.50732838881934,40.206530367373944,1,5,1,0
7032,1,2,54.88589907990187,56.03323609193948,1,4,0,1
7033,0,2,44.21336568264689,19.18465562005393,0,3,1,0
7034,0,3,56.712884432119964,29.68460962946775,0,2,1,0
7035,0,3,52.587329265221165,49.2838640437037,0,9,1,1
7036,0,3,51.72397171054268,38.939045841334675,0,9,1,0
7037,1,3,56.544279868689344,65.55201531350934,0,4,0,1
7038,0,3,50.2459247487984,49.49196789554945,0,9,1,0
7039,0,2,56.64302843594036,37.702739374716415,1,6,1,1
7040,0,2,62.80468548256177,29.627434420802114,1,4,1,0
7041,0,3,51.268855202022756,29.921440039105214,0,2,0,0
7042,1,3,50.87024710638573,54.75272293584181,0,8,0,0
7043,0,3,36.73832110760792,18.291900411523535,0,6,1,0
7044,0,3,52.153459579612075,26.492376669942164,1,3,1,0
7045,0,3,61.30412715918223,41.993972668768514,0,2,0,0
7046,1,3,64.73882404474016,58.15035662829247,1,3,0,1
7047,0,3,49.32042092357377,28.160334553021894,0,4,1,0
7048,0,2,0.0,32.97063266773894,0,5,0,0
7049,1,3,46.61416506665464,64.34647172415904,0,8,1,1
7050,0,2,50.37130679898604,39.00479752062919,0,10,1,1
7051,0,3,35.46199505234257,17.73544023869554,1,5,1,0
7052,0,2,23.232770092942694,28.789510703238676,0,8,1,0
7053,1,3,60.61043832751704,63.573286295004785,1,4,0,1
7054,0,3,22.314579126548395,16.098916991931997,0,3,1,0
7055,1,3,37.400167511444295,39.15117401433371,1,6,1,0
7056,1,3,93.71259301741658,93.22855459138971,1,8,0,1
7057,0,2,56.582051164738324,46.13497727344585,1,6,0,1
7058,0,3,41.78710251441662,36.84545880642636,0,5,1,1
7059,0,3,47.38269832669507,25.830885370242036,0,5,0,0
7060,0,3,44.725093625270695,16.058793093911255,0,2,1,1
7061,0,3,57.22700137665782,36.88272064801398,1,3,1,0
7062,0,3,68.14178896803874,57.496965442493696,1,8,1,1
7063,1,2,91.77776091616025,70.4441741985766,1,8,1,1
7064,0,2,53.37721929664254,11.68709185157621,0,2,1,0
7065,0,3,22.032851180078563,33.7648660117205,0,4,1,0
7066,0,2,61.3397738037191,39.09057151384437,1,4,1,1
7067,0,3,68.17690023675702,48.83095117896205,1,5,1,0
7068,1,3,48.67207767909071,43.19773862706059,0,3,0,0
7069,0,3,68.78215641038457,48.53814020731433,1,2,1,1
7070,0,2,76.75406750963118,43.64620048175276,1,3,1,1
7071,0,3,52.30362701871277,48.15009517069369,0,8,0,1
7072,0,3,63.32813518366022,49.645732433706875,1,7,1,1
7073,0,3,69.57288013160138,45.93379129757879,1,6,1,0
7074,0,3,46.29126214882592,31.997833331685992,0,8,1,0
7075,1,3,49.98129952965716,49.93686915113796,0,4,0,1
7076,0,3,48.76160280702546,39.53286501283574,0,5,1,0
7077,0,3,48.02658763912149,25.478322554274648,0,5,1,0
7078,1,3,17.81682325800055,38.559269793340064,0,5,1,0
7079,1,2,50.610274424499806,44.292799726287924,0,1,1,0
7080,0,3,67.2362773948395,44.42687084722953,1,7,0,1
7081,0,2,82.072044271184,62.09582167154325,1,4,1,1
7082,0,3,29.465516911392204,8.596282535852902,0,3,0,0
7083,0,3,39.66508786906433,35.86030395094185,0,6,1,0
7084,0,2,76.77897868886652,60.40628044002466,1,6,1,1
7085,0,3,58.83403903526373,42.28872761585806,1,4,1,1
7086,0,3,39.301274871251174,25.42417926459675,0,5,1,0
7087,0,3,61.33002051024131,34.22674846286272,0,5,0,0
7088,1,2,30.38942277552431,42.56189206464644,0,2,0,0
7089,1,2,15.977148926094483,28.118364187239965,0,4,1,0
7090,1,3,49.528687177816316,58.15789265016933,0,3,0,1
7091,0,3,29.35199298175996,14.026566607606009,0,4,1,0
7092,0,3,64.20788052087238,40.70202254532634,0,3,1,0
7093,1,3,37.58035555509763,58.20223557692885,0,9,1,0
7094,0,3,41.01715113369398,35.28871615135724,0,8,1,0
7095,0,3,65.38087772101795,36.011034366458645,1,5,0,1
7096,1,3,31.943922849109086,43.01844682422388,0,7,1,0
7097,0,3,38.17640931329307,27.814561058602447,0,3,1,0
7098,1,3,61.274620515243164,46.630056097119535,0,3,0,1
7099,0,3,21.100354752316676,14.180559266217221,0,5,1,0
7100,0,3,40.842706586447385,28.56198183680068,0,3,0,0
7101,0,3,50.60617116031961,39.342335101142304,0,8,1,0
7102,0,3,23.084685611454525,24.490365767033648,0,6,1,0
7103,1,2,67.6362511144009,63.48932383489914,1,6,1,1
7104,1,3,50.83986960718043,58.36307727124402,0,4,0,0
7105,0,3,64.85973378453345,42.479977258284386,1,4,1,1
7106,1,3,77.42486909725824,61.786316158725796,1,2,0,1
7107,1,3,53.27463483447008,70.22987841838169,1,5,1,1
7108,1,2,62.0059277087893,48.63211666336666,1,5,0,1
7109,1,3,41.51895765467343,50.64952969302312,0,8,0,0
7110,0,3,54.70498970732491,54.21689805446333,0,10,1,0
7111,0,3,45.48819879042007,44.000125926846316,0,8,1,0
7112,1,3,29.267564833862977,44.33156395617375,0,4,1,0
7113,0,3,50.005226715912286,23.60387988057166,0,2,1,0
7114,0,3,29.46915199113353,14.22805904673998,1,3,1,0
7115,0,3,51.71856254275913,28.1839559657671,0,4,0,0
7116,0,2,36.402395003862715,33.113437294891824,0,3,1,0
7117,0,3,42.48261749574863,25.73056711137685,0,4,1,0
7118,0,3,58.96755844789083,34.214840197540376,1,2,0,1
7119,1,3,36.358495949988864,40.717831639750386,0,1,0,0
7120,1,3,36.95733762666053,39.336372192396524,0,6,1,1
7121,0,3,52.79344197881383,39.40112325854249,0,3,0,0
7122,1,3,44.31344946208804,45.38284652577804,0,4,0,0
7123,0,3,85.73168767857132,57.6614314319281,1,3,0,1
7124,1,3,41.68952487623465,38.442976133074396,0,4,1,0
7125,1,3,44.02140799488788,43.74820456272787,0,4,0,1
7126,0,3,66.74449730731341,37.954250808653306,1,3,1,0
7127,0,3,33.33427646785901,24.955326402469222,0,7,1,0
7128,0,3,23.03400686116762,18.759444796407934,0,4,1,0
7129,0,3,62.077969937016924,37.2396043960661,1,6,1,1
7130,1,3,25.3958710749694,34.96115600554011,0,4,0,0
7131,0,3,43.63800467706297,22.183749913906585,0,5,1,0
7132,1,3,18.63432481445418,22.569298483390284,0,5,0,0
7133,0,3,52.01248871457959,46.281732886969365,0,7,1,1
7134,0,3,24.414123960376905,23.016845102512477,0,4,1,0
7135,1,3,51.47871954707812,57.3931373047615,0,3,1,0
7136,0,3,32.86942425138607,21.56717037375132,0,6,0,0
7137,0,2,58.52500009795558,38.24529925504932,1,6,0,1
7138,0,2,71.30922164062478,48.295861758621506,1,6,0,1
7139,0,3,66.4958307456731,47.7442979256453,1,8,1,1
7140,1,3,55.374152003775876,62.04701226258166,0,5,0,1
7141,1,3,47.67180311322974,56.794709260036484,0,4,0,1
7142,0,3,38.617821381201466,25.016844433035917,0,5,0,0
7143,0,3,78.76410976609033,39.7823195178688,1,2,1,0
7144,1,3,77.98354577949866,80.21693981797948,1,4,0,1
7145,0,2,53.98347328311762,45.15631753373456,0,6,1,0
7146,0,3,31.321556357583553,25.971552162925157,0,5,0,1
7147,1,3,56.17818402922397,60.97673353724497,0,7,0,1
7148,0,3,39.91181704955776,43.712312087046044,0,5,0,0
7149,0,3,100.0,32.23330840508336,1,1,1,0
7150,0,3,35.97684864395417,16.832991922742437,0,4,1,0
7151,0,2,32.25656745611507,21.51693438977302,0,1,1,0
7152,0,3,52.58403895631669,53.54516412788692,0,6,1,0
7153,0,3,45.53104510932746,24.436628657506553,0,4,1,0
7154,1,3,60.50516011743079,61.36664333729671,1,2,0,1
7155,0,3,79.40990493559437,48.18334822138481,1,4,1,0
7156,0,3,66.46416389157329,48.118122997971504,1,5,0,1
7157,0,3,32.79061385284424,10.17419323800323,0,4,1,0
7158,0,3,70.31009241212183,50.27994116328541,1,5,1,0
7159,0,3,46.49748467471376,38.2748528355986,0,4,1,0
7160,1,3,44.44549181245228,50.23579779878928,0,8,0,0
7161,1,2,50.6457953203727,61.13148046102459,0,4,0,0
7162,0,3,31.862097784340175,24.74086524808547,0,2,1,0
7163,1,3,9.5233378269391,39.33024550000801,0,3,1,0
7164,1,3,15.93233714001695,21.22116422830979,0,3,1,0
7165,0,3,49.88374005602023,39.202191067793564,0,5,1,0
7166,0,3,37.1654350738994,14.241683991215545,0,2,0,0
7167,0,2,12.866590074505524,19.969823911981063,0,7,1,0
7168,0,3,38.8338199449295,26.25436936655682,0,6,0,0
7169,0,3,69.14657830905584,57.79558417124022,1,10,1,1
7170,0,3,60.92928982190321,53.89919890519028,1,5,0,1
7171,0,3,59.821268180696975,40.94365209736466,0,7,1,0
7172,0,2,57.40646197178604,33.8903079691166,0,3,1,0
7173,1,3,24.71153877705841,27.799942628337234,0,3,1,0
7174,0,3,45.59934376549402,17.717772037639282,0,2,1,0
7175,0,3,59.11104501605289,44.95211293871363,0,5,0,0
7176,0,3,79.0017357701634,48.29063555767627,1,8,1,0
7177,0,3,52.21975155853017,38.69280352470257,0,3,1,0
7178,0,2,45.633408622952835,19.371219634285517,0,1,1,0
7179,0,3,51.3463561720333,40.187267688244646,0,6,0,1
7180,1,3,41.60302947698754,47.36351525029674,0,7,1,0
7181,0,2,7.236925170230954,24.767724442087175,1,0,1,0
7182,1,3,40.988271735252084,55.98047333537588,0,5,0,1
7183,1,3,56.33936699736057,49.24800061358739,0,5,0,1
7184,0,3,32.73431329312919,33.18195355324998,0,6,1,0
7185,0,3,38.326285303492156,31.420371989628762,0,3,0,1
7186,1,3,34.08216413434825,55.711688258567385,0,6,1,0
7187,0,3,63.94113052802174,49.49742999653391,1,9,0,1
7188,0,3,86.54505724116176,59.9428230156111,1,6,0,1
7189,0,3,30.002494744808757,32.21555761872958,0,9,0,0
7190,0,3,49.41967959387726,38.82161386372196,0,6,0,0
7191,1,2,52.471492952112726,61.9379619376296,0,7,0,1
7192,0,3,55.739008654694,44.538692422604406,0,9,0,0
7193,1,2,39.47125466141105,55.94624048783446,0,10,0,1
7194,1,3,15.605670777599336,25.31538972247814,0,2,0,0
7195,1,3,37.483914677526975,37.33279216335799,0,3,0,0
7196,1,3,47.06752934289686,48.052318611405795,0,4,0,0
7197,0,3,77.11798016848476,41.13025377610449,1,3,1,1
7198,0,3,70.19028538836113,52.65867118153556,1,5,0,1
7199,0,3,60.81119632039375,43.79162150167826,0,3,0,0
7200,0,2,40.72636794610953,36.1626123850477,0,5,1,0
7201,1,3,38.2454957804005,60.918234278433154,0,8,0,1
7202,0,3,41.36743064411662,26.314641228954674,0,5,0,0
7203,0,2,64.72580019005466,47.10824698704097,1,9,1,1
7204,0,3,65.04009591495387,51.52415702941526,1,6,0,1
7205,0,3,22.004759041942382,22.724147645406198,0,6,1,0
7206,0,3,34.18187299769247,30.889677265546243,0,3,1,0
7207,0,3,3.1097537936405457,16.14474894098113,0,5,0,0
7208,0,3,53.810472834404514,40.53317813127401,0,4,0,1
7209,0,2,47.88687485608303,31.720641861815917,0,8,1,0
7210,0,3,24.78534596618904,37.25652714073054,0,6,0,1
7211,1,3,39.636766719249394,56.2528229151772,0,7,0,1
7212,1,3,75.41678637298425,83.00970703973856,1,8,0,1
7213,1,3,62.36730741691176,51.81094945523557,0,3,0,1
7214,0,3,38.62137913166248,26.259084791600014,0,2,1,0
7215,1,3,100.0,38.69499454079867,0,4,1,0
7216,1,3,63.947347000120736,66.27110331512375,0,5,0,1
7217,0,2,54.89103381503776,36.616281596542194,1,9,0,1
7218,0,3,57.11315661711235,55.86582187327286,1,7,0,1
7219,0,3,59.3152600342153,25.816065547629897,1,3,0,1
7220,0,3,83.85906672769718,45.363013623637634,1,3,0,1
7221,1,3,56.443538911457296,42.20571675511137,0,1,0,1
7222,0,2,73.78592564494016,40.51530829941676,1,4,0,0
7223,1,3,79.94218050909059,91.67811373753833,1,11,1,1
7224,0,2,52.17290749505585,38.0595062405702,0,4,0,1
7225,0,3,52.382588685491164,36.78248361500829,0,4,0,0
7226,0,3,55.324891205263626,34.95354040938766,0,2,0,0
7227,0,3,100.0,29.80593954965958,0,6,1,0
7228,0,3,51.94214753756398,21.139410206969426,0,3,0,1
7229,0,3,84.05034549925405,60.96352222906174,1,4,0,1
7230,0,3,51.00140337562294,46.7620549468803,0,7,1,1
7231,1,3,53.190080979266746,41.58876311554941,0,0,0,0
7232,0,3,44.8662613997177,27.513297904570617,0,2,0,0
7233,0,3,59.37436233584798,33.38266410939931,0,2,1,0
7234,1,3,79.43342550559231,73.21076410372113,0,9,0,1
7235,0,3,68.35866963452932,47.412384047613344,1,7,1,1
7236,1,3,29.96427847929111,42.59717524221023,0,9,0,1
7237,1,2,44.59872293489075,61.239669688491354,0,7,0,1
7238,0,1,41.15681024031039,36.942615994422745,0,7,1,0
7239,0,3,0.0,29.60142842219475,0,1,1,0
7240,0,2,36.431271691074684,24.49171864672546,0,3,0,0
7241,0,3,54.72440077591613,37.3510194643479,0,6,1,0
7242,1,3,42.254874725253444,47.168599939312514,0,5,1,0
7243,0,3,0.0,17.80779124243999,0,2,1,0
7244,0,3,58.42668147714475,49.048320309890634,0,7,0,0
7245,0,2,67.01445097967876,51.22349102722694,1,10,1,1
7246,0,3,62.082214984044775,40.471534609022974,0,3,1,1
7247,0,2,25.225280182645516,9.652328147639054,0,4,1,0
7248,0,3,45.39039760577888,31.343947647116355,0,8,1,1
7249,0,3,66.83937880080593,44.62384977662083,1,5,1,1
7250,0,3,62.97875634408074,50.42129387064465,1,9,1,1
7251,0,2,55.66985483593499,38.571588456703424,0,9,1,1
7252,0,3,52.89628131116154,42.18159600028974,0,5,1,0
7253,0,3,52.21182039726097,30.873213556651002,0,5,1,1
7254,0,3,43.47147369963923,31.757215206619986,0,9,1,0
7255,0,3,78.65460519510123,56.063570387554826,1,8,1,1
7256,0,3,66.58700430105502,40.9371496018871,1,5,1,0
7257,1,3,37.11954075440976,36.85630939724392,0,2,1,0
7258,1,3,57.98054081472493,50.59516562190663,0,4,0,1
7259,0,3,59.47506776758133,38.37184257600984,0,4,1,0
7260,0,3,54.94775919739443,47.86071745736122,1,4,1,0
7261,1,3,16.21193135385047,28.62649800556204,0,5,0,0
7262,1,3,72.41998165937004,74.42830362847359,1,5,0,1
7263,0,2,28.678207408734647,20.654492601910917,0,6,0,0
7264,0,3,61.622174017577045,35.574746274042575,1,6,1,1
7265,1,2,60.746825366811635,60.651814917120234,1,3,1,1
7266,1,3,15.524536652259343,44.59090269179455,0,10,0,0
7267,0,3,53.12248548336467,38.70939180570548,0,4,1,0
7268,0,3,70.27003680047122,49.31691583061529,1,4,1,0
7269,0,3,35.871963052472815,13.96454062215047,0,3,1,0
7270,0,3,45.06783943109013,34.91656109643225,0,5,1,0
7271,1,3,67.18558480784179,58.52689515795728,1,4,0,1
7272,0,3,36.39928251275634,31.380656265830176,0,4,1,0
7273,0,3,58.371402945361474,33.59446913452298,0,4,1,1
7274,1,3,50.426018220357456,53.94056660186931,0,5,0,1
7275,1,3,42.79698015379785,36.8053263210732,0,5,1,0
7276,0,3,61.27820007201093,45.842356131223156,1,7,1,1
7277,0,2,72.67989538969556,47.57423625308727,1,2,0,1
7278,0,3,34.71612152273096,16.675925177054193,0,1,1,0
7279,0,3,45.95122705121365,37.118753181584054,0,7,1,0
7280,1,3,53.78958216742103,63.500925352095145,0,6,0,1
7281,0,3,31.61772336951502,20.71739093810269,0,6,1,0
7282,0,3,49.223035316043635,45.83663376903187,0,5,1,0
7283,0,3,68.95165793543244,38.71692949658136,1,5,1,1
7284,0,3,82.14469053729295,46.003125647211505,1,2,1,1
7285,0,3,45.831624252278516,20.53528093152888,0,3,1,0
7286,0,3,48.999214137503316,24.0619358461832,0,3,1,0
7287,0,3,32.054897505989935,34.370172479135114,0,8,1,0
7288,0,3,20.28503393046537,11.100345219601799,0,5,0,0
7289,0,3,64.43178395837074,35.46104114828232,0,3,1,0
7290,0,3,38.90528013874372,30.172731445790795,0,6,1,0
7291,0,2,52.18550942324527,48.66313926633446,1,7,1,0
7292,0,3,56.73327021880888,39.56260734280891,1,6,0,0
7293,0,3,61.08047229142338,35.989448818233484,1,5,1,1
7294,0,3,55.83341235297522,48.16200696093081,0,4,0,0
7295,0,3,41.50186472817252,21.694964045828186,0,6,1,0
7296,0,3,37.21880004001422,34.500822971827446,0,7,1,0
7297,1,3,47.33057585967713,53.560271559965635,0,9,0,0
7298,0,2,41.195140045131964,38.724562408303704,1,4,1,0
7299,0,3,59.006569316576524,54.26731116670436,0,7,1,1
7300,0,3,24.276333998410994,13.136521703310066,0,5,1,0
7301,0,3,66.24790208649445,45.32368556268125,1,6,1,0
7302,0,2,60.54955549658257,48.830606313810684,1,3,1,1
7303,0,3,53.8679349190842,25.138778643606713,0,4,0,1
7304,1,3,62.94557278443888,58.87095044521687,1,5,1,1
7305,1,2,66.86908335524998,61.83473879457011,1,7,0,1
7306,1,3,37.45872640353328,56.7726788463492,0,5,1,0
7307,0,3,28.52292061435115,24.14585107996664,0,3,0,0
7308,0,2,41.76694697689825,27.484623310207503,0,6,0,0
7309,0,3,57.8271301960743,26.14947022892974,1,3,1,0
7310,0,3,71.53660931991963,37.5318802179859,1,2,1,1
7311,0,3,41.670423445716146,27.056548797751525,0,0,1,0
7312,0,3,40.17959695959006,32.32559589535045,0,5,1,0
7313,0,3,38.077102778963706,34.137317649689514,0,6,1,0
7314,0,2,40.168116673723546,34.78646792107451,0,5,1,0
7315,0,3,76.04894221689374,47.31815254826329,1,5,1,1
7316,0,3,38.861262266849955,22.791014432386902,0,5,1,0
7317,1,3,81.0631900917011,66.18905386947496,1,5,0,1
7318,1,3,79.99773883249408,72.43369880698313,1,3,0,1
7319,1,3,75.1084826324598,79.42324557358768,1,4,1,1
7320,0,2,31.938458026836216,29.49827497903166,0,4,1,0
7321,1,3,59.40352757875601,49.72185153735978,1,5,0,1
7322,1,2,63.99424802797432,68.60376195718358,1,3,0,1
7323,0,3,48.03720446304488,23.284305301064975,0,0,1,0
7324,1,3,30.99316100569414,36.26376676320735,0,1,1,0
7325,0,3,43.275836945895385,20.946436765845505,0,6,0,0
7326,0,3,79.44019221089177,33.1563195018887,1,2,0,0
7327,0,3,36.912230942628376,47.226256126904616,0,9,0,0
7328,0,2,83.76216195673616,69.285604298442,1,10,1,1
7329,0,3,55.597521958233166,35.26305416187691,0,2,0,0
7330,1,2,21.245285228172392,29.578653468822637,1,5,1,0
7331,0,3,42.61537077855695,29.713431130445905,0,2,1,0
7332,0,3,37.88473602514211,43.211916438410945,0,4,1,0
7333,0,3,64.42564404573159,56.944409787774724,1,7,1,1
7334,1,3,29.523857753685615,39.49346742363106,0,1,1,0
7335,0,3,31.416854218754356,24.453512677945195,0,9,1,0
7336,1,3,30.909269388268097,45.719599633478886,0,4,0,1
7337,0,3,33.938761343003144,30.117355408271806,0,6,1,0
7338,0,3,63.44836474848125,35.36745485336328,1,8,0,0
7339,0,2,36.98845421005591,47.72102104873106,0,8,0,0
7340,0,2,33.12556462600484,23.395606212076178,0,9,1,0
7341,1,3,51.65722824390294,62.80509791305193,0,6,0,1
7342,1,2,58.47703658549731,61.678129428442055,1,4,0,1
7343,0,3,51.5623060410195,25.704363119310713,0,2,1,0
7344,0,2,54.342536430700164,40.733805835363576,0,6,1,1
7345,0,2,35.689805382321516,32.78220984800573,0,2,1,0
7346,0,2,74.88361996972506,52.007854508044375,1,8,0,1
7347,0,3,65.02498474085954,47.85657594646937,0,3,1,1
7348,0,2,27.280752963930897,15.556328625542276,0,6,1,0
7349,0,3,20.36730390379397,19.46208540326709,0,5,1,0
7350,0,3,74.29804658964757,45.791997145236344,1,7,1,1
7351,0,2,63.59756614534887,57.297983072871176,1,5,1,0
7352,0,3,57.750963425709095,25.882816361562202,0,4,1,0
7353,0,3,62.764548650363075,50.05410374901737,0,6,1,0
7354,0,2,62.56691129250497,48.32854361752295,1,10,1,1
7355,0,3,64.6699672355983,21.88275438173885,0,3,1,0
7356,1,3,48.21194808559657,49.70521474248926,0,5,0,1
7357,0,3,42.24391513322838,18.005353326948843,0,2,1,0
7358,0,3,52.157690329602914,45.24334678065474,1,6,0,1
7359,1,3,44.13460953588759,42.16800945537279,0,6,0,0
7360,0,3,73.80145876677705,50.55940145149294,1,3,1,1
7361,0,3,47.515455074251655,33.74568309181871,0,3,1,0
7362,0,3,34.7047116524801,28.28170114754676,0,9,1,1
7363,0,3,83.89505746930887,62.573812562194725,1,10,0,1
7364,0,3,67.07455193716413,45.18742328895289,0,6,1,0
7365,1,3,66.81060887489647,27.354285570139034,0,3,0,0
7366,0,3,66.05806980880726,54.609366923434344,1,5,1,0
7367,0,3,58.43579959162164,36.25431684737974,0,6,0,0
7368,0,2,22.404683555376188,14.572369763683898,0,6,1,0
7369,1,2,48.495564136396055,65.38961791533568,0,7,0,0
7370,0,3,43.733663579205114,31.33543418007792,0,3,1,0
7371,0,3,62.51033442865746,44.62576649159079,1,4,1,0
7372,0,3,61.210010378303394,50.14258077843416,1,7,1,1
7373,0,3,51.864900581579256,41.64696826921017,0,7,1,0
7374,0,3,40.97837198639742,26.159633998882782,0,4,1,1
7375,1,3,55.50147994371466,51.867347129241026,0,4,0,1
7376,1,3,30.12224774726264,32.87951298905984,0,4,1,0
7377,1,3,41.87067707382779,55.44140504999841,0,4,0,1
7378,0,3,52.44886576034861,34.977811221033,0,2,1,0
7379,0,3,54.352845872229395,38.37357345953197,0,3,1,1
7380,0,3,40.93255326534273,30.386560842651136,0,5,1,0
7381,0,2,54.77900314128767,55.97753581816311,1,10,0,1
7382,0,3,65.87551787644372,31.539367167391227,1,4,1,0
7383,0,2,36.56508619213562,38.49081640393163,0,10,0,0
7384,0,3,68.02477402871914,46.403412403179125,1,3,1,0
7385,0,3,57.19885221457233,42.09122167923433,1,11,0,1
7386,0,3,51.81949780997289,40.45363092592054,0,3,1,0
7387,0,3,25.509578522458522,16.89984491620881,0,9,1,0
7388,0,2,46.89266380664353,53.761263679337674,0,6,1,0
7389,0,3,33.24732598010499,36.908529523443185,0,9,1,0
7390,1,3,60.15930438373205,65.37598282562155,0,8,0,1
7391,0,3,36.429089987593485,31.582015071151112,0,3,1,0
7392,0,3,67.3152737695227,33.62461244694446,1,0,0,0
7393,1,3,39.83930070676669,54.625841685016226,0,6,1,1
7394,1,3,68.6319813398049,64.35406417083433,1,1,0,1
7395,0,3,45.14099951933138,26.28116232622455,0,4,1,0
7396,0,3,45.774876632918314,29.591976432454516,0,5,1,0
7397,1,2,63.92861188180608,49.995243981904885,1,1,0,0
7398,0,3,63.34739317103782,43.84367515840358,0,3,1,0
7399,1,3,62.16434807350704,48.881324948065355,0,3,0,0
7400,0,3,53.96025348892447,40.388457865956006,0,6,0,1
7401,0,2,48.97233425648095,38.01512055808394,0,5,1,0
7402,1,3,100.0,46.583662787204325,0,4,0,1
7403,0,3,59.179297572035246,45.06598517786012,0,7,1,0
7404,0,3,51.814416266186456,35.38467134257009,0,1,1,0
7405,0,2,48.84878719592227,29.521071299229778,0,5,0,0
7406,0,3,27.110820379172196,26.01332792891158,0,8,1,0
7407,0,3,57.003052200584904,47.1315207192093,0,6,1,0
7408,0,3,43.29732029575764,17.441964832833577,0,1,0,0
7409,0,3,42.70774714999266,26.65258981946404,0,7,1,0
7410,0,3,60.655512451660805,52.39306659415976,0,4,0,0
7411,1,3,76.10186814561592,66.9099504350113,1,5,0,1
7412,0,3,59.6443062077917,45.05295211751178,1,7,1,0
7413,1,2,100.0,66.02391234642391,1,2,0,1
7414,0,3,70.91125516952039,38.67904372236646,1,3,1,1
7415,0,2,58.81377961928615,29.63798152922125,1,3,0,1
7416,1,3,51.90205210734092,43.93383035423396,0,5,0,0
7417,0,3,63.14912551302332,37.278954541390156,1,7,0,1
7418,0,3,100.0,36.2695025266178,0,7,1,0
7419,1,3,58.67704577176371,77.31302749518888,0,9,1,1
7420,1,2,53.65705659035047,50.08902258242156,0,2,0,1
7421,0,3,54.01843055515466,42.65186723541791,0,7,1,1
7422,1,3,56.971183848112034,58.98272113895496,0,7,0,1
7423,0,3,26.95017287544141,18.026290767695258,0,5,0,0
7424,0,3,38.34339613044435,37.90245355365343,0,4,1,1
7425,0,3,54.22706471698054,37.34223729769789,0,5,0,1
7426,0,3,45.77703231812696,33.36768409087148,0,8,1,0
7427,0,2,39.257853531268616,23.868344850905125,0,5,1,0
7428,0,2,31.850615468226273,20.958919640731622,0,1,0,0
7429,0,3,29.773939918289972,20.73012518978552,0,6,1,0
7430,0,3,40.30452527312706,30.525553362154472,0,4,1,0
7431,0,3,38.48460710407278,18.31951868944993,0,3,1,0
7432,1,2,48.713393178102095,50.21336104103126,0,5,0,1
7433,1,3,44.095343759955604,49.55422558229695,0,6,0,0
7434,0,2,52.56958956905539,29.386539454528616,1,2,0,0
7435,0,2,13.949301031674704,2.5363902387817583,0,2,0,0
7436,0,3,46.80536970311772,36.69729022755147,0,5,0,1
7437,0,3,53.39012814422313,50.48676434921772,0,7,1,1
7438,0,3,25.98393655155365,1.5537346183952474,0,2,0,0
7439,0,3,62.90198952223755,47.474116199676644,1,3,0,0
7440,1,2,43.40283249507301,54.022565765428354,0,4,0,1
7441,1,3,52.90866825494608,39.088598426189414,0,2,0,0
7442,0,3,47.9953746551253,27.077262863615793,0,3,0,0
7443,0,2,57.90127128293229,37.82531335069149,1,7,0,1
7444,0,3,75.31619373553073,40.34682621339665,0,3,1,1
7445,1,3,62.581142972630076,75.53502834718807,1,15,1,1
7446,0,3,22.87057555220158,14.46707843783741,0,5,1,0
7447,0,3,18.12279953228076,37.50530107865003,0,5,0,0
7448,0,3,79.31409619692278,39.22041646437537,0,6,1,0
7449,0,3,78.03875724578002,59.285124794214155,1,5,1,1
7450,0,2,42.00910836651376,20.741501644987554,0,5,0,0
7451,0,3,74.75832644419664,52.43577486942376,1,3,1,1
7452,1,2,39.16736441022978,29.980646800476656,0,3,1,0
7453,1,3,63.02071564450777,55.9050123405382,1,3,0,1
7454,1,2,38.136858485146384,63.718773596000744,0,4,0,1
7455,1,3,50.9610412555133,70.6137916590994,0,11,0,1
7456,0,3,5.448575515364192,11.521288898822718,0,5,0,0
7457,0,2,37.82931044756088,23.95901970602233,0,0,1,0
7458,0,3,73.61846351410246,39.32344702142852,1,3,1,0
7459,0,3,64.54774653166018,47.641339869200245,1,8,0,1
7460,1,3,76.81646477525197,82.70265775248794,1,7,0,1
7461,0,3,81.5352015782289,55.14724761042072,1,6,1,0
7462,0,3,81.24585694762955,57.23396766189826,1,5,1,1
7463,0,2,92.4519852022689,25.457918765536732,0,4,1,0
7464,0,3,34.532664682651095,27.149778471533185,0,4,1,0
7465,1,3,34.56079321736103,40.10852393752074,0,5,1,0
7466,0,3,63.0077957354065,40.78802701673884,1,2,1,0
7467,1,3,50.538462278831325,60.60448202124026,0,5,0,1
7468,0,2,46.69265833147976,33.76886446445118,0,2,0,1
7469,1,2,43.98513530448776,55.536421024634286,0,5,0,1
7470,0,3,69.00425070889806,51.836601123787894,1,5,1,0
7471,0,2,53.14037052351576,20.158042480110105,0,0,1,0
7472,0,3,59.87709752450308,55.49563399079956,1,9,0,1
7473,0,2,46.661932768243425,17.472017857982088,0,2,1,0
7474,1,3,41.78681299305208,55.35750498777707,0,5,0,1
7475,0,3,72.14440825364174,63.24527443071831,1,6,1,0
7476,0,3,63.324487723018954,61.28264737513219,1,10,1,1
7477,1,3,46.476470906692235,44.367654905760595,0,5,1,0
7478,1,3,32.37782604717585,40.46104877562224,0,5,1,1
7479,0,3,62.98813744608814,40.47853730432933,0,5,1,0
7480,0,3,64.08213542971772,52.75371313637801,1,5,0,1
7481,0,3,28.212872483226658,32.507866491472264,0,7,1,0
7482,0,3,58.181187246754234,47.36808021682369,0,7,1,0
7483,0,3,61.499083170505465,48.884142946803465,1,5,1,1
7484,0,2,79.60932050322002,62.51794093569921,1,6,1,1
7485,1,3,36.755958836646194,48.483347801501374,0,3,0,0
7486,1,3,44.92876342391595,39.73770754049421,0,6,0,0
7487,0,3,28.759845713731366,27.937800091658968,0,5,1,0
7488,1,3,37.38570638500941,52.75191290220353,1,2,1,0
7489,0,3,47.666309194204004,30.998575414959753,0,6,0,0
7490,1,3,40.83560501705704,44.041364876129116,0,0,1,0
7491,0,2,20.2327267314785,23.175646212758934,0,5,0,0
7492,0,3,45.75928746289136,31.081154633818137,0,5,1,0
7493,0,3,33.3007941528252,33.55459227016549,0,9,0,0
7494,1,3,49.37409760098275,58.84508382222333,0,5,0,0
7495,1,3,35.83355458597181,57.875242467670326,0,8,0,0
7496,0,3,48.74926708285754,18.896110235933804,0,2,0,0
7497,0,3,67.67841758326117,37.699869879235614,1,5,1,1
7498,0,3,59.19713950593969,28.697237865971967,1,3,1,0
7499,0,3,52.120369061035404,38.870414361125896,0,7,1,0
7500,0,2,67.39490315305996,32.79135199269249,1,2,0,1
7501,1,3,65.85075515110911,74.64320532334045,1,6,0,1
7502,0,3,67.61324087470825,42.41600885463824,1,6,1,0
7503,0,3,35.258962990180294,23.515593883036043,0,6,0,0
7504,0,3,69.77699849322767,48.749458251991705,1,3,0,1
7505,0,3,54.62102309347218,39.665758646212865,0,9,1,1
7506,0,3,22.655227326991117,24.936225740170176,0,6,1,0
7507,0,3,58.92545880091429,42.82291375038101,1,3,1,1
7508,0,2,45.33424101537981,26.79885832923499,0,6,1,1
7509,0,3,58.43963506050533,27.96625889296017,0,2,1,0
7510,1,3,59.712011695788135,54.10605084998966,1,4,0,1
7511,0,3,67.6281995919016,43.997771729859096,1,7,0,1
7512,1,2,72.5310862420425,61.15187829852813,1,3,0,1
7513,0,3,36.92951598511699,28.582260052555228,0,4,1,0
7514,0,3,40.10723925990758,28.55415089798086,0,4,1,0
7515,0,2,48.92213289258757,38.799732033165895,0,6,1,0
7516,1,3,51.833472466510216,51.962058158200335,1,5,0,1
7517,0,3,76.10294495668992,62.98054715222458,1,8,0,1
7518,0,3,56.026824583582545,32.46875164075684,1,5,1,0
7519,0,3,51.343709353168045,28.84521846412041,0,5,1,0
7520,0,3,22.340236145104264,11.426821261833059,0,8,1,0
7521,0,3,51.08346838753584,27.896209991312595,0,1,0,0
7522,0,3,35.122506895229,27.644901692892788,0,3,1,0
7523,0,3,40.081024803396836,27.60326190707823,0,5,1,0
7524,1,2,48.216515073824034,58.6291721325989,0,4,0,0
7525,0,3,34.93153383401316,16.091558150123074,0,4,1,0
7526,0,3,31.84473356115257,29.95685800903693,0,4,1,0
7527,0,3,38.589634634373084,32.932913404486456,0,5,1,0
7528,0,2,74.67891820773286,43.83884651635646,1,6,1,1
7529,0,3,41.79870634367466,18.106641421200656,0,2,1,0
7530,1,3,67.95954294138014,63.647515065213966,1,6,1,1
7531,1,3,63.20385692225058,68.96023081237543,0,6,0,1
7532,0,3,78.8234907397361,59.042283543262634,1,3,1,1
7533,0,3,70.41713560978934,43.95145121290548,0,6,1,0
7534,0,2,47.50920234439746,39.82421455413108,0,10,1,0
7535,1,3,32.703310686061016,41.16420080985061,0,7,0,0
7536,0,3,55.344784870612855,41.00858403076792,1,1,0,1
7537,0,3,60.119116219635124,46.01186185075273,0,5,1,1
7538,0,3,43.519773987323624,33.40830428823914,0,3,0,0
7539,0,3,55.71413930188665,40.98821460100743,0,4,1,0
7540,0,3,61.12625721080656,37.07679553643128,1,6,1,0
7541,1,3,33.98727216460433,30.74243011176562,0,2,0,0
7542,0,3,45.33326661410007,22.458924436290367,0,6,1,0
7543,1,3,60.636776156980034,81.57306667616204,1,5,0,1
7544,0,3,67.59936734005315,46.64382612093643,1,7,1,1
7545,0,3,25.486810661936193,27.86106011937471,0,2,1,0
7546,0,2,47.39846723281688,44.04414005863721,0,5,1,0
7547,0,3,71.72388039770371,45.794468574826574,1,6,1,0
7548,1,3,59.04137287563678,63.56085532041179,1,2,1,1
7549,1,3,68.1155014451399,74.9364735824169,1,6,0,1
7550,0,3,41.85028745460747,37.75338115454115,0,7,1,0
7551,0,3,50.91657399154834,33.61631105718593,0,5,1,0
7552,0,3,39.01604292614705,25.70467315231931,0,2,0,0
7553,1,3,52.801104807448915,64.19582935145107,0,9,1,1
7554,0,3,64.04395687865966,41.493354661209395,1,5,0,0
7555,0,3,0.0,19.49952782834012,0,4,1,0
7556,0,3,51.480023974823595,29.005322612151577,0,2,1,0
7557,0,3,24.129576680098307,9.665668990776028,0,3,1,0
7558,0,3,21.02543572718348,20.014293135338512,0,4,1,0
7559,0,3,38.86789887832488,30.6286313843097,0,4,1,0
7560,0,3,45.43439208627078,33.32228278315127,0,3,1,0
7561,0,2,58.57292178592276,49.09970637739596,1,6,1,1
7562,0,2,35.940784354659144,28.710115070366697,0,6,1,0
7563,0,3,46.953589634248466,24.310564155754832,0,4,1,0
7564,0,3,39.006953694134864,27.018899074997726,0,7,1,0
7565,0,3,39.95168561860751,22.233028146275892,0,4,1,0
7566,0,3,61.66856234842855,40.44949026736799,1,7,1,0
7567,0,2,75.00503220299186,43.17402237427075,1,6,1,1
7568,0,3,32.45600695961493,37.531103760543914,0,9,0,0
7569,0,3,26.977716024981024,33.48966971267832,0,8,1,0
7570,0,3,37.797217298896136,31.361256998619645,0,2,0,0
7571,1,3,46.253133438633526,48.23212438231904,0,5,0,1
7572,1,3,23.321362194759676,32.52483592059601,0,5,0,1
7573,1,2,59.73559275373441,62.48722853001003,0,5,1,1
7574,0,2,58.910274078343036,52.41914568484559,0,8,0,1
7575,0,3,56.153258025076944,45.94162331200309,0,8,1,1
7576,0,3,42.786354505752485,37.711545343371235,0,5,1,0
7577,1,3,10.693402619836199,24.096826626798645,0,2,0,0
7578,0,2,57.07887641286785,52.52372555767506,1,9,1,0
7579,0,3,61.93651974068184,45.05385184812684,1,6,0,1
7580,1,2,34.68722788191287,51.39464565378913,0,6,0,0
7581,0,3,29.371885993971926,17.86659306493715,0,5,1,0
7582,0,3,58.49763662895059,48.74799212200009,0,6,0,1
7583,0,1,57.75839617761275,45.16921804283344,1,7,0,1
7584,0,3,77.74021788058086,44.03330145234839,1,4,1,1
7585,1,3,22.008938930574953,34.37870679675248,0,6,0,0
7586,1,3,65.77343070759633,58.66835325414282,1,4,1,1
7587,0,3,29.504683849553988,17.20285699498001,0,4,0,0
7588,0,3,32.36830358010634,29.841438559090044,0,5,1,0
7589,1,3,31.49300855907103,38.108751408834166,0,3,0,0
7590,0,3,34.181916176734326,20.121749725604865,0,6,1,0
7591,0,3,37.27442288500019,18.010716035802208,0,3,1,0
7592,0,2,43.15404764945264,32.01683909650632,0,2,1,0
7593,0,2,55.56610574775267,31.925660226234918,0,4,1,0
7594,0,3,43.94133210328512,25.577665626148995,0,5,1,0
7595,1,3,52.343441278341984,69.78971981282014,0,8,0,1
7596,1,2,61.8294335428772,55.22581774708216,1,4,1,1
7597,0,3,47.559421991396995,40.6910152663705,1,7,1,0
7598,0,2,37.408115264588936,16.717691993731506,0,2,0,0
7599,0,3,43.03351698470361,32.2979419673033,0,8,0,0
7600,1,3,33.29916636885153,43.79358014224093,0,5,1,0
7601,0,3,32.72235291769189,36.878398740528255,0,8,1,0
7602,1,3,28.874234532402582,45.2969951250075,0,3,0,0
7603,1,3,28.735764042711313,42.61657471920874,0,3,1,0
7604,1,3,45.00091931007908,54.2860285520398,0,3,1,0
7605,0,3,50.1051366044628,39.634891218759016,0,3,1,0
7606,0,3,63.38531018308063,46.671268922325304,1,10,0,1
7607,0,3,42.529646534530485,17.507210710722827,0,4,1,0
7608,0,3,34.247942599565604,29.15105485702591,0,7,1,0
7609,1,3,57.34742503615969,63.28251057939109,0,4,0,1
7610,0,2,70.61096560357905,28.553811319042758,1,2,1,0
7611,0,3,45.08043174044379,27.050292965713158,0,4,1,0
7612,0,3,45.556007532924696,25.129856423440067,0,4,1,0
7613,0,2,66.87708986080203,32.24501400677521,1,4,1,1
7614,0,3,50.97984835310652,37.86666404722346,0,5,0,0
7615,1,3,62.17567892454444,58.44235487875911,0,5,1,1
7616,0,3,26.02976610901133,11.37208039778263,0,3,1,0
7617,0,2,88.65623505802938,30.170737816363832,0,4,0,0
7618,0,3,55.29499623435739,30.98934718347364,0,6,1,0
7619,0,3,49.07038375777172,39.47922025783904,0,10,1,1
7620,0,3,67.21792541935781,54.85078230841907,1,10,0,1
7621,1,3,22.32087923020635,36.18612910334422,0,6,0,0
7622,0,3,42.99900427647012,24.280580307392384,0,5,0,0
7623,1,3,0.0,48.0977514343123,0,4,1,0
7624,1,3,19.08484836525333,65.96906090057773,0,9,0,0
7625,0,3,88.43338855993261,49.98391947189057,1,3,1,1
7626,0,3,66.56203178935056,51.21088111259004,0,6,0,0
7627,1,2,72.86823507755265,62.222501241297486,1,2,0,1
7628,0,3,59.74465694319702,49.666381944735726,1,7,1,0
7629,1,3,71.57562960705637,65.10362386391294,1,5,0,1
7630,0,2,33.390477215278054,27.926642702836233,0,7,0,0
7631,0,3,31.366723461776388,27.243332272183356,0,5,1,0
7632,1,3,63.17932775431725,70.81161799025956,1,5,0,1
7633,0,3,45.148565522074854,37.52896487732085,0,7,1,0
7634,0,2,40.167029086822296,30.295445900486044,0,3,0,0
7635,0,3,57.06251183086532,41.41759236575465,1,4,0,1
7636,0,3,70.54677036672909,59.321583746025226,1,8,1,1
7637,1,3,64.93654401803877,48.512324755619446,1,0,0,0
7638,0,2,49.958128539546216,45.23241168789844,0,6,1,0
7639,0,3,65.61750575152845,42.181006053795386,1,3,1,1
7640,1,2,55.135591435581865,49.42032953618383,1,3,0,0
7641,1,2,61.91986756521532,66.27268529429189,1,4,0,1
7642,0,3,54.113630976023934,49.84146610601743,1,8,0,1
7643,1,3,32.96766467924635,55.390636962674925,0,8,1,0
7644,0,3,69.0030816538295,46.439247007925694,1,7,1,1
7645,0,2,68.53739681629408,48.094613573919034,1,6,1,0
7646,0,3,32.63538342263624,20.694817390313876,0,3,1,0
7647,0,3,40.41270671260605,31.15782194345757,0,6,1,0
7648,0,3,64.9629441566928,56.60820862622061,1,9,1,1
7649,1,3,43.021852400546074,57.73664665692617,0,7,1,0
7650,0,3,60.926310524389564,18.707291647126183,0,4,0,1
7651,0,2,49.11237284567776,36.19578958054096,0,7,1,0
7652,0,3,54.478581418397226,34.838645994877496,0,5,1,1
7653,0,2,47.960541951119765,30.27564285128865,0,2,0,0
7654,0,3,60.10802476665686,48.938258755899824,1,7,1,1
7655,0,3,62.869570307324366,41.73793857955837,0,10,1,1
7656,1,2,31.830057182893878,31.195661073508397,0,4,0,0
7657,0,3,64.13940504017452,38.211750286693686,1,3,1,0
7658,0,3,34.80517769046468,31.11195608278908,0,5,0,0
7659,1,2,36.997358529528356,39.76481350294351,0,5,0,1
7660,0,3,59.754602982609185,41.878423074144024,0,3,1,0
7661,1,3,34.69247522294767,51.38523800954215,0,5,0,0
7662,0,3,33.180042320854895,24.985641341245834,0,2,0,0
7663,0,3,38.39184476910048,36.332999613112996,0,7,1,0
7664,0,3,37.52772978142287,52.21386468952072,0,7,1,0
7665,0,3,0.0,9.453860741636499,1,4,1,0
7666,0,3,23.22827868668038,31.904648115317205,0,8,1,0
7667,0,3,50.65602025530613,27.408155722755183,0,4,0,1
7668,0,2,44.66591304068166,40.07188469097751,0,4,1,0
7669,0,2,26.289882006430418,33.11587197814125,0,5,1,0
7670,0,3,41.18249904745836,26.050117493148573,0,3,1,0
7671,0,3,71.06649777622562,44.45794339287077,1,1,1,0
7672,1,3,63.68239811502481,57.69586771494345,0,4,0,1
7673,0,3,45.084482790493915,22.387765518257336,0,5,1,0
7674,1,2,38.19933598568559,66.10048873749746,0,8,0,0
7675,0,3,46.844737704908155,35.33967137051326,0,5,1,0
7676,0,3,36.34414506306437,40.22394448985981,0,10,0,0
7677,0,3,34.73053796004365,23.373407011769167,0,5,1,0
7678,1,3,55.59595098767623,69.91946163875863,0,5,1,0
7679,0,2,65.07743254050048,48.787253677641964,1,3,1,0
7680,0,3,48.151399587991655,22.76671215945044,0,1,0,0
7681,0,2,54.29367328173561,22.3697557780494,0,4,0,0
7682,1,3,36.88939572627433,42.96956099429177,0,7,0,1
7683,0,3,59.317683320017466,50.18929358816065,0,4,0,0
7684,0,3,54.920027312743926,39.315006601422375,0,3,1,0
7685,0,3,55.05178149332677,41.241341115236544,0,6,0,1
7686,1,3,61.638020428619186,54.49516085051287,0,3,0,1
7687,1,3,70.8065629417095,67.40412548838651,1,6,0,1
7688,0,2,18.31512970363008,12.810605003909354,0,7,1,0
7689,0,3,46.89557398263617,31.205265628123744,0,2,1,0
7690,0,3,31.968750124873207,30.836828965891524,0,9,0,0
7691,0,2,16.049987341681657,24.546348777884983,0,8,0,0
7692,0,3,61.79760163021541,63.29547065870937,1,14,1,1
7693,0,3,69.04663047947248,44.87203652670614,1,7,1,1
7694,0,3,70.98959027512069,38.29810331294355,1,4,0,1
7695,0,3,61.128297619126066,37.32062202774725,0,2,1,0
7696,0,3,42.4280687115159,24.960637035288364,0,3,1,0
7697,0,3,79.36986509636502,54.428870945776644,1,4,1,1
7698,1,3,51.13993956047691,66.12851053161177,0,7,0,1
7699,0,3,37.67290665523535,22.880965444602555,0,5,1,0
7700,0,3,34.652433451493344,26.386141920291934,0,9,1,0
7701,1,3,63.17581316923244,63.800148853331436,1,4,1,0
7702,0,3,62.63437929061943,49.24425014437277,1,4,1,1
7703,1,3,50.629461681507095,71.81564097141342,0,8,1,0
7704,1,3,44.917793290184754,59.240813589023844,0,6,0,1
7705,0,3,68.52231849056237,42.267683859254454,1,2,1,0
7706,1,3,63.302892797188726,73.23127229894943,1,8,0,1
7707,0,1,61.2344912960525,54.53009333153004,1,5,1,1
7708,1,3,51.63531099684148,50.305402775531256,0,1,1,0
7709,0,3,53.7831789272014,22.521669873001947,0,6,1,0
7710,0,3,51.13877027274837,37.25382484145276,0,4,1,1
7711,0,3,57.19648439228368,36.11011822790727,1,5,1,1
7712,1,3,43.685041999849965,44.56702430468822,0,5,0,1
7713,0,3,79.78194702528215,44.21889175126883,1,6,0,1
7714,1,3,62.333379390612016,62.64415981860708,0,1,0,1
7715,0,3,57.98335819029301,55.16434862899455,0,9,1,0
7716,0,3,64.95242517406638,52.477917124385264,1,5,1,0
7717,1,3,45.6169435900071,48.6971882068722,1,7,0,0
7718,0,3,46.65019482246807,36.704611688749715,0,4,1,0
7719,1,3,40.555643273329444,53.08772592537872,0,7,0,1
7720,0,3,48.821830645384495,40.44124366092125,0,5,1,0
7721,1,3,47.32588858263016,54.40170523634363,0,6,0,0
7722,0,3,63.62100575199557,54.82026475576755,1,5,1,1
7723,0,2,39.699397767304,32.419936464195565,0,4,1,0
7724,0,3,56.709026152760586,34.56702637732182,0,4,1,0
7725,0,3,77.6822573780708,43.1946079154715,0,7,1,1
7726,0,3,68.88769028736131,44.63524258799006,0,4,1,0
7727,0,3,60.037640727159584,32.10120812030807,1,3,1,0
7728,1,3,45.14662521103578,58.73007270883505,0,7,1,1
7729,0,3,37.238840941436635,37.787300748661046,0,6,1,0
7730,0,3,86.91170128434477,40.245991235998794,0,5,1,1
7731,0,3,48.646392510901926,39.78129016717486,0,5,1,0
7732,0,3,55.5023240034857,28.92824175832166,1,3,0,0
7733,1,2,55.30227486614035,61.05349144007201,0,4,0,0
7734,0,3,59.37996900796388,29.258540458555387,0,7,0,0
7735,0,2,48.47018442282696,45.14658209171811,0,6,1,1
7736,0,2,42.14852489007569,31.96126410282733,0,3,1,0
7737,1,3,52.71379150416399,47.27550396295538,0,3,1,0
7738,0,3,55.383956982279585,52.48949789294451,0,8,1,0
7739,0,2,21.8299680418801,22.227991891446962,0,8,1,0
7740,0,2,56.37667983197805,40.833880516536844,0,3,0,0
7741,0,3,31.239869508118353,32.17387141660196,0,11,0,1
7742,1,3,48.909057198032095,57.78815825532775,0,7,0,1
7743,0,2,77.22503700648437,47.70464747665051,1,4,1,1
7744,0,2,27.76027265786366,33.43616195401584,0,10,1,0
7745,0,3,89.14192375313736,34.02447056713205,1,5,1,1
7746,0,2,40.40817883569898,37.97527663420165,0,7,1,0
7747,0,3,24.32622720457161,8.135527497146537,0,2,1,0
7748,0,3,51.52314967160651,31.2498143704228,0,1,0,0
7749,0,3,44.68516421690251,20.648607207840442,0,3,1,0
7750,1,3,33.994154367444,42.948424299558845,1,4,0,1
7751,0,3,43.020470313823374,40.78503633861703,0,8,1,0
7752,0,3,33.65651799940258,27.279633994813135,0,7,1,0
7753,0,3,67.80446397657246,47.97511163760302,1,3,1,0
7754,0,3,13.969358001342387,5.555639883233738,0,7,1,0
7755,0,3,48.328978389319595,25.449149828971148,0,4,0,0
7756,1,3,51.560048329273926,47.960050613036515,0,6,1,1
7757,0,3,6.538278300250894,40.93725491562378,0,7,1,0
7758,0,3,37.69357838462837,16.770494483864184,0,5,1,0
7759,0,3,31.434716307055815,22.738824466442768,0,2,1,0
7760,0,3,77.51156348980956,41.46052686308153,1,2,1,0
7761,0,3,84.42693395630039,51.67488273075134,1,5,1,1
7762,0,3,58.50942801642119,33.4386450679158,0,2,1,0
7763,0,3,44.702634358211746,26.55675625561105,0,5,0,0
7764,0,3,75.75316201838142,49.93779826523543,1,5,1,0
7765,0,2,47.17363013987068,50.89699730234294,0,10,1,0
7766,0,3,77.55513187643788,60.95615774465209,1,5,1,1
7767,1,3,43.549073715504115,43.01513497011088,0,4,0,0
7768,0,3,40.549687969032234,38.79757222659343,0,5,1,0
7769,0,3,48.63483105593937,34.34009717972232,0,3,1,1
7770,0,3,63.24161840271078,32.375818755622454,0,3,1,0
7771,1,3,39.82938081363762,44.45797206378194,0,2,0,0
7772,0,3,39.60460499460055,43.04043732574679,1,8,0,1
7773,0,3,41.55918320736737,40.627093395014825,0,7,1,1
7774,1,2,47.51076833462904,51.11624076687723,0,5,0,0
7775,0,3,61.40610833330013,42.671320798385075,1,5,1,0
7776,1,3,61.462819161100036,61.03792848657296,1,7,0,1
7777,1,3,52.4599263548115,59.04507122186996,0,4,0,0
7778,1,3,37.72037644675726,48.551382188671404,0,4,0,0
7779,0,3,50.56254122865544,34.16542200136966,0,7,1,0
7780,0,3,72.14678825566467,48.231233974459876,1,3,1,0
7781,0,3,31.160389627073613,34.153655560462376,0,5,1,0
7782,0,2,50.748597592644956,18.860750735633278,0,0,1,0
7783,0,3,37.39963226472184,13.945070948632447,0,1,0,0
7784,0,3,39.50287298513552,46.59079813500789,0,9,1,0
7785,1,3,70.9207042445101,66.21077330562504,1,3,0,1
7786,1,3,58.27349666745396,62.409632117846044,1,8,0,1
7787,0,2,56.06765204183232,50.34405499530371,0,8,0,1
7788,0,3,70.24009330426455,70.82829540217946,1,13,1,1
7789,1,3,56.484612336791365,53.04596271435777,0,4,0,1
7790,0,3,50.677103100152344,43.058027294464345,0,7,1,1
7791,0,3,58.84847431384011,32.00008056943921,1,3,1,0
7792,0,3,22.071022399259782,20.585940932785928,0,7,1,0
7793,1,3,41.636706747662885,54.609595468618515,0,6,1,0
7794,0,3,35.05572355943227,20.61652864562724,0,5,1,0
7795,0,3,65.3665016401138,48.36154600030842,1,6,1,0
7796,1,3,84.2053621269746,76.6364408170478,1,6,0,1
7797,0,3,45.57338059345715,49.50365030364915,0,11,1,0
7798,0,3,32.58555142635946,23.070717001387294,0,3,0,0
7799,1,3,0.0,42.82681612973311,0,3,0,0
7800,0,3,46.22777782115896,43.61899424312282,0,8,1,0
7801,1,3,100.0,42.80512187652395,0,6,0,0
7802,0,3,42.42256636036347,36.83866911991024,0,3,1,0
7803,1,3,45.897921501871515,43.68649680117478,0,3,0,1
7804,0,3,47.82497331816459,32.66590960801649,0,5,0,0
7805,1,3,52.53272606046629,45.1049620314001,1,1,0,1
7806,0,3,64.69094046352782,44.57835914916921,1,7,1,1
7807,1,2,82.43884485965161,77.65581035799052,1,2,0,1
7808,0,3,83.28274774954026,51.48892803650894,1,5,1,1
7809,1,3,36.49220993830824,58.929739375133764,0,9,0,1
7810,0,2,66.03673734212842,33.95164380037994,1,6,1,0
7811,0,3,66.80471504509379,44.94897256296658,1,6,1,0
7812,0,3,66.07619718951358,52.183615329788985,1,7,1,1
7813,0,3,47.766132391888746,29.10814019941853,0,6,1,0
7814,0,2,44.48268806258024,17.143721958872952,0,1,0,0
7815,0,2,64.84385254468883,50.974388688997095,1,5,1,1
7816,0,3,41.95214744667288,23.22742470276151,0,4,1,0
7817,1,3,24.592731263738056,37.77715536500315,0,3,0,0
7818,1,2,69.14544823992463,71.15655231295858,1,3,0,1
7819,0,3,59.494662453553474,35.314475268343244,0,4,1,0
7820,0,3,54.66132724599403,29.611076786519174,0,2,1,0
7821,1,3,49.93003009936364,57.70378493601376,0,8,1,0
7822,0,3,22.719382031866292,36.471737214498624,0,6,0,0
7823,0,2,70.39570094442779,45.77940457054039,1,6,1,1
7824,0,3,68.65347767388765,40.70313507484797,1,3,0,1
7825,0,3,28.334193794987684,10.284559873247614,0,4,1,0
7826,0,2,35.04235825132161,25.735129313918854,0,7,1,0
7827,0,2,61.242043939785496,43.86862555578492,0,8,0,1
7828,0,3,48.98064590998153,28.82366003498672,0,5,1,0
7829,1,3,0.0,39.968200665918786,0,4,0,0
7830,0,3,51.79572511262337,34.03354989014735,0,6,1,0
7831,1,3,17.628606401643033,30.891740628712274,0,2,1,0
7832,0,2,66.70657631677636,35.28056375525335,1,1,0,1
7833,0,3,52.21834457396615,30.97432099098825,0,0,1,0
7834,1,3,49.15689010653214,53.05442616788015,0,4,1,0
7835,0,3,58.531693852791534,36.99295388845817,1,9,0,0
7836,0,3,35.35753836219301,29.23331522089177,0,4,1,0
7837,1,3,27.441147402281096,41.578712984590126,0,9,1,0
7838,1,3,48.02339610426004,48.40662884612024,0,6,0,1
7839,0,3,54.88429251528498,43.24863343178351,0,5,1,0
7840,0,2,67.432562179941,51.92610419753219,1,5,1,1
7841,0,2,47.157437631456105,36.05097644380234,0,4,1,0
7842,1,2,42.88974149837403,61.56275271837758,0,4,1,0
7843,0,3,46.1481079267918,33.45419330179254,0,4,0,1
7844,1,2,36.97704849034743,49.62567490168131,0,5,0,1
7845,1,3,40.293830054235066,43.96897881254084,0,5,1,0
7846,1,2,39.944802269219394,48.62236768267193,0,4,1,0
7847,0,3,49.037174198277086,32.12559824430755,0,7,1,0
7848,0,3,47.27343034344431,41.17237882165644,0,7,0,0
7849,0,3,62.66626518989928,46.80167214765676,1,4,1,1
7850,0,3,52.14712102305958,39.339613548959576,0,8,1,0
7851,0,3,56.12025275341786,36.96467352492166,0,6,1,0
7852,0,3,68.0721073753084,53.17030825083979,1,6,1,1
7853,0,3,71.30364224601834,50.360102091222295,1,4,0,0
7854,0,3,46.51268878734444,26.124924144766997,0,6,0,0
7855,0,3,68.12683371918558,46.339401305339884,0,7,1,0
7856,0,2,45.00640471747254,30.08788528173955,0,7,1,0
7857,0,3,70.34307399606452,52.561460031412345,1,5,1,1
7858,0,3,64.26872695277515,49.80055858463746,1,7,1,1
7859,1,3,54.188041629923475,50.87182107186239,0,5,0,0
7860,0,3,61.980540726468405,48.30295901217602,0,5,1,0
7861,1,2,20.495004018091247,42.79066150499738,0,6,0,0
7862,1,3,29.21245704405966,43.535149815552,0,4,0,0
7863,1,3,16.767729397389033,46.86519145349518,0,1,0,0
7864,0,3,48.431717849406006,39.72960184644707,0,6,1,0
7865,1,3,33.07504502556065,45.432844393510294,0,3,0,0
7866,0,2,16.96387700647559,6.1121755283091,0,2,1,0
7867,0,3,13.63016999705532,4.662193791921101,0,5,1,0
7868,0,3,48.20187938907336,28.179136776968814,0,4,1,0
7869,0,3,79.4860504488691,40.89551865463395,1,3,0,1
7870,0,3,22.544469481779654,25.43185020655375,0,6,1,0
7871,0,1,46.1839541931941,34.050685175613815,0,3,1,0
7872,0,3,37.66976223312728,19.199099192070232,0,3,1,0
7873,0,3,18.05040373615425,23.724079805221674,0,3,0,0
7874,0,3,62.8993335288493,50.37304320494421,1,3,0,0
7875,0,3,46.94072196263069,23.530866734176943,0,3,1,0
7876,0,3,63.225269194712,29.917391237825882,1,1,1,0
7877,1,3,72.45875049839901,70.2721818761714,1,5,0,0
7878,0,2,51.802127873903046,36.567487241578725,1,3,1,1
7879,1,3,73.03807560936937,62.29099877505267,1,5,1,1
7880,1,2,54.44272336157593,57.59309296886466,1,7,1,0
7881,1,3,52.389893614526606,38.64244023271672,0,3,1,0
7882,0,3,23.179627477102212,13.249108823010449,0,5,1,0
7883,0,2,43.967658247704556,36.31374842637203,0,8,0,0
7884,1,3,64.98124933901707,54.27756230588403,0,4,0,1
7885,0,3,75.11655191148628,51.6004523180258,1,6,1,1
7886,0,3,39.54272688147815,20.54407206527781,0,5,1,0
7887,1,3,58.95926704943139,61.69910677570925,0,7,0,1
7888,1,3,37.65942386031635,51.30283115139879,0,8,1,0
7889,0,2,65.30637357390981,47.32832244789125,1,5,1,0
7890,0,3,70.37380820728211,45.751025567822026,1,3,1,1
7891,0,3,41.83505120784223,20.18273113410882,0,3,1,0
7892,1,3,23.549419828008837,47.12284094306813,0,7,1,0
7893,0,3,68.22242032546751,35.05486848398944,1,3,1,1
7894,0,3,68.98023944434928,41.455681881244416,1,7,1,1
7895,0,3,100.0,42.5732216291463,0,6,1,0
7896,1,3,67.79077225548698,67.89428267048918,1,3,0,1
7897,0,3,59.46811852712447,31.94013359969403,0,3,0,1
7898,0,3,37.100391080319724,45.93425768220736,0,5,1,0
7899,0,3,84.3849696316031,57.45525055539504,1,8,1,1
7900,1,2,60.54557561335478,64.8016509773998,1,5,0,1
7901,1,2,56.2826163423157,49.22940166616578,0,4,1,1
7902,0,3,41.94761253687496,36.6867781538917,0,6,0,0
7903,0,3,39.92213205582909,36.99689453298777,0,6,0,0
7904,1,2,14.520940530149899,39.10430608873084,0,10,0,0
7905,0,1,85.6393238762185,47.16890516872238,1,6,1,1
7906,0,3,37.888245484855375,21.47707888407466,1,1,1,0
7907,0,3,58.91508249510693,31.499152854328333,0,3,0,0
7908,1,3,57.86159601223084,65.98645873800756,0,6,0,1
7909,1,3,43.01251140997172,55.220036371417194,0,5,0,1
7910,0,3,60.20129394545614,45.89138813682496,0,7,1,0
7911,0,3,0.0,36.37575925107825,0,4,1,0
7912,0,3,49.82432355888995,42.67547256290901,0,5,1,0
7913,0,3,73.80873877250461,48.02174993959074,1,2,0,1
7914,1,3,43.071468988804526,58.871026014284695,0,6,1,1
7915,0,3,61.4174123846993,42.863513980335,1,6,1,0
7916,0,3,54.16878587863203,36.24108288032094,1,4,1,0
7917,0,3,100.0,40.54806442194137,1,3,1,0
7918,0,3,30.082960832122787,36.721773566214296,0,5,1,1
7919,0,3,39.106337946780364,22.026437354888884,0,5,1,0
7920,0,3,25.6766235548958,15.640963247648227,0,4,1,0
7921,0,2,41.076985103512584,24.759046199365596,0,4,0,0
7922,0,3,30.83420544616632,10.581528199456663,0,1,1,0
7923,0,3,67.1685639086265,44.0776100429459,1,3,1,1
7924,0,3,63.87008345041002,50.61867624605089,0,6,1,0
7925,0,2,49.8267849564189,38.083764085616295,0,5,0,0
7926,0,3,57.29190674075065,47.42837970621166,1,4,1,0
7927,1,3,90.21460386738185,56.369876192271946,1,1,1,1
7928,0,3,34.55719137494324,28.146275930467418,0,8,0,0
7929,0,2,38.168315766087005,40.78309516678014,1,8,1,0
7930,0,3,44.066444163768296,44.697802945811105,0,4,0,0
7931,0,3,38.6728916794056,28.855069728430163,0,3,1,0
7932,0,3,52.959034455706615,41.9833231620612,0,6,1,0
7933,0,3,83.09655247983343,50.88838026880305,1,5,1,0
7934,0,3,52.109659150089676,32.05033648919274,1,4,1,0
7935,0,2,58.972138524089594,37.437437919774204,1,7,1,1
7936,1,2,39.8637861862118,59.271746661736394,0,7,1,1
7937,0,3,36.564787977364404,24.494946996817212,0,4,1,0
7938,0,3,50.6619352602697,37.37617321019643,0,4,0,0
7939,1,3,56.748857957439256,53.15508103546952,1,6,0,1
7940,1,3,70.41462423465117,70.23459854901598,1,5,0,1
7941,1,3,71.49235715320808,72.11535444113687,1,2,1,0
7942,0,3,64.4153512291533,46.804494646395796,1,3,0,1
7943,0,3,30.67226083372702,20.116342010172026,0,7,0,0
7944,1,3,52.729252750976755,58.63588275767086,0,4,1,0
7945,0,3,39.47388811977083,30.217924708044716,0,7,1,0
7946,1,3,0.0,45.60681102869743,0,3,0,0
7947,0,3,72.5671965451316,44.92759918785484,1,5,0,0
7948,0,3,87.57254648581915,51.230751631121514,1,5,0,1
7949,0,3,81.79461858471214,44.6731726549804,1,5,1,0
7950,0,2,34.231076829607765,39.40132337714012,0,7,1,0
7951,1,3,50.79847233698257,63.62149232006257,0,4,1,0
7952,0,3,43.920352768040686,37.462021413154815,0,7,1,0
7953,0,3,0.0,44.61623067042182,0,3,0,0
7954,0,2,46.76917968202339,34.18590891888063,0,5,1,0
7955,0,3,58.8188743539901,31.767821818021762,1,2,1,0
7956,0,2,58.89475350751383,37.61879932971362,1,5,1,1
7957,0,3,55.19920369787216,33.29837842566023,0,6,1,0
7958,0,3,55.86408875710884,54.75427404155005,0,10,0,1
7959,0,3,41.13405729720135,32.90036058300052,0,3,1,0
7960,0,3,66.79861658958755,53.66190064301246,1,4,1,0
7961,0,3,62.33548372195488,43.7774818811067,0,8,1,0
7962,1,3,84.18492768313972,72.58417554136206,1,3,0,1
7963,0,3,47.002655380491774,33.40495822933844,0,5,1,0
7964,0,3,50.261021366617754,40.42260208829686,0,5,0,0
7965,0,2,66.76755116171589,39.42273679958339,1,4,0,1
7966,1,3,100.0,66.61273943124668,1,4,0,1
7967,0,3,59.78378020482142,42.683439916866675,1,7,0,1
7968,0,3,61.054523010718434,43.59006582024517,0,5,1,0
7969,1,3,49.47682904093682,45.88925134725128,0,5,0,1
7970,0,3,71.49761719152893,39.744465205093896,1,1,1,0
7971,1,2,36.603451257927325,36.13020583664411,0,2,0,0
7972,0,3,28.738340439772976,10.857249310475508,0,2,1,0
7973,1,3,28.551222018489458,50.735047992215776,0,6,1,1
7974,0,3,18.153188956569245,29.687666629595434,0,9,1,0
7975,1,2,59.44920386548717,66.70680328728962,1,7,1,1
7976,0,3,41.70557754941807,34.27462368874816,0,5,1,0
7977,0,3,23.362244782838353,11.630988659001364,0,7,0,0
7978,0,3,47.80559165847769,34.39310957107007,0,6,1,0
7979,1,3,93.07515989962033,92.44687299650538,1,5,0,1
7980,0,3,55.91350432302434,45.266790276687,1,5,1,0
7981,1,3,54.317893186628105,65.6017525287727,0,7,0,1
7982,0,3,100.0,34.6066402128209,0,3,1,1
7983,0,3,42.70395047038292,39.63403397998214,0,4,1,0
7984,0,3,62.288217766031764,36.60543002126539,0,6,1,0
7985,0,3,30.484358257106532,27.42272366164504,0,7,1,0
7986,1,3,42.90360148443848,52.32526770100752,0,3,0,0
7987,0,3,40.87328072846194,22.97599430646499,0,5,1,0
7988,0,3,74.53803525799967,55.812158659361224,1,8,1,1
7989,1,3,47.44421480886836,63.10389286319748,0,7,0,1
7990,0,3,52.067068902018804,42.25696199114947,0,3,1,0
7991,1,3,58.82520480449401,57.904121662893644,0,4,0,1
7992,0,3,40.94288173603732,29.092544425994596,0,4,1,0
7993,1,2,29.34465860604519,44.80093802835297,0,10,0,0
7994,0,2,23.521099760861564,18.847315668671925,0,5,1,0
7995,0,3,61.15244216812504,47.17980788107289,1,10,0,1
7996,0,2,34.38491068115565,35.542280284612985,0,12,1,0
7997,0,3,54.83789126600786,43.785789375260634,0,9,1,0
7998,1,3,56.49810509874756,56.434732419547956,1,4,1,0
7999,1,3,70.52836043550572,63.01379481656903,1,6,0,1
8000,0,3,52.946978214053345,40.52520328838121,0,4,1,0
8001,0,2,61.13194301645489,40.35875590604046,1,3,0,1
8002,0,2,55.051747834473325,43.37687509455746,1,6,1,0
8003,1,3,31.635951239828966,33.695329829279935,0,2,1,0
8004,0,3,54.50096349014828,49.1702542354502,1,8,1,1
8005,0,3,59.36236748613633,43.549373867696474,0,4,1,0
8006,0,3,43.852064536092286,38.36374111631839,0,7,1,0
8007,0,3,20.449928483469325,11.195736970481144,0,4,1,0
8008,0,3,52.77671353968185,57.77673129764397,0,9,0,1
8009,0,3,62.66279871163275,56.232066652710856,0,9,0,1
8010,0,2,44.193784451353686,26.813455663005982,0,6,1,0
8011,0,3,42.95177166260004,30.235335227671296,0,5,1,0
8012,0,3,66.19987411196419,49.28212469655727,1,4,1,0
8013,0,2,26.424701073145552,19.832303790057985,0,7,0,1
8014,0,3,19.499840126808902,8.877741444668914,0,5,0,0
8015,1,3,32.63480923058665,30.0852591477472,0,1,0,0
8016,1,3,60.32054931414402,77.47001366736794,0,9,0,1
8017,0,2,48.68843346450897,35.434135980688225,0,5,1,0
8018,0,2,40.632759998646904,17.219474407388766,0,2,1,0
8019,0,3,67.44712891686895,46.359150609388614,1,7,0,1
8020,1,3,51.41640088669671,60.59386497147427,0,4,0,1
8021,1,2,31.609002547007876,39.55196377403947,0,3,0,1
8022,0,3,51.16336865183495,23.17672640714756,0,4,0,0
8023,0,3,54.797792976106635,35.24960422789651,0,6,0,1
8024,1,2,74.57519755291584,68.56015219912707,1,7,1,1
8025,1,2,70.98424088392294,75.38639769504746,1,5,1,1
8026,1,3,81.69801460291094,88.6077684158574,1,10,0,1
8027,0,3,65.84432586237025,34.9701074975416,0,1,1,0
8028,0,2,62.44249376604615,49.18615550658609,1,6,1,0
8029,0,2,49.4023471097345,32.997206591129064,0,7,1,0
8030,0,3,42.95102792496001,37.922424225061036,1,5,0,1
8031,0,2,48.10694495392451,36.69748703624634,0,6,1,0
8032,0,2,58.42503112283158,39.64676131996898,0,4,1,0
8033,0,3,61.824982049234706,35.003569525538886,0,5,1,1
8034,0,3,32.80482192377338,8.819976860039176,1,1,1,0
8035,1,2,46.635463418367586,61.97109867366327,0,7,0,1
8036,0,2,38.764594055912546,27.551519579855697,0,7,1,0
8037,1,3,67.96006403042261,59.80328098142468,1,3,0,1
8038,1,3,62.19429170091475,74.96982177607802,1,7,0,1
8039,0,3,59.89576536355716,35.725894595025565,0,5,1,1
8040,1,2,42.32317183782966,39.31517293026879,0,6,0,0
8041,0,3,19.952179533517597,32.355856007031996,0,8,1,0
8042,1,3,51.967645746575315,53.30890608150978,0,6,0,1
8043,1,3,54.254152999289495,45.18267262379662,0,3,0,0
8044,1,3,47.37845179510202,47.958664630392796,0,5,0,0
8045,0,3,37.80106736365254,14.228778263688588,0,2,1,0
8046,0,3,42.17886263070147,44.145572190293656,1,10,1,0
8047,1,3,67.31476552822933,60.93939027295813,1,6,1,1
8048,0,3,53.45367739082978,44.65770395509496,0,5,1,0
8049,1,3,56.327305850857584,46.77077456730556,0,3,0,1
8050,0,3,80.11604254241232,48.061030322438505,1,6,1,1
8051,1,2,19.7840384641054,21.48526928608806,0,2,0,0
8052,0,3,58.9282204283365,45.26596800383998,1,6,1,0
8053,0,3,37.040058277861995,17.45952501235433,0,0,1,0
8054,0,3,42.45615178150322,21.02320234557603,0,3,1,0
8055,0,3,57.388874586025345,46.63012324767364,0,3,1,0
8056,0,2,23.199413695010016,6.704458059574264,0,1,0,0
8057,0,3,56.026911130955334,37.36060703367668,0,2,1,0
8058,0,3,50.338439650753365,27.578694742072084,0,3,1,0
8059,0,3,54.15154815314887,21.38025787399132,0,3,1,0
8060,0,3,68.44300373598027,48.69500863545189,1,5,0,1
8061,0,2,56.48101007852913,47.969450954007065,1,6,1,0
8062,0,3,82.40481380805195,58.86825936866676,1,5,1,1
8063,1,3,53.773649506484915,57.05248441661271,0,3,0,1
8064,0,3,63.8629457917092,38.71969482710365,1,3,1,0
8065,0,3,58.53678381403452,46.138474245923646,1,5,1,0
8066,0,3,38.36264791714966,22.496918825027226,0,2,1,0
8067,1,3,74.64222104215116,82.02488322798371,1,5,0,1
8068,0,2,63.286467173080666,33.78104574902302,1,3,1,0
8069,0,3,49.68464893402341,26.721914348107045,0,5,1,0
8070,0,3,80.38052176147185,43.59937555560637,1,5,1,1
8071,1,3,80.87502816217507,85.2819512712158,1,7,0,1
8072,1,3,53.54955134296686,51.538669192471225,0,4,1,1
8073,1,3,47.89244131471076,60.415006051267056,0,7,1,0
8074,0,2,50.02782573517178,37.74417778029559,0,5,1,0
8075,0,3,54.9714857012834,46.05856909493816,0,4,1,0
8076,0,2,65.52156207806864,38.33206785422044,1,3,1,1
8077,0,2,48.31311725391091,36.466606559062726,0,3,1,0
8078,1,3,56.73991661967266,62.09410578326425,0,4,0,1
8079,0,3,47.91221088679648,36.49276948845062,0,4,1,0
8080,0,3,41.440995519445096,43.01258917832318,0,8,0,0
8081,0,3,69.62102720796473,42.29733626844551,0,5,1,1
8082,1,3,49.148704898515945,41.45217209091973,0,1,0,0
8083,1,2,27.611192226320828,53.92416956625331,0,6,0,1
8084,1,3,49.06952200096345,60.591636330575994,0,7,0,1
8085,0,3,58.829016303260936,51.08655900367439,1,5,1,0
8086,0,3,16.93777795278325,50.14957291715722,0,6,1,0
8087,1,3,24.63796681696523,25.974876131215208,0,3,0,0
8088,0,3,48.09248201656698,23.949415709511648,0,3,1,0
8089,0,3,47.74090337745352,32.75770344478763,0,3,1,0
8090,0,3,30.90847635963934,13.476779670641658,0,5,1,0
8091,0,3,53.254587518585105,31.300877235935143,0,3,1,0
8092,0,3,59.617812188127516,41.834239441809174,0,6,1,0
8093,1,3,48.907917167629705,60.76220632162897,0,5,0,1
8094,0,3,52.46253257318797,32.84392700896545,0,2,1,0
8095,0,3,65.722189270082,36.96102549961558,1,4,1,0
8096,1,3,32.59623897844479,49.84883207065449,0,4,0,0
8097,1,3,28.572268843077723,47.273266563919925,0,5,0,0
8098,1,3,30.881018722902272,53.32021363753662,0,9,1,0
8099,0,3,61.69089005275012,43.425606243291284,1,3,1,1
8100,1,3,7.081434454667793,65.71416353695747,0,8,0,0
8101,1,3,45.235879758779916,50.042910773265184,0,7,0,1
8102,0,3,53.3533582563773,31.59833849280624,1,3,1,0
8103,0,3,41.673381630716435,21.67583197675113,0,6,1,0
8104,0,3,67.58175950928934,48.463668395440564,1,4,0,1
8105,0,3,59.74590865061367,43.875176734616566,0,4,1,0
8106,1,3,28.712668902349158,39.57773630481719,0,7,1,0
8107,0,3,73.0112130253297,51.53242636078566,1,4,1,0
8108,1,3,100.0,82.22693625985853,1,6,0,1
8109,1,3,48.24407845004862,50.199353531668294,0,3,0,1
8110,0,2,67.70155906692162,41.9571892569481,1,6,0,1
8111,0,3,16.766396043907847,21.20896381775332,0,11,1,0
8112,0,3,48.033261622939484,38.14073856190505,0,4,0,0
8113,1,3,70.73549061280704,71.15038749297534,1,3,0,1
8114,0,3,28.865128139320454,15.855708199042263,0,5,1,0
8115,0,3,57.593226456855724,47.025885210801206,0,7,1,1
8116,1,1,34.41420996321627,41.21191467127754,0,6,0,0
8117,0,3,23.386945591778144,20.742187257849416,0,9,1,0
8118,0,3,79.32069842719737,52.57577502604668,1,7,1,1
8119,0,3,49.28873012829142,50.14632197073063,0,9,1,0
8120,0,3,53.5717896333875,30.05791323608678,0,3,0,0
8121,1,3,11.043594977295509,30.662754629468207,0,4,0,0
8122,0,3,49.04784535355992,26.809864484073017,0,6,0,0
8123,1,3,62.171756239946326,68.92457534412166,0,6,1,0
8124,0,1,65.21062292809738,58.21816638069314,1,8,0,1
8125,0,2,62.700751402864576,43.103628856101295,1,4,1,1
8126,1,3,52.61272864199786,54.13807461066757,0,4,1,0
8127,0,2,42.905130942542215,27.437983442669097,0,4,1,0
8128,0,2,45.2810227115332,33.988810613303244,0,3,1,0
8129,0,2,74.60436795306711,47.79783596346802,1,3,1,1
8130,0,3,46.734265486056046,36.247603458604,0,4,1,0
8131,0,3,54.77747012795231,42.907615820659736,0,5,0,1
8132,0,2,63.48353719746656,48.930273653685646,1,4,1,1
8133,0,3,51.36787497778382,25.67822550051942,0,5,1,0
8134,0,3,90.41454467182771,60.13438748397857,1,2,1,0
8135,0,3,53.118756684630796,44.848807232899595,1,5,1,1
8136,0,3,50.59975279471868,32.67931846845042,0,7,1,0
8137,1,2,31.23517405940436,32.232862309617936,0,4,0,0
8138,0,3,81.78764496540767,59.70619180266337,1,7,1,1
8139,1,3,53.44090716176221,47.704320818149206,0,3,0,0
8140,0,3,65.04328201434284,39.91144502278295,1,4,1,0
8141,0,3,62.477475998286266,42.55908730860536,1,2,1,0
8142,0,2,47.37334153303129,34.727528728992105,0,5,0,1
8143,1,3,31.893267922197406,35.722546346140355,0,3,0,0
8144,0,3,29.6418555048197,42.16221361944683,0,7,0,0
8145,0,3,80.39873670734235,62.22143652208372,1,8,1,1
8146,0,3,42.5207979600217,30.143359443845377,0,4,1,0
8147,0,3,63.67449918783817,38.02123688905682,1,5,0,1
8148,0,3,38.87753276455718,18.405646877492543,0,2,1,0
8149,1,3,61.89131411491485,68.23898463215562,0,6,0,1
8150,0,3,49.70187595453354,28.77200003476607,0,1,1,0
8151,0,3,47.4919558199195,30.43822481095685,0,5,0,1
8152,1,3,56.39301219815026,73.69442098880442,0,8,0,1
8153,0,3,21.38535262464942,5.267166660739354,0,1,1,0
8154,1,2,87.18526289893879,48.58550365824699,0,6,0,1
8155,1,2,75.66403522276197,62.89757773949124,1,2,0,1
8156,0,3,36.63981075227126,24.8395719462281,0,8,1,0
8157,1,3,47.1929607021293,44.35652755840832,0,4,0,0
8158,1,3,47.71645441055731,57.854868511250004,0,5,1,1
8159,1,3,54.40591995863981,52.71567584444032,0,5,0,0
8160,0,3,47.00974566599333,37.41444911801891,0,3,1,0
8161,0,3,56.690857645394544,45.0806357321905,0,2,0,1
8162,1,2,43.045474196315396,54.29719053683148,0,7,0,1
8163,0,3,61.7662499776591,37.650763233383685,1,8,1,0
8164,0,3,46.091755165622395,38.77364887822571,0,5,1,0
8165,0,3,48.51945013810569,42.480958168731846,0,6,0,1
8166,0,3,57.8390510482385,43.15532379143316,1,2,0,1
8167,1,3,33.47454340461117,34.26503105589586,0,4,0,0
8168,1,3,19.91464518354038,46.90225533475476,0,7,1,0
8169,1,3,44.546789311101556,66.8158434685706,0,9,0,1
8170,1,3,61.528361807164586,63.2945424944602,1,6,0,1
8171,0,2,45.92601173011416,32.626084070851945,0,3,0,1
8172,0,3,26.043232952870497,28.639857758152974,1,6,1,0
8173,0,3,38.995080729143474,20.092088980940744,0,5,0,0
8174,1,2,58.53884732072083,63.99936674909587,1,5,0,0
8175,0,3,43.464155674025434,33.72306177845214,0,4,0,1
8176,1,3,53.69906049596333,45.892418050212584,0,3,0,0
8177,0,3,65.21454868118431,32.565988909741236,1,1,1,0
8178,0,3,46.318927389002745,47.80872940134426,0,7,1,0
8179,0,3,67.18190519306378,45.38048288841511,0,4,1,1
8180,0,3,42.874691592660184,30.99260571719037,0,4,1,0
8181,1,3,61.31272754363599,52.30118667649306,0,3,0,1
8182,0,2,56.880768571986835,34.970096721658386,1,3,0,1
8183,0,3,41.97999451907067,30.216704042174136,0,3,0,1
8184,0,3,36.58860907628001,33.02183569094375,0,3,1,0
8185,0,3,48.11074517487716,29.253870427766138,0,1,1,0
8186,0,2,57.77418628490005,41.10192694460018,1,7,1,1
8187,1,2,55.33127317736785,78.10009070506236,1,7,0,1
8188,0,2,72.4440707300756,37.867180997641576,1,2,1,1
8189,1,2,38.975278102422834,57.75221651538984,0,3,1,0
8190,0,3,59.45719852662426,32.12397022001435,1,3,1,0
8191,1,3,71.21309509739068,64.37624204264912,1,6,0,1
8192,0,3,63.4787098321578,36.9253825161041,0,6,0,0
8193,0,2,75.51587538886129,40.33524977936416,1,2,1,1
8194,0,2,52.37933330188788,37.7657492701493,0,5,1,1
8195,0,2,57.174771378883506,33.4007359685244,1,4,1,0
8196,0,2,67.37691813696931,46.25812405784064,1,4,1,1
8197,1,3,48.27427838016138,68.48718261108824,0,9,1,1
8198,0,2,54.95643014562584,31.201720671832902,0,2,1,0
8199,0,3,44.51709197828973,25.32886603305342,0,6,0,0
8200,0,3,36.13257895032996,28.58379074349751,0,5,1,0
8201,1,2,48.19301565315139,50.21703083174012,0,4,1,0
8202,0,3,39.26048247477015,17.59967250552961,0,3,1,0
8203,0,3,56.39919285541807,40.29462179704868,1,7,1,0
8204,0,3,56.3338163404494,24.570997093747142,0,0,1,0
8205,1,2,29.52695510090189,40.680252455279565,0,1,0,0
8206,1,2,46.96028035061122,69.02254883551836,0,10,0,1
8207,1,3,44.468218697719784,53.4783624325081,0,4,0,1
8208,1,3,61.32883296487112,54.71125812940265,0,7,0,0
8209,0,3,72.69570425109457,44.90141813809346,1,5,1,1
8210,0,3,44.50839275341716,49.05721625078636,0,8,1,1
8211,0,3,55.09336180513073,40.188759695338604,0,3,1,1
8212,0,3,67.30717750282622,36.323975134262255,0,5,1,0
8213,1,3,47.709131921142095,60.21642917100197,0,6,0,1
8214,1,3,54.77380048040952,54.75515147887031,0,1,0,0
8215,0,2,40.71354599951324,27.437115092326835,0,2,0,0
8216,1,3,49.5825717307331,48.80882563850846,0,6,0,0
8217,0,2,48.544699291854265,29.98455256856914,0,5,0,0
8218,0,3,42.928812474053245,31.665510511721465,0,3,0,0
8219,0,3,29.056973937550012,25.254883318438356,0,3,0,0
8220,0,3,77.77055965318122,52.9503873798982,1,0,1,1
8221,1,3,61.02290542941605,45.37855051113453,0,5,0,1
8222,0,2,50.77516715299794,30.090094885913597,0,5,0,0
8223,0,3,51.17232211297493,26.765008542077137,0,3,1,0
8224,1,2,63.583333347026084,48.93920605130099,1,5,0,1
8225,1,3,44.38097683963738,47.95340024970324,0,6,0,1
8226,0,3,41.12184443338139,19.940036336337585,0,5,0,0
8227,1,3,46.86926662108789,52.90719753885059,0,8,0,1
8228,1,3,52.014871464308584,65.7792498988458,0,8,0,1
8229,1,3,64.35746189680388,63.30472052671941,0,5,0,1
8230,0,2,43.405471086760244,41.64688114893839,1,8,1,1
8231,1,3,31.945377524372194,48.680525413661925,1,7,0,0
8232,1,3,62.77127991651594,67.7807968974022,0,6,0,1
8233,1,3,50.21300371789544,45.27918677297591,0,4,1,0
8234,0,3,41.34222922329125,39.62622651389611,0,7,0,0
8235,0,3,54.22237874749232,34.84452582191156,0,2,1,0
8236,1,2,49.62734518333213,56.6203827400378,0,7,0,1
8237,1,3,66.93168229796612,54.377469239718835,1,2,1,1
8238,0,3,55.84125950827436,39.06692721978419,0,6,0,0
8239,1,3,40.00898010225584,53.09545040860789,0,5,0,0
8240,0,3,30.635924981579695,25.95818396008849,0,7,1,0
8241,1,3,39.727539109797604,39.87060774794291,0,6,0,0
8242,0,3,14.765714969612006,21.38833014282418,0,2,1,0
8243,1,3,48.93210714767654,56.52846788125993,0,5,0,1
8244,0,3,41.49825167833865,31.139569841651376,0,8,1,0
8245,1,3,23.47366539340605,25.252667395985185,0,4,0,0
8246,0,2,74.8374293953309,46.81194042434191,1,2,0,1
8247,0,3,24.901952831033316,34.679576703963264,0,9,1,0
8248,0,3,47.43516904588391,44.30788906458152,0,4,1,0
8249,0,2,60.22212365805405,45.05270321376551,1,5,1,0
8250,1,3,36.783103640719915,33.567088756148614,0,4,0,0
8251,0,2,37.55557699051023,41.153869045261494,0,12,1,0
8252,0,3,37.930022845663885,31.24038190233616,0,5,0,0
8253,0,2,65.66759447753985,49.17188917536602,1,3,1,1
8254,0,2,33.51018284179635,19.99874377669732,0,4,1,1
8255,1,3,37.40465834591113,40.14938721239893,0,4,0,0
8256,0,3,36.29981763369206,28.53807235767276,0,6,1,0
8257,0,2,51.407932449152675,31.28801647047253,0,6,1,0
8258,0,3,52.90701902378554,28.967569293373575,0,3,0,0
8259,0,3,66.32066371997111,34.27522151674418,1,3,1,0
8260,0,3,29.01558446783556,28.135986313191285,0,6,1,0
8261,0,3,57.13342176621771,42.10788954477671,0,5,1,0
8262,1,3,4.667469824338501,21.013274219177436,0,4,0,0
8263,0,2,66.03644156926902,41.881136944197614,1,6,1,1
8264,1,1,60.52006547368785,54.679334475156935,1,4,0,0
8265,1,3,36.4939450726119,46.65823471438347,0,5,0,0
8266,1,3,59.744738655460964,58.07470280199857,1,3,0,1
8267,0,2,57.10785619359352,43.13335172468501,1,5,0,1
8268,0,3,49.16509549685171,36.570522775434995,0,5,1,0
8269,0,3,52.45971460232184,45.18683542102328,0,7,1,0
8270,1,3,55.099170097464395,51.839146949209756,0,5,0,1
8271,1,3,34.660860078391025,56.23541945627051,0,5,0,1
8272,0,3,51.66746528730474,30.018738275018013,0,6,1,0
8273,0,3,51.13834561525813,42.39317331696473,0,4,0,0
8274,1,2,50.24377824741689,51.23919167885167,1,4,0,1
8275,1,3,20.537954731435164,33.63086379821669,0,4,0,0
8276,1,3,68.31489934097714,72.91958535151721,0,4,1,1
8277,0,3,40.25320575290356,46.46240084283152,0,8,1,0
8278,0,3,33.213998542470755,17.117334780177863,0,5,1,0
8279,0,3,87.04223609942389,43.540745877681076,1,2,1,0
8280,0,2,51.814072666221904,27.653806355283283,0,6,0,0
8281,0,2,53.97136114174759,39.57879337728755,1,4,0,0
8282,0,3,32.5687554538594,25.61711230725422,0,3,1,0
8283,0,3,41.197102897213156,36.891780780571686,0,5,1,0
8284,1,3,99.03601349546555,82.67954149121077,1,7,1,1
8285,0,3,29.54330907323281,16.300594094783044,0,5,1,0
8286,1,3,87.29133339955379,73.45931404861845,1,2,1,1
8287,0,3,62.086194668519546,32.474546942963016,0,3,1,0
8288,1,3,44.998058541070506,66.15397285454038,0,8,0,1
8289,0,3,63.382827468907884,50.202394562444304,1,5,0,0
8290,0,3,50.660133874843396,40.454426740302885,0,5,1,0
8291,0,2,56.55640155375933,45.14194845557613,1,5,1,1
8292,0,3,66.08920767608979,48.77865104268235,1,5,1,0
8293,1,3,56.52354372557861,52.31535056810792,0,6,1,1
8294,0,3,59.833179568343645,39.98465254820712,0,7,1,0
8295,0,3,41.51461815519344,30.301244379694058,0,4,1,0
8296,0,2,91.56389538456959,42.87964679090297,0,7,1,1
8297,1,3,37.58145680322344,45.50044732015129,0,6,0,0
8298,0,2,50.48627636551751,45.600850550040256,0,7,1,0
8299,0,3,42.53075234461835,28.806146800948248,0,7,0,1
8300,0,3,37.4963556718229,21.494556238774997,0,7,1,0
8301,1,2,50.465853967051025,51.3502371009991,1,4,0,1
8302,1,3,43.20185737915288,41.71814736443513,0,2,0,0
8303,1,3,39.518454333243085,58.86967404003654,0,8,0,1
8304,0,3,29.563982577435503,34.23031149878264,0,5,0,0
8305,0,3,29.76208337875319,45.459310412677524,0,6,1,1
8306,0,2,48.265095480245996,15.414283161185116,0,5,1,1
8307,0,3,72.37058404527764,42.39541878415068,1,2,1,1
8308,0,3,80.32328598921924,33.284202942347065,1,5,0,1
8309,0,3,66.64199978257666,46.906688491636075,1,8,0,1
8310,0,3,46.405141595606516,30.00549767109733,0,7,1,0
8311,0,3,49.465063021381454,49.173770991279184,0,6,1,0
8312,0,3,63.351410085395074,50.778754663549684,1,1,0,1
8313,0,2,53.08274993726154,46.032830987319066,0,5,0,1
8314,1,3,55.75451007980318,51.62242739139083,1,4,0,0
8315,0,3,89.68698258771815,54.82675362468744,1,4,1,1
8316,0,3,39.95925634733506,28.550697667914914,0,7,1,0
8317,0,3,33.05240459095333,12.67292029356079,0,4,1,0
8318,0,3,72.22275364761764,55.665803478174524,1,6,1,1
8319,0,3,23.70723435665556,18.96815710581467,0,7,1,0
8320,0,3,37.126563144469465,33.47052457445815,0,4,1,0
8321,1,3,53.6237200601037,68.46231391805168,0,8,0,1
8322,0,3,36.388530326579996,24.55259170312647,0,3,1,0
8323,0,2,24.89867898714208,23.059116875033325,0,11,1,0
8324,0,2,71.43835225178661,44.069807406245715,1,6,0,0
8325,0,3,65.82209194907288,29.550161771286636,1,3,1,0
8326,1,3,53.90428953914532,51.91456771081986,0,5,0,0
8327,0,3,44.43719319886517,32.67761282826644,0,4,0,0
8328,0,3,40.139673780347145,36.28244034055631,0,5,0,0
8329,0,3,46.57902276797894,41.8173328834915,0,6,1,0
8330,0,3,56.10936468259736,33.393177759042445,0,4,1,0
8331,1,3,71.11119321369875,63.90478295329659,1,3,0,0
8332,0,2,53.090457845416935,26.19363713696744,0,2,0,0
8333,0,3,30.53472223932204,20.79499732661103,0,3,0,0
8334,1,3,76.29533771885502,71.35052554131812,1,6,0,1
8335,0,3,33.988339337839804,10.218778740068657,0,2,1,0
8336,0,2,63.09522571647518,50.882585258114474,1,6,1,0
8337,0,3,36.27129001059682,22.930540260872867,0,6,1,0
8338,1,2,67.2769986342922,67.39392020831174,1,4,0,1
8339,0,3,53.92803840545318,47.25032685767803,0,5,0,0
8340,1,3,37.772007271570246,52.421986807841826,0,5,1,0
8341,0,3,63.52988482811935,46.95846196938491,1,6,1,0
8342,0,2,49.320134955253835,29.088334183558075,0,2,0,0
8343,1,3,57.47466543517081,61.58240841784279,0,9,1,1
8344,1,2,59.12620874878287,63.385178918020166,1,4,1,1
8345,1,2,80.59123135143301,77.13220878926789,1,3,0,1
8346,0,3,51.108877894646184,45.237589606341466,0,9,1,0
8347,1,2,58.32321408775147,59.960828298456526,0,10,0,1
8348,1,3,56.39102747143609,57.795843908582846,0,2,0,1
8349,0,3,58.60928554103959,40.76101764338096,1,7,0,1
8350,0,2,19.5173230056122,18.841633035179374,0,4,0,0
8351,0,3,26.605939035322898,31.78038286599977,0,7,1,0
8352,0,3,43.0800212978031,28.77764094599932,0,9,1,0
8353,0,3,40.933372852220245,27.257991548358547,0,7,1,0
8354,0,3,49.657935707531315,44.362919358426325,0,12,0,0
8355,0,3,75.32540604091004,40.33991433711245,1,2,0,0
8356,0,3,65.67204302500868,37.45630144259127,1,5,1,0
8357,1,3,56.54156543373511,50.833934934617766,0,4,1,1
8358,0,3,59.58905592688057,39.59130141233536,0,7,1,0
8359,0,3,58.99560460560762,34.371460387257514,1,2,1,1
8360,0,3,69.73191465792911,54.21847982973746,1,6,0,1
8361,0,2,57.55820320439356,50.49201385511303,1,4,1,1
8362,0,3,50.78412616374945,24.680239133281617,0,3,1,0
8363,0,3,61.79621475040534,39.66330750715308,1,5,1,0
8364,0,3,57.37186149002701,36.03814721545975,1,9,1,0
8365,0,2,53.24471244870645,41.632170749106734,0,5,1,1
8366,0,3,62.656170663033315,40.253559055260695,0,6,1,1
8367,1,3,43.122356177551865,53.909923263173,0,5,1,0
8368,0,2,54.20747123362919,45.01383240044217,0,4,1,0
8369,1,2,59.04863308065401,71.88933088835194,1,5,0,1
8370,0,3,37.91020954574793,8.907445150459203,0,3,1,0
8371,1,3,61.66025181793021,65.76547529724515,1,9,1,1
8372,0,3,37.026885259262684,16.968575912765118,0,4,0,0
8373,1,3,57.68550067512248,68.8228272501638,0,5,0,1
8374,1,3,74.84329649012875,73.35343461402628,1,5,0,1
8375,0,3,33.62071629783668,13.410052062104166,0,2,1,0
8376,0,3,58.4294764179908,47.8566915383584,0,6,0,1
8377,0,3,44.963892426237194,39.35777030714946,0,7,1,0
8378,0,3,29.53436205839824,36.00719310901724,0,9,1,0
8379,1,3,100.0,61.18656472549127,1,4,0,1
8380,0,2,82.23035678137833,35.340362054254555,1,6,1,1
8381,1,3,72.51881426385246,56.00545683263553,0,6,0,1
8382,1,3,36.59138392421316,58.25460412465927,0,5,0,0
8383,0,3,72.10649091162868,55.166951370241776,1,8,1,0
8384,0,3,45.53147220639763,36.09331631057258,0,5,1,1
8385,1,3,40.53459779674173,33.32368379584931,0,4,1,1
8386,1,3,69.11385106894058,74.35348681402876,1,5,0,1
8387,0,2,91.42048135889648,46.575959118897806,1,5,1,1
8388,0,3,35.174379496451124,22.448211629659248,0,6,1,0
8389,1,2,53.161000092344565,53.86693069894049,0,7,0,0
8390,1,2,24.39886872513853,34.98969279284194,0,5,1,0
8391,0,2,77.15914235921531,60.698169924986,1,11,0,1
8392,1,3,17.258900197447623,33.30561192352925,0,5,0,0
8393,0,2,71.26373235500688,38.96065192410628,1,4,1,1
8394,1,2,29.162144447812324,36.866481756946115,0,4,0,0
8395,0,3,73.42619833969741,49.15985463855389,1,6,1,1
8396,0,3,68.4502426171863,56.65798176081344,0,8,0,1
8397,1,3,43.24801988628102,36.12077624634085,0,5,0,0
8398,0,3,56.68563433623661,48.2192721548459,0,7,1,1
8399,1,2,43.24002217139869,45.085466324852156,0,5,0,0
8400,0,3,34.05666302824628,39.92356602328104,0,8,1,0
8401,1,3,50.40539034343605,49.88247081125993,0,3,1,0
8402,0,3,50.646667729527444,44.470170714693644,0,7,0,1
8403,0,3,74.16132114388387,51.88947072326832,1,8,1,1
8404,0,3,43.14317815124472,30.039501301523963,0,6,0,0
8405,0,3,50.407466122814164,43.95205712668526,0,9,1,0
8406,0,3,50.47292812725324,37.40735287556561,1,7,0,0
8407,0,3,52.67142698076445,37.591402124504064,0,3,1,1
8408,0,2,49.216324330293546,39.04257369670753,0,3,1,0
8409,1,3,65.16786833937121,64.18608719604279,1,2,0,1
8410,0,2,81.5619631944381,25.844382285472417,0,6,1,0
8411,0,3,54.082636527790335,29.77158275458402,0,4,1,0
8412,0,2,46.04295013939213,26.064591703885373,0,5,1,1
8413,0,3,69.93858522447493,48.3185052326623,1,6,1,1
8414,1,3,47.49133842783133,46.847082537767335,0,4,0,0
8415,0,2,67.6403066419885,31.783143322020262,1,3,1,0
8416,0,3,51.87457709689087,33.87407424242851,0,6,1,0
8417,1,3,28.935215324358143,39.483413592618774,0,6,0,0
8418,0,3,65.56641628453113,42.53574312019575,1,6,1,1
8419,0,3,52.44415162621826,40.27975539979418,0,6,0,0
8420,0,3,11.928544814857316,8.997248950659525,0,6,1,0
8421,0,3,39.488824834649044,31.693272143059936,0,4,0,0
8422,0,3,57.62568259031743,47.69102463771848,0,7,1,0
8423,1,3,45.42930746708607,57.16285735594265,0,5,0,0
8424,0,3,61.94732093354428,43.21306742454564,0,8,0,1
8425,0,3,92.81994820579351,56.432253958068955,1,7,0,1
8426,1,3,42.799691963396775,64.36162488874074,0,10,1,0
8427,0,3,49.80458147987818,38.85046377776044,0,8,1,0
8428,0,3,61.99424153015269,53.91567852605701,1,8,1,1
8429,0,3,32.083154469159886,32.190763702793824,0,6,1,0
8430,1,3,54.03197306975098,40.91395595462839,1,5,0,1
8431,0,3,54.816954239350395,31.241448413418443,0,3,1,0
8432,0,3,40.56472690662467,29.42304277170496,0,3,1,0
8433,1,3,39.47916215819346,43.843186341773446,1,5,1,0
8434,0,3,47.31341138046984,33.61748098479945,0,2,1,0
8435,0,3,35.28954754725654,20.947322401099317,0,5,0,0
8436,1,3,41.549271706085854,41.51450242176198,0,5,0,0
8437,0,3,38.892639004586755,27.06440517721455,0,6,1,0
8438,0,3,77.87360977355252,54.141674533792056,1,3,0,1
8439,0,3,42.444007747402146,41.75816931390099,1,11,1,1
8440,0,3,86.55826208620655,52.02317595380458,1,7,1,1
8441,0,3,55.01391659909381,23.680872009316246,0,2,1,0
8442,0,3,44.47926922925814,44.77968432309853,0,9,1,0
8443,0,3,68.97440359489698,51.09603362513657,1,5,1,0
8444,0,3,63.87749288900526,41.65512700449986,0,4,1,0
8445,0,3,47.60596815953192,46.53153167753899,0,7,1,1
8446,0,3,41.656620766337305,26.19440364041477,0,5,1,0
8447,1,3,50.269680252381214,44.83695496193449,0,2,0,0
8448,0,3,50.06414115177427,67.13488818845741,1,7,0,1
8449,0,3,42.1530099558718,32.49091611974053,0,3,1,0
8450,0,3,61.561155098832295,34.991976641473975,0,8,0,1
8451,0,3,54.416621609167784,36.24291332206159,0,6,1,0
8452,0,3,51.62425226784179,50.92461131090501,0,8,1,0
8453,0,3,38.96896354064368,39.66191068555966,0,9,1,0
8454,0,3,49.44861432096855,33.32085523895253,0,3,0,1
8455,1,3,32.802056181746565,33.146565559664765,0,5,1,0
8456,0,3,43.23810317331683,30.49246259105367,0,8,1,0
8457,1,2,50.08969764089824,64.79812011754535,0,7,0,1
8458,0,3,44.81892087858179,38.06698243676788,0,5,0,1
8459,0,3,51.86296428571595,39.15022042331565,0,6,0,0
8460,1,3,31.79916849058352,49.1898529817685,0,4,0,1
8461,0,3,81.54731353736592,52.38363577716604,1,5,1,1
8462,0,3,59.757897601079364,44.59612899046702,0,6,1,0
8463,0,3,35.415250223763096,34.3093858853003,0,6,1,0
8464,1,3,31.331598499143816,38.19788246798559,0,5,0,0
8465,1,3,31.53751741717075,39.03678347746109,0,4,0,0
8466,0,3,52.95909392925687,35.823239930050164,0,7,1,0
8467,0,3,70.04835773652212,64.92711608662155,1,9,1,1
8468,0,3,48.44702058720682,38.41565327304666,0,3,1,0
8469,0,3,30.79512708622888,31.985376333012038,0,7,1,0
8470,0,3,23.048854431454355,19.986207061739083,0,8,1,0
8471,0,3,0.0,36.386416183957294,0,5,1,0
8472,0,3,34.189801673535364,20.111217707008446,0,5,0,0
8473,0,3,73.97745677939625,49.68357961504953,1,2,1,1
8474,1,2,60.388957205758835,54.421302548629384,1,4,0,0
8475,0,3,58.67611428664119,47.70379695452082,0,6,1,1
8476,1,2,61.07853841831743,60.381162277475596,1,7,1,0
8477,0,3,50.61887662650483,33.54600844018981,0,7,1,0
8478,1,3,36.69519939688928,48.56167807237382,0,5,0,0
8479,0,3,39.50636666320235,31.389369454553595,0,3,1,0
8480,1,3,32.62292062326843,40.274938673488045,0,5,0,1
8481,1,2,58.09199811488698,63.683452347395644,1,8,0,1
8482,1,3,43.029973177647555,46.21367389787599,0,6,0,0
8483,0,3,54.53082229339648,33.078590530232454,0,4,0,0
8484,0,3,54.41778960810974,50.76209800983655,0,8,1,1
8485,0,3,53.670300627347245,37.501845650927166,0,7,1,0
8486,1,3,31.871239554988893,23.82669876319956,0,1,0,0
8487,0,3,87.32955878202041,72.5700410674232,1,5,1,1
8488,1,3,44.91828633216873,68.49943446948741,0,8,1,1
8489,0,3,53.61246260195638,43.71629616387231,0,10,0,1
8490,1,3,73.94816480569936,68.46266779307707,1,6,0,1
8491,0,1,48.95356433147372,37.904947840613694,0,9,1,0
8492,0,3,47.191924494278204,36.21954644552083,0,5,1,0
8493,1,3,20.475318760995442,29.74100229349977,0,7,0,0
8494,0,1,43.24347138847325,34.90237822215946,0,5,0,1
8495,0,2,59.836455672475715,40.316119560890414,1,4,1,0
8496,0,2,78.31125861866147,46.51806806152112,1,6,1,1
8497,0,3,66.08895886903113,55.15394211326091,1,5,1,0
8498,0,3,64.82488485834749,44.458456284195115,1,7,1,1
8499,0,3,72.27243985823068,50.51673027050789,1,7,1,0
8500,1,2,42.011521291107464,54.900208268120345,0,5,0,1
8501,0,3,60.8404402962607,32.45705474007018,0,4,1,0
8502,1,3,34.052792295781074,53.33252641536177,0,5,1,0
8503,0,3,73.59299960110683,68.05615494652208,1,10,1,1
8504,0,3,56.46199304065047,38.50227805913442,0,4,1,0
8505,0,3,24.979889442950526,22.759585458931266,0,5,1,0
8506,0,3,44.67011542336377,35.302295205069164,0,9,1,0
8507,0,3,47.037247346213796,35.65871593426478,0,5,1,0
8508,0,3,51.341109482365404,37.26932656696404,0,5,1,0
8509,0,3,24.190442540703945,16.15333325979876,0,6,1,0
8510,0,3,74.54266266771775,46.03119598349179,1,3,1,1
8511,1,3,51.285210671909255,48.10844369882852,0,4,1,0
8512,1,3,6.57031666625483,19.35645813314878,0,4,0,0
8513,0,2,56.18069909209626,31.4724818812086,1,3,1,0
8514,0,3,76.17407533767937,50.57889296593341,1,9,0,1
8515,0,3,50.19394119686331,38.998450131378355,0,4,0,1
8516,0,3,25.06490717917277,27.319155544711133,0,7,0,0
8517,0,3,56.818243338808884,53.265075969359906,0,5,0,1
8518,0,2,61.929305269768896,35.69123227700645,1,4,1,1
8519,0,2,41.125350280004035,23.092873079171508,0,3,1,0
8520,1,2,60.33244767396187,49.432924182310344,1,2,0,1
8521,0,2,31.243398826520423,15.228156733563205,0,4,1,0
8522,1,3,65.26269816109665,65.02357068908024,1,4,1,1
8523,1,3,47.20752246923177,42.274527403359755,0,2,0,0
8524,0,2,35.837871636269924,31.640560959528255,0,4,1,1
8525,0,2,26.63633083687497,15.82170308045158,0,3,1,0
8526,0,3,38.71793275083601,16.391985950274517,0,2,1,0
8527,1,3,59.311789624462236,57.07155785314085,0,7,0,1
8528,1,3,0.0,36.04772453421791,0,4,0,0
8529,1,3,9.12862349752778,16.37443155362824,0,6,0,0
8530,1,3,50.302419048647174,48.09750527105064,1,4,1,1
8531,0,3,60.54605585183266,48.629544439793605,0,6,0,0
8532,1,3,0.0,66.23587563466006,0,11,1,0
8533,0,3,66.20625394463741,56.428128311052866,1,6,1,1
8534,1,3,50.53570111575745,62.190657553116964,0,4,1,0
8535,0,3,45.784232801175996,24.965954461739535,0,6,1,1
8536,0,3,63.14752025185105,57.33323409607687,0,3,0,0
8537,0,3,34.93501524098914,29.78086917920257,0,8,1,0
8538,0,2,62.92391012343074,45.057714397154356,1,4,1,0
8539,0,2,48.87101349325146,36.880755184081266,0,4,1,0
8540,1,3,64.89074297960427,48.80069110924653,0,5,1,0
8541,0,3,41.24309529435513,32.50104569318893,0,5,0,0
8542,0,3,69.31884183305209,52.02273298343148,0,4,1,0
8543,1,3,53.53115596821282,64.13359464280329,0,4,0,1
8544,1,2,58.14664646239584,62.17311188132807,0,5,0,1
8545,0,3,69.08479374266088,43.57073551342157,0,0,0,0
8546,1,3,53.54364859353319,57.43600524698597,0,3,0,0
8547,0,3,56.16246639833038,44.88411930824676,0,5,0,0
8548,1,3,28.270404041697535,38.08464456310478,0,6,0,1
8549,1,3,35.68431987284026,47.308530441725914,0,5,0,0
8550,0,3,22.188032446870903,23.14670151087014,0,6,1,0
8551,0,3,67.4036224048622,61.519996098500634,1,11,1,1
8552,1,3,47.75073720302168,70.0253919794116,0,12,0,1
8553,0,3,54.925124326418704,36.60025299162405,0,2,1,0
8554,0,3,60.999353004421025,47.96022193835926,1,6,0,1
8555,0,3,72.80808035393653,56.88732922412945,1,5,1,1
8556,1,3,53.669277211976194,53.38548554277402,0,5,0,1
8557,0,3,47.11127393535463,30.498289706829322,0,4,1,0
8558,0,3,0.0,32.21393999434652,0,1,1,0
8559,0,3,75.48459630042525,43.131872687168084,1,7,1,1
8560,0,3,53.703941640168516,25.21459755122975,0,4,0,0
8561,1,3,49.7198810010764,52.87196007096282,0,6,0,1
8562,0,3,44.05366321809814,28.18136054397899,0,3,0,0
8563,0,2,42.515504015053885,21.33044807847842,0,4,1,0
8564,1,3,48.61975065678712,44.0801513700972,0,6,0,1
8565,0,3,100.0,60.09460539771985,1,3,1,1
8566,1,3,37.49054952407493,54.403366434644724,0,10,1,0
8567,0,3,77.1457250625589,49.502036609533505,1,4,1,1
8568,0,3,78.31706693331958,52.509906051468235,1,5,0,1
8569,1,3,61.271729661910435,71.45233603170425,0,6,0,1
8570,0,3,42.105669454842946,31.63299885025321,0,8,1,0
8571,0,3,32.442010274698035,26.15133014081131,0,2,1,0
8572,1,3,51.22260198148233,68.13217452068088,0,7,1,0
8573,0,3,26.966675377464938,9.305750660559294,0,3,1,0
8574,1,3,32.063591028126915,34.74125692253715,0,4,0,0
8575,0,3,58.40116857094421,43.24022941354465,0,4,1,0
8576,1,3,84.21129199862276,88.00191389225608,1,5,0,1
8577,0,2,38.009526466086946,25.105140941624285,0,7,1,0
8578,1,3,41.201508852070155,49.29446656354806,0,6,0,0
8579,0,3,70.76695804404471,55.84179165809168,1,6,0,1
8580,0,3,48.468936855213165,37.57240894182538,0,5,1,0
8581,1,2,100.0,57.93892462510626,1,6,0,1
8582,0,3,54.580148139792044,41.341364308049265,1,7,1,1
8583,0,3,58.43426497620769,37.92351450202221,0,2,1,0
8584,0,3,68.16208928117605,42.38201026059629,1,5,1,0
8585,1,3,50.0456467367992,55.01233652996694,0,5,0,0
8586,0,3,67.32646730700577,50.58817813023669,1,9,0,1
8587,1,3,77.72077775133579,85.31443478601398,1,9,1,1
8588,1,3,61.01791167830656,59.7454394107773,1,6,1,0
8589,1,2,95.39362921993498,77.2694944620695,1,5,0,1
8590,1,3,55.434836855533796,45.230758402019816,0,2,1,0
8591,1,3,47.44208478953591,55.989667474990895,0,6,1,0
8592,0,2,21.14993576239447,14.821968923842224,0,6,1,0
8593,1,3,44.145642625913176,50.76789547980907,0,7,1,0
8594,0,3,45.93341914811787,32.06930547649018,0,5,1,0
8595,0,3,60.711573331648935,37.724179374417155,1,5,1,0
8596,0,3,56.18817415239256,31.451587315645703,0,4,1,0
8597,0,3,45.12234110190266,32.74935579212277,0,4,1,1
8598,0,3,53.871743628840406,34.83167587511024,0,0,1,0
8599,0,3,52.00827565408686,27.596090444322805,0,5,1,0
8600,1,3,41.36686284808138,37.53870673346902,0,6,0,0
8601,1,3,39.78504576028377,50.135694035839045,0,4,0,0
8602,0,3,58.84881625481297,48.644448319012945,1,4,1,0
8603,1,3,32.84890014946778,58.41426380915461,0,6,0,1
8604,0,3,49.334037298812135,50.29320959855718,0,8,1,1
8605,0,3,48.94845863619851,47.30786822190732,0,9,0,1
8606,1,3,71.3428086426945,65.03125655091617,1,6,0,1
8607,0,3,44.92188028152538,34.13825266970755,0,7,1,0
8608,0,3,57.72996173627282,51.37017951650635,1,9,1,0
8609,0,3,25.877965476639567,22.814758138902878,0,5,1,0
8610,0,3,71.38916969462525,40.56319889811873,1,5,1,1
8611,1,3,54.7098722134434,67.55112696734162,0,6,1,1
8612,0,3,22.678086862385683,25.15183435694268,0,7,1,0
8613,1,3,29.38505389374529,49.06654886144058,0,6,0,0
8614,0,3,57.67208309310697,23.84696484034278,0,2,1,0
8615,0,3,48.809716171289324,28.38287285101216,0,5,0,0
8616,0,3,62.109681255037955,35.846077152764096,1,7,1,0
8617,0,3,54.82092009114895,42.60345164055089,1,3,1,1
8618,0,3,45.4084024500594,37.647431665308,0,7,1,0
8619,0,3,40.85739423128385,18.30388751768107,0,2,1,0
8620,0,3,58.56987700588574,51.29147783194449,1,6,1,0
8621,0,3,67.64982617525574,49.52575363682896,1,4,1,1
8622,0,3,37.42830503025079,16.008452279817668,0,4,1,0
8623,1,3,57.29622412066867,52.90660267200897,0,4,1,0
8624,0,3,62.43254169892227,42.16288373396684,1,7,1,0
8625,0,1,44.65723336652223,33.11651769112743,1,3,1,0
8626,1,3,31.046400947954062,41.00987573167143,0,7,0,1
8627,0,3,55.4831254357138,45.25807959792015,0,6,1,0
8628,1,3,50.983888642848164,51.58111044175915,0,6,0,1
8629,1,3,57.510433188224006,57.87477224160252,1,5,0,1
8630,0,3,47.162768818995154,22.08245603367573,0,2,1,0
8631,1,3,32.76896768455901,52.462755178747756,0,7,1,0
8632,0,3,35.1170944196644,23.149743003121884,0,8,1,0
8633,1,3,23.254631550833324,37.11776896052048,0,3,0,0
8634,0,3,13.072317577237166,4.840608926820418,1,4,1,0
8635,0,3,59.77800092005807,30.885565927799707,0,1,1,0
8636,0,3,66.82851234460536,45.03987599318157,1,5,1,1
8637,0,3,29.62143839872718,11.825214293523077,0,3,0,0
8638,0,3,67.12342771107714,34.6705187744301,1,5,0,0
8639,1,3,77.22191408979627,74.39641679109052,1,7,0,1
8640,0,1,46.99551105882947,33.135867889124526,0,2,1,0
8641,0,3,24.8970735728512,29.263795101115882,0,7,1,1
8642,0,3,76.57431264675857,50.48093249829962,1,8,0,1
8643,0,3,55.400598044943045,35.098659245879354,0,7,1,0
8644,1,3,49.926392396878896,46.53609883692665,0,4,0,0
8645,1,2,50.55680876262244,42.98309866398655,0,8,1,0
8646,0,2,56.06672045598661,38.86390520422332,1,3,0,0
8647,0,3,46.65245143955233,43.27986298331076,0,8,1,0
8648,0,3,65.5881597480839,43.2278646536722,1,4,0,1
8649,0,3,46.2551446972794,30.878407406172464,0,2,1,0
8650,0,3,32.07087539857205,14.952472883823633,0,2,0,0
8651,0,3,15.587195268054124,5.180220857231753,0,4,1,0
8652,0,3,64.40008862474401,33.738698402680306,1,2,1,0
8653,0,2,47.38662225082183,35.294388126542,0,7,1,0
8654,0,2,78.87564183763114,50.58955293300422,1,6,1,1
8655,0,3,48.777658854584665,33.68051985929261,0,2,1,0
8656,0,2,59.27550179732778,56.66900752294219,1,6,1,1
8657,0,1,42.69838548772609,39.905667451133674,0,5,1,0
8658,0,1,55.40777178244772,23.004278526316355,1,3,0,1
8659,0,3,60.615797525952935,33.25119740860332,1,4,1,0
8660,1,3,66.14782269033648,58.02658541126919,0,3,0,1
8661,0,3,40.0406537533255,20.810122446210837,0,5,1,0
8662,0,2,57.51092485932368,39.78046039991885,0,6,1,0
8663,0,3,55.42011894066853,40.049429727948976,0,5,1,0
8664,1,3,41.29777547249493,41.2927107359186,0,3,1,0
8665,0,3,42.15849804501834,25.828892964895168,0,3,1,0
8666,0,3,32.468748745609986,29.833820064373786,0,3,0,0
8667,0,3,87.5822431414253,60.40142790449556,1,6,1,1
8668,0,3,57.818437415022004,50.198787315386056,1,8,0,1
8669,0,2,42.860590174678904,12.847535083019824,1,2,0,1
8670,0,3,43.60313052789995,38.80398606873581,0,5,1,0
8671,1,3,13.036546626774772,41.55378080196839,0,3,0,0
8672,1,3,38.77621513623094,54.42169742754949,0,5,0,0
8673,0,2,79.17768054235442,59.47967330268666,1,4,1,1
8674,1,2,78.16128409750108,79.8094370811056,1,4,0,1
8675,1,3,34.12393673992142,55.17753296484683,0,8,1,1
8676,0,3,55.560809386502214,40.920516716643384,1,8,1,0
8677,0,3,40.32993851591293,25.254806059999662,0,6,1,0
8678,1,3,30.031241520147113,55.74164244042951,0,8,0,0
8679,0,3,59.5709608639068,36.645408099124246,1,6,1,0
8680,0,3,61.03877005360698,46.00522209514953,0,7,1,0
8681,1,3,69.44461784774505,75.62046855736548,1,6,0,0
8682,0,1,23.447686318102033,17.418312610399184,0,3,1,0
8683,0,3,51.05744845861887,33.555254901109784,0,3,0,1
8684,1,3,42.4125760155155,55.698518344720526,0,8,0,1
8685,1,3,48.65199665479879,47.00704750903633,0,5,0,1
8686,1,3,64.37772674695836,51.536424515671584,1,1,0,1
8687,1,3,74.61340750985681,60.51216922590107,1,3,0,1
8688,0,3,11.409769829399856,12.502480856924729,0,4,1,0
8689,0,3,53.144350148562616,27.890131433458986,0,4,1,1
8690,1,3,39.79494314119208,54.12789308789234,0,5,1,0
8691,1,3,47.97381018290782,57.92108604578944,0,5,0,0
8692,0,2,20.04831617704829,10.979939338879065,0,7,1,0
8693,1,3,39.075308368738895,62.72982559675719,0,10,1,1
8694,1,3,58.38283523495766,48.488935660830776,0,2,0,1
8695,0,3,59.99174844693838,45.09956468033684,0,3,1,0
8696,1,3,38.04022558428597,41.617829427160984,0,5,1,0
8697,0,2,46.93104352156962,28.91931712755318,0,5,1,0
8698,1,3,50.67168346417429,55.43495070521776,0,3,1,0
8699,1,3,18.910481674318916,40.845972281974525,0,9,0,1
8700,0,3,33.35417365429822,40.09219509150126,0,10,1,0
8701,1,3,64.98585860293336,50.12551512569473,1,3,0,0
8702,1,3,21.300723306181368,32.2105672808299,0,5,1,0
8703,1,3,55.35126248491888,71.10496948437276,1,8,0,1
8704,0,3,35.41161842134732,22.478055851968286,0,4,1,0
8705,0,3,57.25838118513071,41.0384752935522,1,9,1,1
8706,0,3,51.16083596670691,29.200981075914804,0,4,1,0
8707,1,3,47.47249639055126,52.624744271051114,0,3,1,0
8708,0,3,42.39968947823126,29.7936061430699,0,7,1,0
8709,0,3,58.55916193333871,42.03648179323444,0,5,1,0
8710,1,2,58.8595264674723,65.14139534865357,1,7,0,0
8711,1,3,52.4547574997647,72.17657124176506,0,9,0,1
8712,0,3,30.064773860377414,17.931584719882398,0,5,1,0
8713,1,3,36.055999484479486,45.19021802190916,0,8,1,1
8714,0,3,47.633561576364855,37.71330703991965,0,4,1,0
8715,0,3,59.320733566140724,37.07116047663896,0,3,1,0
8716,1,3,16.347412081846894,26.758567864437275,0,1,0,0
8717,1,3,45.50026827059677,48.00289083317049,0,0,1,0
8718,1,3,53.33569107032709,41.43666288114906,0,3,0,0
8719,0,3,60.802920339164544,36.2593257990848,0,8,0,1
8720,1,3,69.98522801492763,67.32090467151416,1,2,0,1
8721,0,3,54.89180916497419,44.41022881362674,0,7,1,1
8722,0,3,45.049611498350785,21.39888214976773,0,2,1,0
8723,0,3,39.88082026754278,15.92585070217191,0,2,1,0
8724,1,3,78.06229252880567,82.8470830160017,1,7,0,1
8725,0,3,58.578179578123404,37.21328513955801,1,5,1,0
8726,0,3,42.26970557073661,22.59420305983098,0,3,1,1
8727,0,3,53.6869840700308,47.104553572414154,0,5,1,0
8728,1,3,71.2461285944311,71.5996744659547,1,3,0,1
8729,1,3,30.669694445198733,46.74848550837645,0,5,1,0
8730,0,3,57.85912702225989,24.46027816344513,1,1,1,0
8731,1,3,29.96260537505063,41.19614114995559,0,7,0,1
8732,0,3,78.3970843500535,46.46869131505725,1,5,1,0
8733,0,3,54.872252875677816,31.19738044554454,0,6,1,0
8734,0,3,40.953794760783694,26.648284903820134,0,3,1,0
8735,1,2,13.934861861456623,39.13773970913859,0,5,0,0
8736,0,3,52.04617572639055,27.59491553487732,0,2,1,0
8737,0,3,35.271039466044215,16.01424215438499,0,3,1,0
8738,0,2,43.5313985799271,33.03512146393038,0,5,0,1
8739,0,2,47.87722578859925,40.722072593016996,0,7,1,1
8740,0,3,43.688957427317014,29.60763589359034,0,2,1,0
8741,0,3,38.7092638394801,36.895051848006744,0,11,1,0
8742,0,3,63.638493946171835,44.10584695605674,1,5,1,1
8743,0,3,72.16533765074772,58.622379129025596,1,7,1,1
8744,0,3,30.675377133494656,24.78405135095895,0,4,0,0
8745,0,3,41.69371759371235,30.814475814544014,0,4,1,0
8746,1,3,50.452637162440034,46.84280866226435,0,4,0,1
8747,0,3,39.56060776162545,33.96183812299325,0,11,1,0
8748,0,3,57.92752993317681,36.29823243342465,0,6,1,0
8749,0,3,37.14942424502887,39.993857104078025,0,8,1,0
8750,0,3,42.09042460109631,38.4839307114677,0,5,1,0
8751,1,3,31.930385538257518,44.37190489574314,0,3,1,0
8752,0,3,38.740333120047794,19.332694474027583,0,6,0,1
8753,0,2,58.919203364720275,33.50128786530426,1,6,1,0
8754,0,3,13.797492664178415,13.1354489992044,0,4,1,0
8755,1,3,54.06365087446544,64.6507065199538,1,6,0,1
8756,0,2,36.471240965775515,34.53490057262673,1,4,1,1
8757,0,3,59.93605390088737,42.83107873229222,1,6,1,0
8758,0,3,54.94104867116554,41.860892900558724,0,4,1,0
8759,0,3,53.07898506024359,28.69749233846079,0,2,1,0
8760,1,3,52.83520948541117,56.39346329501065,0,4,0,1
8761,1,2,17.059617251712194,32.82343190956222,0,4,1,0
8762,1,3,65.74048502052364,72.5460990671042,1,7,0,1
8763,0,3,44.15676228229007,35.771428397335576,0,5,1,0
8764,0,3,58.03000014879928,48.21360675991142,0,5,1,1
8765,0,3,48.72535346480846,32.679361455104775,0,5,1,0
8766,0,3,39.37482134257731,18.1569231217027,0,3,1,0
8767,1,3,78.88160771225472,69.33534284996975,1,5,0,1
8768,1,3,79.24601118028028,55.774961579168036,1,3,0,1
8769,1,2,67.27492662664942,69.85825528868816,1,2,0,1
8770,0,3,48.87963983153488,42.97297975067993,0,8,1,0
8771,0,3,36.772010370141025,34.53235636738174,0,7,1,0
8772,0,3,35.230268856766,12.084330342379184,0,1,0,0
8773,1,3,52.06014234287335,66.1264704228149,0,6,1,1
8774,0,3,37.16260635675432,41.62460936862771,0,9,0,0
8775,1,2,34.04054918165659,47.15256797406868,0,6,1,0
8776,0,3,35.34271819495324,17.98245709197793,0,2,1,0
8777,0,3,78.27656409274226,55.867369556237925,1,2,1,1
8778,0,3,63.337644438858554,43.37221743807512,0,6,1,0
8779,1,3,48.364596118515735,57.333176260377996,1,4,1,1
8780,1,3,43.40538773317522,47.611718437202946,0,2,0,0
8781,0,2,70.8762941473756,36.690802721953,1,2,0,1
8782,1,3,54.89890997739319,67.24994291337674,0,6,1,1
8783,0,3,34.40919294155697,22.717801643036644,1,3,0,0
8784,0,3,30.098592596022318,25.577790100532805,0,5,1,0
8785,0,3,66.02938816996624,52.74320609353609,1,5,0,1
8786,0,3,45.328363399249966,30.224814069841177,0,6,0,0
8787,0,3,53.22654941288872,43.89055141770813,0,7,1,0
8788,0,2,60.305584199692134,47.707943679549494,1,5,1,0
8789,0,3,49.655869577427445,47.2805612545574,0,8,1,0
8790,0,2,64.21504252956665,40.129265378000625,1,6,0,1
8791,0,3,36.973541541983316,28.287340162252146,1,7,1,1
8792,0,3,64.17282503024424,39.08939041173872,1,5,1,1
8793,0,2,59.603470503047326,52.4108671435691,1,6,0,1
8794,0,3,22.168302458005897,15.867707973708994,0,6,1,0
8795,0,2,43.964121073184664,32.03349754882791,0,3,0,0
8796,0,3,73.6037532406457,64.8440159902296,1,8,0,1
8797,1,2,44.001610102242104,44.118706861114234,0,3,0,0
8798,1,3,18.295823038372433,39.73432383941571,0,6,1,0
8799,1,3,45.422599150552436,46.997819282156804,0,5,1,0
8800,1,3,75.72632137807737,82.49205430134943,1,9,0,1
8801,0,3,56.54593546788801,48.906881839448005,0,6,1,1
8802,0,3,55.88155365583963,47.97418972996464,0,8,1,1
8803,0,3,36.71246504147449,24.275670296060277,0,5,1,0
8804,0,3,33.6801004435741,20.400799805516026,0,4,1,0
8805,0,3,48.48451693281879,7.432190051316633,0,2,1,0
8806,0,3,38.14285837117683,26.874816548671717,0,5,0,1
8807,0,2,59.87393734473548,33.483279598423,1,4,1,0
8808,1,3,57.83494197984183,59.90346448418409,0,6,0,1
8809,1,2,57.971459440399194,61.788388489196905,1,9,1,1
8810,0,2,47.11446216552575,39.970399971262914,0,7,1,1
8811,1,3,44.6885748724044,51.609487824608514,1,3,1,0
8812,0,3,39.38132887095872,40.383913020943375,0,8,1,0
8813,0,2,32.02622315446432,11.396921753099463,0,2,1,0
8814,1,3,58.63998446119682,64.17183407173536,1,8,1,1
8815,0,3,62.78928660476379,48.39869616100081,1,5,1,0
8816,1,2,53.669482996257344,48.72400137232315,0,2,0,0
8817,0,2,80.23969918263877,35.79083182884494,1,4,0,1
8818,0,2,61.78795800743823,34.84480657438029,1,3,1,0
8819,0,3,29.605557478187894,15.43237511316994,0,2,0,0
8820,1,3,64.45036646793457,68.2143831118577,0,4,1,1
8821,1,3,47.7614659080577,52.84524610824443,0,2,1,0
8822,1,2,49.41896733128926,45.25481740576865,0,4,0,1
8823,1,1,46.406795982941986,62.037598509168795,1,4,0,1
8824,0,2,79.71725167091626,50.824170525090885,1,6,1,1
8825,0,3,60.59253874612156,39.60827353900608,1,5,1,0
8826,0,3,70.55218003170555,49.66472645655933,1,3,0,0
8827,0,2,58.53652897303274,44.62845351818014,0,6,1,0
8828,1,3,45.87670991992627,47.159262567800425,0,6,0,0
8829,0,3,38.93825181587921,18.169183783967068,0,6,1,0
8830,0,3,73.10437141614607,57.41554194766656,1,5,1,1
8831,0,3,24.364317518841254,31.750657785377356,0,6,1,0
8832,0,3,47.8797836553472,37.55210521566686,0,9,0,0
8833,0,3,81.735540019492,66.49731592664959,1,13,1,1
8834,0,3,43.06717840891047,28.718888095658635,0,3,0,0
8835,0,2,42.949027100138444,34.063807279845456,0,4,0,0
8836,0,2,66.90712054898849,47.430451603552456,1,4,1,0
8837,1,3,41.625589969869196,50.56147382613743,0,1,0,0
8838,1,3,14.23620936171545,28.230024383835403,0,1,0,0
8839,0,3,44.81919784976095,31.118329134076163,0,4,0,1
8840,0,2,47.55310117346483,29.149255925391262,0,4,0,1
8841,1,3,54.39310463806547,69.16035802261321,0,11,1,1
8842,0,3,22.610890793128938,18.074530589096724,0,3,1,0
8843,0,3,53.226795767069234,37.5115501236104,0,2,1,0
8844,0,3,30.8081325751066,10.957051278403034,0,4,0,0
8845,1,3,56.43450345297109,49.43009399824171,0,4,0,1
8846,0,3,49.58265643166442,35.13152625497402,0,6,1,0
8847,0,3,29.376741704028742,10.512314173589129,0,2,1,0
8848,0,3,44.12852705233531,41.47867522611092,0,7,1,0
8849,0,2,42.18328572867994,35.3426639932816,0,5,1,0
8850,0,2,40.026314764034794,20.892340611273646,0,3,1,0
8851,1,3,40.66550095909632,55.393306624227726,0,8,1,0
8852,0,3,47.02226994506094,36.99138290280249,0,5,1,0
8853,0,3,44.860721675990554,33.48986422152747,0,5,1,0
8854,1,3,56.49510913753838,46.215050969871704,0,2,1,0
8855,1,3,25.515649463335222,28.483327970037802,0,4,0,0
8856,0,3,26.542031399425948,18.063392294176364,0,7,1,0
8857,1,3,58.25110804156662,71.99430640042455,0,7,0,0
8858,0,3,45.019672130583075,20.866234392765065,0,3,0,0
8859,0,3,46.630730636986975,31.430158730988904,0,2,1,0
8860,0,3,63.81503353301658,34.58026889212097,1,2,1,0
8861,0,3,39.47297530823293,40.61650984679999,0,9,1,0
8862,0,2,43.77492394678553,25.923771111331178,0,7,1,0
8863,1,3,73.13925918902319,65.82080685253628,1,6,0,1
8864,0,3,75.05375029791524,54.171240465659906,1,7,1,1
8865,0,3,55.620076284881776,27.862032746103456,0,3,0,0
8866,0,3,47.81628311058585,36.0441763404842,0,3,1,0
8867,0,3,61.13711403483349,31.761930715498153,1,4,1,0
8868,0,3,83.32183646306109,65.90663469966469,1,3,1,1
8869,0,2,72.99689051639976,42.84623267938088,1,3,1,1
8870,0,3,63.82549212157251,45.650374795244645,1,3,1,0
8871,0,2,72.51354220720225,45.25394034288379,1,5,1,1
8872,0,3,49.229523220795706,26.383136158713096,0,4,0,0
8873,1,3,54.36991837632646,49.45017096182743,0,6,1,0
8874,0,3,51.87082627128454,42.404703749196,0,5,1,1
8875,0,3,36.94363622350719,27.86869934437233,0,3,1,0
8876,0,3,81.48476521453499,69.43206068432514,1,9,1,1
8877,1,3,61.558528057516554,59.33497217482315,1,3,0,1
8878,0,2,68.24498390639215,44.54233852069368,1,6,1,1
8879,0,3,66.16531409057569,42.119716007437745,1,6,1,0
8880,1,3,48.62481621484387,56.08334397539565,0,3,0,1
8881,1,2,34.489514398546945,39.37349435465772,0,5,0,0
8882,1,3,46.40399524292023,63.64243557069541,0,7,0,1
8883,0,3,44.09422058206585,25.087235376401562,0,4,1,0
8884,0,3,80.00656703438975,52.02149402403385,1,8,1,0
8885,1,3,40.479496704364216,54.400388599154866,0,6,0,1
8886,0,3,55.53793828431951,29.296818635670526,0,7,1,0
8887,1,3,59.85656860160227,68.11086493459037,1,4,0,1
8888,1,3,43.039739008190395,52.30607539993598,0,3,0,0
8889,0,3,36.63119330669782,29.070895499534807,0,5,0,0
8890,1,3,35.06968276192282,57.77095873299182,0,3,0,1
8891,0,3,63.52006795642961,43.55150816486956,0,5,1,0
8892,0,3,63.474721408973785,44.856249944322485,1,0,1,0
8893,0,3,63.8103382592775,60.78869974579264,0,9,0,1
8894,0,3,57.991326526903045,37.82134599776214,0,1,0,1
8895,0,3,64.06021418356885,41.90815262888908,1,4,0,0
8896,0,3,18.69237476514641,13.08286336778305,0,4,1,0
8897,0,3,64.72992241684705,35.35175727617492,1,4,1,0
8898,0,3,71.47202705667603,61.540350885004905,1,8,1,1
8899,0,3,59.62265467801758,29.262486893781087,0,4,1,0
8900,0,3,74.58492363717204,41.73767424398478,0,8,1,0
8901,0,3,50.04677886369547,47.28025228347689,0,9,1,1
8902,0,2,67.37122168019461,39.75510814859766,1,4,1,1
8903,1,3,67.66304920718571,70.96790770491738,1,4,0,1
8904,0,2,26.44949335385666,28.58331422215024,0,7,1,0
8905,0,2,53.45737955427335,31.08222403055423,1,2,1,0
8906,0,3,33.46199129479302,21.066022447953593,0,5,1,0
8907,0,2,27.01772820503579,24.944507246182553,0,7,0,0
8908,1,2,41.93049238050941,39.994407346280795,0,3,1,1
8909,0,3,87.317071812324,48.155971998313696,1,1,1,0
8910,1,3,51.30602969466821,52.4207737418583,1,3,0,1
8911,0,3,33.378395456218534,22.42479763134477,0,1,1,0
8912,0,3,31.895912900737574,20.971704532948742,0,3,0,0
8913,0,3,48.465465339490926,21.88965680254756,0,2,1,0
8914,0,3,74.39921042144344,48.09755325484851,1,6,0,1
8915,0,2,60.1804453568011,47.16895784155123,0,6,0,0
8916,0,3,38.823195513169615,31.322325744034153,0,6,1,0
8917,1,3,49.56461371872332,49.836696597027185,1,4,0,1
8918,0,2,70.1340847667216,49.875244210767995,1,5,1,1
8919,0,3,60.69615020313559,33.0387761325364,1,3,0,0
8920,1,3,59.58596435547309,51.68824581985747,0,3,0,0
8921,0,3,3.011091482659025,3.9271771584782833,0,7,0,0
8922,0,3,47.78686520474043,27.783199169110443,0,6,1,0
8923,0,2,76.70708562651188,56.6998529347938,1,7,1,1
8924,0,3,40.313247274373516,27.03966645839111,0,2,1,0
8925,0,3,70.05184496609856,55.65581764157935,1,5,1,1
8926,0,2,42.91524554030767,29.91748371754656,0,3,0,0
8927,0,3,66.88127602253684,30.1636943626105,1,2,1,0
8928,1,3,70.77368661390342,70.284510322302,1,4,0,0
8929,1,3,13.708382545609687,34.57646851149274,0,4,1,0
8930,0,3,42.07725751877251,28.912980842768043,0,2,1,0
8931,0,3,41.54284125942741,26.70837891603135,0,4,1,0
8932,0,3,51.098436098877166,38.29017781112976,0,7,1,0
8933,0,3,69.80016052983156,49.14806948100437,1,5,1,1
8934,0,2,36.04633292793955,30.177634342124204,0,5,1,0
8935,1,3,52.75357897131018,53.70408397249777,0,7,0,0
8936,1,3,56.942805160656434,65.42371961348928,0,7,1,1
8937,0,1,14.688888700857166,20.823543237109007,1,7,0,0
8938,0,3,40.51370336568692,44.401836229715315,0,7,1,1
8939,0,3,56.13094517594721,41.88618299954544,0,3,1,0
8940,0,3,49.463011612355565,38.78689426157811,0,8,0,1
8941,1,3,44.88880488098517,59.11400653958067,0,6,0,1
8942,0,3,53.36492526057495,47.891750414070415,0,7,1,1
8943,1,3,60.46451844223343,55.80490434419107,0,4,0,0
8944,0,2,76.8337107666781,45.30413831920698,1,4,1,1
8945,0,3,47.11701290211131,35.35737115331449,0,4,1,0
8946,0,3,65.51985244132314,49.543115604021224,0,4,1,0
8947,0,3,49.70895936811716,28.985516452033057,0,3,0,1
8948,1,3,48.26794724745199,45.34091290356216,0,4,0,0
8949,1,3,48.91136549572035,49.38881444642191,0,6,0,0
8950,0,3,65.03128134553013,38.49317599334467,1,4,0,0
8951,1,2,43.793569044189454,61.61436620096783,0,8,0,1
8952,1,3,46.30430126309135,50.84652174369906,0,3,0,0
8953,0,3,48.63743627522976,21.470714870222714,0,1,1,0
8954,1,3,43.418907028917914,57.28487035226581,0,4,0,0
8955,0,2,46.48680968547198,50.96203176382592,0,10,1,0
8956,0,3,65.46292117474344,40.512127997906674,1,6,0,1
8957,0,2,66.84040399284248,44.41878591766957,1,2,1,0
8958,0,2,18.337627437347916,21.944986145871926,0,6,1,0
8959,0,3,61.89788335160685,29.05178181473252,1,2,1,0
8960,0,3,28.675305597973228,32.353975896397536,0,12,1,0
8961,1,3,56.493798652577624,62.01417084442953,0,5,1,1
8962,1,3,65.5075958826411,75.6487591360547,1,7,0,1
8963,1,3,48.64393241787207,50.54996905012991,0,4,0,1
8964,0,3,54.69811196430726,41.03191769223814,0,6,1,0
8965,0,3,73.71457548069482,40.81085245063769,1,3,0,1
8966,0,3,53.095006458561514,27.678960584329868,0,3,1,0
8967,1,2,52.95088175397665,47.149513818940015,0,4,0,1
8968,0,3,61.787637195725935,35.98557432425302,1,4,1,0
8969,0,3,55.198020160884504,31.90266859965163,0,5,0,0
8970,1,3,45.153958375397714,52.89241253850606,0,4,1,0
8971,1,3,59.07767249507302,76.58052683692878,0,9,0,1
8972,0,3,45.35255290432498,27.16838988344439,0,4,0,0
8973,0,2,43.815990003478866,13.949841044471022,0,2,1,0
8974,0,3,67.99204252938989,46.73041153425594,1,9,1,0
8975,0,3,21.63176765474377,29.719684535331595,0,9,1,0
8976,0,3,47.730509441405054,34.93791899243396,0,2,1,0
8977,0,3,44.89253289908006,32.45539552790436,0,5,1,0
8978,0,3,38.18016829025265,37.369331506656344,0,5,1,0
8979,0,3,50.64442179018384,35.11477359971556,0,7,1,1
8980,1,2,55.377245480674894,60.520247900290045,0,5,1,1
8981,0,3,61.26547715499566,28.046635160316605,0,3,1,0
8982,0,3,76.45867753199559,59.54077178193866,1,6,0,1
8983,1,3,72.2981151735986,63.307728947066586,1,4,1,1
8984,0,3,48.198954214675204,25.296338943528873,0,8,1,0
8985,0,3,45.99830914177066,26.21848847710328,0,4,1,0
8986,0,3,38.47354962317036,28.64574796867971,0,4,1,0
8987,0,3,57.7818228392313,38.45788622491077,0,3,0,1
8988,0,3,60.40332982145824,39.87052394924118,0,6,0,1
8989,0,3,69.42256717377234,58.09759235081182,1,12,0,1
8990,0,3,21.07853687374766,18.473295315709745,0,9,1,0
8991,1,3,62.04945525450778,48.525107356472596,0,5,0,0
8992,1,3,23.343124360776038,33.82795506555972,0,4,0,0
8993,0,3,65.23320345230266,46.940120503453436,1,2,0,1
8994,0,3,62.35032335760158,43.02684504348544,1,1,1,0
8995,0,3,68.99269473144815,42.574649655663116,1,5,0,1
8996,1,3,55.86915940777079,54.2802326825922,0,6,0,0
8997,0,3,38.46565615719491,17.332647637990522,0,3,1,0
8998,0,3,53.57682797748626,39.485959291697455,1,5,1,0
8999,0,3,68.19664164394038,38.28848654463736,1,4,1,0
9000,0,3,40.266974382579704,18.28517025703658,0,2,1,0
9001,0,3,51.50200109903966,38.47850262620218,0,8,1,1
9002,0,3,44.05705695160163,24.394739822227802,0,2,1,0
9003,0,3,38.28941074759695,23.310180753630654,0,5,1,0
9004,0,3,62.373328969189025,43.426832484399036,1,7,0,0
9005,0,3,100.0,67.01045822132073,1,7,1,1
9006,1,3,75.05817763072014,61.27799022268306,1,2,0,1
9007,0,3,47.20397666572109,34.27752845132148,0,7,1,0
9008,0,3,81.73079423029371,61.279544585631136,1,4,1,1
9009,1,3,22.461633802337033,38.535168848755966,0,5,0,0
9010,0,3,39.10182518849668,39.906232204283945,0,7,1,0
9011,0,3,29.54177140126941,24.877329548506808,0,10,1,0
9012,0,2,38.17072301952411,14.784498801928276,0,2,1,0
9013,0,3,40.063834297259525,18.807236091034326,0,5,0,0
9014,1,3,57.512662049222094,62.50072012177004,1,3,0,1
9015,0,3,29.81991638518393,11.016028121122691,0,2,0,0
9016,1,2,26.929540789013156,44.815018812294305,0,6,0,1
9017,0,2,38.01508252311532,32.75880297439463,0,6,0,0
9018,1,3,42.17108432591527,41.62038452394434,0,4,0,0
9019,0,3,43.845650636101944,13.373742380732807,0,0,1,0
9020,0,3,29.097013822273098,23.478986370534088,0,6,1,0
9021,0,2,61.056199295605914,33.93800844154617,1,3,0,0
9022,0,3,51.50552740497695,46.79981997027261,1,8,1,0
9023,1,3,81.5447672912635,82.02119900824736,1,6,0,1
9024,1,2,39.27673250329747,58.166302265548914,0,9,1,0
9025,1,2,46.060988866165125,40.87661278576842,0,1,0,0
9026,0,3,44.09994329528025,44.84593677478421,1,7,0,1
9027,0,3,46.322501581345,33.6361728329497,0,5,0,0
9028,1,3,33.019637560298605,60.067216651093545,0,7,0,1
9029,1,3,46.716319156762445,51.65298036825437,0,2,0,0
9030,0,3,77.54200225300515,52.900071997415736,1,7,1,1
9031,0,3,59.154648025847614,51.27240464820492,0,7,1,0
9032,0,2,84.41829921005987,63.68716468126078,1,6,1,1
9033,1,2,53.102610666543455,52.575706622334394,0,5,0,0
9034,1,2,44.307516592360116,41.92649839912307,0,2,0,0
9035,0,3,44.15222313905573,31.939573809504623,0,3,1,0
9036,1,3,48.487760639175626,50.92210932801476,0,2,1,0
9037,0,2,62.68031961764014,34.65816330603916,1,4,1,0
9038,0,2,47.90630855935977,39.25127665783812,0,6,1,0
9039,1,3,47.25457433023404,46.56507763527438,0,7,0,1
9040,1,3,31.93100962822265,46.54882737491916,0,8,0,0
9041,1,3,37.12834942238223,55.62026279316443,0,6,0,1
9042,0,3,34.189807568691315,38.88324796653135,0,10,1,1
9043,0,3,30.53290208466659,1.5847890373190872,0,5,0,0
9044,0,3,64.52803604612374,44.651887172456334,1,2,0,0
9045,1,3,46.934448585066946,47.893615177912864,0,5,0,1
9046,0,3,46.224235657420344,26.695091336226543,0,5,1,1
9047,0,3,62.64658788532164,48.73530338227771,0,7,1,1
9048,0,3,34.17819127657226,25.722714566318885,0,6,1,0
9049,1,3,100.0,63.4365058053605,0,7,1,1
9050,1,3,55.15250029018233,51.80194154498931,0,2,0,0
9051,0,3,66.60575102524204,51.08739469236277,0,6,1,0
9052,1,3,53.55083890912418,51.057661304758845,0,4,1,0
9053,0,2,60.62422547339352,47.69199206815972,1,5,0,1
9054,1,2,38.227679597898295,46.96657864033385,0,7,1,1
9055,0,3,78.5996707609284,37.92161998514563,0,5,1,0
9056,0,3,57.615982445072575,45.17967748006102,0,5,1,0
9057,0,3,53.79780431153797,51.06119399928606,0,6,1,0
9058,0,3,39.2007118284672,37.26339104679308,0,3,1,0
9059,1,2,37.89896407962631,50.71280908231846,1,6,0,1
9060,0,3,50.44283403179398,45.77162497411771,0,5,1,0
9061,1,2,52.0575041201224,66.65737482692234,0,11,0,1
9062,1,3,28.29771871711703,26.4677141302477,0,1,1,0
9063,0,3,30.556544581073563,26.433638296686766,0,5,1,0
9064,0,3,70.89057159977081,46.524110858667676,1,5,1,1
9065,1,3,24.560039106759845,49.489525800806604,0,7,0,1
9066,0,3,61.207382302734,47.82760651740167,0,5,0,0
9067,0,3,100.0,50.199595412666255,1,7,1,1
9068,0,3,24.19819579314741,9.276187013748011,0,2,0,0
9069,0,3,28.6445527923889,22.89499414705614,0,5,1,0
9070,0,3,50.12355489343099,39.401693655673306,0,5,1,0
9071,0,3,33.11122298145844,33.58391348461746,0,4,1,0
9072,1,2,50.29964775256308,53.909376726203824,0,5,0,1
9073,0,3,100.0,54.682923962500354,1,8,0,1
9074,0,3,27.332602000443565,8.417320609965254,0,1,1,0
9075,0,2,33.77828244784558,20.763792136207755,0,2,0,0
9076,0,3,55.88840601124723,33.216943995270384,0,1,1,0
9077,0,3,47.09384512524775,29.731665301658527,1,5,1,0
9078,1,3,41.868947739399786,37.52289163334723,0,2,0,0
9079,0,3,61.98653307335118,36.515415526136664,1,3,1,0
9080,0,2,28.489816768713315,35.21965972049912,0,9,0,0
9081,1,3,50.93087379425535,54.95742309879912,0,3,1,1
9082,0,3,57.42520597316201,41.47288046172578,0,4,1,0
9083,0,3,39.68578086748201,17.82350245766063,0,1,1,0
9084,1,3,67.78271880510718,83.45034833391902,0,7,0,1
9085,0,3,33.87708053511925,22.679942600226347,0,2,0,0
9086,0,3,58.811589193248466,36.107566815204535,1,5,1,0
9087,0,3,57.52086357954128,36.98470434488781,1,6,1,0
9088,0,3,34.737765255128124,34.162995583293316,0,6,1,0
9089,0,2,55.26124468306807,44.330011316547704,0,9,0,1
9090,0,2,67.92987472694924,59.04883192068088,1,7,1,1
9091,0,3,43.05880345792057,40.8871541767688,0,10,1,1
9092,1,2,33.192820121424774,34.54304430748823,0,4,0,0
9093,0,3,58.438989533457125,36.062328301404996,1,5,1,0
9094,0,3,17.849407931462622,5.4377246753208155,0,3,1,0
9095,1,2,58.819791892671,55.73038877367226,1,1,1,0
9096,0,2,49.509432790843874,53.765343452346784,0,10,1,1
9097,0,3,38.04357510435708,24.011190689962625,0,4,1,0
9098,1,3,47.36639048255668,61.104511943015105,0,5,1,0
9099,0,3,47.68214413780074,42.66163249077541,0,5,0,0
9100,0,3,71.989635244989,46.18461051913845,1,3,1,1
9101,0,3,51.238640289094256,23.590092940118712,0,2,1,0
9102,1,2,36.72133474799458,48.5326152580721,0,5,0,1
9103,0,3,48.944449874046775,25.29990926962842,0,4,1,0
9104,0,3,32.522004983464825,16.42450395523162,0,2,1,0
9105,0,2,72.28470378775943,53.558161904394254,1,5,1,1
9106,0,1,59.47577155360151,49.78068704995277,1,7,1,0
9107,0,3,53.654879864345226,30.219358092117307,0,3,1,0
9108,1,3,44.23013669309576,53.293396388651125,0,1,0,1
9109,0,3,42.835872194458446,41.86564554658743,0,5,1,1
9110,0,3,53.14932510411942,32.29032851639255,0,7,0,0
9111,0,3,36.13286977206345,21.8151028982468,0,4,0,1
9112,0,3,60.39444285766943,54.545019579491246,0,8,1,1
9113,0,2,58.628095638562975,31.609346610475615,1,5,1,0
9114,0,2,27.843070294328875,55.30509768909218,1,6,1,1
9115,1,3,62.91425804734353,62.762502912727015,1,3,0,1
9116,0,3,59.67602334618687,45.04855486900646,1,4,1,0
9117,0,3,72.56868335850291,43.99643878021433,1,7,1,1
9118,0,2,32.30474439761342,23.68697198191431,0,10,1,0
9119,0,3,55.623130959551226,43.42993823855745,1,5,1,0
9120,0,2,41.32591682594091,50.74875763800362,0,4,1,0
9121,1,3,20.57836240401315,31.20468382223608,0,3,0,0
9122,0,2,42.55162816484539,37.30033300766044,1,3,1,0
9123,0,2,62.87772134846512,29.96358779039133,1,1,1,0
9124,0,3,62.51285043334649,45.2431308843012,1,7,1,1
9125,0,3,54.179048678983804,30.972817194090492,0,4,1,0
9126,1,3,53.21543383507348,63.95155299626906,1,7,1,0
9127,0,3,55.658816945633774,25.396059363115135,0,3,1,0
9128,1,3,52.162620106021265,52.60420987221907,0,2,0,1
9129,0,3,56.7840195777472,35.60392868229401,0,5,1,0
9130,0,2,58.246517572796336,34.43680609088513,1,4,1,0
9131,0,3,88.70367464318502,56.51508440045888,1,6,1,1
9132,0,3,47.46061557102197,25.728346869673082,0,6,0,1
9133,0,3,44.710709738267006,28.091028054932163,0,8,0,0
9134,0,3,31.752144675926868,12.847029076884889,0,3,1,0
9135,1,2,61.137580430593566,53.66262051503474,1,2,0,1
9136,1,3,28.851952997785446,43.20739880513928,0,3,0,0
9137,0,2,41.00852155808701,34.60635994229083,0,5,1,0
9138,1,3,30.435084407152523,42.6123579026865,0,4,0,0
9139,0,3,51.19776021909378,41.843015694634126,0,6,1,0
9140,1,3,33.74779535960504,54.92483952930199,0,8,0,1
9141,0,3,60.31512553704978,52.068963372315395,1,6,0,1
9142,0,3,36.53569904071743,32.80766770424073,0,5,1,0
9143,0,3,49.280088208458345,44.28156523718588,0,5,1,1
9144,0,3,52.14144040286204,30.789442857300198,0,4,0,0
9145,0,2,66.71052755953528,43.832237330172156,1,3,0,1
9146,1,3,44.50464608736867,41.93309810028717,0,3,0,0
9147,0,2,61.17878585748131,55.44953657474697,1,9,1,1
9148,0,3,54.69153365343435,26.692089225279478,0,2,0,0
9149,0,3,45.143778086038516,24.394374400215877,0,5,1,0
9150,0,2,52.967085445323804,51.15489953397619,1,7,0,1
9151,0,2,51.609450168681576,35.3866147337583,0,4,1,0
9152,1,3,0.0,60.948455471607204,0,6,1,0
9153,0,2,41.12905500557498,28.871521166380077,0,5,1,0
9154,0,3,71.57686999604667,50.66641465723482,1,7,0,0
9155,0,3,49.362448796552606,27.36037720948793,0,5,1,0
9156,1,3,58.87985041315146,62.302895706614244,1,5,1,1
9157,0,3,50.86636202931721,44.948904598078094,0,5,0,0
9158,0,3,52.21389572333437,30.20093852953882,0,1,1,0
9159,0,3,29.56730787685105,19.570425263994707,0,1,1,0
9160,0,2,50.12556233693045,35.024550558286286,1,4,1,0
9161,0,3,69.14152000032765,36.37127156143841,1,3,1,1
9162,1,3,31.507785201244772,29.55254591936966,0,3,0,0
9163,1,3,0.4380976099817012,13.063097931684096,0,3,0,0
9164,1,3,65.56604551513482,51.82029504407443,1,1,1,1
9165,0,3,80.85020798842034,58.16771303235349,1,3,1,0
9166,0,3,44.257798271125154,25.39495872274839,0,4,0,0
9167,1,2,42.4475589063433,45.68273755891517,0,5,0,1
9168,1,3,32.88360230034906,47.44922971565511,0,5,1,0
9169,1,3,26.441392056045608,43.572640823861796,0,4,0,0
9170,0,3,30.547032962316973,30.72124172976183,0,6,1,0
9171,1,3,71.69196365759547,61.61015496950451,1,4,0,1
9172,1,3,51.15184491527108,62.251305557282876,0,6,0,1
9173,0,3,58.640895762371294,35.53617094256879,1,5,0,1
9174,0,2,27.21400162115374,15.052515957105342,0,4,1,0
9175,1,3,61.12831526644337,51.65098584984954,0,3,0,1
9176,1,3,35.93066499490716,52.33686072500547,0,6,0,0
9177,0,2,40.41473449419765,17.83324464937137,0,2,1,0
9178,0,3,57.162221788094215,31.798123866324882,1,3,1,0
9179,0,3,46.231365709307426,36.054817448527764,0,4,1,0
9180,0,3,63.9179532180418,42.15007622199951,0,5,0,0
9181,1,3,33.67254221260177,37.341809905724794,0,3,0,0
9182,1,2,26.563156202929814,41.38089803645098,0,3,0,0
9183,0,3,53.1715826861163,33.932360514963506,0,4,1,0
9184,0,3,76.59640275707818,32.1650073858042,0,8,1,0
9185,0,3,63.571875982024494,39.04285137890621,1,5,1,1
9186,0,3,39.0441337936755,35.25889926905356,0,6,0,0
9187,0,3,38.7553607017426,38.21732095643057,0,7,1,0
9188,0,3,97.72228257907562,34.702267724093964,1,4,0,1
9189,0,2,47.478999129332465,29.300507842886603,0,6,0,0
9190,0,3,53.33801509992356,43.50006873089612,0,5,1,0
9191,1,2,46.50372365066627,39.267035307345935,0,4,0,0
9192,1,3,49.017127667885205,43.435445842532495,0,3,0,1
9193,0,3,77.02184353120873,39.28362373204039,1,0,0,1
9194,0,3,47.808933615088165,31.58039204888432,0,3,1,0
9195,0,3,51.44570311599296,29.29479626424293,0,5,1,0
9196,0,2,63.917954022081666,39.97059713995812,1,5,1,1
9197,1,3,35.3344806648179,41.40301752355695,1,6,0,0
9198,0,3,29.868880893039464,28.59399113100373,0,7,1,0
9199,0,3,50.08355845417225,34.21422651056855,0,2,1,0
9200,0,3,55.496028532535476,53.97260709560994,0,8,0,1
9201,0,3,67.75226733402863,34.695498785414536,0,1,1,0
9202,0,3,41.757556567028864,34.03811619046311,0,9,1,0
9203,0,3,36.06016858867306,17.449457251669266,0,3,1,0
9204,1,3,60.73785398967958,66.82689112831606,1,8,1,1
9205,0,3,58.39993357987337,43.75239044317525,0,4,1,0
9206,0,3,35.40312209224916,26.120780010334478,0,7,0,0
9207,0,3,63.165347513902596,39.65204301675724,0,5,1,0
9208,1,3,53.2600736897342,60.117781179176184,1,5,0,1
9209,0,3,73.96868897234646,49.30468654236583,1,3,1,0
9210,0,3,69.00331838612382,42.02984536331702,1,3,1,0
9211,1,3,78.6058593123569,74.01809568480154,1,4,1,1
9212,0,3,58.99219835692612,39.81857673624569,0,2,0,0
9213,1,3,14.771346623227565,28.729295858957805,0,1,1,0
9214,1,3,28.29045879612928,44.72280055826225,0,4,0,0
9215,1,3,82.98799065024642,63.711293558221044,1,2,0,1
9216,0,3,40.55028811382611,29.84451568187035,0,10,1,0
9217,1,3,37.15400863306742,46.48004400984274,0,2,1,0
9218,0,3,46.338824302925616,26.06385910993464,0,5,1,0
9219,0,3,73.37236747681152,47.35307146836714,1,3,1,0
9220,0,2,74.04480165356672,45.35166715343152,1,4,1,1
9221,0,3,35.462003494907435,29.720489076312695,0,6,1,0
9222,0,3,46.44015899544041,53.35130647711845,1,5,1,0
9223,0,1,22.13201413086194,35.67718003300568,0,9,0,0
9224,0,3,41.96423233315804,22.830631353037074,0,3,1,0
9225,0,3,55.234840416559564,29.894523769033977,0,4,1,0
9226,0,3,58.988429859471346,49.401842155133735,0,9,1,1
9227,0,3,79.2389520813132,61.36205543634923,1,6,1,0
9228,0,3,46.98421874301289,38.48847051568966,0,6,1,1
9229,0,3,40.17712033604251,26.59764496314903,0,7,1,0
9230,0,3,46.91181253886802,38.095207497436235,0,5,1,0
9231,0,3,53.01899432371671,30.630691333297012,0,4,1,0
9232,1,3,49.57890677187355,50.978323169026694,0,4,0,1
9233,0,3,50.148798419391,39.348673190068965,0,4,1,0
9234,0,3,21.487716183793573,28.260103934802196,0,5,0,0
9235,0,3,69.18663931174521,47.71603841815387,1,5,1,0
9236,0,3,38.49174492709248,41.103969438699735,0,12,1,0
9237,0,3,56.16626975017176,34.30860965596961,0,2,0,0
9238,0,3,48.54885490846992,40.258536510717896,0,9,1,0
9239,1,3,32.82719917993809,47.44381945280918,0,2,0,0
9240,1,3,37.47750275724998,45.24703718848853,0,3,0,0
9241,1,3,54.51859596634989,47.10303897663196,0,2,0,0
9242,0,3,37.47489217377831,31.869015100725516,0,10,1,0
9243,1,3,49.189217518448736,58.43074582322915,0,7,0,0
9244,0,1,49.57560410482612,24.769074288335748,0,3,1,0
9245,1,2,20.688826928421673,42.769798072227815,0,7,0,1
9246,0,3,54.84915740203876,33.14878837636825,1,4,1,0
9247,0,2,52.93283358200781,39.11032055178778,0,4,1,0
9248,0,3,40.43311504358594,25.89319971734796,0,6,0,0
9249,1,3,62.48223682767745,42.58913486646307,1,3,0,1
9250,1,3,58.774022848208624,84.0373388384127,1,11,0,1
9251,0,2,100.0,47.60253686395187,1,5,1,1
9252,0,3,17.7911915652459,16.231030982884946,0,5,1,0
9253,0,3,33.15288272617786,37.71174489501469,0,7,1,0
9254,0,3,45.99725957542631,60.72144083138281,0,11,0,1
9255,0,3,63.78104233446794,27.175206923701346,0,10,1,0
9256,0,3,37.81025482967144,37.952570650321725,0,5,1,0
9257,0,3,58.74084754498322,37.36207142739845,0,6,1,0
9258,0,3,41.290738030068134,38.89684773533211,0,8,0,0
9259,0,3,60.21862242052606,40.185727561978986,1,3,0,0
9260,0,3,40.780131924296775,20.199185869468675,0,3,1,0
9261,0,3,75.80025451476381,55.39005688579774,1,9,0,0
9262,1,3,21.83881018283008,46.302147268218405,0,6,0,0
9263,1,2,59.74629208324099,79.03370244457349,1,10,0,1
9264,1,2,74.52731346210666,65.56564733881328,1,5,1,1
9265,0,3,42.8920450124233,33.02947066677538,0,8,0,0
9266,1,2,49.776493317100375,48.362270115502476,0,7,0,0
9267,0,3,70.33322126932048,40.54498371348374,1,4,1,0
9268,1,3,81.88682934190668,79.4288574873376,1,3,0,1
9269,1,3,58.959346506170455,48.47221580119265,0,2,0,0
9270,0,3,43.558570710150896,27.874943325209927,0,6,1,0
9271,1,3,70.31602323981252,65.19053165976028,1,4,0,1
9272,0,3,73.9649933624094,50.27936232854891,1,4,1,0
9273,0,2,71.97083804989119,60.617625328673235,1,8,1,1
9274,1,2,67.31407792379136,68.38024144451546,1,7,0,1
9275,0,3,61.29606425792332,45.75836267436107,1,5,1,0
9276,0,2,48.74024236753436,23.550973858760642,0,6,1,0
9277,0,3,69.169064100971,53.41295970650426,1,4,1,0
9278,1,3,45.19434504830756,57.61029851204812,0,4,1,0
9279,0,2,58.491771735946166,36.243995084079764,1,4,1,0
9280,1,3,54.34520849026363,58.99727595870053,0,3,0,1
9281,1,3,79.16506216374825,69.92146347011243,1,8,0,1
9282,0,2,28.11531645252833,8.85600124414464,0,1,0,0
9283,1,3,37.12204621682928,36.36973488555866,0,4,0,0
9284,0,3,47.678996716749474,39.084207030066764,0,3,1,0
9285,0,2,53.083920815154414,35.55901592710632,1,2,1,1
9286,0,3,52.12972960217991,35.664265122075705,0,2,1,0
9287,0,3,62.468121453270285,36.8365335737027,0,3,1,0
9288,1,2,57.639448015290036,62.03851148557594,1,5,0,1
9289,0,3,64.04088302860114,32.13814284299847,0,3,0,1
9290,1,3,0.0,54.76119580575832,0,5,0,1
9291,0,3,64.87840405913336,42.98805320878075,0,2,1,0
9292,0,2,58.64105606529093,46.80440179115743,1,9,0,1
9293,0,3,60.81108846342213,47.833241281205865,1,8,1,0
9294,1,2,51.44478376707702,48.56853138067262,0,3,0,1
9295,1,3,51.670084841074676,54.92279945518314,0,5,0,0
9296,0,3,55.86287566107029,65.12728026809147,0,7,1,0
9297,1,3,62.81446893385208,49.90954076083501,1,4,0,1
9298,0,3,48.76326074282572,24.122533003903076,0,2,1,0
9299,1,3,53.06866075835513,61.86580805821105,0,10,0,1
9300,0,3,75.05443200576225,50.962372005387635,1,7,1,1
9301,1,3,38.22252786427567,44.786139091777684,0,8,0,0
9302,0,3,49.39121367227476,34.21419085561838,1,6,0,1
9303,0,2,51.5463474744575,37.47271637290105,1,6,1,0
9304,1,3,47.532567193686134,46.138054114441786,0,4,0,0
9305,0,2,53.34045629015376,28.774377993710477,0,4,1,0
9306,0,3,46.559025426161966,32.91092226220558,0,6,0,1
9307,1,3,50.55314718209683,67.99853856887994,0,6,0,1
9308,0,3,47.28232099257342,34.7480797047563,0,4,0,1
9309,0,2,39.56716543733328,33.139197522972644,0,4,1,0
9310,0,3,48.5897883976895,17.936351829220428,0,4,0,0
9311,1,3,43.435077927503,51.86336793487387,0,4,1,0
9312,0,2,65.1491546291367,51.966737013937276,1,8,1,1
9313,0,3,44.37781352027214,32.263553315254164,0,4,1,0
9314,0,3,13.893188433373663,42.31516519696643,0,8,1,0
9315,0,3,64.81939270929941,43.55350833887563,1,4,1,1
9316,0,3,37.65005159312803,39.37875128981077,0,4,1,0
9317,1,2,74.0908554730754,71.941738501249,1,7,1,1
9318,0,3,58.41224883407018,40.214925890336616,1,6,1,0
9319,0,3,41.49159159021333,17.31056548257137,0,5,1,0
9320,0,3,26.90572807017735,9.790261342426582,0,5,1,0
9321,1,3,56.36580182501756,59.88592114789027,1,3,0,1
9322,1,3,33.500277051776585,33.40907545697671,0,2,0,0
9323,0,3,38.451826005545925,29.265522290331358,0,3,1,0
9324,1,2,64.4856330190291,61.355591063524656,1,2,1,1
9325,0,3,64.82797721652737,51.044038714691176,1,7,0,1
9326,0,3,40.61936442165719,20.032886268793757,0,5,1,0
9327,0,3,52.2542148853786,37.85035280998121,0,5,0,0
9328,0,3,42.368012596883275,30.394064910964914,0,4,1,0
9329,0,3,45.23372333693164,34.64380365299952,0,2,0,0
9330,0,3,49.02982724163965,45.167486613343186,0,8,1,0
9331,0,3,38.15596561898633,19.507991391874356,0,7,0,1
9332,1,3,65.12962069705362,62.72319621406051,1,5,1,0
9333,1,3,49.52251604296399,56.31090667137543,0,3,0,0
9334,0,3,92.85518901863493,68.734390473741,1,5,0,0
9335,1,3,37.75761501744349,52.94761615546192,0,5,1,0
9336,0,3,39.442810020573184,21.108878431139004,0,4,1,0
9337,0,2,48.42946279549622,28.113885058123095,0,3,1,0
9338,0,3,40.392832119906,34.328210992202145,0,5,0,0
9339,0,3,57.542883173658744,45.025361332940314,1,5,1,0
9340,0,3,41.42927841668114,21.688370492957254,1,5,1,0
9341,0,3,58.779990751831775,30.943160478169993,1,3,1,0
9342,1,3,34.448141495354335,40.40157016305689,1,3,0,1
9343,0,3,50.79919227769227,40.51381814967552,0,6,1,0
9344,0,3,60.4759094616652,30.126789156263015,0,6,1,0
9345,1,2,63.29588537125929,62.292605308745486,1,5,0,1
9346,0,3,33.45805360786571,35.286626332346316,0,8,1,0
9347,0,3,27.67760801418,37.32405540780796,0,9,0,1
9348,0,2,18.975120108741347,9.941073250023736,0,4,0,0
9349,0,3,28.086940131286177,15.275208567870667,0,5,0,0
9350,1,3,13.347348625476982,59.05343113395534,0,6,0,1
9351,0,3,63.236696377972194,41.28528424930863,1,6,1,1
9352,1,3,27.009540962899038,40.57134856518462,0,7,0,1
9353,0,3,23.12440898657608,20.41728180182448,0,5,1,0
9354,0,3,52.958704349749596,57.32269924095203,1,8,1,1
9355,0,3,56.293660250782196,40.4500280329425,1,3,1,0
9356,0,3,69.77386202618038,54.56216805727353,0,7,1,1
9357,0,2,60.30917531662884,53.810047968790556,1,7,0,0
9358,0,3,61.113872517973455,53.175063005949504,1,10,0,1
9359,0,3,48.5232820696982,40.306786216348314,0,5,1,1
9360,1,2,48.2679309767875,55.35878728095575,1,4,0,1
9361,0,3,32.62033186690148,38.838405035849206,0,6,0,1
9362,0,3,42.24065710209764,22.621900572878026,0,6,1,0
9363,1,3,49.15800903597568,56.239042935909936,0,5,0,1
9364,1,3,40.72547087578181,39.86559042415151,0,3,0,0
9365,0,2,67.77065563089914,45.13649782579411,1,6,1,1
9366,0,3,11.857973637123349,14.96773891031782,0,7,1,0
9367,0,2,33.93202228064971,13.905430966317986,0,3,0,0
9368,0,3,33.24836867630371,19.349402957194947,0,4,1,0
9369,0,3,50.30506298250328,30.85655734110411,0,4,0,0
9370,0,3,55.802926754529636,33.11857286224645,1,4,1,0
9371,1,3,49.49549543623516,69.83419427624449,0,6,1,0
9372,0,3,63.9925650892131,42.60285388205226,1,3,1,0
9373,1,3,42.352257410428265,48.28499787067938,0,4,1,0
9374,1,3,53.07170257179801,54.751149381340696,0,6,0,1
9375,1,3,81.90503566599526,70.85254813634123,1,4,0,1
9376,1,3,44.15453845298044,61.27827535334201,0,7,0,0
9377,0,2,32.46816728338391,27.720794655436794,0,4,1,0
9378,0,3,41.73572701731891,14.864034683809603,0,3,1,0
9379,0,3,45.70327913446953,37.09196821609081,0,4,1,0
9380,1,3,42.23941775913407,43.905769511510854,0,5,0,1
9381,1,3,45.82231943841017,60.951102270954266,0,7,0,1
9382,1,3,49.49981658706367,62.91688342249013,0,4,0,1
9383,1,3,41.31677340658261,56.14228632494961,0,6,0,0
9384,0,3,46.35678603622064,19.556301421433382,0,1,1,0
9385,0,3,53.85419289090714,8.487309304462372,0,4,1,0
9386,0,3,64.30230657558867,41.06121789751331,0,4,1,0
9387,0,3,43.42868780366202,36.129405392608,0,6,0,1
9388,0,3,35.575582171073385,44.27596085520191,0,7,1,0
9389,0,3,61.97613583769194,35.75497742395992,0,4,1,0
9390,0,3,48.33065759775561,35.901590200954914,0,4,1,0
9391,0,3,28.970300686110605,7.513051759700158,0,1,1,0
9392,0,2,27.6766678640085,16.45923271868282,0,5,0,0
9393,0,3,44.40177102425168,39.32259007794097,0,2,1,0
9394,0,3,64.5913223979769,44.14614362065443,1,2,1,1
9395,0,3,20.819115562208854,15.352753372757448,0,3,1,0
9396,0,3,37.494187139840825,28.307068062727794,0,4,1,0
9397,1,3,38.19896910371999,39.15718424514985,0,6,0,0
9398,1,3,67.95613318212372,69.11256718541092,1,4,0,1
9399,0,3,62.05419730036121,51.262515055538415,0,8,1,1
9400,0,3,42.524150917990475,39.34191438783797,0,5,1,0
9401,0,2,48.93925037687315,22.811667318220106,0,1,0,1
9402,1,3,33.29869311247174,46.374996984500385,0,8,1,0
9403,0,3,74.81375479674968,52.41276738744042,1,3,1,0
9404,0,3,73.81647305963978,50.156462169026256,1,6,1,1
9405,0,3,73.82103607254068,59.97546720793385,1,5,1,1
9406,0,2,58.05387371455504,36.44386914801583,1,2,1,0
9407,1,3,53.38848287869088,46.48864385488228,0,3,0,0
9408,0,2,61.68643000001624,30.223939000755564,1,1,1,0
9409,1,3,52.40672221460559,48.40972300440928,0,4,0,1
9410,0,3,63.428166611286805,50.28498649036418,0,10,1,1
9411,0,3,43.75959284485609,31.498007162376272,0,8,1,0
9412,0,2,44.80958397259142,44.285477054555535,0,6,1,0
9413,0,2,50.52286709285946,40.63084433777364,0,4,1,1
9414,0,3,37.88206957947704,27.317042374182908,0,2,1,0
9415,1,3,33.91655281871064,46.08016172434169,0,2,1,0
9416,0,3,46.09633792820015,44.33435089634095,0,4,1,0
9417,1,3,44.59628354776176,44.755083049458875,0,1,0,1
9418,1,3,57.44446242491391,65.77365638115592,0,5,0,1
9419,0,2,36.504140445868856,12.858469595095908,0,4,1,0
9420,1,3,52.68959956166449,63.296722453567696,0,7,0,1
9421,0,3,45.702839994687736,30.681467704429906,0,0,0,0
9422,0,3,52.04740493764769,45.86503404418997,0,4,1,1
9423,0,3,36.81038501949306,16.788273306591577,0,4,1,0
9424,1,2,47.812119399427935,61.48102608485176,0,6,0,1
9425,0,3,37.85382846832878,22.360742529924494,0,4,1,0
9426,0,2,32.1358393798255,20.472328115525062,0,3,1,0
9427,1,3,44.87702679889871,68.54764044327126,1,8,0,1
9428,1,2,53.281824408457815,64.95377799639228,0,7,1,0
9429,0,3,65.85058748467665,38.8782697859286,1,1,1,0
9430,1,3,65.34657511910814,64.77084028570071,1,6,0,1
9431,0,3,48.77013032347617,38.88819916433251,0,5,1,0
9432,0,2,39.45441363728467,25.77512845646159,0,7,1,0
9433,0,3,26.806779791534492,26.899093812399794,0,10,1,0
9434,1,3,62.46665195054364,53.67070714252846,1,3,1,1
9435,0,1,36.554189666140296,20.538029995117007,0,5,1,0
9436,1,1,20.09819551656462,33.48673673831078,0,3,0,0
9437,0,3,58.48173513909209,38.303227062822025,0,6,0,1
9438,0,3,69.73198377946125,42.01812168480148,1,7,0,1
9439,0,3,55.64273744388488,27.711331809047635,0,7,1,0
9440,0,3,61.635206171559986,40.080526336824946,0,5,1,0
9441,0,3,74.67573521629531,50.54102686603754,1,2,0,1
9442,0,3,25.66384479573987,17.368902023472472,0,6,0,0
9443,0,3,23.145549468823926,17.406996943171993,0,7,1,0
9444,1,3,75.42205781276758,79.37393649097488,1,6,0,1
9445,1,2,67.22887445485492,59.03747551453009,1,4,0,1
9446,0,3,46.85257162992208,39.6633263286176,0,5,1,0
9447,0,3,53.09577546442848,32.28487429120665,0,5,1,0
9448,1,3,15.704404444895452,38.510590226360854,0,6,0,0
9449,0,3,50.72375675939372,23.33044120261066,0,1,1,0
9450,0,3,44.35480361518238,43.21068427025164,1,8,1,1
9451,0,3,59.44798734865452,53.95004054488866,1,13,0,0
9452,1,3,56.498756653433645,58.660617203976805,0,8,1,0
9453,1,3,49.59791050747678,59.53679605270539,0,3,0,0
9454,0,3,57.45889486720656,50.370572378346296,1,4,1,1
9455,0,2,61.23927259867518,36.39119993260337,1,5,0,1
9456,0,3,38.920273342355536,35.23917306998057,0,7,1,0
9457,0,2,44.143793609574644,33.43902136661189,0,4,0,0
9458,0,3,57.23333481469676,40.65174167403324,0,3,1,0
9459,1,3,63.761959717940734,80.55831521464155,1,10,1,1
9460,0,2,29.175884985833193,23.032603767671468,0,7,1,0
9461,0,3,42.4901017293715,26.460652907268383,0,6,1,0
9462,1,3,32.54532863485094,55.971859780472776,0,5,0,0
9463,0,3,47.506273764230556,39.478935153297655,0,6,0,0
9464,0,3,61.43032946045141,31.904877022365408,1,2,1,0
9465,0,3,44.74396206205616,18.610614279898567,0,3,1,0
9466,0,3,42.370175884567516,36.7985219521176,0,6,1,0
9467,0,3,77.27725965497672,47.78209592243845,1,5,0,0
9468,1,3,40.10198921476571,50.065716370968964,0,4,1,0
9469,1,3,65.1344056033726,61.685094613248985,1,6,0,1
9470,0,3,45.524258790857594,34.794488352256415,0,4,1,0
9471,0,3,62.71998732656953,50.05045617115454,0,5,1,0
9472,0,3,67.5246862635118,34.60817692683775,1,3,1,0
9473,0,3,48.62338474400204,37.41474793857174,0,6,0,1
9474,0,3,53.50881570606584,30.100196964726003,0,3,1,0
9475,1,3,62.19157427179739,54.82616754425691,1,4,0,1
9476,0,2,52.894537356955766,32.24418125752555,0,4,1,0
9477,1,3,50.3686176107588,62.321189941720874,0,7,1,1
9478,0,3,50.16821085556901,29.763182614793447,0,5,1,0
9479,0,3,28.993932474158758,25.379517470921407,0,9,0,0
9480,1,3,35.26088652518393,44.952785617398916,0,5,1,0
9481,1,3,50.790621652222825,46.50385424234793,0,5,0,0
9482,0,3,43.67552532449176,32.33487309475711,0,7,1,0
9483,1,3,34.26316952259615,45.5285518006807,0,7,0,0
9484,0,3,64.31344655629646,42.558246865370435,1,4,1,1
9485,0,2,26.766550816611915,36.94787795229599,0,7,1,0
9486,1,2,61.417394350129186,69.12773742075323,1,6,1,1
9487,0,3,43.79963440318377,27.203075311456793,0,1,1,0
9488,0,3,47.398047236427665,42.43410563265902,0,4,1,0
9489,1,2,99.72728118373746,65.14653822722187,1,8,0,1
9490,1,3,30.597049729423016,46.76291498505531,0,6,0,1
9491,1,3,58.27886833181662,56.02051098054476,1,4,0,1
9492,0,3,25.66115918478643,10.052553078225529,0,0,0,0
9493,0,3,32.748757701658604,47.71539783388698,0,7,1,0
9494,0,3,55.121472504585455,38.26843549435299,1,5,1,0
9495,0,2,38.619635921685024,18.018148348850843,0,7,1,0
9496,1,3,76.26610792508545,64.18064790539682,1,3,0,1
9497,1,2,68.76942048547944,78.11837985160362,1,8,0,1
9498,0,3,59.45361745731125,52.44187938972619,0,7,0,1
9499,0,3,50.484736842785125,46.04941362214117,0,3,0,0
9500,0,2,51.1016091472227,37.08251876721674,0,4,1,0
9501,0,3,49.66613938703786,42.32566419178023,0,3,1,0
9502,1,3,22.99724182003309,54.356790666139624,0,6,0,1
9503,0,3,57.91988132778193,31.333942055150168,1,4,1,0
9504,0,3,45.24778598069021,29.045294435809414,0,4,1,0
9505,0,3,65.25622887532953,50.6435394797732,1,5,0,1
9506,1,2,39.40678740554593,37.071072350460454,0,5,0,0
9507,0,2,49.07935775224355,43.057814816435545,0,7,1,0
9508,1,3,74.31677904578636,72.26513211285611,1,3,0,1
9509,1,3,58.1468170197456,52.92741116839242,0,7,0,1
9510,0,2,64.89163940942443,40.81862924329015,1,5,0,1
9511,0,2,73.34011135310847,53.02795887057543,1,4,0,1
9512,1,3,34.61918591096055,39.584462175378405,1,5,0,0
9513,0,3,23.827465302966576,10.131810193875477,0,2,1,0
9514,0,3,61.41385069204631,36.842353455370606,1,4,1,1
9515,0,2,65.12875933790309,53.7707610708613,1,9,1,1
9516,0,3,32.18927894794649,11.003610358322586,0,2,0,0
9517,0,3,60.152739245753075,57.708981917194414,1,6,1,1
9518,0,3,64.08474558702768,36.966493666414365,1,4,1,0
9519,0,3,45.38685558387785,35.45316065691787,0,6,1,0
9520,0,2,43.79746761319747,31.86041511821011,0,4,1,0
9521,1,3,73.64205368545247,66.6947347178865,1,6,0,1
9522,0,3,52.5544807317046,37.36626148016085,0,2,0,0
9523,0,3,61.28423628650504,39.756068775159285,0,6,0,0
9524,0,3,61.526949797976656,60.188840821682646,1,8,1,1
9525,1,3,37.96797301620094,51.643679548523004,0,5,1,0
9526,0,3,40.96555762780145,26.157648036352718,0,2,1,0
9527,0,3,64.2098715545851,32.860036043339974,1,3,1,0
9528,0,3,35.17878863074379,22.614934848689916,0,1,1,0
9529,1,3,56.29147421547893,60.1232561537781,0,7,1,0
9530,0,3,75.28318076902839,56.46406538360963,1,4,1,0
9531,0,2,59.14366972566603,41.536658326071176,1,7,0,1
9532,0,3,60.55165977119786,50.629575056486885,1,6,1,1
9533,0,3,36.004629449600436,17.964342571772622,1,1,1,0
9534,0,2,22.458126835709592,19.07640060628852,0,3,1,0
9535,0,3,60.42010616817981,33.193582955008914,1,3,0,1
9536,1,2,63.01134022444635,61.03753503014334,1,5,0,1
9537,0,3,42.328680094917615,20.537053647319862,0,4,1,0
9538,0,3,48.82591696199588,31.911572965514328,0,3,1,0
9539,1,3,62.47478239282373,61.11322411624255,1,7,1,1
9540,0,3,26.274202576039414,31.637877896403516,0,8,1,0
9541,1,3,45.08434120719904,45.899601354316914,0,4,0,0
9542,0,3,31.437085215302233,15.62855575366397,0,4,0,0
9543,0,3,83.27957920431454,43.266343664556885,1,4,1,1
9544,1,3,43.397391187381274,48.63615177894598,0,7,0,0
9545,0,3,65.00361806921319,38.63378109736588,0,5,1,0
9546,1,3,85.18859348415793,72.7863704513628,1,4,0,1
9547,0,2,61.72624257157082,32.82119547052321,1,4,0,1
9548,1,3,52.1734206972179,53.009046862552026,1,7,0,1
9549,0,3,39.554136682950706,45.30805469982131,0,7,0,1
9550,0,3,74.09310137280673,51.33249023236003,1,8,1,1
9551,0,3,84.31544773425995,61.32268186503132,1,4,1,1
9552,0,3,44.54024205005264,25.99939891596783,0,5,0,0
9553,0,3,58.80403548193948,34.77284695137764,0,5,0,1
9554,0,3,55.311497362326534,44.195779515255154,0,5,1,1
9555,0,3,40.40314226323392,35.13681402364169,0,8,1,0
9556,0,3,57.58396532271172,45.41334212396116,0,7,1,0
9557,0,1,58.794528861713985,35.0523369816034,1,5,1,1
9558,0,3,31.795894436071467,17.947930903421593,0,4,1,0
9559,0,3,77.27503339768386,46.72025705008295,1,4,0,1
9560,1,3,31.890201157108088,37.75706370612536,0,5,1,0
9561,0,3,71.40846977537679,43.8973206908867,1,5,1,1
9562,0,3,74.64429451997556,57.571763055332696,1,6,0,1
9563,0,3,70.23344603950788,52.53932623941925,1,7,1,1
9564,0,3,22.68167221938315,4.870105101262901,0,4,1,0
9565,1,3,73.67733577134354,71.54915777777377,1,3,0,1
9566,0,3,43.30301453664004,38.600037672320546,0,7,0,0
9567,0,3,37.271015824519374,26.34338516339355,0,7,1,0
9568,0,3,48.75304876502875,45.293339928388676,0,5,1,0
9569,0,3,0.0,26.93019910929509,0,1,1,0
9570,0,3,48.80613281977844,31.56544645693811,0,1,1,0
9571,1,3,73.70069417535204,53.705886555737955,1,0,0,1
9572,0,2,67.5070430786138,49.72960858750999,1,8,1,1
9573,0,3,52.33843599687406,44.786369139042975,0,5,0,0
9574,1,3,54.0427365949016,71.2482792743314,0,6,0,1
9575,0,3,30.85123546207855,27.095976990184383,0,5,0,0
9576,0,3,51.2768968542558,37.02510153701162,0,7,0,0
9577,0,3,30.794287654894635,31.96045385617934,0,10,1,0
9578,0,3,37.84716980216697,22.293939814771406,0,5,0,0
9579,0,3,65.9491130849134,40.594944000153184,0,5,1,0
9580,0,3,65.66721086203336,49.658798317735595,1,4,0,1
9581,1,3,67.47028374682819,75.32919540123561,1,4,0,1
9582,1,3,47.22258808267282,58.17184379592073,0,4,0,1
9583,1,2,76.09047986183616,67.40975161422348,1,5,0,1
9584,0,3,71.01742130354667,45.38450026052303,1,6,1,0
9585,0,3,42.84724928114069,29.521414977165506,0,2,1,0
9586,0,3,41.34303899823361,41.68150511114671,0,6,1,0
9587,0,3,67.4127344464964,49.24806354576247,0,4,1,0
9588,0,3,47.91097286410168,23.029944859023217,0,3,1,0
9589,1,3,13.66315322136207,28.335047051791953,0,5,0,0
9590,1,3,31.416572160787446,36.173114890556874,0,2,0,0
9591,0,3,33.11777989383811,18.16841668724105,0,3,1,0
9592,0,3,49.22948927199143,43.03718574958262,0,8,1,0
9593,1,3,33.09940146896839,46.4354151665513,0,4,1,0
9594,1,3,58.33104206744917,64.43583560577366,0,3,0,0
9595,1,3,66.62025586412923,55.88188354383979,1,6,0,0
9596,0,2,53.10692207547245,48.08355523805721,0,9,0,1
9597,0,2,70.53752234598899,49.91988557574383,1,4,1,1
9598,0,3,66.05754677453929,48.25123580695239,1,5,1,1
9599,0,3,41.78507542987932,40.62323834662556,0,4,0,1
9600,0,3,36.00843198389296,20.963793817710247,0,5,1,0
9601,0,3,42.26578553561067,30.850534339632475,0,6,1,0
9602,0,3,42.6800559008666,27.287937872276398,0,4,0,0
9603,0,3,76.5229912352237,59.94003363771927,1,8,1,1
9604,0,2,54.34802868415978,51.17319975194854,0,7,1,0
9605,0,3,52.78145277595908,45.26018358659075,0,6,1,0
9606,1,3,68.84115764813629,59.609824208372935,1,4,0,1
9607,0,2,32.45098329909025,16.171912964221686,0,4,1,0
9608,0,3,46.11483931318894,32.715771066030634,0,3,1,0
9609,0,3,39.77875098605943,26.33941048565241,0,2,0,0
9610,0,3,60.18887402597688,53.05760343239686,0,9,1,1
9611,0,2,62.17241281392545,40.65318587070692,1,2,1,0
9612,0,3,54.87446390518446,32.63388713986392,0,6,1,0
9613,0,1,61.72799239437363,58.29715436497238,1,6,1,1
9614,0,3,44.784452774339364,38.225223630531936,0,6,0,0
9615,0,3,62.14193002328352,47.60263442243091,1,3,1,0
9616,1,3,47.173382528933544,48.64474173551581,0,5,0,1
9617,0,3,75.80418481053853,47.851013003981166,1,8,0,1
9618,0,3,0.0,0.0,0,1,0,0
9619,1,3,73.79229427014607,66.07671070728573,1,5,0,0
9620,1,3,52.7504027468913,53.557296802959016,0,1,0,0
9621,0,3,58.86221226377323,33.65793820341575,1,2,1,0
9622,0,3,58.8250273943089,31.093599303416344,0,2,1,0
9623,0,2,29.535330273023995,18.940648897010934,0,7,0,0
9624,1,3,48.93187384780928,54.52444549873279,0,3,0,0
9625,0,3,56.033835512752944,40.45321011203781,0,2,1,0
9626,1,3,91.41635497844534,50.50566728383336,0,8,0,0
9627,0,3,74.33087324947029,51.05003833572184,1,4,1,1
9628,0,2,55.59896594248524,24.145300813034325,1,2,0,1
9629,0,3,33.3055246202994,14.521011938864108,0,5,1,0
9630,1,3,67.47250267632816,66.61824471532644,1,6,0,1
9631,1,3,51.4804775437801,51.04120601913636,0,5,1,0
9632,0,3,7.723076800851494,34.4429453194655,1,5,1,0
9633,1,2,49.671411899230726,56.942891258598124,0,4,0,0
9634,0,3,49.927149149745865,29.844402609669054,0,5,1,0
9635,1,3,60.05027400468515,54.77662745245951,1,5,1,1
9636,1,3,42.80956218476623,61.95547668186889,0,4,0,1
9637,0,3,40.408837478724436,33.40773240805082,0,3,1,0
9638,0,3,57.46595520751504,27.424517500763553,0,3,1,0
9639,1,3,46.29417645497645,49.6561460334546,1,4,0,1
9640,1,3,45.364477792507735,48.80392944034989,0,6,0,0
9641,0,3,68.54046102309105,41.150352407178524,1,6,0,1
9642,0,3,48.45853064291735,42.76707648504619,0,5,1,0
9643,0,2,69.8690511159256,42.0529768406461,1,5,1,0
9644,0,3,36.45892741962904,24.89036712162232,0,7,1,0
9645,0,3,43.00887742284241,51.01615115093632,0,8,1,1
9646,1,2,41.27277548645032,55.679980040736496,0,8,0,1
9647,0,3,54.19459531173221,31.32023930596022,0,4,1,0
9648,0,3,65.05370770619498,46.541285421258785,1,8,1,1
9649,0,3,52.489602858710384,39.047413882887454,0,6,1,0
9650,0,3,44.23291258499069,33.21614829022546,0,2,0,0
9651,1,3,10.172378109018368,54.79853692252415,0,9,0,0
9652,0,3,54.02288536887697,32.16658223110101,0,3,1,0
9653,0,3,54.497746650281584,40.89809815086191,0,9,1,1
9654,0,3,33.114685533337294,19.287392429776613,0,5,1,0
9655,0,3,60.727086631532586,52.1305162428718,1,5,1,0
9656,1,3,8.96790312621749,26.279497180703537,0,6,0,0
9657,0,3,51.72539326821447,38.20786088899354,0,6,0,0
9658,0,3,60.1071247834067,33.890027742313414,1,3,1,0
9659,0,2,25.737561425638493,23.848247075947434,0,7,0,0
9660,1,2,0.0,53.755403689658614,0,6,1,0
9661,0,3,49.889087151051086,24.874789627494838,0,4,1,0
9662,0,3,68.6509008644738,52.40486731970262,0,4,1,0
9663,0,2,30.85655605858136,18.686962215378262,0,2,0,0
9664,1,3,29.230998895818736,25.084653431781817,0,1,1,0
9665,0,3,48.24307796556813,35.483761424159134,0,5,1,0
9666,0,2,13.758940777939106,25.93307432095159,0,6,1,0
9667,0,3,27.97329276019175,22.55367889297249,0,4,1,0
9668,0,3,47.52671986537558,26.205101005554134,0,4,0,0
9669,0,3,74.50400386285492,47.83395128114836,1,5,1,1
9670,0,3,30.948905461510112,30.81770862442471,0,7,1,0
9671,0,3,46.96864687259818,28.73828815061065,0,2,1,0
9672,0,3,53.93933625556632,41.65010316042523,1,6,0,0
9673,1,2,31.174351043653644,37.44569522680388,0,5,0,0
9674,1,3,81.49351000426324,86.4298699949451,1,8,1,1
9675,0,3,20.130415073162787,26.104509840874346,0,3,1,0
9676,0,3,23.396032306630655,13.883674115934683,0,6,0,0
9677,0,2,31.586107985448418,17.23507981404695,0,6,1,0
9678,0,3,76.66682128810675,65.81350892752542,1,8,0,1
9679,0,3,45.89991456572382,27.9481377280505,0,4,1,0
9680,0,2,40.9099919303111,25.037485553886896,0,3,1,0
9681,0,3,32.65767807235848,30.76071888258068,0,7,0,0
9682,0,3,71.81935053537293,49.15316895492127,1,8,1,0
9683,1,3,51.590532151960225,52.55359527256777,0,4,0,0
9684,0,3,45.94969358804639,30.630166219001307,0,3,1,0
9685,1,3,50.648839608841115,58.78365203654854,1,5,0,1
9686,0,3,55.95408209307774,42.772408068575565,0,4,0,0
9687,0,3,54.73736358748971,26.893763684021803,0,2,1,0
9688,1,3,37.27715137378392,64.44700869296976,0,7,0,1
9689,0,2,38.054515370438146,15.456493984024938,0,1,1,0
9690,0,3,62.3505939015561,39.1384904015678,1,5,0,1
9691,1,3,41.42449572990772,56.143943569109446,0,5,1,1
9692,0,2,54.80641645790262,37.950974128032605,1,4,1,0
9693,0,3,59.624094118019734,37.28953592679412,0,7,0,0
9694,1,2,52.46951462380472,48.70987372082915,0,6,1,0
9695,1,3,29.71666581853394,47.63241940671523,0,6,0,0
9696,0,3,23.767042944647276,11.533938526039604,0,4,1,0
9697,1,2,66.34955901662843,52.54274933299114,1,2,0,0
9698,1,2,44.45087479151752,56.9804256774517,0,9,0,1
9699,0,3,44.255463801073674,25.314339519697157,0,4,1,0
9700,0,3,68.52042583126725,55.60421569332875,1,6,1,0
9701,0,3,59.62477330421379,25.783944352584445,1,1,1,0
9702,1,3,51.91846021199685,44.39721585741157,0,2,1,0
9703,0,3,40.35823352880175,38.12301719197612,0,7,0,0
9704,0,3,57.136593255550316,50.66217477234246,1,8,1,0
9705,0,2,50.92608862348639,40.60582807850722,0,5,1,0
9706,0,3,46.01461385919765,26.135948830056464,0,5,1,0
9707,1,3,25.563598034166304,39.87616582086672,0,3,0,1
9708,0,3,37.5686869026704,17.002444656400243,0,3,1,0
9709,0,3,80.43290643714779,24.300713817601558,0,4,0,1
9710,0,3,43.911244887780605,20.443005924249203,0,3,1,0
9711,1,3,20.65075976885744,42.83634924534628,0,6,0,0
9712,0,3,28.37123000876977,11.353860844100964,0,3,1,0
9713,0,2,51.06165878121389,33.696022632199366,0,8,1,0
9714,0,3,17.936213627407287,16.24346854100493,0,3,1,0
9715,1,3,44.72291648095226,38.61064918820959,0,3,0,0
9716,1,3,92.61920106422173,73.92762112228786,1,5,0,1
9717,1,3,70.40697849349321,75.0381699416327,1,9,0,1
9718,1,3,53.83278019628145,66.35403362703902,1,6,0,1
9719,0,3,42.81455910809747,39.118355907081146,0,8,0,0
9720,0,3,72.62785628753002,44.19161026217681,1,3,1,1
9721,0,3,45.68355363438929,28.472439418775124,0,7,1,0
9722,1,3,33.40698383391736,39.19186649523026,0,2,1,0
9723,0,3,58.97945139587231,46.86078966887207,0,9,1,0
9724,1,3,60.0521246203371,52.28665715979722,1,4,0,0
9725,0,3,50.82497511907043,51.98749718137339,0,7,1,0
9726,0,2,41.26819485219486,16.581162853084052,0,4,1,0
9727,0,3,46.68335960299037,20.27672703430865,0,3,1,0
9728,1,3,32.791928541614084,40.29440037041514,0,4,0,0
9729,0,3,60.54155002161341,51.03025175491648,1,8,1,1
9730,1,3,48.293635623951374,50.692481523973996,0,5,0,0
9731,0,3,64.76723491549802,36.51435725325661,1,5,1,0
9732,0,3,46.68459358795101,46.438347257213394,0,10,1,1
9733,0,3,62.994869564368585,49.34231904827977,1,4,0,1
9734,0,2,61.94393526922537,42.21622273872577,1,7,1,0
9735,0,2,61.43968093855467,34.64801050364035,1,4,1,0
9736,0,2,70.40982385880147,50.796972904533426,1,5,1,1
9737,0,3,60.92207074016626,52.08589482919471,1,7,1,1
9738,0,2,11.383763378601554,16.871302045640135,1,5,1,0
9739,1,3,22.691185117287453,44.109586905594206,0,8,0,1
9740,1,2,48.41761843515786,50.06857414531698,0,3,0,0
9741,1,2,54.30531412704619,58.4429570329594,0,8,0,1
9742,0,3,37.714355977957,17.39267598937492,0,5,1,0
9743,0,3,30.674262955191804,10.963473200179422,0,3,1,0
9744,1,3,39.339083881940006,49.18813848877053,0,7,0,1
9745,0,3,63.90043093426035,38.491807493412175,1,2,0,1
9746,0,3,50.673488428045275,28.643404355643966,0,5,1,0
9747,0,3,47.051564197404836,20.487552172675663,0,1,1,0
9748,0,3,41.31749683348336,19.507841498744504,0,3,1,0
9749,0,3,73.71964376592005,45.08441568288819,1,3,1,0
9750,1,3,0.0,40.112643632362285,0,4,0,0
9751,0,3,46.23649890882182,28.115693748268843,0,7,0,0
9752,1,3,95.51798918830544,97.98735194312523,1,10,1,1
9753,0,3,39.87949044856788,46.601874532742286,0,5,1,0
9754,1,3,52.87098078994702,49.45605825611265,0,3,1,0
9755,0,3,37.517366109597326,35.934712015820175,1,6,1,0
9756,0,3,80.20790770212174,64.26437142175092,1,7,1,1
9757,1,3,58.12815462238879,51.961789874894244,1,3,1,0
9758,1,3,71.29244237462943,77.91740252265456,1,5,1,1
9759,0,3,45.479573161946384,17.403902838279347,0,3,1,0
9760,1,3,45.040431561711465,40.698996781463286,0,1,0,0
9761,1,3,51.75318585771094,60.1961894832213,0,5,0,0
9762,0,2,40.8677521367069,24.505446503451658,0,7,0,0
9763,0,2,44.314020181444704,25.029076108260767,0,1,1,0
9764,0,3,34.57494965964128,29.799331243862586,0,5,1,0
9765,0,3,13.561704839243685,0.5473943358794418,0,3,1,0
9766,0,3,36.3364994637241,21.45776289901144,0,6,0,0
9767,0,1,36.94559578579022,25.82871234545976,0,4,1,0
9768,1,3,34.37712430106025,32.03505498309686,0,2,0,0
9769,0,3,67.96416239004748,21.563903136535984,0,3,1,0
9770,1,2,36.98622720697891,63.518985374650526,0,10,0,1
9771,0,3,58.60413537454656,60.36520372329235,0,11,1,1
9772,0,3,30.689398151784868,28.844784321617198,0,8,1,0
9773,1,3,51.33836283058738,52.494541066720075,0,1,1,1
9774,1,3,51.25911265617848,59.99305053053759,0,4,0,1
9775,0,3,64.23544662824173,39.122789767699054,0,2,1,1
9776,1,3,40.852209845780116,50.42955340097671,0,4,1,0
9777,0,3,49.80472384953685,36.23884077083456,0,8,1,0
9778,0,3,27.179787734075596,22.631487010541168,0,3,1,0
9779,0,2,50.80314762074868,37.33949847450641,0,3,1,0
9780,1,3,63.57328768039932,58.29032774834092,1,4,0,1
9781,0,3,50.90396239300945,44.07037865660292,0,7,0,0
9782,1,3,53.302036387298145,60.2546489402427,0,5,0,0
9783,1,3,32.91869811917908,42.883720558776545,0,4,0,1
9784,0,3,67.8238739522288,45.23185669623035,1,3,1,1
9785,0,2,74.07359827335934,48.43392958927368,1,2,1,1
9786,0,3,45.84150807499789,42.31669793689236,0,6,0,0
9787,0,3,40.55551836375487,31.962954127777557,0,6,1,0
9788,0,3,60.415392506896886,31.66412787132783,0,4,1,0
9789,0,3,42.97240424223516,25.010774040668455,0,1,1,0
9790,0,2,59.67716430447613,46.90490229161692,1,5,1,0
9791,1,3,46.1096885890574,37.18433247490557,0,2,0,0
9792,1,3,50.6083938648512,57.466159178951344,0,2,0,1
9793,0,3,60.255244813155194,33.829035130423826,1,1,1,1
9794,0,3,42.99664169648317,16.451588150197637,0,3,1,0
9795,1,2,39.69925228431665,40.29423222305159,0,5,0,0
9796,0,3,61.61416418765581,40.669362123381184,0,6,0,1
9797,1,3,74.29540027626886,76.50650606288494,1,5,0,1
9798,0,3,40.3738189696285,31.81765891282684,0,4,1,0
9799,0,3,56.51331722624944,31.384489638631784,0,4,1,0
9800,0,2,38.044707964193506,23.5386477765892,0,7,1,0
9801,0,3,18.225781999816554,20.666332311872754,0,6,0,0
9802,1,3,48.967256521654,56.99976975099524,0,7,0,1
9803,0,3,57.51145320222759,42.7327528604737,0,5,1,0
9804,1,2,59.1383761423093,42.71087247474516,0,9,0,1
9805,0,3,50.76349886640091,50.1377440504956,0,4,1,0
9806,1,3,36.000382506846705,35.019683291113495,0,3,0,0
9807,0,3,58.974713844984095,18.78157776292496,0,2,0,0
9808,1,3,67.578256439803,60.34829479959665,1,5,1,1
9809,0,3,58.80089393542754,38.81519053385063,1,7,1,0
9810,0,2,38.56395733675433,32.704729073707995,0,9,1,0
9811,0,3,43.50330387715236,19.648491993584706,0,4,1,0
9812,1,3,40.421284122570164,39.813047739957376,0,4,0,0
9813,1,2,51.21295758835321,70.92613303511858,1,5,0,1
9814,0,3,0.0,28.22565152842517,0,3,1,0
9815,0,3,54.808101755669654,44.15318271623212,0,5,1,0
9816,0,3,39.34631665519034,27.73067243394751,0,3,1,0
9817,0,3,23.500830364872094,25.330466736067958,0,6,1,0
9818,0,3,14.875699832274487,5.611434977866216,0,6,1,0
9819,0,3,47.64862373997891,18.799871615483262,0,1,1,0
9820,0,3,49.71908930345653,31.4920458418372,0,6,1,0
9821,0,2,52.824692586624636,50.901039949470906,1,8,1,1
9822,0,3,51.643002223845706,30.54328295355126,0,7,0,0
9823,1,3,53.784565013631635,59.22369334469254,0,4,0,1
9824,1,3,29.881044150788664,39.12730999180393,0,6,0,1
9825,1,3,39.79500324863833,42.501346001452916,0,6,1,0
9826,1,3,56.57053722005757,67.53852432377613,0,7,0,1
9827,1,3,55.05727935550152,67.33807318539938,0,5,0,1
9828,0,3,76.164828532329,56.89789282297054,1,4,1,1
9829,0,3,35.74560062967985,10.757640426383198,0,3,1,0
9830,0,3,56.751215654671334,42.79981730189526,0,6,1,0
9831,1,3,55.114997082510975,64.31211743857284,0,11,0,1
9832,0,3,42.73363253051268,40.64235480738509,1,7,1,1
9833,0,3,57.095710700020625,33.10432096838431,0,7,1,1
9834,1,2,25.690624529314977,39.43526023881721,0,4,0,0
9835,0,3,45.71671670410444,18.253133163741815,0,1,0,0
9836,0,3,44.70390603740906,21.800831740027512,0,3,1,0
9837,0,3,57.094013053645384,35.650266314000895,0,7,1,0
9838,0,3,45.34415852748777,39.83624856377538,0,3,0,0
9839,1,3,59.94150076744573,52.74301100536848,0,6,0,1
9840,1,3,0.5880184065085596,26.611803862354424,0,7,0,1
9841,0,2,79.41004571708395,49.168216423279965,1,2,0,1
9842,0,2,42.19038752828786,18.03489432020135,0,2,1,0
9843,0,3,25.21225667672735,13.887558725457994,0,6,1,0
9844,1,3,52.239272165777926,52.22770200218153,0,5,0,0
9845,0,3,81.55999038191807,56.996736828488835,1,6,0,1
9846,0,2,42.02214548614855,22.741265054291443,0,3,1,0
9847,0,3,60.45276750651389,40.5803223598557,1,5,0,0
9848,1,3,40.71404339683888,41.47724756252675,1,5,0,0
9849,0,3,71.64663313413962,41.500083003393655,1,4,1,1
9850,0,3,49.08070059898219,48.298106133520804,0,12,1,0
9851,0,2,46.911441204621816,27.353035570124938,0,6,1,0
9852,0,3,42.15884083879763,39.12576918367266,0,5,0,0
9853,0,3,64.08089324628722,44.15627211936499,0,3,1,0
9854,1,3,38.31609958703381,49.46452251418274,0,4,0,0
9855,0,3,38.71038275376284,19.851712150761337,0,3,0,1
9856,1,2,77.08515362399523,65.31992008312206,1,4,0,1
9857,1,2,38.33745540839984,36.49472870452304,0,4,0,0
9858,0,3,45.65577131464962,39.880275667818964,1,7,1,0
9859,0,3,71.13591041467173,59.4291299983593,1,6,1,1
9860,1,3,42.08387463416463,54.97496577738509,0,10,0,1
9861,0,3,15.629066281569267,21.72178896045022,0,4,1,0
9862,0,2,68.35773022026494,41.92642602598898,1,5,1,1
9863,0,2,76.04158798618134,46.97330222155431,1,5,1,1
9864,0,3,69.26012724913686,43.683965078285446,1,4,1,0
9865,0,3,75.86453966799357,58.89246895170741,1,6,1,1
9866,0,2,53.673314848738414,30.577212090092605,0,3,1,0
9867,0,3,28.398624876968864,26.925054392429093,0,4,1,0
9868,0,3,94.18190691589533,68.76180248037541,1,4,1,1
9869,0,3,55.45071760989569,51.346394479785154,1,13,1,1
9870,1,3,22.815929875824136,33.34440912632624,0,5,1,0
9871,0,3,35.754065648030014,32.10690119220444,0,7,0,0
9872,1,3,14.70574713174082,39.03477395087993,0,10,0,0
9873,1,2,69.99201986406293,62.31571164955382,1,4,0,1
9874,1,3,33.3623705860353,59.71849813759704,0,4,1,0
9875,0,3,47.23445920308403,25.25334653214212,0,3,1,0
9876,0,1,57.01076161611847,35.94403343049576,1,4,1,0
9877,0,2,44.26933995677866,30.192540976171657,0,5,1,0
9878,1,3,66.93166324937876,52.33449581633013,1,1,1,0
9879,0,3,51.02893209864555,33.66617600929614,0,4,1,0
9880,1,3,36.67144845730325,41.70086518030471,0,5,0,0
9881,0,3,64.97232551639422,55.35994323113701,1,6,1,1
9882,0,3,42.72617256516581,31.118811336673993,0,7,1,0
9883,0,3,56.015271553848244,39.292788026289145,0,3,1,0
9884,0,2,55.66208842883899,54.468016185238035,0,10,0,1
9885,0,3,59.156117292175516,42.41026182965839,1,3,1,0
9886,1,3,52.67072587700171,53.1513671720792,0,4,0,0
9887,1,3,61.79098607362559,54.696272535551586,1,5,0,1
9888,0,3,40.84646007256969,23.580760849471176,1,5,1,0
9889,1,3,81.98310624202087,68.2401496820652,0,7,0,1
9890,0,3,44.78397053579659,15.067632516152724,0,2,1,0
9891,0,3,36.93008972007902,24.34250007640754,0,3,0,0
9892,0,3,81.3812538334527,50.46944976717772,1,7,0,1
9893,1,3,51.394875982786004,59.11975273540872,0,2,0,1
9894,0,3,45.7455139340885,34.456237835788585,0,5,1,1
9895,0,3,45.59256224928757,30.60899243620257,0,4,1,0
9896,1,2,88.05742885752436,92.9341743574751,1,4,0,1
9897,1,2,61.813764476749206,74.35944191851675,1,4,0,1
9898,0,2,57.84716373430657,29.31023688377188,0,6,1,0
9899,0,3,48.94915424944838,22.943337063522364,0,1,1,1
9900,1,3,42.73681434935575,35.14788500413917,0,2,0,0
9901,1,3,47.90231899700016,56.86455916278863,0,4,0,0
9902,0,3,59.179831779077084,52.77844850933049,1,6,1,0
9903,1,3,11.827483511064266,45.57613046151728,0,11,0,1
9904,1,2,49.03524877223365,48.69416102322364,0,3,0,0
9905,0,3,49.04623846465775,25.47413301782113,0,5,1,0
9906,0,3,46.282441823364074,25.990192137378685,0,1,1,0
9907,0,3,20.306463605597102,19.48636141198477,0,2,1,0
9908,0,1,48.61251060237374,44.69710488933784,0,9,1,1
9909,0,3,32.870143276529504,31.59570430215768,0,3,0,0
9910,0,3,43.96205718450934,31.804573010713714,0,3,1,0
9911,0,3,60.11109189781997,34.73931644859913,0,4,1,0
9912,1,3,59.028979106575854,71.19568698276318,0,8,1,1
9913,0,3,52.85301779959712,32.1570041040248,0,5,1,0
9914,1,3,54.86423401713042,56.646868097814064,0,3,0,0
9915,0,3,70.23685561036272,50.31142128848877,1,6,1,0
9916,0,3,61.43597058581422,45.821741797239085,1,5,1,1
9917,0,3,54.395262245917,36.46346519669203,0,4,1,0
9918,0,3,17.204809104060597,12.046143357345997,0,7,1,0
9919,0,3,39.37111322885779,27.949549544740577,0,7,1,0
9920,0,3,61.864896623763876,41.96774293038648,0,6,1,0
9921,0,3,40.14701974693437,22.43309577203714,1,4,1,1
9922,0,2,67.50249797565735,40.84364950111026,1,6,1,1
9923,0,2,60.61652553237909,43.19161902617649,1,4,1,0
9924,0,3,58.36614370293837,30.274216877913283,1,3,0,0
9925,0,3,41.652274919329436,25.46719184256426,0,4,1,0
9926,0,2,41.335152455666424,32.28605026822112,0,5,1,0
9927,0,3,70.42626251598138,48.550979640757156,1,2,1,0
9928,0,3,55.98161460816147,40.86031301056065,0,3,1,0
9929,0,3,51.872819305776744,29.53557896962091,0,3,0,0
9930,0,3,40.28925999425764,43.334953856522006,0,9,1,0
9931,0,3,34.07732599818793,28.00476276699279,0,3,0,0
9932,1,3,39.909186349811364,46.82624479348632,0,6,0,0
9933,1,3,72.86207496456653,51.481820220880834,1,4,1,1
9934,0,3,61.7576397207914,36.9225115824068,0,2,1,0
9935,0,3,50.34392394343792,38.6387284663238,0,9,0,0
9936,1,3,55.008825824628396,57.2393761159973,0,1,0,0
9937,0,3,29.2336905950459,25.839436333139567,0,4,1,0
9938,1,3,67.90696345101067,51.896767795347124,1,3,0,0
9939,0,3,28.127167208206348,30.11331106194062,0,5,1,0
9940,0,3,35.93742596701294,24.722905009753323,0,4,1,0
9941,1,3,25.41276915525871,42.65897080794048,0,4,0,0
9942,1,3,81.37400468396551,82.54813456765424,1,5,1,1
9943,0,2,54.3209444773215,31.83826990381337,1,5,1,0
9944,0,3,34.47275042332298,35.59769717571951,0,5,1,0
9945,0,3,52.155833385497054,26.884435469350272,0,5,1,0
9946,1,3,53.239673730223515,59.05947105000915,0,6,0,0
9947,1,3,41.21430502411746,50.695466271736834,0,4,0,1
9948,0,2,74.81322282731361,58.9188598883553,1,7,0,1
9949,1,3,59.779712957881394,56.67476396812266,0,5,1,0
9950,1,3,35.89147589078887,34.00783625388334,0,2,0,0
9951,0,3,62.18875033348403,50.679411894317205,0,7,1,0
9952,1,3,36.69522711891943,36.370648265977806,0,5,0,1
9953,0,3,38.71557675814675,41.71943831379728,0,12,1,0
9954,1,3,45.06344948546647,62.12430871159007,0,6,0,1
9955,1,3,45.55796244815662,48.58993082272637,0,5,0,1
9956,0,3,75.19970257681607,58.975277996871746,1,5,1,1
9957,1,3,40.264093911744276,55.175115769931004,0,8,0,0
9958,0,2,75.94702596224033,56.46050229639576,1,3,0,1
9959,1,3,59.093588816735945,49.49843716001615,1,3,0,1
9960,0,3,52.55120426697255,45.45158841311385,0,6,1,0
9961,1,3,54.53323711261418,54.39708878747009,0,7,0,1
9962,0,3,47.116775382512614,45.58335376450312,0,9,0,1
9963,0,3,45.11864590602843,36.961739318873505,0,5,1,0
9964,1,2,39.08607459318257,41.65813674904265,0,4,0,0
9965,1,3,60.81120056707977,69.95845527477202,1,10,1,1
9966,0,3,33.8800458461898,15.796574299588668,0,4,0,0
9967,1,3,63.25863808054381,39.108785950901876,0,2,0,0
9968,0,2,57.05893196099896,55.97234430384956,1,10,1,1
9969,0,1,10.386782112796663,4.484398598464228,0,2,1,0
9970,0,3,45.377702405140646,34.03550756689721,0,5,1,0
9971,1,3,33.502272736993234,54.540304703077545,0,8,0,0
9972,0,3,72.9306744982602,51.8896080675827,1,7,1,1
9973,1,3,56.0131837544105,50.533287026965766,0,3,0,0
9974,0,3,55.135609977231205,42.79532177309722,0,7,1,0
9975,0,3,71.71846521178854,61.533228097928756,1,8,1,1
9976,0,3,71.8792518597153,39.76018321955417,1,3,1,0
9977,0,3,35.22355995328608,28.788526721973433,0,4,1,0
9978,1,2,60.1318866114834,55.35528704760045,1,4,0,1
9979,1,3,92.4410016857826,63.314145300937916,0,5,0,1
9980,1,3,45.13686191034613,52.7918967090265,0,8,0,0
9981,1,3,47.2287819346859,44.10919534144567,0,5,0,0
9982,1,3,37.88771511697296,50.41019720299103,0,4,0,0
9983,0,3,63.23303651753463,33.54664044160648,1,2,0,0
9984,0,3,54.234770957308086,43.88675935522211,0,5,1,0
9985,1,3,66.50724776907012,61.95999270064821,1,7,0,1
9986,0,2,41.290917178812116,40.327542649592964,0,7,0,1
9987,0,3,62.993075629826365,29.530654724262746,0,1,1,0
9988,0,3,35.13639748079704,25.62115205571763,0,3,0,0
9989,1,3,53.786423759428274,60.77982245026129,0,7,0,0
9990,0,3,60.419701892499724,27.672136953373176,1,5,1,0
9991,0,3,61.28719106920008,13.568147899463243,0,2,1,0
9992,1,3,66.092896075651,61.38768384709371,0,3,0,1
9993,0,3,49.244019855096106,32.66826947324712,0,2,1,0
9994,0,3,48.776315104507,30.49132222652693,0,6,0,0
9995,0,3,41.15297855542376,13.731296696192505,0,1,1,0
9996,0,3,61.473493968225874,37.15651311457995,1,4,1,0
9997,1,3,52.858143732536654,55.9562712588861,0,3,0,0
9998,0,3,31.959581472029072,37.01586323563831,0,6,1,0
9999,1,2,75.95819616319199,79.02141916040954,1,6,0,1
