candidate_id,G_Gender,S_ImmigStatus,U_wealth,U_prob,H_policy,C_shadow,X_uni,X_code,X_behav,X_ref,X_exp,X_permit,Y_Target
0,0,0,1.2386596456946115,-1.3752209252411405,14.632397307802439,0.0,3,29.06616526365979,41.82851047110782,0,8,1,0
1,1,0,1.2465392675837839,0.2837275589529109,17.498841135478845,0.0,3,25.08795061010717,34.046759287308774,0,3,1,0
2,0,0,2.7739332753084236,-0.07860355516444731,12.462959914881614,0.0,3,48.74288594590524,50.2294804432015,0,4,1,0
3,0,0,0.6345738391334913,0.14895311810420298,11.800098364743702,0.0,3,52.68193972271073,46.39645668010923,0,2,0,0
4,1,0,2.083017315290675,-3.007141890137084,22.972084259637953,0.0,3,4.333874507828097,4.971929627111579,0,5,1,0
5,0,0,1.7403450407099752,0.4030149010968533,7.734464199770469,0.0,3,55.8391081153245,60.510598211218564,0,6,0,0
6,0,1,2.382143689062933,-0.21217918316777593,12.234107012160615,0.0,3,50.587805776085744,53.8195042367438,0,3,1,0
7,0,0,1.1416067124257945,0.250365241816522,12.70327234096209,0.0,3,50.57429245934433,50.10990418216147,0,7,1,0
8,0,0,0.7612572249670133,0.16358193992293227,14.83948596670043,0.0,3,52.30996551897134,43.32589426458052,0,1,1,0
9,0,0,1.0129387105825456,-0.2711145555798781,14.907783808071375,0.0,3,48.916986978621395,41.253402283714806,0,6,1,0
10,1,0,0.7697116064702177,-0.10059673579415081,16.02652695439271,0.11608166666562325,3,48.21257282044791,32.040208332216274,1,2,1,0
11,0,0,1.5414977596095012,0.438448306497504,11.572416253103704,0.5198833885008295,3,56.30139988260711,56.30297430628915,1,7,1,0
12,0,0,2.11921424548006,0.09043575902092375,13.37015874148604,0.0,3,55.40615084485259,53.02356754147614,0,4,1,0
13,1,0,5.446912936360234,-1.0055182052409428,15.496363277805122,0.0,3,34.38856647308891,27.41775234231794,0,4,0,0
14,1,0,1.84412659095985,-0.722934583542085,17.20486585776214,0.0,3,40.705286273176604,28.57576660661192,0,4,1,0
15,1,0,2.948480142623444,0.3895361159570292,14.062777658579577,1.110142918937904,2,56.22127685230563,43.66988107086563,1,4,1,0
16,1,0,1.3698573635395128,-0.7558772117554441,15.92001215210843,0.0,3,40.257704887960394,35.26021709161592,0,6,1,0
17,1,0,1.8437316604291045,0.5826293158342777,14.273186581114611,0.0,3,59.313994544031935,42.37358096763859,0,2,1,0
18,0,0,2.007677940637079,-1.274572219415153,15.928271914130216,0.0,3,31.92818394802406,38.35084775240413,0,4,1,0
19,0,1,1.4990907094200459,-0.9790619585153785,11.708322497043504,0.0,3,36.8700171331001,59.14677941099878,0,9,1,0
20,0,0,2.0474173608219766,-1.259382353779341,14.450753131274533,0.0,3,31.74366293100382,47.00764176907287,0,9,1,0
21,1,0,1.9580600082683324,-0.4646091259186818,13.434163327929575,0.0,3,42.517670487029946,39.80082572559256,0,6,0,0
22,0,0,0.7374483576615569,-0.9711014551663861,13.021034014915891,0.0,3,31.378590208397757,48.81158735364457,0,8,1,0
23,1,0,1.6881107283508898,0.5184569285424704,15.039406453037271,0.0,3,57.31240586484383,39.13197175893671,0,4,1,0
24,0,0,3.7621554904076007,-0.05007627885785943,12.251472472499549,0.0,3,44.25305816337729,52.53416051428543,0,8,1,0
25,1,0,1.695693921769231,1.3231916304379912,11.964462346839936,0.45203132372908184,3,70.65873610076132,56.0834750742537,1,6,1,0
26,1,1,1.686625156500414,0.7500709196690449,10.698980174985481,0.0,3,46.266944928343285,48.84350200689294,0,5,0,0
27,1,1,0.7925058237709312,-0.38823577379124535,14.459275828161633,0.0,3,44.291285478531044,49.16623920214972,0,6,1,0
28,0,0,0.8627295541601891,0.05444341575724974,11.156431467577299,0.0,3,51.055377241458686,59.900170616478455,0,9,1,0
29,0,0,1.0421916890426524,-1.1068548139347918,13.009378469229729,0.0,3,32.559796706835826,36.070462778902666,0,3,0,0
30,0,0,1.841084405131681,0.42044078193550377,12.761645942818246,0.0,3,57.41119753940089,48.555162667267396,0,2,1,0
31,1,0,1.270633149321124,-0.5692379536505214,15.177514018630577,0.0,3,40.6025952922234,38.65416527815394,0,9,1,0
32,0,0,1.8949170580395651,-0.19486979660776227,9.554719364447717,0.010461632804173115,3,47.145070519870295,53.695166630318695,1,6,0,0
33,1,1,1.5318421331357224,-1.4173211107172303,17.751952020476075,0.0,3,28.702696910836778,32.86906403898774,0,5,1,0
34,0,0,2.1445493761122414,0.7283629464691839,12.779319446615583,0.0,3,68.51452499108433,49.99889974053328,0,2,1,0
35,1,0,1.6463803277365998,2.252106352317777,7.963524227356542,2.5666799690414166,3,81.11098564655826,71.92078473214521,1,10,1,1
36,0,1,1.9963482410955076,-0.022481670252738735,10.9539648002051,0.0,3,50.62293491583495,57.07751195963784,0,5,1,0
37,0,1,1.7247701669420012,0.21559800693999154,11.048191644438898,0.0,3,52.863631310232364,60.431977359558346,0,3,1,0
38,1,0,2.1162898477863465,-0.5905013411448606,17.601705502629194,0.0,3,49.17787281945229,28.51533078367164,0,2,1,0
39,0,0,0.9230940018130261,-0.9092244123657738,11.491353215881357,0.0,3,34.21513165454632,40.538893186222396,0,6,0,0
40,0,0,0.8684747118616397,-1.6235706387853486,16.954234318351837,0.0,3,22.517174969772235,30.066162193266706,0,4,1,0
41,0,0,2.2681642858190387,2.1890628400699006,9.951233944626482,2.887153864830643,3,82.17367452488266,67.54326234135279,1,3,1,0
42,1,0,0.8099989170419368,-1.8031303254872166,19.518431319331533,0.0,3,23.842845433562985,17.014852506796704,0,2,1,0
43,1,0,2.8043021498873584,-0.3585939597633065,14.983218260004746,0.0,3,44.95179616356342,40.16194414726201,0,6,1,0
44,0,1,1.0734875774820625,-0.6318930856377512,13.248559849757553,0.0,3,45.306781142915526,52.769364954812986,0,4,1,0
45,0,0,2.3482988642108933,-1.7390938800594047,15.699657201792732,0.0,3,23.329982753154425,34.05274426596664,0,6,1,0
46,0,0,2.5748940990765017,-0.006646111641745064,12.934685180209954,0.0,3,49.35991850538081,50.22721907814358,0,4,1,0
47,1,0,1.3018739797929955,1.3851269687656582,10.69565850603695,0.7626534423139022,3,63.357970258414454,49.366499223686354,1,2,0,0
48,0,0,2.3504211098918275,0.6484109103470101,11.522224960938907,0.0,3,59.824375652288,58.807834691660815,0,5,1,0
49,0,0,1.7278100222700552,-0.8046637004804226,15.62256151244539,0.0,3,37.783444641036006,39.52722882294557,0,4,1,0
50,0,0,1.1118369675643036,0.7011706060932786,8.24374149059972,0.4255857733957528,3,60.95375361067786,67.64616840551221,1,10,0,0
51,0,0,2.1741150777131852,-0.47686572033219493,14.433110624446988,0.0,3,42.56553750492881,46.03511361218129,0,6,1,0
52,0,0,1.426837149989199,-0.31871510358339483,13.346850078864705,0.0,3,44.376348537123775,49.627383989924105,0,4,1,0
53,0,0,2.3272876210438076,-0.22262376018771057,14.530676376895812,0.0,3,46.66495868586267,44.277703571082476,0,5,1,0
54,1,1,1.3100800180440884,1.2398828760753289,11.097599688961576,1.8334766965561045,3,69.76005298727979,62.0222677041142,1,6,1,0
55,0,1,2.1483363910122315,-1.7318945166268573,13.979181370254922,0.0,3,22.568484090718687,43.98041466055541,0,6,1,0
56,1,0,2.1691913911790666,1.3433043753267813,9.168431523293421,3.3953510363633552,2,70.19165095617994,60.790987910443526,1,8,0,0
57,0,0,2.8108025612255036,-0.6947787404956697,16.56250839757587,0.0,3,38.856506731058474,34.00004831592098,0,2,1,0
58,0,0,1.6083535595581497,1.1367398511544309,10.27003108144162,0.46931332067136156,3,67.1623138992783,61.636614934550714,1,4,1,0
59,1,0,1.3163697411450812,-1.1196112484015015,16.376004181080376,0.0,3,33.28407461246275,32.025736766745595,0,6,1,0
60,0,1,1.0876116195710437,1.050258080708492,8.874887644478546,1.1791788749207872,3,66.66399251076686,72.1198688734561,1,3,1,0
61,0,0,0.9671805025660111,0.425327557912393,9.911789212815894,0.012962134615636056,3,54.03002238910107,67.1768763585231,1,10,1,0
62,0,1,1.8503982469999332,0.9172864771887616,7.7565575300321035,0.0,3,63.956422195710495,66.56373355675741,0,4,0,0
63,1,0,3.655983669908253,-0.8007902687476138,15.337710506113531,0.0,3,38.56683479432947,37.942866174545756,0,2,1,0
64,1,0,1.668277667067524,-0.5153288468316506,16.3608621894719,0.0,3,41.325681639201164,34.34223245864746,0,6,1,0
65,0,0,1.3033526188947058,0.3981717043149221,13.046588908357732,0.0,3,55.013381051225345,51.17277031265964,0,6,1,0
66,0,0,0.8733482121313786,1.3015182864654997,9.718002520507875,1.4763456684120362,3,69.23984470389642,63.05915806608207,1,5,1,0
67,1,1,0.9853345203359081,0.20144481032005407,8.658169292570987,0.0,3,60.91068759414568,58.354503713588734,0,6,0,0
68,0,0,1.6645926699921827,-0.8304495543373547,14.548665537533195,0.0,3,33.91683704925973,46.29045540533906,0,9,1,0
69,0,0,9.30945347485876,0.7211475123848626,13.737122104533505,0.6736699574534011,2,61.03345350609785,47.40133335745022,1,2,1,0
70,0,0,1.8531777853789104,-0.06606577892189693,13.98409462244651,0.12569389813591214,3,54.01187150319838,45.904117359634874,1,3,1,0
71,1,0,0.7921274496173806,-1.0730633619070764,17.12896982004806,0.0,3,32.984794866090986,29.683106001748108,0,5,1,0
72,0,1,1.0858827291199225,-0.2063378750694771,11.861599874581133,0.0,3,45.924792915522445,55.513926423790224,0,3,1,0
73,0,1,2.1881630730209722,-1.126370855927865,10.319805684237451,0.0,3,32.6912572629986,47.094605227438215,0,3,0,0
74,1,0,0.5658844445272232,-0.7425959157530098,13.724218999333946,0.0,3,38.541391790751156,44.709371536312794,0,11,1,0
75,1,1,3.6242451165944956,-0.7819409564686313,16.305839230027143,0.0,3,40.30106568981167,30.40242626616329,0,0,1,0
76,0,0,2.6860712628118444,2.220423253424555,7.97118083965878,1.598923515374645,3,83.02149009475345,75.44171353683659,1,6,1,0
77,0,0,1.8627884364904914,-0.15951781025985068,12.449281825362156,0.0,3,47.29379710743161,53.90374388036156,0,7,1,0
78,1,0,4.195164766903514,-0.09275820726043901,16.788046985910267,0.0,3,45.82836558017656,38.57402913892553,0,2,1,0
79,0,1,2.210768393675194,1.515431752568395,9.52075099843606,0.8830014683754863,3,74.07190453293187,64.90367530936854,1,7,1,0
80,0,0,1.8194189191484207,0.07271010206721741,11.301517152815661,0.168111538406729,3,52.25726366697329,55.412601951458,1,5,1,0
81,0,0,2.9705925387709793,-2.5576434096885756,19.443586426423842,0.10180817304416512,3,10.807227263452535,20.689106144474813,1,5,1,0
82,0,1,1.3539458216474178,-1.3989121775672027,12.11257806224012,0.0,3,29.307077682797164,53.014594597985706,0,9,1,0
83,1,0,1.8518287894221015,0.4891351333267689,8.854331023665006,0.0,3,57.79529724474084,56.17022107118527,0,8,0,0
84,1,0,0.9271150676169756,0.11640749853472847,14.296867498901083,0.0,3,52.57037101149139,41.53827935279142,0,5,1,0
85,0,0,0.9136029178403678,-2.884956742956097,12.00215069425045,0.0,3,7.51402659800053,36.591915265447966,0,11,0,0
86,0,1,3.0828901276569316,1.7138591076143608,4.061030563103656,1.5497611428271003,3,73.05964110010626,79.93918172154255,1,5,0,0
87,1,1,1.8824437961918317,-0.009445026883843586,11.341747642340586,0.0,3,47.77784525248977,56.26358739406981,0,9,1,0
88,0,0,0.8982857996156738,0.8871262573529417,11.126923991272882,0.4754955141577702,3,56.983135411686206,57.4175396333797,1,4,1,0
89,0,0,0.5909177942854367,-1.67523584181656,16.274815476893938,0.0,3,24.812161405519632,36.62258553889522,0,8,1,0
90,1,1,1.7527685830010136,-0.8763999491806546,15.406754554467712,0.0,3,36.735621518399554,40.58006222228453,0,5,1,0
91,1,0,2.237765742143642,-0.7148512467691273,17.50104656401216,0.0,3,39.80391773361831,25.917240033738665,0,4,1,0
92,1,1,1.9531822655844746,-1.3302817970581318,14.264587626777484,0.0,3,29.439457551076586,27.841447296681167,0,1,0,0
93,1,1,1.9979003501788475,1.053621747497887,6.497663511651174,0.0,3,67.24043914287668,68.43379581768669,0,9,0,0
94,0,1,2.136142203640176,-0.13541742938724216,8.421720531682917,0.0,3,49.227499725662774,59.31950216342661,0,3,0,0
95,0,1,1.340288581788145,0.4056634449799863,12.214442913678894,0.0,3,57.6845954284,61.6688636903657,0,4,1,0
96,1,0,5.750124803885635,-0.954296316952231,17.36784482010299,0.0,3,36.543674106549815,27.475989062089084,0,3,1,0
97,0,0,1.5424096439028883,-1.0834979480526066,11.052431203526528,0.0,3,39.824531074475296,60.54068523788093,0,5,1,0
98,0,0,3.6392315392636365,-0.733447087586259,10.76307593033993,0.0,3,39.876115376567896,47.41108051778716,0,5,0,0
99,1,1,1.6329079357463205,-1.0625073500392839,10.844715931761232,0.0,3,34.00150250611315,43.707399091224126,0,7,0,0
100,0,0,1.9171797713107699,-0.2530215044248725,14.317561069698257,0.0,3,37.19333093513515,42.79141764939459,0,0,1,0
101,1,0,1.9645499584808177,0.5930147493399958,15.061227672346995,0.0,3,58.23270693536213,43.761872510074014,0,4,1,0
102,0,0,1.4693446913285226,1.1626043563752513,10.925860760889018,0.4652657414998362,3,67.35844611540809,60.17762037126346,1,8,1,0
103,1,0,2.1458540365308756,1.0739338970031986,10.527288343109861,0.38060210157335234,3,65.36824900434758,46.76490176928156,1,4,0,0
104,1,0,1.6879025336613676,0.3329954618110701,11.390934300613015,0.0,3,49.50232612158388,41.70517082784914,0,4,0,0
105,0,1,0.8772909624689442,-1.8319422491622304,15.715925661197966,0.0005486875333713392,3,22.534771847312694,39.995298087046564,1,4,1,0
106,0,1,1.3527261234195036,1.3509670998040266,7.944855407559743,0.9938775231256662,3,69.9608387000323,73.77137362531799,1,6,1,0
107,0,0,2.029308421920812,-0.4995713958247807,14.657602904695175,0.0,3,42.76730445844964,42.04368438480467,0,3,1,0
108,1,0,3.5023909676786977,-0.019782506307396,15.605355959947094,0.0,3,50.19618270848352,40.42977628420381,0,5,1,0
109,0,0,1.9427591004607074,-0.7200789739261212,12.71788352178001,0.0,3,24.187944698344538,45.587212298481525,0,6,0,0
110,1,1,0.5543071148137446,-0.07898310372715413,12.648508965365842,0.0,3,45.76837314727608,53.873411671910134,0,7,1,0
111,0,1,2.2865715868739698,-0.7680678664823481,10.039285680989472,0.0,3,37.653675900294,64.56262062681289,0,11,1,0
112,1,0,1.3693501942112019,1.1575936566394598,13.226752779137804,0.43224649728394193,3,66.13559488433874,49.270296548499495,1,5,1,0
113,1,1,1.5307021695798404,1.1126585233537793,10.85377473106961,0.9790220449853158,3,65.74800325101926,62.27849997288142,1,7,1,0
114,1,0,1.4149700861977659,-0.4548937092282254,11.3155783946718,0.0,3,42.63912211348282,44.39325620122783,0,8,0,0
115,0,0,2.157891739060446,-0.3381128768231734,13.037640003106695,0.0,3,39.50814986480755,53.772145610856484,0,7,1,0
116,1,0,0.5210018248339239,-0.11340311526260707,14.444581534213889,0.0,3,46.74621755999807,45.720531158300375,0,7,1,0
117,1,0,1.1165119489176591,1.570503306305633,13.845947369964579,1.650392076818596,3,62.16756662946451,46.38187220349874,1,3,1,0
118,0,1,0.7208371195126831,-0.09986841090345763,11.564956151269609,0.0,3,56.610257430403735,55.603296183338934,0,5,1,0
119,0,0,1.685278255453138,1.9415856998835685,8.856782362866726,2.001807370075538,3,78.0680376290623,70.63638287598751,1,4,1,0
120,0,1,1.427021392552742,-0.12130556237411766,10.967320397890195,0.0,3,47.26564875155715,61.24503081961172,0,6,1,0
121,1,0,1.6957499929717135,-0.8992191092218714,17.039814921282453,0.0,3,39.86425838980336,32.1737032581768,0,6,1,0
122,0,0,1.7072991206853383,-0.0687154855621036,13.313185174325245,0.0,3,47.32953563353285,53.89072139613035,0,5,1,0
123,1,0,1.110794504809803,-2.1086107824649734,19.974326821494884,0.0,3,24.639654208719804,16.347711296600167,0,2,1,0
124,0,0,1.995685383505306,-0.26369149043476175,12.034726883650242,0.0,3,44.54862986932788,51.22749379163666,0,7,1,0
125,0,0,1.2184632637407153,1.0627045491842255,8.257423538909018,0.8408370525668211,3,66.23612753122424,61.01057521266378,1,4,0,0
126,0,0,1.3669389430378238,-2.3417807827242663,18.78780512175692,0.0,3,14.842580643545588,27.00580982414229,0,6,1,0
127,1,1,0.9438174895948273,0.7833885631542592,13.102951061705388,1.5246568323995218,3,63.608628856480244,48.23193043181415,1,0,1,0
128,0,1,2.404796915489068,0.19935007650332373,10.588825815100943,0.0,3,56.4259658815995,52.22016942228413,0,4,0,0
129,0,1,4.1119169561088444,0.16181355849881598,6.300724957517817,0.0,3,51.927557813212715,66.50985460932097,0,9,0,1
130,0,0,1.3957559936700585,0.16573094729295362,11.013613160524365,0.0,3,59.73472097524043,56.8447152459606,0,7,1,0
131,0,0,1.7440832051617314,1.468876568208231,7.755323906770824,1.2573567610350314,3,71.74624200416184,77.08484741605851,1,8,1,0
132,1,0,1.6437077201196615,0.09125270885562849,13.36610204168092,0.0,3,54.76285735756126,46.78736650823764,0,9,1,0
133,1,0,2.2368534629214953,1.6103741886262484,11.88871249523077,2.200222651262042,3,71.22809482697606,55.22774759356378,1,6,1,0
134,1,0,0.9627880439649165,-1.4206560025400374,18.957972967174957,0.0,3,29.1670699682614,23.973279530181063,0,5,1,0
135,1,0,1.9453192913874748,0.5915281842207238,9.91320228309696,0.0,3,58.08597534162848,55.680501603542154,0,9,0,0
136,1,0,1.4954171106699203,0.0067654167106170875,11.29272792359237,0.0,3,58.003154931776216,45.96476322697677,0,8,0,0
137,1,0,4.122992353130634,0.7808300013502644,14.854567597417528,0.0,3,62.852181331914885,41.05822535669411,0,5,1,0
138,0,0,1.452757462335218,-0.470966549797449,14.600695396414277,0.0,3,41.46692079795031,40.96353143095225,0,2,1,0
139,1,0,1.3733988537789048,1.0704437867726555,13.328918586493756,1.1531273605699748,3,66.53635214915474,50.55666561686313,1,5,1,0
140,0,0,1.8543862774826423,0.7850413351822797,13.563673744909716,0.16780576401891636,3,62.322482220374106,52.51332109457723,1,3,1,0
141,0,1,0.7445227346208456,0.6207828396293444,9.550610282358623,0.1192062679829693,3,59.10812560899613,70.49960310285415,1,7,1,0
142,1,1,1.398132493604939,1.6037531391908457,7.98233344928889,0.9037224128828281,3,72.55784176213687,68.2613078807213,1,7,0,0
143,0,0,2.874864653564452,-1.8581877329122538,13.471447146236436,0.0,3,20.841467580126654,32.22107010903182,0,6,0,0
144,0,1,1.7289195970628963,0.16683757620682776,6.5299870098670665,0.0,3,51.92661493714248,65.7055148818946,0,6,0,0
145,0,1,6.088613130069189,-1.2621552814328187,10.124031740935441,0.0,3,52.14937875571401,49.65309686299526,0,6,0,0
146,0,0,0.5768495124411948,0.9620476423558912,8.759028398678483,0.5670322030246947,3,64.74145817720972,61.19244944614663,1,8,0,0
147,0,0,1.6463985473912035,1.7504389987447646,5.5373954381531,1.5833255304357234,3,73.35761280225076,70.7409848748015,1,5,0,1
148,0,0,1.2344290015996557,1.3651546823215528,8.042126130783648,0.6206602161502467,3,71.15010224438754,56.89804570879085,1,4,0,0
149,0,0,0.7683260107467577,-0.21215017377970172,13.368367025622018,0.0,3,47.65389189497425,40.86120721797628,0,3,0,0
150,1,0,0.787751549333498,-0.7051752354322645,14.761355055217557,0.0,3,31.528652532160898,44.862457270958195,0,7,1,0
151,1,0,2.951837735231662,-0.27982564133839544,16.62932846954499,0.0,3,40.111002906016196,33.78619515904482,0,3,1,0
152,1,0,3.4317527997433674,-2.031558509184023,19.61519920396619,0.0,3,20.878503281727838,17.952221881607784,0,4,1,0
153,0,0,1.1186104169164255,0.7642712185143317,12.054556268882218,0.0,3,65.04880205456813,55.033274368595166,0,3,1,0
154,0,0,0.5211979794665015,0.12661450207412028,11.544470512095382,0.0,3,50.55674302494931,55.112443691595615,0,5,1,0
155,1,0,1.514311959988113,1.9278483321529214,10.869659581203472,2.0894727873604664,3,80.00660990499141,59.34731706298014,1,5,1,0
156,1,1,0.698773253857396,-0.13556119535700373,13.400557394320716,0.0,3,48.34481381227123,45.177825701905675,0,3,1,0
157,1,0,0.8363460925568725,0.659033672387323,10.546342264497554,0.5128128780508363,3,62.395490122996094,49.43212258135874,1,4,0,0
158,0,0,2.6772954184687876,-1.7508869744486792,16.944288216203873,0.0,3,20.032952531719715,27.882463970916657,0,1,1,0
159,0,1,2.1196624022552863,-1.0065415678374963,10.570558404832772,0.0,3,35.24355844781289,47.38569149375521,0,4,0,0
160,1,0,3.8942807448944126,-0.3427093399034029,16.78063276268272,0.0,2,44.42672348745628,34.77996395292728,0,5,1,0
161,1,1,2.069526657856811,-1.0443283171647544,15.090898148418145,0.0,3,41.09968537406242,38.11805836942589,0,5,1,0
162,1,1,0.8174873100454565,0.3808112715562151,8.92306608230173,0.0,3,62.42264073529047,54.8098420910002,0,6,0,0
163,0,0,1.6114601060880076,2.269071115755556,9.677675986523443,1.8656097966187293,3,84.7403687898831,70.03365103263782,1,3,1,0
164,1,1,2.9528816241524285,-1.096172444760773,15.118035484084613,0.0,3,27.86860613930401,39.584266101560814,0,7,1,0
165,0,0,5.160443209161774,-0.24279518360036204,15.571517114809831,0.0,2,45.72912148780848,44.710453402251645,0,5,1,0
166,1,0,1.20041606720363,-0.2875067413869945,13.81511804477324,0.0,3,74.71810137302322,44.09619261685383,0,9,1,0
167,0,0,5.98548590573147,0.019950730776913922,10.722635927090167,0.0,2,50.743432761538216,60.91131363349419,0,8,1,0
168,0,1,2.1451219949998426,1.3493890205072785,4.1841434503432335,0.8329635518346495,3,69.74613320280716,78.16618271453369,1,6,0,1
169,0,0,1.9656994505351562,-0.990677191390479,14.314868347809925,0.0,3,40.93339489429811,41.99283001813711,0,5,1,0
170,1,0,4.090756269674531,1.9510090690189068,7.170574000748966,1.9748944794612022,3,79.85008632061586,66.78886518112456,1,8,0,0
171,0,1,2.1785010814440806,0.2125207345198786,11.661438035189562,0.0,3,54.83562946351149,57.450529867345004,0,5,1,0
172,1,1,1.4710838694659958,0.1077375920220949,10.956418296803333,0.0,3,51.067874751674594,61.00616404484921,0,10,1,0
173,1,0,2.1142861025745714,0.39406359419130843,16.409476920646565,0.0,3,55.12360227273828,34.83187714637401,0,4,1,0
174,1,1,1.4696131066149172,1.2417031317870562,7.977867111148632,0.19489315206205404,3,69.36652924712,73.73262978924149,1,5,1,0
175,0,0,0.9963754401026688,-0.8874361732162621,15.161235847444901,0.0,3,0.0,40.99146276600645,0,7,1,0
176,1,0,1.8378114869640265,-0.8038740466223353,16.13679308990266,0.0,3,36.856032152127845,34.07202677360686,0,6,1,0
177,1,0,2.417317379820316,-2.5586668434465345,20.99725916808431,0.0,3,11.967202545576324,14.639737341008797,0,5,1,0
178,1,1,1.9250442961232217,1.0538387963200837,12.207643722073858,0.31889728148615165,3,65.62557636229836,58.57733192575847,1,6,1,0
179,1,1,3.409889309081988,0.8755440536951274,8.416715009048756,0.26108972111959855,3,63.61003803757574,61.03099499911402,1,8,0,0
180,1,0,1.855247481406726,1.0905710922411804,12.049468619863227,0.118137971141406,3,66.28876785466962,56.10854589583247,1,7,1,0
181,0,0,2.008940671258033,0.024196909459821333,12.315068405785453,0.0,3,60.682506665912776,52.75070866834234,0,6,1,0
182,1,1,1.5327640320358265,-0.521328995937959,10.248243207910464,0.0,3,42.63385341583004,48.461706535810464,0,3,0,0
183,0,0,1.6926640535443,-0.5640761809841883,13.004206293149263,0.0,3,41.43233331937815,40.179450946801545,0,2,0,0
184,0,0,1.490276535546786,-0.1612888796705511,14.471577186831716,0.0,3,47.98677167152682,49.044391038159205,0,6,1,0
185,0,1,2.9015254356547624,0.7640680100522902,8.02772369201431,0.0,3,54.78802710457005,60.452214225844656,0,2,0,0
186,0,0,1.60197877552659,0.7685056570248845,6.989877034733002,0.42604203512080363,3,61.55164574747674,69.00618216426226,1,9,0,0
187,1,0,1.1984397607095079,0.018374931764845188,9.998519332572217,0.0,3,49.456078457550944,51.64501361640661,0,10,0,0
188,1,1,0.9148882411679314,1.2639870274739444,7.170476154264505,0.9597060617120655,3,68.5406896499303,60.807945125042735,1,4,0,0
189,1,0,1.0621976305836767,-1.270080992648465,14.189410484174136,0.0,3,30.56604998078395,27.1143177411952,0,4,0,0
190,0,0,1.5951194940758084,2.025362345282984,6.846026132321338,2.5419594624790696,3,81.51211300448527,66.34401963324369,1,4,0,0
191,1,1,1.7583870631857565,-1.1858721741109217,13.983376677849616,0.0,3,30.98376533779466,43.70444069828179,0,7,1,0
192,0,0,1.0872682819107957,1.5002713477475926,10.87595984204047,0.6818655984452482,3,41.66858714218865,65.88539511933443,1,6,1,0
193,0,1,1.6409883027186962,0.6123904606503794,5.330484622679394,0.0,3,58.418212925826154,73.62178691451118,0,5,0,1
194,0,0,1.8549596584092105,1.0748315727300977,10.261592930096654,0.9133246795191691,3,66.4186271183055,62.173716174974565,1,7,1,0
195,0,0,3.8535539496575173,-0.5022320314567463,11.009626506897124,0.21799298867350658,3,43.51274984069902,42.79993143035328,1,4,0,0
196,1,0,1.5970906319852038,0.6061987832179146,9.982186040909596,0.329771839028097,3,57.537850942875984,46.39635642197923,1,5,0,0
197,1,0,0.6208980913558141,-2.7143836375849086,19.343905121589643,0.0,3,9.785651767868218,17.742739637281197,0,6,1,0
198,1,0,3.937923128760968,-0.797293081450955,15.461937105329799,0.0,3,34.64101011928574,23.49263831320892,0,1,0,0
199,1,1,1.4159081280980372,-0.5078838275520974,13.393259977555168,0.0,3,47.51003249081622,46.93686355575444,0,7,1,0
200,0,0,1.4467003166950072,-0.19290084441966426,11.412932334185,0.0,3,46.3837162478411,55.64841731951284,0,6,1,0
201,0,0,1.3486017014718623,-0.5875378025871216,10.963082596141495,0.0,3,40.48416419402816,43.917110762570616,0,7,0,0
202,0,0,3.749576639202271,-0.9748411153169512,14.356081627735076,0.0,3,34.209836518795456,42.24620211722485,0,5,1,0
203,0,0,0.4207506254136011,0.4067891171354304,10.902339755489827,0.0,3,56.57379722182224,62.218281350404666,0,10,1,0
204,0,0,2.060900041947117,-2.080119467236989,16.428161916782507,0.0,3,17.915456073772614,33.150502133865665,0,7,1,0
205,1,0,2.013781071295068,-1.5586453587475724,18.237238844824557,0.0,3,27.049129099918524,24.902219177667735,0,5,1,0
206,1,0,1.8102887917973418,0.3684813800606381,11.183784626918158,0.0,3,56.691775967211925,49.478297755504485,0,6,0,0
207,1,0,2.402022350939475,0.5086925714730757,14.72434781642021,0.0,3,57.32630779524991,43.12313773825252,0,9,1,0
208,1,1,1.4923119850250164,0.48620724426625034,13.002217215919703,0.0219650308602497,3,52.34596818489884,54.440745614216254,1,4,1,0
209,1,0,2.170234005772126,2.442875759070472,5.664675080417124,2.9283163276540627,3,90.26419845059728,76.95412770901642,1,9,0,1
210,1,1,1.1405449285700797,-1.11868750533931,11.501694181685162,0.0,3,34.88651029221255,42.73668226652348,0,7,0,0
211,1,0,2.0937658635327194,0.3795700808561102,11.005884492956143,0.0,3,56.42650543907259,45.93107023391004,0,6,0,0
212,0,0,1.1509737231039474,0.7436656934346435,9.14492324067336,0.0,3,58.21321646637554,57.50852621251697,0,5,0,0
213,1,0,1.4746461725845927,0.9324464370960689,10.74753176961681,0.5319751287166418,3,63.85270782156961,46.022967012608,1,3,0,0
214,0,1,1.057949287788139,-0.2949428469638112,10.839664282053409,0.0,3,46.260489365775975,52.61116415172166,0,4,0,0
215,1,0,3.9665153532131767,0.39728934292024815,14.175463670145927,0.15321263279111585,3,52.719682891671916,41.50483359434734,1,5,1,0
216,1,0,1.4088476986634153,0.22647712839715056,10.446689463008662,0.0,3,50.563745195256836,47.39358293693856,0,6,0,0
217,1,1,2.3974671591162453,0.8294675014369339,11.526077989127382,0.4312496431265087,3,61.58611098547983,57.141810687727656,1,7,1,0
218,1,1,1.5181837487674108,0.07685066131248842,13.242029704357169,0.0,3,21.395606386750867,48.63680022590861,0,5,1,0
219,1,0,2.090407092052827,0.42167505277019424,15.026419038880999,0.0,3,56.85871722680251,42.30047930087592,0,5,1,0
220,0,0,4.764609261950767,-3.0215231694415055,20.88680431005767,0.0,3,5.623672300150481,19.522027815058507,0,5,1,0
221,1,0,1.9125134734645786,0.21221475667422668,14.336253706370206,0.0,3,53.34853562211622,43.427921836553246,0,6,1,0
222,1,0,1.5990720724348408,1.109198423673061,10.22996621503599,0.24276409949062128,3,67.90555762068679,66.21758937741464,1,8,1,0
223,1,1,0.6546905567834053,-1.1247551051022622,16.09027117642113,0.0,3,34.21079793025749,36.43686015667544,0,4,1,0
224,1,1,0.9215624469033827,1.7171596996848832,9.281007474872789,1.7911858680893236,3,77.18581883015393,67.31546953411923,1,5,1,0
225,0,0,1.2804130508260914,0.9564169787285396,11.928414576660842,0.649755721586734,3,64.39137975871655,56.101116057126696,1,3,1,0
226,0,0,2.055897938726028,0.3622284288141134,10.451443987323238,0.23830448991421138,3,52.096724589645696,59.59108902428107,1,9,1,0
227,0,0,3.0886288967615463,0.40775578564811094,11.571305479100431,0.44225997860846433,3,56.32632800850421,55.30769384312618,1,6,1,0
228,1,0,2.817036988989812,-1.8024546839748412,19.46978265454246,0.0,3,24.413742602260246,15.12732195294247,0,5,1,0
229,1,0,2.0541189983565316,0.8949492682050192,11.56380644939614,0.1066689845440211,3,67.85562909953879,42.61337307408768,1,2,0,0
230,1,0,0.7202034537038755,-0.32440644968857807,15.895569233767,0.0,3,32.873051368992606,42.707529776329245,0,7,1,0
231,0,0,1.9634701636865526,0.08158748230681635,13.653890157521177,0.0,3,56.14279437515533,44.18201787226975,0,3,1,0
232,1,0,2.2060175555286534,2.3444953249962595,10.297188851279067,2.592966701717324,3,84.79479439371651,61.466799264236386,1,4,1,0
233,0,0,1.3987527564874525,-0.7684057093617116,16.53322883111518,0.0,3,38.151739989333706,38.56345414174519,0,3,1,0
234,1,0,1.5109344812630545,-0.8168105024105683,17.089818838663987,0.0,3,38.106268829586845,28.647820229579388,0,4,1,0
235,1,1,2.250298604265864,0.09101796260176734,13.394342043973495,0.0,3,54.53555015513401,49.592909000476006,0,4,1,0
236,1,1,3.156325914490801,-0.5527627439560515,14.540895823475058,0.0,3,43.36846741239174,47.83186004266325,0,7,1,0
237,0,0,1.50274440079174,-0.8591570088236345,15.45098396295377,0.0,3,37.80514810684876,41.66924763883165,0,2,1,0
238,0,1,2.7776289663666005,-0.9647911849219123,12.854094286075346,0.0,3,35.05601567314515,48.344719614382576,0,4,1,0
239,1,0,0.7887300540607708,-0.1218992221413839,14.439620611499237,0.0,3,47.80239523794589,42.91464767324395,0,6,1,0
240,1,0,1.195848777779116,-0.5851180986056244,15.718397077865642,0.0,3,42.01813459070136,35.70192976314091,0,6,1,0
241,0,0,1.3153094065474018,-0.577012277133792,13.429051103678198,0.0,3,42.77899944812556,46.327182014272736,0,5,1,0
242,1,0,1.4892389676667817,1.2914804423505204,12.541564597202827,1.3318626846801915,3,69.70012358929921,50.1712831127255,1,5,1,0
243,0,0,3.516010802870069,1.0327988631008418,12.516921102372782,1.2449272458209681,3,65.22645997007943,60.66971578448445,1,4,1,0
244,1,1,2.6097951953270795,-0.5898513959537259,11.322242302188625,0.0,3,36.21371032997052,41.87900825892248,0,3,0,0
245,1,0,1.1610783520373638,0.016820851149876626,14.339194713943169,0.0,3,49.25803445297435,42.89430104707299,0,5,1,0
246,0,0,1.5991117913123154,-0.42188045960075493,12.91219928969899,0.0,3,43.5506592334523,49.5740863007868,0,7,1,0
247,1,0,1.6404821018650315,-1.098981938197481,15.242542149569577,0.0,3,33.67585896793886,27.774683843195113,0,3,0,0
248,1,0,1.5870005733453079,0.4228388082884105,13.971076040524197,0.0,3,55.315547000074375,44.393014476538184,0,5,1,0
249,1,1,1.7854911295238363,-0.22650491507973697,11.790393706858024,0.0,3,46.529687832035705,44.870968601746114,0,3,0,0
250,1,1,1.7565857292001892,-1.3053783597170203,14.579041407675389,0.0,3,35.30237920497591,30.57619757915892,0,3,0,0
251,0,1,2.681778458437794,2.808468092990132,5.054781823279131,3.1023851147069457,3,0.0,89.36501245752969,1,6,1,1
252,0,0,1.4658803715814226,-0.60761448318469,14.540409356474777,0.0,3,41.338438822940205,40.26700636811076,0,3,1,0
253,1,1,2.0639521551113345,0.3343219909570771,13.494125279380015,0.0,3,55.701432431144035,56.011743662905076,0,6,1,0
254,1,0,2.3364548925104907,-1.613303393410661,15.810957239361317,0.0,3,20.99582583291329,32.051147104658604,0,7,1,0
255,1,1,1.0605496532662295,0.6311276049061947,8.835032297189993,0.5759999988851983,2,59.5513487804191,58.34193621465655,1,6,0,0
256,1,0,2.0443551775050035,0.5626178760244062,12.55727161918494,0.0,3,60.52767216754976,50.771605752531535,0,7,1,0
257,1,0,2.3214109755000414,0.6289001330892932,12.657892564478775,0.0,3,41.02051594280578,49.15289181126255,0,6,1,0
258,0,1,2.1053634244057773,-0.10845118407365568,8.973784414016981,0.0,3,49.1446703745306,54.5201416182339,0,3,0,0
259,0,0,2.404641612154867,0.08157857888339907,13.02770609439841,0.0,3,51.940741677437124,50.58575714465582,0,4,1,0
260,1,0,0.8634459906074978,0.6717469418306027,13.179339188798398,0.0,3,59.947903967328784,50.497450005513926,0,8,1,0
261,1,1,3.09985707180285,-0.6917209646772733,13.239716315028986,0.0,3,45.86328826323598,36.577462981270756,0,2,0,0
262,0,1,0.9198845078291135,-0.4751292186554017,12.180235018566506,0.0,3,43.04430252583727,56.676541610634736,0,5,1,0
263,1,0,1.191014536191561,-0.8559180164383222,14.823248983882102,0.0,3,35.349617939477604,26.151000741956704,0,4,0,0
264,0,0,1.5374765946991422,-0.8234908592778956,11.307520434036634,0.0,3,36.58875841008543,42.90457977646619,0,7,0,0
265,0,0,1.0897862056847367,-1.4503635789791933,15.295897286843584,0.0,3,30.915803413349895,37.97797655198956,0,6,1,0
266,0,0,1.7736293414647244,-1.1033231120927625,14.767483960459089,0.0,3,32.753585628042806,46.189378480369875,0,8,1,0
267,0,0,3.422491853236218,1.3362110914673668,7.505379416814941,1.2404616354370248,3,84.0703245014835,75.65334377962932,1,7,1,0
268,0,0,2.3646320856922785,1.2903261336770617,11.719924257913807,0.7144868426780004,3,70.93223655888943,57.02482896214675,1,3,1,0
269,1,0,0.7915015814122431,0.15192111070896777,12.212203666155062,0.0,3,52.18963464707347,40.13149814133767,0,4,0,0
270,0,0,1.5277792506433734,0.292935342354187,13.001045374482903,0.0,3,54.767901546039546,46.71490724454625,0,2,1,0
271,0,0,2.195158008138987,0.7278879336429748,11.4606131838268,0.0337518101704285,3,64.89922164207582,62.696364893306495,1,7,1,0
272,1,1,2.199297117137784,0.3170942438896084,12.827388153798173,0.0,3,54.96901287340453,49.7783125652551,0,5,1,0
273,0,0,4.239756399665312,1.209196776741722,8.497551090585448,0.4379834642049492,3,46.91460066133341,61.39832330322042,1,2,0,0
274,1,0,1.1456736541907964,0.33724167572828323,11.430186684131785,0.17323425898595868,3,43.20816124179151,45.43284270326758,1,6,0,0
275,0,0,2.6528405642320334,1.3278553201478371,9.962500162925355,1.628605660295005,3,69.70301491648993,64.2414172529769,1,7,1,0
276,0,0,3.130604324165551,-0.2682435743121434,12.652497859460794,0.0,3,45.37386759612216,50.196377001157245,0,6,1,0
277,1,1,1.5441171124917639,0.24801958086968579,9.454175706135185,0.0,3,57.24032483234634,52.70014421012702,0,7,0,0
278,0,0,1.6114720534149163,-1.1417041122062972,15.470332886479719,0.0,3,32.47988079595523,37.88944184790907,0,6,1,0
279,1,1,2.0086426576457486,0.7397313751497888,12.046232705809436,0.0,3,59.536420638057216,53.08081835990129,0,3,1,0
280,0,1,0.9119513288916054,0.05183227337427024,8.414136144941361,0.0,3,54.604704012094764,56.1455934862809,0,3,0,0
281,1,1,2.110440220694182,0.4764908033809881,8.36152475388271,0.0,3,57.04941303989262,60.352924211058685,0,7,0,0
282,1,1,1.067596680939681,-0.5360062241327478,15.85435882254261,0.0,3,47.97373152323763,42.27621357253261,0,4,1,0
283,0,0,1.774501210925215,0.3181368160736482,13.222913942776424,0.0,3,52.89013899649115,51.56470433764639,0,4,1,0
284,1,0,1.5954078873548228,1.8639292636248561,11.408407238315545,1.4669583577748078,3,79.47165036049618,63.5293902262371,1,5,1,0
285,1,1,0.6111266356297397,0.09527834416617452,13.621030211974052,0.0,3,52.71222206722501,52.73988066644746,0,5,1,0
286,1,0,1.613302293879513,-0.08304811441212173,13.776167204676671,0.0,3,47.70293411395162,38.329728872457885,0,4,0,0
287,1,0,2.768793293965162,0.39697834845629987,11.164745706371232,0.18037616230237163,3,64.08955168902772,42.55401314401563,1,3,0,0
288,0,1,1.7734311435391534,1.307622070063112,8.590296586762944,0.0860645618184035,3,69.62732246640105,72.05462036954118,1,6,1,0
289,1,0,2.239988590060712,0.20966254933881948,13.237562095853148,0.0,3,52.4118399547699,46.93336646688046,0,6,1,0
290,1,0,0.5489668434139257,-0.6381316802038769,16.383283429495332,0.0,3,19.896266160912933,35.77237986434051,0,7,1,0
291,1,0,1.3622759761586338,0.815850180927086,14.189588970474519,0.2654571183842049,3,62.18400820407114,42.86351108633507,1,1,1,0
292,0,0,0.8737555082025756,0.8182765889295331,10.573902294151072,0.6050804496947562,3,62.75480968098236,64.10606233740268,1,7,1,0
293,0,0,2.015038264676215,0.436619961990462,12.625116632110963,0.0,3,57.43317616094187,53.789524918749066,0,6,1,0
294,0,1,1.4976340623760844,0.3582705745107038,7.906451391085726,0.0,3,55.37405009018052,62.68161811303898,0,3,0,0
295,0,1,1.4598903700299433,-1.3436737839326418,14.094290256245065,0.0,3,31.75658242418986,45.91809826629495,0,4,1,0
296,0,0,1.3577294646359301,-1.082545571488412,14.867429310566711,0.0,3,32.145520426578955,41.94972960637572,0,5,1,0
297,0,1,3.7305035504575716,0.29941884396553137,10.356672045487892,0.0,3,100.0,65.34477038400729,0,6,1,0
298,0,0,1.5738513498414548,-1.2409262650839867,14.364709852090915,0.0,3,31.023179899114457,44.91068637762625,0,7,1,0
299,1,0,1.0974473286063446,1.6378172881522268,12.063231552547688,1.5237281805935434,3,71.77307872134926,53.055266485280406,1,2,1,0
300,1,0,3.6779105649041934,1.673460712396183,14.976245797126396,1.57027101584367,3,74.65515727309696,50.680923193801156,1,1,1,0
301,0,0,1.6391798505350348,-0.6151161520212364,13.12043214377107,0.0,3,40.53354760154347,48.151488747016074,0,3,1,0
302,0,0,3.3235600441923085,0.8855011051339254,12.859847141685442,1.5346796744532205,2,74.4856770472365,49.00792564163017,1,2,1,0
303,1,0,2.5019675932843515,1.1354569788322724,14.421185961050462,0.5861956289773035,3,66.79574284012278,44.496321985765,1,1,1,0
304,1,0,1.5798626200781014,0.910467799611314,14.153861095785738,0.1906873391383027,3,64.70288483003569,47.20285665728609,1,5,1,0
305,0,0,1.2821442392076308,0.29856866037361585,13.02773506081696,0.0,3,49.0485372894822,44.29222166114317,0,4,0,0
306,1,0,0.6839611521057526,-0.3890226377294309,16.281764020613206,0.0,3,43.90335090069747,34.96455823233195,0,3,1,0
307,1,1,1.6241738476197465,0.31003688862219153,13.778840504783592,0.0,3,44.31105279597527,43.85486061678291,0,4,1,0
308,0,0,1.4505620868062252,0.692048813906778,9.064185598476476,0.0,3,60.78128608625631,53.4368141642978,0,3,0,0
309,0,0,3.06007760999851,0.672965894129174,14.173863497690494,0.22334389637045127,3,61.67419374551907,57.345327759150535,1,5,1,0
310,1,0,0.9580153869336319,0.4357567272252767,16.525544963431877,0.0,3,55.656970675174165,32.64570004468925,0,2,1,0
311,0,0,3.408362316928272,-0.1646205159115815,11.950436403136644,0.0,3,48.3016011398542,51.988977794390955,0,4,1,0
312,0,0,2.633196318966631,0.28495646653545376,13.591039723841538,0.0,3,57.84550818659236,51.18083434240876,0,3,1,0
313,0,1,1.9158951119035046,-0.06172411802341977,12.032098124308007,0.0,3,47.345107092071835,53.36015063753261,0,3,1,0
314,1,0,1.0801728225199072,-0.39836033930316284,19.186906471742695,0.0,3,44.741572301017655,37.884880866560486,0,6,1,0
315,0,1,0.5349010713049649,0.630074103471389,9.782022284582002,0.8348252419077548,2,60.09214393197338,54.99808763806386,1,1,0,0
316,1,1,1.8269121053622244,-0.02956154157500005,12.299838213414018,0.0,3,47.56163296760321,56.18208456717125,0,8,1,0
317,0,0,0.7985048158021382,0.4221037202753778,9.454705476481102,0.0,3,57.42505822980786,48.909754526057064,0,4,0,0
318,1,1,1.1405136803541476,0.9781749991781238,11.481932032839278,0.3200646877042055,3,81.58813558946898,55.37128838388985,1,3,1,0
319,0,0,3.7045976238315648,1.2795092045056229,8.864158048832826,1.3701529295088148,3,76.55194940347258,72.17741341571129,1,7,1,0
320,0,0,1.0555836321419447,-0.20846512134608228,10.968510590691915,0.0,3,51.833597393074186,50.08062694419316,0,6,0,0
321,1,0,1.153288176084619,-0.9240037921315291,18.14720296415949,0.0,3,36.44435822331651,24.423219630973033,0,2,1,0
322,1,1,1.772852194582125,2.413371695715425,5.837999571489581,2.5195791454508853,3,86.35155465867544,71.94419135084297,1,4,0,0
323,1,0,1.4844188559078093,0.803244474726797,13.019154128381444,0.18735039583184532,3,61.97924732573849,50.783218419536986,1,4,1,0
324,1,0,0.9976746449224552,-0.35133099609571894,15.191084825091222,0.0,3,47.704925324129306,36.56715813860352,0,5,1,0
325,1,0,3.299083796484235,1.1008130737472586,14.235813619964626,1.0278098565016465,3,70.7965151933539,46.19197877115189,1,5,1,0
326,0,0,0.8758397542297188,-1.1371428927623846,13.470300474621546,0.0,3,31.54368810512642,42.87870005315425,0,6,0,0
327,0,0,2.3516239519562037,-0.0645733457123757,13.941861671699746,0.0,3,49.97291590596003,47.662034140275324,0,4,1,0
328,0,0,1.2985502757080045,1.1943889411627544,11.65305426041665,0.9921836621459702,3,68.4813962022286,59.46181409565418,1,3,1,0
329,0,0,3.0138261007972758,-0.7517985485372513,13.973988057936493,0.0,3,33.95567679650487,41.86073200762422,0,6,1,0
330,1,0,2.5684678346913437,-0.35146559064817345,14.263201545494605,0.0,3,55.79697729754342,42.180294452689125,0,3,1,0
331,1,0,3.2771782972290286,-0.48999154852288945,16.82748846589223,0.0,3,42.04767366346136,30.946595092747376,0,3,1,0
332,1,1,1.8011565264420564,0.7569694277916498,8.477567354486993,0.0,3,61.70706318796934,56.79791439743925,0,4,0,0
333,1,0,2.241146374651481,0.850888447319561,12.990467484832006,0.10531785123037404,3,64.3244265022099,48.31986637289056,1,4,1,0
334,1,0,0.9373802443557404,-0.8178069702228438,17.3450496748533,0.0,3,37.87485358256346,27.917261688465192,0,3,1,0
335,1,1,1.7062828050242678,0.5799344772481402,10.794468054332484,0.5599513271122035,3,60.18824884756053,61.29896289305283,1,6,1,0
336,1,0,0.8708288322030556,0.48746915724856715,15.086267831504042,0.0,3,56.339432191778755,44.9580616394989,0,5,1,0
337,0,1,2.7767626268970926,-1.633433335522233,11.01720474076809,0.0,2,23.740254912879152,47.71051144269093,0,5,0,0
338,0,1,2.479880348201133,0.7574724283376184,9.579896195094701,0.3921973685311788,3,61.900866355417136,63.17675622970629,1,7,1,0
339,1,0,1.2464334277146691,0.8164269296933899,11.374051704863634,0.45652868986823836,3,63.2250835842898,45.255497382912196,1,4,0,0
340,1,1,2.1431780977345247,-0.3406513382555668,13.476879178353926,0.0,3,46.4776620050386,37.18368495622728,0,1,0,0
341,1,1,1.9443440107564813,0.01771258540659288,14.170753952138178,0.0,3,54.43257669437256,54.195159220716846,0,6,1,0
342,1,0,0.8965565969394288,-0.885934398158139,15.64235822822949,0.0,3,36.00220861698563,24.336749139674325,0,4,0,0
343,0,0,3.4172194598234227,-0.9756232598550877,15.503343320791496,0.0,3,35.62141848666611,38.54085011792323,0,3,1,0
344,0,1,2.0933946710521867,-1.4376404884956229,10.310406245108968,0.0,3,26.46386289908363,45.880235109633524,0,5,0,0
345,1,1,0.5435402986533487,-1.3336924972323758,12.833471215390562,0.0,3,29.863721652003015,36.3129426563852,0,5,0,0
346,1,0,1.4573430989167875,-0.9599611375840348,11.038156113126453,0.0,3,35.71168637717748,43.576891110567956,0,9,0,0
347,0,1,3.063378136994669,0.2362113111102312,10.861510913334861,0.0,3,26.75856911070484,64.68795115375441,0,6,1,0
348,0,1,1.2661253422742147,0.6244374363375287,12.365143372632478,0.0,3,49.78856060549531,53.288456758381166,0,4,0,0
349,1,0,2.685794423653062,-0.6925397515963397,17.214804358718887,0.0,3,40.41614774946767,27.897169004319768,0,4,1,0
350,1,0,4.431494388519825,-0.9208775922027184,17.67930480212418,0.0,3,32.18572229612515,18.183466851843747,0,2,0,0
351,1,0,2.1796976403368866,1.0590550723952086,12.856844791237041,0.5952933703475523,3,65.45565589180998,54.420095177907754,1,8,1,0
352,1,1,3.781280560192876,1.206558229961272,9.54391556830683,1.119029632216062,3,68.06719378996415,65.58978174831287,1,5,1,0
353,0,1,2.607944203244119,0.4992206234570192,10.56750494813633,0.0,3,56.90962897652588,67.06344508344777,0,5,1,0
354,0,0,1.3381214676384858,1.232675501368706,7.298910993550082,1.7434450448575018,3,69.44155392858276,62.45541110208939,1,4,0,0
355,0,0,2.7769157289934943,-2.149329608505695,16.46471420299427,0.0,3,23.382849079072727,31.397920984111472,0,7,1,0
356,0,0,1.7125903859839895,1.1183754618839206,11.640655716783549,0.8213025961193016,3,59.1573275212517,56.64792403640268,1,3,1,0
357,0,0,1.1584298611925585,0.5666474999326605,13.509258637439547,0.0,3,60.12622947721774,48.83572043264549,0,4,1,0
358,0,0,2.708911830351614,-1.2361935894480207,13.116335468327831,0.0,3,30.09294434241612,50.702528283301504,0,11,1,0
359,1,1,1.6075514082869318,-0.5310059675510629,14.406428061475102,0.0,3,42.91289452436747,42.725265092575334,0,4,1,0
360,0,1,1.3324670863146615,-1.1591748081981974,11.815587600752835,0.0,3,31.693897693810527,45.321252079052556,0,3,0,0
361,1,0,2.149679477187114,1.5290911889100312,10.50337266215424,0.462963290902623,3,73.08668875423741,49.73663658548125,1,4,0,0
362,1,1,2.8041435824233396,-0.5197615196103682,10.1076253406864,0.17921358232776408,3,42.42387584225077,47.98468952504959,1,7,0,0
363,0,1,2.1052499486576477,-0.9498514014094522,8.850584286908507,0.0,3,36.39187036917829,55.81150735622262,0,7,0,0
364,0,0,2.7351482451093796,-1.3861451633896165,12.42489013366691,0.0,3,26.024406905024442,39.15319817048325,0,6,0,0
365,1,0,1.6532082256942215,1.441287043637581,9.216669375925024,1.960511362826745,3,71.22614818680624,56.73781275309696,1,6,0,0
366,1,0,1.7234534139923945,-2.3356734535820527,17.20021114202695,0.0,3,13.696156964243121,12.071621213720533,0,4,0,0
367,0,0,3.119552331173594,-2.741578136314074,16.832467011366404,0.0,3,9.161310018379467,39.73577216995214,0,10,1,0
368,0,0,0.8813161325421819,-0.5647343097108181,10.39229557713126,0.0,3,41.32828186257774,48.4266944487467,0,7,0,0
369,1,1,0.4805689906343398,-0.6100939208163159,9.547605682182029,0.0,3,41.033472816352976,50.59770188326289,0,9,0,0
370,1,0,0.8500988597193984,1.3261759450322501,13.173300768502639,1.3461637972177543,3,70.66425669420194,48.21724153332179,1,3,1,0
371,0,0,1.056414066123536,-0.2930036837901161,13.773514976300296,0.0,3,44.3134030549282,44.14033712461739,0,6,1,0
372,1,0,3.437961231709928,-0.6635498112163952,12.072102183724153,0.0,3,40.44073939492156,42.015340545223225,0,6,0,0
373,0,1,1.092125210022045,-0.14699633412397298,11.824861383087022,0.0,3,48.595785595256174,57.53625754093597,0,3,1,0
374,1,0,2.5862621300731155,1.741468479774087,10.444923627563801,2.2377787794205917,3,73.42242405661774,46.52247172474544,1,2,0,0
375,1,0,0.9909490353362079,0.40396585603968904,9.854607157113309,0.6454222116423999,3,67.32971044656439,49.665265958463046,1,6,0,0
376,0,0,1.1594107376472624,1.640006767539512,9.801496783433189,2.8493754193049545,3,76.00575155482625,71.07785099261497,1,8,1,0
377,1,1,1.2577836898406543,-0.46299872692020566,12.038686606910822,0.0,3,37.3340917542635,47.597418142954325,0,5,0,0
378,1,0,1.7563280781620358,1.6427134154203156,12.940560440042052,2.012518957480808,3,73.95620575217274,52.201003548297855,1,3,1,0
379,0,0,0.8156582297856946,0.3814260508456789,11.569687271346504,0.028318182533435987,3,52.035995139440786,60.947628749220044,1,7,1,0
380,1,1,2.9670906564304054,-1.4929271090608418,15.079418514800173,0.0,3,34.97460857227301,26.080557159035514,0,5,0,0
381,0,0,2.5844390371046884,0.3401234589458767,9.298751809424104,0.21019082522914112,3,55.097138311632115,55.485789758158376,1,5,0,0
382,0,1,1.5612587571014556,-0.19704813747623678,12.09696243466907,0.0,3,46.13573161915587,54.97738895044894,0,6,1,0
383,0,1,0.9706623397822326,-0.449851812934145,10.727194450224767,0.0,3,44.86102761535203,49.91137881437521,0,2,0,0
384,0,0,3.38976620188033,-0.018039091330888143,12.935954045829122,0.0,3,52.06602662893522,56.10104641363655,0,7,1,0
385,1,0,2.239263764125736,0.49608525977816936,9.187835419784063,0.36472814874423887,3,0.0,56.12541954724767,1,11,0,0
386,1,0,0.7817154075197038,-0.08534889078217696,12.664593004942317,0.0,3,51.8504336807922,37.09894209556656,0,6,0,0
387,1,1,0.7058976755191596,0.7537241122013664,10.915574938837512,0.0,3,61.914882144828184,61.75978034612575,0,9,1,0
388,0,0,1.973263667384459,-2.6538152146142724,19.24291012282257,0.0,3,9.563733919552067,23.833574462991287,0,5,1,0
389,0,1,2.0188533380755667,0.6445195237888478,9.538939775795534,0.0,3,59.12689466153224,68.36354212477625,0,5,1,0
390,1,0,0.9558886035809666,-0.15220601559828698,11.916663886976805,0.0,3,53.45946197397349,40.432724003208165,0,6,0,0
391,0,0,3.233562391399164,-0.3171543654179038,8.830728596013442,0.0,3,41.9574201246182,57.51930657225951,0,7,0,0
392,0,0,0.9716399538888735,-0.6142450253983246,14.144784902645103,0.0,2,41.552570111321735,46.04234812325226,0,8,1,0
393,0,0,1.0239232386678425,-0.7420896615821021,9.162671732497172,0.046067690509763226,3,39.537379733125356,53.69595984923305,1,7,0,0
394,1,0,2.6454027898480783,-1.260184734832816,13.7636666633523,0.0,3,29.058579207738223,33.238722752797216,0,7,0,0
395,0,0,1.8196217642987844,0.4389763024121433,11.781667147267665,0.0,3,54.58042926942139,56.455344323180384,0,6,1,0
396,1,0,4.288792485279406,-0.3392818695184342,14.253008149560621,0.0,3,22.04582553739183,42.03279027865833,0,7,1,0
397,1,0,2.25216309081999,-0.20356378437169953,14.802093140893026,0.0,3,11.109150878931189,44.13379569203276,0,4,1,0
398,1,0,3.172447825376433,0.35104634130890955,15.879657873655939,0.0,3,53.886542231729784,37.44820008164948,0,2,1,0
399,1,0,1.2058178127784163,1.9245509271380858,11.63339751222624,2.0630016566808926,3,77.36808203623075,60.90926175952925,1,6,1,0
400,0,1,3.6096621920502474,-0.5721363097266725,13.351077955704634,0.0,3,40.59742089554591,46.28995029608519,0,3,1,0
401,0,0,1.2603287371938499,0.2761251585258411,13.557468425415832,0.0,3,53.50763322764289,45.53957155666629,0,2,1,0
402,0,1,2.170278169315478,1.226165369151624,5.421581280461299,0.1355271964613829,3,68.6355650396317,74.4310840721428,1,5,0,0
403,1,1,1.765978076268534,-0.35386857954101597,7.468057904561297,0.0,3,43.90598598280008,64.03567058785276,0,10,0,0
404,0,0,1.8623019564569925,-2.061625334076199,15.921683739575816,0.0,3,20.373926683916604,42.39852098902823,0,9,1,0
405,1,0,1.4360588133881298,0.7578694157977214,11.591601161067354,0.1443220662279595,3,59.485386294122925,41.488046888670176,1,3,0,0
406,1,0,1.499881584225829,1.4402551392291616,11.270473300809613,1.1884510889067859,3,70.45731816853714,60.95917514992322,1,6,1,0
407,1,1,2.173174703125059,-0.5953188579736008,13.735540215063804,0.0,3,49.55057158028126,43.77905346367878,0,4,1,0
408,1,0,1.282559557250777,1.3286791662262487,11.289420296170006,0.06094239152970582,3,70.22512135065037,54.06772310626585,1,4,1,0
409,0,0,2.0879769220273867,0.37368409809310693,14.954625183322348,0.0,3,55.959660864044395,49.36331561743398,0,4,1,0
410,0,0,1.7771644650557,-0.0807081096396122,12.514738442237702,0.0,3,75.6329720675116,40.134662926186174,0,1,0,0
411,1,0,1.382839882939261,0.8058096359609404,10.860232283823201,0.3508348806894247,3,64.36267483645022,44.898933710868434,1,3,0,0
412,0,0,1.5652663404413485,1.263860708626539,10.04225930667421,1.4101137762024663,3,67.3325224319698,62.41155776973373,1,6,1,0
413,0,1,2.1310439817178275,0.731591315415503,6.3392344902874616,0.0,3,61.710769543315386,67.70373988450592,0,6,0,1
414,1,1,0.6772027312193729,-0.15792531752280942,9.808829333854504,0.1613892771123282,3,47.440208149768814,48.5749185581822,1,4,0,0
415,1,0,0.7914450099144128,-0.08653560585124179,13.19775013465927,0.0,3,48.78299865902829,44.761641630818524,0,8,1,0
416,0,1,1.388976315883433,-1.123303728017578,15.470052462530065,0.0,3,37.897341220200076,39.97755792706672,0,0,1,0
417,1,0,3.80216482991168,2.4138192705250177,9.205967964868147,2.3538503773496147,3,84.29779105531564,55.25351848703346,1,2,0,0
418,0,1,1.627767206023704,0.3677449698956091,12.033604712897949,0.21167975870197187,3,55.833537814579984,58.255864120347546,1,5,1,0
419,0,0,1.0416300110714036,-0.8229782746980646,14.062532802547619,0.0,3,36.556480698602286,32.276503279689024,0,0,0,0
420,1,0,1.33568729965901,1.1406338382756265,12.75568212108758,0.2751085250874924,3,63.806329974922704,48.40600625019902,1,3,1,0
421,1,0,3.166553369029592,-0.2795804657338969,15.081227246261165,0.0,3,81.33188120923035,33.75380361195838,0,2,0,0
422,1,1,0.9296242010816385,-0.6822497747162676,10.872438090818632,0.0,3,44.81807743409641,46.50331251846657,0,7,0,0
423,0,0,5.633247464364868,-0.07242430619659493,9.836263862123227,0.0,3,48.65406868901449,54.25625989291182,0,9,0,0
424,0,0,1.430263184898004,-1.1361739897965002,14.316373625321503,0.0,3,33.26906469500294,41.20767162164227,0,4,1,0
425,0,1,1.143258035048906,-0.028848375002619973,11.922969655421127,0.0,3,0.0,57.70756525989714,0,6,1,0
426,0,1,1.3981525258632692,-0.26311611002685253,7.2050216566486505,0.0,3,53.61549459270761,61.30570952891593,0,7,0,0
427,1,0,1.070599410934963,-0.43159592756874166,20.01176975007025,0.0,3,0.0,16.941261264865204,0,0,1,0
428,0,0,3.06754043475628,-0.14789492183669792,13.08268715711831,0.0,3,48.70228113278848,48.04998735118972,0,6,1,0
429,0,1,2.8457405689540116,0.43642587020004214,6.4065445173066795,0.026885391953404947,3,58.374859715021344,67.57418775563532,1,3,0,1
430,1,0,1.090589262673821,0.8781153273527061,14.868968336424823,0.0,3,60.29985302315775,40.465371252114316,0,4,1,0
431,0,1,1.3829795117458392,-1.4122798271149133,10.566665985787093,0.0,3,28.16093050437992,46.48942844299648,0,5,0,0
432,0,0,1.5129959008856655,-0.3855017741695341,13.041491916172536,0.0,3,43.25511757594191,47.896792157060844,0,5,1,0
433,1,1,3.367995645821495,1.0249897792369773,11.418900889357213,0.0,3,65.26889913701308,60.49448560921054,0,4,0,0
434,0,1,1.9946227340119729,-0.8073247410711826,16.10276000505174,0.0,3,36.98431799922499,43.81737712936922,0,5,1,0
435,1,1,4.713047620038128,1.1657467244001316,7.290011951841093,2.650203673491523,2,67.76673985258638,61.855970125087545,1,5,0,0
436,0,0,1.2450650492077806,-0.645018361746453,15.731277432557802,0.0,3,41.25802009039951,39.38344309310805,0,2,1,0
437,1,0,2.4129361719327487,0.6859787549669508,15.17909829919283,0.6492998605427986,3,55.38809598010492,39.12134525632564,1,3,1,0
438,1,0,1.8866480647480182,0.40590098866667057,14.557716473945778,0.0,3,48.42252714732716,52.04312065355119,0,8,1,0
439,1,0,1.5684286422505989,-0.4696814213886398,19.18096221408432,0.0,3,43.33308889299955,20.64784005904612,0,3,1,0
440,0,1,1.2993826730713378,-0.8485819779644139,12.552248409678727,0.0,3,36.44016533523605,45.210428002468596,0,4,0,0
441,1,0,1.118639869222596,-0.22684191490056327,15.759132428345744,0.0,3,47.14987823510342,39.69792991470715,0,7,1,0
442,1,1,1.5066157070420658,0.5047280602170199,10.548881053730687,0.0,3,76.02327563984313,50.97454646367459,0,3,0,0
443,1,0,3.8033716296193,1.0652178929455212,13.484898739622096,0.751675882356291,3,64.44462495904524,51.18241495944571,1,5,1,0
444,1,0,3.5842914520155547,-0.14614152578959105,14.013930382871386,0.0,3,41.597394145042344,48.766529636092145,0,9,1,0
445,1,0,3.75091448394981,-1.9222156808072766,17.81007249652284,0.0,3,21.85904351859797,25.20412326087903,0,8,1,0
446,0,1,1.0206620565342004,1.2654730513111268,7.485434004447377,0.4043774621247582,3,67.75857973690775,76.89971835925024,1,7,1,0
447,0,1,2.4254670328506767,-1.3924824029871836,15.769530350390472,0.0,3,29.575940754463836,39.50441763986343,0,4,1,0
448,0,0,0.3876480642427344,0.28067287860968126,11.8674526155247,0.0,3,54.53386667941612,56.05324732994825,0,6,1,0
449,1,0,2.3529688070158867,-0.90440046426977,14.342763913918368,0.0,3,37.08391095925578,26.782027174186517,0,7,0,0
450,1,0,1.817596267538675,0.1486333034342109,13.398313372474984,0.0,3,100.0,37.05377999709047,0,3,0,0
451,0,0,2.1205922374442534,0.8096591600460548,9.198562910945164,0.6330842125346102,3,56.63102109185163,65.49094813931893,1,9,1,0
452,0,1,1.9376526164722614,-0.37187352604756213,8.969564105434248,0.0,3,46.18965320053567,54.67939189059192,0,7,0,0
453,0,1,0.843962699136879,-0.5237380047463114,7.232061482121607,0.0,3,44.487526774118464,63.88765229792226,0,9,0,0
454,0,0,1.5690748520318398,0.52929532586007,11.948497892176727,0.3489416842165364,3,59.24231931624056,42.40375972710251,1,1,0,0
455,1,1,2.021692301635797,-0.34957791192335136,14.049375604784473,0.0,2,46.342142908569194,37.611061156138,0,3,0,0
456,1,0,1.5550444250129936,0.7295573635965789,11.557251795567089,0.433143327724105,3,61.071390542522394,57.86309213634841,1,10,1,0
457,1,0,1.5563081342073617,-1.1352391411526506,12.690056770303924,0.0,3,39.540947696738044,33.75752623034097,0,9,0,0
458,1,0,0.7670973241068809,0.8190463567891298,10.526387111322874,0.30220874827613103,3,66.49131807738272,51.01471222034582,1,7,0,0
459,0,0,0.9574124512801038,0.33456499360732644,12.015544340781233,0.0,3,54.22255431916311,53.95520692604095,0,5,1,0
460,1,1,1.632210076573292,1.1056019212501003,10.605235203289313,0.9887238911802363,3,66.55432150219859,66.74225770499156,1,7,1,0
461,1,1,0.8566547818507294,-0.15751369018372405,9.974279517562616,0.0,3,46.66300604786813,54.666504080867284,0,7,0,0
462,1,0,1.759433139607492,0.15224712061824552,17.231416894674986,0.0,3,53.02035278947503,33.05453010252908,0,2,1,0
463,0,0,2.66996512937179,0.009609050332400755,12.083620527887708,0.0,3,50.058895782767735,54.120934965182755,0,6,1,0
464,1,0,2.1504008919537028,1.2803757632401063,11.527598216325261,0.33268435633306537,3,69.4710942075859,63.04719503943932,1,10,1,0
465,0,1,0.6750797552494405,-0.7329622676856069,13.239760069384445,0.0,3,44.1557166684095,49.23564170807215,0,5,1,0
466,1,1,1.7933304105306525,0.5698958200961427,13.220642458879253,0.002901054444460871,3,57.448682031187175,51.43621532853797,1,4,1,0
467,0,0,2.438075452945961,0.10063416972037288,10.84885299417371,0.0,3,51.36692738462671,60.18950380633607,0,7,1,0
468,1,0,0.6686218849548915,-1.4949213383510926,19.864440565217404,0.0,3,28.81512543522824,18.574263497522466,0,4,1,0
469,0,0,1.7294646029735772,-1.5656765288745826,11.831185289024505,0.0,3,26.75436415300284,44.9446748088494,0,8,0,0
470,1,0,3.4316952551255446,-0.019204564715364216,15.881889031653778,0.0,3,45.86498926935451,40.767329737150554,0,5,1,0
471,1,0,0.6789584530227654,-0.6283495465287985,16.42108199488178,0.0,3,40.18549625803626,32.69003705916442,0,5,1,0
472,1,1,1.269887535337323,-1.7151228371912708,12.82249215661184,0.0,3,24.047792518251704,35.467249774781976,0,5,0,0
473,1,1,2.058219034705878,-1.1033222424373683,13.348606205207654,0.0,3,49.685290911165,44.88836623777258,0,8,1,0
474,0,0,2.774476536063863,-1.4859295044088774,13.259403152367472,0.0,3,29.82927677849911,33.76155959665646,0,5,0,0
475,1,1,2.3310782363891906,0.5655208406426503,11.697070423939136,0.22985789275414925,3,61.138950404294754,58.16021039826029,1,6,1,0
476,0,1,2.690262516358056,-2.887334547136206,17.06673926906626,0.0,3,5.628783866480018,29.10928763211402,0,5,1,0
477,1,0,1.5360292908137785,2.1471156895229253,12.742472452648546,1.711198281530637,3,82.80372913377279,60.235416431056535,1,6,1,0
478,0,1,1.8836290069649697,0.3141110586393872,8.762173664807182,0.0,3,54.29178219961035,60.12159244323516,0,5,0,0
479,1,0,1.9041715715811907,-0.9444176333848195,16.60747626887249,0.0,3,35.34546273807812,34.753625726793054,0,6,1,0
480,0,1,2.547288129847803,-1.0078862700792373,9.76189593735297,0.0,3,37.78906409425062,53.75349454971879,0,6,0,0
481,1,0,2.037624696425937,-1.1083402391062782,14.710227882103476,0.0,3,32.07106071842352,29.300684286637637,0,5,0,0
482,0,0,0.910070340661236,-1.4428089539950653,16.86257656401586,0.0,3,32.27467795084621,36.73944927209474,0,6,1,0
483,0,0,1.901340112054367,0.23282407380429695,13.06020703951171,0.0,3,50.983583884407366,53.363426042916075,0,4,1,0
484,0,1,1.453568239168426,-2.806249866820519,14.890609240616817,0.0,3,8.051554485611486,36.35290954229541,0,3,1,0
485,1,0,0.9762335916066543,-1.4988014886832668,19.8458287503104,0.0,3,26.704188560590985,21.750434997444387,0,3,1,0
486,1,0,0.8982688406221087,-1.0042428671449362,14.887694539270159,0.0,3,31.61312602642017,26.70271144881838,0,6,0,0
487,0,0,0.5326232563579569,-1.3620855291752505,12.713089171883103,0.0,3,29.47614447137918,34.67426040124427,0,5,0,0
488,1,1,1.946630032433066,-0.45066567541464025,9.924970286800002,0.0,3,44.247039285467665,50.60330608404236,0,5,0,0
489,1,0,0.9330843075968644,0.7417655691557535,14.380440319901068,0.0,3,62.93112378136101,41.38641516062784,0,2,1,0
490,1,1,1.7407061474554224,2.7841990327152915,6.513747340657422,3.1512006958668866,3,88.25071860660086,80.88916774885507,1,5,1,0
491,1,0,1.2956607112197802,-0.9501917882737867,13.28655301940003,0.21413533666995943,3,33.95666660473299,33.41500550877959,1,6,0,0
492,0,0,3.0871351218158476,-0.005490712750330387,13.75417170873241,0.0,3,47.6155389163888,52.184145028863036,0,7,1,0
493,0,1,0.939446052128637,-0.8723611788487656,11.606342149076196,0.0,3,36.467157254854534,54.524630154251035,0,4,1,0
494,0,1,2.758654448420575,-1.3867221683609097,10.765418093901456,0.0,3,24.994469131997647,50.00032087400129,0,5,0,0
495,0,0,1.8523049139179584,0.14917065347628375,13.13983870589388,0.0,3,48.91049184533276,52.421617236287716,0,4,1,0
496,0,0,0.5252055185120152,0.6684365885098364,13.160071674839209,0.4424073739372955,3,68.19345317219927,52.92635697214564,1,6,1,0
497,1,0,1.0832665979932166,0.5537591690636443,14.371097794098759,0.011127783205361952,3,55.97575829681637,48.39825769016082,1,2,1,0
498,1,0,1.1903303522257684,-0.550246373127597,16.569211083826563,0.0,3,30.101267955748796,39.4077149299916,0,6,1,0
499,0,0,1.8549731604313449,1.0225315976078087,10.438267279764636,0.573184154792017,3,62.490351511705605,63.97831782681506,1,8,1,0
500,1,0,0.9779374670759498,0.3349317428066423,10.763408463067604,0.0,3,69.95839690510564,46.853808260240285,0,6,0,0
501,1,0,2.6684532381152155,-1.543806695442796,18.4145705682827,0.0,3,18.96141299013152,20.68364795445065,0,3,1,0
502,1,1,1.993715854871359,0.13011100136367618,13.667644302703707,0.0,3,51.31247325735266,47.220759245735955,0,3,1,0
503,0,0,2.235639396749673,0.41158483858174466,12.931986141125089,0.0,3,56.212736531201884,48.87185494457253,0,7,1,0
504,0,1,1.7228070132121724,0.4387522802335158,13.271777143092963,0.0,2,56.9986587809971,47.74289827883789,0,1,1,0
505,0,1,1.9952252729403195,0.12144979538945881,8.891694577441635,0.21816881763828488,3,51.11825512223685,67.49303184338814,1,6,1,0
506,0,0,4.457756348666273,-0.17986848033544742,13.10843592005347,0.0,3,54.72289263889781,47.492367816718065,0,6,1,0
507,0,1,1.5927803294271201,-0.19962779780350554,7.940982694010517,0.0,3,47.563751536252205,60.22924531148213,0,6,0,0
508,1,0,1.1370952769640514,-1.3446533624973531,15.184660796340388,0.0,3,31.815617411893264,27.157116128305475,0,5,0,0
509,1,0,3.76507539553947,0.564796296943769,15.16836177446717,0.0,3,58.60087274026743,39.33454312409172,0,4,1,0
510,1,0,2.6898314959627596,0.09836101701955029,12.569255072050417,0.0,3,51.54564549434921,36.67048725279861,0,2,0,0
511,1,0,2.152726667325397,0.39083284135937973,13.574492643705879,0.0,3,57.70987010711668,48.01079238893353,0,5,1,0
512,1,0,2.6040991918415335,-0.034507963549234084,16.80716964551351,0.0,3,50.389335128352634,29.122046016403882,0,1,1,0
513,1,0,0.9966980038081173,-1.4031582063907013,17.88751617475834,0.0,3,31.468816689480462,21.780202269180855,0,5,1,0
514,0,0,3.1407398007995915,0.7109895464795101,12.067191977497423,0.44647967241298747,3,61.15397270432451,52.005147566759135,1,2,1,0
515,0,0,1.7206475738979141,1.6306021009647391,6.798885641195131,1.2116635330419216,3,72.31306159041941,63.60447894168859,1,5,0,0
516,1,0,1.9799123731929649,1.1570012848531677,10.789249638956898,0.9885150833583077,3,67.62757874348505,57.64556449179444,1,5,1,0
517,0,0,1.2110380180798783,1.0832737254029652,10.737330691257043,1.158518512492364,3,60.25518604740778,62.96657037401218,1,6,1,0
518,0,0,1.1184792733227804,1.515774646055465,9.72980867463012,0.21484117956779358,3,93.06171399434069,74.92041358944694,1,4,1,0
519,1,0,0.5060002890122904,0.2730899117313277,11.096114614447018,0.0,3,54.028820488035976,40.15646133921308,0,6,0,0
520,0,1,2.5945862661553467,0.3791677662338921,11.980335934116477,0.0,3,56.211601842584194,62.56813767824127,0,5,1,0
521,1,1,2.955148248693079,0.7330025305584436,8.109761570282473,0.8593760837311869,3,60.74838682779805,62.971099486564604,1,7,0,0
522,1,0,0.969422761968717,0.5325356118381988,14.27053371640368,0.0,3,58.97500559816261,33.0188447367104,0,5,0,0
523,0,0,2.8160341758378173,0.6959869105946228,10.673206485187746,0.16960319258308906,3,60.74018931975772,59.835058836355685,1,7,1,0
524,0,0,2.1151506400416413,-0.393379401474032,9.925978930552153,0.0,3,44.80786881889472,48.980559717884034,0,7,0,0
525,1,0,2.463028931961056,2.4482975348864944,10.765912605503516,2.615768529584189,3,92.79588882017738,57.88785645940817,1,1,1,0
526,0,1,1.0816279813687126,-0.7896233728025663,10.283200746241869,0.0,3,38.13076954093287,50.81209342786982,0,5,0,0
527,1,0,1.341488206921015,-0.49971179403413346,12.918399304765149,0.0,3,43.486722929328,34.721109101032695,0,5,0,0
528,0,0,3.8983735935259434,-0.11152588929325935,16.030819640640498,0.0,3,48.97198431180611,32.21209006929515,0,3,1,0
529,1,0,1.2313845782497395,-0.7160938435215364,12.73688375116773,0.0,3,37.76684545072438,37.90395010224135,0,6,0,0
530,0,0,4.935751059414252,-1.124426523364939,14.940436624269292,0.0,3,33.56761397824503,44.43549504977433,0,7,1,0
531,0,0,0.7429372253132932,-0.38318857398091094,16.42209395068901,0.0,3,44.85522682676741,46.23597795009594,0,6,1,0
532,1,1,0.8095636131618534,0.42228271542962387,8.44002077262065,0.0,3,53.467427545330644,55.80987584324567,0,7,0,0
533,0,0,1.8434259704212117,0.8340153246078716,12.077385648666455,0.4345681411277007,3,61.442059607061054,56.432279320219315,1,4,1,0
534,0,1,1.752023595687941,-0.5546901182078398,10.95038029173339,0.0,3,31.728673652996555,51.49854664472902,0,5,0,0
535,0,0,1.3816409544867756,1.748567929597911,6.498186698658317,1.494823869619551,3,77.4643751093884,68.9676061210897,1,5,0,0
536,0,0,2.7067386243983464,1.5478941493432905,11.032310557836153,1.2013247460746566,3,67.12164535275114,66.9297060081918,1,6,1,0
537,0,0,2.5219369952097126,-0.12746018989278268,10.415791166322355,0.0,3,48.1461774347308,47.672321036303416,0,4,0,0
538,1,0,1.965700581910823,0.30815200423606115,17.482503806303754,0.0,3,53.46163636717316,38.991557404987084,0,3,1,0
539,1,1,1.4421980389287774,0.2789869710425343,10.441673947098092,0.0,3,54.90491605184545,51.949121914829256,0,4,0,0
540,0,0,1.361671988446631,2.6889968997325604,6.5727760222122,2.595743090919778,3,90.99647302413526,79.76339978898731,1,6,1,1
541,0,0,2.488690422645282,0.36864164598737537,12.455506747322168,0.0,3,48.7854675568375,52.38659630595134,0,5,1,0
542,0,0,4.08058414986876,0.24436761742065902,9.875034531213991,0.0,3,54.8515069123035,52.223089852836345,0,3,0,0
543,0,0,1.411128785142701,-0.7983726586354198,15.818391475070579,0.0,3,40.35007913612996,39.10197204526681,0,6,1,0
544,0,1,1.0930497743169052,1.0977812214699458,5.138073876538506,0.7809470902299074,3,66.60905347500986,75.48931498113558,1,3,0,0
545,0,1,2.777357566454684,2.0060962470947254,3.524202104730826,1.3100006948229548,3,78.78920007669667,80.01365821394926,1,4,0,1
546,0,0,2.8232790615127845,0.272522816827059,13.342855820164205,0.0,3,58.52646473381317,49.522346765597774,0,4,1,0
547,0,0,1.785863604101385,0.9375025023974761,8.47939767037237,0.5619514422899236,3,62.030419524066424,53.8919151158331,1,4,0,0
548,0,0,1.2047865559227406,-1.2831862212355873,15.148109506235034,0.0,3,34.46019754415624,38.469965803193936,0,6,1,0
549,1,0,0.9989635905631127,0.9002320528443143,9.818802832254095,0.7205372977326425,3,62.83902688265731,51.040913002685436,1,6,0,0
550,1,0,2.565274758245759,0.6302885933672625,10.292404325044721,0.0,3,59.808159910922335,49.57733661290999,0,6,0,0
551,0,0,1.683460207202497,0.38359429940605994,12.030112184324686,0.13351623323781658,3,56.554299050586756,57.32656098756023,1,8,1,0
552,0,0,4.624031360551329,-0.7608259439275616,11.516601716696224,0.0,3,38.989569245275476,53.48518537455095,0,7,1,0
553,1,1,1.1619579429522147,-0.9777100465355067,12.095932433344744,0.0,3,36.74406086451199,35.23403685297783,0,3,0,0
554,0,0,1.8271092913942781,-0.5326608605888182,14.492192836125252,0.0,3,42.732913005511264,44.90818556611345,0,6,1,0
555,0,1,2.4984412968531706,-1.696803303418386,9.504747889872162,0.0,3,31.2461021160271,50.28572085209498,0,4,0,0
556,1,0,0.9207944773152117,1.1336036912183403,13.328538446399044,0.5850673177301997,3,66.1493104135007,53.09033982826695,1,4,1,0
557,0,0,1.1569158499468495,-0.7988522688521625,11.98414400954248,0.0,3,22.64658977861858,37.44892346261595,0,2,0,0
558,1,0,1.2306623487661579,-0.5851994889364064,18.230232647429123,0.0,3,41.27140283743873,25.070986987234992,0,6,1,0
559,0,1,3.993969043040245,-0.3850138529797972,9.850318657392616,0.0,3,43.31820110740633,63.13877641007662,0,8,1,0
560,1,1,2.5616193390352353,0.9296474628009338,12.859473285459314,0.4374003989898451,3,64.30803128856205,49.159751323722105,1,4,1,0
561,1,0,0.6650813014155983,0.22163105117604753,13.773817023844245,0.0,3,52.85898919118029,45.009312713983775,0,3,1,0
562,1,1,1.9859955202859196,1.1655620817126635,9.217952670087595,1.9509129805400829,3,74.19422247228027,69.87832467402008,1,9,1,0
563,0,1,1.4981513918564764,-1.2413715937595478,10.08253847420037,0.0,3,30.07120232126561,50.91062314103873,0,5,0,0
564,1,0,1.5482706636115944,0.759411284702588,15.287454757271881,0.0,3,66.32949089639371,38.74395620001016,0,3,1,0
565,1,0,1.0498114712249034,-0.9799638500802813,14.243819273137452,0.0,3,34.496578045842035,30.71236947618037,0,5,0,0
566,1,1,1.3307061578581445,-0.31571278419213167,12.738945638192362,0.0,3,47.91947934790664,50.7613371733627,0,6,1,0
567,0,0,1.1870587803394173,-1.1500776860746031,12.527234070915288,0.0,3,32.22385905185377,46.80338051844089,0,6,0,0
568,1,0,1.5427139214740038,-0.5661474199866022,17.222812279499223,0.0,3,38.51851070262442,33.99642002748879,0,5,1,0
569,0,0,1.1618885297819703,-0.6408363991320507,14.541119921918103,0.0,3,36.534332971023574,41.177135155010504,0,4,1,0
570,0,0,1.9732968730022509,0.6826071527495149,11.44945606561702,0.0,3,60.42514239423487,56.395077454915885,0,5,1,0
571,1,1,2.22523000241532,-0.21324539984713398,10.493621862770246,0.0,3,46.14305301801849,46.39485160490694,0,4,0,0
572,1,0,1.0868813506768322,1.9363416051465214,9.464899560821143,1.863129270058356,3,99.53519578888476,50.99758990019447,1,5,0,0
573,0,0,0.6034690466220081,1.061243450546035,7.012952047161229,0.8701102078753148,3,65.9784897712173,66.23511845075679,1,8,0,1
574,0,0,1.221767124565643,-1.4203531485449499,15.340003973910582,0.0,3,26.274257685186033,37.37405663932335,0,5,1,0
575,0,1,2.917149809238066,-0.8644033478289452,13.367680513183394,0.3687262171917485,3,38.80922178712417,50.78648474868587,1,4,1,0
576,0,0,2.4626326647440573,1.2500474164135011,10.360108851580978,1.7234416324858048,3,67.41490897371371,63.92596629802745,1,3,1,0
577,1,1,1.3468112570780848,0.7250899080086541,13.127658018011577,0.5379177373824625,3,60.78251235056696,52.92381441981439,1,3,1,0
578,0,0,0.75297045340473,0.7205232334854493,12.731682970520634,0.5704006081776222,3,59.2955486216587,52.1793531134446,1,4,1,0
579,1,1,1.9795052442702048,-0.2795368344450928,9.792130123863812,0.0,3,46.413558638604925,52.62774443661058,0,7,0,0
580,0,0,1.3442547747280953,0.8939386584154952,7.682224041764613,0.3085666623596544,3,62.63110583144383,67.25072341055053,1,4,0,0
581,1,0,1.204746491846172,1.5717089169546203,10.936881720274592,0.580863405774405,3,73.91357797510878,63.22836562546006,1,5,1,0
582,1,0,0.6618841996367334,-0.526849022336473,16.56308688879729,0.0,3,41.06942292425143,31.13070250286237,0,5,1,0
583,0,0,2.0195079561484897,-1.6699457766864123,14.739194468099146,0.0,3,23.223087523061263,45.31519207382322,0,10,1,0
584,1,0,0.7762557239781023,-0.8024697541327013,17.060243337241232,0.0,3,38.81969343362274,31.64595481670921,0,5,1,0
585,0,0,1.8263958769654884,0.5109397996605395,11.10767936841506,0.5366516702426303,3,68.79407187763,58.49147456273143,1,6,1,0
586,0,0,2.168625375308715,0.8824943982831497,6.565194417977414,0.0,3,63.88230545508221,64.88023651203717,0,6,0,0
587,1,0,0.9504829821358992,1.563917506282981,8.461930282014121,1.5840210610674572,3,73.28259448927824,56.705641145128176,1,5,0,1
588,0,0,2.5016038907868334,-0.09130209086394447,15.686103650727224,0.0,3,48.24961726177384,41.35475787990388,0,4,1,0
589,0,1,1.815719081218148,0.6516458957191885,7.873654877401218,0.0,3,58.59241006446382,61.8622375613125,0,3,0,0
590,1,0,1.986632912850774,-1.5943936554340568,14.699048979099617,0.0,3,26.374063574727995,41.1428198430302,0,13,1,0
591,0,0,3.048437257449914,0.12799537135902364,12.131014699327688,0.0,3,52.87144568141565,54.249784299634136,0,6,1,0
592,1,1,3.0380777296128336,1.060393894645693,10.863583756257654,0.5573682417269284,3,67.09267003431826,62.748874297285376,1,6,1,0
593,1,0,1.4943761345947195,0.7980642059043839,13.64391803394398,0.050364785945681584,3,58.88343434560661,48.960410093317655,1,7,1,0
594,1,1,3.2678688974219714,0.7184753999506522,14.141138929733744,0.9122534033010884,3,58.70128420608199,50.97972000259005,1,7,1,0
595,1,1,1.9149734331469928,0.42141904782741046,9.402687491357627,0.0,3,57.57937138229981,50.509654342602424,0,4,0,0
596,0,0,1.1593814717282793,1.25212724827095,9.56652910408219,0.9821583364927686,3,69.90481644583839,67.48606356580555,1,8,1,0
597,1,1,2.44599772181045,0.8589122391021053,9.36629282577746,0.059780087342723054,3,62.8564334546722,55.38158969621207,1,2,0,0
598,0,1,0.8819738533907142,-0.25259562269757957,12.66680753786709,0.0,3,45.886598802501915,51.33491241922579,0,1,1,0
599,1,1,1.228885278407233,1.124720704976527,6.7185107184049055,0.0,3,70.87275475969821,65.5658752178608,0,6,0,0
600,0,1,1.9990998320155013,0.22449887604949056,7.556805696899209,0.07514539398143505,3,55.29030796194255,66.26654200254737,1,1,0,0
601,0,0,1.2075504482054538,-0.010099161047870097,9.451062621227482,0.0,3,48.4475544367233,64.43531210877231,0,10,1,0
602,1,0,2.226155115924456,1.2796180177342473,12.739469691161148,1.2604054427668037,3,68.75034306004902,53.700026367224275,1,5,1,0
603,1,0,1.0998181750977156,-0.6194625365076641,17.112374342230627,0.0,3,41.79145983798714,37.93453119560464,0,6,1,0
604,0,0,2.293396571924612,-0.8692682168036551,12.553714869208939,0.0,3,36.865563543970254,35.563427210762676,0,3,0,0
605,0,0,4.433767431466296,0.6090745194238809,12.759057926992018,0.0,3,59.87001235885027,53.65473809709671,0,3,1,0
606,1,0,4.831229841067018,-0.4480241955672966,15.025864791485992,0.0,3,43.12682504051095,42.16150816279473,0,6,1,0
607,0,1,0.893636183159172,-1.730997974770706,11.937267993569218,0.0,3,23.565033463466673,41.02025529275663,0,5,0,0
608,1,1,0.9719978352167806,-0.4597835403100477,10.828438823357185,0.0,3,52.137288046150395,47.192239932409095,0,6,0,0
609,0,0,1.0720729968291243,1.7107150144846972,10.34186894372634,1.6207189906492199,3,75.65887592719231,65.2330804885436,1,4,1,0
610,1,1,0.9235068188494586,-0.5615053127183726,14.665717918830895,0.0,3,40.977935290750644,42.86360318637247,0,4,1,0
611,0,1,2.6425530490424793,-1.0602010989821053,13.12394538576814,0.0,3,33.619259310704244,45.668942886236856,0,4,1,0
612,0,0,1.8253947803851702,-0.9546685726300299,14.961116183506729,0.0,3,35.078097279459506,41.35940429716623,0,5,1,0
613,0,1,0.8896568086090532,0.23624946590888327,6.628429983602418,0.0,3,53.07203389257972,64.10073475476908,0,8,0,0
614,0,0,4.152472293866683,0.8032799225849658,9.016562319212028,1.4041546473670108,3,64.05271778592136,54.99901794147372,1,4,0,0
615,0,0,1.7628081168725978,-0.22692381098957257,12.431143237052801,0.0,3,45.8148082443159,53.171474491102664,0,4,1,0
616,1,1,3.1387254703849394,1.2450224264430638,11.911660046797618,0.962245249778271,3,67.40336961563055,54.88334814201801,1,1,1,0
617,0,1,3.6248295183694217,-0.8618455360044248,12.611930175256306,0.0,3,36.853345855726225,49.666764317250724,0,6,1,0
618,1,1,2.6764554014818795,0.8878946361414773,8.356009804704394,0.0,3,64.337397248788,56.498300497376604,0,6,0,0
619,0,0,4.6630961642098505,-1.0775718285429763,17.9792418059251,0.0,3,33.517142235297804,34.54949913544009,0,3,1,0
620,0,0,1.6858966282937582,-0.8553811202761055,13.538090880174398,0.0,3,38.06244351423719,49.8088197781298,0,8,1,0
621,1,0,1.499359972503684,1.1936366808671535,12.894028278721667,0.6098582865311359,3,68.64786377668581,56.71348553803728,1,8,1,0
622,1,1,1.9831913341845695,-0.03452770063165819,10.401294446815252,0.0,3,49.23112915250516,48.63505125622941,0,4,0,0
623,0,0,1.5059318401427646,-0.6466583367165945,12.53538114401979,0.0,3,44.92345184436869,36.42206185318506,0,2,0,0
624,0,1,1.479632593610809,-1.7914373371302998,14.313000374203463,0.0,3,21.399563087398803,30.125903519829375,0,3,0,0
625,0,0,3.332290536040552,-0.462526053398278,15.626636919983504,0.0,3,42.58348439180597,35.3991577250099,0,3,1,0
626,1,0,0.8200305644827772,-0.39954590154315506,16.48589484929425,0.0,3,45.101730515781085,30.120716849743932,0,4,1,0
627,1,1,2.792374172133391,-0.13156494430974336,12.251376188978282,0.0,3,50.71984791755249,46.54100949624472,0,4,0,0
628,0,0,1.617046104198534,-0.10805205073036385,14.362813664954142,0.0,3,40.886387352966445,44.79416018773735,0,5,1,0
629,1,0,2.58915052190583,0.353022038699083,11.129071558655108,0.0,3,55.10248636034265,47.61763424778634,0,5,0,0
630,1,0,3.5204516605526712,-0.45037254338889665,14.965531169783823,0.0,3,37.467496894948745,41.79666861618767,0,8,1,0
631,0,1,1.5451713107232745,0.7293953710643867,7.124006295151236,1.052414095242827,3,60.21613646288797,68.82816435485644,1,5,0,0
632,1,0,1.878060023253915,-1.7960788091921545,17.4367539065296,0.0,3,19.4494282643262,27.035576098477456,0,6,1,0
633,1,1,3.0767018384878426,0.8413939484964691,10.219880680275166,0.053597860220439164,3,62.48139777712809,52.57758390336887,1,2,0,0
634,1,0,1.4032548862888312,1.7724767493164928,13.053039982146986,2.1417344375803036,3,73.2573932698414,50.52543629771936,1,1,1,0
635,0,0,2.506483606296765,0.2154690508322056,15.370647507568062,0.0,3,66.07573385523807,43.651416016660775,0,2,1,0
636,1,0,0.2838100092976315,0.39654689024992945,15.14437244177031,0.0,3,55.82448584822102,51.993721798088174,0,7,1,0
637,0,0,1.1189837924609138,0.27823094631662637,8.640182221020574,0.0,3,52.474053476138174,58.00199823426937,0,7,0,0
638,1,0,2.399609929339126,-0.1400088325199329,15.239597855007649,0.0,3,48.28746124521665,37.807100130698224,0,4,1,0
639,0,0,2.3313764151101153,-0.1625744399642378,10.033032627879034,0.0,3,48.21262614589245,47.48326428663912,0,6,0,0
640,0,0,1.5039380590602887,0.2996017107577384,8.178123092227418,0.0,3,55.80398831833331,59.39708932215889,0,9,0,0
641,0,0,4.112982554036748,0.4011014019324832,12.898530426670423,0.9582611422403658,3,56.12102275445162,50.303865019420954,1,3,1,0
642,0,0,1.1331150585495995,1.261026860099414,12.480454001559238,0.731961923344249,3,68.66475348142136,61.16949288253028,1,5,1,0
643,1,0,1.1033221248921932,0.539242662128429,14.159262775108912,0.0,3,60.61068911655634,44.069565237951686,0,5,1,0
644,1,0,1.9614319675042577,0.4550403011800188,12.996172036147465,0.0,3,49.52668545982415,48.492218199340655,0,6,1,0
645,0,1,3.2188498229068863,-0.3875852866550905,8.855528927408393,0.0,2,44.936324038231255,54.261654558287475,0,4,0,0
646,0,1,2.0391401567012597,-0.390193828848589,8.845847186122619,0.0,3,47.23449418033907,69.07703845605042,0,9,1,0
647,0,0,0.5051718977052396,1.674792142207595,10.699534212220204,1.5001978472955206,3,64.94998676919343,61.09998019687215,1,2,1,0
648,1,1,1.9449138665004149,0.23449053818973564,11.159327393148278,0.0,3,53.48680921212459,43.995618047598676,0,0,0,0
649,1,0,1.7148426787520457,0.46109664575682824,13.036221955472591,0.0,3,56.07899800228988,50.497028354177246,0,9,1,0
650,0,0,1.528479149907634,0.9899250683307137,11.98952057362751,0.7703946312138263,3,66.26901352998262,55.63050224949023,1,3,1,0
651,1,0,2.199876850710964,-0.5211199112736861,13.990269730388077,0.0,3,45.50601749198997,34.12538498652494,0,4,0,0
652,1,0,4.589374504293423,0.43570165390177035,11.003118911390565,0.6894840005643478,3,59.2928942049331,42.63100030703445,1,5,0,0
653,1,1,2.213246970202396,0.9125242338934806,7.832546041348253,0.5915994364575059,3,64.05934890013445,60.93744915878252,1,5,0,0
654,1,1,1.2279269409294518,1.0503687032027715,10.785710034085115,0.40961389630056333,3,63.689391710589945,59.4182162642253,1,6,1,0
655,1,0,2.9266688629014084,2.0872929268849325,7.981219706560054,2.15612935787486,3,100.0,58.868135174708286,1,3,0,0
656,1,0,3.0148802896649953,-0.8962028141792695,17.843883497447504,0.0,3,36.47732931701857,25.983567080504375,0,4,1,0
657,1,0,1.9086164950318678,1.1297568225863337,11.210933163171886,1.5363252709931392,3,67.01552442943476,56.02027886474519,1,7,1,0
658,1,0,1.103022730834341,-1.857918550678372,16.056354552071156,0.0,3,22.01716950382457,24.809465338238436,0,4,0,0
659,1,0,3.586281057412065,0.8194051157900786,14.629531562529117,0.20199293239448232,3,62.23676478112205,47.10415599970945,1,5,1,0
660,0,1,3.4834536708089763,-0.4766921800146676,7.6217652213450044,0.0,3,39.54488709490475,61.39562431914968,0,7,0,0
661,1,0,0.3507157403508726,0.7275339250953137,14.257997575763191,0.0,3,69.36400442005481,41.440421950162715,0,1,1,0
662,0,0,1.2920287129099985,0.5762929079098299,12.416647611845951,0.0479162431745945,3,59.13453053804547,52.20186911753483,1,2,1,0
663,0,0,2.304524639479866,1.0895434077062855,11.394415566887877,0.6494989412223082,3,67.17872752594661,60.07123694977415,1,3,1,0
664,1,0,1.1439198737345548,-1.6809249713330503,19.555341395918138,0.0,3,23.778783549907256,23.778303080674284,0,5,1,0
665,1,0,0.6570969349214794,-1.3448337817229177,12.104792219562697,0.0,3,29.29677240376137,37.81937289497061,0,8,0,0
666,1,0,0.7581230968595721,-0.8283405923588328,17.526046753797182,0.0,3,37.84245762456793,26.411560949015378,0,3,1,0
667,1,1,1.6327972877297543,1.250378592648917,12.126500475239146,0.19357136367527494,3,77.05190722502041,56.88718340034517,1,4,1,0
668,0,0,1.7964557445097278,0.9900044580903473,6.90061734261943,0.32984882506763713,3,65.28544242326808,66.39724231477459,1,7,0,0
669,1,0,1.9326679668408273,0.5124752676347977,17.7950490514661,0.0,3,57.74570515973043,37.16506078634776,0,5,1,0
670,0,0,0.8081046356307863,0.5459989551133151,10.27050790460459,0.0,3,57.76251811883156,60.76995766495983,0,5,0,0
671,0,1,2.1148366410210704,2.4472724577154215,6.427921175513029,3.441922155181977,3,85.99572547277859,81.31522701084594,1,4,1,1
672,1,0,2.835508646184398,1.9739659613735192,13.426760444339287,1.944155823482898,3,79.36721635167214,53.34270217126555,1,2,1,0
673,1,0,1.3860560668135526,0.051207304287017565,10.612377607847716,0.0,3,50.73726443503357,47.30921661843601,0,4,0,0
674,1,0,0.5153311143086843,-1.954129068405785,18.962337747336655,0.0,3,20.62988784459025,20.29669219185349,0,2,1,0
675,0,0,0.7189617566528304,-2.0854139401135496,17.529462747340165,0.0,3,0.0,32.85847051560907,0,7,1,0
676,0,0,1.0984229371844323,-0.34076378422266607,12.542285412771804,0.0,3,44.664567933544646,50.34769289603464,0,6,1,0
677,1,0,1.4933449672787473,-1.1614587004356358,19.91531868926039,0.0,3,34.198083847710976,20.463235159141203,0,2,1,0
678,0,0,1.028047303667321,0.2053317123345742,13.168177632900171,0.0,3,52.64171400776859,51.84539100632283,0,6,1,0
679,0,0,1.4035543130990362,0.10138839818851729,11.998006305260699,0.0,3,50.23668642419063,57.98393157990313,0,8,1,0
680,1,0,2.157852596609087,0.8527040441602182,13.437446444243673,0.016523407734796547,3,62.82347359878846,49.71967295476529,1,5,1,0
681,1,0,3.2528446459283913,0.08147697773225053,14.25134655252352,0.0,3,50.97883153810328,35.65649740386705,0,4,0,0
682,1,0,1.7898340950248726,-0.12172172090233584,14.898947724257505,0.0,3,47.09226244618697,38.96346185686998,0,4,1,0
683,1,0,1.3020083397715307,1.7354481145838176,12.543413990675386,1.6847253429140907,3,74.34369295242095,54.709738704540506,1,3,1,0
684,1,1,0.5131638223491308,-0.8337860789857827,16.137772885934297,0.0,3,37.78076597136301,36.93682325211188,0,4,1,0
685,1,0,0.644436750980047,0.08137531101364227,16.320311578240652,0.0,3,51.86603080940749,35.885521792345884,0,3,1,0
686,1,0,2.6595198955428367,0.5464486727905906,10.493065115433962,0.0,3,57.17821947573408,46.412978039051545,0,4,0,0
687,0,1,0.7937761131828178,0.19393024561946487,9.17108380690145,0.0,3,54.04335354549798,64.68798430286921,0,4,1,0
688,1,0,1.6847520035813697,0.4825963719681143,16.347378310693813,0.0,3,56.338775088190005,32.66603245688401,0,2,1,0
689,0,1,1.06814175837782,0.06411212782879645,11.26037540721485,0.0,3,50.66931492987789,56.958970162747384,0,4,1,0
690,0,0,0.47911851249108345,0.12108429323830758,14.569922286158631,0.0,3,48.124713492881284,45.29577775159935,0,3,1,0
691,0,0,2.3947116635270964,-1.0424933160048628,14.38245098566814,0.0,3,34.43002627101913,42.98535843959625,0,6,1,0
692,0,0,1.3539937618117395,0.7513548009770158,10.745967575555165,0.7979047996907489,3,58.753342589286376,62.03292864585224,1,6,1,0
693,1,0,1.5996406943477006,-0.2798098260571057,13.02948706753361,0.0,3,43.37540216539476,32.65342429130608,0,5,0,0
694,0,0,3.6158537721612043,-0.8910788595650835,15.118759601454189,0.0,3,38.9299444352875,40.92868001611817,0,5,1,0
695,0,0,3.135157369126742,-0.6334447322563637,14.050840197787089,0.0,3,43.151659948205236,46.83429157828308,0,10,1,0
696,0,1,4.090464315617454,-0.9399485644719727,12.471726903756013,0.0,3,35.284095389545676,49.44758084103699,0,5,1,0
697,0,0,1.4017874145361542,1.0732713917827064,10.808262615419556,1.1411205365930595,3,64.68607335855619,68.61503857239515,1,5,1,0
698,0,0,5.8995083172659655,0.31705880615885706,12.935042182822855,0.48752771105785164,2,55.43337642217802,51.520292193123005,1,4,1,0
699,0,0,1.0817346784941289,-1.231405390083663,13.891874964048503,0.0,3,100.0,44.30913724402023,0,8,1,0
700,0,0,0.911525250580994,0.4412599303442835,13.115434359014193,0.3555821237015251,3,56.7255450100846,54.5540243066337,1,5,1,0
701,1,0,0.8721071721700508,-0.6398766306788816,16.887988141793215,0.0,3,40.6460756483216,28.78635057835059,0,4,1,0
702,1,0,1.2109261007767689,-2.073314254411038,19.415079485881733,0.0,3,18.66658849397376,20.19695463425241,0,5,1,0
703,0,1,1.4842171371105293,0.9204035507100214,9.480159080207496,0.0,3,65.70039946817376,69.88079632844132,0,3,1,0
704,0,0,2.5100379581996886,-0.27888754937631477,11.987000749154122,0.0,3,44.6437776641339,45.652460774703826,0,4,0,0
705,0,1,0.46050996447876424,1.683078882011657,4.930316975928156,1.7044750877580142,3,73.95845433718517,78.51044527294206,1,5,0,1
706,1,0,1.2326955336897345,0.807655218673555,12.72449810945351,0.24342551641802504,3,60.61100898225696,53.66953275276574,1,8,1,0
707,0,0,2.724355436315035,-0.29311312356980984,11.209039871935643,0.0,3,45.930518425445,43.06226201939322,0,5,0,0
708,0,0,1.3481074740767338,-0.3321810503365836,16.26920513330112,0.0,3,45.33386550066309,46.1145581549598,0,4,1,0
709,0,1,1.4785120332575676,0.01705800329654619,11.104495580076792,0.0,3,52.20364972874794,60.982906648741086,0,6,1,0
710,1,0,1.5335914671793198,-0.2288184067807677,15.26704387035071,0.0,3,54.57972637012675,38.17250105796087,0,4,1,0
711,0,1,1.682942215430998,0.7741338872192831,7.137231261315389,0.0,3,61.39299863963685,76.12593087430722,0,6,1,1
712,0,0,1.9852675569879286,-2.4994290582605587,17.803282308403173,0.0,3,12.311229515196835,29.232183942861425,0,8,1,0
713,1,0,1.1114737105393953,-1.4375358773625515,17.107565679229094,0.0,3,33.14937375548422,28.384409438957974,0,6,1,0
714,0,1,0.560215145657462,-0.988921932570682,12.545775182041517,0.0,3,33.742843718267856,53.59192156161511,0,4,1,0
715,0,0,0.9323300657693053,2.298263929318497,9.079699017966364,2.1162409720512785,3,75.72514014128308,70.80445147400357,1,2,1,0
716,1,1,1.3328242678331172,-0.3477227766659458,13.634360324033505,0.0,3,50.19267711866296,45.50734102455827,0,5,1,0
717,0,0,1.0601516135229818,0.21389589733393516,12.762478703268874,0.0,3,53.87031282365407,53.21608824573117,0,7,1,0
718,1,0,2.042629022882698,-0.6420349355703693,13.496478377683413,0.0,3,41.844384067611486,33.868859370676105,0,9,0,0
719,1,0,1.8305782143581262,-0.07081776004002956,15.910025890789953,0.0,3,50.731858961751435,35.20352189203612,0,4,1,0
720,1,0,1.3836198581137422,0.26830394039744404,10.694466812612891,0.0,3,53.72771382195905,46.17274948015912,0,4,0,0
721,1,0,1.7695318878229642,0.39913230377747655,14.862711376874113,0.15421158541541224,3,55.652730186647105,42.802411140149374,1,4,1,0
722,0,1,2.2527729570659436,1.2140408645377467,3.52417153281647,0.6702511048156223,3,67.48539871066136,78.31770138579932,1,9,0,1
723,1,0,0.9725418885182208,-0.9429674939229572,13.416208683187255,0.0,3,36.82078918605819,34.92505879026334,0,7,0,0
724,1,0,1.7469281477122227,1.8531697058735046,12.19389631097684,1.7881542855961994,3,77.2006648610169,58.51376370487206,1,6,1,0
725,0,1,0.9931318204962012,1.0299328476439027,7.605428251334814,0.8421372050719518,3,64.68494005694554,66.92159405538997,1,4,0,0
726,1,1,3.4699884373488987,0.9658619322953802,9.82420554645512,0.43018013383787307,3,63.75198523429665,64.80884310939209,1,7,1,0
727,0,1,1.9738928231307664,0.2880232743435072,11.431357678861236,0.0,3,54.3443560436658,60.443782049835015,0,3,1,0
728,1,0,1.7519461124168576,-0.7728775949861109,13.662584298708746,0.0,3,37.96874265547972,29.172309268327304,0,3,0,0
729,0,0,2.0330898529606736,0.5067693801681428,11.886455684258165,0.1260594559650683,3,58.43875093330621,54.49860022610389,1,5,1,0
730,1,0,0.9957030720626623,-0.5972383759068267,15.971568532106687,0.0,3,52.43248242725674,34.06637222983736,0,4,1,0
731,0,0,1.1719067690970393,0.03855247830121371,11.44618396815864,0.0,3,50.54113050986196,55.1354813196026,0,4,1,0
732,1,0,1.9893479314490228,-1.2535218003539574,15.838514902692376,0.0,3,30.694061505277222,31.522191094087447,0,8,1,0
733,1,1,3.2760823987528163,0.7171880223730929,13.597269578386028,0.9991744571106798,3,100.0,52.31816855326782,1,2,1,0
734,1,0,1.4635516761794354,0.19033345084254902,14.622748120094592,0.0,3,49.71376421413376,42.53531671878534,0,6,1,0
735,0,1,3.0217842786679747,1.3612435847744049,9.710826779548196,1.046107158161425,3,65.54447239263033,68.6336312242922,1,2,1,0
736,0,0,1.2118875779192124,-0.4151561623473261,14.520905682045333,0.0399694839499547,3,40.32082231107654,46.053018791688935,1,5,1,0
737,1,0,2.0760732826932142,0.24683542490348273,14.718143529486715,0.0,3,52.31042683475255,41.12167101238737,0,4,1,0
738,1,0,1.9006636979427023,-1.7783122839418333,17.74748747590026,0.0,3,25.101017901475394,24.68507866286709,0,6,1,0
739,1,0,1.2230434749426917,0.804611685684666,14.174411542858229,0.7267285573989206,3,83.11708599654146,42.979963456847145,1,3,1,0
740,0,0,2.7413541699574293,1.7392696331369806,8.386866118132719,1.8634614434842187,3,80.34597369722277,74.75811431369596,1,8,1,1
741,0,0,0.9622167401194007,-0.7642357892657613,16.369534643591823,0.0,3,33.80135569512482,35.21212418715117,0,2,1,0
742,0,1,3.3679136351412695,0.2507133606203737,11.59068808140681,0.0,3,53.47567714159723,64.2845423744948,0,5,1,0
743,0,0,0.9125210975259574,-1.1583831749768294,13.146278066883646,0.0,3,32.20017430306761,47.561748613220715,0,8,1,0
744,1,0,1.6913460922019694,-0.9651441920825932,17.14176708940721,0.0,3,34.90691634183307,30.767916493316456,0,5,1,0
745,0,1,1.5080672410345817,0.8797245717228321,7.536727280631924,0.36768224305466757,3,64.2994142820533,59.709908729356826,1,2,0,0
746,0,0,1.5069836282386995,-0.9725001016137189,17.161222911902573,0.0,3,44.73463728267251,35.287925700043786,0,5,1,0
747,1,0,1.2651111342726742,-1.0491432598395487,18.170711768619054,0.0,3,33.663597401099416,26.01469671103274,0,5,1,0
748,0,0,0.9480069300000011,2.129811087697153,6.307912837219402,1.204684332290936,3,60.95883201028035,70.47142143125207,1,6,0,1
749,1,0,0.8951081637351185,1.0618165175736947,12.676733974900445,0.9834459661647921,3,68.43004748322303,52.45568009908336,1,4,1,0
750,1,0,5.035451377479996,0.3049972806979229,14.248946531786004,0.8641867654959593,2,53.9326186524923,48.411851996326284,1,9,1,0
751,0,0,0.6366908524553782,0.6706107730399911,12.929110921404137,0.43247105050028817,3,59.28980831077817,60.3064723675229,1,7,1,0
752,1,0,1.6707157598741968,0.6455104832753238,14.766512904507017,0.0,3,49.75751031916043,49.63834705720967,0,5,1,0
753,1,1,2.5342478732417777,-0.985199921720846,16.505735166434135,0.0,3,37.719895479015676,30.35042379843048,0,2,1,0
754,0,1,6.562207866892355,2.5507756422951986,9.284198963864927,2.2976459690877484,3,90.65299225317972,82.41975941430138,1,3,1,0
755,0,1,3.64477545061293,-0.5492550596915107,7.687073485285462,0.0,3,26.196515449921826,61.44532100881815,0,9,0,0
756,0,1,0.6796535749643066,0.6334490813377313,11.182755427203663,0.0,3,60.10976489774378,60.874509883406645,0,3,1,0
757,1,0,1.571741985120943,-2.1586117327315035,17.0649823385284,0.0,3,17.50196077303746,15.8070771423113,0,4,0,0
758,1,0,2.121777782614783,0.15569990279174006,16.05863362909676,0.0,3,52.13433345503707,39.44650134776071,0,6,1,0
759,1,0,2.712584251219736,-0.4970422676580703,16.93894237171729,0.0,3,76.98812472250864,36.41126748736011,0,6,1,0
760,0,0,2.166833454872909,-0.9464496713628959,10.679593862646362,0.0,3,36.14218238060145,48.3724386932924,0,9,0,0
761,1,0,0.6983776943737499,0.8193007584997252,10.788899164398574,0.0,3,61.01963944460629,45.428284074297466,0,4,0,0
762,0,0,0.6689636785132433,1.2624223540517157,7.669770032102347,0.7029401966305359,3,66.67208967795902,60.35064703715742,1,4,0,0
763,1,1,3.776937802265084,-0.5392621712172891,13.740356366386655,0.0,3,42.35432331730327,46.92380122654416,0,4,1,0
764,1,1,2.531412036879117,-0.7235064320226346,12.849148998318828,0.0,3,39.22951182384702,41.45657807844044,0,5,0,0
765,0,0,2.476768278645695,-0.7396979511309155,12.096898171599374,0.29100284657217124,3,37.79436711697929,38.72808776590399,1,3,0,0
766,0,1,2.3299935282928153,1.1861692263588135,6.537620284213217,0.6188548902259778,3,65.55848515035909,66.44367353180454,1,2,0,0
767,0,0,1.5225730941741538,0.32507435341045127,13.601925514431079,0.0,3,55.13468514678764,51.72737759659866,0,4,1,0
768,1,1,2.1085610535052695,-1.252146475240075,13.187656828328667,0.0,3,29.741235649961038,31.770171888010562,0,3,0,0
769,0,0,0.696696556529108,-0.9521175273526429,15.800519062051288,0.0,3,35.97862074541712,38.09998080423651,0,3,1,0
770,0,0,3.2735737028611895,-0.8045364484109284,14.890067586340784,0.0,3,0.0,41.702587329168935,0,4,1,0
771,1,1,3.527726350466096,1.3652580446893665,9.623146650840072,0.8796024090976682,3,70.46464319568257,69.7148593052473,1,8,1,0
772,1,0,1.4717376570743936,-0.41176293755995697,15.08756385364121,0.0,3,41.56705036864942,38.99279557590727,0,7,1,0
773,0,0,1.917628536405556,-0.9995452556403798,14.942099239187465,0.0,3,33.954277372030774,43.166687006105995,0,7,1,0
774,0,0,2.0508236627534737,0.7985693342464444,11.310509947953909,0.2791882866436855,3,62.02912424064808,56.89248618791283,1,3,1,0
775,1,1,1.7630400365473915,-1.1937021236679783,12.073170314104729,0.0,3,36.004136125355835,39.357173278388686,0,6,0,0
776,0,0,1.6793801587884645,-1.3659147126503592,17.049889515789776,0.0,3,30.367565445486886,35.44177808508874,0,2,1,0
777,0,0,1.1613072877997948,1.3023634105733153,12.088505494438339,0.741721700675179,3,75.58634688296038,57.86703659439704,1,2,1,0
778,0,0,2.061640087876416,-0.4462951703402658,14.938304570023476,0.0,3,43.33569975112454,39.78336150321815,0,2,1,0
779,1,1,0.996787950492983,0.05205657353163471,8.757736337258732,0.0,3,51.169199145308255,54.25393495096576,0,5,0,0
780,1,1,2.8461244365883793,0.9716135578857141,13.218241420772989,0.056639998775035005,3,64.00002063371096,57.37220933466626,1,4,1,0
781,1,1,0.7211401059606994,-0.4773338610130811,11.583042739787693,0.0,3,43.54013730620948,43.941198676495596,0,5,0,0
782,0,0,1.00739730884117,0.6370053114072364,6.58599400347566,0.0,3,59.72577589973231,63.45393816793925,0,8,0,0
783,1,0,0.6375716162326935,-0.24453386821527742,15.919015375741235,0.0,3,47.89440015277149,33.69360388572896,0,3,1,0
784,1,1,1.334431530388013,0.24266066348498705,12.859882069894,0.0,3,54.21932621671265,53.33048554841068,0,5,1,0
785,0,0,4.041170913402465,0.19664367094946195,10.47279580002677,0.0,2,54.15520935212831,48.73926332082401,0,4,0,0
786,1,0,1.6456213525940444,-0.6698338313647368,15.585553258157962,0.0,3,39.47393872511503,34.33634242086861,0,8,1,0
787,0,1,2.1933164138460852,-0.12459778151764,8.205449834192791,0.0,3,53.15821013355493,72.61697681842409,0,8,1,0
788,1,0,1.6348166173872158,-1.3510257167810642,17.629744146912813,0.0,3,30.23124026460442,30.27864818569681,0,8,1,0
789,1,0,0.8517424341065402,-1.296766271004703,17.215865714879598,0.0,3,19.470382966136306,30.8523008653945,0,6,1,0
790,0,0,0.7390682353042202,1.9286964050715028,9.747303918236957,1.6449153547289703,3,78.24224491942216,66.55776575099777,1,4,1,0
791,0,1,2.2039819507857317,0.7430250406488498,6.702524208651268,0.40483059110839126,3,61.93016445181224,69.16558809070116,1,6,0,0
792,1,1,1.339994738633031,1.3524621408147262,9.960309530771216,0.7414685339677107,3,76.33843169574695,51.855687600346585,1,5,0,0
793,1,0,1.2580796336577467,-1.9208690106633213,15.94056460477724,0.0,3,25.709189352156308,35.07983248118598,0,8,1,0
794,1,0,1.432031958564285,0.3729170444107293,16.66121432766108,0.0,3,52.7996247243503,35.67502202483114,0,2,1,0
795,1,0,1.365212581653959,0.2547760818704708,15.760547238186277,0.0,3,53.19076880703449,38.57589414219341,0,3,1,0
796,1,0,0.9524359855732707,-0.809398895230187,17.7577432519136,0.0,3,36.85939157076982,27.04322809311246,0,4,1,0
797,0,0,2.821243482831292,-1.472690815005058,19.890786458513453,0.0,3,27.353555761005442,17.689182379467656,0,2,1,0
798,0,0,4.143236721558493,0.9743355881150866,10.183684067350677,0.0,3,62.593012163541175,50.59347476186802,0,2,0,0
799,1,1,1.724146455667911,-0.02101927280758738,11.599148876096182,0.0,3,54.537525275691344,44.31487379122066,0,2,0,0
800,0,1,1.5128440241058583,-0.5540249680328522,8.594596004403089,0.0,3,42.29007163705066,57.72384046927666,0,6,0,0
801,1,0,2.035994940805947,-1.0057968492652132,18.538861635233566,0.0,3,36.371542224686,20.460760079004597,0,2,1,0
802,1,0,1.8492568131410498,1.5613336800930948,14.500787597314778,2.253912022626389,3,72.28622717994797,43.269086406054456,1,2,1,0
803,1,1,2.2436070727086994,0.052612035139002436,14.23895383620978,0.0,3,39.71404399224242,50.249923203476044,0,6,1,0
804,0,0,4.996180608214667,-1.5694380692961258,18.08975073322518,0.0,2,25.179279642568165,26.150181587252156,0,5,1,0
805,0,1,2.5387850531155602,-1.1220203894717538,9.670129787567697,0.0,3,33.43259588225309,55.19206500584846,0,8,0,0
806,1,0,2.619389626411189,1.1823311659876417,12.650894356984054,0.46847694456746686,3,67.01459162261612,49.71979987187449,1,3,1,0
807,1,0,3.8483796562225443,-2.0423895212612697,14.711734926101062,0.0,3,19.562301815964172,26.804334087269872,0,9,0,0
808,1,0,1.8246263589236018,-0.04162916079498087,16.93017900098846,0.0,3,51.244225805044664,38.56400294012571,0,4,1,0
809,0,1,1.8641461437611648,-0.39618543712994214,12.177224152117423,0.0,3,45.818616203225886,56.79443373529398,0,5,1,0
810,0,0,1.4119564910908462,0.4288759705999496,11.814205164099981,0.012789969311730653,3,55.9639932350493,54.20843769066015,1,5,1,0
811,1,0,0.5286056785447301,-0.7565419219696294,15.422582463765039,0.0,3,0.0,24.062469362804798,0,4,0,0
812,0,0,1.858900930399194,-0.7651964359487033,15.495526016499099,0.0,3,50.14463187451538,46.1890898282232,0,6,1,0
813,0,0,1.2744851585309493,0.3071266701268678,13.896286084889473,0.0,3,52.22201624877593,46.56626034709255,0,5,1,0
814,0,1,3.599883863035773,2.0852363193078522,6.784060870855457,2.7062416153450144,3,85.20123737650592,82.50007704504057,1,6,1,1
815,1,0,1.8188253032485153,0.7132567638856,15.41277610414094,0.0,3,69.63846999320889,38.44440243401482,0,2,1,0
816,0,0,0.7565767960658869,-0.8665359704930564,13.182242040040384,0.0,3,32.90081059034069,47.61732256096249,0,8,1,0
817,0,1,1.4166991223035958,-0.15663856541969512,13.362810466111643,0.0,3,60.24211648139464,54.19910350587532,0,3,1,0
818,0,0,0.6997203576056636,-0.7062260773784947,13.539351715448227,0.0,3,39.73738718056303,35.754816337230295,0,1,0,0
819,1,1,2.2804894732542933,1.0285101023515077,7.532709546986625,0.3181931099052997,3,65.82449273308444,61.338810410114334,1,4,0,0
820,0,0,0.7349068937462441,-0.10994079346795267,13.556940571731317,0.0,3,48.68768260431117,46.62343519628644,0,4,1,0
821,0,1,1.678838529307228,0.16906690774447544,8.485390305055843,0.0,3,48.90544188619492,70.80382421493762,0,5,1,0
822,0,0,2.6893075362512318,-0.12604139487030536,10.092775479696279,0.0,3,49.94330868608506,50.309426498217114,0,4,0,0
823,1,0,2.58001383054198,-1.416342175981252,16.480749842268064,0.0,3,26.182530230686407,16.743840415033418,0,2,0,0
824,1,0,1.3943928645791075,0.27986506653509896,15.574284031902527,0.0,3,56.23619464027823,35.887205974349,0,3,1,0
825,0,1,2.783479552406796,0.03541208878898686,10.564219081363138,0.0,3,51.5166131579948,66.84030776559452,0,9,1,0
826,1,0,1.670992011245579,0.5914840362847019,14.477116083824438,0.0,3,58.457544631457175,42.745785512380756,0,3,1,0
827,0,0,0.6188725762753713,0.40819131034863493,16.505508169438002,0.18360684143228523,3,59.23418783751815,38.475603294473245,1,5,1,0
828,1,1,1.3865539081614493,-0.9284812935470016,14.142684831946317,0.0,3,39.614053516306406,32.62387138211262,0,2,0,0
829,0,0,4.3698615735780875,0.5210738499536287,6.350673284774241,0.3864158588999206,3,58.93860522474686,68.79095682185272,1,7,0,0
830,1,0,0.5018405340898933,0.05435511612983477,14.805929227945276,0.0,3,50.40668436416904,41.742521623653765,0,6,1,0
831,0,0,4.735005606562172,0.434598408956922,12.261936663829198,0.08536208681730989,2,0.0,57.429361459693,1,6,1,0
832,0,0,1.4040816818924984,0.9952902214793456,8.033695349341746,0.6581602495280017,3,65.6268957262885,62.63888866099516,1,6,0,0
833,1,1,1.2864527546260316,-0.47980487015014744,16.414666429698766,0.0,3,53.646598136583194,34.45056238567346,0,1,1,0
834,1,0,1.775053059049581,-1.1490027316358067,16.421976597760455,0.0,3,31.73901581256486,33.692214959472416,0,9,1,0
835,0,1,4.637710101230369,-0.4762691170332486,7.760561912155241,0.0,3,43.239208196281545,64.90963136528794,0,9,0,0
836,0,1,1.0260886620867797,0.8174634593051221,9.719312288554542,0.8036798301381897,3,60.83916128900318,66.00685861007265,1,5,1,0
837,0,0,1.11946197492374,1.7521119061727484,12.952176004486342,1.596586138146021,3,76.61369894410511,51.782593933689625,1,5,1,0
838,0,0,0.9778366109003996,1.0785173448894863,11.238220619389988,0.048560728584776336,3,66.85686720464908,55.358852168187624,1,5,1,0
839,1,0,1.1846971682098808,-0.6088562144106313,16.81088223397385,0.0,3,38.317541860585294,29.967260457617538,0,4,1,0
840,1,0,1.0407763430926666,0.6707157988189321,13.016052549216871,0.0,3,70.51099605216366,47.95433207449879,0,6,1,0
841,1,0,1.3060270348717364,0.37084443819205065,16.17917921132082,0.0,3,83.08582668132107,38.4925560540369,0,2,1,0
842,1,0,1.1487020740545828,1.4629526730268405,14.434840824879688,0.2941766526645555,3,71.08319893103288,49.684883196635994,1,3,1,0
843,0,1,0.5686195610482659,-0.8555565764110138,14.29458675221095,0.0,3,38.00505529306784,46.42159118055511,0,1,1,0
844,1,1,1.897053027672053,-0.016558111003368438,13.918703162604078,0.0,3,49.21854448657206,44.283008633119536,0,5,1,0
845,1,0,1.4178783226821725,-0.940230041044513,16.059627110475944,0.0,3,35.971249505097404,36.74091182293298,0,7,1,0
846,0,0,2.9174396619325775,1.1572286022466445,11.811787265254626,0.0,3,67.34127760853323,60.8077878291056,0,6,1,0
847,0,0,1.1330487501764617,-2.3683531436346086,19.950217985456966,0.0,3,13.977917165607318,18.914660605077607,0,3,1,0
848,0,0,1.034634764842829,0.7338504397855296,13.061215613962403,0.5703072259286825,3,59.62412308976572,58.3342661648175,1,6,1,0
849,0,1,1.0150269598644672,1.0745954990590025,10.486928666649787,1.1409671336781966,3,66.22756284851573,62.73790402761212,1,2,1,0
850,0,0,1.9065321443051344,0.6545607477876437,9.389987130443004,0.5373186050951324,3,61.01902149182034,66.28984225994085,1,8,1,0
851,1,1,2.4833852429516146,0.40288842610507,9.922867543375865,0.27676050492715387,3,54.397831422070965,49.26362752893413,1,4,0,0
852,1,1,1.7402435538203065,0.5927476794384324,9.444748778025508,0.929731283916672,3,56.454060206138266,56.67533654732992,1,5,0,0
853,0,0,1.810275754797647,0.14717418524880782,13.60388094178643,0.0,3,50.83322369350347,50.018396240096365,0,3,1,0
854,1,1,1.9623506488501983,-0.053893011478817164,9.912649892805904,0.0,3,47.13424806420295,52.66099248387151,0,5,0,1
855,1,0,0.8525421826336768,0.9110365038142709,11.981781383588627,0.7164502752468285,3,63.164277938896525,40.2003273385557,1,1,0,0
856,1,1,0.8034434127102147,0.090548550533783,11.659538428349265,0.0,3,50.545544310473545,44.340111672755874,0,6,0,0
857,1,0,1.479993408983976,-0.10576667339491785,17.388080766023084,0.0,3,48.58338342179665,36.902805766327255,0,4,1,0
858,0,1,2.089144533195594,1.2615146803419983,9.376696652730756,1.205195280512839,3,72.09523793937568,70.30197769136147,1,4,1,0
859,1,0,1.9480127791110369,-0.4917774503357179,15.443163227493514,0.0,3,44.38009957618818,38.20911308550401,0,5,1,0
860,0,0,1.6222052509141318,-0.6782242379528091,14.316059644607744,0.0,3,41.38808091512418,47.47222659710248,0,8,1,0
861,0,1,3.0490470446257882,-1.0971304043994843,15.543372174035474,0.0,3,33.77438524472278,46.56422694450146,0,3,1,0
862,0,0,1.7127354561020023,0.9334540542900057,10.676065006146949,0.025343911794825036,3,64.34736010208401,53.05149229285329,1,3,0,0
863,0,1,1.5262396092153663,-0.5575178369391259,8.446146726061013,0.0,3,43.30826720147892,56.116299336295995,0,6,0,0
864,0,0,0.903641664538259,-1.2800718590031224,16.497094384383576,0.0,3,32.48278420645753,30.1269694512256,0,1,1,0
865,0,1,2.7965230422594676,-0.045176148549828495,8.47492198411861,0.0,2,49.07586018809589,61.909207959166636,0,7,0,0
866,1,0,1.316897759396616,0.29762253340717015,14.679687347392173,0.0,3,54.74371132519827,43.754697189604485,0,5,1,0
867,0,0,4.279611153221899,-0.537226878469286,12.774868446442206,0.0,3,40.324233013862084,51.52338897819842,0,6,1,0
868,1,0,1.6258961144124964,-1.067494198711095,15.040572162142203,0.0,3,34.72073464286055,26.08946099050609,0,5,0,0
869,0,0,3.3517441799882155,-0.057520899676399236,12.656198142957484,0.0,3,49.41182032279801,51.32797234058025,0,6,1,0
870,0,0,0.8609240242384923,0.2150705049462261,11.145275623885533,0.30907508385008275,3,53.024672196726854,55.931554929735256,1,6,1,0
871,0,1,2.0032478220491834,-0.36795834671354116,10.693079609767148,0.0,3,66.45023049016916,64.11760372903716,0,8,1,0
872,0,0,1.7598886044147286,0.44289321094059486,11.157302218175083,0.0,3,50.21748359540968,56.19597454038006,0,4,1,0
873,1,0,1.5704332683362372,-0.2919024903842395,16.24863964419042,0.0,3,45.13000215225056,33.95945577648533,0,3,1,0
874,0,1,1.5010904396081934,0.295595318585706,10.975687494406237,0.0,3,54.71100925747319,62.09995798256489,0,5,1,0
875,1,1,3.3975099135365685,0.8735696260247822,7.524383794149653,0.0,3,62.30667535109727,61.767635278292275,0,7,0,0
876,0,0,1.0015084913300087,-1.192636987903374,14.361332608670478,0.0,3,32.498585045627046,41.674888687217376,0,6,1,0
877,0,0,1.4594172127849228,-1.6925402223940396,16.077009492667113,0.0,3,23.121921469451934,33.84603665420288,0,4,1,0
878,0,0,1.6057544573029132,-0.3772436251404088,13.369708528867845,0.0,3,44.110569211373765,48.024594179675454,0,2,1,0
879,1,0,3.1240147752569203,-1.588653566662904,19.290525151107065,0.0,3,26.04239589898613,18.231934803423144,0,3,1,0
880,0,0,2.9398470982758873,-0.2553997971259549,15.574990010660063,0.0,3,46.586814727864756,39.599477946580485,0,3,1,0
881,1,0,1.6370636537207683,-1.2703159841938496,18.903390142331837,0.0,3,29.591096839684468,28.59637852796854,0,4,1,0
882,1,0,2.21978928373291,-0.9202743999114625,16.315003256235123,0.0,3,39.846644126563824,29.26580661517451,0,4,1,0
883,0,1,0.9906167525036964,-2.200713398897515,15.30796297345542,0.0,3,22.187204593228216,41.01105729692354,0,6,1,0
884,1,0,3.8385434703110173,-0.4726916061262733,17.07964519578423,0.0,3,44.995939100090446,31.828594883458386,0,1,1,0
885,0,0,2.3301590749928702,-0.22089604173734237,11.61322626370468,0.0,3,48.08906276775943,45.06823471615503,0,3,0,0
886,1,0,2.2087669789555493,1.3377924358198763,10.867669089732338,0.7986480080477076,3,69.77581646166412,49.97657985161479,1,3,0,0
887,0,0,3.020367400093553,-0.8767775064689788,10.255245000864907,0.0,3,37.507958012105156,47.77004802623276,0,7,0,0
888,0,0,1.6550495223458073,0.09859879943271874,12.058551284063439,0.0,3,50.7198246765859,42.75928084870862,0,3,0,0
889,0,0,1.1055376304643953,1.6544016872612943,10.44493256644257,1.3773441069216903,3,75.1061258377242,64.61038509767077,1,3,1,0
890,0,0,1.9802090424005363,0.22365271767032863,13.727039870497375,0.0,3,54.508589590609816,45.500299718501836,0,5,1,0
891,1,0,1.0626223969318807,0.5285180959580975,8.978946550005451,0.0,3,57.29909958102784,52.68121714618098,0,5,0,0
892,1,0,3.7169980235003472,1.3684733374120948,12.693631236760648,1.077001459881442,3,73.6448072308493,50.73471662460482,1,4,1,0
893,1,0,1.5032725480297315,0.06752728954205639,14.845409786460511,0.0,3,51.523689771415974,39.49406127637959,0,5,1,0
894,0,0,1.4560625513552161,-0.34158505318404964,12.433713503542092,0.0,3,43.83028124092604,52.20059176284435,0,7,1,0
895,1,1,0.9355305478349561,0.30040342843737067,10.018841009618297,0.0,3,53.84643050779497,49.482316027926515,0,3,0,0
896,0,0,0.7868976865685683,-0.6106938344570947,11.399243164423169,0.0,3,43.89007028126553,44.030435408510236,0,6,0,0
897,0,0,1.1887879558252286,1.5024285644190616,11.046360912588812,1.9279474763814484,3,76.0359113043207,63.64199971636602,1,4,1,0
898,1,0,2.580093988272445,0.05390536284493006,13.675536616306736,0.0,3,44.26451135455168,38.957039624913676,0,4,0,0
899,0,1,1.7038131804365053,-0.4365311920678315,10.43248416110454,0.0,3,40.733999862099594,50.56675353919611,0,6,0,0
900,0,0,2.3096767170341397,-0.37788241250676896,9.528877185687522,0.0,3,45.10278539165775,50.616741411437864,0,5,0,0
901,1,1,3.074970545532785,-0.9659635356244648,13.342908343914795,0.0,3,36.500368512176934,34.40889347149686,0,3,0,0
902,1,0,1.437250501877565,0.9593322678551394,14.978667177589488,0.896241341925258,3,63.703996374309384,39.25578866081112,1,4,1,0
903,0,0,1.5563986286943832,2.1739710285158935,10.822727657483204,2.2713910633092316,3,82.0560675769975,63.854173607561904,1,2,1,0
904,1,1,1.4545325037336796,-0.7345803315676821,14.552105213109677,0.0,3,47.48001576820449,42.812098896247164,0,5,1,0
905,0,0,1.3797378626175472,-1.1650094346023128,15.126218639768371,0.0,3,32.666190497106626,40.47408087084574,0,3,1,0
906,1,0,1.8842148960772476,0.17317656556384875,13.615557733944618,0.0,3,50.84299107120036,47.86718874021004,0,7,1,0
907,1,0,2.508434035085309,-0.2672341755447614,16.7247196337263,0.0,3,46.41072296202858,37.21647494708777,0,4,1,0
908,0,1,1.6598144592453108,1.1103640068964886,3.16654733141029,1.2133047184872408,3,69.39526492168673,83.29317432226036,1,9,0,1
909,0,0,2.516966721441694,-0.9009072984782333,10.68079218708185,0.0,3,37.5129422883894,46.132187093657365,0,9,0,0
910,0,1,1.8281097405804023,-1.2761125263495372,11.49387457564654,0.0,3,30.380851840062977,42.65201160018534,0,3,0,0
911,0,0,1.6908765739961615,0.37772058816254084,12.791868031747406,0.0,3,56.073142003924865,53.50251667288632,0,5,1,0
912,1,0,2.2556095427439367,0.10222197347213807,15.793987916159873,0.0,3,51.492982443211645,38.950523707339286,0,3,1,0
913,0,1,1.6678640401081273,1.2281742808919283,7.495268327672282,0.4400458749388889,3,66.99014858136358,65.3161369472365,1,5,0,0
914,1,0,1.3460489476949216,1.412270253195941,12.622384115541998,1.0001328692742966,3,70.36166890039038,49.56268030166303,1,4,1,0
915,0,0,0.4339790891304377,0.6423237508446233,11.767090167208337,0.0,3,57.16098104609546,53.892069456609086,0,4,1,0
916,1,0,2.515793498629958,-0.669436511368336,15.833741987221403,0.0,3,47.42888384485203,34.2203649268813,0,5,1,0
917,1,0,1.8936502345299318,-1.2664870443460352,15.96181281064531,0.0,3,32.60529021733176,24.49825346563632,0,5,0,0
918,1,0,3.109239137696043,-0.8064196336209308,17.074478852989756,0.0,3,39.281469142828016,30.357286688923892,0,4,1,0
919,1,0,1.4178212788184321,-0.9042263688954704,17.182517952243824,0.0,3,36.68870693882976,34.82942773890852,0,7,1,0
920,1,1,4.568139930710492,-0.09323491302550181,10.284390519332572,0.0,3,48.60071730354975,51.16077116038865,0,6,0,0
921,0,0,1.5505580199760833,0.3486521619772718,11.209771775659393,0.0,3,53.30713872812296,44.36862065508187,0,5,0,0
922,0,0,1.1906434653009663,1.2033090796889059,8.255417695113703,0.0,3,66.42790909147662,61.66468586765692,0,6,0,0
923,0,0,2.913418126377552,1.382039934426615,5.972045874233347,1.3833595454365653,3,71.28546209738835,70.40541751114158,1,9,0,1
924,0,0,1.0129014336872697,-0.4779909764763104,11.654818913092985,0.0,3,43.9506549181368,38.909109708329765,0,1,0,0
925,0,0,2.053228098640521,1.66973143021676,12.079605802825089,1.1985815849992347,3,73.97047910218313,56.62875061912973,1,2,1,0
926,0,1,0.5863813711896418,-1.8152609252606349,10.520218852890839,0.0,3,22.835855065026095,44.4271357662827,0,7,0,0
927,0,0,1.3130874339850052,1.9235046966771414,9.957478726781044,2.146045782352493,3,79.63811469462571,69.83509280516357,1,3,1,0
928,1,0,3.450313504019182,-0.542726027660067,16.0946584625015,0.0,3,42.82942885421997,35.90701338612456,0,5,1,0
929,0,0,2.9347219533244,0.7683822073807314,11.87714181847912,0.219865278532197,3,59.97815430997667,59.486952987356595,1,5,1,0
930,1,0,2.0911399661703234,-0.026005828022808045,10.370663120460836,0.0,3,49.59876002269141,47.035938909670506,0,10,0,0
931,0,0,1.2740286449639697,-0.7613782035550292,14.625816386798073,0.0,3,38.70583053258555,28.058121133494552,0,2,0,0
932,1,0,0.9575757556321687,0.42302667114534215,14.193252405059027,0.0,3,56.553320563900705,43.710802011251474,0,4,1,0
933,1,1,1.0666494683093022,-0.7519263697476944,11.714047094600632,0.0,3,37.52285348604747,45.538138815942844,0,3,0,0
934,1,0,0.6669781428761684,-0.9639468594580253,17.558132192412252,0.0,3,34.86631020611092,26.811434041023368,0,2,1,0
935,0,0,1.0806057414808152,0.9913867638489512,10.801149738683431,0.361248313499261,3,65.04904748254314,64.69921306787191,1,6,1,0
936,0,0,2.0775309648450078,-1.8818048162500696,15.368858354830728,0.0,3,20.934444416607636,23.928224915337154,0,3,0,0
937,0,1,1.6950384797994462,1.1745575516543731,8.6572469610839,0.1553506339406533,3,68.1299773890387,70.15362254041594,1,5,1,0
938,0,0,1.7754717690871193,-0.0324578830785217,12.285587222996062,0.0,3,49.44212913852476,54.064769102466784,0,7,1,0
939,0,0,4.957619610155695,-0.7160880826018476,14.464058221851625,0.0,3,36.18030366017638,40.75178562949335,0,5,1,0
940,1,0,2.072546633313391,-1.5973058766919688,19.41804788021857,0.0,3,26.57299129466676,23.40937164725572,0,4,1,0
941,0,0,1.4252554593962343,-0.8109884363363724,14.802185366530935,0.0,3,38.676628142382675,42.13340537933451,0,4,1,0
942,1,0,2.9838861990455112,-0.14916009841254774,15.031135069326833,0.0,3,48.15254129228984,38.021292086903976,0,5,1,0
943,1,0,2.1171228423763484,-0.7940694597434889,19.07701858596553,0.0,3,33.70422158053042,24.003654883797864,0,2,1,0
944,1,0,4.085956704554494,1.3491457029080784,12.6858823977476,1.406964345104778,3,69.82115750346107,50.789610092912696,1,3,1,0
945,1,1,0.777913689828368,0.277926903088217,10.497569019720201,0.0,3,45.19130239996714,47.125622584569285,0,2,0,0
946,0,0,1.3850419720520413,-0.6092603581235383,14.314179350440718,0.0,3,48.09920850442797,45.046558181830925,0,4,1,0
947,0,0,1.7841562939308253,0.6949834706299042,13.682668874955597,0.0,3,60.583391624778145,48.25373358425263,0,1,1,0
948,0,0,1.635360431509537,1.3559691367369642,8.548085681221247,0.9647871117126864,3,69.74449373560566,63.45514454813852,1,5,0,0
949,0,1,1.6999134260343167,0.7009076849719238,12.138029662440317,0.0,3,0.0,55.293108373171506,0,1,1,0
950,1,1,1.8042345398097477,1.7234783637623332,9.692926009741214,1.2853085181481505,3,54.26316068437879,68.93620027682746,1,3,1,0
951,1,0,2.8492269301185864,0.8977073503464906,9.357134398613995,0.0,3,62.44856230149025,52.10805746631149,0,7,0,0
952,0,1,2.2998177301031633,1.1205461743130707,8.262125334764129,0.0,3,65.51414126510413,73.40378621880906,0,5,1,0
953,0,0,2.1851754434038164,-0.8160718482523159,16.759663383889436,0.0,3,37.128995973305166,32.00265282495051,0,4,1,0
954,1,1,1.5144971678801173,-0.6668227701376169,12.657308297328807,0.0,3,38.20846859816902,43.30944209843918,0,7,0,0
955,1,0,1.7001443183815985,0.1361313210101008,13.30700130025015,0.0,3,52.2883992572449,46.01951832955223,0,3,1,0
956,1,0,2.805538008690159,-0.7674069713572269,18.345018247432467,0.14718027951522616,3,47.08709400194773,22.75248310601716,1,2,1,0
957,0,0,2.239206253932204,-0.8672426546700158,14.620529292026523,0.18170824625035764,3,35.189948038165596,41.38893421607532,1,5,1,0
958,0,1,1.5775862487086318,1.0765024681652156,10.0959051688441,0.5661154545030455,3,66.07025927178599,66.4006892895977,1,3,1,0
959,1,1,1.6910699130152584,0.4839539144291908,13.959343383520961,0.0,3,56.01064105442956,52.17601654553844,0,4,1,0
960,1,0,0.5471299599589966,0.7272367197500579,8.010580673024435,0.9863809769995491,3,61.28858167370101,63.80880595211059,1,9,0,0
961,0,0,0.7665117789761903,1.0524081232669207,11.967496982732154,0.6153332510684951,3,69.13994464343449,59.00344134048864,1,6,1,0
962,0,0,0.6811723247940464,-1.0575793879774766,15.458786501053288,0.0,3,34.5856970298416,38.32170325224295,0,4,1,0
963,1,0,2.880966412732,1.5077077201823332,12.577001124814682,1.5976167586778598,3,71.83251938298609,50.14927617352149,1,2,1,0
964,0,0,3.0405433029087225,0.23276120315961432,12.943373891674224,0.0,3,53.48187291448771,53.13871318399857,0,2,1,0
965,0,0,0.9906381152460882,-0.892115255657166,11.480770377510927,0.0,3,36.209260168015895,45.19915316136418,0,5,0,0
966,0,1,0.9467776486520931,1.0190338270593715,6.314753741233912,0.024927130070314107,3,66.06244949102215,68.2874793885537,1,4,0,0
967,0,0,1.7758733888295664,0.16900962388062268,10.442642638240581,0.0,3,52.25992286199555,56.68925938518107,0,5,0,0
968,0,1,1.937677294746548,-1.4983927975703664,13.789483936920615,0.0,3,28.429395104955383,50.471916892791754,0,6,1,0
969,1,0,1.4172336607862386,-0.503999957655331,17.102187756404735,0.0,3,44.570487480425406,30.950526359267045,0,3,1,0
970,1,0,1.054083461083341,-0.9567124462621901,19.129999474782274,0.0,3,33.36724143867124,26.038200815849464,0,4,1,0
971,0,0,1.4247474579746777,2.014963997364937,7.889862956951167,2.037290037555662,3,79.99781303111173,77.0954638173648,1,7,1,0
972,0,0,1.2211303206671733,0.2733645930279482,11.982567652911797,0.0,3,53.34445834205841,53.506189692613425,0,5,1,0
973,0,1,1.5491821502533623,-0.8799873520372675,10.262325628443033,0.0,3,35.29152951993632,51.14208943688872,0,4,0,0
974,1,0,1.2312266664959697,-1.3789196701407822,17.11049369202775,0.0,3,28.788179693808466,27.00038930721826,0,5,1,0
975,0,0,0.8682599845314244,0.6862446457606556,11.435458077974266,0.3699491878879519,3,61.68598506518719,48.11056914736683,1,6,0,0
976,0,0,0.9577567424628782,1.1158043932809376,9.187385975945938,0.0,3,65.9503585637117,60.694579297377146,0,5,0,0
977,0,1,1.2868732204750692,-0.6097535727046428,12.694379814090476,0.0,3,42.07876375442208,54.94235439141648,0,5,1,0
978,1,1,2.183236673037787,0.30463316867266227,10.99500834236716,0.0,3,51.32008899091347,62.168346244673586,0,10,1,0
979,0,1,1.8375465407105993,0.8836621945005305,11.775465567122772,0.652994908515904,3,100.0,64.83172382512805,1,3,1,0
980,1,1,0.5621268115639789,2.3629676002871034,5.057442741792937,2.9435196788305014,3,83.97115845522184,76.83245437239613,1,7,0,1
981,1,1,0.6843812770410234,1.0006517437449203,10.67128702446977,0.0,3,73.12737155343598,60.08002935285293,0,5,1,0
982,0,1,1.40231690736902,0.3282740438415606,7.954504759602673,0.42210697496415206,3,57.8542460882459,60.14913206730321,1,2,0,0
983,1,0,3.304187249365418,-1.1527780780444454,19.033994463980786,0.0,3,29.418756922658325,24.42836109879367,0,5,1,0
984,1,0,2.3378763651697834,1.1022083280108539,12.11640229608587,1.0650142727492473,3,65.83924900033887,56.46818021028749,1,9,1,0
985,1,1,1.2646855665404992,1.169617991920495,8.980381705991032,0.9721484479457084,3,66.25430520396777,57.63149687241652,1,3,0,0
986,0,0,1.8593955879052992,-1.9567876425919064,13.742503903989677,0.0,3,20.50123908740685,32.86055742530997,0,6,0,0
987,1,1,1.3605497225042509,-0.557906547073585,15.487559750132663,0.0,3,42.430698341305686,37.40751598846171,0,3,1,0
988,0,1,1.1967221538399508,-1.0699022475891324,11.234809226372317,0.0,3,32.37741172199648,41.73569491925144,0,3,0,0
989,1,1,2.626335452087995,0.16904281860328155,9.464081868258098,0.14242553951092563,3,52.67573041332596,52.68251096908143,1,3,0,0
990,0,0,1.421454304335614,-0.27703816940545617,14.304051231033135,0.0,3,45.94039756557997,45.733043449788134,0,5,1,0
991,1,0,1.9138589300142141,0.3139609210541243,14.303896214511491,0.0,3,54.84452919493734,45.599702271661585,0,5,1,0
992,0,0,1.4256336517863333,-0.9939401848020324,17.115961117675067,0.0,3,31.116365863992282,34.47839762390238,0,2,1,0
993,1,0,0.6806414877932573,0.648613551048734,13.419716548788463,0.0,3,64.9119694917849,47.959351719127575,0,7,1,0
994,1,0,1.162841930049704,-0.032581751468112714,12.228270371569959,0.0,3,49.49152100893034,37.090167965257834,0,5,0,0
995,1,0,1.0908150772036351,-1.5526143556604939,16.876711650069055,0.0,3,26.021635027458345,16.491860293649346,0,2,0,0
996,0,1,1.7162412237650737,-0.1518253334874292,7.560538788520437,0.0,3,48.1300605140928,59.759183787880886,0,6,0,0
997,0,0,1.9895175597970938,-0.46040294990801856,11.051871732501427,0.0,3,43.374099530514485,44.38140025385904,0,5,0,0
998,1,0,2.7961340894410918,-0.9358056165789617,17.730987633655072,0.0,3,35.839732767203415,30.549702363788544,0,7,1,0
999,0,0,1.6190872803581282,-0.7806126037171075,14.3183788921006,0.0,3,44.770708129183056,43.964616134632635,0,8,1,0
