candidate_id,S_ImmigStatus,X_uni,X_code,X_behav,X_ref,X_exp,X_permit,Y_Target
0,0,1,48.865473463496585,37.103966569752245,0,3,1,0
1,0,2,55.68302087649864,55.84013534417582,0,4,1,1
2,1,1,32.88514187790519,50.79793548476512,0,7,0,1
3,0,2,68.35735505777417,49.68493937299091,1,4,1,1
4,1,3,8.758436241782283,30.73796049414769,0,3,0,0
5,0,1,64.76826600815181,51.89762534039578,1,2,1,1
6,0,1,45.91857404135079,45.588932717748136,0,3,1,1
7,0,2,48.34910971962025,56.90833804867355,0,8,1,1
8,0,2,61.21679735508872,58.46947899584287,0,6,1,1
9,0,2,45.65146617178734,42.34251689787175,0,2,1,1
10,0,2,68.01330640176211,70.36361670955216,1,11,1,1
11,0,3,50.14697704526076,40.75913392352308,0,1,1,1
12,0,2,54.54523410460265,59.50892796297249,0,7,0,1
13,0,1,60.68865636715254,47.046147177141805,1,1,1,1
14,0,1,39.65334152608674,42.613980037129394,0,7,1,1
15,0,1,34.24764484812886,27.00068583185807,0,2,1,0
16,1,1,70.15644148378476,66.84255579398803,1,3,1,1
17,0,1,39.303394584160245,42.282102382391784,0,4,1,1
18,0,1,53.922888604316896,59.03433889625525,0,7,1,0
19,1,2,44.48825907982027,48.57946550973464,0,2,0,1
20,0,3,51.53495297536384,34.10247984276724,0,3,1,0
21,0,1,33.60337571331434,25.277435863059445,0,1,1,0
22,0,1,36.53862228774484,32.532494089462375,0,2,1,1
23,1,1,44.13517017707122,59.86680855249087,0,9,1,1
24,0,2,45.05844545780639,39.803593216117626,0,4,1,0
25,1,1,30.033742460590286,44.87614821169818,0,8,0,1
26,0,3,71.53852141018703,65.0397350584695,0,9,1,1
27,0,1,43.61742784410066,43.318725287902595,0,5,1,1
28,0,3,52.40134640576932,60.15786249298873,0,4,1,0
29,0,1,52.369584198504576,47.259610611838454,0,6,1,1
30,1,1,27.43213113509909,27.779172501037234,0,2,1,0
31,0,2,58.961238412885734,56.009614910161716,0,5,1,1
32,1,2,48.12357153009559,59.87318269369865,0,4,0,1
33,0,2,36.59947176367239,36.15232424296311,0,4,0,1
34,0,3,51.469815477631,55.82823910159358,0,7,1,1
35,1,1,34.83657141531493,48.96073963415057,0,4,0,1
36,0,2,45.04342121381351,47.38031999337513,0,3,1,1
37,1,2,58.63647340389588,68.32500978880762,0,8,0,0
38,1,2,71.28762847878671,76.17882293906682,1,7,1,1
39,0,3,34.734334138059566,37.706323080104845,0,5,1,0
40,0,3,25.813505376121444,33.837163466730615,0,7,1,0
41,1,3,46.08590546368869,58.37097748812305,0,8,0,1
42,1,1,51.107057282889926,57.608012305272126,0,6,1,1
43,0,1,41.52299281138387,44.422669217417024,0,8,0,1
44,1,1,56.90666049765123,61.53688962424618,0,3,1,0
45,0,3,57.85431581932566,44.463926573463155,0,2,1,1
46,0,1,56.628015327096314,49.54961168385219,0,3,0,1
47,0,2,41.425785989817626,32.61308283030638,0,5,1,0
48,0,2,70.77313330797743,72.47241543736746,1,7,1,1
49,0,2,66.41230882746899,53.2973409286099,1,5,1,1
50,0,2,57.65049870535217,65.83764396621208,0,5,1,1
51,0,1,46.653315602116436,44.48629776027552,0,2,0,1
52,0,2,63.411234443098216,57.7376156092272,0,4,1,0
53,0,2,68.96554276199767,32.77586649941207,0,2,1,1
54,1,1,58.04412571765197,71.29533864259022,1,7,0,1
55,0,1,52.37837413704306,53.483268953444025,0,6,0,0
56,0,2,59.63860379799669,49.926477063915016,1,4,0,1
57,0,1,72.73898955825975,55.04846415902411,1,5,0,1
58,0,1,55.77447242763911,55.01719217170699,0,9,1,0
59,1,3,48.54003001827029,58.92541777935732,0,7,1,0
60,1,2,17.65439838365161,34.89168409464469,0,5,1,1
61,0,1,100.0,47.88054254838553,0,6,0,1
62,0,1,49.364875784122184,48.50830921768961,0,6,0,1
63,1,2,48.899209104542535,49.539833545279414,0,3,0,0
64,0,3,63.204348520559925,60.67116174515336,0,8,0,1
65,0,3,65.11916715926141,38.40622467752445,0,4,1,0
66,0,2,69.33866323112223,55.24838010876039,1,2,1,1
67,0,1,32.36869885932185,45.88628404297968,0,9,1,1
68,1,1,48.750127917702855,58.027128674962896,0,8,0,1
69,0,1,50.72058836844083,46.062024916844685,0,4,1,1
70,0,2,42.029818369691235,39.39665605441347,0,4,1,1
71,0,1,31.592259342942594,30.646926447803015,0,6,1,0
72,0,1,55.340257198136335,44.60997161116929,1,3,0,1
73,1,1,52.095157392025065,63.25502137927048,0,5,1,1
74,1,1,65.08719468963389,62.624150818580645,1,5,1,1
75,0,1,46.79188843170264,44.886618377819644,0,3,1,1
76,1,2,52.425721217453784,55.6304254690112,0,3,0,1
77,0,1,64.86380957979381,56.65044907095154,1,5,1,1
78,0,2,51.4043562304495,50.37997910106558,0,10,1,1
79,0,1,75.73196491441225,18.881061541096727,0,2,1,1
80,1,1,38.777739563032846,51.92747186519945,0,10,1,1
81,1,1,70.55455131635526,71.2753754945404,1,5,1,1
82,0,3,55.479349567549185,40.702153925716644,0,4,1,1
83,0,2,54.570410520880884,52.99089254780717,0,5,0,0
84,0,1,60.84749908664128,53.188501526228784,1,6,0,1
85,0,2,66.74927760583444,65.44336916811008,0,8,1,1
86,1,2,52.39092811222408,57.89862282912208,0,2,0,1
87,0,2,77.29046973728708,65.63937715500742,1,4,1,1
88,0,2,54.38016728716665,59.53481694956075,0,7,1,1
89,0,1,31.75297496026336,42.26635445347692,0,9,1,1
90,0,1,48.53557973263745,44.27055371162426,0,3,1,0
91,0,2,58.970211869852974,51.03751381685772,0,5,1,0
92,1,1,58.75961361191605,58.6812211801597,0,2,0,0
93,0,2,36.891663083901186,43.703125214695994,0,7,1,0
94,0,3,39.04413473919366,40.65723914371889,0,6,0,0
95,0,2,31.54629366458556,19.687114502355136,0,2,1,0
96,0,1,35.433385935503836,36.28153991372527,0,5,0,1
97,0,1,9.51101855827397,29.93097708285128,0,7,1,0
98,0,1,40.17589874701752,42.02697121097516,0,6,1,0
99,0,3,60.5263264694905,49.9903464999067,0,8,1,0
100,1,1,39.02308536816349,48.232243573675625,0,5,1,1
101,0,2,58.15085476020809,52.04481679368972,0,5,1,1
102,0,1,38.59035086279747,39.519907296278674,0,4,1,1
103,0,3,52.62798271335905,45.256101627266446,0,3,0,1
104,0,2,49.84882060405762,48.09436898706647,0,4,1,1
105,0,1,48.52159911290144,37.270090463441186,0,1,1,1
106,1,2,39.385454208082216,52.99412077250665,0,6,0,1
107,0,3,38.48066196262438,38.70115243763945,0,7,1,1
108,0,2,45.848998056185685,41.36573725557609,0,3,1,0
109,0,1,63.13593749378867,42.27193365054039,1,2,1,1
110,1,1,53.469210898409955,62.65340489809458,1,4,1,0
111,1,2,52.49285422601884,67.1132873435338,0,7,0,1
112,0,2,45.0835427891157,44.540005881584825,0,3,1,1
113,0,1,44.961389611287466,39.23486846141146,0,4,0,1
114,1,2,57.233022355731606,58.834647685402494,0,4,1,1
115,0,2,31.873271521881254,36.656907084511126,0,4,0,1
116,0,1,56.631705910323454,51.58193197194714,0,7,1,1
117,0,1,46.92116854898914,43.99111976886767,0,3,1,1
118,1,2,40.01768475853879,55.46299139815161,0,4,1,0
119,1,2,35.6446699074288,52.58320603806022,0,5,0,1
120,0,1,71.29722605220977,55.77922098916715,1,5,0,1
121,0,2,63.085126032778774,60.95530565045076,1,7,1,0
122,0,2,49.999868814209606,46.200553690862385,0,2,1,1
123,0,3,57.400810713490856,51.09343755436316,0,5,1,1
124,0,2,63.45543413545299,59.10962501427013,1,4,0,1
125,0,2,42.80712106486912,42.81634185202756,0,7,0,0
126,0,1,52.98104675623753,42.70673528739264,0,4,0,1
127,0,1,64.86922874970688,64.07572248973429,1,5,1,1
128,0,1,0.0,3.2761352399388315,0,2,1,0
129,0,1,65.16592818627284,55.36892680562921,1,7,0,1
130,1,2,40.434309527878845,60.48683659674292,0,6,1,1
131,0,2,57.26446962376537,49.025961467984565,0,2,1,0
132,0,1,51.245587896774595,48.40933173265712,0,5,1,1
133,0,2,65.60176254645366,58.21746501805472,1,3,1,1
134,0,3,62.82540954755845,57.11689055450672,0,5,1,0
135,1,3,44.820021980352415,57.49115712934199,0,5,0,1
136,0,2,58.67626476363427,50.18359391630453,0,5,0,1
137,0,2,40.20345921771407,40.63452772361934,0,4,1,1
138,0,2,26.8577013127422,28.101836360079407,0,4,1,0
139,1,1,11.068073957743223,30.159378670996674,0,3,1,1
140,0,3,24.3983787292589,36.859124083703115,0,7,1,1
141,0,2,37.21318698149294,30.370878536332377,0,5,1,1
142,0,2,63.79719545945668,59.501238696299616,0,5,1,0
143,0,1,49.19558057107598,38.63374163089797,0,2,1,1
144,0,1,44.9210648529311,43.52572193959056,0,3,1,0
145,1,2,55.51794060868691,70.44237799486815,0,7,1,1
146,1,2,36.12359698005717,66.2567160071984,0,8,0,1
147,1,3,56.883207879376826,55.92220932556712,0,3,0,1
148,0,2,60.68314362513539,41.771259874275394,0,4,1,0
149,1,2,12.70135023868893,41.06103633876072,0,5,0,0
150,0,2,50.75649727381846,48.08844341872435,0,6,0,1
151,0,2,100.0,35.432154996125455,0,4,1,0
152,0,2,29.245077653997104,36.0498822213621,0,4,1,0
153,0,1,39.441391562546336,38.903786185252464,0,4,1,0
154,0,3,52.58728636927805,42.27029806823088,0,2,0,1
155,1,2,54.9169629774343,59.51170770306139,0,6,1,1
156,0,3,35.98003619681154,41.567407234789165,0,6,1,1
157,0,1,44.83767704904007,47.05884721511661,0,6,1,0
158,0,1,30.08185842532383,58.4735272385118,1,8,0,1
159,0,2,0.0,30.75836015974031,0,2,0,1
160,0,3,43.86787412006761,43.40952079529342,0,5,1,1
161,0,2,50.520727979110795,51.72097268831054,0,5,0,1
162,0,1,52.95836881618677,43.91838430403754,0,1,1,0
163,0,1,31.34408321450127,21.112667014695695,0,3,1,0
164,0,1,54.27182329695821,46.47992460876718,0,3,0,1
165,0,2,25.795157152219506,28.483535667013562,0,4,1,1
166,0,1,48.23163338129353,27.815930240457405,0,1,1,1
167,1,1,66.77069174936376,56.044812851898854,1,8,1,1
168,0,3,63.2076528012965,59.955036915091256,0,5,0,1
169,0,2,46.46350810243686,40.64063312743023,0,4,1,0
170,0,2,61.02496387815326,53.02037561257709,1,3,1,1
171,0,1,24.243324488145586,32.45595856082581,0,5,1,1
172,0,2,46.959180410845974,49.91389461586444,0,3,1,1
173,0,1,44.61052782233967,52.452886612061874,0,10,0,1
174,1,1,33.988729588101194,54.028243344872585,0,6,0,1
175,0,1,56.06781997464902,41.139381095806876,0,4,1,1
176,0,1,57.43898263919638,45.077046760612234,0,6,0,1
177,0,2,53.55946804884607,45.345551215404136,0,4,1,1
178,0,2,45.741946550807626,45.62177770980702,0,6,1,0
179,0,2,46.72257424588764,52.60152641969923,0,7,1,0
180,0,3,51.766638237804386,50.41591400788374,0,1,1,0
181,0,1,56.669306515839736,45.243032976328,0,1,1,0
182,0,1,37.08854950253031,43.18042370662404,0,6,1,1
183,1,2,42.77701941152863,46.771283181312285,0,2,0,1
184,0,3,22.29858906878097,44.292919757216644,0,8,1,0
185,0,1,54.083651938393565,36.1513260054155,0,1,0,0
186,0,1,39.961073817508726,39.330682687807524,0,3,1,0
187,1,2,61.374431466203404,79.8174454115314,0,9,1,1
188,0,2,47.71844394030069,51.267094390113016,0,6,1,0
189,0,1,55.95953862681883,47.34532921386572,0,2,1,1
190,0,1,36.73821943394227,50.64599476425075,0,9,1,1
191,0,1,47.30545857126329,46.84340758452124,0,3,1,1
192,1,2,38.0973626531456,48.21894403420837,0,3,0,1
193,0,2,52.45956135427379,58.44947407124112,0,7,1,1
194,0,2,45.78022492709028,42.572428295102526,0,3,0,0
195,0,2,34.69314438072996,38.249656300939066,0,4,1,0
196,0,1,43.48791494265086,58.845032527016365,0,8,0,0
197,0,2,62.81895524156817,57.28136570732889,1,4,1,1
198,0,1,51.103465529403636,46.87952623413285,0,5,0,1
199,0,2,28.996371091121315,34.64852841452525,0,5,1,0
200,1,3,33.918457712490735,55.35261374173612,0,6,0,0
201,0,2,77.23511929115378,59.06622520339492,1,2,0,1
202,0,1,63.3872401815495,67.77649920979047,1,7,1,1
203,0,2,62.958415848686535,61.20488226971058,0,3,1,1
204,0,3,77.89727875060856,59.813741924359974,1,2,0,0
205,0,1,27.417663234254846,30.198707705985065,0,6,1,0
206,0,3,42.70293672857232,35.227044455074136,0,1,0,0
207,0,3,27.96247091878542,22.51592322702176,0,4,1,1
208,1,1,50.76158038932973,55.49758226210709,0,5,1,1
209,0,2,61.234911673570394,44.04199295984589,0,3,0,1
210,1,2,100.0,68.95674143379263,1,2,1,1
211,0,3,41.72842446849374,32.70928006395043,0,2,0,1
212,0,2,36.059258583434634,38.46543183093105,0,4,1,1
213,0,2,38.57680492754879,37.512006992722554,0,6,0,1
214,1,2,49.03768714319411,49.24553886299054,0,3,0,1
215,0,1,71.05955980292195,56.28986101329794,1,4,1,1
216,0,1,56.66497740796765,54.45912053064868,0,4,0,1
217,0,1,74.57690900915952,64.56977730742649,1,5,0,1
218,1,1,49.70332348960872,65.39262402236285,0,3,0,1
219,0,2,45.109938598671796,44.21901299582006,0,6,0,1
220,0,3,33.7677458916545,35.59606930566776,0,3,1,1
221,1,3,46.31369844863024,56.87756859658546,0,7,1,0
222,0,3,56.07864692575338,50.02563129294868,0,5,1,1
223,0,1,50.346481989312935,54.463706905275146,0,9,1,1
224,0,3,42.35917708775698,44.148692143861474,0,4,1,0
225,0,2,32.0329224527472,36.99136829231069,0,5,1,1
226,0,1,31.848359561597185,33.69868951716276,0,6,0,1
227,0,2,52.60290787246684,51.39010222101157,0,8,1,1
228,0,1,23.062959525810346,25.60694162105119,0,3,0,1
229,0,2,22.308598838592328,21.738481261858304,0,2,0,1
230,0,3,54.682899833455785,52.631810997915366,0,6,1,0
231,0,2,53.59098160640317,40.49548387962451,0,5,1,1
232,0,3,23.07657490210849,44.79104900718716,0,13,0,1
233,0,1,69.71176716970714,57.63194455046877,1,3,0,1
234,0,1,38.70955291530168,46.43659662762528,0,7,1,1
235,1,1,34.80909055427807,43.344785017230784,0,6,0,0
236,1,2,42.804979630079345,56.613834987521805,0,6,1,1
237,0,1,63.886694961272575,48.298503686431815,1,4,1,1
238,0,3,27.854159481945338,29.316025217079012,0,3,1,0
239,1,1,51.880814619185884,57.44198462064336,0,7,0,1
240,0,2,61.1915360643273,52.89710377737108,0,7,1,1
241,1,1,71.65172377610753,73.3405263887781,1,3,1,1
242,0,2,43.93294108009273,34.142759941924474,0,3,1,0
243,1,3,51.64282200272784,59.962535066696546,0,5,0,0
244,0,2,45.403960059519655,50.36798537192823,0,5,0,1
245,1,1,37.96989605772736,44.78603928127569,0,0,0,1
246,0,1,48.672003043687624,49.096709488696796,0,8,1,1
247,0,2,63.1184954231534,38.771185536686346,0,1,1,0
248,1,3,77.44963949756067,65.85339858129082,1,2,0,1
249,1,2,52.966921712066814,68.18866354407426,0,7,1,1
250,1,1,65.10218572948003,69.56519913266958,1,4,1,1
251,0,1,54.804635603480065,48.91975018149789,0,3,1,1
252,0,3,68.58979630727045,64.50032634629902,1,5,1,1
253,0,1,35.92505669168309,32.5674008693863,0,1,1,1
254,0,1,40.44878076656323,44.57763511691084,0,7,1,1
255,0,1,48.043410446385586,49.650881056919445,0,6,1,1
256,1,1,51.98922330116125,64.21530326935641,0,9,0,1
257,0,3,50.646546726403194,45.408964174663716,0,5,1,0
258,1,1,49.705627693446516,51.35719650513962,0,5,0,1
259,0,2,38.54675922708293,59.80883857657462,0,12,1,0
260,0,3,77.39812550081757,74.06380194181267,1,6,1,1
261,0,2,67.02640383581816,47.87949939194571,1,1,0,1
262,0,2,42.612868782739085,40.860801106684065,0,4,1,1
263,0,1,39.059247800555404,42.91520978411337,0,5,1,0
264,1,2,41.03154534493529,44.12873944552261,0,4,1,1
265,1,1,43.255259262591224,52.39073586000545,0,3,1,1
266,1,1,54.87035599763472,57.35616814592142,0,2,1,1
267,0,3,43.13278759244616,33.43700389288887,0,2,0,0
268,0,3,38.3985277343391,32.24297451978532,0,2,1,0
269,0,1,33.87931418226597,38.36757185191153,0,1,1,0
270,1,3,52.12522533982692,54.918179670493025,0,4,1,1
271,0,1,37.0703177528562,38.355969933085106,0,6,1,1
272,0,2,35.81541764473746,42.12893779882171,0,7,1,0
273,0,1,31.21146354495438,34.43880548773966,0,3,0,0
274,1,1,62.40428391306331,65.03220056478025,1,4,1,1
275,0,2,39.57207409705661,35.69200994173426,0,3,1,0
276,0,1,41.658487340634615,34.50286810775758,0,3,1,0
277,0,1,50.20207467986105,42.51122221025021,0,2,1,0
278,1,1,65.32399774297987,53.881271120717244,1,6,0,1
279,0,1,55.81036092158193,55.15173947088864,0,5,0,1
280,1,1,52.86334011460511,69.90895134428789,0,9,0,1
281,1,2,16.542671983049534,34.86931956302077,0,3,0,1
282,0,2,35.759070202775774,36.089757964301285,0,3,1,1
283,0,1,39.844223554725886,41.132968294131544,0,8,1,1
284,0,1,25.264436521618485,31.084419128099547,0,4,1,1
285,0,3,39.27149411726246,46.88251161890055,0,4,1,0
286,0,2,69.92583093550212,57.6759437426621,1,4,0,1
287,1,2,49.387546375440444,59.75955715451008,0,5,0,1
288,1,1,46.80074239944088,61.33742270058872,0,7,0,0
289,0,2,92.23783531608197,33.093174319609396,0,4,1,1
290,0,1,41.381997741387366,50.907370237079164,0,10,1,1
291,0,2,53.953532621486204,60.730425540230115,1,6,1,1
292,0,2,41.69313824563428,42.09635727308887,0,5,1,0
293,0,3,63.252749185083815,55.583319503982615,0,4,1,1
294,1,1,59.74273809326687,70.39029192577603,1,7,1,1
295,0,2,18.64326931165223,28.913269691974854,0,4,1,1
296,0,1,37.90671648089664,57.37300950032408,0,12,1,1
297,0,2,51.64309798972418,52.466801048025864,0,7,1,1
298,1,1,65.51698400444803,62.98000042856869,1,1,0,1
299,1,2,57.97246138172342,74.09610791784118,0,8,0,1
300,0,2,30.515282617412375,38.16865452698023,0,6,1,1
301,1,2,44.36631129665362,51.6888555968982,0,3,0,0
302,0,1,59.07932658110757,46.32912861089201,1,3,1,1
303,1,2,30.68431296804951,46.57197278601288,0,6,1,1
304,0,1,79.81513134184216,59.56883257857627,1,3,1,1
305,0,1,63.98183078684777,50.859179857035556,1,1,1,1
306,0,3,31.15394913592925,45.43003813210591,0,6,1,1
307,0,2,40.82104932735957,44.33489331985998,0,1,0,1
308,1,1,44.481738943052555,53.29648564671085,0,5,0,1
309,0,2,49.181690535343456,44.434915303929564,0,6,1,1
310,1,2,53.367167969155574,44.44069819772847,0,4,1,1
311,0,1,33.915725283363294,28.93992290676881,0,5,1,1
312,1,1,100.0,72.7603737019636,1,6,1,1
313,0,3,77.14028435850727,67.43569159590285,1,6,1,1
314,0,2,57.8552146478777,50.10671458168219,0,2,1,1
315,0,3,31.859248132174464,27.638395973646052,0,2,0,0
316,0,1,42.992810361079385,44.830035337449225,0,5,1,0
317,0,2,61.193584797176605,48.4570257756257,1,3,1,1
318,0,2,48.14479383246018,48.10494585194054,0,6,1,0
319,1,2,42.21969110471266,56.15605805867167,0,5,0,1
320,1,2,63.30808319347303,80.16477055157814,0,9,1,1
321,0,2,51.38621726819077,51.71594018878346,0,6,1,1
322,1,3,73.2678825031664,69.79006978474747,0,4,0,1
323,1,1,65.98151777292415,63.61768830345577,1,2,0,1
324,1,1,60.791834434956435,60.70399871407527,0,2,0,1
325,1,3,47.27373815499448,49.06084296500387,0,4,1,1
326,0,1,64.50498339896426,52.76845391148796,1,7,0,1
327,0,1,34.69444593517884,40.63123124238826,0,5,1,0
328,1,2,42.18700020522831,35.52014361427172,0,3,0,1
329,0,1,58.075550646662535,59.8331201048604,0,7,0,1
330,0,2,36.60986707853189,31.81445214624056,0,4,1,1
331,0,2,41.23528874776103,45.08888636721472,0,5,1,0
332,0,2,46.92647958900673,48.28274668136628,0,7,1,0
333,0,1,61.25824661822016,48.41175091227548,0,3,1,1
334,0,3,57.318648120044635,61.09048672977128,0,8,0,1
335,0,2,66.16234061154483,65.65651370533922,1,5,1,1
336,1,3,48.1019933797629,50.18144333811913,0,4,0,1
337,1,1,62.22487884408589,60.30168941561088,1,1,0,1
338,0,2,49.44446511589541,52.20543973411338,0,7,1,1
339,0,1,52.95126112698775,51.87104026759007,0,5,0,1
340,0,1,68.99791442603204,57.486004885937156,1,5,0,1
341,1,3,66.15639612504432,72.25005863750587,0,6,1,1
342,1,2,32.79567730796698,37.7484777198395,0,5,0,1
343,1,2,51.03084901210216,54.84595054671263,0,5,0,1
344,0,1,41.39429949867673,41.437808370093656,0,7,1,0
345,0,1,59.10454781774402,60.345260004418364,1,6,1,1
346,0,1,67.39910688781869,70.63283198543984,1,10,1,1
347,0,3,67.24582722658766,61.61212417548284,0,5,1,1
348,1,1,66.43466282617774,51.10803495803751,0,3,1,1
349,0,2,59.457919069901486,54.3970611403851,1,5,1,1
350,0,1,67.48261458738467,45.994392800758014,1,5,1,1
351,0,2,0.0,34.148334426356186,0,8,0,1
352,0,2,21.77069947358833,26.83464318249288,0,3,1,0
353,0,1,48.89633479547606,41.9911414293179,0,2,1,1
354,1,1,59.478134448057766,74.4946965551229,1,9,1,1
355,0,3,41.61218794679664,34.10949456553878,0,5,1,1
356,1,3,54.49359752266157,59.85854304122092,0,3,0,1
357,1,2,33.12690144909779,34.89244064437337,0,1,0,1
358,0,2,85.59157030035828,69.07556423271016,1,3,1,1
359,1,2,50.60523708687348,52.21024455808574,0,2,0,1
360,0,1,48.34704552092424,35.28686281514195,0,2,1,1
361,1,2,41.252351166199944,52.56596657379981,0,1,1,0
362,0,1,64.77846468584524,57.656165276428155,1,4,1,0
363,0,1,56.11061328765359,46.76854239535327,1,4,1,0
364,0,2,40.70338709433762,57.390483851519896,0,10,0,1
365,0,1,72.72975373409201,60.796702386272585,1,3,1,1
366,0,1,45.30991839622633,45.56308573506397,0,5,1,0
367,0,1,67.82854455948258,71.46872587477993,1,7,1,1
368,1,2,58.31142553961092,54.01206658493161,0,4,1,1
369,1,1,47.614773046441556,54.089966368027795,0,5,1,0
370,0,2,63.38866677450243,59.282396434295784,1,7,0,1
371,0,2,53.73821439983438,51.07728664431187,0,4,0,1
372,0,2,41.546973655204745,46.09954176928827,0,7,1,1
373,0,2,39.86447045884423,32.359974705628716,0,4,1,0
374,0,2,66.79589432728078,57.53652625011077,1,6,0,1
375,1,1,71.00121747233221,79.81364197909565,1,4,1,1
376,1,1,49.2219189916598,57.409351346594086,0,5,0,1
377,0,2,62.36551161242124,44.013289209762654,0,2,1,0
378,0,2,23.996434503558415,31.696873036654726,0,4,1,0
379,1,2,64.73602024708018,61.258473242211004,1,3,1,1
380,0,1,32.29535094766779,52.37390588101197,0,10,1,1
381,0,2,34.60945579549783,29.246372153741287,0,6,1,0
382,1,2,34.85279664015476,42.669361291203586,0,4,0,1
383,0,2,90.17910463819032,64.5881187593257,1,2,1,1
384,0,1,57.81316063092622,63.45876459079421,0,9,0,1
385,0,2,57.31695088208711,51.163177998885075,0,3,1,1
386,0,3,56.14908987185533,41.99093550638892,0,2,1,1
387,1,2,48.865248965054676,47.29156950233176,0,3,0,1
388,0,1,38.00977046382129,40.47608498191802,0,5,1,1
389,1,2,36.576771627604955,43.233488207872114,0,3,0,0
390,0,2,63.743804352627414,55.952915326095265,1,6,1,1
391,0,2,70.79450347932493,64.78712417965194,1,5,1,1
392,0,2,45.93107939482067,51.41848561234619,0,5,1,1
393,0,2,73.18918237142778,54.327885165343375,1,2,1,1
394,0,1,53.150628017286266,47.779062311847255,0,6,1,1
395,0,3,45.99143721931309,55.116366006279854,0,8,1,1
396,0,2,48.80516905012603,45.83623926019214,0,6,1,0
397,0,2,27.440211757518348,32.23793513507542,0,7,1,0
398,0,2,24.099691545914027,34.67876195894373,0,2,1,0
399,1,1,43.21513985656479,64.62376369081082,0,6,1,1
400,0,1,84.97335542979954,74.19070696033177,1,11,1,1
401,1,2,50.345493991611924,58.60815952633458,1,2,0,1
402,0,2,34.068649527632736,52.00121401171499,0,10,1,1
403,1,1,53.570873559068794,56.34292252044428,0,2,1,1
404,0,1,63.40929325623237,47.422265893537784,1,4,1,1
405,0,1,42.792222527536204,38.135101759865776,0,4,1,0
406,0,2,51.04806052799584,43.36635745526567,0,3,1,1
407,0,2,66.4049208141752,58.53844642476847,1,4,0,0
408,0,3,0.0,40.66169962778726,0,5,1,1
409,0,1,61.680623355737154,50.61209836410069,1,6,0,1
410,1,1,72.6256240089424,70.25613241452427,1,4,1,1
411,0,2,23.77607384342091,37.34858947397836,0,5,1,0
412,0,1,55.24942779879815,51.1765863376729,0,6,0,1
413,1,1,54.66604283945524,66.31283521901082,0,6,0,1
414,1,2,48.42043478445564,56.41275836428331,0,3,0,1
415,1,2,40.34348772711997,53.34951701358289,0,7,0,1
416,1,1,37.50449914898532,53.64441056067164,0,7,1,1
417,1,2,47.354321743468965,62.504153433180214,0,7,1,1
418,0,2,33.16267862995945,44.13942031813207,0,3,1,1
419,1,1,26.2873763591922,54.31371511901671,0,8,1,1
420,0,1,62.39006840268774,54.55106036085011,1,6,0,1
421,1,2,41.394865241791635,45.896052810966175,0,5,1,0
422,1,1,48.89893952863083,65.19986398131583,0,6,0,1
423,0,3,61.58638720758856,55.70152803635554,0,4,1,1
424,0,1,43.195518911756466,48.96808386924788,0,5,0,1
425,0,1,41.713724163765214,44.50937316974628,0,4,0,0
426,1,3,62.08190941898309,79.62094510110148,0,6,0,1
427,1,1,57.92671720678454,66.69223483130523,0,4,0,1
428,0,2,32.542033562878835,28.498172679441232,0,3,1,0
429,0,2,77.7630598169747,71.99156685647138,1,6,1,1
430,1,3,66.38287059871726,72.1002860111699,0,6,0,1
431,1,1,40.33278562284504,49.41271624841268,0,5,1,0
432,0,1,58.11077034313865,54.900888138986005,0,4,0,0
433,1,3,32.83064990314264,44.79811731476466,0,6,0,1
434,0,2,60.137547562666214,45.160386612418726,0,3,0,1
435,0,1,47.30411027872382,40.33591792723099,0,4,1,1
436,0,2,46.98285382405473,49.90525734740011,0,7,1,1
437,0,3,67.32720615139648,63.388113872231784,0,5,0,1
438,1,2,40.02191545553494,50.5343868735375,0,5,0,1
439,0,2,67.11286088817701,43.631496338096944,0,4,1,1
440,0,3,57.96920443849437,43.49217746759579,0,4,1,1
441,0,3,45.64356414905478,60.10384945899602,0,11,1,1
442,0,3,42.232460116854725,44.36521246842046,0,6,0,1
443,0,2,68.22956334809943,60.1036543746356,1,7,1,1
444,0,2,62.46630332622113,55.25178916375866,1,6,1,1
445,0,2,63.1490807304648,50.222667045002034,0,4,1,1
446,0,3,35.48069688739348,46.82624235562649,0,9,1,1
447,0,2,52.28952323048278,45.205858549187965,0,5,1,1
448,1,1,50.95172671745428,50.25073429193374,0,5,0,1
449,0,2,43.935497188746325,47.848799520965464,0,6,1,1
450,1,3,78.69892933930471,69.2443218323622,1,2,0,0
451,1,1,50.908922092103936,60.844696668998395,0,7,0,1
452,1,2,55.29721676144414,60.033783469091794,0,4,0,1
453,0,1,66.94492192927159,63.17163463387083,1,8,1,1
454,0,2,45.28184451293584,34.49144026935679,0,2,1,1
455,0,2,53.26166225857379,41.6190808799025,0,2,1,1
456,1,2,48.697769121344855,44.74792483473475,0,5,1,0
457,1,3,57.379993596774966,58.13022524211375,0,3,0,1
458,0,2,67.83678028875993,53.12625244457552,1,4,1,1
459,0,2,51.64457441871112,54.59384195946076,0,6,0,1
460,1,2,71.06175256909458,75.75050884070735,1,6,0,1
461,0,1,59.02516790999427,58.038444698735965,1,6,1,1
462,0,2,55.482153906499576,55.30805550434292,0,4,1,1
463,0,1,64.96534369575654,65.05831849317183,1,6,1,1
464,0,2,60.05499591650146,58.40969453687198,0,7,1,1
465,0,1,62.38272893352003,64.910431204906,1,8,0,1
466,0,2,41.21294045414062,34.5189657222076,0,6,1,1
467,0,1,47.044768453201456,51.85829647344151,0,4,0,1
468,0,1,43.65971716234517,44.49041789868163,0,4,1,1
469,0,3,60.61913575805073,60.04368285897534,0,9,1,0
470,0,1,49.593039982878594,54.539834007946595,0,7,0,1
471,0,2,67.11160726842861,70.50499152619909,1,10,1,1
472,0,1,29.119637319776707,30.130289001587972,0,7,1,1
473,0,1,40.10484126317499,36.48427363150589,0,3,1,1
474,0,2,44.65541847234879,46.80841070375444,0,6,0,0
475,0,2,52.91489768795677,58.95253365035721,0,6,1,1
476,1,1,72.3052281975851,65.9586956203271,1,4,1,1
477,0,1,29.40132862824333,30.87133254233394,0,7,1,0
478,1,2,74.92699210668512,69.76078270890592,1,3,0,1
479,0,1,62.306119046846234,77.68652820488332,1,6,1,1
480,0,1,40.565962521958085,33.96166253664057,0,3,1,0
481,1,2,41.97194199268645,55.023171455148535,0,6,0,1
482,0,1,49.809355799816274,52.138943757615145,0,5,1,1
483,1,2,43.63277012906776,49.00928438970883,0,4,1,1
484,0,1,58.51240526151769,52.820339617522656,1,3,0,1
485,1,1,46.121055600609694,58.350581759772666,0,4,1,1
486,0,2,64.60174954615036,55.65433958574459,0,4,0,1
487,0,1,63.28938407616579,60.66109733899761,1,7,0,0
488,1,1,49.17365669884423,64.08478884896576,0,11,1,1
489,0,1,42.87738465136617,33.40192082389887,0,0,1,1
490,0,1,63.35630807307418,55.594608960404145,0,9,1,1
491,0,1,74.31429809940838,61.96482281872589,1,5,1,1
492,0,2,58.78919030775503,50.48562611416797,1,4,0,1
493,0,1,0.0,25.839321655276684,0,3,1,1
494,0,2,74.27783287274171,73.60216811511356,1,8,1,1
495,0,2,32.798768478406735,39.14051963708956,0,6,1,1
496,0,1,29.209827092549464,23.6614607767456,0,3,1,1
497,0,1,43.63708551248221,47.82721531729347,0,8,1,1
498,0,2,41.19831208089625,31.20437034996337,0,3,1,1
499,0,2,26.42985349343247,33.90436967628934,0,6,1,0
500,0,2,12.586008064472384,37.313947437084884,0,4,1,0
501,0,3,41.716754731025844,41.11921483814861,0,4,1,1
502,0,1,54.09870147325725,57.281780639330286,0,5,0,1
503,0,1,22.415285354025457,16.01831267544685,0,2,1,0
504,0,2,43.47263010705483,48.984897043884516,0,6,1,1
505,0,2,69.61107844101961,65.24264255482967,1,7,1,1
506,0,3,60.413421310438835,63.143305582642505,0,5,1,1
507,0,3,69.55841034098353,63.61804516671037,0,4,1,1
508,0,2,57.434841686623386,57.7573229817091,0,7,1,1
509,0,1,37.52146273221791,42.52334978771792,0,7,1,1
510,0,2,64.46561940347743,60.29531554175407,1,6,1,1
511,0,1,41.0692896120501,42.720206508520214,0,3,1,1
512,0,3,48.42525884953295,55.832117162412146,0,9,1,1
513,0,3,41.98629725825034,39.994866298153056,0,4,0,1
514,1,2,73.26195870627905,68.1091624758294,1,2,1,1
515,1,2,52.33533292121566,78.19047966430219,0,10,1,1
516,0,1,34.19965673787484,37.10995755768986,0,5,1,1
517,0,1,56.34639333091156,54.32367948964533,1,7,1,0
518,0,2,51.144983230291764,50.881563297723275,0,5,1,0
519,1,2,25.217218649331365,55.04826010630195,0,5,0,1
520,0,3,38.95027053585539,43.769277136575724,0,5,1,0
521,0,2,48.26397808340225,43.62236808431556,0,5,1,1
522,1,2,34.254110587323765,53.0655367546762,0,5,1,1
523,0,1,47.766569378319566,49.47197303145191,1,5,0,1
524,1,2,57.659017402320686,65.51589025800182,0,5,1,1
525,0,2,11.705554952074635,18.79310219618815,0,3,1,0
526,0,1,57.30432623379725,57.218925832231555,1,4,0,1
527,0,3,49.938090831114415,63.49271223591816,0,12,1,1
528,1,1,25.539576381480558,73.26390701525985,1,3,1,1
529,1,2,53.99359274129418,61.17107228838841,0,4,0,1
530,1,2,67.41534015445082,58.41491780301368,1,3,1,0
531,1,2,61.30838379288942,64.35373777994049,1,4,1,1
532,0,1,45.385176858694855,39.685374559389246,0,4,1,1
533,0,2,41.160263046961234,53.25817864663248,0,7,1,1
534,0,2,72.4778775007344,68.57599422450446,1,6,0,1
535,0,1,49.321863665987856,56.11748646167802,0,7,1,1
536,1,3,50.1051873536342,47.42529781645379,0,5,1,0
537,0,3,42.579965618829746,39.429714074597484,0,5,0,1
538,1,2,58.86554541079349,54.25089034032215,0,4,1,0
539,0,2,37.10972707156509,44.0014382401897,0,6,1,1
540,1,3,67.0578643257791,60.85830688954614,0,4,0,1
541,0,1,75.3947743577252,63.7189948640569,1,6,1,1
542,0,3,57.24751572709784,48.46171863993364,0,3,1,1
543,0,1,58.672393828105484,50.75104270839889,1,6,1,1
544,0,1,59.79915082571157,53.088387057198304,0,7,1,1
545,1,1,35.114691030658236,58.53955519455658,0,6,1,1
546,1,2,42.991716451392534,44.20911534016295,0,4,0,0
547,1,3,50.61429667176187,65.52119679113984,0,9,1,1
548,1,2,44.37558456733735,51.054175955130816,0,6,1,1
549,1,1,42.693248466873236,57.13131166576879,0,7,0,1
550,0,3,34.57712551487195,34.780161469123655,0,3,1,1
551,0,1,63.0329680291675,51.883208129241396,1,5,1,0
552,0,2,58.64382808366202,55.872276152273095,0,2,1,1
553,1,3,48.33533050627015,44.728712832373844,0,5,1,0
554,0,1,76.14365309518021,58.104067171484566,1,4,0,1
555,0,1,29.895671548622687,64.6591084872565,1,7,1,1
556,0,1,35.13663789333538,50.87398899949598,0,10,1,1
557,0,1,73.02436655177435,58.90825492955519,1,5,1,1
558,0,2,55.0718168533658,50.072533418648426,0,1,1,1
559,1,2,56.01187008085994,57.49619500843798,0,4,0,1
560,1,2,51.20309620456862,62.23816063500362,0,5,1,1
561,1,2,62.021200602858585,65.74525461014746,1,6,0,1
562,0,2,39.246760076260905,39.36870600721373,0,8,0,1
563,0,2,49.78549615709942,46.10532864483081,0,4,0,0
564,0,2,58.129334701427446,56.38425770440666,0,7,1,1
565,0,2,29.286554208821688,34.777751439700474,0,4,1,1
566,0,2,38.78225289019824,52.05852028190908,0,6,1,0
567,1,2,66.75114342116464,72.63391882093477,0,10,1,1
568,0,2,52.84445311043587,43.152987322095186,0,4,1,1
569,0,2,42.719131072593264,51.505178848774335,0,8,1,1
570,1,2,31.051794251125802,57.722902680284584,0,10,0,0
571,1,1,66.15659102104262,70.89848064383109,1,4,1,1
572,0,2,42.60960043626656,41.56517099693238,0,3,1,0
573,0,2,31.74932178955836,32.41816403905297,0,5,1,0
574,0,2,46.91239829687959,34.5199129591958,0,4,1,0
575,1,2,31.616439115800237,50.125618268829975,0,8,1,1
576,0,3,61.6889075310101,51.99383711616583,1,4,1,1
577,0,3,40.50655050194745,53.611586393458815,0,10,0,1
578,0,3,44.89498765011217,52.5942055262918,0,7,1,0
579,1,2,63.28580624821685,55.18748509149749,0,2,0,1
580,0,2,62.919029000362336,53.63034487821981,1,5,1,1
581,0,1,57.713541990070425,62.646361533561375,1,6,0,1
582,0,3,62.949140596001854,49.21613147339696,0,3,1,0
583,0,1,41.520337007317195,42.125326192798255,0,6,1,0
584,0,1,36.03702911638729,31.23548438064408,0,0,1,1
585,1,1,53.144514734543336,57.32978764762939,0,5,1,0
586,0,1,49.31767657655927,51.53172251854269,0,5,1,0
587,0,2,41.64545997925675,35.9473642775192,0,5,0,1
588,1,3,26.951805430314035,37.7909085607914,0,2,0,0
589,1,2,28.151966044189873,46.2215074454007,0,7,0,0
590,0,2,51.24088005715115,48.03963593550524,0,3,1,1
591,0,1,53.63825646379399,47.400298012880896,0,4,1,1
592,0,2,32.65531215196059,31.193163547127863,0,1,1,1
593,0,2,32.68754509810814,36.786715019620786,0,4,1,0
594,1,1,65.8033943694882,70.96725149395567,1,7,0,1
595,0,2,44.51140194179633,37.264463734712955,0,0,1,1
596,0,2,41.181719201488484,41.056710024136976,0,6,1,1
597,0,3,66.90288423410567,66.15826861899086,0,9,1,1
598,1,3,59.288311315219,60.47785465620745,0,2,1,0
599,0,2,44.05804944871414,37.2545907815674,0,2,0,0
600,0,3,59.07361752292372,53.09246663501336,0,5,1,1
601,0,2,53.250962040447135,43.99299287054928,0,7,1,1
602,0,2,48.9492011093171,46.13835208736587,0,3,0,0
603,0,3,77.8622642578191,58.11529952770519,1,1,1,0
604,1,1,67.7502378040468,56.600277892773796,1,1,0,1
605,1,1,49.477728015509705,53.601830368870594,0,3,1,1
606,0,1,45.22108988219177,52.85881426242348,0,9,0,0
607,1,2,57.20230791653113,58.80134238207871,0,5,0,1
608,1,2,49.03091087994831,61.091957419143284,0,6,1,1
609,0,3,36.55107671204834,40.52451792174195,0,7,0,1
610,0,1,36.52756310471249,47.65980877808815,0,4,1,1
611,1,1,53.544429537109224,70.27653874326083,0,9,1,1
612,0,2,51.48174827210896,47.595953994230946,0,5,0,1
613,1,3,63.70306968743372,70.50198231528353,0,6,0,1
614,1,1,43.968213981531065,53.833586025815485,0,3,1,1
615,0,2,37.95204083081906,59.33485837291617,0,12,1,1
616,0,1,51.4020933752119,44.71879998799651,0,4,1,1
617,1,1,26.322735763872736,40.166756482846054,0,4,1,1
618,0,1,17.384303274558466,37.35637913896457,0,4,1,1
619,1,1,59.19906125837911,68.23645003913651,0,6,0,1
620,0,1,58.9707327144725,58.08553398001894,0,9,1,1
621,0,2,64.11006469947306,61.355812915842996,1,5,1,1
622,0,1,47.746622706801986,46.59846990180354,0,5,1,0
623,0,3,14.945185641768427,30.644331202345985,0,5,0,0
624,0,3,49.10695351220563,51.702982840387875,0,6,0,0
625,1,2,52.21478725237131,53.012578882170985,0,5,1,0
626,1,1,85.8703175947813,73.50862060650043,1,2,0,1
627,0,2,63.4878642720502,58.60690354853792,0,2,1,1
628,0,2,62.50505529398217,58.48509063313474,0,8,0,1
629,0,2,51.306252754609304,42.881777901845595,0,4,1,1
630,0,2,43.73759186964978,49.87491487893664,0,9,1,1
631,0,1,53.71280544432277,61.18025916610447,0,8,1,1
632,0,2,69.90733099381178,63.076891047895934,1,5,1,1
633,1,2,41.62109420980423,52.89815793414838,0,4,1,1
634,1,1,44.55057385992934,38.511587574862034,0,3,0,1
635,0,2,70.23581826951654,62.511160082964984,1,5,1,1
636,0,2,46.85938439579179,41.550131021350175,0,4,0,1
637,0,1,63.14842558427403,52.38948184745627,1,4,1,1
638,1,3,39.92179961322884,60.91280845407314,0,9,0,1
639,0,1,49.57136408453958,38.44281857095978,0,5,1,1
640,1,2,54.58199611410569,70.5565630331697,0,7,1,1
641,1,2,71.67731711591121,66.5033419190195,1,3,1,1
642,0,3,100.0,65.10119191621615,0,2,1,1
643,1,2,44.993918426540944,39.850185323538085,0,1,1,1
644,0,2,36.47918185042135,40.90938092510753,0,8,0,0
645,1,1,38.964268562156455,42.44723526777095,0,2,1,0
646,0,1,41.60375168155689,46.698976546272974,0,8,1,1
647,0,1,43.79428549115582,41.2198941514904,0,6,1,0
648,0,1,25.842496129385495,26.35632034890716,0,4,1,0
649,0,2,19.97788041234669,31.107126109704797,0,6,1,0
650,1,2,55.11124253907904,64.0160466049838,0,4,0,1
651,0,1,55.497358397560106,49.01464467038498,0,6,1,0
652,0,3,52.6771252502721,49.598364418572885,0,7,1,1
653,0,3,66.62184440240827,59.974335433395424,0,6,1,1
654,0,1,44.95615451145716,51.394947814088034,0,8,0,1
655,1,1,36.435444807649105,42.17914256168192,0,4,1,0
656,0,1,47.62098643052038,45.371722383187375,0,5,1,1
657,1,2,73.87187796314227,66.45249274303606,1,2,0,1
658,1,1,67.41284528440113,72.58510284481576,1,6,0,1
659,1,3,64.53285706770716,60.666399103448015,0,3,1,1
660,0,2,29.928291851794693,26.109913592628597,0,3,0,0
661,1,3,45.674929209926404,65.34150828437544,0,12,1,1
662,0,2,71.06348751928006,56.73633936284635,1,4,1,1
663,0,1,78.59012440078371,68.27679971623365,1,5,1,1
664,0,3,77.03253824242654,69.41825164382614,1,6,0,1
665,0,3,48.93487529787483,58.4579339153299,0,9,1,0
666,1,1,68.52351177963305,64.63013085602034,1,3,1,1
667,0,2,37.45669856462572,46.51618644167071,0,7,1,0
668,1,1,64.38636756934521,62.95404164576461,1,5,1,1
669,0,2,61.55161030095449,51.3890346494971,0,0,0,1
670,0,2,51.164245198750876,53.82644773463911,0,6,0,1
671,1,2,54.86041118791296,56.65729528027713,0,4,0,1
672,1,3,62.64898887405029,46.12912139300509,0,4,1,1
673,0,3,56.78849300622543,51.69234080177479,0,3,1,1
674,0,1,70.30409220842775,54.02235990583263,1,3,1,1
675,0,1,41.10930782717269,39.40594788816145,0,3,1,1
676,1,1,54.27959498998656,52.40200019790333,0,2,1,0
677,0,2,54.961899733623646,60.46934428987938,0,8,1,1
678,0,1,57.153249597212934,58.51737012394962,1,7,1,0
679,1,2,32.04085356078936,38.31293414256891,0,4,0,0
680,0,1,50.67045498272823,59.01502648371987,0,10,1,1
681,0,1,46.8900750156339,54.85936191419911,0,7,0,1
682,0,3,50.915844644756824,44.99096962551262,0,6,1,1
683,0,2,34.04211115167963,38.28683640390585,0,6,1,1
684,0,2,49.876647849783424,42.70042969603504,0,3,0,1
685,0,2,31.933678990330304,32.24290036298342,0,2,1,0
686,0,1,31.89131224299413,35.32549844629163,0,7,1,1
687,0,2,44.97690043614883,38.585603098178765,0,3,0,1
688,1,3,70.06922272139235,77.60294870123234,0,7,1,1
689,0,3,31.362323421907668,28.669591242286515,0,5,1,1
690,0,3,52.78917905903048,47.30723924077837,0,6,1,1
691,0,1,50.548547816257425,53.28698322880818,0,7,0,1
692,0,2,51.39868685278066,52.67484868381139,0,6,1,1
693,0,1,45.31664480758661,35.45869003535754,0,2,0,1
694,1,3,46.802051374747094,63.321138546078444,0,8,0,0
695,1,2,31.75722278949354,48.90613424897953,0,8,1,1
696,0,2,55.07463075889491,49.07527855260373,0,3,1,1
697,0,1,57.45963994019315,47.87201464900201,0,7,1,1
698,0,2,57.13159465798455,52.09982959258148,1,3,1,1
699,1,2,61.78501862509143,73.30128186030936,0,8,0,1
700,0,2,58.15221153286083,56.39423781681005,0,9,1,1
701,0,1,58.97245713966063,46.80784897073326,0,5,1,0
702,1,1,43.627049174153115,60.36837809958824,0,6,1,0
703,0,1,70.7572531463843,54.615525127546206,1,4,1,1
704,0,3,74.74459760310599,71.6940521360442,0,5,1,1
705,0,2,42.387670051564115,27.77436500110609,0,1,0,1
706,0,1,53.18909102726824,46.21726754679851,0,5,1,1
707,0,3,41.58411313812027,40.44334191728724,0,4,1,1
708,1,1,30.861742903483908,42.88802595438584,0,5,1,1
709,1,2,59.031529965273634,61.60870006531287,0,4,1,1
710,0,2,43.66320715493196,39.59849970660533,0,2,1,1
711,0,2,29.926926589193688,38.86788531117295,0,5,1,1
712,0,1,57.368383126291384,42.585982058949945,0,2,0,1
713,0,1,100.0,64.78028288469523,1,5,1,1
714,1,1,80.51130686661709,90.46606859943934,1,12,1,1
715,0,1,61.433698441254094,53.68330979093344,1,4,1,1
716,0,1,59.0396488633581,57.664726389011015,0,7,0,0
717,0,2,56.75508088623731,58.275526798126336,0,4,1,1
718,0,1,72.19687378813394,69.84161633612153,1,6,0,1
719,0,2,41.75227792309727,48.554883818103214,0,8,1,1
720,0,1,53.03684483426363,55.031166658377686,0,6,0,1
721,0,1,53.11410467389017,45.33580836118728,0,1,0,1
722,1,1,37.067368905201164,48.954127651074565,0,5,1,1
723,0,2,100.0,49.785592935616314,0,7,1,1
724,1,2,53.061800372760274,68.89109074029834,0,6,0,1
725,0,3,32.33016815373944,34.515896974804676,0,2,1,1
726,0,2,41.37214561284989,39.097038833919534,0,2,1,1
727,0,1,100.0,45.82396895944996,0,6,1,1
728,0,1,31.05248015804964,40.585455491661286,0,6,1,1
729,0,2,47.95909343787158,60.74308150739128,0,10,0,1
730,0,3,42.913131397848574,38.469578002735254,0,4,0,1
731,0,2,35.19645909132296,28.102112217208486,0,6,0,0
732,0,1,71.42086711578413,56.709468082833304,1,4,0,1
733,0,2,50.66973860894949,52.227888873166904,0,6,1,1
734,0,3,57.36641534183381,51.70030731090998,0,3,0,1
735,0,2,63.76576728514746,61.95724113272609,0,6,1,1
736,1,2,44.18877172661557,51.7617801662326,0,2,0,1
737,0,2,53.526366867022325,52.8244762946701,1,7,0,1
738,0,1,33.39377288507433,41.90274641157307,0,6,0,1
739,0,1,43.57152046625137,38.04227434018393,0,1,1,0
740,0,2,59.91721554393805,55.180986291389,1,3,1,1
741,1,1,59.176564347986904,57.88610109379954,0,5,1,1
742,0,2,62.30163905084912,72.6774537557768,0,8,0,1
743,0,1,56.2254576248788,53.236298067765944,0,4,1,1
744,1,1,38.34165125259907,36.07506925956073,0,2,1,1
745,0,2,62.81810996379315,55.78460683928832,1,6,1,1
746,1,1,45.84261584060555,46.214121567873185,0,4,1,1
747,0,1,56.21456168985118,52.55011799544825,0,7,1,1
748,0,1,55.45453564917368,41.20911594917173,0,6,1,0
749,1,1,50.31822358148218,65.03527250506555,0,4,0,1
750,1,2,40.16145057063836,55.22619491148272,0,7,1,1
751,0,1,38.17528000182995,34.77219269293211,0,4,1,0
752,0,1,0.0,65.23173147248028,1,5,1,1
753,0,2,68.77306946599822,69.16609146261295,1,8,1,1
754,0,3,70.86760356455775,35.250817070183665,0,3,0,0
755,0,1,58.115579053359006,64.70993751770384,0,9,1,0
756,0,2,47.33704265462293,43.077322084564805,0,4,1,1
757,0,2,50.453574443844985,55.2115233382103,0,6,1,0
758,0,2,44.666664721358885,47.954927774936806,0,9,0,1
759,0,2,65.928029519553,52.06204105663395,1,5,1,1
760,0,1,34.709680311408746,39.94229584947678,0,7,1,0
761,0,2,28.339841073039207,41.13217995749578,0,8,1,0
762,0,2,29.85948984746194,42.6526271238734,0,7,1,1
763,1,3,52.836483164935764,61.857715561355775,0,6,1,1
764,0,3,34.24787667709005,35.236218849849614,0,3,1,1
765,0,1,38.801834797868345,30.840916931883452,0,3,1,1
766,1,3,59.93051236318355,57.061342428163044,0,3,1,1
767,1,1,33.611152812818474,47.162497309982555,0,7,1,0
768,0,1,39.833831148880215,46.87083648322574,0,9,1,1
769,1,1,51.898481789531004,65.42369353781672,0,6,0,1
770,0,1,48.41571668121009,51.353143730802465,0,4,1,1
771,0,1,49.146938944955735,49.93422135733858,0,3,0,0
772,0,2,60.036577353914616,56.765826405518915,1,7,0,1
773,0,3,24.602081961704716,33.83225989086063,0,4,1,0
774,1,1,58.62332207154555,65.31705585398582,0,5,1,1
775,0,2,19.498037088493987,34.16271313503355,0,9,0,0
776,0,1,38.75998449816557,45.78039155150778,0,7,1,1
777,1,1,22.77869888974019,44.960077188673765,0,6,0,1
778,0,1,53.018506391258754,54.76575072318232,0,7,1,1
779,0,2,56.319607981202154,47.01567844259379,0,5,1,1
780,0,1,70.76365705493566,62.90133967332013,1,8,0,1
781,0,1,58.08040696882012,54.349972220851974,1,3,1,1
782,0,1,48.80190861577727,32.44121873827545,0,2,0,1
783,0,1,43.607643767086564,40.81713006611213,0,5,1,1
784,1,2,52.9750150469057,48.25428411252763,0,3,0,1
785,0,1,72.33721038632456,62.38978860447579,1,6,1,1
786,0,2,39.09797191923647,44.114438273308934,0,5,0,1
787,0,2,28.409736291804485,35.085407405256085,0,4,0,1
788,0,1,56.579415021044255,60.255507833649816,0,7,1,0
789,1,3,61.02363229988905,76.62299649496025,0,7,1,1
790,0,1,0.0,65.31013999942452,1,4,1,1
791,0,2,66.69711001422681,65.49321493796454,0,7,1,1
792,1,1,59.459274930111775,73.69076726593043,1,6,0,1
793,1,1,40.30475419037944,45.58549064731,0,4,1,0
794,0,2,86.76765807518105,69.59788703801614,1,3,0,1
795,0,1,71.35633640043514,70.92565122425192,1,7,1,1
796,0,3,45.081872211980425,40.914908007199884,0,5,1,0
797,1,1,64.2482654393126,66.31968713101288,1,4,0,1
798,1,3,43.45007564949186,42.46959519408557,0,2,1,0
799,0,1,58.21863258959226,60.86606545918358,0,6,1,0
800,0,1,17.51064686932883,23.845508069493967,0,4,1,1
801,0,1,47.12979080030793,47.0431447918123,0,8,1,0
802,0,1,64.79630549662039,41.56471829217112,1,4,1,1
803,0,3,49.0487092523206,45.151427945184025,0,5,0,1
804,0,1,50.519548341189115,56.24635411502918,0,8,1,1
805,0,3,63.55848498040711,72.40326921007649,0,7,1,1
806,0,2,37.46954783695709,39.9396400566922,0,8,0,1
807,0,1,53.264633058783346,48.10832156204775,0,2,1,0
808,1,2,61.8406932906933,62.70705284580732,0,6,1,1
809,1,1,51.527535606681596,60.64366801816566,0,1,1,0
810,0,2,64.80103110501096,62.0209292408844,1,8,1,1
811,0,2,63.71548987767468,46.52146136383049,1,2,1,1
812,1,1,0.0,79.4494865295793,1,7,1,1
813,1,1,30.033257916082206,43.847314901483806,0,4,1,0
814,0,3,46.60640322050584,38.620886083700114,0,2,1,1
815,0,1,36.32713020542976,25.46180478145195,0,0,1,0
816,1,1,47.12210603808132,58.44759788961284,0,5,1,1
817,0,1,68.984220064852,48.994743547448266,1,3,1,1
818,0,1,71.66494517356286,61.869996841283864,1,5,1,1
819,0,1,42.20712719965016,50.994338996138126,0,7,1,1
820,0,1,42.95562156518247,39.68276550821178,0,5,1,1
821,0,2,45.04439412626231,46.72860593968628,0,8,0,1
822,0,2,26.656918591400554,31.349683608820865,0,5,0,0
823,0,2,42.788366609283045,40.01019434859109,0,5,1,1
824,1,2,74.97435284916921,87.77736046453941,1,11,0,1
825,0,2,56.36172653365997,54.991373923011345,0,5,1,1
826,0,2,40.497065266040735,35.84060028020436,0,4,1,1
827,0,1,45.88717192598596,52.83188325860053,0,6,0,1
828,1,1,51.54709054991848,52.714055420589204,0,4,0,1
829,0,1,45.378145084144,41.928648206487175,0,4,1,0
830,1,3,37.46457663878354,43.33030725579596,0,1,1,0
831,0,2,33.499911278617994,40.32184339281933,0,7,0,1
832,0,2,72.04700628534155,58.961528998771676,1,5,1,1
833,1,2,63.03988929804434,68.1565038336017,0,4,1,1
834,1,2,42.85272297212172,55.680057192408235,0,7,0,1
835,0,2,33.74399811867933,27.084000700438104,0,3,1,1
836,0,1,47.59975562133966,46.005014719930095,0,5,0,0
837,0,1,52.829015371886264,50.18360159807197,0,4,0,0
838,0,3,59.1925683998519,55.69416645161694,0,7,0,1
839,0,3,71.28290198103292,56.44791940874315,1,4,1,1
840,0,2,18.968729031034627,23.73506397045633,0,2,1,0
841,1,2,40.673799241718555,48.0855942554874,0,6,1,1
842,0,2,51.908355483197724,51.89966927010235,0,5,0,1
843,0,2,69.25060430111782,55.48262773541773,1,4,1,1
844,0,2,46.86837974147802,50.8663774900106,0,3,1,1
845,0,1,34.229361527375296,34.62650630838654,0,2,1,0
846,1,1,100.0,62.050573388416595,0,2,0,1
847,0,2,66.67528814441256,66.16710045177975,1,7,1,0
848,1,3,40.77403037990659,54.708357442838185,0,6,1,1
849,0,2,17.956416394697474,24.859328841842814,0,3,1,1
850,0,2,55.58477496528108,54.52473835992313,0,8,0,1
851,0,2,63.059330328996715,44.159039363836555,1,2,0,1
852,0,2,57.53974724427656,51.01533308980116,1,2,1,1
853,0,2,61.57298086917167,60.144102405777275,1,4,1,0
854,1,3,54.465565569187135,65.66779660139524,0,7,1,1
855,1,1,23.735862462493927,30.717784820147674,0,3,0,0
856,1,2,14.679524967404213,47.02357316550765,0,11,0,1
857,0,1,57.80659044061922,45.74088534822594,0,4,1,0
858,0,1,71.23526095286132,56.84606839550384,1,5,0,1
859,0,1,71.15785456442848,51.575791005613496,1,2,0,1
860,0,3,54.353894832694365,57.83246067384789,0,5,1,0
861,1,2,43.180395198857106,62.27153621993397,0,8,1,1
862,0,1,42.138232767804254,39.27875323434421,0,3,0,1
863,0,2,52.66116876217094,66.82714339191007,0,12,0,1
864,1,1,53.836636670865026,64.75294873769393,0,7,0,1
865,1,2,75.50240851876165,64.28662291946455,0,4,1,1
866,1,1,76.72111813902919,75.59453699771299,1,6,0,1
867,0,1,58.59750802721114,52.10540858628379,1,3,1,1
868,0,2,65.58391572128143,52.07309068236686,1,4,1,1
869,0,3,52.34740407614251,61.732225934994275,0,13,1,1
870,0,3,50.41262643543686,59.33341782242362,0,5,1,1
871,0,2,58.03829855107396,43.35176991324228,0,4,1,0
872,0,3,27.520018113718233,28.48159292429258,0,4,1,0
873,1,1,33.84113422934201,50.93171823903157,0,6,0,1
874,0,2,66.54430394064975,66.23659809116656,1,9,1,1
875,0,2,58.87332021593629,52.59460516552171,0,4,1,1
876,0,1,0.0,26.796305367040752,0,5,1,0
877,0,3,35.96699197938982,39.19646336623518,0,5,1,0
878,0,2,44.98445366206158,51.74484569073785,0,5,1,1
879,0,2,30.99629919846204,43.61108789652028,0,7,0,1
880,1,2,46.554276221184026,53.53907877464648,0,4,1,1
881,0,1,68.11044076409044,49.83229130513697,0,4,1,1
882,0,2,38.48290610762663,38.1921615690544,0,5,0,1
883,0,2,46.10334029573594,43.22500212107379,0,2,1,0
884,1,1,57.83010912888448,54.05848552197796,0,4,1,0
885,0,2,43.03005318932561,33.63313363711009,0,0,1,1
886,0,2,53.45904726771792,46.29971046220707,0,5,1,1
887,1,1,36.79512085047808,68.23662452690894,0,9,0,1
888,0,1,62.40583734922598,47.4174310936872,0,3,0,1
889,0,3,44.539953450671774,44.365090374899815,0,5,1,1
890,0,3,50.90275402538343,55.06273499471941,0,9,1,0
891,0,1,0.0,41.85677640669455,0,1,1,0
892,0,1,44.74936843099195,40.38853450446678,0,3,0,1
893,1,1,48.18522968113467,60.44569086282787,0,7,1,1
894,0,2,37.49209838635986,40.97236193076753,0,5,0,1
895,0,1,45.309233443889084,37.69331772736412,0,4,1,1
896,0,2,49.58082334805197,40.20322206706231,0,4,0,1
897,0,2,44.3486359219117,47.7602055455593,0,6,0,1
898,0,1,58.00074476724821,49.83004492590988,0,2,0,0
899,0,1,38.04021746121001,38.91237636037783,0,3,0,0
900,0,1,62.8340348667848,47.22418718665904,1,1,1,1
901,0,1,47.692024776615426,48.47069212075936,0,6,1,0
902,0,2,45.49698652791846,35.0084960250829,0,2,0,1
903,0,1,31.607939502103356,22.306408635995346,0,2,1,0
904,0,1,38.04612800617035,40.464314661861934,0,6,1,1
905,0,3,55.68708724923438,51.86819617833862,0,7,1,0
906,0,2,41.33329777352782,42.652992927751,0,7,1,1
907,0,3,64.33951820461444,59.29124250139885,0,5,1,1
908,0,3,69.19279870490455,74.58786378110399,0,9,1,1
909,0,1,46.402201753594284,39.92866104994858,0,4,0,1
910,1,1,63.63868299391264,60.882021925777714,1,4,1,1
911,1,1,57.282264019371524,67.83440183950013,1,9,1,1
912,0,1,55.464062824449805,56.47734610862689,0,4,1,1
913,0,1,43.567368472904484,40.840125984256765,0,8,1,0
914,1,2,44.26828561128046,55.219200418192806,0,4,1,1
915,0,3,49.012984546131804,51.940022860187966,0,3,1,0
916,0,2,79.17481150164164,70.73030451924551,1,7,0,1
917,0,2,66.40854824365996,66.31815730251307,1,7,0,1
918,0,2,53.09923236851259,48.52161283935451,0,6,1,1
919,0,1,56.656357677706055,52.52298580844466,0,4,1,1
920,0,1,51.73468241584225,39.06509061004562,0,1,0,1
921,1,1,31.57008360042328,46.25318071618069,0,4,1,1
922,0,1,62.25957907375449,59.25342135008682,1,6,1,1
923,0,2,69.63647822879929,61.40836103122773,1,4,1,1
924,1,1,60.975742457651684,58.631414306115076,1,3,0,1
925,0,1,56.7177377444182,45.934833591848,0,6,1,0
926,0,2,46.44793487365265,43.3813587011188,0,3,1,0
927,0,2,30.348712782546603,41.576549412881036,0,7,1,1
928,0,1,64.8598052291811,51.3536970848612,1,3,1,1
929,1,1,39.168368955526404,47.53396638575961,0,5,0,1
930,0,1,66.54318844926328,57.80798544279186,1,4,1,1
931,1,1,81.61710887823982,80.72405652289817,1,8,1,1
932,0,2,52.37639265304026,61.012264088692056,0,11,1,1
933,1,1,46.47204995273042,62.66189574975626,0,9,0,1
934,0,1,63.24273962345109,52.41104502187556,1,4,1,1
935,0,3,46.195003395503385,43.27611209392169,0,3,1,0
936,1,2,52.261618854471735,57.152638900652065,0,2,1,1
937,0,2,42.08572612165444,49.03157381904814,0,9,1,0
938,0,3,14.75200443112577,28.855711538357692,0,4,1,0
939,0,2,40.942707006198205,37.20363025833851,0,3,1,1
940,1,2,70.38826722356366,68.18736807721581,1,5,1,1
941,0,1,23.08409488049034,39.56396089657164,0,8,1,1
942,1,2,36.05526297805505,50.378172395179526,0,5,0,1
943,0,2,50.01242065157295,46.488360912231414,0,6,1,1
944,0,2,73.00972550248942,61.77703175108451,1,3,0,1
945,1,2,72.73290650621203,74.63179382025538,1,3,1,1
946,1,3,61.2585213073865,55.8502107202187,0,3,1,0
947,0,2,0.0,28.21964108268591,0,6,1,0
948,1,3,48.50224578282219,39.95297867733156,0,3,1,1
949,0,1,70.10969314752239,63.47766158836663,1,5,1,1
950,1,2,57.48891948799877,57.9001123494096,0,2,1,0
951,0,3,58.359147785578045,49.064110759952605,0,3,1,1
952,1,1,59.55483338027611,63.494797550863105,1,4,1,1
953,0,1,54.65838845829639,55.23180580225694,0,5,1,1
954,0,2,66.16386157975357,52.58836386464983,1,3,1,1
955,1,2,80.5284075604269,77.6405700606851,1,6,0,1
956,1,2,85.27492300294445,75.23002278332552,1,3,1,1
957,0,1,100.0,62.95057404224306,1,7,1,0
958,1,3,50.768435822074046,52.7164671462767,0,7,0,0
959,0,2,34.16869543806274,23.88707743312872,0,2,0,1
960,0,2,42.66517664386431,46.91979433676977,0,9,1,1
961,0,1,41.83493501815435,47.793701049597715,0,7,1,1
962,0,2,64.67852025212989,41.18481634492598,0,5,0,1
963,0,1,55.85634481021965,56.51676448500347,0,8,1,1
964,0,2,58.379314999904075,51.22817927735575,0,5,1,1
965,0,2,44.66210741259424,50.885350011023945,0,9,1,1
966,1,2,58.19844183714821,71.63559594692029,0,10,0,1
967,0,2,55.716871070221,47.140040065336365,0,3,1,1
968,0,2,62.348590474769594,51.0989830957397,0,5,1,1
969,0,1,40.70115184530255,37.309983540052905,0,3,1,1
970,1,1,39.63974496883803,49.65683623902676,0,6,0,1
971,0,1,65.76363299239719,55.87231596697899,1,7,1,1
972,1,3,77.61293923089337,70.73323759409848,0,10,0,1
973,1,1,43.192941033665434,54.30852713381773,0,7,0,1
974,0,3,49.759458296976575,49.583737463904114,0,5,1,1
975,0,2,50.82098251180425,39.56473294304242,0,4,1,0
976,0,2,37.04092243918172,41.64570833213162,0,4,1,0
977,0,2,67.27123596532685,62.9073156073645,0,10,1,1
978,0,1,60.13280930877959,54.70317084831272,1,2,1,1
979,0,2,79.97423858572657,64.58970845101751,1,4,1,1
980,1,2,63.32314381205658,69.26919839376941,1,6,0,1
981,0,2,6.238968380687064,33.35930981058573,0,11,0,1
982,0,3,53.65762002478453,46.82157574623855,0,5,1,1
983,0,3,67.30156033079186,66.87910045098461,0,7,0,1
984,0,1,37.77269292203114,36.20370633478423,0,5,1,1
985,1,1,62.96453868206436,64.83367808548961,1,4,1,1
986,1,2,40.38541471146756,64.07514780173506,1,6,1,0
987,1,1,35.451301950823726,49.921159497472814,0,5,1,1
988,0,2,76.92028921940309,59.65068672063957,1,7,1,1
989,0,1,46.32741890937381,43.47206403529961,0,4,0,1
990,0,2,42.24686300897037,36.58733741159205,0,5,1,1
991,1,3,57.606019368359455,63.30056696963294,0,7,1,1
992,1,2,82.70516332789452,74.33538535646052,1,3,0,1
993,0,1,52.74465731407068,46.96149737479729,0,4,1,1
994,1,2,64.38428408509922,77.50673201179593,1,11,0,1
995,1,1,55.053119724717924,60.40316185019987,0,6,1,1
996,1,3,35.258058310025135,54.897008113952886,0,7,1,1
997,0,1,43.760888431200286,32.88456475016628,0,1,1,1
998,0,1,63.85479131695009,52.359605747176296,1,3,0,0
999,0,1,23.10822427479158,23.975527291852654,0,6,0,1
1000,0,1,62.431407388671076,59.45380022462089,1,8,1,1
1001,0,2,48.21630059724668,52.56590485173219,0,7,1,1
1002,0,2,23.151994051732476,24.8117880715677,0,3,1,0
1003,1,2,60.48117987857481,56.49951606582174,0,5,1,1
1004,1,2,57.75686015421359,62.00682744179852,1,6,0,1
1005,1,1,47.696349169201135,45.822611360458794,0,2,1,0
1006,0,2,49.60037856107062,46.75315098385374,0,4,0,1
1007,0,2,25.716572437186098,38.930478907104565,0,6,1,0
1008,0,2,49.145750141749765,44.80620169447118,0,3,1,0
1009,0,2,41.920533048530594,41.62138686660674,0,5,1,0
1010,0,1,80.26365991442594,65.59478597656387,1,5,1,1
1011,1,3,53.13530980193853,60.17307292094402,0,2,1,1
1012,0,1,76.454535752025,66.85395829015339,1,3,1,1
1013,0,1,48.723289126948565,47.71602288276915,0,4,1,1
1014,0,2,29.317083196960134,30.910509326976637,0,7,1,1
1015,0,1,60.646192692054065,50.457369819189374,1,5,1,1
1016,0,2,37.39059954911433,39.66870243754182,0,5,1,0
1017,0,2,65.34195286574646,53.86416006888541,0,8,0,1
1018,0,1,29.76001524397509,51.21591199553606,0,14,1,1
1019,0,3,100.0,61.75015707130473,0,5,0,1
1020,0,3,0.0,43.46147581965879,0,5,1,1
1021,0,2,30.496658282512886,30.06852803089969,0,4,1,0
1022,0,1,50.36974490969056,57.43917315438152,0,4,1,1
1023,0,3,47.66498935093939,53.79218318485954,0,7,1,1
1024,0,1,63.70290447820241,55.63874110057204,1,2,0,1
1025,0,3,44.68659979056351,43.816654065146096,0,3,1,0
1026,0,1,46.152489681353615,43.828342171235356,0,5,1,1
1027,1,2,33.39571164129442,45.07176146208867,0,6,1,1
1028,0,1,42.572140624087865,36.88413806178846,0,4,0,0
1029,1,2,67.24864111938133,63.952004576639304,1,4,0,1
1030,1,2,59.264332335971076,62.278244636202736,0,6,0,1
1031,0,2,54.86026950860535,52.150799800097815,0,7,1,1
1032,0,1,22.263839577347554,32.59607921060534,0,3,1,0
1033,0,2,51.82024938976711,46.14143577460185,0,3,1,1
1034,1,2,52.67058956088442,64.16018426386125,0,6,1,1
1035,0,2,39.32061496423036,44.299408232012986,0,6,1,0
1036,1,2,79.36103420052886,81.69238956830797,1,4,1,1
1037,0,2,56.218471194803485,37.46234681354524,0,0,1,1
1038,0,2,39.34791754555712,39.316844772174775,0,5,1,1
1039,0,1,61.41478872454433,62.978481761381914,1,6,1,1
1040,0,3,41.88800597858376,39.46110756022158,0,4,1,0
1041,0,2,36.77988214790399,39.9471769099359,0,4,1,1
1042,0,1,38.65067141755978,36.465137853279614,0,5,1,0
1043,1,3,45.433595182238996,55.604701600990786,0,3,1,0
1044,0,3,41.04071645283177,48.83871871501486,0,6,1,0
1045,0,1,56.920486158899266,46.43184227739437,0,3,1,1
1046,1,3,54.73187989796818,61.61743935018306,0,5,0,1
1047,0,2,64.13074291567045,63.603706121538984,1,8,0,0
1048,0,2,58.152184644016394,55.9032356809243,0,7,1,1
1049,0,2,61.38297108759555,59.00500869238752,0,7,1,1
1050,0,1,57.92649722602316,56.96387880354657,0,7,0,1
1051,1,2,53.75893158149057,62.89020244060576,0,5,0,1
1052,0,3,36.12666701006484,39.89582538123162,0,8,1,1
1053,0,2,0.0,52.44015697424354,0,7,0,0
1054,1,2,51.09890120295307,86.00301039998594,0,15,0,1
1055,0,1,24.306599271500243,42.69652657505009,0,6,0,1
1056,1,1,51.64032749548198,66.62723545188871,0,7,1,1
1057,0,2,11.471246656398247,25.22226303513825,0,6,1,1
1058,0,1,32.03645617244936,40.418381764631334,0,6,1,0
1059,0,2,49.26573794656879,43.454646800772665,0,4,0,0
1060,1,3,47.258643009644025,63.42698987916934,0,7,1,1
1061,0,2,50.190080054645314,58.93218415888699,0,12,0,1
1062,0,2,40.764154043348235,46.086903102536944,0,7,0,0
1063,0,2,65.40038040976292,52.36098106997903,1,5,1,1
1064,0,2,88.72726717559419,71.48133261718702,1,2,1,1
1065,0,3,46.56477512043713,39.653168877159466,0,4,1,1
1066,1,2,57.728292222046704,66.60025459284326,0,4,0,1
1067,0,3,45.182657135981536,38.72999101985546,0,4,1,1
1068,0,2,35.40004567980011,33.422909808476525,0,5,1,0
1069,0,3,44.5728988281007,49.636449202710025,0,7,1,1
1070,1,1,46.19587144880171,53.54069303466238,0,4,1,1
1071,0,1,56.79038156916109,62.83852370937692,0,10,1,1
1072,0,3,47.55077723221531,48.750080496409474,0,4,1,0
1073,0,2,53.45545165238248,54.00767181956034,0,6,1,1
1074,0,1,49.00025390938528,50.81762150048224,0,6,1,1
1075,0,1,59.294670087556035,48.06235695530521,0,3,0,0
1076,0,3,28.753587995771763,44.90565864313552,0,6,0,1
1077,0,2,56.87410135619417,55.66845689993342,0,4,1,0
1078,1,2,36.69047017316984,52.7447654307789,0,2,1,1
1079,0,2,52.28527677862968,57.425890951639545,0,6,1,1
1080,1,2,35.28808051582345,51.41131403611108,0,9,0,1
1081,0,1,52.77168588592648,50.92773698239352,0,6,0,1
1082,1,3,39.88527455982808,56.16168145935384,0,8,0,1
1083,1,1,24.242029612545483,50.00938120572132,0,8,0,0
1084,1,2,62.00520282112659,63.33200804067378,1,6,0,1
1085,1,2,50.0673432333266,52.23862620086094,0,1,1,0
1086,0,2,100.0,54.999732507623364,0,6,1,1
1087,1,2,63.96168073286063,56.8959460720036,0,4,1,1
1088,0,2,82.45958073759267,60.9271625963527,1,4,0,1
1089,0,2,86.67978274249384,75.63958861829852,1,6,1,1
1090,1,1,50.521309025665865,53.65380154655835,0,3,1,1
1091,0,2,56.87312250971909,55.177745309956705,0,5,1,1
1092,0,3,57.47544504813912,59.35908698891062,0,7,1,1
1093,0,1,57.47778830646149,51.09294751452317,1,7,1,1
1094,1,2,47.662571710558005,58.04115236531622,0,7,0,1
1095,0,3,15.154648348546385,31.64825908948579,0,10,1,1
1096,0,2,42.664627124670325,35.076039761193385,0,5,1,0
1097,0,1,54.830652007793226,46.008231365168314,0,4,1,0
1098,0,2,47.307886042694065,51.78994428671805,0,9,0,1
1099,0,1,64.10856685776169,66.31523264940957,1,6,1,1
1100,0,2,70.24190551339332,66.71197094714796,1,6,1,1
1101,0,1,35.65839609760064,42.775352875936875,0,8,1,1
1102,0,1,21.060472019041057,39.89746756543959,0,6,1,1
1103,0,2,4.56395354408324,6.753521939896519,0,2,1,0
1104,1,2,30.919417696869303,59.113401765990474,0,10,1,1
1105,1,1,49.971464974459884,54.73547158777071,0,5,0,1
1106,0,2,29.211642130808514,28.667152136244145,0,2,1,0
1107,0,1,52.1166852052234,59.247321201667276,0,7,1,1
1108,0,1,51.773855215023005,43.50782943629142,0,2,1,1
1109,0,1,54.65695003317196,31.943688705577266,1,1,1,0
1110,0,2,45.90201900647786,37.171616027891375,0,5,1,1
1111,0,1,40.29145817383947,27.04064212551731,0,8,1,1
1112,0,2,52.85118548085617,55.67636511404153,0,7,0,1
1113,0,1,61.66607118548026,57.63080719972687,1,3,0,1
1114,0,1,65.49287275897291,68.77459395016345,1,6,1,1
1115,0,2,52.18248864394605,47.323831826549366,0,2,0,0
1116,1,2,55.65153946828375,52.69862064580366,0,4,0,1
1117,1,2,61.29706773812888,61.512236074869506,1,5,0,0
1118,0,2,50.71794660459039,47.647519675267915,0,4,1,1
1119,0,3,48.794685753092466,50.051959182730045,0,3,1,1
1120,0,3,43.151546496575214,43.58646686865491,0,6,1,1
1121,1,2,44.578467642770114,46.68156091358792,0,3,1,1
1122,0,3,0.0,71.14822370697263,0,5,1,0
1123,0,3,39.417595067149186,47.70684473831865,0,5,0,0
1124,1,1,33.466705284626485,34.95226840337278,0,2,0,1
1125,1,2,44.353281351420634,51.71953854543384,0,2,1,1
1126,0,2,22.551090690751384,30.994296632489746,0,4,1,0
1127,0,3,70.79002720282392,53.23943834194106,0,3,1,1
1128,0,2,49.052429398774024,46.67599094696147,0,3,1,0
1129,0,2,43.136639611252306,52.25470678505724,0,5,0,1
1130,1,2,43.170450434913384,45.44741172355255,0,4,1,1
1131,0,1,57.17246112804681,51.88267808904392,1,6,1,0
1132,0,2,63.24036798002182,50.478697864189854,0,4,0,1
1133,1,1,26.788299817700427,39.91865656121098,0,6,0,1
1134,1,3,60.9300394890597,61.95096202899926,0,6,1,0
1135,0,3,47.09533912768495,38.54984353428076,0,4,0,1
1136,0,3,83.25521721450623,81.615048123315,1,12,0,1
1137,0,1,42.26280416394561,51.31472914561433,0,8,0,1
1138,0,2,34.77913313246107,35.44118920626417,0,5,1,0
1139,0,3,37.92395878584593,38.53875593140901,0,5,1,1
1140,0,1,34.98877767196462,34.79140560564385,0,5,1,1
1141,1,3,63.7396740057608,76.25585963765651,0,7,0,1
1142,0,3,60.82705677002747,50.85740210649508,0,4,0,1
1143,0,2,31.54673019210286,31.040688292843296,0,3,0,0
1144,0,2,50.07001870839611,44.940797184882385,0,4,1,0
1145,0,1,66.1957954597649,46.30120264690565,1,3,1,1
1146,0,2,51.620009824319716,49.42539984335417,0,6,0,1
1147,1,1,47.039766264921234,54.48885036403241,0,3,0,1
1148,0,2,44.18603626285814,40.18671439564715,0,6,0,1
1149,0,3,57.04477707837507,57.46603999415257,0,6,0,1
1150,0,2,55.49547594392923,41.36162947530129,0,3,0,0
1151,0,1,46.09013921695113,44.93653633049458,0,6,1,0
1152,0,1,17.329319659995573,36.7420135220485,0,12,0,1
1153,0,1,45.66333129001128,38.54120091028322,0,4,1,0
1154,0,1,67.43669442062729,69.92512768828922,1,6,1,1
1155,0,1,41.17568398977186,52.886878891625166,0,9,1,1
1156,0,1,58.9142693837726,45.98274237397189,1,3,1,1
1157,0,2,49.94472144984573,42.99263426964644,0,3,0,1
1158,0,1,79.30672863824134,55.41481855026983,1,6,1,1
1159,0,1,58.70338976555497,54.06632706339792,0,4,1,1
1160,0,2,63.94887650099793,68.09485902746617,1,4,1,1
1161,0,2,31.471918967689493,25.773524032738376,0,2,1,1
1162,0,3,44.895344325853124,36.01902633886345,0,6,0,0
1163,1,1,38.79636520683952,45.18815268181348,0,5,0,1
1164,1,2,26.528797298500265,48.93535285235811,0,6,0,1
1165,0,2,52.82191642594735,46.82130479259075,0,6,1,1
1166,0,1,47.53678312801759,43.2704591339277,0,5,1,1
1167,0,3,50.95735958455418,50.41435743931753,0,6,0,0
1168,0,2,53.305578995727906,55.50891848557187,0,10,1,1
1169,1,1,66.2900883686644,53.47796299119242,0,4,1,1
1170,0,2,41.242500533957156,45.25559710655867,0,4,1,1
1171,0,2,78.12053811896621,64.79873673563836,1,3,1,1
1172,1,2,27.62108468514622,48.41133231779957,0,5,1,1
1173,0,2,46.84272618802473,47.38773651046317,0,2,1,0
1174,0,3,51.54145525905934,51.9346297880632,0,3,1,1
1175,0,2,63.753930811031516,53.18918458216808,1,4,0,1
1176,0,2,43.01182967453995,45.11362559344186,0,7,0,0
1177,0,2,49.88478133115916,53.25021447140676,0,4,1,1
1178,0,3,25.07995420305681,38.8673915358507,0,8,1,0
1179,0,2,13.800513891154262,24.367044081476703,0,5,1,0
1180,0,3,59.37487818804655,49.66111763628258,0,1,1,0
1181,0,2,69.2557260878672,51.87875924933618,1,3,1,1
1182,0,1,54.567157173947955,56.52319411203406,0,8,0,1
1183,0,3,66.46330049497296,57.94555408269847,0,5,0,1
1184,0,3,80.80663162466983,69.07177072854553,1,3,1,1
1185,1,2,67.94682031767597,72.12959526027333,1,3,1,1
1186,0,1,85.9291431298775,71.49398927044946,1,5,0,1
1187,0,3,62.09047017226242,57.02171059033424,0,5,1,1
1188,0,2,34.94998033416982,33.724677691922395,0,4,0,1
1189,0,3,49.728186553983065,54.87610374178418,0,7,1,1
1190,1,1,65.99474290156031,73.16689185536447,1,4,1,1
1191,0,3,40.07230099243432,35.13094354406949,0,3,1,0
1192,0,2,46.85717658197112,37.037555211154945,0,2,0,1
1193,0,2,47.473542877034674,46.611588958610966,0,8,1,0
1194,0,2,32.020330986444655,23.808515707631262,0,2,1,0
1195,0,2,63.83130746486728,53.055789988816656,1,2,1,1
1196,1,3,69.54875521623045,72.41675326758866,0,9,1,1
1197,0,3,20.011094950828493,39.19064882663926,0,10,1,0
1198,0,2,40.13597105019245,44.582165654702436,0,3,0,1
1199,1,1,61.743163914715424,67.83541005572233,0,4,0,1
1200,1,2,60.912965986812516,57.29374293951256,1,3,0,1
1201,0,3,69.02118300432117,47.92488923605432,0,2,1,1
1202,0,2,45.67713442532866,45.94205593010055,0,5,0,1
1203,0,1,69.42019593409815,55.393305918660076,1,5,1,1
1204,0,3,47.387262307671556,54.47357834034903,0,7,1,0
1205,0,2,44.354185918571915,43.98376982718489,0,5,0,1
1206,0,2,40.04726658942867,48.44017951505585,0,6,1,0
1207,0,2,43.61455796156986,44.860603299101555,0,4,1,1
1208,0,3,35.089427805567254,38.02349701794451,0,9,1,0
1209,0,1,56.27934037486704,46.2538493032339,0,3,1,1
1210,0,1,0.0,51.188224030673695,0,5,0,1
1211,1,3,71.41086664391335,64.7711542696605,0,5,0,1
1212,1,1,70.15727151196535,78.70878733125502,1,8,0,1
1213,0,1,55.61969038598834,55.375843351575135,0,4,0,1
1214,0,2,53.18053204040139,53.32463171525913,0,6,1,1
1215,1,2,69.96196594084441,72.03153064354971,1,6,0,1
1216,0,1,16.43679331491574,13.4724446820412,0,2,1,0
1217,1,2,30.097662603208875,61.209054030643436,0,6,0,1
1218,1,3,38.4559736000941,38.387977104332506,0,0,0,1
1219,0,2,40.39897765014123,44.630971427964674,0,5,1,1
1220,0,3,33.54976787205125,35.091020894927176,0,4,0,0
1221,1,2,24.739138067408245,42.47024080904201,0,3,1,1
1222,0,1,0.0,40.004202585219645,0,6,1,1
1223,1,3,50.4910964628658,53.42108395337521,0,3,0,1
1224,0,1,50.328224782147295,52.81531544097807,0,4,1,1
1225,0,2,34.730459462692814,28.779052989472387,0,2,1,1
1226,0,2,81.14446565949802,57.54105564230929,1,4,0,1
1227,1,1,26.293945970056466,39.816334423448325,0,2,1,0
1228,0,2,67.4434014931447,55.99519427653025,1,6,0,1
1229,0,2,50.84074272053935,50.553392364449714,0,5,1,1
1230,0,1,65.33798533240147,56.481661989156734,1,5,1,1
1231,1,2,43.966195410592974,54.27775829002088,0,4,1,1
1232,1,1,36.1069215624417,39.737406546165175,0,7,1,0
1233,0,2,61.16249256159838,52.94831980879715,0,4,1,1
1234,1,2,24.14837047002554,37.53859066492142,0,5,0,1
1235,0,1,35.16366465239834,38.3036147356786,0,7,1,1
1236,0,2,47.08764366638217,57.01665429292083,0,7,1,1
1237,0,1,51.22846089244862,42.63676220843467,0,3,1,1
1238,0,1,45.57362059388636,49.106196246441506,0,5,1,1
1239,0,3,53.674108373979834,45.64155844989804,0,7,1,1
1240,0,1,59.91336088624451,52.420295031463176,0,2,1,1
1241,1,1,35.30797285825378,51.01715867752742,0,5,0,1
1242,1,1,65.50312496707744,74.03551720335895,1,8,1,1
1243,1,2,54.18137496914859,45.49731816512776,0,4,1,1
1244,1,2,45.537491100157695,59.62687479085638,0,9,0,1
1245,0,1,33.019744030766326,34.63025540340633,0,4,0,1
1246,0,1,47.61688884352372,43.53691091706098,0,2,1,1
1247,0,2,48.513142476193345,40.333988212257,0,3,1,1
1248,0,3,36.66761787502661,33.88492963602269,0,5,1,1
1249,0,2,42.61975703175306,50.3633088097003,0,7,0,1
1250,0,1,54.71200368944198,48.438040986384415,0,6,1,1
1251,0,2,38.61985419969707,36.962731854362204,0,3,1,1
1252,0,1,53.57827180563225,53.73692847430072,0,6,1,0
1253,1,2,26.426164721878,42.00309171833043,0,5,0,1
1254,1,1,41.64870293558425,47.445947498929314,0,2,1,1
1255,1,2,47.12242780269208,49.434844819047825,0,3,1,1
1256,1,2,27.561479809454013,34.778514023537134,0,0,0,1
1257,0,3,80.27639305780167,69.92875949034365,1,4,1,1
1258,0,1,32.37535788662237,48.22553173405796,0,4,0,1
1259,0,2,30.906240647979647,37.772663368715165,0,6,1,1
1260,0,1,0.0,54.531992824628404,1,3,1,1
1261,1,2,40.54029709187844,60.47323672909229,0,7,0,1
1262,0,2,38.01656808285919,36.55559150915525,0,7,0,1
1263,0,1,46.13216598477678,44.66843489595922,0,7,0,1
1264,1,1,10.378930050408604,28.811519471514316,0,5,0,0
1265,0,1,37.6679782982017,52.52403322136535,0,6,0,1
1266,1,1,34.152536129029194,52.851288737772094,0,6,1,1
1267,1,2,72.65891123545249,69.15759614081314,1,6,0,1
1268,0,1,53.01548595395638,41.09144021273253,0,5,1,1
1269,0,2,38.17520963967315,29.862061602905996,0,2,1,1
1270,1,3,23.870922724109242,39.33921709746518,0,4,0,0
1271,1,2,37.57514064846219,56.170762521556846,0,7,1,1
1272,0,2,80.21252383601926,69.5875792992494,1,5,0,1
1273,0,2,38.60854779739558,39.94046079953273,0,5,1,0
1274,1,1,54.350407741093214,53.02325651517537,0,3,0,0
1275,0,2,59.53093071344608,53.43943088361119,0,2,1,0
1276,1,1,16.142775521752807,40.491522596525265,0,8,0,1
1277,0,1,41.471292459183175,40.061304639974125,0,6,1,0
1278,0,1,72.17793260780385,62.27394906422977,1,5,0,1
1279,1,2,58.67643594775906,65.58093028334687,0,6,1,1
1280,1,3,71.08445119201602,75.08580396566235,0,6,0,1
1281,0,2,67.33274119826754,63.48927455658936,1,4,1,1
1282,1,1,39.757633130219716,43.155749210073886,0,6,1,0
1283,1,1,50.1268151679117,54.626081159899684,0,9,0,1
1284,1,3,35.690303514333884,48.33365460212244,0,5,0,1
1285,0,1,55.27347075133815,51.27071509254779,0,4,1,1
1286,0,3,44.08112917309574,49.771426898141506,0,6,1,1
1287,0,1,41.803529381279304,35.88801131770755,0,3,1,0
1288,1,2,24.777606722454383,31.815184521285826,0,1,1,0
1289,0,2,55.77811762224405,62.89200792454041,0,9,1,1
1290,0,2,70.5248998969097,65.20033940566917,1,7,1,1
1291,0,2,68.11573179308793,57.57702918650131,1,3,1,1
1292,0,1,62.62151976199777,61.88210488299734,1,4,1,1
1293,1,2,60.523325074066754,69.95907870207819,0,5,0,1
1294,0,1,44.25755577455312,44.82344865082208,0,7,1,1
1295,0,3,53.65041964112775,49.07018753428427,0,4,0,0
1296,0,2,49.39876321631693,48.162553213005665,0,5,1,1
1297,0,2,66.63418081592626,68.20806121238522,1,10,1,1
1298,1,2,35.48980033419436,42.62816950444269,0,3,1,0
1299,0,2,45.600170645106694,36.90198864293009,0,3,1,0
1300,0,1,34.902297078046544,32.873115104001364,0,3,1,0
1301,0,1,13.982742758828444,30.74116055144336,0,7,1,0
1302,1,1,34.084791417063244,43.52350869335548,0,3,0,0
1303,0,3,40.56265795400568,25.232769384928574,0,4,1,0
1304,0,2,54.74239351176342,54.36046210641455,0,6,0,1
1305,1,1,54.03992422733364,54.058525847798734,0,4,1,1
1306,0,1,57.034310350928685,65.12734847202097,0,9,0,1
1307,0,2,24.90752866110873,32.83655267458291,0,2,1,0
1308,0,1,81.09703973010785,72.98946232689481,1,7,1,1
1309,0,3,35.35584852196915,37.84305268388948,0,3,1,1
1310,0,2,55.5349552066607,56.04112724906369,0,4,0,1
1311,0,2,76.31591536483654,68.95279692997852,1,2,1,1
1312,0,3,77.72088013607191,64.5929538451762,1,4,1,1
1313,0,1,51.90584086803759,46.545705108431726,0,4,1,0
1314,0,1,54.56501072975559,45.17205363784108,0,3,1,1
1315,0,2,23.780269471640636,29.423245156872508,0,5,1,0
1316,1,1,57.596658233022005,54.706011629693926,0,3,1,1
1317,0,3,47.61397359134156,59.98606937383986,0,11,1,1
1318,0,1,54.76726175292679,42.363163642458005,0,4,1,1
1319,0,2,37.646727620442164,33.53017165679642,0,4,1,1
1320,0,1,46.630548448752705,38.338864197962906,0,6,1,1
1321,0,2,49.80337335956176,45.00433267579723,0,3,1,1
1322,0,2,35.321006830801274,30.698056915587816,0,3,1,0
1323,0,2,36.35604685886723,31.18683374230897,0,3,0,0
1324,0,2,67.25149654173129,60.320171127319284,1,4,1,1
1325,0,3,27.129634837624344,30.398117242135612,0,4,0,1
1326,1,1,53.8255458651521,66.62529401554308,0,5,0,1
1327,1,1,68.9805389919274,69.95211682477172,1,6,0,1
1328,0,2,42.379455431580546,45.208808407075125,0,5,0,1
1329,0,3,55.57277921649805,28.258717661187493,0,2,0,0
1330,1,1,64.07800552580822,56.159370388243744,1,1,0,1
1331,0,2,0.0,35.849759344113075,0,5,1,0
1332,0,1,69.82189918276272,58.66554454591398,1,7,1,1
1333,0,2,30.9591913476723,36.17524449661011,0,4,1,1
1334,0,1,52.702270924308486,59.29804199784949,0,12,1,1
1335,0,3,51.25807404782876,52.384737671829086,0,2,1,0
1336,0,2,20.18423438073459,26.38336338918265,0,2,1,0
1337,0,2,41.245376832695804,39.30650626267369,0,3,1,0
1338,0,2,77.57995643265883,58.916384416791,1,3,0,1
1339,1,3,63.27076682437452,59.14747015326318,0,3,1,0
1340,1,2,33.97570575185502,44.074257672189866,0,2,1,1
1341,1,2,17.08891519142002,40.466185691613646,0,3,1,1
1342,0,3,69.81481655213828,59.36653740129045,0,4,1,1
1343,0,2,7.181922630771448,13.215394136716856,0,3,1,1
1344,0,2,67.92229198224301,62.76927701938278,1,6,1,1
1345,1,2,60.04277024802481,63.89651601631918,1,6,1,1
1346,0,2,50.68987831708915,41.2704897055421,0,2,1,1
1347,0,1,42.73078155005407,40.91561437676533,0,5,1,1
1348,0,2,21.63894162225024,27.42600516927361,0,6,1,0
1349,1,1,39.612015682308815,46.22071693145549,0,3,0,1
1350,0,1,29.702303740027066,27.78215753234725,0,5,0,1
1351,0,2,66.64267139448616,61.66064814506241,1,3,1,1
1352,0,2,54.820327441242256,48.82471368392117,0,5,1,0
1353,0,1,39.613810366148535,39.00595985766212,0,5,0,1
1354,0,1,52.41698403001587,47.564486465288894,0,5,1,1
1355,1,2,3.5764370030895947,40.59719215109307,0,4,1,0
1356,0,2,43.13812707432058,33.48974589676965,0,4,1,0
1357,0,3,52.053729191738974,52.396294156638824,0,4,0,0
1358,0,2,51.10665237202992,52.115894824710665,0,3,0,1
1359,1,1,71.72302321367043,58.005933622612396,0,7,1,1
1360,0,2,41.72567230900032,45.407578217222515,0,5,1,1
1361,0,1,0.0,50.281491165337656,0,4,1,1
1362,0,3,57.5012865864306,59.58041800619476,0,9,1,1
1363,1,2,53.902044160711405,51.07757426554666,0,2,0,1
1364,1,2,58.587770636937606,61.21748850269296,0,6,1,0
1365,0,2,66.33651250315167,57.00843692972691,0,5,1,0
1366,0,2,70.92483526365297,63.241786614844166,1,5,1,1
1367,0,3,43.79188939271931,47.971394484939225,0,6,1,1
1368,1,3,48.38031966146596,53.6699119244511,0,2,1,1
1369,0,1,33.29514587864743,27.551657757065097,0,1,1,0
1370,0,1,35.216524583446486,40.302198375798234,0,8,0,1
1371,0,2,52.119842863104594,42.83303258300507,0,3,1,1
1372,0,3,46.747661447492874,54.23953030489199,0,7,1,1
1373,1,2,10.81545170991972,58.01705151631111,0,9,0,1
1374,1,1,44.56078322351915,62.204521173682615,0,9,1,1
1375,0,2,59.78161817643003,58.49220371189972,0,8,1,1
1376,0,2,53.72206751288318,48.09855502145088,0,5,0,1
1377,0,1,35.81375935933502,34.208888651079405,0,5,1,1
1378,0,1,29.058619342897735,33.08168067149571,0,3,0,1
1379,0,2,35.55683238640986,33.062045883799684,0,5,0,1
1380,0,1,63.75653326323349,60.29116776263378,1,5,1,1
1381,0,3,15.952290012168216,22.024829920528177,0,4,1,0
1382,1,2,51.11737928692965,59.05437329020292,0,6,0,1
1383,0,2,76.24357740822502,63.086011545829116,1,7,1,1
1384,0,1,42.21545480310777,42.73725433765644,0,5,0,0
1385,0,1,88.73998004905383,74.57331007724754,1,5,1,1
1386,1,1,59.49706483955663,65.78060866140441,0,6,0,1
1387,0,2,54.308288214809764,45.94175175298721,0,4,1,1
1388,0,2,43.047905369310044,38.736285500230984,0,4,1,1
1389,0,3,43.14370005542235,41.1942606575779,0,5,1,1
1390,1,2,34.91805569296954,50.06634620767866,0,3,1,1
1391,0,2,28.718952837664574,52.70402594630631,0,10,1,1
1392,0,1,42.395352609407254,48.900719980899815,0,7,0,0
1393,1,2,63.391368906123034,71.23928467419017,1,4,0,1
1394,1,2,52.511236172880544,62.187796577308006,0,5,1,1
1395,1,1,74.69130994020315,66.44590870027172,1,3,1,1
1396,0,2,42.400887547804444,54.555127830330946,0,8,1,1
1397,1,1,24.809452662088994,42.90563341184297,0,5,0,1
1398,0,1,57.28567298007882,59.986497413567804,0,5,1,1
1399,0,3,59.60003667959955,54.72534045793403,0,4,0,1
1400,0,1,53.53188985675966,50.417934596998435,0,5,0,1
1401,1,1,62.076773781349566,63.98535852952264,1,6,0,1
1402,0,2,58.959006302233284,45.924825805373644,0,7,1,1
1403,0,1,40.18356697929568,45.18238159544569,0,2,1,1
1404,0,2,28.658199721191618,37.25693720417878,0,6,1,0
1405,0,3,47.45540118267058,38.21552886416521,0,2,1,1
1406,1,2,48.44601708940099,59.46306363877858,0,3,1,1
1407,0,2,42.75565740814502,36.969242112246995,0,4,1,1
1408,1,3,49.02116164935123,55.27523389722027,0,6,1,0
1409,0,2,49.162339882043526,47.97912446233262,0,7,1,0
1410,0,1,65.47088394873734,70.7369106766894,1,6,0,1
1411,0,2,67.03578460954874,55.76411529358451,1,4,1,1
1412,0,2,39.649008728001355,49.33569365629723,0,7,1,1
1413,0,1,37.101448519713635,42.062828933220985,0,5,0,1
1414,1,1,48.55127695094081,51.99930033744845,0,7,0,1
1415,1,2,62.608354126298394,67.29091034566252,1,7,1,1
1416,0,3,51.215162507923445,54.48512931326799,0,7,1,1
1417,1,3,17.473526226514267,27.688679861084587,0,5,1,0
1418,0,1,46.76995149173727,48.996729032642335,0,8,0,1
1419,0,1,53.994703672145405,42.38629602698036,0,3,1,1
1420,1,1,72.21134165024668,63.496971734522624,1,2,1,1
1421,1,1,28.792343442210857,38.60427268436419,0,5,1,0
1422,1,1,46.72288212926999,57.74759359892655,0,5,0,1
1423,0,2,60.53343796647589,48.37258831368904,0,5,1,1
1424,0,1,63.857134945283015,54.4999175639289,1,4,1,1
1425,0,2,49.73627183591427,58.94995416636276,0,9,1,1
1426,0,1,51.825320348147386,52.079060990437554,0,7,1,1
1427,1,1,4.987469745717639,35.88050494899925,0,6,1,0
1428,0,3,60.895690154280075,57.18378476102862,0,4,1,1
1429,0,2,65.23571984307739,55.24102300246678,1,5,0,1
1430,0,3,61.50391388968924,57.53606047270596,0,5,1,1
1431,1,1,47.813857644551845,54.4162976410513,0,9,0,1
1432,0,2,39.02734180435305,49.32550767801138,0,7,0,1
1433,0,2,21.942612507508805,30.114197332492186,0,5,0,1
1434,1,1,48.68943810371741,63.1753506292965,0,6,1,1
1435,0,1,41.70555957806371,42.571919109089485,0,5,0,1
1436,0,1,45.0715971011778,46.640438716134355,0,5,0,1
1437,1,1,26.78786312534239,35.89053967560634,0,2,0,1
1438,0,1,25.128719305870508,50.19259518263535,0,13,0,1
1439,0,2,67.52065583624787,48.86988803495405,1,2,1,1
1440,0,2,62.24926594929193,55.67695377089337,0,3,0,1
1441,1,3,69.93648314974999,73.83296537105483,0,5,1,1
1442,0,3,40.4132241133317,56.88818946614565,0,12,0,1
1443,1,3,52.23045647478479,49.98178842620743,0,2,0,1
1444,1,2,10.413052639355994,32.389531390452206,0,5,0,0
1445,0,2,68.78195397212099,57.80039106774346,1,4,1,1
1446,0,1,20.307633538485902,26.238767989341728,0,5,1,1
1447,0,3,41.266188258313996,43.5729329590253,0,5,1,1
1448,0,1,1.0175066848385015,42.33627963343829,0,10,1,1
1449,0,1,65.5637754455244,57.318725652605316,1,8,1,1
1450,0,1,55.35921902910184,47.58917582883665,0,1,1,0
1451,1,2,54.2556920342567,63.110576585654066,0,6,0,1
1452,0,2,30.56898944394023,30.871914848480554,0,5,1,1
1453,0,2,71.73486557366755,76.45632559610755,1,8,1,1
1454,1,2,55.14536523638625,58.700987803630795,0,6,0,1
1455,1,1,70.3179670875374,80.34236503765923,1,8,0,1
1456,1,2,62.87529275973563,65.97893230171182,0,7,1,1
1457,1,3,64.00505870089333,52.26884408966073,0,4,1,1
1458,1,2,46.375857335381504,49.8209864412372,0,2,1,0
1459,1,3,63.65517022300286,70.2356686691922,0,6,0,1
1460,0,3,73.2760716390095,67.52898174893073,1,5,1,1
1461,0,1,24.729503338115624,21.60465496410786,0,1,1,0
1462,0,2,53.12683536402283,57.37264824122196,0,8,0,1
1463,0,1,43.65355731163927,40.617009867920586,0,7,1,0
1464,0,1,39.5616689810001,31.528281764220036,0,3,1,1
1465,0,1,36.108346485863365,38.20813481644997,0,5,0,1
1466,0,2,61.31806745568868,64.32488701332242,0,7,0,1
1467,1,1,6.600362758613543,32.7901778462488,0,5,1,0
1468,0,3,41.4916888239938,45.01434613492982,0,8,1,1
1469,1,2,72.503751283886,67.06618620130435,1,4,1,1
1470,0,2,63.557240248463295,47.40243964799523,1,3,0,1
1471,1,2,64.09584184415115,65.02899101678051,1,2,1,0
1472,0,2,54.93490274322804,45.16396769307646,0,1,1,1
1473,0,2,35.01364819397854,46.14331220579414,0,8,1,1
1474,1,3,64.82043484738065,56.37157187982114,0,2,1,0
1475,0,2,16.198632844447324,29.852928919631584,0,6,1,1
1476,0,2,63.168473416876694,57.40382889451682,0,7,0,1
1477,0,3,68.29882998293732,64.74547133261018,0,7,0,1
1478,0,1,31.308137112155617,31.150407729915766,0,4,1,0
1479,0,1,67.41707703445454,57.156897516939274,1,2,1,1
1480,0,2,72.18162848489847,56.42920288994985,1,4,0,1
1481,0,1,51.54734270755944,38.82785933016174,0,6,0,0
1482,0,2,39.80328453876991,45.307463296581716,0,5,1,0
1483,0,1,38.32168755988617,26.336158342100887,0,3,1,1
1484,0,2,47.011428054903206,39.79028218457243,0,3,1,0
1485,1,2,67.55372436780993,72.62647194952918,1,7,0,1
1486,0,1,70.66623482468329,54.51438889852338,1,3,1,1
1487,0,3,58.99569651591184,48.15701087586025,0,2,1,0
1488,0,2,35.09845025878701,42.11857589684734,0,5,1,1
1489,0,1,40.78879806165217,45.09891999073172,0,6,1,1
1490,0,3,46.666906110482984,53.06105814385442,0,7,1,1
1491,0,3,70.6474302636468,60.832085470284504,0,4,0,1
1492,1,2,64.51074345637885,69.11900941643677,1,6,1,1
1493,0,1,80.88172275875338,76.26705943739309,1,5,1,1
1494,0,3,55.038879116634405,46.21491446303628,0,3,1,1
1495,0,3,45.736226133485715,48.02942589654258,0,8,1,1
1496,1,2,66.27216374116321,70.56874533603282,1,7,0,1
1497,1,2,54.5733587366124,64.24933167341396,0,4,1,1
1498,0,3,48.94375664482708,54.257124261571924,0,5,1,1
1499,1,3,35.42760746253051,52.5065532868596,0,5,1,0
1500,0,2,38.607716968702064,51.16594038025427,0,8,1,1
1501,0,3,49.97606036209714,48.20384453924726,0,6,0,1
1502,1,2,57.73671240409238,61.09234635560564,0,5,0,1
1503,0,3,45.72024638481141,42.38251213772622,0,5,1,1
1504,1,1,37.83791492494373,43.857956503217345,0,4,0,0
1505,0,1,26.137578598791087,38.63125487392632,0,6,1,0
1506,1,1,58.85507119719074,68.02628646138143,1,7,1,1
1507,0,2,51.98220969315712,59.08916894162977,0,9,1,1
1508,0,2,47.73535259478895,42.153322890258686,0,4,0,1
1509,0,2,43.39666024608251,50.0251874079015,0,9,1,1
1510,0,2,72.9447291321545,61.17558405935712,0,7,0,1
1511,1,1,50.92823999255014,61.265807910149626,0,9,1,1
1512,0,1,25.401053545493667,26.078156551621962,0,4,1,0
1513,0,1,100.0,66.51354255856907,1,6,0,1
1514,0,2,54.70236915826473,50.59821527363986,0,6,0,1
1515,0,3,56.79090742649685,50.98475005432226,0,4,1,0
1516,0,2,78.33439338430983,47.672632016031194,0,7,1,1
1517,0,1,32.62428369275461,40.54630521589534,0,7,0,1
1518,0,3,45.74658862752051,38.90681259550645,0,3,1,0
1519,1,2,56.05627246854534,63.04352667228747,0,6,1,1
1520,0,3,17.713077261381958,32.00915004827001,0,5,1,1
1521,0,2,56.25835289591591,60.52389438180711,0,7,1,1
1522,1,1,40.97688318527706,63.27559114024392,1,6,0,1
1523,0,3,57.6595436533891,59.84517706317329,0,3,1,1
1524,1,2,36.49370315027869,57.63166443252867,0,8,0,1
1525,0,3,52.02115315682426,45.22027647272587,0,6,1,0
1526,0,1,32.152009663534166,34.18985457248105,0,6,1,1
1527,0,2,66.90249233019401,61.670123530709716,1,5,1,1
1528,0,3,78.34798661487115,65.3177624963881,1,6,1,1
1529,0,1,65.07378146423466,52.78752709287503,1,2,1,1
1530,0,1,50.34553864125555,30.70776726871207,0,2,1,0
1531,0,2,51.56626668634189,49.870567120452954,0,7,1,1
1532,0,3,41.232840140383516,42.96541201751538,0,4,0,0
1533,1,1,31.40599728071648,36.595741144491114,0,3,0,1
1534,0,2,0.0,46.58962496439013,0,5,1,0
1535,1,3,40.60829046623868,46.87429395207729,0,3,1,1
1536,0,3,52.5074657621106,52.963180803409266,0,6,0,1
1537,1,2,49.003437261006326,57.74595028967765,0,4,1,1
1538,0,1,25.30511921320854,24.721890694103525,0,3,1,0
1539,1,2,43.681352391897036,54.51235619511024,0,3,0,1
1540,0,1,26.434712855340337,24.52690671120685,0,3,1,0
1541,0,2,43.7158669794078,35.02945856013312,0,2,1,0
1542,0,1,51.79179808044153,38.153133819560715,0,3,1,1
1543,0,1,58.6737087300951,47.13292501828211,1,4,1,1
1544,1,2,38.73276763048812,44.334638938661904,0,4,0,0
1545,0,3,49.13087494284972,37.10505485344211,0,6,1,0
1546,1,1,64.9902717210276,67.24267832686428,1,5,1,1
1547,1,2,31.554763618384264,46.17020262088225,0,4,0,1
1548,0,2,79.73355757949005,57.0253017423365,1,1,0,1
1549,0,2,6.6619510843581775,16.55376603589731,0,5,1,0
1550,0,2,33.18922415017827,34.62432772799649,0,5,1,0
1551,0,1,65.25064599607687,54.57976042395738,1,7,1,1
1552,0,2,50.263400699560115,44.21713120087656,0,6,0,0
1553,0,2,56.9686125989767,49.528239465662445,0,3,1,0
1554,1,1,81.38121900821918,65.57895441864022,1,2,1,1
1555,0,2,72.50500341277917,60.270876288244345,1,6,0,1
1556,0,2,0.0,32.97945004950689,0,5,1,0
1557,0,3,100.0,43.65727083119847,0,8,1,1
1558,1,1,49.899784323869135,71.18377585206993,0,12,0,0
1559,0,1,43.137853874786785,43.023986838733805,0,7,1,1
1560,1,3,57.48377581146187,69.00294996826445,0,6,1,1
1561,0,1,52.93271799378484,41.00617521976851,0,1,1,1
1562,0,1,43.24080807445106,44.4548346334882,0,6,1,1
1563,1,2,35.929658440705396,34.98728377889428,0,1,1,1
1564,1,1,38.11562568617607,52.57493584020193,0,8,0,1
1565,1,3,49.71128113101839,49.80407768910314,0,3,0,0
1566,1,1,74.18751708854357,67.0750159706494,1,7,1,1
1567,1,2,33.695867844997444,50.39057676887414,0,6,1,1
1568,0,2,62.57777900132775,55.52693928705065,0,6,1,1
1569,0,2,60.560031583323976,69.61603067946383,0,9,0,0
1570,1,3,58.55528499239479,73.13586364994251,0,8,1,1
1571,0,1,71.48222157017882,53.463313822676,1,1,1,1
1572,0,2,40.469292280773004,37.756543294851056,0,3,1,0
1573,0,2,0.0,47.80310545270943,0,8,0,0
1574,0,1,44.390963775914805,43.7241282941872,0,7,1,1
1575,1,1,50.04045087223456,60.002662336113,0,5,0,1
1576,0,2,32.33754166889629,32.33144618644644,0,4,0,0
1577,0,2,38.42927012729465,33.965025569326706,0,2,1,0
1578,0,2,46.02639446945122,42.369877158341616,0,6,0,0
1579,0,2,46.728362871819066,38.776083743637436,0,4,1,1
1580,0,3,49.9776270165437,58.685248131040424,0,6,1,1
1581,1,3,65.08048774657713,69.96413695574918,0,5,0,1
1582,1,1,100.0,64.6977424838142,0,4,1,1
1583,0,2,51.302549080436066,34.662006911869334,0,3,0,0
1584,0,1,56.57455510027981,50.99223115115181,0,4,1,1
1585,0,1,48.75365716537973,48.03621898256196,0,8,1,1
1586,0,2,32.09683132541656,32.63891712859644,0,5,1,0
1587,0,3,56.59261944590984,54.381487176494474,0,3,1,1
1588,0,2,55.06964186548094,48.04349286273546,0,8,1,1
1589,0,2,75.63306637858342,47.59581855179377,1,1,0,1
1590,1,1,32.909612528776265,38.67417627810063,0,1,1,0
1591,0,1,69.24954774279765,60.77575030549126,1,6,1,1
1592,0,2,77.83255784739929,56.44200865128739,0,4,1,1
1593,0,1,41.28138431960797,43.29540210633055,0,6,1,1
1594,0,2,30.29668958561611,40.65814136350521,0,8,1,0
1595,0,3,39.667663081222194,48.896524796894305,0,10,1,0
1596,0,2,68.7895947543146,62.00161937402874,1,6,1,1
1597,1,3,66.66969532105,55.71935062072202,0,0,1,1
1598,0,3,35.13437948432017,43.17734324529594,0,9,1,1
1599,1,2,62.23594293204062,59.84935972618776,1,1,1,1
1600,0,1,74.55667198952104,68.50836122754687,1,5,1,1
1601,0,1,31.754348169947683,33.16675765718552,0,4,1,0
1602,0,3,35.721931169540326,35.987016568731846,0,4,0,1
1603,0,1,63.507741323468444,64.18010144002619,0,5,1,1
1604,0,2,61.52098809675118,59.953384203554556,0,9,1,1
1605,1,1,47.7720862268885,40.35942019387018,0,1,0,0
1606,0,1,40.26370896891606,40.61717231913674,0,6,1,1
1607,0,2,64.8503559633484,51.43438763125529,1,3,1,1
1608,1,2,54.100978338754906,58.35179765032851,0,4,1,1
1609,0,1,14.872968408337186,40.01268912244875,0,5,1,1
1610,0,1,52.45912109288236,47.07725531178213,0,5,0,1
1611,0,1,52.88396449417145,54.98867647845697,0,6,1,1
1612,0,2,68.79340387536784,55.289484043001046,1,5,1,1
1613,0,3,39.8278674649701,40.230275079852476,0,4,0,1
1614,0,3,54.04948291391287,60.21084241540479,0,11,1,1
1615,0,1,64.35534039356638,52.37931277999492,1,5,0,1
1616,0,2,28.029177395494035,31.812819165163525,0,4,1,0
1617,1,2,53.88501359055427,58.84273951987135,0,5,0,0
1618,1,1,51.15163023874417,52.41910521309556,0,4,0,1
1619,0,1,40.2059498591747,26.137004345368915,0,3,1,1
1620,1,3,69.24977754311954,80.56062232573083,0,10,0,1
1621,1,3,62.11544351091365,73.3601749961227,0,7,1,1
1622,1,2,63.234947583872085,59.34664220466158,1,5,0,1
1623,0,2,82.39164625551133,57.091756690748106,1,2,1,1
1624,0,2,62.98468254223161,49.01874323190621,1,2,1,1
1625,1,1,33.46975100233944,49.94665429242662,0,5,0,1
1626,1,2,30.72679406043957,38.7516911000863,0,4,0,0
1627,0,2,74.56430706252269,71.1137464888323,1,9,1,1
1628,0,2,54.68907509153205,55.07191122520183,0,6,0,1
1629,1,3,56.634867629991945,61.80108525097198,0,2,1,0
1630,0,1,75.8359397130521,52.49234251297802,1,4,1,1
1631,1,1,61.02336827433945,68.52026340173904,1,8,1,1
1632,0,3,45.85919189789285,49.66248059281442,0,5,1,0
1633,0,3,52.084054913622374,63.43016340459499,0,9,0,1
1634,1,1,46.27071535854323,51.67801074954398,0,3,1,1
1635,0,2,32.63164143359358,49.41269618533125,0,8,1,1
1636,0,1,4.456798944737049,18.984186772436093,0,5,1,0
1637,0,2,38.92995491916677,56.22924205293992,0,8,1,1
1638,0,1,50.84972938490828,40.76397235241694,0,3,1,0
1639,1,2,46.14474219116377,48.253002357320355,0,3,1,1
1640,0,1,54.19820079803621,56.73203276786437,0,7,1,1
1641,0,1,47.49829131711696,52.875887596267376,0,7,0,1
1642,0,2,61.96868248071539,65.87763014574747,1,9,1,1
1643,0,2,36.16212308357663,33.18628479098335,0,3,1,1
1644,0,2,52.23009862200943,40.46727048145564,0,3,1,1
1645,0,1,63.498499813904985,48.693257678408294,1,2,1,1
1646,1,3,48.679902044564166,39.506653845179116,0,2,0,0
1647,1,3,0.0,58.79097810833521,0,9,0,1
1648,0,2,51.28131184778671,44.709233980049774,0,7,1,1
1649,1,1,50.39380263415922,66.92826590578674,0,6,0,1
1650,1,2,49.394620907694645,55.088308482301336,0,4,0,1
1651,0,2,48.23838636562303,47.49757022655223,0,7,1,0
1652,0,1,88.29351371351908,72.10351256764588,1,6,1,1
1653,0,2,66.4212627796329,61.036484429420696,1,2,0,1
1654,0,1,35.42891512571216,41.386312272389304,0,4,1,1
1655,0,2,32.987776027058125,36.00556889698322,0,5,1,1
1656,0,1,36.891699091424165,34.81330469208737,0,4,0,1
1657,1,1,33.476307967426045,34.92770664563345,0,1,1,0
1658,1,3,72.161957106438,87.17315261393028,1,9,1,1
1659,0,1,37.17001732052327,47.99352056850505,0,8,1,1
1660,0,3,44.848021592982484,44.35932756493337,0,4,0,0
1661,0,1,70.21508948467542,48.254312137375926,1,2,1,1
1662,0,2,71.66350727518488,54.415630968814334,1,5,1,1
1663,1,1,45.034483414997666,55.63934411985456,0,4,0,1
1664,1,2,57.650409050256975,62.23511209427787,0,4,0,1
1665,1,1,50.373052147541834,66.34878799532736,0,6,1,1
1666,0,2,49.849134253959555,45.48646353289743,0,2,1,1
1667,0,2,40.441129829874484,39.19819312843971,0,5,0,1
1668,1,2,49.902010627974974,52.430383228940656,0,6,1,0
1669,1,2,52.261674246094195,57.90156091608801,0,5,1,1
1670,0,2,63.00010783334414,64.05601624948655,1,6,1,0
1671,0,1,48.91218943594163,42.16562876357051,0,3,1,1
1672,0,2,52.31941216868643,40.87982660333679,0,3,1,0
1673,0,1,40.74167690617219,53.18912016484549,0,9,1,1
1674,1,1,52.56674832540583,61.24549507078615,0,4,0,1
1675,0,2,48.25435752022068,38.70083162443751,0,4,1,1
1676,0,2,51.48738957236681,44.539928783373476,0,5,0,1
1677,0,2,65.07011486905259,54.152140038313945,1,1,1,1
1678,0,2,38.04614018215405,47.998068480725884,0,8,1,1
1679,0,2,3.400000275877861,19.53964517532476,0,7,1,0
1680,0,2,55.21047507598945,58.28190217941929,0,7,1,1
1681,1,2,26.586874473002243,48.07559431880267,0,8,1,1
1682,1,2,47.06162368366421,56.140775609128724,0,8,1,1
1683,0,3,49.37818522003032,49.09142924707677,0,5,1,1
1684,0,3,32.9559765462092,40.42642882762717,0,7,1,1
1685,0,3,83.1835603203982,55.095361434340084,0,5,1,1
1686,0,2,21.34992539848587,29.438318510225752,0,6,1,0
1687,1,1,53.52854206703715,54.1598934415053,0,2,1,1
1688,0,1,41.57835125230086,34.07937828381597,0,3,1,0
1689,0,1,23.02720296471209,27.41477898991501,0,5,1,0
1690,0,3,45.36437495319507,38.63798732536015,0,1,0,1
1691,0,2,64.40925907799097,61.75859771444416,1,5,1,1
1692,0,1,24.95383099188933,47.219071547213446,0,3,1,1
1693,0,3,39.3101747899236,39.91252551824242,0,4,1,1
1694,1,2,56.93328136176311,55.167580458741966,0,0,1,1
1695,1,1,49.82412087292949,54.47575407171735,0,3,0,1
1696,1,3,54.725048193252526,62.4788074071539,0,7,1,1
1697,1,1,74.07417549024758,72.6542572239724,1,4,1,1
1698,0,2,29.271078552906285,29.949588108661647,0,3,1,0
1699,1,3,63.410914236093674,68.93037233369576,0,7,0,1
1700,1,2,35.134223473505216,50.74211362598745,0,5,0,1
1701,0,2,65.37240422915039,51.35008387750385,1,5,1,1
1702,0,3,25.648347454510013,44.71322781354906,0,10,0,0
1703,0,2,29.21933269280271,26.164254404215164,0,4,1,0
1704,0,2,59.79550990481063,49.7238040827951,1,5,0,1
1705,0,3,57.86363922003368,45.0130739534364,0,3,1,0
1706,1,3,36.08048683967828,46.240764030745325,0,5,1,1
1707,1,2,50.432771868973504,59.89356567110818,0,5,0,1
1708,0,2,66.36105425475792,59.8262683103515,1,7,1,1
1709,0,2,65.57344982889991,56.620433877946994,0,4,0,1
1710,0,2,30.767121889905205,34.67154402659746,0,5,1,0
1711,0,1,45.52967376714904,38.09695178155644,0,3,1,1
1712,0,3,48.05600242189218,47.49216144844801,0,4,0,0
1713,1,2,62.57047895935344,60.808873318314554,0,2,1,0
1714,0,3,55.876382984019436,45.519732820060625,0,4,1,1
1715,1,2,35.89213853029797,48.37408558996838,0,5,1,1
1716,0,1,47.68844216898822,56.29419753665776,0,6,1,0
1717,0,1,44.722592007117804,47.29788880803045,0,6,0,1
1718,1,2,31.588414549534463,52.65772004783127,0,6,1,1
1719,0,1,49.94180790484156,43.44936454274265,0,5,1,1
1720,1,2,53.20730398060913,49.084913030256565,0,1,1,0
1721,0,2,53.65742809438355,43.42931971877471,0,4,1,1
1722,0,1,37.041762419430825,37.72674372206558,0,2,1,1
1723,0,1,39.22886199682286,45.05616962101333,0,5,1,0
1724,0,1,100.0,45.953426948162694,0,7,1,1
1725,0,2,61.03048999454093,50.25361303772897,0,6,1,0
1726,0,3,52.83986119235885,42.38539650656741,0,4,1,1
1727,0,3,52.24014524293802,62.71303477584219,0,8,1,0
1728,1,2,100.0,47.19623939103699,0,4,1,1
1729,1,2,79.61157469856518,66.75581896814822,1,4,1,1
1730,0,3,49.216617003093276,45.84935875264977,0,6,1,1
1731,1,1,60.910690001713206,63.520443346952675,0,5,0,1
1732,0,2,57.47895646286549,44.04217975581277,0,0,0,1
1733,1,2,83.1538960214729,71.3320092936931,1,3,0,1
1734,0,3,30.330903063791727,40.054471702254446,0,8,1,0
1735,1,2,43.27161356377275,55.18085150362853,0,3,1,1
1736,1,2,66.09705254223778,67.22429507081553,1,4,1,1
1737,0,2,71.29537420865682,59.327314184993796,1,4,0,1
1738,0,2,23.69876632571553,32.603522315541966,0,6,0,1
1739,0,1,34.978792046564536,37.98836586069467,0,5,0,1
1740,0,2,68.26306581526802,63.30559494093548,1,9,1,1
1741,0,2,68.20062925111476,58.11206968861339,1,4,1,1
1742,0,2,73.68208253337833,69.87456255597263,1,6,0,1
1743,1,2,65.29034253997143,60.407328520167034,1,3,0,1
1744,0,2,4.139015906704103,29.16775049959002,0,3,1,0
1745,0,2,47.65070536603272,54.85190907611183,0,6,1,0
1746,1,1,61.60613506561277,61.77759259821653,1,3,0,1
1747,0,3,26.671878701323138,29.73224153191009,0,3,1,0
1748,0,2,59.845001498844894,48.56122901389536,1,1,1,1
1749,0,2,47.469638991219334,53.41630185889774,0,8,0,1
1750,0,2,27.345399962509653,30.161837477237654,0,4,1,0
1751,1,1,39.934320652490705,50.21260422179541,0,4,1,1
1752,1,2,52.51794609377106,55.88376709658517,0,5,1,0
1753,1,1,40.05651864453429,40.04454229698212,0,3,0,0
1754,0,3,64.45627628757128,57.25684284014171,1,6,1,1
1755,0,2,39.79570556807528,45.28676543929743,0,5,1,1
1756,0,1,40.898751379396145,37.01388827315703,0,2,0,1
1757,0,1,52.40935205412882,48.42481129357879,0,3,1,1
1758,0,1,55.91498132922402,47.518952642324884,0,3,1,1
1759,0,2,0.0,48.43968629273193,0,8,0,1
1760,0,1,86.7112173779404,63.27648045555885,1,8,1,1
1761,0,2,43.93581154548113,45.482828195119595,0,5,1,1
1762,1,1,64.85114974387373,65.41767393039285,1,3,1,1
1763,0,2,79.91467594754805,72.56827339164137,1,8,0,1
1764,0,1,41.85642764009277,43.591504387279166,0,3,1,0
1765,0,3,62.31906192109572,51.29212519896478,0,3,1,1
1766,0,2,28.05137431847313,30.00299578309691,0,4,1,1
1767,1,1,66.79987677942832,71.22381698506913,1,4,0,1
1768,0,2,53.837946634520264,50.36246044284575,0,5,1,0
1769,0,2,32.299685054122826,32.36950401865507,0,4,1,0
1770,1,3,30.883285570505866,40.59529539334447,0,4,1,0
1771,0,2,30.71208170806135,20.282867338508122,0,3,1,0
1772,1,2,65.71989529200243,67.66981667272576,0,5,0,1
1773,0,2,43.834496799100705,50.88499427738578,0,5,1,1
1774,1,1,40.69893474226676,57.148709027353675,0,8,0,0
1775,1,2,72.89681503008896,72.8361280032103,1,7,0,1
1776,0,3,53.703112183199394,49.164995500565134,0,5,1,1
1777,1,3,41.38226729646712,46.633297844356896,0,6,1,0
1778,0,2,69.7943954167257,52.41059839870974,1,4,1,1
1779,0,1,64.59304137310156,52.56315981621913,1,2,1,1
1780,0,2,35.7686678985542,37.33492804269437,0,4,1,0
1781,0,2,53.14851890967152,57.70334245101322,0,8,1,0
1782,0,3,99.03316901006447,62.091815078481865,0,5,1,1
1783,1,2,34.68944707143557,50.02386293779005,0,5,0,0
1784,0,3,50.35105128950928,52.433613162078224,0,9,0,1
1785,0,1,40.39874845585501,35.19754572426761,0,6,1,0
1786,0,2,59.278449972095956,55.467834365436175,0,7,1,0
1787,1,2,63.464296406903706,67.53631116273546,1,5,0,1
1788,0,3,22.842474456012255,24.249844201516698,0,2,1,1
1789,0,2,25.30197848080078,25.913546757188122,0,7,0,0
1790,0,2,36.22524645815359,45.00612083207403,0,7,0,1
1791,0,2,58.12039616326462,51.737755997803596,0,4,1,1
1792,0,2,57.23648041401892,60.118377378476936,1,9,1,1
1793,0,1,44.440714406378625,39.96257509794596,0,5,1,1
1794,0,2,50.55662432436568,49.98664854113494,0,4,1,1
1795,1,3,66.44216946642011,64.57107225428908,1,4,0,1
1796,1,2,47.101951628546544,51.15437346928044,0,4,1,1
1797,0,2,59.905657356359406,55.545137928800955,1,5,1,1
1798,1,2,53.97609335508462,60.55939705761795,0,3,0,1
1799,0,2,31.119651998414575,26.58163498229993,0,3,0,1
1800,0,1,42.36160406057987,45.22573381239992,0,5,1,1
1801,0,3,23.05391975597166,29.815968763848627,0,5,1,0
1802,0,2,39.74411755273516,48.50838033543548,0,5,1,1
1803,0,2,62.17576356602359,64.21424396714629,0,6,1,1
1804,1,2,46.35496781768368,48.08496029014224,0,4,1,0
1805,0,1,35.772765267162605,35.72268126016934,0,4,1,0
1806,1,3,52.92318801612079,58.34902520132169,0,1,0,0
1807,0,1,46.38862095670187,33.55730801690836,0,2,1,1
1808,0,2,51.1562425552462,49.78348136115872,0,3,0,1
1809,1,2,53.217168757949075,67.7045138015813,0,6,0,1
1810,0,1,44.122891708899424,49.56281892003261,0,6,1,1
1811,1,3,51.19079962494209,50.88033528239781,0,3,0,1
1812,0,2,27.321978111591005,39.94449614750309,0,8,1,1
1813,0,2,73.18159262342964,59.37104066501962,1,3,1,1
1814,0,3,73.57067208036169,63.51381236622973,0,5,0,1
1815,1,3,30.84073098516524,42.65988384721443,0,7,0,0
1816,0,3,43.81442032801573,50.70431676174954,0,5,0,0
1817,1,3,66.33068718076228,70.18836603006855,0,4,1,1
1818,0,3,80.94294917868163,71.74670639872231,1,4,1,1
1819,1,1,65.51075192130065,55.47741539281555,1,3,0,1
1820,0,2,50.616962885951885,61.36816594651832,0,10,1,1
1821,1,2,65.57329540876712,64.79974147470973,1,3,0,1
1822,1,1,31.757612780596663,41.8380848543325,0,3,0,0
1823,0,2,50.3292402179202,45.415492853397296,0,9,1,1
1824,0,1,32.936425562252445,32.36181291772712,0,4,1,1
1825,0,2,49.867782783679026,52.55349120843766,0,8,1,0
1826,1,1,56.648240104712144,52.58546365452161,0,3,0,1
1827,0,1,43.77373597521836,45.08056266843189,0,3,1,0
1828,1,1,54.77640523101826,72.54141438054376,1,8,0,1
1829,1,1,79.920643493615,73.81059456503644,1,4,1,1
1830,0,3,39.304178554162085,44.45752459524716,0,5,1,1
1831,0,1,73.84670602947145,46.31458002653801,1,1,1,1
1832,1,1,55.418291478428664,61.46863643469828,0,8,0,1
1833,0,2,44.29847917993677,45.44262336958326,0,5,0,0
1834,0,2,83.89384360703147,52.17027683816101,1,5,1,1
1835,1,2,13.383921910216168,29.131578480863485,0,5,0,1
1836,0,2,45.2001539512568,51.028591818015535,0,9,0,0
1837,0,2,67.98620955339821,64.48555380680823,1,6,0,1
1838,0,2,39.85237663981354,55.886969456051155,0,9,1,1
1839,1,3,20.67965152135034,38.43245308384379,0,4,0,0
1840,0,1,36.96644262097059,42.00017074705638,0,7,1,0
1841,1,1,66.33134564050755,76.24275877008789,1,5,1,1
1842,1,2,52.13424803551834,61.5378568719862,0,4,0,1
1843,1,2,47.51612864879077,52.86913876333725,0,3,0,1
1844,0,1,68.68890757693048,51.79421269137698,1,3,1,1
1845,1,1,49.8276247864959,60.51085833927643,0,7,0,0
1846,0,2,37.82239370907406,44.213273029547196,0,5,1,1
1847,0,1,52.89772599105679,44.437370263129154,0,5,1,1
1848,0,1,44.14400754009174,42.418076772623735,0,4,0,0
1849,1,2,63.198836794019975,69.51307359081778,1,5,0,1
1850,0,1,54.185664311956266,45.59501176648053,0,3,1,1
1851,1,2,33.553215513248496,51.05109486738036,0,6,1,0
1852,1,3,64.24146159217122,60.139924372272944,0,2,1,0
1853,0,2,74.71271941288303,60.012090565363955,1,2,1,1
1854,0,2,50.550933926918105,44.470668818475104,0,5,0,0
1855,0,1,39.20180803204209,36.09498529647036,0,6,1,1
1856,0,2,60.52449967007219,53.62894243093595,0,6,1,1
1857,0,2,51.9075924744988,51.445362535148405,0,7,1,1
1858,0,1,39.01364038214405,45.555463028773126,0,8,1,0
1859,1,2,48.085678182754755,62.82587105159955,0,8,0,1
1860,0,1,35.49461891345398,27.87311486688478,0,2,1,0
1861,1,2,47.7402022465006,47.99710098059991,0,3,1,1
1862,0,1,61.29287826218358,56.88087882009876,1,5,0,1
1863,0,3,38.0884938027603,45.42340328942854,0,4,1,0
1864,0,1,52.37997856942956,49.15161959923677,0,7,1,1
1865,1,2,60.19350750800624,64.35913416645975,0,4,1,1
1866,1,2,61.11918679989755,73.60792891198024,0,5,1,1
1867,0,2,79.7979487269439,69.34853361705048,1,8,1,1
1868,1,2,44.08104352804905,49.58757254177765,0,2,0,1
1869,0,2,83.31674507522129,66.18721942213762,1,3,1,1
1870,1,2,48.86947323556426,58.0499360160258,0,6,1,1
1871,0,1,48.60981984969947,41.83565956428941,0,3,1,1
1872,1,3,53.385374242063435,71.5621410091442,0,8,0,1
1873,0,3,41.162660930921874,32.28210457423785,0,5,1,0
1874,1,2,62.287901413270035,66.59107228546715,0,1,1,1
1875,0,2,49.4266005677401,45.9726964662702,0,2,1,1
1876,0,2,54.3284770556441,55.06907800748994,0,9,0,1
1877,1,2,39.057957127209015,53.011289537353875,0,7,0,1
1878,0,1,38.67285016296464,40.9454869343039,0,4,1,1
1879,1,1,58.08687630187068,68.05364526709846,0,7,0,1
1880,0,2,82.6049336766024,52.09186669879312,0,6,0,1
1881,0,3,51.705068791076556,48.86225111209313,0,7,1,1
1882,1,1,33.44921793955608,47.161940003108114,0,5,1,0
1883,1,2,25.735233019298825,56.407159741007156,0,4,1,1
1884,1,1,59.079320418904274,69.59254962316679,0,7,0,1
1885,1,2,58.97173807828722,65.91618964774602,1,7,1,1
1886,0,2,0.0,54.396702421664706,1,4,1,1
1887,1,2,58.932945115152975,75.43030774958369,1,4,1,1
1888,1,2,55.23493633781776,56.97683466910407,0,3,1,0
1889,0,2,40.01475164742068,48.17445102381514,0,3,1,1
1890,1,2,48.36087632350539,55.555469528026116,0,7,1,0
1891,1,3,21.847616890374297,59.70353337967128,0,11,1,0
1892,0,1,36.41007737792373,47.3954994803305,0,11,1,1
1893,0,2,33.09170100481301,37.23653529097067,0,4,1,0
1894,0,1,41.57497443177524,45.467665501731595,0,5,0,1
1895,0,3,53.74959103674728,54.272698032439465,0,9,0,1
1896,1,3,77.3396317410955,74.61086628879393,1,6,0,1
1897,0,2,48.667363567391924,34.80309958008603,0,3,0,0
1898,0,1,63.80260833519246,57.101715730698636,1,5,1,1
1899,0,1,61.236836971258434,64.42271768499724,1,9,0,1
1900,0,2,39.93967226478648,51.004070051980186,0,9,1,1
1901,1,3,34.746448606642275,59.35704030560625,0,9,0,0
1902,1,2,15.071493925991092,55.738908003213204,0,2,1,1
1903,1,1,22.041120244301027,32.33551510305168,0,3,0,0
1904,0,2,38.46476238338327,42.20573086518901,0,9,1,0
1905,1,2,32.47745350540925,51.35105942104253,0,8,1,1
1906,0,2,62.50024316374233,53.36610969939335,1,5,1,1
1907,0,1,46.6272141260957,34.37162643877214,0,5,1,1
1908,0,1,50.82717024114969,52.10337432397745,0,4,1,1
1909,0,1,58.112840726012315,58.711775204546875,0,7,1,1
1910,0,2,40.39346318661832,47.23624082754384,0,3,0,1
1911,0,1,63.14668879179841,54.984110064625185,1,5,1,1
1912,0,3,49.46410455451858,51.795002490407,0,6,1,1
1913,1,3,35.03346531099716,52.61256771979695,0,6,0,1
1914,1,1,100.0,52.213365296045666,0,5,1,1
1915,0,2,60.281845802696346,50.34295284098525,0,2,1,0
1916,0,2,46.98968164734218,46.9435583685664,0,7,1,1
1917,0,3,10.033670318832755,29.893517992963666,0,7,1,0
1918,1,1,49.63291439040843,58.15814157802066,0,5,0,1
1919,0,2,27.39440528263696,20.224466923903858,0,2,1,0
1920,1,2,27.212145860737913,48.4935536757148,0,7,0,0
1921,0,1,64.05660933959557,60.86201339718319,1,6,0,1
1922,0,2,48.031429284163394,49.58507641415045,0,5,1,1
1923,0,1,67.11149970329018,69.0423578924439,1,7,0,1
1924,1,1,53.61264220628109,60.159064504324725,0,5,1,1
1925,0,2,58.3574839816225,51.533033672491875,0,6,1,1
1926,1,3,29.671463240296788,42.34026981930049,0,4,0,1
1927,0,1,59.12817645680511,46.725385045382346,0,5,1,1
1928,1,1,26.043169207341293,50.1629410233241,0,8,1,1
1929,1,3,63.62082612683905,62.86086708999137,0,3,0,1
1930,0,1,49.236242505016136,42.58010279058188,0,5,1,1
1931,0,3,18.587686312004987,27.356553652774732,0,4,0,0
1932,1,2,61.02908449787288,56.46816626202935,0,3,0,1
1933,0,2,69.85074537860935,73.70954374051946,1,10,1,1
1934,1,2,47.73212812146005,57.27181860238975,0,3,0,1
1935,1,2,70.82661293632917,67.23312543663391,1,3,0,1
1936,0,2,49.738861506513935,50.24429124509986,0,6,1,1
1937,0,3,5.657330916274093,16.537990142634747,0,4,1,0
1938,0,3,28.37016953277908,27.282959383940785,0,2,1,1
1939,0,1,80.8984170086918,49.81534626504496,0,7,1,1
1940,0,1,70.74574439063953,56.27453452401156,1,4,0,1
1941,0,2,31.800029593220792,37.904395512617704,0,4,0,1
1942,0,2,46.86655530456291,49.38535781669813,0,5,1,1
1943,0,2,62.83378426930467,45.86631999580017,1,2,1,1
1944,1,2,43.34473529686667,52.49554653296181,0,3,0,1
1945,0,2,53.330093867261574,41.01046950237717,0,4,1,1
1946,0,2,55.15225016702999,42.96965424521632,0,2,0,1
1947,0,2,76.81829664969759,62.919819800141966,1,2,0,1
1948,0,2,33.98258880381644,36.763911622457194,0,6,1,1
1949,0,3,54.20912677935168,46.785650649904234,0,4,1,0
1950,0,2,27.98428034702087,38.78378802583678,0,7,1,0
1951,0,1,78.55123889163396,52.47392657534492,0,5,1,1
1952,0,2,46.13984556627468,45.1840314301782,0,6,1,1
1953,0,1,59.1709051304951,57.101193960271836,1,7,1,1
1954,1,2,70.09893819592527,79.76245820778264,1,8,1,1
1955,0,3,48.59094652032712,36.2429552277476,0,2,0,1
1956,0,1,33.97152788089456,35.344274880908486,0,6,1,0
1957,0,3,53.608189244732344,62.30476341718767,0,8,1,1
1958,0,1,62.997826666652685,49.31308124366134,1,0,1,1
1959,0,3,25.22351039240309,28.435161198730974,0,4,1,1
1960,0,2,41.822811382845025,47.334344101119484,0,6,0,1
1961,0,2,53.01295311941012,48.324365864655995,0,7,1,0
1962,0,1,73.63049702936907,62.70300387773418,1,5,0,1
1963,0,3,50.07735405277769,43.23522497530537,0,5,1,1
1964,0,1,36.61512084064605,38.43013256347221,0,5,1,0
1965,0,2,99.21072821139937,69.59798441832189,1,4,1,1
1966,0,2,41.75941281563516,35.233400831569625,0,5,1,1
1967,0,1,64.9652609394221,62.34271162229457,1,6,0,1
1968,0,2,94.54043418945447,75.93145276940682,1,4,1,1
1969,1,1,57.374965041669164,60.68931300012504,1,3,0,1
1970,0,3,61.67531249332383,53.65195018084104,0,3,1,0
1971,0,1,46.736726552004924,52.98565890389067,0,9,1,1
1972,0,3,53.791504692357556,45.20562796286518,0,3,1,1
1973,0,1,44.89478101499849,36.78539484481844,0,5,0,1
1974,1,2,29.926014480367336,46.645157743531215,0,6,0,1
1975,1,3,47.65209524250305,59.40938623367628,0,5,0,1
1976,0,1,74.59136104231749,66.82572610778004,1,5,1,1
1977,1,2,36.99013186745549,45.83091681164066,0,3,0,1
1978,0,1,51.9892028350242,49.02141724704551,0,6,1,1
1979,0,2,41.699289054178614,48.2824482199723,0,7,1,1
1980,0,3,28.483584740126645,34.58812371574202,0,4,0,1
1981,0,1,60.18712314191834,54.27170528221232,1,6,1,1
1982,0,1,41.39804149050817,40.88811174270773,0,4,1,1
1983,1,3,23.390720375273947,44.13800000613037,0,6,0,1
1984,0,2,37.35128997812469,43.996636763647295,0,6,1,1
1985,1,2,60.806665648883886,62.88426660210173,0,4,0,1
1986,1,2,57.71132730083641,61.07892883765363,1,4,1,1
1987,1,2,45.83092051937761,55.67010867827653,0,4,0,1
1988,0,2,41.35389967763764,52.240191098896496,0,7,1,1
1989,0,2,58.3748811130045,47.38047155224055,0,6,1,1
1990,0,2,42.12604497650036,44.93598157958091,0,7,0,0
1991,1,3,45.93757980071723,51.10822137897837,0,4,0,1
1992,0,2,52.14707856084087,53.80242036222502,0,5,1,1
1993,1,2,46.66502780827859,50.263546890844346,0,1,1,1
1994,0,2,61.02999756095157,52.43454267939767,0,2,1,1
1995,1,2,41.260836297835716,57.76355152592709,0,7,0,1
1996,0,2,47.80892906750405,44.94597064111068,0,6,1,0
1997,1,1,49.175135245982,50.458073729567985,0,7,0,1
1998,0,2,23.369637337381327,23.327844761396484,0,5,1,0
1999,0,2,29.16618350559667,34.76575194506724,0,4,1,0
2000,0,1,25.297964636112933,33.87394214634806,0,5,0,1
2001,0,2,21.284195115733475,40.13426288157961,0,6,0,0
2002,1,1,35.33210585131678,40.83015429443045,0,6,1,1
2003,0,1,70.50381164954939,56.42553299562034,1,4,0,1
2004,0,2,31.473578324401146,22.506067001989777,0,1,1,0
2005,0,3,49.4588314075063,49.45138766581673,0,8,1,1
2006,1,1,55.85508549815342,66.56544047712818,0,4,1,1
2007,0,1,59.50741098900111,48.03213940495549,1,3,1,1
2008,0,2,66.73523055759607,49.67062681504209,1,3,1,1
2009,1,2,29.557978399847595,28.536752925515266,0,2,1,0
2010,0,3,95.09949985315605,67.01523353451466,1,6,1,1
2011,1,3,51.40105403153453,68.54740599244596,0,7,0,1
2012,0,3,31.148121497760037,42.01921373015787,0,6,1,1
2013,1,2,71.30040752337693,76.19647710875104,1,5,0,1
2014,1,1,55.63526530349187,63.63119677848473,0,6,0,1
2015,0,2,52.197421105190394,42.843064989453346,0,5,1,0
2016,0,2,31.976733910629346,35.668240912245736,0,4,1,1
2017,1,2,47.5950207841304,56.48795404470211,0,2,1,0
2018,0,2,49.97529287849336,46.76557505445245,0,6,1,0
2019,0,1,17.792984381195044,23.942027468092007,0,2,0,1
2020,1,2,36.070029210166275,36.224043492121226,0,4,1,1
2021,0,3,35.56843425169406,39.72144516061466,0,5,1,1
2022,1,1,45.50961905276634,57.69615842486797,0,6,1,0
2023,0,1,41.92466325169114,41.54271839826333,0,6,0,1
2024,1,2,75.21455608370724,79.52662708490179,1,4,0,1
2025,0,2,49.16488651817855,34.758705409549634,0,1,1,1
2026,1,2,57.02796060244787,70.75422763382754,0,9,0,1
2027,1,1,59.5506011333547,57.26404825356865,0,1,1,1
2028,0,3,45.643988713284436,49.10637545604507,0,6,1,0
2029,0,3,37.40055819594581,37.07377830785149,0,5,1,1
2030,0,2,37.625803977865026,45.90817146562509,0,7,0,1
2031,0,1,17.690577364844298,38.12770737301228,0,9,0,1
2032,0,3,40.6157740962268,51.18767804251077,0,6,1,1
2033,0,1,78.43202861288643,64.61550750219013,1,9,1,1
2034,0,1,47.02670659350844,48.72078066228304,0,4,0,1
2035,0,2,76.328243697442,46.10017996461941,0,3,0,1
2036,0,1,29.223929934814425,50.30533295989911,0,5,0,1
2037,0,1,9.274295888942666,30.61679103916808,0,8,1,1
2038,1,3,67.38514613036682,67.01255921983207,0,2,0,1
2039,0,1,40.59171760687076,35.647919816479266,0,6,0,1
2040,1,2,59.15797201607334,60.559549820263655,0,3,1,1
2041,0,3,23.93166692207401,26.771315519008528,0,5,1,0
2042,1,3,26.71111818410129,39.28169502300081,0,5,1,0
2043,1,3,34.14616175921881,46.74236247724908,0,5,1,0
2044,0,1,35.97530822128597,37.3581537470658,0,5,0,0
2045,0,2,44.44093358594702,45.08955551730831,0,3,1,1
2046,1,2,51.97264067292075,68.3141514562856,0,10,1,1
2047,1,1,51.13543899206304,55.79963233344123,0,0,1,1
2048,0,2,61.38313822696079,54.02335753949859,0,4,1,0
2049,1,2,37.02787674178932,55.766696822163425,0,7,0,1
2050,0,1,45.22762497150853,45.40656262474364,0,5,1,1
2051,0,3,55.892091028070894,57.478568716325086,0,8,1,1
2052,0,3,46.75340746691136,34.21724704767954,0,1,1,1
2053,0,1,49.37218771160193,62.791241666564574,0,10,1,0
2054,1,1,34.42560295409324,53.17711609886034,0,8,1,1
2055,0,1,72.82142588984891,58.49343431951064,1,2,0,1
2056,1,2,46.86907963863569,59.691622655197996,0,6,1,0
2057,0,3,43.00225796443395,46.440458976042045,0,5,1,0
2058,1,1,34.4154410625751,51.67813970637299,0,7,1,0
2059,0,3,44.98591338690996,37.71650077177384,0,3,0,0
2060,0,1,49.3258938226503,52.52973358562566,0,5,0,1
2061,0,2,55.28522039132828,48.02117254208578,0,3,1,1
2062,1,2,42.915686010904395,51.02658770985505,0,5,0,0
2063,0,1,58.599777437923215,45.51088669832512,1,3,0,1
2064,1,2,60.97272057840788,67.66202399017526,0,5,1,0
2065,0,1,46.66150128067948,35.41396540604553,0,5,1,0
2066,0,2,56.825705964592515,57.975526846432714,0,10,0,1
2067,0,1,56.283873106421744,55.08375889386856,0,6,0,1
2068,0,3,48.67565231862399,43.556091028745215,0,6,1,1
2069,0,3,61.09043612074158,60.155728923419844,0,10,1,0
2070,0,2,27.576142401295154,35.38769945685138,0,7,0,1
2071,0,2,70.98610170373344,62.8884238709723,1,8,1,1
2072,0,2,32.976480596289505,25.869328304990518,0,3,1,0
2073,0,1,56.49237887273014,45.73320424798033,0,4,1,1
2074,0,2,46.052467532460426,42.5255498944663,0,4,1,1
2075,1,2,62.55599487508323,53.0128481408503,0,5,0,1
2076,1,2,28.180075293843263,41.76159103015121,0,6,0,1
2077,0,3,48.31669485641145,58.92745273150678,0,10,1,1
2078,1,2,42.82387384915904,56.10906238096314,0,5,1,1
2079,0,1,60.559622172045195,52.44039703743952,0,4,0,1
2080,0,3,55.84818950412549,50.736118303564105,0,6,0,1
2081,1,2,37.97176391581673,46.982972570800236,0,5,1,0
2082,1,1,74.66027788517974,60.472476190265084,1,5,0,1
2083,0,1,44.482736247110516,52.527456601603575,0,8,1,0
2084,1,1,63.57496103752966,75.16436512472411,1,8,1,1
2085,0,2,0.7686442834179856,11.529572257395268,0,2,0,0
2086,0,1,35.21212904339889,27.966864764439737,0,1,1,0
2087,0,2,29.923047712790954,32.19875730392366,0,5,1,0
2088,0,1,62.75399347447575,52.60245445973829,1,2,0,1
2089,0,2,45.5968855078169,47.45798584083263,0,8,1,1
2090,0,2,42.359835722656484,35.93045903399921,0,6,1,1
2091,0,2,32.78921616157078,32.83625921172564,0,4,1,0
2092,1,3,51.8156633854677,52.44968714644397,0,2,1,1
2093,0,2,2.989521425910816,56.31141221848701,0,6,1,0
2094,0,3,81.94597114148796,77.36400055597588,1,4,1,1
2095,1,3,58.61895642266885,54.40502645266801,0,4,0,1
2096,0,1,22.160647647606716,27.89884756631515,0,6,0,0
2097,0,3,47.70659228803142,51.858625091874174,0,3,1,0
2098,0,1,40.58255143000151,34.85604250178024,0,4,0,1
2099,1,2,54.817256995154345,62.02766889760299,0,3,1,1
2100,0,2,37.45755990745907,44.93797884138777,0,8,1,1
2101,0,2,52.36297126970282,42.8113534714307,0,2,0,0
2102,0,2,40.91132346264765,28.692051468271835,0,1,0,0
2103,0,1,57.61764227986096,47.56474695326653,0,3,1,1
2104,1,1,32.899122104102595,51.952581374941424,0,4,0,1
2105,1,3,27.088107445339595,40.72271481829816,0,4,0,1
2106,0,2,65.28606297779142,61.32446222061674,1,6,0,1
2107,1,2,57.81117504687603,78.06357111251168,0,5,0,1
2108,1,2,47.03963095285735,53.181668155890854,0,4,0,1
2109,0,2,9.694851632220118,23.60198923971539,0,7,1,1
2110,0,2,69.0954332477005,62.39683656273856,1,5,0,1
2111,1,2,29.662962483511382,47.74021939318642,0,4,1,0
2112,1,2,100.0,53.11211632002663,0,4,1,1
2113,0,2,51.564602995173715,37.49470266710452,0,2,0,1
2114,0,1,37.46106909152958,37.30856242832394,0,4,1,1
2115,1,1,30.431697958158974,52.59656237109437,0,8,1,1
2116,1,2,70.7475965946109,66.77131794305437,1,2,0,1
2117,1,2,32.75685622100106,52.4727213198102,0,6,1,1
2118,0,1,47.566806396963955,52.133975726890945,0,7,1,1
2119,0,2,29.005289384303406,47.38593505988322,0,6,1,1
2120,0,1,55.005377068030874,39.920955402172154,0,2,0,0
2121,0,1,58.558143884167826,49.22902020543877,0,5,1,1
2122,0,1,45.008123088090265,45.24550132838552,0,4,0,1
2123,0,1,40.00658634297349,44.9454466230525,0,4,1,0
2124,0,2,44.80293222403877,38.27334561524211,0,3,0,1
2125,0,1,50.6853411426152,42.677403922385686,0,6,1,0
2126,0,1,43.75631569618261,38.99912430785798,0,4,0,0
2127,0,3,25.65548503706488,25.911109055141026,0,6,0,1
2128,0,2,52.35449936339041,43.82305755350731,0,2,1,1
2129,0,1,83.43669656313942,68.8581575782211,1,6,1,1
2130,0,1,48.01103460442593,50.515406403565756,0,5,1,1
2131,0,3,24.863492372946915,60.14011065657114,1,2,1,1
2132,1,1,52.98888044847387,50.2556483309607,0,1,0,0
2133,0,1,45.24564203728116,44.935446848087,0,5,0,1
2134,1,2,45.08024656590141,60.6114812209735,0,7,0,1
2135,1,2,56.56515437244673,54.884691987919496,0,3,1,1
2136,1,2,68.42599978702125,65.12628273390749,1,4,0,1
2137,0,2,26.43031042628548,30.90472237786754,0,4,1,1
2138,0,3,34.17525877593817,44.45454927696315,0,7,1,1
2139,0,3,29.053749900582417,35.04960315288875,0,5,0,0
2140,0,1,45.496904344674824,37.7766335860571,0,4,1,1
2141,0,2,46.57542159215524,44.361665374222596,0,4,1,1
2142,1,2,59.10483752602741,60.28733230604899,0,4,1,1
2143,0,3,71.87632944085846,55.6904304218091,0,4,1,0
2144,1,1,76.7562687717028,79.54663360414483,1,4,0,1
2145,1,2,61.992266046781985,64.20015318659577,1,3,1,1
2146,1,2,42.58702374414271,51.22308081534871,0,3,1,1
2147,0,1,71.6720031529173,53.36856285515867,1,1,1,1
2148,1,1,43.90721856608121,52.446126725231224,0,4,1,1
2149,0,1,42.35723700462381,37.89339377323049,0,3,1,0
2150,1,2,23.614179401858273,34.7009153539688,0,4,0,1
2151,0,2,56.812275550263514,46.39753522912974,0,2,1,0
2152,1,1,55.095964667645525,50.87066398407509,1,4,0,1
2153,1,2,57.177704490719655,57.56770215378029,0,4,0,1
2154,1,2,33.4097784029519,38.07891601548613,0,4,1,0
2155,0,1,48.63235109961951,51.79831182870679,0,5,1,0
2156,0,2,58.27957955737034,36.17890111363431,0,4,1,0
2157,1,1,62.12741429207194,67.23004268408259,1,4,1,1
2158,1,1,46.50950046837146,47.74284747624677,0,6,1,1
2159,0,1,58.48422830322116,55.03975305831804,0,3,0,1
2160,0,1,74.82462766597558,65.37542048757685,1,2,0,1
2161,0,1,69.71898327431201,71.73025014571223,1,10,1,1
2162,0,3,49.70884171516063,44.962965745416554,0,7,0,1
2163,1,3,1.3575475645744959,53.83890372276643,0,5,1,0
2164,0,1,26.750996407661397,27.432778488496897,0,4,1,0
2165,0,2,48.391780606978074,39.849486832647166,0,3,1,1
2166,0,1,37.59506247922248,50.00385050754528,0,5,1,0
2167,0,2,60.77945846363518,56.48821907302875,0,6,0,1
2168,0,2,47.97992175481359,42.16881203947409,0,4,1,1
2169,1,2,49.696196049580465,60.26938653221979,0,6,0,1
2170,0,3,31.17441658942908,25.03399489872175,0,2,0,0
2171,0,1,0.0,49.758289534770014,1,2,1,1
2172,1,2,69.41991936601958,78.9940454496076,1,6,0,1
2173,0,2,36.425365384824396,34.982983246074866,0,4,0,0
2174,0,1,55.5650738846801,53.68297153239016,0,8,1,1
2175,0,3,68.33542996951537,59.224814478921935,1,3,0,1
2176,0,3,34.453714985566116,34.74818581346839,0,4,1,0
2177,0,1,49.30161647540164,68.45911785033924,0,10,1,1
2178,0,2,38.57818956461208,36.579461724353756,0,3,1,0
2179,0,2,53.90538304878705,44.867716027624944,0,6,0,1
2180,0,2,40.653480998385554,49.509641604236776,0,7,1,0
2181,1,2,60.513512065094474,57.42794343770474,0,4,1,0
2182,0,2,67.59398369767959,59.2542667098991,1,5,1,1
2183,0,2,34.56334990726224,47.87974144217719,0,5,0,1
2184,0,1,75.45555946825192,46.461670029031396,0,5,1,1
2185,1,2,30.15288262673574,48.4945011251073,0,7,0,1
2186,0,2,26.502919278476213,32.99586847613054,0,4,1,1
2187,0,2,25.697866923590144,27.380992626221765,0,5,1,0
2188,1,2,50.522375052158324,62.876722472831624,0,6,1,1
2189,1,3,62.14593538402915,64.54239290467979,0,2,1,1
2190,0,3,66.26993757224689,53.100306197863276,0,4,1,1
2191,0,1,30.732020786596966,35.911498087803736,0,10,1,1
2192,1,1,57.37914594695432,52.7291587001154,0,2,1,1
2193,0,1,57.405704477862486,54.77446584488997,0,7,1,1
2194,1,1,67.84955582111176,74.85417675481462,1,6,0,1
2195,0,2,74.99397018594058,62.44223139865963,1,6,1,1
2196,0,3,64.1816533329426,49.6035617616656,0,3,0,1
2197,0,2,76.56340539052393,73.45617106698332,1,7,1,1
2198,0,2,56.47466573085327,36.82783267753209,0,4,1,1
2199,1,2,37.55317573837197,44.728447045899124,0,4,0,1
2200,0,2,76.31477778559287,74.40876508572964,1,7,0,1
2201,0,1,35.38695961746211,29.815034974619646,0,2,1,1
2202,0,1,47.583735644527415,42.59792469320202,0,3,1,0
2203,0,2,71.2839950064831,65.0448966190453,1,4,1,1
2204,1,1,69.14601611985708,60.79859528406253,1,4,0,1
2205,0,1,64.78602301501141,65.60253511948696,1,7,1,1
2206,0,1,37.145413188241825,42.4453004790141,0,7,1,1
2207,0,2,45.878993037890766,45.767683179344914,0,1,0,1
2208,0,2,29.37569180532456,42.96322671563612,0,8,1,1
2209,0,1,74.30295713876033,63.95749266585988,1,3,0,1
2210,1,2,41.08064750370603,57.10089520421571,0,8,0,0
2211,1,2,57.441866777880755,64.90277401557961,0,5,0,1
2212,0,1,69.19658546874541,63.696662736860574,1,6,1,1
2213,0,1,42.177761599753886,53.6549000891838,0,9,0,1
2214,0,3,44.186071013908084,41.85987824774665,0,3,1,0
2215,0,2,45.94653883021661,44.242360584700606,0,5,1,1
2216,0,1,58.772732743176505,54.95340900635007,1,3,0,1
2217,0,3,39.42015770628524,45.71808821131449,0,5,1,1
2218,0,2,31.900782352194643,43.4147062230436,0,8,1,1
2219,0,1,45.89092025046541,48.65984382707082,0,4,1,1
2220,0,3,58.87355929699692,50.63339575990476,0,3,1,1
2221,0,2,59.82459600615833,57.439381390874075,0,8,0,1
2222,0,1,73.47690350777043,54.890349093297615,1,5,1,1
2223,0,2,62.365559603479845,64.85469704578612,1,9,1,1
2224,0,2,60.533439777832626,56.15049191033612,1,4,1,1
2225,0,2,54.30420218890381,62.531635714464905,1,6,1,1
2226,1,1,49.384744937408435,71.22409160803491,0,9,1,1
2227,0,2,54.28692908882896,50.640611549222015,0,3,1,0
2228,1,2,45.43365624875144,49.513197079066884,0,8,0,1
2229,0,2,31.39927472739827,31.90138744824088,0,2,1,0
2230,0,1,61.86388525585366,53.417318756288864,1,4,1,1
2231,0,3,58.33759866131864,50.68758888876215,0,4,0,1
2232,1,1,67.70637619261777,55.83919208617324,1,2,0,1
2233,0,2,53.05044308355636,62.5424210786318,0,3,0,1
2234,0,2,51.762940604147055,48.03468531671692,0,2,0,1
2235,0,3,26.092598279952192,49.87399920301799,0,5,1,1
2236,1,2,19.873709517632864,36.795813306486565,0,7,1,1
2237,1,2,37.12120928290613,69.44626292566784,0,7,0,1
2238,0,1,61.645684922875965,48.83277532356848,1,2,1,1
2239,1,1,28.85642246922655,46.43534310750261,0,4,1,0
2240,0,1,38.289460525824204,42.78804401283527,0,9,1,1
2241,1,1,16.37019561708945,35.57083906652181,0,6,0,1
2242,1,3,42.48813696171216,35.021052508608165,0,2,0,0
2243,0,3,34.85679385355186,38.24299407533461,0,4,1,0
2244,0,2,39.0475712097082,42.26899843997849,0,2,0,1
2245,0,2,45.3299208715312,46.66911227772715,0,8,1,1
2246,0,2,56.474375624105946,47.142220135560734,0,3,0,0
2247,0,2,49.45345192523027,48.33501717499611,0,8,1,1
2248,1,2,18.42839688346544,41.996508220464925,0,5,0,1
2249,0,2,65.05348659957824,57.550898336035665,1,4,1,1
2250,0,2,51.86157728078342,46.5497315204649,0,5,1,0
2251,0,2,48.94009384802171,49.45196970495359,0,4,1,0
2252,0,2,53.16974761334211,46.2830539420853,0,6,1,1
2253,0,1,70.5441095241001,51.00465247520581,0,4,0,1
2254,1,2,39.94902667615218,56.44833503328073,0,6,0,1
2255,1,2,37.12972182200489,56.80764575648389,0,6,1,1
2256,1,3,41.82571809903402,56.795650198149396,0,7,0,1
2257,0,1,15.508690448739877,23.95020911083495,0,3,1,1
2258,0,1,58.750379706484246,61.00446414522023,1,7,1,1
2259,0,2,53.280715695981705,56.17029933974606,0,9,1,1
2260,0,1,50.947065064593204,51.3024089652839,0,4,1,1
2261,0,1,48.955338414549544,53.27242979871524,0,7,1,1
2262,1,2,14.334325901267668,27.386816872449685,0,4,1,1
2263,1,3,47.965527053282756,54.5542276586363,0,3,0,1
2264,0,1,48.73058269720658,54.316383890351915,0,7,0,0
2265,0,2,63.593189396796824,58.3430532082033,1,5,1,1
2266,1,1,33.92839515143158,57.40957529655575,0,5,0,1
2267,0,3,71.22680351663402,65.19874565073255,0,5,1,1
2268,0,1,66.05757724536343,51.43846355303437,1,4,1,1
2269,0,1,54.974609433271155,43.7009326433596,0,2,1,1
2270,0,3,87.04651079700201,71.56261086582013,1,3,1,1
2271,0,1,57.01874051058762,42.351543234942845,0,0,0,1
2272,0,1,49.71902717656572,39.467418518242866,0,6,1,1
2273,0,2,28.077433232095693,37.662172055791295,0,4,0,0
2274,0,2,48.721152909271716,49.48003116054152,0,5,1,1
2275,0,1,0.0,41.26341650639616,0,4,1,1
2276,0,1,45.60574506977842,35.84050714774955,0,3,1,0
2277,0,2,52.98161872914837,57.2391550661879,0,7,1,0
2278,0,1,57.762253869387756,47.14981773087041,0,5,1,1
2279,1,2,38.79230082449981,43.11817668528133,0,4,1,1
2280,0,2,52.229299910027855,44.77935200137379,0,4,1,0
2281,0,1,72.18612196386387,64.6423111116543,1,5,1,1
2282,1,2,41.70677074051484,31.73046431062139,0,7,0,0
2283,0,1,45.5501047840805,33.818671545873386,0,3,1,1
2284,0,2,39.92542508868352,41.51136041776948,0,6,1,0
2285,0,1,58.3774983747476,51.43462518788102,1,4,1,1
2286,0,3,30.3743991321546,27.048221112853735,0,3,0,1
2287,1,2,81.19000788238722,86.65429995847357,1,11,1,1
2288,1,3,40.609733743721094,56.25482664236653,0,7,1,1
2289,0,3,88.77913603705957,57.820287805609354,0,7,1,1
2290,0,1,56.29093569423632,52.46542599105545,0,4,1,1
2291,0,1,46.53210092445132,48.49626296599297,0,7,0,1
2292,1,2,49.99461477249587,52.745093250875144,0,5,0,1
2293,0,2,54.72314388343604,44.73549009297785,0,5,1,0
2294,0,3,31.213528772260833,35.734133791113564,0,4,1,1
2295,0,1,62.06764451423098,53.66144156845954,0,5,0,1
2296,0,1,74.44739929215177,57.7398227115313,1,6,1,1
2297,0,3,68.65118513802612,58.09972079107411,0,3,0,1
2298,0,2,46.25484436857759,46.550418487769605,0,8,1,1
2299,0,2,31.983679749649294,29.423626559440887,0,1,0,1
2300,1,3,28.793615371043206,42.65744341407724,0,2,0,0
2301,0,1,52.027398855484556,42.046127599895165,0,4,1,1
2302,0,2,52.23028349672419,51.559233185628386,0,4,1,0
2303,0,2,55.02723647289444,44.09475618741716,0,2,0,0
2304,0,2,36.81917840312139,37.23093599779403,0,3,1,1
2305,1,2,37.506323675945204,45.703445310395864,0,4,0,0
2306,0,2,44.12591562661706,54.35792482406025,0,8,1,1
2307,0,2,58.11939935972878,50.127430248034656,0,5,1,1
2308,1,1,62.61121978574191,58.01125156346254,1,4,1,1
2309,0,2,56.55969516988997,58.73174472637673,0,8,0,1
2310,0,3,34.60895297480892,51.238660297570924,0,9,1,0
2311,0,1,73.50969109562678,54.98912348838582,1,5,0,1
2312,1,2,58.15127859655713,58.33386051831009,0,4,0,1
2313,0,2,71.84286655908686,68.99740189679093,1,8,1,1
2314,0,1,46.40928063637319,49.59277694971882,0,2,0,1
2315,1,3,29.603315676447973,53.724532931603136,0,8,0,1
2316,1,2,51.71732351032447,59.653422478693784,0,7,0,1
2317,0,2,48.972202466933666,49.24675568750366,0,4,1,0
2318,0,3,71.85189016945915,69.21486681194115,0,11,1,1
2319,1,3,50.89227754687072,53.97184299678825,0,5,1,0
2320,1,2,76.3817952902639,71.4754676421873,1,3,1,1
2321,0,1,80.38988403536271,53.26607681142489,1,3,0,1
2322,0,3,100.0,62.98653032312714,0,2,1,1
2323,0,2,50.229126304118225,49.25826959342316,0,4,0,1
2324,0,2,58.8752624393669,52.4308096398804,0,8,1,1
2325,0,3,48.05807668144623,37.53651312254578,0,3,1,0
2326,0,2,46.212167948072576,54.729179118129636,0,5,1,1
2327,0,1,76.78940776266217,73.44299572277063,1,9,1,1
2328,0,1,41.59822074757636,33.69588553480228,0,3,1,1
2329,0,1,59.11350392970473,49.84950674301298,0,7,1,0
2330,1,1,100.0,47.19509113372933,0,5,0,1
2331,1,2,72.62094363318869,67.58658619634986,1,5,1,1
2332,0,2,64.87419805222864,53.61852804780804,1,2,1,1
2333,0,2,44.12478363965805,48.01795356326728,0,4,0,1
2334,0,3,56.619522296698406,49.782626210113584,0,2,0,1
2335,0,2,40.31112572294468,34.88616675929649,0,4,1,0
2336,0,1,74.35194185092199,62.47455839630145,1,3,1,1
2337,0,2,44.21477295753629,42.665510469564275,0,5,1,1
2338,1,2,67.74862535753034,70.5615221319602,1,3,0,1
2339,0,1,54.82531917601961,43.62514963771881,0,5,0,1
2340,0,2,61.21548975466994,49.98601844024927,0,3,1,0
2341,0,1,76.94946628743834,62.39610718344925,1,3,0,1
2342,0,2,39.73102769134459,40.073979109599755,0,6,0,1
2343,0,2,58.13414602069685,55.15660635027163,0,7,1,1
2344,1,2,59.5482063558575,66.28629649218563,0,2,0,1
2345,1,2,34.24927481048861,38.87398634697588,0,2,0,1
2346,0,1,75.7079461597244,61.41288088220762,1,4,0,1
2347,0,1,51.847579651347345,42.06983061907791,0,3,0,0
2348,0,1,46.759675351822445,43.386579190183554,0,7,1,1
2349,0,1,53.56677025781722,51.526159248111355,0,4,1,1
2350,1,3,59.56280196507116,58.5689033415561,0,1,1,0
2351,0,3,65.71599293708132,55.43083774431697,0,4,1,1
2352,1,1,59.30836048260927,67.81197529113466,1,9,1,1
2353,1,2,67.18527525788541,69.4607178226864,1,4,0,1
2354,0,2,41.71682012881523,32.79769342707035,0,3,0,0
2355,1,2,46.42798444869753,55.45430874279837,0,5,0,1
2356,0,2,54.98807231569103,49.5534688694336,0,9,1,1
2357,1,2,37.29706351566989,42.747538966604274,0,5,0,1
2358,0,2,38.339783451141905,36.528533995302226,0,6,0,1
2359,1,1,45.878151327361415,46.971552020254876,0,5,0,1
2360,1,2,66.00897517524622,69.23719073852826,1,6,0,1
2361,0,2,35.323232474321514,30.75645748868385,0,6,1,1
2362,0,1,73.78663013270034,66.63965846531484,1,5,1,1
2363,1,2,25.66353394810127,40.89102282526229,0,4,0,1
2364,0,1,78.29774448096629,66.17611767491752,1,6,1,1
2365,0,2,68.44830877243443,73.51878453115357,1,7,1,1
2366,1,2,54.68754825825788,64.39251948880059,0,7,1,1
2367,0,2,29.926275084046544,32.635602763601554,0,6,1,0
2368,0,2,31.96942191231575,39.28752015196606,0,9,1,1
2369,0,2,61.60126807423914,51.44102859563657,0,6,1,1
2370,0,1,67.56574647131774,58.23947031623512,1,4,1,1
2371,1,1,33.273295922585376,51.24837764639566,0,7,1,0
2372,0,2,57.087802164039566,43.45833865068996,0,3,1,0
2373,0,2,82.45625526687908,76.20971641367444,1,5,1,1
2374,0,1,43.29094567653791,39.19088495917358,0,4,1,0
2375,1,1,75.50801814708953,75.33238708981109,1,4,1,1
2376,0,2,34.87989605048783,36.959844476974766,0,8,1,1
2377,1,2,45.05519554952542,55.723120142929574,0,7,0,1
2378,0,1,43.40982595296036,53.73736215921528,0,6,1,1
2379,0,3,69.09344491278695,60.47080328779669,0,3,0,1
2380,1,2,73.8478003125495,63.774223725879686,1,1,1,1
2381,1,2,29.035651586854808,58.42737385212763,0,7,1,1
2382,1,1,48.91606341966204,67.90911174088221,0,7,1,1
2383,0,2,40.857630759418,39.95740535586143,0,5,1,1
2384,0,3,60.78611632545463,55.67126718509386,0,5,1,1
2385,0,2,4.69828230778122,42.566261190563544,0,8,0,1
2386,0,3,36.26705464863297,37.51385881474511,0,3,1,1
2387,0,2,71.7929831403354,55.778203802531365,1,6,1,1
2388,0,2,63.286315131235675,59.508601554568884,1,5,1,1
2389,0,2,75.1143328554398,65.21518517757357,1,9,0,1
2390,0,2,28.72593704624134,38.28712269714809,0,4,1,1
2391,1,1,52.42710982064303,56.48733444453526,0,2,0,0
2392,0,2,60.00976322081738,41.67567595599223,0,3,0,0
2393,1,2,66.81454008336078,72.29746371005899,1,7,1,1
2394,0,3,33.54778546469714,44.54827478622755,0,9,1,1
2395,0,2,77.11936027763741,64.66595252154707,1,4,1,1
2396,0,1,57.38316659026224,58.185690219150786,0,7,1,0
2397,1,1,52.814423172133,61.20882644065752,0,6,1,1
2398,0,1,27.790032088226884,36.51286630373034,0,7,0,1
2399,0,1,61.86990132773345,40.09891416154825,1,2,1,1
2400,0,1,55.162067511334804,49.58947044962031,0,3,1,1
2401,0,2,54.128450914916066,55.28701021403775,0,7,1,1
2402,0,2,27.007185419360905,28.984222945738527,0,2,0,1
2403,0,2,45.212727696763366,43.627560274161986,0,3,1,1
2404,0,1,43.3282988880716,42.237874107238184,0,3,1,1
2405,0,2,85.31383408015785,66.84862132883242,1,4,1,1
2406,0,2,63.11101788198635,49.129885494400796,1,3,1,1
2407,1,1,58.0655339287818,66.60871476546828,0,4,0,1
2408,0,2,69.48406570492155,55.518376229081106,1,4,0,0
2409,0,2,35.26576601912991,38.224525731903306,0,4,0,1
2410,0,2,10.040984054455537,25.651503930499278,0,4,0,0
2411,0,3,29.295817608990284,27.491634153370033,0,4,1,0
2412,0,1,47.243039127560614,44.35731868885325,0,4,1,1
2413,0,3,48.49701542478014,41.938126084840256,0,3,1,1
2414,1,1,32.62432744394091,45.46039596297315,0,4,0,1
2415,0,2,72.3128986525784,50.91868400445146,1,4,1,1
2416,1,3,63.30755042434521,61.86175218575457,0,1,0,0
2417,0,1,46.62890471866893,45.051765381413375,0,1,1,0
2418,0,2,52.0325690875728,51.347351009495476,0,4,1,1
2419,1,3,27.949275196124663,43.08724320520213,0,8,0,1
2420,0,1,41.20851670360206,50.42844290975806,0,6,1,1
2421,1,1,50.428605663000795,64.44464859733837,0,7,1,1
2422,0,1,65.93376013278275,65.08639711682143,1,6,1,0
2423,0,1,27.134559661857857,37.91111235249774,0,4,1,0
2424,0,2,84.33416267892525,65.10691373961178,0,13,1,1
2425,0,2,57.217418015900755,44.86168678817769,0,6,0,1
2426,1,1,43.70324863643401,54.03176137159907,0,5,0,1
2427,1,2,54.03324906830583,54.662244114231314,0,3,0,1
2428,0,1,0.0,63.833959388434096,1,8,1,1
2429,0,2,53.25070978047592,48.171857918452126,0,4,1,1
2430,0,2,28.819690114342784,30.591937872841818,0,4,1,0
2431,1,2,100.0,54.69935578312938,0,10,0,1
2432,0,3,84.44550079444028,74.59996529856764,0,5,1,1
2433,0,3,50.035590071995664,31.14705589428604,0,0,1,0
2434,0,1,57.09057122764261,45.710206919026604,1,1,1,0
2435,0,2,64.36410773151283,67.55534852285979,1,10,0,1
2436,0,3,45.625169338918795,43.78830908264727,0,8,0,1
2437,0,3,45.77622093371876,42.968614940630474,0,6,1,0
2438,0,2,34.1157674684796,45.6312718106523,1,2,1,1
2439,1,2,63.7129103108756,63.17518577386099,1,6,0,1
2440,0,2,73.1414454484713,65.39756214973153,1,10,0,1
2441,0,3,41.259583886968116,42.89914892598917,0,4,1,0
2442,0,1,64.26176034424017,52.304510724036675,1,3,1,1
2443,1,1,43.182773706791025,50.25632325360159,0,7,0,1
2444,0,2,41.56530334294982,44.797011743097514,0,5,0,1
2445,0,1,55.20583196070955,52.78073972727733,1,6,1,1
2446,0,3,38.879833435830804,35.296101186111315,0,4,0,1
2447,1,2,63.23451206589834,68.11920889263835,1,5,0,1
2448,1,2,55.31870773079201,56.932761552958354,0,5,0,1
2449,0,2,74.78798440774236,61.852515826432885,0,7,1,1
2450,1,2,37.424734790212035,58.6687947639399,0,9,0,1
2451,0,3,34.012798558886274,41.333634151131434,0,4,1,1
2452,1,1,46.20665576222876,67.21410199390343,0,11,1,1
2453,0,2,92.22401984948239,72.33955562607052,1,6,1,1
2454,0,3,33.42879569891339,34.3543337376824,0,3,1,0
2455,1,2,32.904361182006234,46.84802919145402,0,6,1,0
2456,0,1,62.24496823768012,54.29527716464725,1,5,1,1
2457,0,1,49.911626910310424,46.50027437452882,0,5,1,0
2458,0,2,32.74924132754885,35.3781032119842,0,2,0,0
2459,0,1,25.387434771501503,34.10543572129802,0,6,1,0
2460,1,2,31.453533844889506,41.029351727121394,0,3,0,0
2461,0,2,34.833929528454874,32.42389835899118,0,3,1,0
2462,1,2,29.333108436153307,33.697833299696825,0,6,0,0
2463,0,1,48.244307449759745,44.8377483651354,0,3,1,1
2464,1,2,21.86175282854021,59.65573730949809,0,7,0,1
2465,0,2,36.97439864567754,48.45441795321799,0,10,1,1
2466,0,2,68.024497958731,68.4923594357219,1,9,1,1
2467,0,2,69.1524019948824,58.885407949215825,1,4,1,1
2468,0,3,35.11645057272639,31.190870490243395,0,3,1,0
2469,0,3,31.129189790120307,46.76946834622624,0,10,1,1
2470,1,2,43.088337085543486,60.27202396342716,0,10,0,1
2471,0,1,57.58467454471173,47.6626584925019,1,6,1,1
2472,0,2,53.63623918445148,45.56750187002082,0,4,1,1
2473,0,2,46.38393940123802,40.29807300568994,0,4,1,1
2474,0,1,41.422430014745736,40.90201458806302,0,4,1,1
2475,1,1,54.06936828341115,67.20488077288208,0,7,0,1
2476,1,3,61.030247229700734,82.68783922258943,0,11,1,1
2477,1,3,50.01293886643893,51.41988755098925,0,4,1,1
2478,0,2,14.077274224097797,15.29022862203493,0,6,0,1
2479,0,1,41.60106763194651,40.8842851646933,0,5,1,1
2480,0,3,41.866157736466036,26.435278389919624,0,3,1,0
2481,0,3,53.44733157060297,53.147826938019094,0,5,1,0
2482,0,2,62.36976058815292,58.625997124680424,0,4,1,0
2483,0,3,66.94586674373055,63.28377839061899,0,4,1,1
2484,1,2,46.609224401727104,48.316731923774086,0,1,1,1
2485,0,1,37.17578027398245,51.48950604294148,0,7,1,0
2486,0,2,49.94038630533498,37.98436605019663,0,2,1,1
2487,1,1,44.382761180478006,58.05395801462005,0,6,1,1
2488,1,3,51.20728600382251,44.76245256707895,0,4,0,1
2489,0,2,38.25584979434928,36.300483924858504,0,5,0,1
2490,1,1,50.17442771197273,59.10557951247631,0,6,0,1
2491,0,1,59.01978482724171,56.087239449459,1,5,1,1
2492,0,2,34.22701618730507,32.156196922836614,0,4,1,0
2493,1,1,46.408568292836954,56.627479977062265,0,8,1,1
2494,1,1,40.33877365795831,46.94631395709659,0,5,0,0
2495,0,2,16.68033807788413,39.1543086986936,0,5,1,0
2496,0,1,56.541561456163436,58.52723395661064,1,6,1,1
2497,1,1,62.81484358147944,59.81159185689469,1,3,1,1
2498,0,2,45.45854661999395,49.159733990322536,0,7,1,1
2499,0,1,70.7285389109246,65.08500401713025,1,5,1,1
2500,0,1,23.410099824876596,25.575107650274006,0,4,1,0
2501,1,2,78.10162199334559,67.90813469751168,1,5,0,1
2502,0,2,61.71212582841059,56.44251966856842,0,7,1,1
2503,0,2,41.91606715602571,43.763528376718774,0,5,1,1
2504,1,2,62.35930740411452,60.41058864839053,1,3,1,1
2505,1,1,55.86879532400978,57.80071548832971,0,6,0,1
2506,0,2,37.9880089602786,40.61339038024238,0,10,0,1
2507,1,1,24.082998451799593,36.890054425820146,0,5,0,1
2508,0,1,63.96899660732037,58.32569960060749,1,5,1,1
2509,1,2,69.04886759529532,70.8675616390755,1,6,0,1
2510,0,2,58.39044991496101,53.07720609779824,0,4,1,1
2511,1,2,51.36625268234328,62.983702037663065,0,3,1,1
2512,0,1,35.05078543521756,38.48389346083364,0,5,1,0
2513,0,3,48.78664044241573,47.98862961322444,0,6,1,0
2514,0,2,77.91433624464057,62.19355801829249,1,2,1,1
2515,1,1,50.01768782244711,54.47090749435777,0,3,0,1
2516,1,2,52.37009379283678,66.06157847074888,0,8,0,1
2517,0,3,33.50439924986325,44.504186600591716,0,4,1,0
2518,0,3,56.88306208307149,55.45780556855666,0,4,1,0
2519,1,2,70.13683762794155,71.19070599175035,1,4,0,1
2520,0,1,44.27555202933172,51.04599668285762,0,6,1,1
2521,0,1,0.0,40.722437869738066,0,4,1,0
2522,0,2,28.46541323832135,35.63942877720215,0,6,1,1
2523,0,2,29.558730367523854,30.81020825507575,0,1,0,0
2524,0,2,12.79604654149456,20.047527229570676,0,3,0,0
2525,1,2,35.858666904867825,46.88727242696648,0,3,1,0
2526,0,1,27.2652750966726,33.001039235436515,0,5,1,0
2527,0,3,34.80892713511268,34.809942235205824,0,4,1,1
2528,0,1,68.74108156181344,60.14849102450087,1,6,1,1
2529,1,1,61.64094943563745,63.76063080819014,1,5,1,1
2530,1,2,69.18056211646837,74.06969962199301,1,3,1,1
2531,0,1,72.27363612061158,72.12941699050766,1,11,1,1
2532,1,3,57.161642052208165,56.35841181891069,0,1,1,1
2533,0,2,89.0845399028073,72.4051619609097,1,3,0,1
2534,0,2,43.90710386439826,53.556396451517976,0,10,1,0
2535,0,2,50.48454323327252,50.66821385603144,0,4,1,1
2536,1,2,52.60762007571603,58.61963581871336,0,5,0,1
2537,0,3,67.07498828838605,63.03459886461785,0,6,1,1
2538,0,1,54.479002205204225,40.01784360992729,0,2,1,1
2539,0,2,61.41234314343473,53.98111798771242,1,4,0,1
2540,0,1,41.67625137109137,35.2917939831223,0,6,0,1
2541,0,2,39.84572284537067,32.53994156301067,0,5,1,0
2542,1,2,40.08672153272445,56.329923986711066,0,9,1,1
2543,0,2,56.44064101086742,57.79821966222639,1,10,1,1
2544,0,2,81.60467388569488,64.75432119923147,1,2,0,1
2545,1,2,22.306089943836483,36.38275106892327,0,3,0,0
2546,0,2,49.07498406590878,48.302388547769446,0,5,0,1
2547,0,2,34.387629922959306,40.63044981306436,0,7,0,0
2548,0,3,39.94611819003097,34.92392528395878,0,3,1,0
2549,0,1,55.51098322603312,53.88909071137017,0,4,0,1
2550,0,2,52.81848800320365,54.332760019820796,0,7,0,1
2551,0,1,41.46240438515855,45.255216306130684,0,6,0,1
2552,0,3,52.55163324265598,59.029719491651036,0,8,1,1
2553,0,2,95.26538117212132,78.78042394551204,1,8,1,1
2554,0,1,48.34004246033359,52.14850057676097,0,8,0,1
2555,1,2,56.74827975467203,55.34592764748008,0,3,1,1
2556,0,3,4.645776586946685,25.93036438676449,0,4,1,0
2557,1,2,59.86538386383536,61.01228734267122,0,5,0,1
2558,0,2,45.82811737997589,38.56748915158045,0,4,1,1
2559,1,3,44.65055075102996,45.33728124166847,0,3,1,1
2560,0,2,34.94588690481621,55.5183324823505,0,7,1,1
2561,0,2,35.5187212422761,47.605017402548114,0,10,1,0
2562,1,2,59.46652841075341,60.7227439277344,0,6,0,1
2563,1,3,40.67419180380798,42.633855369521946,0,1,1,0
2564,0,1,56.808114856027046,55.99222623545156,0,7,1,1
2565,1,1,37.17662321150305,46.55187221992062,0,3,1,1
2566,0,2,51.309626466189236,34.2086177587025,0,2,1,1
2567,1,3,39.84572162602673,44.667054536368546,0,1,0,0
2568,0,3,70.55382489850474,48.22691592164916,0,9,1,1
2569,0,1,52.19921295528399,51.26575016145338,0,9,1,1
2570,0,3,53.65397858109641,63.80032435054598,0,9,1,1
2571,1,3,86.13969456111657,70.9182911430858,1,3,1,1
2572,0,3,53.610500988030026,50.31686086239207,0,6,1,1
2573,0,1,49.1614560420974,32.77379788141796,0,7,1,1
2574,0,2,43.114508672181614,44.346192190189015,0,6,1,1
2575,0,2,33.93796328529799,26.474969185164955,0,0,1,1
2576,0,2,73.4149119770752,62.06028747810161,1,5,1,1
2577,0,1,37.26357945605874,47.680190601539955,0,8,0,1
2578,1,1,46.927929869307086,54.458757283932265,0,5,0,1
2579,1,3,38.206621808468,44.95802626388075,0,4,0,0
2580,1,3,93.14627550774492,57.88945576206967,0,5,0,1
2581,0,1,25.665188720689176,36.301443585317884,0,6,0,1
2582,0,3,47.248801892326156,44.26632911474657,0,5,1,1
2583,0,3,79.40547378668545,73.80500736360285,0,6,1,1
2584,1,2,26.657971745229663,40.57759578250288,0,4,1,1
2585,1,2,61.94424345969333,75.20884221222808,0,7,0,1
2586,0,3,44.01281873856542,51.502869208990376,0,7,1,1
2587,0,1,44.13209145752389,31.65590650685758,0,3,1,0
2588,1,1,18.994495314780128,47.25727550998582,0,10,1,1
2589,1,2,70.03046918587278,72.7759835631737,1,8,0,1
2590,0,1,55.20841637952927,64.76476060737151,1,8,1,1
2591,0,2,62.59791771423613,49.08295077136727,0,2,1,1
2592,0,3,53.151876847538624,46.67331188572291,0,4,0,1
2593,1,2,42.729198784469105,56.46743606929621,0,4,1,0
2594,1,2,52.63701664408105,57.28643440196481,0,5,0,1
2595,1,1,73.10434936387523,76.03918837507887,1,8,0,1
2596,1,3,36.990632963807975,56.078656979874616,0,4,1,0
2597,1,1,39.52922550476469,51.44822008434749,0,6,1,1
2598,0,1,36.28889387525747,35.61326625884686,0,3,0,1
2599,0,3,52.18988249202065,47.093874012848886,0,5,0,0
2600,1,2,55.938776296257444,66.79832866655299,0,5,0,1
2601,0,1,23.804448227499478,27.577106187060476,0,6,1,0
2602,0,2,55.06550072101608,52.24696594637602,0,5,1,0
2603,0,1,46.84190090126642,44.21189881821959,0,4,1,1
2604,1,2,35.615330902379654,53.29688156038199,0,9,0,1
2605,0,2,74.1294355286023,59.67371158676488,1,1,1,1
2606,1,1,65.40899362310333,62.855713689113614,1,4,0,1
2607,0,3,51.47511658265798,47.89848704586983,0,6,0,0
2608,0,1,53.91214913222622,49.43402587735016,0,5,1,1
2609,0,1,49.37056810776304,57.312311759249134,0,11,0,1
2610,0,2,70.0469584163942,53.092760115305566,1,3,0,1
2611,1,3,54.93917687972496,62.32468993900804,0,4,1,1
2612,0,2,54.791451852170056,51.20855897934838,0,5,1,1
2613,0,2,63.46331006915058,49.14706179946221,0,5,0,1
2614,0,2,38.437291343311486,67.97586525693595,0,12,1,1
2615,1,1,57.21551845726369,56.793081603716594,0,4,0,1
2616,0,3,47.8429698061085,42.12935880762584,0,3,1,1
2617,1,1,57.45561540733835,62.50154313555675,0,5,0,1
2618,1,2,63.01993752432967,62.734009119933816,1,4,0,1
2619,0,3,39.35826570700178,39.01324859267675,0,2,1,0
2620,1,1,31.783588507904696,53.1327364472595,0,8,1,1
2621,1,2,53.37076986668183,67.07851535843146,0,7,0,1
2622,1,2,65.41202213843479,61.70273871079048,1,5,0,1
2623,1,2,44.4713972307178,63.82830338275723,0,9,1,1
2624,1,2,49.03985668575541,56.953948491541674,0,7,1,1
2625,0,3,95.0721359903196,57.97676206607131,0,3,1,1
2626,0,2,54.753018347423314,55.56108774167535,0,5,1,1
2627,0,1,62.624412813259525,60.74177399496866,1,9,1,1
2628,1,2,47.22566310270476,51.598080867792866,0,6,0,0
2629,0,3,41.95626581208886,33.465918658806764,0,4,0,1
2630,1,2,70.27194330763973,40.867279070253204,0,2,1,1
2631,0,1,65.11097111661451,53.505705007072436,1,7,0,1
2632,0,1,50.96252198768197,53.82963468827385,0,6,1,1
2633,1,2,43.3614376964901,57.62500869011808,0,4,1,1
2634,0,2,74.74882474668931,70.32527427631237,1,4,1,1
2635,0,3,9.982831414642671,21.457544049653997,0,2,1,0
2636,1,1,39.31684218295127,53.71985172518863,0,4,0,1
2637,0,1,42.50875084860465,44.785966512885665,0,5,1,1
2638,0,1,47.463935243798744,37.123941719307936,0,1,0,0
2639,0,2,34.6950805916954,32.57307719893882,0,1,0,1
2640,0,1,60.24284423351951,54.16734175866606,1,6,1,1
2641,0,3,43.27403394374564,30.310208000056406,0,2,0,0
2642,0,1,42.415457959009565,51.11202975956518,0,8,1,1
2643,0,2,50.51962511624689,27.82324936997813,0,4,1,1
2644,0,2,71.2298721424453,62.18366384284895,1,5,0,1
2645,1,2,31.98504811475069,67.15184776081495,0,6,0,1
2646,1,1,67.5890252609807,59.18154645457047,1,2,1,1
2647,0,1,42.8078851779386,49.35262423060077,0,7,1,1
2648,1,2,57.47384818361662,55.40246797524591,0,4,0,1
2649,0,1,22.95496307160261,26.777237829880566,0,1,1,0
2650,0,1,24.923334781892343,50.20672640152115,0,6,1,0
2651,1,1,41.377230048783666,47.19845516056624,0,5,1,1
2652,0,1,29.124411024478547,30.758882168032123,0,2,1,1
2653,0,1,61.735989002945225,48.76478537604479,1,3,0,1
2654,0,2,71.3665530136374,62.05927313540492,1,6,1,1
2655,1,2,34.536412194974524,50.51077117031602,0,6,0,1
2656,0,2,36.27635806853593,40.76877197281794,0,6,0,1
2657,1,1,40.574522406738055,48.38128171667717,0,3,1,1
2658,1,2,57.25205000177169,64.5057465234372,0,5,1,1
2659,0,3,48.948932343493375,30.9629231422916,0,4,0,0
2660,1,1,49.501165242197175,62.95091475328692,0,2,0,1
2661,0,2,53.91285412009111,42.308468467574976,0,4,1,0
2662,0,1,64.63419333422324,69.38392676193345,1,10,0,1
2663,1,2,35.75277841595503,46.05543669303734,0,2,0,0
2664,1,2,40.029374502926615,47.70199909495897,0,4,0,1
2665,0,2,50.90124184051612,51.25918756021559,0,5,0,1
2666,1,2,52.015295365360444,63.885359395617066,0,6,0,0
2667,0,1,15.212743667478522,23.285795233903574,0,4,0,0
2668,0,1,73.95115987098221,63.28933928329386,1,2,1,1
2669,1,2,71.27554252331312,74.38877472697341,1,5,0,1
2670,0,2,35.81378757503805,32.202238021764124,0,6,0,1
2671,0,3,49.79273741839647,50.36744991969637,0,8,1,0
2672,1,2,68.26369358929757,66.2600835701022,0,6,0,1
2673,0,1,38.44880292359153,34.391975306036414,0,4,0,0
2674,0,2,55.14003617161806,45.29531573682594,0,2,1,1
2675,1,3,51.73732479794557,60.680938054871724,0,5,0,1
2676,0,2,66.11556332284137,64.00439403299788,0,7,1,0
2677,1,2,46.54030266000283,57.06663613283891,0,5,0,0
2678,0,1,76.18521838529031,54.541119085802094,1,2,0,1
2679,0,2,51.92767288635444,47.33533759677653,0,5,1,0
2680,1,2,42.91563029247806,51.452489559437495,0,6,1,1
2681,1,2,53.32350323971793,65.21265315203856,0,5,1,1
2682,1,3,41.50951924477058,39.62382373915741,0,1,1,0
2683,0,1,48.51559460415717,46.82812652369382,0,6,1,1
2684,0,1,41.03754047050479,32.06121737354632,0,0,1,1
2685,0,3,44.37238563535257,46.3684574705964,0,6,0,0
2686,0,3,63.84756547439798,62.4046078179322,0,7,1,1
2687,0,1,21.55512496483088,26.438628701574377,0,3,1,0
2688,0,1,44.94433013016954,38.821182296797424,0,3,0,0
2689,1,1,75.10727634961187,71.29974076722047,1,5,0,1
2690,0,1,54.60194354610749,49.48603953529135,0,5,0,1
2691,0,1,0.0,50.826544544294904,0,8,0,1
2692,0,2,44.051335497949104,45.8266877912756,0,8,1,1
2693,0,2,28.565367551072498,24.012104577035323,0,1,1,1
2694,0,2,61.91706542530787,62.44684544728076,0,9,0,1
2695,0,1,63.685939084642946,52.80790863549325,1,6,1,1
2696,0,1,50.47470189442584,38.35966429291233,0,5,1,1
2697,0,1,66.47265408087502,55.10122012693885,1,2,0,1
2698,1,2,31.566607134524393,45.2288756838922,0,3,1,0
2699,1,2,20.737584014964934,49.39929934825593,0,12,0,1
2700,0,2,57.95954067652444,56.46512478901677,0,6,0,1
2701,0,1,26.701602594329398,22.03879634587366,0,2,1,0
2702,0,2,40.88679744892544,35.66090899742889,0,4,1,1
2703,0,2,27.110111579156865,20.19196542926828,0,3,0,1
2704,0,2,63.175524838118335,61.389359408945644,1,8,1,1
2705,0,1,85.17305514312149,65.86388615697325,1,3,1,1
2706,0,3,61.2478786213036,53.58911294290002,0,6,1,1
2707,1,2,64.24073344960394,71.51007170100877,1,5,1,1
2708,0,2,52.353713166354424,50.35261371251014,0,4,1,0
2709,1,2,40.46365239836717,51.89006189433428,0,5,1,0
2710,1,3,26.260038073596476,36.82551159791582,0,2,1,1
2711,0,2,46.38381167128409,41.671549198939346,0,3,1,1
2712,0,1,43.894533988344534,49.770898086459425,0,8,1,1
2713,0,1,47.95516911240414,40.943706118164336,0,3,1,1
2714,1,2,75.38993832561528,73.20108224834263,1,4,0,1
2715,1,3,53.73809910125726,59.74088037916746,0,5,1,1
2716,0,3,50.48471254955604,48.97380103352577,0,5,0,1
2717,0,2,46.985511083823305,40.727550150754375,0,3,0,1
2718,0,1,58.92691776428867,54.293048563727226,1,4,1,1
2719,1,1,48.340583528089674,59.999458267326176,0,6,0,1
2720,0,2,66.1424368342608,59.836115553134285,1,5,0,1
2721,1,1,40.217828038739846,56.79012332002532,0,11,1,1
2722,0,3,41.83988890120659,41.83741919488193,0,6,1,0
2723,1,2,30.77072453235917,50.74399952332963,0,7,1,1
2724,1,1,32.82707362001799,45.4840042537671,0,6,1,0
2725,0,3,80.4719212878043,65.13825729336916,1,1,1,1
2726,0,2,56.506018985144536,46.28998636544606,0,4,0,1
2727,0,1,62.12276612858869,64.13074188296139,1,8,1,1
2728,1,2,34.4982006553046,35.684997225817646,0,2,1,0
2729,0,3,51.84765535127506,60.21359749568484,0,8,0,1
2730,0,2,37.99615384957391,34.24199309517732,0,4,1,0
2731,0,3,37.18729178872323,42.51006110636696,0,8,0,1
2732,0,2,66.05617463183182,61.79405538955345,1,5,1,1
2733,0,2,32.99691208569372,39.35639075687805,0,4,1,0
2734,0,2,65.44259211964099,51.08774609947495,1,4,1,1
2735,0,2,64.28953174141348,55.68189318079643,1,2,0,1
2736,0,1,52.54031303036499,44.80609276564211,0,6,1,1
2737,1,2,29.379071371020654,36.57614916874684,0,3,0,1
2738,0,2,50.38928827008804,42.41034557971074,0,4,1,0
2739,0,2,53.30257821003811,51.05938430248925,0,4,1,1
2740,0,1,29.141892025123546,31.747228140253384,0,6,1,0
2741,0,2,100.0,41.755088997777435,0,4,1,1
2742,0,2,41.90951123019257,35.13179668001956,0,2,1,0
2743,1,2,43.31574824621506,49.275380958872745,0,5,0,1
2744,1,1,60.15746480673905,69.67997451470178,1,5,0,1
2745,0,3,31.643405678918135,48.163624132727755,0,6,1,1
2746,0,3,39.545003395405274,37.41081649741087,0,1,1,0
2747,0,3,34.82555704864146,39.35729039072688,0,8,1,1
2748,0,3,42.72483348979627,57.37046969498735,0,2,1,0
2749,0,2,58.10690332174456,54.76294184857895,0,5,1,1
2750,1,2,47.75831343434193,53.87848152435994,0,4,0,1
2751,0,2,57.89007730879579,45.720539889574106,1,2,1,1
2752,1,1,23.682266085207463,29.74296632137885,0,4,1,1
2753,0,2,32.921470282060845,31.850495485389835,0,7,0,1
2754,0,2,54.320305199590074,48.39672183358812,0,4,1,1
2755,1,1,53.51574962126779,59.848813450557394,0,4,1,1
2756,0,1,35.75649744271141,40.327946731490414,0,5,0,1
2757,0,1,78.70904488252717,57.17771325461298,1,3,1,1
2758,0,2,71.15706260518517,52.094038305931306,1,3,1,1
2759,1,2,25.44013966958756,38.86731656939431,0,4,1,0
2760,0,3,35.53875420465817,34.051468035844955,0,3,1,0
2761,0,1,47.88617448452717,64.233665395376,0,11,1,1
2762,0,3,44.26172307783557,40.84401821475135,0,4,1,0
2763,1,3,41.41753383817328,56.48220999834376,0,8,1,1
2764,0,1,82.38448177455066,72.51431487012984,1,4,0,1
2765,0,1,65.22301407151407,49.52492881566978,1,0,0,0
2766,0,2,47.585678764477265,45.702592992042256,0,3,0,1
2767,0,1,40.46506788702781,55.5497011953196,0,10,1,1
2768,0,2,49.28375431665337,53.32336014741833,0,8,1,1
2769,1,2,52.50097750272527,61.67253703862706,0,5,1,1
2770,0,1,85.61332051586975,69.81059765813839,1,7,0,1
2771,0,3,60.764614657481914,62.31158304614014,0,9,1,0
2772,0,2,50.899593830555254,46.462239558762725,0,3,0,0
2773,0,3,48.21327822465612,51.40023124176652,0,6,0,1
2774,0,3,35.3310133278106,45.83198805463776,0,7,0,1
2775,1,3,67.48299666089616,71.83965022081715,0,5,0,1
2776,0,1,57.63847483230211,55.930221090759936,0,9,0,1
2777,0,1,84.68634351185759,42.890307413439594,0,2,0,1
2778,1,3,50.50413853213594,65.33843553348132,0,7,1,1
2779,1,1,36.98825365746343,52.53533931547262,0,4,1,1
2780,0,2,66.94484031550407,64.36242567161312,1,4,0,0
2781,0,3,31.61216259183137,35.25284252018608,0,6,1,0
2782,1,2,47.58247593147402,64.03463304794555,0,6,1,1
2783,0,2,59.646751302936146,54.099039037143235,0,5,1,1
2784,1,2,57.363859236776605,59.39474501527797,0,6,1,1
2785,0,1,32.56907448063922,34.72483026153269,0,7,0,1
2786,0,1,59.28028894122961,49.295246258137446,0,2,1,1
2787,0,2,68.35752173726003,70.05105703716774,1,7,1,1
2788,0,1,58.424009466952505,49.01347534292883,0,2,1,1
2789,0,2,36.44257939679244,44.597602513318364,0,7,1,1
2790,0,3,35.71558956469443,43.510111200762495,0,7,1,1
2791,1,1,47.009281455870486,58.40364778117566,0,8,1,0
2792,0,2,92.40690752710738,40.63983041054529,0,6,1,0
2793,0,1,46.79402680209315,53.859505714277994,0,8,1,1
2794,1,2,43.805071114252414,50.390952962065036,0,4,1,0
2795,0,2,40.14776281369925,48.784804971202256,0,9,1,1
2796,0,1,42.098680894825655,38.26719899259809,0,4,1,1
2797,0,2,56.53101387623527,79.63597948162398,0,8,0,1
2798,0,2,24.548718358215343,38.47753146819778,0,9,1,0
2799,0,2,77.15806439773249,67.71287115292205,1,5,1,1
2800,0,2,45.514647622590466,42.5610861507035,0,4,1,0
2801,1,2,33.868021249402965,52.358323386552584,0,4,0,1
2802,1,3,61.75157556806722,61.505789461001484,0,4,0,1
2803,0,2,81.1266673963379,71.49699019600546,1,3,1,1
2804,1,2,87.3557258330065,73.83253419663633,1,5,0,1
2805,0,2,60.48467675380505,38.9730675677059,0,2,1,0
2806,1,3,67.31683961517682,65.01639056679964,0,1,0,1
2807,1,1,39.494193889902306,46.88324433839538,0,5,0,1
2808,0,1,42.63577819870903,39.684847109364036,0,3,1,1
2809,0,1,0.0,52.85493955385537,0,6,1,1
2810,0,2,42.619940106390736,39.11235599510165,0,5,0,0
2811,0,2,35.8963338692714,50.299335487078366,0,8,0,1
2812,0,1,49.98187003840167,37.891877870089324,0,3,1,1
2813,0,2,62.14935808928869,56.8067758421065,0,7,1,0
2814,0,1,56.20140041079519,55.105104426762125,0,4,1,1
2815,0,3,56.109197649245836,47.58787837819647,0,7,1,1
2816,1,2,74.33454988530954,79.7094099736015,1,6,1,1
2817,0,2,60.1972407867189,61.57331526574137,0,9,1,1
2818,1,2,51.35229422930621,59.845314941688876,0,6,1,1
2819,0,2,77.59758766740758,65.4077932468062,1,5,1,1
2820,0,3,73.7329552629865,72.4191247133623,0,8,1,1
2821,0,2,57.505948276224174,51.57561655907822,0,3,0,1
2822,0,2,38.35409853172542,43.310729892994836,0,7,1,1
2823,0,1,25.13516461386648,25.398477548127815,0,3,1,0
2824,0,2,79.60843452953586,54.59647149138946,1,4,1,1
2825,0,1,35.10985058717948,41.1587420931838,0,2,1,0
2826,0,2,30.878362305833843,28.944622933429486,0,4,1,0
2827,0,2,23.46723958049964,38.75147018823286,0,3,1,1
2828,1,1,45.21554760890452,40.02899378882527,0,2,1,1
2829,0,1,46.72166035478125,43.89966126842476,0,5,1,1
2830,0,2,49.92118046472247,51.62115026310182,0,7,0,1
2831,1,2,41.80994687299312,55.24687521611629,0,6,0,1
2832,0,1,33.85203368211888,29.336527139992292,0,2,0,0
2833,0,1,63.37686719108735,68.22630984072659,1,13,1,1
2834,1,3,38.9754589079307,44.00814485872799,0,2,1,0
2835,0,2,79.4486638426011,68.18493300720485,1,8,1,1
2836,0,3,33.66318174261349,50.77832901234691,0,8,1,0
2837,0,1,5.053657971560305,40.327872068645114,0,6,1,1
2838,0,1,47.658304624596774,50.66720727782647,0,7,1,0
2839,0,1,38.57404695004708,37.43601838990101,0,4,1,1
2840,0,2,33.185542787095955,36.14633170591029,0,4,1,1
2841,0,3,15.285012195522288,45.31816494091337,0,6,1,0
2842,0,2,28.1458348677513,30.00571880935189,0,6,1,0
2843,1,2,68.27348140543134,74.72182403540802,1,8,1,1
2844,1,3,60.40136176702034,70.45687508124408,0,5,0,1
2845,1,1,41.88658823018964,45.554420281473966,0,5,1,1
2846,1,1,48.08847775251794,63.71346841356546,0,6,0,1
2847,0,3,54.8281847687948,46.90880273720243,0,3,0,1
2848,0,3,32.77209765745348,39.32587359387982,0,8,0,1
2849,0,2,41.298819552610176,47.41319668344311,0,9,0,1
2850,0,1,23.442265228259018,32.73658563038109,0,5,1,1
2851,0,3,67.56904104890675,59.4931086756192,0,3,1,1
2852,1,1,59.513757453120675,44.759632234035195,0,3,0,0
2853,0,1,27.372103322681518,40.18945198309012,0,8,0,1
2854,0,2,54.047742195167665,50.91503706159499,0,2,1,1
2855,1,1,32.29189319661909,54.52631808263892,0,8,1,1
2856,1,3,54.64405943656333,56.24917689113817,0,3,0,0
2857,0,2,49.80683940594896,36.366582390688414,0,2,1,1
2858,0,2,34.03838526472397,29.6655872698478,0,8,1,0
2859,1,1,48.150750823933016,51.24144283229411,0,8,1,1
2860,0,2,62.494310823119726,63.01429684133215,0,8,0,1
2861,0,2,28.75807107655379,43.798995462210044,0,8,1,0
2862,1,2,21.91012149014531,42.51678961222146,0,7,0,1
2863,1,1,67.32609147379469,55.49985038412677,1,1,1,1
2864,0,2,51.66763218915298,40.364806136764166,0,3,1,0
2865,0,2,63.396895106356595,56.63152197147218,1,9,0,1
2866,0,1,66.98440680520139,64.20006542608328,1,2,1,1
2867,0,1,86.79177393357499,85.50251038066466,1,10,1,1
2868,1,3,47.087627661414444,57.66705571860595,0,6,0,1
2869,0,1,69.62746274236366,65.71496685898919,1,3,0,1
2870,0,1,40.67129945046507,50.23233310489425,0,8,1,1
2871,0,2,4.405800335706499,10.422268471873046,0,6,1,0
2872,0,2,41.79016778141365,51.45229499206466,0,8,1,1
2873,1,1,23.670096501945725,39.532722325455865,0,3,1,0
2874,0,2,21.795123490570838,30.097807570195815,0,4,0,1
2875,0,1,67.60157634814244,63.92191151414656,1,5,1,1
2876,0,2,37.27713160047051,39.086829799185765,0,6,0,1
2877,0,2,39.31990111570431,41.3886587905671,0,4,1,1
2878,1,2,62.72856123879193,67.88520209319378,1,6,1,1
2879,0,2,35.31552995779708,35.52809472936335,0,4,0,1
2880,1,2,60.757058820984206,64.15227830882166,1,4,1,0
2881,1,1,59.76190185600501,69.29452695224875,1,8,1,1
2882,0,1,41.81271394747898,40.91123254214646,0,5,1,1
2883,0,1,49.26404641452352,43.39925360311251,0,5,1,1
2884,0,2,70.14088552298648,68.94346066255473,1,7,1,1
2885,0,2,35.18555873723447,36.92991285958972,0,4,1,1
2886,0,1,52.8409574857368,49.58514258266887,0,3,1,0
2887,1,2,25.837798631261208,33.46165850543033,0,4,1,0
2888,0,3,41.67210203387914,41.139967874959154,0,6,1,0
2889,0,3,52.053734312868514,56.78265291224389,0,6,1,1
2890,1,3,47.97035190592442,50.33643151495867,0,1,0,1
2891,1,2,24.181684849368214,36.95970046477304,0,1,1,0
2892,0,2,100.0,74.68172735513254,1,4,1,1
2893,0,3,41.82637529232795,40.01346299542398,0,4,1,1
2894,1,3,54.205427527363646,53.33991408024063,0,2,0,1
2895,1,1,62.645697240842566,72.11852116241722,1,8,1,1
2896,1,3,77.11898820199205,74.67336155636791,1,5,0,1
2897,1,3,29.125675407859436,47.923391111674185,0,4,0,0
2898,1,2,9.620266491690835,24.80110810985179,0,4,0,0
2899,1,3,53.13478937488007,65.93589995194039,0,9,0,1
2900,0,1,49.066333166556944,41.628667578508285,0,2,1,0
2901,0,3,54.229719902089364,55.70995836286341,0,6,1,1
2902,0,1,48.29278180255596,41.63993724413039,0,3,0,1
2903,0,3,48.5015687105516,51.72341892953891,0,6,1,1
2904,0,1,41.64415606403621,47.34166269930021,0,6,0,1
2905,0,1,52.91290693985907,49.05529081640425,0,7,0,1
2906,1,2,54.424114783237435,66.60274873332651,0,7,1,1
2907,0,1,61.00266026567455,68.55617280025791,1,8,1,1
2908,1,3,35.16658064672674,46.83787708041401,0,4,1,1
2909,0,3,59.56068770854792,43.04064607753739,0,1,1,1
2910,1,3,43.217761769689055,55.80366150173048,0,3,0,0
2911,0,2,72.3960730502161,53.69669718165078,1,5,0,1
2912,0,3,42.77204116905707,33.62103533820911,0,4,0,1
2913,1,1,50.48882642523214,72.02324943212886,0,10,0,1
2914,0,1,26.42677369364504,43.20380371443175,0,11,0,1
2915,1,2,78.2210501148179,82.31568046332524,1,9,0,1
2916,1,1,52.944590189133706,51.60095572493842,0,5,0,0
2917,0,3,37.853083990921455,34.64378748372297,0,4,1,0
2918,1,3,23.292703065809068,46.228102830447284,0,5,1,0
2919,0,3,56.67879097137034,53.342918142892195,0,8,1,1
2920,0,2,40.93183439349287,37.46929094356488,0,2,1,1
2921,0,2,68.26784671274795,58.13936601923804,1,4,1,1
2922,0,1,64.7565451752431,64.20032200010054,1,7,1,1
2923,0,3,44.22313127059776,41.86391685212537,0,5,1,0
2924,0,2,48.01312826220887,46.3580401416584,0,5,1,1
2925,0,2,31.244670502777456,30.87344082930796,0,3,1,1
2926,0,2,76.26909717399738,61.51544355714219,1,2,0,1
2927,0,3,66.49993405373004,56.02519380081056,0,2,1,1
2928,0,3,43.009948769063094,31.926623259256278,0,2,1,0
2929,0,2,61.180907213378696,74.34706222378297,0,4,0,1
2930,1,1,68.54020867578079,62.9998965761446,1,4,0,1
2931,0,3,54.01590230022854,60.563025241597714,0,5,0,1
2932,0,1,44.28582711226849,49.139377608924185,0,4,1,1
2933,0,2,45.23190140419283,56.58440056340164,0,8,0,0
2934,0,1,56.3450803071864,55.16849804988436,0,5,0,1
2935,0,2,94.47343324219067,77.32020698773138,1,6,0,1
2936,0,3,58.98173831664977,55.93140603722215,0,5,1,1
2937,1,2,46.831242338957736,43.720060850993384,0,3,0,1
2938,1,2,54.14000557544013,48.61112484849003,0,2,0,1
2939,1,1,100.0,63.81377733235468,0,5,0,1
2940,0,2,48.362946842459046,46.052075045412735,0,5,0,1
2941,1,1,61.73783087686878,63.62708806712248,0,5,0,1
2942,1,2,46.27305028960657,42.126458066892354,0,4,1,1
2943,0,1,60.975013736296944,47.582039305089154,1,4,1,1
2944,0,2,45.127264120190226,39.18522441086519,0,4,1,1
2945,1,1,51.22692390561992,51.224452222855156,0,3,0,1
2946,0,3,56.29192072787723,56.46069637642118,0,8,1,1
2947,0,2,37.90043938143043,42.44372655765299,0,6,0,0
2948,0,1,53.521183872838314,47.14742609120841,0,5,1,1
2949,1,2,58.882387925363794,57.41765463804541,0,5,0,1
2950,0,2,41.64289530655753,35.60772074598978,0,1,1,1
2951,0,2,57.95641970895027,41.627100499402786,0,3,1,1
2952,1,1,53.04972472561713,71.09094215978179,0,7,0,1
2953,1,2,52.77566601962865,61.11708144102974,0,8,0,1
2954,1,2,48.52891235668935,74.70002894625559,0,15,1,1
2955,1,1,48.98979829517606,57.43293953653717,0,2,0,1
2956,0,1,52.237376369536214,55.134206586205835,0,4,1,1
2957,1,1,53.56789845757104,68.26821514467458,0,9,1,1
2958,0,2,70.26763563578346,66.78769208689891,1,8,1,1
2959,0,3,69.22540543007992,61.24919571282223,0,5,1,1
2960,0,2,39.35386801549096,36.911293763033264,0,2,0,1
2961,0,2,84.59471885379986,78.61551071864302,1,7,0,1
2962,0,2,51.232933247354104,72.01119629576984,0,5,1,1
2963,0,1,70.41644523646598,56.1734707921545,1,5,1,1
2964,1,3,52.60213858360904,60.77556691949118,0,2,0,1
2965,0,1,48.3810098239973,40.79184481490779,0,7,1,1
2966,0,3,75.66577323713994,72.07392795696033,0,6,0,1
2967,1,2,29.188296996510154,38.9365580937634,0,4,0,1
2968,0,1,0.0,64.81471184206426,1,9,1,1
2969,0,1,89.87531203449113,75.3450473668928,1,7,1,1
2970,0,3,55.200800657315675,56.749025246169225,0,7,0,1
2971,0,1,72.36547309975086,64.47701310212665,1,8,1,1
2972,0,3,33.19508763227432,39.516432332082545,0,5,1,1
2973,0,2,57.29344259511447,52.75068249213897,0,6,0,0
2974,0,3,69.49560631921156,65.3982798736153,0,8,0,1
2975,1,2,73.03950145308748,71.03546790320135,1,6,0,1
2976,0,1,42.22241626103421,49.54474162455412,0,6,0,1
2977,0,2,25.159878969625527,26.96728383742802,0,5,1,0
2978,0,2,57.37313870103556,47.90194559938866,1,6,1,1
2979,0,2,62.70069794542724,52.58826503540317,0,8,0,1
2980,1,1,30.103338830477586,34.41797789680666,0,3,1,1
2981,0,3,48.44128632006916,60.294808334391284,0,10,0,1
2982,0,1,63.06600600507248,50.163799564987116,1,3,0,1
2983,0,2,63.0744322823417,51.21185703474953,1,1,0,1
2984,0,1,36.498243305564095,33.860093812216874,0,2,1,1
2985,0,3,67.63707170379143,50.888581289537555,0,6,0,1
2986,1,1,33.36721362045288,44.50078483725047,0,4,0,1
2987,1,1,67.74088234819367,62.843648631628206,1,1,0,1
2988,0,2,79.60369322645539,76.16553760559789,1,5,0,1
2989,1,3,83.74185215179683,66.94198751404477,1,0,1,1
2990,1,1,64.18699424841662,66.83871113390356,1,4,0,1
2991,0,2,47.444071524323746,41.4285446817169,0,4,0,1
2992,0,2,29.302330723099896,29.70785012775525,0,6,1,0
2993,0,1,38.74162499096625,36.90264941285184,0,3,0,0
2994,0,2,64.77270212622801,62.838334279269866,1,6,1,1
2995,0,1,63.44885019028775,59.594236272484856,1,5,1,1
2996,0,2,75.75083951945096,61.94670332744037,1,2,1,1
2997,0,2,49.68782169437199,46.8580014819052,0,4,0,1
2998,0,1,96.68544389935457,72.73667829844247,1,3,1,1
2999,0,2,56.36644510552691,46.08607371247486,0,4,1,0
3000,1,1,61.49312060324927,60.446860373465874,1,4,1,1
3001,0,1,37.871860836376364,30.58787462187026,0,2,0,1
3002,0,1,59.98977603797603,56.18785495929472,1,7,0,0
3003,0,3,40.81531412753724,41.28377890612575,0,5,1,0
3004,0,1,21.47289023213093,31.84187627098619,0,5,1,0
3005,1,1,73.87910472673532,72.04694469839366,1,6,0,1
3006,0,2,76.85547978993038,74.38958921323453,1,5,1,1
3007,0,3,55.292104216265805,54.015835655961446,0,5,0,1
3008,0,2,32.30395171888616,37.29646017509358,0,6,1,0
3009,0,1,52.298982103325244,43.51307232838737,0,2,1,0
3010,0,1,53.15455333169325,49.86716064950434,0,4,1,1
3011,0,1,72.61975542078603,60.52374990132833,1,4,1,1
3012,0,1,50.36705887098672,46.315376087844754,0,2,1,1
3013,0,2,61.01721214370717,57.37525672937194,0,7,1,1
3014,0,3,20.961769510076458,29.444917394860088,0,7,1,0
3015,0,1,61.054651607894485,54.66709604053353,1,6,1,1
3016,0,3,26.478740071695313,32.0454941397166,0,4,1,0
3017,1,1,34.92320138628092,54.38221171230515,0,6,0,0
3018,0,1,51.53484615792066,45.344720652357886,0,5,0,0
3019,1,2,100.0,82.65746779068702,1,6,0,1
3020,0,2,28.24419983668198,35.121106223811225,0,6,1,0
3021,1,2,95.33324588565209,52.65620952328654,0,7,1,1
3022,0,2,48.70111907764544,41.25452187633671,0,3,0,1
3023,0,2,48.28172756275035,45.84063835545138,0,7,0,1
3024,0,1,58.85940749236973,67.28914083391302,1,10,1,1
3025,1,2,40.87259221303873,49.35488041157265,0,7,0,0
3026,1,3,55.59089445778181,53.654462770819116,0,8,1,1
3027,0,2,27.952637024720133,28.622359931742476,0,4,0,0
3028,0,2,35.42824210638097,35.73090098513965,0,2,1,0
3029,0,1,41.41500487272459,31.838434890152573,0,1,1,1
3030,1,1,45.29511677371553,57.18242837885769,0,8,1,1
3031,0,2,26.69051601878338,34.84886309262422,0,4,1,0
3032,1,3,51.63377319023593,60.15051784586447,0,6,0,0
3033,0,2,18.948478855770215,32.92164153025451,0,6,0,1
3034,1,3,28.410513772994875,42.658845415770884,0,6,0,0
3035,1,1,61.273461775065805,63.12884945149797,1,5,1,1
3036,0,1,39.15249892245452,31.533011459478494,0,3,1,0
3037,0,2,49.03057684099628,33.620848038291584,0,0,1,0
3038,0,1,75.1211161897097,64.25465649961822,1,3,0,1
3039,1,1,45.461400159414,54.88353025018254,0,5,0,0
3040,0,1,45.922250181893,41.2622062578191,0,3,1,1
3041,0,3,41.26706190183952,39.96787812412421,0,3,1,0
3042,1,1,32.461926137929126,50.477431826818915,0,6,0,1
3043,1,3,52.57882381271871,59.802683373416365,0,3,1,1
3044,0,1,36.12922882856646,47.89449507990402,0,6,1,1
3045,0,2,89.14176756973976,60.09359239126891,1,1,1,1
3046,0,2,66.36560327783592,62.10840905418147,1,6,0,1
3047,0,1,42.13938874239729,41.09092745463505,0,4,1,0
3048,1,2,63.0632379843911,68.700391261412,0,8,1,1
3049,0,1,28.96385258344541,33.94289932593744,0,6,1,1
3050,0,3,61.864957469712905,58.62583766940362,0,4,1,1
3051,1,3,26.59217668417057,54.77832886031669,0,9,1,1
3052,1,1,58.80155506921148,67.20234345934344,1,7,1,1
3053,1,3,51.568644023506224,57.288457651073344,0,5,1,0
3054,0,3,32.78179479826293,47.498428286728796,0,10,1,1
3055,0,3,36.871858008967955,26.584239062534486,0,2,1,1
3056,0,2,10.245156320682462,61.2994198305826,1,9,1,1
3057,0,2,50.540713192807914,41.31071690642311,0,4,0,0
3058,1,1,56.59586444437993,53.77847684385905,0,5,0,1
3059,0,2,12.041341905708368,23.131128011821055,0,6,1,0
3060,0,1,40.225806962996934,44.47087114320746,0,6,1,1
3061,0,1,67.13163192790934,61.29292092464618,1,6,1,1
3062,0,1,58.948480609589176,63.603025501365515,1,7,0,1
3063,0,2,22.34485458765574,27.34448692580098,0,6,1,0
3064,0,1,38.46786083830139,41.76616838687937,0,5,0,1
3065,0,2,46.8478488116514,40.481398588778525,0,1,1,0
3066,1,1,46.605536241194315,62.903053722595544,0,8,1,1
3067,0,3,61.76263508809355,59.81743789729306,0,8,1,0
3068,0,3,29.852806077650555,46.01926058202899,0,10,0,1
3069,1,1,48.7702800186293,54.96779887574042,0,3,1,1
3070,0,2,25.397065698480535,28.812714886218664,0,2,1,1
3071,0,3,30.042841503400368,37.94041126064564,0,6,1,1
3072,1,2,45.64603377583203,55.67530040400853,0,7,1,1
3073,0,2,75.35594408880242,55.81333576574058,1,6,1,1
3074,0,1,59.126467381934,48.61321120339137,0,8,1,1
3075,1,3,45.55771931861441,59.59808327893851,0,6,1,1
3076,0,3,59.45547349073088,60.93143267244163,0,7,1,1
3077,0,2,43.952133799599906,62.53057345803081,0,7,1,1
3078,0,1,37.726467167045016,36.41241024502699,0,3,1,1
3079,1,3,71.74259010380521,71.56882693774655,0,4,1,1
3080,0,1,26.81513237245436,32.66289403510715,0,4,1,0
3081,1,3,58.03988097717672,64.62212682762602,0,7,1,1
3082,0,1,0.0,44.53974985126984,0,6,1,0
3083,0,1,50.585474067189324,44.36642842631078,0,2,1,1
3084,0,3,52.56743386599167,47.661101919448626,0,4,1,0
3085,0,2,56.01860767472152,47.96424089576242,0,4,1,1
3086,1,1,41.38848261607911,51.463716147333635,0,4,0,0
3087,1,1,45.24864884981061,57.2128244511715,0,6,1,1
3088,0,1,63.48599838036773,64.02235430368778,1,5,0,1
3089,0,2,87.71894920188676,76.74102637900569,1,10,1,1
3090,0,1,54.312785982955944,53.440532450120195,0,6,1,1
3091,0,2,15.65883381561385,34.746120993249995,0,8,1,0
3092,0,2,56.637343665311526,63.52989777157653,0,10,1,1
3093,0,3,47.94063739843632,47.09470962160521,0,4,1,0
3094,1,2,61.90122554710752,66.9557516029593,0,4,0,1
3095,0,3,52.350852407429855,40.40901705583504,0,1,1,1
3096,0,1,35.10332090367359,32.574131158137185,0,2,1,0
3097,0,3,39.96519046850131,35.51163711156308,0,3,1,0
3098,0,2,55.83465926667426,59.04229712124207,0,6,1,1
3099,0,2,40.51328160492475,46.10567494233495,0,6,1,1
3100,0,3,44.64082450510689,43.05004897703681,0,5,1,1
3101,1,3,44.18029642753147,55.99124489893339,0,7,0,0
3102,0,2,44.902010093842804,32.70778342500352,0,2,1,0
3103,1,3,47.125187870317994,63.159279704671505,0,5,1,1
3104,0,2,50.322830776931525,45.26232554379925,0,6,1,1
3105,0,3,63.45377116963423,71.1974428815758,0,10,0,1
3106,1,3,48.81047198847067,60.41877390419974,0,9,1,1
3107,0,3,65.48343212596613,59.96036474427982,0,8,1,1
3108,0,1,47.87100085024281,42.43883018720854,0,2,1,0
3109,0,2,41.80605267068838,30.526997999666328,0,3,1,0
3110,0,3,69.25863020868734,57.80497030185722,0,3,1,1
3111,0,2,27.440593185008282,54.24215360547908,1,2,0,1
3112,0,2,32.988846180990336,32.993603801222356,0,2,0,0
3113,0,1,62.657456481577825,65.98276237746418,1,6,1,1
3114,0,2,49.80964920964024,46.77250172368305,0,6,0,0
3115,0,2,76.30149254365644,62.928440074387545,1,3,1,1
3116,0,1,42.615535722875364,49.593046211241784,0,7,1,1
3117,0,2,30.314452704080658,22.83869825420559,0,4,0,0
3118,0,1,59.58230058694533,50.94380073892573,0,5,0,1
3119,0,2,35.694729861679114,49.32980391437486,0,8,1,1
3120,1,3,77.0565510933655,85.18689872937479,0,8,1,1
3121,0,1,81.5126752878462,67.14324467977364,1,3,1,1
3122,0,2,54.11846213553852,47.454232489974885,0,4,1,1
3123,0,2,53.534607454433306,46.90114186429239,0,3,1,1
3124,0,2,38.96933294290752,31.239569641936733,0,2,0,0
3125,1,2,38.71759268014359,51.59427459480865,0,5,1,0
3126,0,1,44.393067892272555,41.10706799021388,0,7,0,0
3127,0,3,46.09040733784208,46.22995754468418,0,6,0,1
3128,0,2,56.58140544421732,53.73032306258037,0,6,0,1
3129,1,2,40.931741360358956,49.970418482511406,0,1,1,0
3130,1,3,51.9168062797431,48.6424998448073,0,8,1,1
3131,0,1,49.281358785298835,44.623162244043236,0,5,1,1
3132,1,2,53.57066045301608,61.78272709790549,0,8,1,1
3133,0,1,61.4877296261634,48.29833903569484,1,2,0,1
3134,0,1,37.612720066003824,43.94054090707534,0,10,1,1
3135,0,1,70.81261189862245,55.81866844504134,1,4,1,1
3136,0,2,49.71550723169072,44.838732775588944,0,2,1,1
3137,0,2,45.077785999621305,47.71590089872109,0,6,0,1
3138,1,3,78.41998256744981,65.51473868753871,0,4,0,1
3139,0,3,32.11437100018647,36.468402953919544,0,4,1,0
3140,1,1,37.86620846522979,45.448537600196495,0,4,0,0
3141,0,2,42.955043613814084,39.11814413093747,0,5,1,1
3142,0,1,56.72793861374642,58.21806230463358,1,6,1,1
3143,0,3,47.84903574715397,50.458039824194806,0,8,1,1
3144,0,2,48.53231579821249,38.19848416800403,0,5,1,1
3145,0,2,59.20737679788863,50.144111852540725,0,4,1,1
3146,0,2,53.022769002731145,49.65226748213383,0,5,1,1
3147,1,2,47.39796613113968,49.163239018107454,0,1,1,1
3148,0,2,51.855364647496714,45.92942276911018,0,1,1,1
3149,1,1,38.15015657351694,56.329153967636294,0,5,1,0
3150,0,3,45.14545815042912,42.83052154030696,0,4,1,0
3151,0,2,58.79501770709087,55.76517000311096,0,6,1,1
3152,1,1,49.69643821944811,64.61785908731375,0,7,0,1
3153,0,1,55.95281160307653,44.69539586674746,0,4,0,1
3154,0,1,19.14719681108202,26.044865450285098,0,5,0,0
3155,0,3,66.6206462970695,60.280542652574795,0,6,1,1
3156,0,2,56.266687500699575,54.934934403233605,0,4,0,1
3157,0,1,78.45018912554623,61.976053664173634,1,5,1,1
3158,0,2,10.939508592956614,27.5372438652087,0,7,0,1
3159,0,1,46.73601197062843,44.29286412605051,0,4,0,1
3160,1,2,56.2117214272111,69.57772969236214,0,5,0,1
3161,0,3,81.94684238382558,71.07722999592161,0,4,0,1
3162,0,3,36.007643588544845,36.58461410888178,0,4,1,1
3163,0,2,59.84449638019121,51.68241391143389,0,4,0,1
3164,1,2,54.239903623111374,66.77171305798943,0,7,0,1
3165,1,1,19.543091159366107,49.78334174728313,0,8,0,1
3166,0,1,16.6675422480355,26.174650299060602,0,6,1,0
3167,0,3,67.34667796979802,61.729590644788466,0,5,1,1
3168,0,2,67.4808926544575,54.05676916537904,1,2,1,1
3169,0,2,67.27840213175323,58.80606106032713,1,4,1,1
3170,1,1,53.64428255500809,63.057469939147545,0,5,0,1
3171,0,1,38.134733537053215,42.61205949907279,0,5,0,1
3172,1,1,31.187904578962858,51.26436466213818,0,5,0,1
3173,0,1,53.52075554934472,51.26639756308257,0,7,1,1
3174,0,1,68.39325195005166,67.20050928332665,1,3,1,1
3175,0,1,35.94307919514509,41.75252058039877,0,5,0,1
3176,0,1,79.33146942040429,67.2344383850942,1,5,0,1
3177,1,2,0.0,52.161153061577934,0,3,0,1
3178,1,1,53.50125037643526,61.7785496363032,0,8,1,1
3179,0,1,49.00827622081246,48.72032321205601,0,7,1,1
3180,0,1,46.03196370416935,49.096764200018775,0,6,1,1
3181,0,1,58.78286197700594,58.29790508227438,0,5,1,1
3182,0,1,69.48001759420869,66.40287034388334,1,8,1,1
3183,1,3,22.54378196061157,37.980354707293394,0,3,1,1
3184,0,2,0.0,21.13649948634785,0,8,1,0
3185,1,1,84.5623071909453,85.09084117209078,1,4,1,1
3186,0,2,3.882012209378739,12.302123788770253,0,6,1,0
3187,0,3,76.70256376953147,64.16634117027131,1,4,1,1
3188,0,2,51.42085008496116,48.62265924890056,0,6,1,1
3189,1,1,45.8931426826471,53.385631971632556,0,6,1,0
3190,0,2,43.73712175355324,52.82444454474751,0,8,1,1
3191,0,2,53.68213195354746,46.70779293617495,0,5,0,1
3192,0,2,29.622454319847417,40.30323789882508,0,6,0,0
3193,1,3,26.169835236472167,41.251123108573374,0,5,0,0
3194,0,2,70.70022926691344,51.094757968722746,1,1,0,1
3195,1,3,60.084115192269884,71.57900461983586,0,8,0,0
3196,0,2,72.13908546703223,66.8254236017192,1,4,1,1
3197,0,2,45.48826906230106,48.238830449257875,0,6,1,1
3198,0,3,27.56993412879647,32.75486036213949,0,6,0,1
3199,0,2,35.1523218384917,45.16999091410434,0,5,1,0
3200,0,1,43.23102560055299,30.835263400844873,0,4,1,0
3201,0,1,31.104521247055203,52.425226953774335,0,8,1,1
3202,0,1,57.721770854963765,50.25550951841838,1,2,1,1
3203,0,3,28.917225689458817,39.482988487450896,0,5,1,0
3204,1,1,38.93456490360559,49.350797755205065,0,6,0,0
3205,0,3,51.16099970465318,52.73620817451053,0,8,0,1
3206,1,1,50.06054524123017,55.21109535769688,0,5,0,1
3207,1,2,46.102387943339814,53.73625550907305,0,3,1,1
3208,0,1,75.92497076433715,53.602524709044744,1,3,1,1
3209,0,1,32.99340887816555,30.709726622926286,0,6,1,1
3210,0,1,67.12509867201202,55.92074074157832,1,3,1,1
3211,0,1,68.92127971180867,57.66076358229354,1,3,1,1
3212,1,2,53.8113207255425,65.87372162622273,0,2,0,0
3213,0,2,48.08962359255909,38.651718363710934,0,3,0,1
3214,0,3,57.351968615737626,51.308928031812336,0,6,0,1
3215,0,2,48.51934502772691,38.60549736657134,0,3,0,0
3216,0,1,52.5521595355429,54.56212411175321,0,6,1,1
3217,0,2,44.59809518239256,42.98779483223869,0,3,1,1
3218,1,2,42.479707727205906,58.72786599012923,0,5,1,1
3219,1,1,49.203049945649454,67.07954836803088,1,6,1,1
3220,0,1,58.123591563244815,54.494116820514115,1,4,0,1
3221,0,1,25.8417612093448,30.05912673080534,0,3,1,0
3222,1,3,61.95684074118152,64.74238810160962,0,6,0,1
3223,0,2,65.29027675874799,46.077944083211484,0,5,0,1
3224,0,2,46.61063515905869,41.00224352077795,0,2,1,1
3225,0,2,72.88856831389657,63.26034391668237,1,4,1,1
3226,0,2,43.22325938525983,33.32520140127694,0,4,1,0
3227,0,1,60.565680258357354,57.50156620542748,0,6,1,1
3228,0,2,68.62245705815721,55.52806793723303,1,5,1,1
3229,1,1,0.7777176952350751,31.66593957570838,0,10,1,0
3230,0,2,61.77663318055733,66.11988788029413,0,9,1,1
3231,1,1,52.77379503976078,65.71963980517266,0,5,0,1
3232,0,1,57.18377786692503,68.3152736302451,0,5,1,1
3233,1,3,34.19969205844186,53.0334712278343,0,4,1,1
3234,0,1,43.96107867354053,41.42721422488567,0,5,0,1
3235,1,3,51.700945563588064,71.56557141974781,0,9,0,1
3236,0,1,36.596408362828285,33.585288397307906,0,3,1,1
3237,0,1,56.19492509619119,49.735900189611414,0,5,1,1
3238,1,3,58.48383246108041,64.51739205853036,0,6,0,1
3239,0,3,64.48305741835293,62.06551374198957,0,6,0,1
3240,0,2,46.260915641601486,53.11879005389532,0,6,1,1
3241,1,3,40.792902972815064,49.45235194426456,0,1,1,0
3242,0,1,45.08804552090723,47.67393809687358,0,7,1,0
3243,0,2,51.402770555688065,53.16396601311862,0,6,1,0
3244,1,1,21.515575232560494,36.783129229806114,0,2,1,0
3245,0,1,40.70475902151261,47.62217861940983,0,7,1,0
3246,0,2,93.56798807950466,60.51716035252435,1,2,0,1
3247,1,3,20.465779970649777,32.991001767759066,0,1,1,0
3248,1,2,65.28879483536195,61.89399642785048,1,5,1,1
3249,1,2,33.95621505641316,45.19822152209266,0,5,0,1
3250,0,2,38.30151991809648,32.52320844338064,0,2,0,1
3251,0,3,53.89798714595021,56.938526587302526,0,7,1,1
3252,0,2,30.56072484958093,40.435708263566674,0,8,1,1
3253,0,2,42.07279764947975,49.19834370747674,0,8,1,1
3254,0,2,31.46443382412629,47.540332184540034,0,4,0,1
3255,0,2,41.0382067512662,35.469557801788156,0,1,1,1
3256,0,1,50.95540404316222,57.00295785020557,0,8,1,1
3257,0,2,49.379941144906745,42.22500794913855,0,2,1,0
3258,1,1,40.144438907740245,54.907538709928765,0,6,0,1
3259,1,1,43.58296260845297,79.80602884637321,0,16,0,1
3260,0,2,53.26329262881903,54.12162570361797,0,6,0,1
3261,0,1,57.168051951337596,52.554349169025116,0,7,1,1
3262,0,2,59.88029383549787,50.129135157475766,0,5,0,1
3263,1,2,79.99250269616813,79.42123086972458,1,3,1,1
3264,0,2,39.685749773276335,35.468846144003194,0,3,0,1
3265,1,2,28.49147574619435,32.68965030389118,0,1,0,1
3266,0,1,50.323551998071665,36.99129397592266,0,4,1,1
3267,0,1,60.10484959342163,44.567456382281755,0,4,1,0
3268,0,1,45.145574755038346,44.41060218655987,0,3,1,1
3269,0,1,45.607503211511,47.90187997279346,0,3,1,1
3270,1,2,61.35548590763678,62.49783543547733,0,4,1,0
3271,1,2,88.0997085773683,75.08360600395321,1,3,1,1
3272,0,1,53.97448224130808,42.73335602280926,0,3,1,1
3273,0,3,28.983980611697337,39.38990858842181,0,7,1,0
3274,0,2,54.79639419733417,47.293751417985774,0,4,1,1
3275,0,2,72.59142242792026,70.0432056003906,1,6,1,1
3276,0,2,45.94490711015777,54.5668987269369,0,8,1,1
3277,1,2,42.482886925836745,52.988514614117946,0,5,0,0
3278,0,3,58.92009811186798,53.54581172173098,0,5,1,0
3279,0,1,23.858537992667525,26.703762503733937,0,4,1,0
3280,0,3,76.60638869257522,57.12790915067053,0,2,1,1
3281,0,1,48.66229264715593,44.5049945044808,0,5,0,1
3282,0,3,42.31848109733395,33.52020621585993,0,3,1,1
3283,0,3,83.360100052428,53.60524223478117,1,0,1,1
3284,1,1,38.846565165729146,53.984934592118094,0,7,1,1
3285,0,2,63.44780250662349,62.94012281933883,1,9,1,1
3286,0,1,58.11701299568174,51.49430886253644,1,7,0,1
3287,1,2,62.60452371516085,64.23308832440576,1,2,0,1
3288,0,2,63.14366079016992,53.14002910766123,1,6,1,1
3289,0,2,45.07914232706591,50.376064816959214,0,7,1,0
3290,1,3,54.8491677516806,62.07118973429132,0,4,1,0
3291,0,2,37.987381069579264,42.60376386726921,0,5,1,1
3292,0,1,55.60118156351481,54.97836987837458,0,5,1,1
3293,1,1,40.05909854334823,54.01315244539172,0,5,0,1
3294,0,2,41.33445992806552,46.094306393764874,0,7,1,1
3295,0,2,86.36557630911354,62.339577341598186,1,3,1,1
3296,0,1,44.980773306553154,50.14116616527909,0,6,0,1
3297,0,3,44.2931805957894,48.94026563872709,0,9,1,0
3298,0,2,32.72070612592497,35.68391499484088,0,5,1,1
3299,0,2,38.94267594506594,35.52922649142934,0,4,1,0
3300,0,1,67.45714393588467,59.869334198319564,1,7,1,1
3301,1,2,29.373202741463047,40.057587536197666,0,5,0,1
3302,0,3,55.869742064441674,51.477943918921284,0,6,1,0
3303,0,1,57.25449728263291,59.734213738115436,0,10,1,1
3304,0,3,32.59547271499588,33.43525488387125,0,8,1,1
3305,1,3,53.39036073128702,59.45731892298217,0,6,0,0
3306,0,2,39.8844383916269,42.88508087921645,0,6,1,1
3307,1,2,50.49300372969475,50.86695800605029,0,2,1,0
3308,0,1,45.164007556558126,39.63917979587175,0,2,1,1
3309,0,2,80.92370862871337,71.35683975524248,1,6,1,1
3310,0,2,61.587654044530254,55.48683729646181,0,7,1,1
3311,0,2,50.853908365913945,47.21133077831925,0,5,0,0
3312,1,1,58.8955020993075,62.89108903140772,1,6,1,1
3313,1,2,73.25617698038612,71.9877180459102,1,4,1,1
3314,1,2,55.180527360464595,69.47631332593657,0,7,0,1
3315,0,1,31.770714051051854,29.784279208764076,0,4,0,1
3316,0,1,37.143852706597094,45.08231489758558,0,6,1,1
3317,1,1,49.28325262036291,57.77306286835971,0,7,1,1
3318,0,2,34.05671275994469,47.812323672196364,0,5,1,1
3319,1,2,42.670522374524005,49.034619729382214,0,3,0,1
3320,0,1,89.79823938308901,80.67876331359034,1,7,1,1
3321,1,1,86.23339797502281,72.42440561969147,1,2,1,1
3322,0,1,27.476020976623182,32.90926154343692,0,6,1,1
3323,0,3,39.20911559290405,43.32618696171906,0,2,0,0
3324,0,3,65.39420640819911,51.588671873113164,0,4,1,1
3325,0,1,45.862324202611006,57.33083829795057,0,7,1,1
3326,0,1,24.25878276848803,27.742875505473265,0,5,1,1
3327,0,3,56.25797869713293,49.04154188373823,0,5,1,1
3328,1,3,54.513959900743494,60.8917483713375,0,5,0,1
3329,0,2,53.42371059124889,46.17515814192339,0,6,1,1
3330,0,1,0.0,48.16534609411002,0,4,1,0
3331,1,1,38.99150277463598,47.68922280057718,0,5,1,0
3332,1,1,28.84597695511006,41.63474660997614,0,6,1,1
3333,0,1,51.53761806916866,43.31566884336956,0,4,1,1
3334,0,2,79.32585533438596,60.457695417360306,1,4,1,1
3335,1,1,36.75809382166332,50.85129653288576,0,6,0,1
3336,0,2,84.15790926402389,61.86351558335789,0,8,1,1
3337,0,2,57.54042626636689,58.51421869137081,0,3,1,1
3338,1,1,73.03203158694043,66.03865653013612,1,4,0,1
3339,0,1,64.1648125734224,50.078459981361206,1,3,1,1
3340,1,2,57.76930401237511,56.131471823516534,0,0,0,1
3341,1,3,73.59767235894859,70.68102387103922,0,3,0,1
3342,0,2,54.444085173892994,46.01808962057345,0,3,1,0
3343,1,1,68.23413905661403,67.70327575271098,1,4,0,1
3344,1,2,59.546559416553904,68.22172653509399,0,3,0,1
3345,1,1,37.887807043581645,48.029880640806226,0,6,1,0
3346,1,1,77.81028076428557,80.62724136491651,1,8,0,1
3347,0,2,48.367233082270666,51.79831085715453,0,5,0,1
3348,0,2,61.969218664535944,70.84376358210064,1,10,1,1
3349,0,2,39.57865654808824,38.07777237464245,0,6,1,0
3350,0,2,58.57788749472705,59.9329795224531,1,6,1,1
3351,0,2,79.55853400466823,72.70243632174909,1,6,0,1
3352,0,1,56.18542509869758,48.152569659010965,0,2,1,1
3353,1,2,49.150252048909756,53.08581357545059,0,5,1,0
3354,0,1,44.495417821576744,48.116307388298296,0,9,1,1
3355,0,1,16.56546162784378,23.276213596104938,0,3,1,0
3356,0,1,69.7477308114979,54.55255545273924,1,4,0,1
3357,0,2,96.55814432274934,75.87511188093966,1,5,1,1
3358,0,3,26.609325720638598,26.31760448112812,0,2,1,0
3359,0,2,65.30678550362232,51.38243901607753,1,2,1,1
3360,0,2,46.59377143013954,45.701453939618276,0,8,0,1
3361,1,2,61.96492907641131,70.33337305327785,1,6,1,1
3362,0,3,42.977628407314356,46.68809669524739,0,6,1,0
3363,0,3,37.58362553174288,44.583957490653,0,2,1,0
3364,0,3,13.290561807579909,16.411194179754315,0,2,1,0
3365,1,3,71.47050179566158,60.1932392354008,0,5,1,1
3366,1,3,64.93730626360224,71.96490701942164,0,5,1,1
3367,1,1,58.90480075828425,71.81077394065545,1,7,1,1
3368,1,2,51.87860498522716,61.230599399941504,0,7,1,1
3369,0,2,41.34417005822376,41.94422638129901,0,3,1,1
3370,0,2,33.189101317222374,32.56554386123943,0,5,1,1
3371,0,2,91.89075203407711,61.252852423040046,0,11,1,1
3372,0,1,31.08899650744805,48.95695675779861,0,11,1,0
3373,0,3,71.29595375862209,58.93305953068701,0,4,0,1
3374,0,2,60.994704739981586,68.17566706636964,0,9,1,1
3375,0,2,29.40031894160138,32.087738433435426,0,3,0,0
3376,0,2,40.135155272293794,34.46977469034092,0,3,1,0
3377,0,3,44.47332673093982,37.598576119750454,0,3,0,1
3378,0,2,38.484978445129286,34.113189257164954,0,4,0,1
3379,0,1,53.31148807299644,35.63321209012955,0,1,0,1
3380,0,2,67.30722431210505,59.998060566080355,1,5,1,1
3381,0,2,43.62779237460483,33.174372739781035,0,2,1,1
3382,0,3,62.153375967273156,55.47208114541702,0,4,1,0
3383,0,2,34.119365780043005,38.32677455701805,0,4,1,0
3384,0,2,35.87009454502625,47.18804145166378,0,9,0,0
3385,0,2,48.67384941689598,46.94513019508853,0,4,1,0
3386,0,2,36.33302732785836,32.61291537576384,0,2,0,0
3387,0,1,45.67256043101778,56.88335144805426,1,4,1,1
3388,1,2,47.77906017354294,58.496430018719906,0,7,0,1
3389,0,2,43.52986444673978,33.73333292874072,0,3,1,1
3390,0,1,25.414848982925363,28.5798427829308,0,3,1,1
3391,0,1,33.39994530121918,30.167109371370756,0,2,1,0
3392,0,2,51.829583847654035,54.87656304864199,0,5,0,1
3393,1,1,17.017454282867625,36.52833665487571,0,5,1,1
3394,0,2,52.61046156452071,49.382362463240725,0,4,1,0
3395,0,1,80.30670499160408,59.17780427666082,1,4,1,1
3396,1,3,25.69052781512054,35.61023364566719,0,3,0,1
3397,1,1,44.26512187001943,59.7986857317161,0,10,1,1
3398,1,3,58.25749190541838,66.46312950696982,0,6,1,1
3399,0,1,51.62026398338398,48.45143736385853,0,6,1,1
3400,1,2,49.31099452275277,63.5200206135056,0,4,0,1
3401,1,2,38.41043139740238,64.77860340192612,0,7,1,1
3402,0,2,14.106385096263148,30.88288076486487,0,6,0,0
3403,1,1,39.83285747554268,56.37546446237078,0,7,0,1
3404,1,2,50.60320936978789,62.18395006880011,0,7,1,0
3405,0,3,69.74012536988039,59.20715966322994,0,5,1,1
3406,0,3,41.423643477470556,53.48832052811991,0,8,1,1
3407,1,2,39.82613742256706,50.57875387541699,0,3,0,1
3408,0,2,47.14965576283146,46.37441004964351,0,7,1,0
3409,1,2,49.97983162580213,60.61124343307908,0,3,0,1
3410,1,1,34.47013982591497,48.49872279291586,0,6,1,1
3411,1,2,47.04460479742325,52.23374621711073,0,3,0,1
3412,1,2,57.15126853924341,72.8922526956041,0,9,0,1
3413,0,1,72.7675148360414,68.06197115043244,0,7,1,1
3414,0,1,45.66894278764562,52.46451846215689,0,10,0,1
3415,0,1,65.33740402186825,58.730251614356305,1,5,1,0
3416,0,2,55.90581954455098,54.60436857706174,0,7,1,1
3417,0,2,44.442667739301406,48.09098729285347,0,10,1,0
3418,0,2,44.52636730227401,41.655248369124834,0,4,1,0
3419,1,2,39.90387169220588,51.39563667872445,0,5,0,1
3420,1,1,36.205313808855735,47.3317867730716,0,3,1,1
3421,0,1,54.316314116010865,49.41595238015092,0,6,1,1
3422,1,3,93.36189432484805,96.13670160074204,1,10,0,1
3423,0,2,59.95431804490494,57.65013798228466,0,7,1,1
3424,0,1,49.06824618540786,57.78231990897362,0,7,1,1
3425,0,3,46.31759945694254,45.735424882108724,0,3,1,1
3426,0,2,50.22736559708193,55.30235707283752,0,12,0,1
3427,0,2,46.8754399240097,54.385871366138616,0,6,0,1
3428,1,1,37.834107734880476,48.81378849421256,0,6,1,1
3429,1,3,49.735347590005745,71.54739846711902,0,5,1,0
3430,0,1,57.88152808494355,66.41122341665417,0,7,1,1
3431,1,1,70.7444274215723,76.26998545142345,1,5,1,1
3432,1,2,31.35719734271931,46.621025722964895,0,7,1,1
3433,0,1,41.737745454659354,47.74974651354016,0,10,1,0
3434,0,2,61.321447406499395,52.10273982780102,0,5,1,1
3435,1,2,67.92321354150405,82.26820517663259,1,13,1,1
3436,1,3,50.2849204468804,49.1738961943443,0,1,1,1
3437,0,2,46.7820050037363,39.116935152106,0,3,1,1
3438,0,1,13.99347433425889,33.004467912705636,0,7,0,1
3439,0,3,60.01902530814597,44.20032991983198,0,5,1,1
3440,0,1,43.091205053480444,41.07141019097659,0,6,1,1
3441,1,1,54.814879669403716,64.32353566807453,1,6,1,1
3442,1,1,50.473959232117,54.41419786643374,0,2,1,1
3443,0,2,60.52180797929103,44.243223176365206,0,1,1,0
3444,0,3,37.722064797705904,32.565590005423104,0,3,1,1
3445,1,1,57.40637311669583,75.65747042578235,0,6,1,1
3446,0,1,62.53492186393755,48.231157916735455,1,4,1,1
3447,1,3,44.5636134636433,43.87773327939739,0,4,1,1
3448,0,1,45.5005594116633,40.607478769798675,0,2,0,1
3449,0,2,55.40434658456576,48.189752282216126,0,5,1,1
3450,1,2,0.0,56.646868940484495,0,4,0,1
3451,0,2,73.0531084117716,59.56050058289688,1,5,1,1
3452,1,1,64.62581824837282,64.01131744230759,1,6,1,1
3453,0,3,79.04689114409109,72.58464429066125,1,6,1,1
3454,1,2,33.00049504217706,41.533610299063085,0,3,0,1
3455,0,1,62.556069932490175,39.147253421412636,0,3,1,1
3456,0,2,66.73386280791495,66.55287301154198,1,8,1,1
3457,0,1,49.59676044882352,53.99385367979735,0,6,0,1
3458,0,2,25.56137950742385,29.492823190695173,0,5,1,1
3459,1,2,37.24319647585832,58.126730655797964,0,5,1,0
3460,0,2,57.01578427011542,40.2017881391388,0,2,1,1
3461,1,1,57.073083961109155,62.37406308710136,1,4,1,1
3462,0,1,55.370277364777436,62.81947562260269,0,10,1,1
3463,0,3,62.683470251495386,46.97531777465929,0,5,1,1
3464,1,2,52.03852403261663,53.90234982502761,0,2,0,1
3465,1,2,49.42058164910295,51.121822782707426,0,1,0,1
3466,1,3,73.01228248828741,72.85709970295471,0,6,1,1
3467,0,2,55.07627611456027,35.54332724111393,0,1,0,0
3468,0,1,58.91282837883873,42.841544581105865,1,3,1,1
3469,0,2,53.95868335719494,52.52574119327771,0,7,1,1
3470,0,1,58.30833944510621,53.99912274207673,1,4,1,0
3471,1,2,29.340937393894126,45.34645620679169,0,3,0,0
3472,1,3,71.39849098744634,55.560281887584665,0,2,1,0
3473,0,1,33.442734380341754,32.101808925883546,0,6,1,0
3474,0,2,47.28075092328223,48.134286461845896,0,7,1,1
3475,0,3,44.929969609517116,47.89222190409896,0,5,1,0
3476,0,1,0.0,45.15271499312442,0,3,1,0
3477,1,2,53.65437378058166,64.25092901684157,0,6,1,1
3478,1,1,61.647737103933004,66.52722965399809,1,4,1,1
3479,0,3,34.80003804028816,32.327346495041304,0,2,1,1
3480,0,2,53.35072292856395,48.641104406027765,0,2,1,1
3481,1,2,55.753013039541734,61.14931344315711,0,3,1,1
3482,1,2,25.866142078029256,42.733463106657375,0,7,1,1
3483,0,1,32.07692028787397,44.44458327721709,0,7,1,0
3484,1,2,67.08303916951532,63.84723436078478,1,2,1,1
3485,0,3,40.528003220861734,41.17328339387875,0,7,1,0
3486,0,1,51.745012166747834,49.33798139526749,0,5,0,1
3487,0,1,57.49002176885288,47.701994615397865,0,7,1,1
3488,0,1,62.643226095261824,68.16623122968515,1,11,1,1
3489,0,2,31.09967336050853,28.0577445394216,0,5,1,0
3490,0,1,16.563958938574196,20.41886334767721,0,2,1,0
3491,1,1,48.896839308718334,53.968404451306256,0,4,1,0
3492,0,1,68.05593771553598,62.23047707039106,1,5,0,1
3493,0,2,58.036890966705215,52.55122458817127,0,5,0,1
3494,0,1,70.35362279009088,55.16750470926199,1,4,1,1
3495,0,1,39.88210303249337,58.68824337269349,1,6,0,1
3496,0,2,46.10574030719684,38.94198294149876,0,2,1,0
3497,0,2,51.5306529316313,41.07317079323963,0,2,0,0
3498,0,1,43.20598546513199,31.637971472982347,0,3,1,1
3499,0,2,34.90032720040116,30.689814145757612,0,3,1,1
3500,0,1,45.04571190250801,42.223654627787745,0,4,0,1
3501,0,2,28.47524837533016,38.305556469305294,0,5,1,0
3502,0,2,37.801619712079905,35.52901704759385,0,2,1,1
3503,0,1,56.00267395475518,44.0597130602888,0,3,1,1
3504,1,2,75.42691619065451,75.44719920298631,1,6,0,1
3505,0,1,33.537027416055764,40.29421665715353,0,7,1,0
3506,1,1,37.92615610150912,43.088188431621404,0,2,0,1
3507,1,2,50.10489989393212,58.49439405361407,0,5,1,1
3508,0,3,45.82893271916802,49.467407695717164,0,3,1,0
3509,0,2,54.333850843209284,50.483347437431036,0,7,1,0
3510,0,3,22.650372795811517,27.493974052092362,0,9,0,1
3511,0,2,49.38485631683791,41.31178806371493,0,2,1,0
3512,0,1,0.0,52.87005581119522,0,6,1,1
3513,0,1,30.654058249071653,27.07632885156082,0,4,1,1
3514,1,2,52.08185188197071,69.75266486965138,0,6,0,1
3515,0,3,50.753536226782266,50.233881239039384,0,3,1,1
3516,1,2,40.8197041797848,62.16938538200212,0,8,0,1
3517,0,1,25.44409011160122,34.71209974382564,0,6,0,1
3518,0,2,66.59958506215315,63.837814785666545,1,6,1,1
3519,0,2,62.2454413897161,55.710927912611616,1,5,1,1
3520,0,1,55.748389262346606,43.883734680779845,0,4,0,1
3521,1,2,55.22249709475244,54.907526274077036,0,2,1,1
3522,1,2,61.173757321714284,61.11978706012682,0,7,1,1
3523,0,3,66.11096131432055,49.706710626169496,0,4,1,1
3524,1,1,54.13343345785937,57.53205118274338,1,5,1,1
3525,1,2,28.723857626360456,38.393416674008655,0,5,1,1
3526,1,2,35.16169686670573,47.268321837129534,0,6,0,1
3527,1,2,44.585994794748075,46.8248286998153,0,2,0,1
3528,0,2,50.40126608540942,46.302814963054665,0,4,1,1
3529,0,2,60.92562922791153,48.73966176786256,1,3,1,1
3530,0,3,38.25470263686313,26.28615673300856,0,3,1,0
3531,0,1,34.96063377472222,33.48401437969146,0,4,1,1
3532,0,1,45.261785462346715,39.05849339713671,0,4,1,1
3533,0,3,40.51099061096159,34.57847845397129,0,4,0,1
3534,0,2,44.67144969809232,45.782416429046094,0,6,1,0
3535,0,2,43.1048518735692,34.88980317267736,0,2,1,0
3536,1,2,55.32413104219063,51.20514079749293,0,3,1,1
3537,0,3,49.15049787036059,39.46803346231774,0,2,0,1
3538,1,1,40.15841153812701,53.23688690838563,0,4,1,1
3539,0,1,98.98250412045519,74.01699102560185,1,6,0,1
3540,1,3,51.883901535951864,58.97676034414705,0,5,0,0
3541,0,1,44.112165497664314,46.44213715391172,0,3,0,1
3542,0,2,43.71868205077296,48.88543706848125,0,5,0,1
3543,0,1,38.71819031175994,37.50797035225122,0,4,1,1
3544,0,3,55.930112648470654,51.1077892753845,0,6,1,1
3545,0,2,50.58412150485233,56.93955317038283,0,7,1,1
3546,1,1,47.88664129223749,36.13161250789458,0,3,0,0
3547,1,2,62.72345046932854,72.79472354579401,1,4,0,1
3548,1,2,56.35422806301052,56.74784541552948,0,3,1,1
3549,0,1,62.93515113636876,54.97522280909534,1,3,1,0
3550,0,2,53.24501844618384,44.22346555439432,0,3,1,0
3551,0,3,28.96667262728559,24.495420427188154,0,2,1,1
3552,0,2,69.14858781292928,40.032345617336425,0,6,1,1
3553,1,1,53.82944804217097,52.28839074581193,0,5,1,1
3554,0,1,58.64999357088488,46.48456926755174,0,4,0,1
3555,0,1,41.509990356033704,39.00854134129839,0,6,0,0
3556,0,3,36.8943749665625,38.73561266202724,0,4,1,0
3557,1,1,32.582523323986,47.82730802004766,0,9,0,1
3558,0,2,57.37834559183437,51.006879183902335,0,5,0,1
3559,1,2,45.441475968805825,58.28557115598106,0,5,1,0
3560,0,2,36.332738880776446,40.75366244333202,0,6,0,1
3561,0,1,70.26599312172965,65.53586696517313,1,7,1,1
3562,1,1,36.83963422441481,60.03218602187327,0,2,1,0
3563,1,1,36.623882414166495,55.66173656387738,0,6,0,1
3564,0,1,38.70409370795022,28.866504025751325,0,2,1,0
3565,0,1,19.79673940822729,19.197997002008105,0,3,1,0
3566,0,3,27.20378537619678,38.27774714297127,0,5,1,0
3567,0,3,92.17002738543087,60.4441061925496,1,4,1,1
3568,0,2,42.07585436028016,39.33309380337084,0,5,1,1
3569,0,1,52.889591026359845,51.508404514884866,0,7,1,1
3570,0,2,56.85616603324341,46.65564516418698,0,3,0,0
3571,1,2,51.248392268224556,55.115270997890356,0,6,1,1
3572,1,2,66.48106533244142,64.30362558206761,1,2,0,0
3573,0,3,62.77917107946572,57.40095384162803,0,8,1,1
3574,1,2,53.90279671743417,50.7308946216286,0,4,0,1
3575,0,1,82.68366345107005,55.41990035373121,1,4,0,1
3576,1,1,44.06160741773472,59.75133951995226,0,5,1,1
3577,0,1,23.01259455420567,35.08240333489727,0,6,1,0
3578,0,3,37.86387437007058,20.85839021382082,0,0,0,0
3579,1,1,52.64150392983356,60.88849376001169,0,6,1,0
3580,1,2,50.71142541190986,54.594298881638,0,3,0,1
3581,1,1,34.71635487923159,50.7469128412223,0,8,1,1
3582,0,1,62.1387180877824,54.56633547043091,1,5,1,1
3583,0,3,57.71526072190966,53.38803311598543,0,6,0,1
3584,1,1,54.80802644583642,55.4531856344737,1,5,0,1
3585,0,3,39.023050449710304,39.6015794220399,0,5,1,1
3586,0,1,41.89292722871981,47.86421629715621,0,2,1,1
3587,0,2,51.662131135743635,65.4378582634195,0,10,1,1
3588,0,2,62.483802950232246,52.176101293378586,1,2,1,1
3589,1,1,47.795725819911894,62.772874918147934,0,8,1,1
3590,0,1,54.63912726279511,50.0010335850939,0,3,1,1
3591,0,3,37.66085117827145,32.26167199712341,0,4,1,1
3592,1,2,61.69471625127292,71.24803106125404,0,6,1,0
3593,0,1,40.723459816611125,46.69028634280669,0,7,0,1
3594,0,2,53.17487094732096,35.18270295625546,0,2,0,0
3595,0,2,46.58395248654051,35.86510296333001,0,5,0,1
3596,0,1,34.88344326311298,35.766373769804815,0,4,1,1
3597,1,1,63.77778693467575,66.80257600400246,1,7,0,1
3598,0,3,50.12219837165062,56.96502040989104,0,9,0,1
3599,1,2,45.809821863261924,57.23004958683017,0,4,0,1
3600,0,2,49.52127257699234,57.56685540184182,0,7,0,1
3601,1,3,55.27673701024345,57.442368789563034,0,3,0,1
3602,1,3,55.29825118002435,61.4182899402927,0,7,0,1
3603,0,1,49.44021845665385,37.16469098902342,0,3,1,1
3604,0,1,33.84862929721777,37.04422599019433,0,3,1,0
3605,0,2,60.7553331668975,58.32650625041089,0,4,1,1
3606,1,2,39.969587091174375,40.390450477115046,0,2,0,1
3607,0,2,39.64135019669155,41.30948267554427,0,8,1,1
3608,0,1,45.76942157535484,37.891703715363256,0,6,1,0
3609,0,2,54.858014552775686,47.69178172504966,0,3,1,0
3610,1,2,65.07359365566376,69.65529954209504,1,5,1,1
3611,0,2,22.71858687697367,26.584877399289603,0,4,0,0
3612,0,3,26.83662430996715,29.10500360716406,0,5,1,0
3613,1,2,43.832573544313924,56.90487584698598,0,8,1,0
3614,1,1,53.37171252298298,59.8051352007819,0,4,0,1
3615,0,1,70.54999375039776,61.638282349237286,1,2,0,1
3616,0,1,64.23743647438184,43.433924888698044,1,2,1,1
3617,0,1,54.67152554492233,62.29589483883502,0,8,1,0
3618,0,2,51.001072698631944,40.072711942854696,0,1,0,0
3619,0,1,0.0,41.83208195066852,0,1,1,0
3620,1,2,46.87722200513165,55.61028052664895,0,5,0,1
3621,1,1,50.0944996984409,61.779239270471784,0,5,1,1
3622,0,1,51.014391042657564,48.43953204840403,0,5,1,1
3623,1,2,58.19521504601765,70.29524574919907,1,6,0,1
3624,1,2,36.99218983680194,57.14451003592897,0,7,0,1
3625,1,2,50.59623106301548,58.2272006692408,0,5,1,0
3626,0,1,40.467271349925504,44.305549771790965,0,4,1,0
3627,0,1,47.17335631100322,37.63252534923506,0,3,1,1
3628,0,1,74.37168254797638,60.07204441998713,1,4,0,1
3629,0,1,71.6506786134963,60.16341464830284,1,6,0,1
3630,0,2,87.63455375294296,79.72521230453886,1,8,1,1
3631,0,2,35.028328468504384,36.78898136305669,0,4,1,0
3632,1,2,29.14933164092215,41.72291722828426,0,5,0,1
3633,0,2,47.94923343808654,43.257792133159086,0,4,1,1
3634,0,3,38.52602071705115,37.907428810965285,0,4,1,0
3635,0,2,49.190485906547416,43.243511779653645,0,5,0,1
3636,0,2,30.28807107766565,30.383468504577735,0,7,1,0
3637,0,2,52.29617708673956,44.70322765218982,0,3,0,0
3638,0,1,51.800942588124826,44.421420663924586,0,5,1,1
3639,0,2,46.934827650720365,53.00718693079444,0,8,1,1
3640,0,2,66.61373985830667,58.4864680707437,1,4,1,1
3641,1,2,30.24512232627611,48.40608926926592,0,7,0,1
3642,1,1,59.26461670773837,62.48267159220276,0,3,1,1
3643,0,3,26.492042003433326,28.93894420813565,0,4,1,0
3644,0,2,63.32422267605108,50.85210515182,0,3,0,1
3645,0,1,63.908282473940396,45.07555760992711,1,5,0,1
3646,0,3,34.75052889861755,30.559766841120087,0,4,0,0
3647,1,1,25.797151170598006,37.961913799071525,0,5,0,1
3648,0,1,72.51422705364719,62.046710050300995,1,7,1,1
3649,0,2,50.76754484760203,38.77045011026683,0,3,1,0
3650,0,3,53.57862057870525,45.83019419737313,0,3,1,1
3651,0,2,46.73539633402588,44.51420704596577,0,4,0,1
3652,0,1,18.65912667365606,42.63377648852709,0,6,1,0
3653,0,2,48.44127760307525,30.035815166229533,0,3,1,0
3654,1,3,48.539887136036185,59.999027982470196,0,4,0,1
3655,0,2,33.526250545801325,42.80317935305414,0,7,1,0
3656,0,1,68.02200427890946,60.82152038770822,1,5,1,1
3657,0,1,70.58044650753021,59.704358425247214,1,5,1,1
3658,0,1,42.39028924653914,45.371890271107596,0,2,1,0
3659,0,3,52.47297594770429,51.125971290255116,0,7,1,1
3660,0,1,28.315056752086733,32.3446368334954,0,8,1,0
3661,0,2,17.078614163858923,24.248451314612538,0,3,0,1
3662,0,1,34.873432780892884,49.94572649287997,0,7,1,1
3663,0,1,50.32101494303875,41.32358043624087,0,2,0,0
3664,1,2,44.95087119879619,51.62696158496593,0,5,1,0
3665,1,2,64.22751011189538,57.53329564856349,0,3,1,1
3666,0,2,51.21198979317076,48.79748542637056,0,6,1,0
3667,0,1,67.2080529567901,57.365375369440386,1,4,0,1
3668,0,3,50.64771349024176,41.3461251090673,0,2,1,1
3669,0,2,65.83209790522591,65.82712421609942,0,8,1,1
3670,1,1,43.694463445631165,45.75758659499225,0,5,0,1
3671,0,1,51.13014969463986,51.1966088393986,0,6,1,0
3672,0,1,66.97294187178692,49.20022605159371,1,3,1,1
3673,0,2,65.86658773690024,53.83257355171356,1,5,1,1
3674,1,3,31.06127411430765,43.082219896998126,0,2,0,1
3675,0,3,50.5159237309553,41.15483074132208,0,4,1,1
3676,0,3,59.727267311825955,50.607183915547594,0,4,1,0
3677,0,2,86.23627794442307,74.56536950026886,1,6,1,1
3678,0,1,44.666153198566,35.174126416769404,0,6,1,0
3679,1,2,57.85665117829567,57.084852373595005,0,4,1,0
3680,0,2,65.90572622271442,51.37555179560368,1,0,1,1
3681,0,2,74.09538944459521,64.21942913864305,1,5,1,1
3682,0,2,45.40561827057956,48.911406816423884,0,6,0,1
3683,0,1,60.29247428324153,52.46354506548264,1,5,1,1
3684,1,2,39.89269168345005,47.703805026351006,0,6,0,0
3685,0,2,49.80613728993018,46.66222187570696,0,4,1,1
3686,0,2,54.12448442586347,44.723415772714574,0,2,1,0
3687,0,1,68.71976893848432,41.07488573263063,0,2,1,1
3688,0,2,55.00376969823141,68.90178593902374,0,9,0,1
3689,0,2,52.73491347241076,49.171028424208906,0,6,1,1
3690,0,1,38.523373807693794,41.58633031396714,0,4,1,1
3691,0,3,73.492865616142,60.87859054924849,0,4,0,1
3692,0,2,63.38949028550723,53.90508072037873,0,5,1,1
3693,1,3,30.121533308758792,43.13491871904054,0,5,1,0
3694,0,1,39.778437432963614,45.804891620965975,0,7,0,1
3695,0,3,36.03661309505531,34.74352970608961,0,2,0,1
3696,0,2,57.1132747745586,46.03559559349248,0,5,1,1
3697,0,2,100.0,65.82810160279028,1,8,1,1
3698,0,2,20.793935281734377,15.662068265210523,0,6,1,1
3699,0,3,58.66497108994443,54.62632880926315,0,4,1,1
3700,0,2,70.19328222941519,82.1022020217789,1,12,0,1
3701,0,1,37.62620895126819,36.833284173342804,0,4,1,1
3702,0,2,74.95469730571315,62.45366389682154,1,2,1,1
3703,0,3,67.08591843855449,61.87110320863886,0,9,1,1
3704,0,1,46.30913113659918,60.15517541404695,0,7,1,1
3705,0,2,40.891457224577685,33.5319976515771,0,3,1,1
3706,0,2,38.808825022014084,61.00936848708325,0,8,0,0
3707,1,3,47.302440920157636,52.30946462906816,0,4,1,0
3708,0,3,64.23158092272648,62.12948311932154,0,11,0,1
3709,0,2,52.13002515063682,56.371695656633015,0,6,0,1
3710,0,2,49.03986995832459,42.29516173441596,0,1,1,1
3711,0,1,50.00501464918789,45.53276546066288,0,5,1,0
3712,0,1,46.62223345344846,44.605389513401555,0,3,0,1
3713,1,1,45.72196978395324,47.716551380938995,0,3,1,1
3714,1,2,49.55130584477066,63.667837253749276,0,6,0,1
3715,1,2,58.16423849663251,65.50019412950876,0,4,1,1
3716,1,2,60.46615376418788,76.73365927687557,1,9,1,1
3717,0,1,70.99148789788426,53.26184734612101,1,4,0,1
3718,1,1,56.26945528535229,66.55165980477472,0,3,1,1
3719,0,1,51.12891768879824,50.81435997322872,0,2,0,0
3720,1,2,47.64351279328713,46.54547200039322,0,3,1,0
3721,1,1,53.78111614198914,69.0021119917214,0,5,0,1
3722,1,2,100.0,65.93232221249995,0,6,1,1
3723,0,2,33.590807856977335,48.02357414574695,0,11,0,1
3724,1,1,55.240469645988135,64.98897384210464,0,7,0,1
3725,1,2,69.83329355768706,71.63818283272192,1,8,1,1
3726,0,2,31.953131240006485,29.065346043220703,0,4,1,0
3727,0,1,42.38946534381606,49.25396222499893,0,3,1,0
3728,0,3,66.24381661833554,63.474766723834776,0,7,0,1
3729,0,1,75.72246406445198,74.26298304723514,1,9,1,1
3730,0,3,75.3532071671828,68.91936938527294,1,8,1,1
3731,0,3,44.6928982049945,40.12601509882753,0,5,1,0
3732,1,2,49.760035529269594,42.70685208868558,0,1,0,1
3733,0,1,85.75798094348069,73.12765571831271,1,5,1,1
3734,0,1,17.839309748606,20.090125915297946,0,3,0,1
3735,1,3,37.12547052510076,53.13549710352385,0,6,0,1
3736,0,3,60.901354994585745,61.31353042955764,0,5,1,0
3737,0,2,66.65901291277582,48.31771612154549,1,5,1,1
3738,0,1,63.94696116010295,56.67354991384486,1,4,0,1
3739,0,3,47.49539401481834,41.86486440357134,0,5,1,1
3740,0,1,53.10725990900976,58.11316602175315,0,5,0,1
3741,0,3,34.49605530859596,38.109660413173025,0,4,0,0
3742,0,1,65.53509561731359,49.84288026931377,1,2,1,1
3743,0,1,53.050968203856605,50.33886482770035,0,6,1,1
3744,0,2,62.94040848406471,45.54508530649173,1,5,1,1
3745,0,1,65.33192225163764,56.1884505316854,1,3,1,1
3746,0,2,58.56781057498335,55.99324845338227,0,5,1,1
3747,0,2,22.115143490150157,22.253708769750677,0,5,1,1
3748,1,2,41.25449913108318,46.09228796016534,0,3,1,0
3749,0,1,47.72445399036329,57.04287416293698,0,12,1,1
3750,0,2,58.459883652075604,57.749182194613425,0,8,1,1
3751,0,3,59.02042715429512,57.0322703093992,0,8,1,1
3752,0,1,48.76358622805242,34.541612539642365,0,3,1,0
3753,0,1,52.39277979778372,47.22314979487877,0,1,1,1
3754,1,1,51.581772845311065,56.53075119598014,0,5,0,1
3755,0,1,33.63005396625446,36.59997743263857,0,4,0,0
3756,0,1,21.263401732095748,28.999719529244928,0,5,1,1
3757,0,1,22.189024789231347,38.499127952822136,0,5,1,0
3758,0,2,57.747553004345484,54.301081265786486,0,5,1,1
3759,0,2,79.78175050130693,67.14158194193998,1,4,1,1
3760,0,2,43.02690078116366,40.75915428530622,0,5,1,1
3761,0,3,42.27886336986885,45.957639287328426,0,5,0,1
3762,0,2,38.530478834062215,34.078151589850336,0,3,1,1
3763,0,1,40.23479874141258,43.73579441997179,0,3,1,1
3764,1,1,39.87138373320129,54.09078916773802,0,7,1,1
3765,1,3,51.69635344703429,58.507348984103125,0,5,0,1
3766,0,2,49.01677158007165,52.37502885206166,0,5,0,0
3767,1,3,68.18786628320042,72.29810476617622,0,8,1,1
3768,0,1,32.75517329518793,31.608072519847696,0,4,0,0
3769,0,1,23.60702442356345,37.23585463772918,0,6,0,0
3770,0,1,57.75183349542903,53.63285284567332,0,2,1,1
3771,0,1,78.86169955830947,51.226050116106485,1,1,1,1
3772,0,1,24.112677065834546,28.30396436228333,0,1,1,0
3773,0,2,44.837296474009456,40.99874586460294,0,4,1,0
3774,0,1,84.27867135327959,77.50258864037264,1,9,1,1
3775,1,3,41.65964011540422,43.25508545028842,0,4,1,0
3776,0,1,45.887434014545846,40.65497413442249,0,4,0,1
3777,0,1,61.6565535821187,54.13609599541232,1,5,0,1
3778,1,1,63.44772981405426,71.51938827958553,1,5,1,1
3779,1,1,60.35923713413827,88.12214363110967,1,12,1,1
3780,0,3,61.02882152170325,49.588560980416624,0,3,1,0
3781,1,1,38.18980647926609,38.00397055589335,0,1,1,0
3782,1,1,41.886768106025976,48.31914460588409,0,5,0,0
3783,1,1,55.41476821324014,58.48554521778979,0,5,0,1
3784,1,2,53.280746940809514,63.08713275917825,0,4,0,0
3785,0,2,53.35598981107506,48.109858282068146,0,5,1,1
3786,0,2,22.167290140733478,21.60910537128756,0,5,1,0
3787,0,2,64.59698190253593,57.95818801366358,0,7,0,1
3788,0,1,32.14771058984564,34.87848056241936,0,8,1,1
3789,0,2,100.0,58.643005905693904,1,2,1,1
3790,0,1,41.502897717234134,42.88435603865672,0,4,1,1
3791,1,1,68.0822648489638,72.5132602118215,1,5,1,1
3792,1,2,55.39615930594821,54.301911824550125,0,2,1,0
3793,0,2,62.66346259058819,61.440836675239524,0,7,1,1
3794,1,2,57.57944055145978,57.78567362406001,0,4,1,0
3795,0,2,71.93646833436642,61.40104501690836,1,8,1,1
3796,0,1,49.18176229969202,45.10434411556617,0,5,0,1
3797,0,2,42.003439976841875,45.71291172054724,0,3,1,1
3798,0,1,42.02268760911847,48.62974405112577,0,6,1,1
3799,0,1,58.726151976350046,58.59972998416078,0,6,1,1
3800,0,2,52.9878362912709,63.197823817429224,0,8,1,1
3801,1,2,19.238690457299032,38.49520536290821,0,6,1,1
3802,0,1,34.039041536677246,24.115235488481623,0,2,0,1
3803,0,1,64.75898144127132,62.8463160712481,1,4,0,1
3804,0,2,70.75726165288292,57.013270179998635,1,5,0,1
3805,0,1,73.92445200923954,60.12011094315792,1,5,1,1
3806,0,2,40.019381885843345,42.0413729281241,0,6,1,0
3807,0,2,4.888183540540766,55.149776981975556,1,2,1,0
3808,0,3,50.08780094083286,55.21139649542449,0,8,1,1
3809,0,1,83.74428826517554,65.98878343977597,1,6,1,1
3810,1,1,39.54478752596363,57.97724304373878,0,5,1,1
3811,0,1,59.64564702639088,66.89162713004474,0,7,1,1
3812,0,2,59.05627318032482,59.10710169348303,0,5,1,1
3813,0,2,61.97509427704367,57.63386534256902,1,4,1,1
3814,1,1,67.69818740721723,61.59025333427965,1,1,1,1
3815,0,1,40.77731073819617,54.86211780310537,0,6,1,1
3816,1,2,44.121991840989544,63.591875926831875,0,5,1,0
3817,0,2,58.30722925930598,55.731084110009085,0,5,1,1
3818,0,1,53.94556437536754,47.28255827145193,0,6,1,1
3819,0,1,55.75987014366802,59.88068179115263,1,5,1,1
3820,0,3,63.084858219581974,57.42864014428117,0,7,1,1
3821,0,2,83.03029053230121,68.45057433429045,1,4,1,1
3822,0,1,49.179570431012905,52.12353738635427,0,5,1,0
3823,1,3,31.71107862757502,51.9394550187166,0,3,1,1
3824,1,3,79.85869424285342,81.94362024929302,1,7,0,1
3825,0,2,33.604284584912904,39.43361983834918,0,4,1,1
3826,0,3,9.808917466825115,20.954231553280145,0,5,0,0
3827,0,2,73.51350477244213,74.42187819419219,1,5,1,1
3828,0,2,63.823152556484,64.14915769347165,0,7,1,1
3829,0,2,49.54902133483253,47.51954048308415,0,4,1,1
3830,0,1,58.36957070381486,52.30521742886522,0,7,0,1
3831,0,1,47.71977845291091,40.98615882984069,0,7,0,1
3832,0,1,49.78825913999167,49.26951141593155,0,6,0,1
3833,0,2,42.63092422656498,43.519665856040426,0,2,1,0
3834,1,1,46.057902867583266,61.08097439830405,1,4,0,1
3835,0,2,55.672816651636914,52.309499413192164,0,4,0,1
3836,0,1,48.26354309304029,51.62667115192463,0,8,0,1
3837,0,1,51.12226203204613,41.977092135397,0,2,1,1
3838,0,2,79.30005991320954,39.13777670661222,0,3,1,1
3839,0,2,42.820700089316894,45.387215859731796,0,8,1,1
3840,0,1,63.05248418834566,52.498034996694116,1,6,1,1
3841,0,2,21.129883646814704,34.07472727216147,0,8,1,1
3842,0,1,36.2685833719458,39.18295273399197,0,4,1,0
3843,0,3,35.44299443147526,39.74075597531552,0,4,0,1
3844,1,1,27.14520812209212,48.410161249065226,0,5,0,1
3845,0,3,38.3085430910299,33.61833802978015,0,4,1,0
3846,0,1,70.37082287628373,62.83416269479219,1,3,1,1
3847,0,3,16.47751626691933,14.656694842699185,0,5,0,0
3848,0,2,50.22787798421223,45.67789108876234,0,5,1,1
3849,1,3,44.40243998875435,38.688652105897766,0,3,0,1
3850,0,3,49.32812256552344,49.23272289154582,0,5,1,1
3851,0,2,34.30797907652177,39.559404888901256,0,3,1,0
3852,1,2,33.27147729645249,53.033469721155065,0,6,0,1
3853,0,2,48.72407956661477,52.236260559565444,0,3,1,1
3854,0,1,69.14361378071337,54.70030128648972,1,1,0,1
3855,0,2,65.72501019172218,62.74189607857332,1,6,1,1
3856,0,2,39.316959159682625,26.28073507628371,0,1,0,0
3857,0,1,54.95284448487583,51.961958152711524,0,4,0,1
3858,0,2,57.84846085335231,54.98055969684005,0,3,0,1
3859,0,1,47.65109462070072,52.52155567574151,0,10,0,1
3860,0,2,37.10692919333918,42.50313889005561,0,4,1,0
3861,0,2,36.76178677505136,26.835685898646446,0,1,1,1
3862,1,3,68.7938385699287,69.8841167607851,0,4,1,1
3863,1,2,40.461873795832055,55.708428204476654,0,6,1,1
3864,0,2,38.64043128771429,33.85743388074652,0,3,1,0
3865,1,1,44.986566389785494,68.47002209141743,0,10,1,0
3866,0,2,16.951126164359444,24.407556722402447,0,5,1,0
3867,0,1,28.330883154997313,26.897726484676454,0,6,1,1
3868,1,1,47.28855028569933,63.144511928334374,0,8,1,1
3869,0,2,24.110753675935683,27.56738448210005,0,5,1,1
3870,0,3,58.563560291414596,53.00275457493835,0,4,0,1
3871,0,1,61.402997379669884,66.2154973808604,1,8,1,1
3872,0,1,69.62378139981554,61.48074851902619,1,7,1,1
3873,1,2,21.937988572711216,32.531294591824185,0,3,1,0
3874,0,1,0.0,41.45346053981623,0,3,1,0
3875,0,1,70.47831101865205,60.081875625484315,1,4,0,1
3876,0,2,45.7335160853384,36.516252324321385,0,2,1,1
3877,0,1,47.59241903137884,72.94593584810725,0,9,1,1
3878,0,2,59.14550483991299,57.76788261243497,0,7,1,1
3879,0,1,57.974644114648314,46.94634132672599,1,2,1,1
3880,0,1,79.88788049944782,48.7232252021922,1,3,1,1
3881,0,1,44.18878755862891,48.02115175343547,0,6,1,1
3882,0,1,0.0,52.42286193316981,0,8,1,0
3883,0,2,57.62134689751876,45.96564070439714,0,3,0,1
3884,1,3,65.4039115640971,65.56148041516121,0,6,1,1
3885,0,3,38.23459966804943,42.18399851982401,0,5,1,0
3886,0,1,59.46282100291248,55.148129995013036,1,7,0,1
3887,1,3,62.67799367323971,58.7979531540747,0,1,1,0
3888,0,1,45.105069479333494,37.064405540232414,0,2,1,0
3889,0,3,43.024831910880636,36.87885276910574,0,5,1,1
3890,1,2,71.81739992455975,77.64854024361799,1,5,0,1
3891,0,3,35.33428486269414,37.70825015822212,0,3,0,1
3892,0,2,41.09348526830792,54.39113171787544,0,10,1,1
3893,1,1,32.23307332501271,47.774855076665666,0,6,0,0
3894,0,1,68.0742219917727,62.308334002303745,1,7,1,1
3895,0,1,59.04572651685431,51.015253405959456,1,5,1,1
3896,0,2,37.499629741522675,36.60437702738628,0,6,0,0
3897,0,2,30.09149069893805,46.28821409170527,0,9,1,1
3898,0,2,49.218249391645614,41.002174812793506,0,4,1,0
3899,0,1,59.54078815480973,38.96729275094142,0,2,0,1
3900,0,3,28.927083320166684,26.62462148022128,0,8,1,1
3901,0,1,39.71484111146856,31.25744167902473,0,7,1,0
3902,0,3,60.733906094806244,56.76466779171582,0,7,1,0
3903,0,2,41.41239003632964,36.93891555200073,0,4,1,0
3904,1,1,27.42139214132592,39.012453853998586,0,4,0,0
3905,0,1,54.520813919153056,57.4492198805965,0,6,0,1
3906,0,1,62.30681047249811,59.58389757523313,1,7,0,1
3907,1,1,66.69873017691907,68.94214285047761,1,5,0,1
3908,0,2,71.86063395339386,69.71950214202299,1,7,1,1
3909,0,3,63.87206407565051,52.72782680288038,0,7,0,1
3910,0,1,92.44823595865064,69.06669552347601,1,6,1,1
3911,1,2,19.33018499786388,32.56373383615253,0,5,0,1
3912,0,1,77.62636764291875,49.90992929766401,1,2,1,1
3913,1,2,86.65827296051171,82.6909825583771,1,8,0,1
3914,0,1,53.72716139263942,36.93143636631152,0,2,1,0
3915,1,1,74.29189389814216,59.75153299224591,1,2,1,1
3916,0,1,44.17584107410049,36.22803483142067,0,5,1,0
3917,1,1,42.67773379807527,57.23564356610726,0,5,0,1
3918,0,1,91.01669295786624,66.07466981351446,1,4,0,1
3919,0,3,57.46271068332589,40.64077938275764,0,5,1,0
3920,1,2,54.932262218118915,55.30470099032882,0,1,0,1
3921,0,2,48.844507649577665,52.11869247276206,0,8,1,1
3922,1,1,39.00502434075212,47.58273844880967,0,3,0,1
3923,0,2,63.73201347370362,58.87616369810913,0,4,1,1
3924,1,2,0.0,69.5606708934318,1,1,1,0
3925,0,1,36.18703167375732,47.081759319443755,0,10,0,1
3926,0,2,31.58392745919575,32.40041396092765,0,6,0,0
3927,1,3,29.794573377190556,42.997799376666656,0,3,0,1
3928,0,3,52.91905369559464,43.56582507517828,0,5,1,0
3929,0,1,53.69388385790343,59.01883298798556,0,7,1,0
3930,0,1,88.732187241642,66.85661796605336,1,9,0,1
3931,0,2,52.15544991071761,48.10960457978754,0,2,1,1
3932,1,2,65.5444083223626,67.27671820093867,1,7,1,1
3933,1,3,58.48852729280364,62.860491507135244,0,6,0,1
3934,0,2,100.0,49.306988885335564,0,4,1,1
3935,0,2,52.534916178210196,39.8513120299435,0,3,0,1
3936,0,2,15.671849300080234,40.34793255963748,0,8,1,1
3937,1,2,60.863596484447214,71.92173120380819,0,8,1,1
3938,0,1,65.24811667079916,52.39153603321096,1,2,1,1
3939,1,2,17.72665070146792,23.882161347287333,0,1,1,1
3940,1,1,55.526078720035024,64.16256486852615,0,6,1,1
3941,0,1,68.21680488477776,44.52009100234867,1,0,1,1
3942,1,3,37.08683144278471,62.828259363869776,0,9,1,1
3943,1,2,36.63021594802406,47.7644502686979,0,7,1,0
3944,1,2,53.54262185529798,69.78609927313805,1,4,1,1
3945,0,3,31.799615225001382,49.35136067270215,0,9,1,0
3946,0,1,40.28463979187792,40.14461145273899,0,6,1,1
3947,0,2,30.499219758961885,35.236368595235106,0,8,1,1
3948,1,1,43.592108539947695,54.66181171085279,0,6,1,1
3949,0,3,41.85807697054787,34.0195536862735,0,3,1,0
3950,0,1,32.496126695267286,28.451784266630327,0,4,0,1
3951,0,2,44.74844884434663,42.871852949570744,0,1,1,0
3952,0,2,55.25176210463931,49.469285646152976,0,2,1,1
3953,0,3,62.17818850100687,66.1516291741298,0,8,1,1
3954,0,3,39.25504491214506,36.01083109908675,0,2,0,0
3955,0,1,62.708519208972525,59.04735896807439,1,6,1,1
3956,1,1,36.4117738035639,45.82585567834165,0,7,1,1
3957,0,1,46.280146729281356,50.695484482415104,0,7,1,1
3958,1,2,66.9819807203644,57.23294730782506,1,2,0,1
3959,0,2,51.43438185955733,37.277327469864034,0,1,1,1
3960,1,2,25.62192374611969,43.22549323136295,0,4,0,1
3961,1,1,52.53624063908027,67.96334536188445,1,4,1,1
3962,1,3,44.5251290554405,62.574147513939394,0,8,1,1
3963,1,2,65.5588586448732,62.55528523681605,1,4,1,1
3964,0,1,69.5292338361358,69.73074345780759,1,8,0,1
3965,1,2,29.0134379277459,30.052474003570442,0,1,1,0
3966,0,2,84.33590190741236,66.42954673908585,1,5,1,1
3967,0,2,61.76884918003033,52.56701478333837,0,5,1,1
3968,0,2,33.555445183923744,45.17703554526155,0,8,1,0
3969,0,3,49.60013791310851,42.149396638998304,0,6,1,0
3970,0,2,34.8772067246166,33.5004545531663,0,4,1,1
3971,0,2,48.93452979682308,55.17144868483968,0,8,1,1
3972,0,1,80.89484531307214,60.8032082091004,1,3,1,1
3973,0,1,56.67828713025634,45.34740924109007,0,4,0,1
3974,0,1,49.3452645807851,51.642574912816265,0,6,1,1
3975,0,3,33.61033578292595,35.39428998273336,0,5,1,0
3976,0,2,49.803548120221436,60.27123252408118,0,8,1,1
3977,0,2,44.968211094332425,38.35177425045468,0,4,0,1
3978,1,2,74.14839024580786,69.07774496591577,1,5,1,1
3979,0,2,41.302368254400406,52.72216705613909,0,8,1,1
3980,0,2,53.00683042639669,51.184578242610236,0,3,0,1
3981,0,2,40.17862887161348,44.14051620026716,0,3,0,1
3982,0,1,48.34782093233328,44.694375036550724,0,5,1,1
3983,0,3,55.61180798174278,58.357624822327104,0,7,0,1
3984,1,1,22.58984565649715,50.49025326315617,0,12,1,1
3985,1,3,57.18584690643828,58.31906145920789,0,4,1,1
3986,0,2,67.72906736834746,48.45660183211363,1,1,1,1
3987,0,2,23.84607861380724,21.223365914151387,0,2,0,1
3988,1,1,43.0271541165462,58.68913082345896,0,8,0,1
3989,0,1,51.3579376218057,32.385853989996484,0,2,0,0
3990,0,1,57.979282527504836,51.91769201679148,0,2,1,1
3991,0,2,50.07897169555062,53.79171164325523,0,8,1,1
3992,0,3,35.92863048853372,30.57773268928376,0,5,0,1
3993,1,2,82.92161341876934,83.65360961102476,1,5,0,1
3994,0,1,72.44508782364139,57.38406375426819,1,2,1,1
3995,0,2,32.39374569459649,39.4720767640702,0,7,0,1
3996,0,3,55.830819222883264,45.45184707759451,0,2,0,1
3997,0,2,44.6882873488433,34.83457515245672,0,3,1,1
3998,0,1,65.96305487825249,73.62112273541975,1,7,1,1
3999,0,2,42.65458388346053,53.54489218617734,0,8,1,0
4000,1,1,21.795180286964253,42.64871093242587,0,7,1,1
4001,0,1,57.930418161132934,52.855666854932664,1,6,0,1
4002,1,3,35.74528240559019,42.22620341299176,0,6,1,0
4003,0,2,67.40143659047934,64.74844402845679,1,4,1,1
4004,0,1,56.91955837833031,62.36151520016492,1,1,1,1
4005,0,1,49.99039535946262,50.986326417451025,0,6,1,1
4006,0,2,44.827315206773285,53.338774342055274,0,8,1,0
4007,1,2,72.04598909864625,68.22727978940773,1,9,0,1
4008,1,2,37.40996017364419,49.81078194773457,0,4,0,0
4009,0,2,60.0271761865697,52.81927579433955,0,2,1,0
4010,1,2,25.4851970961659,52.627956649439426,0,4,0,1
4011,1,3,57.95617242741403,67.1100646916191,0,7,0,1
4012,1,1,49.2980889376939,63.1640587404289,0,7,1,1
4013,0,1,61.494417941487285,46.86300959544499,1,3,1,1
4014,0,1,71.21651982676565,63.83553899216014,1,7,0,1
4015,0,2,57.57263724286585,48.444931203108474,0,5,0,1
4016,0,1,51.298814196101084,56.99360994834397,0,6,1,1
4017,0,1,44.2830789254259,48.11421089018665,0,8,0,1
4018,1,2,42.61949589201835,54.325260534036516,0,5,1,0
4019,0,1,84.66984036232463,70.98529402575028,1,2,1,1
4020,0,1,44.61268745527736,48.704536882591945,0,7,1,0
4021,0,1,43.92550277893566,44.96372807114039,0,7,0,0
4022,0,1,34.47319430869891,30.271417056906277,0,3,1,0
4023,0,2,56.678553490461816,52.64699174530036,0,7,1,1
4024,1,2,50.21810531819532,63.0410361763775,0,9,0,1
4025,0,1,72.0237262656742,59.58606873044224,1,6,1,1
4026,1,2,55.788214899414825,62.295855575802626,0,8,0,1
4027,0,2,72.26718030700695,57.519699073750544,1,4,1,1
4028,0,1,57.35157842994215,43.72347888453285,0,2,1,0
4029,0,2,44.70621368058163,41.26322526075887,0,3,1,1
4030,0,2,49.2699783678734,38.63429699109334,0,7,1,0
4031,1,2,69.17841032023792,67.58256110999903,1,6,1,1
4032,1,2,39.18463834098468,40.41114011102925,0,5,1,1
4033,0,2,20.696904515479435,25.705659934905785,0,4,1,0
4034,0,2,52.376413997588806,50.05531076324697,0,6,1,0
4035,0,1,62.533592510498856,57.59414171487714,1,5,0,1
4036,1,1,61.95881990170945,67.67064044021636,1,3,1,1
4037,0,2,100.0,67.10618173992903,1,1,1,1
4038,1,2,51.87594435679724,48.17007331871686,0,1,1,1
4039,0,1,50.89861291661865,50.87273671473243,0,3,0,1
4040,1,2,100.0,80.96089332229252,1,7,1,1
4041,1,3,65.14247213028175,68.81212324071971,0,7,0,1
4042,1,3,34.75337235284914,53.077273251019406,0,10,1,0
4043,0,3,60.57161124693872,54.01421399655303,0,4,0,1
4044,0,1,37.035776719822586,34.2818157491541,0,5,1,1
4045,0,1,23.073780612658723,26.8833584273693,0,6,1,0
4046,1,1,32.65569510278488,51.602616373599794,0,8,0,1
4047,0,1,41.766921049695256,36.850151432486555,0,4,1,1
4048,0,2,73.1273125691876,59.27032478848203,1,3,1,1
4049,0,3,3.810019303951295,18.312197200787853,0,7,1,0
4050,0,1,26.43733743077484,23.948778834682845,0,3,1,0
4051,0,2,60.446523426045445,68.35886623672533,1,8,1,1
4052,0,1,66.76597990009728,55.25382148493002,1,5,1,1
4053,0,3,83.53877373789172,69.55898094232015,1,4,1,1
4054,0,1,50.55203647782033,38.892831560893526,0,3,1,1
4055,0,2,71.500445089242,62.08514720272532,1,6,1,1
4056,0,3,1.330127413349011,53.31512115876137,0,6,0,0
4057,1,2,70.40302166469819,66.62635034393837,1,4,1,1
4058,0,2,28.758015431482434,50.45816628852844,0,4,1,1
4059,0,2,58.91443345093063,47.99345206660943,0,5,1,1
4060,0,2,59.64817391361312,56.98096804968039,0,9,1,1
4061,0,2,51.04815604971881,38.74533067132484,0,4,1,0
4062,0,1,50.12712582209481,40.65905488758799,0,4,1,1
4063,0,1,55.99966239298842,44.13148439561386,0,4,1,1
4064,0,2,29.123960611108323,37.504944160852006,0,5,1,0
4065,1,2,36.6971657721646,37.92557653981297,0,2,1,0
4066,0,1,49.12311469185735,57.98252968196353,0,7,0,1
4067,0,3,22.480298542858538,30.492471252648716,0,8,1,1
4068,0,3,51.99181944285359,47.71993856917375,0,5,1,1
4069,0,1,67.91194923231805,55.21454078701842,1,3,1,1
4070,1,2,14.4060443030418,30.368702476142687,0,4,0,1
4071,0,1,31.73429651543,40.43472063929948,0,5,1,1
4072,0,2,55.36758403048813,52.90555328010632,0,5,1,1
4073,0,3,72.22840087649412,74.94586062541877,0,8,1,1
4074,0,2,62.32741701981593,54.608258499946835,1,5,1,1
4075,0,2,45.65809297234566,42.070334232423555,0,4,0,1
4076,0,1,44.02648425657028,33.79213376350771,0,1,1,1
4077,0,3,83.7855990446909,74.51562486684055,1,6,1,1
4078,0,2,27.066057538088643,36.538758907580494,0,5,1,1
4079,0,1,72.72489460352253,65.16491799345036,1,9,1,1
4080,1,3,62.89300506337333,73.19645803440363,0,6,1,1
4081,0,1,33.39334955224634,43.84372813276247,0,7,1,1
4082,1,2,79.51792964283763,70.84713693205079,1,2,1,1
4083,0,1,60.42858325324079,61.87998572654892,0,10,1,1
4084,0,2,38.83665000275117,26.009849777878916,0,1,1,1
4085,0,2,45.56553213210649,56.03210306133558,0,11,1,1
4086,1,2,26.014299567564056,36.968033431927424,0,3,1,0
4087,0,2,47.82234778010289,55.356000659506954,0,10,1,1
4088,1,2,37.91285810596903,48.3177350889688,0,4,0,1
4089,1,3,45.14226970420025,51.14722301470805,0,6,1,0
4090,0,1,37.58409045281918,30.072568142183247,0,2,1,0
4091,1,2,42.347320948029946,56.95656353124221,0,6,0,1
4092,0,3,61.22837867740431,55.230947320336334,0,7,1,1
4093,0,3,66.63491303823758,53.148129200361616,0,3,1,1
4094,0,3,62.76733523740862,56.58691925425918,0,6,1,1
4095,0,3,76.21377089273817,53.933272768942565,0,2,1,1
4096,0,2,64.3518317668746,60.498268653927816,1,6,1,1
4097,0,2,34.475307871496945,45.1693108605397,0,8,1,1
4098,0,2,79.08901377501702,65.77302993061335,1,4,0,1
4099,0,2,48.365136140633375,50.5827879900626,0,7,1,1
4100,1,2,76.58318957476031,76.64733293274193,1,7,0,1
4101,0,1,58.83939527405697,59.52912059394899,1,6,1,1
4102,0,2,80.41207829791269,71.0614423094118,1,3,1,1
4103,0,2,32.66057887662932,46.02559279007383,0,9,1,0
4104,1,2,57.175370435321064,48.346394133896155,0,2,1,0
4105,1,2,32.34490771224054,45.02709004872281,0,3,0,1
4106,0,2,72.96339135681023,69.1893402308999,1,7,1,0
4107,0,1,66.03853320545322,49.72327332912192,1,2,1,1
4108,0,1,29.156073213473583,32.4703732551718,0,5,1,1
4109,0,3,65.61343066827601,54.19074289314883,0,5,0,0
4110,1,2,27.18010057148019,49.49427105413108,0,6,1,1
4111,0,2,66.40950215319448,60.847523116651885,1,5,0,1
4112,0,2,45.453341784807485,46.04502957181427,0,4,0,1
4113,1,2,71.40302908758166,78.14268139797986,1,7,1,1
4114,0,2,39.55663199977626,35.770920118556226,0,4,1,1
4115,0,1,63.46731595945671,57.88745024020684,0,9,1,1
4116,1,2,47.38221647900738,66.72873751560057,0,5,0,1
4117,0,1,44.7615796159047,44.27472660318263,0,6,1,0
4118,0,1,70.54486963027952,62.41897543873569,1,8,0,1
4119,0,3,31.902759382995416,49.56445932985923,0,7,0,1
4120,1,3,52.724802247374036,64.63325575084221,0,5,1,1
4121,0,2,51.40924811437607,43.53743936179592,0,3,1,0
4122,0,1,62.04058820532875,54.594044207846736,1,2,0,1
4123,0,2,7.073501755222882,41.2489283710686,0,7,1,1
4124,1,3,66.10336255170252,69.60048505623973,0,4,0,1
4125,1,1,79.8147242951059,74.77581250787213,1,6,0,1
4126,0,1,40.869156452667035,54.641432676425865,0,12,0,1
4127,1,3,74.27766743237672,78.32524294451636,1,9,0,1
4128,0,2,38.425325786006425,42.80909623452213,0,8,1,1
4129,0,3,42.171374287479,45.57455017053201,0,5,0,0
4130,1,2,45.41700250403088,51.72163064807565,0,1,1,0
4131,0,1,35.79257363254455,32.682842928749935,0,4,1,1
4132,0,2,64.18887177900699,59.78639153531914,1,5,1,1
4133,0,3,77.88514300068525,18.226192109587004,0,6,0,0
4134,0,1,48.875543999478936,44.56734859662997,0,4,0,0
4135,1,3,58.796864135966224,57.99433885051676,0,4,0,1
4136,1,2,78.54158599641747,74.10386060258243,1,6,0,1
4137,0,3,64.50940138994059,56.17111212057761,0,4,0,1
4138,0,1,62.66795107280751,54.36040852553441,1,3,1,1
4139,0,2,46.07526392876872,45.80198780187167,0,9,0,1
4140,0,1,65.80856834625392,71.02988313920751,1,8,0,1
4141,0,1,79.4882887478787,78.56024802838157,1,8,1,1
4142,1,2,52.370287950504746,57.252885955286516,0,4,1,1
4143,0,2,67.38531039845995,61.64370372396246,1,6,1,1
4144,1,2,41.20880294989344,54.311387150395,0,5,0,1
4145,0,3,43.83748115447626,55.340118512938844,0,7,0,0
4146,0,1,48.70876109006946,49.371220533101635,0,5,1,1
4147,0,3,88.66016103288251,78.23047385994712,0,11,1,1
4148,0,2,70.59716232779589,55.21769701047756,1,4,1,1
4149,1,2,42.751865560585955,58.0984410726638,0,6,0,1
4150,0,1,54.22151690576582,52.47671226267517,0,6,1,1
4151,0,1,35.824081233880825,38.19875502633191,0,6,0,1
4152,0,1,60.621986447617786,52.20136876248937,1,3,1,1
4153,0,3,54.165900023364536,49.14043518294798,0,6,1,1
4154,0,2,53.88650257554634,52.05725924042676,0,7,0,1
4155,0,2,31.0646507678544,61.949284415493764,0,11,1,1
4156,0,1,40.125617145676856,50.481533558863504,0,11,0,1
4157,0,1,62.35888992328585,47.168643274993755,1,3,1,1
4158,1,3,66.61577804389918,62.45570942597756,0,6,1,1
4159,0,2,62.44311327940679,42.42589387163046,0,1,1,1
4160,0,2,67.96958657116679,49.8595303818134,1,3,1,1
4161,0,3,51.03190022445628,35.970591549806045,0,2,1,1
4162,0,3,80.71636288986895,62.67181101718116,0,7,0,1
4163,0,1,44.78122064413645,35.97035503841934,0,4,1,0
4164,0,2,66.09906877523913,59.357898111889796,1,4,1,1
4165,0,1,51.30669965593533,39.587119502307075,0,4,0,1
4166,0,2,42.51806423698318,40.53189762521747,0,4,1,0
4167,1,1,55.230864639541174,63.12542851179176,0,4,0,1
4168,0,1,29.254946913585716,44.495083351026835,0,10,1,1
4169,0,3,57.461679558779075,51.65952729972154,0,5,1,1
4170,1,1,64.16534739235807,64.10640851436074,1,5,0,1
4171,1,1,46.05203377165954,49.5227672421505,0,2,0,0
4172,0,1,43.647410721010274,35.88526657307974,0,1,1,0
4173,1,3,46.23564881801828,52.48790342468176,0,5,0,1
4174,1,3,54.54817566365905,56.471150769701765,0,6,1,1
4175,0,2,33.87648690266956,36.19403892135996,0,5,1,0
4176,0,2,84.84896496003861,68.64466117652465,1,3,1,1
4177,0,1,59.001176128339075,59.1776175036751,0,7,0,1
4178,0,1,45.29713180033027,39.191470896474854,0,4,1,1
4179,0,1,22.459408968432697,34.8492329301682,0,5,0,1
4180,0,2,70.00153924854042,58.423974671898705,1,2,1,1
4181,1,2,45.21757451528615,48.67944438353199,0,1,0,0
4182,0,2,54.77760357443827,54.376018742981834,0,3,1,0
4183,0,2,36.28156428030115,35.87056727022997,0,3,1,0
4184,1,2,60.06595799392843,49.90499286766959,0,0,0,1
4185,0,3,41.61786423765016,48.06993535571439,0,7,0,1
4186,0,1,56.89640648332734,52.30853114324128,0,4,1,1
4187,0,1,36.16102834567041,37.03227535497315,0,5,1,1
4188,0,3,59.90006899023513,68.89779980369151,0,7,1,1
4189,0,2,66.95660366541108,64.92008473558073,1,10,1,1
4190,1,1,43.3174103692716,57.99250572331249,0,5,0,1
4191,0,2,50.67766364381283,38.59256016928264,0,5,1,0
4192,0,2,35.321186730724534,42.06156770865207,0,5,1,0
4193,0,1,32.91833792774266,31.67433784768861,0,4,1,1
4194,1,1,100.0,49.825501114051264,0,3,0,1
4195,1,2,49.71487177596507,63.510684881376434,0,8,1,1
4196,0,1,40.886910619375094,41.68440531371107,0,3,1,0
4197,0,2,43.92677814758587,56.072718286634036,0,6,0,0
4198,0,1,26.145755271771694,36.55833339385586,0,6,0,1
4199,1,2,35.81245071510884,47.368473339197315,0,5,0,0
4200,0,1,34.878902897298104,40.02902609623176,0,6,0,1
4201,0,3,36.6019714011857,34.6254715262873,0,5,1,1
4202,0,1,66.10085784734574,59.00928009381585,1,2,1,1
4203,1,2,56.2365450895203,60.39154594794586,0,3,0,1
4204,0,1,54.40924007885625,48.13827331514098,0,2,1,1
4205,1,3,64.13023059330877,50.88782356562901,0,3,1,1
4206,0,1,35.7189211139164,31.65234550542195,0,6,1,0
4207,0,2,51.82251217256599,45.84412670148915,0,3,1,0
4208,1,3,38.06652381834951,42.02877124635188,0,1,1,1
4209,0,2,35.60284587179687,38.58572305685781,0,4,0,0
4210,1,1,46.58236112653822,54.33125692281882,0,4,1,0
4211,0,1,66.19416076184702,55.363835860429724,1,6,1,1
4212,0,1,47.25019367863442,48.97461864399934,0,6,1,1
4213,0,3,49.86466701055853,47.947660213635196,0,4,1,1
4214,0,1,43.47959843896638,50.18917089224887,0,6,1,1
4215,0,1,58.507021957129695,59.79733230385703,0,8,1,1
4216,1,3,71.46720942174605,72.93037233376398,0,2,0,1
4217,1,2,80.37859953376434,84.43377496555654,1,7,0,1
4218,0,3,33.53157393111759,44.75711491151325,0,6,1,1
4219,0,1,43.337783006615666,44.64451419520462,0,5,1,1
4220,1,2,47.243354738641486,51.10144213459309,0,3,0,0
4221,0,2,47.388065594336254,51.0761186418918,0,6,1,0
4222,0,1,42.01882484061742,43.167040287857894,0,4,0,1
4223,1,2,53.03926283298321,64.74504241285533,0,6,1,1
4224,0,2,55.6617403492769,35.72663816381269,0,4,1,1
4225,1,3,64.78739273010135,73.18671021254852,0,8,1,1
4226,0,2,56.28350498640167,60.98601322246354,0,8,1,0
4227,0,1,20.932904345131263,25.4264490591604,0,2,1,0
4228,0,1,30.674322161078127,24.640037406613313,0,5,1,1
4229,1,2,66.96880226978584,74.65933387009642,1,5,0,1
4230,1,1,64.53231049301533,67.40364034808302,1,6,1,1
4231,0,1,26.670176496314177,37.100189290957275,0,6,1,1
4232,0,1,44.09098738437002,53.992829697547535,0,7,1,1
4233,0,2,84.18121243404144,72.82537119885201,1,5,0,1
4234,0,2,80.20585987274659,62.458969324070814,1,4,0,1
4235,0,1,36.797457904535385,31.268819122565585,0,3,1,1
4236,0,2,62.30053960975421,59.81597647218769,1,5,0,1
4237,1,2,35.96692426999612,52.19450686630912,0,3,1,0
4238,1,1,45.13955004652285,57.752209555453724,0,5,0,0
4239,0,2,57.91287555804409,51.71426812395449,0,6,1,1
4240,0,2,45.18012532577496,41.60146763999326,0,4,0,1
4241,0,3,63.14483945219163,56.44565534077056,0,5,0,1
4242,1,3,54.93835201543667,59.01367031069223,0,8,1,1
4243,0,3,61.20129165642104,50.11355462569215,0,3,0,1
4244,0,2,49.92032129551783,56.17188210474836,0,8,1,1
4245,1,2,21.314556933653662,40.81171736115226,0,5,0,1
4246,1,3,42.72185900517982,58.828823426387125,0,1,1,1
4247,0,2,73.69583454356845,50.41892429927457,1,2,1,1
4248,0,1,46.22082095081228,37.988641762490474,0,2,0,0
4249,0,2,53.61944711461847,51.22861156178054,0,2,1,1
4250,0,3,61.88554885718838,69.33134568342976,0,7,1,0
4251,0,2,27.00813317787444,28.699681434429458,0,6,1,1
4252,0,1,54.3010078291346,48.44409781751711,0,5,1,1
4253,0,1,77.85566087716654,54.998820364019544,1,2,0,1
4254,0,2,75.20073626824296,78.75941370823598,1,9,1,1
4255,0,2,85.17232425567443,70.6704573884334,1,5,1,1
4256,0,1,33.86094973918349,24.650220147690984,0,1,1,0
4257,1,1,71.64517565670212,75.77162634982673,1,7,1,1
4258,0,1,51.36676869290983,51.5211640592129,0,3,1,1
4259,0,3,43.376335597704745,45.87862171308411,0,7,1,0
4260,0,1,32.409994536944495,25.53059767946733,0,4,1,0
4261,0,2,43.09467298935814,46.758610598737,0,8,1,0
4262,1,2,59.28756586812092,78.34212346968718,0,9,0,0
4263,0,2,55.579154434652025,54.09781142934016,0,5,1,1
4264,1,1,57.252223655897936,54.179755998419914,0,5,0,1
4265,0,2,32.5947502586478,33.04463081609494,0,4,1,0
4266,1,2,45.98351862033976,55.89597560185021,0,5,1,1
4267,0,2,84.87413964420887,76.55881115013331,1,8,0,1
4268,1,2,32.52470236394508,69.82511903005972,0,10,0,1
4269,1,2,80.20587099175981,68.78681693946523,1,2,0,1
4270,1,1,49.33943623447636,47.55035760327508,0,2,1,1
4271,1,1,68.3109034623386,64.39190379365257,1,3,1,1
4272,1,3,68.01624477086192,67.59290950969748,0,5,1,1
4273,0,2,75.04060308640265,61.83578425130338,1,6,0,1
4274,1,2,58.997061895363515,54.4078791734202,0,4,1,0
4275,0,2,64.51102841422278,52.05825543489705,1,5,1,0
4276,1,1,10.260422964630429,32.7298093237997,0,6,0,1
4277,0,2,57.717574079752126,48.99739445123561,1,3,1,1
4278,0,3,47.671363728319484,41.93258149839758,0,3,0,0
4279,0,3,24.35418877323775,35.50681870484262,0,7,1,0
4280,0,1,47.90600355351864,39.349245812263206,0,1,0,0
4281,0,1,37.40317079744581,30.88417575373309,0,3,0,1
4282,0,3,59.82297552384624,58.60236322417576,0,6,1,1
4283,0,2,50.72602091582844,36.88185168650647,0,2,1,0
4284,0,3,44.33264234610125,40.19540667484054,0,4,1,0
4285,0,1,41.48399360745234,47.246394819509504,0,6,1,1
4286,1,3,70.47800479183572,71.19645378960342,0,5,0,1
4287,1,2,64.73531181464692,69.61080274100841,0,4,1,1
4288,1,1,43.16846918376775,54.816568792096106,0,4,1,0
4289,0,1,33.13327479042159,32.301399692829676,0,4,1,0
4290,0,2,54.901073138873755,43.89934566492405,0,2,0,1
4291,0,2,80.75626609132392,70.93762739967376,1,4,0,1
4292,0,2,35.476878951695,31.497877884325202,0,3,1,0
4293,0,3,54.261898846099925,41.39088428207176,0,1,0,1
4294,1,3,50.31407323808277,50.36640115246968,0,3,0,1
4295,0,3,34.20575262071982,40.21498850856007,0,5,0,0
4296,0,1,54.4183544548746,44.637808291396254,0,8,1,1
4297,0,2,63.02909131032517,51.32097225705906,0,6,1,0
4298,1,1,26.60239522690659,31.166575574758234,0,1,1,1
4299,1,3,46.4584810869074,55.517353112017126,0,7,1,1
4300,0,2,77.5681728290137,57.335301766042754,1,3,0,1
4301,1,2,31.659567441901604,45.29901144053415,0,5,1,1
4302,0,1,64.39411538465572,48.40042174075115,1,5,1,1
4303,0,1,49.68993224761252,39.5679250699484,0,7,1,0
4304,1,1,36.438310929717325,69.9093076700829,0,6,1,1
4305,0,1,53.626471757499175,47.778939798138055,0,6,1,0
4306,0,1,51.314044239827524,54.30831479400641,0,6,1,1
4307,0,2,44.34493749119896,50.059587806178875,0,10,0,1
4308,1,1,39.2832548199219,49.9235065956721,0,6,1,1
4309,0,1,43.62853242279281,34.44361223284817,0,2,1,1
4310,0,1,59.57431820299677,60.320148067723245,1,6,0,1
4311,0,1,51.18902034007457,50.180686292899836,0,8,1,1
4312,0,2,39.44855803871075,45.666984762663674,0,5,1,1
4313,1,3,36.97634733431956,65.0460016313337,0,12,0,1
4314,0,1,50.093666500226064,50.15773394825778,0,7,1,1
4315,1,2,56.78765877759827,64.04399987763615,0,3,1,0
4316,1,1,46.80350237709859,52.518188056886785,0,4,0,0
4317,0,1,75.20570164591683,66.71892797375521,1,4,1,1
4318,0,1,66.08298732640164,53.94346015805712,1,4,0,1
4319,0,3,76.95032321144757,61.580126948562125,0,9,0,1
4320,1,3,80.49086621308854,62.21704391209809,0,5,1,1
4321,0,3,62.89702918177214,46.92224518499534,0,2,1,1
4322,1,2,63.504417672313316,58.16265207757136,0,5,0,1
4323,1,1,47.245471670859956,51.04048966269392,0,4,1,1
4324,1,1,35.85535594346154,63.34060954798909,0,7,0,1
4325,1,1,73.90326531178353,72.60190999925653,1,3,1,1
4326,0,3,50.83271980399374,49.33356431381628,0,3,1,1
4327,0,1,65.49882654154788,64.49418928243212,1,8,1,1
4328,0,1,66.99126290150492,61.956101696315216,1,7,0,1
4329,0,2,81.05058433552416,62.74867780436148,1,4,0,1
4330,0,2,40.75426373581074,33.42071600360502,0,2,1,0
4331,1,3,65.4543445549876,76.62427960310723,0,6,0,1
4332,0,2,23.889463330068814,39.66212403747052,0,5,1,0
4333,0,1,42.645808908941774,55.603133824808154,0,7,1,1
4334,1,1,46.25573544949495,51.014393657099035,0,4,1,1
4335,0,1,38.838820813116214,42.20397646610849,0,6,1,1
4336,0,1,41.78023746062015,49.180553177105615,0,7,1,1
4337,0,3,43.954301675744006,59.76458199592871,0,8,1,1
4338,0,2,54.14704889241757,43.39127465243707,0,3,1,1
4339,0,3,46.86329832907985,51.64899571483519,0,6,1,0
4340,0,2,59.20036649135842,57.160709677994944,1,5,0,1
4341,1,1,39.642089484560316,68.49729548775301,0,10,1,1
4342,0,1,75.00511432860422,61.28187059865194,1,2,0,1
4343,0,2,6.874471124312125,18.12730819810389,0,4,0,0
4344,1,1,77.02631955327227,56.304065386066895,0,6,0,1
4345,0,3,42.01676436193432,32.1411675355654,0,3,0,1
4346,0,1,33.466984431711055,30.835562942974157,0,6,0,1
4347,0,1,56.840299362766366,57.657850410144626,0,10,1,1
4348,0,3,66.87056907623104,56.20823281669366,0,5,1,1
4349,0,2,45.04336020019756,41.17944984768457,0,5,0,1
4350,0,2,47.562318306779446,52.41688831472793,0,6,1,1
4351,1,2,53.78696630167637,50.593798451359966,0,3,1,1
4352,0,1,30.756757912137513,37.72592441553189,0,4,1,1
4353,0,1,52.67736985243275,50.726064513771306,0,7,0,1
4354,0,1,30.93086074604683,42.3189900014176,0,5,1,0
4355,0,2,48.21794373813665,52.50805564415928,0,5,0,1
4356,0,1,35.65233090270862,40.95650658452613,0,5,0,1
4357,0,1,56.7627763739358,49.40024434425121,1,3,1,1
4358,0,2,38.54678851117197,35.93856925465467,0,5,1,0
4359,0,3,39.4619004766041,17.11890819280773,0,2,1,1
4360,0,3,66.28181503634472,58.16083810235903,0,3,1,0
4361,0,3,69.32396843351306,66.09699703303684,0,6,1,1
4362,0,2,51.95269979242636,45.4599290138279,0,1,0,1
4363,0,2,59.588469646979235,53.65343013646775,1,5,1,1
4364,0,1,58.63368566284352,55.97041288284635,1,6,1,0
4365,0,2,45.804647289264935,44.23201141860102,0,4,1,1
4366,0,2,52.68290011828303,46.561663452862426,0,3,1,1
4367,1,3,66.86163894442859,63.03226878416327,0,6,0,1
4368,0,2,59.76508287363105,45.143701381949995,1,2,1,1
4369,0,1,63.76370209345187,57.38185472293477,1,4,1,1
4370,1,2,53.35552935975221,72.8683261495566,0,10,0,1
4371,0,1,60.25130619480874,48.199849502454896,1,3,1,1
4372,1,2,35.6559353854987,51.360369118271706,0,4,0,0
4373,0,1,93.27295763185819,83.29317663587751,1,2,1,1
4374,0,1,44.61705368699473,42.58833171767139,0,1,1,1
4375,0,3,68.44252601281448,66.38530971534084,0,6,1,1
4376,1,2,51.4532581309289,69.17516692069348,0,6,1,1
4377,0,3,74.67016252864147,67.7664429167432,1,6,1,1
4378,0,1,0.0,37.45921815513566,0,6,1,0
4379,0,1,74.86342126903054,52.05286750163583,1,2,1,1
4380,1,3,58.99576687814271,53.91795116231724,0,2,0,1
4381,0,2,46.48809187229774,41.32120258639419,0,5,1,1
4382,0,3,63.45093387412847,59.06394752095913,0,7,1,1
4383,0,2,79.88217579265549,67.94713400720399,1,2,1,1
4384,0,3,49.48013669577183,49.5662603448548,0,3,1,1
4385,1,3,54.29572742971435,64.07139411653432,0,7,0,1
4386,0,2,26.38409607830647,34.47862886969029,0,6,0,1
4387,1,2,64.99740994214564,71.00461650511882,1,6,1,1
4388,0,2,54.14639355221126,43.28798194940815,0,6,1,1
4389,0,2,56.0684488215603,52.72028295975201,0,6,0,1
4390,0,2,50.10627567501151,42.05731418129651,0,5,1,1
4391,0,3,49.699062094894224,54.45649315491769,0,5,1,1
4392,0,1,42.71994960382147,40.62223815993748,0,4,1,1
4393,0,3,49.38995356302747,44.5004274520149,0,2,0,1
4394,0,3,44.884414378531964,34.02240556058217,0,0,1,0
4395,0,3,46.280229660485716,46.5966381486261,0,6,1,1
4396,0,1,65.37403991194456,68.47007716345011,1,6,1,1
4397,0,1,47.64328101598827,45.87351951521744,0,10,1,1
4398,0,1,26.27616244036024,34.447176306126586,0,6,0,0
4399,0,3,57.34809509965439,51.67000703243128,0,3,0,1
4400,0,2,44.96411813564547,37.41052242848661,0,4,1,0
4401,0,2,45.136801828706716,40.43093274737088,0,4,1,1
4402,1,2,57.40036466647778,56.97714227271166,0,4,0,1
4403,0,2,68.29270110029069,57.705465728921574,1,8,1,1
4404,0,1,51.16356201919578,49.39694659939438,0,5,0,1
4405,1,3,51.53771076443963,66.23345223690772,0,8,1,1
4406,0,2,37.43738662039178,45.9357611296863,0,8,1,0
4407,1,2,63.52901489888772,59.39248351776115,0,4,0,1
4408,1,2,34.22396635774387,40.53774495002364,0,3,1,0
4409,1,3,66.77869045878403,71.5172515584038,0,5,0,1
4410,0,2,27.7870547517246,17.050145218395926,0,2,1,0
4411,0,2,46.83333275591673,32.124139389277516,0,2,1,1
4412,0,2,100.0,45.85116335629227,0,2,1,1
4413,0,2,57.525645372133404,51.6094725853964,0,6,1,0
4414,1,1,55.36548844584875,39.63657589777329,0,3,0,1
4415,0,1,33.35801436315534,34.63531192808179,0,5,0,1
4416,0,2,65.5152246521057,52.1392663745805,0,2,1,1
4417,0,1,48.583867674465544,46.03449617709249,0,7,0,1
4418,0,1,69.79140267341808,63.211399582082905,1,4,1,1
4419,0,1,51.35422614585417,58.916628194082996,0,6,1,1
4420,1,1,85.07659363841255,80.67382768989015,1,3,1,1
4421,1,1,68.88189650424418,72.31826630612062,1,6,1,1
4422,0,2,51.199359431307705,45.36911426708805,0,1,0,1
4423,0,2,39.75446898888638,31.37996880432882,0,1,1,0
4424,0,1,59.30631000376215,60.935539262540594,1,7,1,1
4425,0,1,39.16220774759785,43.53123566173517,0,7,1,0
4426,0,1,52.24294684423506,47.47911382768444,0,5,1,1
4427,0,2,72.22584160242177,58.81897382962259,1,5,1,1
4428,1,1,36.903542814352505,45.138590292912916,0,3,1,1
4429,1,2,48.32242564901445,54.4113754464581,0,5,0,1
4430,0,2,23.685043610376,32.51320845530389,0,5,1,0
4431,0,1,56.737531049277564,41.14726830105,0,2,0,1
4432,0,2,39.91562744961191,31.60364395822424,0,5,0,0
4433,1,3,36.25742763900922,40.798674585493245,0,3,0,0
4434,0,1,49.70914355550004,34.70589097793198,0,1,1,0
4435,0,3,74.73356695160693,64.8801871869508,1,4,1,0
4436,0,2,37.345152313103775,32.75495486006691,0,3,0,1
4437,1,2,51.68699081048498,58.16124975197032,0,4,0,1
4438,1,1,46.55994793581897,46.29979367820718,0,2,1,0
4439,0,1,53.76847140402483,52.26983329457143,0,7,1,1
4440,1,1,40.0561858104922,57.52938605557775,0,5,0,1
4441,0,1,35.73657898847327,33.45928715983682,0,2,0,1
4442,0,1,53.83503412486631,47.290956857195596,0,2,0,0
4443,1,2,27.889111624521043,38.3273603232768,0,4,0,0
4444,0,2,58.10416239810593,62.29029513725478,0,11,1,0
4445,1,1,65.61042922597768,76.60842905953588,1,7,0,1
4446,0,1,69.96806782448492,77.75212976508743,1,8,0,1
4447,0,1,85.05333114863599,61.76819757232644,1,5,1,1
4448,0,2,67.44972286153843,59.421445599790836,1,4,0,1
4449,1,2,52.958062226698026,59.608998858662034,0,9,1,1
4450,0,2,62.30495603120995,68.04773747144272,0,9,1,1
4451,0,2,50.498056123907645,59.11611195639821,0,9,0,1
4452,0,2,48.097874224668075,48.99646118900787,0,7,1,0
4453,0,3,75.97832144698668,62.112968894867684,1,3,1,1
4454,0,1,50.7911875453892,55.201756881935,0,7,0,1
4455,1,2,35.00164241884232,43.406042127675235,0,4,1,1
4456,1,1,93.34710787595097,58.2009460031779,0,7,0,1
4457,0,2,68.35835769425334,66.72011563353806,1,7,1,1
4458,0,1,45.21372542161202,40.668524132421204,0,3,1,1
4459,0,1,36.31244960517558,44.22864773362098,0,9,1,1
4460,1,2,40.86805983913322,50.4326337266276,0,2,0,1
4461,0,2,70.05404093955427,69.12288032390751,1,6,1,1
4462,0,1,54.803055067285094,44.61309239812884,0,4,0,1
4463,0,2,77.58588042725657,63.89002322880827,1,8,1,1
4464,0,1,25.737396773379338,30.73225991915824,0,5,1,0
4465,0,1,85.70059015826462,50.07952134528511,0,6,0,1
4466,0,3,57.02262803498995,46.00307261755314,0,4,1,0
4467,1,1,53.08363770997417,56.31628821368064,0,4,0,1
4468,0,1,34.06835493061162,34.937176834510524,0,6,1,0
4469,0,2,50.056075118308875,47.633134797840384,0,2,0,1
4470,0,2,61.93265707719319,54.3065825111817,1,3,1,1
4471,0,1,0.0,54.634434847307695,0,9,0,1
4472,0,2,47.71366307985051,52.046988410376414,0,8,1,1
4473,0,2,53.84851381110515,29.20494702033954,0,3,1,0
4474,0,2,72.30852251381965,64.31115102198524,1,7,0,1
4475,1,1,66.66217961386617,71.62476139875062,1,4,1,1
4476,1,1,59.06407292868528,64.62525683536347,1,4,0,1
4477,0,2,68.11281460832525,53.06085446039621,1,1,1,1
4478,0,1,25.310228252607267,67.80259347509516,1,10,1,1
4479,1,2,71.11238848423861,84.51786716516186,1,8,1,1
4480,0,1,29.329727125547652,35.19373993365397,0,5,1,0
4481,0,1,62.302144460237635,56.05009134017434,0,11,1,1
4482,0,1,38.0883781891487,35.71000643742803,0,4,1,1
4483,0,1,51.15924782154198,47.62666029845884,0,4,0,1
4484,0,2,16.61035141945397,19.942842265467544,0,3,0,0
4485,0,1,56.92803712026311,57.01688114743399,0,10,0,1
4486,1,1,14.918272451924832,26.129196088885884,0,2,1,0
4487,1,2,100.0,70.80317241367538,1,4,0,1
4488,0,1,83.31854985287724,71.56652053287073,1,6,0,1
4489,0,3,62.83129044177606,52.714842279406,0,3,1,1
4490,0,3,63.081372808575644,51.339642753035506,0,4,1,0
4491,1,1,68.33089297006663,78.5188159990612,1,8,0,1
4492,1,2,40.90666464885072,39.88304719927557,0,8,1,1
4493,1,2,34.21988196843709,39.96170193533444,0,4,1,0
4494,0,1,43.91777240684552,36.008488553875054,0,4,1,0
4495,0,2,40.93421741412706,41.92695811797204,0,3,1,1
4496,0,2,49.08230571848728,55.62950206697169,0,4,0,0
4497,1,1,30.51042515211511,46.88352325840127,0,3,0,0
4498,0,3,53.437564829100985,56.90990012345436,0,8,0,1
4499,0,1,69.99038866522793,60.01156450296901,1,5,0,1
4500,0,3,45.762057071380305,44.84938701906122,0,8,0,1
4501,0,1,58.821803271253,46.78744655551106,1,3,0,1
4502,0,3,29.35440858831297,37.22909410193833,0,6,1,1
4503,0,1,42.385516861408966,45.12362230368385,0,3,0,0
4504,0,2,57.64618935857621,42.33979623216474,0,2,0,1
4505,0,1,50.279989109724966,59.77031377965448,0,12,0,1
4506,0,3,51.896342686810094,42.626123812409574,0,3,1,1
4507,0,2,57.541009461095555,57.9541880978641,0,6,0,1
4508,0,3,46.032973998211155,36.29996721392118,0,5,1,1
4509,0,3,59.020502006853775,58.05775304889645,0,7,1,0
4510,0,3,56.43843993102989,52.40095975171805,0,5,1,0
4511,0,1,51.36097696859847,60.074846953223236,0,9,1,1
4512,0,1,52.24600622144168,45.565576015374326,0,1,1,0
4513,0,3,55.11340670044604,62.86381562287571,0,10,1,1
4514,1,1,52.93335095277201,68.74043510761412,0,5,1,1
4515,0,2,29.511508386030666,33.87270009415902,0,5,1,0
4516,0,1,22.763714958232782,22.063423843291318,0,2,1,0
4517,1,2,41.024295744488064,47.915219219264245,0,8,0,1
4518,0,1,28.551346799199884,34.53831314123634,0,5,1,1
4519,0,2,71.73870953569619,64.46251239047378,1,5,1,1
4520,0,2,65.14514371955791,56.89447706425261,1,7,0,1
4521,0,2,32.18546890247426,33.3763713404528,0,3,1,0
4522,0,2,69.63558930310943,63.024861095518666,1,9,1,1
4523,0,3,82.17551747673429,62.84446624891008,0,8,1,1
4524,0,2,52.283122788560306,61.66714189054864,0,7,1,0
4525,0,1,34.867414294071956,35.07036552976366,0,5,1,0
4526,0,2,56.36421175596331,42.160676061964644,0,3,1,1
4527,0,2,36.99013770944134,55.1953868101393,0,7,1,0
4528,1,1,39.65711432459551,48.22643761807454,0,3,0,1
4529,0,2,22.529980052592848,37.541220862631704,0,7,1,0
4530,1,3,38.845809494236725,51.81847019196567,0,2,1,1
4531,1,1,62.664271123125005,70.67298353528835,1,7,0,1
4532,0,2,45.97639840520849,38.976757135132125,0,5,1,0
4533,1,2,65.020027003019,58.04351234992102,0,4,0,1
4534,0,1,18.337789685595986,34.396582229529734,0,6,0,1
4535,0,2,62.869667072298064,79.5551345976639,0,7,1,1
4536,0,2,63.612322974972166,61.77908914336548,1,7,0,1
4537,0,2,27.492027591164863,37.65794775028,0,3,0,1
4538,0,3,18.726965677552744,31.96200220943317,0,9,1,1
4539,0,3,51.574439069535956,52.10136392478951,0,5,1,1
4540,0,3,58.869700252630615,44.006961424601805,0,3,1,1
4541,0,2,17.674144242576304,21.463181710478366,0,4,0,0
4542,0,1,69.82746467673206,71.83846667928248,1,5,1,1
4543,0,2,22.65744036663049,43.34585242554043,0,6,1,0
4544,1,1,27.65561400376345,42.52540458485909,0,4,1,1
4545,1,2,35.57366266236086,46.30136284659416,0,5,0,1
4546,1,2,64.5738482061075,70.18159609066319,0,4,1,1
4547,0,1,50.06722657491485,54.189769007507735,0,6,1,1
4548,1,3,100.0,61.273361477635866,0,4,0,1
4549,1,2,45.43460680827747,60.82854355687107,0,5,1,0
4550,0,3,32.868304026474064,32.43459579807264,0,2,0,0
4551,0,2,33.25361093795377,32.862255621894434,0,5,1,0
4552,0,2,45.74191509814564,43.49033690340542,0,5,1,0
4553,1,3,94.53445808981887,65.28219634610701,0,2,0,1
4554,0,1,21.801505263833207,27.34821840987187,0,3,1,0
4555,1,1,77.63318780679813,67.815283187193,1,2,0,1
4556,1,2,11.528290631846804,33.72333258245113,0,5,0,0
4557,1,2,68.33055728710895,69.45586408583429,1,6,0,1
4558,0,1,55.5639968320335,47.84320637980556,0,4,1,1
4559,0,1,44.31378942295183,35.078905526153605,0,2,1,0
4560,1,2,71.83152907647707,70.07692311622002,1,6,1,1
4561,0,3,41.351224377738745,39.72663619855591,0,6,1,0
4562,1,2,61.71055639946659,73.71831915891212,0,8,1,1
4563,1,2,65.67394491327201,66.60991929574789,1,4,1,1
4564,1,2,80.99286668167821,83.67049232380312,1,5,0,1
4565,0,2,37.71331099639382,32.40140699169108,0,4,1,1
4566,0,1,87.7567717367981,72.7065821025887,1,6,1,1
4567,0,2,36.20932682344247,32.56000574467566,0,3,0,1
4568,0,2,54.65863538417261,47.59272574805407,0,5,1,0
4569,0,3,57.852169844935545,45.93547457665307,0,4,0,1
4570,1,2,37.61877242595102,47.69501965245932,0,4,1,1
4571,1,1,31.372070290707697,37.16559500698572,0,3,1,0
4572,1,1,56.11176173098884,60.00892607800928,0,6,1,1
4573,0,1,42.670387704581124,45.406875063923934,0,4,1,1
4574,0,2,84.5034737221716,68.89736396466809,1,6,1,1
4575,1,2,40.81923927296356,45.80571441609726,0,5,1,1
4576,1,3,66.84388900151929,77.92590813517084,0,11,1,1
4577,1,1,45.4614468388624,58.54479498062587,0,5,1,1
4578,1,1,58.42289512224048,60.5236152968852,1,5,1,0
4579,1,2,36.824187476182324,48.69738845952251,0,5,1,1
4580,0,2,58.550353401562184,60.75748692748096,0,6,1,0
4581,1,2,31.177724955134295,46.19275015979675,0,6,1,1
4582,1,1,44.48008560874217,53.880813878559984,0,3,0,1
4583,1,2,46.448882868902444,34.9166685018147,0,3,1,1
4584,0,2,36.48573600576085,44.6283898828852,0,7,0,0
4585,0,2,48.53411616184186,44.88862049476498,0,6,0,0
4586,1,3,50.71780524651619,54.49388855076954,0,3,1,1
4587,0,1,50.383022690824156,50.28620992172823,0,5,1,1
4588,0,3,59.19787631194972,41.73171517182258,0,0,1,1
4589,1,2,30.267433834496305,56.841495496077236,0,9,0,1
4590,0,2,31.23688224059668,39.19852849534428,0,6,1,1
4591,0,2,66.99863214493892,60.23927417821537,1,5,1,1
4592,1,2,38.12253599578872,40.828293032026366,0,2,1,0
4593,1,1,76.8400033805692,76.71265837637597,1,6,1,1
4594,0,2,45.44686481863798,35.71043380376297,0,3,0,0
4595,0,2,64.1809457168934,60.47194850520878,1,4,0,1
4596,0,1,66.31124332257144,63.886566547787254,1,4,1,1
4597,0,1,38.32891389630314,33.125900002852305,0,2,1,0
4598,1,1,79.4673756656095,80.1298290912915,1,5,1,1
4599,1,3,73.03734307281464,60.17123537444716,0,1,0,0
4600,0,3,59.27315560301788,47.94991051471612,0,3,1,1
4601,0,2,54.28595494237602,56.88558756811259,0,6,1,1
4602,0,1,63.41982676094762,64.50536067383119,1,6,1,1
4603,1,2,32.85552210136494,48.681197905506096,0,9,0,1
4604,1,2,40.33948453429871,45.42686788468601,0,2,0,1
4605,1,2,63.80479683681363,67.83764819437684,1,5,0,1
4606,0,2,65.0889028557786,56.608269924506956,0,6,0,1
4607,0,2,53.652884634956656,57.5688452979792,0,7,0,1
4608,0,2,33.10432177073463,33.28381355978074,0,1,0,0
4609,0,2,44.3961603025974,38.17176530260991,0,6,1,1
4610,0,2,11.021569705562241,17.996309212394415,0,5,1,0
4611,0,1,48.44493674431931,48.04463683340175,0,6,0,1
4612,1,1,56.100038751809016,59.90550242524055,0,7,0,1
4613,0,3,48.18700189923105,49.18163819600548,0,7,1,1
4614,1,1,44.79073005462457,59.72976183863444,0,7,0,1
4615,0,1,55.7117815570136,48.34255633515207,0,1,0,0
4616,0,1,53.94231567293004,43.83878103996048,0,3,1,1
4617,0,1,68.37524944750695,59.035517586743055,1,4,1,1
4618,1,2,48.00565443046688,49.81975326314507,0,2,0,1
4619,0,1,50.3733775558261,41.50039307274073,0,3,1,1
4620,0,3,50.50742972037003,50.33835783270472,0,6,1,0
4621,0,3,67.54953966675191,62.672768554466394,0,9,1,1
4622,1,2,40.53674426346338,44.81717930475979,0,4,0,1
4623,0,1,29.36856106664183,32.357956492057376,0,4,1,1
4624,0,2,73.69465451161483,71.58545570732144,1,6,1,1
4625,1,2,33.99652298777509,48.51720562732175,0,6,0,1
4626,0,2,39.99418295189909,34.22917755275253,0,5,1,1
4627,0,2,47.939543362087626,36.53798117155677,0,3,1,0
4628,1,1,38.39646703935776,47.28223556257128,0,5,0,1
4629,1,1,36.37948215502874,44.507773454410795,0,4,1,1
4630,1,2,38.23386068637315,53.291342368908104,0,6,1,0
4631,0,2,49.16852174697421,50.19720685609398,0,4,1,1
4632,0,3,53.480071694513555,58.92946522628382,0,5,1,1
4633,0,1,71.61137714593718,59.63648060007814,1,4,1,1
4634,0,2,48.040505262862105,45.30310758190131,0,5,1,0
4635,0,1,29.582203683665938,38.26275594711741,0,7,1,1
4636,1,2,31.858959064741725,41.67774441100797,0,1,1,1
4637,0,1,59.852883882768275,45.48934643412604,1,4,0,1
4638,1,1,69.5715932589795,66.82877286087795,1,5,1,1
4639,1,1,67.40772187124453,59.78486292770903,1,1,0,1
4640,0,2,61.128130507966404,52.55312704756055,0,3,1,1
4641,0,1,58.551845837093154,57.1020298651854,1,6,0,1
4642,0,1,59.452988705834784,56.04081769762767,1,5,0,1
4643,0,3,47.25102581908282,64.25473814707607,0,6,1,1
4644,0,2,55.88733746782038,48.608071454675205,0,4,1,1
4645,0,1,32.71105406718593,51.40497350641544,0,13,1,1
4646,0,1,48.494567555874035,42.03885156329672,0,1,1,0
4647,0,2,42.94918441339726,50.52492448453841,0,7,0,1
4648,0,3,39.83219942809466,38.360482914273746,0,4,1,0
4649,0,1,60.48329859992729,54.31735075390242,0,5,1,1
4650,1,2,62.913429113431924,72.87251963728404,1,6,0,1
4651,0,1,49.28138578154942,46.706932491625814,0,3,0,1
4652,1,1,26.616765777127252,29.054908215378894,0,6,0,1
4653,0,3,42.867028166280804,36.25213475253075,0,3,1,1
4654,1,3,58.99275383567348,61.16555983595699,0,7,0,1
4655,1,3,26.846466759812014,49.102408084706845,0,3,1,0
4656,0,2,47.77198904591835,45.61199378935447,0,4,1,1
4657,0,2,43.37188739625022,44.9320239992312,0,4,0,0
4658,0,3,55.895359166676734,41.07495400878253,0,3,1,1
4659,0,1,53.73782021492374,50.33952197603839,0,6,1,1
4660,0,1,0.0,33.483685384751944,0,7,0,1
4661,0,1,44.8265763607777,38.94133589443254,0,5,1,1
4662,1,1,64.97054880147294,80.69373856116472,1,11,1,1
4663,1,2,43.96109710531082,61.03707394241854,0,5,1,1
4664,0,2,54.17603574328292,54.95530634036725,0,6,1,1
4665,1,1,59.48622533745644,68.65576413699422,0,6,0,1
4666,0,2,75.40358581243743,59.544391648650894,1,2,1,1
4667,0,2,49.80042809768022,37.33730521710157,0,2,1,0
4668,1,2,48.39154090866644,48.98891989555693,0,4,0,0
4669,0,3,49.53578129045238,42.49948462079502,0,4,1,0
4670,1,3,46.43211160685074,62.61857911676312,0,7,1,1
4671,0,2,52.70163903625887,55.048603578825265,0,7,1,1
4672,1,1,29.362956574789496,47.98778419632177,0,5,0,1
4673,0,2,40.466187339262255,36.7736303891573,0,5,1,1
4674,0,2,23.543198038611507,27.607376278151687,0,5,1,1
4675,0,2,54.84137786867728,49.237061238500274,0,3,0,1
4676,0,1,50.73209749266446,44.60179420343192,0,5,1,0
4677,0,1,49.10912011058176,39.56367470739926,0,5,1,1
4678,0,1,46.27994129768314,45.982213776910015,0,5,0,1
4679,0,2,38.51873732610909,37.96353050208682,0,4,1,0
4680,1,3,45.67215386680575,44.73049672555078,0,2,1,1
4681,0,1,49.544093603542976,45.27445800089631,0,5,1,1
4682,1,1,42.60984212931275,55.227352482155226,0,8,0,1
4683,0,1,68.1938925643405,46.58962503453311,1,1,1,1
4684,0,1,23.586234092960034,34.326789138480216,0,5,0,1
4685,0,1,86.60366514136048,68.19016893072401,1,5,0,1
4686,0,1,69.76977161384933,53.693599798597084,1,3,0,1
4687,0,2,37.27488302917061,36.18719339089977,0,6,1,0
4688,1,2,38.73574808826528,53.72301292167295,0,6,0,1
4689,1,2,35.53196539546448,44.866228706948405,0,3,1,1
4690,0,2,43.58254963256877,39.95885930095779,0,4,1,0
4691,0,1,58.94260333581545,55.567714207470374,0,4,1,1
4692,0,1,58.29989972342325,42.119165174243804,0,3,1,1
4693,0,2,29.91093553867598,50.439209173665425,0,11,1,0
4694,0,1,37.837578103284855,33.826091100983675,0,6,1,1
4695,0,1,72.29489433281981,69.77979416651294,1,9,1,1
4696,0,3,29.05163330459417,37.5252778557127,0,4,1,0
4697,0,1,21.896895020599768,38.981670760669,0,5,1,1
4698,0,2,30.04506255928418,26.032993464687692,0,6,1,0
4699,1,1,68.28481436069582,65.36001387982579,1,3,1,1
4700,0,2,39.77422264253589,32.263113618306036,0,3,1,0
4701,0,1,65.72421999339274,63.86535389894233,1,5,1,1
4702,0,1,40.48435303730755,35.2232911678672,0,3,1,1
4703,0,2,37.628994579667946,41.47687972972963,0,5,1,0
4704,0,2,9.993760558714277,16.131328195993667,0,1,1,1
4705,0,2,43.62086780776487,46.8646035428089,0,7,0,0
4706,0,3,65.08725220411998,57.7003838534846,1,3,0,1
4707,0,2,45.73622044074254,40.81200835242491,0,6,1,1
4708,0,1,26.42915417596344,29.77633629242104,0,5,1,1
4709,0,2,62.550777395339374,55.98496314744311,0,4,1,0
4710,0,2,45.0544704348113,46.53456253280342,0,5,1,1
4711,0,1,69.54245858798484,61.08694894587813,1,4,1,1
4712,1,1,58.13667640587909,58.34820838585082,0,4,1,1
4713,0,1,17.715072855803385,26.62286435106073,0,4,1,0
4714,1,1,29.582658138647325,43.89151895922373,0,5,0,1
4715,0,2,37.05005920781295,40.987918156221156,0,4,1,0
4716,1,1,3.4822328453281712,25.54342734143183,0,4,0,0
4717,0,1,44.628684849419315,45.82050189907011,0,8,1,1
4718,0,2,58.44474929300877,42.7504234629731,0,4,1,1
4719,1,2,100.0,62.253004170325745,0,6,0,1
4720,1,2,54.54775483880089,66.2179593154659,0,7,1,0
4721,0,3,63.30221634908886,54.853134273841995,0,5,1,1
4722,1,2,23.61619782018167,42.357799877006386,0,6,1,1
4723,0,1,59.87860708778413,53.05127945080352,0,4,1,1
4724,1,1,46.48731697234104,49.278897114968096,0,6,1,1
4725,1,2,76.11354287657838,83.47282372981945,1,8,1,1
4726,0,2,57.96754913493239,50.43079894803597,0,5,0,1
4727,0,2,0.0,22.9330451561503,0,7,0,0
4728,1,3,38.19198503384882,45.9454654483018,0,4,1,1
4729,0,2,18.64167077456998,31.16195756460353,0,6,1,0
4730,1,3,100.0,68.8468517132321,0,6,1,1
4731,0,3,58.084478983435474,51.731918655658625,1,3,1,1
4732,0,3,51.54874206729456,57.008111164189884,0,9,1,1
4733,0,3,59.85247016965685,50.52945041947974,0,3,1,0
4734,1,1,60.02804526818371,61.480252159465195,1,3,0,1
4735,1,2,34.37758850150381,43.53911300533616,0,4,0,1
4736,0,2,39.987610434802185,45.327259951691325,0,5,0,1
4737,0,1,57.319338852050066,43.192618522906535,0,2,0,1
4738,0,2,54.684078569919635,53.57046239404332,0,7,0,0
4739,0,2,41.71975876993315,41.84228283133193,0,5,1,1
4740,0,2,30.53223202237,36.62468154272706,0,7,1,0
4741,1,1,46.8153920044358,60.30973366745844,0,8,1,0
4742,1,2,48.66692285555344,65.76615120357015,0,6,0,1
4743,0,2,69.15158036622626,50.12452359297828,1,1,1,1
4744,0,1,52.15319324867773,39.868226850696146,0,2,1,1
4745,0,3,35.474426167672576,31.566695964087945,0,2,1,0
4746,0,2,75.00345899890064,60.7696763475468,1,3,0,1
4747,0,2,45.82221384732886,63.41068051116475,0,10,1,1
4748,0,2,59.91595907838001,51.669993702719765,0,6,1,0
4749,0,1,39.09239879999212,41.210368664392426,0,4,0,0
4750,0,3,50.456022475864444,57.454309260094135,0,10,1,1
4751,0,2,76.44399716300151,54.784956935097824,1,2,1,1
4752,0,1,63.88832792296192,56.492705565608105,1,6,1,1
4753,0,2,37.66207498887573,38.929973729582784,0,4,0,1
4754,0,3,61.04081598794765,53.81041837198117,0,3,0,0
4755,0,2,76.41386234292317,68.09319707392442,1,4,1,1
4756,0,2,47.15737251696249,41.63727079400069,0,7,0,1
4757,0,1,56.60507254448019,55.72437733361523,0,5,1,1
4758,1,2,38.700491952361496,47.79867821244767,0,3,0,1
4759,0,1,58.42108515050391,60.865020362989206,0,8,1,1
4760,0,2,53.54613897068419,40.87235623409647,0,0,1,0
4761,0,1,85.75474305420718,57.98098834880678,1,2,1,1
4762,0,2,53.95677607889342,54.130099308439156,0,5,1,0
4763,1,3,64.95776802858002,61.10845516173798,0,1,0,0
4764,0,2,44.879341269219964,15.925394787043793,0,4,1,0
4765,0,1,44.37433500909097,36.51323973155997,0,1,1,1
4766,0,2,59.21090177359456,45.60941691365981,0,3,1,1
4767,0,2,17.158362179525092,29.04074985756926,0,7,1,0
4768,0,2,93.56205723736443,57.61071007677922,0,8,1,1
4769,0,2,73.20451210736482,58.828961556186506,1,2,1,1
4770,1,2,49.097570683634125,70.63055098401601,0,6,0,1
4771,0,2,49.32838411567814,40.55620441122053,0,4,0,1
4772,0,2,45.60381980800888,34.69402867066981,0,1,1,1
4773,0,1,40.684790975975126,48.80617727576609,0,9,1,1
4774,1,1,44.48252373955443,46.88939136110298,0,4,1,1
4775,0,1,61.033361940547714,65.25104099156066,1,1,1,1
4776,1,2,70.553991908945,68.40388216187752,1,2,0,1
4777,0,3,54.64342521376125,43.530667682276764,0,4,1,0
4778,0,1,67.90525690285916,69.56392300224553,1,9,1,1
4779,1,1,52.26013705886497,68.25150229608896,1,4,0,1
4780,0,3,64.83594544388635,55.220547209530935,0,3,1,1
4781,1,2,49.746516354419256,62.42634147996563,0,6,0,0
4782,0,1,59.456596465028156,57.47983409728482,1,5,0,1
4783,0,3,49.03964706328633,49.64418033831956,0,5,1,0
4784,0,1,72.3192821162917,59.122571201809535,1,7,1,1
4785,0,1,21.076490301289024,34.635242419521035,0,7,0,0
4786,0,1,34.750486012089354,42.776808704053316,0,6,1,1
4787,0,2,64.06466058369914,61.56448879304581,1,6,1,1
4788,0,1,52.595885819614004,55.4504529867256,0,8,1,1
4789,0,2,29.063198557757573,37.945854177016834,0,5,1,1
4790,0,3,41.45042083572308,38.34507340296337,0,7,0,1
4791,0,2,54.92389162418275,41.923179216489345,0,2,1,0
4792,1,1,25.639007085437846,40.67602211031631,0,5,0,0
4793,1,3,52.420607621758656,60.8424274809935,0,6,0,0
4794,0,1,18.258286938159266,28.239822801645253,0,4,1,0
4795,0,3,72.37569560037548,62.54491118550691,1,5,0,1
4796,0,2,58.97241968133352,52.2831277370119,0,5,0,1
4797,0,2,57.779339429736005,60.09835142626972,0,8,1,1
4798,0,3,66.71771443002166,77.67989017612896,0,10,0,1
4799,0,1,51.676018191230455,60.09615382119733,0,7,1,1
4800,1,1,99.15837502618405,36.88964209004583,0,6,1,0
4801,0,1,36.42123314675612,41.757051443901936,0,7,1,1
4802,1,1,56.92951894652374,61.99635698086216,0,8,1,0
4803,0,2,46.937605290222336,50.67825512800116,0,6,1,1
4804,0,2,79.98782054402083,60.912948981818175,1,1,0,1
4805,1,3,49.84125272266063,56.42509722432538,0,5,0,1
4806,1,1,44.68094523550021,55.73159485095202,0,6,1,1
4807,0,1,39.85664356984544,41.69843382877808,0,6,1,1
4808,0,1,47.901043027018815,41.60166200660652,0,2,0,1
4809,1,3,43.840137024776084,51.32965722037991,0,6,0,1
4810,0,3,55.611840585429874,53.82344231102816,0,8,0,1
4811,0,1,67.63725982861763,55.281590634192,1,6,1,1
4812,0,2,69.75750089561971,51.29067190745025,1,3,1,1
4813,0,2,60.141540597857464,64.70182766184037,1,7,0,1
4814,1,3,67.1991621155305,68.45486081527636,0,3,1,0
4815,0,2,52.074569734378755,59.17524291268523,0,8,0,1
4816,0,3,45.38843613395475,43.74848850729692,0,4,1,1
4817,1,3,54.71288538000674,63.069486858758665,0,1,1,1
4818,1,1,57.7798139022375,64.41341845562343,1,6,0,1
4819,1,2,27.75825050416843,38.83103099533341,0,3,0,1
4820,1,2,42.98637685543673,48.488718376731995,0,3,0,1
4821,0,1,39.19319826158759,36.575173123665884,0,6,1,1
4822,1,2,47.730540337402466,48.22621153149641,0,1,1,1
4823,0,3,40.16324198715338,41.73978066408987,0,6,1,0
4824,0,1,24.398559425672556,42.72366847027541,0,5,0,1
4825,1,1,58.2923980034581,67.74337622916386,1,7,0,1
4826,0,2,30.630825203616144,36.76762373548877,0,5,0,0
4827,1,3,15.643272478004654,39.35454972551439,0,7,1,1
4828,0,2,67.21927986074955,53.457981103481465,1,4,1,1
4829,0,2,54.804507829203445,54.49872270816519,0,8,1,0
4830,0,1,56.59086137372833,55.33987774823602,0,6,1,1
4831,1,2,65.94665375135098,71.98479842165465,1,6,0,1
4832,1,2,67.40719811335356,57.940649675853095,1,1,1,0
4833,0,2,32.73179091445814,34.70114987900127,0,5,1,1
4834,0,2,10.358593516534413,18.318860507239183,0,6,1,0
4835,0,2,53.326762037527224,55.124855788450695,0,9,1,1
4836,1,2,43.002257538179784,51.642074792435096,0,7,0,1
4837,0,2,67.61436525818023,69.09792743189247,1,9,1,1
4838,0,2,14.517327463175267,25.400708290616627,0,5,1,0
4839,0,1,73.2083157774787,59.84664046636472,1,4,1,1
4840,0,1,42.650797328479,42.49778057534647,0,6,0,1
4841,0,1,73.98230373842668,57.2514681091048,1,3,0,1
4842,0,3,51.98254873298846,58.51765219599116,0,7,0,0
4843,0,1,57.61437408845332,45.28580127713516,0,1,1,1
4844,0,3,31.194767998201733,35.78010378504399,0,3,0,1
4845,0,3,45.78385632265018,51.43850679282258,0,7,1,0
4846,1,2,49.96471478045238,50.579421565792344,0,7,1,1
4847,1,2,63.057980332227885,64.62979252057417,1,3,1,1
4848,1,2,48.98917414946958,69.11971705248669,0,7,1,1
4849,0,1,39.186692375203236,41.33498057656266,0,4,1,1
4850,0,1,43.884426617566454,36.16484832156733,0,1,1,0
4851,1,1,29.918330183455915,36.58045616018042,0,4,1,1
4852,1,2,49.36988721735067,68.03194149728266,0,10,1,1
4853,0,1,59.80944217175319,42.044268232349644,0,3,1,0
4854,0,1,28.04269018900267,24.047728637400116,0,3,1,0
4855,0,2,48.225521555945924,53.92988644777671,0,5,0,0
4856,1,1,38.397926018007475,68.36355278450436,0,12,0,1
4857,0,3,47.410684514745014,52.08330800028761,0,7,1,0
4858,0,3,38.845523972854,34.31768584010862,0,5,1,0
4859,0,1,40.10348231936645,40.28967622361882,0,8,1,0
4860,0,1,40.51584067978254,40.832187735449196,0,2,1,0
4861,1,3,42.47618425111585,43.28451807419352,0,1,1,0
4862,0,1,70.49917051132137,58.616526061509674,1,6,1,1
4863,1,1,42.80638701340776,50.4684578823966,0,7,1,1
4864,0,1,51.79624867559004,45.48248284644091,0,4,1,0
4865,1,2,56.48571747679807,54.89338742880362,0,5,1,0
4866,0,3,37.3227409181398,43.82803860824201,0,6,1,1
4867,1,2,35.57151170223965,55.56278616455571,0,7,0,0
4868,1,1,43.49666503716251,54.20975946682497,0,5,1,1
4869,0,1,60.66802311871895,51.36505264218185,1,5,0,1
4870,0,3,71.72541922038504,69.8162929118286,1,6,0,1
4871,0,2,49.42684930028384,48.9686259962601,0,1,1,0
4872,1,3,49.247935068488694,68.03206667787931,0,11,0,1
4873,1,3,43.49028485521311,63.81978014379711,0,10,1,1
4874,1,2,61.28036545220555,74.81678621557136,0,7,1,1
4875,0,3,53.769319984668286,52.99901978849827,0,5,0,1
4876,0,2,42.110544947640776,38.01234484451824,0,4,1,1
4877,0,3,67.79186805754544,63.4142514296626,1,6,1,1
4878,0,2,65.57166044213928,55.40903421975748,0,3,1,1
4879,1,3,63.20782887708499,69.95188594081607,0,6,0,1
4880,1,1,59.08700120892585,67.17393588650995,1,6,1,1
4881,0,2,53.21440730251245,55.9282987007512,0,5,1,1
4882,0,1,56.90770526785068,50.334344560123895,0,5,1,1
4883,0,3,40.69429699676937,35.28138620968882,0,4,1,0
4884,1,1,37.77819373826324,47.68533858870784,0,4,0,0
4885,1,2,47.99985885644078,61.861685001497484,0,10,1,1
4886,1,2,59.24964406999286,62.74778812670395,1,2,1,1
4887,1,3,66.80794810064815,61.28816249646825,0,5,1,1
4888,0,2,47.98877540350853,43.21950612465872,0,5,1,1
4889,1,2,36.22529623080064,48.83795890275963,0,4,1,1
4890,0,2,59.321699585127746,45.74165317269718,0,5,1,0
4891,0,2,58.395168931518576,52.28867819454244,0,7,1,1
4892,1,1,23.47101041406824,31.755171325622097,0,3,1,0
4893,1,2,37.838483664057364,47.33937500852418,0,4,0,1
4894,0,2,40.740188965979776,40.72195884448877,0,5,0,1
4895,1,1,54.52029464210936,56.14532054067191,0,4,0,1
4896,0,3,51.34809751027936,55.93634509431119,0,8,0,0
4897,0,2,39.51556637050707,34.12786023576735,0,5,1,0
4898,0,2,24.5341117593986,42.45070444284521,0,2,1,1
4899,0,1,48.891418782223816,47.55171173386213,0,3,1,1
4900,0,2,37.91614944049269,27.666711226526257,0,2,1,0
4901,0,3,43.900639495965535,39.085603559847705,0,2,1,1
4902,1,2,74.7339413730938,68.77075455606102,1,5,1,1
4903,0,3,36.562061869223086,39.765327180934776,0,3,1,0
4904,0,1,5.4502627768516785,18.34706018058552,0,4,1,0
4905,0,1,47.068241645196714,48.38644179324324,0,4,1,0
4906,0,3,55.62222931034059,38.43435202688364,0,6,0,1
4907,1,2,15.610935624658032,51.563382964967566,0,7,0,0
4908,0,2,63.45926969976105,61.1248746638668,0,7,1,1
4909,0,1,37.36266992724442,39.91154322557852,0,3,1,0
4910,0,1,42.0524996042089,43.8276879370265,0,4,1,1
4911,0,3,48.12850514571464,50.59479602595129,0,6,0,1
4912,0,1,39.3874998987271,55.577692587419655,0,13,1,1
4913,0,2,69.19430981174062,66.3112404523068,1,8,1,1
4914,0,2,52.89207569805565,55.61853570261108,0,7,1,0
4915,0,1,33.383270455652884,39.447040307339634,0,5,0,1
4916,1,1,38.222321581983294,47.30135091956677,0,6,0,1
4917,0,2,66.61978463679274,70.44174344190345,1,6,1,1
4918,0,2,35.42511732950548,39.85150148509508,0,6,1,0
4919,0,2,57.04377091024578,58.97707360229334,0,3,0,1
4920,0,2,65.99944429174556,58.694838114900136,1,7,0,1
4921,0,2,30.30680258579441,39.56724449291412,0,9,0,1
4922,0,2,61.40262906377308,27.001842848965957,0,5,1,1
4923,0,1,89.26071516074845,44.11568635858136,1,0,1,1
4924,0,2,45.9424493874836,61.65639671076407,0,8,1,1
4925,0,2,37.0018468856488,34.90188797761297,0,3,1,1
4926,1,3,62.44187622259422,71.08878595628914,0,5,1,1
4927,1,2,53.35327054417121,64.67168435692378,0,3,1,0
4928,0,2,67.40944150970677,58.32196425215817,0,7,1,1
4929,1,2,33.73597073940141,44.339771425189156,0,5,0,1
4930,1,3,41.642399462540034,40.122947539974206,0,0,0,0
4931,1,2,49.58822736719643,57.478104104311754,0,5,0,1
4932,1,1,45.4456719995223,54.49995560757539,0,7,1,1
4933,1,1,59.24845978636543,68.54631595246099,0,5,1,1
4934,1,3,45.861607570967095,55.205072592956164,0,4,0,1
4935,0,2,93.37926936372286,55.67110403647752,0,4,1,1
4936,0,1,39.39725593271812,36.85985588198158,0,2,1,0
4937,0,2,68.57542942399361,58.629721594038195,1,5,1,1
4938,0,1,83.86401268139564,65.83451854225171,1,5,1,1
4939,0,3,35.53348313298699,45.49661541577027,0,8,0,1
4940,0,1,55.45106583907497,43.50991126088562,0,6,1,1
4941,0,2,37.641077389624705,40.93190187024267,0,7,0,0
4942,0,1,40.503274778209885,35.42609496885388,0,0,1,0
4943,1,1,57.57386279756723,62.64008137558381,1,7,1,1
4944,1,3,48.41083093679681,55.75475123639925,0,6,0,1
4945,0,2,53.18109000820838,47.73078316344377,0,3,0,1
4946,0,3,50.941320295145076,41.61057613573835,0,4,1,1
4947,0,2,51.21942850804201,48.23036751939565,0,5,1,1
4948,0,1,40.9581623085477,38.81541204206531,0,4,1,0
4949,0,2,56.65686351832691,58.81128847265932,0,8,1,1
4950,0,3,62.074562947024894,62.44369310462297,0,6,1,1
4951,0,3,77.83784736630636,57.99585801384553,0,10,1,1
4952,0,2,54.4260245703185,51.685211800634356,0,4,1,1
4953,0,2,70.82167406322968,67.32982746815439,1,8,1,1
4954,0,2,34.36133822296149,25.46491550039227,0,1,1,0
4955,0,3,65.98338867769543,62.369202442618246,0,6,0,1
4956,0,2,69.99527017675858,69.32116199057285,1,10,0,1
4957,1,2,40.74217806180329,52.09909932376219,0,6,0,1
4958,0,2,63.91092033635831,53.88098552272614,0,7,1,1
4959,1,3,40.87317791021991,59.11939320605122,0,8,0,1
4960,1,1,47.08835752999727,48.16877657472478,0,3,0,1
4961,0,3,56.976743287196214,55.10224282461808,0,5,1,0
4962,0,2,26.393523719388327,38.06841900693959,0,6,1,1
4963,0,3,62.89213628689522,46.434471069441486,0,2,0,1
4964,0,2,67.02602223069253,60.58989674257706,1,4,1,1
4965,1,2,57.30355056177278,58.61495026059194,0,1,1,0
4966,1,1,50.576975531046344,61.180134900454526,0,8,1,0
4967,0,1,33.55485714921705,30.182048187683915,0,3,0,1
4968,0,1,69.59889814302245,59.99461180032978,1,5,1,1
4969,0,2,76.49519317863236,62.60527982353949,1,5,1,1
4970,0,1,24.016800283004574,29.869927932710418,0,4,1,0
4971,0,2,39.93095275547479,52.775592827834025,1,3,1,1
4972,1,2,52.342926105410044,62.002104222519215,0,6,0,1
4973,1,1,44.41366296333116,59.118073211611005,0,6,0,1
4974,0,1,56.866179842231645,39.17144187001431,0,3,1,0
4975,1,2,38.446176864535595,49.7948610579627,0,4,0,1
4976,0,3,0.0,57.180075248739094,0,7,1,0
4977,0,1,70.08616394431633,71.9484328335092,1,11,1,1
4978,0,1,12.580516115246974,25.389408047183554,0,4,0,1
4979,0,1,22.648349258742396,27.861247639321956,0,6,1,1
4980,0,2,67.01529893193452,53.20926301767693,1,4,1,1
4981,1,3,30.96062046364759,45.77148183915316,0,4,0,1
4982,1,1,50.340746376511596,53.82835452515977,0,4,1,1
4983,0,3,82.09727911315709,68.90413842425913,1,4,0,1
4984,0,3,33.09147319309336,44.820442472154895,0,8,0,1
4985,0,2,54.09138320767284,45.017751148937414,0,4,0,1
4986,0,2,59.19746328052224,55.60599575715776,0,3,1,1
4987,0,1,51.214321316489944,46.002242745029605,0,2,0,1
4988,0,2,42.33514471214517,47.896110478913656,0,8,1,0
4989,0,1,47.4724203972991,48.081560034134135,0,4,1,0
4990,1,2,40.30286221298424,41.72570640810718,0,5,1,1
4991,0,2,61.33417943858144,56.135947890451305,1,5,1,1
4992,0,3,37.200576574592965,45.165240236888124,0,9,0,1
4993,0,1,0.0,47.40179081598563,0,4,1,0
4994,0,2,40.05808130834251,53.5446693252258,0,9,0,1
4995,0,2,66.01488946610945,50.3293315984819,1,5,1,1
4996,0,2,22.140854094782796,17.236445646924825,0,4,1,0
4997,0,1,50.13871122097387,41.354630389708774,0,5,1,0
4998,0,3,51.186809772279965,43.893710462928034,0,4,0,1
4999,1,3,56.45343146410843,75.88793500520097,0,10,0,1
5000,1,2,81.86348691744308,69.52132746664736,1,3,1,1
5001,1,2,52.460783069974454,54.64719953405675,0,5,1,1
5002,0,2,85.46302175019893,65.70330817323978,1,1,0,1
5003,1,2,57.45823215506919,64.23478140090381,0,3,0,0
5004,1,3,60.74991367192425,67.82859690238438,0,5,0,1
5005,0,2,47.416694944262616,38.187766378498246,0,2,0,1
5006,0,2,74.52522876716016,64.50082752395862,1,2,0,1
5007,1,3,75.57625885541671,72.04153900282797,1,4,0,0
5008,1,2,16.24791476922853,40.42151515479847,0,6,1,0
5009,0,1,57.17231049084776,50.419040474295365,0,3,0,1
5010,0,1,57.109177202713326,49.95791992770605,0,5,1,0
5011,0,2,72.8371076297855,54.54782911564175,1,2,1,1
5012,0,1,46.40025523386388,45.479666115975235,0,3,0,1
5013,0,2,60.05105125650867,53.85716067545806,1,6,1,1
5014,0,2,56.31424559749204,48.002747341855965,0,3,1,1
5015,0,2,66.80275229859028,66.23398359474756,1,7,1,1
5016,1,1,36.73948483411238,46.69817661574332,0,4,0,0
5017,0,3,20.71437610597711,25.448040860545316,0,2,1,0
5018,1,3,69.2536795950614,62.75445721517929,0,6,1,1
5019,0,1,65.69088987501642,51.94412626679632,1,2,1,1
5020,0,3,27.3508581218604,31.63337317136238,0,3,0,1
5021,1,1,32.18764844730159,40.31921446952849,0,2,0,0
5022,1,1,54.28762020602384,65.55928802589375,0,8,1,1
5023,1,2,78.63488009074945,78.62250666799878,1,10,0,1
5024,0,2,56.51217885192568,45.77541072890517,0,3,0,1
5025,0,2,69.2590284864392,63.99083410063049,1,5,1,1
5026,1,2,71.63548336664145,65.24932139458632,1,5,0,1
5027,0,2,63.993021266148205,53.442354208351816,1,3,1,0
5028,0,2,83.30631872720703,77.76109429326016,1,6,1,1
5029,0,2,49.832605251722676,33.95751410547091,0,2,1,1
5030,0,2,53.00674020072602,41.43003856778808,0,2,1,1
5031,1,1,53.06489588390753,53.38615651854401,0,5,0,0
5032,0,1,53.94851896614437,44.206756201089064,0,4,1,1
5033,0,1,55.27034865995896,46.10792429168609,0,4,1,1
5034,0,3,28.443289132469477,41.54368991708093,0,8,1,0
5035,0,3,79.7136200390812,55.423060179582784,1,7,0,1
5036,1,1,30.792849303196114,50.11602338030177,0,6,1,1
5037,0,1,34.09319415322976,33.81545717706527,0,4,0,0
5038,0,3,64.83245444672258,72.83864504924517,0,6,0,0
5039,0,3,24.003427784730185,30.736496558114723,0,5,1,1
5040,0,1,39.54890420503568,44.23710244084974,0,7,1,1
5041,0,2,64.22147924781751,57.51767353845102,1,6,1,1
5042,1,1,70.21936000732467,70.26452383685599,1,5,0,1
5043,0,2,44.840734952848976,38.11275845487657,0,5,1,0
5044,0,1,44.68347239302951,38.99536509512462,0,4,0,1
5045,0,1,42.73323594586864,45.855171677495925,0,6,1,0
5046,0,2,60.59599301582976,55.68907750147793,0,6,1,1
5047,1,3,51.57158463684722,51.004537050535426,0,7,1,0
5048,0,1,100.0,45.615438843249,0,6,0,1
5049,0,3,43.10042661618462,41.12388061717745,0,4,0,0
5050,0,2,72.81573012433086,76.38594795916309,1,7,1,1
5051,1,2,13.941160903471804,40.0586318462711,0,4,0,1
5052,1,3,50.82028536143861,57.37692751053671,0,6,0,0
5053,1,3,39.30375209957617,67.09405656884033,0,7,0,1
5054,0,1,31.98258617495265,32.45721339890546,0,4,0,0
5055,1,3,56.438355056822274,66.25796355997048,0,3,0,1
5056,0,2,26.87905919331562,29.112897630835008,0,4,1,1
5057,1,1,87.38499493686778,88.37998247446745,1,8,1,1
5058,1,2,21.282392526442848,40.23611941679754,0,8,0,1
5059,1,2,44.63900152882427,54.44717857059126,0,4,0,1
5060,0,3,35.239885046618156,39.52897682309735,0,6,1,0
5061,1,1,56.35269346288808,59.92221812208659,0,5,1,0
5062,1,3,99.84142661978277,100.0,1,10,1,1
5063,0,2,66.78514686235357,51.43750445841505,0,3,1,1
5064,0,2,51.203030165027045,36.87391537088148,0,3,0,0
5065,0,1,41.547584881638144,40.04109540733462,0,4,1,0
5066,0,2,48.39854865456825,44.24384328945584,0,6,1,1
5067,0,1,51.353653512943374,53.86462599768023,0,6,1,0
5068,1,1,12.127404664750474,32.11755389456028,0,2,1,1
5069,0,1,43.27159871092398,42.104135274780795,0,5,0,1
5070,0,1,53.39592963227422,59.54649409525013,0,7,0,1
5071,0,2,46.76764538438461,41.299910475262664,0,7,1,1
5072,0,2,49.043975691518,35.08107138508366,0,4,1,1
5073,0,2,71.05205408160118,64.17361618781293,1,6,0,1
5074,1,2,52.626627700020755,53.257278114203594,0,3,1,1
5075,0,1,39.75101181825011,35.138337560402334,0,4,1,0
5076,0,3,47.31014578999534,48.02324581813981,0,4,0,1
5077,0,3,45.68567638865946,43.45247104023064,0,5,1,0
5078,0,2,37.78455362013502,40.517210644469415,0,6,0,0
5079,0,3,51.84074566835886,53.501107656901794,0,8,1,1
5080,0,3,57.493648555413586,58.82731800948125,0,8,1,1
5081,0,2,58.904216527368945,58.20916100056363,0,6,0,1
5082,1,2,41.13681904718331,55.91699532149503,0,6,0,1
5083,1,1,65.29183288715791,56.62902696989868,1,0,1,1
5084,0,2,3.4171396365559112,20.441309589194773,0,3,1,0
5085,1,2,62.54299661542766,65.75857812542783,0,5,1,1
5086,0,2,43.76008583885895,46.82896295400768,0,5,0,0
5087,0,1,77.73890855011436,85.5362470934845,1,7,1,1
5088,0,2,32.66608905737051,27.194481825148937,0,1,1,1
5089,0,2,36.647316554174076,53.22721728100376,0,10,1,1
5090,1,2,57.73870964974534,55.16857978276398,0,5,0,1
5091,0,1,3.9081907609368014,14.530828177230159,0,3,1,1
5092,0,1,46.08302995429601,48.83205415781755,1,5,0,1
5093,0,2,45.16352564915594,47.441201600438454,0,8,1,1
5094,0,1,67.48226987729474,51.06525997396135,1,4,1,1
5095,1,3,40.62293567206707,42.55926214210193,0,3,0,0
5096,1,1,52.99117843724338,58.309162857337554,0,5,1,1
5097,0,3,50.78504653279523,38.953983263840655,0,6,1,1
5098,0,1,56.975898502898055,53.15610591933269,0,4,1,0
5099,0,3,44.765744069546926,35.9932567675898,0,1,1,0
5100,1,1,48.13872549137997,62.542544606892484,0,7,1,1
5101,0,1,54.160055613474015,44.50680648525587,0,3,1,0
5102,1,2,30.283298817738228,50.29499532989035,0,6,1,1
5103,0,3,52.87948258785653,57.56466420277823,0,4,1,1
5104,0,1,49.973054027589555,45.300629881881974,0,4,1,0
5105,0,1,11.509876931838134,26.642494544878105,0,6,1,1
5106,0,1,29.248128387732056,43.40642946363757,0,11,1,1
5107,0,1,45.98792063967335,44.66089748201737,0,5,1,1
5108,0,2,37.26732267588977,52.19280122754957,0,10,1,1
5109,0,1,41.85743851182499,41.508146770295326,0,6,1,1
5110,0,2,79.48063708936998,69.9887587020351,1,4,1,1
5111,0,1,54.95275241577236,56.577762211311935,1,7,1,1
5112,0,1,61.54123373108755,55.298747533069346,1,4,1,1
5113,0,2,76.92436235216692,60.851513970889236,1,6,1,1
5114,0,2,57.08729061033314,53.201070661591594,0,4,1,1
5115,1,1,37.53236048612423,47.65996863762877,0,5,0,1
5116,0,1,52.396620297344015,45.097764164905456,0,5,0,1
5117,0,1,37.72623796021948,47.90819705801523,0,6,0,1
5118,0,1,65.4547010841039,49.48938993660474,1,5,1,1
5119,0,2,86.9744905418043,32.82960217422236,0,3,1,1
5120,0,2,57.55735632942677,44.194093326650105,0,0,1,1
5121,0,2,36.39674346146353,47.35434633001079,0,9,1,1
5122,1,1,51.05980101719164,67.69256187607489,0,10,0,1
5123,0,1,46.83559450428793,35.72849009725986,0,2,1,1
5124,0,2,57.43726714951164,58.138149101632976,0,3,1,0
5125,1,2,58.93573493536109,57.102382209414515,0,6,0,1
5126,1,1,30.411933508679184,37.167262101852266,0,2,0,0
5127,0,1,43.33473415905693,42.140639459443136,0,4,1,1
5128,0,2,40.81329841474109,46.71934689883611,0,6,1,1
5129,1,1,22.345379179761952,44.209818965711136,0,5,1,0
5130,1,3,47.19172957550925,59.62259949995431,0,8,0,1
5131,0,1,62.29766769973218,46.84787603886524,1,2,1,1
5132,0,2,44.18264843160261,33.82039936872448,0,4,1,1
5133,1,2,34.428634162780355,60.26459989759735,0,9,0,1
5134,0,2,46.73587554794443,51.201805972518194,0,5,0,1
5135,1,2,38.28965014202486,57.72183418169601,0,8,1,1
5136,0,2,64.68454046546347,56.184652079135994,1,2,0,1
5137,0,3,49.30410685809096,49.42358871635994,0,6,1,1
5138,0,2,34.57308218243461,32.45005734698485,0,2,1,1
5139,0,1,42.154009583585214,31.012334964797937,0,3,1,0
5140,0,2,63.09254552012166,51.36863040045429,1,2,1,1
5141,0,2,46.00812121503185,42.37485404420389,0,3,1,1
5142,1,2,62.09636301506557,59.550962903923704,0,7,0,1
5143,1,3,38.75779242245462,47.0058192229693,0,3,1,1
5144,1,2,23.72586790101627,39.2144525539093,0,3,0,1
5145,1,3,35.4726361984207,49.39769973951493,0,6,0,1
5146,0,2,56.7021562256404,56.73486246456375,0,6,0,1
5147,1,3,41.37466560804961,44.494915976504934,0,5,0,1
5148,0,2,55.27378490708621,45.974241250309746,0,3,1,1
5149,0,1,23.25286309680573,45.458359179224544,0,5,1,1
5150,0,2,59.09571216600032,63.94471663159262,1,8,1,1
5151,1,1,49.18004177988331,58.051124308956446,0,5,1,0
5152,0,1,41.93370087878263,41.1065724224159,0,6,1,1
5153,1,2,42.868431164704454,46.41880841523567,0,3,1,0
5154,0,3,37.382248003723156,37.48675773956343,0,5,1,1
5155,1,2,28.299772558959784,42.06655956697482,0,5,1,0
5156,0,1,37.747597230822024,36.07410082669233,0,6,0,1
5157,1,1,46.00175285863833,49.76650204380819,0,6,1,1
5158,0,2,41.67024679121195,37.06924891689787,0,4,1,1
5159,0,2,53.709118823488105,46.06792909706035,0,4,0,1
5160,0,2,54.07457329920939,42.364399306021504,0,7,1,0
5161,0,2,52.11023894903791,43.826986420946945,0,2,1,0
5162,1,2,46.72648365511662,44.14655621060508,0,2,0,1
5163,1,2,52.54989562806754,56.81906763818482,0,3,1,0
5164,1,2,30.902325795790343,49.52314126442744,0,7,1,1
5165,0,2,34.369269808939315,38.607456348271036,0,4,1,0
5166,0,1,46.7432319262421,37.081588836570205,0,3,1,0
5167,0,2,35.898396676544934,32.44677123382231,0,3,1,0
5168,1,3,39.37762098517776,49.768767299588724,0,3,0,1
5169,1,3,36.192880512124546,51.44335125517966,0,4,1,0
5170,0,3,19.789206696095267,37.06020942302747,0,9,1,0
5171,1,1,41.97150689617642,48.9706894941215,0,3,1,1
5172,0,3,10.505092146165413,18.789936955716623,0,4,1,0
5173,0,1,53.63678226508008,73.08576365246526,1,6,1,1
5174,0,1,35.196968635671375,35.887098364103146,0,4,1,0
5175,0,1,64.19159995362207,62.041704533949144,1,3,1,1
5176,0,2,65.95048266458285,69.14231732814223,1,10,0,1
5177,0,2,65.65254801321959,44.469502589541875,0,2,1,1
5178,0,2,45.84317002046063,47.97000019281662,0,2,0,1
5179,0,2,49.84185577407854,35.09251427833125,0,3,1,0
5180,0,1,44.033246007434514,44.8670138672017,0,5,1,1
5181,0,1,69.74389316192298,61.867162367242216,1,6,1,1
5182,0,3,53.72787515282831,47.78647966553696,0,4,0,1
5183,0,1,43.451459434269005,41.13748963124964,0,5,1,0
5184,0,3,53.872967638649065,42.651730956648514,0,5,1,1
5185,1,2,31.815304281969173,49.64292997092572,0,7,1,1
5186,0,1,28.66772480025674,34.27404767716943,0,5,1,1
5187,0,1,54.651147247637674,41.37084955571136,0,7,1,1
5188,1,2,71.13559338426542,72.02230927143087,1,7,1,1
5189,0,1,63.16306101648213,49.92159018111735,1,4,1,1
5190,1,1,58.855790492465175,66.59001438278217,1,4,1,1
5191,0,2,57.977351791823956,47.91716249474974,0,3,1,1
5192,0,2,30.205058668585657,29.77326186658984,0,5,1,1
5193,0,2,45.5268112515159,36.119473894305536,0,2,0,0
5194,1,1,31.86784360799619,42.370426152087326,0,2,0,1
5195,0,3,46.33865425093126,39.616087927058594,0,3,0,1
5196,1,3,49.43280009073824,55.81436764501556,0,4,1,0
5197,0,1,63.50079564883016,51.282280386803464,0,6,1,0
5198,1,2,26.495772587372613,44.87959322550464,0,5,1,1
5199,1,3,59.63880709056971,67.57263032634694,0,10,0,1
5200,0,1,58.060083467111035,42.355593797723955,0,4,1,0
5201,0,2,59.93616453637359,45.721564240629114,0,5,1,1
5202,0,1,57.86297970408386,54.13809406101493,0,7,0,1
5203,1,1,41.632534456357284,42.82669419028352,0,4,1,0
5204,0,1,71.25529701497646,49.016183606701304,1,3,1,1
5205,0,1,70.32374124307161,58.48095427807396,1,5,1,1
5206,0,2,48.84709019792809,49.40998942020334,0,5,0,1
5207,0,1,54.61257132275357,65.55439565545102,1,6,0,1
5208,0,3,21.50514946797792,19.641841755790743,0,2,1,0
5209,0,1,52.193637759354466,52.764378612212575,0,8,1,0
5210,0,1,46.3306446475399,45.26939091294186,0,8,1,0
5211,1,1,73.82169346964285,70.12080258073331,1,3,0,1
5212,1,2,62.276974861118184,62.29835794025159,1,4,0,1
5213,1,3,58.1017670289087,65.76339122260464,0,7,0,1
5214,0,2,40.557104193649536,50.56606354098955,0,10,1,1
5215,0,2,40.62000319670131,38.37733542613966,0,5,1,1
5216,1,2,44.34914896543193,49.48504529469701,0,7,1,1
5217,0,3,48.204292121174205,37.444613057100725,0,2,1,0
5218,0,1,47.60841295302535,35.685767953195224,0,4,1,1
5219,0,3,73.1508818116998,47.66204976338986,0,4,1,0
5220,1,2,59.04445512699552,69.26975175641999,1,6,1,1
5221,0,2,36.138489409937165,49.55330510571878,0,6,1,0
5222,0,2,21.85400489148625,21.346240534746606,0,4,1,0
5223,0,1,71.58578555463788,55.92787270090124,0,5,0,1
5224,1,2,41.96390946105187,40.008110230227146,0,2,1,1
5225,0,1,58.88796433739004,48.108060148402224,0,8,0,1
5226,0,3,61.05838384544102,64.26704925316996,0,9,0,1
5227,1,2,54.401767890365164,69.70762803291456,0,5,0,1
5228,0,2,92.36786340246924,43.3966164083079,0,2,1,1
5229,0,1,66.25749825147986,68.72776459721722,1,7,1,1
5230,1,2,55.00935849039496,62.78486484255111,0,5,0,1
5231,1,2,36.63275084940093,57.57850504062183,0,5,1,1
5232,1,2,49.154631324708575,61.3134840609596,0,4,1,1
5233,0,3,49.5569706905392,47.16317915198707,0,7,1,1
5234,0,1,26.23202188373151,34.94387580519448,0,5,1,0
5235,0,2,51.89015736621155,53.07460420996629,0,8,1,1
5236,0,1,46.43268941472832,46.73208866288748,0,8,1,0
5237,0,2,60.51422640289709,53.53279122675034,0,6,1,0
5238,1,2,63.348877788765066,51.08106870496378,0,5,1,1
5239,1,3,65.51237347533751,59.910342369510516,0,3,0,1
5240,1,1,30.62864757340363,41.0031708201187,0,4,1,1
5241,0,2,51.472492672171654,47.074994206981586,0,4,0,0
5242,1,2,41.70854126227915,56.24185374717203,0,8,1,1
5243,1,3,60.09595011514186,56.17387495920103,0,6,1,1
5244,1,1,40.955501929434845,52.68162039061519,0,7,1,1
5245,1,1,47.236316444530026,52.55844420084553,0,4,0,0
5246,0,3,47.72034470096264,42.946102677897755,0,2,1,0
5247,1,2,64.80463263723966,67.41438177035064,0,5,0,1
5248,1,2,64.14779839436737,66.09881936409968,1,3,0,1
5249,0,3,52.206216832787824,61.95882629288672,0,10,1,1
5250,0,1,40.53734365870677,43.72873345828496,0,4,1,1
5251,1,1,59.04244574289953,61.23278617542422,1,2,1,1
5252,1,2,48.14810100922279,58.54171011960864,0,7,1,1
5253,0,2,13.721353727387923,18.039176819070764,0,4,1,0
5254,0,2,31.552589086245142,33.78143374907785,0,5,1,1
5255,0,3,62.44384948841356,54.94566060251488,0,7,1,1
5256,0,1,66.51660654168973,57.979164373960565,1,4,1,1
5257,0,3,61.50298623289961,53.74717241770784,0,5,1,0
5258,0,2,45.69198896778189,47.03947244316238,0,5,1,1
5259,0,3,49.800701845057475,46.26629265060131,0,6,1,1
5260,0,3,49.37036407735545,43.353022233099665,0,5,1,1
5261,1,2,50.10359587985544,59.21618998024489,0,5,1,0
5262,1,1,37.20319526382582,41.29421581307915,0,6,1,1
5263,1,2,63.748869191798846,64.12881528277076,1,3,0,1
5264,0,2,30.925060118639045,45.46043543099374,0,10,1,1
5265,0,2,51.45236476612364,44.994564920756154,0,2,1,0
5266,0,1,38.895540017093865,40.62435922474074,0,2,1,0
5267,0,2,67.30591240995653,47.818558399430984,1,3,0,1
5268,1,3,60.46352134296806,65.95085051693475,0,7,0,1
5269,0,2,60.79279218031365,62.1988541513921,0,6,1,1
5270,0,2,44.37742632431647,43.218022236771816,0,6,1,1
5271,0,3,0.0,38.03675524175161,0,2,1,0
5272,0,2,60.285883805872345,48.301691087607075,0,4,1,1
5273,1,2,59.724321725881794,65.70218482699833,1,6,0,1
5274,0,1,67.91244735342593,59.40142323110957,1,3,1,1
5275,0,1,30.223318004457603,42.966143902602866,0,7,1,1
5276,0,1,51.70263887159637,63.75526908436547,0,13,1,1
5277,1,3,48.987068607894365,59.54200654246519,0,4,1,0
5278,1,3,58.855450548969046,62.1592631513751,0,2,0,1
5279,0,2,37.89445815266735,42.15452769240871,0,7,1,1
5280,0,1,34.225930506710895,35.47348158077539,0,4,1,0
5281,1,2,30.02492408584836,55.312964638345825,0,9,1,1
5282,0,3,63.76073852178977,49.2799587798174,0,2,0,1
5283,1,2,66.56585715409578,48.09784473728249,1,1,1,1
5284,1,1,41.94353778740262,52.66999149789486,0,1,0,0
5285,0,2,56.91094933740361,56.921499083648,0,4,1,0
5286,0,1,76.81647026934623,62.25407057439402,1,5,1,1
5287,0,2,58.33974174297609,54.77272618430153,0,7,1,1
5288,1,3,100.0,81.60097594418849,0,5,1,1
5289,0,2,65.81088761313329,48.871658821431645,1,3,1,1
5290,0,1,36.82778530609489,31.875352772729244,0,4,1,1
5291,0,3,0.0,59.818788503320704,0,4,1,1
5292,0,2,39.351013080461364,38.07539233615638,0,6,1,1
5293,1,1,13.54096965575138,36.162356912292815,0,9,1,1
5294,1,2,41.70250558750552,48.78666868434582,0,6,1,1
5295,1,2,45.19055860474778,46.3283542821118,0,3,1,1
5296,1,1,27.12489188833222,36.07954422257356,0,3,0,1
5297,0,2,40.140482336226505,41.67183444851841,0,4,1,0
5298,0,2,42.600698961660655,40.58031017111023,0,6,1,1
5299,0,1,26.801049857059187,26.035254686663343,0,3,0,0
5300,0,2,56.07223389627509,49.65756336590113,0,5,1,1
5301,0,2,47.132720190780034,47.75617064047175,0,5,1,0
5302,0,1,65.82479810021267,52.64641378912822,1,4,1,1
5303,1,3,42.29807502081364,55.788610953108176,0,5,1,1
5304,0,3,33.558319322987956,43.309680692703836,0,7,0,0
5305,1,2,51.258948183452894,67.73799988347785,0,6,0,1
5306,1,2,47.94919669904263,57.34671808070084,0,3,0,0
5307,0,1,86.54287073585951,57.298851941017205,1,5,0,1
5308,0,2,47.94775333927416,48.65855685135543,0,4,1,1
5309,0,2,53.130048419421676,69.82793007105802,1,10,0,1
5310,0,1,41.993533960542095,39.98534556096723,0,3,1,1
5311,1,1,55.583416925508985,61.38603088635049,0,6,0,1
5312,1,1,46.31659348830657,63.79414859950886,0,8,1,1
5313,0,3,78.38365881126873,55.98611995548778,0,4,1,1
5314,0,2,54.17900606105566,46.271276609140614,0,5,0,1
5315,0,1,42.66095009403592,40.76518967389841,0,3,1,1
5316,1,2,66.13884993189404,70.40449489943856,0,7,0,1
5317,0,1,72.97425054168552,63.03950951764926,1,3,1,1
5318,0,1,58.27910995503723,48.69885047952008,1,1,1,1
5319,0,1,41.34708247144401,39.64775195026657,0,5,1,1
5320,0,1,50.01734663871356,32.43418768980959,0,3,1,1
5321,0,1,88.92525627074288,53.08348458927946,1,4,1,1
5322,1,2,55.20863723345348,65.43684149247154,0,7,0,1
5323,1,2,60.119799491281604,63.4312234284978,1,5,0,1
5324,1,3,21.419768938269435,30.846992377858033,0,4,1,1
5325,0,1,37.84049345690417,46.125482791167016,0,6,0,1
5326,1,2,74.23309577235372,74.97003988272331,1,5,1,1
5327,1,1,56.70655540236453,73.17799427593826,1,8,0,1
5328,1,2,48.066179277540925,53.98540653067381,0,1,1,1
5329,0,1,46.188027112332776,37.29768432570329,0,4,1,0
5330,0,3,44.29862089432368,49.123556415061174,0,6,1,1
5331,0,1,23.097982568170604,37.62095032007761,0,5,1,1
5332,0,3,65.98507236453706,45.708384397621884,0,3,1,1
5333,1,2,33.14110978729861,52.62439723487626,0,7,1,1
5334,0,1,48.36091523272789,50.16176152071444,0,3,0,1
5335,0,2,68.20369938697048,51.25079676502785,1,1,0,1
5336,0,1,30.217132577840392,36.84564299843949,0,4,0,0
5337,1,1,50.680855481765036,56.72681460940314,0,5,0,1
5338,1,2,54.6091656573745,63.33791864427791,0,3,1,0
5339,1,1,44.396291727505535,60.35371539804574,0,5,1,0
5340,0,2,22.72974835503903,31.1233517490507,0,4,1,0
5341,0,1,55.52748035362904,49.94783550492726,0,5,1,1
5342,1,3,44.18031071886235,63.678089176732044,0,7,1,1
5343,0,1,36.25722781140643,48.33887876498595,0,7,1,0
5344,0,2,43.805881021922346,55.14263633378884,0,7,1,1
5345,1,3,21.393716621534505,35.86749980010043,0,4,0,1
5346,1,2,49.52699319935763,63.55558704956361,0,6,1,0
5347,1,2,47.786967546569976,49.78275768521895,0,3,0,1
5348,0,1,32.14627400132035,35.47417948708717,0,3,1,1
5349,0,2,66.45355147703343,61.560264510093894,1,5,0,1
5350,1,1,71.84273143453959,76.925577504016,1,7,1,1
5351,1,3,46.096494839649296,57.18953084925738,0,5,0,1
5352,0,2,53.24063964768189,58.46482009960801,0,6,0,1
5353,0,2,16.10777190368278,35.231103295016965,0,8,0,0
5354,0,2,46.27417633267821,39.40947283831977,0,5,1,1
5355,0,1,64.19103399148705,52.27318559501298,1,3,1,1
5356,0,1,60.246350408386114,47.04986476861435,0,6,1,1
5357,0,3,41.424112727771686,33.26296665533458,0,2,1,0
5358,0,1,87.23338336591178,65.08842699384468,1,7,1,1
5359,0,1,54.2718284977483,49.86772744949937,0,6,1,1
5360,1,1,55.0437208435666,66.39074489297276,0,8,0,1
5361,0,2,73.09853639634558,53.92293402579375,1,2,1,1
5362,0,1,37.06162347471701,51.35493070877582,0,5,0,1
5363,0,2,45.295198385903774,42.61908116180287,0,2,0,0
5364,0,1,72.35093116385065,73.56894044977771,1,7,0,1
5365,0,2,48.17323705647577,29.844986173864676,0,5,1,1
5366,0,1,53.5398854586539,52.94941661299127,1,4,0,1
5367,1,3,50.31574815434258,62.73388484630051,0,7,0,0
5368,0,1,46.193439219221275,44.40716095513295,0,5,1,1
5369,0,2,69.92669070498027,66.18111040930528,1,6,1,1
5370,1,2,52.53512183315996,46.397057504581724,0,3,0,0
5371,0,3,5.968686640590117,22.175305837700584,0,5,1,0
5372,1,1,55.085354261625575,50.46010037180357,0,3,0,0
5373,0,3,48.13093038668715,47.55037781379927,0,6,1,1
5374,1,1,45.659336178117364,69.80480316742569,0,10,1,1
5375,1,2,75.93695618242441,61.98285737201102,1,5,0,1
5376,1,3,16.432210544278846,31.54398939324316,0,5,0,1
5377,0,2,57.24108791326814,57.934502154790536,0,6,0,1
5378,0,2,67.48598501318452,65.12467810986594,1,4,1,1
5379,0,3,52.848423825430025,47.14423863026001,0,4,1,0
5380,0,2,64.14896478352169,54.68536711404052,1,6,0,1
5381,1,2,38.15012656308022,48.136821018523285,0,4,1,1
5382,0,1,37.06400296253862,53.31787503327592,0,5,1,1
5383,1,1,54.829202342860484,58.14100371135846,0,3,0,1
5384,0,2,62.172153598196424,48.010965572143334,0,2,0,1
5385,1,1,78.88485550200863,72.69029279937584,1,4,1,1
5386,0,2,54.96768840840933,50.00391712039601,0,7,0,1
5387,0,2,62.59465745434315,59.92105998466555,0,9,1,1
5388,0,2,23.454863086304808,28.44413035334918,0,5,0,1
5389,1,2,58.94930721839733,66.52144783559237,0,7,1,1
5390,1,2,29.595285668725975,46.46433309936839,0,4,0,1
5391,0,1,38.576392568829974,53.31263287714324,0,6,0,1
5392,0,2,100.0,59.65953619072656,1,8,1,1
5393,1,1,34.16141053789306,52.20062048153337,0,7,0,1
5394,0,1,28.974301467449035,31.847701749099375,0,4,1,1
5395,0,2,25.530211599950373,36.13923207684909,0,7,1,1
5396,1,3,42.29550900096586,49.84992910876622,0,3,1,1
5397,0,1,60.70413382539529,58.34133163496085,0,5,0,0
5398,0,2,41.26522929358585,48.29646961261719,0,8,0,1
5399,0,2,28.936884658436433,48.55869306372654,0,6,1,0
5400,0,2,46.43064656109752,47.1453983401325,0,5,1,1
5401,0,1,29.83786683526238,33.97766195577354,0,6,1,0
5402,0,2,22.91991014317701,40.35838755587004,0,8,1,1
5403,0,2,60.639081888645215,58.252747039823085,0,3,1,1
5404,0,2,52.21589805113811,46.87016764992235,0,3,1,0
5405,1,2,60.26494419268514,60.47129047883061,0,2,1,1
5406,1,1,47.94556757207521,52.07682911583421,0,4,1,1
5407,0,1,33.871876824931476,46.858319558163124,0,9,0,0
5408,1,3,32.55439486688523,42.50231485880168,0,4,1,0
5409,0,1,74.69928903190846,64.43967910457292,1,4,1,1
5410,0,2,39.90535486607863,44.3013320693624,0,7,1,1
5411,0,2,77.40587282422537,68.70702990931387,1,5,1,1
5412,0,2,100.0,65.1065851015027,1,5,0,1
5413,0,2,54.3707187663084,44.27193489634487,0,4,1,1
5414,1,1,51.81509948008344,66.15613747302169,0,6,1,1
5415,1,2,34.16985762397018,49.01960556320883,0,7,1,0
5416,0,1,46.02885533996691,64.21436093260606,0,7,1,1
5417,1,1,33.06655109307548,40.56622841211191,0,2,0,1
5418,0,3,56.81611832622667,49.588265755124866,0,4,1,1
5419,0,2,76.30010761238907,40.55849062021209,0,4,0,1
5420,0,2,54.826767538452465,49.650771314299405,0,6,1,0
5421,1,1,82.97285204644832,83.099468024001,1,5,1,1
5422,1,3,60.35942383041984,68.00590749621354,0,4,1,0
5423,0,2,39.777174787208224,43.720775942069764,0,7,1,1
5424,0,1,70.88101736499385,59.21982011738567,1,4,0,1
5425,0,1,61.32814139620705,51.522293959450884,1,1,1,1
5426,0,2,46.30006242554998,49.77288245072073,0,7,1,1
5427,0,2,50.933854984402636,50.74882600636749,0,5,0,1
5428,1,2,64.00849740575077,75.90613313453385,1,4,0,1
5429,0,1,100.0,80.97428706664044,1,9,1,1
5430,0,1,53.385273350013804,53.083866009977804,0,5,1,1
5431,1,2,52.490412222542254,56.44645532977519,0,3,0,1
5432,0,1,61.883293211791084,56.983329492830535,1,5,0,1
5433,0,2,59.06083109007803,55.43742201868726,0,6,1,1
5434,1,1,27.823906297080157,36.155431710299915,0,4,1,1
5435,0,1,43.179865690576996,47.04150586848303,0,4,1,1
5436,1,2,54.77688586361861,53.73982008718015,0,4,1,1
5437,0,2,30.68860780690859,48.235623835061276,0,8,1,1
5438,0,2,31.409498590473984,34.14878412698369,0,5,1,1
5439,0,1,33.74890999357712,37.877365598975885,0,6,0,1
5440,1,2,68.08377367806153,71.04078819589418,1,2,0,1
5441,0,1,63.235133055059904,53.43671059262167,1,6,1,1
5442,0,2,39.48787656505954,37.2039952997786,0,3,1,0
5443,0,3,36.134238858427636,42.115348855741985,0,7,1,1
5444,1,1,55.18241560641498,63.74701147407744,0,8,0,1
5445,0,2,17.66380153872036,21.82289623643766,0,4,1,0
5446,1,2,38.572685292312634,49.446287900120474,0,3,0,1
5447,0,2,41.41214620316295,37.548391678616994,0,4,1,0
5448,0,3,49.64041516975133,45.86626086888679,0,3,1,0
5449,0,3,39.48651035339908,53.578864010408374,0,6,1,1
5450,0,2,48.639575717726395,44.33619535858614,0,4,1,1
5451,0,3,61.699720430518674,55.854168396040414,0,7,1,1
5452,0,1,69.69394518458354,66.32622999598102,1,9,0,1
5453,1,3,54.127510105113494,69.75054785496997,0,6,0,1
5454,0,1,26.572126305692905,21.529453638875648,0,2,1,0
5455,0,3,53.950725678400836,53.98090537393036,0,5,0,1
5456,1,1,48.04618220786977,56.4724524300717,0,6,1,1
5457,1,2,57.47566537960657,61.93634512049907,0,3,1,1
5458,0,1,57.032244879912184,48.4802060695918,0,4,1,1
5459,1,1,32.01745712873897,55.3552811028089,0,5,1,1
5460,0,2,49.90653610534653,49.509585803509886,0,4,1,0
5461,0,3,54.99070069778641,44.50521795716875,0,5,1,1
5462,0,2,47.38782139220825,36.70799345388818,0,5,1,1
5463,0,1,48.92443878196995,51.57878921961278,0,6,1,0
5464,0,2,80.5176753962117,65.75000876740961,1,5,0,1
5465,0,2,49.845086532496,52.952426188120725,0,6,1,1
5466,1,1,66.15986790232638,84.04416853030955,1,9,1,1
5467,0,2,26.608984770975507,31.350307399656053,0,3,1,0
5468,0,1,47.831955038307264,45.381834695435906,0,7,1,0
5469,0,2,86.5144893545261,74.08906511039247,1,7,0,1
5470,0,3,32.60013209140677,35.634220492469474,0,4,1,1
5471,1,2,44.03358681202042,43.715713434389926,0,1,0,0
5472,1,2,39.983761143243136,64.54878198840059,0,11,1,1
5473,1,1,66.38066411867989,80.84215757392657,1,13,0,1
5474,1,1,46.69932281768312,47.6610610308432,0,5,0,1
5475,0,2,60.969156496824176,52.22944430737841,0,5,1,0
5476,1,2,57.75543166205037,62.66736011302678,0,7,0,1
5477,1,3,54.53819436046768,57.942799513259644,0,3,1,1
5478,1,3,54.279753491589354,46.20802726119496,0,3,1,1
5479,0,2,28.47250325347097,28.530869531228554,0,4,0,0
5480,0,1,58.040170215638675,51.932791944422135,0,3,1,1
5481,1,2,47.23829239220229,59.31806633848882,0,4,1,0
5482,0,1,24.05495037993771,22.428852917830522,0,2,1,1
5483,0,1,73.59330535439418,50.49389559407581,0,5,1,1
5484,1,2,45.33986974944464,50.15718600398759,0,4,1,1
5485,1,3,50.103723269791075,45.11358482456279,0,5,1,1
5486,0,2,53.08826306459964,42.43007422830611,0,3,0,1
5487,0,1,69.55346865840305,53.812556255102486,1,3,1,1
5488,0,2,59.57053614161997,52.61542154317244,1,6,1,0
5489,1,1,31.979841977486867,42.385243269134946,0,4,0,1
5490,0,2,64.66203113266242,62.193540123106956,1,6,0,1
5491,0,1,33.09287093513641,34.08085497109913,0,5,1,0
5492,0,1,81.93089160570752,63.59170875566816,1,2,1,1
5493,0,1,58.617336929297565,56.07885807411208,1,4,1,1
5494,0,3,72.67126721568278,58.28648060417721,0,6,1,1
5495,0,1,81.8437262509354,63.138041904248034,1,6,0,1
5496,0,1,30.904720743374032,37.513690506489134,0,7,1,1
5497,0,1,47.22842419025878,39.085871878354006,0,4,0,1
5498,0,1,33.73753563049134,29.219951583786514,0,3,1,0
5499,0,1,60.21412384255989,52.50822843692313,0,6,0,1
5500,0,1,67.62503634105362,59.390581893850374,1,5,0,1
5501,1,2,12.661973109491262,26.117299815426023,0,4,0,0
5502,0,1,29.722974855864138,41.2162901431311,0,7,1,1
5503,0,1,50.652959391326156,37.22495887267115,0,1,0,1
5504,0,3,52.947402397140394,40.3548143666169,0,2,0,0
5505,0,2,48.20121525325748,44.77116333213294,0,4,1,1
5506,0,1,56.59612315365486,52.369304514400234,1,6,1,0
5507,0,2,33.1534590145764,32.400952723537465,0,4,1,0
5508,0,3,62.92610969696957,53.017978641159274,0,4,0,1
5509,1,2,35.967565426782215,40.1645001140385,0,2,0,0
5510,1,1,24.605023318053657,46.972875136926845,0,9,0,0
5511,1,2,80.44353364195406,72.39741510011469,1,4,0,1
5512,1,2,97.0767544825463,87.358628425834,1,5,1,1
5513,0,2,29.31500852435698,42.36520148646072,0,7,1,1
5514,0,1,29.81145237076573,33.27967539645865,0,7,1,0
5515,1,2,22.342578265240057,34.061785849589896,0,2,1,0
5516,0,2,42.71174438917145,43.04004892172448,0,6,1,1
5517,1,1,31.288699093992495,46.597480147331865,0,5,1,1
5518,1,2,53.854968377659006,47.14148590756392,0,6,1,1
5519,0,2,54.30431142858884,54.9667216780489,0,6,1,1
5520,1,1,55.69745258750234,71.80654071837638,1,8,0,1
5521,0,1,65.11652746886651,51.00802821474959,1,2,0,0
5522,1,2,45.931711814066425,54.93335360529862,0,5,1,0
5523,0,1,45.64784185250131,49.01485343763889,0,4,1,0
5524,0,2,50.78426046775133,45.04171962081339,0,1,0,1
5525,0,3,77.3443540076482,64.14555751778109,0,3,0,1
5526,0,1,47.25185220405525,36.691069057023185,0,1,1,1
5527,0,1,51.48333861722462,45.65984726479836,0,6,0,1
5528,1,2,50.24936532554259,53.322222443945485,0,1,1,0
5529,1,1,46.95283058882893,54.765763931892465,0,6,1,1
5530,1,2,68.86379800522245,83.54075664382447,1,7,1,1
5531,0,1,42.448737270640514,43.786634809267035,0,8,1,1
5532,0,3,59.413087875735435,60.66512690823901,0,9,1,1
5533,1,1,40.1567398823594,36.034069214071096,0,3,1,1
5534,0,2,43.30083386442025,41.989773420023674,0,6,1,1
5535,1,2,51.88469919107554,54.358365948054995,0,4,0,1
5536,0,3,53.03289477461592,50.55268729390275,0,9,1,1
5537,0,1,50.996871019309125,52.44290926884444,0,4,1,1
5538,0,3,49.42409270175397,35.524755146443475,0,1,1,1
5539,0,2,54.34333699016482,45.74463793961268,0,5,0,1
5540,0,1,60.13975315039586,48.70778010779181,0,2,1,0
5541,0,3,59.90394336733803,59.47396602542076,0,3,1,1
5542,0,1,73.7248624859999,62.89139741950214,1,8,0,1
5543,0,3,36.85002971557563,41.364978217270334,0,6,0,1
5544,1,2,39.71561143730483,50.08339009854317,0,8,0,0
5545,1,2,61.261559189728274,61.29100213820815,0,3,0,1
5546,1,2,63.63809527754929,61.868988853083486,1,4,0,1
5547,1,2,43.599483485907506,45.47576170330236,0,5,0,1
5548,0,2,64.78208626222653,59.65046025120966,0,8,1,1
5549,0,2,31.514381049955404,37.367097533393405,0,5,0,0
5550,0,2,52.46244617469288,40.62009340057576,0,5,1,1
5551,1,2,100.0,64.13054043560074,0,7,0,1
5552,1,1,36.887766961860464,47.82978832044123,0,7,1,1
5553,0,1,71.4209614162852,78.42218366832931,1,9,0,1
5554,0,2,11.987378293465063,47.69370061197103,0,5,1,0
5555,0,1,37.640338899915406,39.1725574775367,0,4,1,1
5556,0,1,26.58313170057861,28.84541266218721,0,5,1,0
5557,0,1,32.11081038132991,19.928566292786126,0,3,0,1
5558,0,2,34.68720608459772,27.812397829308203,0,3,1,1
5559,0,2,54.750693180111746,46.95559507089147,0,5,1,1
5560,0,2,49.97514757412545,47.22239688712782,0,4,1,0
5561,0,3,31.31067173997191,38.997274923432634,0,6,1,1
5562,0,2,52.93453520034714,47.41994941743987,0,7,1,1
5563,0,2,52.49858010394829,52.315353690345674,0,6,1,1
5564,1,2,71.41494392899762,63.317296750132975,1,2,1,1
5565,1,1,19.506590950985828,38.248247858864076,0,5,1,1
5566,0,1,29.408841249309933,28.247433077957705,0,4,1,0
5567,1,1,47.368177823717375,54.15511131080959,0,3,0,1
5568,1,1,49.325751754760645,53.93807056167449,0,5,0,1
5569,0,3,49.877427211024866,34.96123549622068,0,6,0,1
5570,0,3,70.510820499181,64.63771915939127,0,7,0,1
5571,1,2,73.39948885440431,68.68431136738693,1,6,0,1
5572,0,1,44.45011426844197,47.02623485756229,0,6,1,1
5573,0,1,63.995938751489156,55.317092735416,1,3,0,1
5574,0,1,43.696715672079556,34.17776595588625,0,3,0,1
5575,1,1,21.455386141381748,36.67226905339301,0,6,1,0
5576,0,2,59.05044610765663,49.00585717778476,0,9,1,1
5577,0,1,42.596774115264296,36.016861682354914,0,7,1,1
5578,1,3,49.96300061696847,59.40183544034467,0,5,0,1
5579,1,2,64.07101143163811,63.79843604037376,0,6,1,1
5580,1,1,100.0,54.99358470032985,0,4,0,1
5581,0,1,38.82568038429213,47.53556783668938,0,7,0,1
5582,0,2,19.55959741648446,43.79341745199693,0,10,1,1
5583,1,1,47.78270491396522,55.09255175940007,0,5,1,1
5584,1,1,40.55149268422523,57.007895315658814,0,7,1,0
5585,0,1,42.28462976074371,38.698955703591736,0,6,0,1
5586,0,2,56.60164350685289,58.39659832706872,0,5,0,1
5587,1,2,60.07180566772189,63.90320970575021,0,4,1,0
5588,1,1,70.53263291521465,65.76561957621088,1,4,1,1
5589,0,3,58.00178442740349,63.13423283681995,0,7,0,0
5590,0,2,55.29737313289598,46.61121727259484,0,5,1,1
5591,0,3,60.4755781424941,56.91407012853816,0,4,0,1
5592,0,2,57.510238964648956,50.516468495699264,0,6,1,1
5593,0,1,39.36816240825912,30.55264223471842,0,3,1,0
5594,1,1,52.458588426698064,52.36970405479973,0,3,1,1
5595,0,1,67.99179301364398,59.120959629569626,1,7,1,1
5596,0,2,58.647404409130004,40.7683286578656,0,3,1,1
5597,0,1,34.82552308073102,43.956205242047496,0,6,0,1
5598,0,2,38.95053744719508,45.32795117049876,0,2,0,1
5599,1,2,65.63870508415394,57.59166715735556,0,7,0,1
5600,0,1,75.31408713564093,61.855154380978426,1,6,1,1
5601,0,2,95.7119012612494,75.72237887538573,1,5,1,1
5602,0,1,80.56333343717827,63.68345502155501,1,4,1,1
5603,1,1,62.66825168895493,67.47213333034077,1,5,1,1
5604,0,2,0.0,60.72001504960596,0,7,1,0
5605,0,2,55.14185595957205,50.441142192364275,0,4,1,1
5606,0,3,49.08209694972803,51.28099117904301,0,6,1,0
5607,0,1,37.25952195122305,44.79530261084301,0,7,1,1
5608,0,1,30.2346914062322,37.490299970144996,0,3,1,1
5609,0,2,62.46704325768023,43.377398791239486,0,2,1,0
5610,1,3,69.05791652345303,71.07393606111667,1,6,0,1
5611,0,1,57.16158844801397,60.81640757802777,1,5,1,1
5612,0,3,42.987425554434886,46.54915809734257,0,6,1,1
5613,0,1,54.125625480463746,43.399572712026256,0,3,1,1
5614,1,2,49.712416300164044,59.57983791686468,0,4,0,1
5615,0,2,29.287444390396253,27.110443109230488,0,8,0,1
5616,0,2,41.60798684205872,37.913366823744425,0,6,1,0
5617,1,3,55.90186414064776,67.39459415892425,0,7,0,1
5618,0,1,35.21311906805179,28.255710593756998,0,2,1,1
5619,0,3,44.50353467942385,33.93861635400828,0,0,1,1
5620,1,1,41.81659657619622,44.41240452020924,0,3,1,0
5621,0,2,27.91969908677428,38.88074353365093,0,5,1,1
5622,1,1,70.54332395522896,83.21815616865163,1,7,0,1
5623,0,2,35.40758670817435,44.29339119191035,0,9,1,0
5624,0,1,45.05411678118584,42.90609533549458,0,5,0,1
5625,1,3,0.0,70.53877431337033,0,6,1,1
5626,0,1,13.203706983743492,18.862295123712858,0,5,1,0
5627,0,3,41.76120446514668,41.37946383200789,0,5,1,1
5628,1,3,52.29951986690517,47.919440017638905,0,1,0,0
5629,1,3,53.1443287203371,69.54999968021474,0,7,0,1
5630,0,3,57.55470702655233,57.931481567108534,0,6,1,1
5631,1,2,40.11174833770294,52.74547105675116,0,7,1,1
5632,1,2,45.72752417035113,69.50606883285327,0,9,0,1
5633,1,3,41.7323653315243,46.308148829195254,0,5,1,1
5634,1,2,41.10559681109726,49.023120507692674,0,7,1,1
5635,0,2,40.98962590229954,40.8916713860981,0,2,1,0
5636,0,1,88.8437253910038,37.515440598644375,0,1,0,1
5637,0,3,54.98739516868033,48.8249238459964,0,2,1,1
5638,0,1,35.48864346772233,24.231298873635208,0,0,1,0
5639,0,1,53.27859157276786,55.022714069170945,0,4,1,1
5640,1,3,47.82960057677413,56.03019523842969,0,3,0,1
5641,0,3,42.96426951965633,43.4991236582326,0,8,1,1
5642,0,2,44.27017847642807,46.07388849399943,0,4,1,0
5643,0,2,42.30240630550838,36.90605445677767,0,7,0,1
5644,0,1,38.19336265907702,33.44122771230991,0,3,1,0
5645,0,2,31.72433495839558,38.031546610005734,0,5,1,0
5646,0,2,46.8282935126196,44.299986927881605,0,3,1,0
5647,0,1,34.86804396869497,41.82654483332385,0,5,1,1
5648,0,2,30.090812925064448,31.694680048057116,0,5,0,1
5649,0,2,54.87301509251312,53.97733256872373,0,6,1,0
5650,0,2,57.734116949515204,44.19252664211628,0,2,0,0
5651,0,2,52.5186477382232,34.57146622698303,0,2,1,0
5652,0,2,68.62130574266571,50.35358729168605,1,0,1,0
5653,1,2,48.07726525024759,58.11402520809379,0,7,0,1
5654,0,2,41.51858156846384,47.17807455143208,0,4,1,0
5655,0,2,33.81078494397066,38.31864078098304,0,7,1,1
5656,0,2,69.10980766394461,67.54308012830559,1,7,1,1
5657,0,1,62.957207554866535,46.85709209235555,1,3,1,1
5658,0,3,60.964682399093995,62.27229332239347,0,10,1,1
5659,1,2,65.30513396943422,60.76313615016343,0,6,0,1
5660,0,2,67.62271364648187,56.68862265994747,1,6,1,1
5661,1,2,34.418028058614134,47.47568667143139,0,2,0,1
5662,1,1,56.28914072029933,67.766583603641,0,5,1,1
5663,1,2,38.923801579173734,37.22004927943766,0,1,1,1
5664,0,3,40.39633639315182,42.66435844691444,0,4,1,0
5665,0,1,49.53062012491956,43.02175351963073,0,5,1,1
5666,0,1,45.36843388956343,46.95835320703065,0,3,1,0
5667,0,2,16.839459218487367,27.26339697629229,0,4,1,1
5668,0,1,50.21223812657656,48.022962636330455,0,2,1,1
5669,0,2,65.8954217244466,63.300640008993355,1,5,1,1
5670,0,3,52.38837451236416,49.28485147154365,0,4,0,1
5671,0,1,55.89333441638712,46.0847074004708,0,3,1,0
5672,0,2,31.248180118103768,38.605409152551246,0,4,1,1
5673,1,2,66.24854308590392,69.28734746590854,0,5,0,1
5674,0,2,64.20049918023774,59.85518352785221,1,8,1,1
5675,1,1,52.03559446089538,57.850207905749606,0,3,0,1
5676,1,2,42.554319499777286,60.69211250576478,0,6,0,1
5677,0,3,57.38098986745485,58.14843754135296,0,9,1,1
5678,0,2,53.65283430215665,63.19356740291886,0,9,1,1
5679,1,3,53.575120703918515,64.47896787439059,0,8,0,0
5680,0,1,58.847131695796094,51.52270018134876,0,3,1,1
5681,0,1,81.62503091783121,68.15226405867932,1,2,1,1
5682,0,2,37.383551681395275,37.246983062245704,0,4,0,0
5683,1,2,42.526730961384665,42.886978263492836,0,2,0,0
5684,0,1,48.81032311640164,47.5411903965992,0,5,1,1
5685,0,2,63.26428406961669,51.91861230389311,1,1,1,1
5686,0,1,58.31215023417619,58.45210434230181,0,10,1,0
5687,0,2,43.242792034507936,45.39613170969112,0,5,0,1
5688,0,2,58.417896322211625,60.52235728923695,0,7,1,1
5689,0,1,70.90687158257363,61.01424748559739,1,5,1,1
5690,0,1,66.02348660727644,69.26340928594972,1,9,1,1
5691,1,2,20.922190423673715,47.88057412468315,0,10,1,0
5692,0,2,68.25431132631002,61.46021749761955,1,6,1,1
5693,1,2,29.153063467632975,36.17079392472918,0,4,0,1
5694,0,2,37.26397662982251,35.64786667507414,0,2,1,0
5695,0,2,36.95030440860353,38.307136977182715,0,5,1,0
5696,0,3,58.065412737916304,49.27549155072186,0,4,0,1
5697,0,2,72.69410598775944,59.86890321288175,1,5,1,1
5698,0,1,67.84341466850856,55.97714963434256,1,5,1,1
5699,0,2,11.935135802347212,22.56764031730595,0,7,1,0
5700,1,2,49.5842165752557,57.40666501291751,0,7,1,1
5701,1,2,25.636686525600492,43.30298938783027,0,3,1,1
5702,0,1,44.100768048755725,39.13606581878043,0,3,0,1
5703,0,1,36.99573246956663,40.328634822879295,0,8,1,1
5704,1,2,43.10119264188101,66.61209429332129,0,8,1,1
5705,0,2,35.54354018859557,39.354058182681136,0,7,1,1
5706,0,1,46.314487403382365,36.96877948961065,0,3,1,0
5707,0,3,35.05307055272211,31.615060106087093,0,4,1,0
5708,0,2,65.74191184399307,56.88382948096073,1,3,0,1
5709,0,2,35.14539117032925,37.57258068074754,0,5,1,1
5710,0,2,54.90550252597684,52.394093328999,0,6,0,1
5711,1,1,50.7904487613561,51.5130192551076,0,3,1,1
5712,0,1,38.12938211845667,41.765656675695965,0,2,0,1
5713,0,2,41.00022591233052,50.97906104741719,0,8,1,1
5714,0,2,33.41281248214707,45.06997287092237,0,12,1,1
5715,0,1,29.67353296713227,37.44364782969078,0,4,1,1
5716,0,1,73.70534583537983,49.268136562183955,1,3,1,1
5717,0,2,42.97956067031023,38.96539551102627,0,4,0,0
5718,0,2,33.9273438585479,43.8428585845201,0,6,0,1
5719,0,3,49.43722484344485,47.0846403353527,0,5,1,1
5720,0,2,64.1898207341522,58.07950372749171,1,4,1,1
5721,0,2,54.16678719065123,48.574739406685005,0,4,1,1
5722,1,2,53.36565096924892,59.63803541586091,0,5,0,1
5723,1,1,60.71060093133728,64.25481038688494,1,3,1,1
5724,0,1,60.447087290423546,64.82925851895178,1,9,0,1
5725,0,2,33.8243226169233,46.60952531718153,0,7,0,0
5726,1,2,72.82457201202554,74.64523476252185,1,4,1,1
5727,0,1,45.369471383219775,48.45175982874902,0,7,1,1
5728,0,2,56.11400860751644,63.160100712180906,0,10,1,1
5729,0,2,42.243025808263845,34.95804436802842,0,0,0,1
5730,0,2,52.375144309020946,48.823424514923836,0,5,1,1
5731,0,2,40.26385840215767,33.60607638247348,0,4,1,1
5732,0,2,44.54258140179427,39.923661187131785,0,6,0,1
5733,0,2,40.89327844757289,51.5268657173758,0,6,1,1
5734,0,2,59.497926179991545,39.99450203107959,0,5,1,0
5735,0,2,74.02508487600211,61.29060874536248,1,4,1,1
5736,1,1,56.866502359318844,75.47433420153573,0,7,1,1
5737,0,1,41.53134013436491,49.47752262899881,0,6,0,1
5738,1,2,46.493623594788026,46.72706301990641,0,2,1,1
5739,1,2,35.86491998636388,50.567119436222626,0,3,1,1
5740,0,1,56.349964623374326,52.7698295349117,1,3,1,1
5741,1,3,27.066704050409687,45.21380022935972,0,7,1,1
5742,0,1,33.706053182045856,35.82165042007698,0,3,1,1
5743,0,1,65.82268063896805,49.159599373933204,1,1,1,1
5744,0,2,38.203447661659304,41.798532108680135,0,11,1,0
5745,1,1,42.534568979088256,57.736366200904065,0,7,1,1
5746,1,1,49.82314632246594,57.31642347699188,0,4,0,1
5747,0,2,70.03998230597341,53.12928246609035,1,5,1,1
5748,0,2,54.23287157891615,54.5868745059235,0,4,1,0
5749,0,1,39.54435218188842,40.378865669958905,0,8,1,1
5750,0,1,32.69018185055368,35.56691360570265,0,3,0,1
5751,0,1,62.976066035490554,58.932308754842325,1,6,0,1
5752,1,2,38.20329046585057,47.77898620903007,0,3,0,1
5753,0,3,0.224088749777558,15.53828859105968,0,5,1,0
5754,1,2,62.644405356468006,63.08189356601867,0,5,0,1
5755,1,2,55.89788198352395,69.27713358011796,0,6,1,1
5756,0,1,40.829579933384316,52.36276149911698,0,7,1,1
5757,1,1,66.73786131865037,64.67198682685516,1,3,0,1
5758,1,1,14.723164267339426,37.37099033709351,0,6,0,0
5759,1,2,62.19045195509759,60.3694126543037,0,4,0,1
5760,0,3,33.06644235126906,47.19243631927176,0,6,1,0
5761,0,2,41.35921793964056,39.30392948124955,0,3,0,1
5762,1,2,63.15492125287962,56.06588908822774,0,5,1,0
5763,0,2,61.0112714503833,48.73820957387795,1,2,1,1
5764,0,1,56.61948928206466,56.204704713607484,0,6,1,1
5765,1,2,61.441861418628676,56.61105663231615,0,3,0,0
5766,0,1,63.934322847184134,59.50353139496629,1,5,0,1
5767,1,1,27.620604288593427,43.066910398816965,0,7,0,0
5768,0,3,56.280834049343575,41.6306919938671,0,4,1,1
5769,0,1,60.50738214446647,56.78089613450725,1,6,1,1
5770,0,2,39.01081643072541,35.663362451335814,0,4,1,0
5771,0,1,75.37969722958549,62.72508351464643,1,3,1,1
5772,1,3,55.115176730669496,76.67349045262533,0,14,1,1
5773,1,2,65.38304548341252,59.98156617643582,0,5,1,1
5774,1,2,33.0874720448192,48.07795958335778,0,1,0,0
5775,0,1,48.266390979059054,50.86922664837382,0,5,0,1
5776,1,3,24.20420921594409,34.13737085443462,0,5,1,1
5777,1,3,45.52562688467097,45.25115179906425,0,4,0,0
5778,0,3,25.0183795620084,26.821247882387816,0,7,0,1
5779,0,1,37.52415769568462,46.395874766160034,0,8,1,1
5780,1,1,86.77369762854283,69.68794254710582,1,2,0,1
5781,0,2,2.3296851641955403,8.643914559228001,0,3,0,0
5782,0,2,45.12057134581441,43.26583076023483,0,8,1,1
5783,0,2,41.351490649797356,30.243862106719277,0,3,1,0
5784,0,1,51.93942126293943,63.20692480715529,0,7,1,1
5785,0,2,53.05092649000168,60.91391185609136,0,11,1,1
5786,0,1,44.29951974681066,49.19092428785198,0,5,1,1
5787,0,2,56.11983291835691,47.40772190146226,0,3,0,1
5788,0,2,62.33031130089006,48.25475464469921,0,3,1,1
5789,1,3,41.33562758214444,47.95401250255109,0,3,0,0
5790,0,2,28.033826359112386,33.096358604062814,0,5,1,0
5791,0,3,59.69866640817383,52.75969450366491,0,5,0,1
5792,0,1,52.23113099401872,47.95456725880167,0,3,1,1
5793,0,2,40.905230080209094,43.9398813600857,0,6,1,1
5794,0,2,38.568265699571235,46.62738759805398,0,7,1,1
5795,0,1,75.21454228830817,62.50148121432009,1,2,0,1
5796,1,2,33.44772537889033,56.390334302068446,0,3,0,1
5797,1,2,42.612765707297214,58.64638051561891,0,8,0,1
5798,0,3,56.089644774634024,39.5583591653603,0,2,1,1
5799,1,3,51.86830073213436,66.35065513313293,0,9,1,1
5800,0,2,56.10164487197903,44.00943293445923,0,3,1,1
5801,0,2,48.10799378247062,36.83836034999011,0,3,1,1
5802,0,2,59.325223274386076,51.12803868547614,0,5,1,1
5803,0,3,45.1175562080737,53.21318257445642,0,8,1,1
5804,1,3,71.09042021895357,86.5409574720252,1,10,0,1
5805,1,1,47.95887737128119,51.10544781845802,0,5,0,1
5806,0,2,47.25118561107392,69.3328068623834,0,5,0,1
5807,1,1,70.42092156509834,70.84441656731434,1,4,0,1
5808,1,2,46.535139795640774,53.571065149573954,0,4,0,1
5809,0,3,18.566296859067016,42.24246244149112,0,6,1,1
5810,0,1,64.69487895539517,55.4842380752694,1,4,1,1
5811,0,3,50.92450002387756,43.10401635142724,0,3,1,1
5812,1,3,54.16590078800149,44.55546870020818,0,4,1,1
5813,0,2,38.40888114899897,40.66516121009585,0,7,1,1
5814,1,2,27.05560277985045,48.9297497182847,0,8,1,0
5815,0,2,50.799307727183525,50.99116248538839,0,4,0,1
5816,0,1,37.11867429051251,43.50095478736648,0,6,0,0
5817,0,2,70.50350962567055,62.877229393966815,1,6,1,1
5818,1,1,15.247597624950057,42.34954758576491,0,8,0,0
5819,0,2,52.21037495333561,51.21448723712154,0,6,1,1
5820,0,2,27.45676603520651,36.40891316016137,0,7,1,0
5821,0,1,45.91090073790428,35.079274042501225,0,2,1,1
5822,1,1,59.50495218590812,64.92656945492901,0,5,1,1
5823,1,3,48.11120357630873,49.41816469454751,0,4,1,1
5824,1,2,39.364302027197596,65.16178652550514,0,4,1,1
5825,0,2,59.20602882358716,51.23229928658988,0,2,0,0
5826,1,3,41.112955649444224,60.3904294490956,0,8,0,1
5827,0,1,46.07752171466632,51.8952017833221,0,9,1,0
5828,1,2,31.535656469178605,37.42977823682956,0,6,1,1
5829,0,1,24.488424136751416,32.913568444263504,0,3,1,0
5830,0,2,100.0,64.73929107618926,1,8,1,1
5831,1,1,59.60545281404808,59.90905246957409,0,3,0,1
5832,0,1,74.69937579717592,70.09879224614082,1,5,0,1
5833,0,3,77.61544403508728,50.46910007503538,0,3,0,1
5834,1,1,69.10448258518446,69.26712702928455,1,4,0,1
5835,0,2,48.73721401902473,43.612083148599766,0,4,1,0
5836,1,1,65.16707352830014,67.27064567411115,1,6,1,1
5837,0,1,96.58022467513547,30.856271295655922,0,1,1,0
5838,0,3,43.168168799061014,51.879092088940126,0,9,1,0
5839,1,1,39.45992456422443,54.96478411240717,0,7,1,1
5840,0,3,55.716640105795946,57.9470736448709,0,6,1,1
5841,0,3,48.43776907944972,39.315177626465186,0,3,0,0
5842,0,2,34.270903536758816,41.82002547964102,0,5,0,1
5843,0,3,52.031121383776224,50.85885102033437,0,6,1,1
5844,1,1,58.285573064391635,74.49336198293429,1,10,0,1
5845,0,3,16.758315344533926,26.92824897058481,0,3,0,0
5846,1,2,69.37870897502611,69.63963512388581,1,5,1,1
5847,0,2,40.63819127823863,45.833584465372674,0,6,1,0
5848,0,2,41.744625511914016,37.25371589008361,0,2,1,1
5849,1,1,63.7715123016366,72.21778415114191,1,2,1,1
5850,1,2,61.649597915686535,69.9938488570677,1,2,1,1
5851,0,2,48.569614608493005,42.46557367296302,0,3,1,0
5852,1,1,49.55831976726551,55.202964556091324,0,3,1,1
5853,0,2,22.988629978541713,34.71179667993333,0,6,0,0
5854,0,2,56.6350741614795,34.82181857896482,0,4,1,1
5855,0,2,55.82516586365856,39.336961256217535,0,2,1,1
5856,0,1,74.72963768175862,68.27738777412772,1,6,1,1
5857,0,2,29.67913282881453,35.66431780787718,0,2,1,0
5858,0,2,77.91306119102089,72.97851431231754,1,9,0,1
5859,1,1,36.704172886528376,61.70132589412598,1,6,1,1
5860,1,2,69.47270024804577,63.10425224592439,1,2,1,1
5861,0,2,32.9094568696416,38.095468411092064,0,4,1,0
5862,0,2,43.03730838741846,44.489391100362475,0,6,1,1
5863,0,3,51.92551789781581,44.528917138728445,0,3,1,1
5864,0,3,67.86310806377558,63.97054166051663,0,7,0,1
5865,0,3,48.854194212931844,37.07676593031823,0,1,1,0
5866,0,2,73.06787702699273,64.45863490364526,1,8,0,1
5867,0,3,66.25972725032808,50.106098733802874,0,3,1,1
5868,0,1,69.25144959439618,60.053185378300896,1,3,1,1
5869,1,1,4.7745453147982175,26.13742447508022,0,6,1,1
5870,0,2,54.61823882990821,48.858083934224894,0,5,1,1
5871,1,1,23.90330903147342,43.64421131506028,0,4,0,0
5872,1,3,44.75154534869697,56.87186294533881,0,6,1,1
5873,0,3,40.479017012695046,33.04324961054679,0,0,1,1
5874,1,1,36.70835226174795,54.54198657553915,0,6,0,1
5875,1,1,36.0238969046315,40.285840779282864,0,1,0,0
5876,1,1,69.76683388960714,74.17438315210794,1,4,1,1
5877,0,2,100.0,75.58536974491372,1,9,1,1
5878,0,2,38.47604773474477,26.716008895751308,0,2,1,0
5879,0,2,50.92019252940408,51.439049285964245,0,7,1,1
5880,0,2,61.517822973666966,45.79710002140154,1,3,1,1
5881,0,3,41.80678405820946,46.2351552043615,0,6,1,1
5882,0,1,55.981486401761536,42.86757979102366,0,2,1,1
5883,0,2,38.44487531377077,36.50667351947344,0,6,1,0
5884,0,2,42.681104505751485,42.13772016760386,0,4,1,1
5885,0,1,54.00142145104462,37.43243995729154,0,4,0,1
5886,1,1,53.57198602801968,65.63674561159927,0,6,0,1
5887,0,3,62.82312298185608,56.11696686016678,0,7,1,0
5888,0,1,30.842053169560288,31.450042928673263,0,6,1,1
5889,0,2,52.93113442262154,33.50666336665727,0,3,1,0
5890,0,3,40.89852195048609,37.64258538108362,0,7,1,0
5891,1,1,25.28972618118911,40.409628914739805,0,7,0,1
5892,0,1,44.31896253987884,46.19288933723703,0,10,1,1
5893,0,2,52.47359659910252,40.97391700469595,0,4,1,1
5894,0,3,58.380063869909264,64.94993741353389,0,10,1,1
5895,0,1,48.151794162150225,46.27904132499428,0,4,0,0
5896,1,1,60.66269516842709,76.1088029883273,1,6,1,1
5897,0,1,35.90076455641649,40.41630441720648,0,7,1,1
5898,1,2,70.65736728722466,77.55416313632703,1,6,1,1
5899,0,3,65.20857195828754,61.0505525082089,1,4,1,1
5900,0,2,43.01666513933522,43.5158762029618,0,6,0,1
5901,1,2,50.94437739931529,57.8401879349588,0,5,0,1
5902,1,2,55.84836253573543,48.62338481241659,0,2,0,0
5903,0,2,37.60135983007021,42.616687395754454,0,8,0,0
5904,1,2,63.23798053239192,73.98226292617515,0,5,1,0
5905,0,1,31.490831033696058,42.18915217865218,0,7,1,0
5906,1,2,74.06814670885753,66.14383878713771,1,3,1,1
5907,0,2,62.79870209882166,69.44284383629409,1,10,0,1
5908,0,2,11.332412057456773,19.09409901821238,0,3,1,0
5909,0,2,60.45600258168128,55.986430944570806,0,5,1,0
5910,0,2,30.748399903316685,32.35899348090625,0,5,1,0
5911,0,2,37.529980127868356,38.738586989049715,0,3,1,0
5912,0,3,62.28712620633112,63.56699124116345,0,7,0,1
5913,1,1,39.317526910063464,43.84663792243649,0,4,1,1
5914,0,2,31.79749761550945,46.334216584233815,0,10,0,1
5915,0,1,39.35743303589976,39.29151733135253,0,4,0,1
5916,0,1,34.51221679929905,51.63373064294631,0,9,1,0
5917,1,1,32.76119596579472,35.923264790967664,0,2,1,0
5918,0,1,40.397119971671685,49.14934497922322,0,8,1,1
5919,0,2,68.9041635399273,65.41890534163558,1,5,1,1
5920,0,2,39.4698238614288,49.878452721356766,0,3,1,0
5921,1,3,37.903549588580134,47.01228465239329,0,4,1,1
5922,0,2,72.08584602490687,59.304778958180876,1,4,0,1
5923,0,1,27.22542074296598,36.510893346836866,0,6,1,0
5924,0,1,92.20238486470788,39.89754125516474,0,4,1,1
5925,0,2,37.6557488073687,31.86444902104797,0,4,1,1
5926,0,3,53.701347141852025,48.863442158430075,0,5,1,0
5927,1,1,54.01532381295478,67.82309995818451,0,7,1,1
5928,0,2,39.938487804253306,31.98329630192191,0,3,1,0
5929,0,1,34.78209175451645,34.449947776282116,0,2,0,1
5930,0,1,70.77949622899465,65.90011546989568,1,4,1,1
5931,0,2,35.06934231640303,37.558510969628664,0,5,1,1
5932,0,1,82.59786914298022,72.32959692089263,1,5,1,1
5933,0,1,65.35970488705023,63.8540424658338,1,7,1,0
5934,1,2,35.01668322797073,52.055547223488475,0,5,1,0
5935,0,1,54.970474955478124,52.84596622442361,1,6,0,1
5936,1,2,62.385507127615014,68.40415345584728,1,7,1,1
5937,1,2,4.2106181621767504,35.32331874888538,0,5,0,0
5938,0,3,47.279260047699886,40.5722239344341,0,4,1,1
5939,0,2,76.7944916558214,63.39065576127312,1,8,1,1
5940,1,3,60.14439359460697,77.82548125813304,0,9,0,1
5941,0,2,63.454490381599726,63.497303148773256,0,9,1,1
5942,0,2,53.411012928214774,58.51973247635969,1,6,1,1
5943,0,3,60.892988277261004,50.380578439917606,0,4,1,1
5944,1,2,54.56005356972231,66.59184909353843,0,7,0,1
5945,0,1,36.81760611872308,22.791130313693763,0,2,1,1
5946,0,1,63.806722746533744,58.58257002760254,1,8,1,1
5947,1,1,68.3132734660562,81.64771978287787,1,8,0,1
5948,0,1,32.26384577144073,28.28501730463567,0,3,1,0
5949,0,1,26.35188353785439,41.10641228568739,0,6,1,1
5950,0,1,48.804522524792716,40.984053206438084,0,4,1,0
5951,0,3,51.31930005188382,55.15185373270928,0,4,1,1
5952,1,3,70.11554262071853,80.46153989949111,1,9,0,1
5953,0,2,46.10245360804467,50.92950544911127,0,6,1,0
5954,0,2,46.23056246641186,41.5977946085082,0,2,1,1
5955,0,2,33.213515729144234,33.10361021758604,0,3,1,0
5956,1,2,38.14696224603458,35.215799017102775,0,4,0,0
5957,0,2,47.36190553088754,49.99936644486085,0,5,1,0
5958,1,1,31.39294740412934,43.28724848675274,0,1,0,1
5959,1,1,55.03673336045806,69.0103088678029,0,5,1,1
5960,0,1,56.86910554545233,52.034431562439494,0,5,1,1
5961,0,2,51.60285908443626,46.114724168482624,0,2,1,1
5962,0,1,53.696263303212454,54.81725556410817,0,6,1,1
5963,0,1,38.37161902211193,36.830942247046636,0,4,0,0
5964,0,1,55.43704304397898,47.77119876525926,0,4,0,1
5965,1,3,68.54789419824007,61.21919444799483,0,3,0,1
5966,0,1,58.22928016611635,38.15978605799228,1,3,1,1
5967,1,2,66.86662562467636,73.72816463502947,1,6,1,1
5968,0,3,47.25527071170096,39.01911411483525,0,2,1,0
5969,0,1,74.82247170429015,58.11809166905229,1,1,0,1
5970,1,1,67.10129830312552,73.68835383674377,1,6,1,1
5971,0,2,63.96666121179917,53.77413333283525,1,4,0,1
5972,0,2,52.47535436281723,53.86270938733396,0,6,1,1
5973,0,1,29.482102571754318,33.698238084832575,0,3,1,1
5974,0,2,24.864669354153413,35.12691350669862,0,6,1,1
5975,1,1,59.63633211092509,56.92520088103086,0,3,0,1
5976,0,2,50.64338362105479,52.51782946920247,0,6,1,1
5977,0,2,33.09655418976592,40.88313376680847,0,4,1,1
5978,0,2,35.155418622861646,34.25573138882658,0,8,1,1
5979,0,2,58.36194331328178,53.378643070485474,0,4,0,1
5980,0,1,53.38117927893145,47.037637178083244,0,5,1,1
5981,0,2,27.473869863462628,27.01737863012245,0,3,0,1
5982,1,2,73.7666471767748,76.41790529380297,1,5,1,1
5983,0,2,59.86053581763217,48.961680425086605,0,4,1,1
5984,0,1,19.407256063967743,28.505222755912357,0,6,1,1
5985,0,1,67.83203208878851,68.6145521920069,1,9,1,1
5986,0,3,69.07974366537586,61.82907385015992,0,8,1,1
5987,0,2,67.16997227959818,55.27304502605709,1,5,0,1
5988,0,1,70.11146872120119,65.0075927311425,1,8,1,1
5989,0,3,56.349821488325425,60.532012430047054,0,9,1,1
5990,0,2,23.074094102081546,35.341601096413605,0,7,0,0
5991,1,2,57.00644355543965,63.45311545790144,0,5,0,0
5992,0,1,40.395861367248656,39.19438798659336,0,5,0,0
5993,0,1,100.0,51.84811812312473,0,3,1,1
5994,1,2,51.24703905526795,61.779838918326405,0,4,1,1
5995,1,2,43.84627446018708,52.76596462652674,0,6,0,1
5996,0,2,86.79323217086504,78.72066021599767,1,8,1,1
5997,0,3,67.27089048939257,40.470197378348516,0,1,1,1
5998,1,1,28.922184366270105,39.33556243552008,0,4,1,0
5999,0,2,46.50728178891159,40.11213914505729,0,5,1,1
6000,0,2,59.46169771030328,53.76589483165412,0,6,0,1
6001,1,2,43.13768874575288,61.67419878014732,0,9,1,1
6002,0,2,85.30783221354862,83.08881825454264,1,9,1,1
6003,0,2,49.73522263055484,48.97299957554099,0,2,1,0
6004,0,1,42.53528742422817,44.46635001926751,0,6,1,1
6005,1,3,70.44966456626265,70.7731054981603,1,3,0,1
6006,1,2,51.16195866076727,63.87525827150587,0,9,0,1
6007,0,1,70.47657276124221,49.70720150112611,1,3,1,1
6008,0,3,68.23336002923561,59.71672066652159,0,6,0,1
6009,0,3,28.453083669760282,35.50484514437134,0,6,1,1
6010,0,2,30.498219221523122,41.7171939879611,0,9,1,1
6011,1,1,57.36548926529317,65.86269284129479,0,8,0,1
6012,1,1,30.091542702468868,47.544569461576806,0,8,0,1
6013,0,2,17.709857454040357,27.665127921726796,0,4,1,0
6014,0,2,58.93224550272642,52.8902074803071,0,3,1,0
6015,0,1,77.21129852562815,72.67259132257688,1,7,1,1
6016,0,2,38.432117741433196,41.761645739243995,0,5,0,1
6017,1,2,63.331350487051985,69.79201686963242,1,3,0,1
6018,0,2,78.87403740721045,57.7119891222007,0,7,1,1
6019,1,1,33.15087928177029,47.28656295717787,0,4,0,0
6020,0,1,59.91300822855161,47.19051055390211,1,4,1,1
6021,1,2,32.594260193508525,53.23551395660406,0,8,0,0
6022,0,2,50.77690422153144,56.11020327408274,0,4,0,0
6023,0,2,48.7381104429633,34.5504996865595,0,3,1,1
6024,0,1,51.991793024432454,58.371992432990844,0,11,1,1
6025,0,2,38.64735273986439,41.54071487323172,0,7,0,0
6026,0,2,44.89332606953238,40.44425168792835,0,4,0,1
6027,0,2,62.60234912036591,56.12762778487421,1,7,1,1
6028,0,1,54.49651174198784,48.953093032410095,0,5,1,1
6029,0,1,72.97156244845385,55.874374117923956,1,3,0,1
6030,0,2,37.33796312735171,28.58099746808676,0,5,1,0
6031,1,2,68.7051728742056,83.69757257159989,1,8,0,1
6032,1,1,100.0,97.48059408752165,1,6,1,1
6033,1,3,54.28961167929834,73.72869466885972,0,11,0,1
6034,1,2,33.206404192968776,46.041149424323706,0,6,1,0
6035,0,3,41.39307003273188,40.243339980373854,0,5,1,0
6036,1,2,46.22762061405582,49.61470592099404,0,4,1,1
6037,0,3,40.98136300530302,41.85339797403681,0,7,1,1
6038,1,3,27.530348301746574,45.64232060641939,0,8,0,1
6039,0,1,44.30323801161283,36.58040335461848,0,5,1,0
6040,1,2,60.82969870908964,73.72034021759741,1,4,0,1
6041,1,2,64.05823610793095,69.81621570472886,0,9,1,1
6042,0,1,56.95264780060576,37.45869163247548,0,2,1,1
6043,0,1,49.24679638291907,57.538422342993385,0,8,0,1
6044,1,2,61.307983911946536,54.50525149031328,1,6,0,1
6045,1,2,57.11650444758707,55.237826868990226,0,3,1,0
6046,0,3,59.676311807750885,37.611408294991634,0,2,0,1
6047,0,1,53.828760365263385,43.7669654267637,1,3,1,1
6048,1,2,49.54061230678381,65.0750930568947,0,4,0,1
6049,0,2,76.38260032504093,67.13572540577745,1,4,1,1
6050,1,2,57.93114292096698,72.06479445478809,0,6,1,1
6051,0,2,65.75678206283695,56.10783537955086,1,3,0,1
6052,0,1,49.15966120363825,43.036237574650315,0,2,1,0
6053,0,3,19.29950650601269,25.57474843763751,0,5,0,0
6054,1,3,66.16533412372276,75.98110162993217,0,5,1,1
6055,0,1,43.54857526942673,40.59053671714075,0,4,1,1
6056,0,1,49.71888482584524,56.38991208785009,0,7,0,1
6057,1,1,43.634590195043536,63.6171704869022,0,6,1,1
6058,1,1,44.83672014476307,51.44228737986703,0,8,1,1
6059,1,2,61.151542297723104,33.593774124412725,0,1,0,1
6060,0,1,41.729536609010836,47.604687690008575,0,8,0,1
6061,0,1,48.91682052629726,48.424623159552254,0,4,1,1
6062,0,1,41.07338341597098,49.59956055106905,0,8,1,1
6063,0,1,75.92357110249368,64.97075611378895,1,4,1,1
6064,0,3,72.69534487462015,70.33464216848348,0,5,1,1
6065,0,2,67.27910132024385,50.89651935703292,1,4,1,1
6066,0,1,50.17980529420789,37.956796194776224,0,0,1,1
6067,0,1,70.95129879436313,68.13937105261566,1,7,1,1
6068,1,2,45.78050700303667,66.5359080458514,0,7,1,0
6069,1,2,26.453703938603823,44.61688278356396,0,8,1,1
6070,0,1,58.17160569622914,50.299858500804724,0,1,1,1
6071,1,1,81.73656877324258,73.94177672793855,1,3,0,1
6072,1,2,38.38223280875517,50.59724365060234,0,4,0,0
6073,0,1,49.82011063452787,42.80703147664983,0,2,0,1
6074,0,2,55.741630475524815,59.22970672172215,0,6,1,1
6075,1,1,50.10513826497275,60.239776309671385,0,8,1,1
6076,0,1,35.267290016742116,40.560213707309366,0,7,1,0
6077,0,2,68.89252318698627,59.71427545838806,1,7,1,1
6078,1,1,55.22714756234224,55.14900670482943,0,2,0,1
6079,0,1,55.357804131568216,55.72766318927951,1,2,1,1
6080,1,2,33.4125729445001,34.758254115238756,0,1,0,0
6081,0,2,27.554230143819627,25.921435333501645,0,4,0,0
6082,0,3,51.12009642670588,47.10508528586753,0,3,1,0
6083,0,1,48.142689907775804,38.57759130573299,0,6,0,1
6084,0,2,48.363815024413945,48.717863430404385,0,7,0,1
6085,0,3,31.802610339563557,31.28483079568915,0,5,1,0
6086,1,1,39.15123770685475,50.82995627714535,0,4,0,0
6087,1,1,28.488944608204484,52.43089835524124,0,4,0,0
6088,0,2,53.61019230305799,49.33989223554978,0,7,1,1
6089,1,1,72.87793186655561,73.53056105338197,1,5,0,1
6090,0,1,67.76002605384575,56.27604220890821,1,6,0,1
6091,0,3,38.53455545391211,42.68766103308116,0,6,0,1
6092,0,2,76.1237729479452,57.40252370465257,1,4,1,1
6093,0,1,43.75184705129627,42.64043588819544,0,3,1,0
6094,1,1,100.0,70.94641825622446,1,9,1,1
6095,0,3,75.88487695513467,65.74820281030428,0,6,1,1
6096,0,3,67.19870168809524,72.51571824058874,0,9,0,1
6097,0,2,49.613392404878,45.719110227738994,0,5,0,0
6098,1,1,32.711316073803985,44.68602429433427,0,6,1,1
6099,0,2,9.254205361004901,29.958718303992995,0,11,0,1
6100,0,2,45.61372656912257,47.76888202223892,0,8,1,1
6101,0,2,63.260336627449284,69.01011569268857,1,7,1,1
6102,0,1,73.4111972317028,53.826122783761015,1,2,1,1
6103,0,1,32.72748164188318,25.67750481895108,0,1,1,0
6104,1,1,72.41935071104463,54.091281459488535,0,3,1,1
6105,0,2,64.72603552613671,68.08820171590769,0,10,0,1
6106,0,2,44.646304038993335,52.87527797203274,0,4,1,1
6107,0,1,87.58746856011265,69.85726202651331,1,3,0,1
6108,1,2,54.265731582783786,71.89964748734754,0,9,1,1
6109,0,1,59.709655603367025,55.47245301640868,1,7,0,1
6110,1,2,36.59308052167448,63.38075816167618,0,9,1,1
6111,0,3,0.0,31.3694634617327,0,5,1,1
6112,0,3,63.20212072921293,59.272858512025486,0,6,0,1
6113,0,2,47.186277736209355,47.27268897969569,0,5,1,1
6114,1,2,69.16248691869156,65.41438717050076,1,4,0,1
6115,0,2,57.70798067530631,61.04050633479149,0,8,1,1
6116,1,2,59.34386182691475,75.10555120502059,0,7,1,0
6117,0,2,78.29251513704335,36.25718920175296,0,2,0,1
6118,0,2,41.62637814159564,53.63436608853703,0,9,1,0
6119,0,2,54.98185355238425,59.4715770194992,0,8,1,1
6120,0,2,52.76288080917101,55.794628241202915,0,9,1,1
6121,0,2,51.6866678480653,43.40462198372094,0,6,1,1
6122,1,3,29.741418629547542,51.29317546003691,0,9,1,1
6123,0,1,46.31113136227836,45.75091861918288,0,5,1,1
6124,0,1,20.717321105616872,25.988008914731687,0,5,1,1
6125,0,1,28.763165366746172,18.75786196311476,0,3,1,0
6126,0,2,50.95225910355374,60.5971881400498,0,9,1,1
6127,0,3,41.81290760110165,36.67796809417931,0,4,1,1
6128,0,2,57.580974994609214,38.11509596775294,0,2,1,0
6129,1,3,44.854625743954585,54.93366715621197,0,6,1,1
6130,0,1,45.21296916497912,51.97544467630705,0,5,0,1
6131,0,3,81.16283203842589,65.52015751568992,1,3,1,1
6132,0,2,49.264025878714264,54.24542095986426,0,6,1,0
6133,0,2,53.71442887059739,52.511845406251666,0,6,0,1
6134,0,2,21.75461423374714,35.882959590517956,0,5,0,1
6135,0,1,52.80585641668332,43.48811460857588,0,2,1,1
6136,0,2,42.24167750928951,40.26980675642272,0,5,1,1
6137,0,2,29.64041746833024,32.300487835080524,0,3,1,0
6138,0,2,53.28471534182079,45.147892711427474,0,9,1,0
6139,1,1,56.51978758832384,65.74539807547596,0,6,1,1
6140,1,3,40.01795502277356,56.790159721665255,0,7,1,1
6141,0,1,73.55038331071707,58.857523015788466,1,4,1,1
6142,1,1,48.25127957579226,57.77239148893961,0,4,1,1
6143,1,2,44.47427358355522,60.5046691540269,0,3,0,1
6144,0,2,66.57961435194595,50.94658860426731,1,1,1,1
6145,0,1,42.41561767439516,54.71401622830098,0,9,1,0
6146,0,1,86.61284890689384,62.38122410908455,1,9,0,1
6147,1,2,35.782848599577534,45.610133461282516,0,7,0,1
6148,0,1,48.89991123529173,53.77639094326792,0,4,1,1
6149,0,2,53.932808014408295,46.43849014679446,0,3,1,0
6150,1,2,48.71611562519016,57.012101439746125,0,5,0,1
6151,1,2,76.21769532563822,74.63126385185838,1,5,0,1
6152,1,1,70.17087114187868,61.13770483125657,0,5,1,1
6153,1,3,28.600532987135193,45.8277660862414,0,6,1,1
6154,0,2,55.86899276610413,58.68970441938904,0,5,1,1
6155,0,2,50.58170966159709,36.7481236410329,0,2,0,1
6156,0,2,37.00034717307533,40.651988366372144,0,4,0,1
6157,1,1,38.37938566991569,49.475648877337626,0,5,0,1
6158,0,1,50.84211778009022,47.498964668520934,0,3,0,1
6159,0,2,54.20088641675378,58.27374482292631,0,7,1,0
6160,0,1,50.43724520067695,43.26588113975081,0,4,1,1
6161,0,2,20.284286314968313,28.346795290868183,0,7,1,0
6162,1,3,33.61014059081297,43.66168547359112,0,3,1,0
6163,0,2,36.43125249056483,37.48891176298056,0,5,1,1
6164,0,1,55.08315356346635,48.202275026752076,0,4,1,1
6165,0,2,56.30284942822353,49.83287053069857,0,3,0,1
6166,0,2,50.59452857612678,47.66425220113602,0,5,1,0
6167,1,3,66.42342113890483,46.484059965620006,0,5,0,1
6168,1,2,34.1789962150734,51.853986497800996,0,6,1,1
6169,0,2,60.084238224893895,48.349094378810214,0,6,0,1
6170,0,1,41.04743651921278,47.0992348833918,0,8,1,1
6171,1,1,46.41690096535678,60.700860425211474,0,4,1,1
6172,0,1,47.316842459162125,48.301735361503425,0,4,1,1
6173,0,1,41.03237760466224,38.864701253579916,0,1,1,1
6174,1,1,25.76821927934973,46.06211900238559,0,7,0,0
6175,0,2,83.98464438576603,73.54583052478354,1,8,1,1
6176,0,2,53.93241625738813,52.60642103014368,0,6,0,1
6177,1,2,48.30973930764007,47.35005582568989,0,2,0,1
6178,0,2,42.68586634535323,34.99632581835384,0,3,1,0
6179,1,1,42.928594767223004,65.02256674986468,1,2,0,1
6180,0,1,71.10633158334097,57.11165594299599,1,4,1,1
6181,0,2,63.683926954901224,63.64280132828873,0,7,0,1
6182,1,1,48.18453192478944,62.60339126339161,0,10,0,1
6183,1,1,52.22910750791221,62.72131358497568,0,10,0,1
6184,0,2,19.7225227026885,28.011296739032026,0,2,0,0
6185,0,3,62.48865578756274,56.372233918376295,0,7,1,1
6186,0,3,49.687680125023086,48.10837791670299,0,6,1,1
6187,0,3,43.26667765909327,42.27846783361948,0,5,1,0
6188,1,2,44.75193154911576,53.61134696473037,0,4,1,0
6189,0,2,19.711545621559967,24.99549649955084,0,3,0,0
6190,0,2,59.79262423673956,56.641548486155514,0,6,1,1
6191,0,2,65.64916820697711,51.68803991828908,1,4,0,1
6192,0,1,48.60443394589008,41.57147810320021,0,4,1,1
6193,0,1,22.493239095260098,30.478256498948348,0,5,1,1
6194,1,2,100.0,78.22299196966584,1,2,0,1
6195,1,2,19.743211969666252,42.03834383118189,0,6,1,0
6196,0,3,58.09153577881837,50.37157910078185,0,5,1,1
6197,0,1,50.86948447140048,49.30322351152328,0,5,0,1
6198,0,3,61.18218300010296,45.466647777371826,0,8,0,1
6199,1,1,42.695324149186156,59.15815129223631,0,3,1,0
6200,1,1,47.70386237297103,56.44052935975026,0,3,0,1
6201,0,1,46.80333646863752,43.33266671845051,0,7,0,1
6202,0,2,42.541321351742134,56.846246507121734,0,7,1,1
6203,0,2,49.905634931251136,50.98355030722121,0,8,1,1
6204,1,2,36.57241915687435,40.24602999520257,0,4,0,1
6205,0,3,31.29551335570365,13.197726750711311,0,1,1,0
6206,1,3,48.37695666910309,65.5085888252379,0,8,0,1
6207,0,1,52.149024847783984,46.773116904837664,0,4,0,1
6208,0,1,30.31665147417172,36.14533352709618,0,6,1,1
6209,1,3,52.58696756180743,66.47931524398714,0,7,1,1
6210,0,1,63.11486688499471,67.36940353549056,1,12,1,1
6211,0,1,28.78129953751464,50.176965078798915,0,6,0,1
6212,1,2,63.73026317530297,68.5387498129083,1,5,0,1
6213,0,1,49.923076360211134,47.52868343351446,0,6,0,0
6214,1,2,72.27354072120946,68.28556903554222,1,4,0,1
6215,0,2,53.03490301851412,45.458313222090624,0,6,1,1
6216,0,3,36.3123338217324,31.24786983819949,0,4,1,0
6217,0,1,46.934991887285975,42.249127951717085,0,5,1,0
6218,1,3,19.02535789142709,30.619974330844567,0,5,1,0
6219,1,1,61.30290888048196,69.2435988335166,1,5,0,1
6220,1,2,22.884752599317025,47.0538757495122,0,4,1,0
6221,0,1,44.744094874415126,44.67575381153777,0,3,1,1
6222,0,1,45.96632086047098,43.25979869138205,0,5,1,1
6223,0,2,22.184276594322963,29.308912565493248,0,1,1,1
6224,0,1,73.672990376939,67.18689847996822,1,5,1,1
6225,0,2,43.395943032237014,63.38978019014593,0,5,1,1
6226,0,1,68.2500619512523,55.96127182578352,1,3,1,1
6227,0,2,57.08315908528918,44.40537264493846,0,4,1,0
6228,0,2,46.483538617089586,41.06280804069667,0,2,1,0
6229,1,1,41.836665809451986,40.641739290273605,0,8,0,1
6230,0,3,82.84511886534044,66.0854391915373,1,3,1,1
6231,1,2,0.0,27.974343785803597,0,4,0,0
6232,0,2,65.76061692376742,53.28140284648448,1,4,1,1
6233,0,1,51.016512106319325,43.371131906488536,0,3,1,1
6234,1,2,50.3274187354477,53.45431177986961,0,3,1,1
6235,1,3,39.47327809902728,49.61702861861223,0,3,0,1
6236,0,3,44.65836349594391,45.76879799016137,0,5,1,1
6237,1,2,46.95077522314667,51.17662952979287,0,5,1,0
6238,0,2,51.6308170739551,55.90649150461053,0,7,1,1
6239,0,1,59.49264335317698,50.22431218953813,0,6,1,1
6240,0,1,55.40946942414935,47.029305652646116,0,6,1,1
6241,0,2,27.075928837317093,31.79780136901403,0,3,1,0
6242,1,1,53.51598185348401,70.34212173961619,0,9,0,1
6243,1,1,65.46409813231465,55.80330208600103,1,1,1,1
6244,1,1,38.370719723245315,47.77882439996942,0,6,0,1
6245,1,2,51.100619011364834,63.55185083179231,0,7,0,1
6246,0,3,65.461919405744,59.64321183440378,0,6,0,1
6247,1,2,58.21068917222228,67.49934957417817,0,4,0,0
6248,0,1,78.26280120211165,69.77779818328871,1,5,1,1
6249,0,1,57.010801189309426,45.30659297593794,0,3,0,1
6250,0,2,49.39880300523575,48.65076821673759,0,5,1,0
6251,0,2,47.94608318389785,53.51141529801562,0,7,1,1
6252,1,2,76.25503749254227,73.74733868148132,1,5,0,1
6253,0,1,33.262203197471926,25.05991502282444,0,2,1,1
6254,0,3,65.50908497253486,49.81542418602898,0,6,1,1
6255,1,1,13.744183557218292,41.68032522457636,0,6,1,1
6256,0,1,17.48705711969665,29.227596932816386,0,7,1,0
6257,1,3,67.05091261456107,59.964630975713995,0,2,1,1
6258,1,2,56.365835399826864,62.72530325365016,0,6,1,1
6259,0,3,39.95893838612423,42.36599653525465,0,4,1,0
6260,0,3,69.53482578893374,63.041766326539886,0,6,1,0
6261,0,1,52.454993788211205,45.62642116109249,0,3,0,1
6262,0,1,49.64309681300406,41.216333730388605,0,4,0,0
6263,1,3,66.2520923869713,62.558438309207425,1,4,1,1
6264,1,2,62.03635886268464,68.35292231101576,1,5,0,1
6265,0,1,61.41835868567613,54.35394045243442,1,8,0,1
6266,0,3,26.1235489142804,39.22148646395843,0,9,0,0
6267,1,3,28.05702201047189,63.12794759461673,0,7,0,1
6268,0,1,27.406052183638984,19.530293792041324,0,1,1,0
6269,0,3,50.68524160429232,57.59810893491323,0,6,0,1
6270,1,3,31.762994654684856,43.28033892639197,0,5,1,0
6271,0,2,60.08830670658757,39.618829068372484,0,1,1,1
6272,1,1,40.455068089281696,43.280801429421544,0,6,1,0
6273,1,1,46.73853931884817,52.8355985950139,0,4,1,1
6274,0,2,29.753848588787665,32.829144005397474,0,3,0,0
6275,1,3,68.57560575623988,72.59653018831686,0,5,0,1
6276,1,1,63.953118974292764,52.72639071148842,0,1,0,1
6277,0,2,41.215177579981905,37.902074254773,0,5,0,0
6278,0,3,36.753928609251375,32.544885399252124,0,5,1,1
6279,0,1,41.95675775852474,40.36864612048019,0,3,0,0
6280,0,3,41.67825707138382,43.314248009899366,0,7,0,0
6281,0,3,62.8157817189394,45.65791487452798,0,4,1,1
6282,0,1,46.49945760116302,41.29320928168124,0,6,1,1
6283,0,3,53.75131263513143,51.076804489845784,0,4,0,1
6284,1,2,59.11182731383755,60.391599806762756,0,5,0,1
6285,0,1,46.566013758225324,46.603059716388785,0,8,0,1
6286,0,1,46.84323495953044,44.9226270509445,0,3,0,0
6287,1,2,42.55674986734126,43.83645332745267,0,3,0,1
6288,0,2,55.873822173413366,50.59286443726644,0,6,0,0
6289,0,2,37.838499156142525,39.62763009644143,0,4,1,1
6290,0,2,39.526030868685204,36.40750453539332,0,3,1,1
6291,0,1,58.02240382755172,47.31532320067999,1,0,0,1
6292,0,2,50.049999966685036,41.36341081204504,0,4,1,0
6293,0,1,42.91792310245704,51.82775020467979,0,5,1,1
6294,1,2,49.417602333629546,58.855156545633804,0,6,1,0
6295,1,1,28.787575817636746,46.95842540556643,0,6,0,1
6296,0,3,76.28743848390664,65.51236767498872,1,1,1,1
6297,1,2,52.76577687602069,58.18423548637255,0,6,1,1
6298,1,2,31.608542657140696,39.05434366468441,0,4,0,1
6299,0,2,71.75719579894113,53.9131573666346,0,5,1,1
6300,0,2,27.582140003059177,23.725749454666428,0,2,1,0
6301,1,2,29.917017332475147,43.62243934687779,0,4,0,1
6302,1,1,61.11800131441423,68.25723478055671,0,5,0,1
6303,0,1,38.76965171194546,30.559793642371336,0,2,1,1
6304,1,1,63.8468969780721,60.60805398136138,1,3,0,1
6305,0,3,41.5224399843462,33.38518457967772,0,2,1,0
6306,0,1,64.7967936519631,68.47206104379518,1,9,1,1
6307,0,1,91.00241327284712,44.50325974237697,0,4,1,1
6308,0,1,25.702796466451925,30.68276381187319,0,4,1,0
6309,0,3,49.25853229913567,40.328381047727845,0,3,0,1
6310,0,2,56.14888879691724,51.8868424736189,0,5,1,0
6311,0,3,88.82943555968555,64.5620953736449,1,1,1,1
6312,0,2,57.29433824674259,51.73621068067552,0,4,0,1
6313,1,2,42.56112787051945,52.20484477207597,0,5,1,0
6314,0,1,74.63312769978423,66.04992478867102,1,5,1,1
6315,0,1,63.771555690611024,48.08590923821081,1,3,1,1
6316,1,2,53.837944464969716,80.63777507483769,0,14,0,1
6317,0,1,66.09707156407077,55.94799260035094,0,7,0,1
6318,0,2,42.14345010607167,41.944266114062174,0,5,0,1
6319,0,2,49.87196030902376,59.41626034787809,0,8,1,1
6320,0,1,53.89445008344786,52.68547451939375,0,3,0,1
6321,0,3,77.25577684493281,67.09696576910196,0,3,1,1
6322,0,2,69.68338209950625,53.459565733886805,1,2,1,1
6323,0,1,90.18505751767351,64.64763892836712,1,4,1,1
6324,1,2,55.386491864646246,64.61210886703998,0,6,0,1
6325,0,3,51.31840378984852,39.25391453665896,0,2,1,0
6326,0,2,52.247064932434846,43.537747692525336,0,4,1,1
6327,0,2,29.478312443073882,33.17921605041455,0,4,1,0
6328,0,1,53.36438659306453,40.02060455701501,0,2,0,1
6329,0,2,44.18567226429065,49.788187254440025,0,8,1,1
6330,1,2,33.500304996530424,48.46342731155657,0,5,1,1
6331,0,2,53.636765641783555,41.47987633553532,0,2,0,0
6332,0,1,34.91324856903688,55.89585218567466,0,9,1,0
6333,0,1,98.1387211676899,50.547979531433114,1,2,1,1
6334,0,2,67.87110794599606,59.26089976044126,1,4,1,1
6335,1,2,42.8162910811812,57.00929994938839,0,7,1,1
6336,1,2,60.336135346152304,69.89044167127835,0,8,0,1
6337,0,2,73.87160436381268,64.24106549376768,1,6,1,1
6338,0,3,55.5238017245235,52.447083659963695,0,4,1,0
6339,0,2,36.494181393476424,38.196518143067784,0,5,1,1
6340,0,2,64.23848575565029,68.08690709291375,1,8,1,1
6341,0,2,34.37673599293737,43.88992332869979,0,7,1,1
6342,0,1,68.70345926163662,60.994637878379834,1,2,0,1
6343,1,3,28.916256360718517,49.74817892584807,0,4,0,1
6344,0,1,80.97323448941513,68.42797536498291,1,5,1,1
6345,1,3,69.12160048367645,68.97169597644731,0,6,1,0
6346,0,2,68.19055681455806,65.30674830384592,1,6,1,1
6347,0,1,55.41294242920819,50.28770110178536,0,8,1,1
6348,1,2,54.40130487521444,66.55765218760101,0,6,1,1
6349,0,1,99.62743679582323,56.869337499127255,0,12,0,1
6350,0,3,51.58382693077532,46.643806730776554,0,4,1,0
6351,0,2,50.45533222617988,40.825271945988284,0,6,1,1
6352,0,2,47.56190692500965,53.47379794213697,0,7,1,0
6353,0,2,35.81369743396325,38.47827049635682,0,1,1,0
6354,0,1,39.660159255252644,42.64514254751614,0,7,0,1
6355,0,2,16.487548550161577,20.860721768946203,0,5,1,0
6356,1,2,39.185192357741194,58.075053474111925,0,8,0,1
6357,0,2,39.27619904273568,34.362303012060046,0,4,0,1
6358,1,3,51.4012768102694,56.075815359471584,0,4,0,1
6359,0,3,51.60362815257598,51.204417602439634,0,6,1,0
6360,1,1,38.12244312208201,47.185982575880786,0,7,1,1
6361,1,1,47.460094848969646,63.040333588504346,0,7,1,1
6362,0,1,60.187726490453684,48.5135140280355,1,5,1,1
6363,1,2,27.61420871244997,41.10923235756673,0,6,0,1
6364,1,1,44.072455947629095,61.37506166938403,0,7,1,0
6365,1,3,37.61156207176757,41.71819864833891,0,2,1,0
6366,0,3,53.76680803408733,63.05156396717156,0,8,1,1
6367,0,2,32.94480133727698,38.36852770839498,0,4,1,0
6368,0,2,71.11226440579787,64.52249776437948,1,8,1,1
6369,0,2,51.26129288589138,56.1675387672062,0,7,0,1
6370,1,2,51.713353240255486,58.60290874217055,0,3,1,0
6371,0,1,64.46337592948758,51.963918403345936,1,2,1,1
6372,0,2,44.40302553241738,32.78257255443195,0,6,1,0
6373,0,1,39.99474110563927,44.85861377752033,0,3,1,0
6374,0,2,52.61336878063259,53.65938776049654,0,7,0,1
6375,0,1,49.336457751296585,52.719810879946984,0,5,1,1
6376,1,2,68.70717906383368,74.41027608248788,0,7,0,1
6377,0,3,59.21529373518076,45.12298325982786,0,4,1,1
6378,0,1,57.935489573331665,45.97441611620918,0,2,1,1
6379,0,1,85.35351169871869,65.09906645272325,1,3,0,1
6380,0,2,47.310480298048276,38.31572414704552,0,3,1,1
6381,0,2,45.818164159710356,36.77932300107287,0,3,0,1
6382,0,1,58.33033944619398,51.63861123450329,0,4,0,0
6383,1,3,55.077115641749955,72.90150828370822,0,8,0,1
6384,1,2,56.121458361367004,50.564953124647985,0,4,1,1
6385,1,2,46.079722946785985,45.61129839565294,0,4,0,1
6386,0,1,37.637949816232144,38.965606425376826,0,4,0,1
6387,1,2,24.236485343572564,44.25599267014753,0,4,1,1
6388,1,2,48.04367464217552,56.47781981979255,0,5,1,0
6389,0,2,45.66779013352878,46.520712583571004,0,2,0,1
6390,1,1,70.60810422479526,68.22809669859356,1,3,1,1
6391,0,1,55.850387274697944,62.60138333888129,0,7,1,0
6392,0,2,74.21892983120667,43.528955828414155,1,8,1,1
6393,0,3,85.62643249096568,75.63626413759397,1,7,0,1
6394,0,1,34.43987650780021,52.23072178613548,0,9,1,1
6395,1,1,30.36065520007067,43.60023698631847,0,5,1,0
6396,0,3,29.80119041712022,41.34339662036312,0,7,1,0
6397,1,2,38.54484506873255,48.46885979408393,0,6,1,1
6398,0,3,60.67840610340031,67.343819006181,0,12,1,1
6399,0,2,59.2653554905572,49.74173918484938,0,5,1,1
6400,0,3,50.27775098553679,44.44059491064269,0,3,1,1
6401,1,2,25.109691519749,41.552110937506335,0,4,1,1
6402,1,2,31.622621512760478,42.46358524424292,0,2,0,0
6403,0,2,66.5150790508056,40.42957305767685,1,2,1,0
6404,0,3,58.04520591289301,54.098277548113096,0,3,1,1
6405,1,3,50.124386781283334,47.444936098976896,0,1,1,0
6406,0,2,43.82129618700162,37.56186645957936,0,4,1,1
6407,0,3,41.84339418847581,48.90667282009152,0,6,1,0
6408,1,2,77.15921327358558,65.94200213768455,1,3,1,1
6409,0,1,61.41435754751872,50.98514522763725,1,4,0,1
6410,0,1,51.16873135157753,41.94467537014242,0,2,1,1
6411,0,2,61.42979317433248,54.76828161792141,0,2,0,0
6412,0,1,34.91215665084767,35.96490694533915,0,4,1,1
6413,0,3,54.05441229323564,54.29734312256857,0,7,1,0
6414,0,1,39.79959445839992,46.774842754616664,0,6,0,1
6415,0,1,53.058234987974856,58.36463227171373,0,11,1,1
6416,0,2,27.903539783511185,40.930856259839395,0,3,0,1
6417,0,2,59.22830735378173,50.481925373529506,0,4,1,1
6418,1,2,62.502949115949974,71.92284211393033,1,7,0,1
6419,0,1,27.414946720369365,31.326946624970006,0,5,0,1
6420,0,1,71.71482034761944,66.04483779335216,1,5,1,1
6421,0,1,38.93988314819694,43.351301393795595,0,7,1,1
6422,0,2,66.2956233858853,57.49730175760203,1,5,1,1
6423,0,2,54.10903447161679,55.00511776681787,0,6,1,1
6424,0,2,41.22546237640845,37.23765587427223,0,5,0,0
6425,0,2,31.44479281123116,26.520480965916853,0,3,1,0
6426,1,3,52.63919489082484,45.02699073807591,0,0,1,1
6427,1,2,0.0,42.990622369240555,0,9,0,1
6428,0,1,53.22051957980484,50.20534478719307,0,6,0,0
6429,0,2,59.34716293493558,48.990475234449384,0,3,0,1
6430,0,1,35.52955840925017,39.767506095616746,0,4,1,1
6431,0,2,87.28807252216686,74.26595234248255,1,4,1,1
6432,0,1,39.32477684878478,51.38395960011731,0,6,1,1
6433,0,3,39.22040903163534,34.39132318066609,0,3,1,1
6434,1,1,36.35669976728562,70.60766309091095,0,8,1,1
6435,1,1,57.54061747264733,58.32462999995141,1,4,0,1
6436,0,2,56.91918021804936,40.9851965641571,0,2,0,1
6437,0,2,66.91802885892288,60.61910588834265,1,6,1,1
6438,0,1,63.098789170089276,56.26202053292597,1,5,0,1
6439,0,1,40.950624301942696,33.74700345849684,0,3,1,1
6440,1,2,14.278452908234925,31.268229030835794,0,6,0,0
6441,1,1,33.49456786003145,49.221208022268,0,7,0,1
6442,1,2,48.67684085414478,56.32815932437685,0,6,1,0
6443,1,2,69.13061834410878,58.69205301447376,1,3,1,1
6444,0,3,75.16185200393187,60.37049070807519,0,4,1,1
6445,1,2,56.19817961264259,51.99279882880451,1,3,0,1
6446,0,2,88.93074729262658,67.77937599997672,1,3,1,1
6447,0,1,43.640205282707576,34.76696407655384,0,2,0,1
6448,1,2,80.82468716542489,79.917515861777,1,10,0,1
6449,0,3,42.831310430325495,42.562088042563055,0,4,1,1
6450,1,1,68.91585652178982,78.7152229063331,1,8,1,1
6451,0,2,63.82670522887865,57.80265491951805,1,4,1,1
6452,0,2,63.72168391170338,61.52776691611218,0,5,1,0
6453,1,2,0.0,45.480975013916506,0,7,0,0
6454,0,3,21.944391024623012,28.707683619849718,0,4,1,0
6455,1,1,54.93730345529899,64.89545153849885,0,6,1,1
6456,1,3,77.45935846892465,72.52450219576794,1,4,0,1
6457,0,1,44.511328134059454,51.792646698377865,0,9,1,1
6458,0,1,45.9804092168813,50.868765250954695,0,3,1,0
6459,1,2,100.0,60.80625916938796,0,3,0,1
6460,0,2,49.908449853480555,49.81903267372172,0,7,1,1
6461,1,1,42.980380323690426,46.98931555291936,0,3,0,1
6462,1,1,36.437700604376666,48.27666359957086,0,5,0,1
6463,0,1,42.16660885076961,51.10265569470224,0,7,1,1
6464,0,1,54.658277502611995,38.8347326995081,0,6,1,1
6465,0,3,71.27875679519518,40.13610736137828,0,3,1,1
6466,0,1,61.73306234960887,55.332764096891545,1,2,1,0
6467,0,1,56.48438757394818,62.87127879988912,1,11,0,1
6468,0,1,46.02933877918974,39.74557042452514,0,2,1,1
6469,0,2,31.174311327367136,25.58346116156666,0,2,1,1
6470,1,1,61.61508883870158,54.58829885791499,0,4,1,1
6471,1,1,32.336817992344756,45.45484396853029,0,4,1,1
6472,0,2,43.532917866293275,41.68478269925284,0,5,1,0
6473,0,1,41.71968027455866,47.450937683167865,0,8,1,0
6474,0,2,37.46902428211843,43.56624421039044,0,6,1,0
6475,1,1,43.51279649477448,67.17832278058759,0,9,0,1
6476,0,3,59.548855229065495,52.24043936993595,0,7,0,0
6477,0,2,24.26539727458204,42.834142894101774,0,6,0,1
6478,0,2,52.08131490045359,41.5544472198012,0,2,0,0
6479,0,2,59.32961654915197,53.782401149620554,0,6,1,1
6480,0,2,71.6621270121166,70.71989058513067,1,6,0,1
6481,0,1,31.60292012712626,57.659685490392796,0,14,0,1
6482,0,2,42.63540453010171,40.13787806560922,0,7,1,1
6483,1,2,8.724963064921788,33.63654007423026,0,7,0,1
6484,0,2,87.15069759597115,74.65802323543498,1,4,0,1
6485,0,3,62.35749055267953,51.98492926330821,0,3,0,1
6486,0,2,53.27923894733602,57.889858988812975,0,2,1,0
6487,1,2,0.0,46.92336121902696,0,4,1,0
6488,0,2,40.73591305316881,43.22012115480276,0,6,1,1
6489,1,2,55.48030301326537,70.68919283207185,0,10,1,1
6490,0,1,43.97328836323353,47.9176996655761,0,5,1,1
6491,0,3,5.667373071415458,31.04506148334603,0,4,1,0
6492,0,2,54.70154648553244,54.45150305381857,0,9,1,1
6493,0,1,50.96134253098612,55.269377161129,0,7,0,0
6494,0,2,55.877397704323116,58.61133054240421,0,6,0,1
6495,0,2,41.135917241236825,40.522573548072835,0,3,1,1
6496,0,2,4.1427003399157725,13.292899434011517,0,6,1,1
6497,1,3,30.97423704813236,57.475164460121036,0,4,0,1
6498,0,2,52.041728756887025,44.67152340832638,0,2,1,0
6499,0,1,55.72295415166756,51.952550805288254,0,2,1,1
6500,0,2,45.9083096456516,53.17244664264586,0,9,0,0
6501,0,2,62.088479874794565,61.7443665085711,1,5,0,1
6502,0,2,32.605076153519974,57.47997044630099,0,8,0,1
6503,0,2,76.17179587194045,65.5378312996626,1,6,1,1
6504,0,1,38.48661945902335,45.58232042345856,0,6,1,1
6505,0,2,40.274514253245314,30.658256962694796,0,2,1,1
6506,1,1,75.38292956184371,68.10924295621116,1,2,0,1
6507,1,2,51.89968995445054,58.56170203160548,0,5,0,1
6508,0,1,60.136556310922096,50.783866830491085,1,4,1,1
6509,0,3,68.8374490275296,60.06885489525517,0,4,1,1
6510,1,1,58.17942689730202,66.0718584128905,0,6,1,1
6511,0,1,39.2323702973173,47.68762884161627,0,6,1,1
6512,0,1,67.14371069988691,57.87638503935956,1,4,0,1
6513,0,2,55.18531031557541,59.32019194761322,0,10,1,1
6514,0,1,44.96165287290289,34.696477676183356,0,3,1,0
6515,1,3,27.291635480258048,44.67093843088487,0,5,0,0
6516,1,1,58.27593877863236,59.66737463831311,1,5,0,1
6517,1,3,61.790335018724626,70.13988136703456,0,7,1,1
6518,0,2,39.70389405279499,25.458672978029178,0,4,1,0
6519,0,2,69.00393993413545,54.25059494151419,1,4,1,1
6520,0,2,29.9240478349584,39.11086242377769,0,6,1,0
6521,1,2,66.74684815691931,75.79245716682371,1,8,0,1
6522,0,3,38.843236862000026,42.14477261973144,0,6,1,0
6523,0,2,25.01692627681616,34.687108229497206,0,7,1,0
6524,0,2,42.76642687024466,39.18152935478094,0,6,1,1
6525,0,3,89.04740923748176,68.26455853146908,1,8,0,1
6526,1,1,54.03823518529563,53.963639038450665,0,5,1,0
6527,0,3,42.80231929154051,54.64506912414615,0,10,1,1
6528,0,3,34.88593038712922,38.078999186634036,0,3,1,0
6529,0,2,72.67092734322591,59.3859727244282,1,5,1,1
6530,0,3,54.408058970066,52.39468990886473,0,2,1,0
6531,0,2,54.780466427608,47.256667167757314,0,7,1,1
6532,0,2,39.14620039578319,44.12386933893265,0,7,1,1
6533,1,1,51.77520633534424,58.995262585966735,0,4,1,1
6534,1,2,22.747456465657976,41.662430966196055,0,7,0,1
6535,0,3,36.52172821728282,33.786269307831056,0,2,1,0
6536,1,1,61.41908365795951,61.41798815976032,1,4,1,1
6537,0,1,47.858252521819566,52.23916558299767,0,5,1,1
6538,0,2,50.62597581028857,49.78638665925882,0,4,1,1
6539,0,2,35.30353860252472,28.336261739656596,0,3,1,1
6540,0,1,61.75448834483134,66.0218604614299,1,7,1,1
6541,0,2,44.088176178003465,36.470364711420835,0,2,0,1
6542,0,2,47.931672626283955,33.22771231628073,0,4,1,0
6543,0,2,55.470746350435405,52.816982302972576,0,5,1,0
6544,0,2,62.57316158754579,56.98160590914071,1,3,1,1
6545,0,3,66.26383708273116,37.82575126021314,0,5,1,1
6546,0,3,45.42699976331524,41.4139446311633,0,2,1,0
6547,0,2,38.857871188868266,36.25313161354931,0,3,0,0
6548,0,2,30.468855834221248,47.80659030169815,0,10,0,1
6549,0,2,52.00873051530858,42.16970794795104,0,6,1,0
6550,0,1,39.61693399924423,43.09827953090291,0,7,0,0
6551,0,1,15.404439042725462,35.30317629130357,0,3,1,0
6552,1,1,75.4596995591749,72.59849467418461,1,6,0,1
6553,1,2,31.569908975168538,55.49977328326353,0,7,1,1
6554,0,1,76.3604824758874,60.83196189862111,1,2,0,1
6555,0,1,40.717681499968776,42.634161282335135,0,6,1,1
6556,0,3,63.59513155299277,55.40645337341205,0,3,1,1
6557,0,3,52.81942280197374,33.380905067229335,0,5,0,1
6558,0,2,50.95632793535168,52.927966031625225,0,8,1,1
6559,0,2,67.98914924103887,65.93628332048992,1,5,1,1
6560,0,3,72.94781940781532,52.657426081097476,0,4,1,1
6561,1,1,47.63576242269084,55.80584512225739,0,5,0,1
6562,0,1,60.55550701528997,53.165970579435765,1,6,1,1
6563,1,1,53.42256310447593,51.33548522445317,0,2,0,1
6564,0,1,46.402406546026604,55.22619948486485,0,7,1,1
6565,1,2,23.156724914004254,38.423530551964554,0,5,1,1
6566,0,1,30.58368620979897,40.46369000829595,0,5,0,1
6567,1,1,50.62435677328672,61.726313200381874,0,7,0,1
6568,1,2,77.34339600557564,63.31059108685429,0,6,1,1
6569,1,1,36.66787604365234,51.71535358446045,0,5,1,1
6570,0,1,42.87226579185169,50.13462273043194,0,7,1,1
6571,0,1,73.63845512754776,64.23353274391386,1,5,1,1
6572,0,1,59.524956684330995,40.04574947810441,0,2,0,1
6573,0,1,43.483723261555326,34.87137595382969,0,2,1,1
6574,1,1,41.53208720106638,50.096885835126116,0,3,0,1
6575,1,2,57.1352101149893,52.096858058798226,1,1,0,1
6576,1,2,39.4405741711286,45.889609553106055,0,4,0,0
6577,0,2,53.089982540526016,49.52400330171934,0,5,1,1
6578,1,1,33.70713108997742,49.16844256512841,0,7,1,1
6579,1,1,56.85459584911193,49.05111867503093,0,6,0,1
6580,0,2,54.23244229231626,49.91556170494834,0,3,1,1
6581,0,1,49.208522811925334,42.4210215524705,0,3,1,0
6582,0,1,45.62412885009047,44.57215182409544,0,3,1,1
6583,0,2,62.087648981850315,46.82135647390971,1,5,1,1
6584,1,1,39.761097854278425,39.84381942346535,0,3,0,1
6585,0,2,57.89374371818485,63.50267149688982,0,5,1,1
6586,0,1,71.57561687907739,64.65350127681437,1,5,1,1
6587,0,2,46.326038435810524,49.07407678892592,0,6,1,1
6588,0,3,55.96736095728674,36.54987528107208,0,7,0,1
6589,1,1,49.65469850317582,67.322539774535,0,11,1,1
6590,0,1,55.93993668159111,51.730427859053414,0,5,1,1
6591,1,1,25.51368887512879,43.22053722172891,0,5,0,1
6592,0,1,44.819167390949765,49.37233123906805,0,7,0,1
6593,0,1,49.00623934031461,47.04148846034751,0,4,1,1
6594,1,1,45.80127765305771,58.06494223731855,0,6,0,1
6595,0,2,41.44374882777198,42.036317116067,0,6,1,0
6596,1,1,56.16673465338513,65.36690446376947,0,8,0,1
6597,0,2,59.74039443330531,68.11686553837373,0,5,1,1
6598,0,2,65.69610136347897,58.82972347708178,0,5,0,1
6599,0,2,70.0515217631497,52.67862039617442,1,4,1,1
6600,1,3,49.403618654744896,65.44281434400662,0,6,0,1
6601,0,2,21.79890129729057,31.647313816173888,0,5,1,0
6602,0,2,41.41097978051511,33.142979536162905,0,3,0,1
6603,0,2,58.96508461476727,53.29630732304372,0,4,1,1
6604,1,1,33.914722417265,41.81574823601878,0,4,1,0
6605,0,2,37.51037076765513,35.95351356125663,0,7,0,1
6606,1,1,48.89735385866153,49.96428437150191,0,4,1,1
6607,0,2,85.7185128677904,73.07614058232339,1,7,1,1
6608,0,2,68.86750220643803,59.187478600096455,1,3,1,1
6609,0,3,56.30141429863974,51.86350784087863,0,2,0,1
6610,0,2,68.30419603405142,62.88775856466299,1,8,0,1
6611,0,2,41.80878781352975,44.29986315704004,0,5,1,1
6612,0,1,19.402998031770892,33.68890950411477,0,7,1,0
6613,0,2,49.38868812295222,56.6803840070186,0,8,1,1
6614,0,3,28.851967959150603,35.53149212617686,0,5,1,1
6615,0,2,51.23600855117287,55.97466574901142,0,5,0,1
6616,1,3,39.77967441628246,46.68316233172088,0,7,1,0
6617,1,2,48.56922159896411,63.81441466537773,0,7,1,1
6618,0,2,44.62326951006686,41.35828941866117,0,5,0,0
6619,1,2,33.427038749386966,52.31601293486663,0,7,1,1
6620,1,2,100.0,65.46208716815048,0,4,1,1
6621,1,2,32.86435540528142,36.01312552590516,0,1,0,0
6622,0,2,49.08065405417302,41.029387913163525,0,6,0,1
6623,0,2,43.09669729260293,44.37797040952111,0,4,1,1
6624,1,1,62.021756596095,59.20037776985669,1,5,0,1
6625,0,2,64.27705943082347,49.80393346517337,1,2,1,1
6626,0,3,35.4448778850275,31.253772350565523,0,3,1,1
6627,0,1,59.25394767806057,61.52691885954931,1,5,0,1
6628,0,2,53.34384316535565,45.25095728701914,0,7,1,0
6629,1,2,43.865128362524075,46.00863759132817,0,5,0,1
6630,1,1,52.19035716565272,44.98148360262429,0,3,1,1
6631,1,1,73.93377847544419,69.32041362656234,0,6,1,1
6632,0,2,47.0031550024904,29.832531877525906,0,4,1,0
6633,0,1,67.92199648307685,51.64417317411045,1,5,1,1
6634,0,2,64.21972216896462,54.15720763752986,1,2,1,1
6635,0,1,31.411641094314973,38.09697857528075,0,7,0,1
6636,1,3,45.558646154701066,49.81245368210187,0,5,1,1
6637,0,1,47.3294106297652,48.911463685362236,0,5,1,1
6638,0,2,54.31981360048897,42.130206781203384,0,3,1,1
6639,0,1,57.810226899355506,51.64297650322431,0,6,1,0
6640,0,2,36.44473011212363,40.95944872069826,0,7,1,0
6641,1,3,54.20688426771284,59.89084489570891,0,5,1,1
6642,1,2,81.21389854927136,86.21410653402975,1,8,0,1
6643,0,1,62.972414686572826,58.338169468541025,1,7,1,1
6644,0,2,29.872251882792295,22.92653234190304,0,3,0,1
6645,1,2,62.277342296587996,57.522131354282486,1,3,0,1
6646,0,2,45.46722481430276,42.76476849573153,0,2,1,1
6647,0,1,58.20119446821515,55.75540405611323,1,6,0,1
6648,0,3,49.84788808118898,44.65276939380168,0,0,1,0
6649,1,1,83.29547613621702,57.54477851829577,0,4,0,0
6650,0,2,38.804790715036624,47.387883289475006,0,6,1,1
6651,0,1,33.97481993229774,33.46227169389879,0,4,1,1
6652,0,1,60.9901651638994,58.83644932138938,1,5,1,1
6653,1,1,62.80666458347037,64.99909020736987,1,6,0,1
6654,0,3,48.19368540748047,39.99285289525967,0,4,1,1
6655,1,2,39.07107527049113,53.06745730838351,0,5,1,1
6656,1,1,32.11557413310539,36.558862268078485,0,3,0,0
6657,1,2,58.325365221788,69.3083793170211,0,7,0,1
6658,0,2,56.84274173651801,51.65352171994348,0,4,1,1
6659,0,2,44.84453337240052,43.11620049747055,0,3,0,1
6660,1,2,35.58235242333878,36.85238795711374,0,2,0,1
6661,0,2,72.89501991003343,58.14199408246185,1,3,1,1
6662,0,2,78.52306185045754,63.604404941607335,1,2,0,1
6663,1,1,60.78286534994116,66.57357551593283,0,7,0,1
6664,0,2,30.52850864330864,34.0664157578976,0,5,0,1
6665,0,1,63.49808910809466,54.10347811449723,1,3,1,1
6666,0,2,47.36927421673089,41.157439398531615,0,5,1,0
6667,0,2,41.39610872073643,41.89718237078601,0,4,0,0
6668,0,1,56.611779334259694,51.43140717987516,1,4,1,1
6669,0,1,64.54422516372466,69.44814378894037,1,6,1,1
6670,0,2,42.85055086707786,36.614903793931205,0,4,1,0
6671,0,3,23.336608104107636,24.687082650168986,0,2,1,0
6672,0,2,71.98219345738939,75.18192358761465,1,10,1,1
6673,0,2,16.820666600635278,24.4493136108777,0,3,1,1
6674,0,1,47.87014446249764,50.323414730252765,0,5,1,1
6675,1,2,75.81545978252247,75.47968234951415,1,3,1,1
6676,0,2,31.709702492722208,18.002867491697938,0,4,1,0
6677,0,1,47.319033202438824,39.64699716107868,0,2,1,1
6678,1,1,52.367099217743856,88.59834557848023,0,15,0,1
6679,0,3,34.385846945470234,33.17765200300329,0,4,0,1
6680,0,2,75.61617335750252,67.59813527436954,1,8,1,1
6681,1,1,32.96433538986657,55.4846509581398,0,11,0,1
6682,1,3,34.488155035090415,54.63522207392992,0,7,0,1
6683,0,1,46.82840305473524,47.3609273075203,0,3,1,0
6684,0,1,65.68216731269352,59.437771440640795,1,2,1,1
6685,0,2,35.9413737882474,32.07841800386065,0,5,1,1
6686,0,1,42.44135606991813,48.45272983382452,0,6,1,0
6687,1,3,34.981476849451255,46.980284195086064,0,4,0,1
6688,1,1,28.10293620821765,44.112404635409575,0,0,0,0
6689,0,2,48.72819708907689,45.71764927181596,0,4,0,1
6690,0,2,42.815593405732166,51.27197446426385,0,8,0,1
6691,1,2,39.61223081812615,49.27488453654374,0,7,1,1
6692,0,1,53.973063658555496,53.57083449593221,0,8,1,1
6693,0,2,64.56616918849318,56.01122134951253,1,7,1,1
6694,0,2,55.14307855923046,46.97984062262371,0,5,1,0
6695,1,2,42.97138891991037,58.2134596335931,0,8,1,0
6696,0,2,49.67846333634055,51.61592139562971,0,5,1,1
6697,0,2,59.38051015483724,57.00291052116542,0,4,1,1
6698,1,2,42.58937634184497,52.28963275457052,0,4,1,1
6699,1,1,47.894879798247544,51.878846629670896,0,3,0,1
6700,1,2,51.104624059736224,42.6198939306389,0,2,0,1
6701,0,3,65.58806067078793,60.42771111123016,0,7,1,1
6702,0,3,36.601919057663075,46.373728872047224,0,8,1,1
6703,1,3,46.44924794910907,63.55130889897859,0,6,1,1
6704,0,2,52.63355149306515,49.64544423419752,0,2,1,0
6705,1,1,57.394370180951064,62.276978853912375,0,5,0,1
6706,0,1,64.80026859629866,71.13206012674209,1,3,0,1
6707,0,1,34.875298816153276,36.77055661699171,0,5,1,1
6708,0,1,83.30206460377428,71.09412055031544,1,2,1,1
6709,0,1,33.74271179599557,34.749494380315795,0,4,1,1
6710,0,3,17.541401648078924,25.205931301014946,0,4,0,0
6711,0,3,39.68355052355274,40.907571458223984,0,6,0,1
6712,0,2,64.52708079067935,49.51516839000291,0,3,1,1
6713,0,1,63.56689185841886,62.05607445999813,1,5,1,1
6714,1,2,50.2025579894368,53.190107461036845,0,4,1,0
6715,0,2,52.60052857301305,42.28625126381263,0,5,1,1
6716,0,1,33.58936535200382,35.547704628263546,0,7,0,0
6717,0,2,52.22610754264785,47.90930034463172,0,2,1,1
6718,1,1,64.01476276334294,60.71997993382955,1,1,0,1
6719,0,1,26.86691824162456,31.8918410415067,0,4,1,1
6720,0,2,49.160965488264715,47.263248914157124,0,3,1,1
6721,1,3,38.025028505226636,49.33913127632459,0,3,0,1
6722,1,2,37.702543714124694,37.71509603174352,0,2,1,0
6723,0,2,60.565917068334656,59.484875225141685,0,9,1,1
6724,0,1,39.573129852448574,39.92230212160776,0,5,1,1
6725,0,2,40.40997515834454,44.321799118713635,0,5,1,1
6726,0,2,47.526868606516935,48.78154049114284,0,5,1,1
6727,0,2,23.32726703190443,26.44111877761771,0,3,1,0
6728,0,3,40.946114672073335,50.94808806237679,0,10,1,1
6729,0,1,44.51984879704187,52.02558665142268,0,6,1,0
6730,1,1,82.85490542722312,80.74163783635706,1,7,1,1
6731,1,1,50.310709283114676,55.88673914601042,0,4,1,1
6732,0,2,58.451686060018474,60.857786581519,0,7,1,1
6733,0,1,51.83047346405314,52.982170536577556,0,6,0,1
6734,1,2,52.94037322292016,59.28192061047799,0,3,0,1
6735,0,2,48.01939033761115,44.57162846764262,0,5,1,1
6736,0,2,49.657044057176684,55.51978695166173,0,5,1,1
6737,1,3,37.60480108429909,44.94821724909254,0,4,0,1
6738,0,1,30.52565100097343,45.05060478073221,0,7,1,0
6739,0,1,37.95437197122382,35.174121166899965,0,3,1,1
6740,0,2,0.0,35.55455785776762,0,4,1,0
6741,0,3,81.22758854868884,71.44633034354011,0,8,0,1
6742,1,2,22.930009637125732,52.79793018943136,0,10,0,1
6743,0,3,37.023871791030444,48.584295870478854,0,8,1,1
6744,0,1,31.323469705433993,29.262706444955807,0,4,1,0
6745,1,2,31.80679021101688,53.52140877808234,0,4,0,0
6746,0,1,63.30555314707896,60.29043420540915,1,7,1,1
6747,0,3,57.28010020775945,67.22775051445782,0,10,0,1
6748,0,3,42.87341864947869,42.858869222470275,0,8,0,1
6749,0,2,87.37683797416835,72.66193996068631,1,5,1,1
6750,0,3,61.18738569412919,45.980461504458624,0,8,1,1
6751,0,1,66.38379262869422,68.34994241614882,1,5,1,1
6752,1,1,73.83453255507723,70.00028416712337,1,1,0,1
6753,0,2,30.20060522530008,27.86027677807702,0,5,1,0
6754,0,3,37.96544751426352,49.30067601335259,0,5,1,1
6755,0,2,55.34075429413731,57.797213596358716,0,7,1,1
6756,0,2,37.129068374250885,37.34141711295828,0,6,1,0
6757,0,2,49.836498703815984,40.9229050822773,0,4,0,1
6758,1,2,27.59170950428653,49.639450851166536,0,7,1,1
6759,0,1,46.01219667180646,53.613944155234705,0,7,0,0
6760,0,1,27.731599276645827,22.855750053466522,0,3,1,0
6761,0,1,47.80722579510413,49.920644588201505,0,5,1,1
6762,1,2,44.77423290862503,56.23696503986585,0,7,1,1
6763,0,2,53.96479546408123,50.47455891486205,0,4,1,1
6764,0,2,45.75899328742972,47.16058020848632,0,5,1,0
6765,0,3,54.44245027685556,47.27545929314888,0,5,1,1
6766,0,3,50.572208384616935,48.78338671743128,0,6,0,1
6767,1,2,57.18312974990888,58.4330520599936,0,3,0,1
6768,0,3,45.94608006261249,48.22407858994989,0,6,1,0
6769,0,2,43.10048315577067,42.819208434539895,0,4,1,0
6770,0,2,39.864332786120585,33.216764870044514,0,4,1,0
6771,0,3,57.90686252412304,45.84186617946036,0,3,1,1
6772,1,1,54.56823993997868,64.83878616892673,0,7,0,1
6773,0,2,53.71400126692248,45.850225729825056,0,4,1,0
6774,1,3,53.539661472771456,60.639920464126995,0,6,0,1
6775,1,3,53.9391235844395,58.89101807693892,0,4,1,1
6776,1,3,47.09238974142004,50.117793997839016,0,4,0,0
6777,1,2,30.537545992576895,46.916018336578766,0,6,1,1
6778,0,2,22.59227510185806,32.51938141864801,0,3,1,1
6779,0,2,32.759062876096095,32.55866542765882,0,5,1,1
6780,0,1,69.48278122049743,60.68471961286008,1,6,0,1
6781,0,2,61.17922493666957,55.20264997628814,0,3,0,1
6782,0,1,42.09350387781905,39.69965290631779,0,5,1,0
6783,0,3,52.73984520465342,53.16751733676575,0,7,1,1
6784,0,2,51.569474630400535,64.32502187449796,0,4,1,0
6785,1,3,58.88138485267182,63.595455832738544,0,3,1,0
6786,0,1,54.252089486431316,54.506913604714086,0,7,1,1
6787,1,2,54.87136498717445,62.435074004341644,0,6,1,1
6788,1,1,47.75011221288839,58.458069746713406,0,4,0,0
6789,1,2,79.4611180967174,68.2882409507366,1,2,0,1
6790,0,3,30.5033017804466,38.834817129070984,0,5,0,1
6791,1,2,34.45890785707097,53.14144219309862,0,4,1,0
6792,0,1,56.561253255516355,50.27132459873366,1,3,1,1
6793,0,1,76.08890647979851,66.49304238942541,1,4,0,1
6794,1,2,31.007587956795575,58.34252371667532,0,5,1,1
6795,0,2,45.50142500739139,44.12633686273304,0,7,1,1
6796,1,1,74.60733585241515,77.58131724487494,1,5,1,1
6797,0,3,56.55038390450389,54.49261297174933,0,5,0,1
6798,1,2,46.76984729897599,73.51523168675807,0,7,1,1
6799,0,1,49.91304492387968,53.13302753368303,0,5,1,1
6800,0,3,60.9740364087487,54.88608023333246,0,3,1,1
6801,0,2,57.07885409727167,54.21497580265488,0,7,0,0
6802,0,1,50.04476590184564,55.75894204482493,0,6,1,1
6803,0,1,60.193399958984436,57.39886236783936,1,6,1,1
6804,0,2,40.52880956940834,43.203418208774835,0,4,1,1
6805,0,2,44.706194547386126,43.951669612101554,0,10,1,0
6806,1,1,53.2995205893019,58.82526355628722,0,7,1,1
6807,0,1,59.1949980873329,47.10898664781754,1,5,1,1
6808,1,2,44.748701594053344,58.01438798955131,0,7,1,1
6809,0,2,53.41974396348992,41.665875894464854,0,3,1,0
6810,0,1,39.87430526066163,53.84523514112298,0,7,1,1
6811,0,1,62.61028640745776,47.4983896946087,1,2,1,1
6812,0,3,24.601440993595553,27.678501980532076,0,4,1,1
6813,0,1,60.05595539643812,63.22571452807202,1,9,1,1
6814,0,2,25.240053130555275,26.88602844901699,0,3,0,0
6815,0,2,54.182251909091356,61.18175032982118,0,8,1,1
6816,1,1,18.94358391448314,50.124567296616625,0,7,1,1
6817,0,1,37.71662658028333,38.45493711988576,0,5,1,1
6818,0,1,67.14011162896828,50.52463694539389,1,2,1,1
6819,1,2,22.19486005738748,67.780760290104,0,8,1,1
6820,0,2,74.7828620105086,75.11693226693995,1,11,1,1
6821,1,2,44.4877438488269,66.49708463089759,0,4,1,0
6822,1,1,62.632667133416994,61.754724894047925,1,4,0,1
6823,0,2,51.080919595276136,41.06188094191293,0,3,1,1
6824,0,2,45.460690208464335,47.960546076381576,0,6,1,0
6825,0,3,29.136880011346015,46.57217619226566,0,7,1,1
6826,0,2,36.55720804133765,45.3308113406263,0,7,1,0
6827,1,1,32.174635014774175,57.768798174619164,0,6,1,1
6828,1,2,90.62371994103503,79.97088477863602,1,6,1,1
6829,0,3,38.11554551314093,53.95011285997814,0,8,1,0
6830,0,3,47.59435232332367,52.47862649791941,0,6,1,0
6831,1,1,56.3980596309906,57.086193812008304,0,2,0,1
6832,0,1,40.265227294435114,49.068078318416724,0,7,1,1
6833,0,2,46.3391303811243,47.812273032177906,0,5,1,1
6834,0,2,70.97368421327498,56.4840971623923,1,4,0,1
6835,0,1,46.19670656547665,41.5924184556064,0,4,0,1
6836,1,1,57.7347863079987,61.96586516306065,1,6,0,1
6837,0,1,55.49296153964967,59.504351180359265,0,7,1,1
6838,0,1,56.1152994331138,44.00421230676889,0,4,0,1
6839,0,2,44.25653793796381,50.687024449722415,0,5,1,1
6840,0,3,45.7958974125573,42.330203792011,0,5,1,1
6841,0,2,100.0,53.63545678592078,0,6,1,0
6842,0,1,73.79344940097957,78.81173342798328,1,11,1,1
6843,0,3,60.19448146212802,49.101661673754705,0,9,1,1
6844,1,2,44.92242463360579,48.54994140110941,0,4,1,1
6845,1,1,53.04113585644711,54.81514490736472,0,4,1,1
6846,1,3,75.09014671543896,60.657591980360586,0,1,1,1
6847,1,1,41.95632257109839,55.8191208891588,0,4,0,1
6848,0,1,63.081582506340844,61.768713202472455,1,5,1,1
6849,0,1,100.0,91.13612944017851,1,7,1,1
6850,0,2,65.08727521164646,59.895337494896616,1,8,0,1
6851,0,3,58.62108111802185,78.14360705803252,0,11,1,1
6852,1,1,38.287312548530515,34.465785876922354,0,2,1,0
6853,0,1,62.21124167941584,47.541065065306526,1,2,1,1
6854,1,2,49.05595975261886,58.78377116729469,0,5,1,1
6855,1,2,39.433118003082164,51.32426026450103,0,4,1,1
6856,0,3,76.79428908633685,59.242344329286766,0,4,1,1
6857,0,3,54.13355485203748,49.731558145570496,0,3,1,0
6858,0,3,53.93386784603866,51.3966226889331,0,6,0,1
6859,0,1,59.172550200557836,52.044717285364676,0,4,0,1
6860,0,1,54.953895517615294,39.638399794351,0,4,1,1
6861,0,2,50.07043344448978,50.94397747924156,0,6,0,0
6862,0,2,37.46631233924231,35.86592461676205,0,5,1,0
6863,0,1,46.647378350541906,49.43495068729958,0,5,1,1
6864,0,1,71.90863298704413,55.18947029757662,1,3,0,1
6865,0,1,49.684771959090654,41.60664743791583,0,4,1,1
6866,1,3,53.33772059382417,56.67358140999363,0,6,0,0
6867,0,3,69.77234333311733,66.43700685768133,0,5,1,1
6868,0,3,71.85878436844735,58.16733120927242,0,4,0,1
6869,0,2,72.26699644086679,51.593893992334024,1,1,1,1
6870,0,1,59.059820938575875,54.9987999973683,1,5,1,1
6871,0,2,100.0,55.509908280316914,1,5,1,1
6872,0,1,68.4365146588021,58.32633908268504,1,3,0,1
6873,1,1,57.9138634269148,51.040233781903076,0,0,0,1
6874,0,3,59.69610585299747,61.25419827795611,0,5,1,1
6875,0,3,49.95787145174205,46.341414287126234,0,6,0,1
6876,0,1,40.22449849440871,43.41479694751707,0,5,1,1
6877,0,1,50.56025676657771,51.072573705539405,0,6,1,1
6878,0,1,49.844950824595905,52.35567273235636,0,3,1,1
6879,0,2,59.69668612803288,49.944158646793454,1,6,1,1
6880,1,2,41.71767317723122,50.12818434789287,0,6,1,1
6881,0,2,34.10861122781982,37.11610238871433,0,5,1,1
6882,0,3,50.984288582556054,37.469053604491215,0,2,1,1
6883,1,2,36.260566982187754,59.049105447747365,0,7,0,1
6884,1,2,69.05427633837115,61.12217204273965,1,4,1,1
6885,0,2,53.97824343227266,45.78992806634347,0,3,1,1
6886,0,1,7.608433787547913,28.804373113036608,0,3,0,0
6887,0,2,50.446703074276265,47.91025390534855,0,3,1,0
6888,1,2,53.066058204754455,67.90878924850439,0,8,1,1
6889,0,3,67.05641965419606,67.64359394103924,0,7,0,0
6890,0,3,38.78587098269182,39.44313394997301,0,6,1,0
6891,1,3,37.81432792963782,42.08440034351496,0,3,0,0
6892,0,2,63.02770014459449,58.40975400541604,1,4,0,1
6893,0,2,45.693100707760784,55.07445373899332,0,7,1,0
6894,0,1,51.430925202093924,45.994029779799895,0,6,0,1
6895,1,2,61.5268320122247,67.58274036962787,0,5,1,1
6896,0,1,20.44742431083419,29.868147544760703,0,4,1,0
6897,1,2,36.892947567165464,48.95476434349149,0,7,1,1
6898,0,1,61.274267704800295,50.27518787940707,1,3,0,1
6899,0,1,57.01309444820433,54.12718666018568,0,10,1,1
6900,0,1,20.22318589654716,25.0683690060165,0,4,1,1
6901,0,2,43.398671437024454,51.14055590935806,0,8,1,1
6902,0,2,26.366635761168197,30.535798706277866,0,5,0,1
6903,0,1,51.972438176452904,45.69884946740904,0,3,1,1
6904,0,2,39.92854226629563,40.06346349098901,0,7,0,0
6905,0,1,51.31296072719959,53.46513323789772,0,6,1,0
6906,1,3,53.54457273268682,61.22437333557095,0,6,1,1
6907,1,1,33.59366390720158,42.64037980912202,0,4,1,1
6908,0,2,48.535471101751554,52.638465438843774,0,7,1,1
6909,0,2,80.43978933423669,61.93707479307411,1,3,1,1
6910,0,2,41.13538951047079,37.56585890785415,0,2,1,1
6911,0,2,34.59938232168117,24.881776584455107,0,1,1,1
6912,0,1,57.988788616202,63.7273607023424,0,9,1,1
6913,0,1,36.77820400918512,40.13933876785963,0,7,0,1
6914,1,3,62.30018976685077,62.6236334536394,0,5,0,1
6915,0,2,61.583899170218835,50.18777830524676,0,4,0,1
6916,0,2,34.77287902389639,33.23897786453059,0,6,1,1
6917,1,3,52.284314529798415,57.49653653585011,0,6,0,1
6918,0,2,42.613120059657824,44.77229131529537,0,2,1,0
6919,1,3,50.8870231848674,64.03986805605577,0,5,1,1
6920,0,2,57.91754840348391,61.831240211776255,0,5,1,1
6921,0,2,48.73574145379938,42.12670325668003,0,4,1,1
6922,0,1,44.415337683108895,51.337343224439145,0,7,1,0
6923,0,2,58.180595778954896,54.037384830537185,0,6,1,1
6924,1,1,32.7320646805966,45.999685952773774,0,4,0,1
6925,0,1,49.04266503668622,45.17281730900232,0,5,1,1
6926,1,1,30.67235276856754,25.098948123469704,0,2,0,0
6927,1,2,42.15598331107876,62.67555867250438,0,9,1,1
6928,0,1,53.455786701401536,52.22847175905197,0,3,1,1
6929,0,2,71.22713063919318,63.64031092437625,1,5,1,1
6930,1,1,53.08191522645787,62.616482715088495,0,7,1,1
6931,0,1,42.342542600541975,49.28756766123546,0,6,1,1
6932,0,3,67.4635560666026,60.40216108905969,0,4,1,0
6933,0,2,20.59395350281579,40.61823092175286,0,6,1,0
6934,0,2,83.03659872341044,69.36515078169049,1,7,0,1
6935,0,3,68.6265736718973,62.21964162855859,0,5,1,1
6936,0,2,87.91767297242838,76.00669008896809,1,5,1,1
6937,0,1,57.81195670169347,49.1064709598766,0,6,1,1
6938,0,1,44.080680077196206,37.358002824121165,0,4,1,1
6939,0,2,65.57298244327907,60.63121968924021,1,4,1,1
6940,0,2,44.366652834499924,47.78628075218384,0,5,0,1
6941,0,3,66.61182802744743,50.659549438025216,0,3,1,0
6942,0,2,37.8859402856339,46.89220422016233,0,8,1,1
6943,0,2,43.23786479116496,49.756184823891125,0,7,0,0
6944,0,2,56.159426283312875,49.94041110727934,0,5,1,0
6945,0,1,76.42874667922104,55.39579461625718,1,7,1,1
6946,0,3,25.884228949799272,31.53294516589972,0,2,1,0
6947,0,3,33.30590481182589,33.5660123147578,0,5,0,1
6948,0,3,59.539204904774415,47.17620581723125,0,6,0,1
6949,0,1,59.40982088744907,61.118640031874556,1,8,0,1
6950,0,1,92.01503030048363,63.11970742974475,1,5,0,1
6951,0,1,23.31807483827648,23.009942951411006,0,5,1,0
6952,0,3,27.69287775682309,30.83281241707982,0,3,1,0
6953,0,2,41.96772840595878,40.93965215258453,0,6,1,0
6954,1,2,54.81532782114567,49.69894881982587,0,3,0,1
6955,0,2,49.959987605246326,54.98728508141433,0,7,1,1
6956,0,2,42.556314752515554,50.47612453986181,0,7,1,1
6957,0,1,36.257006479126524,28.308216487539994,0,3,1,1
6958,0,2,41.6956694935062,44.99490587909026,0,5,1,1
6959,0,2,65.41931194632735,66.31916926188208,1,6,1,1
6960,0,2,61.070248548900835,56.63787563326397,0,7,1,1
6961,0,3,70.73350782377034,56.70732395470861,0,4,0,1
6962,0,3,77.21818646736207,60.48821649023158,0,4,1,0
6963,0,2,42.77865829232957,36.700885522659405,0,3,1,1
6964,0,2,45.90966155978702,38.08488408659009,0,4,1,1
6965,0,2,27.227867871087923,33.577744861496406,0,3,1,1
6966,1,2,37.73374679210745,50.34931687439809,0,3,1,1
6967,0,3,38.496402974678716,39.423367489524026,0,5,0,0
6968,0,2,51.8802348662287,53.469865903420704,0,3,1,1
6969,0,2,37.50273793728082,37.20471380241348,0,3,1,1
6970,0,1,60.1060286574512,48.29512924677093,1,2,0,1
6971,0,2,74.90917453419046,57.3822480094553,1,4,1,1
6972,1,3,52.890282448989986,72.77519940056757,0,8,1,1
6973,0,1,26.342163559329208,33.04062708093043,0,6,1,0
6974,0,2,70.32454325376173,56.44048324348381,1,3,1,1
6975,0,3,35.72476171483832,32.15278092467606,0,3,1,1
6976,0,2,36.72447817351606,38.56017645768035,0,5,1,0
6977,0,1,42.11086761323456,48.522608827563175,0,7,1,1
6978,0,1,8.95899292939852,37.73994184936842,0,4,1,0
6979,0,1,73.05336701678608,71.30727224274415,1,7,0,1
6980,0,2,51.6237609176978,44.984165718081556,0,3,0,0
6981,0,1,65.06744556444627,56.94554005593474,1,7,0,1
6982,0,2,34.42384198651128,34.49840832960024,0,3,1,1
6983,0,2,47.32432177060618,47.91003502835089,0,5,1,1
6984,0,2,48.38148156811235,35.63546605232538,0,4,0,1
6985,0,2,17.25360388336852,45.675124790580995,0,7,0,1
6986,1,1,88.42877559406975,78.60494191742949,1,4,0,1
6987,0,1,49.704245519082505,54.02146319210042,0,10,1,1
6988,0,1,35.55167730766891,32.22514362438797,0,6,0,0
6989,0,1,66.83200868959099,62.474425916514114,1,5,1,1
6990,0,1,51.83293197885027,49.311214144641724,0,7,1,1
6991,1,3,28.348653756970105,45.78273175800406,0,6,1,0
6992,0,2,24.60644063572091,36.27774924381802,0,9,1,1
6993,0,3,50.239248894935834,55.65409374349655,0,6,1,1
6994,0,2,65.43772299993078,58.706217092724714,0,4,1,1
6995,0,1,42.07207944187225,44.30585761470721,0,7,0,1
6996,1,1,45.646420355890804,45.3197678398705,0,3,1,0
6997,0,3,45.04414519206987,42.09657918415282,0,4,1,0
6998,1,1,58.565069781099595,66.52443668373805,1,6,0,1
6999,0,2,67.0606756831105,59.14415292557473,1,2,1,1
7000,0,1,39.30790832916645,40.07085165853145,0,5,0,0
7001,0,1,29.456191053222952,30.276516646186046,0,5,1,1
7002,0,2,51.44767698237981,47.09281627418735,0,6,1,1
7003,0,2,38.90431475070215,37.29583573579775,0,3,1,1
7004,1,2,70.9468369246525,60.97621902206359,1,3,1,1
7005,0,3,43.50338678815758,47.962698579764975,0,7,0,1
7006,0,2,51.81977507920461,44.61279193603283,0,6,1,0
7007,1,1,59.871397664267356,65.39938759085851,1,5,1,1
7008,1,2,53.85920549291591,57.931413606169336,0,4,1,1
7009,1,3,44.869178466981175,54.75360321069421,0,5,1,1
7010,0,1,48.51787304659877,38.37278796272695,0,3,0,1
7011,0,1,42.656839221046546,42.1828364666723,0,7,1,1
7012,0,1,53.98554685495168,49.476463446181846,0,6,1,1
7013,0,1,80.60459091987512,70.59727301642825,1,5,1,1
7014,0,1,62.576949552386914,61.903454912667776,1,8,0,1
7015,1,2,67.24017019363183,67.10434718386405,1,1,1,1
7016,0,2,54.2882785069052,60.743439155310675,0,6,0,1
7017,0,2,40.7029318281111,47.80153214046564,0,5,1,1
7018,1,3,49.68958790020247,51.84174143945265,0,2,0,0
7019,0,2,57.67253411111765,46.76610959879644,0,2,1,0
7020,1,2,37.872533865342014,48.51083403007572,0,9,1,1
7021,0,2,44.67557850623753,38.90972911736619,0,4,1,1
7022,0,2,70.84284183892846,61.55491425397687,1,4,1,1
7023,1,2,47.85622583530204,46.72998614122225,0,3,1,1
7024,0,1,50.525183801349705,45.32700199117945,0,5,0,0
7025,0,2,29.114756381260754,22.976626349585747,0,0,1,0
7026,0,2,47.756631755853235,49.8882891404479,0,8,1,1
7027,0,1,46.68004365920505,38.8596705814577,0,4,1,1
7028,1,1,44.58528319029519,60.50000500107483,0,8,1,1
7029,0,2,55.49995687750797,54.9513845626601,1,2,0,1
7030,0,2,47.667998922534615,46.262791467611386,0,6,1,1
7031,1,3,31.75170974337975,55.95684027151337,0,7,0,1
7032,1,1,41.87039878460561,61.880268219991315,0,7,0,1
7033,0,2,73.11650303634642,59.33501829611941,0,4,1,1
7034,0,1,39.689415064535865,44.911801532873646,0,9,1,1
7035,0,1,38.24489015425552,48.15210290627422,0,6,1,1
7036,0,2,73.6710903772267,67.26216047606803,1,9,1,1
7037,0,2,46.89506261341131,33.76303409464477,0,4,1,1
7038,0,1,57.51775542025452,49.98903142561243,1,2,1,1
7039,1,2,74.26079114297605,69.24796330268443,1,4,1,1
7040,1,3,41.07254425866257,51.462887761795656,0,7,0,1
7041,1,1,70.29279315055554,68.65213287969044,1,5,0,1
7042,0,2,59.25624554223931,47.68759324692913,0,6,0,1
7043,0,2,71.9035209092539,78.22295548931353,1,10,1,1
7044,1,1,66.55479838135736,69.24448227709091,1,7,0,1
7045,0,1,66.21441234736454,55.35090852721018,1,4,0,1
7046,0,2,55.5745885376495,54.17776742113975,0,7,1,1
7047,0,3,41.30275206214976,39.235232257505636,0,3,1,1
7048,1,2,24.918424548986483,41.833409225251536,0,7,0,0
7049,0,1,53.59154273964053,62.94279584695307,0,11,1,1
7050,0,2,32.19285179817111,28.193559017103325,0,3,0,0
7051,1,3,51.055726739869314,73.60245391150967,0,9,0,1
7052,0,1,47.16856737857158,48.56204665025179,0,3,1,1
7053,0,1,50.16389967271955,54.285486284904984,0,5,1,0
7054,0,1,34.21983405064604,43.566475469808374,0,8,1,0
7055,0,1,37.81379312629574,35.635747148646814,0,4,1,0
7056,0,1,68.56861497823284,53.68469780547396,1,4,1,1
7057,0,2,49.0585910948903,46.36126644593896,0,3,1,0
7058,0,3,61.60844382315504,47.32252139677892,0,2,1,1
7059,1,3,29.844469545304392,36.01411638177226,0,3,1,0
7060,0,3,67.13510774702901,49.9838547624441,0,3,1,0
7061,0,2,60.26790433145879,63.38279665201153,1,3,0,1
7062,0,1,59.111336612937954,56.216224354930915,1,6,0,1
7063,0,3,58.70225343693385,65.08708860376042,0,10,1,1
7064,0,1,38.20122606277132,33.68402225679294,0,7,1,1
7065,1,2,55.08564902576567,61.247194180931814,1,3,0,1
7066,1,3,95.2418670463649,51.54910761583602,0,5,1,1
7067,0,1,39.83783959660458,43.00999691109604,0,4,1,1
7068,0,3,58.01146945215914,58.816734899074284,0,6,0,1
7069,0,2,26.601618021842445,27.962156569090222,0,6,1,0
7070,0,1,60.54589397618029,34.27054445322262,0,0,1,0
7071,0,2,40.08415582893858,42.486072171493475,0,3,1,0
7072,0,2,57.95112105986284,45.014044401784076,0,2,1,1
7073,1,2,34.2614150694187,41.95570678265376,0,2,1,0
7074,1,2,64.84656552099433,76.77195884965884,0,8,1,1
7075,0,1,0.0,62.43575790478366,1,6,1,1
7076,1,2,53.20363223702399,58.57118381889533,0,3,1,1
7077,0,2,34.49854487578804,30.912429365710448,0,2,1,0
7078,1,2,51.36726689364618,60.395221830435496,0,4,1,0
7079,0,2,45.13801181788976,53.916805392118505,0,7,1,0
7080,0,2,63.34947584305156,53.73513617457598,1,5,1,1
7081,0,1,73.34272256047905,49.3209766456677,1,2,1,1
7082,0,2,20.332820601524894,29.776875733826255,0,3,1,0
7083,0,2,16.583738964414895,19.58484349639256,0,2,1,0
7084,1,2,85.1399960664746,81.84407625803242,1,5,0,1
7085,0,1,34.61072729297168,36.253677641515914,0,6,1,0
7086,0,1,56.37844814731106,47.89172316740377,0,2,1,1
7087,0,2,43.24596134147559,54.56717922249034,0,11,1,1
7088,1,2,15.250370872683177,26.213239376537494,0,3,0,0
7089,0,2,38.952688253765785,45.714366716984685,0,7,1,1
7090,0,2,52.3602180920511,37.57874212417404,0,6,1,1
7091,0,1,58.04692482033625,56.33639316867305,1,8,1,1
7092,1,1,29.599878504137305,66.96332456267633,0,8,0,1
7093,1,2,25.06088394383866,44.106007939325245,0,3,0,1
7094,1,1,47.49595820670303,64.43344788802159,0,7,0,1
7095,0,3,69.14951699466087,56.30057935113346,0,2,1,0
7096,0,2,38.3234538592017,37.505346039573546,0,3,1,1
7097,1,2,62.7052224506482,74.18180087139702,0,7,1,1
7098,0,1,56.85069513097485,56.55855570685122,1,7,1,1
7099,0,1,45.506303063574556,44.80081668277215,0,7,1,1
7100,0,1,74.68545188956284,64.68683941034757,1,4,1,1
7101,0,1,49.885296189849065,47.48140573777121,0,3,0,1
7102,0,1,76.98127203837338,70.3950351657284,1,8,1,1
7103,0,2,48.35346843999152,53.50579178448798,0,5,1,1
7104,0,3,40.66180815174856,68.37767668657133,0,7,1,0
7105,1,3,56.29609553325412,63.07987454738352,0,5,0,1
7106,0,2,34.8823522879603,33.80925217213343,0,5,1,1
7107,1,1,56.65778922547602,70.75114897541249,0,8,1,1
7108,1,2,47.969672946381834,54.68916294392717,0,4,1,0
7109,1,1,12.715042486006316,45.90827117044155,0,8,1,0
7110,0,1,67.04946892784096,58.612505741210136,1,5,0,1
7111,0,2,26.78894606317348,37.0753782888005,0,5,1,1
7112,0,2,41.65470860251774,42.39728412271519,0,6,1,1
7113,0,1,77.00132282087397,67.57646372793353,1,6,0,1
7114,1,2,35.46825378224991,49.36927974218147,0,3,0,1
7115,0,3,39.299707257413736,45.06733266781645,0,7,1,1
7116,0,2,61.25222474801713,54.33874905969747,0,7,1,1
7117,1,1,51.413722239898554,62.80762124762343,0,7,1,1
7118,0,2,54.17538654828652,60.20426071903691,0,8,1,1
7119,1,2,57.57698008584541,66.23456496301903,0,5,1,1
7120,1,2,50.65926290098649,53.90270700453172,0,5,0,0
7121,1,2,31.486192717966112,47.660495094515994,0,4,0,1
7122,1,2,100.0,61.6934564438507,0,8,1,1
7123,0,1,37.73702421529205,37.01254439939692,0,5,1,1
7124,0,1,55.31156393262032,50.66269517983526,0,3,1,1
7125,1,2,67.37981300340596,73.01567524830247,1,6,0,1
7126,1,3,59.684879079543116,65.58081290087995,0,7,1,1
7127,0,2,55.08410742906886,48.902401006532806,0,5,1,1
7128,0,2,46.875292012341134,48.08285190360732,0,5,1,1
7129,0,3,18.434826144523022,32.35797880001666,0,5,0,1
7130,0,1,66.81071406181192,62.05196921427751,1,5,1,1
7131,1,2,35.15417131639941,46.48523680928125,0,4,0,1
7132,1,3,59.82904718905174,63.23893765058242,0,3,0,1
7133,1,2,38.070076743377875,47.02716832698676,0,6,0,1
7134,1,3,44.70335888684168,60.84943215260571,0,10,1,1
7135,1,3,35.759394289617845,47.55111495403349,0,4,1,0
7136,0,1,38.420461092535284,41.45269106900148,0,7,0,1
7137,0,2,47.08178600829105,46.31204655447287,0,5,0,1
7138,0,3,54.03326942873035,48.67697410920549,0,4,1,1
7139,0,2,34.28523959905287,24.957917642517298,0,3,1,0
7140,0,3,48.03675114217274,48.4041267596023,0,6,0,0
7141,0,2,62.52885995201575,61.52527010798289,0,4,1,0
7142,1,3,28.954097458422787,32.802673850511674,0,3,1,0
7143,1,1,20.031467568571635,35.47862480728428,0,2,1,0
7144,1,2,62.14052463388405,69.03650972283724,0,7,1,1
7145,1,1,47.86756358257617,38.685412129863664,0,1,1,0
7146,1,2,43.642650128020065,56.38801085100694,0,6,0,1
7147,1,3,36.823810941772074,40.96574079651559,0,3,0,1
7148,0,1,54.21313112022952,50.344019354444406,0,5,1,1
7149,0,1,62.560110480007864,53.043843401197435,1,2,0,1
7150,0,2,38.052877973384184,41.91826758310165,0,5,1,1
7151,0,3,62.93563748602109,59.51504905773981,0,10,0,1
7152,0,1,49.91748145249409,46.96935329609879,0,5,1,1
7153,1,1,53.03435050108537,70.15065207112742,1,7,0,1
7154,0,1,79.48727378489353,69.9249297751042,1,3,1,1
7155,1,2,56.749321157995375,57.695675077305566,1,6,0,1
7156,0,3,22.198174919862474,20.890953809510897,0,4,0,0
7157,1,1,62.1624364991687,56.92505331954909,0,5,1,1
7158,1,1,48.62103998511348,55.91422626846152,0,5,0,1
7159,0,2,49.245526188129176,40.59099570973662,0,2,1,0
7160,1,2,43.5883302071198,67.1554064805503,0,6,1,1
7161,0,2,24.08975959193767,36.466011693754574,0,6,0,0
7162,0,2,50.389176534128396,51.71288447871645,0,7,0,1
7163,1,1,35.356977822095004,57.16013807825463,0,8,0,0
7164,0,2,36.859522882985125,42.111857856573856,0,3,1,0
7165,0,3,34.18017878727007,48.67722314748637,0,7,1,1
7166,0,1,51.257955824139216,54.56242733988638,0,6,1,1
7167,0,2,53.643390212201666,38.07944730586714,0,5,1,1
7168,0,1,29.27335583799524,27.508592258112046,0,2,1,0
7169,0,2,41.80309166726881,41.56802052377195,0,5,1,0
7170,0,1,60.706225690338385,51.143671689559,1,6,1,1
7171,1,2,47.27119894784193,58.14382492331917,0,7,0,1
7172,0,2,34.63544159787223,26.64947558201129,0,4,1,1
7173,0,2,52.594634103846225,58.73958237093887,0,8,1,1
7174,1,3,28.154015904087682,49.62971309935231,0,6,1,0
7175,0,1,52.80438824636626,61.61905251199609,0,4,1,1
7176,0,3,64.64945277915459,54.446267195067385,0,2,0,1
7177,0,3,31.391644896123157,30.035826360010613,0,3,1,0
7178,1,1,34.040700775218696,47.8284961725876,0,5,1,1
7179,0,3,50.97851752586703,47.701563554559854,0,6,1,0
7180,1,2,61.59788895628,64.67410102894847,0,4,0,1
7181,1,3,23.214494673190863,38.259018581672095,0,4,0,0
7182,0,2,68.61915590408778,55.71311416273454,1,5,1,1
7183,0,2,38.59736820249954,38.32035806519593,0,3,1,1
7184,0,3,48.446140225488506,45.70311260947271,0,5,1,0
7185,1,1,66.49671340575205,76.60189392212442,1,8,1,1
7186,0,2,53.07144950713209,48.15420205496549,0,5,0,1
7187,1,2,51.17056082830567,59.24394483561913,0,2,0,1
7188,0,2,54.976490129614945,54.93495255053821,0,8,1,1
7189,0,2,70.22309136275261,55.665777590142916,1,3,1,1
7190,0,2,35.64034537554806,36.95790630361083,0,2,1,1
7191,1,2,50.54182075548721,76.51131603109513,0,6,1,1
7192,0,1,45.00483331027383,36.29830814653231,0,4,1,0
7193,0,3,59.766118456015974,55.300751108676145,0,7,1,1
7194,0,2,45.746073492527934,36.56092273700499,0,3,1,1
7195,1,3,47.40324956101851,65.56499639775467,0,7,1,1
7196,0,2,25.054326016325383,52.018508328421426,0,10,1,0
7197,0,2,78.19498143717585,66.04807145899191,1,6,1,1
7198,0,3,43.16144708061287,40.557739996958155,0,3,1,1
7199,1,2,41.57498295542406,32.02566284748419,0,0,1,0
7200,1,1,43.64611463313128,54.51861955175864,0,4,0,0
7201,0,2,78.36080412595895,68.39288950406146,1,5,1,1
7202,0,3,40.676907273647366,44.44856383138585,0,8,0,1
7203,1,2,35.50483005927713,40.03764049347381,0,4,0,0
7204,0,3,37.75103529512778,51.695291176355646,0,8,0,1
7205,0,1,64.72676266830179,53.82063816816743,1,4,1,1
7206,0,2,23.73003698173699,31.3367917992756,0,2,0,0
7207,0,2,70.11476923752606,40.26505857240949,1,3,0,1
7208,0,2,54.28405890585412,43.766614232853826,0,5,1,1
7209,0,2,32.32222462718407,37.87686135673308,0,8,0,1
7210,0,2,56.98639737471226,46.37758363494358,0,1,1,0
7211,0,1,45.202651042551295,45.84100754767626,0,5,0,0
7212,1,2,37.320718494325455,46.02579079657569,0,3,0,1
7213,0,1,75.45242325374427,68.25572484475512,1,8,1,1
7214,0,3,17.48630064919083,24.604804047566425,0,5,0,0
7215,0,2,52.57925803120263,47.462765887217664,0,6,0,0
7216,1,2,42.81531884350343,48.59204668579084,0,4,0,1
7217,0,1,40.18950521995024,37.23934981719419,0,5,1,1
7218,0,3,46.83107009324576,40.72259099714638,0,6,0,1
7219,0,3,55.832381476417545,65.24956710670385,0,8,0,1
7220,0,3,38.37371017008413,49.2084717017778,0,11,1,1
7221,0,2,34.94117821743543,44.26709415126445,0,5,1,1
7222,0,2,61.488294920279166,60.569316285125765,0,8,1,1
7223,0,3,35.23429923680072,40.436044961878444,0,6,0,1
7224,0,3,75.76208416778907,65.01404573815311,0,4,1,1
7225,1,2,40.190238926004895,43.26294280001157,0,3,1,0
7226,0,2,51.474260580993715,46.51591544646383,0,5,1,0
7227,1,2,24.430367882923562,39.644909324484466,0,3,1,1
7228,1,1,67.84013279260338,70.05304246787529,1,7,1,1
7229,1,3,56.34289883566945,60.23006070301689,0,4,1,1
7230,1,3,34.021311973042764,55.03802609156775,0,7,0,1
7231,0,3,38.74167276181457,43.35499576760155,0,5,1,1
7232,1,3,59.4145576244971,56.5394040009509,0,5,0,1
7233,0,2,41.237998579379,44.441280917804086,0,6,1,0
7234,1,2,23.165609378430933,30.900862519110817,0,3,0,1
7235,0,2,62.000781300630216,45.90870977214087,1,1,1,1
7236,0,1,54.61264501326561,50.991472507630824,0,4,1,1
7237,1,2,71.68598797805642,71.41435436269364,1,8,0,1
7238,1,2,59.42664804134997,57.76935715883437,0,6,1,1
7239,0,3,49.04356867294817,43.10990439795101,0,4,1,0
7240,0,2,50.22524868781422,27.364036594166812,0,1,0,1
7241,0,1,56.672124020629866,54.946769906632,0,6,0,1
7242,0,2,44.8479672034354,48.71148743759262,0,6,0,1
7243,1,2,25.346097057793795,26.113721406128,0,2,0,1
7244,0,1,42.93743794559577,37.68343129431193,0,4,1,1
7245,0,2,30.14140114496051,34.67706349578657,0,4,1,1
7246,0,2,98.09602508615876,65.23238655010645,1,7,1,1
7247,1,3,75.88982079344538,64.54794071084788,1,3,1,1
7248,1,3,38.603094271774694,48.90415695998989,0,5,0,1
7249,0,2,73.70918678422257,70.24988072249111,1,7,0,1
7250,0,3,48.35334512509869,43.138226852792165,0,2,1,1
7251,1,2,56.68787846778842,65.74002360002733,0,7,1,1
7252,0,2,59.88002010474739,52.49866724540778,0,6,1,1
7253,0,2,41.36520069981327,43.35816902913639,0,6,0,1
7254,0,2,60.64280362908185,60.81776117761068,0,7,1,1
7255,0,2,88.0868227536391,65.42166420289156,1,9,1,1
7256,0,1,28.07419055463377,38.64017867735141,0,3,0,0
7257,0,2,62.52380496963364,61.48635642915929,1,7,0,1
7258,0,1,37.6989588526473,41.08784364504046,0,8,1,0
7259,0,3,68.83288048961867,72.7717152064868,1,10,0,1
7260,0,1,58.69731345142872,42.51109709710007,0,3,1,1
7261,0,2,58.1858270290381,40.161419788092786,0,3,0,1
7262,1,2,40.817545617452744,46.58558988387829,0,6,0,1
7263,0,1,68.40143100300101,60.10476409525214,1,4,1,1
7264,1,2,61.298993242891704,75.52127348239888,1,5,1,1
7265,0,1,27.143673299127016,42.05331766022782,0,8,0,1
7266,1,2,74.36152076795875,79.76318755895144,1,7,1,1
7267,1,2,65.13585324462942,77.78992532279064,1,9,1,1
7268,0,2,43.30696180637416,44.77058410215704,0,2,1,0
7269,1,2,68.02329659899068,74.63827874895391,1,5,1,1
7270,0,2,52.17959576673814,40.77925868903086,0,1,1,1
7271,0,2,42.906298537540444,47.83617010919717,0,3,1,1
7272,1,2,31.06091291044564,42.377984428903396,0,6,1,0
7273,0,2,73.03183338722212,63.56539890732722,1,9,1,1
7274,0,2,79.24316958104114,50.5320810015697,0,2,0,1
7275,0,3,52.07459212720746,44.992359349387975,0,8,1,0
7276,0,1,58.66072119899023,59.598642864349316,1,5,1,1
7277,0,2,24.04509712290937,34.660788451746114,0,8,1,0
7278,0,2,43.1499584578357,36.455060059600946,0,3,1,0
7279,1,2,53.686979974131354,73.82524732624212,0,9,0,1
7280,0,1,42.54996189697874,39.35512752103558,0,3,1,1
7281,0,3,77.56268492966734,58.70946203782,0,5,1,1
7282,0,1,51.29011813080247,38.40758110915512,0,3,1,0
7283,1,3,41.627555710632954,48.60970794369959,0,7,0,1
7284,0,2,48.038604751437184,55.914551025000414,0,8,1,1
7285,0,3,26.268334836268064,22.429568621926215,0,4,1,1
7286,0,3,66.36094451916833,58.41389139034071,0,6,1,0
7287,0,2,30.312182313983005,27.19832850717721,0,4,1,0
7288,1,3,54.368357466844714,58.60655842839027,0,8,1,1
7289,0,2,54.84472338959892,48.70744684620909,0,2,1,1
7290,0,2,51.79921577029222,47.27635234807817,0,4,1,1
7291,0,3,55.83067710926454,50.15865297439199,0,4,1,0
7292,0,1,63.68535908711631,54.032289308215965,1,2,1,0
7293,1,1,45.662747720817336,51.7873708717206,0,5,0,1
7294,0,1,35.138853943195485,55.28620142850045,0,9,0,1
7295,0,1,46.407852040275195,45.440946590152066,0,7,0,1
7296,0,2,50.799270476014705,44.83714506480365,0,6,1,1
7297,0,1,17.77935011021399,31.449255537830872,0,4,0,1
7298,1,2,50.524628550694715,56.36957544209443,0,6,1,1
7299,1,1,76.21531813099926,75.00836698781126,1,3,1,1
7300,0,3,39.14855875059897,41.912980550254254,0,4,1,0
7301,1,2,31.636557581660842,41.80682270412936,0,3,1,1
7302,0,2,42.798462835729524,46.49354404509424,0,6,1,1
7303,0,1,64.25775122784123,58.53468647772807,1,4,1,1
7304,0,2,41.42961679557298,36.16649179277257,0,3,1,0
7305,1,1,31.84221717761033,44.05908312453123,0,5,1,1
7306,0,1,0.0,33.129164726264534,0,7,0,1
7307,0,1,0.0,53.60154922073557,0,7,1,1
7308,0,1,67.5739357578665,58.473472039211735,1,2,1,1
7309,0,1,56.173743604670925,59.271429256759426,0,8,1,1
7310,1,2,57.110614401420406,61.60427243052896,0,6,1,1
7311,1,3,21.669194536086977,34.02634298619282,0,5,0,1
7312,0,2,58.985633258782194,50.72832632690192,0,5,1,0
7313,0,2,53.780765798077674,54.563422810467905,0,6,1,1
7314,0,2,65.17189261572034,53.8289151232155,1,7,1,0
7315,1,1,56.26264739638913,60.02305589384947,0,4,1,0
7316,1,1,66.27992433723036,64.09757391635236,1,5,1,1
7317,0,1,48.50634275961018,54.66347592379586,0,9,1,1
7318,0,1,79.29711347404205,67.23175042329892,1,6,1,1
7319,0,2,50.86323329377618,44.041995314523746,0,5,1,1
7320,0,3,49.08276952596304,48.03939156006326,0,4,0,1
7321,0,2,41.21496671773625,37.16550926940937,0,5,1,1
7322,1,2,63.1724798155331,64.12310260677825,0,6,0,1
7323,0,1,74.7579704183891,64.23087148252546,1,3,1,1
7324,0,3,48.671888839124804,44.92245149560095,0,4,1,1
7325,0,1,42.8744133466386,42.964295690615764,0,3,1,1
7326,0,1,62.826992880037714,63.744723333976296,1,6,1,1
7327,0,1,85.82694269084764,66.56201476921204,1,5,1,1
7328,1,2,32.27559002035217,41.67799460221822,0,4,1,1
7329,1,2,53.88275023144924,61.7296822436562,0,7,0,1
7330,0,1,59.33893334590666,43.33479369373528,1,3,0,1
7331,0,2,47.370298964831164,44.39322834727047,0,4,0,0
7332,0,1,29.963211551646975,41.68328254426996,0,9,1,1
7333,1,2,56.04809608830285,63.8669011266466,0,4,1,1
7334,1,1,45.56349334981501,55.365962160973496,0,3,0,1
7335,0,3,39.75248502922472,45.060317974607585,0,6,1,1
7336,0,3,83.12140962102434,53.589015863141555,0,2,0,1
7337,0,2,63.1738730023084,70.65776580556593,1,7,0,1
7338,1,2,39.827896607477534,54.839811657380395,0,6,1,1
7339,0,1,46.63484171807067,47.356923317702496,0,5,1,0
7340,1,1,57.30389635297788,63.038143053246635,0,4,0,0
7341,1,2,35.34265035180272,57.753701191391876,0,8,0,1
7342,1,2,41.86113967307881,44.535060142355206,0,3,1,1
7343,0,2,37.94419035206152,35.19311116415994,0,4,1,0
7344,0,3,33.87906077865864,53.43879034542768,0,10,1,1
7345,0,1,28.934801479078963,36.954641810136245,0,7,0,1
7346,0,3,59.18807079461873,57.78220693060217,0,10,1,1
7347,0,2,75.77519685424411,40.920998604870505,0,5,1,1
7348,1,3,79.46670523481828,91.06153499058028,1,12,1,1
7349,1,2,35.84623091871023,59.443579645899966,0,8,0,1
7350,0,2,56.29133950438259,49.070192671201546,0,5,1,1
7351,1,3,52.156044878608945,61.31940827299797,0,3,1,0
7352,1,2,47.20976669844273,56.40665260995417,0,4,1,1
7353,0,2,29.858275768944655,35.4228366710934,0,4,0,1
7354,0,1,53.103124684170226,45.06361147360791,0,4,1,0
7355,0,1,49.68943429165163,47.675509157960015,0,7,1,1
7356,1,1,56.74714136255021,67.29694227676626,0,9,0,1
7357,0,2,58.775221141344794,48.46252723892959,0,3,0,1
7358,0,1,34.18607949544035,34.92456411263127,0,5,1,0
7359,1,2,57.27143928364145,58.71521450412276,0,4,1,1
7360,1,1,58.28833181412288,60.52428544804368,0,3,1,1
7361,0,1,47.33413993864744,47.31703628358903,0,2,0,1
7362,0,1,75.20720242795173,74.1512203559695,1,8,1,1
7363,1,1,42.975105270605276,58.860210689931364,0,7,0,1
7364,0,2,65.02364840171883,61.720440009602676,0,8,1,1
7365,0,1,71.13113528013739,58.23758385970814,1,4,1,1
7366,0,2,28.644302374753263,37.83728127979183,0,5,1,1
7367,0,2,34.28213142284054,44.9260419041214,0,6,1,1
7368,1,2,56.106586440124474,66.79592704593614,0,7,1,1
7369,0,2,60.47561503827449,56.08285285980555,1,3,1,1
7370,0,3,34.180256034845925,42.550514565489664,0,7,1,1
7371,0,1,42.27972535615517,54.207242685335125,0,8,1,1
7372,0,2,50.85132360273655,54.65815314397634,0,5,1,1
7373,1,2,56.62294939408878,63.76498074432077,0,4,0,1
7374,1,2,47.77668851297624,53.572415515456704,0,3,1,0
7375,0,2,43.91176758454788,59.93293424172438,0,12,1,1
7376,0,2,86.84962855910078,44.79846191691771,0,6,1,1
7377,0,3,65.86443912467718,43.622309925061394,0,4,0,0
7378,1,1,44.28802331382191,64.29147867219739,0,7,0,1
7379,0,2,36.85745695036753,32.83788782790516,0,7,1,0
7380,0,3,57.32769079147792,37.7736301166421,0,1,1,1
7381,0,3,45.72567289862731,40.708149532037964,0,3,0,1
7382,0,1,62.34265184374914,41.580378793191485,0,3,1,1
7383,1,3,59.422139404536026,66.99820896731106,0,7,1,0
7384,1,2,35.27049276353983,44.89037310355338,0,4,1,1
7385,1,2,42.945513184513224,51.072625366356306,0,3,1,1
7386,0,2,53.94951149878727,51.133608289005146,0,6,1,1
7387,0,2,54.781172779964024,55.505254538582676,0,6,1,1
7388,0,1,44.076392302961445,46.46834379906952,0,5,1,1
7389,1,1,43.45578192804338,71.82200889480202,1,7,0,1
7390,0,2,79.24887699630162,76.40152163831601,1,5,1,1
7391,0,2,43.186360521948146,46.12980879538926,0,6,1,1
7392,1,2,39.95940444558002,49.07528395548996,0,3,0,1
7393,0,1,52.35097732940529,59.26667707046557,0,6,1,1
7394,1,1,36.94557076865772,44.69302398991194,0,4,1,1
7395,0,2,65.70562976600442,64.83143110961879,1,7,1,1
7396,1,1,51.60203879164322,61.86650624060234,0,6,0,1
7397,0,2,47.58971479868468,40.91032342017446,0,6,1,1
7398,1,2,65.14596445237814,66.04995493408487,1,5,0,1
7399,0,3,53.65874575527011,54.53053589124964,0,9,1,1
7400,0,1,37.64965092016161,33.539617512491056,0,4,1,1
7401,1,1,33.986891849130814,49.825295342190756,0,5,0,1
7402,1,1,28.627031388251172,39.8314964027353,0,5,1,1
7403,1,3,51.41715899615276,67.1641085077643,0,3,0,1
7404,1,3,27.550647305624754,62.578817631359534,0,4,0,0
7405,1,1,69.41204920014977,67.40333833784234,1,3,1,1
7406,0,2,42.31085131804663,53.568492692435925,0,3,1,1
7407,0,2,39.716485056574655,35.21123736941938,0,3,0,0
7408,0,2,18.03121865995684,20.154188342085444,0,4,1,1
7409,1,1,53.52729849832456,51.216890785530076,0,2,0,1
7410,0,1,60.14688512900002,55.29307530931887,1,7,0,1
7411,1,2,35.365893477247944,47.9551573900058,0,3,1,1
7412,0,3,68.09471835019342,58.74914595573261,0,4,1,1
7413,0,2,65.57332798276549,57.68017792907663,1,3,1,1
7414,0,2,0.0,32.92260576020988,0,5,0,0
7415,0,2,58.833024527446554,47.825931363693684,0,6,0,1
7416,0,3,42.02769183077613,41.953543083180804,0,5,1,1
7417,0,1,57.93606016199411,55.52478307330982,0,3,1,1
7418,1,2,51.2166963470564,65.85834688284103,0,8,1,1
7419,0,1,69.34400631350317,63.41525145717746,1,4,0,1
7420,0,2,66.29880935749932,50.892445583296116,1,2,1,1
7421,0,3,48.96548497062434,41.008078794760294,0,6,0,1
7422,1,2,25.08306551228092,40.459443780422774,0,6,0,1
7423,0,1,50.889467752168684,48.773600296435106,0,6,1,0
7424,0,2,58.59239521505238,50.464941033111074,0,3,0,1
7425,1,1,45.222156555029265,74.16330435019697,0,6,1,1
7426,0,1,73.43537133140758,61.147418602212596,1,5,1,1
7427,0,1,44.168945894439716,44.49238956659043,0,5,0,0
7428,0,2,79.03185062551364,75.33188517955718,1,8,1,1
7429,1,2,54.3146619545834,57.683655252732954,0,3,1,0
7430,0,2,47.61246126244288,40.672494937099394,0,4,1,0
7431,1,2,83.26544479541752,75.90295956901855,1,3,1,1
7432,1,2,46.735937774674795,62.00258956888863,0,4,1,1
7433,0,2,48.03040796735478,40.76731697681006,0,5,1,1
7434,0,2,74.49260210060547,55.41861861382191,1,5,0,1
7435,1,1,58.60975581480113,53.651977532212555,0,5,1,0
7436,1,1,100.0,59.787300800887635,0,5,0,1
7437,0,1,23.89922206733784,35.755708447907246,0,7,1,1
7438,0,1,60.75181835883305,56.00031036827319,1,7,1,1
7439,0,2,71.35731259660922,59.2248569934544,1,4,1,1
7440,0,2,55.49670733651136,49.32757065412242,0,3,0,1
7441,0,3,53.320134691342055,46.50350391463141,0,2,1,1
7442,1,3,29.141361555723172,49.2255650615231,0,3,1,1
7443,0,1,28.87332941407895,19.80290606392126,0,3,1,1
7444,0,2,70.71215216051777,74.65940900841743,1,5,1,1
7445,1,1,48.847640370366584,60.413535298300374,0,9,0,1
7446,1,3,21.56395895299471,35.01572231222631,0,4,1,0
7447,0,1,35.315179582475814,31.331556888461954,0,6,1,0
7448,0,1,81.24783701318097,81.46045804102611,1,2,1,1
7449,0,2,44.016114043515365,44.158273693643125,0,5,1,1
7450,0,1,29.94426925794025,43.10782077119457,0,5,0,1
7451,0,2,91.44006203198013,57.84959680224504,1,5,1,0
7452,1,1,31.46737853301239,34.32262777043416,0,1,1,1
7453,1,3,77.11267123706891,70.70342082149702,1,1,1,1
7454,1,2,49.97862632891439,58.352344819125555,0,4,0,0
7455,0,2,41.79739482555585,44.76851671126933,0,3,1,0
7456,0,3,46.8840207014879,53.55486298776534,0,6,1,1
7457,0,3,59.57487420809349,57.12090325817636,0,5,1,1
7458,0,3,33.661172865616805,28.452411948962833,0,7,0,0
7459,1,1,50.72384759470493,59.71052324860081,0,4,1,1
7460,0,2,39.285361099014885,45.18390138492663,0,9,1,1
7461,0,2,55.40378690390452,48.76639596241063,0,4,1,0
7462,1,1,45.35044088420432,57.47973289730451,0,4,1,1
7463,0,1,80.15470028623045,62.76195190390571,1,3,1,1
7464,0,1,62.75831815859251,61.09077041128932,1,5,1,1
7465,0,1,54.60744970850343,58.03315589563731,0,11,1,1
7466,0,2,27.17835515579221,34.63222394400859,0,5,1,1
7467,0,1,38.9670503545534,34.880361038523525,0,5,1,1
7468,0,2,35.56086297091037,34.512253909308825,0,6,0,1
7469,1,2,58.03599027157459,63.58591649734819,0,6,0,1
7470,0,3,36.615733666213416,34.01807189375843,0,3,0,1
7471,0,1,35.4068792589368,38.51506344537376,0,6,0,1
7472,1,2,43.95725257246511,43.79345061989877,0,2,0,1
7473,1,2,23.613058882418056,61.36343985036558,0,8,1,1
7474,0,3,76.49986160728145,64.68200894061549,1,9,1,1
7475,0,1,43.35860600097705,47.573876720554566,0,7,1,0
7476,0,1,48.89219140658424,52.37092899149403,0,7,1,1
7477,0,2,30.16098157743594,32.63897337954876,0,3,1,0
7478,0,2,45.826839399656876,50.90115949061432,0,8,1,1
7479,0,2,52.831574556007986,50.80589256327903,0,6,1,0
7480,0,2,89.95799657192121,75.01251346944153,1,4,1,1
7481,1,2,9.871970062960944,39.39396793935002,0,3,0,1
7482,0,2,37.75756589138809,48.17786039021125,0,9,1,1
7483,0,1,87.71016891072432,67.23795960999536,1,3,1,1
7484,1,2,76.7399361644464,70.87474287105391,1,6,0,1
7485,1,1,60.661063804042186,55.59987073362045,0,2,0,1
7486,0,2,72.11030149360657,54.97608313994008,1,3,1,1
7487,0,3,50.429454681100445,41.18786455091167,0,3,1,1
7488,0,1,56.64546078159373,51.63446283546316,0,5,0,1
7489,0,3,13.534469857971729,14.2023289564867,0,4,1,0
7490,1,3,41.85206363196403,41.66985905601753,0,1,1,0
7491,0,3,78.8648474029201,63.17145684821896,1,6,1,0
7492,1,2,39.938004286907756,56.94396353868172,0,9,1,0
7493,0,1,40.96068161183431,35.339330336166235,0,4,1,0
7494,0,1,41.347474700368764,25.902575460731597,0,5,0,1
7495,1,2,54.35776024137325,53.86481470582167,0,4,1,1
7496,0,1,56.64359665225972,56.700542867158916,0,9,0,1
7497,0,2,30.977844729819182,32.253044721817126,0,3,1,0
7498,1,2,60.058936694365784,65.70177512018682,0,5,0,1
7499,0,2,61.17474330969457,53.2127341710647,0,1,1,1
7500,1,1,44.41591635848334,65.06989330082358,0,9,1,1
7501,0,1,0.0,39.133109737531505,0,4,1,0
7502,0,1,27.83048293001064,26.376493628814206,0,2,1,0
7503,0,1,36.782392334627865,43.63607453871092,0,6,1,1
7504,1,1,64.70481063672213,74.24727159959978,1,11,1,1
7505,0,1,67.81197202379015,56.03078721933915,1,5,1,1
7506,0,1,55.524133570006384,47.44163710592289,0,6,0,1
7507,0,3,45.190093881722014,34.56892922186029,0,2,1,0
7508,0,2,41.68344293173349,34.07553903155359,0,6,0,1
7509,0,1,52.302001700446624,53.5356233459991,0,6,1,1
7510,0,2,69.71417530839314,56.623999485039214,1,2,1,1
7511,0,2,42.26755744800805,33.776075942367896,0,4,0,0
7512,0,3,68.20620661353666,58.9018114749482,0,2,1,1
7513,0,1,79.601747017636,69.4308812089056,1,8,1,1
7514,0,2,57.31860929948456,61.98279524530086,0,3,1,1
7515,0,2,47.140606627513655,45.42131821157773,0,4,1,0
7516,0,1,42.42026078350679,51.4913954356728,0,9,1,0
7517,0,2,52.80067784017245,48.388883193860124,0,7,1,1
7518,1,1,39.15104435087567,49.63653557780897,0,2,1,0
7519,1,1,45.42494320838766,50.55267422013339,0,5,1,0
7520,0,3,55.661267986032655,51.23073164140637,0,4,0,1
7521,0,2,32.858871357897634,29.84242187112759,0,6,1,1
7522,1,1,67.88985979132976,61.9204009640678,1,5,0,1
7523,1,3,63.39226179497427,74.77876000766886,0,5,1,1
7524,0,3,42.69136961743672,56.92045757132593,0,12,1,1
7525,1,3,53.57288408576995,57.10007106812884,0,5,0,1
7526,0,3,49.97795135313513,40.85227886430712,0,4,1,0
7527,0,2,60.554329468736945,61.107042788737736,1,7,1,1
7528,0,1,79.43736205730607,65.94529607865391,1,3,0,1
7529,0,1,46.824886038966994,48.07740155495381,0,3,1,1
7530,0,2,46.21703981095631,38.753240122820905,0,4,1,0
7531,0,1,51.811459156072836,50.99371465652992,0,4,1,0
7532,0,1,68.24818968113352,53.604637632138676,1,2,0,1
7533,1,1,52.64636302704421,68.00423738446993,1,9,1,1
7534,1,1,70.7016496785678,64.9748241720613,1,3,1,1
7535,0,1,78.55614066729994,61.00077738396372,1,3,1,1
7536,0,1,25.266988279636777,30.49259505068717,0,5,1,1
7537,0,2,19.31512056530092,34.825279545061576,0,3,1,0
7538,1,3,76.25880020653278,87.0701678366277,1,13,0,1
7539,0,1,41.02775381105513,36.07969071272194,0,3,1,1
7540,0,2,45.80896170059796,38.13701356093409,0,4,1,0
7541,0,1,49.24679162686745,47.566376948129,0,4,1,0
7542,0,3,34.90783964960566,46.61654485001902,0,3,1,1
7543,0,2,62.366356946158916,50.446990395078025,1,3,1,1
7544,0,2,30.738941032190723,31.816619939272965,0,6,1,1
7545,0,2,45.627947889337584,50.71591206640309,0,7,1,1
7546,0,2,43.39924854136149,38.728204040862465,0,5,1,1
7547,0,3,19.03972949305359,25.799392216357223,0,2,0,1
7548,1,1,45.77313192508878,58.81369621929775,0,5,0,0
7549,0,2,28.854048765902128,34.04877129317681,0,6,0,1
7550,0,1,29.61757771340717,36.992490281016536,0,4,1,1
7551,0,2,56.72107734434053,51.371618736216135,0,9,0,1
7552,1,1,51.63086015062467,65.01445604563968,0,7,0,1
7553,0,2,35.39221798302534,35.223351214775235,0,2,0,0
7554,0,2,66.79679321567075,64.17741775733076,1,9,1,1
7555,0,3,53.05252465338755,53.62499041253056,0,6,0,0
7556,1,2,55.30978381894083,63.10444998344962,0,7,1,0
7557,0,1,65.77237197361993,60.003814066164594,1,5,0,1
7558,0,1,0.0,70.8985614150141,0,9,0,0
7559,0,1,48.52027940094047,54.85474403107423,0,4,0,0
7560,1,2,43.40457190794217,44.14504451286977,0,5,1,1
7561,0,2,64.28987836772053,59.40540116777611,1,6,1,1
7562,1,1,43.163211519574745,48.34148462453646,0,5,0,1
7563,0,1,33.91109675403361,37.32115014389567,0,4,0,0
7564,1,1,50.41409670837878,63.951952442788865,0,5,0,1
7565,0,2,75.50725026359673,66.37520340332199,1,7,1,1
7566,0,1,40.09186764959948,51.29462160646309,0,10,0,0
7567,1,1,65.6455856020071,61.79194321080086,1,5,1,1
7568,1,2,54.741140351396716,75.2462416285713,0,11,1,1
7569,0,2,49.15945849812408,40.08371214425543,0,3,1,0
7570,0,1,52.61576320199229,56.54451047539085,0,5,1,1
7571,0,1,82.68044479231607,54.34672167820341,1,3,0,1
7572,0,1,39.91244111963707,37.575297726066275,0,3,1,0
7573,1,1,55.140823693805636,59.61858986618736,0,5,1,1
7574,0,2,64.73724465533911,59.945554110483926,1,4,1,1
7575,0,2,47.04866658950073,43.89358066089646,0,2,0,0
7576,0,1,57.80660588921479,44.826634794100116,1,4,1,1
7577,0,2,55.06267037382114,52.46485589028846,0,5,0,1
7578,0,2,43.16611966373535,42.784071822214074,0,5,0,1
7579,0,2,61.85679932587141,46.91983331126737,1,7,1,1
7580,0,1,59.06490579398636,51.80628880777056,1,6,1,1
7581,1,2,53.890407718162756,62.97488058259048,0,4,0,1
7582,0,2,26.662268254855526,29.300762904085538,0,4,1,1
7583,0,1,70.9127711429012,55.88533371891637,1,5,1,1
7584,1,1,0.0,53.65860110036126,0,4,1,1
7585,0,3,28.71695526743711,29.27050754636192,0,3,1,0
7586,1,1,42.13794380154692,50.850602374919696,0,4,1,1
7587,0,2,42.08410395674618,42.16395062092989,0,1,1,0
7588,0,1,84.20801864848545,70.3161953687872,1,4,1,1
7589,0,1,41.75721642187517,41.22768024576436,0,5,1,1
7590,0,1,40.90498267868875,48.830642820449775,0,7,1,0
7591,0,1,47.73242885704514,41.9268398292768,0,3,0,1
7592,0,2,30.654166864380223,34.82283664307739,0,6,1,0
7593,1,2,51.56897335002687,63.94682739275551,0,7,1,1
7594,1,2,45.86682013578454,51.52820243925178,0,6,1,1
7595,0,1,83.10481092429194,59.260577386985325,1,4,1,1
7596,0,2,46.6040507326707,52.40304880124185,0,3,1,1
7597,1,2,28.008090370496795,49.883804328068564,0,7,1,0
7598,0,2,49.583679341129624,48.983852171165125,0,5,1,1
7599,0,3,63.62182917457447,48.51528637350981,0,6,0,1
7600,1,2,47.03668370932649,47.591680456770824,0,2,1,0
7601,1,2,37.308588936402295,40.96306423128207,0,1,1,0
7602,0,1,67.61236224099689,60.58550190145212,1,4,1,1
7603,0,2,36.1719789363689,51.27639268935621,0,7,1,1
7604,1,1,63.31687069368717,70.54556678891717,1,6,0,1
7605,0,3,49.596165123343354,47.294628755118254,0,3,0,1
7606,0,2,45.06586159665191,50.91102463242557,0,7,0,1
7607,0,3,27.476000109455335,39.723440622516286,0,7,1,0
7608,0,2,42.0093685485693,45.40292920689936,0,6,0,1
7609,1,1,39.84805398348088,47.50896858820279,0,5,1,1
7610,1,1,48.688384327166936,53.8967956288984,0,3,1,1
7611,1,1,33.47512999391783,52.87012376112651,0,8,1,1
7612,0,3,25.495251488373167,39.75559624461987,0,7,1,0
7613,0,1,57.14109910219953,57.44269862561497,0,4,1,1
7614,0,1,64.86474143363498,64.38074998573539,1,9,1,1
7615,0,3,33.68081965375978,49.62097535337169,0,6,1,1
7616,0,3,69.11603059681536,56.73050301260267,0,4,1,1
7617,0,2,70.82778631277634,63.91715240350021,1,4,1,1
7618,0,2,44.98705317639733,53.289656986036256,0,8,1,1
7619,0,2,43.87550901316011,40.433956389127246,0,4,1,0
7620,0,3,13.663434959591983,25.93834195461893,0,7,1,0
7621,0,2,12.538590046254647,23.135180973255878,0,3,1,0
7622,0,2,46.53347369903305,44.93669633625359,0,4,1,1
7623,0,1,74.11069134409875,72.4121506307866,1,7,1,1
7624,0,2,34.12975771561048,34.52739184464693,0,4,1,1
7625,0,1,51.07629724556311,47.26310993874538,0,4,1,1
7626,0,1,41.736385965072266,51.816140160634056,0,5,0,0
7627,1,2,96.8226841049504,87.63949108961054,1,4,0,1
7628,0,3,50.405700265098886,43.83163000312561,0,4,1,1
7629,0,1,73.93626806621675,75.34291282765233,1,10,1,1
7630,0,1,48.40794525568445,49.85488444060082,0,8,0,1
7631,0,1,55.42094012272815,38.51201419652956,0,1,0,1
7632,0,2,63.47680008489644,52.383089984022064,1,1,1,1
7633,0,2,50.046168490346155,47.35343338947804,0,4,1,1
7634,1,1,43.62805920600938,49.5030223152058,0,5,0,1
7635,0,2,61.45923208619099,56.19210401409107,0,5,0,1
7636,0,1,52.63976483070401,45.221201859250804,0,3,1,0
7637,1,1,51.33390314617636,53.450789120407016,0,2,0,1
7638,1,2,75.83822589138288,48.91800578795795,0,10,0,1
7639,0,1,33.46421005279531,36.27072537925621,0,7,1,0
7640,0,2,47.38876698282864,41.10013255729512,0,2,1,0
7641,1,1,45.02777265559965,50.15096892059992,0,4,1,1
7642,0,1,54.21798235010241,31.309635139414482,0,2,1,0
7643,0,1,58.45708721105642,42.788569989891194,0,3,1,0
7644,1,2,56.0478464902415,52.925441140779036,0,2,1,1
7645,0,3,16.530442849816623,30.560516192776337,0,6,0,1
7646,0,3,36.30835337466131,52.27332225688751,0,10,1,1
7647,1,1,63.825504008672304,68.88372867021504,1,7,0,1
7648,0,3,28.29122698737643,44.35917152263257,0,6,1,0
7649,0,2,59.38033453324311,60.947710798228094,0,8,0,1
7650,0,2,74.02706890963151,52.3332123655004,0,4,1,1
7651,0,3,25.921767327105588,21.98229171981115,0,4,1,0
7652,0,1,51.96857914223328,54.62116443594042,0,7,0,0
7653,1,1,49.14700113640762,62.94116035673091,0,6,1,1
7654,0,1,36.31682779994331,39.37911359059723,0,5,1,1
7655,0,3,40.345314302486514,45.47704791856913,0,6,1,0
7656,0,1,63.13850187104375,60.03092558567976,1,6,1,1
7657,1,1,75.97300061870426,88.80389990767164,1,9,0,1
7658,0,3,64.04054641177378,66.32986884278391,0,6,1,0
7659,0,1,79.79810784293755,74.38874710579,1,5,1,1
7660,1,1,43.48930865486314,51.763217169828366,0,4,0,1
7661,1,2,45.36077372056154,39.87200839147008,0,3,1,1
7662,0,3,34.33785240683468,37.85666464244346,0,6,1,1
7663,0,2,51.52000755378455,45.60366577120879,0,4,1,1
7664,0,2,37.576562922780546,35.9076836143102,0,3,0,0
7665,0,1,44.643766304441996,43.42974217060742,0,6,1,0
7666,1,2,60.19238133968732,63.38795914479543,0,3,0,1
7667,0,3,57.83818670397401,63.01449599381112,0,7,1,1
7668,0,2,48.314913968138285,47.56396220324822,0,5,1,1
7669,0,2,51.372800931359215,47.50466421949057,0,6,1,1
7670,0,1,54.43308537406157,47.64830860056633,0,3,1,0
7671,0,3,35.86493732515719,23.86934740725392,0,3,1,1
7672,0,2,44.30857245580447,40.993572860364104,0,4,1,0
7673,0,2,23.976624361327406,27.365863992874058,0,3,1,0
7674,0,2,42.77569690881168,32.840800793851216,0,2,1,0
7675,0,2,48.551543353276095,45.11216747111552,0,5,1,1
7676,0,2,54.227216436015865,59.134646783800854,0,6,0,1
7677,1,1,41.8897899948759,52.944886234940306,0,4,0,1
7678,1,2,72.27239537069208,64.84566026024495,1,3,1,1
7679,0,2,43.72524550595914,33.05507177582751,0,4,0,1
7680,0,2,79.0402167704892,61.54957905257497,1,6,1,1
7681,0,3,61.93176435695169,66.36461334722334,0,7,1,0
7682,0,2,60.46679025739906,54.902862125432414,0,5,0,1
7683,1,2,67.6516622229095,70.78487191714655,0,7,0,1
7684,0,3,47.370067275735146,45.46297839395659,0,4,1,1
7685,0,2,35.90066088212982,35.00717334346576,0,4,1,1
7686,0,1,60.878307385769816,57.88608787668683,1,7,1,1
7687,0,1,42.599987617750166,35.95157981894078,0,3,0,0
7688,0,1,65.68281644894401,58.44305692606004,1,4,1,1
7689,0,2,33.766228252165,29.332333294593443,0,3,1,0
7690,0,2,45.869456031899375,47.40865109723459,0,7,0,1
7691,0,2,59.928258153280645,51.55048629755586,1,5,1,1
7692,0,1,41.438800629787714,52.89426171274596,0,5,1,1
7693,0,2,36.097081692832276,43.08824503060802,0,6,1,0
7694,1,3,46.207743299772474,67.79483141495673,0,7,1,1
7695,0,2,38.110448406538346,49.88257795551234,0,7,1,1
7696,0,1,44.89161938523681,52.579617578342834,0,4,1,1
7697,0,1,83.20695115684785,62.403190410326324,1,5,0,1
7698,0,3,55.26617104024931,48.845653684810195,0,4,0,1
7699,0,2,60.08887591309871,50.16104520405736,0,9,1,1
7700,0,1,40.31756813294964,44.27106136349843,0,6,1,1
7701,0,2,44.38787141209713,37.80404820573026,0,4,1,1
7702,0,1,42.74376264917895,42.11600606463271,0,3,0,1
7703,0,2,50.04181147265608,56.49664487151891,0,8,1,1
7704,0,3,28.906236289252256,31.841028487504218,0,5,1,1
7705,0,2,61.9264643361506,56.77680066445749,1,4,0,1
7706,1,2,71.49167124267295,67.36970947005949,1,2,1,1
7707,0,1,60.3732564105215,56.109673475975846,0,6,0,1
7708,1,1,66.57161134392592,67.23219061467806,0,6,1,1
7709,0,1,50.70435225170177,51.875727914392556,0,7,0,1
7710,0,1,43.276224350735745,43.92550325352722,0,4,1,1
7711,0,2,65.38646639077956,51.14417161592786,1,2,1,1
7712,0,3,43.50361036706105,35.427789970964504,0,0,1,0
7713,0,2,69.59256915176921,57.02615518955279,1,6,0,1
7714,0,2,59.41351494112338,47.71075546864221,0,6,0,1
7715,1,3,64.395620374256,69.95257088975812,0,3,1,1
7716,0,2,0.0,52.8383473603649,0,7,1,0
7717,1,2,63.75508913818935,75.46316867498224,0,7,0,1
7718,1,1,47.362494883185384,52.78915345816202,0,2,0,1
7719,0,1,52.3282103437608,45.148777754444765,0,5,1,1
7720,0,2,46.1941016411612,40.21558650486802,0,2,0,0
7721,1,2,70.01419644365109,70.73919832520987,1,4,0,1
7722,1,2,48.50076859214857,67.52098520690772,0,6,1,1
7723,0,2,50.241627732520534,46.53363389962434,0,5,1,1
7724,1,2,64.22525918232523,56.32944239835198,1,3,0,1
7725,0,2,47.786629921652754,40.75472510724956,0,2,1,1
7726,0,2,55.0819506991353,51.02734673427821,0,7,0,1
7727,0,2,50.97316701777076,51.77449800161439,0,2,1,1
7728,0,2,0.0,59.53301404084597,0,6,1,0
7729,0,2,62.40186226982177,53.973747119444724,0,4,0,1
7730,0,1,64.08807374316473,51.80433927163205,1,5,1,1
7731,0,2,60.74678960773912,64.44398653531334,0,10,1,1
7732,0,1,30.36683533342091,32.20634915184445,0,4,1,0
7733,0,2,34.33949810785983,36.838563660689076,0,4,1,1
7734,0,1,50.72427377017131,67.51724424301415,0,9,1,1
7735,0,2,36.5837754682868,39.17842602284192,0,6,1,0
7736,0,2,51.41391654431177,55.154958670755434,0,5,1,1
7737,1,2,53.757521346411494,71.01073669875751,0,7,0,1
7738,0,2,44.66160416310391,40.336582369426566,0,3,0,1
7739,0,2,45.92356611183445,42.90171524415265,0,4,1,0
7740,0,3,42.986741606574235,45.987640082903994,0,4,0,1
7741,0,2,16.82433831925894,23.046837453342857,0,4,1,0
7742,1,2,55.384062333219894,56.66249404624357,0,5,1,1
7743,0,1,53.290276423526365,57.864856403400665,0,9,0,1
7744,0,1,45.933903932428166,50.51821874067273,0,9,1,1
7745,1,3,67.06970682266345,74.21109008835543,0,6,1,1
7746,0,1,48.1703406578282,51.190801133701065,0,8,1,1
7747,1,2,47.715465743526195,57.56507789350175,0,5,0,0
7748,0,2,39.263203539695276,34.704984784181555,0,4,0,1
7749,0,1,30.677501257150677,40.35877262034469,0,9,1,0
7750,1,1,46.10833120611311,43.079649631184836,0,1,1,1
7751,0,3,22.66497750154582,29.759903090926233,0,3,1,0
7752,0,2,49.45329187488661,50.54760450186031,0,6,1,0
7753,0,1,37.680779601767036,44.8560356480116,0,6,0,1
7754,1,2,62.916658801986195,66.17053416688752,0,5,0,1
7755,0,1,44.97377247349259,45.675338036716646,0,6,1,1
7756,0,2,29.954309419668196,28.608839679057755,0,3,1,1
7757,0,2,36.89212315208612,28.795472921891736,0,2,0,0
7758,0,2,54.930148378729406,38.59815352471181,0,4,0,1
7759,1,2,38.01313263568073,52.05679120380859,0,4,1,0
7760,0,2,29.815687002954526,44.99915084017703,0,11,1,1
7761,0,2,42.83849664175498,41.39330217735194,0,3,0,0
7762,0,1,50.24433779492126,57.22436410319947,0,9,0,1
7763,0,2,56.92978064151258,57.25376633625794,0,9,1,1
7764,1,3,39.53428164515462,65.30024743062384,0,12,1,1
7765,0,1,57.083987436949116,59.36285617894611,1,5,1,1
7766,1,1,73.78284462086877,71.95802475350008,1,5,1,1
7767,1,2,63.36194748506963,67.963119218138,0,8,0,1
7768,0,1,53.65714790466827,50.46709067646204,0,5,1,1
7769,0,3,60.00473487497864,54.31616579521868,0,4,1,0
7770,0,1,65.76616949386225,63.09209476635918,1,7,1,1
7771,0,2,73.33639767610654,48.586914948896144,1,2,1,1
7772,0,2,45.19157288077409,46.852434728167374,0,8,1,1
7773,0,1,59.314371566465034,54.39588282103909,1,6,1,1
7774,0,2,68.0326264591647,62.65989431333611,0,8,1,0
7775,0,3,37.378724407280174,43.81249694760305,0,5,1,1
7776,0,2,56.4964293061843,50.523162933405416,0,4,1,1
7777,1,1,40.851421933175196,45.54555101749011,0,3,1,1
7778,1,1,61.45391872293718,67.74467505115202,1,6,1,1
7779,1,1,37.91572415807276,52.49861964295566,0,4,1,0
7780,1,1,84.54974972048727,84.73826628601915,1,5,1,1
7781,0,1,32.37352110378132,38.88360199685236,0,7,0,1
7782,0,2,32.74899491205805,39.59983901601955,0,5,1,1
7783,0,1,80.22722452608198,74.97117622228193,1,6,1,1
7784,1,1,65.41170750469199,77.70793286147642,1,6,0,1
7785,0,1,55.89011885441278,48.913032960649595,0,5,0,1
7786,0,2,92.39728502295121,70.08703227775669,1,4,1,1
7787,0,2,49.86901046037434,48.002569496682796,0,5,0,1
7788,0,2,47.27314977205926,34.84338870389151,0,6,1,0
7789,0,2,45.06322646139669,46.63044955181126,0,5,1,0
7790,1,2,17.73617471077635,39.42166278481872,0,4,1,0
7791,1,2,18.64836760086252,37.97579222286584,0,3,1,0
7792,0,1,45.02157849847087,42.642044866509096,0,5,1,0
7793,0,2,75.19091436298488,64.93121151336258,1,3,0,1
7794,0,2,35.34908443901125,22.10001232473447,0,1,1,0
7795,1,1,55.7723460618068,44.17202706190073,0,7,0,1
7796,0,2,38.47983191927384,55.621852837674226,0,11,1,1
7797,1,1,70.99959210761786,67.92755540854064,1,9,0,1
7798,0,2,0.0,41.87277808552785,0,9,0,1
7799,1,1,34.456467237581144,45.53949452418117,0,2,0,0
7800,0,2,40.167868460486446,33.458615766988885,0,4,1,0
7801,1,1,48.31394796385569,67.77499750161994,0,6,1,1
7802,0,1,45.42156648267126,42.76398680653588,0,5,1,1
7803,0,2,50.4203885126747,58.094854026383885,0,8,0,1
7804,1,3,63.98893884969308,64.506960409625,0,5,1,1
7805,0,3,54.61371669072788,45.1344814732045,0,5,1,0
7806,1,3,59.32210045345101,68.50374499138175,0,8,1,1
7807,1,2,35.35492076197633,46.66714387527312,0,4,0,1
7808,0,1,31.73432289717704,29.6371844372864,0,4,0,1
7809,1,2,53.86882768867377,57.92836908890399,0,5,1,1
7810,1,1,78.85842867192983,86.06590732642233,1,9,0,1
7811,0,2,48.933627689081064,43.923561066371086,0,8,1,1
7812,0,2,43.52026530377375,43.688790115151924,0,6,0,1
7813,0,2,56.223981612941714,45.08892812336233,0,3,1,0
7814,1,1,56.91434579473986,63.49294081700293,0,7,1,1
7815,1,1,33.245760572870886,44.7698068257672,0,5,0,1
7816,0,1,1.780445119440003,47.32631444918201,0,6,1,0
7817,0,3,27.639220620434948,43.91984721776332,0,7,1,1
7818,0,2,29.236013160695823,27.72934871099544,0,1,1,0
7819,0,1,55.765858751508645,46.78399176059707,1,3,1,1
7820,0,1,16.343312791025962,27.865161998844542,0,4,1,0
7821,0,3,41.49804244288484,27.439179105186277,0,4,1,0
7822,0,3,36.021997635506736,28.767084295329077,0,6,0,1
7823,1,2,60.9053141488712,64.56490243169799,1,6,1,1
7824,0,3,60.86714112461562,47.68285939210029,0,3,1,1
7825,0,2,76.09938898545721,61.051450540714065,1,5,1,1
7826,0,1,45.17451483861735,57.093224986063134,0,3,0,1
7827,0,1,99.9661111359317,36.62132932417732,0,2,1,1
7828,0,3,19.985518135205126,37.12004170066695,0,10,1,0
7829,0,2,48.53081334666878,46.044371139865866,0,3,1,1
7830,0,1,36.48160431098917,41.95964665660971,0,5,1,1
7831,0,2,62.26468466930358,56.55561256898617,0,4,1,1
7832,0,3,51.84553605065392,46.70576194590887,0,3,1,1
7833,0,2,46.63785033839622,50.69321069159319,0,6,0,1
7834,1,3,56.76562638078119,51.15563342730987,0,2,1,1
7835,0,1,51.94759591360287,57.882200936072955,0,8,0,1
7836,0,2,74.92272829242216,59.63930500365959,1,2,1,1
7837,0,2,62.297042283612114,60.58039407617239,0,9,1,1
7838,0,3,44.43090560322764,43.583418527751604,0,5,0,0
7839,1,1,35.704167518509706,58.66320640302942,0,8,0,1
7840,1,2,16.475193830276762,33.02433572775672,0,5,1,1
7841,1,2,46.25679703304959,77.55247421435135,0,14,0,1
7842,0,1,36.135062576440916,31.57688259649339,0,2,1,1
7843,0,3,77.7248585507766,71.49152422717505,1,6,1,1
7844,0,3,66.71427304128026,44.7299244441659,0,5,1,1
7845,0,3,36.77634557249196,40.39018149142476,0,8,1,1
7846,0,1,29.744094374905576,17.493434322709575,0,1,1,0
7847,0,1,41.631778740349816,56.57942189394022,0,6,0,0
7848,1,2,62.013644220347615,72.25665283349666,1,4,0,1
7849,0,2,46.78062742900113,56.741753937502715,0,8,0,0
7850,1,1,32.92207491537615,40.78268734638021,0,3,1,1
7851,0,2,0.0,39.852588909157866,0,5,1,1
7852,1,3,60.4361069382197,64.78074499333724,0,5,0,0
7853,0,2,48.577664983019105,41.33962701777209,0,7,1,1
7854,0,3,28.81861211054995,31.4839720033389,0,3,0,1
7855,0,1,41.95119913004128,40.05385623178668,0,2,1,1
7856,1,2,24.333280258122375,41.11200775515807,0,2,0,1
7857,1,2,54.54716536446288,62.93591603562637,0,5,0,1
7858,0,2,91.0408379190917,44.78709168360903,0,3,1,1
7859,0,1,37.009009249163704,44.95406550727031,0,5,1,1
7860,0,2,58.8344171975275,60.86316778252064,0,9,1,1
7861,1,1,58.17579147952967,63.695824112071215,0,5,1,0
7862,1,2,55.5756692263979,65.80358469752237,0,10,0,1
7863,0,1,44.92290296139574,39.90445275540203,0,5,1,0
7864,0,2,22.159259372460813,32.32458002399387,0,5,0,0
7865,1,3,67.15673515342992,69.13439379463287,0,7,0,1
7866,0,1,51.51320939680999,56.747112183177734,1,5,1,1
7867,1,3,26.070829085965585,44.290205280710666,0,6,0,1
7868,0,2,48.77588694659875,49.800789087168276,0,6,1,1
7869,0,1,52.624800301081166,50.65059312618037,0,6,1,1
7870,0,1,53.2734276722746,50.61184358978176,0,4,1,1
7871,1,2,56.01075050355081,63.0250222234401,0,6,0,0
7872,0,2,37.59976174204078,36.06398130541282,0,4,1,0
7873,0,2,59.07903723561235,63.89684318842955,1,11,1,1
7874,0,2,82.57842862331522,64.62992191730534,1,4,1,1
7875,1,2,63.4738724819047,59.58330413532984,1,2,1,1
7876,0,1,54.735403481951074,52.0003463126248,0,6,1,1
7877,1,2,52.062257410802616,61.41100150732253,0,3,1,1
7878,1,2,39.09185071223632,39.65319032044575,0,5,0,1
7879,0,2,46.37138665585776,44.13747611424255,0,1,1,1
7880,0,1,23.12869795661777,50.19770933705046,1,2,0,1
7881,1,2,41.6773321677769,64.02871982628474,0,7,1,1
7882,0,2,58.00138894164145,53.749197459672686,0,5,1,1
7883,0,1,34.46031685656931,31.329732299398543,0,1,1,0
7884,0,3,64.14641137313542,54.89745990314077,0,4,1,0
7885,0,2,39.175606954946225,31.660330584480448,0,5,1,1
7886,0,2,66.76218772805521,58.30153968743792,1,3,1,1
7887,1,1,36.1032868113185,51.78221824554508,0,3,0,1
7888,0,2,61.35714499084069,48.013526585925,0,3,1,1
7889,0,2,42.156920226347516,43.26551918019935,0,3,1,1
7890,1,3,59.923960189834254,65.43660437108484,0,4,0,1
7891,1,1,28.80411872901908,37.82049275017971,0,5,1,1
7892,1,1,63.90155715931733,68.14506862154161,1,8,1,1
7893,0,1,50.8389258425147,49.31099251036965,0,4,0,1
7894,1,1,35.186547678950745,46.61892519738869,0,4,0,1
7895,0,1,53.8965153838032,38.24959833848462,0,3,0,1
7896,1,2,78.2954998908718,75.91579134433053,1,5,0,1
7897,1,1,67.20626731019736,78.73055674758531,1,8,1,1
7898,0,1,51.68298922811472,46.856603010023015,1,4,1,1
7899,1,2,33.00706771583891,44.926669782821165,0,3,0,1
7900,0,1,5.382980547298153,51.62560053952732,0,7,1,1
7901,0,3,43.96469002309566,43.11863371105687,0,6,1,1
7902,1,2,68.01113049723331,77.17076851569124,1,6,0,1
7903,0,3,55.94254821430053,49.30989974514972,0,4,1,1
7904,0,2,57.971042200235686,56.308019187394564,0,8,1,1
7905,1,3,100.0,91.65133554000079,1,2,1,1
7906,0,3,13.102058179842752,26.679436716686485,0,3,1,0
7907,0,2,73.39841491166817,67.07772099546997,1,7,1,1
7908,0,2,27.869535553525207,30.10159747361878,0,5,1,0
7909,0,3,51.699060387604234,52.46286222452149,0,8,0,1
7910,0,2,63.9771448103325,63.04642655594702,1,5,1,1
7911,0,3,57.64584532322081,43.20042688521653,0,4,1,1
7912,0,2,36.26508781425844,44.70026379944287,0,5,1,1
7913,1,1,73.24971128800763,79.37790755706284,1,8,0,1
7914,0,3,45.74557936717949,44.524674770686715,0,5,1,1
7915,0,1,83.4837631705165,70.44833299450131,1,6,0,1
7916,1,1,41.64725233408886,39.22494535052265,0,4,1,1
7917,0,2,41.7708514875041,44.91219492742262,0,7,0,0
7918,0,3,52.29664097838471,55.9327721792502,0,7,1,1
7919,0,2,25.738779423532385,29.728963358440286,0,7,1,0
7920,0,1,51.39715245791535,49.56804531977155,0,5,0,1
7921,1,3,31.811787149105555,55.05741555539377,0,7,0,0
7922,0,1,31.932019876989102,30.002955981094757,0,5,1,0
7923,0,2,38.63445794497743,34.49457119238667,0,5,1,0
7924,0,3,50.199583138438136,51.786863086913634,0,4,1,0
7925,0,1,31.900176491368835,27.104834549844323,0,3,1,0
7926,0,1,52.37974506882777,45.551548914269105,0,2,1,0
7927,1,1,55.587545975369736,54.364605383924825,0,5,1,1
7928,0,2,49.75937554131477,59.1446807041306,0,5,0,1
7929,1,2,57.28664216358301,55.33285453236524,1,3,0,1
7930,0,2,41.616752249913326,30.45192036450597,0,2,1,1
7931,1,2,65.74143814976007,66.82456331986643,1,4,0,1
7932,0,2,34.58394994257218,42.31706980696182,0,6,0,0
7933,0,2,47.25223664570613,45.67936802242731,0,5,1,1
7934,0,3,41.52309318945314,35.85188136420543,0,4,0,1
7935,0,2,52.277967098207675,48.46834088665656,0,6,1,1
7936,1,1,31.335351407756637,47.14290225308114,0,5,1,0
7937,0,2,59.063288273562286,39.60624783828089,0,2,1,1
7938,0,2,61.59402246778094,53.69609546200328,0,8,1,1
7939,0,1,35.101314612711526,33.65854365816658,0,4,1,1
7940,0,2,66.58172932719268,53.23109275709612,1,2,0,1
7941,0,3,52.11077040816028,47.26409239717817,0,3,1,1
7942,1,2,45.698864457051705,51.44307654067552,0,5,1,1
7943,0,2,59.38468745100186,51.54669485328938,0,5,1,1
7944,0,2,42.567557552623335,44.25597822534357,0,5,1,1
7945,1,2,14.606872247667559,35.59314288394229,0,7,0,1
7946,0,1,54.19231221781883,53.55424083985042,0,5,1,1
7947,0,1,51.79157523199166,44.65684553924784,0,1,1,0
7948,0,1,48.28038233179531,35.67537974825597,0,2,0,1
7949,0,2,35.903976520949044,27.665159928017705,0,3,0,0
7950,0,1,49.73988940726741,51.02955762974454,1,5,1,1
7951,0,1,46.77973212699435,55.51811376661261,0,8,1,1
7952,0,1,100.0,64.33763813638362,1,7,1,1
7953,0,2,45.72227016545796,49.60792101776829,0,11,1,1
7954,1,1,71.46765839964169,66.85251970249095,1,6,0,1
7955,0,2,40.51524969013702,43.02569365213678,0,6,1,0
7956,0,2,45.92585196841932,50.50332591225113,0,6,0,1
7957,0,2,4.7966898949433565,11.877103754367923,0,5,1,0
7958,0,2,70.15822994632931,66.82112403050189,1,6,0,1
7959,0,1,62.643748909523346,62.99524321568427,1,6,1,1
7960,0,2,31.77009627118497,44.34717798735084,0,2,1,1
7961,0,2,38.611414585299244,38.582326355213745,0,5,1,1
7962,0,2,44.96842548601583,58.61319747960453,0,4,1,1
7963,1,1,61.66348910267858,69.63684722071577,1,4,1,1
7964,0,3,39.44428189497417,28.518595517008208,0,1,1,1
7965,1,1,45.16869884368659,46.83474536955202,0,3,0,1
7966,1,2,49.498182356006495,49.3309216143448,0,4,1,0
7967,0,2,51.01030503269953,40.19498795825013,0,2,1,1
7968,0,2,51.1110295216457,46.71634287095856,0,3,1,1
7969,0,3,65.64849192570993,54.503300073637476,0,3,1,0
7970,1,1,49.967193369131266,62.36916355861106,0,11,1,1
7971,0,1,48.52434926606389,55.750289588139594,0,4,0,1
7972,1,1,61.41046380285974,76.31821502710908,1,5,1,1
7973,0,1,64.46752337436453,64.13421652020442,1,7,1,1
7974,0,1,32.20694908312045,40.4037301941698,0,8,1,0
7975,1,2,37.07484959789641,47.255256448010286,0,4,0,1
7976,0,3,43.50980380345808,51.41938651397765,0,8,0,1
7977,0,1,38.61037110104164,36.6707442904954,0,2,1,1
7978,1,1,37.99018965178996,46.10399271708288,0,2,0,1
7979,0,1,21.153460541505186,26.622452366650393,0,3,1,1
7980,0,3,54.425475144606054,43.8332107850841,0,3,1,0
7981,1,1,16.9733505172841,49.23598110742631,0,3,0,1
7982,0,3,55.19119774108984,42.41813433712302,0,3,0,1
7983,0,1,50.164800412965405,45.001086047219,0,3,0,1
7984,1,1,54.456702478957304,64.2307114066937,1,5,0,1
7985,0,3,48.94664400499959,54.239184294150725,0,8,1,1
7986,1,3,49.284926462078786,74.23630237022051,0,9,0,1
7987,0,1,66.33736919524695,55.953127365564605,0,6,1,1
7988,0,2,65.86756890394803,56.914817061467126,1,5,1,1
7989,0,1,62.72767176527907,60.06370799723843,1,8,1,1
7990,0,2,47.46197824763974,50.25521171162986,0,7,0,1
7991,0,3,57.18357265255805,65.29007475387976,0,6,1,1
7992,1,2,84.66884119527313,75.5616381160359,1,3,0,1
7993,0,3,70.79390339268457,65.48253667904842,1,3,1,1
7994,0,2,59.34324230694153,57.51387461389672,0,6,1,1
7995,0,1,62.852073380972485,44.45813277876724,1,2,1,1
7996,0,2,43.281688519217965,46.278021087350616,0,6,1,1
7997,0,2,58.88859919160585,53.667642351414045,1,4,0,1
7998,0,3,47.99310987955944,51.022135384909866,0,7,1,1
7999,0,1,61.986601702791035,65.07866347447775,1,8,1,1
8000,0,1,62.278438127271905,56.37685343494735,1,3,1,1
8001,0,3,71.52058008881278,61.87140186770444,0,4,1,1
8002,0,2,67.30210965895104,47.351470822319,1,2,1,1
8003,1,2,10.305705979811272,65.23400441530148,1,4,1,1
8004,0,3,53.0948254047904,48.64883936086995,0,4,1,0
8005,0,2,53.45809940866976,57.796373202984476,0,9,1,1
8006,0,2,31.3341152446841,37.736344558780594,0,4,1,1
8007,0,3,43.962391290976385,37.670944469322805,0,2,1,0
8008,0,2,47.81320348036281,42.23255451343907,0,6,1,1
8009,0,3,61.288334782188784,35.60174963015144,0,3,1,1
8010,0,1,31.92132356861443,46.39764909868212,0,9,1,1
8011,0,2,20.028241044147503,37.78211043023677,0,7,1,0
8012,0,1,87.57311261909862,69.38118755702925,1,3,1,1
8013,0,2,69.80599579535402,62.157305885382975,0,5,1,1
8014,0,2,54.85651892190778,53.42477638146887,0,5,1,1
8015,1,1,39.60892930741416,45.73744564638743,0,3,0,1
8016,1,2,71.22430238996797,80.61088789146561,1,8,0,1
8017,0,1,48.729941111856355,34.62782438143194,0,3,0,1
8018,1,1,43.756010940459326,47.808814126739634,0,3,0,1
8019,0,2,41.30819612568883,42.45932973970406,0,6,1,1
8020,0,2,43.15054570776103,45.861544863800255,0,4,0,1
8021,1,1,33.87169536032027,52.293562702158184,0,2,0,1
8022,0,3,37.51610922232971,43.8407491127923,0,4,0,1
8023,1,2,17.44810921183198,34.43355872908024,0,3,1,0
8024,0,2,44.07110166428635,44.88080022853774,0,5,0,1
8025,0,1,52.891178046651184,54.957864444543674,0,8,1,1
8026,0,1,40.692716634481364,35.67493538853949,0,7,1,1
8027,0,2,48.02421647376571,52.315612526197285,0,6,0,1
8028,0,1,38.36981332551745,42.24355543056935,0,6,1,1
8029,0,2,51.34433259648046,50.32201531217188,0,4,1,0
8030,0,1,60.93796285855635,66.48218405790688,1,9,1,1
8031,0,1,38.45694397199135,27.802748942063204,0,3,0,0
8032,0,2,56.07588027615088,61.910903859166325,0,9,1,1
8033,0,1,71.11920621867328,58.77477305417628,1,3,1,1
8034,0,2,66.15663044637537,57.14832649020768,1,4,1,1
8035,0,2,52.053243643401395,51.01008834843524,0,6,1,1
8036,1,1,20.807339933082456,41.56665965970205,0,5,0,1
8037,0,2,66.47643749851578,52.512760454274904,1,4,1,1
8038,0,2,56.06448253090628,49.72909452469862,0,4,1,1
8039,0,2,68.05885049478177,60.45850875102537,1,7,1,1
8040,1,1,60.712033201685244,61.91971259228555,1,4,0,1
8041,0,1,54.92067429401544,53.036534477955165,0,7,1,1
8042,1,2,53.23888271684286,53.438188271319326,0,3,0,0
8043,0,2,60.397236696872994,46.241583253738696,0,0,0,1
8044,1,1,58.621902297330024,67.52880951002051,1,3,0,1
8045,0,2,25.52641029124104,27.811132082361084,0,2,1,0
8046,0,1,45.937140575719916,40.56126146471131,0,3,1,1
8047,0,3,52.31121669087952,54.580635319000756,0,9,1,1
8048,0,2,49.828697550319376,48.586486092608254,0,4,1,1
8049,1,1,49.72176722532169,59.01845384195797,0,6,1,1
8050,0,3,31.74403970505672,24.081999115330742,0,1,1,0
8051,1,2,50.11525326770008,59.51905180288824,0,5,1,1
8052,0,2,46.86570942153029,46.53790263245484,0,5,1,1
8053,0,2,48.83426700778225,42.92707603600849,0,4,0,1
8054,0,2,53.188408335968695,58.81743641779638,0,6,1,1
8055,0,2,43.5006313305872,41.0018434792248,0,3,0,1
8056,1,2,69.6657901180516,65.82474890936942,1,2,1,1
8057,0,1,43.433187881311206,37.33791387760471,0,4,1,0
8058,0,2,47.19297095582649,58.91320507624791,0,7,1,1
8059,0,3,59.898589384225104,45.5092100707465,0,4,1,0
8060,0,1,44.66746271472093,35.28321931823616,0,2,1,1
8061,0,1,37.68905996226802,46.89590741523052,0,9,1,1
8062,0,2,49.884918866181444,55.21685883860853,0,8,0,1
8063,0,2,42.62002592031858,46.82880926134897,0,8,1,1
8064,0,2,41.505616941548986,33.12231571957041,0,2,1,0
8065,0,2,57.72641390873047,57.55903300724956,0,8,0,1
8066,0,1,41.24035963187575,34.703642824277935,0,3,1,0
8067,1,2,65.19615843817225,71.63071112139453,1,9,0,1
8068,1,2,66.47775734811782,79.70721032104039,1,8,0,1
8069,0,3,33.85600711741693,37.660708548245346,0,6,1,1
8070,1,1,35.371878385144655,48.95839059893513,0,7,0,0
8071,0,2,55.17506837467773,57.76077980430098,0,8,0,1
8072,0,1,60.35271196276061,57.37961842383972,1,7,1,1
8073,0,3,72.091599756034,54.19031149002766,0,2,0,1
8074,1,1,47.43495158719313,63.42217154191962,0,9,1,1
8075,0,1,52.19644968637364,42.40249074014815,0,4,1,0
8076,0,1,50.70923558540716,51.60754115667621,0,7,1,1
8077,0,1,56.85275788324997,45.14247922047713,1,3,1,1
8078,0,2,44.9976707061402,43.35365445191782,0,4,0,1
8079,0,1,45.41119259974656,43.91067042217992,0,4,1,1
8080,1,1,38.12341856669193,43.508746874834195,0,3,0,1
8081,1,2,67.32613934992959,78.44208067570891,1,5,1,1
8082,1,1,60.57661807978103,54.5968426499315,1,5,1,1
8083,0,2,61.57427103435924,54.31368624380866,1,4,0,1
8084,0,2,63.67461098732805,58.848475856267704,1,4,1,1
8085,0,2,54.791420532334186,51.49297984374501,0,5,0,1
8086,0,1,41.233376906688996,32.58772394369221,0,2,0,0
8087,0,1,57.348556445657145,56.82111842743232,0,5,1,1
8088,0,3,59.38856006583063,57.38132121018654,0,3,1,1
8089,0,3,47.918417700223145,54.276604062719166,0,8,1,1
8090,0,2,41.54818598501959,40.19502360818431,0,4,0,0
8091,1,2,50.65784680847902,60.575663239042264,0,10,0,1
8092,0,2,63.47716537335177,50.60681801544605,1,3,1,0
8093,0,2,34.13588926097461,43.63034285385588,0,6,0,1
8094,0,2,43.35502307244098,36.93135781437511,0,1,0,0
8095,0,2,62.81105467520431,65.5223353943739,1,7,1,1
8096,0,1,66.76561845741823,76.0504867240539,1,11,1,1
8097,0,2,19.62620544151011,32.76786999745328,0,7,1,1
8098,0,2,61.96221875375655,51.363867150688506,1,2,0,1
8099,1,2,37.23224711550674,63.70167715982424,0,4,1,1
8100,0,3,36.82764830620967,57.456583779309284,0,8,1,1
8101,0,2,77.70162898480044,72.42015266401302,1,6,0,1
8102,1,3,58.662059971534205,67.78732094332854,0,11,0,1
8103,1,2,72.59678971420806,67.23584295762579,1,2,0,1
8104,0,1,46.31081751160113,53.28432701585827,0,5,1,0
8105,0,1,92.7505134622833,55.90377087211758,1,2,1,1
8106,0,3,45.383476258192765,48.25066520707971,0,8,1,1
8107,0,2,51.95610574467851,53.585000110984716,0,6,1,1
8108,0,2,47.225914758275884,51.29147374205242,0,6,1,1
8109,1,1,54.96495930123262,52.451551647106726,0,1,0,1
8110,0,1,45.554211859528706,46.863641125944405,0,4,1,1
8111,0,2,77.57750154951644,59.67643099340539,1,4,1,1
8112,1,1,59.919904138656925,62.17176637691079,0,4,1,1
8113,0,2,35.25867177742635,33.35178538986939,0,7,1,1
8114,1,2,51.40237083368721,70.67773809923327,0,12,1,1
8115,0,3,50.68570337401112,50.50485052854396,0,7,1,1
8116,0,2,59.77942881462159,51.4512848037815,0,4,0,1
8117,1,2,53.20703301908277,58.74722115969955,0,5,1,1
8118,0,2,42.277166588823896,47.54152801085711,0,3,0,1
8119,0,1,62.13839987005296,47.76520549349443,1,2,1,1
8120,0,1,0.0,49.64867040567777,0,3,0,1
8121,1,2,69.2351378225878,72.04402863636855,1,6,1,1
8122,1,1,78.42648655757888,76.99605881246598,1,2,1,1
8123,1,1,50.82368312307673,51.713357992914965,0,3,1,1
8124,0,2,52.19596337492895,48.21635232487745,0,3,1,1
8125,0,3,37.40617976751806,49.10125766862319,0,8,0,1
8126,1,2,41.07044240573584,56.09499025457446,0,8,1,1
8127,0,2,59.438685664381474,48.90524013393056,1,3,1,1
8128,0,1,45.78011623377217,30.253455006337273,0,2,1,1
8129,0,3,34.59411395848427,40.424893549986294,0,5,0,0
8130,0,2,29.031971010881325,29.432159771600006,0,8,0,1
8131,0,2,51.62248822738963,55.70844717334294,0,7,1,0
8132,0,2,54.15690516087792,73.48245776120716,0,11,1,1
8133,0,1,51.77040605153308,55.83922351670472,1,4,1,1
8134,1,2,48.78523887588578,47.6932941428029,0,2,0,1
8135,0,3,36.87887984636329,46.476945723360984,0,8,1,1
8136,1,1,58.419369179007354,75.16980519268215,1,10,1,1
8137,0,1,35.82263956592346,50.84168625357051,0,2,1,0
8138,1,3,49.00819206137758,53.49317203298243,0,5,1,1
8139,1,2,91.81646441433419,93.884499662848,1,7,0,1
8140,0,1,41.268746898947576,37.82417230415454,0,4,1,1
8141,1,2,43.71372076658564,56.539391251127306,0,5,0,1
8142,0,2,0.0,48.577532036932105,0,4,1,0
8143,1,2,26.349151751591133,36.38369386273257,0,4,0,1
8144,1,1,35.32934690033247,53.82743016419964,0,4,0,1
8145,1,3,58.51364144665684,70.21673760724204,0,6,0,1
8146,0,2,36.52587398112011,38.41672932965823,0,3,1,0
8147,1,2,46.31575774595278,56.970705419517806,0,7,1,1
8148,1,1,47.0759223233402,55.505659170874026,0,2,0,0
8149,1,2,56.50296968774887,60.27778166127073,0,3,1,1
8150,0,2,44.5918830958425,28.548413097213622,0,2,0,0
8151,0,2,57.45750748909853,51.28324259776048,0,6,1,0
8152,0,3,51.9014066937521,48.69856320678196,0,5,0,1
8153,0,2,70.09870009525463,54.9833974534787,1,5,1,1
8154,0,2,31.575970087785766,39.634661792591075,0,4,1,0
8155,0,1,38.08270054449977,41.137924207047604,0,6,1,1
8156,1,1,37.16834890476393,42.157599385395905,0,6,1,1
8157,0,1,77.97211103855724,69.75029515912689,1,5,1,1
8158,1,2,61.670596540869134,57.29087987547466,0,6,1,1
8159,0,2,65.26022555393502,51.295258567957376,1,3,1,1
8160,0,1,61.29648432427965,52.309808921126994,1,4,0,1
8161,1,2,36.25105536076722,45.40744005629447,0,3,0,1
8162,0,2,62.22201196608164,55.02150913874098,1,6,0,0
8163,1,3,57.30742719726659,65.0257570473558,0,6,0,0
8164,0,1,45.8588008838606,45.94336714844233,0,3,1,1
8165,0,2,27.427995396765475,33.11587938275399,0,4,1,0
8166,0,2,68.96825788779502,54.603853115015774,1,2,1,1
8167,0,3,25.172191997647776,48.271121306553965,0,9,1,0
8168,0,3,38.05364835368463,37.45594132773548,0,1,1,0
8169,0,2,45.38578255982203,53.94674634762531,0,9,1,0
8170,0,2,67.0400656042229,61.058036971287436,1,7,1,1
8171,1,2,50.21897525735143,58.29047748044532,0,4,0,1
8172,1,2,29.933024553155338,46.75501134562717,0,5,1,1
8173,0,1,37.63532054193717,36.87585496295334,0,3,1,0
8174,0,1,45.55407604650952,31.681426160830345,0,1,1,1
8175,0,2,50.70986291666796,37.177135495911784,0,1,0,1
8176,0,2,64.8357284155697,61.75219593832961,1,6,1,1
8177,1,2,37.70279303226228,44.573286146255995,0,4,0,0
8178,0,2,89.82186393579858,68.97973429061341,1,6,1,1
8179,0,3,35.356963448991635,29.315349935105043,0,2,1,1
8180,1,2,55.260829661689705,52.14897540302803,0,5,0,1
8181,0,1,30.336528847192106,34.70307735711096,0,5,1,1
8182,0,2,47.20533099994153,50.72351029303853,0,6,1,1
8183,0,1,59.937782042478744,48.02345382047893,0,5,1,1
8184,1,1,45.207202720250926,57.484353834588255,0,6,1,1
8185,0,3,57.08505291349943,49.51526823030319,0,2,0,0
8186,1,2,28.343956595493612,41.78573147169728,0,5,0,1
8187,1,2,56.102313479993576,56.57316441896677,0,6,0,1
8188,1,1,57.45304115198625,64.76582085317015,0,4,0,1
8189,0,2,60.13242869022838,63.59237911957092,1,5,1,1
8190,0,3,57.72939867564782,50.51486546135662,0,4,0,1
8191,0,2,65.19357622492173,56.37097337862153,1,4,1,1
8192,1,1,58.138489993428074,65.27976896325937,1,6,1,1
8193,1,2,29.934944523029607,37.977927588964235,0,3,0,1
8194,1,2,46.94103726325799,48.4486987743121,0,4,0,1
8195,0,3,60.86078575804653,56.97334638833258,0,8,1,0
8196,0,1,15.341533611930899,24.169296219925513,0,6,1,0
8197,0,3,74.74299171618524,67.87687421049614,1,5,1,1
8198,1,2,52.1452342427275,65.3945707404694,0,7,1,1
8199,0,1,52.66722536639232,53.01380892056614,0,8,0,1
8200,0,2,83.0470460707991,67.86771489974245,1,6,1,1
8201,1,1,43.45245982800139,63.1807790799436,0,9,1,1
8202,0,1,51.16921235590184,58.13662419950333,0,8,1,1
8203,0,1,35.15830912727578,40.55250550174956,0,6,0,1
8204,0,1,56.84602577159058,46.29862195504221,0,4,0,1
8205,0,1,70.61868511830308,62.845952354525416,1,5,1,1
8206,0,3,60.75011627719883,51.84441455261583,0,5,1,1
8207,0,1,47.5585272874917,58.023196785133656,0,6,1,1
8208,1,2,42.70859674533368,44.248518474311396,0,3,1,0
8209,0,1,54.76967214367842,55.19908728932642,0,8,1,0
8210,0,2,46.01155996720397,47.28297806492337,0,4,1,1
8211,0,2,57.16774690920967,54.68679611671422,0,4,0,1
8212,0,3,55.486511329341944,46.19024890710636,0,4,1,1
8213,0,1,30.44960726311676,44.598467058395265,0,7,1,0
8214,1,3,60.242360880683925,77.47826062304074,0,7,1,1
8215,1,2,46.627084380535806,53.26555608527082,0,4,1,1
8216,0,1,53.74928572933429,59.11908221946808,0,6,1,1
8217,1,1,32.9995572322899,42.4420933632447,0,4,1,0
8218,0,2,32.749630189638424,34.70635073445479,0,6,0,0
8219,0,1,66.81019105589516,70.00882524012879,1,8,1,1
8220,0,2,58.850116946490516,49.66618518111797,0,4,1,0
8221,0,2,70.32981512352372,53.65032351376222,0,4,1,1
8222,1,1,0.0,56.3273448621595,0,4,0,1
8223,0,2,55.6205682600924,43.82913611937759,0,4,0,0
8224,0,1,54.01586784635351,34.116009463150476,0,4,0,1
8225,1,2,73.75972569144301,69.81182182873206,1,5,1,1
8226,1,2,35.93259205002775,33.569690509453125,0,1,1,0
8227,1,3,62.15782042809481,66.82930190199973,0,8,0,1
8228,0,1,82.87872063802374,59.15665164072242,1,4,0,1
8229,0,2,11.232193024595453,20.60846040729122,0,3,1,0
8230,0,1,39.9625670293689,39.87391759126204,0,5,1,0
8231,0,1,57.06482770290936,40.52104312429243,0,1,1,0
8232,0,3,49.703550442649316,50.546871058141484,0,6,1,1
8233,0,2,56.263975400769674,44.69599997027015,0,0,0,0
8234,0,2,54.00979146630857,48.424993093849636,0,5,1,1
8235,0,3,43.85111125772178,37.39864163056299,0,5,1,0
8236,0,2,45.55026705835328,46.08519233068938,0,3,1,0
8237,0,3,33.84312752612373,40.59307278160379,0,7,1,0
8238,1,2,76.02366727549132,77.98487178560093,1,5,0,1
8239,0,1,70.47583941315453,55.968507057204114,1,2,1,1
8240,1,1,55.22526203301417,68.37739719230859,0,6,1,1
8241,1,2,33.13044654965626,48.888605105784826,0,6,0,0
8242,0,2,56.69980757048542,50.305399019865256,0,4,0,1
8243,1,3,55.278900671643626,69.46374598832689,0,5,1,1
8244,1,2,44.4806739607646,62.83793307161398,0,10,1,1
8245,0,1,60.80232745423024,54.581437289309946,1,6,1,1
8246,0,3,35.224688123987534,31.518569203907383,0,6,1,1
8247,0,3,35.468115900367685,42.23194543848304,0,4,1,0
8248,0,2,86.89421221663514,50.95562143496319,0,6,1,1
8249,0,1,58.612557735286416,49.20695205001546,1,5,0,1
8250,0,2,53.05291789849881,48.9241539976993,0,5,0,1
8251,0,1,61.148491627607655,48.79213042807368,1,3,1,1
8252,0,2,59.69731627546213,46.083650317274376,1,5,1,1
8253,0,2,58.48281947846903,56.97857454937587,0,5,1,1
8254,0,2,50.357393626797574,50.91231974580994,0,5,1,0
8255,0,3,39.602394057057005,37.560053647483485,0,4,1,0
8256,0,2,51.27906084173839,37.67403739036383,0,1,1,0
8257,0,3,0.0,50.36154053057717,0,4,1,1
8258,0,1,50.339096598543364,55.61342075725761,0,8,1,1
8259,0,3,36.409304917144645,33.016162264083526,0,1,1,0
8260,0,1,41.11349880390127,34.27910396066431,0,5,0,1
8261,0,1,48.38571530294734,45.523775165275154,0,3,1,1
8262,0,2,59.21130044354511,52.07570872825066,0,5,1,1
8263,1,3,33.40711375032523,30.62558996050752,0,0,1,0
8264,0,1,53.45232726742246,47.709792322521466,0,2,1,1
8265,0,2,71.64342346512474,50.7795362809447,1,4,1,1
8266,0,1,44.278543692310805,43.08667969859403,0,4,1,1
8267,1,2,51.259334040674005,47.47823774676656,0,2,0,0
8268,1,1,67.19884734926049,63.453009789243126,1,2,0,1
8269,0,1,26.143649764676905,17.73111991541426,0,3,1,0
8270,0,1,4.564076968077222,17.925355773739607,0,4,0,0
8271,0,1,26.815276514748923,34.97385174687111,0,3,1,1
8272,1,1,54.2208690133096,63.80600922571257,0,3,0,1
8273,0,3,30.909374842724525,34.65504233299297,0,7,1,0
8274,0,2,78.64712165336564,72.80704168753286,1,5,1,1
8275,0,1,44.018964115559726,31.64700438291989,0,1,0,0
8276,0,1,29.756102939272775,33.277440481878564,0,6,1,1
8277,0,1,30.1899937534742,34.349518138373604,0,1,1,1
8278,0,3,58.22888092428105,46.23358803816295,0,4,0,1
8279,0,2,71.25441729230907,60.82350453672558,1,6,1,1
8280,0,2,52.08422337643758,54.49703947457476,0,7,0,1
8281,0,2,73.19375880815475,62.36048698554917,1,3,1,1
8282,0,1,65.76570782714295,60.2285451012077,1,4,1,1
8283,0,1,54.90238971261131,41.37277072636262,0,6,0,0
8284,1,2,67.44546878909424,69.25682431809241,1,8,0,1
8285,0,1,61.64864031188935,47.15091686095977,1,4,0,1
8286,1,1,63.8918243368574,66.5439751790537,1,6,1,1
8287,0,1,39.65096604633311,40.65941600076798,0,3,1,1
8288,1,3,60.850969015654776,64.76985831995565,0,5,1,1
8289,0,3,64.41139688704827,55.60141917471198,0,6,0,1
8290,1,3,43.49000433106821,66.78884235304392,0,12,0,1
8291,1,2,35.593855104845275,46.94435863325039,0,7,1,1
8292,0,2,64.01736527676982,62.30222073314857,1,7,1,1
8293,0,3,41.42575294256327,53.516097294434516,0,9,1,1
8294,0,2,26.495709450405037,44.8269702388675,0,9,1,1
8295,0,2,56.074195071000936,44.39239099197543,0,5,1,0
8296,1,2,49.5871634201683,55.682189332196856,0,3,0,0
8297,0,1,58.10937349624557,51.60608963663571,0,6,0,1
8298,0,2,79.18910455950679,64.21280636456156,1,6,0,1
8299,1,1,39.631249056375836,65.02197066860602,0,9,0,1
8300,0,3,27.726311983052778,42.24726488717274,0,8,0,0
8301,0,1,39.570802545181486,41.58434867963533,0,6,1,1
8302,0,2,33.59533735921892,27.74481360276631,0,5,1,1
8303,0,1,62.07070878319595,53.10027979273495,1,4,1,1
8304,0,2,41.347874724147125,35.13463418787208,0,3,1,0
8305,1,2,51.639475912674136,57.95311559390174,0,6,1,1
8306,1,2,57.49646151426536,54.51891437800891,0,2,0,1
8307,1,1,28.157001647492567,33.1961029308146,0,2,0,0
8308,0,1,49.90283273748876,54.69536294182771,0,5,1,1
8309,0,1,0.0,43.95068561109418,0,8,1,0
8310,0,1,53.9456233467625,51.85927981582806,0,5,1,1
8311,0,1,48.22179748947986,49.7776525321959,0,5,1,1
8312,0,2,60.91092725151872,55.36608516743106,0,4,1,1
8313,0,2,70.50133548673331,52.63563806361937,1,0,1,1
8314,1,2,65.87942931585764,62.91897476017663,1,3,0,1
8315,0,1,42.16541561449406,39.275777683402815,0,4,0,1
8316,0,1,65.12469170555775,69.40030252907947,1,7,0,1
8317,0,2,66.79241862036858,59.47311844440013,1,7,0,1
8318,0,3,23.686687195451373,24.117411533834332,0,2,0,1
8319,0,2,56.41722215701074,48.339263023217704,0,3,1,0
8320,0,1,67.28858516889001,61.85253021442115,1,7,1,1
8321,0,2,62.307428396420555,58.739747107539976,0,7,0,1
8322,0,2,66.4054440551618,55.43647340365781,1,6,1,1
8323,0,1,54.769746303936806,50.72332417152108,0,5,0,1
8324,1,2,42.11605165964548,49.28940389754567,0,4,0,1
8325,0,2,10.787423056890162,29.439037424426513,0,5,1,0
8326,0,1,38.588878744395714,32.238677260159164,0,6,1,0
8327,0,2,70.72860678330568,63.31365794096423,1,5,1,1
8328,0,3,57.04008454449646,62.26322226121032,0,6,1,0
8329,0,3,28.38247672171552,39.31862597148223,0,8,1,1
8330,1,1,20.652134126790486,36.63779300056038,0,4,0,0
8331,0,2,54.971398020530074,52.53589256386398,0,4,1,0
8332,0,1,20.657377522919383,29.308035003701796,0,7,1,0
8333,1,1,4.780048213503623,26.324979756162335,0,6,0,0
8334,0,1,21.586788567831942,29.548184221096083,0,4,1,0
8335,0,1,65.64400102319392,56.24914137550723,1,6,1,1
8336,1,1,36.53228016458149,54.713268854856665,0,5,0,1
8337,0,2,86.31229342202536,69.53457774328463,1,1,1,1
8338,1,2,81.99718153644568,72.8356712743648,1,6,0,1
8339,0,1,57.988688327539556,53.09405154231853,0,5,0,0
8340,1,2,47.04034165399573,60.33687551430386,0,5,0,1
8341,0,3,49.32351709555398,53.93041196077122,0,5,1,1
8342,1,3,45.39073913640167,66.68331827362057,0,6,1,1
8343,0,1,18.40887945802191,29.33129988355809,0,7,1,1
8344,0,1,51.645676777342516,53.85911043906092,0,6,1,0
8345,0,3,60.37402343669241,54.73604308705321,0,4,1,1
8346,1,3,39.71551649123438,52.08783269289422,0,9,0,1
8347,0,1,46.17336671198396,36.29884573212076,0,4,1,1
8348,1,2,62.53621476414128,68.54444702701004,1,6,0,1
8349,0,1,86.35688755762992,65.8633937881381,1,5,0,1
8350,0,2,54.32317809485578,53.72450688608207,0,6,0,1
8351,0,3,33.81641461405793,25.970463216384687,0,3,1,0
8352,1,3,0.0,57.67480797705818,0,4,0,1
8353,0,1,35.3362946860639,49.978334414733986,0,8,0,1
8354,1,2,81.55413299816678,81.9526974412007,1,5,0,1
8355,0,2,67.31778911814841,62.153960945232974,1,8,0,1
8356,0,1,37.30748386361763,43.02465787423484,0,5,1,1
8357,0,3,50.62778348540234,46.386898827681925,0,2,0,1
8358,0,2,76.75698247257814,67.28951964995585,1,5,1,1
8359,0,3,40.84487224555603,44.89201338252571,0,3,1,1
8360,1,2,68.43372592371279,77.641129056082,1,8,0,1
8361,1,1,71.96586673496778,73.5887853220359,1,5,0,1
8362,0,2,52.53755854744344,51.619938727874015,0,3,1,1
8363,0,1,57.2398917533411,51.27521995415805,0,4,0,0
8364,1,2,69.80554185525492,63.380056983855475,1,5,1,1
8365,0,2,48.673631272140966,45.37189885386833,0,2,0,0
8366,1,3,64.06063185845342,69.29693787915438,0,5,0,1
8367,1,2,61.515904972995585,66.09153386470885,1,4,0,1
8368,0,3,88.10360935846347,79.49398875168869,1,5,1,1
8369,1,1,48.99008719743209,48.04868284641531,0,1,0,1
8370,0,2,35.625143129749155,46.80389193880164,0,8,1,0
8371,0,1,75.31701157859959,37.24379456324422,0,3,1,0
8372,0,1,54.76747180983623,46.329677020226484,0,4,1,0
8373,0,2,32.76984259650815,25.745613640298334,0,3,0,0
8374,1,1,63.967824113526675,66.05243275489602,1,6,0,1
8375,0,2,22.358932358168172,34.24353817355416,0,4,0,0
8376,1,1,42.9032978522745,51.38912385867674,0,4,1,1
8377,1,2,56.865096072579384,57.39793884701042,0,2,1,0
8378,0,2,44.97966622283273,48.33085727653289,0,7,1,1
8379,1,2,49.27529358408259,56.068170480142385,0,7,0,1
8380,1,3,52.240537891668765,55.478500412692235,0,5,0,1
8381,1,1,26.29774811524559,44.74727326111045,0,8,0,0
8382,0,2,43.97588194253745,44.87906154661435,0,4,1,1
8383,1,2,40.61094462180952,60.929229904534026,0,8,0,0
8384,0,2,60.506477583328724,52.664642162719794,0,3,0,1
8385,0,3,57.6346787214122,60.80535902759939,0,5,1,1
8386,0,1,72.00982802270501,63.40805461693046,1,7,1,1
8387,0,3,66.84899055706163,59.00111850339199,0,7,1,1
8388,1,2,47.49431476808099,53.404775453314684,0,3,0,1
8389,0,2,69.72254070113019,63.273084546163936,1,4,1,1
8390,1,2,72.57579016828942,68.82038959691862,1,4,0,1
8391,0,1,61.614386463688845,57.61341331352126,1,5,1,0
8392,1,2,62.580965338681644,55.50319385620922,0,2,1,0
8393,0,1,31.41870780063521,47.11506337400256,0,7,1,1
8394,0,2,23.360773247850627,46.97274921074736,0,8,0,1
8395,0,3,54.43026988477719,40.7662358623823,0,2,1,1
8396,1,3,70.99604423690683,64.79963685365902,0,4,0,1
8397,0,2,38.79396932224391,49.13672250336333,0,8,1,1
8398,0,1,55.47274868765645,52.71947197884881,0,5,1,1
8399,1,2,37.40661901316595,51.32701989681449,0,5,0,0
8400,0,2,31.492178932110257,35.24809267667504,0,6,1,1
8401,1,1,51.18049895770102,51.309254273543985,0,4,0,1
8402,0,3,76.30517396511048,61.91376314365609,0,6,1,1
8403,0,3,43.19276764058306,52.36745495954434,0,8,1,0
8404,0,1,40.211394760602154,33.99829708709191,0,4,1,1
8405,0,3,23.835972649108434,36.403494131207395,0,8,1,0
8406,0,2,77.54242894254193,60.0194312508765,1,5,1,1
8407,0,2,53.707179363985375,59.717091283012714,0,8,1,1
8408,1,2,54.116791791716224,57.88952952030892,0,5,0,1
8409,1,2,65.25771034516967,61.930790359410956,1,4,0,1
8410,0,1,50.6006134905195,58.77389194507551,0,7,1,1
8411,0,1,17.129265812440593,24.057698187901075,0,4,0,1
8412,0,3,44.087260944956896,61.528615464202325,0,7,1,0
8413,1,1,48.137026147435925,60.72726016766104,0,6,1,1
8414,1,2,51.4818340579655,49.9969324043239,0,2,0,1
8415,0,1,45.93028614652504,44.955995646529686,0,6,1,1
8416,0,2,43.831367306992064,41.850193944232274,0,5,0,1
8417,0,2,77.78793285840338,67.95629151506424,1,7,0,1
8418,0,2,83.57161879232802,68.28765778091683,1,5,0,1
8419,1,2,61.50438399856704,63.3154151782541,0,3,0,1
8420,0,2,33.520536991663135,32.0488935155512,0,4,1,0
8421,0,1,44.006323288170165,49.34786217015286,0,6,0,1
8422,1,2,39.08943256201842,55.60434668060407,0,5,1,1
8423,1,1,52.785476896835604,62.175508420535365,1,4,0,1
8424,0,3,68.36071112041877,54.90009354735399,0,5,1,1
8425,0,1,45.78640935983873,41.515501501577,0,7,1,0
8426,0,2,18.2146018290914,32.34961032106443,0,9,1,1
8427,0,3,49.618254995572975,51.57516664841174,0,6,1,1
8428,0,3,40.15665801155536,54.043109930964725,0,7,0,0
8429,0,2,46.18194851923349,41.91366609645768,0,3,1,0
8430,0,1,37.289150783192625,38.61496378510864,0,4,0,1
8431,0,2,20.319675085949548,21.61829865153115,0,4,1,0
8432,0,2,54.39760420017594,44.52025722314165,0,3,1,1
8433,0,1,72.78811467132925,62.48009358171238,1,3,1,1
8434,0,1,51.7100925885503,51.80843560292369,0,7,1,1
8435,0,2,58.52478663592584,58.29459786966079,0,6,1,1
8436,0,2,56.23818768384042,56.480497893151686,0,4,0,0
8437,0,1,54.380476741662214,52.16622477188873,0,4,1,1
8438,0,3,36.35409582358738,28.688036764486768,0,5,0,0
8439,0,1,53.78915212320433,46.600102744442864,0,5,1,0
8440,0,2,22.405755072075806,31.772340068431298,0,7,1,1
8441,1,2,51.91723316426036,45.995607556657916,0,2,0,1
8442,1,2,42.6301391919886,59.11548309085241,0,6,1,1
8443,0,3,37.45227401235691,37.973459293031446,0,4,1,0
8444,0,1,44.39128688504686,47.823859042368206,0,7,1,1
8445,0,1,58.84145576773939,51.75178224776728,0,2,0,1
8446,0,1,46.55743676993974,38.98704171492889,0,0,1,0
8447,0,1,40.18358241551339,44.866030276214644,0,5,1,0
8448,0,1,47.26013881427541,47.26609856251178,0,4,1,1
8449,0,2,53.78510059038967,55.713475836632696,0,6,0,0
8450,1,2,48.391730936915074,58.13503048249596,0,6,0,0
8451,0,2,24.446339065264887,39.784428406007684,0,6,1,0
8452,0,2,44.967840663506315,40.944812225641485,0,4,1,1
8453,0,1,35.7243810665329,52.81926537003371,1,5,1,1
8454,1,3,55.96250610617854,71.67802593432484,0,9,0,1
8455,0,2,35.370200426955535,52.877086372642005,0,8,1,1
8456,0,2,56.647883901673914,53.77434789482413,0,5,1,1
8457,0,2,45.73044646428209,38.05801227262339,0,3,1,0
8458,1,3,16.151773870361616,30.46291834071468,0,4,1,0
8459,0,3,45.35727294329526,40.543037785349036,0,2,0,1
8460,0,2,29.28732803516923,35.240260993868844,0,3,1,0
8461,0,2,54.26570038067183,56.93088650651359,0,6,0,1
8462,1,1,40.49484393592344,51.54707382825569,0,7,0,0
8463,1,1,78.98313716430184,64.52513032268173,1,4,0,1
8464,1,2,43.991853184032266,50.98185234857327,0,3,0,0
8465,1,2,41.829093293013884,58.6324145020623,0,6,0,1
8466,1,1,42.45015694279656,37.27615129271427,0,2,0,0
8467,1,3,37.94816290157784,57.202471871437524,0,9,1,1
8468,0,1,59.69971136753622,43.44143314836208,1,2,0,1
8469,0,2,33.29258989603397,33.07226208945188,0,1,1,0
8470,0,2,67.40454215373072,58.65312767481584,1,6,1,1
8471,0,2,52.11137123502029,40.23512682753207,0,4,1,1
8472,0,2,57.99907313830073,50.15681203130139,0,7,1,1
8473,0,2,78.62542773002554,69.64244201496473,1,8,1,1
8474,0,1,25.592581319924925,18.99122712622524,0,3,1,0
8475,0,2,88.43118059647597,69.72179108507942,1,4,0,1
8476,0,1,62.74062662275979,62.7251406925134,1,8,1,1
8477,0,3,50.482115100045284,54.694165988275365,0,6,1,1
8478,0,1,82.82649518822922,63.1799752685168,1,2,1,1
8479,0,3,47.85467992667464,43.45427307014,0,3,0,1
8480,1,2,44.25232778722088,51.05188257685044,0,3,1,1
8481,0,1,31.2912219661518,32.33206307761178,0,3,1,0
8482,1,1,0.0,21.272857696659806,0,8,0,0
8483,0,1,42.0008641493487,31.191649544754583,0,3,0,1
8484,0,1,19.025932908678172,28.296669087075955,0,8,1,0
8485,1,1,33.89356578326316,37.470363005153494,0,3,1,1
8486,0,2,53.82370794403033,63.5003667861955,0,10,1,1
8487,1,3,37.08141328578461,48.42903512373496,0,8,0,0
8488,1,2,21.870664618443325,34.83287019096807,0,4,1,0
8489,1,1,46.72419632759261,53.865106125917016,0,4,0,1
8490,0,2,38.742178494691984,52.62115819512955,0,7,1,0
8491,1,2,45.97556321163904,58.6972268714558,0,7,1,1
8492,0,1,58.50953630797317,56.43695294232408,1,5,0,1
8493,0,1,38.44157756990014,39.43445026818074,0,3,1,1
8494,1,1,63.91083001817218,71.03341437484218,1,5,1,1
8495,1,3,30.76440347269644,47.94711737985386,0,4,0,0
8496,0,1,52.780578291814386,46.67054858291496,0,2,0,1
8497,0,2,26.052473222052097,36.661096617963466,0,5,0,1
8498,0,1,50.85723641024731,43.0623572186353,0,5,1,1
8499,0,1,33.73510801732144,41.33573731033854,0,5,1,0
8500,0,3,72.33763988731005,61.920581756172,0,7,0,1
8501,0,3,31.402763627979066,40.09830379156488,0,8,1,0
8502,1,1,45.99509150946744,62.79391724856235,0,8,0,1
8503,0,1,67.13313831164514,54.50209731826104,1,5,0,1
8504,0,2,76.57408505847806,69.35768301954397,1,4,1,1
8505,0,2,48.1251347166681,41.71860164867098,0,5,1,0
8506,1,2,45.85075596607343,50.4698371957068,0,2,1,1
8507,0,3,61.85256301421279,58.065298093464925,0,5,1,1
8508,1,2,38.47062218692744,47.419554148931766,0,5,1,1
8509,0,1,46.47150765925193,47.87763996671325,0,6,1,1
8510,0,1,44.27832066973521,45.43892317159381,0,7,1,1
8511,1,3,62.56561325731626,60.11507914184644,0,7,0,1
8512,0,2,50.38773298341193,42.15917140047745,0,3,1,1
8513,0,2,51.54384020907595,42.1656958732048,0,4,1,1
8514,1,1,63.577925705016426,59.10096024195364,0,6,1,1
8515,1,2,44.26664851729605,64.43674060987387,0,3,1,1
8516,1,2,71.19101300436556,66.37312263202482,1,1,1,1
8517,0,1,43.78467441571385,42.51051323153097,0,4,0,1
8518,0,2,57.22021607668462,56.971055349494506,0,6,1,1
8519,0,2,58.19232396368365,52.944433530836115,0,7,1,1
8520,0,2,42.222281218669394,35.15070553523639,0,5,1,0
8521,0,3,35.85150053717552,56.70666267651844,0,10,1,1
8522,0,1,51.32412921385901,45.53424197250353,0,5,0,0
8523,0,2,65.85905138995975,57.11379133998903,1,4,0,1
8524,0,1,49.05981538365731,49.88449815229836,0,8,1,1
8525,0,2,88.2874317888361,59.35246509274663,1,2,0,1
8526,0,2,35.4314896515088,34.43910543515509,0,2,1,1
8527,1,3,46.37664958683759,52.651789868796165,0,4,0,1
8528,0,1,56.275080321013505,44.19861944683834,1,4,1,1
8529,0,2,33.26169590200379,40.752349554049765,0,4,0,0
8530,0,1,49.20542548931587,34.573990266100026,0,5,0,1
8531,0,1,33.42640196482134,30.504208167114847,0,4,1,0
8532,1,3,51.26172761681478,54.99785018011545,0,5,0,1
8533,0,1,46.75784855386676,53.94873095130508,0,7,1,1
8534,0,3,30.420973922350143,25.85181004595127,0,3,1,0
8535,1,3,66.94100193809943,81.07518200545732,0,7,1,1
8536,0,1,57.465283713068736,58.73246483225357,1,5,1,0
8537,0,3,61.701297107874325,64.75329570419802,0,8,1,1
8538,0,1,55.12876164610549,47.28177295844275,0,2,1,1
8539,0,2,81.12787798708683,72.07304819966329,1,8,1,1
8540,0,1,42.73913727777915,44.14448624138736,0,7,1,1
8541,0,2,58.17958752589084,60.8759850044506,0,5,1,1
8542,0,2,34.07579490301391,32.77718721517616,0,4,1,0
8543,0,1,31.27287542401137,42.71847699896614,0,6,0,1
8544,1,3,38.2782900238169,52.127138362252936,0,6,1,1
8545,0,1,43.28367257179658,49.94048261100707,0,7,1,0
8546,1,3,37.737346562926625,52.636149361898624,0,3,0,1
8547,0,2,64.9216982297054,56.30335925506091,1,5,0,1
8548,0,1,71.61429815179157,69.1995412189693,1,5,1,1
8549,1,2,43.29009348236414,42.441864270720075,0,5,0,0
8550,0,3,35.26789487479806,38.80834122139018,0,6,1,0
8551,0,3,41.028355768536436,39.92387349055867,0,5,0,1
8552,1,2,38.2948513317686,51.1042080997582,0,4,1,0
8553,0,2,59.73444307786373,46.45211466289933,0,2,1,1
8554,0,2,68.97483367786427,61.670395228417355,1,6,1,1
8555,1,2,59.79215262460057,61.72712416568014,0,5,0,1
8556,0,2,30.093474545592898,39.3614797659845,0,4,0,1
8557,0,2,42.823583900912155,51.987730329375886,0,5,1,1
8558,1,1,40.8368949313165,63.0084279291846,0,4,1,1
8559,1,2,48.611543389833535,57.4837809509943,0,5,1,1
8560,0,1,37.97127483349848,25.28183225058822,0,0,0,0
8561,0,2,53.31977980288901,53.555386733216864,0,5,1,1
8562,1,2,66.22569762786807,72.60858630892494,1,4,0,1
8563,0,2,66.18580588050034,65.25514372267084,0,10,1,1
8564,0,1,14.238199744219372,55.99890801472165,0,6,1,1
8565,0,2,44.668101671389635,37.97122468895886,0,3,1,0
8566,0,2,53.7876160683993,50.6957622320152,0,3,1,1
8567,0,2,53.59626736216034,42.76897394479289,0,3,1,1
8568,0,1,20.78321144185013,21.183994883470827,0,2,1,0
8569,0,2,0.0,24.810624181589294,0,1,1,0
8570,0,3,65.91348328357961,71.00992939190033,0,7,1,1
8571,1,2,70.80967149353599,73.76180019289207,1,7,1,1
8572,1,2,56.251416331596396,58.65383764673151,0,3,0,0
8573,1,2,51.06203106312596,57.108699046004126,0,7,0,1
8574,0,3,36.33780598777569,37.743206470738684,0,6,1,1
8575,0,2,76.24256468998395,60.21673976168117,1,1,1,1
8576,0,2,29.36245518872653,43.97387991694589,0,6,0,1
8577,0,2,68.38433789777699,65.4489173421705,0,6,0,1
8578,1,2,28.362016916782974,49.378036655538985,0,6,0,1
8579,0,1,48.74821160703136,50.04129649448219,0,9,1,0
8580,0,2,9.243457427111338,18.523427326061622,0,3,1,0
8581,1,3,47.344811093384514,59.90444730418632,0,6,1,1
8582,0,3,61.99989557312831,58.94473067457851,0,7,1,0
8583,0,3,31.747628106494783,29.860847395591815,0,2,1,0
8584,0,2,29.51791774583748,29.0271119629057,0,7,0,0
8585,0,3,69.13757284080344,63.3616713180151,0,7,1,1
8586,0,2,32.607400236983146,41.306882925545644,0,8,1,0
8587,0,1,34.64350764867106,48.2457228982678,0,12,1,1
8588,0,1,36.5748110666603,50.24018663467726,0,10,1,1
8589,0,3,15.613068360674326,18.518022410006623,0,1,1,0
8590,0,2,54.74183468710571,57.03889658147738,0,7,1,1
8591,0,3,13.438979465496647,26.677795924503194,0,3,1,0
8592,0,2,49.150232680472,51.19916393192131,0,7,0,1
8593,0,2,29.53033295639267,32.0626650370765,0,2,1,0
8594,0,1,56.603994426883844,44.123470336300464,0,2,1,0
8595,0,3,71.27520510735683,50.818528492137666,0,2,1,1
8596,0,2,33.95920361159527,41.13124381127711,0,4,1,0
8597,0,2,58.82648012403391,64.38253226580913,1,3,1,1
8598,1,1,68.10412818211555,66.40617628043819,1,6,1,1
8599,1,2,60.199809654243026,73.57488793507024,1,7,1,1
8600,0,3,56.17984712594804,43.7378068177913,0,3,1,0
8601,0,3,36.28226234856273,42.58996797633014,0,4,1,1
8602,0,1,28.47476000629751,10.89119057995347,0,4,0,0
8603,1,2,51.71556153270065,47.636282171446,0,3,0,1
8604,0,2,54.011961248256675,63.268223004646025,0,9,0,1
8605,0,2,52.89153517590771,52.37473764575413,0,8,1,1
8606,0,1,39.76575108232766,30.456080183358615,0,4,1,0
8607,0,2,60.86040734005453,65.79240604559864,1,9,1,1
8608,0,1,50.53466511174827,51.25818287547814,0,5,1,1
8609,0,1,30.46851949690792,34.610540923095186,0,7,0,0
8610,0,2,76.523577668928,77.80036557812497,1,6,1,1
8611,0,2,57.90589276672045,43.19690462447108,0,1,1,1
8612,0,2,65.8381110460491,59.780041813548195,1,5,1,1
8613,0,1,46.269978756832835,42.37565009276752,0,5,1,1
8614,1,1,79.1016535040715,66.04115675348307,1,2,1,1
8615,0,3,54.804680008787585,45.190764365174175,0,4,1,1
8616,1,2,41.70484380984181,61.40374470671643,0,7,1,1
8617,1,1,22.957618616861406,41.40890023948559,0,6,1,0
8618,0,3,48.57325887231936,45.50225191319053,0,3,1,0
8619,1,3,60.35726174943319,68.64140202809024,0,7,0,1
8620,0,1,31.357798159806748,31.901494472413695,0,4,1,0
8621,0,1,58.14345588145588,55.34258827785399,1,5,0,1
8622,0,2,33.32466108363381,39.493209966313636,0,6,1,0
8623,0,2,47.97499736022438,39.03730880383358,0,3,0,1
8624,0,2,52.83371206189627,40.680510387277295,0,0,1,1
8625,1,1,43.782471043033325,63.78680732786438,0,7,0,1
8626,0,1,52.19142482733829,47.07358999226458,0,6,1,0
8627,0,2,66.08337912268323,46.75851594333149,1,1,1,1
8628,0,2,32.64606858859453,38.07415208338557,0,5,1,0
8629,0,1,30.35066333340488,38.26858909329597,0,2,1,1
8630,1,2,40.1430417675517,56.218913916665365,0,4,1,1
8631,0,2,51.13484177448722,46.46985601752284,0,2,0,0
8632,0,3,46.59908119402915,44.332709718127944,0,7,1,0
8633,1,2,62.12238325281381,73.01009383262817,0,3,1,1
8634,0,2,38.67662867646278,31.32575563691796,0,2,0,0
8635,0,1,26.898492193134192,36.50897888252067,0,7,1,0
8636,0,2,45.5447111467291,53.436929154410485,0,8,1,1
8637,0,2,43.473227600862366,57.351594665125866,0,10,0,1
8638,0,3,76.50509721291674,56.89968253456961,1,2,1,1
8639,0,2,61.51337274904678,52.07868622924924,0,3,1,1
8640,1,1,15.835909311040108,40.221693582481876,0,5,1,1
8641,0,1,35.03203280705054,35.12183107371858,0,4,0,1
8642,0,2,32.04756710721335,36.1791549796657,0,6,0,1
8643,0,3,69.83772913976078,61.02365340950503,0,4,1,1
8644,0,2,55.16738404605425,46.0874274332865,0,6,0,0
8645,0,1,12.785852935490313,13.994862577213745,0,3,1,0
8646,0,2,17.899580425423093,24.168147094526198,0,4,0,0
8647,1,1,57.246420365785134,77.44775385391155,1,10,1,1
8648,1,1,49.15014006333894,52.384167403020655,0,5,0,1
8649,0,2,79.81536297470248,63.22290963754841,1,4,1,1
8650,0,1,68.29286568834226,63.32339179233695,1,4,1,1
8651,1,2,67.22094528219513,66.1506980993266,1,5,0,1
8652,1,2,60.1689063267216,63.84132249729437,1,5,0,1
8653,1,2,29.514154999109586,35.29922423059306,0,1,1,0
8654,0,2,64.69064085584331,65.96261861853614,1,8,1,1
8655,1,3,45.07444750721834,63.89951027706243,0,8,0,1
8656,1,3,30.696789750570463,52.244770971978376,0,7,0,1
8657,0,1,45.5647462851957,51.04041558632084,0,6,1,1
8658,0,2,21.612032552759747,23.15627815038952,0,3,1,0
8659,0,2,60.58284033354668,56.298406260277595,0,5,1,1
8660,0,1,62.28624641915221,51.13345258447152,0,5,0,1
8661,0,3,37.74610936345172,41.40333529003384,0,4,0,1
8662,0,2,24.079672727280585,28.311067366187956,0,5,0,1
8663,0,1,53.767111902371525,52.85955933836029,0,4,1,0
8664,0,1,53.20229011950783,40.89795258638354,0,2,1,0
8665,1,1,59.29617826325253,64.9395485281148,0,6,1,1
8666,0,2,67.62488827354514,58.023077084871396,0,6,1,1
8667,0,1,44.883892758715795,40.629821969691044,0,4,0,0
8668,0,2,62.15156047798103,55.799045813258,1,8,0,1
8669,0,1,40.026298118910304,49.08683560238424,0,7,0,1
8670,1,2,72.88264091419167,68.80806691042014,1,6,1,1
8671,1,2,33.68546562522338,37.89729998375313,0,4,1,0
8672,0,1,49.959264808963134,52.71582240870061,0,9,1,1
8673,0,2,79.8210464953703,65.11612588775617,1,6,0,1
8674,0,1,69.22005295803925,62.61139744403512,1,7,1,0
8675,0,3,62.20088127370228,51.11573488002257,0,3,1,1
8676,0,1,63.85330450392036,53.09659460857862,1,2,1,1
8677,1,1,55.91717723378766,62.56570517514995,0,7,0,1
8678,0,2,49.00183030925397,41.99110348602,0,1,1,0
8679,0,1,44.714983967266996,33.787309751512964,0,5,1,1
8680,0,2,66.03636337097889,54.57540098818264,1,4,0,1
8681,0,2,49.81894756094132,39.81441804403036,0,4,0,0
8682,0,2,49.16736069403298,55.77075515150858,0,12,1,0
8683,1,2,67.67245591739696,66.87863058424296,1,6,1,1
8684,0,1,39.04608304128987,38.5069140269944,0,1,1,0
8685,0,3,68.53178806327307,54.6218817051969,0,4,1,1
8686,0,1,62.94060523345398,51.55627645214377,1,5,1,1
8687,0,1,73.05042518168781,53.96159303225548,1,2,1,1
8688,1,1,30.563564095682217,41.75982998390571,0,2,1,0
8689,0,2,44.01864165266976,37.39627118113117,0,4,1,0
8690,0,2,47.14561865446086,44.826258372444634,0,6,0,1
8691,0,2,57.38244998440877,57.424060645149694,0,6,0,1
8692,0,2,25.74872321302722,23.801235173158588,0,5,1,0
8693,1,2,22.423099245769077,32.12233638316782,0,3,1,1
8694,0,1,41.03443382472681,38.67571470823685,0,6,0,1
8695,0,2,63.98586200121792,46.16743998508986,1,1,1,1
8696,0,1,74.70480175535437,68.26005488528246,1,9,1,1
8697,0,1,74.62097868411989,46.32460293273362,1,2,1,1
8698,1,1,58.457658818215876,52.65282195168035,0,2,0,0
8699,1,3,58.13998741974591,50.14278959150829,0,4,1,0
8700,1,1,51.3618948985343,62.62410317256187,0,8,0,1
8701,0,2,51.47084636498784,50.834401507408614,0,3,1,0
8702,1,2,61.57019551073874,67.80250242768363,0,5,0,1
8703,0,2,41.12639286016023,31.834924434060017,0,6,1,1
8704,0,1,52.17105139205243,57.72469808606584,0,5,0,0
8705,1,1,85.5812269754645,79.66623895319576,1,4,1,1
8706,0,1,71.99081400141111,55.98038813707911,1,2,1,1
8707,0,1,54.184131080571824,53.124144050419844,0,6,1,1
8708,1,1,50.82781184283529,50.832034074243055,0,4,0,1
8709,0,2,44.10306228054509,44.58471983571277,0,4,1,0
8710,0,2,57.2179593285647,43.516720469400354,0,5,0,1
8711,0,1,57.9486912306584,49.15299819438481,0,3,1,0
8712,0,1,48.95965405912597,49.76467277108964,0,5,1,1
8713,0,1,49.588836959345976,54.09474390550904,0,7,0,1
8714,1,2,46.585624592273774,52.286031586954074,0,7,0,1
8715,0,2,55.63734050956597,55.384545297524504,0,8,1,1
8716,1,1,100.0,46.582257240162214,0,4,1,1
8717,0,3,56.60282162963268,55.14741446187565,0,9,0,1
8718,1,2,50.05734404443803,63.160665108880146,0,4,1,1
8719,1,2,53.8507756561518,48.444178887341465,0,1,1,0
8720,0,3,64.52024057389549,59.65106572954098,0,5,1,1
8721,1,1,59.18580053798413,52.80533813428452,0,3,1,1
8722,1,3,68.75614359958145,65.01319828693839,0,6,1,0
8723,0,1,38.379855359853096,35.214349991707024,0,4,1,1
8724,0,2,32.32702398480198,42.20916523780587,0,8,0,1
8725,0,3,58.38953073108621,56.757052404670624,0,10,1,1
8726,0,2,66.34217993725935,58.46590866585404,1,4,1,1
8727,0,2,61.71523361779501,58.55984017752894,0,9,1,1
8728,0,2,67.47993143524397,51.81597166599752,1,1,1,1
8729,0,2,61.74790927833036,46.53768886301313,1,3,1,1
8730,0,2,44.38449595611883,44.173548517353076,0,4,1,0
8731,1,1,57.90738893446553,51.55238959805196,0,2,0,1
8732,1,3,78.94610101440338,58.06054841370487,1,1,1,1
8733,0,2,67.83217707014154,63.15486101730062,1,5,1,1
8734,0,1,38.92069275516106,43.0127216227948,0,6,1,1
8735,0,1,43.94811756491831,40.69023817651331,0,3,0,1
8736,0,1,43.52341119241259,40.228755064886506,0,5,1,0
8737,0,2,59.72495868773819,49.701439934222286,1,2,1,1
8738,0,2,43.695385491403975,45.07996954635991,0,7,1,1
8739,1,2,65.36689746856565,61.653995894568205,1,1,1,1
8740,0,2,67.28865561924053,53.592852759430826,1,5,0,1
8741,0,2,35.283892794948144,36.14614206462354,0,6,1,0
8742,0,3,67.50125479998405,66.26540087714513,0,6,1,1
8743,0,3,65.64519924479494,61.71191186164141,0,7,1,1
8744,0,3,57.15773883814107,53.33520354104946,0,6,1,0
8745,1,2,7.625698115198929,54.92168151877607,0,4,1,0
8746,0,2,50.78814578509952,47.2907274677105,0,6,1,1
8747,0,3,42.93746608390529,38.037346534520985,0,5,1,1
8748,1,1,39.70731296427665,50.532660465360415,0,4,1,1
8749,0,2,52.42050356953804,46.834274387956135,0,8,1,1
8750,1,1,34.1346603412354,39.71077149271399,0,2,1,0
8751,0,3,76.19167759297952,66.92769451097995,1,8,1,1
8752,1,3,62.946874341282346,70.17677609918216,0,5,1,1
8753,0,1,50.33521040053505,45.420089080299014,0,7,1,0
8754,0,3,72.73850364350697,67.67269968855861,0,7,0,1
8755,0,2,48.748825913938326,45.194879715354446,0,4,1,1
8756,0,1,74.9159501283936,63.848757500061424,1,4,1,1
8757,1,1,57.395896695686254,56.47260682615175,0,3,1,1
8758,0,2,45.61068767374601,31.721386425402816,0,2,0,1
8759,0,1,68.54671880838633,76.52565590783344,1,8,1,1
8760,1,1,46.27746498681976,45.14266901267862,0,2,0,0
8761,0,1,52.873729259838605,43.57035106295592,0,4,1,1
8762,0,1,41.14672937424904,47.046294674198904,0,8,1,1
8763,0,2,44.229386298324194,38.62322706337152,0,2,1,1
8764,0,1,50.07614606872022,45.62477259828109,0,4,1,0
8765,0,1,47.63892907421426,51.53771454955228,0,8,1,1
8766,0,2,50.76514811311643,50.88629838975035,0,4,1,1
8767,0,3,43.95782788192989,44.20906225758378,0,5,1,0
8768,0,1,36.019118743532985,47.14056399212663,0,5,0,1
8769,0,3,30.67294868035658,30.04746355772919,0,4,1,0
8770,1,3,57.175701336215354,64.09204504543956,0,4,1,1
8771,1,2,25.97732405620492,36.51151804202285,0,6,0,1
8772,0,3,38.64624042208896,37.2985383508788,0,6,0,1
8773,0,3,75.56473787478737,72.31401464678001,0,7,1,1
8774,1,1,81.11151422155991,73.91509657741258,1,3,0,1
8775,0,1,68.20281675171142,69.61887950903038,1,9,1,1
8776,0,1,42.08527027848456,43.50487063207523,0,6,0,1
8777,0,2,36.53458936636996,41.35879743921895,0,5,1,1
8778,0,1,35.94848071281577,42.51665923143103,0,6,1,0
8779,0,3,36.651011998497694,42.142229150499155,0,7,1,0
8780,0,2,62.276526102262785,51.193867695809736,0,4,1,1
8781,0,1,75.23560418461678,78.69632581422998,1,8,1,1
8782,0,1,62.87180085849774,51.384195474942345,1,5,1,1
8783,1,3,79.40991801789795,72.18322587517925,1,7,0,1
8784,0,3,63.0033214542906,55.97005076301877,0,4,1,1
8785,0,2,75.01670853491053,69.60955586115507,1,6,1,1
8786,0,2,54.48955647992758,54.78606529029361,0,5,1,1
8787,0,3,40.86877268234907,43.36584863580033,0,8,1,1
8788,1,3,61.822553016922264,67.47377278866013,0,3,0,1
8789,1,1,56.3241901545809,65.51169869373052,0,6,1,1
8790,1,3,59.31410904389301,71.62461517341521,0,6,0,1
8791,1,1,58.76707718045664,72.04951747282095,1,7,0,1
8792,1,1,69.60279980507457,68.10430667439196,1,5,0,1
8793,0,1,46.42745497722828,50.61814276600572,0,6,1,1
8794,0,2,57.646405427889164,40.241820036621334,0,4,1,0
8795,0,3,29.689775867403647,27.04068770878211,0,4,0,1
8796,0,1,44.316812277348575,49.79573496928833,0,6,0,1
8797,0,2,64.33767209434795,60.087467942677485,1,5,0,1
8798,1,1,40.34544908483167,53.600480412480756,0,6,0,0
8799,0,1,59.53055605287261,55.178685254139054,1,5,1,1
8800,0,1,38.756361259687544,48.26401439552228,0,6,1,1
8801,0,2,43.032964408051754,40.680550473922885,0,4,0,1
8802,1,1,42.869367030558905,52.820381304007526,0,7,1,1
8803,0,2,42.62024277615161,38.824184604331506,0,4,1,0
8804,0,1,68.61225341216718,63.520447260193734,1,7,1,1
8805,1,2,49.3515935894472,53.20150121722298,0,4,1,1
8806,1,3,85.52756492182769,84.93332040581129,1,7,0,1
8807,0,2,90.84115512256197,79.1086783008315,1,9,1,1
8808,0,1,55.015063340533196,46.35210093780099,0,2,1,1
8809,1,2,32.077920971307925,48.28819423038075,0,6,1,0
8810,1,3,44.063750609364845,49.70745068893478,0,3,1,1
8811,0,3,61.00454123053056,53.55397762785447,0,3,0,1
8812,0,1,13.842860272898188,26.926160958550874,0,6,1,0
8813,1,2,69.10829124294851,82.24466583062757,1,8,1,1
8814,0,1,29.36632266807093,29.301446059056826,0,5,1,1
8815,1,3,69.99751633303791,61.84705623754517,0,4,0,1
8816,1,2,80.33669059267218,62.496760772274634,0,6,0,1
8817,0,2,27.401464042478214,29.28266472845404,0,3,1,1
8818,0,3,50.27474353123087,45.77663834893739,0,3,0,1
8819,1,2,54.85698147352887,71.1797577675099,0,9,0,1
8820,1,3,43.53929482506331,60.18877532928717,0,7,0,1
8821,1,2,52.423639634454595,55.96567333817132,0,2,0,0
8822,0,1,64.33963436041613,51.53971508103839,1,1,1,1
8823,0,2,85.62826945813016,70.63235764916382,1,6,1,1
8824,0,1,39.19878302191052,40.938346203764766,0,2,1,0
8825,0,1,50.7404392488576,39.353067701291124,0,5,0,1
8826,0,1,41.764390483834745,40.31054047969596,0,3,1,0
8827,0,1,57.05670022210112,58.54354651794657,1,9,0,1
8828,1,2,81.51649350283793,77.62239338982421,1,3,0,1
8829,0,3,51.24975585200566,62.91568051989556,0,7,1,1
8830,0,2,18.09438913425075,16.038911391687442,0,1,1,0
8831,0,1,55.19020210552286,55.96955191209974,0,7,1,1
8832,0,2,24.101659905343922,23.091678075116015,0,4,0,1
8833,0,1,52.102109248669684,55.11019625934076,1,6,1,1
8834,0,1,47.44900543251229,44.69659559516035,0,5,1,0
8835,1,2,50.84063957168076,63.85856539659819,0,5,0,1
8836,0,2,51.22444115735983,49.05658227149157,0,5,1,1
8837,0,2,35.65625588694496,36.80688442269282,0,3,1,1
8838,0,2,45.701428747159525,49.67401917815425,0,6,1,1
8839,0,2,36.907948219169164,34.58267048933663,0,5,0,1
8840,1,2,32.71359967155278,48.575918307922606,0,5,1,1
8841,0,1,82.16595938870995,66.87954544367065,1,2,1,1
8842,0,1,38.52475348512492,37.41203590942343,0,3,1,1
8843,0,2,45.60696405939352,46.59254236161715,0,5,0,1
8844,0,3,60.85799496743806,52.7129515583991,0,4,1,1
8845,0,1,63.29968180285718,72.31138919757173,1,8,1,1
8846,0,1,41.66285281522522,37.34176802695698,0,5,1,1
8847,1,2,0.0,54.63009506882148,0,6,0,0
8848,0,1,29.53345221084435,23.562999348352054,0,2,0,0
8849,0,2,42.47285356909489,51.165506787001,0,9,1,1
8850,0,1,50.89312121030558,54.62129588276538,0,7,1,0
8851,0,1,42.90652821521439,43.4779727478436,0,5,1,0
8852,0,1,41.55666992818799,53.899761256756534,0,6,1,1
8853,1,1,43.29859594857226,57.160509746900466,0,7,1,1
8854,0,1,100.0,82.38364598621469,1,7,0,1
8855,1,2,35.88964338860775,46.04562257112943,0,4,1,1
8856,0,2,46.73643122149895,56.47259302049254,0,10,0,1
8857,1,2,63.26673919162799,54.685892949773574,1,4,0,1
8858,0,2,57.84734967244394,52.589839809258315,0,5,1,1
8859,0,1,72.22309917594109,53.818935868304884,1,3,1,1
8860,0,3,71.641584860012,64.30218513949484,0,4,1,1
8861,0,1,48.18537129304029,45.00079179700651,0,5,1,1
8862,0,2,17.38569923389555,25.924795410118115,0,2,1,0
8863,0,2,36.47734315563606,29.367299344155676,0,6,1,0
8864,0,2,48.181195843105435,51.279052898131724,0,6,1,1
8865,0,2,46.40623066829501,44.427045963796985,0,6,1,0
8866,0,2,64.7754004386087,64.53192926023355,0,7,1,1
8867,0,1,70.6470896836209,51.98420570862697,1,3,1,1
8868,1,1,36.851805509766585,49.95283469550723,0,5,0,1
8869,0,1,36.989883436423,40.59201465436998,0,4,1,1
8870,0,3,53.10711754328888,35.75300102382628,0,1,0,0
8871,0,1,48.28706202311745,51.28965582930443,0,9,1,1
8872,0,3,60.21138008313103,61.85068316021795,0,7,1,1
8873,0,1,68.85864358926561,58.50212385505027,1,4,1,1
8874,0,1,69.32682359284328,67.839724802275,1,7,0,1
8875,0,1,68.36373341003079,51.535829291202745,1,5,0,1
8876,1,3,23.31123635266185,60.54557287420038,0,2,1,0
8877,0,1,20.32975157161424,17.069375136126386,0,3,1,0
8878,0,1,73.03867326814836,64.50934578229466,1,6,1,1
8879,1,2,23.449580045559802,36.93878011553128,0,4,0,1
8880,0,3,57.001354900966604,61.38621348468075,0,6,0,0
8881,0,1,44.60441900376167,51.21105014032873,0,8,1,1
8882,0,2,22.101133678772825,20.472815952995187,0,0,1,0
8883,0,1,78.946654468682,51.341596529989204,1,1,1,1
8884,1,1,46.99317540514464,51.82416193852204,0,5,0,1
8885,1,2,52.01479049126293,56.88605245935317,0,9,0,1
8886,0,1,60.44612638292935,49.30830378744712,1,3,1,1
8887,0,2,42.42175724944171,51.19489839436053,0,5,0,1
8888,1,2,55.077738803232165,57.18939349169878,0,4,1,1
8889,0,2,48.09027985925614,40.87157562972739,0,5,0,1
8890,0,3,59.17237576932835,58.203172831159065,0,6,1,1
8891,1,1,89.79477978200188,70.71972224502531,1,2,0,1
8892,1,1,67.64470632500166,77.79550139754113,1,7,0,1
8893,0,2,44.924041869678014,30.345954396788017,0,2,1,0
8894,0,3,51.78087282207327,56.51486635791163,0,10,0,1
8895,0,3,50.928227814352724,48.34894408676362,0,6,1,1
8896,0,2,50.96621712928323,56.375043782090366,0,9,0,1
8897,0,1,70.38666798332638,62.94324097777038,1,4,1,1
8898,0,1,65.46698705186067,54.72285014878402,1,6,1,1
8899,0,1,72.65442570026018,61.969909696515685,1,8,1,1
8900,0,1,64.13149989705792,71.04509066906817,1,6,0,1
8901,0,1,15.909659030329687,24.139408290284653,0,4,1,1
8902,0,1,47.636773225753295,44.14444929067218,0,2,1,0
8903,0,3,50.26394583553738,42.191172935957425,0,4,1,0
8904,1,1,69.43542905018738,70.22991200174488,1,4,1,1
8905,0,1,22.869717918295517,32.25162192229249,0,4,0,0
8906,0,2,39.81464223605488,41.66783676687965,0,5,0,0
8907,1,2,34.23690460426474,40.320266897114294,0,2,1,0
8908,0,3,54.973032418538,44.58532229471768,0,3,1,0
8909,0,3,56.19290953703715,55.23050571543225,0,9,1,1
8910,0,1,100.0,46.861207005529785,0,4,1,1
8911,0,2,40.89051215968926,34.82681428780297,0,4,1,1
8912,0,1,59.74238858998413,45.91245995797911,1,4,0,1
8913,0,1,47.528423198111874,44.368517346469936,0,5,1,1
8914,0,2,45.29312546778708,60.14921057111146,0,11,1,1
8915,0,3,59.02990914900719,46.96767933137969,0,2,1,0
8916,0,1,36.152647714890065,37.62934026204836,0,6,1,0
8917,0,1,49.49526486477015,47.59119859026229,0,6,0,1
8918,0,1,44.60738667323121,42.73549532568329,0,3,1,1
8919,0,2,48.337915782446494,48.31456976362106,0,4,1,1
8920,0,3,24.765463614284528,36.81329730365238,0,7,1,1
8921,1,2,44.88256698380443,63.43834980299797,0,8,0,1
8922,0,2,48.32835696879205,48.56395482882681,0,7,1,1
8923,1,1,43.828580318038185,64.82099888475524,0,8,1,1
8924,1,2,40.09130021431731,48.426195128297124,0,1,1,1
8925,0,2,82.62721277416739,51.66445021167188,1,6,0,1
8926,0,2,40.433370320689626,43.279411233372784,0,5,0,1
8927,1,3,57.51528822700157,54.82149235132359,0,3,1,1
8928,0,3,46.11902979549341,62.515271330669506,0,8,0,1
8929,0,1,43.004584550857174,51.3538609680309,0,9,1,1
8930,0,3,58.55701074991681,56.43698800440178,0,7,1,1
8931,1,1,45.63197299192117,53.59795162521341,0,5,1,1
8932,1,2,40.593633578676716,52.713934661185085,0,4,1,1
8933,0,2,61.41567230921256,49.566190640300775,0,4,1,1
8934,0,1,47.91351593042228,56.85771461759261,0,6,1,1
8935,0,1,54.64609013239988,56.578811578374214,0,8,1,0
8936,1,1,30.0836205933913,42.533093317448895,0,4,1,1
8937,0,2,32.30803254389087,52.103748695758405,0,8,1,1
8938,0,2,23.423423858156916,22.759734762848833,0,7,0,1
8939,0,2,48.3541653699829,38.64607793441959,0,3,1,1
8940,0,1,100.0,76.72497146624714,1,4,1,1
8941,0,1,59.64683271206624,46.535979022546,0,4,1,0
8942,1,1,46.84004676616493,62.12494689251798,0,7,1,0
8943,0,2,53.323843829851846,50.257434394909446,0,2,1,0
8944,0,1,39.968801086340505,40.906711961509146,0,5,0,1
8945,0,2,69.16521963153882,66.88544232598849,1,7,1,1
8946,0,3,50.82835326021314,56.45501695480486,0,10,1,1
8947,1,2,45.658966987762,53.55452701971464,0,6,0,1
8948,0,1,53.028503288781046,65.45294264698568,1,7,1,1
8949,0,1,75.81790886410363,65.91569627700912,1,4,1,1
8950,1,2,32.56974493031767,36.678160522239,0,4,0,1
8951,1,3,35.42102885061933,43.19333447524826,0,3,1,1
8952,0,1,9.811239726198487,53.59047718765436,0,6,0,1
8953,1,2,47.66476109327125,60.933703502587484,0,4,0,1
8954,0,2,47.97515808630118,45.4983222945563,0,4,1,1
8955,0,2,55.13809061288577,47.564832153202374,0,2,0,1
8956,0,2,58.58106923148463,51.71266864879091,0,4,0,1
8957,0,1,42.986514439990216,37.85817999375217,0,4,1,0
8958,0,2,71.6422340617765,65.69372149639521,1,5,1,1
8959,0,3,59.64472751222939,57.51939299984531,0,7,1,1
8960,0,2,35.449063022640715,53.19162335998571,0,10,1,1
8961,0,3,62.44469069314366,61.31776656285102,0,7,1,1
8962,0,1,47.98501069440401,41.286001448338325,0,4,1,1
8963,0,1,52.118017310084426,58.99822801362146,0,10,1,1
8964,0,2,66.58912571553138,62.126513351485556,1,7,0,1
8965,1,1,29.679427115367787,41.82506006659226,0,5,0,0
8966,0,3,75.85426869408438,63.03986861804908,1,3,1,1
8967,0,1,55.79942736181832,51.41265069597332,0,4,1,1
8968,1,1,30.630184716201406,44.79947793309128,0,3,0,1
8969,0,1,67.42365185828264,62.67835622639966,1,4,0,1
8970,0,1,56.99306430175321,53.0331050264947,1,7,0,1
8971,0,1,72.85749853645888,69.44902449441791,1,4,1,1
8972,0,2,62.1298570170962,50.375241323256795,0,5,0,1
8973,0,1,40.39549366582487,41.638460370653945,0,4,1,0
8974,1,2,41.77805971670918,44.628795292042255,0,5,0,1
8975,1,3,37.44860516910613,42.626202426519725,0,1,1,1
8976,0,3,32.85886765640124,33.88421132608115,0,4,1,1
8977,1,2,62.246024159668146,55.01879177639358,0,3,0,0
8978,1,2,76.81898710307189,84.82864550711639,1,7,1,1
8979,1,2,61.17030553786884,51.442235694688854,0,5,0,1
8980,0,3,57.14547646207273,57.27505102061661,0,8,1,0
8981,1,1,24.217054336969344,32.68077238702123,0,3,1,0
8982,1,1,73.51074229689625,83.99149293783779,1,8,0,1
8983,1,2,59.22885100902199,69.23620416670255,1,9,0,1
8984,0,2,70.93926441209412,65.92551690704039,1,4,1,1
8985,0,2,62.9956230403859,60.03529440025555,0,6,0,1
8986,0,1,61.10006147302389,64.46318118018561,1,8,1,1
8987,1,1,44.204621258992994,52.969300545302275,0,4,1,1
8988,1,2,27.580484885724523,39.714916678752985,0,3,1,0
8989,0,2,23.733645039961186,30.83876419489425,0,7,1,0
8990,0,2,58.42312179134026,59.539737389767836,1,7,0,1
8991,0,1,27.056096730684548,32.75960836586649,0,3,1,0
8992,0,1,52.202423127377955,48.84217384843224,0,6,1,1
8993,0,2,49.29950564371051,41.472462356819776,0,1,0,0
8994,0,3,36.930731945575786,43.550423803556626,0,7,1,1
8995,1,2,40.21087960919156,46.28358917579036,0,6,0,1
8996,1,2,50.382276004653214,49.28099699523905,0,2,1,1
8997,0,2,21.974822264229093,21.311898622507723,0,2,1,0
8998,0,2,45.768561572635235,44.64010349292645,0,6,1,1
8999,1,3,28.145415915703133,44.86053295718597,0,5,1,0
9000,0,1,59.93228143671951,49.20580633213267,1,2,1,1
9001,0,2,78.30622936191166,58.64882521189769,1,4,1,1
9002,1,1,43.768555487205674,49.88112988656931,0,3,1,1
9003,0,1,60.78165054619539,64.27159472044967,1,7,1,1
9004,0,3,65.39615868937227,72.92595557901403,0,10,1,1
9005,0,2,83.76351660128455,78.14028817565193,1,6,1,1
9006,0,2,56.65595465213073,46.613775966105784,0,2,1,0
9007,1,2,54.34623906913379,65.374971248499,0,7,0,1
9008,0,1,56.46708358682439,47.86121176112382,0,4,1,1
9009,1,2,55.592821548357115,63.93950050683581,1,7,1,1
9010,1,2,54.51511676775249,58.965688902857444,0,4,1,1
9011,0,1,62.31490477750365,58.16602120725472,1,8,1,1
9012,1,3,71.98043964964981,72.78602480059654,0,9,0,0
9013,1,2,25.4272245199809,44.39264026685335,0,7,0,0
9014,1,3,25.992517512015198,30.081203628665513,0,1,1,0
9015,0,2,28.889016001702927,26.181630418433688,0,4,1,0
9016,0,1,35.38812569538895,29.936045741329185,0,2,1,0
9017,0,2,45.35946250822947,44.792012508066726,0,7,0,1
9018,0,3,76.11125511166753,67.79897921597181,0,8,1,1
9019,1,1,54.75186258012357,71.9985746222085,1,7,1,1
9020,0,1,51.19043861412671,52.93917110531021,0,5,1,1
9021,0,2,63.99436019170539,49.939784645646604,0,4,0,1
9022,0,2,42.17583674434857,45.81367778682556,0,4,1,1
9023,0,3,48.08943996957613,44.34528633335124,0,3,0,1
9024,0,2,62.171229117930224,49.00078722832684,0,1,1,0
9025,0,2,64.89378787828505,62.838752187815544,1,7,1,1
9026,0,3,54.42695102596959,61.06845698861894,0,12,0,0
9027,1,3,47.749473477749746,54.680463758493126,0,4,0,1
9028,0,2,31.244590247302842,34.899769959594806,0,5,1,0
9029,0,2,28.38055086602557,36.51127622742216,0,3,1,1
9030,1,2,27.696453843156412,45.86052501843764,0,7,1,1
9031,0,2,64.5701876664807,65.27902799346558,1,5,0,1
9032,0,2,78.86194535502494,65.57558053892951,1,4,1,1
9033,1,2,43.65339067934558,57.1429597846432,0,6,1,1
9034,0,1,60.0485678085302,46.54108235980439,1,3,1,1
9035,0,1,24.563584321567156,33.433737719709285,0,2,1,0
9036,0,3,28.354225028784764,30.551922929683553,0,6,1,0
9037,0,1,34.82462076884809,50.87369564549517,0,9,1,1
9038,1,1,49.37654466892408,49.380888024957976,0,1,0,1
9039,0,2,23.243270157527352,24.61065796206615,0,4,1,0
9040,1,2,48.32530580788432,72.53577928327181,0,8,0,1
9041,0,2,58.3800883477834,62.543839404318916,0,7,1,1
9042,0,1,30.521080269677235,37.300031799211006,0,7,1,0
9043,1,2,15.089751948425523,31.429546847509283,0,5,0,0
9044,0,1,41.46602536510684,40.90890656878058,0,3,0,1
9045,1,2,47.065650075439436,55.640464102357484,0,4,1,0
9046,0,1,100.0,78.97114436311774,1,7,1,1
9047,1,2,43.428767337333646,60.398111478755375,0,7,0,1
9048,0,2,65.77648820466722,58.7371365609186,0,4,1,1
9049,0,1,80.14351282195153,69.15297434295069,1,4,0,1
9050,0,2,54.27858781709497,40.87089289609833,0,2,0,1
9051,0,3,67.65102527915964,65.35313385157579,0,7,1,1
9052,1,1,84.5144199822675,61.00273818852651,0,6,1,1
9053,1,2,45.389139857375625,68.51336401419925,0,7,1,1
9054,0,3,24.12627757885521,28.02422296456478,0,1,1,1
9055,1,1,68.37254729498528,64.36165139627904,1,3,0,1
9056,1,2,41.99119145402312,46.242040148380816,0,4,1,1
9057,1,2,35.483617373080364,46.54536387679975,0,3,1,1
9058,1,3,35.0352381638261,54.11200621664213,0,8,0,1
9059,0,2,41.18711018134803,52.69370572255562,0,5,1,1
9060,1,2,60.86613726072782,64.60628974749189,1,4,1,0
9061,1,2,51.23807652356676,64.95418763377585,0,7,0,1
9062,0,2,43.59587440502028,51.73572445887996,0,8,0,0
9063,0,1,53.53991105596886,58.82852899778682,0,8,1,1
9064,0,2,56.85165752941261,57.21182228686374,0,3,1,1
9065,0,1,45.67847515155605,51.22462648961674,0,6,1,0
9066,0,2,0.2799654367639475,10.830500874936128,0,5,1,0
9067,0,2,61.709981275509655,58.277237780764274,0,8,1,1
9068,1,1,40.525393810443546,50.244831258178706,0,5,0,0
9069,1,2,54.82456935722466,61.9986914252141,0,6,0,1
9070,0,1,53.32375174265589,47.14616407013185,0,3,1,1
9071,1,2,58.013925336593815,62.15037956877325,0,5,1,1
9072,0,3,38.33817985754337,42.83140075708565,0,4,1,1
9073,1,2,46.967521958451194,66.27891878103216,0,8,1,1
9074,0,2,67.16693034089353,56.05271233562227,1,5,1,1
9075,0,2,58.622998119090845,52.06275362195784,0,5,0,0
9076,1,2,57.75929018692638,60.30282675891284,0,9,1,1
9077,0,2,57.50347957638651,47.74541074891699,0,3,1,1
9078,0,1,55.09449836058508,41.36230600031322,0,4,0,1
9079,0,3,72.42532683555939,68.12470141675601,0,6,1,1
9080,1,2,21.956996688511204,42.27863520074071,0,5,1,0
9081,1,1,68.25292191532559,66.24855057090208,1,2,1,1
9082,1,2,68.00289057945471,73.56060163566205,1,6,0,1
9083,0,2,43.957310506279526,62.20164620838024,0,7,1,1
9084,0,2,54.22495333216855,56.702241479536234,0,5,0,1
9085,0,2,68.50416836428987,48.31462600307576,1,2,1,1
9086,1,2,60.6290822407737,62.527224502027096,0,8,0,1
9087,0,1,48.50243793133827,33.50048055931414,0,4,1,1
9088,1,2,31.38519355323006,43.530279690629136,0,4,0,0
9089,1,1,65.79693341334311,52.715420375960285,0,2,1,0
9090,0,2,53.50549746713442,46.386387494826444,0,1,0,0
9091,0,2,54.172557922004444,42.268708497155025,0,3,1,1
9092,0,2,57.66818272646348,46.859731893773436,0,2,0,0
9093,1,1,46.25554696032359,67.42484888345982,0,9,1,1
9094,0,2,51.435835063473355,40.29699038729921,0,1,0,0
9095,1,2,100.0,49.88092869736941,0,2,1,1
9096,0,3,60.39626183807359,48.21867418705567,0,1,1,1
9097,0,1,11.213950106708294,29.001295983771442,0,6,1,0
9098,0,3,19.896938786034536,53.292359067271185,0,6,1,1
9099,0,1,57.52187305160742,46.11554336582933,0,3,1,1
9100,0,1,66.37690828278258,49.52622790732597,1,3,1,1
9101,0,1,52.40014724305097,48.08053963490571,0,3,1,0
9102,1,2,63.628423157494616,71.03689855108885,1,6,1,1
9103,0,2,56.41510348944977,41.95646256389087,0,3,1,1
9104,0,2,0.48368959511330445,59.56332639945041,0,7,0,0
9105,0,3,28.800531368780568,41.395686450806735,0,8,1,1
9106,0,2,40.04037179185383,33.96816430117353,0,0,1,1
9107,0,2,69.59607871559248,60.68090980109631,0,6,1,1
9108,0,2,28.79316395360946,41.232540834160474,0,9,0,1
9109,1,1,79.74973394138355,78.13582982693342,1,3,0,1
9110,0,2,63.53646916375084,59.214056344047926,1,5,0,1
9111,0,1,44.980815630580466,46.97584215552673,0,7,1,0
9112,0,2,34.09809454074499,31.577837184359264,0,4,1,0
9113,1,1,66.08569172318447,76.23532046360917,1,5,0,1
9114,0,3,47.01669869400159,43.142874522600714,0,3,1,1
9115,0,2,24.535218890161293,29.972927018677062,0,4,1,0
9116,1,3,0.0,54.2133878536434,0,5,1,1
9117,1,2,55.985034290379126,61.841862237426795,0,3,1,1
9118,0,2,66.88633341191684,55.906207971179704,1,4,1,1
9119,0,1,80.72947681758437,82.7094462775484,1,11,1,1
9120,0,3,37.638599849793586,41.09837342725417,0,5,1,0
9121,0,2,41.307886844056654,39.82753270652819,0,8,1,1
9122,1,2,58.7765484451656,66.79705869337901,0,7,1,1
9123,0,2,61.00173768305522,62.79679626110342,1,8,0,1
9124,0,2,25.027657769891647,35.84361368888172,0,4,1,1
9125,0,1,66.08153723422305,59.18438939325395,1,6,1,1
9126,0,1,62.59395054127846,60.920539041731104,1,6,0,1
9127,0,2,38.17148285948204,37.408374919712934,0,3,1,0
9128,0,1,51.44009796916518,45.09728091288892,0,3,1,1
9129,0,1,42.45482865431107,47.2398363524323,0,4,1,1
9130,0,1,41.18307449785958,41.13842349116043,0,5,1,1
9131,0,1,23.11886618871127,23.05782981343839,0,2,0,0
9132,0,2,43.909617736360865,42.56596038386308,0,5,1,1
9133,0,1,43.644207409736914,51.42624078345658,0,7,0,1
9134,0,2,75.87090100556539,70.80655667768632,1,3,1,1
9135,0,3,58.87134485688002,52.428568929626394,0,7,1,1
9136,0,1,49.110033549853604,41.60101034058491,0,3,0,1
9137,0,1,28.201506100832862,36.30887364491622,0,6,1,0
9138,1,2,49.215449070783315,65.5906240378469,0,7,1,1
9139,1,3,67.8839895411311,74.32000424406137,0,8,0,1
9140,0,2,51.84757191120098,50.297907453186724,0,8,1,1
9141,0,1,55.83673567493443,50.408443037335736,0,3,1,1
9142,0,2,54.57183922656978,49.62558011721361,0,3,0,1
9143,0,2,47.28272929124006,47.269276869997846,0,4,1,0
9144,1,1,14.107881890619042,33.00594747077115,0,3,1,1
9145,0,2,54.86208431430928,41.932827062904394,0,3,1,1
9146,0,2,42.455958956757236,40.974855623388926,0,5,1,0
9147,0,2,40.65432886707404,49.535011886112784,0,9,1,1
9148,0,3,47.10019108906018,50.02790384951555,0,5,1,0
9149,0,1,49.18898066252639,54.11228681660398,0,6,1,0
9150,0,3,30.487086622520238,35.356975396672624,0,6,1,1
9151,0,3,64.97711941467595,54.5950403784205,0,5,1,1
9152,0,1,39.61853149944262,42.65401934703956,0,5,1,1
9153,0,2,58.33160084571594,38.082175223812435,0,0,1,1
9154,0,2,48.66961862330699,48.93467673395577,0,6,1,1
9155,0,2,34.15049091028607,28.044068951807763,0,2,1,0
9156,1,2,58.07587761201913,61.29417007381188,0,3,1,1
9157,0,1,48.448541964689916,49.83244037768877,0,8,1,1
9158,1,3,62.26457171657007,61.390313660552124,0,3,1,0
9159,0,1,34.23426511255764,35.90351364367538,0,6,1,1
9160,0,1,31.63818560465783,37.268938634346505,0,6,1,0
9161,0,1,23.422388129441714,21.00522287320846,0,1,1,0
9162,1,1,86.99499994506611,93.41335649921871,1,8,1,1
9163,0,2,49.30233820133392,44.180646810138555,0,5,1,1
9164,1,2,66.2298292959962,73.33803957606459,1,6,1,0
9165,0,2,34.04692201935078,32.65152332089332,0,5,1,0
9166,0,2,91.12578879029697,69.54856679882906,1,4,1,1
9167,0,1,60.31224335155951,53.60253895443245,1,5,0,1
9168,0,2,60.46948946852196,60.12576213574807,0,7,1,1
9169,0,1,57.787844085033996,61.1626320242768,1,7,1,1
9170,0,2,31.048387308477434,35.50339032687202,0,6,0,1
9171,1,1,39.09132019938907,39.58072936983312,0,3,0,1
9172,0,2,41.10349286537717,34.57002410216274,0,4,0,1
9173,1,1,39.39621008887328,56.433743013243095,0,8,0,1
9174,0,1,48.40996678943538,56.82663703501197,0,6,1,0
9175,0,1,37.86513189938705,38.92300249640769,0,4,1,0
9176,0,2,28.909213376992007,35.851069084843694,0,5,1,0
9177,0,1,36.40971497721574,38.77385381755187,0,6,1,1
9178,1,1,51.467652301810006,63.135437407510544,0,6,1,1
9179,0,1,43.200137646479355,51.64883912273436,0,5,1,1
9180,1,2,57.03716932176282,64.90991798891075,0,4,1,1
9181,0,1,43.98583604513822,46.97985406377337,0,6,1,0
9182,0,2,34.83525044557145,43.58222697803086,0,9,1,1
9183,0,2,80.58446259871076,71.2581049722593,1,7,1,1
9184,1,1,63.84102849269181,78.54321373811965,1,10,0,1
9185,0,1,27.44982987377278,34.86569506961219,0,8,0,1
9186,0,1,54.411995023816836,60.923501079885355,0,5,1,1
9187,0,2,48.53784069039152,42.88574387927953,0,2,1,1
9188,1,1,40.034800324712634,60.6575681909926,0,6,1,1
9189,1,2,0.0,56.768155994657945,0,5,1,0
9190,0,2,52.737928739227485,53.23702731038945,0,5,0,1
9191,0,2,36.275656192794706,49.42531226718657,0,4,0,1
9192,1,1,38.07627396978093,42.98231963968532,0,3,1,1
9193,1,3,58.07800444081273,64.53242530958919,0,5,1,1
9194,0,1,66.16728599628624,50.8814780050322,1,8,0,1
9195,0,2,46.79647610138126,43.68683863546039,0,5,1,1
9196,0,2,39.883868993705946,41.853852179599976,0,3,1,1
9197,1,1,66.71156095132211,62.440946587689446,1,3,0,1
9198,1,3,76.32900143436552,69.82622090795799,1,4,1,1
9199,0,2,42.456893060288316,48.74166540500321,0,6,0,1
9200,0,3,44.21655113065054,45.21194575911988,0,6,1,1
9201,1,2,53.7095451168964,64.95051924160035,0,6,0,1
9202,0,2,52.19259955305223,63.997462146441606,0,10,1,1
9203,1,2,51.08741704655948,65.48631981877192,0,4,0,1
9204,0,2,46.82552023425046,51.12294444227454,0,6,1,1
9205,0,2,33.51790459558066,43.092130109124845,0,7,1,0
9206,0,2,55.44521349698695,39.07011001844307,0,1,1,0
9207,0,1,40.97004367111586,44.221334709229346,0,5,1,1
9208,0,1,79.40470799695883,66.04076526368195,1,9,1,1
9209,0,2,72.06546906189809,57.99571757259725,1,4,1,1
9210,0,1,57.116060169847614,54.904820955925246,1,5,0,1
9211,1,2,42.035969496496676,44.60763065531151,0,0,0,1
9212,1,1,52.10756095462065,66.76451965521,0,8,0,1
9213,0,2,49.753190663138945,51.64723235905731,0,7,1,1
9214,0,2,48.428553960227845,48.46870182353057,0,5,1,1
9215,0,3,47.54381820496383,45.54441310385376,0,4,1,1
9216,1,2,60.55965371230554,66.70006223856286,1,5,0,1
9217,1,2,60.819557095195435,66.23151533025359,0,8,1,1
9218,1,3,39.97866015341222,43.77216599080902,0,4,1,0
9219,0,2,51.768780017411984,54.06987090608031,0,6,1,1
9220,1,2,56.043470512414316,62.41235389112234,0,3,1,0
9221,1,1,55.06505465901282,57.015694632875935,1,4,0,1
9222,0,3,15.201441526741629,28.7136144493154,0,9,0,0
9223,0,1,18.83937682359831,33.64901881068965,0,3,1,0
9224,0,1,35.74169975580569,33.737632470635475,0,3,1,1
9225,0,2,79.67842512087138,63.02868049207002,1,7,1,1
9226,0,2,57.17391879389789,49.56422199187282,0,3,1,0
9227,1,2,100.0,70.40898559899996,1,7,1,1
9228,0,1,58.59490967616712,48.17082730631968,0,2,0,0
9229,0,3,25.874920473317857,43.30652791057169,0,6,1,1
9230,0,2,70.95739670249858,62.553678501627736,1,2,0,1
9231,0,2,29.719572114292493,28.16460993061463,0,4,1,0
9232,0,1,79.00525544348471,70.3955707346169,1,7,0,1
9233,1,2,32.145160080733675,41.19169707882892,0,3,0,1
9234,0,3,0.0,40.60091855602779,0,5,1,1
9235,0,1,51.44037028839712,64.33644060158204,0,9,0,1
9236,0,1,49.44415614285943,53.9789178950445,0,9,1,1
9237,1,1,66.906701172146,67.09118651302406,1,7,1,1
9238,1,1,23.071510867122296,42.64613241544189,0,4,0,0
9239,0,2,26.276672837376193,29.244827216471666,0,6,1,1
9240,0,2,36.691953232302765,35.450178201516046,0,5,0,1
9241,1,2,52.24995431699253,58.58108850958405,0,4,0,1
9242,0,1,70.72520530953345,50.9821103694553,1,4,0,1
9243,1,1,51.87712019101307,62.00315819139687,0,6,1,1
9244,0,2,15.721936269187458,28.630607431489572,0,7,1,0
9245,0,2,43.40646404143347,34.32964996430417,0,2,1,0
9246,1,2,62.32234041965868,55.9038469145827,0,0,0,1
9247,0,2,30.024613758119372,58.377629699646036,0,13,1,1
9248,0,2,48.56386516492306,50.01874783048078,0,5,1,1
9249,1,2,44.417231399311525,41.32801822318098,0,1,1,1
9250,0,2,42.12778598592417,30.614598941411085,0,2,1,0
9251,0,1,30.483513384672467,31.194462156640068,0,4,0,1
9252,0,3,55.831346045361315,65.87701744417144,0,9,1,1
9253,0,2,30.338472155647565,24.88517346462141,0,3,0,1
9254,0,2,33.68183311374999,34.84209457704703,0,3,0,0
9255,0,2,71.8086710868812,68.26580311258898,1,8,0,1
9256,0,2,25.743961879809603,42.34681794809344,0,8,1,0
9257,0,2,52.240030564028,49.684480177648084,0,4,1,1
9258,0,1,41.5425541058635,42.37678377786006,0,3,0,1
9259,1,3,43.03182949097471,69.65417680946557,0,10,0,1
9260,0,2,61.71085599290776,57.0918227908494,0,4,1,1
9261,0,1,50.11934589441369,64.90838610023293,1,3,1,1
9262,0,2,25.325673943631173,32.97232299097013,0,7,1,0
9263,1,2,100.0,75.43068194883843,1,5,0,1
9264,1,3,65.05142529975046,75.74438191725326,0,8,1,1
9265,1,2,28.882342389614067,41.05424569009639,0,7,0,0
9266,0,1,42.036383849162,44.822040166108295,0,3,1,1
9267,0,2,44.01704327719711,54.377877618916955,0,11,0,1
9268,0,2,52.35056360689776,47.98893763219317,0,7,0,1
9269,0,1,27.760548640324725,32.933833556380655,0,5,1,1
9270,0,1,60.29245561795075,52.88272680679147,1,4,0,1
9271,0,2,41.71713022355517,41.13271296282488,0,6,0,1
9272,0,1,28.210116956421,31.673002235586054,0,4,1,1
9273,1,1,48.50057955486937,47.604970840410154,0,1,0,1
9274,0,2,81.79589362297735,66.06870621324998,1,5,0,1
9275,0,2,40.398439443565636,35.88142544593992,0,3,0,0
9276,0,2,62.51176108575546,48.848928292958114,1,3,0,1
9277,1,3,46.15104678787643,47.046729278235254,0,2,0,1
9278,1,2,64.21912254888763,62.34021714186959,1,2,0,1
9279,0,2,26.14138774062134,35.08079368414653,0,5,1,0
9280,1,1,65.06064203514673,58.244421751354075,1,3,0,1
9281,0,2,37.984702444093784,41.65241011792058,0,5,0,0
9282,0,2,63.577839267505006,54.487240123293596,0,3,1,1
9283,0,1,66.26270080648058,66.1278814449161,1,9,0,1
9284,1,3,37.085223745316,48.528755460237306,0,6,0,1
9285,1,1,2.5860160901680693,42.85672039644237,0,2,1,0
9286,0,1,54.589659511029765,48.72782840195531,0,3,0,1
9287,1,3,37.111826027178935,50.16763492760076,0,6,0,1
9288,1,2,26.017820556014676,52.237647646483694,0,8,1,0
9289,0,2,36.69867675212118,37.25246353737667,0,9,1,1
9290,0,1,69.5119489968511,55.06467266077549,1,3,0,1
9291,0,2,44.57024736215049,43.134137345050156,0,4,0,1
9292,1,2,44.218556299350354,52.423812997576285,0,4,1,1
9293,0,1,61.91452725767947,50.65213452479165,0,5,1,0
9294,0,3,64.33797018191065,62.30094119652363,0,6,1,1
9295,1,3,64.55411652007622,51.9378262406794,0,0,0,1
9296,0,1,56.87909480362989,43.67572537256996,0,0,1,1
9297,0,2,63.27158660712527,62.55156442400096,0,7,1,1
9298,0,1,54.771354746837844,60.77929802142637,0,4,1,0
9299,0,1,43.020290278859406,36.04727904695127,0,4,0,1
9300,0,2,43.73813088979779,43.03412546320518,0,4,1,1
9301,1,2,56.42486441854007,58.49443832000237,0,3,1,1
9302,1,2,64.45184297083348,69.18202907989408,1,4,1,1
9303,1,2,56.726180225763535,64.320020738133,0,6,1,1
9304,0,2,62.39909769057799,62.617341498233245,0,7,1,1
9305,0,1,35.94782159759144,28.794606421133093,0,1,0,0
9306,0,2,35.37469293036277,28.62936035185647,0,3,1,0
9307,0,3,56.337759935235624,59.723902068634814,0,7,1,0
9308,0,2,83.96104323482545,71.94796699237665,1,5,0,1
9309,1,2,53.91349478444127,55.62090978220707,0,2,1,1
9310,0,2,21.33370071544979,28.785279035283214,0,1,0,0
9311,1,1,60.29645633491651,67.20685598250135,1,2,1,1
9312,1,1,50.70387402820719,59.140826609662355,0,5,0,1
9313,0,2,44.96779242436815,38.83315194470454,0,2,1,0
9314,0,1,53.811313288103435,43.03044511605583,0,3,1,1
9315,1,1,51.72829332872348,35.95131343298074,0,3,1,0
9316,0,2,69.47828740660854,60.76294161127373,1,4,0,1
9317,0,2,58.118049202437085,59.92132689913149,0,7,1,1
9318,0,3,48.821777874742246,47.53776599455122,0,5,0,1
9319,1,2,92.73577782272733,71.24049837351929,1,3,1,1
9320,1,2,39.972670579450494,52.44836955440542,0,8,0,1
9321,0,2,48.13713161720574,36.5543465493218,0,3,1,1
9322,0,2,49.49907443226716,45.35269319665504,0,2,1,1
9323,1,2,39.800487777124964,49.15903811736498,0,6,0,1
9324,0,2,11.880701014579714,22.96827563110081,0,4,0,0
9325,0,3,48.07922348286808,47.08772966735886,0,5,1,0
9326,0,3,52.37726559667035,58.093947264303544,0,13,1,1
9327,0,1,62.22755927720325,52.832769024297534,1,4,0,1
9328,1,2,23.67156502709979,29.146605206370555,0,1,1,1
9329,1,2,67.71657067407726,75.24817053559582,1,7,1,1
9330,1,2,49.094900708737136,60.99610305368611,0,5,1,1
9331,0,2,55.88740303582931,43.103264013822326,0,5,1,1
9332,0,2,72.60277851805147,41.66148348809432,0,2,1,0
9333,0,3,65.51580344402575,54.855463910292855,0,4,1,0
9334,0,1,69.4152059294043,59.11126389451516,1,6,0,1
9335,1,1,42.53762151844308,36.240378518917645,0,0,0,1
9336,0,3,54.10102861194129,39.95295304450962,0,4,0,1
9337,0,1,61.659521126074445,49.16562278477082,0,4,0,1
9338,0,3,44.3068976598347,47.613974093251606,0,6,0,1
9339,1,1,52.58155541071021,53.986819371506826,0,2,1,1
9340,0,3,64.9824996993802,51.18342424377394,0,7,1,1
9341,0,2,51.39020382155222,48.16834589064136,0,5,1,0
9342,0,1,42.85897343147432,40.212108196502705,0,3,1,0
9343,0,1,49.46521632124865,45.624303287124,0,7,1,1
9344,0,1,55.695527428292316,51.91949424434457,0,6,1,1
9345,1,2,68.29090104761804,49.037871092737475,1,1,0,0
9346,0,3,33.974450982456155,38.498901534801824,0,6,1,0
9347,0,1,51.66247500705888,45.58242493416129,0,5,0,1
9348,0,2,31.45853539060137,22.33513107710869,0,2,1,0
9349,0,1,39.164712587963095,31.35554632707903,0,3,0,1
9350,0,1,45.01387284165953,33.35919163835511,0,1,0,1
9351,0,1,38.17443614625569,36.18314069122577,0,5,1,0
9352,0,1,48.37521578182321,54.3030626436461,0,8,1,1
9353,0,3,51.474664549104965,48.39008378241689,0,6,1,1
9354,0,1,46.64442996172321,49.39712996479014,0,3,1,0
9355,0,2,55.240715665364036,41.87972749473237,0,4,1,1
9356,0,1,89.76022318934278,73.92391341485336,1,5,1,1
9357,0,2,55.668258085266835,56.12125857003876,0,4,1,1
9358,0,1,60.97317824053721,48.06263202807281,1,3,0,1
9359,0,3,31.125666034482734,30.033082947921525,0,3,1,0
9360,0,2,56.12213561515537,46.46342392470664,0,4,1,1
9361,1,2,57.92659655015895,51.401967874931906,0,5,0,1
9362,1,2,71.02505830557483,70.56132363251702,1,7,0,1
9363,0,3,48.80666908955744,38.958601591427126,0,3,0,1
9364,1,2,57.827399442726055,59.43415923833537,0,4,1,1
9365,0,3,49.74011289697569,49.52694119632123,0,3,1,0
9366,0,2,67.55259694369569,62.338035737016284,1,6,1,1
9367,0,3,20.113376663213803,34.66064268670182,0,3,1,0
9368,1,1,33.461517254008335,39.80372760519055,0,4,0,0
9369,1,3,52.45688267762077,66.70371719026575,0,4,1,1
9370,0,3,51.822434248229634,51.08772907458689,0,4,1,1
9371,0,2,43.25833415738701,32.641473873992645,0,4,1,1
9372,0,2,48.6000100429681,55.80197086054493,0,10,1,1
9373,0,2,63.47387659982,55.56551812571893,1,3,1,1
9374,1,1,48.10727182939224,58.11032215966262,0,3,0,1
9375,0,2,54.4721428927135,45.19860988095986,0,6,0,1
9376,1,2,36.58347212347482,43.53954499459703,0,3,1,0
9377,1,1,56.55309850297238,59.310453614180645,1,5,1,1
9378,0,2,41.80168542803916,43.778354799514425,0,7,1,1
9379,1,1,57.18289065329952,65.51444609854134,0,8,1,1
9380,1,1,59.602027645504506,64.19605814332645,1,5,0,1
9381,0,1,46.0518722331107,47.011951758730994,0,4,1,1
9382,0,2,32.405305121091445,38.6172178313091,0,6,1,1
9383,1,3,44.06468092949544,52.903146038498505,0,2,1,0
9384,0,1,53.863372166638186,51.50911859202772,0,3,1,0
9385,1,1,35.174877473283715,51.440922745626516,0,1,1,0
9386,0,1,1.759106059112625,38.297030528251355,0,4,1,1
9387,0,2,58.21595101759276,59.497279655782876,0,5,0,1
9388,0,2,52.58420031232696,43.18680781324338,0,2,1,1
9389,0,2,41.29285350324516,48.48281043358998,0,7,1,1
9390,0,2,45.04289096391838,39.17221546866183,0,7,0,1
9391,0,1,24.583902324340446,31.910859719460753,0,5,1,0
9392,0,2,48.60021642551344,46.07109754215241,0,3,1,0
9393,0,3,62.00726766822794,45.11220839981882,0,5,1,1
9394,0,1,33.77943003551139,39.33618514341275,0,7,1,1
9395,0,1,27.911090856042563,36.52021629387377,0,7,1,1
9396,0,1,73.8839719693843,55.96386184584964,1,4,1,1
9397,0,2,45.266603298736946,43.04941911593673,0,5,1,1
9398,0,1,55.44006546953986,54.62128127233076,0,7,1,0
9399,0,1,57.71856654301987,51.24512665587842,0,3,1,1
9400,1,2,0.0,53.27869887816405,0,2,1,0
9401,0,3,47.16246995399765,44.054969885526965,0,5,1,1
9402,0,1,51.58676760789106,58.41999923475441,0,9,1,1
9403,0,1,40.58645411816457,34.34436360686535,0,3,0,0
9404,0,1,70.42357162559463,60.29665937154729,1,5,1,1
9405,0,2,53.144818609018074,58.32769385243464,0,7,1,1
9406,1,3,41.42253944882269,55.093243979585445,0,5,1,1
9407,0,2,41.79533579749774,44.62224086776425,0,7,1,0
9408,0,2,39.07006184512556,49.91997438961542,0,4,0,1
9409,0,3,37.99513035426514,29.98456007205646,0,5,1,1
9410,1,1,56.964519535478274,64.9746138854896,0,7,1,1
9411,0,3,64.20155806297427,46.49042674188899,0,2,0,0
9412,0,2,100.0,60.86528634303151,1,5,0,1
9413,0,1,54.56306977148009,61.13590984373081,1,6,1,1
9414,1,2,52.395437579157004,56.64696012780429,0,5,1,0
9415,0,1,26.92583453233987,40.203653140295884,0,6,1,0
9416,0,1,77.71524008340113,70.94700653130762,1,8,1,1
9417,0,1,41.472517293525854,39.510525229272375,0,1,1,1
9418,1,3,77.16588404265721,74.85119984525082,0,10,1,1
9419,1,2,37.600351904827804,51.92245548177076,0,4,0,1
9420,0,2,90.97617240397152,77.49648468764164,1,4,1,1
9421,0,1,58.44175548085403,46.72378553445905,1,4,0,1
9422,1,1,46.36318656257137,45.20875810476534,0,1,0,1
9423,0,2,75.81906996255888,69.61930189058987,1,7,1,1
9424,0,1,64.94257869608457,56.12557802617018,1,6,1,1
9425,0,1,65.47121870464856,58.98607984869955,1,3,1,1
9426,0,2,42.44774659057579,38.50666949687303,0,3,0,0
9427,0,2,52.254026062372475,47.667422115350156,0,5,1,1
9428,1,2,34.57310974967681,54.80540984893464,0,6,1,1
9429,0,3,47.26171711374998,45.80299280780127,0,6,1,1
9430,0,2,75.1964169916561,59.44064285559736,1,5,1,1
9431,0,1,30.11586903360579,29.581298761897166,0,3,1,0
9432,0,2,45.645970442052246,39.63471442304572,0,2,1,0
9433,1,2,53.76397441409277,60.01267488101659,0,7,1,1
9434,0,2,72.15936405776421,61.5902728520658,1,4,1,1
9435,1,1,66.17158443039416,59.77143241067582,1,4,0,1
9436,1,2,70.28033303004104,75.46202405111092,1,6,0,1
9437,1,2,51.44349905693942,59.30055217840576,0,4,1,1
9438,0,2,52.02934586055956,36.96187752905216,0,3,1,1
9439,0,2,42.624252550414084,33.23203032460169,0,2,1,1
9440,1,1,51.823208221848375,56.455819636300234,0,5,0,1
9441,1,3,63.83656695370215,66.72304883625038,0,4,1,0
9442,1,2,63.06593680743204,64.09443472383629,1,4,0,1
9443,1,1,42.0692142746854,41.98808988286737,0,2,1,1
9444,0,2,39.1119726230594,42.22302025298897,0,9,1,1
9445,1,3,100.0,64.60392737395718,0,4,1,1
9446,1,1,48.61340856506373,57.906560256736114,0,4,1,1
9447,1,3,58.88449393541882,59.557247686683546,0,3,1,1
9448,0,2,26.46397552884565,23.27963064160624,0,6,1,0
9449,0,1,51.87689864080457,50.604798802422536,0,6,1,1
9450,1,2,35.24156541297755,49.0538303156339,0,5,1,1
9451,1,1,54.54531736374028,55.78662230232904,0,3,0,1
9452,1,1,34.82525516287864,44.60449457526629,0,5,1,1
9453,0,3,53.938307952192496,46.74661868298042,0,4,1,0
9454,1,1,47.18227817247134,58.62956169491748,0,1,1,0
9455,1,1,28.088961738425468,53.185552208598644,0,6,0,0
9456,1,1,44.11027452920117,60.503516960635984,0,6,1,1
9457,0,3,71.53420384918437,62.87699256433228,0,7,1,1
9458,0,2,49.972272727696414,49.494014031748875,0,5,0,0
9459,0,3,50.46755129714663,50.619836414447256,0,2,1,1
9460,0,2,52.361980616761606,42.41030738495794,0,3,1,0
9461,0,1,42.01004308421974,41.57461674121224,0,4,1,1
9462,0,2,30.869846871816385,36.2550450042823,0,6,1,1
9463,0,2,44.13366950768088,50.451286456482656,0,3,0,0
9464,1,1,36.51209049195504,52.249920139021654,0,7,1,1
9465,1,3,16.48126416381455,27.016346515366457,0,4,0,1
9466,0,2,9.881437820758842,15.072106735205997,0,3,1,0
9467,0,2,62.935195809782165,65.20363729029333,1,9,0,1
9468,1,3,56.26918537107634,62.188391312057334,0,5,1,1
9469,0,1,50.09343380609852,44.654803378339906,0,7,1,1
9470,0,2,17.303196075892593,29.066233760986712,0,5,0,1
9471,1,1,46.71368794030798,47.51172556441555,0,3,1,0
9472,1,1,64.67498700678856,59.43533712672071,0,5,1,1
9473,1,3,21.848772648652456,40.21789296527614,0,3,1,1
9474,1,2,35.05450591646396,51.32249905117011,0,7,1,0
9475,1,2,69.6398747310151,66.54599206851087,1,4,1,1
9476,0,1,51.433630451837395,48.68675509986327,0,4,1,0
9477,1,2,49.027666816985565,53.11272460037015,0,8,1,1
9478,0,1,55.240260764441935,64.07543273823428,1,10,1,1
9479,1,2,67.60967166079827,59.14967040515234,1,6,1,0
9480,1,1,45.22546126575072,54.7145644433009,0,4,1,1
9481,0,1,54.209378040356356,53.688123971442714,0,5,1,0
9482,1,2,25.249245001500878,37.20936343400401,0,5,0,1
9483,0,3,49.1371826446519,50.77324451435303,0,5,0,1
9484,0,3,26.94516111515808,36.33009527075996,0,4,0,0
9485,1,1,39.66960859337599,46.84750976376048,0,4,1,0
9486,0,2,64.9196445462149,55.17066287790627,1,7,0,0
9487,1,2,67.07670629931786,72.61990564413735,1,7,0,1
9488,0,2,65.46963724671447,60.40952061568005,1,4,1,1
9489,0,2,45.93091111328971,38.974024099435,0,7,1,0
9490,0,1,29.410210288695577,31.976691531287557,0,5,1,1
9491,0,2,68.97830571313783,61.1023533359081,1,4,1,1
9492,0,2,29.477015361477218,30.916981387946436,0,5,0,1
9493,1,3,62.575994238898694,64.27740556122383,0,5,0,1
9494,0,2,12.753324966636223,26.869777186834277,0,4,0,0
9495,0,2,49.35360923123522,46.963755245276516,0,5,1,1
9496,1,2,30.013535835479722,51.33522034767633,0,3,1,0
9497,0,3,70.64823321047614,61.39307877634107,0,7,1,1
9498,1,3,46.349826455859976,56.27204035922604,0,3,1,1
9499,1,2,36.26588738797327,57.95539472814102,0,5,1,0
9500,0,2,7.178267020695966,22.089910485873567,0,8,1,0
9501,0,1,35.88129236678598,32.90024278695621,0,4,0,1
9502,0,1,46.82727815407047,54.86646254964094,0,10,1,1
9503,0,3,43.14760037245484,53.08925776683497,0,7,1,1
9504,0,3,51.830828011869606,55.02709909959028,0,7,1,0
9505,1,1,45.75372267187283,48.39229745008912,0,1,1,1
9506,1,3,63.65048470531004,73.61623385420988,0,7,1,1
9507,1,3,54.92190669306051,55.043892661905375,0,4,0,1
9508,1,1,55.01804415847277,58.817472306855436,0,4,1,1
9509,0,2,20.10753021182655,26.7117907528247,0,3,1,0
9510,0,2,65.05820296857692,51.83077428083215,1,4,0,1
9511,0,2,31.03312718778796,46.621427911479344,0,8,1,1
9512,1,3,34.33761699139781,49.7981594706236,0,7,1,1
9513,0,1,7.923353216748629,7.683416204473225,0,3,1,0
9514,1,2,33.93780407826346,49.97052564915729,0,4,0,1
9515,1,3,50.527104067075804,55.96145014311538,0,4,1,0
9516,0,2,32.55655199299672,31.919736436138702,0,3,1,0
9517,1,1,64.59625598933587,71.21203990480089,1,6,1,1
9518,0,1,41.695812057531,64.19987647984301,0,9,1,1
9519,0,3,64.31880116430762,53.83066078494299,0,4,1,0
9520,0,3,32.6963185431926,40.851054982532894,0,7,1,1
9521,0,3,51.895344436576806,54.136180061106515,0,7,1,1
9522,0,3,28.106413104812454,53.71751295064452,0,4,0,1
9523,1,2,52.155806082000275,57.83784274643115,0,4,0,0
9524,1,2,35.48101618411775,56.345352728462075,0,4,0,1
9525,0,1,25.724715895093233,30.627718790831107,0,3,0,1
9526,1,2,30.199163456145733,30.83577786749791,0,2,0,0
9527,0,1,68.08427080910626,58.63512108742189,1,3,1,1
9528,0,1,65.56758681579613,41.44268435480857,1,0,0,1
9529,1,2,21.750157608605413,48.231138060271206,0,9,0,1
9530,0,2,21.198518541305717,33.93134943723719,0,5,1,1
9531,1,3,46.619404590860505,58.27522207959873,0,3,0,1
9532,0,2,40.34210613755504,40.15971816512235,0,6,1,0
9533,0,3,45.29781566720169,48.21967904387985,0,5,1,0
9534,0,1,48.841589155659975,45.4284108189881,0,5,1,1
9535,0,1,54.99993961984817,55.881149639444835,0,4,1,1
9536,0,2,25.192623959841654,35.1569104575222,0,8,1,0
9537,0,2,43.3573863155527,40.12189950930379,0,5,1,1
9538,0,2,59.390460285729816,53.67624880087143,0,4,1,1
9539,0,2,82.56871331333824,49.775571587494106,0,3,1,1
9540,0,2,44.87428176893999,47.60531332311203,0,5,1,1
9541,0,2,43.174878325040716,39.176866725760945,0,3,1,1
9542,0,2,56.50301370063698,46.9914102317086,0,3,1,1
9543,0,1,49.51454697451829,40.20856533280597,0,2,1,1
9544,0,2,69.30758777987594,64.77830493911156,1,4,1,1
9545,0,2,24.988327926386553,41.92932062131913,0,7,1,0
9546,0,1,62.51139920283786,57.38962913007365,1,5,0,1
9547,0,2,29.212240701449026,29.539070422832403,0,9,1,0
9548,1,1,41.553184758578276,59.02261359492234,0,6,0,1
9549,0,1,56.04280027692733,55.584641636018716,1,8,0,1
9550,0,1,31.122706571332362,40.69296916002378,0,5,1,0
9551,0,1,58.57947199192317,47.9330270311842,0,3,1,1
9552,0,2,36.32484736707739,42.20378479249342,0,6,1,1
9553,0,2,41.49223306258755,41.79381634084415,0,5,1,1
9554,0,3,51.77161304018027,49.42670083472543,0,6,1,0
9555,0,1,29.507258275568997,37.153751315607245,0,5,1,0
9556,0,2,6.255001734831108,20.960504239538583,0,2,1,0
9557,1,2,41.08451643928788,45.35416526517484,0,4,1,1
9558,0,2,36.75283277457093,26.18367775187452,0,3,1,1
9559,0,3,73.07294402147757,60.899946721372025,0,6,1,1
9560,0,1,52.58484950295579,56.30816690925384,0,5,1,1
9561,1,3,57.28635948885599,58.96284377803092,0,3,0,1
9562,1,1,51.1899905740576,57.83664562249988,0,4,1,1
9563,0,3,56.03662732831067,56.62122309725105,0,5,1,1
9564,1,2,53.38898675003726,55.39266149954219,0,2,0,0
9565,0,2,96.12141577825427,76.9383985004085,1,6,1,1
9566,1,1,49.083851090845656,61.78993272379334,0,7,0,1
9567,0,1,79.15893568634564,53.43389577050724,1,5,1,1
9568,1,3,24.645961271192828,47.29166199442844,0,3,1,1
9569,1,1,50.51366500495573,59.054665219727845,0,6,0,1
9570,0,1,20.85592063673221,31.17787235353416,0,9,1,0
9571,0,2,45.699837446029946,56.35617913241456,0,6,1,1
9572,0,3,40.5685536555718,39.872495962052916,0,4,1,0
9573,1,1,21.350933383214617,41.438077500615265,0,6,0,0
9574,1,3,35.01028967772445,55.37067841793341,0,6,1,1
9575,0,2,60.76676146707358,49.21105189894041,0,5,1,1
9576,0,2,39.84557798962511,41.5422822178703,0,5,1,0
9577,1,2,26.569229003614236,49.9628077350466,0,3,0,1
9578,0,2,46.19180531310435,49.34060050181096,0,5,0,1
9579,1,2,45.53842854831378,50.639402317704715,0,4,1,1
9580,0,1,69.84443124942399,52.016177713327984,1,4,1,1
9581,0,1,49.30103600440241,44.81338752995785,0,3,0,0
9582,0,2,59.55956515778751,43.36979514527469,0,4,1,1
9583,0,2,63.958288534636296,48.8792526447333,0,2,0,1
9584,1,1,76.65589557203734,70.86040638453488,1,7,1,1
9585,1,1,50.777511178740234,53.39856649184402,0,2,1,1
9586,1,3,64.05516778427747,68.13609557749076,0,7,1,1
9587,0,2,57.15627030217474,45.198497609326765,0,2,1,1
9588,0,3,49.09693045463707,43.29854909493359,0,3,0,0
9589,1,1,47.52646646888581,55.54467470173099,0,6,1,1
9590,0,2,42.73561975218395,26.851962191635184,0,5,0,1
9591,0,3,39.54370244383996,52.12700057984587,0,9,1,1
9592,1,2,48.25487082623084,50.19558634947518,0,2,1,1
9593,1,3,39.81573273153426,52.81789069283199,0,6,0,1
9594,0,1,26.805239766650082,28.069022709064072,0,0,1,1
9595,0,3,57.62611735363975,67.84560046530387,0,8,0,1
9596,0,2,65.26633418844108,58.41583482523001,1,8,1,1
9597,0,3,37.449256284405365,42.65525821969762,0,9,1,1
9598,0,1,43.22116484160905,33.48593353939135,0,3,0,1
9599,1,2,79.70475513694059,79.35114428449748,1,4,1,1
9600,0,1,59.295854881386624,49.68456205834559,1,6,1,1
9601,0,2,25.449205656863235,33.2477056775796,0,7,0,1
9602,1,2,66.27186948676069,62.85359078557343,1,5,0,1
9603,1,2,60.40733136342423,65.71125472238755,0,5,0,0
9604,0,1,24.416394948232146,30.941051173015538,0,4,1,1
9605,0,2,53.947589374454175,51.22235793038671,0,8,0,1
9606,1,2,63.474832067229706,71.95378594729225,1,5,1,1
9607,1,2,64.71913497291882,67.68387738322643,1,6,1,1
9608,1,2,33.41204602520444,48.03661064949775,0,3,0,1
9609,1,3,56.75455619123525,63.25709420971299,0,3,0,1
9610,1,2,55.79758915774252,64.62376650264869,0,4,0,1
9611,0,1,51.42366970857731,40.14000166692026,0,4,0,1
9612,1,2,60.64374565990954,58.01972115525171,0,2,0,1
9613,0,1,64.91310780039368,54.13080293992507,1,5,1,1
9614,0,2,51.13987037108638,43.040793939561034,0,6,1,1
9615,0,2,49.423888602881014,49.561678027092164,0,3,1,1
9616,0,1,58.0903087561993,56.5950975038806,1,5,1,1
9617,0,2,57.87312873869378,69.22431906405761,0,10,1,1
9618,0,2,52.87811821387919,50.09956171113541,0,5,1,1
9619,0,1,51.23451794447914,45.58392461747939,0,4,1,1
9620,0,2,43.464761183998,38.80304787581814,0,5,1,0
9621,1,2,39.70539964319814,43.54472614301634,0,3,0,0
9622,0,2,34.45027955113913,35.96527433598164,0,3,1,1
9623,0,2,60.16895324552292,63.879166677942194,0,6,0,1
9624,1,1,29.56072116751743,39.16284249728617,0,3,1,1
9625,0,2,55.850806595722275,55.57316287309724,0,4,1,1
9626,0,1,48.69797467382592,47.543394078110154,0,5,1,0
9627,0,3,46.48182856163832,40.754664792509686,0,4,1,1
9628,1,1,53.3545255074625,57.317047062139736,0,7,0,1
9629,1,2,50.98548777949592,53.161111329020834,0,4,1,1
9630,0,3,42.36310397200181,56.4613376728873,0,6,0,0
9631,0,3,43.07019174315988,43.03110628492033,0,5,0,1
9632,1,1,53.327246715914235,49.947523299084146,0,3,1,0
9633,0,3,43.469837332506785,52.68711081538702,0,8,0,1
9634,1,1,58.06818911109529,61.624154600337654,1,6,1,1
9635,0,1,32.8470105394296,37.26601242710152,0,3,0,0
9636,0,1,71.14120404311691,48.60410885478169,1,3,0,1
9637,0,1,77.88733320305026,64.60540397478442,1,6,1,1
9638,0,1,93.62783851195505,38.16837497995377,0,3,1,1
9639,1,1,58.748267181949835,58.642536197763356,1,3,1,1
9640,0,2,55.212830411362695,52.64892399042944,0,6,1,1
9641,0,2,58.105190555163205,53.45605588772863,1,4,1,1
9642,0,2,38.86912537484379,39.387767433795446,0,6,1,0
9643,0,3,55.53717659180101,49.00237178048452,0,2,1,0
9644,1,2,16.425147868740844,36.58641482490373,0,4,0,0
9645,0,2,61.217093174182,49.5463573930252,0,4,1,0
9646,0,1,50.44402228217003,46.79700896375845,0,3,1,1
9647,0,2,45.696953003717,46.609532130382426,0,8,1,1
9648,1,2,53.3091430355322,67.4606977753128,0,4,0,1
9649,1,1,48.0714404519045,63.79899519159495,0,10,0,1
9650,0,2,19.083770314545625,33.81062927101325,0,5,1,1
9651,0,3,48.919333777454916,46.2289899538313,0,4,0,1
9652,0,2,57.68750796074342,42.08715133641691,0,5,1,1
9653,0,2,44.724984939551284,39.69429996774984,0,3,1,1
9654,0,2,26.125639816582186,23.88614760109125,0,2,1,0
9655,1,1,29.08649674749163,40.12495549770724,0,2,1,0
9656,0,1,79.50009924896972,64.57795398302716,1,6,0,1
9657,0,2,43.59444155985328,40.95235768421136,0,2,1,1
9658,0,2,56.39606608127653,70.05973928711668,0,8,1,1
9659,0,2,45.294196031901485,32.29429660735585,0,5,1,1
9660,0,3,50.28097010096167,47.1239324288924,0,3,0,0
9661,1,3,38.130779651003884,48.9444766808467,0,8,0,1
9662,1,3,56.88283801950541,56.26001949845946,0,4,0,1
9663,1,2,53.259266579271255,68.54379423975776,0,9,1,1
9664,1,1,7.221503312088711,55.098411702842036,0,6,1,0
9665,0,3,53.208288868069985,60.53755047323794,0,9,1,1
9666,0,2,54.41736121107607,49.313270874303235,0,4,0,1
9667,0,2,39.55315734938412,53.10743565312945,0,10,1,1
9668,0,3,82.38090877561677,57.30987532019219,1,5,1,1
9669,0,1,80.90338232121697,73.26895060263507,1,8,1,1
9670,0,3,15.159482731626465,48.30046676622014,0,6,1,1
9671,0,2,54.92488147157141,48.19350660163103,0,3,1,1
9672,0,1,54.80288052465231,58.29664179815925,0,4,0,1
9673,1,2,35.79478271556479,48.99197425917956,0,5,1,0
9674,0,3,41.92878690329704,56.47114406733764,0,7,1,0
9675,0,1,28.65921564109892,28.604700236660904,0,3,1,1
9676,0,2,50.03647913145038,39.87188007714664,0,4,0,1
9677,0,2,5.571218579492239,33.90205594143839,0,1,1,0
9678,0,2,45.9311635121631,45.25074431099013,0,5,1,1
9679,1,2,44.32431496058278,51.47499001812102,0,7,0,0
9680,0,2,37.49616294499097,33.80914488037901,0,5,1,1
9681,0,2,67.51182785777068,53.20023630688702,1,4,0,1
9682,0,1,32.46866383324495,30.316476473771132,0,4,1,1
9683,1,2,46.017641595334005,52.55112969636237,0,5,0,1
9684,1,3,35.41707334012118,47.92734281940458,0,5,1,1
9685,0,1,46.058439380002106,52.08530935730123,0,7,0,1
9686,1,2,31.831890349742636,40.35093885156168,0,8,0,1
9687,1,1,56.998634894409626,64.48053965284694,0,5,1,1
9688,1,2,67.63201135298219,58.62574129072881,1,2,0,1
9689,0,1,24.5870596045689,27.68894323659209,0,3,0,0
9690,0,2,22.514658958286333,20.949323564533664,0,5,1,0
9691,0,1,0.0,18.279685310012965,0,2,1,0
9692,0,1,41.534400711377806,38.38217600712126,0,6,1,1
9693,0,1,57.213358668362964,48.127379309622896,0,4,1,1
9694,0,2,45.57544143400722,40.74554611224962,0,5,0,0
9695,0,1,69.0039988741621,63.71198484945772,1,6,1,1
9696,0,2,43.289446500671716,38.83536184524586,0,2,1,1
9697,0,2,46.80816303247495,36.70412740114995,0,2,0,1
9698,1,2,25.372033617020033,39.1467105861958,0,5,0,0
9699,0,1,44.65693458054991,51.930552140924824,0,7,1,1
9700,0,3,24.91147452648019,34.46770713719269,0,10,0,1
9701,1,1,43.70586097049478,66.49958513178719,0,7,1,1
9702,1,1,68.4131361819569,66.70354123605769,1,2,0,1
9703,0,2,29.308753143236345,30.601659469776422,0,3,0,1
9704,0,1,57.99371639320927,49.87165712760052,0,7,0,0
9705,0,2,70.56537922272501,62.55078750071019,1,5,1,1
9706,0,3,60.72940808413733,63.91059766036371,0,7,1,1
9707,0,1,49.04443556951357,65.37949254960134,0,6,1,1
9708,0,2,55.49948535633398,53.74326707589118,0,7,1,1
9709,0,1,62.08251172188527,58.9598705040646,1,6,1,1
9710,0,2,61.809923606734195,62.91006512761197,1,4,1,1
9711,1,3,77.90825905081121,88.36320930987387,1,7,1,1
9712,0,1,40.422670789637095,38.96599496320112,0,4,1,1
9713,1,1,44.80333099867957,71.29760048134352,0,9,0,1
9714,1,1,39.74433287964087,54.2446132495868,0,6,0,1
9715,1,1,59.9576886286797,63.7334722407466,1,6,0,1
9716,0,2,56.65936068249358,58.84390504046891,0,6,1,0
9717,1,3,86.58696187870763,86.14534789523975,1,7,1,1
9718,0,3,50.37999749970466,51.3663343014503,0,6,1,1
9719,0,2,30.797141563912717,33.722479697151634,0,2,1,0
9720,0,2,38.95408933243526,44.71021012129572,0,6,0,1
9721,1,2,57.34560344785566,59.50450075255554,0,4,0,1
9722,0,2,40.16372995828269,36.5557624248035,0,4,1,0
9723,0,1,60.41098323906252,53.60218721750166,1,3,1,1
9724,1,2,38.79697013409648,43.514994063353726,0,5,0,0
9725,0,2,41.845972193090894,57.81473893160083,0,11,1,1
9726,0,2,63.81632276813489,52.551837632323505,1,4,1,1
9727,0,3,46.73290332315239,48.536425843808175,0,5,1,0
9728,0,1,16.00245317365581,51.4183237868929,0,11,1,1
9729,0,2,65.46264739562005,59.18472508108937,1,4,1,1
9730,1,2,63.57127141471678,71.88359701700709,1,7,1,1
9731,0,3,73.01085943308719,61.32689868879759,0,5,1,1
9732,0,1,58.76708133497321,47.664507352324385,0,4,0,0
9733,1,3,47.19800675485682,65.33044583920739,0,6,1,1
9734,0,2,47.69799628491275,50.05849922415873,0,5,1,1
9735,0,1,56.21967591790144,57.015001195071555,1,5,1,1
9736,1,2,34.70610911684778,58.04561617462177,0,10,1,1
9737,0,2,35.929419647838905,50.80269303263508,0,9,1,1
9738,0,2,38.082216532526175,33.954003798916915,0,3,1,1
9739,0,2,91.8300215983614,83.97375391740223,1,9,0,1
9740,0,3,46.86678478386151,57.698269463546424,0,8,0,1
9741,1,1,50.59325031740085,52.79863357052042,0,4,1,0
9742,1,1,61.02615188284789,74.63266804973736,1,7,0,1
9743,0,2,45.96873006294671,52.9967191582958,0,8,1,1
9744,0,2,70.14045964187844,51.09706261915469,1,5,0,1
9745,0,1,76.36388467328726,51.51504646046191,1,3,1,1
9746,0,2,65.32328516839902,66.95405692778888,1,6,1,1
9747,0,2,61.02109505199862,62.839472061258846,0,8,0,1
9748,1,2,53.190302089448636,50.98016580210403,0,3,1,0
9749,0,2,41.93750574125122,40.59820766867638,0,6,1,0
9750,0,1,30.73214151797106,30.703576669907445,0,5,1,1
9751,0,2,73.77811074024406,63.709154507361944,1,3,1,1
9752,1,2,56.736849915607166,59.64573948429523,0,11,1,1
9753,1,2,35.31863713003012,46.7042116328992,0,1,0,0
9754,1,2,29.83484242072913,41.06414969886005,0,3,1,0
9755,0,3,76.67081967952527,64.25860065583623,1,2,1,1
9756,1,2,68.32923014658425,72.05093286889519,1,7,0,1
9757,0,3,35.08453383484412,36.6904365572393,0,4,0,1
9758,0,2,44.202195344528135,51.81852103030262,0,7,1,1
9759,0,3,42.56190771651783,44.61726314406829,0,6,1,1
9760,0,1,48.866861249445755,45.00868608166695,0,4,1,1
9761,0,2,45.15276809063171,43.18221890167596,0,4,1,1
9762,0,1,31.583700705994808,58.47166417885418,0,12,1,1
9763,0,2,57.57048027123613,42.028750003357985,0,5,1,0
9764,1,3,61.49634269253405,66.48297377266252,0,6,0,1
9765,0,2,100.0,46.01349156933542,0,2,1,1
9766,0,2,23.20554083882209,29.605219645317664,0,5,0,1
9767,0,2,42.725083213789475,41.595724346113855,0,3,1,1
9768,0,3,33.61576223244506,30.03902244811139,0,3,1,1
9769,1,3,53.55658487944088,61.23752344226526,0,4,0,0
9770,1,2,39.32016177454175,55.47224175165941,0,2,0,1
9771,0,1,37.44397261279196,35.692456143643746,0,1,0,1
9772,0,1,30.268320274027317,22.722623062900983,0,7,1,0
9773,0,1,70.84778989588594,62.24247783549688,1,7,1,1
9774,0,1,38.5355899048972,39.36544634841752,0,4,1,1
9775,0,2,53.23678455898831,44.114013999443635,0,3,1,1
9776,0,1,45.630166259497265,51.30466396134363,0,9,1,0
9777,0,3,82.44975647325752,62.931378276142375,1,6,0,1
9778,0,3,36.587523038233385,36.80485309631082,0,3,1,1
9779,0,3,18.124785537427396,22.794400694819327,0,2,1,0
9780,0,3,17.25181681397509,27.901749263359747,0,4,1,0
9781,1,2,43.389346673660185,46.97157743637098,0,3,0,0
9782,0,2,49.57230454644607,52.3824451918901,0,6,1,1
9783,0,1,0.0,35.06318692170528,0,3,1,0
9784,0,1,46.01295576030579,46.51420309764167,0,8,1,1
9785,1,3,55.6238343673536,60.137410437571845,0,4,0,1
9786,0,1,33.93349368868113,36.47665105530777,0,5,1,1
9787,1,1,47.63102393089886,42.708892929814894,0,4,1,1
9788,1,1,71.80365865858246,56.89067293304159,0,5,1,0
9789,0,2,60.62270694065955,65.42158243219745,0,5,0,1
9790,0,1,38.33473310252973,38.05094036841143,0,4,1,0
9791,0,1,67.77606161075508,63.89604918467364,1,5,1,1
9792,1,1,34.1706238514572,56.036158507889034,0,7,0,1
9793,0,2,31.222287704136765,45.02888044706299,0,3,0,1
9794,1,3,46.00248671016964,55.02223056280299,0,6,0,1
9795,1,1,32.32031838894575,42.444117388813225,0,5,0,0
9796,0,2,47.614757472776674,45.285693839350145,0,3,1,1
9797,0,3,55.850337111935055,47.70265945221781,0,2,1,1
9798,0,1,47.705822448693596,53.3787203507397,0,6,0,1
9799,0,2,50.99024285016529,45.70095185288854,0,3,1,1
9800,1,1,34.89114428977664,36.69210732804235,0,3,1,0
9801,0,3,62.9837901676831,56.50149533094866,0,4,1,1
9802,0,2,23.761528928611185,21.940252657863073,0,4,1,1
9803,0,3,60.63218521839776,52.621894630244064,0,6,1,1
9804,1,3,78.73349479441694,71.75900956451764,1,2,1,1
9805,0,3,67.54959489452212,73.16049764721362,0,10,0,1
9806,0,2,42.12571922731365,42.850426087283054,0,0,1,1
9807,1,3,25.522812510658063,42.76802778243507,0,3,0,0
9808,0,2,62.09578270884179,67.8174788995559,0,9,1,1
9809,0,2,48.149211761674756,47.75648155662095,0,5,1,1
9810,0,3,63.602925715606496,64.11400624828453,0,7,0,1
9811,1,2,49.950570914309495,68.49637063586059,0,4,0,1
9812,0,3,82.01954352822948,62.259645818883904,0,3,1,0
9813,1,2,62.41448987339728,84.88869918724083,0,13,1,1
9814,1,2,32.23847630981046,46.79254755159481,0,4,0,1
9815,1,1,29.280825836857108,43.53442845175142,0,5,0,1
9816,1,2,52.438382646564776,61.14115474447721,0,6,0,1
9817,0,2,48.0049426796538,43.53220064363611,0,3,1,0
9818,1,2,55.50666643991973,60.3611878757914,0,6,0,1
9819,0,2,50.93090463434313,47.25964835496913,0,5,0,1
9820,1,1,39.01304626644576,44.95427665747963,0,1,1,1
9821,1,1,40.92391337596037,48.2777706480584,0,4,0,1
9822,0,3,34.30210693551564,38.565056315338865,0,4,1,0
9823,0,1,57.161616641237565,44.828244534366966,0,2,1,1
9824,0,3,61.86470726962843,43.761776133977186,0,4,1,1
9825,1,1,52.831681672780505,59.94464015262164,0,5,0,1
9826,1,2,53.4182794072434,62.30939304079282,0,6,1,1
9827,0,2,40.09961249110003,38.25980322184309,0,1,0,0
9828,1,1,51.57537716151719,59.536003940308234,0,5,1,1
9829,0,2,50.84062132642676,50.170842371001136,0,5,0,1
9830,0,2,49.866689128291235,46.40601514289857,0,6,1,1
9831,1,1,38.863042018294585,59.71635169068469,0,9,0,1
9832,0,1,36.83795083172413,42.895389637891114,0,2,0,1
9833,0,2,55.90268637193361,53.737239069527895,0,7,1,1
9834,1,1,56.18274008408938,60.68892939470026,1,6,0,1
9835,0,1,37.626297231019755,35.13419145708108,0,5,1,0
9836,0,3,47.51299275141405,39.408469409612266,0,5,1,0
9837,0,2,40.46904453006119,50.626524657326335,0,7,1,1
9838,0,1,47.50324974222095,45.60689558674325,0,7,1,1
9839,0,2,45.631417988837654,30.356138123759365,0,1,1,1
9840,0,2,66.3759636420751,57.18782581195461,1,2,1,1
9841,0,1,66.64679827712675,52.136116364763346,1,4,1,1
9842,1,2,50.60023356524618,59.437496079347675,0,6,0,1
9843,0,1,81.78712688546878,66.64943541620393,1,5,1,1
9844,0,2,54.96628213835404,51.50705637021511,0,4,1,1
9845,1,1,37.85521901493974,44.842881421018355,0,3,1,0
9846,0,2,41.532890338336095,41.59099315078264,0,3,1,1
9847,0,3,38.11587180482598,35.02687088306537,0,6,1,1
9848,1,2,67.84157723040036,65.09659515228198,1,4,0,1
9849,0,2,49.21861749929818,43.03255911842412,0,3,0,1
9850,0,3,44.46080162793832,54.40432544470972,0,8,1,0
9851,0,2,51.86177667321229,50.64432588048707,0,9,1,1
9852,0,2,35.47001422107975,31.675283088123027,0,4,1,0
9853,0,1,63.151153295976435,51.90198535121638,1,2,0,1
9854,0,2,66.65185536598321,50.48649131818543,0,5,1,0
9855,0,1,56.1488876121425,50.083029417956915,0,4,1,1
9856,0,2,50.147615904705546,56.16569106413243,0,8,1,1
9857,1,2,60.30284245471462,59.966040719351255,1,7,1,1
9858,0,2,63.2654298976947,50.53743730162584,1,1,1,1
9859,0,1,76.27039610073193,69.00644024607115,1,8,1,1
9860,0,1,42.431731238201074,45.42403688881968,0,5,1,1
9861,1,1,46.87333142514249,51.907052150468644,0,5,1,1
9862,1,1,35.11267395842937,49.83871693414913,0,4,0,0
9863,1,2,63.358556304900084,78.68799079780013,1,13,1,1
9864,0,2,54.90530662350372,48.53920867719443,0,5,1,1
9865,0,2,74.25739118296431,69.00646085868225,1,7,1,1
9866,0,3,61.41864470624328,49.533979745237545,0,4,1,1
9867,1,2,60.922267800453874,72.13300311338347,0,7,0,1
9868,1,1,48.27545196742319,55.56544267061756,0,6,0,1
9869,1,1,53.63825520292503,52.62938706950714,0,3,0,1
9870,1,1,61.84729851639743,61.43917078397355,1,4,1,1
9871,1,1,46.91783736283942,53.56949066134239,0,6,0,1
9872,0,3,38.847462986637815,50.586378567958995,0,8,1,0
9873,0,1,33.25313253255128,63.563964701457394,1,9,0,1
9874,0,2,47.96131021992853,38.5538312535166,0,4,1,1
9875,0,1,45.21648074548474,31.37331277474399,0,3,0,1
9876,0,2,66.29263433478438,63.66436981422906,1,5,1,1
9877,1,3,48.78095027916486,65.1786894145593,0,4,0,1
9878,0,2,51.32641209980741,60.51475692950032,0,7,1,0
9879,0,3,29.94969790969618,39.51382697298233,0,4,1,1
9880,0,3,43.01973016063525,45.965221502183496,0,5,0,0
9881,1,2,53.98351314855173,56.71229578613149,0,3,0,1
9882,1,3,41.62937090132726,50.94104124744733,0,4,1,1
9883,0,3,42.08123183118508,41.04948024529339,0,4,1,1
9884,0,3,56.39518409186461,43.8147369034686,0,1,1,1
9885,1,2,29.337903424249056,40.99699503833549,0,1,1,1
9886,0,1,71.85027751901396,55.126578799333885,1,3,1,1
9887,0,1,35.215385510495956,48.316814315761896,0,9,1,0
9888,0,2,49.34252160311601,49.081078147541135,0,4,1,0
9889,0,2,62.901023029673425,49.17362877581381,1,2,1,0
9890,0,1,51.62661632000571,33.8689320147869,0,4,1,1
9891,0,1,90.69087055112935,69.13416937874243,1,4,1,1
9892,0,1,84.09556263602481,74.7022471098737,1,8,1,1
9893,0,1,19.760126368548985,25.249884401312563,0,5,1,0
9894,1,3,22.011735212809857,43.466225339127774,0,5,1,0
9895,1,1,42.557817193379115,69.52580525028141,0,9,0,1
9896,0,2,0.0,44.785492264401256,0,7,0,0
9897,0,1,58.278366093285136,48.906809805226594,1,4,0,1
9898,1,3,52.81625838525874,57.880705726038705,0,3,0,1
9899,0,3,55.06396949477974,48.175249359253236,0,5,1,0
9900,0,2,47.24163196304379,51.39996251983338,0,7,1,1
9901,0,2,40.96425844960542,49.020158772363885,0,5,1,1
9902,0,2,49.34971544216298,58.406024412332606,0,7,1,1
9903,0,2,41.75570680251137,55.35647811221893,0,8,1,1
9904,1,2,42.626775673811345,45.415847784553875,0,3,1,1
9905,0,2,55.06498795516475,54.1799059987075,0,5,1,1
9906,0,1,52.561886599660994,59.39782444016072,0,6,0,1
9907,0,1,46.87790349652962,57.55369866043167,0,8,1,1
9908,0,1,38.35400354097454,31.220378243811084,0,1,1,0
9909,1,2,56.44844921253916,58.60727304077941,0,4,0,1
9910,0,1,43.89503663750671,46.65190461403518,0,6,1,0
9911,0,2,49.19987321769002,53.96280338232583,0,7,1,1
9912,0,1,51.338451493156185,46.82669689319796,0,5,1,0
9913,0,1,70.14787927469784,68.8152053536371,1,8,1,1
9914,0,2,38.154873339509216,37.236880833648534,0,4,1,0
9915,0,1,49.359171219679475,48.372599835702104,0,5,0,1
9916,0,1,38.895692116143366,46.84266562420595,0,6,1,1
9917,1,2,80.27368852779017,72.53351017014077,1,4,0,1
9918,0,1,36.729132139176976,35.87172515081404,0,3,1,0
9919,1,2,60.81115685587271,60.84135565082062,1,4,1,0
9920,0,1,67.59482249388383,66.45612306848862,1,6,1,1
9921,0,2,42.212817385202406,45.72169608754788,0,4,1,0
9922,0,2,29.298674267378008,27.860197723617745,0,2,0,1
9923,0,1,39.44601510173512,34.81822648068853,0,1,0,0
9924,0,2,26.603573357430687,22.597371163066526,0,2,1,0
9925,0,2,63.35933702969406,57.20644140385,1,6,1,1
9926,0,1,10.55972953418331,9.423944236934918,0,4,1,0
9927,0,3,89.76258932649705,54.629484713356206,0,8,1,1
9928,1,2,72.99276579901753,70.47311623988958,1,3,1,1
9929,1,2,55.556893642550456,55.91692706371173,0,6,1,1
9930,0,2,55.72090623548111,45.60547446793399,0,7,1,1
9931,0,3,67.53329408407032,60.647956171380166,0,5,1,1
9932,0,2,33.594690021586416,41.042750568994464,0,7,1,0
9933,0,1,47.113902899776846,42.55626158933723,0,2,0,1
9934,0,1,49.16957277474577,49.04464050203627,0,3,1,1
9935,0,1,68.59042898403948,63.72535758543727,1,7,1,1
9936,1,2,51.10465278219658,51.96307038982878,0,3,0,0
9937,0,1,68.48095464441707,56.43114735704628,1,4,1,1
9938,0,3,26.028630477351403,37.69974836506907,0,3,0,1
9939,0,1,51.053282325461666,44.091872550356115,0,4,1,1
9940,1,1,45.58024650122967,46.33463218033622,0,3,1,1
9941,0,1,27.603401309399935,38.80629493323822,0,6,0,1
9942,1,1,19.15097998230016,37.391542114454495,0,7,1,1
9943,0,3,73.24688495281599,58.11393495381463,0,4,1,1
9944,0,1,35.657950307481805,38.55602197491001,0,5,1,0
9945,1,2,50.35463389909571,61.03204672284901,0,8,1,1
9946,1,1,38.75026019088686,48.28849163412871,0,4,1,1
9947,0,1,63.40132055278694,58.01613073995768,1,7,0,1
9948,0,1,42.08763173241648,42.58477766926451,0,6,1,1
9949,0,2,52.07871940395843,50.06471881041145,0,3,0,1
9950,0,1,73.63215017383044,62.411273109402345,1,6,1,1
9951,0,2,55.68005063149476,54.471532322008926,0,5,1,0
9952,0,3,63.8582272331347,54.68984405368029,0,5,1,1
9953,0,2,46.295166008447794,52.65681745997105,0,7,1,0
9954,0,2,41.84540521987603,46.66218970978082,0,6,1,1
9955,0,2,67.84116345919654,59.31448094525313,1,8,0,1
9956,0,2,34.418067784046386,39.70580343586925,0,8,1,0
9957,0,1,17.416257272890338,32.30417162496415,0,7,1,1
9958,1,1,74.07404001718716,69.50774240595428,1,3,0,1
9959,0,2,37.938962272255026,52.12722624377507,0,7,1,1
9960,0,1,45.68266292169201,44.28056906035983,0,3,0,1
9961,0,2,24.83716102480135,23.78869207252421,0,0,0,0
9962,0,1,81.23739079131813,66.14697932442328,1,3,1,1
9963,0,1,52.13733005417226,52.743960042574756,0,9,1,1
9964,0,1,60.12113512475623,45.77514757463264,0,3,0,1
9965,0,1,46.4640110585007,47.52863328528248,0,5,1,1
9966,0,3,41.07161226312016,31.457172579640243,0,3,1,1
9967,0,1,66.98564073020073,53.86641333872039,1,4,1,1
9968,0,2,63.09026127082051,47.72799746519013,0,5,1,0
9969,0,1,36.12943515742636,51.3133506741634,0,3,1,1
9970,1,1,58.45131982255262,52.79082583974054,1,2,0,1
9971,0,1,10.541251675351539,28.72871240062218,0,4,1,0
9972,0,1,27.170828689440977,29.552535864266215,0,5,0,1
9973,0,3,42.52564144235587,55.17253097501448,0,7,1,1
9974,0,1,71.8799044359645,60.371883559253575,1,8,0,1
9975,0,1,51.40228977909559,48.517744111364586,0,5,0,1
9976,0,1,45.67952746839219,47.149234162925794,0,6,0,1
9977,0,2,74.08203447262662,59.612588562827284,1,3,1,1
9978,0,2,38.572044039478435,50.30033527085083,0,5,1,1
9979,0,1,19.183287748576554,31.549307939307436,0,5,1,1
9980,0,1,60.40338404383741,68.44439538138441,1,11,1,1
9981,0,2,74.19589812065928,53.68338365388926,1,6,1,1
9982,1,1,57.52856897003113,51.06728028826545,1,2,1,1
9983,0,2,54.169450249496215,48.195026717881724,0,3,1,1
9984,0,1,37.074394820482816,62.48823853594371,1,7,1,1
9985,1,3,34.830826298727715,49.794107503602326,0,5,0,1
9986,0,2,50.55480068021055,47.282470990561045,0,6,1,1
9987,0,1,28.422934587416,28.3092265089886,0,4,1,1
9988,0,1,60.338351128354866,67.73599715579142,0,9,1,1
9989,0,2,43.204939590785294,46.135301564928675,0,6,1,0
9990,1,2,48.18422441277914,45.31657369585268,0,1,1,1
9991,0,2,65.86224745199009,59.810129091046356,0,5,1,1
9992,0,3,59.802420089659456,57.55293468650863,0,6,1,1
9993,0,1,41.68740046468743,49.63219647881619,0,6,0,1
9994,0,2,54.84705713857807,46.45822827574303,0,4,1,1
9995,1,1,41.682160529711034,45.57500702844932,0,4,1,0
9996,0,2,54.27467198538306,49.079936991615725,0,4,1,1
9997,1,1,50.83395003245141,59.021768898212216,0,6,0,1
9998,1,2,66.99446507078898,83.6471927505432,1,9,0,1
9999,0,2,22.076974773103654,36.451493230327394,0,9,1,1
