candidate_id,G_Gender,S_ImmigStatus,U_wealth,U_prob,H_policy,C_shadow,X_uni,X_code,X_behav,X_ref,X_exp,X_permit,Y_Target
0,0,0,0.48211123517243604,-2.0714229390038112,4.457791431965817,0.0,3,12.772825044310553,20.375958548183597,0,7,1,0
1,0,0,2.457838633769748,-1.3738029723401077,4.610121368805065,0.0,3,17.50527737967905,19.698636653043152,0,2,0,0
2,1,1,1.950626769621199,-1.1654115101257272,3.9063041013570152,0.0,3,32.624263042146914,39.53021581905781,0,6,0,0
3,0,0,2.729780646969689,0.28794872632500745,2.841443309243752,0.0968051568187428,3,53.92706898109442,43.09499086230373,1,5,0,0
4,0,1,2.313040424478948,-1.4848035065293756,3.5855808858134526,0.0,3,30.001355624821375,47.36717423038476,0,6,0,1
5,1,0,1.527560543411206,0.31724618651021297,4.130156670156202,0.0,3,55.50597370649715,32.929424344578386,0,6,1,0
6,0,1,5.637236459508304,0.6364515438388076,2.1062598294549106,2.7685374758560934,1,59.19725731444453,70.17482561513381,1,7,0,1
7,0,0,3.4150132322683135,-1.344604175011606,3.9259814921964575,0.0,2,30.921657662608926,23.809668230885897,0,3,0,0
8,0,0,1.6312408412348494,0.2734618227798706,3.968634388620705,0.0,3,55.524201514962236,41.3153330668713,0,5,0,0
9,0,0,2.4005269597926833,0.8372394982627481,4.068325090240083,0.0,3,61.59302298975598,44.75926232308899,0,3,1,0
10,1,0,1.9714881965270474,-0.424545278580929,4.71951453377446,0.0,3,42.86031188375712,19.278532609313107,0,2,1,0
11,1,0,2.170143777312967,-0.14937205476535217,4.845589372913077,0.0,3,47.99700763221073,20.31701527686774,0,2,1,0
12,0,0,5.078301162659731,-0.16812863284709012,3.1101158896294723,0.0,1,46.30011672199011,34.78401218093744,0,3,0,1
13,0,0,2.226516357345945,0.0030728249765080303,5.57738262204174,0.0,3,50.42396156798794,40.57243693303042,0,5,1,0
14,0,1,1.9444631166465054,-0.36821842609914535,4.8379269387676125,0.0,3,44.34264643436828,44.63979172258893,0,1,0,0
15,0,1,1.2870312834434094,0.6046961380360631,0.8024825558436491,0.07670376343824384,3,60.05169607756964,77.05354024021206,1,9,0,1
16,1,0,1.1726184654511564,-2.1097313035252125,6.84817974783876,0.0,3,22.88362659059012,15.49853532152488,0,8,1,0
17,0,1,1.2798350307847348,1.0176013543120601,1.4681383951919058,1.0756428316068558,3,67.97687615978107,71.43016299550976,1,4,0,1
18,1,0,1.1994609868236639,0.37193113183916154,5.367923710851995,0.0,3,61.41137695869355,33.30411045763408,0,4,1,0
19,1,0,1.4306603993035454,0.17922598676485613,3.785757706004916,0.0,3,41.485739249653506,30.45004687954392,0,5,1,0
20,1,0,1.3163291103288635,1.241927522710808,3.802932788699831,1.2104263579096755,3,68.96217826061518,40.242647491707295,1,3,1,1
21,0,0,1.99019302760886,-0.9820177908953914,5.291298923791879,0.0,3,35.51413372489227,27.413931155595,0,4,1,0
22,1,0,2.5465835928054084,-1.0717072912296117,4.17552739992617,0.0011802119216903773,2,28.58066150370385,14.425777996351323,1,5,0,0
23,0,0,1.8747175349379945,-0.00017673092631820863,4.415903758565062,0.0,3,45.89494620645907,36.5584435881452,0,2,1,0
24,0,0,1.6126598199011033,0.20929166254615977,4.339087835270577,0.0,3,56.47052307506402,43.90986706070776,0,7,1,1
25,0,0,2.0881772738282045,0.07493406902225075,3.8490621462939085,0.0,3,45.92068964803096,34.911603703899914,0,4,1,0
26,0,1,1.2165814364763228,-0.03942959691698399,1.1109570674399085,0.0,3,49.45950652032505,66.21896183596054,0,7,0,1
27,1,0,2.0065850695937852,-0.4018788770912129,5.45641113316137,0.0,2,36.310473748804995,22.140336166163088,0,3,1,0
28,0,0,1.3047372065031229,1.113354270334753,3.0201299262853176,1.0504770571125779,3,67.79674167707675,44.110406585307466,1,2,0,1
29,0,1,2.597511716073461,-1.5148390054125789,2.1800960771754507,0.0,3,28.829058944252495,54.08132664052492,0,5,0,1
30,0,0,1.6259919596227708,-0.9539533488693088,4.20494270849885,0.0,3,35.329459908341256,35.993057933656694,0,8,1,0
31,0,0,2.675271678113498,0.6693213228124087,3.0746183402700566,1.180082789718854,2,58.64679463903832,46.83992776458065,1,4,1,1
32,1,0,1.999400530929596,0.4608125229891217,4.095330544277643,0.003975354723532443,3,58.1668148960267,38.060262803897686,1,6,0,0
33,0,0,1.2514222012757992,0.9160667351424117,3.912705160248379,0.36750400408025724,3,64.34009930778763,47.742254607262225,1,4,0,0
34,0,1,4.086708045981791,2.028459485988246,1.5510107482645865,4.578020169483803,2,79.68675052337058,78.2522520423739,1,4,0,1
35,1,0,0.9786053684805376,-1.153744020787468,5.3477612488452815,0.0,3,33.31524902583688,15.601317561078591,0,4,1,0
36,0,0,1.0941814459123693,-1.7531895157915742,4.433568372765579,0.0,3,23.830845526689167,25.231438168978684,0,2,1,0
37,0,0,0.8193102049438239,-2.2332600581876023,5.328532562496053,0.0,3,15.769438685550302,14.087195836360648,0,4,0,0
38,0,0,1.3896011980784475,0.4024581091281204,3.7186820886732814,0.0,3,55.325155255681885,49.37846715906243,0,9,1,0
39,1,1,2.666490121265825,0.5188929839489823,3.426960914787317,0.0,2,51.47882994136511,56.4893442104096,0,6,1,1
40,1,0,1.8038884047647685,-0.5641686164718657,4.323955848710822,0.0,3,42.56368978011983,20.670057495810973,0,3,0,0
41,1,0,0.813503069127936,-0.16401158591326573,4.523389175578773,0.0,3,47.22957477892377,25.248654611888693,0,3,1,1
42,1,1,5.351690661659387,0.060765156677884846,2.6873015650369765,0.0,2,51.4532636569898,51.975047457182086,0,5,0,1
43,1,0,3.2975746140289206,0.9089484009554083,6.228100614358505,1.838065317756076,2,66.83414971442838,34.33955419745661,1,3,0,0
44,1,1,1.0149678319936104,-0.28856488080575715,2.551791771222794,0.0,3,46.40503015880881,41.80627126425501,0,4,0,0
45,1,0,1.3831999841392082,-0.6112652821642951,3.7238980468222684,0.0,2,42.06246675293213,17.574731772321996,0,2,0,0
46,0,0,2.424264949453458,0.8065941834714899,4.625788428801859,0.25753749511159507,3,64.40309956742806,45.058215511259185,1,3,1,0
47,0,1,0.6556324581780334,2.0523599105954498,1.0151931513372667,1.828820779532136,3,78.12633896696671,72.65495632310542,1,1,0,1
48,0,0,5.038516926579189,1.4956089126935825,3.1633741993924183,2.3530134255375303,2,68.06084153131704,56.30440118148175,1,6,0,1
49,0,1,3.0019105804480226,-1.2495827855446426,2.329019151574635,0.0,2,29.729179406710955,51.35100291136091,0,7,0,1
50,1,0,1.9939149683029265,0.37424948104409517,4.7971674181076045,0.0,2,55.77557683192159,31.12299301887582,0,4,1,1
51,1,1,2.6192561671197248,0.4046387767866343,1.941167089548923,0.0,2,56.85344011941744,63.49205224826965,0,11,0,1
52,1,0,6.378869035721578,0.32749898172192915,4.7485117805764165,0.08470635233242126,2,54.57706797670728,31.135539271786612,1,4,1,0
53,0,1,0.883420823775982,-0.09540285429336147,2.646362913704511,0.0,3,48.49502230189958,59.18621837134445,0,5,1,1
54,0,1,3.5235241221643046,-1.6386092099401337,2.6270328425030525,0.0,2,22.390460061858235,44.18554984701046,0,4,0,0
55,0,0,0.8711835275333218,0.4129112865737944,4.204186143261932,0.0,3,56.47685525400468,41.411469847087155,0,4,1,0
56,0,0,3.7235637436021447,-0.8147345237474514,3.0580429772311915,0.0,1,61.90335670297673,30.931999670474475,0,3,0,1
57,1,0,2.02794016641308,0.43219863115632257,4.549906499902657,0.0,2,78.43825456187865,32.11957390835567,0,4,1,0
58,1,0,2.56522940225511,-1.5352450223199976,5.0928834654712025,0.0,3,27.79383290970139,17.144257032567847,0,6,1,0
59,0,1,1.7784881046247374,-1.7605358373433788,3.126100193713205,0.0,3,22.206446287886138,35.004247148032526,0,3,0,0
60,1,0,1.1881945937866791,-1.2104478623052055,5.131843126229133,0.0,3,25.8486408911454,14.860268894531632,0,6,1,0
61,1,0,1.4270461094255038,-0.3780845587847098,6.11443906583553,0.0,3,44.653661629182466,26.128637310507283,0,5,1,0
62,1,0,0.9515246344774905,-0.8151023524398259,6.363040770564731,0.0,3,61.586099801308706,19.463028098271213,0,4,1,0
63,0,0,1.1970811891528201,0.10656151212110276,4.045194195235829,0.0,3,50.56091685381632,38.75641842598071,0,8,1,1
64,0,1,1.665865452057048,-0.6208274789812879,2.2193051541974467,0.0,3,38.70699388115524,52.589010400029444,0,4,0,0
65,0,1,1.4145342642632146,0.9895825301890264,1.2402437977142673,0.14459715684499114,3,68.66427425901624,67.13366173978842,1,6,0,1
66,1,0,0.6504724893805411,0.023855627871682526,4.346813705306345,0.0,3,100.0,33.24337078246223,0,7,1,0
67,0,0,0.5260745314919045,-0.14975845180562822,4.801529318489409,0.0,3,48.24678035339265,38.739334184751115,0,4,1,0
68,0,0,1.4765744750488696,0.5964136189846465,2.5786760275782927,0.0,3,65.6857591497019,45.934889449530075,0,5,0,1
69,1,0,1.1732711684354016,-0.9150718709662162,7.580933162421967,0.0,3,37.82985239763585,21.247155556807193,0,6,1,0
70,1,0,1.6513240981766328,1.6812345770308716,3.964903190081307,0.7738737734617279,3,73.74384801297141,41.32476842664468,1,2,1,0
71,0,0,1.559293362982901,-0.25825119195825635,4.411260840290592,0.0,3,50.86401356308401,40.51283427137096,0,6,1,0
72,0,1,1.2789783543429896,-0.3136364518882259,2.1705510506704258,0.242215440825315,3,45.833094524396884,61.4418212669636,1,7,0,1
73,0,1,2.767158535948301,1.740757754479708,1.0213475981459692,2.2417287712227885,3,76.58664197096066,63.5654898580095,1,2,0,1
74,0,0,3.4939455722951918,-1.863556493350838,5.4235715914923786,0.0,3,22.08569638044602,14.684448801788594,0,2,1,0
75,1,0,1.416959420388055,0.47904164800830423,5.8263421179832875,0.0,3,59.080104960561926,27.29512770715064,0,1,1,0
76,1,0,1.5094017866393084,-1.4835979820325802,3.8948801134813436,0.0,3,26.283829950872875,22.096988233405014,0,5,0,0
77,0,0,0.8331035739547396,-1.1567108473576388,4.431320648253088,0.0,3,31.35852624903492,28.32158425821826,0,2,1,0
78,0,0,2.1217125546931035,-0.8564751814581458,4.518752651059235,0.0,3,37.974593364331504,32.27442975586837,0,4,1,0
79,1,0,1.1457650394234966,0.034755545124970255,4.200766354103259,0.0,3,51.10707916353292,25.687089601146265,0,4,1,1
80,0,0,1.9063175809835977,-0.4071020068680684,4.510271507666982,0.0,3,43.65354741104521,41.667520281152754,0,7,1,0
81,1,1,1.0139706515039044,-1.7484198481235405,5.344931922905697,0.0,3,27.2593689709768,27.929871698455244,0,4,0,0
82,1,0,2.3943795820868514,1.0146407510254425,2.3674131077393996,1.0718680547602586,2,67.4699371607857,50.87980743077971,1,9,0,1
83,0,0,1.1763834273373504,1.9406719430634274,3.2405052601756505,1.6159920559919474,3,79.35348198745268,70.33429613538623,1,11,1,1
84,1,0,1.4754940228882103,1.2086005729228084,3.7227090091648543,0.8830270750043835,3,68.03184933617929,45.78795402425849,1,7,1,0
85,0,0,3.289608726613456,1.0287274613635027,3.6911048399685877,1.8861623274218855,2,67.98338563342887,62.77148917522792,1,9,1,1
86,0,0,1.1755966294397144,0.5149099554015025,5.918620796080692,0.2827086778559196,3,52.652398688026196,41.91529494380351,1,3,1,0
87,0,1,2.729940941370493,0.5402589086480041,1.5803096943688435,0.0,3,54.768166242399644,71.45900457010355,0,8,0,1
88,0,0,1.3696783742525713,0.5847043783626423,4.010620249013703,0.0,3,58.866182945800595,46.008372132358886,0,4,1,0
89,1,0,1.601004948098363,-0.8458081751011909,5.439765021134061,0.0,3,37.88701085916411,10.196299747912969,0,2,1,0
90,0,1,3.1609110001186824,-0.5039738136858574,2.1777004576999412,0.0,2,39.02003847106593,59.34067953352564,0,8,0,1
91,1,1,2.188454908085978,1.4949575090385232,2.344646291259515,1.2696801104357274,3,71.73188997534155,64.19511159524458,1,7,1,1
92,0,0,1.973337495417612,0.06714800896426454,5.0186706962661844,0.0,3,51.24172703544749,32.82802374807368,0,1,1,0
93,0,0,2.555029916581189,-1.2949510156559116,4.99938020457465,0.0,2,10.477175682921171,31.211307404595193,0,7,1,0
94,1,0,0.6969728015368352,-2.3629471825855926,6.424506033170639,0.0,3,16.4713324373601,7.994504374053886,0,6,1,0
95,0,0,0.9375506727915495,-0.48012499721435997,4.611670019610144,0.0,3,43.57660190081387,27.984004098914163,0,4,1,0
96,1,0,1.7003682265637357,-1.2354463312449981,5.81933745405971,0.0,3,31.337877814806944,7.305039419889865,0,3,1,0
97,1,1,2.464384872565559,0.29768907332306,2.4115278792906056,0.0,2,56.78861557582151,62.21162358692768,0,8,0,1
98,0,0,1.9131801736347551,0.4190755786472332,4.332197313904171,0.0,3,53.52106488161527,39.16491081117441,0,6,0,0
99,0,0,1.6301820169509555,0.46243576512434853,5.2966835187153904,0.0,3,56.366573243907425,45.63793274866183,0,6,1,0
100,1,0,1.2296232805797531,0.27559425896081186,2.4270434056204766,0.0,3,64.23547286197174,31.301086131229194,0,5,0,0
101,1,0,1.836592337160658,-0.449614790634759,4.922351240345391,0.0,3,42.90289501018899,24.071047604537675,0,3,1,0
102,1,0,1.8419051165175961,1.2568459454734766,5.189693894399117,0.8170882586569861,3,69.66222710605032,46.65854031699075,1,7,1,0
103,0,0,1.0332943515375468,0.5424150035165926,3.670645534799658,0.0,3,58.177395361140384,48.21953563581153,0,7,1,0
104,1,0,1.7508133613335135,-0.6806749994886163,4.091619545885306,0.0,3,41.553412737546395,23.677128563144205,0,5,0,0
105,1,0,2.103125452976186,1.7790527592885523,4.195409495784621,4.165800186751064,2,74.42343842910662,50.74323505919967,1,3,1,1
106,1,1,1.7443669213316044,-0.8004409993530687,3.9327168258563256,0.0,3,37.7523081550713,39.99954915480039,0,6,1,0
107,1,1,1.3526985189995482,-0.5544892216000701,3.038361662316385,0.0,3,32.34636230343151,39.90907010941226,0,4,0,0
108,0,1,8.10247548512653,-1.0517443686562284,2.3804391779430207,0.0,1,35.11080979089458,47.39802760845405,0,4,0,0
109,0,0,2.3481087619135583,-0.924467671332999,4.039797089018644,0.0,3,36.010413284857506,31.79055396775212,0,7,1,0
110,0,0,0.6055898960153696,1.4013648453324656,4.892968631406887,1.5834511613625306,3,72.22900749029824,46.7019405643681,1,2,1,0
111,1,0,1.0538210425012793,-1.042657983270108,6.778857055712997,0.0,3,35.58373780716202,18.745673627159142,0,4,1,0
112,0,0,0.7641670540307024,-0.40635649533916934,4.7772371812024605,0.0,3,44.18219173008912,37.23840261852443,0,3,1,0
113,0,0,0.8192064829133731,-0.17010928603783237,3.536757210740076,0.0,3,47.18911486608979,43.809197778277664,0,8,1,0
114,0,1,1.7102212268825985,-0.5304661146811958,2.6070486751738997,0.0,3,44.42402275185771,43.44385987204197,0,2,0,0
115,0,1,0.7538125077244026,-0.5622132452807056,3.5682511027071495,0.0,3,41.47198075853353,56.39610223928795,0,6,1,1
116,1,1,0.9302207939722158,-2.1500546775727147,5.552375780223453,0.05390078761890704,3,16.817021623228538,16.52418613059759,1,2,1,0
117,0,0,2.4129076555751814,0.8883383218074862,4.174912573273606,0.1937260154197265,3,63.46819315450504,48.8640437522909,1,5,1,0
118,0,0,1.9513791806687522,2.415276772179026,1.911479450467094,2.4271692214555047,3,84.20214399194411,57.9212131448815,1,5,0,1
119,1,1,2.5609535605661624,1.5654199873211851,1.1988625180741395,4.326691550288698,2,73.25348807167872,65.70765482602184,1,5,0,1
120,0,0,3.1025306711781226,0.8662552022885021,3.278458705056398,0.0,3,63.571865749441656,60.36248027775039,0,7,1,1
121,0,1,3.674765659633262,-0.8759666176090737,2.869759746489419,0.0,3,37.26020100922967,52.7231951842495,0,3,0,0
122,1,0,1.3931548505515716,0.5972355334787374,4.189341739803756,0.0,3,59.51738442973137,30.069039976376175,0,3,1,0
123,0,1,1.6703540716169283,0.27629690137930796,2.404284648903043,0.0,3,51.28694385376036,54.93684652949629,0,1,0,0
124,1,1,1.262399918684513,0.8948590936650321,2.1373680489178497,0.0,3,78.07798763328046,78.0440588795174,0,9,0,1
125,1,1,1.1569103331099748,0.4573802748448903,3.9783288723233614,0.0,3,58.196398962031466,53.40184992157773,0,5,0,0
126,1,0,0.9740664987250769,1.6432687669065629,4.822373559669495,1.38897179672934,3,75.39688748147915,41.76303121917127,1,2,0,1
127,0,0,1.454775022437209,-2.0611910829492235,4.335438028455456,0.0,3,20.986821813652824,17.178013094768136,0,4,0,0
128,1,1,1.0569047187379148,1.1200429949217634,2.8499817009222252,1.4084405391254942,3,66.84250847176457,55.51686017777613,1,3,1,1
129,0,0,1.6486913624375241,-0.23226790143843068,4.360355902860742,0.0,3,46.09499720993834,41.01607560790971,0,5,1,0
130,1,0,1.613511738412779,0.574868563417772,3.828870125384592,0.0,3,59.790004965370976,40.398132567740305,0,8,1,1
131,1,0,2.561553730774469,0.3549950934320809,5.207287180339288,0.9350089805545957,2,55.13255513890766,18.607287491560108,1,4,1,0
132,0,1,2.7321003942730315,0.4368828532179951,2.1993059757619955,0.0,3,55.957970470606504,73.97919842871175,0,6,1,1
133,1,0,1.9078833462425155,-1.0483123606450453,4.579154395722513,0.0,3,30.619011569667933,23.089568089264045,0,6,1,0
134,0,1,2.058302015712884,0.8609772972352082,1.4331005049711962,0.4207685288067641,3,65.57035098169705,79.73440203002417,1,10,0,1
135,1,0,1.9083285555450744,-0.2709927456225693,3.3904320305359876,0.0,2,46.36966496560742,26.218215927612246,0,5,0,0
136,1,0,2.294388981569443,-2.2309365430650496,5.101853448266356,0.0,3,19.108402448512706,13.671131251813978,0,4,1,0
137,0,1,1.083446713830572,0.26623679353647206,2.934586494605153,0.0,3,56.0272088871199,59.77948245912704,0,3,0,1
138,0,0,3.312383978765186,0.11036467853867113,4.214233253622497,0.0,3,49.20970796397962,41.440203630617425,0,5,1,0
139,0,0,1.6438043437247343,0.5058841735705567,4.984023832251852,0.0,3,57.13074707617952,33.63485549838073,0,3,1,0
140,0,1,0.7144850910425483,-0.8427191199011723,3.037132818010623,0.0,3,37.9852197806415,42.67553043358757,0,2,0,1
141,1,0,0.797430870371182,1.0671648332307522,4.13132726183712,0.6303145970054603,3,45.56756044721752,35.359335848955205,1,4,1,0
142,0,1,2.9887733767164004,0.745277918569944,2.3416502581966645,0.933911456429583,2,57.39786741190461,76.74202038878423,1,8,0,1
143,1,0,1.3541572205961403,-1.1340767321719618,4.684120082042073,0.0,3,30.9044110496881,23.8475653350078,0,3,1,0
144,0,0,1.8035021138983256,-0.7443969690060195,3.832709004854812,0.0,3,33.988797524690256,33.460771575304,0,4,1,0
145,1,0,1.5900492432240092,0.15593815377371736,4.670069350922669,0.0,3,53.29430111211341,29.48687413538158,0,5,1,0
146,1,0,1.2970219942560164,0.3090137718971048,4.04725283637298,0.10927495285612288,3,54.465475299480744,33.418144396227625,1,5,1,0
147,0,0,1.8384956254796716,0.3971707230551455,3.474498694740744,0.10633545908780295,3,55.9235782113048,50.51011019472923,1,8,1,0
148,1,1,1.468405372238797,1.1208737938356659,2.298505018388909,0.36011051505550123,3,66.4790363394196,53.23907504342466,1,2,0,1
149,1,0,1.9940220288202788,-0.5946404408024601,5.356157885486597,0.0,3,39.92767293629619,19.97557662538057,0,4,1,0
150,1,1,5.300365126702729,1.593439853743394,2.1616430471856583,5.825664932256071,1,73.39219152359287,63.57161106710685,1,5,0,1
151,1,1,1.48825163666034,-0.530302271756838,3.7808938068411644,0.0,3,42.00730521728519,35.35840746271063,0,2,0,0
152,0,0,2.9607504401390408,1.7196793760985485,2.987485594264413,1.6087665252733694,3,73.98081773574076,48.52072013595336,1,4,1,1
153,0,0,1.345208378597433,-0.11631166187898814,4.166363175915798,0.0,3,49.276294348763024,34.15043808301489,0,3,1,0
154,1,1,2.3724158084383262,0.43460868342319464,3.1951350595318777,0.0,3,58.46943585900488,51.298852724939515,0,5,1,1
155,0,1,2.5908152575780194,-1.329917114562509,4.835665898235884,0.0,3,29.574508125575058,45.57089615762672,0,3,1,0
156,1,1,2.6389565077536634,-1.817142636058121,3.2538665821884223,0.0,3,22.098383372781512,29.675285372217093,0,4,0,0
157,0,0,0.896684477532613,-0.5105506379804677,5.283984686660425,0.0,3,44.39490526888962,21.10391012145267,0,1,1,0
158,1,0,5.255723740884698,-0.23946648148164912,4.72265887530184,0.0,1,44.885580098264,18.635790135221782,0,4,1,0
159,1,0,1.2530495578830534,-0.5459114685929772,6.142408575225643,0.0,3,33.829484430820756,18.267563055608104,0,3,1,0
160,1,0,3.3634076919984626,0.8117464075412735,4.1386794011166055,1.5965802091288985,2,62.533284207197454,38.832758582161745,1,5,1,1
161,0,0,0.9535447719332101,0.7244604004910323,2.680213355346163,0.0,3,60.420908737511844,49.80431622493852,0,6,1,1
162,1,0,1.7455312715688667,0.5037009712380983,3.300506304032951,0.04793230046047625,3,57.603020804360234,34.58470686035863,1,4,0,1
163,0,1,4.326551137387583,-0.3103603507134156,2.6847851518914703,0.0,2,45.9538108262536,58.76138196209992,0,8,1,1
164,1,0,0.6513427234375502,0.521309554747927,4.38249197956909,0.0,3,57.384921454418794,41.103795718901914,0,7,1,0
165,1,1,1.4175554815134266,-0.7570133450480714,3.467368966509713,0.0,3,37.11998711603366,43.580491170077174,0,6,0,0
166,0,0,3.2856280826444677,-0.5477924113755159,4.6193097617960515,0.0,2,43.60723571301013,35.052240135458455,0,5,1,0
167,0,0,2.1954708429346854,0.9997525627044737,4.55594881637329,0.32826969711691045,3,65.38055141908075,51.940586757922006,1,3,1,0
168,1,0,2.007004048506777,-1.2048040484753777,4.92216002859546,0.0,3,32.11133913906466,20.09052644944011,0,5,1,0
169,1,0,1.7303887776184554,-3.2757416675647635,5.451969872733231,0.07002356702468049,3,0.8497467739747164,0.0,1,7,1,0
170,1,0,1.1458509110969588,1.1313924769970118,4.4600982626293355,1.4058411734725138,3,68.34909100623587,35.98450944841885,1,1,1,0
171,0,1,1.2729677673258217,-0.4651230049266317,1.3147872290115867,0.0,2,40.72230271791568,63.49427144715658,0,6,0,1
172,0,0,2.761186830944661,-1.2777245665774912,4.8012369771626755,0.0,3,31.157884205782835,25.12285695815013,0,4,1,0
173,0,0,1.1026146303872508,0.10653640213397494,4.834316559938464,0.0,3,52.83756739033882,35.92484291177576,0,4,1,0
174,1,0,0.7161559206992336,0.7744635044653895,4.0828462019113,0.0,3,61.88356785214803,38.1750675275334,0,6,1,0
175,1,1,1.1590848058572916,-0.9498110079037261,3.011786634282687,0.0,3,40.65196586397425,33.446904889478866,0,1,0,0
176,1,0,1.9711538899149392,-0.025278999283197802,4.688410314262936,0.0,3,49.39485476258729,38.82913511538281,0,6,1,0
177,1,0,2.204649397134758,-0.5016978961324923,4.847205913055651,0.0,3,41.88345310411478,25.871219981751906,0,1,1,0
178,0,0,1.1037596428123952,-1.5551965135469132,4.83592672934386,0.0,3,24.526967114188942,14.787723969474031,0,3,1,0
179,0,1,1.1690965088732173,-0.619668660814449,1.6451059654727809,0.0,3,41.531255550945176,66.00715630386875,0,8,0,1
180,0,0,1.2235866796919423,-0.29578827318190243,4.061884191479468,0.0,3,45.00254568658173,39.98788968175796,0,3,0,0
181,0,0,2.083592784713451,0.09819518285827133,3.242951980845105,0.0,3,49.85050582202299,34.616834096690084,0,2,0,0
182,0,1,2.1462843126960345,-0.5345104558356911,2.251405830219758,0.0,3,42.37605651835667,49.90722183410653,0,2,0,1
183,0,1,1.771115674235491,-1.0771649612113159,3.103406412888662,0.2069484358677487,3,17.246351309054937,41.131294794585486,1,4,0,0
184,0,1,2.1330714370054626,0.5003923360857911,1.7419904098823382,0.0,3,55.989041856782926,66.97055867999731,0,6,0,1
185,0,1,1.1769981856833183,-0.9072616450737351,2.5490287030100913,0.0,3,51.57725715370904,55.03195019717691,0,5,0,0
186,0,0,2.7122587596061614,1.8929402584970094,2.695851661482231,2.979170981843934,3,76.92174970190891,60.213072642774826,1,5,1,1
187,0,0,1.4136631653780432,-0.080184600509047,4.206491354104681,0.0,3,41.95136975625851,35.7354932755023,0,4,1,0
188,0,0,1.2580219350729245,-0.01700301003709094,4.839440923439065,0.0,3,54.92944126130155,34.25303164532437,0,5,1,0
189,0,0,1.091230756258514,0.5207851670994573,3.8215333527100346,0.0,3,57.731040319481565,50.86663697226749,0,6,1,1
190,0,0,1.496333445534549,-0.6559803106222801,2.873916968953592,0.0,3,39.87892318106044,42.79119096536291,0,9,0,1
191,1,0,1.6388536088851917,-0.8952973470950818,3.598596160758124,0.0,3,47.964230971728284,19.045314744421564,0,3,0,0
192,0,0,1.3284025954992034,1.4272139800651853,2.3961203908515802,2.1670092785227695,3,72.31053150843024,60.109904693437024,1,8,1,1
193,0,0,4.376298203396992,-0.5072147242601972,2.966613243682006,0.0,2,43.69900363564644,33.17810206281016,0,3,0,0
194,1,1,1.369600089699531,-1.1927067678715166,3.204142108168452,0.0,3,34.135589787958146,36.56052880061067,0,3,0,0
195,0,1,2.6477360704549393,1.4328116106094642,1.3974469353561456,3.12516740120738,2,71.2359304816896,76.25380832685795,1,6,0,1
196,1,1,1.5968556160568284,0.9622924311388547,3.980935893127579,0.8221578412926352,3,63.79736998681882,54.28886766651154,1,4,1,1
197,1,1,2.768438581352251,0.10593023341201388,1.4364190853337306,0.0,2,57.67826089561827,63.96427428301482,0,9,0,1
198,1,1,3.186306641802494,-0.6376751260593271,2.6207383085922906,0.0,3,39.11060114460527,42.69241938391797,0,4,0,0
199,0,0,1.9420431858761615,1.0375199936915593,2.9371157290474383,2.132836394798174,2,68.57957893927446,60.97816580744281,1,10,1,1
200,0,0,2.2764187556899667,-0.7351058317975251,4.493127641018758,0.0,3,40.587331874371316,36.3525642294551,0,8,1,0
201,0,0,5.913772308272935,0.7353035361679386,3.9379504310230056,0.8003487992140113,2,60.43775086069998,44.059137294471206,1,6,1,1
202,0,0,1.2242352552557216,1.6830893982617459,4.066554374056063,2.0672146712346358,3,74.78200373508334,56.997399949815645,1,4,1,0
203,1,0,2.126785460019848,-0.39200077630812713,3.986728243858522,0.0,3,44.825740960833755,27.446142319139994,0,4,1,0
204,1,0,1.0809718697242923,-0.28487918913711185,5.713596582420387,0.0,3,44.75499870110571,21.678171362212932,0,3,1,0
205,0,0,2.2993483543578126,-1.652694304947977,4.523871070035041,0.0,3,25.229474430101728,23.112828133201464,0,5,1,0
206,0,0,2.6188051982283174,0.3065652483079811,4.278213688110486,0.0,2,54.968369011119876,55.777995143838496,0,7,1,0
207,1,0,1.20548005371052,0.4720338148969158,4.885792049437588,0.0,3,57.545045308338,28.555167814651558,0,3,1,0
208,1,0,1.5157799620973413,-0.4868120380779691,3.362613482641762,0.0,3,40.02246175117726,22.00761993426468,0,4,0,1
209,1,0,1.928485441145046,-1.9791079682131119,6.076800766795921,0.14516664747337127,3,20.139289941376976,0.0,1,1,1,0
210,0,0,1.9657261459377675,0.12304839449220017,2.7237608270580576,0.0,3,54.79663597496132,38.1762878212937,0,3,0,1
211,0,0,1.715351595388406,-1.1999777666570708,5.053265892180667,0.0,3,28.979905804054834,22.85794396802866,0,3,1,0
212,0,0,0.794678318140413,0.4492999787793795,3.3603092289952414,0.0,3,57.6637188709273,50.325595956695864,0,7,1,0
213,0,0,2.07706977327751,-1.2528927834409476,3.799297934596643,0.0,3,28.563018871689568,31.647489044829662,0,9,1,0
214,0,0,0.4706840559802559,-0.8764147895160128,4.845564050755008,0.0,3,36.98915443723422,37.967251645818784,0,6,1,0
215,0,0,5.132780030628191,-0.6248155888538107,4.5011338781700605,0.0,1,37.8589152051868,42.77532287160662,0,9,1,0
216,0,0,1.1087060479646582,-0.7095900308343921,4.4136038209395805,0.0,3,44.53524743449517,31.43582102599516,0,4,1,0
217,1,0,1.5565388605402177,0.09105057146026095,4.276214681304395,0.0,3,52.98774905532757,33.78639911571279,0,6,0,0
218,1,0,3.005781179075096,-0.9222539430471861,3.1487113553588535,0.0,2,40.210099719016725,26.176965401365013,0,9,0,0
219,0,0,1.4464007261734304,-0.18057569595149678,4.6990473413899565,0.0,3,46.886176140194365,36.01754716870545,0,5,1,1
220,1,0,1.1841493743561018,0.47019694473651674,3.9695280689587635,0.0,3,57.5016805877874,46.71969536006081,0,10,1,0
221,1,0,1.7032288538740592,1.5916424952466066,3.569084270172315,1.4293052533936348,3,74.3596546473086,43.5825507841381,1,7,1,1
222,1,1,1.3769504646571884,0.5323319541484801,1.9575094756838392,0.008865210796879797,3,56.20751610787779,61.04748727627049,1,10,0,1
223,1,0,2.2061787067575054,0.4640291481209144,4.496587325726237,0.0,3,54.671580333262774,28.19857067572557,0,3,0,0
224,0,0,0.8439574003952308,0.004675137090785865,3.5781751730902607,0.0,3,50.98567116432312,45.35419372633925,0,6,1,0
225,1,0,1.5398518048236818,0.5645048509044973,3.6963392500899936,0.22464825701076685,3,61.797635498540735,38.069536736326626,1,7,1,0
226,0,0,1.854572973160397,0.27604844106970394,3.6724412048811725,0.0236185098547817,2,52.59905976621716,37.085819984205436,1,2,1,0
227,1,0,1.8602858735922798,0.2731746145785496,4.958530827782514,0.013420932816634035,3,49.65319510072786,30.13198426876742,1,3,1,0
228,0,0,1.6938688288484038,-1.2647882274995386,3.786865716796716,0.0,3,34.11619399010906,33.73504203598836,0,8,1,0
229,0,0,2.178037145805482,1.2242011161578625,3.4734543081659575,0.6369882705290786,3,65.04359262799944,54.858028202728455,1,6,1,1
230,0,0,0.7655129627711047,0.9907998175437536,3.7525633325191943,0.9130677394505753,3,63.20496215484867,51.83007994976353,1,2,1,0
231,0,1,2.2796846332843193,0.27422019164523764,1.456783895323082,0.0819798121497538,3,54.798887628489865,59.829376777220816,1,4,0,1
232,0,0,3.0741352360773178,0.8873052121038714,3.1027109226475593,1.2791557882951827,2,63.85450547602225,49.04391877765961,1,6,1,1
233,0,0,1.2565634206240144,-0.08623823518393037,5.475842425180484,0.0,3,53.54376580055864,39.06178837781256,0,5,1,0
234,0,0,1.7614158147191628,-0.39658320068491915,4.029415949228325,0.0,3,44.40400191263306,42.48147450427915,0,7,1,0
235,1,1,1.1642878875908742,0.22778113829304056,2.2595874150810125,0.0,3,51.817993727718196,47.140406700867196,0,3,0,0
236,0,0,1.2675181973551897,1.3895098605428087,4.671475259052988,1.086822309513519,3,69.76192062388861,50.75828577016886,1,4,1,0
237,0,1,8.120800507260364,1.1182377059938087,3.2973613277923457,3.503648584205403,1,65.43057034802281,69.63106791546473,1,3,1,1
238,1,0,2.8314433926062197,-1.1822537412402847,4.933967053863802,0.0,2,31.855907107810474,15.578876403839923,0,3,1,0
239,1,1,0.9212320940762383,0.22726491758901923,2.5407291133045256,0.0,3,51.92679695222152,49.74772494229745,0,3,0,0
240,0,0,1.5168199384135743,0.22580558017246719,3.941830077436027,0.0,3,52.42874147154209,40.521037950672195,0,6,1,0
241,1,1,2.9167238860384863,-0.38223873654749496,2.3759789432693896,0.0,3,47.36383251317912,44.4858695370284,0,3,0,0
242,0,0,1.7694743387479501,-1.548762309277006,4.06726031953031,0.0,3,28.491440849971873,19.831453035548776,0,2,0,0
243,1,0,1.138275615115617,0.3488670147509379,4.597511409656329,0.07288389206805634,3,53.547943246548606,40.850112528824035,1,8,1,0
244,1,0,1.7615577388558759,-1.8339900877248536,5.435435891873107,0.0,2,25.566615341309205,15.402514721878957,0,4,1,0
245,1,0,0.5099633818746045,1.788748882099141,4.5905591729444515,1.7063406296685157,3,74.96775361321288,39.77935115485726,1,2,0,1
246,0,0,2.2579965100920507,-1.1243876971697673,4.0701813490920475,0.0,3,31.76657621988794,33.209083267944735,0,7,1,0
247,1,0,3.5914293524287206,-0.5774254197267739,6.067500848139887,0.0,2,42.09486784917679,25.65405370652544,0,6,1,0
248,0,0,1.7852722010759465,0.06331726452407654,3.9432370334263047,0.24402364144749777,3,50.969260426364094,37.71336117553214,1,5,1,0
249,0,0,3.0381938487471474,-0.4649055311791871,3.2205954538373165,0.0,2,41.00356145062576,43.66578826888987,0,8,1,0
250,0,1,2.063263058365484,1.4691307686501962,2.359402805204258,0.9714386417281982,3,73.60825627247627,76.60316265498086,1,5,0,1
251,0,1,1.6316907652742076,1.5929274630431898,3.55695654688763,1.1307130756416301,3,74.56516617338448,74.82576426471437,1,5,1,1
252,1,1,2.231462326138425,-0.6010262642958333,4.000983877114741,0.0,3,44.21824194964493,41.28852532358658,0,4,1,0
253,1,0,1.2255056691462167,-0.4062685448403602,6.221478467546811,0.0,3,40.537617982228376,19.96130994958928,0,1,1,0
254,0,0,1.5560838116492508,0.37930657525187916,4.156023833474995,0.0,3,56.56037452030677,40.9160439986227,0,3,1,0
255,0,0,2.6685740804096967,1.901406950417261,3.432876547266059,1.6295175361236658,3,74.5990651840358,52.0857291465537,1,2,1,0
256,1,0,1.5598016101192018,-0.7123193021641155,3.384901554199317,0.0,3,39.83278950249,21.664905940892577,0,4,0,0
257,0,1,0.863153509724956,1.238112839165917,2.6518147796886957,0.6047636889414143,3,68.66425665423442,65.5233761575822,1,4,0,1
258,0,0,1.369930318972441,-1.2012795730033703,5.107568680874259,0.0,3,32.426795038541286,30.8044410087069,0,5,1,0
259,1,0,1.4271112170690126,1.667552217016233,4.493393499995312,3.349636333258184,2,79.46200019242804,46.004069994914545,1,4,1,1
260,0,1,1.0620138048507632,0.39997991347279754,2.315065079512789,0.0,3,55.28983028998236,58.042474638572514,0,2,0,0
261,1,0,1.984592894291942,0.12164852322754623,4.894278493146407,0.0,3,53.52816778740872,21.79932167809058,0,3,1,0
262,1,1,3.60388752789005,1.035721502736034,2.9751482101601097,1.7755134049790642,2,66.86378576793076,51.70420556501747,1,2,0,1
263,0,1,2.412040288547568,-0.7225789204824307,2.7713861123651897,0.06257151265547045,3,35.663366520976886,56.312876058217334,1,7,0,0
264,0,0,2.2589426993335575,1.3345165755406416,3.5306783243964968,2.461065484065355,2,69.27961872125793,45.0339755968856,1,3,1,1
265,0,0,5.715524204444584,-1.5756983786778114,5.06778279187128,0.0,2,27.387822532885888,21.887636331063582,0,3,1,0
266,0,1,3.0627647372761726,0.09290380387999833,3.434228830360376,0.0,2,50.227832411725196,59.350559092397795,0,4,1,0
267,0,1,2.7362674486701155,-0.48143688941063423,2.1471645508038897,0.0,2,42.5870965351182,59.04898993139043,0,6,0,1
268,0,1,0.947076791943813,1.6907276446681188,1.4782826934805509,1.2635703460233716,3,76.10947614294359,80.37091710349645,1,5,0,1
269,0,0,1.4253864898271522,-0.4250901593917108,2.6034832781374373,0.0,3,43.55672936933104,41.31772343388461,0,7,0,0
270,1,0,4.889947641646414,-2.339028989690912,4.524142992312096,0.0,2,28.245376543617475,8.18827566042121,0,6,0,0
271,0,0,0.9904422599574335,0.3843829477694483,5.230354204757514,0.0,3,56.54001866114528,42.48323045264622,0,6,1,0
272,0,0,0.4839242669152022,0.08475573359535016,4.685083089854737,0.0,3,33.4210626572727,37.853111787902264,0,2,1,0
273,1,0,0.9065317164889102,-0.08233466706412136,2.7090056308467534,0.0,3,49.53169654260846,40.68087530009759,0,11,0,1
274,0,0,1.693857077339461,2.0826993771739124,2.9037472624091074,1.9969835274005148,3,80.26632459183548,51.97098007320085,1,1,1,1
275,1,1,5.31972839430027,0.8506570969303043,2.152780487449828,1.4309075875044113,2,63.64091826810595,65.67356560701784,1,6,0,1
276,0,0,0.5223019727132346,0.9524277897328388,3.2632757948475084,0.9687024459958411,3,64.5850108841942,38.95750276763573,1,5,0,1
277,0,0,0.8549018244752267,1.6760210805464337,2.521640823088359,0.987713949106053,3,77.46612505841718,53.079967989982514,1,4,0,1
278,1,1,1.5499671773422747,-1.2758715708342032,3.030114894321789,0.0,3,33.35518152070098,36.73288346856251,0,7,0,0
279,1,0,2.317765261399372,-0.8610965237426511,7.028772381067363,0.0,3,38.01259109150197,17.53267785621513,0,6,1,0
280,0,0,1.809663416631523,-1.4124356553009356,4.730392889307858,0.0,3,25.8309611662546,25.33765790308519,0,4,1,0
281,0,0,0.7991932688862058,1.416029288893722,3.3305691284412875,0.9611838530993366,3,37.588012595818874,50.231197917653226,1,4,0,1
282,0,0,1.4321167376782664,-1.03209132707599,4.297850159015345,0.0,3,33.49487768178229,26.271033421526454,0,2,1,0
283,0,0,2.503821581676291,-0.2814409748796948,4.134319069054755,0.0,2,47.32921271480239,31.240191010247084,0,2,1,0
284,1,1,4.479295997957137,0.45473251311100904,2.9762979815241133,0.6657993089560874,2,61.90202778833568,51.085581466351535,1,3,1,1
285,0,0,1.659208618118418,0.016284128450436017,3.0115669633110955,0.0,3,50.74345616506766,40.9038584512337,0,5,0,0
286,1,0,2.667613276872235,2.108451276134424,2.486762780528084,5.461237273364199,2,80.85309454848817,50.929878808926254,1,7,0,1
287,1,0,0.8897263521605139,-0.5080061818637847,3.4038467329510103,0.0,3,41.958340549396866,28.180022497773628,0,5,0,0
288,0,0,1.2982165773692385,-0.4925341100395222,3.7656623801026248,0.0,3,42.116085808116665,37.209052718959676,0,6,1,0
289,1,1,2.203448518238031,-1.0568821061282625,3.22065353298359,0.0,3,17.817135658462124,39.96821883900301,0,5,0,0
290,1,0,2.012547821677462,-0.40921213826645275,4.419769655685194,0.0,2,42.236854635311275,27.763004264091336,0,6,0,0
291,0,1,0.5343091721020734,-0.885553303093208,3.870626680701223,0.0,3,37.29497124943078,57.339264552187814,0,7,1,0
292,1,0,1.0851779591757205,-0.44034035935815585,4.735900392827926,0.0,3,43.97702585589246,24.01760387635446,0,4,0,1
293,0,0,0.7494690767803137,1.9739381849046327,2.2087215698197276,2.2906128449829213,3,81.69962816518994,59.23724720428435,1,4,0,1
294,1,0,1.0987456497147667,0.22968030269148257,2.840142201510873,0.0,3,34.082361899106125,37.601133370237704,0,5,0,0
295,0,0,6.451371920768647,-0.5331055996832329,4.223598201241541,0.0,1,47.69565613666481,32.80649184588203,0,6,1,0
296,0,1,2.1700346460388253,0.08974062278145847,2.869515093134666,0.0,2,48.86663358933051,67.81563718087493,0,3,1,1
297,0,1,0.5810318147112338,-0.452841037708555,2.539000295769261,0.0,3,42.74810804901363,60.56151896614855,0,7,0,1
298,0,0,1.4026902864069064,-0.5573595616398651,4.415943421825983,0.0,3,57.502345840219185,41.91304731247217,0,7,1,0
299,1,0,1.8524021364022525,-0.7693220529439964,5.814788719832993,0.0,3,39.58226901721099,22.040461367030144,0,3,1,0
300,1,1,1.5888139525902756,0.1497122875912715,2.1663544182843983,0.0,3,52.88561211186534,46.9813339879087,0,5,0,0
301,0,0,0.7632155423879846,-0.28967669286127223,4.9494091909086855,0.0,3,44.337307528490506,37.60660265094791,0,6,1,0
302,0,0,4.4601362421574295,0.7156318697095805,4.233512077273512,0.2584292264422057,2,60.49198960466396,44.487284012790035,1,4,1,1
303,1,0,1.6987557903520047,0.23134060131503334,4.90263313597115,0.0,3,52.873873072282386,28.87398580311479,0,4,1,0
304,1,0,3.6675326573554075,-0.30146088933228704,5.562053862596148,0.0,2,44.51218912150205,21.011974282387296,0,2,1,0
305,0,0,1.153045123908073,0.2823044718915943,4.308177184586256,0.0,3,53.95471593679844,44.17083868979026,0,7,1,0
306,1,0,3.9761146178606235,0.6839762882503021,5.19020056349704,0.0,3,60.533405631541335,36.07798780883649,0,5,1,0
307,0,1,0.8503403957679787,-1.3500429452331058,2.535930417510962,0.0,3,29.410857007198,46.790115365418046,0,3,0,0
308,1,0,0.9108246296546384,0.7051596220112956,4.157371810814447,0.1879309734906235,3,60.369272539494276,40.97161428975704,1,7,1,1
309,0,0,1.8238039379283375,2.137073823353737,3.450826530669767,1.8937848942953193,3,82.26799302593584,62.634694293059745,1,6,1,1
310,0,1,1.024781494402653,-2.2464106767257834,2.7265867259333127,0.0,3,15.190363006287381,42.31566676328981,0,7,0,0
311,1,0,2.7518282720214344,-0.5853890785222634,4.5211539688018965,0.0,2,41.94460565112458,16.719522675251284,0,1,0,0
312,0,0,0.958372161915718,1.9074798139092137,2.0308759467621864,1.9534049431338378,3,81.48000323163551,58.83011963440606,1,5,0,1
313,1,0,0.4774243055351818,0.010905395814207505,4.959566205716308,0.0,3,44.11027312630187,30.681516934128965,0,4,1,0
314,0,1,1.3589675272322976,0.23885239880730189,4.832438592886852,0.034456280659414584,2,52.738769022364856,59.0941732860187,1,5,0,0
315,1,0,0.7502195298291695,0.2918456815040244,4.258879146284304,0.0,3,54.219240437606956,29.0589616975807,0,4,0,1
316,0,0,0.9660159525625015,1.1692581242108133,2.768569556959884,0.5971744996668165,3,82.25234389546537,58.25507444161117,1,7,0,1
317,1,0,1.0709779061630933,0.1408009299979928,4.193823349921638,0.0,3,52.53774285266244,37.099627015963456,0,9,1,0
318,0,0,1.5328418720692512,-2.015765869885485,5.861962280506921,0.0,3,20.613153970370686,17.82015119341965,0,5,0,0
319,0,0,3.294372050935477,0.83112448200997,2.619502032154311,1.3528252643472878,2,62.41872722825189,49.191815716828025,1,5,0,1
320,0,0,0.9725493748478224,1.5551483968217041,3.6517727173197008,0.5606205039882719,3,69.23767837095481,49.528664767660814,1,3,1,1
321,1,0,2.255137254864252,1.6956355782070653,5.478900626926586,4.1724064040940085,2,71.1366986970398,50.28537587557349,1,5,1,1
322,1,0,1.838418310201492,-0.13574501782866083,3.542893881651797,0.0,3,49.263816686886265,27.43549647690848,0,4,0,0
323,0,1,1.1682414541478767,0.22618805067760708,5.169962054573043,0.0,3,52.80952857506725,55.83294344647583,0,2,1,0
324,0,0,2.8672720545399755,0.33853516875522,5.194899099927898,0.0,2,54.50040294885114,48.20005773132526,0,6,1,0
325,0,1,2.812942498641804,-0.9616726050457172,1.8205314940782318,0.0,2,35.61807757698038,59.74748518457054,0,10,0,1
326,0,1,1.301766370022684,0.007440825380987843,2.182046226574867,0.0,3,50.259051962484236,63.44315270300521,0,5,1,0
327,1,0,1.4699726616966455,0.6167790135999596,3.7105999145758486,0.004709880458202184,3,57.87306854862238,36.42492153442426,1,6,1,1
328,0,1,1.4530614081806517,-0.7081663861260946,2.6977343622600003,0.0,3,37.287423243217205,55.61733752676477,0,6,0,1
329,0,0,0.8699576908888319,-1.394617727457443,4.391424505730238,0.0,3,29.954998014566147,29.995614288692185,0,7,1,0
330,1,0,1.6507571018228133,-1.1412375465748648,6.511011843016042,0.0,3,33.29672514785815,4.76562982381407,0,1,1,0
331,1,0,0.9663274832747356,0.3511611720619713,5.128891649226173,0.0,3,46.038202514925715,38.709340893868145,0,6,1,0
332,1,0,0.7428171484674757,1.1325725742830817,4.638406297071062,1.575162819794182,3,67.72179173756523,37.45984180063008,1,4,1,1
333,0,0,2.374239722459292,-0.4953218064362082,4.843261644674395,0.0,3,45.09927988831994,36.403775065454276,0,5,1,0
334,1,0,0.6760094666948753,0.4135743579434672,3.933381394876457,0.0,3,49.1774846212044,31.431666500092174,0,6,1,0
335,0,1,1.698815000211448,-1.8248841672538347,4.291083515554342,0.0,3,22.47476109380979,43.61751756983678,0,7,1,0
336,0,0,0.9725729507284864,-1.1159772227112803,5.175331158729655,0.19875541256774953,3,22.848282546821746,25.026867812625092,1,2,1,0
337,1,1,0.8298149092648403,0.659762663869361,1.8530148421949526,1.2057253454741264,2,62.085777991496066,53.05797959637255,1,3,0,1
338,0,0,3.104747823620342,0.36305560973179174,3.8980205533776,0.0,2,55.35047277426194,48.40914010210414,0,5,1,1
339,1,0,2.367737012467704,0.31740411795636897,5.166937267662383,0.0,3,54.924276789068664,23.6906514140495,0,2,1,0
340,1,0,2.619677255843182,-0.040189071844346086,4.343604501415397,0.0,3,50.07782013778392,25.86342948618666,0,3,1,0
341,1,1,1.2729043723433668,0.5427594130548558,2.634990714152091,0.0,3,58.23524994663399,56.63136869166228,0,7,0,1
342,0,1,2.004819503505832,-1.2744347951764714,3.481294960798774,0.0,2,28.725501298631354,54.4574548711832,0,5,1,0
343,1,0,1.4664348966633445,-0.1483143054256665,4.736805277017991,0.0,3,41.8432789241323,32.46408131811319,0,5,1,0
344,0,0,1.1525102171980524,-0.48342424210350027,3.7624540074780324,0.0,3,43.71300939735931,40.4128567106319,0,5,1,0
345,0,0,0.7591220896131101,-0.8366730876408808,4.409691516433016,0.0,3,37.01356473142533,35.31956771269995,0,1,1,0
346,0,1,1.5761271857028527,0.8109015592312457,3.38600891239607,0.2824602101809792,3,59.61308108661305,69.74741285365151,1,5,1,1
347,0,0,1.0312441907997738,0.13154897790302517,4.733342634494864,0.0,3,52.1072609050206,37.29378028683518,0,2,1,0
348,1,0,1.9982841038651717,0.7117906199685301,3.6599312026711415,0.0,3,60.72536547155521,39.36605971857322,0,7,0,1
349,0,1,1.00101816657068,0.7975314192181713,0.6894038924727924,0.0,3,61.718965333662844,67.75532317514151,0,6,0,1
350,1,1,0.9687760026410748,-0.5833912588858227,3.461814813423122,0.0,3,41.161757284615,44.91335395672158,0,5,1,0
351,1,0,2.3544630997182554,0.05854704897407104,3.9752142524643057,0.0,3,51.6837376168443,31.25460563112074,0,5,1,0
352,0,0,2.90721316365785,-0.5429053074563331,4.082548512763848,0.0,3,42.165407077817,40.8908112808401,0,5,1,0
353,1,0,1.2448256509252762,1.0311730065202345,3.4967713548423003,0.7648855225719053,3,64.55955650761639,42.51733186814791,1,4,1,1
354,0,0,1.7456266502598803,-0.8361686200876867,2.7440971580362836,0.0,3,38.00612598569718,29.979836004562348,0,5,0,1
355,0,0,1.1018408430342617,0.3954543255302675,3.463064997929196,0.0,3,55.94198637129636,45.59603541180872,0,6,1,0
356,1,0,1.1742468063147646,0.29901657018866645,4.0820717260757355,0.0,3,55.00993078872287,34.73701220636444,0,4,1,0
357,0,0,0.7736560497440298,0.41122221832122446,2.940358292527585,0.0,3,56.16859646266813,49.88570404088631,0,7,1,1
358,0,0,3.2191210682279614,-0.6851559971141751,3.9165940800185712,0.0,3,40.032180562994135,41.43120308550428,0,6,1,1
359,0,1,1.3199528952325916,0.860851468572181,3.803416206937831,0.197000643549941,3,62.70948677334025,71.53576645374281,1,7,1,1
360,1,1,1.1541897636070795,-1.638533120429518,3.932723566153651,0.0,3,25.179528663261156,45.06037021361732,0,10,1,1
361,1,1,2.496873128536814,-0.2220953723489093,2.592436178107392,0.0,2,41.673151411455365,44.36297871717381,0,3,0,1
362,0,1,1.6156228326938604,-0.5183307562486014,1.890594644396234,0.0,3,41.359482888194684,62.860057935613,0,6,0,0
363,0,1,1.075050863753287,0.12618463819424622,2.0780489895517245,0.0,3,43.567454563822956,64.03979434018936,0,6,0,0
364,0,0,0.9948934845190878,-0.6221472070146989,3.6980698660465308,0.0,3,47.98986825570103,36.61422693649584,0,5,0,0
365,0,1,2.4419789813501076,0.0857014689741777,2.5345043743135296,0.0,2,51.18506295146581,71.51878134342853,0,9,0,1
366,0,0,1.3906364363029502,0.2660500058990498,3.787046874873116,0.0,3,53.13255657766936,50.266767383904956,0,8,1,1
367,1,0,2.054894951715313,1.056828489526071,3.8955615829883445,1.16025162848147,3,65.23531937784925,36.85834250227638,1,4,1,1
368,0,1,1.8522170895126961,-1.5383280075640833,4.518461788271529,0.0,3,27.37290465975811,44.943911259164594,0,5,0,0
369,1,1,2.093928729450504,0.2305224885058646,2.674450785374368,0.0,3,53.576204281922614,48.636324788272645,0,3,0,1
370,1,0,1.703683257103096,0.6188842255191823,6.099364796267641,0.2482254984149051,3,57.64791437924489,36.882770902071286,1,9,1,0
371,1,1,1.6882684247718505,-0.049607676672837116,3.410326773725247,0.0,2,42.89009294757795,48.18943483434699,0,6,0,0
372,1,0,1.382303520382966,-0.13063298319494407,4.7996814008705035,0.0,3,47.34141656223362,30.8125098423885,0,5,1,0
373,0,0,3.0115166016454986,-1.1518290717267208,5.288099400030093,0.0,2,30.254205946963936,24.230721383194354,0,3,1,0
374,0,1,2.185750422470848,0.909945338848123,3.0042876868742745,0.1688365042874748,3,71.43542996045201,59.13471893086426,1,3,0,1
375,1,0,1.057994993234787,0.712089680996728,4.6592553603531,0.9028236113474998,3,58.84054706390951,51.91712943990939,1,12,1,0
376,0,0,2.1996858362768563,1.3184879810886119,4.409882013009379,1.6124957309774715,3,65.74084996750412,53.26695839650801,1,8,1,1
377,0,0,3.5914055375057434,-0.16718913469021154,3.0014583754109028,0.0,2,46.66744382977739,52.11165396892678,0,8,0,0
378,0,0,1.885399151335299,1.660124104868089,2.0858426856617704,2.201174144765758,3,74.70035716046685,55.99422799818883,1,6,0,1
379,0,0,3.8796366761782344,0.7752156434901202,4.18397760908306,1.6674385648952872,2,62.68436725620167,52.3201308565385,1,8,1,0
380,1,0,2.006402749184575,-0.7999193754500844,4.77877824661899,0.0,3,43.84071386713916,24.726661907484626,0,9,1,0
381,1,0,1.9112927423678479,-1.4490218190496875,5.2561653715279775,0.0,3,29.435078802701263,19.471664192129445,0,6,1,0
382,1,0,0.9432364810802489,-1.0269518702246447,5.437604229397437,0.0,3,32.20829185485681,15.585656387814938,0,3,1,0
383,1,0,2.3959208439595145,1.403393947884577,5.059155756491107,0.5468201452041178,3,71.03732121642734,36.26298297413463,1,5,1,0
384,0,0,0.9822189329374333,-0.2595823800552521,3.227302767979059,0.0,3,47.604880703722195,36.108999446136686,0,5,0,1
385,1,0,1.888079451573574,0.2744929787721429,3.892106156736252,0.0,3,53.47752455529,44.59629426096559,0,8,1,0
386,0,0,1.765841616048029,0.28916477643502364,5.932733752915997,0.0,3,52.516305284627705,39.783464545269396,0,1,1,0
387,0,0,2.2043314998015897,-0.15352257123757007,3.508821945978529,0.0,3,47.956575389573636,40.294446730354785,0,5,1,0
388,1,0,1.4733954996916272,0.4885580683416547,5.246422248374699,0.0,3,56.41187632100137,36.084764675371865,0,7,1,0
389,0,0,0.5919562897536856,-0.7503861203125629,5.259030098422395,0.19429293954505966,3,36.47409829581232,35.5783644828354,1,6,0,0
390,1,0,1.4705628988508865,-0.3419803358050944,4.843641835238962,0.0,3,47.30300187905336,29.67718131823443,0,5,1,0
391,1,0,1.878872327905269,-0.05753999649951357,5.360432433208,0.0,3,48.19961543674802,19.975900462330717,0,5,1,0
392,1,1,1.4961278500188415,0.3579606907188052,2.7043009552270147,0.06791500110506365,3,55.701783191016624,56.487867317939546,1,7,0,1
393,1,1,2.3561038677513784,0.6720140271907157,1.538129124236464,1.6479920616005024,2,61.170686854437626,63.67974896402845,1,6,0,1
394,1,0,0.6360109734140864,1.2072720110841368,3.283824047155602,0.011329788460437307,3,69.58193079213606,33.417598380269354,1,4,0,1
395,1,1,2.058172483038025,1.1964658076346184,1.1981948445296284,1.6375958460102757,3,72.29537842873022,65.55307810006796,1,8,0,1
396,0,0,1.406125054991762,-0.801851556218661,6.219837882588599,0.0,3,38.14940240509317,20.124210155940307,0,2,1,0
397,0,0,1.1822663718703006,0.5107079121876072,4.1225089156296795,0.1754435374023614,3,56.71930000862962,40.82029238905782,1,3,1,0
398,0,0,1.8783077365002405,1.378103133643421,3.1217792254823213,2.828724679945867,2,71.4213296572119,52.575530645107115,1,4,1,1
399,0,0,1.4021046322461432,0.08740452849340433,3.548439797146421,0.0,3,51.775807577106434,42.17196215978832,0,6,0,0
400,1,0,1.3820618824976156,-0.005256972225284783,5.665760778639585,0.0,3,48.51782686020123,25.62884670944349,0,4,0,0
401,0,1,2.3077208031264957,-0.07945699757477719,2.809852105522557,0.0,2,47.79704599194941,51.23601673017179,0,1,0,0
402,1,0,1.8101823452159196,-0.8264968966555203,4.380774805531572,0.0,3,39.34104629203243,31.792667442470563,0,9,1,0
403,0,0,1.7891642514117414,0.08691222297745649,4.175357454346091,0.0,3,52.166233461944266,35.91306087017321,0,6,1,0
404,1,0,2.0389649879517213,-1.4687317787412708,5.3727716845164215,0.0,3,27.600270481479402,16.439995822195336,0,5,1,0
405,1,1,2.3693563026010893,1.1578518755204172,1.7660580848781622,2.245105614294253,2,67.91354474725345,64.87384629328268,1,6,0,1
406,1,1,1.7514303016333825,1.413157325474961,2.029730378825766,0.5511545649242675,3,69.4305102169606,68.06615738592589,1,7,0,1
407,0,0,1.7608307139284323,-0.8039661673897773,4.232052845962681,0.0,3,38.27572657465372,32.68996437668759,0,6,1,0
408,0,1,1.566622059999529,0.8091173940956637,2.0418284784245877,0.15398130898116658,3,62.24012427177887,73.39386136597003,1,8,1,1
409,0,0,1.9340584700461296,1.6468863362225419,2.9564584718318265,1.6561475363570166,3,78.83167208637045,57.887735639928884,1,6,1,1
410,1,0,0.5706105693256617,-0.3023380008447474,5.374641776892206,0.0,3,45.92209983857854,26.54957007184877,0,6,1,0
411,0,1,1.4589944438072953,0.22908893702299354,3.3542812066762706,0.0,3,47.92656212239,61.66823634112126,0,3,0,0
412,0,0,2.262816901581106,-0.48086379748264346,3.603195612994411,0.0,3,44.61374184666603,42.85099724066176,0,8,1,0
413,0,1,1.6031379875989729,1.0186596091857347,3.409968151307581,0.0,3,65.31334035352893,60.76076362702212,0,2,0,0
414,0,0,0.5888032101180927,0.07965654261569549,3.389259343462176,0.0,3,50.443492813678766,40.199096233056935,0,6,0,1
415,1,0,1.1020399157983698,0.3526639839978731,5.182046983698782,0.0,3,54.54544582445964,26.354888395128544,0,3,1,0
416,1,1,0.6439808098872924,-1.34035537143733,3.9179967071601545,0.0,3,30.442512133054226,34.76260829410933,0,4,1,1
417,0,0,2.6258104137096465,0.406232930778596,2.1539524877123597,0.0,3,58.72062891356927,50.00447409162294,0,9,0,1
418,1,1,2.0240146601838296,1.2172932393544207,2.41116568208425,1.1354338362729643,3,69.82863133891192,60.624058149399886,1,4,0,1
419,0,0,1.9693893015349622,-0.07516730405516214,3.02171737358731,0.0,3,49.05944241006955,46.067095250006474,0,8,0,0
420,1,1,0.9175635318342856,-1.0585667210705867,3.8349390594490127,0.0,3,32.67440773986775,41.723394096052544,0,5,0,0
421,0,1,0.988022093608166,1.847518971433523,0.6146472285634705,1.8526566610763968,3,79.12733441366915,82.17594043499912,1,7,0,1
422,0,0,1.6630593873977537,-1.146014063171577,4.1692261012076735,0.0,3,33.74750562870287,25.90478782807202,0,4,1,1
423,1,0,1.9915476347609233,0.6079128556584291,3.378012973234935,0.0,3,60.7623476973795,39.59180196753227,0,6,0,0
424,0,0,1.5632633350049805,0.07998981998919745,3.0187458134312974,0.0,3,50.56180451410919,43.26351917239489,0,6,1,0
425,1,0,1.1118112292711637,1.3253287940685081,3.339761145606222,1.163217031889688,3,69.28899291257609,41.45049113021066,1,4,1,1
426,0,0,0.7833186519136963,2.011127876667993,2.364302622421639,1.591589178654111,3,61.26977556517131,58.893592079984714,1,5,1,1
427,1,0,1.1957196413821476,1.110911417612022,3.536354737977512,0.6694675996359855,3,67.65826895679936,47.914852727627974,1,7,1,1
428,0,0,2.17509075339801,0.30541892387362546,3.927647134653606,0.0,3,54.402142621906286,38.86335118944542,0,1,1,0
429,0,0,1.6799786870904503,-0.4615046076452428,5.521016921489948,0.0,3,43.742573680346624,24.09103415728932,0,4,1,0
430,1,1,2.003223117313568,-0.7033338399478853,4.088983500218297,0.0,3,40.33544179191222,44.06565894294875,0,5,1,0
431,0,0,1.4816462421933696,0.4003895256860835,3.936336786504865,0.0,3,58.94687046859479,41.19498133927816,0,4,1,1
432,1,1,2.2471253841726737,1.48701083601314,1.6836207407880988,1.0859353719099307,3,72.38038435301374,72.8320224662937,1,9,0,1
433,0,0,1.0895248784693476,0.8554200121475893,3.638590569338155,0.0,3,64.04019908627778,51.81532075732539,0,6,1,0
434,0,1,1.7406268179592252,-1.1205764076143188,3.701214333840512,0.0,3,33.09727028241515,46.00638347521903,0,4,0,1
435,1,0,1.7123378631005481,-0.06116266057146483,2.9607921687381777,0.0,3,49.296662161388745,37.73922969680766,0,8,0,1
436,0,1,0.8765855908429968,0.004271199693937623,3.088552461135772,0.0,3,50.636830103990896,57.150389014704594,0,4,0,1
437,1,0,1.4465664531553104,-0.5478818744225508,4.898216588574414,0.0,3,38.08463218429598,16.18392269958197,0,3,1,0
438,0,0,0.9128105066880156,-0.3477722761218866,3.0251845775691164,0.0,3,40.7461989689852,35.94141815250958,0,6,0,0
439,0,0,2.2220156072043973,0.9684029535795808,3.650211058217334,0.306878112775357,3,63.17860085024875,47.014431884093185,1,3,1,0
440,0,1,0.8578022519041179,-0.09538932532292455,2.4445786717691185,0.0,3,46.47488081547564,57.13380071346522,0,4,0,0
441,1,0,1.140319980643379,-0.022596351451200144,4.645640009061511,0.0,3,50.24073098533114,28.924236746658654,0,4,1,0
442,1,0,1.5682890259575175,0.22784746064280362,4.831203842151391,0.06274591244677852,3,54.88645789997893,38.504879099594845,1,8,1,0
443,1,1,0.6048562696022696,-0.8474029118471597,3.1107576110601265,0.0,3,33.17377994899141,41.07858567254392,0,5,0,0
444,1,0,1.392526810295861,-0.41639916408607053,4.822756400553115,0.0,3,42.590661262052336,22.594461369863808,0,6,0,1
445,0,1,2.493210513955656,1.2935726043812301,2.4093307743048404,3.845839078946188,2,75.42066359267307,70.20378435419734,1,3,1,1
446,0,0,2.618803803466143,0.514320700335681,4.382975802094559,0.0,3,57.78825465552916,42.44632777243822,0,3,1,0
447,1,1,1.4309714415432186,-1.1262113211943205,4.453190178820401,0.0,3,37.73148731470635,37.56129831041177,0,6,0,0
448,0,0,1.9025632632876033,0.7199355314028328,3.5095686647538735,0.0,3,77.10479970832804,46.49203235352991,0,5,1,0
449,0,0,1.7904990281474287,-0.17213567820976164,4.902260915332067,0.0,3,47.70083729835841,29.426125263762664,0,1,1,0
450,0,0,0.7935950776017618,-0.4408928336075978,5.682449586746403,0.0,3,46.02771435910258,36.74505464727544,0,2,1,0
451,1,0,1.8526127926305074,-2.4944922052034264,4.953855977054331,0.0,3,12.003635411758731,11.079228674244211,0,9,0,0
452,1,1,1.5409352037683433,-0.16940650967022386,4.1618328224062004,0.0,3,47.51635863401739,51.733316367025346,0,7,1,0
453,1,1,1.3210399521724012,-0.7314547846922416,3.1341983585753415,0.0,3,38.763149801231584,40.266249259412106,0,4,0,0
454,1,0,2.3094600761518502,-0.7343537428863267,3.3926618005384617,0.3108578937730111,3,36.023881765630826,18.336068346254294,1,4,0,0
455,0,0,1.2821879761816264,-1.0455682928554264,4.595311754377094,0.0,3,34.8076104507727,34.20606670692656,0,10,1,0
456,1,1,0.9672072480761841,-1.8482066850102448,4.453911253794175,0.0,3,21.800057355669008,38.519829831806064,0,8,0,0
457,1,0,0.9746578399051595,-0.10364502912510061,4.992307616734106,0.0,3,42.43347067537748,20.82797184190909,0,6,1,0
458,1,0,2.8040419831186685,2.0294629381451843,3.6716520675634308,0.9814598619610484,3,78.84290760634056,48.84803190479002,1,5,1,0
459,0,0,1.328793938190065,-0.11907597808437652,4.35384448099148,0.0,2,55.3595501695232,42.51384262839907,0,6,1,0
460,0,1,1.0362900434219597,-0.7476026808153112,2.2166997053917443,0.0,3,39.26473240837045,54.048680200563055,0,4,0,1
461,1,0,1.168101818515124,0.1379148910373331,4.149471843640365,0.04222467080994008,3,50.617268722755014,35.32041177862824,1,6,1,1
462,0,1,3.3756224149104535,0.0881840026663906,3.787431394202558,0.0,2,55.65755278268942,62.96257489852015,0,8,1,0
463,0,0,3.1950929365629004,-0.7911197788900697,4.760887080284033,0.0,2,39.85205859948743,28.81460090485703,0,4,1,0
464,1,0,1.3199217673897266,0.6219038469083912,3.049875119836408,0.0,3,58.66410218725342,39.43634972349826,0,6,0,1
465,0,1,1.8178330672964502,1.2320617207139033,2.1560832342362293,1.4441745505636536,3,56.422832514354496,71.93575664294492,1,8,1,1
466,1,1,2.1379648946283445,1.8473223405102528,0.7113387058691542,4.776374347479624,2,78.73608127544034,78.73914759470924,1,11,0,1
467,0,0,1.6963191304145357,-0.5131314083780912,4.042344669856734,0.0,3,39.984342181321956,28.453517341734898,0,3,0,0
468,1,1,1.8212426150035677,-0.7870602900355333,2.765580232731597,0.0,3,38.63031351647931,44.2377705919145,0,6,0,1
469,1,0,1.9908598926864198,-0.5490841245124035,4.9121291771788105,0.0,3,38.53347118082196,19.1666007363824,0,3,0,0
470,1,0,0.9480256218527784,-0.5169673963877139,4.7854609119147336,0.0,3,41.26411571700479,27.332169784753848,0,5,1,0
471,1,0,1.4310433363711483,0.8739208838582826,3.91548219844449,0.557313191546706,3,61.289906405486256,41.17430706314045,1,7,1,0
472,0,1,3.9821339594296754,-0.16300208652648152,2.7724507930002416,0.0,3,1.318041074229896,53.593469725436265,0,4,0,0
473,0,0,1.3970045480978037,0.27842204196771636,3.380925629754106,0.0,3,57.32958073136007,42.20565610852895,0,4,0,0
474,1,0,2.4673875642177383,-1.066010107760348,4.626216019941828,0.0,2,34.14303948764479,18.014751852879947,0,4,1,0
475,1,0,0.6024939629532006,0.1841489531995214,4.18364759048414,0.0,3,53.38339164674235,35.58825303193656,0,8,1,0
476,1,0,0.6646721535362169,-0.43436441033628853,4.777141047460959,0.0,3,43.63748523712865,23.97947218847398,0,3,1,0
477,1,0,1.3867460347363976,-1.9540377462144127,5.945972373069804,0.0,3,22.823748588970222,17.455372076417433,0,9,1,0
478,1,0,2.4143423430838213,0.7651078573773255,4.793269342723969,0.5295799526042927,3,60.39243977067899,30.71523373339874,1,3,0,0
479,1,0,1.2041873500973075,2.2300598934472293,3.8368327949936383,1.824979621281479,3,100.0,57.221920752738264,1,8,1,1
480,0,0,1.8791300754792872,-0.5981550772245153,4.8437169315881015,0.0,3,43.62872574034512,30.195943904420364,0,2,0,0
481,1,0,1.4397703380188025,0.006039669326993274,3.8783496337971073,0.0,3,50.235556490535544,30.731053794305794,0,7,1,0
482,1,0,3.1450266272832876,0.8805681831269526,4.2019429488923254,1.773940787519038,2,60.922447432104455,33.786180590960534,1,3,1,1
483,0,0,1.7932789301521774,0.5745109787277066,3.454840241257201,0.0,3,63.58154790795466,44.32228578601836,0,4,1,1
484,1,0,1.56157887859233,1.3578052137917536,4.42024818619841,1.4220040424395404,3,67.73177411034087,41.96791757160517,1,3,1,1
485,0,0,2.6760949195636754,0.8242027837761771,3.629813454589768,1.3913326361282705,2,62.05432850054209,49.701448902954596,1,7,1,1
486,1,1,2.2168112865613216,-0.39758192946430093,3.6140809391511524,0.0,2,44.730041028287566,43.93982544219846,0,4,0,1
487,0,0,3.016904591191219,0.28406104987691194,4.559425770760572,0.0,3,54.52733823218917,39.81866075201246,0,5,1,0
488,0,0,1.2295154882584494,-1.4241689869819696,5.5443091417070205,0.0,3,26.90267969421624,25.955500924809915,0,5,1,0
489,0,0,2.022919768955646,-0.6930856204086497,4.602654643022689,0.0,3,46.18847250916982,31.557526801197252,0,5,1,0
490,0,0,4.292462029712279,1.2630538484880949,3.0957244010575757,2.6087470291642596,2,68.29555288549216,48.278145020428596,1,4,0,1
491,0,1,1.6859420857926508,-0.40341069444479605,2.6283058291290757,0.0,3,33.25341659998665,55.54372596719719,0,5,0,1
492,0,1,1.8893411273144767,0.22587145728423302,1.7570603136334768,0.0,3,53.50828305135978,64.20119916963039,0,6,0,1
493,1,0,1.6570310991752484,-0.6619363530131452,7.118781638639609,0.0,3,40.51158230321319,24.844405040081764,0,6,1,0
494,0,0,4.014270671939372,-1.2427128725641554,5.628218298936179,0.0,1,31.53697739324365,20.229756333589645,0,3,1,0
495,0,0,1.0229474648627912,0.04333427293889145,3.8567788690528615,0.0,3,51.687293687015874,47.74990797732138,0,8,1,0
496,0,0,1.676152495934964,-0.01519337622368118,3.9160328716261334,0.0,3,52.092963925728355,43.275303912833394,0,7,1,0
497,0,1,2.9654219164465787,-0.9815692140949698,2.4264859618055032,0.0,2,42.9408429736021,50.23305559684183,0,5,0,1
498,1,0,1.2275183203155173,0.3599017716737209,4.294139460847694,0.0,3,56.08772473330109,30.72456557042543,0,4,1,0
499,0,0,1.0728392327623824,0.5494058265649209,3.562967191875945,0.20909589001581308,3,55.3417439464354,37.78080012677978,1,1,1,0
500,0,1,1.7646616629714562,0.6856800137022091,4.934916218684631,0.0,3,57.79874036862636,66.25486355399987,0,6,1,0
501,0,0,2.0139601190456533,-1.193936110627412,5.176901998093166,0.0,3,41.146360833254974,28.929088805792013,0,7,0,0
502,0,0,3.042417836066531,-0.5961386831014961,4.95551418550432,0.0,2,41.10935849902302,31.415765080047755,0,3,1,0
503,1,0,1.0643182814034917,-1.0219645919440925,4.86227511665081,0.0,3,34.32547718652383,28.310313145391838,0,8,1,1
504,1,0,2.88251739699956,-0.4158762460624245,4.017364439340226,0.0,3,46.72963114759825,27.12161781601425,0,3,1,0
505,0,1,2.9160757070739973,0.31614217033613834,1.2312852926805087,0.0,2,54.725404661355945,62.371527598179064,0,3,0,1
506,0,0,1.5882164157015473,-0.128261285755782,5.651422600192891,0.0,3,48.721951478786316,35.21555187128426,0,3,1,0
507,0,0,0.9880379584143494,1.683253445737127,3.1616580365794125,1.8068155477683123,3,73.34287102891304,61.16363297581047,1,6,1,1
508,1,1,1.0035143227058325,-0.4903833966132145,3.2083588346222967,0.0,3,41.93054452856656,44.92099851894011,0,4,0,1
509,0,0,1.8751561454444878,-0.3824159250725208,3.75834398589959,0.0,3,45.32479744393582,39.58382761602984,0,6,1,0
510,1,0,1.082600656421309,-0.22812422131894017,4.931776956632104,0.0,3,46.404911588583914,28.07852681609081,0,5,1,0
511,1,0,4.70282178281928,0.3158557803902492,4.837689884695342,0.0,2,54.48629728699465,38.75474253766433,0,8,1,0
512,1,0,1.5540314589329032,0.06701950978988949,3.5655375553555757,0.0,3,51.013553320730665,29.057348052753106,0,3,0,1
513,0,1,1.4354970626290673,0.4503077847279951,2.923447618349994,0.0,3,56.12060408331276,56.4445079387946,0,4,0,1
514,0,1,2.1167569486513274,0.7341108161525792,0.7059129917209829,0.0,3,60.74925655065885,79.59326131233091,0,9,0,1
515,0,0,1.5340383183056392,0.08869519020738847,4.670944227292716,0.0,3,50.95080658299644,36.518670221387474,0,5,1,0
516,0,0,0.9708802249048356,1.207887248050926,3.0521234823360115,0.39242039063352957,3,68.08989792238157,49.94374750470605,1,4,1,1
517,0,0,4.110946358567181,0.29302346436049204,3.7464961330526823,0.0,2,55.97719522189837,47.70068276824418,0,4,1,1
518,0,0,1.4363800592284859,-1.9419091070281875,4.650675587576425,0.0,3,22.287302002458134,10.718342436697576,0,6,0,0
519,0,0,2.702946402027252,-0.9319664257061592,5.508466514459831,0.0,2,36.69675452062368,24.216464109162192,0,2,1,0
520,1,0,1.3147586116208771,-0.9034637726914262,5.042233931836978,0.0,3,37.27474854529223,20.96172670049435,0,7,1,0
521,0,0,1.0571497451438083,-0.7710025930297337,3.0443673699652747,0.0,2,39.45106605188566,28.20769648004191,0,2,0,0
522,0,1,1.2177060693111068,-0.3832551716105226,2.615138281574335,0.03779615706010864,3,34.1673932227923,47.780104448066574,1,2,0,0
523,1,0,4.160492956125038,-0.6300285028831436,4.9462877653862165,0.0,2,36.488353883940206,16.643376397628057,0,2,1,0
524,0,0,1.397059469406031,0.47755215680030044,4.358562433074956,0.0,3,58.02204920997494,45.15436758982857,0,6,1,0
525,1,0,3.5840056258876687,-2.0121203167888857,5.057110802408186,0.1581320181829884,3,21.78476847809206,7.030752686914179,1,6,1,0
526,1,0,1.3283066064179385,0.5714537022838558,3.8696357567047146,0.0,3,64.67608173678856,38.12838220667612,0,7,1,1
527,0,0,1.4496705917282557,0.7469931217684781,2.1650071329319505,0.0,3,61.53088347582718,49.717375275582505,0,7,0,0
528,0,0,2.7969257326027677,-1.049958701410249,3.354460714472995,0.0,3,35.43332971539991,29.01382440429034,0,4,0,0
529,1,0,1.9948140386146505,-0.05113927158695829,2.747974057283377,0.0,3,48.6200583853274,38.01713065994629,0,10,0,1
530,0,0,2.008978569137732,0.21876035136261202,2.294847703537583,0.0,2,52.543642246552366,46.00010987795805,0,3,0,1
531,1,1,1.012528269361411,-1.2005528766329188,2.8295176084498106,0.0,3,31.902508048234456,37.05900033676203,0,4,0,0
532,1,0,1.0463124331289464,0.6439554591298292,3.3618187734237646,0.0,3,61.211431011296725,31.31686004237995,0,6,0,0
533,0,0,0.5806526018159311,-1.0029616258169338,4.648179918480368,0.0,3,32.77250106456919,35.29445351406404,0,9,1,0
534,0,1,0.812726989555752,-0.6420859939395388,3.2395136506172526,0.0,3,39.98330810356079,48.6566065213608,0,3,0,0
535,1,0,0.8602210813869885,-0.526420096906759,4.757653613531442,0.0,3,42.0588112569504,22.930489017714272,0,6,1,0
536,0,0,0.8885448100454073,-0.1395452807306424,3.0558293793266764,0.0,3,43.9300936924232,32.54961827383728,0,1,0,0
537,0,1,1.5605068323794251,-0.07985074513386187,1.3042276726008486,0.3876168834495126,3,49.336418593456656,65.41674306243364,1,5,0,1
538,0,0,1.067540954960409,0.6364573514893187,3.220511225251106,0.22243732992478948,3,61.00133883868336,50.33166601398641,1,6,1,1
539,0,0,1.1965433974125708,1.1901364333343891,3.7552952126387593,0.29872703812521184,3,67.84409593495714,45.24678287799691,1,3,1,1
540,1,1,1.49470013386879,-1.6426495159495293,2.8489915850043994,0.0,3,24.832869946417095,35.86886561221847,0,5,0,1
541,1,0,2.5364555953140715,0.5851142008511389,3.594799217351273,0.12998366827246466,2,55.461194150794036,40.679473112613614,1,6,0,1
542,0,0,2.4858223828351935,-1.083298551297327,3.3727591767722327,0.0,3,31.82649591090713,40.67563319210019,0,11,0,1
543,1,0,1.6498607466773914,-1.560532269703373,4.389932602329746,0.0,3,25.716038484556893,13.14834649969234,0,6,0,0
544,1,1,2.0383039013006368,0.5349129682714847,2.261109772411554,0.46032109715119784,2,58.49034718447564,54.31825256371205,1,5,0,1
545,0,0,1.1122153747381107,0.24285396035007928,3.561990845753486,0.0,3,55.612119574458276,34.35258378418743,0,1,0,1
546,0,0,2.051686379891723,1.3801654375506467,1.88551097479088,0.5506468863394679,3,70.40495564714453,55.23216107241347,1,5,0,1
547,1,0,0.5704152461370666,-0.6890562677407236,4.176128504180774,0.10413001053434234,3,38.859082308344895,26.599542461212863,1,7,1,0
548,0,0,2.801034703391409,-0.2525050279320517,4.439856951332259,0.0,3,45.96136620010236,41.172854960872506,0,5,1,0
549,0,0,1.1097755360829131,1.6771972243819122,2.0819635918884765,3.7069755699911227,2,76.22547619103301,47.94186172284061,1,1,0,1
550,1,1,0.715711017235139,-0.25800073659170514,3.3620617328266897,0.0,3,45.904546639102776,44.62824992155607,0,4,1,0
551,1,0,1.8066008922667383,-1.3057496803786084,5.307817785403567,0.0,3,31.71566673043474,11.525230026598877,0,3,0,0
552,0,0,1.9111571616392844,-0.4273902725101986,3.7173812920868805,0.0,3,45.10720608057358,48.98583152281729,0,11,1,1
553,0,0,1.7787481991096086,-1.483071483427766,3.9806300432281656,0.0,2,25.876544665587822,37.74372602324254,0,5,1,0
554,1,0,1.0891965491017954,-1.5553847073971379,4.728945285617674,0.0,3,26.213085101593744,11.93372358599832,0,5,0,0
555,1,1,1.9434710281696275,-0.7058824413466551,2.80893732088458,0.0,3,37.19804689663585,50.54309740788514,0,6,0,0
556,1,1,2.0509142816823673,2.126874859025921,0.7149554582701456,2.520311948550847,3,81.82118564837491,79.64084045207746,1,7,0,1
557,0,1,2.5467586804203184,-1.508869882736264,3.5540394436220826,0.0,2,27.542343758704416,37.66836404805442,0,2,0,1
558,1,0,1.3571293327264367,0.20216058561946032,3.259296746716699,0.2282621486162263,3,52.311677618615384,35.16058911522659,1,6,0,0
559,0,0,0.9160162909827472,1.4538852979684058,3.2651967946657567,2.4988119832592783,3,71.37297093705385,64.21853448657025,1,10,1,1
560,1,1,2.3727629090582965,1.0516397983749493,2.2146514181775374,0.0,3,65.74909103446659,56.66175066103592,0,3,0,1
561,0,1,2.099904000349675,-1.1893051762847884,2.5013147782243257,0.0,3,23.60435409623902,37.87609223365323,0,2,0,0
562,0,0,1.185405630645986,0.16909569799378288,4.466419416832202,0.0,2,51.62155384091871,38.93554913503391,0,4,1,0
563,1,0,3.439190263558267,0.048765515049356174,3.8372700468718426,0.0,3,50.8958766109215,26.951185673985353,0,4,1,1
564,1,0,3.2224178996020916,-0.2790290531528362,3.944097747004416,0.0,3,43.83504115856256,23.01656717633054,0,3,0,0
565,1,1,1.6066143800897268,0.08650452663309069,2.8236370808702693,0.0,3,51.21605742253565,45.73837951360691,0,3,0,0
566,0,1,1.866872382859008,-1.3939813343655092,4.396361085711158,0.0,3,29.643118797685883,33.29489405317633,0,3,0,0
567,0,0,1.817867883735308,-0.6060933966712078,5.122020242385021,0.0,3,50.57955631535691,35.680526954536994,0,6,1,0
568,1,0,2.3791643925668775,-0.31667409959705606,3.914458475383274,0.04850800770103936,2,45.38124287585085,28.17836588310826,1,6,0,0
569,1,0,1.2785346066246337,-0.19499977070173902,5.884496041991708,0.0,3,50.48410116522098,25.837891102581377,0,4,1,0
570,0,0,1.3505790227087395,1.0946703939118416,2.541148641868158,2.4229711797331905,2,66.48863339736002,46.84182477533167,1,5,0,1
571,1,0,0.6813572147506637,1.1053869961334957,4.671583020833124,0.22796120759675825,3,65.98868062604856,31.563824782359525,1,4,1,0
572,1,0,1.3706359900384595,0.27453048993386725,5.787666300171662,0.0,3,55.74105250282707,29.412674435041325,0,2,1,0
573,1,0,3.543777993222015,-0.049486697723737455,5.443331490901336,0.0,2,46.745251994989275,26.34642499439793,0,4,1,0
574,1,0,0.4059842124230491,0.3052642198235651,6.307039569319747,0.0,3,54.45187945549252,25.2165403374376,0,4,1,0
575,0,0,1.2153570408355308,-1.7604809787246587,3.6552622744363004,0.0,3,23.79605539111258,36.709908535885404,0,7,0,0
576,1,0,1.3159801695469466,-0.7469807797240883,4.458093495784352,0.0,3,60.31665889031302,28.933338176510375,0,9,1,0
577,0,1,2.43667097686413,0.46454936772811806,2.0130397492141348,0.2870315096549134,2,57.654351411012996,69.249277538176,1,7,0,1
578,1,1,1.3120992399756655,-0.7805904456154761,2.5081859759105063,0.0,3,39.35714413313587,44.073087800396294,0,7,0,1
579,1,1,2.0549506385423153,-1.1218014719555285,5.227135912676501,0.0,2,20.295098816905117,32.15482685751571,0,2,1,0
580,1,1,1.31144502646623,-0.3838075761929048,3.5069016313536507,0.0,3,45.065025190755115,49.02293410718839,0,5,0,0
581,1,0,1.972522273531979,2.017746594268815,3.612524043288078,1.4232448473203398,3,80.85675804862798,49.81448542372094,1,7,1,1
582,0,0,0.7215760263194103,-0.10386210383720995,4.178195173076106,0.0,3,46.74901321255639,38.73067740521074,0,5,1,0
583,0,0,1.410951851943079,0.2822428862875072,1.8662478322061495,0.11590341689148853,3,53.62046180597897,60.761797038526645,1,12,0,1
584,1,0,1.4088252884462313,-0.1282944778479519,3.721842674708428,0.0,3,47.424448594618006,24.408210185561323,0,4,0,0
585,0,0,2.605810036976885,1.2365594960604296,4.354407800148691,1.5601847338451045,3,69.76275077326572,51.27160989312065,1,4,1,0
586,1,0,1.5864866164510125,-1.685469107185914,5.109401147933793,0.0,2,22.53368330528573,20.30939293219061,0,5,1,0
587,1,0,1.4279009630426513,-0.3984162808513263,5.381917518945513,0.0,3,47.50319383174644,31.00963728154502,0,8,1,0
588,1,0,1.8467649997828768,-0.5550137150174457,5.159466310834537,0.0,2,40.49896129279575,32.070475915712365,0,4,1,0
589,0,0,3.3502220753692233,1.5642659565446437,3.129063964423509,0.5100939455864204,3,73.75247930355398,58.52934425574383,1,6,1,1
590,1,0,1.374339818433295,0.35189840933843625,4.230511420903466,0.3278070244630442,3,55.869068124718154,35.80552563726594,1,4,1,1
591,0,1,1.7450381966866335,-0.8902043209612123,4.044832884588995,0.0,3,33.437513412214095,44.61485411239802,0,3,0,0
592,1,0,2.5604921202694393,-0.08132864022089385,6.688644433708358,0.0,2,47.835375355994564,26.323125423992693,0,2,1,0
593,1,1,1.9437241124946896,-1.4318545045104654,4.36592656801889,0.0,3,28.245485032377502,38.414599330719724,0,6,1,0
594,1,1,1.613965936030442,0.5437835511023865,2.5749496983736804,0.0,3,56.71988281870564,54.1331793547079,0,3,0,0
595,1,1,2.2077709431478727,-0.9844231851270657,5.680561067165177,0.0,3,33.58237610218224,42.80186883850896,0,5,1,0
596,0,0,1.1973679730565108,-0.7913383441294969,5.136375144562388,0.0,3,39.32192595472794,28.048894953007366,0,3,1,0
597,0,0,2.7757971591006037,2.104466020220693,2.702654886434435,1.104060040421521,3,80.75349972915997,73.61251879415094,1,7,1,1
598,1,0,1.246799110128801,-1.1810155335159032,6.234543626313254,0.0,3,32.986424611373984,10.442001268551309,0,3,1,0
599,1,1,1.5347574956316865,-0.5639482169044423,2.3448963452918994,0.0,3,53.16749471028921,43.27695409651428,0,5,0,1
600,0,0,3.9198145008603986,0.2506168806145747,3.987407256307846,0.1604408191716386,2,53.209443881638464,37.3180243909129,1,2,1,1
601,1,0,0.8168539786126607,-0.9969973540508674,4.651361049556693,0.0,3,36.339116129706596,18.641906611920827,0,5,0,0
602,0,0,1.4392268258215646,-0.2886522144629842,4.450250190744867,0.0,3,48.30645597623992,28.847296403527494,0,3,1,0
603,0,0,1.6496332067958308,0.10142600990951994,3.8962994713615604,0.0,3,51.41750024909457,39.03682977506436,0,5,1,0
604,0,0,3.680025088137132,0.10023135040692699,4.267482933522088,0.0,3,51.963226854465674,42.03684877432728,0,5,1,0
605,0,0,3.834136373892911,-0.08185261271070741,4.099252649515903,0.0,1,49.03022821042846,39.139627950966926,0,6,1,0
606,1,0,5.18199003929214,-0.35077754720875653,6.642740317158802,0.0,2,46.938098729263565,24.267111966712697,0,5,1,0
607,1,0,1.470102331783407,-0.5485280155907389,5.3615020477175,0.0,3,40.78352159325544,17.051941582518175,0,1,0,0
608,1,0,1.0485452002979156,-1.967353653850416,6.107069929861289,0.0,3,20.698957008246037,14.088375295293407,0,6,1,0
609,1,0,1.3890228328805188,-0.19572292461090862,4.218553387524484,0.0,3,45.31945208070654,26.584178430611743,0,2,0,0
610,1,1,1.7575785308586351,1.0674379717052174,1.9861887059305647,0.847264297533183,3,67.78941035626154,66.7774788701645,1,8,0,1
611,0,1,1.9756168729671846,-0.7989213731455559,3.7241744249509336,0.0,3,41.83494945520044,51.075120946505116,0,5,1,1
612,0,0,1.2299221667346896,-0.5263420739305974,4.391140031260813,0.0,3,33.57245106200888,33.943664567831256,0,5,1,0
613,1,0,0.4722676068938466,-0.5205557570696618,3.887043482591577,0.0,2,41.40367918415683,18.95172752064839,0,6,0,0
614,1,0,1.0784031075121356,-0.7495683512524085,3.7254203396545087,0.0,3,37.9453305363531,27.207639894027814,0,7,0,1
615,1,0,0.5238791339732023,-2.480255269028929,4.410772160761667,0.0,3,18.226884750168317,9.215232056141307,0,8,0,0
616,1,1,2.7181639469694727,-2.6145332561065837,3.5954660556984592,0.0,3,9.300187290076627,22.217781618400473,0,2,0,0
617,0,0,1.9203169637234527,0.6817964706453671,2.3638761006163636,1.249141226179506,3,65.0399013622507,50.725726035016926,1,2,0,1
618,0,0,6.161635413906015,-1.5572217642512758,5.594102674471518,0.0,2,25.818160488895018,33.71867218139503,0,10,1,0
619,0,0,2.2725321946343797,-0.45739870229432145,4.855789561229776,0.0,2,39.26274628309194,31.034619543047427,0,4,1,0
620,1,0,1.4886554917461972,-0.6647382016595279,5.141238539613552,0.0,3,40.13994479720212,29.548066168675092,0,8,1,0
621,1,0,1.273917002380977,-0.3327973046634449,4.4201134448597665,0.0,3,46.940345402015126,29.870144974196624,0,8,1,0
622,0,0,1.267713540329693,-0.3046745041273719,4.497497959541851,0.0,3,41.72775371152939,33.72184789737764,0,3,1,0
623,1,0,2.70665436033528,-0.5297285352364444,4.758506598454679,0.0,3,42.492414839184775,24.7656148571541,0,6,1,0
624,0,1,0.6496767668295138,0.5654154952009598,0.7639489820208875,0.0,3,58.30889369472738,67.39062407520883,0,3,0,1
625,1,1,5.623666154025999,0.4676978497449516,3.144209664844032,0.0,2,70.44227063181735,46.93604044504794,0,2,0,1
626,1,1,1.4626154688084723,-1.2900891698223864,3.25500381939369,0.0,3,32.410781231996395,37.49136803264218,0,6,0,0
627,1,0,3.102762712714608,-1.4962728288867337,6.823988528204522,0.05905289384235135,3,25.271548386920728,7.685076319328473,1,1,1,0
628,1,0,0.9556762918404819,-0.3510323319502049,4.352051933189247,0.0,3,43.50345539506975,36.01815232518451,0,5,1,0
629,1,0,1.1123870571117789,-1.4404982183599186,4.3671165504861635,0.0,3,27.988837633577877,21.8008896770938,0,7,1,0
630,0,1,1.6263915477548978,-0.9610298031243331,2.6887128356601364,0.0,3,36.024054409409516,49.93921425320085,0,4,0,0
631,1,0,1.0269755996587764,0.4565447126369236,4.4787287581683906,0.0,3,56.83603610797378,33.65331383904054,0,5,1,1
632,0,0,1.2915597452422485,0.026487004708436537,2.9769019637184226,0.0,3,50.347426297102935,40.55156356312593,0,4,0,0
633,0,0,1.58270936069914,0.6754407790757292,4.057581240497746,0.6673962087470435,3,59.871101206439334,46.942334337782384,1,6,0,1
634,0,0,1.313286727437765,-1.4114503191295078,5.269823436211691,0.0,3,19.592081669373464,22.122588304009675,0,3,0,0
635,1,0,1.0657570864859558,-1.030009240537431,4.830765004595518,0.0,3,34.975303305340745,22.42413124741403,0,5,1,0
636,1,0,2.922352027114241,-0.12576709765612534,4.084532710397022,0.0,2,51.055724833187426,28.053843129468948,0,6,1,0
637,1,1,2.0396601908427647,-0.9431585885500215,3.505247466759213,0.0,3,35.140309714811195,32.61198728991467,0,3,0,0
638,0,0,4.1193102602883025,0.05414454775048804,2.3377746993290556,0.0,2,50.61262842569282,50.284537783042154,0,6,0,1
639,1,1,0.6708248589158096,0.7460984852857028,2.8954447195095177,0.0,3,61.959645757261825,48.20075931136422,0,4,0,0
640,1,1,1.6387201164029777,-0.1572685315054314,2.589654599489755,0.0,3,43.53978903010429,50.538554422410655,0,5,0,0
641,0,1,1.2734429043150792,-0.2726807962521893,2.792665789148024,0.0,3,45.551931232755,62.32630610790178,0,8,0,1
642,0,0,1.7516246330331233,-0.5451905367724411,3.7569868957554924,0.0,3,98.5031383894477,37.08320524467152,0,5,1,1
643,1,0,1.9790201222464443,1.7709285684115244,3.7889129015155363,1.1702470978046418,3,76.48172691613486,51.71873533729275,1,9,1,1
644,1,0,2.036305279759076,-0.37743600441611685,3.879038841631015,0.0,3,31.11821177234723,34.47026027325855,0,7,1,1
645,1,0,1.1781815443354804,-0.6339020632783752,3.589999266067819,0.0,3,40.80997485441477,24.33243849240964,0,6,0,1
646,0,1,1.9077062560400881,-0.22656171367922398,2.1207559040331656,0.0,2,47.068258925849115,55.200867703705825,0,3,0,1
647,0,0,1.15782222851317,0.8263386420994034,2.6342488894855647,0.33753759627603064,3,62.51211331903872,52.56710999608165,1,6,0,1
648,0,0,0.4553154893999625,0.372134171486328,2.5975497402707814,0.0,3,55.42561122332956,50.135446375718445,0,5,0,1
649,0,0,0.6860255646634102,-0.04667748704899167,3.559059573132074,0.0,3,46.98201502756167,50.21213104900125,0,9,1,1
650,1,0,3.6634411106375877,0.3856536848829226,2.8415302282418544,0.2194724734848848,2,56.10014553347515,35.120514736218276,1,6,0,1
651,0,0,2.1646662513663837,-0.296603563171885,4.273263410514798,0.0,3,43.48555070439672,31.681436679528893,0,7,1,0
652,0,0,1.9096094574267124,0.03498256459036217,4.74635723545059,0.0,3,50.192587907140265,43.594428287888796,0,6,1,1
653,1,0,1.827018610956793,-0.23453455067350626,4.399137011509837,0.0,3,52.947956436217886,34.09123007158689,0,8,1,0
654,1,0,1.563894488849141,-0.21803709724905285,5.269378743271883,0.0,3,49.01194742087217,20.854054473916317,0,3,1,0
655,0,0,1.015499113026985,0.3406898511063354,3.8259500691759403,0.0,3,55.20587188191764,41.990058837972775,0,5,0,0
656,1,0,2.1092171732937297,0.4382852972075444,4.72312275381421,0.0,3,55.78904111838466,28.672621444685603,0,4,1,0
657,1,1,3.332181168197016,0.7459844051139511,4.0527965753231285,0.5399408709801989,3,61.14037691360018,67.60543335534848,1,7,1,1
658,1,0,1.072766684707831,1.1643801059182737,4.578163853776051,0.3576133105272269,3,65.33062774434218,37.52293745063079,1,4,0,1
659,0,0,2.3283359216692316,0.7673750348243894,4.1055689399402935,0.388521108255625,3,61.66239288334642,35.48563671541888,1,0,1,0
660,1,1,3.0620376286928734,-2.1187119344559147,5.661258317377764,0.0,3,17.19410754800797,21.879353281414534,0,3,1,0
661,0,0,1.691008919498018,2.136776852994105,3.764819374039475,2.2010637135065836,3,80.17568487108139,63.46765818074117,1,6,1,1
662,1,0,1.2065362570137306,0.005101059267712733,4.762946219603299,0.0,3,45.73767010131317,35.4382556446832,0,6,1,0
663,1,0,1.819633732737237,0.0034313346356386228,4.6957192416527915,0.0,3,53.806702142840784,43.0250474742559,0,7,0,0
664,0,1,0.6259173393476923,1.1967271131936374,1.9687077952606924,1.2246487623857711,3,67.89926713895703,69.74533828830614,1,4,0,1
665,1,0,1.1587000363812092,-1.332542831085475,5.546260004041103,0.0,3,29.16263338407178,23.192155536913273,0,7,1,0
666,1,0,1.9116775897538785,-1.890852030067279,5.129275871727806,0.0,2,22.979339743270216,9.734242634714978,0,7,0,0
667,1,0,0.7284916818796382,0.31799398522089933,3.5543829581224013,0.0,3,51.93004009812611,31.64207296307056,0,4,0,0
668,0,0,1.0425299448065435,-1.057467443217346,4.630879692421487,0.0,3,34.59307910904048,32.66803833140757,0,7,0,0
669,1,0,0.8659552885037993,0.678006817548396,4.144699798585345,0.0,3,62.35901676018414,35.89274162883801,0,3,0,0
670,1,0,1.2462872776834446,0.7833618770737966,3.6015668334735764,0.4561862500622436,3,53.976590113567894,45.97301911664591,1,9,1,1
671,1,0,1.3435652463166088,-0.7179396314457626,4.9558794080094675,0.0,3,37.083155052070374,40.0970507656747,0,10,1,0
672,1,1,0.6988863951082687,2.178893993855554,1.9962045688415078,2.506351943633964,3,81.80925156720633,75.65102951222491,1,6,1,1
673,1,1,1.7014397358909843,-2.2356668444679295,4.265021264753611,0.0,3,13.190627748340901,21.61454925880458,0,5,0,0
674,1,0,0.5179454193828004,-0.44334626875226146,5.456735991623249,0.0,3,33.715052004683315,29.68797168245725,0,7,1,0
675,1,0,4.333259483093673,0.15560801806341615,5.489761603162808,0.0,2,54.446471270214666,24.263654091197928,0,2,1,0
676,0,0,0.9405055146720459,-0.5653338230568213,2.8571282834458858,0.0,3,42.75056163642819,34.5355035507194,0,8,0,0
677,1,0,0.9320599337495112,-0.2110297124959492,5.461222032621446,0.0,3,47.43690056896366,37.39171582832444,0,9,1,0
678,0,0,1.4834630775904531,-0.15688767750462831,4.595985192357751,0.0,3,52.19249422705276,33.06978801880481,0,3,1,0
679,0,0,0.791366279894953,1.4599397940500543,2.9583512162658145,0.615224590889965,3,71.84471238377765,52.61903152558912,1,5,1,0
680,0,1,1.7574516887293308,0.5341022872250493,2.370841083640444,0.0,3,55.848347299073616,61.29721863488907,0,3,0,1
681,1,0,1.6733844917525442,-0.46442009933986234,5.202796318622564,0.0,3,44.41634509157758,25.594239204591013,0,6,1,0
682,0,1,2.5857445196861533,-0.15149947564430014,2.024423383351152,0.0,3,46.85428332637358,58.4275712955042,0,4,0,1
683,0,1,2.4926291031724763,-0.12446251445318159,1.8616900915012071,0.0,3,47.37996437577089,64.25714138051234,0,7,0,1
684,0,0,2.3904032094088423,-1.2666509504188344,3.317011678663638,0.0,3,30.839298724795714,35.567637648194314,0,7,0,0
685,1,0,1.5067938412819921,-1.6519674165060565,4.113728236007475,0.0,3,26.31055903769242,25.695735892928237,0,8,0,0
686,0,1,1.3571147038739781,-1.2326420811209255,2.8894804022823566,0.0,3,24.91952047526438,59.02715865398712,0,11,0,0
687,1,0,1.3800776103329913,0.8842610482925395,3.152588340672155,0.7157902908509428,3,62.19772472907381,41.37152590667458,1,4,0,1
688,1,0,0.8051811028747854,0.4332352961680947,3.169561728428679,0.0,3,57.7756720292121,33.74516340303818,0,5,0,0
689,1,1,1.5091482887303358,-3.1556690353128376,3.8169516759409374,0.0,3,1.8077644025110766,20.688172593846097,0,6,0,0
690,1,1,1.3585925544373805,0.04639707441149122,3.7881070595743527,0.0,3,53.35472128000849,47.25419679003488,0,6,1,1
691,1,1,1.2187128464214756,-0.5124836179194466,3.4552474844014296,0.0,3,42.50541045956375,45.046714871546506,0,5,0,0
692,0,0,1.2703232337482078,1.2257742036220431,2.93521104495595,1.0065325152587608,3,68.92717305729772,62.58217251222025,1,10,1,1
693,0,0,1.79241104479579,-1.5078907568547404,3.8517192133627973,0.0,3,25.760302064616024,33.88866915358136,0,6,1,0
694,0,1,2.3113679202558597,0.34698011108384735,3.497545317842053,0.0,3,54.26110866402274,52.634545076970696,0,6,0,0
695,1,1,1.1134828984143328,-1.488048687858761,6.784137330201851,0.0,3,27.10823220801634,32.9703381345062,0,6,0,0
696,0,0,2.092172052102034,0.05122568009901364,3.539454186413082,0.0,2,51.32451297757703,51.71681431604985,0,8,1,1
697,0,0,3.0231743099633746,-1.0509349770671625,4.177081238672219,0.0,2,34.203419807446,26.124428901839316,0,4,1,0
698,0,0,0.9813985598176167,1.4223309158425366,3.380688886606131,0.8478420129858939,3,75.07024485583912,50.267650477998494,1,4,0,1
699,0,1,2.0782143715366725,-0.40613883850695714,1.7169014078450402,0.0,2,43.91305257897695,55.222690213127876,0,4,0,1
700,0,0,1.9276732181645566,1.408534734877214,2.7823366251226966,2.1777437221387452,3,71.99420914521828,62.723786477496475,1,8,1,1
701,1,0,1.0462533603372932,0.40603830124149337,5.756350744812501,0.0,3,55.652935018266255,32.77031019783003,0,5,1,0
702,1,0,0.6001085820386202,0.9952123281745504,4.386502079582355,0.3094954940722391,3,64.96998449427544,37.283625666332505,1,2,1,0
703,1,1,1.1166083758521395,0.2872415435544199,3.781312313980896,0.0,3,53.35312165565256,51.1837315757743,0,5,0,0
704,0,0,0.8126763579735837,0.024355633729566253,4.802945609172343,0.0,3,52.152773724156866,31.834790199901892,0,2,1,0
705,1,1,1.4341365694277484,0.7541432550330157,2.279011515345524,0.10670063713750748,3,61.53608202100019,63.744416029975504,1,7,0,0
706,0,0,1.5097907214590713,-0.4023040280149538,4.909023449777461,0.0,3,41.94550798325913,34.53167118109119,0,4,1,0
707,1,0,3.022540563434726,-0.2448208464138266,4.75245937974998,0.0,3,47.943354377389575,22.88141885260001,0,3,0,0
708,0,1,1.5724896402391495,-1.5995870367920693,2.4142778765984656,0.0,3,12.412465941464779,41.787519936856484,0,5,0,1
709,0,0,1.9763121152202903,0.9845716807466675,3.2627548619548055,0.5228533418673049,3,64.34063309100817,42.96722382941247,1,1,1,1
710,1,1,1.2489861477629984,0.09554126931586812,2.802305701978178,0.0,3,51.28622360460892,65.49584846228238,0,12,1,1
711,0,0,2.8827900724431665,0.5389188439336288,2.7154471296231955,0.18256150687720002,2,61.68706753734408,42.44518812849579,1,2,0,0
712,1,1,1.2621734232374338,-0.42802424086154683,3.1910489657887218,0.0,3,43.90849754729755,43.9119152295859,0,3,0,0
713,0,0,2.000626445036873,0.6118229033200401,4.691245334957465,0.1656372592304881,3,58.58868200609489,44.41410148376221,1,4,1,0
714,1,0,2.042203637299081,2.2371723564577324,4.618752839081134,2.4246398542088223,3,83.44704829544114,48.56247695099175,1,3,1,1
715,1,1,4.17676730061327,-0.8765676821124457,4.0395767898799,0.0,1,34.49109344519037,51.90748400466883,0,10,1,0
716,1,0,6.253754989510223,-0.802768445620216,3.828857966719915,0.0,2,40.955803946733084,22.071522761217178,0,6,0,0
717,0,0,2.870054151813178,1.1791404148424753,3.2161059704528374,1.949769481936587,2,67.49755854377969,54.78713805651898,1,7,1,0
718,1,1,3.1545617467680858,0.12340331771721486,2.4596503628899846,0.0,2,51.8245841633313,40.75468753341523,0,1,0,0
719,1,0,1.6374753995050049,0.10357469760180169,4.7501734331352115,0.0,3,52.67073128948351,27.862952380228823,0,3,1,0
720,0,0,0.707508095190588,-0.7252213073314602,4.266082588289661,0.0,3,40.68285522520868,32.31096680907937,0,5,1,0
721,0,1,1.0393161769687518,0.7132945610467794,1.5016387149416373,0.0,3,63.33954343358557,61.67348621536749,0,4,0,1
722,0,0,2.4709485523403174,0.12694687312995992,4.220370247460492,0.0,2,53.150924255061824,32.466998592003634,0,2,1,0
723,0,0,2.5554672694020253,-0.9246319215287283,4.2980248302785276,0.0,3,44.90990403767306,35.969947214594654,0,7,1,1
724,1,1,3.886240879771319,-0.8032669919509159,4.305394088634087,0.0,2,35.748360060291894,32.07855572651654,0,3,1,0
725,0,0,0.7397712262634863,-0.5183878686899985,3.0303798414075356,0.0,3,43.60236776061028,34.45605692221792,0,5,0,0
726,0,0,3.0633405152674387,0.957344376549554,2.5644031431773637,1.8756178490457447,2,66.06192984785062,55.32231007131196,1,6,1,1
727,1,1,0.9235938518631042,-0.7735095517105914,3.2935602954631764,0.13505029494239462,3,37.30272727199216,41.47774147484696,1,6,0,1
728,0,1,1.1245424424315689,-0.5586434070623462,3.042964825526857,0.0,3,42.88870516420257,45.95388351111043,0,3,0,0
729,0,0,1.3858987574670962,0.6217785292350931,3.8510548217945573,0.0,3,59.84819853625673,42.14958269431029,0,3,1,0
730,1,0,1.6056958935222185,-0.7760872006167394,4.301766188258738,0.0,3,36.46210938302721,22.13003918959948,0,6,1,0
731,1,0,1.1056562204663254,0.7967118724751537,3.823730416412949,0.34277347696422544,3,61.88188759315909,39.892539262142314,1,4,1,0
732,1,0,1.755865010902497,0.06806081567138714,4.820987146004573,0.0,3,49.74400242165957,29.503188122730545,0,4,1,0
733,1,0,1.8501618693463815,-0.8868896195299665,7.890120014735482,0.0,3,36.97859517036781,14.716729328744083,0,5,1,0
734,1,0,1.4754261318118718,-0.46312846367291266,4.150777020999844,0.0,2,42.87347493208371,37.26392120365302,0,7,1,0
735,1,0,1.31114730385876,-0.5492168285249962,4.230258189884394,0.0,3,41.668983069705526,22.898387734579547,0,5,1,0
736,0,0,1.4865718750012307,0.5587979198575961,3.1713653823030925,0.0,3,58.299331996667306,50.945822850948026,0,6,1,1
737,0,0,2.1023220165733143,1.0437914520819258,3.134840426610946,2.036538993171004,2,65.65847033344198,54.91774465374429,1,6,1,0
738,0,0,2.8303366408814146,-0.6929225987874392,3.5379337009813225,0.0,3,37.13159232167965,41.982220248147314,0,8,0,0
739,0,0,1.2632098011872204,1.0101491157247326,3.039662873293581,1.138671458544235,3,66.18155357776867,42.06176903341619,1,2,0,1
740,1,1,1.3019839417785954,-0.5393276903209364,3.854095778127285,0.0,3,42.064107973649,49.28420477420467,0,8,1,0
741,0,0,0.8008758242328536,-0.9499131940089344,5.146746623831696,0.0,3,32.81558718725469,27.668668849305668,0,4,1,0
742,0,0,0.7986958115276346,-0.9576407666737721,4.848159401077245,0.0,3,33.88996303475764,24.261756494111964,0,4,1,0
743,1,1,1.7188515538409017,-0.3853199903746057,5.717947991365719,0.0,2,44.016546714654595,41.909153302829715,0,3,1,0
744,1,0,1.9779919242114095,-2.5495539895101107,4.901762912688706,0.0,3,14.878523105108258,4.955162514474532,0,6,0,0
745,0,0,0.8855007139047326,-0.9706998864842961,4.719549078633238,0.0,3,32.85154121428952,27.850412030442683,0,4,1,0
746,1,1,1.8732282538518397,-0.5236837164265283,3.2203298645381944,0.0,3,39.225761706515044,36.67968714192634,0,5,0,1
747,0,1,1.3325067760561573,0.4030978519763742,1.3543643107129055,0.00442339927810681,3,56.75576139965105,60.98022232051926,1,3,0,1
748,0,1,1.3389195432535437,-0.682247963344137,3.9050396670879803,0.0,3,41.026311719988136,51.23262273161606,0,4,1,1
749,0,0,1.8695444678240751,0.6094468360083323,2.993398888998986,0.1387864231189067,3,59.90802952754202,53.02350967035659,1,8,1,1
750,1,0,1.1651578843085277,-1.8012333001838787,4.47779736810331,0.0,3,23.634571911013204,12.630463444520142,0,3,0,0
751,0,0,3.0949421936864345,-0.3974334515828894,3.4801003753467192,0.0,3,42.08847442264048,42.24966148951061,0,8,0,0
752,0,0,1.4589123899820071,-0.9834286414166454,4.644386498181254,0.0,2,32.23356995727063,28.62565244015504,0,5,1,0
753,1,0,1.6119460140350461,0.8334930786204511,3.527704962056481,0.10790487295928586,3,63.188025323532734,41.86361628527848,1,6,1,1
754,1,1,1.223023715793809,-0.4948623044418469,2.725008864427549,0.0,3,41.660651686849036,47.144067385907626,0,6,0,1
755,1,0,2.265309029047448,0.6237527509114226,4.950809533346199,0.0,3,59.59517131578645,58.0188802532632,0,16,1,1
756,1,0,3.3500698492250063,-1.037933587154307,5.346004737045504,0.0,3,33.28837593438441,17.671833713115543,0,4,1,0
757,1,0,4.566811376872138,0.40220948947962515,3.879491668752298,0.0,2,55.21619487332525,39.685814118537316,0,7,1,0
758,0,0,3.921770029606578,1.4769333140461998,2.7724867114700977,3.0978215554586024,2,67.84252747942575,57.45357210503497,1,6,1,1
759,1,1,1.3003429657495003,1.5741730697791214,1.4752691389529662,1.4752455175083214,3,74.64538397791542,62.51168540960802,1,2,0,1
760,0,0,1.9042140243892929,-0.3443710584488225,4.58549787843542,0.0,3,44.63804229535817,29.705139502742455,0,2,1,0
761,1,1,1.8892205398256512,-0.5928768163331655,2.8885826090077638,0.0,3,40.54631082491613,40.913682650421144,0,5,0,0
762,0,0,0.6272096938864224,-1.240096608696397,4.002480973692844,0.0,3,30.886540301208253,33.454888395701666,0,7,1,1
763,1,0,1.127263210682421,0.8388488485078904,4.168468108383635,0.428945358262077,3,62.648968832538564,31.945914409979437,1,3,0,1
764,1,1,4.1199652390581445,-0.7558128618246142,3.4096522764863675,0.0,2,41.067025863761,39.48212486045816,0,3,0,0
765,0,0,5.204054690275982,0.24828045219266612,4.803669118184583,0.0,3,54.32825048427885,35.858965934362864,0,2,1,0
766,1,0,2.5341720075542233,-1.891966698242478,4.307359675469878,0.0,3,22.030145709428325,7.995718700242809,0,2,0,0
767,0,0,2.638993112376658,0.7681122948690015,4.585751938402638,0.0,3,62.24255400029883,45.15066618467852,0,3,1,1
768,1,0,2.482842038105742,-1.5401876728884543,5.464180295446208,0.0,3,29.731583360074676,11.931153263176917,0,4,1,0
769,1,0,1.230527640801328,0.5304123695977117,5.55134186335805,0.0,3,57.807193335167845,32.101935686089924,0,4,0,0
770,1,1,2.3161334512527474,-0.5968574279119016,2.9738175997041165,0.0,2,38.28542577789166,37.389355278595744,0,2,0,0
771,1,0,1.2552436144997459,0.7594202211496714,4.422144473990716,0.0,3,62.24814233950283,33.970931368618594,0,3,1,0
772,0,0,1.7490750393479455,-1.1959845001385623,4.4962105584461485,0.0,2,32.088761825075565,30.276254678368147,0,7,1,0
773,0,0,1.681735461658487,-0.272310555549301,3.589329924049858,0.0,3,43.381218031300676,39.20067436853795,0,5,0,0
774,1,0,2.1705924926555475,1.3540089624539273,3.9235360128893473,1.3757328727960503,3,68.71923059891299,44.174522208214164,1,8,1,1
775,1,0,5.885239525443085,1.4723904748760417,3.555743822231505,3.8468229201978135,2,71.78022665225305,38.2280871698569,1,0,1,1
776,1,0,2.6896758044411055,1.0506249001327366,4.15105869471637,1.3891300709906287,3,65.65465359192025,38.82944033726331,1,5,0,0
777,1,1,2.338630280895347,-0.24469156343688284,3.5475294889637006,0.0,2,45.88604180736296,46.45223518525619,0,5,1,0
778,0,0,3.079852386166153,-0.47333799193471704,4.116352503451956,0.0,3,48.76490839057851,45.06247864773178,0,5,1,0
779,0,0,1.1004505246147247,0.3633430797429879,2.9099685737431846,0.0,3,55.29958049817947,40.48424206771635,0,4,0,0
780,0,0,0.9228420124734675,0.8877259881317363,3.10864303581245,0.0,3,60.5442434007043,52.974372993687474,0,8,1,1
781,1,0,2.505379100625267,0.32877654516063454,4.876572781744028,0.7312735556164439,2,55.56675483237673,30.983514876799607,1,5,1,0
782,1,1,2.1684087301079136,0.23429076438714885,1.7602672218057613,0.0,2,53.32631807245719,52.95932757012002,0,7,0,1
783,1,1,0.4934283034241211,0.99978617961074,1.970698501395473,0.6231223469356699,3,0.0,62.42933440284704,1,5,0,1
784,0,1,2.430376048765632,-0.794263384507082,1.783273850133789,0.0,3,39.16736170993442,64.92538228303951,0,9,0,1
785,0,0,2.1386136485501948,0.5855219089630262,4.288023732331718,0.0,3,58.36278757776623,40.52771269858311,0,3,1,0
786,0,0,1.5513408096845698,-0.20662373711556153,4.945153186079219,0.0,2,46.17181400051205,39.65270961437918,0,5,1,0
787,0,0,0.9650013404403988,0.16653382217577492,4.009353542886044,0.0,3,42.96521910518965,47.739999420500645,0,5,1,0
788,1,1,1.846075366481698,-0.8286184168377082,3.0547821076733532,0.0,3,38.13111010084783,46.12286762349336,0,7,1,0
789,0,0,1.2821126718147589,0.449067658130597,3.7001800380873435,0.34505810942798654,3,57.25998384335781,38.530720359830575,1,2,1,0
790,1,1,0.4240185285965689,1.552924565674287,2.548628244205654,1.7550124051523344,3,73.80673764985107,58.63456867327606,1,2,0,1
791,0,0,2.099254094236976,1.1437424875123048,3.3678623778050154,0.6378979262710057,3,66.67543009647305,52.028798289572215,1,4,1,1
792,0,1,2.889591667860178,1.7901142276403028,3.946974529618965,1.8698187224269405,3,76.84068037708046,64.19737062983137,1,3,1,1
793,0,0,2.244391790027841,0.7912757462200639,3.388555920124898,0.04584683021985539,3,64.68423479838043,45.80896641004365,1,4,1,0
794,0,1,2.2655231548704617,0.2566996048529815,3.2108998663498567,0.0,3,54.97517791948104,60.720941851629405,0,3,1,0
795,0,0,1.0261743028096233,-2.0936439927093837,4.034001506404783,0.0,3,22.994475703285474,24.78561739235562,0,6,1,0
796,0,1,1.1140010898814616,-0.2416934386522416,1.9389577608438269,0.0,3,46.18612066768515,56.28658826031732,0,5,0,1
797,1,0,1.6090287381160588,0.41029322526249423,5.293439018803496,0.0,3,56.68073170795745,33.56593677272845,0,6,1,0
798,0,1,2.143625793998279,-0.9765750874743854,4.090876239448696,0.0,3,36.025598055135916,47.20660841728792,0,4,1,0
799,0,0,4.482791766710069,0.09241562890370529,4.043322018670218,0.0,1,23.93217679350575,45.72405769645342,0,8,1,0
800,1,0,1.1001452716245683,0.3507385777270753,4.478471268341662,0.0,3,56.106395105669975,35.67677532500261,0,5,1,0
801,0,0,2.688019400315619,1.8426961704362335,4.215358353915261,1.5456861012182523,3,76.44562715762373,54.77396854049287,1,1,1,1
802,1,0,3.017503860607144,-0.17124250211988298,5.161077124587996,0.0,2,45.40936229395985,23.54734082949705,0,3,1,0
803,0,0,2.4694030489440735,-0.3063537731739559,4.542730836111789,0.0,2,37.57199706023712,40.677294368939066,0,7,1,0
804,0,0,3.68004661614707,-0.5012489145360142,5.054973358362462,0.0,2,42.33456192975022,42.90654455199482,0,11,1,0
805,1,0,1.3927880961565033,-1.0809437759970555,5.281987035981926,0.0,3,34.26225145190715,22.4879482991342,0,4,1,0
806,1,0,1.4418693759570265,0.5916695830677734,3.9205235213353338,0.6345677491966853,3,58.8873788710587,40.15760666527582,1,7,1,1
807,0,1,1.0479057647085468,0.056662993738508145,2.0014048191201392,0.11801474459268091,3,51.38462682600891,58.666038647224404,1,3,0,1
808,1,0,1.132330088824832,0.004029316109630645,4.565934818660063,0.0,3,50.55284416494428,38.49073192367791,0,11,1,0
809,0,0,1.1736978075034719,0.47036856706432,4.396621433644466,0.15514203507839763,3,56.98270575294356,35.44465509518927,1,1,1,0
810,1,0,2.3952385483065357,0.8220857692484423,3.939713069909919,1.3616490679486961,2,63.44630479591189,38.69426747698449,1,7,1,0
811,1,0,1.6522010370716858,0.24125135425055166,5.397191670244819,0.039777291163306305,3,54.00048980815173,34.43362642200861,1,6,1,0
812,0,1,3.123957279024675,0.10663955458476562,2.487508310814525,0.0,3,51.59669288440543,55.431914346608906,0,3,0,0
813,1,0,1.5566985363820098,-2.17436027848776,5.6887797119980625,0.0,3,16.518284391215687,6.129329116831886,0,3,1,0
814,0,1,2.3772637841961664,0.5509890656078155,1.382925927323617,0.0,3,58.323050771110154,62.81687382980575,0,3,0,0
815,1,0,1.7673607491444405,1.6915792625633908,5.383985460428837,1.055794346893295,3,76.2748620805702,49.36883115821917,1,5,1,1
816,0,0,4.479465457866756,-0.09188054638432414,3.1099404326026585,0.0,2,49.808501714636954,35.118914173242366,0,4,0,0
817,0,1,1.490841831869527,0.00805720019146711,3.4798772170476413,0.0,3,44.21916974434197,50.69561167740773,0,2,1,0
818,1,0,2.44404936569785,-0.36606096043310055,5.061002213618675,0.0,2,41.163868756621525,20.413340330260752,0,5,1,0
819,1,0,1.4688478544100372,-0.6644905184549016,4.284647303361319,0.0,3,43.038341009954515,21.58523207969723,0,3,0,0
820,0,0,1.5718643383540836,-0.4034807867588537,3.1901749432354256,0.0,3,44.10063946681143,36.65044817986549,0,6,0,1
821,0,0,0.6402281378164292,0.2702527649636228,4.280742286272977,0.0,3,55.24485192928511,34.1542162492791,0,3,1,0
822,0,0,1.8902748902855506,-0.42899422134551035,4.532482436708005,0.0,3,41.53283103085092,40.227265237193926,0,8,1,0
823,0,1,1.9560974760471832,-0.12011457819664896,4.290979839269741,0.0,3,47.94835694547614,56.31441970455636,0,5,1,0
824,0,1,6.8134602392480765,-1.7153276167171896,4.406368585834597,0.0,1,25.372743276720236,43.65181680730221,0,6,1,0
825,1,0,2.9725368453475514,-0.6500018407908447,3.8716656871180586,0.0,3,36.327835689208015,23.3078503733832,0,5,0,1
826,0,0,1.6253761123763322,-0.1255063068287579,2.71991958730917,0.0,3,48.485325194193756,33.70606025274514,0,4,0,0
827,1,0,2.989972189122532,-0.05485615328726458,2.937004431392182,0.0,2,49.25763973809682,35.41807930755743,0,8,0,0
828,0,0,1.620469207985375,-0.1431670501289065,4.170541106113255,0.0,3,48.10107501531938,42.38902065713086,0,5,1,0
829,1,0,1.327513467178796,0.7868233994930561,4.269384722892171,0.9320369947545349,3,62.68390466214357,35.09107772608679,1,3,1,0
830,0,1,1.6665237670449737,0.9143227627079187,2.910565971353744,0.0,3,63.01786990658678,71.42533475877636,0,7,0,1
831,1,0,3.485085682750882,1.2910080645657387,4.179634992583475,1.112119464082397,3,78.57969720156706,49.173601575388496,1,8,1,1
832,1,0,1.101438878912849,0.7199914092693954,4.544634302834634,1.4442095875079266,3,62.42227720063749,34.98671691741068,1,4,1,1
833,1,0,1.826953340492827,-1.34089483785209,5.342616886317324,0.0,3,29.836179586141277,10.934049361803524,0,7,1,0
834,0,1,2.4073549536053287,0.5106720462020192,3.2528806191097317,0.0,3,61.21677273373699,60.89797499182237,0,3,1,0
835,1,0,0.6847487172428166,-1.5571043506847781,6.961103228378829,0.0,2,28.691935981328793,13.251039538989083,0,5,1,0
836,1,0,1.4695434958656257,0.39798030832801573,4.471913603141742,0.0,3,53.87203892192234,29.971767087176474,0,3,1,0
837,1,0,1.459208514471753,0.40549318335875745,2.9206555816300304,0.0,3,54.97352961023476,35.38290931414327,0,6,0,1
838,1,0,1.4179453561612358,0.9589838347021383,3.5952166255492632,0.6451015474086133,3,63.99691256384738,41.581892433601304,1,5,1,1
839,1,0,2.9964192101042175,-0.22193193431871233,5.054332807206455,0.0,2,47.81720825483825,31.7747029894169,0,7,1,0
840,1,0,1.4753933808250588,-0.5072740729644032,5.367484165031969,0.0,3,42.394408701912354,23.864923175111723,0,6,1,0
841,0,0,1.3195053087583009,0.3029244006579263,2.0758354343330465,0.0,3,54.552031588417265,53.52090272569163,0,9,0,1
842,0,1,0.7120124082116621,0.636248542795499,1.311412800560118,0.0,3,63.81740639906423,74.97208548216021,0,8,0,1
843,1,0,0.6184839734087308,-1.3016503923007643,5.9823209781124564,0.0,3,31.03113562555808,4.952699773884213,0,0,1,0
844,0,0,1.7230316894005078,-0.6869928696318913,4.485918392980398,0.0,3,63.798543176550375,37.68658620451477,0,3,1,0
845,0,1,2.0588442185768407,0.6365850256230413,1.1793814876858277,0.0,3,59.54538881088372,73.86976973389734,0,8,0,1
846,1,0,1.641158093783382,-0.941556748219178,4.484360419565172,0.0,3,37.50156491218492,17.81378965191819,0,4,1,0
847,0,1,4.700755137272516,1.668610623106607,1.8630489097554097,4.0553012123042835,2,61.305907181045555,88.56389755973272,1,9,0,1
848,0,1,1.2992499428894726,-0.918789003701484,1.3145504234894918,0.0,3,35.651893267162286,54.06809747942632,0,2,0,0
849,1,1,1.1748957413304506,0.9036066421768023,4.4911239458206555,0.2081188800866734,3,71.8640016175623,52.55430944525173,1,5,1,0
850,0,0,1.508098612902454,-0.7841599673473909,3.0736997425691905,0.0,3,37.338702842144095,37.946709343430065,0,6,0,0
851,0,0,1.3944778444297823,-0.07900285318890099,2.8339647737833493,0.0,3,50.120220279094994,39.401332077525105,0,5,0,0
852,0,0,3.0541186702872194,0.6089636493130639,4.094375935711258,0.0,3,58.052972711561466,51.07680303066638,0,9,1,1
853,1,1,1.2924291656271603,-1.6146548627073092,3.892814078236258,0.0,3,24.277337040393615,36.35485832943654,0,5,0,0
854,0,1,2.7350634353459835,-0.6582387428419493,2.4619655016331015,0.0,3,39.607606786511504,54.421717185787664,0,5,0,1
855,1,1,1.9326950214411882,-0.26954338384162946,3.082278012226254,0.0,3,46.09910926581438,43.33523331416692,0,3,0,0
856,1,1,3.7471723493045785,-1.135683807868314,4.624427010107699,0.0,3,32.55305424266648,40.095245118199365,0,8,1,0
857,0,1,0.957511292033372,-0.38754515536992656,3.4195974052958715,0.0,3,43.60408913506994,55.59899441206433,0,4,1,0
858,1,0,1.271421534165545,0.5766139005409294,4.459398859344385,0.0,3,55.325227818507635,32.21034053713605,0,2,1,0
859,1,0,2.7897636924209444,-0.9463145047575997,4.317086351040457,0.0,2,36.70659825365551,22.518869175200845,0,6,1,0
860,0,0,1.468934754283964,-0.6446432784037682,4.631309495262029,0.0,3,43.87709124325495,30.347490765996366,0,3,1,0
861,0,0,1.5105576505907126,-0.7205094972061032,4.423012355914295,0.0,3,39.580317656129914,24.99678221699063,0,3,1,0
862,0,1,1.0497782666229987,-1.341639017074849,5.54805490068939,0.0,3,29.769150467864115,39.593183679891396,0,2,0,0
863,0,0,1.6227229793895506,0.4805614417311313,1.9353438083160794,0.0,3,58.36780635014513,52.6055486331742,0,8,0,1
864,0,1,3.2650975351374694,-0.15757018527336614,2.2429247761087914,0.0,2,49.66381049726457,58.85081483310477,0,4,0,0
865,0,0,2.352024248715905,1.0853762726875955,3.029589369515766,2.7300959669076668,2,65.09312116953679,46.74407888951484,1,3,1,1
866,1,0,1.3786081211648151,0.9200505657313502,4.169973533830332,0.004489104158108159,3,68.20491923854844,42.382088151651196,1,7,1,0
867,0,0,1.4917175993001919,-0.8686783641429573,5.949362410543563,0.0,3,25.94239872672104,37.597249225508,0,6,0,0
868,0,1,2.165832567126682,-0.9315839627555529,2.504686957646387,0.0,3,35.601895513339414,47.69475521121177,0,3,0,1
869,0,0,1.2119252788571604,0.1176940467559769,4.6542886100104575,0.0,3,56.35565313002905,38.27309465002617,0,3,1,0
870,1,0,0.5826123027748189,-1.4082169294274782,5.3426440506869906,0.0,3,28.502718328457682,18.828353180029385,0,6,1,0
871,1,1,1.2721097067063065,-0.5289651955789043,3.001259211867109,0.0,3,42.96250335253692,46.5605532298179,0,6,0,1
872,1,0,3.8482947755799084,1.510753666789834,4.442553582251795,3.411536676991319,2,75.47086490031896,39.7866201825265,1,3,1,1
873,1,0,0.6183931397601702,0.10513282396587705,4.859953236248383,0.0,3,51.259537449374534,30.252906254116038,0,5,1,0
874,1,0,1.4910260669281716,-0.6168025263130434,5.501105419294449,0.0,3,40.746770624406544,19.411550437383486,0,7,1,0
875,1,1,1.647007063881113,-2.0041336062629176,3.206574814650452,0.0,3,20.166341635945933,19.076341617405586,0,6,0,0
876,0,0,1.7932908533598106,1.243712701945856,3.188115900136718,1.6725723054355732,3,68.21432431663568,48.676892631768524,1,5,1,1
877,1,0,1.1894972702322304,-0.144885246717969,4.650514019747417,0.0,3,48.54813796302553,28.709002355891496,0,5,1,0
878,1,1,1.1049330817227434,-0.007874767160299442,2.688159255929708,0.0,3,50.93725237355026,48.132549325741394,0,5,0,0
879,0,0,1.964908078201953,0.3718564120526732,3.515931071318833,0.0,3,55.54558084703427,50.697123508303164,0,7,1,1
880,1,1,2.1772359062877706,-1.5519025156368058,3.8873080084392924,0.0,3,27.743318845907066,32.792206444401856,0,4,0,0
881,1,0,3.411532616100214,0.24609613123788898,4.360921399886118,0.0,3,54.18510225709188,37.86964369273022,0,3,1,0
882,1,0,2.0792417626520767,0.5651748355687152,3.4425168976587925,0.2519556166422669,3,56.669464361456434,27.82345177401914,1,3,0,0
883,1,0,1.7433836282659914,-0.9434860743446987,3.9803175810970903,0.0,3,36.28889190637317,12.703118095210504,0,1,0,0
884,0,0,0.8786224334857876,-0.02408889191875987,3.43329542820565,0.0,3,49.91243522707265,55.01339180582504,0,7,1,0
885,0,0,2.3576956397300877,-0.534371861877858,2.560343850937519,0.0,2,42.21557763689964,35.2840814916696,0,5,0,0
886,1,0,2.9266454281521233,-0.37360202238918244,3.115869882585892,0.0,3,45.821565158269166,31.275831588017887,0,7,0,1
887,0,0,0.8775979124341252,-1.0673976125914444,5.742254176927505,0.0,3,34.44090418599513,26.3265573552785,0,4,1,0
888,1,0,0.9613966591373342,-1.3268887993635352,6.976841835788835,0.0,3,29.44176993400843,13.315010393954282,0,3,1,0
889,1,0,3.0531482835670753,1.5159893598868812,3.1211679752332566,4.3170289542320255,2,73.91061488964331,57.193802536442675,1,9,1,1
890,1,1,1.7550685865738107,0.05629645982668672,3.523380293047578,0.0,3,47.31774110932992,43.226144693610635,0,2,0,0
891,0,0,1.0552571512190432,-0.8502546719515953,5.106149681113841,0.0,3,37.09402886784827,32.05845568008493,0,5,0,0
892,1,0,2.1853230303611544,-0.02962078820719553,4.59495885903568,0.0,3,50.33246570809301,31.81972650343041,0,5,1,0
893,1,0,1.348909342820627,1.0737223381069052,3.70640488726944,1.3090502839251388,3,65.02351327178305,36.28812830121403,1,3,1,0
894,0,1,1.736636032010219,-0.4334430498678331,3.9584711642058448,0.0,3,43.53573113232121,71.63105381621267,0,13,0,1
895,1,0,2.532710921756101,-0.30838571697139144,5.75779281220065,0.0,3,46.10573728111966,32.52127437702105,0,8,1,0
896,0,0,0.7939324961458741,-0.40047593592414144,3.84638608570568,0.0,3,43.30382916907939,22.102476172308286,0,1,0,0
897,1,0,2.8474297336274974,0.25125295088291494,5.0036320857468946,0.14603638909320482,3,55.06234937871864,26.802004354335377,1,1,1,0
898,0,1,1.4392001884357206,0.8071245909555743,2.8851206032291845,0.8997387134563108,3,62.81210080510056,65.03731091697956,1,4,0,0
899,1,0,1.350152545868242,0.14752614908637776,5.051203625457702,0.0,2,51.99356056790462,34.522118569456616,0,6,1,0
900,1,0,1.08597506812313,-0.26476570130091887,4.561647644469281,0.0,3,45.8991107123997,26.068251210647464,0,4,1,0
901,1,0,1.4948914383198535,-0.4380601845789274,4.263506691464934,0.0,3,44.126560621249475,16.765885596360462,0,3,0,0
902,1,0,2.3515012861856146,2.3923291840232106,3.0748621972423225,2.1085204386980143,3,83.31134242989168,51.63112918856312,1,3,1,1
903,0,0,2.2620498957037602,1.7720988013517436,3.358240717266527,4.9465778959334825,2,100.0,50.17912729797642,1,1,1,1
904,1,1,0.7698365072507493,0.04178830392378497,2.877959336333271,0.0,3,51.77185653154097,53.94721722006392,0,6,0,0
905,1,0,1.0052424369837205,1.106070338192674,3.0361601367731086,0.8382686002369051,3,66.32020608030972,50.010151075812004,1,8,0,0
906,0,1,2.1365563189525005,-0.5301707796196159,3.3035780861265884,0.13392641909016567,3,46.26339741247272,60.53569979086913,1,6,1,1
907,1,0,4.417797775017264,-0.11015873250089425,5.093356028466051,0.0,2,48.36188993743144,27.84779138269084,0,5,0,0
908,0,0,1.6946111001983786,0.08967462684626878,3.857773117173499,0.0,3,51.91839458833722,36.660534342015666,0,2,1,1
909,0,1,2.311856846915855,-0.700359597916003,4.359723081022003,0.0,3,39.01327594261034,49.50541296978564,0,4,1,0
910,0,0,1.338315231147805,-0.6572116948606233,5.730412142235871,0.0,3,43.69547476476053,39.875406203565774,0,7,1,0
911,0,0,1.568906429403141,-1.3724921647643582,5.851796908256311,0.0,3,28.23415258289552,20.446021784419163,0,3,1,0
912,0,0,1.7217774375749042,-0.29467532688001086,4.215381646726537,0.0,3,44.90076088061718,33.63803338638492,0,2,1,0
913,0,0,3.598584296392424,-1.4688896765969979,3.74305277627638,0.0,2,27.587327780766703,23.904519620121572,0,7,0,0
914,0,0,0.7388448625046593,-0.01584952042701341,3.9515720500661873,0.0,3,52.19929234194595,33.9235258026798,0,4,0,0
915,1,0,0.8859845667700506,-1.1981474472053015,5.037704798684678,0.0,3,32.78831550378792,17.766551341373727,0,5,1,0
916,1,1,2.0347873427369456,-0.39938938054450673,4.898191043622129,0.0,2,48.68550362179193,46.46756566258484,0,3,0,0
917,1,1,3.537211725340568,1.4493593946121741,2.166963367968918,2.9530626105324034,2,70.42385390528531,62.171400288078665,1,5,0,1
918,0,0,1.211635699122588,-1.6345361526745172,5.418422740459132,0.0,3,25.772387715691437,16.67687159539298,0,3,1,0
919,1,0,1.3633156054970834,-0.9840056872369705,3.8771283082654433,0.0,3,37.602656345455365,21.042831508645328,0,5,0,0
920,0,0,0.9598075358768503,-1.1005120749002453,4.816485944824115,0.0,3,30.269678590474847,29.480208163982596,0,6,1,0
921,0,0,1.7877781035087212,0.3565244101099631,5.183411009977853,0.0,3,52.82335806089936,37.82446310365942,0,4,1,0
922,1,1,1.0659089954421979,0.9004835129217725,1.6476714910484733,0.14794522182676784,3,60.29118423030077,67.40826816048997,1,5,0,1
923,0,1,2.749983041612256,-0.390717161187041,3.0620208508912192,0.0,3,40.281541512909904,61.952117466533124,0,8,0,1
924,1,0,1.1893393967053423,0.4392119293308777,4.387105931699317,0.0,3,57.00364504384482,32.037917775629765,0,4,1,0
925,0,0,0.7399736734674179,0.4118583470112326,2.8032058439850847,0.0,3,57.89062415423663,43.542292959205234,0,5,0,0
926,1,0,2.9703001399247264,-0.7274571025803904,4.723217843963011,0.0,2,39.40190601730386,20.265537148816026,0,4,1,0
927,0,0,0.7760657861470024,0.21824894233560455,4.908601019503291,0.0,3,69.38419279521489,41.48458372535941,0,6,1,0
928,1,0,2.1951207706843245,-1.2895244579706902,6.080331497491751,0.0,3,29.886527902737306,16.968643240891957,0,4,1,0
929,1,1,1.113250616849059,-1.3310139239404215,2.8830851761775076,0.0,3,27.120691896472774,35.68660377757337,0,6,0,0
930,1,0,1.9134328776852316,-1.069464829044413,5.3592455576340345,0.0,3,34.155211999446735,19.254987883069063,0,4,1,0
931,0,0,2.5347406711505958,0.28996746198416185,3.6267395019585145,0.0,3,49.50637169772638,50.670389846660036,0,9,1,0
932,0,1,1.1472457742612332,0.42746418161944005,3.2917258820723188,0.0,3,55.67824524080303,57.824233732035694,0,3,0,0
933,1,0,1.5494183630819287,-0.7888435849619202,4.92012850035634,0.0,3,39.24564509294624,26.59091913263876,0,7,1,0
934,1,0,3.403696376955943,-2.117699020665754,4.387543368710942,0.0,2,16.953786757474838,5.630975575140435,0,4,0,0
935,1,0,3.247660531018755,-1.4786955673851887,4.395745048334935,0.0,2,28.79314185964128,16.005615600965843,0,6,0,0
936,1,0,3.1742590172406975,0.47747951952072676,3.950799772675693,0.0,2,57.45308910815518,28.66788169020682,0,3,0,0
937,0,1,2.7084898144146248,-0.6149857253616327,4.538616884787883,0.0,3,41.16058205685712,49.96108945467363,0,4,0,0
938,1,0,3.3892697791480844,-1.2377946968218092,5.145728264120221,0.0,2,32.34049245156249,20.34866636229674,0,6,0,0
939,1,1,1.0054640865374096,-0.9280126583682883,3.5881580669665043,0.0,3,35.02274767173093,39.744581117240266,0,5,0,0
940,1,0,0.7417162032029948,-1.6973148303931032,5.12834419304743,0.0,3,25.52305601899033,8.369595576466114,0,3,1,0
941,1,0,2.0575925812230222,1.460865017540295,3.9936850497743204,1.29300740301706,3,72.64084217214882,54.56219839470674,1,9,1,1
942,0,0,1.5802707130537024,-0.17749999986854806,5.06022096511869,0.0,3,48.10285150466296,27.556426563613165,0,3,1,0
943,0,1,1.1733678215552903,0.25161640681843883,5.350792702103613,0.0,3,55.54769558143552,56.34936893975861,0,2,1,0
944,1,0,2.5697962632546525,-1.553491124582117,4.944563905221126,0.0,3,27.574509235205973,13.059906729902034,0,4,1,0
945,0,1,1.196201984963499,-0.48320677377714083,3.0586438847493054,0.0,3,43.07689289010485,60.63943504519097,0,11,1,0
946,1,1,2.5978990690967794,0.9604501198353297,2.17469454634855,0.3252496953228089,3,64.21945435799009,55.99487088881943,1,2,0,0
947,1,0,0.892512450014795,-0.8664202712126391,8.133324987960476,0.0,3,36.60178321890162,21.580824014698205,0,5,1,0
948,1,0,4.576184106994634,0.3455377231376818,5.570460119342386,0.0,3,51.38468275137219,31.768872965350695,0,4,1,0
949,0,0,1.4652153070105405,0.5323478487265033,4.600757504962919,0.0,3,57.02908082841658,48.71571472339168,0,6,1,0
950,1,0,3.6851070743519276,-1.213645837580247,5.116337703838069,0.0,2,32.64087232669043,6.824265875731787,0,0,1,0
951,0,0,0.7631631879339007,0.726174936984512,3.5385740532111223,0.31002147117631035,3,61.08837824214947,51.62261441554652,1,7,1,1
952,1,0,1.3448314589082628,-0.26216313645173167,5.660447472505769,0.0,3,46.476271439814994,31.158170623706873,0,6,1,0
953,0,1,1.6980833095955992,-0.10393748284310785,1.3870314983888345,0.0,3,46.66311822649502,61.50989983257814,0,6,0,1
954,0,1,1.0539476952120979,-0.6315529496382563,1.887401928037195,0.0,3,39.62567140820313,60.56318366196737,0,8,0,1
955,1,0,3.965564245921756,1.1470771155247017,3.653777680984846,2.1307725919163523,2,66.49160100194445,45.02933562242207,1,7,1,1
956,1,0,1.5059417597968707,0.8989955703424101,4.131883313940775,0.0,3,67.84442182561897,31.165930504645164,0,2,0,0
957,0,0,3.99431952567908,-0.5880710079152995,2.9315786448810166,0.0,2,42.17598521188892,32.600477981901136,0,4,0,1
958,0,0,0.7448549030820736,0.1550550819888354,4.333973568108833,0.0,3,52.49415000788624,37.11187514664425,0,5,1,0
959,1,1,2.723754344495188,0.47854495917873585,4.396662042618639,0.047074625592115116,2,57.091497974191256,56.181535381636614,1,5,0,1
960,1,0,1.1725569341841287,-0.7232243072965757,5.823751937094073,0.0,3,36.64010142466045,14.008760446834284,0,1,1,0
961,0,0,3.5850822416180086,2.528061777791314,3.0732289368129475,7.222399227116622,2,89.31083549576148,62.55266049392279,1,3,1,1
962,1,1,1.3949416422283227,-1.1018501087599546,3.983364249858795,0.0,3,35.28995641878217,48.06820614971933,0,7,1,0
963,1,0,4.190464505704507,-0.9635623375217038,4.538497361011887,0.0,2,35.5831310614406,27.777789988366507,0,10,1,0
964,1,0,1.508162384037066,0.2871525578670322,2.6879572752104597,0.0,3,54.111258373432655,35.529663624496095,0,6,0,1
965,0,0,3.7861672105072133,0.9456597164073649,4.1572304957381885,1.7784742717037172,2,63.33846628537698,45.143934831739216,1,2,0,1
966,0,1,1.2658499506609275,-0.37807701214605843,2.9411540382201244,0.0,3,44.15705819999312,50.34654552332418,0,2,0,0
967,0,0,0.6891595291001579,-0.971758921100139,4.362104617181397,0.0,3,37.36940063411865,30.475510239937943,0,2,1,0
968,1,0,1.7537496415463825,0.32592490174778177,3.7696040932032715,0.0,3,54.027395778821806,36.134009475355256,0,6,0,0
969,0,1,0.9576230818095924,0.9927303246907397,0.8902453525368177,0.3592756979836699,3,63.864064045799026,73.56603555830547,1,7,0,1
970,1,0,2.441360677021586,-0.6912128314946298,4.425706168090681,0.0,2,40.75004532387589,23.612731937767606,0,5,1,0
971,1,0,1.5689171127513757,0.10767284867225493,4.464087896351659,0.0,3,39.4260232634997,25.821816653142264,0,2,1,1
972,0,0,1.4949654853577423,-0.8995005677541642,4.06626377469268,0.0,3,38.60666631418105,22.640275482745615,0,3,1,1
973,1,0,1.3761625293468902,0.576252809522254,4.849212510745415,0.0,3,58.45584954858237,35.600271573169195,0,5,1,0
974,1,0,1.9143835862267367,-0.47812924000148815,4.527857951892072,0.0,3,41.879058507132264,25.16617956200003,0,5,1,0
975,1,0,1.6187483670500387,0.2503887150426045,4.534588539206404,0.0,3,55.18276420384459,35.24406848497705,0,5,1,0
976,0,0,0.4862042587238137,1.0761952351359725,4.502708060873528,0.0,3,65.86400965503111,50.37143288985351,0,3,1,0
977,1,1,1.3821868353147058,0.31157174850484265,2.803177532309749,0.0,3,55.26975401949786,49.53040964192906,0,5,0,0
978,0,0,1.9923198445790145,-1.8269207680808843,4.4587431490373985,0.0,3,25.22408556698143,29.534679766094868,0,9,1,0
979,0,0,0.7850111300956204,1.5164509003725992,3.6128501401909134,1.765194380279462,3,74.48413038630939,52.929061818625925,1,2,1,1
980,1,0,1.7465474234657348,-0.5245918482979874,4.501971101902503,0.0,3,49.85300673814236,22.307405125895134,0,5,1,0
981,0,0,1.1779480636329973,-0.7777581924738994,4.48227769350266,0.0,3,38.2244918662644,25.082612492488263,0,5,1,0
982,0,0,0.4575855717882579,-0.5200515945779093,4.299491747426258,0.0,3,40.32382075373828,38.30962229212476,0,7,1,0
983,0,1,3.564761407071882,0.9193051336039106,2.7462569807374866,1.9593781526890415,2,63.44381913285634,62.78786247385077,1,3,0,1
984,1,0,1.377670729916833,-0.5980181102910157,5.880080498605377,0.0,3,43.197895314662304,25.8803088312721,0,5,1,0
985,0,0,2.0750139822491644,-0.3596252413834743,3.5162816160723076,0.530095796438433,3,43.11578890342581,39.37612572554018,1,9,0,1
986,1,1,1.6157775107116734,-0.24355259961912387,2.7444135304352746,0.0,3,40.93258105819605,44.04399420072767,0,4,0,0
987,1,0,1.2747982492651626,-0.9945435383616065,5.761193058306081,0.0,3,33.67491819952935,0.0,0,2,0,0
988,1,1,1.5767815873078388,-0.7280696185429161,3.5500635338112843,0.0,3,37.74103377961973,42.72895501525735,0,5,0,0
989,0,0,0.9251350165510925,-1.3439085386035887,4.307035018114469,0.0,3,27.573997524743756,34.38940186440656,0,9,1,0
990,0,1,1.5500803446828213,0.5663167894436184,2.857744810344448,0.06221328587742467,3,57.92729487397438,60.086253130728316,1,4,1,1
991,1,0,3.970717090695972,-0.9908757283626749,5.836605233135003,0.0,2,34.43179536372594,22.043395537382064,0,6,1,0
992,1,0,1.8659875979102842,0.6681258315088925,3.95564384823384,0.0717035985586972,3,58.92447116629896,37.32596793758543,1,6,1,0
993,1,0,1.420875234185271,1.0687654513022773,3.06146042297736,2.394915934827878,2,69.20201476121667,44.802940081594386,1,6,0,1
994,1,1,1.6214703799351637,2.264417459276264,1.5262968500980134,1.8438546697436382,3,83.19642005307952,73.31424854620344,1,7,0,1
995,1,0,2.571683021967854,-0.45579748577937795,4.862172852705762,0.0,2,41.280721322889036,23.386641868817236,0,4,0,0
996,0,0,1.9442128597809887,0.04381957571701671,2.004675408080631,0.0,3,50.145779360535336,48.85563695305043,0,8,0,1
997,1,0,0.770061364059886,-0.920196930040341,3.4750924706615307,0.0,3,24.868982803924318,32.70789673020826,0,7,0,1
998,0,1,1.627679384920207,0.4569569443069143,2.1651992657757977,0.0,3,57.608298295967614,63.091552270966446,0,5,1,0
999,1,0,1.2215660515552256,0.1373433389882497,5.172689022867077,0.0,3,55.40730526043918,25.23501861679257,0,3,1,0
